0.000000,0.000000,0.860659,-0.015880,-0.041268,-0.996548,0.070267,-0.142122,-0.068338,0.074714,-0.017450,0.047691,-0.012033,0.094862,-0.159870,-0.365860,0.266230,-0.264141,0.002620,0.116652,-0.009182,0.205639,0.472904,-0.082749,0.704490,1.378065,0.000000,0.000000,-0.176212,-0.439858,0.565358,0.168559,0.068700,0.000000,0.000000
-0.001018,0.009712,0.857453,-0.010136,-0.025350,-0.999624,0.002699,-0.147835,-0.013530,0.200722,-0.017450,0.037230,-0.018259,0.065990,-0.121049,-0.221194,0.272957,-0.272736,-0.009135,0.141758,-0.011829,0.246769,0.438257,0.084220,0.716784,1.527873,0.000000,0.000000,-0.323388,-0.339141,0.738615,0.291274,0.105239,0.000000,0.000000
-0.006429,0.008535,0.855969,-0.009150,-0.023815,-0.999674,-0.001390,-0.148765,-0.010032,0.203272,-0.017450,0.045743,-0.018083,0.063701,-0.119592,-0.210549,0.281767,-0.277398,-0.010419,0.142508,-0.012133,0.247504,0.435612,0.094216,0.713835,1.529768,0.000000,0.000000,-0.330413,-0.333408,0.751997,0.304394,0.105157,0.000000,0.000000
-0.012723,0.007062,0.854483,-0.008861,-0.023445,-0.999684,-0.001873,-0.149380,-0.007641,0.202010,-0.017450,0.053516,-0.017611,0.062890,-0.119612,-0.203088,0.292773,-0.282171,-0.011594,0.142221,-0.012278,0.245115,0.433011,0.099438,0.711553,1.528710,0.000000,0.000000,-0.332683,-0.331025,0.760134,0.316462,0.103466,0.000000,0.000000
-0.018901,0.005366,0.854088,-0.009110,-0.023662,-0.999678,-0.001038,-0.150256,-0.005618,0.197156,-0.017450,0.057072,-0.016695,0.062831,-0.121079,-0.196018,0.310294,-0.287874,-0.013108,0.141079,-0.012363,0.238811,0.428409,0.100477,0.710326,1.526165,0.000000,0.000000,-0.332128,-0.330932,0.768466,0.332802,0.097078,0.000000,0.000000
-0.025043,0.003190,0.853584,-0.009439,-0.024595,-0.999653,0.000180,-0.151152,-0.005853,0.189930,-0.017450,0.054669,-0.015787,0.063135,-0.124377,-0.191727,0.328594,-0.292993,-0.014692,0.139396,-0.012276,0.229650,0.422211,0.096890,0.711262,1.524710,0.000000,0.000000,-0.327499,-0.331260,0.772017,0.351621,0.092184,0.000000,0.000000
-0.031141,0.000708,0.853709,-0.010162,-0.025474,-0.999622,0.001832,-0.151702,-0.006764,0.179016,-0.009582,0.054349,-0.014489,0.063618,-0.128492,-0.188486,0.348546,-0.297592,-0.016354,0.138646,-0.012156,0.218817,0.416206,0.088951,0.713272,1.523298,0.000000,0.000000,-0.322069,-0.335818,0.776738,0.367402,0.076978,0.000000,0.000000
-0.037138,-0.002084,0.854366,-0.010777,-0.026643,-0.999578,0.004286,-0.152230,-0.009174,0.167415,0.005513,0.053770,-0.013535,0.063762,-0.133538,-0.187247,0.370282,-0.300758,-0.017974,0.136820,-0.011901,0.206881,0.409226,0.077589,0.717096,1.521363,0.000000,0.000000,-0.313206,-0.340031,0.777801,0.385077,0.062623,0.000000,0.000000
-0.042851,-0.004973,0.855128,-0.011446,-0.027669,-0.999521,0.007819,-0.152716,-0.012976,0.159382,0.022700,0.048257,-0.013475,0.063461,-0.138694,-0.188221,0.393865,-0.301919,-0.019303,0.133711,-0.011523,0.192964,0.402073,0.063400,0.722872,1.521349,0.000000,0.000000,-0.302635,-0.344214,0.775348,0.404045,0.047530,0.000000,0.000000
-0.047840,-0.007951,0.855765,-0.012217,-0.029005,-0.999436,0.011736,-0.153849,-0.017998,0.153687,0.042665,0.037444,-0.013965,0.061628,-0.145064,-0.191237,0.421446,-0.301059,-0.020661,0.131282,-0.011135,0.175549,0.393589,0.044006,0.732684,1.521785,0.000000,0.000000,-0.287969,-0.347003,0.770721,0.426767,0.033390,0.000000,0.000000
-0.053056,-0.010960,0.856647,-0.012589,-0.028704,-0.999330,0.018906,-0.155218,-0.021731,0.147447,0.060896,0.028801,-0.013997,0.059899,-0.147743,-0.194179,0.448367,-0.298283,-0.021019,0.126730,-0.010549,0.156325,0.387346,0.022125,0.741982,1.522176,0.000000,0.000000,-0.273694,-0.350436,0.759559,0.447792,0.024548,0.000000,0.000000
-0.058790,-0.014090,0.857246,-0.012791,-0.029275,-0.999246,0.022079,-0.155013,-0.025513,0.142194,0.075907,0.016610,-0.014136,0.057214,-0.152529,-0.198084,0.474837,-0.289225,-0.021849,0.123413,-0.010037,0.138733,0.379399,0.002271,0.751031,1.526563,0.000000,0.000000,-0.257094,-0.349690,0.748984,0.471061,0.027517,0.000000,0.000000
-0.064883,-0.017181,0.857894,-0.013317,-0.029282,-0.999169,0.025032,-0.152940,-0.028248,0.137952,0.088296,0.002742,-0.014117,0.053953,-0.156554,-0.201085,0.502919,-0.275729,-0.022646,0.120557,-0.009673,0.121652,0.372819,-0.014991,0.758204,1.533476,0.000000,0.000000,-0.242624,-0.351456,0.742077,0.490545,0.013629,0.000000,0.000000
-0.071101,-0.019884,0.858339,-0.013710,-0.030172,-0.999173,0.023549,-0.148702,-0.030831,0.137236,0.096464,-0.013591,-0.014557,0.049055,-0.162760,-0.202942,0.531485,-0.255804,-0.024292,0.118961,-0.009335,0.107819,0.363807,-0.026498,0.763770,1.541999,0.000000,0.000000,-0.226911,-0.349032,0.738893,0.512246,-0.001524,0.000000,0.000000
-0.077147,-0.022489,0.859040,-0.013923,-0.029742,-0.999119,0.026138,-0.143838,-0.032635,0.134556,0.101349,-0.025473,-0.014468,0.043651,-0.165958,-0.203820,0.561800,-0.233944,-0.025219,0.114241,-0.008787,0.093531,0.355297,-0.040453,0.767470,1.550390,0.000000,0.000000,-0.210653,-0.344814,0.729787,0.535810,-0.006084,0.000000,0.000000
-0.082881,-0.025040,0.859616,-0.014377,-0.029379,-0.999043,0.029027,-0.138487,-0.034344,0.129769,0.103816,-0.035155,-0.014033,0.037946,-0.168792,-0.205750,0.592448,-0.210151,-0.025803,0.108761,-0.008273,0.079274,0.347127,-0.055491,0.769318,1.558062,0.000000,0.000000,-0.195850,-0.340561,0.719052,0.559191,-0.008581,0.000000,0.000000
-0.088604,-0.027726,0.860151,-0.014754,-0.029065,-0.998897,0.033790,-0.132771,-0.036550,0.121217,0.104337,-0.043428,-0.013120,0.031927,-0.171699,-0.209663,0.624611,-0.184374,-0.025979,0.101493,-0.007698,0.065936,0.338700,-0.073504,0.767323,1.560657,0.000000,0.000000,-0.179144,-0.336156,0.706167,0.583131,-0.005161,0.000000,0.000000
-0.094207,-0.030394,0.860607,-0.015379,-0.028882,-0.998715,0.038713,-0.126766,-0.038918,0.110202,0.104207,-0.050386,-0.011894,0.025656,-0.174701,-0.213451,0.657974,-0.150725,-0.026153,0.093059,-0.007022,0.053559,0.330370,-0.092935,0.763202,1.561915,0.000000,0.000000,-0.162704,-0.332043,0.692778,0.606754,0.000061,0.000000,0.000000
-0.099760,-0.033134,0.861009,-0.016254,-0.028773,-0.998503,0.043582,-0.120786,-0.041379,0.098952,0.104819,-0.056697,-0.010693,0.019514,-0.178243,-0.218063,0.690285,-0.115143,-0.026226,0.084335,-0.006361,0.042687,0.322840,-0.112311,0.756475,1.561531,0.000000,0.000000,-0.146216,-0.328275,0.678660,0.628914,0.006637,0.000000,0.000000
-0.105324,-0.035940,0.861407,-0.017354,-0.028591,-0.998282,0.048099,-0.114733,-0.043724,0.088143,0.106399,-0.062414,-0.009575,0.013525,-0.181822,-0.221932,0.721442,-0.078072,-0.026346,0.075676,-0.005685,0.032894,0.316148,-0.131392,0.746953,1.559437,0.000000,0.000000,-0.130811,-0.325229,0.663085,0.649426,0.012946,0.000000,0.000000
-0.111054,-0.038916,0.861783,-0.018440,-0.028464,-0.998019,0.052992,-0.108683,-0.046226,0.077755,0.108548,-0.069134,-0.008570,0.007909,-0.185926,-0.226346,0.750887,-0.040900,-0.026402,0.066937,-0.005003,0.024272,0.309172,-0.151805,0.734443,1.556741,0.000000,0.000000,-0.114343,-0.322121,0.647549,0.668631,0.020954,0.000000,0.000000
-0.116799,-0.041939,0.862072,-0.019739,-0.028634,-0.997796,0.056521,-0.102277,-0.049034,0.069017,0.110894,-0.076040,-0.007904,0.002609,-0.191032,-0.229215,0.777597,-0.006128,-0.026998,0.059417,-0.004405,0.017187,0.302893,-0.171492,0.720570,1.553112,0.000000,0.000000,-0.098387,-0.319324,0.633325,0.686609,0.030814,0.000000,0.000000
-0.122516,-0.044870,0.862461,-0.020962,-0.028285,-0.997476,0.061667,-0.096056,-0.051357,0.060224,0.113595,-0.082067,-0.007122,-0.002387,-0.194935,-0.232234,0.802166,0.017525,-0.027109,0.050984,-0.003710,0.009614,0.298392,-0.192686,0.704942,1.548299,0.000000,0.000000,-0.082300,-0.317982,0.616770,0.703316,0.040678,0.000000,0.000000
-0.128189,-0.047563,0.862803,-0.022237,-0.027984,-0.997203,0.065636,-0.089830,-0.053216,0.052590,0.116276,-0.088979,-0.006414,-0.007265,-0.198988,-0.236312,0.823023,0.023785,-0.027091,0.043530,-0.003060,0.001948,0.294395,-0.213179,0.688221,1.545362,0.000000,0.000000,-0.066741,-0.316906,0.600559,0.718942,0.049144,0.000000,0.000000
-0.133755,-0.049971,0.863136,-0.023489,-0.027597,-0.996926,0.069460,-0.083692,-0.054656,0.045542,0.118689,-0.095859,-0.005699,-0.012275,-0.202407,-0.239508,0.841038,0.017526,-0.027113,0.036758,-0.002486,-0.005958,0.291696,-0.234322,0.670191,1.542234,0.000000,0.000000,-0.052374,-0.316700,0.586966,0.734033,0.059810,0.000000,0.000000
-0.139216,-0.052050,0.863605,-0.024746,-0.026473,-0.996525,0.075001,-0.077878,-0.054722,0.037832,0.122051,-0.102373,-0.004564,-0.017485,-0.203260,-0.241560,0.858065,0.006842,-0.026590,0.027868,-0.001689,-0.014840,0.290609,-0.257999,0.649881,1.539338,0.000000,0.000000,-0.036712,-0.316439,0.569942,0.747927,0.073524,0.000000,0.000000
-0.144758,-0.054063,0.863942,-0.026055,-0.025803,-0.996254,0.078313,-0.072088,-0.054831,0.032095,0.125070,-0.109079,-0.003758,-0.022820,-0.204849,-0.242943,0.872114,-0.001175,-0.026452,0.021133,-0.001090,-0.022981,0.290167,-0.280084,0.628868,1.538025,0.000000,0.000000,-0.022877,-0.316863,0.555887,0.760966,0.080177,0.000000,0.000000
-0.150284,-0.055665,0.864284,-0.027394,-0.025075,-0.996012,0.081128,-0.066093,-0.054385,0.027201,0.127796,-0.115687,-0.002946,-0.028584,-0.205635,-0.244063,0.884386,-0.004436,-0.026073,0.014814,-0.000507,-0.031315,0.290862,-0.300961,0.606179,1.538356,0.000000,0.000000,-0.008602,-0.316983,0.542842,0.773740,0.088916,0.000000,0.000000
-0.155832,-0.056749,0.864667,-0.028744,-0.024067,-0.995899,0.082343,-0.060150,-0.052772,0.024686,0.130414,-0.121664,-0.002235,-0.034729,-0.204686,-0.242418,0.893440,-0.005580,-0.025714,0.009837,0.000039,-0.039464,0.292681,-0.318415,0.584496,1.541194,0.000000,0.000000,0.004708,-0.316843,0.530907,0.785502,0.095303,0.000000,0.000000
-0.161158,-0.057920,0.865037,-0.030133,-0.023071,-0.995555,0.086197,-0.054433,-0.051246,0.017786,0.133229,-0.126510,-0.000865,-0.041022,-0.202974,-0.242846,0.901344,-0.005862,-0.024668,0.003495,0.000650,-0.049224,0.294512,-0.340258,0.560220,1.544456,0.000000,0.000000,0.019147,-0.316661,0.516146,0.797691,0.102399,0.000000,0.000000
-0.166472,-0.058724,0.865373,-0.031512,-0.022117,-0.995371,0.088055,-0.048804,-0.049370,0.012480,0.135865,-0.131661,0.000336,-0.047699,-0.200525,-0.241570,0.906326,-0.005999,-0.023761,-0.002026,0.001229,-0.058874,0.297544,-0.359765,0.536439,1.550014,0.000000,0.000000,0.032592,-0.316215,0.502893,0.810420,0.107685,0.000000,0.000000
-0.171686,-0.059312,0.865725,-0.032870,-0.020997,-0.995171,0.090075,-0.043416,-0.046941,0.007755,0.138644,-0.136774,0.001587,-0.054656,-0.196999,-0.239885,0.908896,-0.006846,-0.022615,-0.007311,0.001761,-0.068818,0.301622,-0.378636,0.512354,1.555422,0.000000,0.000000,0.045244,-0.315672,0.489808,0.822958,0.112933,0.000000,0.000000
-0.176861,-0.059793,0.866041,-0.034184,-0.019968,-0.995033,0.091337,-0.038102,-0.044436,0.003978,0.141282,-0.141964,0.002714,-0.061894,-0.193169,-0.237780,0.908797,-0.008497,-0.021494,-0.011857,0.002274,-0.078833,0.306422,-0.396665,0.488237,1.563719,0.000000,0.000000,0.057837,-0.314749,0.478112,0.836936,0.119011,0.000000,0.000000
-0.182043,-0.060052,0.866363,-0.035357,-0.018838,-0.994933,0.092216,-0.033080,-0.041555,0.001099,0.143622,-0.146966,0.003798,-0.069177,-0.188696,-0.235344,0.906377,-0.010144,-0.020273,-0.015769,0.002722,-0.088576,0.311193,-0.412714,0.465237,1.570800,0.000000,0.000000,0.069356,-0.313338,0.467175,0.850654,0.124766,0.000000,0.000000
-0.187097,-0.060206,0.866679,-0.036533,-0.017689,-0.994847,0.092909,-0.027959,-0.038293,-0.000794,0.146146,-0.151975,0.004826,-0.076951,-0.183525,-0.232747,0.901405,-0.011706,-0.018882,-0.019766,0.003187,-0.099244,0.317312,-0.428355,0.441479,1.570800,0.000000,0.000000,0.080138,-0.311970,0.456054,0.865271,0.130150,0.000000,0.000000
-0.192088,-0.059963,0.866995,-0.037716,-0.016364,-0.994955,0.091511,-0.023049,-0.034435,0.000072,0.148755,-0.157175,0.005576,-0.084773,-0.177182,-0.227331,0.893633,-0.012982,-0.017779,-0.022011,0.003519,-0.109738,0.324463,-0.440464,0.419394,1.570800,0.000000,0.000000,0.089139,-0.311101,0.447954,0.879619,0.135392,0.000000,0.000000
-0.196838,-0.060335,0.867226,-0.038746,-0.015463,-0.994637,0.094644,-0.018737,-0.031738,-0.003343,0.152038,-0.161077,0.006710,-0.092302,-0.172227,-0.228435,0.884275,-0.015117,-0.015720,-0.026399,0.003933,-0.121707,0.329417,-0.455587,0.397694,1.570800,0.000000,0.000000,0.098167,-0.310692,0.435330,0.895659,0.137783,0.000000,0.000000
-0.201610,-0.060560,0.867377,-0.039683,-0.014781,-0.994459,0.096219,-0.014682,-0.029604,-0.006133,0.155355,-0.165422,0.007621,-0.099713,-0.167739,-0.229381,0.872509,-0.017317,-0.013879,-0.031052,0.004346,-0.133861,0.333686,-0.468743,0.377108,1.570800,0.000000,0.000000,0.106172,-0.309653,0.422972,0.912286,0.143273,0.000000,0.000000
-0.206397,-0.060713,0.867536,-0.040485,-0.013973,-0.994316,0.097474,-0.010929,-0.027287,-0.008313,0.158499,-0.170010,0.008491,-0.106957,-0.163092,-0.229957,0.858667,-0.019448,-0.012099,-0.034974,0.004698,-0.144924,0.336366,-0.478888,0.357833,1.570800,0.000000,0.000000,0.113217,-0.309149,0.412429,0.928288,0.147858,0.000000,0.000000
-0.211360,-0.060312,0.867702,-0.041256,-0.012924,-0.994592,0.094430,-0.006569,-0.023795,-0.006155,0.161501,-0.176115,0.008978,-0.114849,-0.156493,-0.224709,0.840992,-0.020640,-0.011030,-0.036220,0.004962,-0.154025,0.339238,-0.483911,0.339528,1.570800,0.000000,0.000000,0.118768,-0.308375,0.406531,0.945267,0.152115,0.000000,0.000000
-0.216247,-0.060073,0.867843,-0.042030,-0.011948,-0.994687,0.093212,-0.002308,-0.020284,-0.004062,0.164787,-0.181751,0.009480,-0.122346,-0.149970,-0.221158,0.821374,-0.021515,-0.009642,-0.037439,0.005189,-0.162281,0.340876,-0.488668,0.321355,1.570800,0.000000,0.000000,0.123755,-0.307613,0.400591,0.962986,0.156069,0.000000,0.000000
-0.221096,-0.059967,0.867916,-0.042745,-0.011176,-0.994708,0.092757,0.001714,-0.017273,-0.002857,0.168476,-0.187347,0.010000,-0.129271,-0.144110,-0.219863,0.799660,-0.022384,-0.008023,-0.039623,0.005424,-0.170905,0.342315,-0.493098,0.304236,1.567539,0.000000,0.000000,0.127824,-0.307071,0.393676,0.981267,0.157950,0.000000,0.000000
-0.226023,-0.059864,0.867949,-0.043264,-0.010468,-0.994715,0.092526,0.005473,-0.014532,-0.002617,0.172287,-0.193037,0.010607,-0.135802,-0.138518,-0.219718,0.775554,-0.023331,-0.006294,-0.042280,0.005670,-0.179451,0.343400,-0.497301,0.288050,1.558852,0.000000,0.000000,0.131521,-0.307010,0.387219,0.999349,0.158949,0.000000,0.000000
-0.230990,-0.059789,0.867948,-0.043756,-0.009799,-0.994676,0.092782,0.009038,-0.011953,-0.003067,0.176363,-0.198838,0.011283,-0.141918,-0.133197,-0.221220,0.749622,-0.023859,-0.004334,-0.045621,0.005928,-0.188004,0.344327,-0.500836,0.272724,1.547657,0.000000,0.000000,0.133861,-0.308505,0.379489,1.017055,0.157100,0.000000,0.000000
-0.236057,-0.059697,0.867898,-0.044185,-0.009190,-0.994629,0.093151,0.012484,-0.009464,-0.003387,0.180780,-0.204931,0.011925,-0.147619,-0.128073,-0.223669,0.721763,-0.023803,-0.002292,-0.049445,0.006247,-0.195980,0.344800,-0.505135,0.259029,1.535084,0.000000,0.000000,0.136100,-0.309076,0.372480,1.034787,0.154969,0.000000,0.000000
-0.241182,-0.059539,0.867812,-0.044516,-0.008565,-0.994652,0.092798,0.015910,-0.006968,-0.002997,0.185309,-0.211259,0.012458,-0.152997,-0.122722,-0.226375,0.691368,-0.025240,-0.000210,-0.052666,0.006550,-0.203635,0.344687,-0.507762,0.247182,1.522853,0.000000,0.000000,0.138140,-0.309382,0.366676,1.052290,0.152868,0.000000,0.000000
-0.246368,-0.059508,0.867682,-0.044659,-0.008047,-0.994621,0.093114,0.019155,-0.004792,-0.003050,0.189758,-0.217566,0.012985,-0.157913,-0.117771,-0.230492,0.659439,-0.025746,0.001978,-0.056125,0.006807,-0.211144,0.344096,-0.510360,0.236207,1.511663,0.000000,0.000000,0.139703,-0.310095,0.360688,1.069344,0.150100,0.000000,0.000000
-0.251548,-0.059490,0.867494,-0.044742,-0.007627,-0.994619,0.093131,0.022293,-0.002954,-0.002721,0.194380,-0.223972,0.013371,-0.162387,-0.112997,-0.235425,0.625847,-0.025550,0.004197,-0.059879,0.007085,-0.218801,0.343751,-0.513882,0.225682,1.501510,0.000000,0.000000,0.140526,-0.310825,0.355367,1.086483,0.146372,0.000000,0.000000
-0.256665,-0.059752,0.867261,-0.044625,-0.007401,-0.994401,0.095504,0.024881,-0.001738,-0.005001,0.199085,-0.229660,0.014012,-0.166269,-0.109399,-0.243963,0.591425,-0.023183,0.006771,-0.064849,0.007397,-0.227227,0.342146,-0.518726,0.216437,1.492725,0.000000,0.000000,0.141215,-0.312002,0.347800,1.102905,0.142626,0.000000,0.000000
-0.261794,-0.059844,0.866967,-0.044306,-0.007313,-0.994259,0.097121,0.027210,-0.000777,-0.007343,0.203637,-0.235248,0.014603,-0.169941,-0.105779,-0.252175,0.554712,-0.020234,0.009158,-0.070058,0.007739,-0.234654,0.340288,-0.523742,0.210346,1.483552,0.000000,0.000000,0.141738,-0.313189,0.340382,1.118614,0.138717,0.000000,0.000000
-0.266978,-0.059728,0.866660,-0.043843,-0.007131,-0.994213,0.097818,0.029523,0.000493,-0.008278,0.207880,-0.241008,0.015054,-0.173402,-0.101447,-0.259292,0.515721,-0.017105,0.011394,-0.074512,0.008048,-0.242231,0.338372,-0.527812,0.205814,1.475635,0.000000,0.000000,0.141851,-0.314584,0.333884,1.133285,0.134931,0.000000,0.000000
-0.272203,-0.059481,0.866320,-0.043255,-0.006956,-0.994213,0.098090,0.031808,0.001955,-0.008316,0.211956,-0.246558,0.015415,-0.176538,-0.096616,-0.265877,0.474694,-0.013037,0.013518,-0.078182,0.008309,-0.249904,0.336563,-0.531085,0.201978,1.470465,0.000000,0.000000,0.141141,-0.315891,0.327505,1.147353,0.131515,0.000000,0.000000
-0.277519,-0.059112,0.865931,-0.042514,-0.006843,-0.994266,0.097880,0.034092,0.003504,-0.007585,0.215822,-0.252060,0.015675,-0.179357,-0.091411,-0.272162,0.431731,-0.007839,0.015540,-0.080968,0.008534,-0.256858,0.335008,-0.534167,0.199894,1.466050,0.000000,0.000000,0.140429,-0.317513,0.321890,1.160467,0.126692,0.000000,0.000000
-0.282914,-0.058544,0.865501,-0.041629,-0.006758,-0.994343,0.097482,0.036321,0.005275,-0.006207,0.219493,-0.257428,0.015889,-0.181783,-0.085688,-0.277413,0.386748,-0.001275,0.017346,-0.083465,0.008728,-0.263230,0.333729,-0.537174,0.199102,1.462725,0.000000,0.000000,0.139583,-0.319064,0.315274,1.171874,0.123645,0.000000,0.000000
-0.288279,-0.057930,0.865021,-0.040631,-0.006725,-0.994445,0.096861,0.038430,0.007079,-0.004081,0.223159,-0.262656,0.015992,-0.183755,-0.079657,-0.283076,0.339643,0.005115,0.019144,-0.085110,0.008900,-0.269547,0.332516,-0.540037,0.198811,1.461509,0.000000,0.000000,0.138620,-0.320652,0.308405,1.182135,0.121290,0.000000,0.000000
-0.293689,-0.057118,0.864499,-0.039513,-0.006715,-0.994554,0.096211,0.040384,0.009044,-0.001704,0.226751,-0.267892,0.016096,-0.185160,-0.073170,-0.287361,0.290861,0.012570,0.020622,-0.086603,0.009052,-0.275375,0.331463,-0.543589,0.199844,1.461185,0.000000,0.000000,0.137858,-0.322194,0.301871,1.190780,0.119122,0.000000,0.000000
-0.299097,-0.056265,0.863901,-0.038298,-0.006832,-0.994613,0.096080,0.042069,0.010933,0.000195,0.230665,-0.272860,0.016255,-0.185998,-0.066766,-0.292072,0.240971,0.020842,0.021999,-0.087974,0.009164,-0.281330,0.330082,-0.548105,0.201866,1.461704,0.000000,0.000000,0.137287,-0.323846,0.293748,1.198186,0.116987,0.000000,0.000000
-0.304592,-0.055358,0.863242,-0.036860,-0.006974,-0.994704,0.095690,0.043524,0.012832,0.002535,0.234582,-0.277916,0.016347,-0.186434,-0.060324,-0.296509,0.190100,0.029418,0.023176,-0.088890,0.009278,-0.287081,0.328594,-0.552842,0.205303,1.462819,0.000000,0.000000,0.137081,-0.325550,0.285909,1.203825,0.115100,0.000000,0.000000
-0.310133,-0.054488,0.862520,-0.035479,-0.007183,-0.994813,0.095061,0.044886,0.014523,0.005259,0.238853,-0.282926,0.016332,-0.186310,-0.054370,-0.299965,0.140941,0.038531,0.024015,-0.089412,0.009375,-0.292440,0.327379,-0.557777,0.209773,1.465025,0.000000,0.000000,0.136869,-0.327061,0.278028,1.208396,0.113100,0.000000,0.000000
-0.315713,-0.053767,0.861703,-0.034026,-0.007497,-0.994871,0.094961,0.046113,0.015968,0.007193,0.243599,-0.288079,0.016377,-0.185588,-0.048983,-0.303288,0.090944,0.048369,0.024548,-0.089621,0.009440,-0.297566,0.325499,-0.563413,0.215602,1.468016,0.000000,0.000000,0.137322,-0.328600,0.269666,1.211788,0.112050,0.000000,0.000000
-0.321368,-0.053117,0.860794,-0.032603,-0.007921,-0.994975,0.094330,0.047409,0.017114,0.009799,0.248665,-0.293577,0.016246,-0.184238,-0.044398,-0.304277,0.041708,0.058422,0.024423,-0.089499,0.009518,-0.302314,0.323603,-0.569090,0.222625,1.471724,0.000000,0.000000,0.137745,-0.329986,0.261247,1.214251,0.112845,0.000000,0.000000
-0.327168,-0.052493,0.859786,-0.031253,-0.008507,-0.995143,0.092960,0.048910,0.017860,0.013259,0.253981,-0.298963,0.015887,-0.182392,-0.040862,-0.302521,-0.003713,0.068237,0.023706,-0.088363,0.009533,-0.306239,0.321794,-0.574439,0.230447,1.475650,0.000000,0.000000,0.138367,-0.331451,0.254321,1.215838,0.113830,0.000000,0.000000
-0.333187,-0.051789,0.859123,-0.029902,-0.008766,-0.995314,0.091540,0.049758,0.018440,0.015112,0.256624,-0.301665,0.015745,-0.181494,-0.039158,-0.301142,-0.017450,0.072465,0.023455,-0.087583,0.009536,-0.307774,0.321076,-0.577234,0.234617,1.477594,0.000000,0.000000,0.138745,-0.331946,0.251076,1.216237,0.114317,0.000000,0.000000
-0.339453,-0.051125,0.858656,-0.028705,-0.009074,-0.995493,0.089933,0.050155,0.018686,0.015929,0.257692,-0.302781,0.015682,-0.181136,-0.038531,-0.300590,-0.017450,0.073845,0.023406,-0.087222,0.009536,-0.308283,0.320814,-0.578272,0.236354,1.478530,0.000000,0.000000,0.138922,-0.332111,0.249808,1.216278,0.114503,0.000000,0.000000
-0.345993,-0.050578,0.858084,-0.027770,-0.009702,-0.995661,0.088288,0.050819,0.018980,0.017099,0.259246,-0.304374,0.015579,-0.180648,-0.037756,-0.299915,-0.017450,0.075492,0.023376,-0.086638,0.009537,-0.308851,0.320361,-0.579680,0.238928,1.479998,0.000000,0.000000,0.139243,-0.332359,0.248003,1.216204,0.114673,0.000000,0.000000
-0.352914,-0.049806,0.857453,-0.027081,-0.010302,-0.996132,0.082957,0.051877,0.019305,0.019143,0.261192,-0.306504,0.015352,-0.180078,-0.036644,-0.298880,-0.017450,0.077179,0.023379,-0.085521,0.009539,-0.309209,0.319865,-0.581048,0.242296,1.482099,0.000000,0.000000,0.139668,-0.332663,0.246249,1.215982,0.114770,0.000000,0.000000
-0.359930,-0.049132,0.855764,-0.026709,-0.011330,-0.996433,0.079239,0.056817,0.020358,0.028314,0.269394,-0.315428,0.014219,-0.177788,-0.032470,-0.294982,-0.017450,0.082028,0.023457,-0.080225,0.009453,-0.309361,0.317577,-0.586063,0.256216,1.491167,0.000000,0.000000,0.141497,-0.333837,0.239438,1.214807,0.114533,0.000000,0.000000
-0.367004,-0.048589,0.853849,-0.026547,-0.012219,-0.996663,0.076214,0.062667,0.021230,0.037868,0.278886,-0.325157,0.012948,-0.175352,-0.028644,-0.291409,-0.017450,0.084648,0.023560,-0.074214,0.009310,-0.308107,0.314764,-0.590993,0.271881,1.501492,0.000000,0.000000,0.143825,-0.334702,0.232329,1.213247,0.113942,0.000000,0.000000
-0.373891,-0.048118,0.852423,-0.026025,-0.012788,-0.996787,0.074667,0.067619,0.021990,0.044667,0.287499,-0.333086,0.012056,-0.173516,-0.026054,-0.288968,-0.017450,0.085413,0.023631,-0.070020,0.009178,-0.305775,0.312580,-0.594716,0.285418,1.510392,0.000000,0.000000,0.145528,-0.334882,0.227059,1.211616,0.113214,0.000000,0.000000
-0.380861,-0.047763,0.852978,-0.025694,-0.012977,-0.996895,0.073292,0.073306,0.023077,0.050669,0.298405,-0.341657,0.011358,-0.171535,-0.023604,-0.286654,-0.017450,0.084474,0.023721,-0.066367,0.009049,-0.301286,0.310072,-0.598838,0.302141,1.520772,0.000000,0.000000,0.147121,-0.333861,0.221995,1.209228,0.114318,0.000000,0.000000
-0.388209,-0.047355,0.853134,-0.025553,-0.011816,-0.996983,0.072332,0.078345,0.025508,0.053908,0.307691,-0.349324,0.011450,-0.169871,-0.020827,-0.283758,-0.017450,0.083352,0.023918,-0.064617,0.008987,-0.296881,0.308105,-0.600959,0.318627,1.533205,0.000000,0.000000,0.148103,-0.331432,0.219659,1.207253,0.113076,0.000000,0.000000
-0.395621,-0.046975,0.853257,-0.025109,-0.010278,-0.997018,0.072241,0.082852,0.028917,0.054873,0.315549,-0.356166,0.012157,-0.168615,-0.017810,-0.280361,-0.017450,0.083261,0.024181,-0.064877,0.008988,-0.292066,0.307040,-0.602156,0.334559,1.545609,0.000000,0.000000,0.148056,-0.327548,0.219383,1.205559,0.111035,0.000000,0.000000
-0.402938,-0.046838,0.853368,-0.024826,-0.009466,-0.997043,0.072106,0.087288,0.032170,0.054845,0.324248,-0.362881,0.012984,-0.167795,-0.015484,-0.277596,-0.017450,0.082968,0.024408,-0.066023,0.008937,-0.285657,0.305872,-0.602198,0.351768,1.558544,0.000000,0.000000,0.147111,-0.322936,0.220003,1.204191,0.109408,0.000000,0.000000
-0.410311,-0.046677,0.853540,-0.024413,-0.009092,-0.997110,0.071360,0.090287,0.034177,0.054955,0.331875,-0.366881,0.013486,-0.167562,-0.014444,-0.276242,-0.017450,0.087242,0.024607,-0.066710,0.008858,-0.280003,0.305390,-0.601607,0.364396,1.566584,0.000000,0.000000,0.145833,-0.319685,0.221599,1.203199,0.108415,0.000000,0.000000
-0.417373,-0.046418,0.853498,-0.024347,-0.008463,-0.997168,0.070656,0.093430,0.036646,0.054857,0.342526,-0.370698,0.014158,-0.167794,-0.013630,-0.274973,-0.017450,0.098249,0.024944,-0.067516,0.008769,-0.273012,0.306023,-0.601087,0.379875,1.570800,0.000000,0.000000,0.143850,-0.315638,0.224223,1.202559,0.107396,0.000000,0.000000
-0.424045,-0.045971,0.853458,-0.024069,-0.007864,-0.997254,0.069597,0.095901,0.039279,0.055086,0.355376,-0.373035,0.014844,-0.168483,-0.012879,-0.273625,-0.017450,0.110002,0.025339,-0.067805,0.008620,-0.265092,0.306982,-0.600168,0.397414,1.570800,0.000000,0.000000,0.140962,-0.310911,0.227475,1.202567,0.105807,0.000000,0.000000
-0.430587,-0.045096,0.853441,-0.023528,-0.007030,-0.997363,0.068298,0.097294,0.042403,0.055857,0.369660,-0.373606,0.015594,-0.169200,-0.011329,-0.271301,-0.017450,0.118409,0.025744,-0.067494,0.008380,-0.257372,0.308316,-0.597143,0.415855,1.570800,0.000000,0.000000,0.136823,-0.305715,0.230528,1.203318,0.103355,0.000000,0.000000
-0.436857,-0.043985,0.853489,-0.022864,-0.006107,-0.997343,0.068894,0.096843,0.046318,0.055052,0.386367,-0.371726,0.016842,-0.169685,-0.009526,-0.268705,-0.017450,0.128773,0.026204,-0.068758,0.008184,-0.249111,0.307888,-0.594888,0.437909,1.570800,0.000000,0.000000,0.130776,-0.298825,0.232926,1.205973,0.099697,0.000000,0.000000
-0.443385,-0.042835,0.853737,-0.021988,-0.005353,-0.997417,0.068169,0.095631,0.049865,0.054980,0.403107,-0.369232,0.017883,-0.169859,-0.007527,-0.265862,-0.017450,0.146455,0.026828,-0.069681,0.007956,-0.241005,0.307016,-0.590876,0.459517,1.570800,0.000000,0.000000,0.123874,-0.292394,0.235824,1.208831,0.095882,0.000000,0.000000
-0.450146,-0.041443,0.853906,-0.021179,-0.004233,-0.997626,0.065389,0.094229,0.054054,0.056998,0.422100,-0.365447,0.018787,-0.169992,-0.004072,-0.261093,-0.017450,0.170201,0.027744,-0.069115,0.007632,-0.230440,0.306174,-0.582625,0.484039,1.570800,0.000000,0.000000,0.115022,-0.284565,0.241044,1.212769,0.092065,0.000000,0.000000
-0.457421,-0.040439,0.854049,-0.020298,-0.002734,-0.997781,0.063358,0.093238,0.058373,0.058947,0.439247,-0.360287,0.019755,-0.169662,-0.000819,-0.256787,-0.017450,0.185837,0.028556,-0.067690,0.007310,-0.219194,0.306110,-0.574333,0.505708,1.570800,0.000000,0.000000,0.107315,-0.277333,0.245668,1.215380,0.089309,0.000000,0.000000
-0.464602,-0.039561,0.854701,-0.020113,-0.001610,-0.997985,0.060150,0.092317,0.062413,0.062488,0.459775,-0.352835,0.020413,-0.168887,0.001827,-0.251079,-0.009941,0.195037,0.028880,-0.064813,0.006866,-0.205337,0.304957,-0.563038,0.530228,1.570800,0.000000,0.000000,0.099302,-0.269811,0.251284,1.218156,0.086452,0.000000,0.000000
-0.471459,-0.038699,0.855518,-0.020476,-0.000613,-0.998262,0.055262,0.090677,0.065983,0.069025,0.484202,-0.343172,0.020453,-0.168353,0.004395,-0.245304,0.002799,0.195506,0.029019,-0.061342,0.006359,-0.189862,0.302028,-0.547423,0.557755,1.570800,0.000000,0.000000,0.090117,-0.262680,0.259920,1.222152,0.081274,0.000000,0.000000
-0.479127,-0.038177,0.856572,-0.020499,-0.000000,-0.998455,0.051655,0.089544,0.068551,0.074129,0.506184,-0.333126,0.020452,-0.167182,0.005801,-0.241336,0.015915,0.189825,0.028988,-0.057008,0.005893,-0.174890,0.298598,-0.533061,0.580707,1.570800,0.000000,0.000000,0.082899,-0.257046,0.265206,1.223585,0.077912,0.000000,0.000000
-0.485906,-0.037134,0.857495,-0.021743,0.000196,-0.998789,0.044126,0.087686,0.070366,0.084118,0.534960,-0.318446,0.019376,-0.166152,0.007655,-0.231443,0.032901,0.175933,0.027838,-0.050341,0.005265,-0.154487,0.291610,-0.510888,0.609960,1.570800,0.000000,0.000000,0.075277,-0.250650,0.274268,1.225157,0.073198,0.000000,0.000000
-0.492627,-0.035404,0.858211,-0.022642,0.001623,-0.998891,0.041238,0.084029,0.075938,0.089994,0.565499,-0.301787,0.020132,-0.164168,0.011076,-0.218328,0.048013,0.162051,0.026456,-0.046483,0.004846,-0.137475,0.286397,-0.492369,0.637221,1.570800,0.000000,0.000000,0.068411,-0.244737,0.282652,1.224459,0.072956,0.000000,0.000000
-0.499120,-0.034088,0.858913,-0.023446,0.002388,-0.999065,0.036233,0.079423,0.079760,0.095978,0.596905,-0.281737,0.020323,-0.162063,0.014101,-0.207936,0.061426,0.148332,0.025406,-0.041167,0.004366,-0.119928,0.279435,-0.471433,0.664367,1.570800,0.000000,0.000000,0.062078,-0.239200,0.290952,1.221028,0.076037,0.000000,0.000000
-0.505603,-0.032803,0.859587,-0.024168,0.002909,-0.999228,0.030851,0.073907,0.082776,0.102005,0.629406,-0.258092,0.020235,-0.159407,0.017004,-0.197789,0.073005,0.135465,0.024338,-0.034457,0.003808,-0.102514,0.271795,-0.448769,0.690951,1.570800,0.000000,0.000000,0.056142,-0.234636,0.299816,1.215471,0.078957,0.000000,0.000000
-0.512036,-0.031518,0.860204,-0.024881,0.003224,-0.999365,0.025289,0.067603,0.085779,0.109460,0.662343,-0.228880,0.019820,-0.155997,0.019558,-0.187282,0.081643,0.123495,0.023091,-0.026860,0.003234,-0.085447,0.262568,-0.425547,0.717301,1.570800,0.000000,0.000000,0.050873,-0.231043,0.308635,1.208000,0.082347,0.000000,0.000000
-0.518347,-0.030434,0.860819,-0.025691,0.003371,-0.999469,0.019747,0.060226,0.088547,0.117637,0.696318,-0.193198,0.019122,-0.151689,0.021503,-0.176340,0.088318,0.111758,0.021584,-0.018375,0.002661,-0.068751,0.253094,-0.402220,0.744145,1.570800,0.000000,0.000000,0.046482,-0.228538,0.318433,1.198074,0.086637,0.000000,0.000000
-0.524657,-0.029428,0.861432,-0.026585,0.003230,-0.999542,0.014114,0.052492,0.091437,0.128319,0.729035,-0.156285,0.017859,-0.146907,0.022702,-0.166137,0.093410,0.100410,0.020015,-0.009526,0.002111,-0.052806,0.244239,-0.379379,0.770129,1.570800,0.000000,0.000000,0.042896,-0.227618,0.326972,1.185573,0.090188,0.000000,0.000000
-0.531061,-0.028416,0.862053,-0.027573,0.003042,-0.999579,0.008527,0.044380,0.094472,0.138015,0.761931,-0.107387,0.016735,-0.141634,0.023438,-0.155024,0.097996,0.088614,0.018165,0.000009,0.001572,-0.037073,0.235201,-0.357143,0.795329,1.570800,0.000000,0.000000,0.040329,-0.227255,0.336558,1.170974,0.095447,0.000000,0.000000
-0.537309,-0.027463,0.862632,-0.028719,0.002790,-0.999578,0.003356,0.036425,0.097753,0.147201,0.791584,-0.058773,0.015686,-0.136243,0.023774,-0.144471,0.102318,0.077238,0.016343,0.008887,0.001067,-0.022270,0.226819,-0.337289,0.819612,1.570800,0.000000,0.000000,0.038589,-0.227804,0.345611,1.154401,0.100998,0.000000,0.000000
-0.543364,-0.026546,0.863185,-0.030041,0.002577,-0.999544,-0.001505,0.028265,0.101268,0.154539,0.819822,-0.008459,0.014965,-0.130525,0.024054,-0.133978,0.106862,0.066112,0.014548,0.017550,0.000597,-0.008055,0.219255,-0.319557,0.843721,1.570800,0.000000,0.000000,0.037823,-0.228914,0.354909,1.135174,0.107863,0.000000,0.000000
-0.549184,-0.025158,0.863760,-0.029556,0.003000,-0.999547,-0.004741,0.018193,0.104369,0.155315,0.845126,0.050969,0.015249,-0.125577,0.026784,-0.114381,0.107923,0.058519,0.011791,0.022927,0.000170,0.002156,0.212504,-0.308041,0.867149,1.566286,0.000000,0.000000,0.032576,-0.238887,0.375933,1.105620,0.134338,0.000000,0.000000
-0.555006,-0.023783,0.864268,-0.030260,0.002619,-0.999503,-0.008461,0.009337,0.107852,0.157636,0.867711,0.097172,0.015273,-0.120680,0.027374,-0.102805,0.110553,0.049830,0.009934,0.028053,-0.000136,0.012411,0.207917,-0.294098,0.889524,1.552591,0.000000,0.000000,0.030540,-0.244308,0.389888,1.080925,0.148907,0.000000,0.000000
-0.561328,-0.021758,0.864738,-0.031383,0.002341,-0.999437,-0.011602,0.001674,0.113598,0.162362,0.889397,0.121709,0.015526,-0.115060,0.028460,-0.094849,0.114413,0.040336,0.008852,0.032859,-0.000444,0.023207,0.205320,-0.282836,0.911517,1.537025,0.000000,0.000000,0.029376,-0.248440,0.402025,1.057269,0.159188,0.000000,0.000000
-0.568103,-0.018875,0.865130,-0.032507,0.002304,-0.999362,-0.014583,-0.004767,0.122269,0.171888,0.908173,0.111208,0.015881,-0.109042,0.031087,-0.088833,0.118103,0.031139,0.008502,0.037596,-0.000766,0.033499,0.203007,-0.273496,0.930879,1.524813,0.000000,0.000000,0.028696,-0.252289,0.413504,1.033975,0.167894,0.000000,0.000000
-0.575071,-0.015799,0.865451,-0.033740,0.002751,-0.999269,-0.017785,-0.011396,0.132861,0.181312,0.926643,0.084284,0.016911,-0.101939,0.035205,-0.081853,0.121790,0.022046,0.008355,0.043125,-0.001106,0.044192,0.200745,-0.262645,0.951478,1.515588,0.000000,0.000000,0.028228,-0.254473,0.424978,1.008912,0.174850,0.000000,0.000000
-0.581866,-0.013182,0.865735,-0.035222,0.003056,-0.999148,-0.021290,-0.018046,0.141785,0.188145,0.942373,0.057708,0.017961,-0.094790,0.038881,-0.075031,0.125712,0.013567,0.008130,0.048951,-0.001498,0.054494,0.198910,-0.253002,0.971534,1.511162,0.000000,0.000000,0.027565,-0.256391,0.435631,0.983174,0.181107,0.000000,0.000000
-0.588440,-0.011177,0.866001,-0.036667,0.003267,-0.999022,-0.024508,-0.024927,0.148749,0.193798,0.954569,0.040319,0.018612,-0.088008,0.041461,-0.068586,0.129047,0.005939,0.007701,0.054360,-0.001886,0.064155,0.197131,-0.244462,0.990157,1.510923,0.000000,0.000000,0.026010,-0.258254,0.445125,0.959353,0.184389,0.000000,0.000000
-0.594657,-0.010280,0.866323,-0.038120,0.003123,-0.998880,-0.027843,-0.032429,0.151966,0.197458,0.963371,0.031939,0.018480,-0.081589,0.042304,-0.063073,0.132621,-0.001521,0.006994,0.060371,-0.002261,0.073682,0.195494,-0.236392,1.009168,1.512634,0.000000,0.000000,0.023517,-0.261176,0.454001,0.935584,0.187495,0.000000,0.000000
-0.600583,-0.010201,0.866772,-0.039391,0.002274,-0.998696,-0.032390,-0.040136,0.151041,0.201112,0.967837,0.026555,0.017087,-0.075994,0.040932,-0.059324,0.136361,-0.008506,0.006031,0.067544,-0.002688,0.083124,0.192904,-0.230534,1.027270,1.518478,0.000000,0.000000,0.020853,-0.264765,0.463221,0.912145,0.189621,0.000000,0.000000
-0.606218,-0.010482,0.867219,-0.040332,0.001418,-0.998539,-0.035924,-0.048158,0.148068,0.202911,0.967613,0.021036,0.015485,-0.071061,0.038746,-0.056220,0.139321,-0.014860,0.004977,0.074335,-0.003073,0.091347,0.190625,-0.227820,1.044334,1.527480,0.000000,0.000000,0.017282,-0.268979,0.470928,0.890108,0.191664,0.000000,0.000000
-0.611529,-0.011130,0.867711,-0.041102,0.000428,-0.998385,-0.039210,-0.057225,0.143185,0.203189,0.963343,0.014110,0.013617,-0.066303,0.035573,-0.052827,0.142020,-0.020929,0.003623,0.081456,-0.003467,0.099106,0.187946,-0.227258,1.062302,1.539022,0.000000,0.000000,0.013211,-0.273871,0.478952,0.867556,0.193734,0.000000,0.000000
-0.616552,-0.012086,0.868207,-0.041737,-0.000688,-0.998240,-0.042136,-0.066662,0.137000,0.202129,0.955440,0.006321,0.011660,-0.062087,0.031707,-0.050541,0.144365,-0.026506,0.002283,0.088122,-0.003792,0.106146,0.185867,-0.229158,1.079208,1.553485,0.000000,0.000000,0.008719,-0.278687,0.485836,0.846636,0.196344,0.000000,0.000000
-0.621410,-0.013198,0.868700,-0.042248,-0.001873,-0.998095,-0.044917,-0.076323,0.130222,0.200912,0.944291,-0.001847,0.009577,-0.058323,0.027310,-0.049036,0.146681,-0.031280,0.000939,0.094643,-0.004119,0.112539,0.183526,-0.231358,1.095512,1.566152,0.000000,0.000000,0.003869,-0.283517,0.491994,0.827228,0.198409,0.000000,0.000000
-0.626150,-0.014340,0.869176,-0.042673,-0.003094,-0.997951,-0.047582,-0.086006,0.123138,0.199403,0.930051,-0.010471,0.007493,-0.054983,0.022675,-0.047709,0.149124,-0.035929,-0.000433,0.100663,-0.004446,0.118302,0.182897,-0.235783,1.110785,1.569095,0.000000,0.000000,-0.001003,-0.288122,0.498262,0.808173,0.200235,0.000000,0.000000
-0.630796,-0.015455,0.869595,-0.043062,-0.004170,-0.997806,-0.050112,-0.095852,0.116241,0.198691,0.912243,-0.022931,0.005337,-0.051903,0.018155,-0.047463,0.151938,-0.041619,-0.001597,0.106779,-0.004752,0.123822,0.182974,-0.240994,1.125068,1.569770,0.000000,0.000000,-0.005951,-0.292790,0.503831,0.789069,0.201919,0.000000,0.000000
-0.635559,-0.016555,0.869952,-0.043532,-0.005157,-0.997654,-0.052585,-0.104756,0.110075,0.197108,0.893541,-0.031212,0.003640,-0.049128,0.013893,-0.046784,0.155659,-0.046352,-0.002770,0.112643,-0.005041,0.128890,0.183381,-0.244912,1.137258,1.569891,0.000000,0.000000,-0.010369,-0.296648,0.508739,0.771492,0.203521,0.000000,0.000000
-0.640244,-0.017477,0.870240,-0.043980,-0.005979,-0.997503,-0.054929,-0.113719,0.104652,0.196660,0.870679,-0.040782,0.001957,-0.046537,0.010001,-0.046203,0.160175,-0.052006,-0.003829,0.118590,-0.005350,0.134277,0.184088,-0.246933,1.148082,1.569910,0.000000,0.000000,-0.015186,-0.300768,0.513385,0.752811,0.203732,0.000000,0.000000
-0.645032,-0.018456,0.870473,-0.044418,-0.006737,-0.997335,-0.057486,-0.121915,0.099698,0.196750,0.846004,-0.049624,0.000353,-0.044265,0.006323,-0.044993,0.165549,-0.058164,-0.004949,0.124129,-0.005618,0.139891,0.185197,-0.246836,1.156135,1.569909,0.000000,0.000000,-0.019900,-0.304484,0.517353,0.734481,0.204223,0.000000,0.000000
-0.649957,-0.019332,0.870684,-0.044661,-0.007557,-0.997159,-0.060190,-0.129484,0.095145,0.197717,0.819000,-0.057400,-0.001262,-0.042307,0.002692,-0.043516,0.171746,-0.064346,-0.006100,0.129929,-0.005960,0.145662,0.185650,-0.244694,1.162025,1.569900,0.000000,0.000000,-0.023732,-0.307113,0.520799,0.717038,0.206212,0.000000,0.000000
-0.654842,-0.019990,0.870821,-0.044917,-0.008233,-0.996963,-0.063076,-0.136426,0.091572,0.199506,0.789570,-0.064367,-0.002695,-0.040546,-0.000412,-0.041591,0.178262,-0.071121,-0.007195,0.135953,-0.006266,0.151412,0.186738,-0.241384,1.165390,1.569893,0.000000,0.000000,-0.027844,-0.309181,0.525630,0.700718,0.209695,0.000000,0.000000
-0.659765,-0.020584,0.870898,-0.044994,-0.008751,-0.996798,-0.065517,-0.142943,0.088670,0.201282,0.757324,-0.069783,-0.003856,-0.038862,-0.003037,-0.038997,0.184743,-0.078481,-0.008279,0.141407,-0.006551,0.157267,0.187479,-0.236810,1.166943,1.569899,0.000000,0.000000,-0.032625,-0.310805,0.531658,0.684922,0.214713,0.000000,0.000000
-0.664803,-0.021008,0.870942,-0.044955,-0.009225,-0.996606,-0.068340,-0.148836,0.086765,0.204462,0.723003,-0.074231,-0.004955,-0.037244,-0.005332,-0.035956,0.191138,-0.086193,-0.009359,0.146164,-0.006843,0.163117,0.188777,-0.230034,1.166052,1.569892,0.000000,0.000000,-0.037709,-0.312051,0.536489,0.669481,0.217310,0.000000,0.000000
-0.669993,-0.021466,0.870922,-0.044765,-0.009497,-0.996430,-0.070938,-0.154136,0.085519,0.208125,0.686789,-0.077530,-0.005889,-0.035571,-0.007270,-0.032752,0.197426,-0.094280,-0.010375,0.150742,-0.007156,0.169518,0.188973,-0.222906,1.165040,1.569890,0.000000,0.000000,-0.043343,-0.313065,0.542393,0.654978,0.219102,0.000000,0.000000
-0.675240,-0.021982,0.870892,-0.044507,-0.009869,-0.996246,-0.073587,-0.158829,0.084298,0.212593,0.648403,-0.080415,-0.006897,-0.033942,-0.009412,-0.029571,0.203764,-0.101902,-0.011442,0.154964,-0.007436,0.175581,0.189568,-0.215832,1.162037,1.569876,0.000000,0.000000,-0.049598,-0.314055,0.549041,0.641460,0.220274,0.000000,0.000000
-0.680560,-0.022548,0.870837,-0.044140,-0.010232,-0.996069,-0.076110,-0.162905,0.083043,0.216895,0.607878,-0.082258,-0.007776,-0.032358,-0.011607,-0.026364,0.209799,-0.110277,-0.012521,0.159055,-0.007708,0.181378,0.189898,-0.207789,1.157986,1.569875,0.000000,0.000000,-0.056196,-0.315204,0.555350,0.629186,0.219606,0.000000,0.000000
-0.686003,-0.023127,0.870745,-0.043574,-0.010550,-0.995902,-0.078546,-0.166380,0.081870,0.221695,0.565092,-0.083589,-0.008611,-0.030867,-0.013798,-0.023410,0.215710,-0.118820,-0.013558,0.162636,-0.007944,0.187015,0.189968,-0.200010,1.152919,1.569864,0.000000,0.000000,-0.063074,-0.315613,0.561595,0.618101,0.219368,0.000000,0.000000
-0.691554,-0.023714,0.870613,-0.042921,-0.010837,-0.995746,-0.080814,-0.169253,0.080872,0.226561,0.520669,-0.083002,-0.009303,-0.029378,-0.016022,-0.020826,0.221549,-0.127487,-0.014535,0.165799,-0.008171,0.192826,0.189364,-0.192320,1.147206,1.569847,0.000000,0.000000,-0.070290,-0.315744,0.568337,0.607861,0.218586,0.000000,0.000000
-0.697143,-0.024396,0.870464,-0.042061,-0.011144,-0.995567,-0.083382,-0.171608,0.079696,0.232261,0.474007,-0.081865,-0.010096,-0.028099,-0.018413,-0.017934,0.227067,-0.136321,-0.015603,0.168666,-0.008377,0.198037,0.188905,-0.183840,1.140401,1.569834,0.000000,0.000000,-0.077996,-0.315522,0.575584,0.598347,0.217731,0.000000,0.000000
-0.702848,-0.025129,0.870250,-0.041080,-0.011313,-0.995420,-0.085573,-0.173512,0.078543,0.238566,0.425383,-0.080209,-0.010846,-0.026869,-0.020775,-0.015608,0.232495,-0.144811,-0.016568,0.171093,-0.008555,0.202890,0.188533,-0.175621,1.132502,1.569819,0.000000,0.000000,-0.085755,-0.314798,0.582862,0.589969,0.216528,0.000000,0.000000
-0.708719,-0.025966,0.869986,-0.040026,-0.011407,-0.995300,-0.087437,-0.174888,0.077289,0.244534,0.375173,-0.077832,-0.011418,-0.025524,-0.023296,-0.014614,0.237743,-0.153086,-0.017348,0.173277,-0.008698,0.207594,0.187554,-0.166017,1.124753,1.569804,0.000000,0.000000,-0.092448,-0.313309,0.589190,0.582851,0.213343,0.000000,0.000000
-0.714691,-0.027104,0.869705,-0.039059,-0.011659,-0.995232,-0.088607,-0.175852,0.074957,0.248814,0.323676,-0.073759,-0.011834,-0.023958,-0.026569,-0.015978,0.243096,-0.161107,-0.017934,0.175217,-0.008876,0.212009,0.186710,-0.159197,1.116614,1.567288,0.000000,0.000000,-0.099288,-0.312468,0.594710,0.576614,0.209810,0.000000,0.000000
-0.720740,-0.028112,0.869342,-0.037862,-0.011585,-0.995145,-0.090105,-0.176350,0.072983,0.253261,0.270560,-0.067363,-0.012076,-0.022376,-0.029357,-0.016641,0.247799,-0.168673,-0.018508,0.176364,-0.009026,0.215627,0.186732,-0.150894,1.108191,1.561463,0.000000,0.000000,-0.106013,-0.310802,0.601412,0.571554,0.205571,0.000000,0.000000
-0.726912,-0.029220,0.868929,-0.036551,-0.011386,-0.995064,-0.091549,-0.176341,0.070913,0.257082,0.216068,-0.059144,-0.012144,-0.020755,-0.032045,-0.017624,0.252064,-0.176079,-0.018999,0.177055,-0.009143,0.218891,0.186685,-0.141758,1.099625,1.554602,0.000000,0.000000,-0.112724,-0.308278,0.608031,0.567484,0.200049,0.000000,0.000000
-0.733214,-0.030437,0.868477,-0.035121,-0.011130,-0.994984,-0.093000,-0.175875,0.068554,0.260347,0.160570,-0.050550,-0.012098,-0.019125,-0.034768,-0.019175,0.255906,-0.183151,-0.019410,0.177276,-0.009226,0.221820,0.186654,-0.132362,1.090873,1.548727,0.000000,0.000000,-0.119439,-0.305361,0.615334,0.564384,0.194415,0.000000,0.000000
-0.739718,-0.031703,0.867959,-0.033721,-0.010764,-0.994919,-0.094256,-0.174952,0.066027,0.263675,0.105609,-0.041668,-0.012009,-0.017273,-0.037476,-0.021374,0.259679,-0.189990,-0.019713,0.176939,-0.009307,0.224516,0.186443,-0.122834,1.082441,1.543481,0.000000,0.000000,-0.125801,-0.301852,0.621820,0.561971,0.188647,0.000000,0.000000
-0.746342,-0.032853,0.867385,-0.032296,-0.010249,-0.994827,-0.095763,-0.173685,0.064141,0.266652,0.053430,-0.033268,-0.011732,-0.015310,-0.039792,-0.022794,0.263091,-0.196494,-0.020043,0.176109,-0.009387,0.226787,0.186185,-0.112511,1.074734,1.539320,0.000000,0.000000,-0.132044,-0.298377,0.628753,0.560190,0.180281,0.000000,0.000000
-0.753118,-0.033972,0.866767,-0.031011,-0.009773,-0.994792,-0.096603,-0.171933,0.062550,0.267400,0.001974,-0.024521,-0.011012,-0.012913,-0.042192,-0.024963,0.266528,-0.203104,-0.020278,0.174712,-0.009466,0.228948,0.186146,-0.102739,1.067213,1.535747,0.000000,0.000000,-0.138246,-0.294958,0.635470,0.559172,0.170544,0.000000,0.000000
-0.760111,-0.035068,0.866304,-0.029793,-0.009330,-0.994806,-0.096884,-0.170950,0.062046,0.266350,-0.017450,-0.020678,-0.010529,-0.011407,-0.043517,-0.026483,0.268305,-0.206322,-0.020365,0.173577,-0.009438,0.230155,0.186181,-0.097942,1.063064,1.534215,0.000000,0.000000,-0.140768,-0.292825,0.638380,0.559280,0.166102,0.000000,0.000000
-0.767173,-0.036122,0.866017,-0.028681,-0.008984,-0.994739,-0.097933,-0.170590,0.061995,0.265738,-0.017450,-0.019669,-0.010363,-0.010889,-0.043965,-0.026848,0.268873,-0.207374,-0.020420,0.173186,-0.009441,0.230563,0.186204,-0.096321,1.061756,1.533690,0.000000,0.000000,-0.141610,-0.292107,0.639513,0.559431,0.164796,0.000000,0.000000
-0.774395,-0.037088,0.865700,-0.027646,-0.008685,-0.994701,-0.098646,-0.170027,0.062018,0.264496,-0.017450,-0.018324,-0.010104,-0.010094,-0.044619,-0.027351,0.269708,-0.208906,-0.020509,0.172573,-0.009428,0.231178,0.186235,-0.094016,1.059824,1.532876,0.000000,0.000000,-0.142834,-0.291051,0.641123,0.559809,0.162964,0.000000,0.000000
-0.781759,-0.038139,0.865375,-0.026702,-0.008526,-0.994698,-0.098948,-0.169313,0.061977,0.262770,-0.017450,-0.016725,-0.009808,-0.009024,-0.045489,-0.028029,0.270822,-0.210902,-0.020626,0.171722,-0.009414,0.231926,0.186299,-0.091241,1.057419,1.531815,0.000000,0.000000,-0.144339,-0.289743,0.643116,0.560492,0.160737,0.000000,0.000000
-0.789198,-0.038908,0.864852,-0.025456,-0.007827,-0.994435,-0.101929,-0.168492,0.061951,0.261774,-0.017450,-0.015067,-0.009607,-0.007780,-0.046397,-0.028247,0.272157,-0.213296,-0.020825,0.170686,-0.009398,0.232675,0.186225,-0.087404,1.054782,1.530920,0.000000,0.000000,-0.146204,-0.287960,0.645878,0.561458,0.157978,0.000000,0.000000
-0.796851,-0.040133,0.864406,-0.024684,-0.007495,-0.994416,-0.102325,-0.167653,0.061625,0.261409,-0.017450,-0.013469,-0.009545,-0.006300,-0.047497,-0.028528,0.273853,-0.216159,-0.021066,0.169480,-0.009378,0.233509,0.186031,-0.083288,1.051992,1.530025,0.000000,0.000000,-0.148235,-0.285897,0.648862,0.562950,0.155024,0.000000,0.000000
-0.804577,-0.041606,0.864006,-0.024186,-0.007492,-0.994463,-0.101988,-0.166821,0.060882,0.261660,-0.017450,-0.012206,-0.009642,-0.004573,-0.048870,-0.029051,0.275956,-0.219443,-0.021341,0.168138,-0.009344,0.234360,0.185771,-0.079237,1.049147,1.529134,0.000000,0.000000,-0.150263,-0.283696,0.651825,0.565019,0.151880,0.000000,0.000000
-0.812259,-0.043271,0.862969,-0.024041,-0.007890,-0.994549,-0.101152,-0.164498,0.057666,0.262833,-0.017450,-0.010003,-0.010227,0.000776,-0.053504,-0.031196,0.283047,-0.229565,-0.022208,0.164293,-0.009298,0.236734,0.185052,-0.069310,1.041356,1.526309,0.000000,0.000000,-0.155254,-0.277670,0.659457,0.572326,0.143285,0.000000,0.000000
-0.819730,-0.044520,0.861796,-0.023415,-0.008137,-0.994255,-0.104131,-0.162461,0.054731,0.264663,-0.017450,-0.009110,-0.010889,0.005395,-0.057817,-0.031361,0.290132,-0.238880,-0.023294,0.161407,-0.009286,0.238335,0.183979,-0.060583,1.035473,1.523912,0.000000,0.000000,-0.159387,-0.272137,0.666835,0.580117,0.136072,0.000000,0.000000
-0.827090,-0.045595,0.860172,-0.022937,-0.008065,-0.993959,-0.107023,-0.160158,0.051854,0.266702,-0.017450,-0.008871,-0.011604,0.010460,-0.062643,-0.028951,0.299603,-0.250347,-0.024919,0.158720,-0.009289,0.239673,0.182488,-0.050858,1.029913,1.521593,0.000000,0.000000,-0.163677,-0.265346,0.675894,0.590810,0.128204,0.000000,0.000000
-0.834581,-0.047077,0.858665,-0.023043,-0.008396,-0.994008,-0.106519,-0.158278,0.049223,0.265683,-0.017450,-0.008961,-0.012013,0.014942,-0.067181,-0.027142,0.309499,-0.260977,-0.026384,0.156889,-0.009312,0.240570,0.181569,-0.045690,1.026181,1.519305,0.000000,0.000000,-0.165997,-0.259984,0.681787,0.602297,0.122154,0.000000,0.000000
-0.841917,-0.048375,0.857089,-0.022887,-0.008777,-0.993875,-0.107757,-0.156820,0.047033,0.263292,-0.017450,-0.008425,-0.012206,0.018796,-0.071333,-0.024730,0.319421,-0.270873,-0.027855,0.155405,-0.009324,0.240769,0.180913,-0.042486,1.023957,1.517110,0.000000,0.000000,-0.167335,-0.255487,0.686296,0.613888,0.117357,0.000000,0.000000
-0.849174,-0.049824,0.855766,-0.022782,-0.008982,-0.993869,-0.107820,-0.156159,0.045321,0.261312,-0.017450,-0.006562,-0.012368,0.021519,-0.074325,-0.022895,0.327543,-0.278229,-0.028940,0.154270,-0.009314,0.240521,0.180699,-0.041621,1.023088,1.515345,0.000000,0.000000,-0.167645,-0.252468,0.688760,0.623382,0.114788,0.000000,0.000000
-0.856291,-0.051433,0.855165,-0.022456,-0.009060,-0.993812,-0.108407,-0.156080,0.044589,0.260987,-0.017450,-0.004082,-0.012514,0.022457,-0.075429,-0.022091,0.330830,-0.280960,-0.029365,0.153789,-0.009313,0.240220,0.180601,-0.041613,1.023048,1.514699,0.000000,0.000000,-0.167625,-0.251386,0.689611,0.627274,0.114143,0.000000,0.000000
-0.863091,-0.052765,0.853801,-0.021938,-0.009234,-0.993737,-0.109176,-0.156162,0.043145,0.260353,-0.017450,0.005206,-0.012857,0.024282,-0.077775,-0.019662,0.338707,-0.286849,-0.030394,0.152612,-0.009315,0.239141,0.180360,-0.041904,1.023470,1.513402,0.000000,0.000000,-0.167454,-0.249064,0.691420,0.636577,0.112847,0.000000,0.000000
-0.869661,-0.054319,0.851229,-0.021588,-0.009961,-0.993684,-0.109664,-0.156413,0.040622,0.257280,-0.017450,0.026744,-0.013325,0.027124,-0.082507,-0.014771,0.355064,-0.297068,-0.032498,0.150368,-0.009285,0.236514,0.179879,-0.043436,1.024964,1.511100,0.000000,0.000000,-0.166552,-0.245094,0.693814,0.655224,0.111136,0.000000,0.000000
-0.876202,-0.056325,0.850796,-0.021196,-0.010889,-0.993674,-0.109744,-0.156716,0.038312,0.251877,-0.017450,0.047571,-0.013476,0.029015,-0.087283,-0.010973,0.370750,-0.305118,-0.034466,0.148484,-0.009226,0.233650,0.179519,-0.046171,1.026946,1.509229,0.000000,0.000000,-0.165044,-0.242245,0.694418,0.672911,0.110313,0.000000,0.000000
-0.882812,-0.058678,0.850894,-0.021028,-0.012126,-0.993704,-0.109373,-0.157181,0.034674,0.242339,-0.017450,0.075841,-0.013599,0.030710,-0.094377,-0.007772,0.392460,-0.313266,-0.037032,0.146305,-0.009099,0.229347,0.179008,-0.051815,1.030441,1.506567,0.000000,0.000000,-0.161815,-0.239725,0.692621,0.696687,0.110049,0.000000,0.000000
-0.889590,-0.061254,0.850691,-0.021423,-0.013766,-0.994046,-0.105945,-0.157865,0.029567,0.228775,-0.017450,0.107013,-0.013667,0.032457,-0.103128,-0.009721,0.416885,-0.319077,-0.039263,0.143973,-0.008871,0.224531,0.178621,-0.063608,1.035210,1.501921,0.000000,0.000000,-0.155538,-0.238920,0.685358,0.723042,0.112332,0.000000,0.000000
-0.896370,-0.063316,0.850322,-0.021844,-0.015349,-0.994347,-0.102768,-0.158893,0.024766,0.215198,-0.017450,0.130745,-0.013614,0.034004,-0.111722,-0.014732,0.441053,-0.319955,-0.041043,0.141549,-0.008521,0.219488,0.177926,-0.077398,1.040710,1.498334,0.000000,0.000000,-0.145243,-0.238467,0.671743,0.749527,0.112677,0.000000,0.000000
-0.902887,-0.065320,0.849760,-0.022680,-0.016487,-0.994567,-0.100254,-0.160213,0.020181,0.205547,-0.017450,0.139869,-0.013845,0.035062,-0.119346,-0.020692,0.465858,-0.315480,-0.042551,0.139504,-0.008103,0.213498,0.177346,-0.091821,1.048801,1.496151,0.000000,0.000000,-0.134591,-0.238106,0.656930,0.776753,0.113304,0.000000,0.000000
-0.909382,-0.067288,0.849076,-0.023790,-0.017554,-0.994743,-0.098039,-0.161240,0.016023,0.198130,-0.017450,0.137414,-0.013903,0.035320,-0.125762,-0.025920,0.490340,-0.306082,-0.043963,0.138077,-0.007724,0.207792,0.177328,-0.104755,1.057271,1.494736,0.000000,0.000000,-0.123312,-0.237407,0.641015,0.802506,0.115206,0.000000,0.000000
-0.915854,-0.069341,0.848389,-0.025170,-0.018414,-0.994911,-0.095810,-0.161651,0.012431,0.190479,-0.017450,0.130485,-0.013540,0.034750,-0.131452,-0.031322,0.514973,-0.292703,-0.045180,0.136932,-0.007433,0.202529,0.178072,-0.116611,1.066001,1.495249,0.000000,0.000000,-0.112186,-0.236241,0.626218,0.826947,0.117764,0.000000,0.000000
-0.922192,-0.071431,0.848164,-0.026907,-0.018891,-0.995125,-0.092980,-0.161425,0.009103,0.182885,-0.012954,0.120294,-0.013061,0.033348,-0.136497,-0.037700,0.542509,-0.275481,-0.046085,0.134659,-0.007117,0.197289,0.179343,-0.126728,1.074803,1.495018,0.000000,0.000000,-0.099958,-0.234361,0.610197,0.851187,0.121253,0.000000,0.000000
-0.928406,-0.073347,0.849199,-0.028660,-0.019017,-0.995383,-0.089611,-0.160579,0.005949,0.176582,0.003492,0.107179,-0.012821,0.030802,-0.140672,-0.045506,0.573570,-0.255499,-0.046503,0.130652,-0.006758,0.191922,0.181226,-0.135508,1.083836,1.495196,0.000000,0.000000,-0.086468,-0.231308,0.593575,0.876821,0.126679,0.000000,0.000000
-0.934351,-0.075169,0.850376,-0.030415,-0.018858,-0.995664,-0.085859,-0.158573,0.003147,0.170017,0.019650,0.094329,-0.012498,0.026676,-0.143878,-0.052769,0.608790,-0.224966,-0.046780,0.124606,-0.006388,0.186432,0.183852,-0.142300,1.092440,1.495322,0.000000,0.000000,-0.073889,-0.228099,0.577759,0.902215,0.132194,0.000000,0.000000
-0.939984,-0.076976,0.851396,-0.032065,-0.018445,-0.995931,-0.082172,-0.155163,0.000746,0.161450,0.030920,0.082816,-0.011721,0.020887,-0.146468,-0.060404,0.645424,-0.189400,-0.046666,0.117196,-0.005978,0.181061,0.186453,-0.146442,1.100009,1.494771,0.000000,0.000000,-0.062438,-0.223489,0.561873,0.927497,0.141100,0.000000,0.000000
-0.945365,-0.078717,0.852339,-0.033579,-0.017700,-0.996197,-0.078423,-0.150307,-0.000892,0.149454,0.037393,0.073069,-0.010164,0.013383,-0.148449,-0.068785,0.684254,-0.146805,-0.046037,0.108224,-0.005571,0.175506,0.189989,-0.148521,1.106528,1.493459,0.000000,0.000000,-0.052287,-0.219161,0.546913,0.952532,0.151341,0.000000,0.000000
-0.950628,-0.080507,0.853147,-0.035139,-0.016876,-0.996423,-0.074977,-0.144436,-0.002206,0.136465,0.040296,0.064593,-0.008361,0.004962,-0.150582,-0.077626,0.722800,-0.099419,-0.045068,0.098344,-0.005143,0.170532,0.193696,-0.149036,1.111398,1.490945,0.000000,0.000000,-0.043644,-0.214975,0.534133,0.976858,0.160915,0.000000,0.000000
-0.956040,-0.082554,0.853940,-0.036830,-0.016085,-0.996602,-0.071901,-0.137836,-0.003724,0.122805,0.042291,0.056509,-0.006505,-0.003885,-0.153631,-0.086434,0.761192,-0.046503,-0.044077,0.088114,-0.004752,0.166583,0.197681,-0.148552,1.114045,1.487263,0.000000,0.000000,-0.035339,-0.211507,0.523130,1.001103,0.170418,0.000000,0.000000
-0.961622,-0.084788,0.854711,-0.038780,-0.015313,-0.996722,-0.069334,-0.130942,-0.005371,0.110179,0.044866,0.047788,-0.004862,-0.012415,-0.157252,-0.093356,0.797508,0.008272,-0.043296,0.078012,-0.004358,0.164308,0.201331,-0.147218,1.114295,1.482113,0.000000,0.000000,-0.027086,-0.209328,0.513939,1.024180,0.178086,0.000000,0.000000
-0.967305,-0.087037,0.855505,-0.040900,-0.014450,-0.996816,-0.066909,-0.124122,-0.006987,0.099505,0.048654,0.039266,-0.003547,-0.020390,-0.160569,-0.098415,0.830418,0.055249,-0.042546,0.068296,-0.003972,0.163308,0.205317,-0.145228,1.112379,1.477051,0.000000,0.000000,-0.018946,-0.208031,0.505131,1.044755,0.183151,0.000000,0.000000
-0.973017,-0.089364,0.856274,-0.043195,-0.013538,-0.996874,-0.064750,-0.117413,-0.008556,0.090640,0.053263,0.031389,-0.002525,-0.027818,-0.163817,-0.101199,0.859982,0.091044,-0.042136,0.059224,-0.003612,0.163741,0.209556,-0.145613,1.109002,1.473010,0.000000,0.000000,-0.010607,-0.207830,0.498343,1.062573,0.186252,0.000000,0.000000
-0.979366,-0.091561,0.857279,-0.045269,-0.012099,-0.996968,-0.062127,-0.110849,-0.009453,0.083772,0.059475,0.024210,-0.001679,-0.033801,-0.165681,-0.102187,0.885752,0.114341,-0.041703,0.050379,-0.003253,0.163831,0.214150,-0.147240,1.104164,1.468556,0.000000,0.000000,-0.001738,-0.208569,0.491808,1.077857,0.188440,0.000000,0.000000
-0.985369,-0.094181,0.858162,-0.047675,-0.010931,-0.997003,-0.059941,-0.103469,-0.010974,0.077091,0.064975,0.016253,-0.001017,-0.040338,-0.169096,-0.104488,0.912016,0.130414,-0.041415,0.042038,-0.002904,0.164798,0.218917,-0.150256,1.097587,1.464160,0.000000,0.000000,0.008185,-0.209749,0.485100,1.092864,0.187406,0.000000,0.000000
-0.991112,-0.096946,0.858915,-0.050166,-0.009709,-0.997018,-0.057833,-0.096263,-0.012702,0.072023,0.069329,0.008406,-0.000654,-0.046990,-0.172865,-0.108893,0.935818,0.132485,-0.040955,0.034708,-0.002569,0.166064,0.223329,-0.155081,1.089985,1.459492,0.000000,0.000000,0.018172,-0.210968,0.478747,1.105776,0.183981,0.000000,0.000000
-0.996741,-0.099735,0.859676,-0.052667,-0.008513,-0.997023,-0.055669,-0.088585,-0.014719,0.067709,0.073401,0.000172,-0.000476,-0.054384,-0.177161,-0.115211,0.960091,0.124259,-0.040348,0.027369,-0.002284,0.167319,0.228296,-0.161496,1.081175,1.455081,0.000000,0.000000,0.029327,-0.212702,0.471728,1.118012,0.178786,0.000000,0.000000
-1.001668,-0.102457,0.860316,-0.055450,-0.007498,-0.997040,-0.052737,-0.080194,-0.017174,0.062949,0.075865,-0.007333,-0.000325,-0.063894,-0.182090,-0.123143,0.989211,0.106232,-0.039602,0.019841,-0.001922,0.169232,0.233789,-0.171354,1.069649,1.450143,0.000000,0.000000,0.042685,-0.214922,0.463247,1.129508,0.170404,0.000000,0.000000
-1.006548,-0.104567,0.861003,-0.057804,-0.006015,-0.997065,-0.049848,-0.073061,-0.018288,0.059318,0.078562,-0.013215,-0.000025,-0.073135,-0.184711,-0.130464,1.013696,0.088773,-0.038371,0.012469,-0.001564,0.170304,0.238768,-0.180945,1.058436,1.447647,0.000000,0.000000,0.055713,-0.216733,0.454474,1.138175,0.162011,0.000000,0.000000
-1.011266,-0.106283,0.861750,-0.059953,-0.004182,-0.997100,-0.046695,-0.066268,-0.018253,0.055616,0.081155,-0.019055,0.000564,-0.082708,-0.185459,-0.137239,1.036470,0.077075,-0.036656,0.004508,-0.001181,0.170754,0.244585,-0.190880,1.046920,1.447912,0.000000,0.000000,0.068999,-0.218574,0.445092,1.145286,0.153845,0.000000,0.000000
-1.015761,-0.107712,0.862461,-0.062028,-0.002287,-0.997107,-0.043878,-0.059766,-0.017498,0.051723,0.083380,-0.024690,0.001357,-0.092664,-0.184954,-0.143702,1.056696,0.068237,-0.034590,-0.003416,-0.000799,0.171230,0.250711,-0.200617,1.034457,1.449710,0.000000,0.000000,0.081891,-0.220038,0.435418,1.150570,0.147320,0.000000,0.000000
-1.020228,-0.108946,0.863215,-0.063886,-0.000171,-0.997109,-0.041135,-0.053581,-0.016009,0.047555,0.085398,-0.030019,0.002374,-0.102970,-0.183276,-0.150758,1.074644,0.062394,-0.032002,-0.011459,-0.000411,0.171756,0.256806,-0.209884,1.021720,1.450814,0.000000,0.000000,0.095194,-0.221130,0.424968,1.154480,0.143474,0.000000,0.000000
-1.024399,-0.109967,0.863937,-0.065960,0.002002,-0.997079,-0.038444,-0.047393,-0.013968,0.043140,0.087719,-0.035337,0.003561,-0.113860,-0.180358,-0.157553,1.091167,0.058349,-0.029065,-0.020176,-0.000033,0.172725,0.264024,-0.221293,1.008032,1.453190,0.000000,0.000000,0.108767,-0.222613,0.414621,1.157293,0.142655,0.000000,0.000000
-1.028494,-0.110877,0.864658,-0.067731,0.004301,-0.997050,-0.035848,-0.041966,-0.011606,0.038490,0.089731,-0.039365,0.004867,-0.124551,-0.176763,-0.164701,1.104089,0.053992,-0.025878,-0.027689,0.000268,0.173703,0.271190,-0.230321,0.994550,1.453490,0.000000,0.000000,0.122030,-0.224270,0.403940,1.158712,0.143855,0.000000,0.000000
-1.032297,-0.111577,0.865342,-0.069449,0.006558,-0.997007,-0.033322,-0.036820,-0.008879,0.033538,0.091441,-0.042916,0.006313,-0.135828,-0.172322,-0.171790,1.114734,0.049837,-0.022454,-0.035611,0.000616,0.174535,0.279540,-0.239089,0.979952,1.456162,0.000000,0.000000,0.134529,-0.226059,0.393534,1.159218,0.145221,0.000000,0.000000
-1.035981,-0.112267,0.866028,-0.070979,0.008819,-0.996962,-0.030852,-0.032070,-0.006007,0.028605,0.093116,-0.045825,0.007794,-0.147506,-0.167440,-0.179419,1.123042,0.045174,-0.018781,-0.043303,0.000940,0.175188,0.287902,-0.246761,0.965483,1.456166,0.000000,0.000000,0.147165,-0.228296,0.384126,1.159899,0.146467,0.000000,0.000000
-1.039467,-0.112962,0.866656,-0.072400,0.010898,-0.996908,-0.028528,-0.027681,-0.003330,0.024220,0.094714,-0.048640,0.009141,-0.159472,-0.162457,-0.187187,1.128824,0.040099,-0.015035,-0.051121,0.001250,0.175699,0.296673,-0.254017,0.950774,1.455625,0.000000,0.000000,0.158971,-0.230851,0.374713,1.160097,0.149307,0.000000,0.000000
-1.042870,-0.113776,0.867246,-0.073609,0.012768,-0.996859,-0.026292,-0.023629,-0.001088,0.020317,0.096238,-0.051248,0.010305,-0.171685,-0.157776,-0.194982,1.131953,0.034387,-0.011353,-0.058660,0.001567,0.175969,0.305450,-0.261322,0.935639,1.455325,0.000000,0.000000,0.170095,-0.233594,0.364988,1.159832,0.152955,0.000000,0.000000
-1.046077,-0.114506,0.867762,-0.074901,0.014447,-0.996793,-0.024174,-0.019761,0.000931,0.016952,0.097893,-0.053740,0.011339,-0.184069,-0.152996,-0.202323,1.132833,0.028966,-0.007716,-0.065789,0.001840,0.175703,0.313599,-0.265996,0.921303,1.453188,0.000000,0.000000,0.180690,-0.235987,0.355298,1.159498,0.157189,0.000000,0.000000
-1.049262,-0.115235,0.868257,-0.076104,0.015986,-0.996725,-0.022188,-0.016060,0.002761,0.014307,0.099759,-0.055903,0.012213,-0.196512,-0.148231,-0.209501,1.131326,0.022371,-0.004101,-0.072687,0.002132,0.174912,0.321499,-0.270162,0.907212,1.451173,0.000000,0.000000,0.191433,-0.238646,0.345748,1.158955,0.161899,0.000000,0.000000
-1.052391,-0.115941,0.868690,-0.077277,0.017386,-0.996654,-0.020188,-0.012622,0.004314,0.012379,0.101482,-0.058605,0.012905,-0.208433,-0.143633,-0.216409,1.127711,0.015147,-0.000593,-0.079029,0.002390,0.174165,0.328684,-0.274043,0.894220,1.448102,0.000000,0.000000,0.201485,-0.241087,0.337231,1.158570,0.166889,0.000000,0.000000
-1.055748,-0.116723,0.869159,-0.078199,0.018730,-0.996598,-0.018086,-0.009207,0.005739,0.010444,0.103332,-0.061553,0.013571,-0.220413,-0.139183,-0.223555,1.122155,0.008965,0.002950,-0.085300,0.002662,0.172812,0.335651,-0.277491,0.881920,1.443659,0.000000,0.000000,0.211660,-0.244081,0.328492,1.157889,0.171571,0.000000,0.000000
-1.058938,-0.117379,0.869549,-0.079396,0.019923,-0.996519,-0.015789,-0.005803,0.007005,0.007962,0.105418,-0.064833,0.014287,-0.232097,-0.134644,-0.230865,1.114248,0.002306,0.006553,-0.091346,0.002896,0.170693,0.341333,-0.278690,0.872387,1.435838,0.000000,0.000000,0.221181,-0.246299,0.320056,1.158788,0.176665,0.000000,0.000000
-1.062443,-0.118044,0.869991,-0.080226,0.021123,-0.996457,-0.013809,-0.002458,0.008179,0.005908,0.107501,-0.068333,0.014913,-0.243367,-0.130045,-0.237930,1.104118,-0.003521,0.010096,-0.097960,0.003154,0.168707,0.347329,-0.281836,0.862379,1.429889,0.000000,0.000000,0.230842,-0.249138,0.311872,1.157477,0.181759,0.000000,0.000000
-1.065980,-0.118564,0.870408,-0.081132,0.022259,-0.996385,-0.011811,0.000851,0.009409,0.003599,0.109833,-0.071924,0.015597,-0.254122,-0.125287,-0.244684,1.091904,-0.008543,0.013583,-0.104099,0.003425,0.166385,0.352833,-0.284364,0.853416,1.423581,0.000000,0.000000,0.240727,-0.251761,0.304468,1.156271,0.186476,0.000000,0.000000
-1.069555,-0.118925,0.870798,-0.082159,0.023316,-0.996297,-0.009888,0.004189,0.010693,0.001481,0.112694,-0.075741,0.016267,-0.264250,-0.120314,-0.251076,1.077690,-0.013758,0.016975,-0.109755,0.003706,0.163623,0.358133,-0.285536,0.845068,1.418893,0.000000,0.000000,0.250075,-0.254518,0.296704,1.154065,0.189300,0.000000,0.000000
-1.073214,-0.119093,0.871178,-0.083160,0.024291,-0.996206,-0.008189,0.007538,0.012086,-0.000449,0.115846,-0.080005,0.016936,-0.273771,-0.115012,-0.256864,1.061567,-0.018921,0.020239,-0.115177,0.003933,0.160935,0.362989,-0.286371,0.837370,1.415588,0.000000,0.000000,0.259697,-0.256659,0.290407,1.152328,0.191865,0.000000,0.000000
-1.076898,-0.119096,0.871525,-0.084239,0.025226,-0.996104,-0.006700,0.010781,0.013536,-0.002172,0.119272,-0.084373,0.017589,-0.282311,-0.109598,-0.261777,1.044308,-0.023941,0.023234,-0.120000,0.004156,0.158526,0.367110,-0.287680,0.831333,1.412000,0.000000,0.000000,0.268725,-0.258538,0.285309,1.151259,0.194755,0.000000,0.000000
-1.080690,-0.119004,0.871926,-0.085149,0.026193,-0.996010,-0.005297,0.014244,0.015291,-0.003585,0.123108,-0.089357,0.018270,-0.290973,-0.103393,-0.266961,1.023640,-0.029052,0.026417,-0.124765,0.004367,0.155867,0.370891,-0.289138,0.825715,1.408913,0.000000,0.000000,0.278315,-0.260415,0.281022,1.149311,0.195790,0.000000,0.000000
-1.084470,-0.118812,0.872268,-0.086082,0.027018,-0.995914,-0.003804,0.017475,0.016942,-0.005036,0.126778,-0.094237,0.018931,-0.298478,-0.097544,-0.271975,1.002580,-0.033676,0.029358,-0.129045,0.004545,0.153179,0.374234,-0.290534,0.820702,1.407592,0.000000,0.000000,0.286980,-0.261712,0.276416,1.147887,0.196810,0.000000,0.000000
-1.088333,-0.118581,0.872594,-0.087051,0.027779,-0.995812,-0.002821,0.020942,0.018590,-0.005936,0.130625,-0.099368,0.019504,-0.305615,-0.091448,-0.276322,0.979496,-0.037621,0.032078,-0.133135,0.004712,0.150651,0.376793,-0.290753,0.817555,1.405965,0.000000,0.000000,0.295521,-0.263184,0.271971,1.146672,0.197860,0.000000,0.000000
-1.092312,-0.118343,0.872927,-0.087796,0.028458,-0.995730,-0.001744,0.024451,0.020146,-0.006617,0.134209,-0.104458,0.020021,-0.312307,-0.085340,-0.281042,0.954773,-0.041388,0.034782,-0.137022,0.004883,0.147669,0.378904,-0.291993,0.814722,1.405352,0.000000,0.000000,0.303613,-0.264858,0.267456,1.144564,0.197500,0.000000,0.000000
-1.096302,-0.118135,0.873187,-0.088583,0.028829,-0.995651,-0.000735,0.028046,0.021262,-0.006976,0.137664,-0.109159,0.020374,-0.318452,-0.079897,-0.284862,0.928747,-0.045337,0.036905,-0.140532,0.005042,0.144497,0.380280,-0.293519,0.812478,1.405653,0.000000,0.000000,0.312061,-0.266038,0.264063,1.142974,0.197129,0.000000,0.000000
-1.100377,-0.118077,0.873096,-0.089825,0.027752,-0.995570,-0.000957,0.032045,0.020287,-0.006164,0.140938,-0.113946,0.019998,-0.323508,-0.077139,-0.284254,0.904053,-0.047340,0.037009,-0.142337,0.005097,0.141787,0.379712,-0.294601,0.810962,1.406355,0.000000,0.000000,0.319954,-0.268460,0.260386,1.141800,0.196667,0.000000,0.000000
-1.104396,-0.117869,0.872999,-0.091096,0.026632,-0.995484,-0.001775,0.036834,0.018576,-0.004350,0.144129,-0.118976,0.019281,-0.328752,-0.074475,-0.281720,0.876497,-0.048781,0.036548,-0.142936,0.005152,0.139182,0.377639,-0.295739,0.810320,1.406862,0.000000,0.000000,0.328521,-0.271019,0.258114,1.140771,0.196618,0.000000,0.000000
-1.108526,-0.117525,0.872915,-0.092050,0.025546,-0.995422,-0.002906,0.041417,0.016990,-0.001886,0.146281,-0.123407,0.018494,-0.333412,-0.071790,-0.278505,0.850263,-0.049839,0.035974,-0.142856,0.005218,0.136664,0.375545,-0.296165,0.810093,1.407519,0.000000,0.000000,0.335905,-0.273465,0.255827,1.139832,0.197301,0.000000,0.000000
-1.112634,-0.117099,0.872855,-0.092951,0.024518,-0.995360,-0.004152,0.046459,0.015384,0.001540,0.148077,-0.127921,0.017544,-0.338079,-0.068548,-0.274633,0.821068,-0.051364,0.035268,-0.142390,0.005305,0.133936,0.373481,-0.296688,0.809931,1.409603,0.000000,0.000000,0.342882,-0.276227,0.253199,1.138884,0.198297,0.000000,0.000000
-1.116817,-0.116590,0.872808,-0.093583,0.023570,-0.995317,-0.005621,0.051072,0.014088,0.004894,0.149087,-0.131685,0.016682,-0.342162,-0.065129,-0.270733,0.793571,-0.052300,0.034596,-0.141329,0.005348,0.131203,0.371084,-0.296113,0.810533,1.410500,0.000000,0.000000,0.348932,-0.278244,0.250745,1.138161,0.199171,0.000000,0.000000
-1.120996,-0.115930,0.872794,-0.094109,0.022718,-0.995277,-0.007095,0.055963,0.012999,0.008751,0.149891,-0.135461,0.015791,-0.346177,-0.060866,-0.266154,0.763092,-0.052931,0.033846,-0.139922,0.005402,0.128286,0.368456,-0.296005,0.811354,1.411791,0.000000,0.000000,0.355070,-0.279895,0.249531,1.137280,0.199646,0.000000,0.000000
-1.125183,-0.115220,0.872769,-0.094606,0.021943,-0.995236,-0.008594,0.060393,0.012238,0.012654,0.150623,-0.138852,0.014971,-0.349413,-0.056619,-0.261823,0.734873,-0.052781,0.033177,-0.138617,0.005424,0.125686,0.366201,-0.295697,0.811917,1.413881,0.000000,0.000000,0.360195,-0.281101,0.248797,1.136594,0.200366,0.000000,0.000000
-1.129418,-0.114308,0.872772,-0.094873,0.021258,-0.995211,-0.010090,0.064715,0.011803,0.016463,0.151275,-0.142259,0.014251,-0.352423,-0.051702,-0.257035,0.705382,-0.051603,0.032525,-0.137163,0.005414,0.123213,0.363601,-0.295050,0.813022,1.414822,0.000000,0.000000,0.364855,-0.281724,0.248075,1.136044,0.201453,0.000000,0.000000
-1.133621,-0.113274,0.872782,-0.095093,0.020672,-0.995187,-0.011497,0.068870,0.011693,0.020331,0.152131,-0.145542,0.013604,-0.354950,-0.046272,-0.251970,0.675164,-0.049926,0.031881,-0.135792,0.005436,0.120746,0.361199,-0.294620,0.814004,1.416086,0.000000,0.000000,0.369006,-0.282155,0.248014,1.135451,0.202707,0.000000,0.000000
-1.137895,-0.112119,0.872787,-0.095215,0.020115,-0.995170,-0.012900,0.072821,0.011812,0.023906,0.153174,-0.149014,0.013060,-0.357111,-0.040468,-0.246713,0.644994,-0.046684,0.031264,-0.134446,0.005470,0.118315,0.358732,-0.294230,0.814940,1.417661,0.000000,0.000000,0.372524,-0.282348,0.248064,1.134856,0.203756,0.000000,0.000000
-1.142146,-0.110936,0.872800,-0.095252,0.019709,-0.995159,-0.014044,0.076325,0.012152,0.026915,0.154352,-0.152440,0.012664,-0.358756,-0.034916,-0.241779,0.616655,-0.042539,0.030744,-0.133156,0.005462,0.116181,0.356617,-0.294069,0.815555,1.419432,0.000000,0.000000,0.375448,-0.281931,0.248539,1.134594,0.205164,0.000000,0.000000
-1.146363,-0.109493,0.872826,-0.095115,0.019388,-0.995162,-0.015150,0.079681,0.012871,0.029543,0.155777,-0.155993,0.012430,-0.360102,-0.028599,-0.236294,0.586770,-0.037445,0.030254,-0.131958,0.005459,0.114202,0.354217,-0.294047,0.815886,1.421517,0.000000,0.000000,0.377960,-0.281153,0.249477,1.134065,0.206347,0.000000,0.000000
-1.150526,-0.108108,0.872869,-0.094876,0.019241,-0.995173,-0.016075,0.082785,0.013897,0.031933,0.157467,-0.159758,0.012311,-0.360999,-0.022160,-0.230790,0.556499,-0.031556,0.029766,-0.130886,0.005464,0.112164,0.352136,-0.293888,0.815909,1.424292,0.000000,0.000000,0.379796,-0.280562,0.250791,1.132792,0.206409,0.000000,0.000000
-1.154503,-0.106687,0.872863,-0.094562,0.019107,-0.995192,-0.016919,0.085249,0.015037,0.033448,0.160570,-0.164306,0.012362,-0.361710,-0.015741,-0.225381,0.526203,-0.025138,0.029297,-0.130068,0.005473,0.110306,0.350091,-0.293764,0.815727,1.427088,0.000000,0.000000,0.381296,-0.279705,0.252544,1.131405,0.206759,0.000000,0.000000
-1.158501,-0.105316,0.872842,-0.093965,0.018976,-0.995244,-0.017335,0.087213,0.016167,0.033779,0.163800,-0.169471,0.012597,-0.362167,-0.009711,-0.220363,0.496249,-0.018097,0.028816,-0.129652,0.005485,0.108423,0.347903,-0.294144,0.815364,1.429711,0.000000,0.000000,0.382223,-0.278187,0.254846,1.130303,0.208044,0.000000,0.000000
-1.162647,-0.104068,0.872832,-0.093245,0.018997,-0.995305,-0.017662,0.088835,0.017274,0.033690,0.166821,-0.174539,0.012894,-0.362328,-0.004508,-0.216058,0.469088,-0.011608,0.028392,-0.129650,0.005495,0.106781,0.345696,-0.294535,0.814928,1.432097,0.000000,0.000000,0.382688,-0.276475,0.257347,1.129113,0.209466,0.000000,0.000000
-1.166857,-0.102930,0.872815,-0.092632,0.019120,-0.995358,-0.017799,0.090552,0.018464,0.033322,0.170113,-0.179902,0.013260,-0.362275,0.000421,-0.212037,0.442124,-0.005256,0.027957,-0.129897,0.005505,0.105185,0.343616,-0.295154,0.814295,1.434827,0.000000,0.000000,0.382721,-0.274802,0.260253,1.127568,0.210758,0.000000,0.000000
-1.171100,-0.101777,0.872794,-0.091962,0.019324,-0.995413,-0.017958,0.092264,0.019777,0.032676,0.173470,-0.185549,0.013703,-0.361908,0.005154,-0.208215,0.415931,0.000731,0.027528,-0.130379,0.005537,0.103838,0.341386,-0.295739,0.813493,1.437624,0.000000,0.000000,0.382393,-0.272981,0.263696,1.125535,0.211685,0.000000,0.000000
-1.175392,-0.100642,0.872787,-0.091256,0.019633,-0.995474,-0.017821,0.093820,0.021161,0.031931,0.176548,-0.190851,0.014181,-0.361362,0.009178,-0.205003,0.393308,0.006198,0.027172,-0.131087,0.005566,0.102773,0.339331,-0.296684,0.812577,1.440343,0.000000,0.000000,0.381872,-0.271106,0.267319,1.123332,0.212530,0.000000,0.000000
-1.179766,-0.099620,0.872754,-0.090491,0.019940,-0.995538,-0.017838,0.095453,0.022563,0.030973,0.179768,-0.196567,0.014694,-0.360648,0.013022,-0.201955,0.371080,0.012000,0.026820,-0.131811,0.005574,0.101779,0.337334,-0.297539,0.811344,1.443608,0.000000,0.000000,0.381007,-0.269288,0.271033,1.120652,0.213139,0.000000,0.000000
-1.184182,-0.098654,0.872731,-0.089703,0.020343,-0.995604,-0.017688,0.096950,0.023863,0.029921,0.182719,-0.201792,0.015197,-0.359882,0.016204,-0.199434,0.352366,0.017658,0.026549,-0.132670,0.005616,0.101163,0.335329,-0.298202,0.810192,1.446910,0.000000,0.000000,0.380075,-0.267203,0.273938,1.117955,0.214106,0.000000,0.000000
-1.188583,-0.097746,0.872679,-0.088923,0.020737,-0.995667,-0.017591,0.098535,0.025171,0.028559,0.185884,-0.207301,0.015750,-0.358928,0.019243,-0.197033,0.334137,0.024272,0.026306,-0.133403,0.005636,0.100672,0.332994,-0.298919,0.808936,1.450427,0.000000,0.000000,0.379081,-0.265017,0.277621,1.115009,0.214373,0.000000,0.000000
-1.192896,-0.096741,0.872679,-0.088329,0.021322,-0.995724,-0.016640,0.099988,0.026790,0.027694,0.188748,-0.211908,0.016313,-0.357903,0.021572,-0.195220,0.319626,0.031062,0.026153,-0.134348,0.005663,0.100382,0.330915,-0.299894,0.807830,1.453583,0.000000,0.000000,0.378348,-0.262668,0.281013,1.111913,0.214820,0.000000,0.000000
-1.197451,-0.095997,0.872613,-0.087531,0.021784,-0.995789,-0.016360,0.101552,0.028331,0.026449,0.191844,-0.217027,0.016910,-0.356757,0.023781,-0.193503,0.305778,0.039421,0.026050,-0.135326,0.005698,0.100284,0.328504,-0.300804,0.806475,1.456787,0.000000,0.000000,0.377391,-0.260319,0.284530,1.108212,0.214999,0.000000,0.000000
-1.202096,-0.095374,0.872521,-0.086676,0.022127,-0.995861,-0.016063,0.102925,0.029483,0.025421,0.194558,-0.221796,0.017369,-0.355789,0.025387,-0.192260,0.295202,0.047599,0.026010,-0.136153,0.005700,0.100358,0.326231,-0.301668,0.805237,1.459367,0.000000,0.000000,0.376291,-0.258521,0.287631,1.104824,0.214839,0.000000,0.000000
-1.206865,-0.094747,0.872342,-0.085492,0.022301,-0.995951,-0.016580,0.104372,0.030371,0.024070,0.197443,-0.227089,0.017804,-0.354834,0.027052,-0.190942,0.285012,0.057425,0.026032,-0.136882,0.005692,0.100558,0.323487,-0.302002,0.803752,1.462006,0.000000,0.000000,0.374591,-0.256984,0.290870,1.101181,0.214069,0.000000,0.000000
-1.211476,-0.094013,0.872124,-0.084439,0.022555,-0.996037,-0.016487,0.106181,0.031479,0.022593,0.201010,-0.233830,0.018319,-0.353586,0.028872,-0.189484,0.274082,0.070649,0.026132,-0.137846,0.005676,0.100989,0.319839,-0.302054,0.801764,1.465053,0.000000,0.000000,0.372149,-0.255073,0.295022,1.096582,0.213147,0.000000,0.000000
-1.215964,-0.093205,0.871905,-0.083662,0.022785,-0.996110,-0.015679,0.107927,0.032743,0.021547,0.204505,-0.240347,0.018808,-0.352314,0.030223,-0.188433,0.265537,0.083801,0.026286,-0.138897,0.005686,0.101543,0.315987,-0.302480,0.799862,1.467333,0.000000,0.000000,0.369796,-0.253038,0.298951,1.091492,0.212684,0.000000,0.000000
-1.220649,-0.092553,0.871677,-0.082620,0.022967,-0.996198,-0.015392,0.109336,0.033691,0.020661,0.207395,-0.245696,0.019189,-0.351311,0.031104,-0.187744,0.260109,0.093999,0.026445,-0.139750,0.005692,0.102064,0.312801,-0.302723,0.798285,1.468942,0.000000,0.000000,0.367797,-0.251611,0.302074,1.087149,0.212187,0.000000,0.000000
-1.225368,-0.091921,0.871386,-0.081413,0.023014,-0.996298,-0.015275,0.110709,0.034512,0.019715,0.210341,-0.250930,0.019543,-0.350375,0.031897,-0.187112,0.256146,0.102979,0.026630,-0.140527,0.005687,0.102628,0.309458,-0.302934,0.796663,1.470139,0.000000,0.000000,0.365465,-0.250363,0.304953,1.082711,0.211667,0.000000,0.000000
-1.230243,-0.091262,0.871013,-0.079940,0.023133,-0.996409,-0.015603,0.112305,0.035317,0.018286,0.213838,-0.257195,0.019965,-0.349421,0.032951,-0.186221,0.252856,0.112195,0.026879,-0.141406,0.005674,0.103390,0.305235,-0.302616,0.794597,1.471242,0.000000,0.000000,0.361989,-0.249177,0.308029,1.077322,0.210580,0.000000,0.000000
-1.235025,-0.090432,0.870657,-0.078535,0.023088,-0.996522,-0.015603,0.113559,0.035906,0.017171,0.216476,-0.262232,0.020283,-0.348731,0.033733,-0.185564,0.251730,0.118282,0.027088,-0.142139,0.005687,0.104084,0.301841,-0.302170,0.792876,1.471855,0.000000,0.000000,0.358791,-0.248416,0.310314,1.072840,0.209715,0.000000,0.000000
-1.239752,-0.089565,0.870251,-0.077244,0.023076,-0.996632,-0.014987,0.115081,0.036781,0.016040,0.219660,-0.268475,0.020679,-0.347779,0.034418,-0.184988,0.252124,0.124507,0.027352,-0.143081,0.005681,0.104971,0.297636,-0.302108,0.790688,1.472303,0.000000,0.000000,0.354793,-0.247459,0.313362,1.066897,0.209165,0.000000,0.000000
-1.244785,-0.088844,0.869772,-0.075460,0.022984,-0.996765,-0.015389,0.116510,0.037300,0.014603,0.222372,-0.274486,0.021020,-0.346982,0.035023,-0.184467,0.253984,0.129550,0.027615,-0.143953,0.005684,0.105812,0.293576,-0.301615,0.788634,1.472377,0.000000,0.000000,0.350456,-0.246898,0.315804,1.061264,0.208638,0.000000,0.000000
-1.249770,-0.087987,0.869270,-0.073715,0.022809,-0.996898,-0.015481,0.117858,0.037717,0.013256,0.224904,-0.280195,0.021323,-0.346198,0.035497,-0.184063,0.257236,0.133868,0.027892,-0.144818,0.005704,0.106591,0.289629,-0.301076,0.786717,1.472243,0.000000,0.000000,0.345841,-0.246580,0.317792,1.055531,0.208267,0.000000,0.000000
-1.254669,-0.087018,0.868728,-0.072066,0.022600,-0.997034,-0.014798,0.119292,0.038419,0.012152,0.227650,-0.286668,0.021663,-0.345222,0.035669,-0.183939,0.262534,0.138325,0.028226,-0.145825,0.005730,0.107429,0.285196,-0.301106,0.784667,1.471826,0.000000,0.000000,0.340645,-0.246178,0.319961,1.048678,0.208287,0.000000,0.000000
-1.259822,-0.086224,0.868113,-0.069885,0.022363,-0.997188,-0.015238,0.120473,0.038668,0.010659,0.229997,-0.292623,0.021937,-0.344263,0.035881,-0.183770,0.268202,0.141798,0.028559,-0.146759,0.005763,0.107873,0.281383,-0.300617,0.782995,1.471262,0.000000,0.000000,0.335052,-0.246693,0.321284,1.042258,0.208044,0.000000,0.000000
-1.264956,-0.085269,0.867517,-0.067584,0.022070,-0.997353,-0.015247,0.121331,0.038769,0.009290,0.231702,-0.297458,0.022154,-0.343366,0.036054,-0.183631,0.273160,0.143903,0.028839,-0.147559,0.005798,0.107969,0.278303,-0.300083,0.781849,1.470717,0.000000,0.000000,0.329990,-0.247114,0.322341,1.036653,0.207950,0.000000,0.000000
-1.270225,-0.084197,0.866897,-0.065085,0.021819,-0.997530,-0.014915,0.122064,0.038975,0.007860,0.233207,-0.302297,0.022408,-0.342457,0.036213,-0.183510,0.278005,0.145118,0.029095,-0.148611,0.005811,0.108022,0.275368,-0.300449,0.780854,1.470554,0.000000,0.000000,0.324541,-0.247493,0.323530,1.030728,0.208225,0.000000,0.000000
-1.275598,-0.083327,0.866193,-0.062820,0.021381,-0.997685,-0.014847,0.122975,0.038998,0.006508,0.235063,-0.307764,0.022601,-0.341530,0.035984,-0.183754,0.283879,0.146841,0.029366,-0.149727,0.005857,0.107917,0.272172,-0.301354,0.780000,1.470644,0.000000,0.000000,0.317948,-0.248387,0.324586,1.023784,0.208518,0.000000,0.000000
-1.280982,-0.082645,0.865516,-0.060826,0.020956,-0.997818,-0.014813,0.123861,0.038829,0.005567,0.236882,-0.311875,0.022687,-0.341173,0.035291,-0.184391,0.288881,0.148764,0.029551,-0.150581,0.005899,0.108091,0.269669,-0.302431,0.779691,1.471083,0.000000,0.000000,0.312772,-0.249209,0.325292,1.018177,0.208894,0.000000,0.000000
-1.286145,-0.081962,0.864825,-0.059196,0.020521,-0.997923,-0.014985,0.124932,0.038517,0.004635,0.239053,-0.315893,0.022740,-0.341420,0.034221,-0.185318,0.293971,0.149849,0.029675,-0.151429,0.005909,0.108529,0.267292,-0.303300,0.779975,1.471937,0.000000,0.000000,0.307622,-0.250365,0.325597,1.012203,0.209369,0.000000,0.000000
-1.291283,-0.081180,0.864104,-0.057527,0.019982,-0.998026,-0.015343,0.125923,0.038150,0.004005,0.241068,-0.319320,0.022735,-0.342161,0.033119,-0.186231,0.298517,0.149124,0.029715,-0.152054,0.005936,0.109230,0.265224,-0.304558,0.780664,1.473076,0.000000,0.000000,0.303779,-0.251436,0.326386,1.007254,0.209071,0.000000,0.000000
-1.296319,-0.079888,0.863409,-0.056059,0.020032,-0.998107,-0.015423,0.127314,0.038308,0.002876,0.243890,-0.323077,0.022955,-0.343562,0.032277,-0.186794,0.305651,0.147011,0.029775,-0.153259,0.005996,0.110338,0.262886,-0.306267,0.782146,1.475119,0.000000,0.000000,0.298921,-0.252671,0.327477,1.000724,0.208380,0.000000,0.000000
-1.301325,-0.078431,0.862689,-0.054315,0.020306,-0.998191,-0.015876,0.128666,0.039041,0.001347,0.246615,-0.326306,0.023392,-0.345228,0.032135,-0.186656,0.314156,0.145054,0.029880,-0.154800,0.006073,0.111535,0.261110,-0.307767,0.784080,1.477623,0.000000,0.000000,0.294269,-0.253541,0.328300,0.994466,0.208389,0.000000,0.000000
-1.306257,-0.077040,0.861888,-0.052334,0.020709,-0.998274,-0.016751,0.130096,0.040245,-0.000675,0.249486,-0.329221,0.024035,-0.347390,0.032595,-0.185895,0.324937,0.142755,0.030064,-0.156231,0.006170,0.112971,0.259525,-0.309542,0.786567,1.480764,0.000000,0.000000,0.288767,-0.254521,0.330355,0.986817,0.208683,0.000000,0.000000
-1.311207,-0.075503,0.861132,-0.050223,0.021084,-0.998352,-0.018087,0.131160,0.041423,-0.002297,0.251654,-0.330824,0.024612,-0.349299,0.033577,-0.184704,0.333915,0.139986,0.030242,-0.157214,0.006231,0.114156,0.258741,-0.310767,0.788797,1.483567,0.000000,0.000000,0.283860,-0.255469,0.332637,0.980037,0.209537,0.000000,0.000000
-1.316412,-0.073733,0.860305,-0.047835,0.021482,-0.998433,-0.019522,0.132164,0.042840,-0.003936,0.253694,-0.331307,0.025264,-0.351275,0.035266,-0.182884,0.342602,0.135808,0.030436,-0.157975,0.006270,0.115422,0.258549,-0.311767,0.791077,1.486247,0.000000,0.000000,0.278738,-0.256620,0.335312,0.973020,0.211329,0.000000,0.000000
-1.321747,-0.071833,0.859445,-0.045582,0.021932,-0.998505,-0.020706,0.133302,0.044877,-0.005098,0.255970,-0.330652,0.026026,-0.353426,0.037811,-0.180307,0.352207,0.129344,0.030651,-0.158602,0.006289,0.117125,0.258930,-0.312961,0.793669,1.488989,0.000000,0.000000,0.272675,-0.257970,0.338864,0.964842,0.213785,0.000000,0.000000
-1.327310,-0.069972,0.858580,-0.043297,0.022426,-0.998571,-0.021865,0.134374,0.047132,-0.005024,0.258060,-0.328639,0.026661,-0.355165,0.040545,-0.177658,0.360771,0.121330,0.030821,-0.159269,0.006308,0.119057,0.260076,-0.314450,0.796015,1.491418,0.000000,0.000000,0.266728,-0.259373,0.342234,0.957107,0.216037,0.000000,0.000000
-1.333057,-0.068180,0.857642,-0.041062,0.022694,-0.998633,-0.023045,0.135445,0.049315,-0.003862,0.260127,-0.325260,0.027118,-0.356466,0.043066,-0.175305,0.368801,0.111770,0.030924,-0.159680,0.006314,0.121275,0.261534,-0.316135,0.798333,1.493351,0.000000,0.000000,0.261079,-0.260625,0.345306,0.949896,0.217960,0.000000,0.000000
-1.338937,-0.066499,0.856642,-0.039060,0.022770,-0.998682,-0.024307,0.136661,0.051169,-0.001868,0.262416,-0.320461,0.027366,-0.357177,0.045236,-0.173364,0.376635,0.100716,0.030952,-0.159684,0.006277,0.123851,0.263015,-0.317961,0.800845,1.494794,0.000000,0.000000,0.255620,-0.261764,0.347773,0.943278,0.219279,0.000000,0.000000
-1.344982,-0.064918,0.855548,-0.037184,0.022645,-0.998735,-0.025139,0.137986,0.052822,0.001168,0.264935,-0.314075,0.027417,-0.357493,0.046792,-0.172046,0.384535,0.088384,0.030906,-0.159658,0.006202,0.126607,0.264783,-0.320473,0.803565,1.496564,0.000000,0.000000,0.250312,-0.262814,0.349160,0.937473,0.220040,0.000000,0.000000
-1.351022,-0.063497,0.854313,-0.035473,0.022407,-0.998785,-0.025848,0.139442,0.054274,0.004672,0.268212,-0.304905,0.027368,-0.357377,0.047959,-0.171155,0.393319,0.073735,0.030792,-0.159329,0.006116,0.129802,0.266716,-0.324125,0.806966,1.498736,0.000000,0.000000,0.244708,-0.263680,0.350060,0.931810,0.220314,0.000000,0.000000
-1.357024,-0.062232,0.852988,-0.033636,0.022112,-0.998838,-0.026507,0.140617,0.055274,0.007657,0.271710,-0.293879,0.027305,-0.356935,0.048616,-0.170736,0.401208,0.059568,0.030640,-0.158911,0.006016,0.132772,0.268755,-0.328251,0.810774,1.501145,0.000000,0.000000,0.239579,-0.264424,0.349879,0.927820,0.220021,0.000000,0.000000
-1.362869,-0.060943,0.851646,-0.031910,0.021793,-0.998888,-0.026992,0.141427,0.056102,0.009809,0.275550,-0.281334,0.027349,-0.356145,0.049049,-0.170546,0.408464,0.045950,0.030478,-0.158281,0.005982,0.135365,0.270806,-0.332874,0.815161,1.504113,0.000000,0.000000,0.234737,-0.264654,0.349627,0.925185,0.219712,0.000000,0.000000
-1.368628,-0.059693,0.850226,-0.030224,0.021478,-0.998930,-0.027657,0.141839,0.056756,0.011443,0.280067,-0.266927,0.027452,-0.355069,0.049466,-0.170370,0.415085,0.033321,0.030332,-0.157446,0.005899,0.137863,0.272613,-0.337548,0.820097,1.507296,0.000000,0.000000,0.229830,-0.264420,0.348966,0.923664,0.219480,0.000000,0.000000
-1.374277,-0.058338,0.848646,-0.028503,0.021114,-0.998965,-0.028478,0.141724,0.057435,0.012854,0.285587,-0.249524,0.027640,-0.353690,0.050078,-0.170046,0.421506,0.020703,0.030201,-0.156165,0.005802,0.140223,0.274547,-0.342566,0.826156,1.511138,0.000000,0.000000,0.224184,-0.264056,0.348177,0.923038,0.219630,0.000000,0.000000
-1.379809,-0.056958,0.847082,-0.026886,0.020673,-0.998985,-0.029640,0.141156,0.057896,0.014003,0.291266,-0.232880,0.027789,-0.352114,0.050748,-0.169655,0.426178,0.011016,0.030121,-0.154348,0.005697,0.141784,0.276323,-0.345766,0.831626,1.515323,0.000000,0.000000,0.219086,-0.263586,0.347636,0.923444,0.220182,0.000000,0.000000
-1.385300,-0.055523,0.846183,-0.025242,0.020188,-0.998990,-0.031200,0.139979,0.058339,0.015477,0.298472,-0.212940,0.027917,-0.349993,0.051734,-0.169027,0.430335,0.001532,0.030073,-0.151673,0.005568,0.143115,0.278289,-0.347968,0.837892,1.520391,0.000000,0.000000,0.213179,-0.262903,0.346973,0.924664,0.221503,0.000000,0.000000
-1.390839,-0.054092,0.848290,-0.023457,0.019794,-0.998981,-0.033088,0.138212,0.058751,0.017120,0.306252,-0.191842,0.027999,-0.347650,0.053030,-0.168129,0.432998,-0.006783,0.030051,-0.148598,0.005381,0.144785,0.279255,-0.349154,0.844506,1.524168,0.000000,0.000000,0.207197,-0.261935,0.346375,0.926601,0.223502,0.000000,0.000000
-1.396269,-0.052723,0.852126,-0.021952,0.019351,-0.998964,-0.034862,0.135773,0.059213,0.019962,0.316335,-0.167264,0.027909,-0.344466,0.054451,-0.167177,0.434781,-0.015079,0.030037,-0.144695,0.005184,0.146284,0.280489,-0.349046,0.851405,1.528027,0.000000,0.000000,0.200983,-0.260836,0.346289,0.928788,0.225926,0.000000,0.000000
-1.401575,-0.051293,0.858063,-0.020534,0.018939,-0.998929,-0.036895,0.132838,0.059687,0.022928,0.326906,-0.142435,0.027780,-0.341063,0.056053,-0.166076,0.435356,-0.022688,0.030034,-0.140490,0.004990,0.147522,0.281499,-0.347580,0.857909,1.530919,0.000000,0.000000,0.195070,-0.259610,0.346698,0.931696,0.229160,0.000000,0.000000
-1.406933,-0.050040,0.863583,-0.019053,0.018559,-0.998893,-0.038810,0.129091,0.060059,0.026666,0.339373,-0.114550,0.027482,-0.336998,0.057668,-0.165031,0.434754,-0.030686,0.030003,-0.135807,0.004737,0.149373,0.281992,-0.345372,0.864876,1.532606,0.000000,0.000000,0.188990,-0.258174,0.346934,0.934768,0.232414,0.000000,0.000000
-1.412190,-0.048841,0.869360,-0.017870,0.018225,-0.998860,-0.040338,0.124906,0.060563,0.030981,0.353269,-0.086310,0.027076,-0.332473,0.059080,-0.164180,0.433619,-0.038339,0.029976,-0.131130,0.004517,0.151228,0.282759,-0.342172,0.870916,1.533167,0.000000,0.000000,0.183692,-0.256956,0.347878,0.937498,0.235818,0.000000,0.000000
-1.417252,-0.047637,0.876013,-0.016990,0.017906,-0.998831,-0.041557,0.119809,0.061533,0.036212,0.368860,-0.055189,0.026616,-0.327342,0.060352,-0.163501,0.431926,-0.046358,0.029928,-0.126554,0.004260,0.153338,0.283856,-0.338523,0.876586,1.532928,0.000000,0.000000,0.178610,-0.255997,0.349866,0.940472,0.239374,0.000000,0.000000
-1.422289,-0.046452,0.883505,-0.016176,0.017533,-0.998804,-0.042677,0.114217,0.062768,0.041899,0.385006,-0.022953,0.026101,-0.321964,0.061338,-0.163100,0.429788,-0.053879,0.029881,-0.122288,0.004026,0.155638,0.285289,-0.333809,0.880891,1.532173,0.000000,0.000000,0.173950,-0.255634,0.351129,0.942979,0.242203,0.000000,0.000000
-1.427230,-0.045137,0.891783,-0.015588,0.016773,-0.998767,-0.044049,0.107747,0.064160,0.048828,0.403403,0.013112,0.025349,-0.316057,0.061520,-0.161596,0.427134,-0.061327,0.029403,-0.117412,0.003804,0.158923,0.285362,-0.328659,0.884917,1.529744,0.000000,0.000000,0.170011,-0.255213,0.352623,0.945219,0.244371,0.000000,0.000000
-1.431957,-0.043666,0.896199,-0.015348,0.015667,-0.998711,-0.045772,0.100931,0.065223,0.055991,0.422710,0.049588,0.024386,-0.310030,0.060879,-0.157922,0.424546,-0.067701,0.028342,-0.112216,0.003534,0.162390,0.285130,-0.324074,0.887915,1.526903,0.000000,0.000000,0.166652,-0.255665,0.355490,0.946813,0.245831,0.000000,0.000000
-1.436463,-0.042013,0.900022,-0.015434,0.014512,-0.998632,-0.047815,0.093462,0.066106,0.062773,0.444052,0.086805,0.023366,-0.303645,0.060152,-0.152630,0.421823,-0.073341,0.027023,-0.105783,0.003247,0.166306,0.285261,-0.318978,0.889655,1.523870,0.000000,0.000000,0.164009,-0.256925,0.359327,0.947499,0.246553,0.000000,0.000000
-1.440846,-0.040047,0.903887,-0.015592,0.013360,-0.998536,-0.050038,0.086268,0.067282,0.068520,0.464680,0.119242,0.022567,-0.297531,0.059766,-0.147007,0.419020,-0.077524,0.025799,-0.099168,0.002984,0.169648,0.286377,-0.313463,0.889454,1.521339,0.000000,0.000000,0.162146,-0.258797,0.363640,0.947049,0.247025,0.000000,0.000000
-1.445239,-0.037978,0.907742,-0.015774,0.012446,-0.998419,-0.052498,0.078814,0.068741,0.073616,0.486232,0.146610,0.021924,-0.291122,0.060040,-0.141016,0.415663,-0.080972,0.024703,-0.092057,0.002680,0.174222,0.286873,-0.308318,0.888863,1.516751,0.000000,0.000000,0.160536,-0.260895,0.368703,0.945953,0.247979,0.000000,0.000000
-1.449659,-0.035704,0.911657,-0.016146,0.011528,-0.998281,-0.055144,0.071588,0.070262,0.076862,0.507263,0.163059,0.021635,-0.284588,0.060732,-0.135115,0.411937,-0.083704,0.023758,-0.084806,0.002395,0.178370,0.287612,-0.303835,0.887650,1.511046,0.000000,0.000000,0.159362,-0.263500,0.373445,0.944165,0.248091,0.000000,0.000000
-1.454155,-0.033477,0.915506,-0.016779,0.010734,-0.998150,-0.057451,0.064551,0.072191,0.081430,0.528900,0.168087,0.021210,-0.277811,0.061510,-0.129848,0.408178,-0.086282,0.022970,-0.077305,0.002102,0.182968,0.288388,-0.299629,0.885119,1.505960,0.000000,0.000000,0.158888,-0.266493,0.379309,0.941183,0.248708,0.000000,0.000000
-1.458671,-0.031157,0.919278,-0.017802,0.009910,-0.998004,-0.059775,0.057227,0.074676,0.087514,0.553201,0.164664,0.020658,-0.270243,0.062278,-0.124730,0.404590,-0.088394,0.022239,-0.069523,0.001827,0.188222,0.289487,-0.296367,0.882042,1.500466,0.000000,0.000000,0.159156,-0.269926,0.385307,0.937944,0.250404,0.000000,0.000000
-1.463246,-0.028875,0.922914,-0.018851,0.009266,-0.997833,-0.062352,0.049678,0.077481,0.094282,0.579477,0.155991,0.020059,-0.262286,0.063183,-0.119392,0.400742,-0.090273,0.021510,-0.061722,0.001556,0.193689,0.290402,-0.291849,0.878362,1.496125,0.000000,0.000000,0.159570,-0.273203,0.390592,0.933921,0.252771,0.000000,0.000000
-1.467681,-0.026559,0.926403,-0.020045,0.008647,-0.997654,-0.064876,0.041477,0.080741,0.101693,0.608475,0.143882,0.019447,-0.253648,0.064288,-0.113838,0.396130,-0.092479,0.020797,-0.053268,0.001264,0.199669,0.291188,-0.287438,0.874229,1.492544,0.000000,0.000000,0.160129,-0.276990,0.396397,0.929612,0.255107,0.000000,0.000000
-1.472042,-0.024579,0.929708,-0.021426,0.008126,-0.997456,-0.067505,0.033390,0.083487,0.107859,0.637534,0.133728,0.018888,-0.245154,0.065091,-0.108725,0.391633,-0.094150,0.020097,-0.044814,0.000956,0.205284,0.292226,-0.283845,0.870745,1.489584,0.000000,0.000000,0.160670,-0.281155,0.402005,0.925671,0.256937,0.000000,0.000000
-1.476248,-0.022839,0.932845,-0.022826,0.007453,-0.997241,-0.070248,0.025215,0.085462,0.113194,0.666133,0.126198,0.018226,-0.236832,0.065364,-0.103913,0.386878,-0.095500,0.019331,-0.036495,0.000646,0.210574,0.293019,-0.280391,0.867578,1.487382,0.000000,0.000000,0.161176,-0.285295,0.406778,0.921828,0.258308,0.000000,0.000000
-1.480290,-0.021295,0.935843,-0.024312,0.006698,-0.997024,-0.072857,0.016952,0.086687,0.117247,0.693727,0.120729,0.017558,-0.228719,0.065140,-0.099277,0.382044,-0.096355,0.018484,-0.028090,0.000364,0.215529,0.294135,-0.277351,0.864627,1.486160,0.000000,0.000000,0.161294,-0.289805,0.410893,0.918153,0.259191,0.000000,0.000000
-1.484315,-0.019823,0.938755,-0.025631,0.005908,-0.996821,-0.075208,0.009020,0.087604,0.120565,0.718392,0.116085,0.016934,-0.221209,0.064592,-0.095433,0.377310,-0.096660,0.017715,-0.020286,0.000090,0.219631,0.295070,-0.274667,0.862121,1.485930,0.000000,0.000000,0.161259,-0.294189,0.413623,0.914660,0.260002,0.000000,0.000000
-1.488199,-0.018467,0.941573,-0.027098,0.005032,-0.996615,-0.077449,0.000824,0.088249,0.123779,0.742731,0.110977,0.016228,-0.213538,0.063607,-0.091929,0.372360,-0.096677,0.016916,-0.012420,-0.000158,0.224336,0.295142,-0.272360,0.860093,1.486324,0.000000,0.000000,0.161532,-0.298194,0.415472,0.911029,0.261283,0.000000,0.000000
-1.491890,-0.017011,0.944266,-0.028512,0.004169,-0.996425,-0.079419,-0.006962,0.089207,0.128100,0.764135,0.101897,0.015408,-0.206331,0.062718,-0.089230,0.367458,-0.096194,0.016294,-0.005188,-0.000394,0.227689,0.295250,-0.269853,0.858656,1.487265,0.000000,0.000000,0.161450,-0.302877,0.416454,0.907647,0.261849,0.000000,0.000000
-1.495560,-0.015687,0.946873,-0.029854,0.003356,-0.996210,-0.081623,-0.015575,0.089979,0.131996,0.787112,0.092383,0.014580,-0.198529,0.061714,-0.086184,0.361625,-0.095923,0.015574,0.002873,-0.000639,0.231002,0.295629,-0.267243,0.857411,1.488143,0.000000,0.000000,0.161520,-0.307686,0.417313,0.903756,0.262987,0.000000,0.000000
-1.499064,-0.014276,0.949491,-0.031409,0.002567,-0.995951,-0.084197,-0.023801,0.090924,0.135893,0.808327,0.081887,0.013804,-0.190895,0.060842,-0.082307,0.356252,-0.095375,0.014730,0.010387,-0.000874,0.234607,0.294875,-0.263113,0.857195,1.486733,0.000000,0.000000,0.161531,-0.312042,0.417701,0.899582,0.263777,0.000000,0.000000
-1.502737,-0.012906,0.952101,-0.032491,0.001836,-0.995756,-0.086091,-0.031525,0.092045,0.139186,0.826161,0.070479,0.013223,-0.183969,0.060086,-0.079572,0.351080,-0.095141,0.014121,0.017297,-0.001073,0.237049,0.295834,-0.260274,0.856023,1.488092,0.000000,0.000000,0.161355,-0.316654,0.416708,0.895628,0.265735,0.000000,0.000000
-1.506302,-0.011581,0.954680,-0.033686,0.001088,-0.995540,-0.088115,-0.039453,0.093389,0.142817,0.843349,0.057483,0.012626,-0.176843,0.059217,-0.076994,0.346059,-0.093540,0.013524,0.024605,-0.001328,0.239653,0.296297,-0.256609,0.855154,1.488977,0.000000,0.000000,0.161162,-0.321041,0.415319,0.891574,0.268120,0.000000,0.000000
-1.509724,-0.010377,0.957153,-0.034972,0.000420,-0.995293,-0.090384,-0.047397,0.094664,0.146331,0.859615,0.044070,0.012024,-0.169754,0.058330,-0.074248,0.341016,-0.091895,0.012892,0.031949,-0.001565,0.242227,0.296770,-0.252496,0.854499,1.489185,0.000000,0.000000,0.160845,-0.325688,0.413476,0.887584,0.270994,0.000000,0.000000
-1.513062,-0.009038,0.959413,-0.036249,-0.000284,-0.995050,-0.092533,-0.055292,0.096105,0.149878,0.874617,0.030596,0.011457,-0.162811,0.057560,-0.071232,0.335619,-0.090830,0.012232,0.039122,-0.001803,0.244838,0.296939,-0.249047,0.854325,1.488970,0.000000,0.000000,0.160507,-0.330284,0.411592,0.883501,0.273949,0.000000,0.000000
-1.516386,-0.007737,0.961467,-0.037456,-0.001082,-0.994813,-0.094570,-0.063163,0.097595,0.153757,0.888182,0.017401,0.010821,-0.155987,0.056565,-0.068586,0.330051,-0.089603,0.011577,0.046168,-0.002015,0.247285,0.296908,-0.245989,0.854553,1.488357,0.000000,0.000000,0.160311,-0.334474,0.409310,0.879705,0.277177,0.000000,0.000000
-1.519675,-0.006508,0.963421,-0.038425,-0.001835,-0.994577,-0.096622,-0.071072,0.099039,0.157597,0.900039,0.005030,0.010167,-0.149380,0.055544,-0.066061,0.324269,-0.088259,0.010933,0.053139,-0.002230,0.249195,0.296644,-0.242171,0.855524,1.487484,0.000000,0.000000,0.160179,-0.338533,0.406229,0.875635,0.279742,0.000000,0.000000
-1.522683,-0.005403,0.965326,-0.039522,-0.002665,-0.994329,-0.098692,-0.078943,0.100205,0.161338,0.910213,-0.006313,0.009438,-0.142943,0.054409,-0.063428,0.318470,-0.086815,0.010231,0.060084,-0.002444,0.250702,0.296355,-0.239381,0.856853,1.487020,0.000000,0.000000,0.159365,-0.342491,0.404415,0.872235,0.282795,0.000000,0.000000
-1.525609,-0.004456,0.967150,-0.040473,-0.003344,-0.994097,-0.100613,-0.086784,0.101299,0.165104,0.918376,-0.016692,0.008674,-0.136713,0.053260,-0.060735,0.312625,-0.085768,0.009512,0.066765,-0.002635,0.252056,0.295738,-0.237230,0.858526,1.486430,0.000000,0.000000,0.158225,-0.346331,0.402982,0.869386,0.286332,0.000000,0.000000
-1.528523,-0.003604,0.968791,-0.041246,-0.004142,-0.993874,-0.102447,-0.094609,0.102321,0.169418,0.924607,-0.026473,0.007757,-0.130765,0.051777,-0.058656,0.306645,-0.084509,0.008814,0.073297,-0.002859,0.252844,0.294918,-0.235007,0.860334,1.486073,0.000000,0.000000,0.156841,-0.350300,0.400952,0.866628,0.288761,0.000000,0.000000
-1.531434,-0.002827,0.970260,-0.041680,-0.004956,-0.993665,-0.104247,-0.102489,0.103122,0.173836,0.928608,-0.035597,0.006743,-0.125165,0.050134,-0.056738,0.300220,-0.082869,0.008096,0.079447,-0.003039,0.253278,0.293225,-0.232606,0.862960,1.484989,0.000000,0.000000,0.155265,-0.353745,0.397972,0.864040,0.291367,0.000000,0.000000
-1.534170,-0.002199,0.971580,-0.042151,-0.005798,-0.993478,-0.105784,-0.110391,0.103541,0.178066,0.930426,-0.044275,0.005651,-0.119851,0.048279,-0.055267,0.293811,-0.080899,0.007401,0.085521,-0.003229,0.252972,0.291575,-0.231162,0.865964,1.483269,0.000000,0.000000,0.153421,-0.357216,0.395648,0.861909,0.293809,0.000000,0.000000
-1.536753,-0.001664,0.972708,-0.041998,-0.006553,-0.993326,-0.107227,-0.119637,0.103906,0.183032,0.931120,-0.054717,0.004336,-0.114208,0.046407,-0.053772,0.284375,-0.077670,0.006695,0.091948,-0.003406,0.251550,0.289617,-0.230418,0.870238,1.482135,0.000000,0.000000,0.151301,-0.360963,0.392550,0.859537,0.295027,0.000000,0.000000
-1.539242,-0.001391,0.973783,-0.042016,-0.007321,-0.993197,-0.108359,-0.128255,0.103544,0.186785,0.928765,-0.064396,0.003096,-0.109314,0.044403,-0.052723,0.276145,-0.074131,0.006026,0.097698,-0.003548,0.249631,0.287487,-0.230600,0.874243,1.481716,0.000000,0.000000,0.148965,-0.363934,0.390206,0.857704,0.297410,0.000000,0.000000
-1.541798,-0.001236,0.974766,-0.041731,-0.008083,-0.993072,-0.109552,-0.136449,0.102722,0.190315,0.923365,-0.073072,0.001796,-0.105041,0.042272,-0.052014,0.268531,-0.070880,0.005380,0.102762,-0.003664,0.247568,0.284863,-0.231109,0.879104,1.481634,0.000000,0.000000,0.146833,-0.366593,0.387524,0.855790,0.299412,0.000000,0.000000
-1.544222,-0.001173,0.975615,-0.041567,-0.008922,-0.992963,-0.110527,-0.144305,0.101339,0.193426,0.915332,-0.080746,0.000454,-0.101107,0.039984,-0.051333,0.261509,-0.068218,0.004693,0.107728,-0.003760,0.245003,0.282400,-0.232103,0.883743,1.482419,0.000000,0.000000,0.144465,-0.369260,0.385306,0.854295,0.300859,0.000000,0.000000
-1.546783,-0.001204,0.976369,-0.041048,-0.009641,-0.992878,-0.111425,-0.152280,0.099626,0.196766,0.904162,-0.087803,-0.001013,-0.097343,0.037584,-0.050883,0.254173,-0.065791,0.004018,0.112591,-0.003893,0.242310,0.279562,-0.232790,0.888595,1.483426,0.000000,0.000000,0.142258,-0.371892,0.382737,0.852544,0.301440,0.000000,0.000000
-1.549269,-0.001318,0.977042,-0.040772,-0.010365,-0.992774,-0.112385,-0.159099,0.097731,0.199626,0.892044,-0.093271,-0.002368,-0.094092,0.035332,-0.050459,0.248223,-0.063836,0.003378,0.116590,-0.003990,0.239802,0.276999,-0.233533,0.893135,1.484603,0.000000,0.000000,0.140072,-0.374120,0.381401,0.851128,0.302227,0.000000,0.000000
-1.551882,-0.001612,0.977649,-0.040297,-0.011056,-0.992679,-0.113325,-0.166050,0.095192,0.202190,0.876639,-0.098387,-0.003807,-0.090827,0.032760,-0.050266,0.242173,-0.061941,0.002698,0.121232,-0.004082,0.236862,0.273708,-0.234887,0.898645,1.484676,0.000000,0.000000,0.138174,-0.376372,0.379748,0.849715,0.302673,0.000000,0.000000
-1.554593,-0.001765,0.978143,-0.039556,-0.011684,-0.992609,-0.114135,-0.172405,0.092886,0.205452,0.859522,-0.102693,-0.005281,-0.087866,0.030464,-0.050365,0.236260,-0.060266,0.002141,0.125397,-0.004179,0.234059,0.270676,-0.235341,0.903123,1.485392,0.000000,0.000000,0.136681,-0.378189,0.377734,0.848078,0.302802,0.000000,0.000000
-1.557280,-0.001810,0.978540,-0.039038,-0.012301,-0.992552,-0.114742,-0.177874,0.090936,0.209227,0.842133,-0.105536,-0.006724,-0.085071,0.028440,-0.050469,0.231194,-0.059116,0.001648,0.128639,-0.004220,0.231120,0.268562,-0.236718,0.907298,1.487437,0.000000,0.000000,0.134981,-0.379806,0.376572,0.846446,0.303557,0.000000,0.000000
-1.560062,-0.001851,0.978878,-0.038390,-0.012863,-0.992507,-0.115281,-0.183348,0.088876,0.213019,0.821218,-0.107957,-0.008135,-0.082056,0.026390,-0.050724,0.225720,-0.058246,0.001177,0.132513,-0.004322,0.227625,0.265917,-0.238611,0.911892,1.488982,0.000000,0.000000,0.133221,-0.381417,0.375541,0.844906,0.304795,0.000000,0.000000
-1.563044,-0.001877,0.979133,-0.037384,-0.013292,-0.992469,-0.115895,-0.188315,0.087081,0.217348,0.798731,-0.110877,-0.009521,-0.079254,0.024663,-0.051368,0.220173,-0.057584,0.000849,0.136108,-0.004410,0.223997,0.263513,-0.238899,0.916360,1.490516,0.000000,0.000000,0.131859,-0.383045,0.374016,0.843300,0.305345,0.000000,0.000000
-1.566019,-0.001859,0.979322,-0.036580,-0.013655,-0.992430,-0.116437,-0.192619,0.085491,0.222039,0.775078,-0.113818,-0.010852,-0.076416,0.023134,-0.051935,0.214947,-0.057275,0.000555,0.139380,-0.004504,0.220570,0.260925,-0.239738,0.920772,1.491821,0.000000,0.000000,0.130436,-0.384094,0.373426,0.841577,0.305416,0.000000,0.000000
-1.569181,-0.001811,0.979457,-0.035405,-0.014013,-0.992369,-0.117280,-0.196638,0.083961,0.227472,0.748664,-0.116688,-0.012231,-0.073592,0.021635,-0.052791,0.209366,-0.057302,0.000310,0.142769,-0.004585,0.217363,0.257630,-0.238563,0.924955,1.493361,0.000000,0.000000,0.129238,-0.385062,0.371721,0.839865,0.303947,0.000000,0.000000
-1.572162,-0.001692,0.979519,-0.034678,-0.014322,-0.992346,-0.117653,-0.199740,0.082638,0.232360,0.723058,-0.118710,-0.013384,-0.070822,0.020360,-0.053294,0.204586,-0.057401,0.000065,0.145539,-0.004602,0.214182,0.255187,-0.239384,0.928936,1.493968,0.000000,0.000000,0.128381,-0.385484,0.372429,0.838375,0.304172,0.000000,0.000000
-1.575400,-0.001666,0.979542,-0.033600,-0.014526,-0.992332,-0.118060,-0.202566,0.081139,0.237558,0.693860,-0.120767,-0.014525,-0.067883,0.019035,-0.054592,0.199376,-0.057538,-0.000058,0.148779,-0.004700,0.210314,0.252723,-0.239249,0.932860,1.493913,0.000000,0.000000,0.127466,-0.385848,0.373221,0.837719,0.304647,0.000000,0.000000
-1.578742,-0.001641,0.979504,-0.032416,-0.014717,-0.992326,-0.118412,-0.204765,0.079546,0.242062,0.665279,-0.121924,-0.015504,-0.065192,0.017921,-0.055588,0.194293,-0.057788,-0.000184,0.151300,-0.004734,0.206579,0.250754,-0.238519,0.936090,1.495314,0.000000,0.000000,0.126283,-0.386329,0.373370,0.836277,0.303174,0.000000,0.000000
-1.582102,-0.001771,0.979405,-0.031190,-0.014794,-0.992322,-0.118770,-0.206654,0.077587,0.246541,0.632980,-0.122230,-0.016445,-0.062393,0.016731,-0.057255,0.188859,-0.058124,-0.000219,0.154266,-0.004811,0.202639,0.248287,-0.238218,0.939558,1.496215,0.000000,0.000000,0.125449,-0.386747,0.374295,0.834712,0.300016,0.000000,0.000000
-1.585550,-0.002106,0.979238,-0.029727,-0.014840,-0.992323,-0.119128,-0.208109,0.075126,0.249972,0.599616,-0.121365,-0.017221,-0.059856,0.015398,-0.059377,0.183288,-0.058865,-0.000219,0.157327,-0.004894,0.198432,0.246287,-0.236420,0.942375,1.497235,0.000000,0.000000,0.124882,-0.386692,0.373707,0.833399,0.297290,0.000000,0.000000
-1.588897,-0.002566,0.979006,-0.028455,-0.014859,-0.992311,-0.119530,-0.209025,0.072294,0.252648,0.564873,-0.121231,-0.017846,-0.057415,0.013930,-0.061751,0.178235,-0.059380,-0.000213,0.159977,-0.004966,0.194436,0.244254,-0.234927,0.945280,1.497481,0.000000,0.000000,0.123830,-0.386261,0.373690,0.833045,0.295456,0.000000,0.000000
-1.592490,-0.003145,0.978715,-0.026840,-0.014722,-0.992337,-0.119709,-0.209584,0.069219,0.254397,0.529041,-0.119892,-0.018254,-0.055073,0.012478,-0.064373,0.173065,-0.059910,-0.000159,0.162429,-0.005021,0.190532,0.242234,-0.232461,0.947511,1.497949,0.000000,0.000000,0.123486,-0.385432,0.372660,0.832276,0.293270,0.000000,0.000000
-1.595999,-0.003792,0.978350,-0.025398,-0.014572,-0.992353,-0.119910,-0.209651,0.065941,0.255294,0.492217,-0.117766,-0.018483,-0.052747,0.010959,-0.067223,0.168095,-0.060595,-0.000090,0.164673,-0.005077,0.186718,0.240111,-0.230291,0.950001,1.497592,0.000000,0.000000,0.122478,-0.384380,0.372721,0.832548,0.290754,0.000000,0.000000
-1.599635,-0.004453,0.977902,-0.023654,-0.014296,-0.992372,-0.120141,-0.209446,0.062723,0.255826,0.454273,-0.114140,-0.018571,-0.050528,0.009549,-0.070486,0.162883,-0.061265,0.000077,0.166841,-0.005136,0.182943,0.238077,-0.227297,0.951906,1.497050,0.000000,0.000000,0.121660,-0.383175,0.372338,0.832766,0.286844,0.000000,0.000000
-1.603250,-0.005187,0.977375,-0.021832,-0.013888,-0.992415,-0.120179,-0.208944,0.059474,0.255416,0.414647,-0.110847,-0.018411,-0.048373,0.008290,-0.074115,0.157402,-0.061970,0.000336,0.168637,-0.005166,0.179050,0.236424,-0.224038,0.953153,1.497007,0.000000,0.000000,0.120813,-0.381471,0.371775,0.833700,0.283277,0.000000,0.000000
-1.607007,-0.005851,0.976782,-0.019863,-0.013471,-0.992469,-0.120126,-0.208105,0.056320,0.255477,0.375068,-0.107041,-0.018275,-0.046206,0.007116,-0.078254,0.151572,-0.062663,0.000696,0.170641,-0.005257,0.174947,0.234444,-0.220723,0.954377,1.497029,0.000000,0.000000,0.119542,-0.379640,0.371007,0.834627,0.278088,0.000000,0.000000
-1.610891,-0.006337,0.976184,-0.017830,-0.012936,-0.992516,-0.120114,-0.206935,0.053698,0.255441,0.335970,-0.103208,-0.017958,-0.043966,0.006283,-0.082203,0.145647,-0.063414,0.001106,0.171866,-0.005272,0.171038,0.232468,-0.215868,0.955711,1.495694,0.000000,0.000000,0.118149,-0.376994,0.368713,0.836528,0.275349,0.000000,0.000000
-1.614924,-0.006785,0.975593,-0.016007,-0.012364,-0.992613,-0.119624,-0.205423,0.051466,0.254756,0.299934,-0.099127,-0.017493,-0.041564,0.005537,-0.086447,0.140362,-0.064250,0.001585,0.172992,-0.005274,0.167802,0.230834,-0.211764,0.956292,1.495436,0.000000,0.000000,0.117712,-0.373830,0.366114,0.838828,0.272041,0.000000,0.000000
-1.618996,-0.007120,0.974979,-0.014129,-0.011687,-0.992681,-0.119369,-0.203591,0.049660,0.253898,0.264213,-0.094049,-0.016908,-0.039046,0.005143,-0.090486,0.134985,-0.065358,0.002114,0.173859,-0.005302,0.164141,0.229245,-0.208503,0.957154,1.494862,0.000000,0.000000,0.116299,-0.371249,0.365293,0.841699,0.267443,0.000000,0.000000
-1.623249,-0.007454,0.974350,-0.012275,-0.010998,-0.992775,-0.118851,-0.201661,0.048032,0.253254,0.231761,-0.087715,-0.016437,-0.036618,0.004808,-0.094287,0.130342,-0.066460,0.002620,0.174133,-0.005330,0.160980,0.227745,-0.205131,0.958092,1.493786,0.000000,0.000000,0.115193,-0.367967,0.363192,0.845106,0.265445,0.000000,0.000000
-1.627534,-0.007634,0.973762,-0.010676,-0.010213,-0.992866,-0.118313,-0.199329,0.046879,0.252736,0.200458,-0.080667,-0.015918,-0.034001,0.004720,-0.097955,0.126308,-0.067907,0.003165,0.173944,-0.005323,0.157910,0.226155,-0.201684,0.959082,1.492460,0.000000,0.000000,0.114366,-0.364541,0.361657,0.848810,0.263342,0.000000,0.000000
-1.631950,-0.007715,0.973213,-0.009165,-0.009486,-0.992987,-0.117487,-0.196905,0.046060,0.252332,0.173303,-0.074226,-0.015454,-0.031401,0.004704,-0.101500,0.123133,-0.069690,0.003714,0.173752,-0.005290,0.155247,0.224509,-0.198916,0.960290,1.491598,0.000000,0.000000,0.114088,-0.360971,0.359734,0.852696,0.260798,0.000000,0.000000
-1.636461,-0.007753,0.972686,-0.007578,-0.008674,-0.993103,-0.116675,-0.194525,0.045560,0.251497,0.149545,-0.068105,-0.014937,-0.028859,0.004899,-0.104168,0.120400,-0.071746,0.004173,0.173143,-0.005255,0.152907,0.222894,-0.196169,0.961187,1.490917,0.000000,0.000000,0.113672,-0.357521,0.357952,0.856915,0.258285,0.000000,0.000000
-1.640911,-0.007548,0.972190,-0.006217,-0.007877,-0.993259,-0.115480,-0.191936,0.045333,0.251947,0.127300,-0.062938,-0.014594,-0.026106,0.005342,-0.107036,0.118177,-0.074331,0.004721,0.172052,-0.005233,0.150583,0.221238,-0.193499,0.962367,1.490810,0.000000,0.000000,0.112885,-0.353619,0.356085,0.862274,0.255551,0.000000,0.000000
-1.645504,-0.007476,0.971673,-0.004873,-0.007083,-0.993368,-0.114659,-0.189731,0.045012,0.253183,0.111491,-0.058845,-0.014542,-0.023875,0.005712,-0.108991,0.116896,-0.076725,0.005113,0.171022,-0.005196,0.148479,0.219653,-0.191444,0.963972,1.490668,0.000000,0.000000,0.112375,-0.350441,0.355076,0.867239,0.253742,0.000000,0.000000
-1.650231,-0.007467,0.971164,-0.003543,-0.006230,-0.993529,-0.113351,-0.187291,0.044486,0.254746,0.096653,-0.054645,-0.014613,-0.021539,0.006127,-0.111087,0.116236,-0.079849,0.005537,0.169971,-0.005151,0.146217,0.217997,-0.189433,0.965537,1.490970,0.000000,0.000000,0.112139,-0.346855,0.353433,0.872978,0.251219,0.000000,0.000000
-1.654981,-0.007596,0.970662,-0.002294,-0.005365,-0.993687,-0.112034,-0.185011,0.043798,0.255865,0.085470,-0.051979,-0.014714,-0.019580,0.006478,-0.112635,0.116532,-0.083096,0.005857,0.168510,-0.005106,0.144562,0.216367,-0.187934,0.967029,1.490945,0.000000,0.000000,0.112171,-0.343541,0.351610,0.878204,0.249266,0.000000,0.000000
-1.659653,-0.007875,0.970145,-0.001166,-0.004543,-0.993849,-0.110643,-0.182908,0.042962,0.256528,0.077393,-0.047106,-0.014883,-0.017950,0.006671,-0.113828,0.117493,-0.086400,0.006084,0.167210,-0.005055,0.143236,0.214916,-0.186965,0.968526,1.491231,0.000000,0.000000,0.112582,-0.340294,0.350189,0.883252,0.247176,0.000000,0.000000
-1.664219,-0.008329,0.969627,0.000093,-0.003777,-0.993956,-0.109711,-0.179913,0.041647,0.256735,0.068505,-0.039461,-0.015121,-0.016205,0.006799,-0.115018,0.119521,-0.091105,0.006287,0.165379,-0.004993,0.141158,0.212662,-0.185716,0.970921,1.490745,0.000000,0.000000,0.112889,-0.335963,0.348250,0.890459,0.246133,0.000000,0.000000
-1.668653,-0.008979,0.969026,0.001188,-0.002917,-0.994088,-0.108533,-0.176939,0.040346,0.255246,0.062174,-0.031233,-0.015156,-0.014892,0.006880,-0.115522,0.122638,-0.095849,0.006369,0.163763,-0.004921,0.139016,0.210798,-0.185342,0.973580,1.490726,0.000000,0.000000,0.113095,-0.332200,0.346949,0.897252,0.244859,0.000000,0.000000
-1.673400,-0.009697,0.968596,0.002064,-0.002169,-0.994221,-0.107312,-0.172360,0.038927,0.249820,0.056145,-0.016135,-0.014741,-0.013436,0.006598,-0.115497,0.129121,-0.103182,0.006270,0.161383,-0.004812,0.136775,0.208129,-0.185209,0.977347,1.490903,0.000000,0.000000,0.114228,-0.326290,0.344690,0.907409,0.243244,0.000000,0.000000
-1.678130,-0.009838,0.968410,0.002781,-0.001577,-0.994359,-0.106014,-0.168213,0.039348,0.241656,0.052456,-0.002880,-0.013557,-0.012515,0.006511,-0.114882,0.136506,-0.110109,0.006143,0.158945,-0.004714,0.134987,0.205800,-0.185047,0.981293,1.490943,0.000000,0.000000,0.115629,-0.321118,0.342240,0.916510,0.241441,0.000000,0.000000
-1.682922,-0.010111,0.968309,0.003181,-0.000985,-0.994553,-0.104175,-0.164525,0.040200,0.234400,0.049871,0.007499,-0.012480,-0.011879,0.006375,-0.114583,0.145294,-0.117204,0.006069,0.155889,-0.004617,0.133502,0.203662,-0.184934,0.985539,1.491568,0.000000,0.000000,0.117153,-0.316389,0.339567,0.925280,0.238671,0.000000,0.000000
-1.687620,-0.010307,0.968315,0.003259,-0.000534,-0.994822,-0.101576,-0.161512,0.040663,0.230804,0.048305,0.012088,-0.012023,-0.011555,0.006319,-0.115091,0.155037,-0.123682,0.006160,0.152021,-0.004474,0.132421,0.201653,-0.185316,0.989742,1.492474,0.000000,0.000000,0.118838,-0.312173,0.336810,0.933115,0.236724,0.000000,0.000000
-1.692292,-0.010772,0.968589,0.002967,-0.000524,-0.995057,-0.099256,-0.157677,0.040612,0.225160,0.047898,0.016781,-0.011362,-0.011485,0.005579,-0.115930,0.169290,-0.131801,0.006157,0.147595,-0.004321,0.131565,0.199188,-0.187153,0.995307,1.493602,0.000000,0.000000,0.121379,-0.308022,0.334160,0.942775,0.234099,0.000000,0.000000
-1.696758,-0.011762,0.969060,0.002759,-0.000800,-0.995279,-0.097016,-0.154092,0.039618,0.215557,0.047449,0.020010,-0.010226,-0.012079,0.004075,-0.116356,0.184296,-0.139134,0.005906,0.143499,-0.004164,0.130906,0.196758,-0.189667,1.000738,1.493901,0.000000,0.000000,0.124164,-0.304676,0.330993,0.951606,0.233636,0.000000,0.000000
-1.701110,-0.013339,0.969696,0.002155,-0.001264,-0.995512,-0.094602,-0.150516,0.037169,0.203571,0.048479,0.021455,-0.009044,-0.013185,0.001324,-0.116931,0.201925,-0.146810,0.005384,0.139709,-0.004043,0.130316,0.193985,-0.193908,1.007017,1.492904,0.000000,0.000000,0.127493,-0.302256,0.327585,0.960964,0.232282,0.000000,0.000000
-1.705391,-0.014883,0.970428,0.001548,-0.001979,-0.995800,-0.091519,-0.147396,0.033825,0.193238,0.051111,0.020384,-0.008314,-0.014721,-0.001970,-0.117503,0.220547,-0.154493,0.004735,0.135704,-0.003879,0.129541,0.190936,-0.199442,1.013798,1.490219,0.000000,0.000000,0.131323,-0.300282,0.325485,0.970673,0.233084,0.000000,0.000000
-1.709665,-0.016445,0.971112,0.000638,-0.002569,-0.996096,-0.088237,-0.144293,0.030094,0.184122,0.055941,0.016366,-0.007840,-0.016713,-0.005646,-0.119582,0.242563,-0.162071,0.004274,0.130974,-0.003638,0.128949,0.187942,-0.205348,1.021006,1.488774,0.000000,0.000000,0.136576,-0.298083,0.319834,0.978984,0.233713,0.000000,0.000000
-1.713940,-0.018102,0.971777,-0.000437,-0.003162,-0.996386,-0.084882,-0.141332,0.026378,0.175138,0.061839,0.009798,-0.007336,-0.018997,-0.009544,-0.122529,0.266089,-0.168854,0.003916,0.126193,-0.003427,0.128589,0.185559,-0.212672,1.028108,1.490141,0.000000,0.000000,0.142359,-0.296489,0.313821,0.985399,0.234072,0.000000,0.000000
-1.718175,-0.019671,0.972387,-0.001581,-0.003654,-0.996664,-0.081514,-0.138209,0.022632,0.166452,0.068398,0.001153,-0.006855,-0.021818,-0.013607,-0.126622,0.292823,-0.174135,0.003747,0.120920,-0.003157,0.127985,0.183070,-0.220202,1.035477,1.490953,0.000000,0.000000,0.149671,-0.294617,0.307840,0.990593,0.235430,0.000000,0.000000
-1.722295,-0.021141,0.973006,-0.003007,-0.004113,-0.996934,-0.078078,-0.134907,0.019174,0.158024,0.074782,-0.007955,-0.006332,-0.024946,-0.017645,-0.131803,0.321181,-0.176593,0.003802,0.116060,-0.002897,0.127589,0.180601,-0.227319,1.042166,1.492251,0.000000,0.000000,0.157598,-0.292288,0.301845,0.994492,0.236552,0.000000,0.000000
-1.726380,-0.022400,0.973619,-0.004158,-0.004242,-0.997191,-0.074668,-0.131262,0.016323,0.148950,0.080055,-0.017291,-0.005539,-0.028903,-0.021156,-0.137639,0.351741,-0.176361,0.004164,0.110292,-0.002635,0.126828,0.178209,-0.232000,1.049042,1.493376,0.000000,0.000000,0.165761,-0.290147,0.295596,0.996104,0.237633,0.000000,0.000000
-1.730444,-0.023552,0.974246,-0.005269,-0.004274,-0.997402,-0.071719,-0.127347,0.014039,0.139598,0.083560,-0.025795,-0.004573,-0.033554,-0.024309,-0.143740,0.382546,-0.172129,0.004699,0.104347,-0.002399,0.125649,0.176107,-0.235904,1.055271,1.496536,0.000000,0.000000,0.173992,-0.288024,0.290724,0.996080,0.238525,0.000000,0.000000
-1.734467,-0.024615,0.974971,-0.006912,-0.003987,-0.997608,-0.068663,-0.122840,0.012356,0.130332,0.086771,-0.033335,-0.003496,-0.038555,-0.027119,-0.149357,0.414874,-0.164186,0.005295,0.098413,-0.002164,0.124815,0.173546,-0.237735,1.061922,1.496364,0.000000,0.000000,0.182337,-0.285424,0.288438,0.995191,0.240177,0.000000,0.000000
-1.737995,-0.025902,0.975624,-0.008827,-0.003628,-0.997799,-0.065622,-0.117534,0.010562,0.120069,0.088937,-0.040487,-0.002300,-0.045973,-0.030715,-0.156808,0.454270,-0.151335,0.006143,0.090497,-0.001871,0.124508,0.171056,-0.239036,1.068940,1.498268,0.000000,0.000000,0.192146,-0.282937,0.287337,0.992667,0.241098,0.000000,0.000000
-1.741691,-0.026786,0.976472,-0.010585,-0.003047,-0.997946,-0.063102,-0.112428,0.009642,0.110434,0.090584,-0.046454,-0.001008,-0.053241,-0.033358,-0.162046,0.491400,-0.132664,0.006901,0.082807,-0.001611,0.124124,0.169393,-0.239269,1.074976,1.501832,0.000000,0.000000,0.199514,-0.280554,0.288756,0.990986,0.240345,0.000000,0.000000
-1.745576,-0.027576,0.977483,-0.012336,-0.002142,-0.998090,-0.060500,-0.107063,0.009421,0.100997,0.091874,-0.051526,0.000398,-0.060489,-0.035269,-0.166394,0.527586,-0.110480,0.007742,0.074649,-0.001334,0.124885,0.168303,-0.238126,1.079450,1.506114,0.000000,0.000000,0.206635,-0.277679,0.290548,0.988928,0.237566,0.000000,0.000000
-1.749418,-0.028348,0.978641,-0.014506,-0.001228,-0.998193,-0.058294,-0.101008,0.009390,0.090574,0.093070,-0.055991,0.001984,-0.067933,-0.036884,-0.168734,0.564664,-0.083221,0.008331,0.066079,-0.001075,0.125676,0.168058,-0.237271,1.083813,1.510470,0.000000,0.000000,0.212912,-0.275294,0.294726,0.987723,0.234556,0.000000,0.000000
-1.753499,-0.029317,0.979985,-0.016857,-0.000221,-0.998315,-0.055523,-0.094599,0.009326,0.080378,0.094193,-0.059878,0.003520,-0.075045,-0.038691,-0.169688,0.600851,-0.050109,0.008597,0.056608,-0.000768,0.128138,0.169033,-0.239515,1.085699,1.518179,0.000000,0.000000,0.218849,-0.272921,0.300347,0.987605,0.231964,0.000000,0.000000
-1.757770,-0.030368,0.981465,-0.019097,0.000831,-0.998393,-0.053353,-0.087835,0.009269,0.071006,0.094806,-0.062323,0.004927,-0.082202,-0.040365,-0.168980,0.635669,-0.013056,0.008561,0.047900,-0.000547,0.130805,0.169318,-0.235793,1.087877,1.519918,0.000000,0.000000,0.226325,-0.270278,0.303074,0.984620,0.225666,0.000000,0.000000
-1.762549,-0.031332,0.983255,-0.021360,0.001958,-0.998454,-0.051281,-0.080936,0.009360,0.062762,0.096694,-0.067624,0.006198,-0.087878,-0.041719,-0.167694,0.667169,0.020607,0.008423,0.040188,-0.000336,0.133144,0.171265,-0.233900,1.088147,1.522723,0.000000,0.000000,0.232323,-0.268679,0.306835,0.982968,0.221418,0.000000,0.000000
-1.767129,-0.032731,0.985058,-0.023849,0.003227,-0.998491,-0.049358,-0.073610,0.009280,0.054805,0.098148,-0.072614,0.007393,-0.093672,-0.043776,-0.168682,0.697952,0.047908,0.008500,0.033039,-0.000124,0.136307,0.173378,-0.232914,1.087860,1.524809,0.000000,0.000000,0.238644,-0.266823,0.309745,0.980691,0.218706,0.000000,0.000000
-1.771581,-0.034425,0.986957,-0.026434,0.004573,-0.998523,-0.047246,-0.066047,0.008983,0.047035,0.098673,-0.076944,0.008513,-0.099659,-0.046498,-0.169761,0.728699,0.067032,0.008333,0.026115,0.000045,0.139642,0.176303,-0.232991,1.085835,1.524819,0.000000,0.000000,0.245003,-0.265810,0.313841,0.978128,0.216751,0.000000,0.000000
-1.775772,-0.036055,0.988923,-0.029142,0.005971,-0.998536,-0.045178,-0.058727,0.008864,0.039828,0.098828,-0.080808,0.009594,-0.105735,-0.048966,-0.170416,0.756874,0.069397,0.008065,0.019295,0.000208,0.142815,0.179796,-0.233212,1.083315,1.522663,0.000000,0.000000,0.251090,-0.265381,0.316374,0.975363,0.214873,0.000000,0.000000
-1.779905,-0.037790,0.990852,-0.031867,0.007344,-0.998518,-0.043495,-0.051291,0.008668,0.033070,0.098951,-0.084209,0.010589,-0.112139,-0.051902,-0.171873,0.785408,0.060354,0.007802,0.012869,0.000390,0.145991,0.183901,-0.233982,1.079806,1.519349,0.000000,0.000000,0.257285,-0.264991,0.319048,0.972298,0.213449,0.000000,0.000000
-1.783917,-0.039473,0.992677,-0.034734,0.008743,-0.998480,-0.041891,-0.043445,0.008536,0.026943,0.099169,-0.087609,0.011505,-0.119086,-0.055247,-0.173790,0.816067,0.046176,0.007531,0.006449,0.000570,0.149679,0.188197,-0.235127,1.075865,1.514663,0.000000,0.000000,0.263359,-0.264720,0.321945,0.969219,0.212962,0.000000,0.000000
-1.788025,-0.041151,0.994378,-0.037314,0.010312,-0.998434,-0.040387,-0.035594,0.008673,0.021849,0.099228,-0.090958,0.012330,-0.126501,-0.058863,-0.176682,0.847632,0.031666,0.007438,-0.000045,0.000737,0.153399,0.192688,-0.236352,1.071345,1.510889,0.000000,0.000000,0.269698,-0.264151,0.323438,0.965861,0.212110,0.000000,0.000000
-1.791865,-0.042744,0.995945,-0.040021,0.011975,-0.998377,-0.038709,-0.027835,0.009028,0.017294,0.099128,-0.094094,0.013128,-0.134350,-0.062299,-0.180116,0.879723,0.018897,0.007575,-0.006374,0.000926,0.156730,0.197436,-0.237895,1.066679,1.507808,0.000000,0.000000,0.276104,-0.263209,0.323301,0.962515,0.210730,0.000000,0.000000
-1.795480,-0.044251,0.997421,-0.042725,0.013812,-0.998306,-0.037003,-0.020226,0.009753,0.013096,0.098868,-0.096634,0.013967,-0.142651,-0.065202,-0.183423,0.911755,0.007921,0.007891,-0.013082,0.001097,0.160215,0.201979,-0.241564,1.062319,1.504477,0.000000,0.000000,0.282306,-0.261875,0.323182,0.959236,0.209982,0.000000,0.000000
-1.798592,-0.045546,0.998784,-0.045504,0.015694,-0.998214,-0.035379,-0.013288,0.010760,0.009302,0.098408,-0.098386,0.014816,-0.151098,-0.067041,-0.185611,0.940689,-0.003865,0.008277,-0.019336,0.001258,0.162874,0.206817,-0.244353,1.057916,1.501473,0.000000,0.000000,0.287331,-0.260799,0.323169,0.956660,0.210244,0.000000,0.000000
-1.801635,-0.046566,1.000049,-0.047614,0.017664,-0.998141,-0.033707,-0.006673,0.012349,0.005514,0.097364,-0.099801,0.015808,-0.160549,-0.067801,-0.187397,0.968577,-0.017584,0.008935,-0.025877,0.001446,0.165338,0.211912,-0.246920,1.053091,1.499731,0.000000,0.000000,0.292099,-0.259544,0.322472,0.953995,0.210614,0.000000,0.000000
-1.804271,-0.047518,1.001169,-0.049829,0.019651,-0.998051,-0.032011,-0.000477,0.014207,0.001832,0.096159,-0.100941,0.016850,-0.170614,-0.067797,-0.189048,0.995250,-0.032195,0.009817,-0.032553,0.001638,0.167182,0.217446,-0.249629,1.047698,1.499155,0.000000,0.000000,0.296542,-0.257982,0.321364,0.951605,0.211369,0.000000,0.000000
-1.806747,-0.048528,1.002199,-0.051891,0.021573,-0.997956,-0.030428,0.004903,0.015965,-0.001408,0.095149,-0.101553,0.017802,-0.180626,-0.067510,-0.190715,1.018676,-0.046410,0.010771,-0.038480,0.001807,0.169004,0.222405,-0.252319,1.042097,1.498717,0.000000,0.000000,0.300034,-0.256360,0.321062,0.950078,0.213406,0.000000,0.000000
-1.809062,-0.049516,1.003114,-0.053840,0.023477,-0.997854,-0.028929,0.010356,0.017944,-0.004832,0.094336,-0.102094,0.018843,-0.192088,-0.066737,-0.192858,1.042722,-0.061147,0.012056,-0.044864,0.001949,0.170704,0.228363,-0.255776,1.036162,1.498033,0.000000,0.000000,0.303117,-0.255563,0.319647,0.948202,0.215098,0.000000,0.000000
-1.811102,-0.050432,1.003923,-0.055915,0.025149,-0.997737,-0.027615,0.014938,0.019556,-0.007923,0.094255,-0.102578,0.019744,-0.202891,-0.065761,-0.194678,1.062460,-0.074523,0.013291,-0.050585,0.002087,0.172150,0.233299,-0.261027,1.031630,1.496160,0.000000,0.000000,0.305509,-0.254828,0.320561,0.947234,0.217591,0.000000,0.000000
-1.813049,-0.051276,1.004580,-0.057811,0.026847,-0.997627,-0.026012,0.019172,0.021331,-0.010290,0.094602,-0.103005,0.020579,-0.214299,-0.064449,-0.196731,1.080212,-0.088835,0.014695,-0.056542,0.002232,0.173229,0.238615,-0.265303,1.026733,1.494158,0.000000,0.000000,0.307509,-0.254325,0.321010,0.946617,0.220096,0.000000,0.000000
-1.814456,-0.051889,1.004342,-0.058969,0.028049,-0.997561,-0.024652,0.022987,0.022934,-0.013020,0.093594,-0.102881,0.021425,-0.228872,-0.062801,-0.199148,1.099607,-0.107701,0.016399,-0.062846,0.002399,0.174069,0.244942,-0.268151,1.019621,1.492023,0.000000,0.000000,0.309610,-0.254017,0.320098,0.945566,0.222616,0.000000,0.000000
-1.815903,-0.052394,1.004339,-0.060492,0.028999,-0.997475,-0.023332,0.025880,0.024040,-0.015298,0.093895,-0.102765,0.022075,-0.241944,-0.061238,-0.201204,1.113740,-0.124218,0.017921,-0.068084,0.002517,0.174795,0.250118,-0.271683,1.012974,1.490090,0.000000,0.000000,0.311171,-0.254259,0.320117,0.945135,0.224009,0.000000,0.000000
-1.817619,-0.052819,1.004379,-0.061850,0.030055,-0.997387,-0.022126,0.028560,0.025258,-0.016937,0.095111,-0.103375,0.022664,-0.254807,-0.059210,-0.203723,1.124286,-0.139061,0.019679,-0.073630,0.002652,0.175035,0.255120,-0.275218,1.007160,1.486745,0.000000,0.000000,0.311918,-0.254852,0.320332,0.944689,0.225459,0.000000,0.000000
-1.819498,-0.052992,1.004403,-0.063007,0.030986,-0.997318,-0.020658,0.031203,0.026654,-0.018705,0.096797,-0.104730,0.023318,-0.268185,-0.056376,-0.206865,1.130863,-0.154666,0.021818,-0.079539,0.002790,0.174642,0.260417,-0.278088,1.001127,1.483447,0.000000,0.000000,0.312867,-0.255451,0.319727,0.944329,0.226743,0.000000,0.000000
-1.821590,-0.053148,1.004429,-0.064256,0.031900,-0.997244,-0.018897,0.033623,0.028006,-0.020278,0.098806,-0.106423,0.023927,-0.279567,-0.053601,-0.210145,1.133894,-0.166217,0.023856,-0.084997,0.002931,0.173989,0.265112,-0.280454,0.995768,1.480557,0.000000,0.000000,0.313749,-0.255747,0.318846,0.943684,0.227312,0.000000,0.000000
-1.823882,-0.053300,1.004486,-0.065443,0.032686,-0.997173,-0.017188,0.036173,0.029334,-0.021753,0.101087,-0.108689,0.024516,-0.290590,-0.050844,-0.214152,1.133886,-0.176024,0.026021,-0.090490,0.003096,0.173501,0.269360,-0.282451,0.990416,1.478231,0.000000,0.000000,0.315113,-0.255774,0.317655,0.942835,0.227058,0.000000,0.000000
-1.826294,-0.053406,1.004540,-0.066555,0.033573,-0.997098,-0.015451,0.038957,0.030879,-0.023182,0.103643,-0.111720,0.025155,-0.301733,-0.047651,-0.218674,1.130062,-0.185418,0.028379,-0.096559,0.003272,0.172953,0.273565,-0.285156,0.985020,1.475420,0.000000,0.000000,0.316530,-0.256322,0.317717,0.941707,0.227412,0.000000,0.000000
-1.828954,-0.053466,1.004585,-0.067375,0.034246,-0.997048,-0.013542,0.041600,0.032222,-0.024961,0.105952,-0.114878,0.025795,-0.311798,-0.044791,-0.223714,1.122826,-0.193130,0.030680,-0.102320,0.003439,0.171971,0.277376,-0.287413,0.979938,1.473221,0.000000,0.000000,0.318072,-0.256736,0.316660,0.940519,0.227770,0.000000,0.000000
-1.831562,-0.053426,1.004575,-0.068480,0.034894,-0.996976,-0.011465,0.044294,0.033525,-0.026987,0.108466,-0.117840,0.026469,-0.321031,-0.041946,-0.229203,1.112455,-0.200275,0.032986,-0.107582,0.003617,0.170813,0.280857,-0.291005,0.975386,1.471060,0.000000,0.000000,0.319972,-0.256708,0.316471,0.939764,0.228332,0.000000,0.000000
-1.834467,-0.053321,1.004579,-0.069158,0.035575,-0.996923,-0.009762,0.046963,0.034932,-0.028851,0.110671,-0.120848,0.027140,-0.329558,-0.038858,-0.234724,1.098807,-0.206560,0.035251,-0.112831,0.003770,0.169388,0.284072,-0.293769,0.970959,1.469276,0.000000,0.000000,0.321210,-0.257463,0.315996,0.937758,0.227537,0.000000,0.000000
-1.837518,-0.053318,1.004572,-0.069760,0.036061,-0.996879,-0.008115,0.049661,0.036024,-0.030795,0.112801,-0.123969,0.027743,-0.337404,-0.036268,-0.240150,1.082679,-0.211264,0.037222,-0.117684,0.003919,0.167700,0.286921,-0.296349,0.966837,1.468105,0.000000,0.000000,0.323002,-0.257897,0.315384,0.935365,0.226547,0.000000,0.000000
-1.840643,-0.053498,1.004488,-0.070874,0.035176,-0.996837,-0.007477,0.052595,0.035184,-0.031630,0.115348,-0.127202,0.027680,-0.343948,-0.036242,-0.242012,1.065965,-0.214443,0.037397,-0.120756,0.003965,0.166450,0.288168,-0.299334,0.962988,1.466664,0.000000,0.000000,0.325636,-0.259545,0.315025,0.933447,0.225758,0.000000,0.000000
-1.843875,-0.053473,1.004266,-0.071698,0.034129,-0.996814,-0.007577,0.056024,0.033477,-0.030701,0.117897,-0.131205,0.027123,-0.350826,-0.036618,-0.242323,1.044855,-0.219155,0.036974,-0.123516,0.004048,0.165277,0.288532,-0.301604,0.959082,1.464380,0.000000,0.000000,0.328070,-0.262857,0.314549,0.930468,0.224538,0.000000,0.000000
-1.847180,-0.053442,1.003980,-0.072592,0.033137,-0.996782,-0.007670,0.059531,0.031629,-0.029072,0.120396,-0.135117,0.026420,-0.356953,-0.037234,-0.242142,1.023396,-0.222662,0.036338,-0.125222,0.004139,0.163638,0.289224,-0.304052,0.954943,1.463208,0.000000,0.000000,0.330422,-0.266345,0.314481,0.927425,0.224164,0.000000,0.000000
-1.850737,-0.053379,1.003663,-0.072972,0.032275,-0.996778,-0.008150,0.062937,0.029889,-0.026788,0.122325,-0.139241,0.025635,-0.362705,-0.037560,-0.241519,1.000342,-0.225734,0.035620,-0.126367,0.004214,0.162313,0.288800,-0.305219,0.951359,1.461588,0.000000,0.000000,0.332986,-0.269782,0.313932,0.924189,0.223198,0.000000,0.000000
-1.854236,-0.053328,1.003267,-0.073642,0.031378,-0.996752,-0.008764,0.066385,0.028067,-0.023969,0.124630,-0.142979,0.024744,-0.367808,-0.037891,-0.240948,0.976283,-0.228277,0.034839,-0.126384,0.004276,0.160786,0.288910,-0.306529,0.947493,1.460411,0.000000,0.000000,0.335873,-0.272984,0.313844,0.920950,0.222473,0.000000,0.000000
-1.857620,-0.053020,1.002812,-0.074263,0.030520,-0.996722,-0.009971,0.069412,0.026338,-0.021319,0.128398,-0.147144,0.023901,-0.372311,-0.037297,-0.239692,0.950690,-0.230562,0.034064,-0.125959,0.004339,0.158734,0.289745,-0.308719,0.944456,1.459516,0.000000,0.000000,0.338211,-0.276992,0.315298,0.917218,0.222224,0.000000,0.000000
-1.861027,-0.052701,1.002318,-0.074533,0.029771,-0.996713,-0.011041,0.071939,0.024823,-0.018494,0.132669,-0.151755,0.023086,-0.376343,-0.036257,-0.238192,0.924010,-0.232341,0.033249,-0.125309,0.004373,0.156751,0.290148,-0.311266,0.941641,1.458651,0.000000,0.000000,0.340103,-0.280814,0.316150,0.913460,0.222052,0.000000,0.000000
-1.864426,-0.052188,1.001838,-0.074406,0.029010,-0.996737,-0.011698,0.073979,0.023807,-0.014388,0.136482,-0.156813,0.022188,-0.379968,-0.034994,-0.236632,0.896285,-0.233956,0.032397,-0.125330,0.004448,0.154888,0.290686,-0.314142,0.938737,1.459809,0.000000,0.000000,0.342320,-0.283572,0.317074,0.910344,0.222789,0.000000,0.000000
-1.867867,-0.051516,1.001353,-0.074419,0.028322,-0.996746,-0.012554,0.075846,0.023204,-0.010505,0.140135,-0.161390,0.021425,-0.382766,-0.033249,-0.234851,0.870177,-0.234475,0.031653,-0.125068,0.004471,0.152783,0.291395,-0.316214,0.936297,1.460325,0.000000,0.000000,0.343465,-0.286687,0.317211,0.906944,0.222794,0.000000,0.000000
-1.871460,-0.050815,1.000891,-0.074255,0.027787,-0.996761,-0.013478,0.077736,0.022777,-0.006851,0.143884,-0.165925,0.020739,-0.385062,-0.030955,-0.232750,0.843007,-0.234183,0.030908,-0.124126,0.004497,0.150173,0.292036,-0.317047,0.933720,1.460153,0.000000,0.000000,0.345141,-0.289376,0.316824,0.903896,0.222934,0.000000,0.000000
-1.875005,-0.049933,1.000465,-0.074224,0.027432,-0.996759,-0.014495,0.079677,0.022715,-0.003427,0.147772,-0.170282,0.020187,-0.386847,-0.027916,-0.230161,0.815880,-0.233294,0.030203,-0.123089,0.004522,0.147901,0.292496,-0.318670,0.931311,1.458737,0.000000,0.000000,0.346170,-0.291551,0.317613,0.901193,0.223562,0.000000,0.000000
-1.878706,-0.049016,1.000033,-0.073801,0.027131,-0.996783,-0.015502,0.081505,0.022814,-0.000547,0.151427,-0.174130,0.019760,-0.388117,-0.024395,-0.227315,0.789252,-0.231641,0.029541,-0.121587,0.004531,0.145306,0.293365,-0.320383,0.928864,1.456732,0.000000,0.000000,0.347050,-0.293464,0.317729,0.898682,0.223780,0.000000,0.000000
-1.882259,-0.047891,0.999644,-0.073752,0.027113,-0.996768,-0.016685,0.083298,0.023462,0.001927,0.155001,-0.177575,0.019540,-0.388661,-0.020382,-0.224140,0.766027,-0.229035,0.029048,-0.120592,0.004554,0.143361,0.294432,-0.322725,0.926911,1.455036,0.000000,0.000000,0.347445,-0.295114,0.318666,0.896577,0.224640,0.000000,0.000000
-1.886064,-0.046687,0.999272,-0.073204,0.026872,-0.996802,-0.017460,0.084852,0.024219,0.004504,0.158145,-0.181107,0.019336,-0.388840,-0.016562,-0.221163,0.745486,-0.225457,0.028671,-0.119649,0.004549,0.141220,0.296161,-0.324451,0.924645,1.455543,0.000000,0.000000,0.347878,-0.296243,0.318349,0.895515,0.225350,0.000000,0.000000
-1.889817,-0.045415,0.998937,-0.072907,0.027058,-0.996806,-0.018171,0.086422,0.025314,0.006327,0.161232,-0.184124,0.019336,-0.388704,-0.012584,-0.218071,0.727693,-0.221015,0.028425,-0.118320,0.004551,0.139476,0.297428,-0.326228,0.922514,1.455266,0.000000,0.000000,0.348563,-0.296175,0.318579,0.895112,0.226463,0.000000,0.000000
-1.893814,-0.044167,0.998655,-0.072190,0.027245,-0.996835,-0.019129,0.087814,0.026515,0.008221,0.164006,-0.186983,0.019355,-0.388297,-0.008768,-0.215114,0.712704,-0.215804,0.028291,-0.117020,0.004540,0.137977,0.298766,-0.326189,0.920942,1.454926,0.000000,0.000000,0.348892,-0.296246,0.317118,0.894515,0.226970,0.000000,0.000000
-1.897776,-0.042875,0.998361,-0.071586,0.027428,-0.996860,-0.019812,0.089355,0.027834,0.010114,0.167049,-0.189830,0.019404,-0.387630,-0.004615,-0.211888,0.698365,-0.209124,0.028219,-0.115682,0.004505,0.136382,0.300418,-0.326241,0.919181,1.455275,0.000000,0.000000,0.349410,-0.295907,0.315033,0.894053,0.226829,0.000000,0.000000
-1.901695,-0.041247,0.998187,-0.071093,0.027788,-0.996879,-0.020170,0.090753,0.029338,0.011027,0.169766,-0.191780,0.019658,-0.386705,-0.000743,-0.208882,0.687679,-0.202188,0.028253,-0.114482,0.004523,0.134922,0.301846,-0.327511,0.917355,1.455311,0.000000,0.000000,0.350113,-0.294722,0.314003,0.893906,0.226917,0.000000,0.000000
-1.905709,-0.040061,0.997984,-0.070420,0.028242,-0.996902,-0.020729,0.092237,0.030967,0.011869,0.172691,-0.193602,0.019959,-0.385468,0.003319,-0.205728,0.678096,-0.193574,0.028365,-0.113268,0.004521,0.133517,0.303487,-0.329117,0.915409,1.455026,0.000000,0.000000,0.350483,-0.293495,0.312641,0.893725,0.226953,0.000000,0.000000
-1.909622,-0.038811,0.997863,-0.069983,0.028559,-0.996917,-0.021061,0.093810,0.032753,0.012681,0.175858,-0.195474,0.020310,-0.383830,0.007352,-0.202615,0.670442,-0.183081,0.028564,-0.112105,0.004498,0.132223,0.305132,-0.331402,0.913652,1.454576,0.000000,0.000000,0.350276,-0.292079,0.312094,0.894277,0.227569,0.000000,0.000000
-1.913668,-0.037777,0.997714,-0.069122,0.028816,-0.996966,-0.021216,0.095889,0.035070,0.013753,0.180169,-0.198224,0.020759,-0.381175,0.012530,-0.198651,0.662565,-0.165741,0.028974,-0.110563,0.004456,0.130332,0.307272,-0.333943,0.911609,1.454054,0.000000,0.000000,0.349551,-0.289696,0.311044,0.895802,0.228839,0.000000,0.000000
-1.917758,-0.036886,0.997488,-0.068044,0.028675,-0.997039,-0.021447,0.097312,0.036329,0.014215,0.183414,-0.199986,0.021022,-0.378989,0.015803,-0.196172,0.659362,-0.151498,0.029368,-0.109617,0.004408,0.128815,0.308641,-0.335535,0.910166,1.454226,0.000000,0.000000,0.348860,-0.287829,0.310220,0.897388,0.229774,0.000000,0.000000
-1.921823,-0.035978,0.997361,-0.066914,0.028690,-0.997128,-0.020843,0.098920,0.037936,0.014792,0.187212,-0.202095,0.021363,-0.375898,0.019162,-0.193679,0.657891,-0.131881,0.030010,-0.108897,0.004350,0.126611,0.310394,-0.337612,0.908229,1.455235,0.000000,0.000000,0.347709,-0.285261,0.307996,0.899603,0.231099,0.000000,0.000000
-1.926096,-0.035463,0.997394,-0.065260,0.028790,-0.997235,-0.020831,0.099958,0.038903,0.014694,0.189756,-0.203352,0.021638,-0.373324,0.021080,-0.192307,0.657933,-0.115862,0.030584,-0.108341,0.004317,0.124969,0.311200,-0.339465,0.906905,1.456148,0.000000,0.000000,0.346356,-0.282657,0.307016,0.901740,0.232332,0.000000,0.000000
-1.929973,-0.034972,0.997462,-0.063598,0.029273,-0.997343,-0.020119,0.100353,0.039570,0.014479,0.190993,-0.203676,0.021855,-0.371906,0.021986,-0.191665,0.657170,-0.109508,0.030865,-0.108232,0.004302,0.123973,0.312012,-0.340417,0.906269,1.456690,0.000000,0.000000,0.345137,-0.281388,0.306198,0.902911,0.233164,0.000000,0.000000
-1.933941,-0.034503,0.997648,-0.061401,0.029395,-0.997487,-0.019660,0.100433,0.039818,0.014379,0.191441,-0.203694,0.021939,-0.371292,0.022288,-0.191467,0.656410,-0.108587,0.030947,-0.108214,0.004309,0.123445,0.312414,-0.340613,0.906035,1.456867,0.000000,0.000000,0.344606,-0.280819,0.305591,0.903432,0.233465,0.000000,0.000000
-1.938054,-0.034032,0.998057,-0.059265,0.029455,-0.997628,-0.018919,0.100535,0.040575,0.013920,0.192970,-0.203348,0.022222,-0.369141,0.023165,-0.190959,0.653490,-0.109983,0.031136,-0.108235,0.004329,0.121527,0.313935,-0.341234,0.905223,1.457637,0.000000,0.000000,0.342693,-0.278763,0.303236,0.905245,0.234250,0.000000,0.000000
-1.942447,-0.033689,0.998678,-0.057235,0.029305,-0.997760,-0.018464,0.100624,0.041206,0.013011,0.195106,-0.202254,0.022549,-0.366408,0.024019,-0.190585,0.650718,-0.115681,0.031240,-0.108270,0.004349,0.119107,0.315931,-0.341445,0.904429,1.458521,0.000000,0.000000,0.340400,-0.276072,0.299655,0.907868,0.234795,0.000000,0.000000
-1.946810,-0.033022,0.999361,-0.055818,0.029260,-0.997860,-0.017443,0.100852,0.041774,0.012092,0.197550,-0.200531,0.022874,-0.364052,0.024891,-0.190180,0.649833,-0.123368,0.031248,-0.108745,0.004359,0.117489,0.317278,-0.341768,0.903940,1.458931,0.000000,0.000000,0.338660,-0.273145,0.296869,0.910963,0.235563,0.000000,0.000000
-1.951141,-0.032351,1.000161,-0.054525,0.029477,-0.997945,-0.016265,0.101173,0.042537,0.011074,0.200156,-0.198116,0.023281,-0.362159,0.025606,-0.189876,0.650642,-0.131538,0.031197,-0.109528,0.004371,0.116349,0.318532,-0.341672,0.903691,1.459404,0.000000,0.000000,0.337170,-0.270443,0.294161,0.913867,0.236150,0.000000,0.000000
-1.955372,-0.031758,1.001011,-0.053265,0.029550,-0.998021,-0.015587,0.101483,0.043127,0.010360,0.202334,-0.195562,0.023593,-0.361007,0.025853,-0.189876,0.652262,-0.137224,0.031124,-0.110181,0.004365,0.115930,0.319244,-0.341216,0.903689,1.459759,0.000000,0.000000,0.336201,-0.268471,0.292162,0.916199,0.236353,0.000000,0.000000
-1.959492,-0.030700,1.001970,-0.051627,0.029622,-0.998115,-0.014947,0.101782,0.044140,0.009526,0.205138,-0.191131,0.024058,-0.359754,0.026305,-0.189722,0.654757,-0.143807,0.031039,-0.111200,0.004360,0.115832,0.319789,-0.339252,0.904087,1.460389,0.000000,0.000000,0.335234,-0.265576,0.289050,0.919428,0.236428,0.000000,0.000000
-1.963390,-0.029501,1.003096,-0.049928,0.029685,-0.998201,-0.014885,0.101886,0.045272,0.008835,0.207811,-0.185533,0.024544,-0.358815,0.027035,-0.189275,0.657127,-0.149064,0.030981,-0.112000,0.004322,0.116109,0.320019,-0.336936,0.904614,1.461122,0.000000,0.000000,0.334260,-0.262898,0.287113,0.922336,0.236105,0.000000,0.000000
-1.967168,-0.028295,1.004384,-0.048144,0.029755,-0.998283,-0.015106,0.101691,0.046440,0.008514,0.210522,-0.178543,0.024989,-0.357939,0.028064,-0.188531,0.659142,-0.153497,0.030961,-0.112509,0.004299,0.116688,0.319990,-0.334077,0.905277,1.461760,0.000000,0.000000,0.333207,-0.260260,0.286188,0.925047,0.235966,0.000000,0.000000
-1.970870,-0.026955,1.005841,-0.046353,0.029802,-0.998362,-0.015364,0.101070,0.047947,0.008861,0.214006,-0.168462,0.025445,-0.356768,0.029788,-0.187204,0.660896,-0.158488,0.030973,-0.112954,0.004252,0.117858,0.319844,-0.330523,0.906279,1.462546,0.000000,0.000000,0.331479,-0.257135,0.286723,0.928581,0.236402,0.000000,0.000000
-1.974750,-0.025596,1.007519,-0.044196,0.029909,-0.998453,-0.015642,0.099865,0.049736,0.009905,0.218054,-0.155694,0.025890,-0.355151,0.032222,-0.185304,0.661451,-0.164430,0.031002,-0.112965,0.004184,0.119426,0.319540,-0.325550,0.907924,1.463035,0.000000,0.000000,0.329365,-0.253521,0.288365,0.932840,0.237330,0.000000,0.000000
-1.978593,-0.024408,1.009431,-0.042301,0.030020,-0.998524,-0.016120,0.098378,0.051376,0.011796,0.222478,-0.142149,0.026156,-0.353211,0.034669,-0.183433,0.660690,-0.170856,0.031009,-0.112813,0.004100,0.121439,0.319427,-0.320956,0.909860,1.463238,0.000000,0.000000,0.327002,-0.250393,0.290745,0.937291,0.238353,0.000000,0.000000
-1.982653,-0.023288,1.011617,-0.040074,0.029914,-0.998611,-0.016598,0.096329,0.052893,0.014543,0.227699,-0.125588,0.026265,-0.350700,0.037159,-0.181610,0.658533,-0.178791,0.030956,-0.112329,0.004026,0.123879,0.319399,-0.315595,0.912386,1.463122,0.000000,0.000000,0.324288,-0.246996,0.293389,0.942663,0.239382,0.000000,0.000000
-1.986663,-0.022219,1.014083,-0.037875,0.029681,-0.998696,-0.017045,0.094035,0.054067,0.017621,0.232607,-0.108567,0.026215,-0.347929,0.039186,-0.180237,0.655481,-0.186834,0.030849,-0.111674,0.003917,0.126411,0.319035,-0.310158,0.915387,1.462994,0.000000,0.000000,0.321712,-0.243532,0.295792,0.948388,0.240075,0.000000,0.000000
-1.990574,-0.021247,1.016756,-0.035884,0.029420,-0.998774,-0.017235,0.091363,0.055153,0.021667,0.238021,-0.088555,0.025992,-0.344638,0.040889,-0.179217,0.651587,-0.195471,0.030683,-0.111179,0.003826,0.129411,0.318457,-0.304637,0.919020,1.463035,0.000000,0.000000,0.318459,-0.239985,0.298272,0.955114,0.240527,0.000000,0.000000
-1.994495,-0.020364,1.019639,-0.033955,0.029020,-0.998842,-0.017856,0.088671,0.055747,0.025173,0.243615,-0.067487,0.025715,-0.341190,0.042160,-0.178575,0.647315,-0.203228,0.030500,-0.110279,0.003662,0.132536,0.317480,-0.299450,0.922774,1.463140,0.000000,0.000000,0.314865,-0.236958,0.300382,0.961702,0.240383,0.000000,0.000000
-1.998260,-0.019398,1.022743,-0.032119,0.028402,-0.998913,-0.018288,0.085851,0.056122,0.028575,0.248940,-0.045052,0.025380,-0.337674,0.043059,-0.178274,0.642464,-0.210012,0.030311,-0.109147,0.003526,0.135386,0.316162,-0.295394,0.927100,1.463133,0.000000,0.000000,0.311370,-0.233794,0.302916,0.968721,0.240318,0.000000,0.000000
-2.001980,-0.018444,1.026063,-0.030283,0.027482,-0.998985,-0.018862,0.082575,0.056199,0.032611,0.254267,-0.019287,0.024841,-0.333718,0.043271,-0.176775,0.636693,-0.216072,0.029669,-0.107685,0.003387,0.138553,0.314135,-0.291439,0.932072,1.462921,0.000000,0.000000,0.307507,-0.230756,0.305914,0.976205,0.240325,0.000000,0.000000
-2.005620,-0.017482,1.029552,-0.028500,0.026355,-0.999048,-0.019920,0.079181,0.055995,0.037696,0.259268,0.006928,0.023997,-0.329871,0.043026,-0.174529,0.630555,-0.220715,0.028824,-0.105931,0.003270,0.141331,0.311354,-0.287418,0.937126,1.462520,0.000000,0.000000,0.303579,-0.228529,0.308568,0.982564,0.239585,0.000000,0.000000
-2.009173,-0.016196,1.033275,-0.026727,0.025113,-0.999112,-0.020730,0.075549,0.056206,0.043538,0.264311,0.034916,0.023106,-0.325985,0.042839,-0.171657,0.623986,-0.223808,0.027937,-0.103861,0.003121,0.143674,0.308588,-0.283120,0.941974,1.461525,0.000000,0.000000,0.300013,-0.226623,0.311132,0.988309,0.239224,0.000000,0.000000
-2.012640,-0.015287,1.037124,-0.025054,0.023878,-0.999142,-0.022736,0.071422,0.055767,0.048744,0.269866,0.066175,0.022116,-0.321767,0.042589,-0.168125,0.616394,-0.225751,0.026926,-0.100376,0.002945,0.146081,0.305024,-0.278929,0.947041,1.460513,0.000000,0.000000,0.295998,-0.225540,0.315509,0.993158,0.238677,0.000000,0.000000
-2.016018,-0.014313,1.041134,-0.023348,0.022568,-0.999177,-0.024314,0.067069,0.055310,0.053576,0.275546,0.097756,0.021148,-0.317557,0.042233,-0.164524,0.608300,-0.226545,0.025941,-0.096289,0.002781,0.148256,0.301548,-0.276453,0.951594,1.459906,0.000000,0.000000,0.292409,-0.224745,0.319752,0.996675,0.238358,0.000000,0.000000
-2.019301,-0.013298,1.045262,-0.021763,0.021312,-0.999206,-0.025697,0.062284,0.055177,0.058980,0.281769,0.129994,0.020120,-0.313084,0.041817,-0.160625,0.599637,-0.226793,0.024912,-0.091818,0.002621,0.150353,0.298217,-0.274869,0.955600,1.459762,0.000000,0.000000,0.289587,-0.223956,0.323515,0.998927,0.237889,0.000000,0.000000
-2.022571,-0.012315,1.049432,-0.020579,0.020197,-0.999205,-0.027540,0.056945,0.055182,0.064380,0.290202,0.164559,0.019093,-0.307889,0.041535,-0.155711,0.590283,-0.226720,0.023725,-0.086613,0.002429,0.152859,0.295340,-0.274025,0.959264,1.459098,0.000000,0.000000,0.286483,-0.224163,0.327970,0.999870,0.237915,0.000000,0.000000
-2.026016,-0.011403,1.053616,-0.019381,0.019111,-0.999187,-0.029751,0.051679,0.054983,0.068891,0.301008,0.198054,0.018133,-0.302511,0.041404,-0.150168,0.580811,-0.226738,0.022486,-0.081420,0.002259,0.155706,0.292928,-0.273359,0.961770,1.459032,0.000000,0.000000,0.283832,-0.225151,0.332980,0.999707,0.238738,0.000000,0.000000
-2.029509,-0.010465,1.057854,-0.018427,0.017804,-0.999163,-0.031888,0.046342,0.054467,0.073120,0.315389,0.230881,0.017077,-0.296494,0.041072,-0.144048,0.570922,-0.226956,0.021101,-0.075518,0.002065,0.159278,0.290224,-0.273503,0.963013,1.459189,0.000000,0.000000,0.282169,-0.226142,0.338363,0.998239,0.240035,0.000000,0.000000
-2.033371,-0.011305,1.062015,-0.018097,0.017067,-0.998951,-0.038457,0.038519,0.045796,0.043782,0.337876,0.285880,0.020058,-0.288425,0.040494,-0.130790,0.557542,-0.225558,0.018276,-0.060667,0.001598,0.164281,0.288338,-0.275107,0.962733,1.460651,0.000000,0.000000,0.281111,-0.227351,0.345009,0.993627,0.240782,0.000000,0.000000
-2.037210,-0.010419,1.066155,-0.017779,0.015510,-0.998945,-0.039386,0.034128,0.044247,0.041477,0.352112,0.311331,0.019839,-0.283131,0.038895,-0.125979,0.551047,-0.226502,0.016967,-0.055383,0.001402,0.167797,0.287148,-0.276529,0.961219,1.460888,0.000000,0.000000,0.280777,-0.229481,0.349439,0.990373,0.242404,0.000000,0.000000
-2.040920,-0.009104,1.070431,-0.017802,0.014058,-0.998962,-0.039492,0.029066,0.044765,0.048255,0.368197,0.327032,0.018489,-0.276886,0.037440,-0.122586,0.544304,-0.228427,0.015986,-0.050904,0.001240,0.172232,0.285535,-0.278733,0.958572,1.461191,0.000000,0.000000,0.281314,-0.232400,0.353088,0.985703,0.243826,0.000000,0.000000
-2.044606,-0.007203,1.074795,-0.018212,0.012676,-0.998917,-0.040899,0.023485,0.046299,0.058047,0.388831,0.335439,0.016881,-0.269548,0.036973,-0.118042,0.536593,-0.230213,0.015016,-0.046094,0.001090,0.177350,0.284513,-0.280484,0.954860,1.461219,0.000000,0.000000,0.281855,-0.236551,0.358148,0.980034,0.246668,0.000000,0.000000
-2.048445,-0.005137,1.079182,-0.018662,0.011592,-0.998862,-0.042334,0.017209,0.048697,0.068844,0.415199,0.338956,0.015334,-0.261076,0.037322,-0.112930,0.527646,-0.231460,0.014136,-0.040084,0.000946,0.183246,0.283790,-0.282297,0.950337,1.460841,0.000000,0.000000,0.282505,-0.240941,0.363590,0.973140,0.251005,0.000000,0.000000
-2.052270,-0.003165,1.083533,-0.019512,0.010642,-0.998776,-0.044185,0.010874,0.051211,0.079374,0.444826,0.337853,0.013867,-0.252288,0.038035,-0.107783,0.518671,-0.231846,0.013348,-0.033841,0.000750,0.189630,0.283477,-0.282737,0.945199,1.460822,0.000000,0.000000,0.283632,-0.245585,0.367980,0.966284,0.254414,0.000000,0.000000
-2.056172,-0.001160,1.087832,-0.020443,0.009591,-0.998677,-0.046189,0.003986,0.054017,0.090831,0.479290,0.334574,0.012267,-0.242759,0.038743,-0.102203,0.508705,-0.231345,0.012489,-0.026852,0.000555,0.196489,0.283188,-0.281905,0.939901,1.461471,0.000000,0.000000,0.284793,-0.250804,0.371552,0.958833,0.256797,0.000000,0.000000
-2.060048,0.000837,1.092049,-0.021533,0.008468,-0.998563,-0.048336,-0.002998,0.056851,0.102126,0.515296,0.330000,0.010673,-0.233219,0.039267,-0.096517,0.498644,-0.230122,0.011587,-0.019522,0.000347,0.203274,0.282552,-0.281835,0.935085,1.461790,0.000000,0.000000,0.286438,-0.255477,0.374974,0.951816,0.259422,0.000000,0.000000
-2.063809,0.002491,1.096079,-0.022705,0.007448,-0.998447,-0.050319,-0.010328,0.059396,0.113604,0.551932,0.323624,0.008925,-0.223693,0.039410,-0.091148,0.488386,-0.228164,0.010669,-0.011576,0.000113,0.209613,0.282522,-0.280500,0.929985,1.462514,0.000000,0.000000,0.287609,-0.260683,0.378043,0.945384,0.262917,0.000000,0.000000
-2.067512,0.004257,1.099965,-0.024156,0.006200,-0.998298,-0.052708,-0.017995,0.062169,0.126435,0.591685,0.316178,0.006928,-0.213790,0.039250,-0.085546,0.477942,-0.225370,0.009663,-0.003417,-0.000143,0.216401,0.282243,-0.278719,0.924986,1.463176,0.000000,0.000000,0.288494,-0.266363,0.379769,0.939159,0.265766,0.000000,0.000000
-2.071172,0.006115,1.103694,-0.025714,0.005049,-0.998116,-0.055473,-0.025475,0.065297,0.140008,0.630971,0.307644,0.004867,-0.204153,0.039189,-0.080101,0.467911,-0.221949,0.008734,0.003718,-0.000347,0.223388,0.281896,-0.275489,0.920267,1.463445,0.000000,0.000000,0.289594,-0.271812,0.382080,0.933324,0.268725,0.000000,0.000000
-2.075041,0.008130,1.107363,-0.026974,0.003894,-0.997924,-0.058360,-0.033009,0.068475,0.151994,0.669685,0.299377,0.003112,-0.194776,0.039009,-0.074291,0.457428,-0.218525,0.007708,0.011773,-0.000569,0.229912,0.281826,-0.270825,0.915626,1.464564,0.000000,0.000000,0.290208,-0.277068,0.382295,0.927190,0.270794,0.000000,0.000000
-2.079340,0.010167,1.110880,-0.027393,0.002898,-0.997711,-0.061751,-0.040378,0.071581,0.163562,0.705434,0.289895,0.001404,-0.186251,0.038812,-0.069716,0.446583,-0.215236,0.006897,0.019532,-0.000802,0.235759,0.281622,-0.261641,0.910843,1.466389,0.000000,0.000000,0.293644,-0.281960,0.374122,0.919455,0.268413,0.000000,0.000000
-2.083578,0.012397,1.114292,-0.027757,0.002139,-0.997513,-0.064746,-0.047918,0.075552,0.174938,0.741257,0.278722,-0.000041,-0.177700,0.039016,-0.065714,0.435221,-0.211899,0.006285,0.027312,-0.001004,0.241780,0.281823,-0.250573,0.905768,1.468299,0.000000,0.000000,0.299416,-0.286056,0.360436,0.909517,0.262301,0.000000,0.000000
-2.087284,0.014142,1.117503,-0.028999,0.001188,-0.997258,-0.068070,-0.055599,0.078187,0.182578,0.779184,0.270138,-0.001175,-0.168629,0.038806,-0.060908,0.424163,-0.207981,0.005430,0.037108,-0.001276,0.248681,0.281997,-0.242069,0.900431,1.469720,0.000000,0.000000,0.304705,-0.289597,0.349865,0.898814,0.257166,0.000000,0.000000
-2.090087,0.016166,1.120614,-0.031439,-0.000336,-0.997007,-0.070622,-0.062546,0.080324,0.187560,0.813779,0.259291,-0.001891,-0.159644,0.038125,-0.055601,0.414833,-0.203882,0.004386,0.046672,-0.001547,0.255559,0.281712,-0.240684,0.895967,1.470552,0.000000,0.000000,0.306288,-0.292998,0.351426,0.892552,0.259920,0.000000,0.000000
-2.093179,0.017934,1.123597,-0.033038,-0.001595,-0.996767,-0.073224,-0.069103,0.082546,0.192783,0.842845,0.242023,-0.002611,-0.151477,0.037471,-0.051956,0.405687,-0.200034,0.003654,0.054315,-0.001784,0.261104,0.281494,-0.238186,0.892752,1.470433,0.000000,0.000000,0.306516,-0.297036,0.351961,0.888468,0.264978,0.000000,0.000000
-2.096568,0.019520,1.126497,-0.034251,-0.002758,-0.996540,-0.075677,-0.076505,0.085119,0.198632,0.874708,0.223888,-0.003427,-0.142514,0.036565,-0.048074,0.395012,-0.195701,0.002819,0.062205,-0.002054,0.266506,0.281449,-0.233957,0.889909,1.469810,0.000000,0.000000,0.305643,-0.302004,0.350705,0.883935,0.270432,0.000000,0.000000
-2.099772,0.021014,1.129298,-0.035318,-0.004011,-0.996299,-0.078264,-0.083553,0.087403,0.204053,0.902127,0.207290,-0.004244,-0.134520,0.035474,-0.045271,0.385095,-0.192035,0.002116,0.069584,-0.002289,0.271139,0.281449,-0.229228,0.887869,1.469666,0.000000,0.000000,0.304590,-0.306699,0.348378,0.879856,0.274902,0.000000,0.000000
-2.102777,0.022595,1.131890,-0.036281,-0.005168,-0.996060,-0.080754,-0.090943,0.090158,0.209855,0.927449,0.189159,-0.005038,-0.126682,0.034455,-0.042562,0.374932,-0.188203,0.001442,0.076535,-0.002472,0.275802,0.281317,-0.224771,0.886340,1.470099,0.000000,0.000000,0.303329,-0.311558,0.346024,0.875773,0.278795,0.000000,0.000000
-2.105718,0.024248,1.134255,-0.036825,-0.006339,-0.995844,-0.083052,-0.098655,0.093400,0.216547,0.950173,0.171046,-0.005929,-0.119198,0.033424,-0.040819,0.364144,-0.184015,0.000929,0.083510,-0.002697,0.279715,0.280431,-0.219594,0.885200,1.469962,0.000000,0.000000,0.301503,-0.315966,0.342895,0.871721,0.282328,0.000000,0.000000
-2.108459,0.025810,1.136446,-0.037299,-0.007418,-0.995623,-0.085370,-0.106074,0.096289,0.222353,0.968488,0.154199,-0.006743,-0.112589,0.032609,-0.038900,0.354093,-0.179880,0.000428,0.089831,-0.002894,0.282895,0.279479,-0.214891,0.884414,1.469828,0.000000,0.000000,0.299167,-0.320001,0.340322,0.868221,0.285344,0.000000,0.000000
-2.111107,0.027267,1.138442,-0.037543,-0.008451,-0.995425,-0.087450,-0.114468,0.099357,0.228235,0.985260,0.134795,-0.007603,-0.105767,0.031713,-0.037140,0.343012,-0.174679,-0.000064,0.096553,-0.003093,0.285952,0.278450,-0.210122,0.883889,1.470314,0.000000,0.000000,0.296250,-0.324059,0.337233,0.864629,0.288338,0.000000,0.000000
-2.113540,0.028448,1.140180,-0.037865,-0.009490,-0.995196,-0.089785,-0.122209,0.101545,0.233161,0.997665,0.116896,-0.008493,-0.099974,0.030672,-0.035528,0.333196,-0.170037,-0.000577,0.102654,-0.003277,0.288380,0.277483,-0.205946,0.883737,1.471029,0.000000,0.000000,0.293153,-0.327869,0.334953,0.861756,0.291124,0.000000,0.000000
-2.115926,0.029452,1.141693,-0.037881,-0.010411,-0.995022,-0.091588,-0.130897,0.103549,0.238149,1.007569,0.096239,-0.009515,-0.094139,0.029445,-0.034260,0.322705,-0.164536,-0.001073,0.108858,-0.003474,0.290641,0.276186,-0.202136,0.884042,1.471852,0.000000,0.000000,0.289399,-0.331772,0.332289,0.859063,0.293731,0.000000,0.000000
-2.118178,0.030253,1.143027,-0.037668,-0.011379,-0.994837,-0.093550,-0.139428,0.104689,0.242346,1.013617,0.076683,-0.010612,-0.089058,0.028134,-0.033239,0.312650,-0.159039,-0.001553,0.114700,-0.003658,0.292317,0.274678,-0.198647,0.884626,1.472817,0.000000,0.000000,0.285256,-0.335355,0.330017,0.856727,0.295815,0.000000,0.000000
-2.120117,0.030747,1.143976,-0.037218,-0.012277,-0.994615,-0.095943,-0.149347,0.105058,0.246235,1.018224,0.053880,-0.011932,-0.083991,0.026633,-0.031739,0.300352,-0.152021,-0.002164,0.121201,-0.003812,0.293168,0.273195,-0.195698,0.885800,1.473848,0.000000,0.000000,0.280126,-0.339252,0.328525,0.854432,0.298514,0.000000,0.000000
-2.122202,0.031043,1.144768,-0.036820,-0.013006,-0.994498,-0.097210,-0.158583,0.104866,0.249129,1.017918,0.032878,-0.013137,-0.079809,0.025018,-0.031104,0.290198,-0.145581,-0.002659,0.126989,-0.004016,0.293767,0.271529,-0.194517,0.887325,1.474627,0.000000,0.000000,0.275294,-0.341956,0.326857,0.852784,0.300926,0.000000,0.000000
-2.124343,0.031384,1.145335,-0.036395,-0.013764,-0.994361,-0.098650,-0.167187,0.104584,0.252826,1.013536,0.014318,-0.014496,-0.076215,0.023280,-0.031527,0.281633,-0.140103,-0.003004,0.131784,-0.004155,0.294036,0.269705,-0.193131,0.889516,1.475709,0.000000,0.000000,0.270287,-0.344893,0.325786,0.851126,0.302026,0.000000,0.000000
-2.126587,0.031517,1.145781,-0.035713,-0.014596,-0.994214,-0.100246,-0.175746,0.103382,0.256047,1.004365,-0.003675,-0.015965,-0.072993,0.021148,-0.032522,0.273480,-0.135064,-0.003358,0.136477,-0.004267,0.293888,0.267295,-0.191306,0.892384,1.476943,0.000000,0.000000,0.264994,-0.347716,0.324901,0.849545,0.302313,0.000000,0.000000
-2.128816,0.031429,1.146146,-0.035024,-0.015412,-0.994123,-0.101268,-0.183624,0.101262,0.257941,0.991300,-0.019601,-0.017307,-0.070177,0.018754,-0.033767,0.266140,-0.131105,-0.003740,0.141328,-0.004397,0.292709,0.265200,-0.190680,0.895687,1.478981,0.000000,0.000000,0.259814,-0.350454,0.323341,0.848100,0.302444,0.000000,0.000000
-2.131153,0.031279,1.146377,-0.034197,-0.015867,-0.994065,-0.102044,-0.191064,0.099193,0.259821,0.974850,-0.034017,-0.018539,-0.067562,0.016740,-0.035208,0.259362,-0.127424,-0.003992,0.145070,-0.004504,0.291870,0.263063,-0.190277,0.898823,1.480531,0.000000,0.000000,0.254898,-0.353104,0.322064,0.846227,0.302529,0.000000,0.000000
-2.133520,0.030937,1.146477,-0.033392,-0.016688,-0.993946,-0.103335,-0.197917,0.096094,0.261628,0.955184,-0.046845,-0.019978,-0.065194,0.014140,-0.037268,0.252934,-0.124005,-0.004293,0.149050,-0.004604,0.290518,0.260452,-0.190004,0.902071,1.482656,0.000000,0.000000,0.249859,-0.355359,0.322100,0.844498,0.302396,0.000000,0.000000
-2.135997,0.030506,1.146498,-0.032454,-0.017209,-0.993867,-0.104307,-0.204282,0.092679,0.262947,0.932224,-0.057936,-0.021270,-0.062950,0.011708,-0.039186,0.246723,-0.120927,-0.004575,0.152402,-0.004716,0.289512,0.258170,-0.190718,0.905321,1.483562,0.000000,0.000000,0.244877,-0.357573,0.323755,0.842961,0.303161,0.000000,0.000000
-2.138509,0.030237,1.146485,-0.031281,-0.017832,-0.993779,-0.105393,-0.210323,0.089195,0.265210,0.904575,-0.066528,-0.022690,-0.060904,0.009205,-0.041688,0.240379,-0.117615,-0.004777,0.155994,-0.004803,0.287834,0.255416,-0.190265,0.908712,1.485631,0.000000,0.000000,0.239481,-0.359670,0.323894,0.840890,0.302955,0.000000,0.000000
-2.141131,0.029739,1.146418,-0.030316,-0.018025,-0.993788,-0.105551,-0.215284,0.085663,0.265952,0.875710,-0.072719,-0.023655,-0.058875,0.007298,-0.043881,0.235095,-0.115277,-0.004883,0.159073,-0.004882,0.285921,0.253471,-0.191439,0.911933,1.486800,0.000000,0.000000,0.235544,-0.360838,0.325024,0.839322,0.304906,0.000000,0.000000
-2.143975,0.029195,1.146222,-0.029035,-0.018354,-0.993672,-0.106942,-0.219760,0.081698,0.267351,0.842164,-0.078239,-0.024753,-0.057024,0.005092,-0.046518,0.229738,-0.113579,-0.004994,0.161788,-0.004991,0.284194,0.251637,-0.190268,0.914704,1.489611,0.000000,0.000000,0.229594,-0.363788,0.325057,0.836160,0.303220,0.000000,0.000000
-2.146897,0.028580,1.145852,-0.027540,-0.018651,-0.993630,-0.107676,-0.223576,0.077311,0.268486,0.805715,-0.083274,-0.025768,-0.055449,0.002914,-0.048997,0.224323,-0.111315,-0.005129,0.164383,-0.005082,0.282381,0.248897,-0.189580,0.917517,1.491975,0.000000,0.000000,0.224592,-0.365933,0.326330,0.832784,0.301594,0.000000,0.000000
-2.149837,0.027819,1.145375,-0.026171,-0.018963,-0.993564,-0.108560,-0.226701,0.072518,0.269308,0.766973,-0.086646,-0.026671,-0.053863,0.000456,-0.053273,0.218961,-0.109728,-0.005035,0.167100,-0.005166,0.280408,0.246210,-0.189387,0.921542,1.493638,0.000000,0.000000,0.219818,-0.367615,0.328367,0.830072,0.300857,0.000000,0.000000
-2.152842,0.026996,1.144864,-0.024939,-0.019336,-0.993518,-0.109206,-0.228922,0.067237,0.268975,0.725509,-0.088257,-0.027306,-0.052177,-0.002231,-0.056883,0.214055,-0.108174,-0.005114,0.169972,-0.005230,0.277679,0.243957,-0.189494,0.926218,1.496216,0.000000,0.000000,0.215695,-0.369271,0.331570,0.828346,0.302226,0.000000,0.000000
-2.156219,0.026273,1.144256,-0.023158,-0.019493,-0.993463,-0.110065,-0.230538,0.062135,0.269443,0.679875,-0.089069,-0.027858,-0.050555,-0.004622,-0.061050,0.208594,-0.106904,-0.005024,0.172067,-0.005295,0.275125,0.241118,-0.188522,0.930020,1.498880,0.000000,0.000000,0.210033,-0.371068,0.332430,0.824826,0.300071,0.000000,0.000000
-2.159636,0.025411,1.143602,-0.021637,-0.019560,-0.993406,-0.110874,-0.231174,0.057193,0.268727,0.634784,-0.089417,-0.028033,-0.048993,-0.006833,-0.064731,0.203871,-0.105818,-0.004973,0.174232,-0.005376,0.272438,0.238314,-0.186004,0.931893,1.500071,0.000000,0.000000,0.206212,-0.372205,0.335667,0.822293,0.297740,0.000000,0.000000
-2.163235,0.024610,1.142982,-0.020418,-0.019704,-0.993346,-0.111616,-0.230700,0.052099,0.267902,0.587557,-0.088827,-0.028097,-0.047247,-0.009299,-0.069028,0.200128,-0.105174,-0.004885,0.175254,-0.005394,0.270628,0.235399,-0.184496,0.934940,1.501207,0.000000,0.000000,0.201036,-0.372103,0.335525,0.819679,0.295393,0.000000,0.000000
-2.167210,0.023893,1.142323,-0.018406,-0.019607,-0.993363,-0.111832,-0.229727,0.046932,0.266495,0.535686,-0.086614,-0.027844,-0.045635,-0.011330,-0.073545,0.195790,-0.104752,-0.004655,0.176896,-0.005469,0.267457,0.233016,-0.182074,0.939202,1.503474,0.000000,0.000000,0.196322,-0.373743,0.336649,0.816309,0.292977,0.000000,0.000000
-2.171032,0.023064,1.141590,-0.016779,-0.019548,-0.993300,-0.112657,-0.228082,0.041771,0.265278,0.484025,-0.083199,-0.027581,-0.044132,-0.013443,-0.077692,0.192091,-0.104898,-0.004510,0.178426,-0.005535,0.264497,0.230008,-0.179962,0.944182,1.505175,0.000000,0.000000,0.192090,-0.374711,0.339790,0.813043,0.290586,0.000000,0.000000
-2.175012,0.022322,1.140806,-0.015362,-0.019240,-0.993266,-0.113211,-0.225810,0.037310,0.264068,0.435139,-0.078784,-0.027200,-0.042433,-0.015218,-0.081882,0.189239,-0.105654,-0.004271,0.179277,-0.005571,0.261630,0.227380,-0.176507,0.948086,1.505023,0.000000,0.000000,0.188399,-0.375254,0.341479,0.809863,0.288022,0.000000,0.000000
-2.179105,0.021574,1.140048,-0.014349,-0.018923,-0.993248,-0.113550,-0.222680,0.032854,0.261921,0.386040,-0.073304,-0.026605,-0.040283,-0.017161,-0.086177,0.187117,-0.107207,-0.004063,0.180237,-0.005561,0.259146,0.225363,-0.174389,0.951690,1.503541,0.000000,0.000000,0.184579,-0.374842,0.342178,0.807636,0.287309,0.000000,0.000000
-2.183618,0.021039,1.139237,-0.012346,-0.018476,-0.993190,-0.114363,-0.219331,0.028910,0.260322,0.336418,-0.066728,-0.025951,-0.038412,-0.018556,-0.090361,0.184154,-0.108900,-0.003738,0.181779,-0.005666,0.255357,0.222940,-0.168840,0.954097,1.504564,0.000000,0.000000,0.180990,-0.375858,0.344751,0.804941,0.283801,0.000000,0.000000
-2.188192,0.020773,1.138368,-0.010839,-0.017578,-0.993251,-0.114130,-0.215792,0.026171,0.258588,0.290905,-0.057893,-0.025140,-0.036140,-0.018949,-0.093884,0.181822,-0.110602,-0.003270,0.180767,-0.005667,0.253005,0.220685,-0.164265,0.956692,1.502997,0.000000,0.000000,0.176416,-0.375869,0.345984,0.801973,0.279109,0.000000,0.000000
-2.192802,0.020501,1.137534,-0.009655,-0.016909,-0.993270,-0.114177,-0.211749,0.023560,0.256841,0.246056,-0.048359,-0.024350,-0.033493,-0.019648,-0.098233,0.179879,-0.112762,-0.002748,0.180581,-0.005669,0.250083,0.218647,-0.160226,0.960361,1.501727,0.000000,0.000000,0.173037,-0.375123,0.347890,0.800008,0.277127,0.000000,0.000000
-2.197690,0.020447,1.136682,-0.008208,-0.015983,-0.993354,-0.113691,-0.207834,0.021403,0.256812,0.205669,-0.038689,-0.023901,-0.030703,-0.019810,-0.102094,0.177827,-0.115475,-0.002173,0.179048,-0.005638,0.247688,0.216545,-0.155710,0.964003,1.501712,0.000000,0.000000,0.168985,-0.373671,0.347320,0.798152,0.275454,0.000000,0.000000
-2.202647,0.020428,1.135822,-0.006974,-0.015002,-0.993416,-0.113358,-0.203872,0.019552,0.257211,0.169629,-0.029379,-0.023572,-0.027777,-0.019747,-0.105436,0.176269,-0.117782,-0.001625,0.176960,-0.005605,0.245398,0.214262,-0.151269,0.967620,1.501885,0.000000,0.000000,0.165291,-0.372336,0.347482,0.796702,0.273449,0.000000,0.000000
-2.207759,0.020358,1.135009,-0.005905,-0.014144,-0.993462,-0.113128,-0.199893,0.017750,0.257644,0.138340,-0.020550,-0.023363,-0.024766,-0.019996,-0.109369,0.175165,-0.120615,-0.001064,0.175633,-0.005581,0.243237,0.211991,-0.146834,0.970917,1.502782,0.000000,0.000000,0.162395,-0.370916,0.347260,0.795582,0.270332,0.000000,0.000000
-2.212950,0.020501,1.134203,-0.005010,-0.013214,-0.993559,-0.112428,-0.195999,0.016149,0.258170,0.112187,-0.011433,-0.023268,-0.021612,-0.020018,-0.112801,0.174604,-0.123557,-0.000520,0.174084,-0.005546,0.241205,0.209773,-0.142727,0.974653,1.503836,0.000000,0.000000,0.159987,-0.369128,0.346698,0.794878,0.267620,0.000000,0.000000
-2.218211,0.020546,1.133428,-0.004225,-0.012283,-0.993647,-0.111793,-0.192605,0.014741,0.258343,0.092846,-0.002741,-0.023290,-0.018830,-0.020086,-0.115498,0.174593,-0.126671,-0.000107,0.172419,-0.005505,0.239529,0.207861,-0.139810,0.978246,1.504208,0.000000,0.000000,0.157834,-0.367606,0.346271,0.794744,0.265793,0.000000,0.000000
-2.223473,0.020503,1.132582,-0.004060,-0.011463,-0.993802,-0.110495,-0.188668,0.012865,0.257808,0.075097,0.007137,-0.023382,-0.015527,-0.020350,-0.119355,0.175694,-0.129894,0.000452,0.170417,-0.005437,0.237983,0.206178,-0.137888,0.981933,1.503698,0.000000,0.000000,0.156214,-0.365508,0.345020,0.795206,0.263151,0.000000,0.000000
-2.228870,0.020297,1.131826,-0.003146,-0.010609,-0.993888,-0.109834,-0.185138,0.010945,0.257320,0.061092,0.014958,-0.023581,-0.012767,-0.020656,-0.121783,0.176922,-0.133237,0.000764,0.168176,-0.005381,0.236437,0.203874,-0.135744,0.985601,1.503912,0.000000,0.000000,0.154419,-0.363594,0.344925,0.795958,0.261075,0.000000,0.000000
-2.234078,0.020036,1.131044,-0.002667,-0.009717,-0.994035,-0.108591,-0.181333,0.008592,0.256549,0.049279,0.023738,-0.023909,-0.009954,-0.020883,-0.123586,0.179207,-0.137498,0.000997,0.165344,-0.005317,0.234647,0.201456,-0.134189,0.990018,1.504155,0.000000,0.000000,0.152189,-0.361695,0.345180,0.797461,0.259418,0.000000,0.000000
-2.239236,0.019803,1.130376,-0.002185,-0.009004,-0.994144,-0.107670,-0.177323,0.006080,0.255389,0.040221,0.031613,-0.024275,-0.007367,-0.021206,-0.125304,0.182704,-0.142372,0.001190,0.162357,-0.005249,0.232578,0.198867,-0.132902,0.994907,1.504261,0.000000,0.000000,0.149904,-0.359776,0.344951,0.799531,0.258308,0.000000,0.000000
-2.244164,0.020181,1.129852,-0.001445,-0.008206,-0.994261,-0.106653,-0.172354,0.004394,0.250870,0.032976,0.041778,-0.023935,-0.004612,-0.020964,-0.125752,0.188470,-0.148669,0.001321,0.158332,-0.005102,0.229993,0.196201,-0.131602,1.000920,1.504426,0.000000,0.000000,0.147211,-0.357115,0.343879,0.802698,0.256729,0.000000,0.000000
-2.248994,0.020521,1.129466,-0.001060,-0.007463,-0.994356,-0.105825,-0.168228,0.004265,0.245765,0.029790,0.046093,-0.023183,-0.002866,-0.020597,-0.125458,0.194769,-0.154328,0.001367,0.155025,-0.004973,0.227848,0.194159,-0.131129,1.006264,1.504394,0.000000,0.000000,0.145261,-0.354608,0.342951,0.806085,0.255143,0.000000,0.000000
-2.253718,0.021177,1.129057,-0.000657,-0.006643,-0.994512,-0.104405,-0.163812,0.005397,0.240161,0.027791,0.043463,-0.022012,-0.001421,-0.019451,-0.124824,0.203504,-0.160787,0.001566,0.150579,-0.004850,0.224991,0.192262,-0.131096,1.012566,1.504709,0.000000,0.000000,0.142866,-0.351834,0.341775,0.810558,0.253126,0.000000,0.000000
-2.258542,0.021557,1.128616,-0.000464,-0.005753,-0.994692,-0.102737,-0.159928,0.006734,0.237572,0.027631,0.036762,-0.021235,-0.000414,-0.018172,-0.124533,0.213606,-0.166828,0.001866,0.145727,-0.004700,0.222126,0.190216,-0.131553,1.018811,1.505629,0.000000,0.000000,0.140828,-0.348948,0.340979,0.815340,0.251332,0.000000,0.000000
-2.263422,0.021858,1.128374,-0.000468,-0.005154,-0.994795,-0.101763,-0.156333,0.008245,0.235408,0.028911,0.033837,-0.020515,0.000193,-0.017271,-0.124029,0.224798,-0.173314,0.002040,0.141133,-0.004540,0.219249,0.187846,-0.131873,1.025665,1.506763,0.000000,0.000000,0.139256,-0.346125,0.339468,0.820456,0.249247,0.000000,0.000000
-2.268010,0.022141,1.128383,-0.000895,-0.004726,-0.994897,-0.100784,-0.152099,0.010354,0.229179,0.030666,0.034666,-0.019081,0.000408,-0.016374,-0.122034,0.240421,-0.180675,0.001986,0.135728,-0.004346,0.216496,0.185297,-0.133139,1.033855,1.507811,0.000000,0.000000,0.138248,-0.342923,0.338587,0.826574,0.247073,0.000000,0.000000
-2.272412,0.021756,1.128628,-0.001473,-0.004550,-0.994969,-0.100066,-0.148296,0.011762,0.218399,0.031967,0.036788,-0.017128,-0.000151,-0.016571,-0.120372,0.256827,-0.187532,0.001711,0.131236,-0.004178,0.214081,0.183267,-0.135009,1.041045,1.508354,0.000000,0.000000,0.137863,-0.340495,0.337255,0.832595,0.245705,0.000000,0.000000
-2.276587,0.021026,1.128979,-0.002238,-0.004624,-0.995133,-0.098405,-0.144765,0.011945,0.206498,0.034565,0.036451,-0.015333,-0.001399,-0.017558,-0.119347,0.275906,-0.194063,0.001357,0.126087,-0.004013,0.211827,0.181175,-0.139275,1.048160,1.507440,0.000000,0.000000,0.138002,-0.338973,0.336169,0.839127,0.245584,0.000000,0.000000
-2.280767,0.019857,1.129463,-0.003194,-0.005154,-0.995272,-0.096936,-0.141830,0.010525,0.196110,0.039502,0.033924,-0.014161,-0.003119,-0.019949,-0.118953,0.296260,-0.199164,0.000756,0.121428,-0.003825,0.209828,0.178094,-0.144659,1.055247,1.505304,0.000000,0.000000,0.139136,-0.338014,0.334565,0.846096,0.246673,0.000000,0.000000
-2.284790,0.018579,1.130058,-0.004303,-0.005869,-0.995414,-0.095388,-0.139161,0.008117,0.186500,0.046867,0.028856,-0.013327,-0.005425,-0.023483,-0.119683,0.319607,-0.203475,0.000072,0.117442,-0.003640,0.207751,0.174648,-0.151951,1.062412,1.502988,0.000000,0.000000,0.141248,-0.336741,0.330293,0.853563,0.250794,0.000000,0.000000
-2.288730,0.017196,1.130765,-0.005564,-0.006422,-0.995566,-0.093685,-0.136814,0.005565,0.178124,0.055588,0.021885,-0.012690,-0.008115,-0.027330,-0.120663,0.343912,-0.206389,-0.000645,0.114424,-0.003479,0.205688,0.171961,-0.160244,1.069326,1.500698,0.000000,0.000000,0.145050,-0.336225,0.327122,0.860305,0.252391,0.000000,0.000000
-2.292690,0.015941,1.131430,-0.007112,-0.006590,-0.995778,-0.091276,-0.134412,0.003339,0.170837,0.065909,0.013312,-0.012135,-0.011283,-0.030883,-0.122487,0.371985,-0.206036,-0.001105,0.110742,-0.003237,0.203430,0.169124,-0.169046,1.076756,1.499676,0.000000,0.000000,0.150294,-0.334730,0.322663,0.866767,0.253500,0.000000,0.000000
-2.296358,0.014696,1.132114,-0.009795,-0.007034,-0.995981,-0.088750,-0.131444,0.000777,0.165344,0.077687,0.003761,-0.011958,-0.014608,-0.035323,-0.125902,0.403401,-0.201886,-0.001497,0.107509,-0.002998,0.201798,0.166920,-0.181956,1.084065,1.498575,0.000000,0.000000,0.156078,-0.332006,0.321731,0.874755,0.258886,0.000000,0.000000
-2.300169,0.013241,1.132559,-0.010850,-0.006446,-0.996123,-0.087056,-0.129242,-0.000770,0.164949,0.087855,-0.010110,-0.012263,-0.020475,-0.039244,-0.132658,0.436475,-0.194021,-0.001118,0.103063,-0.002775,0.199216,0.163881,-0.184807,1.092053,1.502173,0.000000,0.000000,0.163772,-0.329124,0.311917,0.878350,0.258198,0.000000,0.000000
-2.303630,0.012286,1.133156,-0.012234,-0.005844,-0.996200,-0.086039,-0.126523,-0.001252,0.164389,0.096367,-0.018073,-0.012307,-0.027421,-0.042609,-0.138643,0.471087,-0.180011,-0.000673,0.099644,-0.002588,0.195519,0.161255,-0.188913,1.101424,1.504628,0.000000,0.000000,0.170893,-0.325291,0.304271,0.881840,0.255687,0.000000,0.000000
-2.306980,0.011699,1.133868,-0.013525,-0.004499,-0.996368,-0.083950,-0.123188,-0.000248,0.162325,0.101683,-0.025600,-0.011739,-0.034887,-0.043697,-0.142906,0.505582,-0.159803,0.000151,0.094230,-0.002337,0.190854,0.159715,-0.190207,1.109527,1.508804,0.000000,0.000000,0.176901,-0.320939,0.301395,0.884815,0.253982,0.000000,0.000000
-2.310252,0.010961,1.134783,-0.015228,-0.003321,-0.996477,-0.082400,-0.118456,0.000710,0.156998,0.104482,-0.035467,-0.010621,-0.043263,-0.045089,-0.147201,0.542894,-0.131966,0.000987,0.087722,-0.002079,0.186646,0.158585,-0.191503,1.117109,1.511745,0.000000,0.000000,0.181468,-0.316642,0.302384,0.888849,0.254380,0.000000,0.000000
-2.313770,0.010361,1.135947,-0.016787,-0.001979,-0.996590,-0.080766,-0.112808,0.002055,0.150127,0.105106,-0.042734,-0.009170,-0.052331,-0.046308,-0.150888,0.580594,-0.099667,0.001831,0.080213,-0.001834,0.183744,0.158443,-0.190736,1.121395,1.513903,0.000000,0.000000,0.186231,-0.311500,0.305479,0.892711,0.253118,0.000000,0.000000
-2.317303,0.009715,1.137289,-0.018890,-0.000563,-0.996705,-0.078882,-0.106495,0.003420,0.142940,0.104914,-0.048655,-0.007692,-0.061251,-0.047688,-0.155267,0.618421,-0.062520,0.002840,0.071643,-0.001576,0.182175,0.158924,-0.189255,1.124376,1.515492,0.000000,0.000000,0.191311,-0.305839,0.309331,0.896939,0.249034,0.000000,0.000000
-2.320860,0.008947,1.138813,-0.021240,0.000861,-0.996832,-0.076638,-0.099474,0.004590,0.133018,0.104480,-0.053125,-0.005858,-0.070274,-0.049034,-0.158506,0.656466,-0.020322,0.003684,0.061922,-0.001330,0.181527,0.159664,-0.188503,1.126188,1.515677,0.000000,0.000000,0.195883,-0.301172,0.315663,0.900906,0.245550,0.000000,0.000000
-2.324383,0.008048,1.140508,-0.023999,0.001946,-0.996916,-0.074685,-0.092050,0.005063,0.122158,0.104077,-0.057052,-0.004062,-0.078951,-0.051156,-0.160967,0.692816,0.022330,0.004140,0.052943,-0.001090,0.181612,0.162646,-0.186058,1.126038,1.517864,0.000000,0.000000,0.200032,-0.298562,0.321578,0.904082,0.242587,0.000000,0.000000
-2.328082,0.006940,1.142319,-0.026299,0.003427,-0.997007,-0.072626,-0.084863,0.005677,0.111843,0.102840,-0.059661,-0.002320,-0.087232,-0.052814,-0.163554,0.725596,0.061195,0.004745,0.043385,-0.000840,0.181855,0.164998,-0.185844,1.124222,1.514541,0.000000,0.000000,0.204105,-0.296019,0.329372,0.907070,0.239255,0.000000,0.000000
-2.332646,0.005621,1.144500,-0.028269,0.004916,-0.997094,-0.070573,-0.078046,0.006028,0.103332,0.103297,-0.062697,-0.000930,-0.093696,-0.055178,-0.165756,0.753984,0.089392,0.004959,0.035523,-0.000629,0.181765,0.167779,-0.186515,1.121281,1.512570,0.000000,0.000000,0.208842,-0.293223,0.334498,0.908986,0.235927,0.000000,0.000000
-2.336770,0.003738,1.146697,-0.030764,0.006601,-0.997167,-0.068328,-0.071092,0.006224,0.096320,0.103571,-0.065991,0.000183,-0.100080,-0.058626,-0.169092,0.780861,0.103805,0.005029,0.027667,-0.000405,0.182457,0.171191,-0.187336,1.117610,1.509680,0.000000,0.000000,0.214298,-0.290654,0.339242,0.909827,0.232994,0.000000,0.000000
-2.340745,0.001528,1.148871,-0.033219,0.008067,-0.997207,-0.066402,-0.064269,0.005762,0.089958,0.103700,-0.069524,0.001042,-0.106682,-0.063142,-0.173525,0.805850,0.101321,0.004973,0.020815,-0.000209,0.183378,0.174799,-0.189075,1.112839,1.506287,0.000000,0.000000,0.220068,-0.289091,0.343925,0.909957,0.228921,0.000000,0.000000
-2.344512,-0.000755,1.150972,-0.036351,0.009281,-0.997216,-0.064434,-0.056608,0.004717,0.083432,0.104549,-0.073558,0.001788,-0.113793,-0.069277,-0.179568,0.833861,0.088513,0.004802,0.014054,-0.000010,0.184889,0.179193,-0.192257,1.106245,1.502495,0.000000,0.000000,0.227071,-0.287445,0.348667,0.909645,0.225212,0.000000,0.000000
-2.348518,-0.002805,1.152975,-0.038672,0.010930,-0.997248,-0.062309,-0.049001,0.004276,0.076646,0.104546,-0.077299,0.002736,-0.121469,-0.075047,-0.185618,0.862162,0.073340,0.004806,0.006464,0.000199,0.186162,0.183700,-0.196751,1.099448,1.498487,0.000000,0.000000,0.234021,-0.286103,0.353136,0.908887,0.220785,0.000000,0.000000
-2.352282,-0.004691,1.154769,-0.041459,0.012483,-0.997259,-0.060004,-0.040976,0.004029,0.070062,0.104757,-0.080744,0.003703,-0.129705,-0.081296,-0.192453,0.893179,0.062115,0.004950,-0.001478,0.000435,0.187545,0.188723,-0.203063,1.091708,1.494429,0.000000,0.000000,0.241828,-0.284053,0.357626,0.907959,0.217172,0.000000,0.000000
-2.355728,-0.006414,1.156375,-0.044530,0.014100,-0.997232,-0.057856,-0.033262,0.004085,0.065366,0.105276,-0.084053,0.004442,-0.137935,-0.087254,-0.199541,0.922803,0.053558,0.005299,-0.009178,0.000663,0.189334,0.194883,-0.207876,1.082948,1.493485,0.000000,0.000000,0.250508,-0.281948,0.359168,0.906579,0.213865,0.000000,0.000000
-2.358883,-0.007747,1.157860,-0.047320,0.016043,-0.997206,-0.055536,-0.026384,0.004872,0.060806,0.105196,-0.086459,0.005345,-0.146133,-0.091133,-0.205454,0.948816,0.045659,0.006024,-0.015913,0.000857,0.190437,0.200802,-0.211938,1.074302,1.492191,0.000000,0.000000,0.257670,-0.279904,0.359191,0.905467,0.210547,0.000000,0.000000
-2.361855,-0.008615,1.159273,-0.049485,0.018239,-0.997176,-0.053458,-0.020290,0.006500,0.056170,0.104087,-0.087888,0.006471,-0.154734,-0.092725,-0.209542,0.971351,0.037533,0.007023,-0.022905,0.001058,0.190959,0.207033,-0.216837,1.066510,1.490357,0.000000,0.000000,0.263797,-0.278303,0.358906,0.904278,0.207161,0.000000,0.000000
-2.364462,-0.009134,1.160581,-0.051792,0.020307,-0.997131,-0.051339,-0.014104,0.008844,0.051379,0.102625,-0.082341,0.007805,-0.164673,-0.093376,-0.213501,0.993949,0.026954,0.008347,-0.030251,0.001299,0.191316,0.214228,-0.219861,1.056786,1.491694,0.000000,0.000000,0.271339,-0.274671,0.357440,0.903661,0.202943,0.000000,0.000000
-2.366902,-0.009279,1.161810,-0.053404,0.022683,-0.997108,-0.049082,-0.008644,0.012079,0.047130,0.100773,-0.081559,0.009272,-0.175017,-0.091614,-0.216770,1.013130,0.017376,0.010242,-0.038081,0.001485,0.191355,0.221689,-0.224555,1.048037,1.491508,0.000000,0.000000,0.277759,-0.271922,0.354575,0.902870,0.199778,0.000000,0.000000
-2.368991,-0.009464,1.162863,-0.055129,0.024858,-0.997052,-0.047221,-0.004032,0.015166,0.042748,0.098791,-0.076818,0.010740,-0.185146,-0.089440,-0.219561,1.028744,0.008763,0.012099,-0.044761,0.001676,0.190679,0.228906,-0.227348,1.039037,1.490561,0.000000,0.000000,0.283604,-0.268620,0.350888,0.902502,0.197647,0.000000,0.000000
-2.370283,-0.009621,1.163227,-0.056396,0.026823,-0.997040,-0.044846,0.000531,0.018583,0.037655,0.095045,-0.072218,0.012403,-0.198359,-0.086766,-0.223467,1.046228,-0.002084,0.014524,-0.051122,0.001849,0.190358,0.237816,-0.232432,1.027110,1.489075,0.000000,0.000000,0.289917,-0.264764,0.345714,0.902236,0.196948,0.000000,0.000000
-2.371809,-0.009793,1.163747,-0.057598,0.028622,-0.996990,-0.043292,0.004118,0.021418,0.034846,0.094066,-0.075420,0.013546,-0.210469,-0.083892,-0.226991,1.058235,-0.012620,0.016859,-0.056941,0.001985,0.189843,0.245634,-0.236817,1.015920,1.486887,0.000000,0.000000,0.294744,-0.262544,0.341527,0.901943,0.198492,0.000000,0.000000
-2.373447,-0.009913,1.164292,-0.058603,0.030258,-0.996969,-0.041258,0.007080,0.024093,0.031940,0.094336,-0.077967,0.014671,-0.222461,-0.080864,-0.230531,1.067021,-0.022597,0.019221,-0.062025,0.002126,0.188571,0.253673,-0.241068,1.004496,1.484784,0.000000,0.000000,0.299768,-0.259943,0.335820,0.901932,0.200603,0.000000,0.000000
-2.375027,-0.009973,1.164795,-0.059703,0.031707,-0.996922,-0.039705,0.009707,0.026557,0.029345,0.095101,-0.079634,0.015698,-0.234281,-0.077746,-0.233798,1.072588,-0.031884,0.021516,-0.067105,0.002256,0.187165,0.261714,-0.244684,0.993134,1.482189,0.000000,0.000000,0.304915,-0.257567,0.330188,0.902275,0.202590,0.000000,0.000000
-2.376754,-0.010106,1.165261,-0.060618,0.033149,-0.996886,-0.038019,0.012134,0.028873,0.026730,0.095836,-0.080848,0.016695,-0.245817,-0.074686,-0.236946,1.075181,-0.040458,0.023731,-0.072144,0.002392,0.185798,0.269560,-0.247495,0.981699,1.479271,0.000000,0.000000,0.310167,-0.255164,0.324734,0.902522,0.204221,0.000000,0.000000
-2.378517,-0.010306,1.165687,-0.061322,0.034459,-0.996880,-0.035820,0.014374,0.031003,0.023622,0.096238,-0.081786,0.017727,-0.257007,-0.071883,-0.241181,1.074947,-0.047503,0.026132,-0.076887,0.002512,0.183591,0.277603,-0.250775,0.970521,1.475770,0.000000,0.000000,0.314943,-0.252795,0.318641,0.902745,0.205421,0.000000,0.000000
-2.380233,-0.010435,1.166060,-0.062297,0.035708,-0.996851,-0.033648,0.016653,0.033052,0.020344,0.096929,-0.083007,0.018766,-0.267663,-0.068961,-0.245011,1.071968,-0.053876,0.028411,-0.082090,0.002651,0.181413,0.285371,-0.254084,0.959833,1.471039,0.000000,0.000000,0.319739,-0.250786,0.313761,0.903703,0.207305,0.000000,0.000000
-2.381832,-0.010416,1.166395,-0.063740,0.036668,-0.996786,-0.031782,0.019164,0.034850,0.016427,0.098259,-0.084092,0.019854,-0.277634,-0.065890,-0.247983,1.066560,-0.060087,0.030427,-0.087384,0.002789,0.179437,0.292574,-0.259287,0.949797,1.465896,0.000000,0.000000,0.322491,-0.249611,0.314336,0.905951,0.211661,0.000000,0.000000
-2.383931,-0.010443,1.166653,-0.064547,0.037607,-0.996758,-0.029865,0.021614,0.036465,0.012596,0.099369,-0.085387,0.020886,-0.287076,-0.062878,-0.251412,1.058525,-0.065154,0.032493,-0.092611,0.002896,0.176980,0.299589,-0.262999,0.940318,1.461289,0.000000,0.000000,0.324911,-0.248593,0.313604,0.908533,0.215412,0.000000,0.000000
-2.386110,-0.010262,1.166801,-0.065642,0.038401,-0.996697,-0.028502,0.024183,0.037898,0.009070,0.101010,-0.087105,0.021824,-0.295965,-0.059627,-0.254479,1.047862,-0.069272,0.034465,-0.097883,0.003057,0.174662,0.305725,-0.266067,0.931809,1.456162,0.000000,0.000000,0.327754,-0.247470,0.313166,0.911535,0.218289,0.000000,0.000000
-2.388654,-0.009939,1.166931,-0.066247,0.039507,-0.996660,-0.026839,0.026642,0.039919,0.007078,0.102706,-0.089565,0.022670,-0.304246,-0.055910,-0.257842,1.034459,-0.073185,0.036555,-0.103267,0.003218,0.172291,0.311912,-0.268498,0.923553,1.451769,0.000000,0.000000,0.330442,-0.246903,0.311853,0.913664,0.219581,0.000000,0.000000
-2.391162,-0.009315,1.166996,-0.066937,0.040375,-0.996628,-0.024926,0.028977,0.042113,0.004898,0.104554,-0.092240,0.023588,-0.311869,-0.051846,-0.260878,1.018374,-0.076940,0.038539,-0.108003,0.003330,0.169713,0.317759,-0.270592,0.915668,1.448344,0.000000,0.000000,0.333376,-0.245946,0.309111,0.915651,0.219285,0.000000,0.000000
-2.393815,-0.008816,1.167002,-0.068154,0.040162,-0.996573,-0.024181,0.031675,0.042971,0.004328,0.107178,-0.095681,0.023906,-0.318520,-0.049494,-0.260242,1.000441,-0.080097,0.038876,-0.112040,0.003423,0.167655,0.322375,-0.273365,0.908436,1.445161,0.000000,0.000000,0.336848,-0.246397,0.307196,0.917953,0.218855,0.000000,0.000000
-2.396654,-0.008214,1.166909,-0.069286,0.039777,-0.996501,-0.024551,0.034562,0.043042,0.004584,0.109890,-0.099127,0.023899,-0.324321,-0.047415,-0.258005,0.982203,-0.081591,0.038714,-0.114412,0.003478,0.165829,0.325864,-0.275136,0.901830,1.443330,0.000000,0.000000,0.339947,-0.247902,0.306974,0.919868,0.217714,0.000000,0.000000
-2.399518,-0.007360,1.166739,-0.070101,0.039265,-0.996456,-0.024897,0.037840,0.042860,0.004851,0.112069,-0.103709,0.023824,-0.330378,-0.044698,-0.254565,0.959833,-0.082745,0.038355,-0.115852,0.003559,0.163684,0.328797,-0.277844,0.895343,1.441891,0.000000,0.000000,0.343573,-0.248909,0.305592,0.922028,0.216693,0.000000,0.000000
-2.402416,-0.006367,1.166546,-0.071040,0.039044,-0.996396,-0.024983,0.041119,0.043222,0.006359,0.114429,-0.107896,0.023697,-0.335608,-0.041670,-0.250827,0.936480,-0.083373,0.037930,-0.117207,0.003635,0.161422,0.332076,-0.281090,0.889496,1.441152,0.000000,0.000000,0.346963,-0.250204,0.304472,0.923189,0.215581,0.000000,0.000000
-2.405477,-0.005302,1.166325,-0.071849,0.038772,-0.996333,-0.025607,0.044439,0.043650,0.008152,0.116836,-0.113743,0.023530,-0.340162,-0.038257,-0.246877,0.911821,-0.083339,0.037471,-0.118279,0.003725,0.159168,0.335339,-0.284141,0.884330,1.439763,0.000000,0.000000,0.350427,-0.251610,0.304581,0.924874,0.215770,0.000000,0.000000
-2.408816,-0.004429,1.166117,-0.072262,0.038658,-0.996299,-0.025910,0.047569,0.044197,0.010080,0.119367,-0.119002,0.023367,-0.344029,-0.035062,-0.243328,0.885898,-0.082453,0.036969,-0.118357,0.003773,0.156247,0.338915,-0.285601,0.879236,1.439534,0.000000,0.000000,0.353988,-0.252884,0.302767,0.926040,0.214637,0.000000,0.000000
-2.412018,-0.003378,1.165870,-0.072743,0.038463,-0.996264,-0.026206,0.050540,0.044834,0.011694,0.122027,-0.123236,0.023280,-0.347348,-0.031592,-0.239709,0.858490,-0.081073,0.036459,-0.118113,0.003829,0.153390,0.342251,-0.287986,0.874723,1.439474,0.000000,0.000000,0.357589,-0.253449,0.300890,0.927155,0.214168,0.000000,0.000000
-2.415187,-0.002321,1.165577,-0.073303,0.038277,-0.996221,-0.026573,0.053455,0.045492,0.012815,0.124665,-0.127341,0.023283,-0.350043,-0.027923,-0.236090,0.830135,-0.078614,0.035940,-0.117572,0.003831,0.150699,0.345335,-0.291637,0.870594,1.439200,0.000000,0.000000,0.360203,-0.254083,0.300885,0.928391,0.215356,0.000000,0.000000
-2.418467,-0.001243,1.165237,-0.073615,0.038140,-0.996192,-0.026969,0.056236,0.046279,0.014512,0.127434,-0.131384,0.023227,-0.352237,-0.024057,-0.232467,0.800392,-0.076163,0.035395,-0.117133,0.003841,0.147476,0.348301,-0.294399,0.867673,1.438903,0.000000,0.000000,0.362873,-0.254966,0.300018,0.929815,0.216180,0.000000,0.000000
-2.421845,-0.000085,1.164856,-0.073603,0.038082,-0.996176,-0.027665,0.058776,0.047185,0.016564,0.130190,-0.135264,0.023144,-0.354071,-0.019712,-0.228538,0.769372,-0.073882,0.034832,-0.116967,0.003863,0.144226,0.351186,-0.295382,0.865247,1.438068,0.000000,0.000000,0.365408,-0.255882,0.297560,0.931152,0.216580,0.000000,0.000000
-2.425001,0.001313,1.164483,-0.073950,0.038045,-0.996145,-0.027920,0.061219,0.048433,0.018096,0.133209,-0.139155,0.023233,-0.355203,-0.014978,-0.224430,0.738437,-0.070168,0.034294,-0.116621,0.003872,0.141171,0.353732,-0.297770,0.863586,1.436928,0.000000,0.000000,0.367789,-0.255959,0.296773,0.932932,0.218163,0.000000,0.000000
-2.428387,0.002643,1.164143,-0.073898,0.038126,-0.996146,-0.027908,0.063255,0.049889,0.019529,0.136219,-0.142961,0.023389,-0.355804,-0.010577,-0.220725,0.709133,-0.065988,0.033805,-0.116038,0.003887,0.137749,0.356398,-0.299598,0.862316,1.436051,0.000000,0.000000,0.369568,-0.256048,0.295200,0.934698,0.219498,0.000000,0.000000
-2.431776,0.003985,1.163785,-0.073910,0.038225,-0.996134,-0.028179,0.065273,0.051557,0.021079,0.140149,-0.147144,0.023583,-0.355930,-0.005587,-0.216618,0.676275,-0.061281,0.033251,-0.115455,0.003896,0.134147,0.359152,-0.302205,0.861482,1.435023,0.000000,0.000000,0.371375,-0.255938,0.293733,0.936894,0.220980,0.000000,0.000000
-2.435469,0.005288,1.163490,-0.073246,0.038524,-0.996169,-0.028244,0.066680,0.053445,0.022994,0.143718,-0.150987,0.023772,-0.355742,-0.000987,-0.212878,0.646026,-0.056377,0.032762,-0.115141,0.003925,0.130521,0.362057,-0.302733,0.860436,1.434688,0.000000,0.000000,0.373533,-0.255842,0.290811,0.938569,0.220985,0.000000,0.000000
-2.438900,0.006712,1.163170,-0.072968,0.038813,-0.996176,-0.028320,0.067943,0.055518,0.024449,0.147907,-0.155140,0.024078,-0.355096,0.004029,-0.208854,0.615452,-0.050302,0.032311,-0.114959,0.003930,0.127126,0.364878,-0.303393,0.859869,1.434736,0.000000,0.000000,0.375335,-0.255773,0.288433,0.939936,0.221355,0.000000,0.000000
-2.442300,0.008174,1.162853,-0.072761,0.039160,-0.996185,-0.028064,0.069081,0.057718,0.025175,0.152566,-0.159686,0.024532,-0.353973,0.009144,-0.204768,0.585446,-0.043051,0.031895,-0.114702,0.003954,0.123938,0.367626,-0.304491,0.859348,1.434554,0.000000,0.000000,0.377099,-0.255139,0.285987,0.941405,0.223100,0.000000,0.000000
-2.445789,0.009705,1.162500,-0.072273,0.039468,-0.996220,-0.027655,0.069877,0.059830,0.025692,0.156987,-0.163871,0.024995,-0.352775,0.013951,-0.200918,0.558054,-0.036254,0.031550,-0.114345,0.003927,0.121104,0.369927,-0.305493,0.858839,1.434539,0.000000,0.000000,0.378595,-0.254329,0.283276,0.942668,0.224485,0.000000,0.000000
-2.449332,0.011303,1.162184,-0.071950,0.040032,-0.996236,-0.027104,0.070604,0.062406,0.025761,0.162071,-0.167457,0.025658,-0.351156,0.019109,-0.196775,0.531295,-0.027327,0.031283,-0.114298,0.003935,0.118501,0.372212,-0.306809,0.858582,1.434818,0.000000,0.000000,0.380235,-0.252956,0.281296,0.944173,0.226224,0.000000,0.000000
-2.452942,0.012962,1.161878,-0.071358,0.040616,-0.996272,-0.026478,0.071159,0.065323,0.025788,0.167309,-0.171688,0.026415,-0.349358,0.024427,-0.192470,0.504976,-0.017798,0.031066,-0.114966,0.003960,0.116334,0.374163,-0.307059,0.858415,1.435723,0.000000,0.000000,0.381747,-0.250613,0.278319,0.946297,0.230135,0.000000,0.000000
-2.456576,0.014429,1.161565,-0.071023,0.041255,-0.996287,-0.025824,0.071615,0.067721,0.025648,0.172170,-0.175692,0.027063,-0.347654,0.028550,-0.189121,0.485082,-0.009361,0.030955,-0.115491,0.003981,0.114770,0.375899,-0.307509,0.858227,1.436621,0.000000,0.000000,0.382806,-0.249079,0.276697,0.948073,0.232981,0.000000,0.000000
-2.460198,0.015812,1.161243,-0.070708,0.041804,-0.996311,-0.024854,0.072112,0.070529,0.025023,0.178566,-0.180712,0.027897,-0.345387,0.033123,-0.185423,0.462338,0.000787,0.030839,-0.115900,0.004006,0.112920,0.377875,-0.308788,0.858049,1.437689,0.000000,0.000000,0.383812,-0.247321,0.275415,0.950220,0.235882,0.000000,0.000000
-2.464000,0.017197,1.160911,-0.070128,0.042361,-0.996353,-0.023839,0.072440,0.072692,0.024491,0.183554,-0.184904,0.028544,-0.343513,0.036462,-0.182698,0.446336,0.009086,0.030799,-0.116430,0.004013,0.111516,0.379359,-0.309434,0.857872,1.438606,0.000000,0.000000,0.384477,-0.246074,0.274121,0.951784,0.237519,0.000000,0.000000
-2.467759,0.018437,1.160539,-0.069618,0.042906,-0.996389,-0.022851,0.072762,0.074957,0.023862,0.189098,-0.189997,0.029234,-0.341443,0.039880,-0.179892,0.430369,0.018510,0.030801,-0.117243,0.004037,0.110346,0.380657,-0.309985,0.857641,1.439437,0.000000,0.000000,0.385162,-0.244728,0.273076,0.953433,0.238829,0.000000,0.000000
-2.471651,0.019803,1.160188,-0.069152,0.042995,-0.996437,-0.021966,0.073170,0.077015,0.022927,0.195080,-0.195118,0.029916,-0.339188,0.042868,-0.175929,0.415899,0.029306,0.030477,-0.117934,0.004048,0.109364,0.381518,-0.310388,0.857399,1.440689,0.000000,0.000000,0.385873,-0.243285,0.272166,0.955141,0.239912,0.000000,0.000000
-2.475468,0.021034,1.159767,-0.068637,0.042800,-0.996491,-0.021519,0.073548,0.078352,0.022665,0.200163,-0.199428,0.030305,-0.337272,0.044860,-0.171742,0.404903,0.038436,0.029931,-0.118569,0.004042,0.108892,0.381691,-0.310239,0.857139,1.441644,0.000000,0.000000,0.386219,-0.242404,0.271419,0.956684,0.240637,0.000000,0.000000
-2.479389,0.022311,1.159355,-0.067987,0.042383,-0.996557,-0.021336,0.074009,0.079390,0.022513,0.205478,-0.204049,0.030602,-0.335306,0.046603,-0.166815,0.394887,0.048325,0.029220,-0.118997,0.003998,0.108601,0.381439,-0.309833,0.856814,1.442669,0.000000,0.000000,0.386297,-0.241917,0.270568,0.958428,0.241078,0.000000,0.000000
-2.483387,0.023705,1.158956,-0.067416,0.041965,-0.996623,-0.020921,0.074743,0.080505,0.022343,0.211846,-0.209792,0.030924,-0.332869,0.048394,-0.160299,0.385363,0.061305,0.028252,-0.119205,0.003952,0.108381,0.380867,-0.309424,0.856385,1.443776,0.000000,0.000000,0.386397,-0.241609,0.269096,0.960574,0.241271,0.000000,0.000000
-2.487390,0.025100,1.158525,-0.066672,0.041512,-0.996696,-0.020716,0.075576,0.081406,0.022189,0.217507,-0.215168,0.031189,-0.330594,0.049924,-0.153853,0.378438,0.074109,0.027337,-0.119150,0.003923,0.108348,0.380095,-0.308272,0.855878,1.445191,0.000000,0.000000,0.386278,-0.241471,0.267881,0.962719,0.241393,0.000000,0.000000
-2.491417,0.026394,1.158077,-0.065918,0.040889,-0.996779,-0.020350,0.076510,0.081989,0.022031,0.222607,-0.220142,0.031373,-0.328418,0.051105,-0.148008,0.373717,0.086175,0.026551,-0.118642,0.003894,0.108368,0.379017,-0.307452,0.855368,1.446605,0.000000,0.000000,0.385969,-0.241332,0.265985,0.964881,0.241334,0.000000,0.000000
-2.495565,0.027736,1.157671,-0.064902,0.040328,-0.996877,-0.019951,0.077504,0.082473,0.021788,0.227025,-0.224730,0.031545,-0.326305,0.052147,-0.142428,0.370822,0.097289,0.025843,-0.117902,0.003856,0.108472,0.377626,-0.307030,0.854883,1.448009,0.000000,0.000000,0.385434,-0.241237,0.264145,0.966917,0.240601,0.000000,0.000000
-2.499750,0.029072,1.157272,-0.063669,0.039709,-0.996985,-0.019756,0.078504,0.082876,0.021656,0.230710,-0.228965,0.031676,-0.324212,0.053164,-0.137292,0.369306,0.107297,0.025256,-0.117165,0.003826,0.108593,0.375991,-0.305994,0.854458,1.449291,0.000000,0.000000,0.384579,-0.241214,0.261991,0.968967,0.239826,0.000000,0.000000
-2.503890,0.030276,1.156863,-0.062167,0.039177,-0.997112,-0.019205,0.079254,0.083153,0.021335,0.233120,-0.231909,0.031801,-0.322613,0.053816,-0.133105,0.369091,0.114109,0.024727,-0.116620,0.003795,0.108592,0.374678,-0.304781,0.854242,1.450467,0.000000,0.000000,0.383678,-0.241322,0.259892,0.970412,0.239287,0.000000,0.000000
-2.507933,0.031379,1.156618,-0.060880,0.038557,-0.997226,-0.018609,0.080057,0.083316,0.020943,0.235389,-0.234513,0.031910,-0.321082,0.053861,-0.127969,0.369451,0.118657,0.023785,-0.116135,0.003787,0.108875,0.373034,-0.303584,0.854010,1.451833,0.000000,0.000000,0.382510,-0.241200,0.258142,0.972014,0.239111,0.000000,0.000000
-2.512300,0.032604,1.156518,-0.059183,0.038009,-0.997364,-0.017837,0.080700,0.083552,0.020723,0.236893,-0.236339,0.032013,-0.320000,0.053750,-0.123909,0.370152,0.120196,0.022984,-0.115778,0.003780,0.109265,0.371660,-0.302246,0.854005,1.452768,0.000000,0.000000,0.381518,-0.241090,0.256306,0.973606,0.238962,0.000000,0.000000
-2.516521,0.033195,1.156544,-0.058033,0.037383,-0.997456,-0.017765,0.081543,0.083499,0.020544,0.238471,-0.238158,0.032036,-0.319056,0.053192,-0.120395,0.371783,0.119269,0.022168,-0.115274,0.003739,0.109908,0.370104,-0.300650,0.854075,1.453834,0.000000,0.000000,0.380240,-0.241075,0.254321,0.975294,0.238675,0.000000,0.000000
-2.521034,0.033545,1.156726,-0.056467,0.036837,-0.997573,-0.017386,0.082521,0.083228,0.020288,0.239819,-0.239877,0.032013,-0.318403,0.052072,-0.117885,0.374483,0.115593,0.021401,-0.114656,0.003716,0.110869,0.368530,-0.298629,0.854318,1.454959,0.000000,0.000000,0.378978,-0.241147,0.251851,0.977286,0.238153,0.000000,0.000000
-2.525352,0.034177,1.156892,-0.055488,0.036133,-0.997654,-0.017360,0.083775,0.082757,0.019829,0.241182,-0.241182,0.031977,-0.318065,0.050621,-0.115888,0.378597,0.110246,0.020633,-0.114307,0.003682,0.112247,0.366665,-0.296698,0.854836,1.456002,0.000000,0.000000,0.377566,-0.241269,0.250100,0.979536,0.237672,0.000000,0.000000
-2.529774,0.035199,1.157062,-0.054103,0.035613,-0.997764,-0.016499,0.085574,0.082347,0.018842,0.242494,-0.242309,0.032057,-0.318081,0.048815,-0.114139,0.385238,0.102923,0.019849,-0.113916,0.003660,0.114378,0.364029,-0.293855,0.855744,1.457216,0.000000,0.000000,0.375878,-0.241258,0.246962,0.982758,0.236724,0.000000,0.000000
-2.533975,0.036664,1.157269,-0.052590,0.035351,-0.997866,-0.015766,0.087344,0.082428,0.017289,0.243179,-0.243162,0.032360,-0.318517,0.047756,-0.112475,0.391951,0.096734,0.019288,-0.113843,0.003647,0.116710,0.361339,-0.290127,0.856758,1.458817,0.000000,0.000000,0.374214,-0.241097,0.243980,0.985725,0.235695,0.000000,0.000000
-2.537920,0.038184,1.157514,-0.051205,0.034998,-0.997956,-0.015418,0.088702,0.082668,0.015687,0.243466,-0.243150,0.032714,-0.319051,0.047418,-0.111378,0.396952,0.092806,0.019029,-0.113681,0.003638,0.118686,0.359098,-0.287319,0.857588,1.460182,0.000000,0.000000,0.372638,-0.240855,0.242570,0.987839,0.235142,0.000000,0.000000
-2.542130,0.039657,1.157913,-0.048918,0.035156,-0.998070,-0.015052,0.089975,0.083356,0.014026,0.243216,-0.242257,0.033199,-0.319760,0.047598,-0.110706,0.401549,0.088956,0.019003,-0.113608,0.003631,0.120990,0.356803,-0.284019,0.858598,1.461557,0.000000,0.000000,0.370827,-0.240534,0.241097,0.989895,0.234627,0.000000,0.000000
-2.546170,0.041302,1.158392,-0.046615,0.035340,-0.998175,-0.014964,0.091388,0.084586,0.011649,0.242295,-0.239910,0.033963,-0.320788,0.048514,-0.110087,0.406719,0.083899,0.019189,-0.113580,0.003661,0.124209,0.353920,-0.279175,0.859979,1.463473,0.000000,0.000000,0.368100,-0.239963,0.239979,0.992205,0.234200,0.000000,0.000000
-2.550105,0.043086,1.159003,-0.044548,0.035568,-0.998262,-0.014923,0.092542,0.086115,0.009975,0.241136,-0.236506,0.034703,-0.321589,0.049903,-0.109541,0.410991,0.078751,0.019484,-0.113835,0.003692,0.127641,0.351166,-0.274535,0.861467,1.464740,0.000000,0.000000,0.364881,-0.239429,0.240443,0.994115,0.234316,0.000000,0.000000
-2.554395,0.045040,1.159862,-0.041812,0.036111,-0.998380,-0.013634,0.093306,0.088365,0.009279,0.239512,-0.231846,0.035479,-0.322107,0.051643,-0.109102,0.414307,0.072828,0.019853,-0.114335,0.003749,0.131032,0.348839,-0.269571,0.863191,1.466123,0.000000,0.000000,0.361525,-0.238440,0.240513,0.995989,0.234206,0.000000,0.000000
-2.558644,0.046791,1.160843,-0.039467,0.036298,-0.998478,-0.012881,0.093924,0.091063,0.009547,0.237836,-0.224881,0.036239,-0.322323,0.053720,-0.108419,0.417600,0.064541,0.020188,-0.115057,0.003763,0.135253,0.346218,-0.264085,0.865681,1.467229,0.000000,0.000000,0.357283,-0.237056,0.241250,0.998191,0.234118,0.000000,0.000000
-2.562979,0.048439,1.162011,-0.037134,0.036183,-0.998581,-0.012184,0.094323,0.093662,0.010840,0.236605,-0.215545,0.036837,-0.322078,0.055692,-0.107507,0.420391,0.054253,0.020362,-0.115603,0.003754,0.139930,0.343172,-0.258693,0.868969,1.467821,0.000000,0.000000,0.352403,-0.235669,0.242093,1.000676,0.233901,0.000000,0.000000
-2.567301,0.050011,1.163367,-0.035032,0.035748,-0.998678,-0.011691,0.094541,0.095557,0.012792,0.236130,-0.205302,0.037154,-0.321265,0.057062,-0.106192,0.422170,0.044099,0.020244,-0.116027,0.003739,0.144353,0.339550,-0.254755,0.872707,1.467792,0.000000,0.000000,0.347542,-0.234525,0.243596,1.003345,0.233577,0.000000,0.000000
-2.571319,0.051533,1.164968,-0.033756,0.034773,-0.998770,-0.010514,0.094745,0.096775,0.014625,0.236587,-0.191700,0.037374,-0.319614,0.057394,-0.103827,0.423876,0.032944,0.019583,-0.115368,0.003700,0.149168,0.335233,-0.253245,0.877533,1.469323,0.000000,0.000000,0.341053,-0.233183,0.249505,1.008234,0.235698,0.000000,0.000000
-2.575696,0.052759,1.166746,-0.031724,0.033949,-0.998871,-0.009905,0.094741,0.097281,0.016308,0.237025,-0.176908,0.037452,-0.317701,0.057203,-0.101427,0.424488,0.022657,0.018818,-0.114494,0.003607,0.153275,0.330915,-0.252112,0.883191,1.470976,0.000000,0.000000,0.334271,-0.232547,0.254080,1.013983,0.237201,0.000000,0.000000
-2.579964,0.053955,1.168746,-0.029526,0.033116,-0.998970,-0.009460,0.094457,0.097429,0.018243,0.237153,-0.161276,0.037398,-0.315690,0.056729,-0.098828,0.424082,0.013094,0.017967,-0.113684,0.003528,0.156851,0.326359,-0.251053,0.889795,1.472214,0.000000,0.000000,0.327478,-0.232342,0.257452,1.020031,0.237291,0.000000,0.000000
-2.583949,0.055253,1.170967,-0.027683,0.032253,-0.999054,-0.009149,0.093901,0.097393,0.019803,0.237753,-0.142865,0.037406,-0.313316,0.056130,-0.095609,0.423151,0.003729,0.016974,-0.112229,0.003473,0.159985,0.321422,-0.250012,0.897812,1.473528,0.000000,0.000000,0.320191,-0.231961,0.260414,1.026037,0.237588,0.000000,0.000000
-2.587883,0.056546,1.173400,-0.025613,0.031437,-0.999134,-0.009281,0.093035,0.097271,0.021535,0.238609,-0.123978,0.037354,-0.310964,0.055729,-0.092265,0.421187,-0.003971,0.016048,-0.110476,0.003392,0.162593,0.316295,-0.249523,0.905918,1.474456,0.000000,0.000000,0.313163,-0.231508,0.262761,1.030398,0.239226,0.000000,0.000000
-2.591799,0.057896,1.176101,-0.023310,0.030679,-0.999215,-0.009212,0.091699,0.097391,0.023740,0.239514,-0.103795,0.037283,-0.308582,0.055558,-0.088982,0.418104,-0.010269,0.015223,-0.108192,0.003294,0.164633,0.311586,-0.249573,0.914007,1.474604,0.000000,0.000000,0.306344,-0.231704,0.264848,1.033470,0.241428,0.000000,0.000000
-2.595680,0.059392,1.179093,-0.020876,0.029999,-0.999297,-0.008392,0.089819,0.098256,0.027081,0.240169,-0.083484,0.037206,-0.306006,0.055640,-0.086148,0.413875,-0.015139,0.014581,-0.106003,0.003271,0.165951,0.307168,-0.249252,0.921989,1.475670,0.000000,0.000000,0.300236,-0.231029,0.265778,1.035780,0.243634,0.000000,0.000000
-2.599490,0.060541,1.182185,-0.018715,0.029191,-0.999366,-0.008113,0.087549,0.098802,0.030496,0.241718,-0.062934,0.037007,-0.303099,0.055521,-0.083836,0.408779,-0.018873,0.014005,-0.102821,0.003163,0.167415,0.302204,-0.249586,0.929700,1.476769,0.000000,0.000000,0.294661,-0.230116,0.266803,1.037238,0.245563,0.000000,0.000000
-2.603367,0.061668,1.185312,-0.016587,0.028396,-0.999425,-0.008256,0.084956,0.099104,0.033985,0.244355,-0.042172,0.036711,-0.299889,0.055384,-0.081446,0.403066,-0.021946,0.013415,-0.099181,0.003038,0.168590,0.297520,-0.251079,0.936789,1.477978,0.000000,0.000000,0.289682,-0.230186,0.269193,1.037137,0.247835,0.000000,0.000000
-2.607110,0.062799,1.188524,-0.014729,0.027476,-0.999482,-0.007991,0.081778,0.099373,0.038722,0.248001,-0.020112,0.036183,-0.296120,0.054899,-0.079038,0.396568,-0.024863,0.012743,-0.094845,0.002877,0.169685,0.292598,-0.252908,0.943829,1.478741,0.000000,0.000000,0.284271,-0.231533,0.271833,1.035304,0.250181,0.000000,0.000000
-2.610919,0.064010,1.191857,-0.013076,0.026429,-0.999539,-0.007285,0.078349,0.099622,0.043330,0.252623,0.001460,0.035643,-0.292116,0.054095,-0.076478,0.390252,-0.027249,0.011983,-0.090276,0.002750,0.170773,0.288346,-0.255881,0.949638,1.479302,0.000000,0.000000,0.279951,-0.233090,0.273885,1.032457,0.252804,0.000000,0.000000
-2.614551,0.065225,1.195286,-0.012283,0.025178,-0.999585,-0.006768,0.074808,0.099748,0.048717,0.259533,0.022860,0.034901,-0.287528,0.052911,-0.073524,0.384461,-0.029900,0.011078,-0.085410,0.002625,0.171898,0.284200,-0.261455,0.955139,1.479486,0.000000,0.000000,0.277622,-0.234501,0.278111,1.028740,0.256119,0.000000,0.000000
-2.618694,0.066182,1.198588,-0.010456,0.023983,-0.999635,-0.006720,0.070361,0.099275,0.054290,0.267647,0.043990,0.033913,-0.282638,0.051400,-0.070508,0.377214,-0.033686,0.010086,-0.078930,0.002447,0.173631,0.279499,-0.264023,0.958581,1.482001,0.000000,0.000000,0.275587,-0.236352,0.279895,1.022662,0.257982,0.000000,0.000000
-2.622575,0.067170,1.201752,-0.009474,0.022597,-0.999673,-0.007312,0.065937,0.097896,0.058096,0.277136,0.063956,0.032947,-0.277667,0.049814,-0.066991,0.371000,-0.036775,0.008997,-0.071597,0.002203,0.175847,0.274981,-0.267306,0.960488,1.484563,0.000000,0.000000,0.273777,-0.239521,0.282612,1.015420,0.259799,0.000000,0.000000
-2.626416,0.068363,1.204992,-0.008634,0.021403,-0.999711,-0.006701,0.061194,0.097410,0.064573,0.287941,0.083648,0.031703,-0.272459,0.048106,-0.063945,0.364586,-0.040214,0.008004,-0.065372,0.002026,0.178592,0.271315,-0.270515,0.961107,1.487038,0.000000,0.000000,0.272516,-0.243361,0.284937,1.007550,0.261496,0.000000,0.000000
-2.630320,0.069406,1.208316,-0.008165,0.020051,-0.999745,-0.006348,0.055825,0.096806,0.071843,0.302166,0.102598,0.030236,-0.266476,0.045933,-0.061581,0.357858,-0.044117,0.007040,-0.058052,0.001856,0.181891,0.267648,-0.273900,0.960568,1.489987,0.000000,0.000000,0.272363,-0.247357,0.286236,0.998185,0.262576,0.000000,0.000000
-2.634377,0.070821,1.211776,-0.007652,0.018884,-0.999778,-0.005394,0.050205,0.097614,0.081566,0.318845,0.116834,0.028673,-0.260311,0.044092,-0.059696,0.351199,-0.047668,0.006260,-0.050944,0.001692,0.185277,0.264680,-0.276439,0.958261,1.493904,0.000000,0.000000,0.273847,-0.251760,0.289588,0.987836,0.260022,0.000000,0.000000
-2.638327,0.072608,1.215216,-0.007992,0.017827,-0.999796,-0.005129,0.044400,0.099521,0.093088,0.341915,0.129736,0.027058,-0.253252,0.042976,-0.057014,0.345114,-0.050356,0.005528,-0.044597,0.001561,0.190149,0.262295,-0.279143,0.955427,1.496078,0.000000,0.000000,0.275153,-0.256616,0.294876,0.976321,0.259029,0.000000,0.000000
-2.642176,0.074652,1.218611,-0.008606,0.017012,-0.999809,-0.004339,0.038827,0.101958,0.102932,0.366531,0.134861,0.025876,-0.246295,0.042749,-0.054242,0.339628,-0.052345,0.005009,-0.038003,0.001388,0.194940,0.260961,-0.281793,0.951646,1.497816,0.000000,0.000000,0.277483,-0.260517,0.299959,0.965462,0.258656,0.000000,0.000000
-2.646270,0.077019,1.221904,-0.008918,0.016387,-0.999816,-0.004448,0.032887,0.105052,0.110954,0.395527,0.135584,0.025202,-0.238705,0.043643,-0.051068,0.333230,-0.053731,0.004693,-0.030027,0.001174,0.200278,0.260002,-0.283185,0.946733,1.499297,0.000000,0.000000,0.280538,-0.265085,0.306639,0.953380,0.255605,0.000000,0.000000
-2.650352,0.079475,1.225070,-0.009494,0.015759,-0.999818,-0.005018,0.027272,0.108259,0.117275,0.426158,0.132954,0.024861,-0.231104,0.045037,-0.048310,0.326831,-0.054412,0.004575,-0.021849,0.000916,0.205741,0.259154,-0.283332,0.941525,1.499866,0.000000,0.000000,0.282603,-0.270019,0.313268,0.941041,0.251816,0.000000,0.000000
-2.654504,0.081962,1.228095,-0.010457,0.015304,-0.999816,-0.004936,0.021805,0.112062,0.124055,0.459331,0.129008,0.024582,-0.223114,0.046719,-0.045180,0.320914,-0.054232,0.004463,-0.014353,0.000703,0.211222,0.259502,-0.282924,0.936095,1.500257,0.000000,0.000000,0.283957,-0.275011,0.318886,0.928583,0.250690,0.000000,0.000000
-2.658681,0.084246,1.231020,-0.011328,0.014644,-0.999813,-0.005563,0.016239,0.115483,0.131610,0.494333,0.125274,0.023990,-0.215097,0.048158,-0.042696,0.314284,-0.054901,0.004409,-0.006684,0.000488,0.217102,0.259110,-0.280948,0.930424,1.500753,0.000000,0.000000,0.285325,-0.279165,0.323650,0.916070,0.253596,0.000000,0.000000
-2.662897,0.086508,1.233860,-0.012313,0.013962,-0.999808,-0.006161,0.010395,0.119108,0.139756,0.531786,0.121607,0.023294,-0.206647,0.049444,-0.040067,0.307688,-0.054980,0.004295,0.001751,0.000198,0.223096,0.258898,-0.278779,0.924674,1.501976,0.000000,0.000000,0.287100,-0.284503,0.328971,0.903365,0.254514,0.000000,0.000000
-2.667297,0.088696,1.236517,-0.012543,0.013368,-0.999811,-0.006406,0.004212,0.123031,0.149402,0.567773,0.117443,0.022340,-0.198749,0.050626,-0.037994,0.300285,-0.055104,0.004255,0.010164,-0.000089,0.227942,0.258755,-0.273940,0.918742,1.504179,0.000000,0.000000,0.287863,-0.290996,0.332635,0.890538,0.251348,0.000000,0.000000
-2.670732,0.090964,1.239090,-0.014810,0.012522,-0.999787,-0.007054,-0.001529,0.126962,0.158592,0.606184,0.113307,0.021448,-0.190299,0.051489,-0.034718,0.294592,-0.054911,0.003932,0.018593,-0.000367,0.233610,0.259575,-0.273233,0.913783,1.504630,0.000000,0.000000,0.288317,-0.297839,0.340000,0.878996,0.251353,0.000000,0.000000
-2.674456,0.093081,1.241530,-0.016305,0.011850,-0.999773,-0.006943,-0.007400,0.131054,0.168340,0.641610,0.105477,0.020466,-0.182231,0.052319,-0.032061,0.288460,-0.054738,0.003728,0.026212,-0.000611,0.238752,0.260037,-0.271698,0.909637,1.504450,0.000000,0.000000,0.287691,-0.304112,0.344622,0.869149,0.252466,0.000000,0.000000
-2.678309,0.095015,1.243866,-0.017548,0.010955,-0.999758,-0.007529,-0.013557,0.134682,0.178026,0.676898,0.093863,0.019313,-0.174108,0.052701,-0.030119,0.281835,-0.054244,0.003542,0.034354,-0.000864,0.243494,0.260084,-0.268794,0.905429,1.504804,0.000000,0.000000,0.287504,-0.309746,0.348383,0.859552,0.253728,0.000000,0.000000
-2.682139,0.096953,1.246022,-0.018680,0.010069,-0.999742,-0.008144,-0.019751,0.138210,0.187856,0.711461,0.080291,0.018069,-0.166148,0.052917,-0.028645,0.275121,-0.053253,0.003403,0.042449,-0.001124,0.248237,0.259935,-0.264507,0.901233,1.506300,0.000000,0.000000,0.287082,-0.315217,0.350396,0.850412,0.254798,0.000000,0.000000
-2.685734,0.099000,1.248081,-0.019848,0.009343,-0.999723,-0.008553,-0.025918,0.141933,0.196430,0.743978,0.064081,0.017130,-0.158358,0.053405,-0.027349,0.268493,-0.051499,0.003370,0.050652,-0.001390,0.252694,0.258552,-0.258787,0.896486,1.503135,0.000000,0.000000,0.286119,-0.320662,0.352359,0.842080,0.255643,0.000000,0.000000
-2.689233,0.101165,1.250113,-0.020809,0.008781,-0.999713,-0.008037,-0.031649,0.145697,0.202808,0.770870,0.047376,0.016685,-0.151539,0.054196,-0.026539,0.262318,-0.050151,0.003491,0.057456,-0.001610,0.256121,0.259406,-0.255155,0.893167,1.502174,0.000000,0.000000,0.284891,-0.326247,0.352651,0.834857,0.255092,0.000000,0.000000
-2.692594,0.103338,1.252069,-0.021891,0.008120,-0.999700,-0.007425,-0.037777,0.149847,0.209313,0.797910,0.028404,0.016293,-0.144452,0.055010,-0.025916,0.256044,-0.048935,0.003646,0.063949,-0.001791,0.259606,0.260778,-0.250742,0.889972,1.502719,0.000000,0.000000,0.283473,-0.331490,0.352067,0.827473,0.255920,0.000000,0.000000
-2.695846,0.105270,1.253854,-0.022903,0.007357,-0.999687,-0.006843,-0.044111,0.153614,0.215272,0.823187,0.007840,0.015873,-0.137510,0.055500,-0.026312,0.250054,-0.048001,0.003895,0.071341,-0.002025,0.262760,0.261393,-0.245600,0.887331,1.503214,0.000000,0.000000,0.281525,-0.336712,0.350525,0.820981,0.256107,0.000000,0.000000
-2.699283,0.107240,1.255381,-0.023147,0.006909,-0.999691,-0.005782,-0.050771,0.158160,0.222327,0.845334,-0.013742,0.015447,-0.130986,0.056174,-0.027629,0.243404,-0.047013,0.004344,0.077368,-0.002233,0.265564,0.261767,-0.238452,0.885083,1.503101,0.000000,0.000000,0.281466,-0.341218,0.343963,0.813585,0.255262,0.000000,0.000000
-2.701995,0.109091,1.256715,-0.024320,0.005918,-0.999675,-0.004761,-0.057378,0.161993,0.228785,0.865621,-0.034579,0.014906,-0.124557,0.056221,-0.029561,0.237383,-0.045749,0.004735,0.084084,-0.002463,0.268650,0.261602,-0.234818,0.883138,1.502265,0.000000,0.000000,0.278993,-0.345742,0.341872,0.808107,0.256639,0.000000,0.000000
-2.704572,0.110841,1.257793,-0.024883,0.005423,-0.999671,-0.003132,-0.065282,0.166246,0.235228,0.885772,-0.058021,0.014441,-0.117974,0.056606,-0.031877,0.229152,-0.043218,0.005283,0.090082,-0.002659,0.271506,0.261323,-0.231979,0.881830,1.499691,0.000000,0.000000,0.275593,-0.350505,0.340724,0.803992,0.261079,0.000000,0.000000
-2.706948,0.112418,1.258828,-0.025389,0.004775,-0.999666,-0.000981,-0.072698,0.169761,0.241210,0.900706,-0.077541,0.013852,-0.112630,0.056794,-0.034687,0.222642,-0.040640,0.005854,0.094952,-0.002781,0.272462,0.262426,-0.228443,0.880473,1.498431,0.000000,0.000000,0.271605,-0.354798,0.338927,0.801619,0.265608,0.000000,0.000000
-2.709347,0.113645,1.259771,-0.025477,0.004081,-0.999666,0.001305,-0.080348,0.172412,0.246896,0.911711,-0.094594,0.013032,-0.108016,0.056600,-0.037826,0.217167,-0.038862,0.006373,0.099624,-0.002909,0.272604,0.263290,-0.223330,0.879487,1.497973,0.000000,0.000000,0.267408,-0.359099,0.333949,0.799023,0.269955,0.000000,0.000000
-2.711586,0.114756,1.260553,-0.025454,0.003256,-0.999664,0.003580,-0.088495,0.174656,0.253926,0.919333,-0.111370,0.011758,-0.103808,0.055910,-0.041575,0.212088,-0.037679,0.006860,0.104184,-0.003067,0.273089,0.262569,-0.219570,0.879154,1.495386,0.000000,0.000000,0.263149,-0.363335,0.329184,0.796842,0.274448,0.000000,0.000000
-2.713643,0.115647,1.261185,-0.025297,0.002267,-0.999659,0.006052,-0.096374,0.175656,0.260399,0.922420,-0.126465,0.010257,-0.100379,0.054697,-0.045594,0.207839,-0.037015,0.007250,0.108911,-0.003199,0.272738,0.261700,-0.216418,0.879198,1.492391,0.000000,0.000000,0.258863,-0.367050,0.323324,0.795349,0.280059,0.000000,0.000000
-2.715615,0.116328,1.261720,-0.024909,0.001310,-0.999649,0.008874,-0.104240,0.175712,0.266617,0.921455,-0.140028,0.008549,-0.097595,0.053143,-0.050008,0.204131,-0.036536,0.007618,0.113385,-0.003334,0.271993,0.260791,-0.213617,0.879203,1.489528,0.000000,0.000000,0.254804,-0.370490,0.316778,0.794467,0.286173,0.000000,0.000000
-2.717402,0.116823,1.262141,-0.024586,0.000625,-0.999620,0.012471,-0.112106,0.175219,0.272311,0.916739,-0.151912,0.006817,-0.095224,0.051695,-0.054090,0.201053,-0.036366,0.007951,0.117196,-0.003425,0.270372,0.260979,-0.211898,0.879080,1.486825,0.000000,0.000000,0.250431,-0.374205,0.311093,0.793972,0.291612,0.000000,0.000000
-2.719102,0.117098,1.262394,-0.024149,-0.000334,-0.999592,0.015229,-0.120165,0.173719,0.279044,0.908437,-0.163113,0.004574,-0.093284,0.049697,-0.059818,0.198517,-0.037213,0.008421,0.121578,-0.003550,0.268909,0.260563,-0.209737,0.879300,1.484951,0.000000,0.000000,0.245817,-0.378455,0.305814,0.793954,0.294764,0.000000,0.000000
-2.721000,0.117200,1.262498,-0.023072,-0.001131,-0.999566,0.018277,-0.128205,0.171550,0.286739,0.895617,-0.174837,0.001986,-0.091935,0.047513,-0.066345,0.196000,-0.037938,0.008966,0.125307,-0.003611,0.267679,0.258952,-0.206530,0.879236,1.483541,0.000000,0.000000,0.242726,-0.381080,0.298455,0.793008,0.299265,0.000000,0.000000
-2.722492,0.117290,1.262488,-0.022480,-0.001973,-0.999503,0.021997,-0.135340,0.168771,0.292870,0.880770,-0.185253,-0.000336,-0.090885,0.045444,-0.071913,0.194221,-0.038815,0.009378,0.128637,-0.003661,0.265298,0.257461,-0.205706,0.880317,1.483131,0.000000,0.000000,0.238134,-0.382918,0.293524,0.794407,0.306968,0.000000,0.000000
-2.724082,0.117300,1.262366,-0.021420,-0.002523,-0.999430,0.025976,-0.142871,0.165730,0.300225,0.861854,-0.195098,-0.002922,-0.090123,0.043507,-0.078339,0.192213,-0.040018,0.009963,0.131830,-0.003749,0.262015,0.256465,-0.205081,0.881455,1.483014,0.000000,0.000000,0.233988,-0.386843,0.289972,0.794597,0.308265,0.000000,0.000000
-2.725492,0.117314,1.262149,-0.020450,-0.003224,-0.999341,0.029813,-0.149977,0.162233,0.307754,0.840634,-0.203896,-0.005582,-0.089664,0.041557,-0.085065,0.190568,-0.041505,0.010589,0.134836,-0.003813,0.258577,0.255762,-0.203537,0.882323,1.484089,0.000000,0.000000,0.229544,-0.390596,0.286424,0.794923,0.307667,0.000000,0.000000
-2.727007,0.117372,1.261820,-0.019190,-0.003743,-0.999231,0.033994,-0.156788,0.158685,0.316429,0.816762,-0.212145,-0.008375,-0.089403,0.039886,-0.092169,0.188927,-0.043238,0.011342,0.137227,-0.003840,0.255370,0.254875,-0.203429,0.883021,1.484659,0.000000,0.000000,0.224850,-0.393192,0.283920,0.795780,0.309887,0.000000,0.000000
-2.728639,0.117482,1.261375,-0.017698,-0.004074,-0.999112,0.038023,-0.163609,0.155030,0.326780,0.789603,-0.219798,-0.011396,-0.089352,0.038613,-0.098986,0.186867,-0.044772,0.012135,0.139165,-0.003867,0.251967,0.253410,-0.202856,0.883928,1.484925,0.000000,0.000000,0.219731,-0.395140,0.282361,0.797175,0.313758,0.000000,0.000000
-2.730202,0.117528,1.260877,-0.016432,-0.004313,-0.998954,0.042445,-0.169799,0.151156,0.337569,0.761500,-0.227699,-0.014390,-0.089275,0.037611,-0.105851,0.185140,-0.046688,0.012998,0.141715,-0.003911,0.247902,0.252739,-0.202567,0.884866,1.486019,0.000000,0.000000,0.214126,-0.397703,0.280719,0.798661,0.316186,0.000000,0.000000
-2.732121,0.117605,1.260363,-0.014680,-0.004399,-0.998790,0.046740,-0.175308,0.147429,0.348847,0.733207,-0.234070,-0.017312,-0.089272,0.036983,-0.112597,0.183163,-0.048526,0.013931,0.143993,-0.003973,0.244155,0.251413,-0.200767,0.885422,1.486961,0.000000,0.000000,0.209340,-0.399477,0.280475,0.800184,0.316248,0.000000,0.000000
-2.734294,0.117648,1.259844,-0.012152,-0.004506,-0.998605,0.051190,-0.181109,0.142733,0.361535,0.700243,-0.240966,-0.020521,-0.089656,0.036310,-0.119272,0.179922,-0.051161,0.014793,0.146906,-0.004037,0.238670,0.249579,-0.200054,0.886213,1.488527,0.000000,0.000000,0.203279,-0.399976,0.280201,0.801668,0.317285,0.000000,0.000000
-2.736237,0.117593,1.259215,-0.011152,-0.004394,-0.998402,0.055225,-0.185468,0.138785,0.375998,0.670328,-0.246574,-0.023733,-0.089531,0.035756,-0.126899,0.178980,-0.053507,0.015884,0.148100,-0.004048,0.235967,0.247897,-0.197441,0.886907,1.489574,0.000000,0.000000,0.200868,-0.400561,0.279774,0.801539,0.314772,0.000000,0.000000
-2.738532,0.117466,1.258635,-0.009628,-0.003967,-0.998141,0.060049,-0.189502,0.134401,0.390761,0.638435,-0.252029,-0.026873,-0.089237,0.035703,-0.134304,0.177958,-0.055951,0.017065,0.148854,-0.004064,0.232815,0.246926,-0.194748,0.887127,1.490518,0.000000,0.000000,0.198437,-0.402370,0.279750,0.800405,0.311374,0.000000,0.000000
-2.741394,0.117864,1.258279,-0.009323,-0.001603,-0.997725,0.066750,-0.191687,0.133852,0.399085,0.608411,-0.256049,-0.027518,-0.087464,0.038604,-0.142788,0.177874,-0.059279,0.019226,0.147295,-0.003950,0.231014,0.248298,-0.191306,0.887598,1.491480,0.000000,0.000000,0.198347,-0.401243,0.280006,0.798757,0.306715,0.000000,0.000000
-2.744369,0.118256,1.258154,-0.010054,0.000986,-0.997223,0.073790,-0.192412,0.135002,0.403574,0.578876,-0.260355,-0.026883,-0.084016,0.042595,-0.154940,0.178064,-0.063613,0.022302,0.145094,-0.003823,0.229683,0.252021,-0.188966,0.888732,1.492119,0.000000,0.000000,0.199145,-0.397622,0.280221,0.797529,0.303279,0.000000,0.000000
-2.747897,0.118533,1.258164,-0.010816,0.003967,-0.996507,0.082707,-0.192519,0.136625,0.406820,0.550562,-0.263136,-0.025917,-0.079136,0.047396,-0.167596,0.177471,-0.068190,0.025668,0.140838,-0.003702,0.229155,0.256503,-0.186678,0.889433,1.492912,0.000000,0.000000,0.200966,-0.392570,0.280019,0.796864,0.300970,0.000000,0.000000
-2.751726,0.118799,1.258233,-0.011715,0.006740,-0.995663,0.092051,-0.192196,0.138123,0.409444,0.523777,-0.264601,-0.024925,-0.073270,0.052322,-0.181404,0.176052,-0.073194,0.029262,0.135238,-0.003584,0.228850,0.261031,-0.184558,0.890376,1.493287,0.000000,0.000000,0.202560,-0.387546,0.280075,0.796637,0.298685,0.000000,0.000000
-2.756060,0.118806,1.258388,-0.012810,0.009334,-0.994670,0.101880,-0.191105,0.139431,0.411960,0.500077,-0.266391,-0.024087,-0.066750,0.056276,-0.194252,0.174433,-0.078260,0.032469,0.128870,-0.003459,0.229257,0.264710,-0.182849,0.891196,1.494422,0.000000,0.000000,0.205302,-0.382577,0.280139,0.796107,0.294612,0.000000,0.000000
-2.760765,0.118051,1.258959,-0.015562,0.010144,-0.993741,0.110155,-0.187512,0.139581,0.414311,0.480339,-0.269476,-0.023678,-0.058694,0.056401,-0.201506,0.174644,-0.083805,0.033785,0.123350,-0.003380,0.231670,0.266318,-0.180839,0.892739,1.495463,0.000000,0.000000,0.209681,-0.378927,0.280802,0.796115,0.290232,0.000000,0.000000
-2.766139,0.117052,1.259728,-0.018659,0.010913,-0.992728,0.118425,-0.181773,0.139503,0.417547,0.461635,-0.272832,-0.023485,-0.049011,0.055362,-0.207394,0.175743,-0.089835,0.034643,0.118062,-0.003285,0.235687,0.267652,-0.178411,0.894586,1.496827,0.000000,0.000000,0.215842,-0.375556,0.281339,0.796373,0.285485,0.000000,0.000000
-2.771972,0.116139,1.260511,-0.023226,0.011817,-0.991770,0.125355,-0.173166,0.141232,0.424509,0.445626,-0.275578,-0.023469,-0.036858,0.054168,-0.212859,0.178577,-0.095787,0.035495,0.109302,-0.003090,0.242846,0.269164,-0.172092,0.896609,1.496517,0.000000,0.000000,0.223232,-0.373357,0.286762,0.796369,0.280818,0.000000,0.000000
-2.778506,0.114552,1.261377,-0.026535,0.012341,-0.990513,0.134269,-0.164512,0.141566,0.429948,0.431209,-0.276401,-0.023700,-0.025162,0.052512,-0.218551,0.180168,-0.102667,0.036235,0.104020,-0.002969,0.249179,0.269722,-0.168516,0.897447,1.498381,0.000000,0.000000,0.230629,-0.369816,0.287429,0.797308,0.275833,0.000000,0.000000
-2.785256,0.112905,1.262112,-0.030644,0.012801,-0.989185,0.142866,-0.153820,0.142369,0.437252,0.418243,-0.274608,-0.024193,-0.011595,0.050709,-0.225009,0.182664,-0.110751,0.037098,0.098171,-0.002844,0.256467,0.269871,-0.166154,0.898880,1.500237,0.000000,0.000000,0.239552,-0.365888,0.287853,0.798654,0.269663,0.000000,0.000000
-2.792315,0.111020,1.262758,-0.034833,0.013031,-0.987829,0.151031,-0.142277,0.143568,0.445658,0.407852,-0.271745,-0.024899,0.002144,0.048724,-0.232065,0.185716,-0.118947,0.038018,0.092538,-0.002705,0.263834,0.270117,-0.162965,0.900072,1.503046,0.000000,0.000000,0.248632,-0.361974,0.287806,0.800107,0.263289,0.000000,0.000000
-2.799606,0.108903,1.263253,-0.039245,0.013419,-0.986370,0.159232,-0.129271,0.145728,0.456408,0.399307,-0.267133,-0.025827,0.017011,0.046888,-0.239508,0.189268,-0.127053,0.039076,0.085662,-0.002529,0.272429,0.269727,-0.158562,0.902064,1.505029,0.000000,0.000000,0.258700,-0.357999,0.287859,0.801293,0.257075,0.000000,0.000000
-2.806761,0.106469,1.263565,-0.043353,0.013605,-0.984837,0.167425,-0.117025,0.147410,0.466297,0.392110,-0.260205,-0.026898,0.030534,0.045164,-0.246714,0.192054,-0.134481,0.040101,0.079556,-0.002357,0.280500,0.269255,-0.155673,0.904235,1.506845,0.000000,0.000000,0.267558,-0.354540,0.287717,0.802473,0.252930,0.000000,0.000000
-2.813939,0.103823,1.263630,-0.047671,0.013806,-0.983291,0.175145,-0.103235,0.149757,0.478355,0.385881,-0.248667,-0.028276,0.045068,0.043220,-0.255035,0.195570,-0.142990,0.041267,0.073237,-0.002176,0.289045,0.268956,-0.152264,0.906391,1.509714,0.000000,0.000000,0.277123,-0.351383,0.288186,0.803910,0.248102,0.000000,0.000000
-2.820773,0.100788,1.263438,-0.051620,0.013970,-0.981747,0.182519,-0.089684,0.151381,0.489610,0.379080,-0.232450,-0.029836,0.058569,0.041306,-0.263408,0.199498,-0.150282,0.042450,0.066915,-0.002001,0.297529,0.268426,-0.148903,0.908343,1.511596,0.000000,0.000000,0.286203,-0.348335,0.288526,0.805231,0.244157,0.000000,0.000000
-2.827224,0.097629,1.263077,-0.054610,0.013909,-0.980267,0.189476,-0.077277,0.151804,0.498718,0.370190,-0.213805,-0.031426,0.070020,0.039314,-0.271511,0.202747,-0.156730,0.043526,0.061782,-0.001892,0.304670,0.267083,-0.145886,0.909516,1.512715,0.000000,0.000000,0.293677,-0.345721,0.288494,0.806789,0.239321,0.000000,0.000000
-2.833721,0.095084,1.262774,-0.056466,0.013332,-0.978910,0.195879,-0.065544,0.152233,0.507628,0.359034,-0.200303,-0.032865,0.079701,0.037572,-0.278744,0.205311,-0.162547,0.044486,0.057381,-0.001798,0.310069,0.265581,-0.142575,0.910243,1.514151,0.000000,0.000000,0.299107,-0.344052,0.288322,0.808757,0.234080,0.000000,0.000000
-2.839413,0.092293,1.262262,-0.058125,0.012943,-0.977573,0.202004,-0.054372,0.152260,0.515899,0.346175,-0.194912,-0.034097,0.087352,0.035805,-0.285448,0.210024,-0.168227,0.045322,0.053586,-0.001701,0.314392,0.263567,-0.139407,0.911112,1.516056,0.000000,0.000000,0.303614,-0.342274,0.287367,0.810821,0.229480,0.000000,0.000000
-2.843777,0.089422,1.261762,-0.059122,0.012858,-0.976446,0.207105,-0.044170,0.151064,0.521982,0.331658,-0.195157,-0.035131,0.092413,0.034086,-0.291142,0.216751,-0.174470,0.045939,0.050941,-0.001617,0.317350,0.261672,-0.136968,0.912178,1.517975,0.000000,0.000000,0.307011,-0.340756,0.287060,0.812928,0.225310,0.000000,0.000000
-2.847041,0.087154,1.261061,-0.059063,0.013158,-0.975512,0.211458,-0.037397,0.149325,0.524823,0.320159,-0.197209,-0.035760,0.095133,0.033209,-0.294136,0.221315,-0.178600,0.046290,0.049376,-0.001570,0.318476,0.260239,-0.134673,0.913304,1.519402,0.000000,0.000000,0.308175,-0.339644,0.286630,0.814705,0.222767,0.000000,0.000000
-2.850232,0.084542,1.260467,-0.057778,0.013193,-0.974787,0.215123,-0.030577,0.145555,0.524817,0.305961,-0.200903,-0.036434,0.097109,0.032255,-0.297011,0.225107,-0.182161,0.046571,0.048556,-0.001562,0.318468,0.258350,-0.132138,0.914676,1.520474,0.000000,0.000000,0.308343,-0.338693,0.286289,0.816658,0.220173,0.000000,0.000000
-2.853529,0.081567,1.259998,-0.055968,0.013228,-0.973913,0.219512,-0.022886,0.139278,0.521840,0.287545,-0.205127,-0.037170,0.098703,0.031136,-0.300098,0.228586,-0.185194,0.046833,0.047584,-0.001547,0.317513,0.255719,-0.129683,0.916655,1.520968,0.000000,0.000000,0.307398,-0.337732,0.285632,0.819129,0.217319,0.000000,0.000000
-2.856392,0.078756,1.259995,-0.053368,0.012656,-0.973182,0.223403,-0.014992,0.129137,0.513287,0.262567,-0.208526,-0.037768,0.098986,0.029414,-0.303860,0.232200,-0.187681,0.047016,0.046852,-0.001511,0.314621,0.252244,-0.127209,0.918489,1.521334,0.000000,0.000000,0.304967,-0.337150,0.284424,0.822528,0.214157,0.000000,0.000000
-2.859103,0.075663,1.260046,-0.052218,0.012445,-0.971830,0.229488,-0.010512,0.123224,0.507929,0.248970,-0.207108,-0.038090,0.098693,0.028071,-0.306503,0.236802,-0.189058,0.047125,0.044960,-0.001459,0.312587,0.250298,-0.126933,0.919829,1.522417,0.000000,0.000000,0.303022,-0.337027,0.283674,0.825316,0.212810,0.000000,0.000000
-2.861176,0.073045,1.260453,-0.051044,0.011550,-0.970789,0.234159,-0.005173,0.114397,0.498583,0.231011,-0.202342,-0.038483,0.097273,0.025719,-0.310652,0.245755,-0.190551,0.047277,0.041505,-0.001361,0.309951,0.247596,-0.126476,0.921860,1.522813,0.000000,0.000000,0.300205,-0.337753,0.283540,0.829980,0.211959,0.000000,0.000000
-2.862741,0.070357,1.261082,-0.049207,0.010457,-0.969534,0.239737,-0.000967,0.103943,0.485540,0.213258,-0.195292,-0.038750,0.094381,0.022779,-0.315223,0.256633,-0.192574,0.047368,0.038919,-0.001235,0.306511,0.245024,-0.127662,0.924242,1.522791,0.000000,0.000000,0.296829,-0.338766,0.282123,0.835816,0.212760,0.000000,0.000000
-2.863789,0.067779,1.261799,-0.047590,0.009351,-0.968131,0.245702,0.001756,0.093904,0.471695,0.199072,-0.188463,-0.038878,0.090547,0.019566,-0.319770,0.268750,-0.194501,0.047401,0.037118,-0.001135,0.302411,0.242275,-0.131060,0.927428,1.522047,0.000000,0.000000,0.294084,-0.339291,0.279901,0.842349,0.215070,0.000000,0.000000
-2.864389,0.065164,1.262494,-0.046090,0.008317,-0.966488,0.252402,0.003389,0.083495,0.456221,0.186729,-0.182373,-0.038876,0.085621,0.015702,-0.324912,0.283249,-0.196718,0.047417,0.035699,-0.001007,0.297260,0.239246,-0.136943,0.932271,1.521024,0.000000,0.000000,0.291892,-0.339338,0.276488,0.850216,0.218221,0.000000,0.000000
-2.864877,0.062693,1.263015,-0.045054,0.007182,-0.964744,0.259204,0.004144,0.075268,0.443408,0.179373,-0.178535,-0.038819,0.080946,0.011454,-0.330816,0.298272,-0.198392,0.047476,0.034735,-0.000881,0.291987,0.236265,-0.143260,0.937908,1.520264,0.000000,0.000000,0.290496,-0.338367,0.273098,0.858313,0.221132,0.000000,0.000000
-2.865397,0.060230,1.263356,-0.044319,0.006204,-0.962713,0.266798,0.004588,0.067473,0.430956,0.174359,-0.176497,-0.038733,0.075733,0.006129,-0.338340,0.317118,-0.199743,0.047637,0.033047,-0.000748,0.285890,0.233403,-0.149877,0.945761,1.520864,0.000000,0.000000,0.289715,-0.336503,0.267862,0.867688,0.223893,0.000000,0.000000
-2.865892,0.057962,1.263557,-0.044104,0.005254,-0.960445,0.274904,0.004988,0.061291,0.421045,0.172238,-0.176516,-0.038671,0.070856,0.000550,-0.346237,0.337249,-0.200407,0.047871,0.031155,-0.000575,0.277906,0.231317,-0.155546,0.957401,1.522523,0.000000,0.000000,0.290274,-0.334777,0.261114,0.876086,0.227004,0.000000,0.000000
-2.866365,0.056142,1.263954,-0.042672,0.004078,-0.958630,0.281410,0.004853,0.054507,0.409810,0.168063,-0.178441,-0.038489,0.065125,-0.004837,-0.353139,0.356566,-0.199194,0.047978,0.029850,-0.000434,0.269363,0.228370,-0.160898,0.966889,1.522964,0.000000,0.000000,0.291072,-0.332797,0.255810,0.882805,0.231732,0.000000,0.000000
-2.866622,0.054112,1.264289,-0.041567,0.003414,-0.956491,0.288765,0.004752,0.048002,0.399062,0.163191,-0.180798,-0.038260,0.058949,-0.010001,-0.359180,0.376167,-0.196076,0.048030,0.028295,-0.000290,0.261391,0.225676,-0.165180,0.974717,1.524448,0.000000,0.000000,0.292170,-0.330012,0.252005,0.888808,0.235126,0.000000,0.000000
-2.866762,0.052052,1.264681,-0.040698,0.002997,-0.954291,0.296080,0.004826,0.041797,0.388871,0.157620,-0.183036,-0.038000,0.052429,-0.014723,-0.363990,0.396444,-0.190738,0.048041,0.026137,-0.000158,0.254383,0.222989,-0.167443,0.981076,1.526996,0.000000,0.000000,0.292636,-0.326592,0.249848,0.894867,0.236905,0.000000,0.000000
-2.866729,0.050082,1.265100,-0.040707,0.002687,-0.952145,0.302913,0.005438,0.036435,0.380315,0.152505,-0.184931,-0.037791,0.045830,-0.019356,-0.368352,0.418432,-0.183079,0.048073,0.022049,0.000019,0.248587,0.220655,-0.167409,0.987221,1.528410,0.000000,0.000000,0.292380,-0.323949,0.251009,0.900661,0.238492,0.000000,0.000000
-2.866859,0.047973,1.265546,-0.040416,0.002306,-0.949892,0.309947,0.006438,0.031051,0.371888,0.146894,-0.186195,-0.037619,0.038996,-0.024006,-0.372479,0.441247,-0.173700,0.048098,0.017683,0.000197,0.242658,0.218620,-0.165933,0.992683,1.529187,0.000000,0.000000,0.291864,-0.321691,0.253692,0.906185,0.239187,0.000000,0.000000
-2.866849,0.045730,1.266099,-0.039913,0.002216,-0.947501,0.317244,0.007734,0.025152,0.362702,0.139633,-0.186942,-0.037421,0.031324,-0.028609,-0.375803,0.465739,-0.161380,0.048087,0.012572,0.000350,0.237070,0.216639,-0.162940,0.997037,1.529882,0.000000,0.000000,0.290563,-0.319287,0.257548,0.912149,0.237553,0.000000,0.000000
-2.866431,0.043594,1.266838,-0.039391,0.002055,-0.945188,0.324135,0.009125,0.018952,0.353000,0.131390,-0.186838,-0.037209,0.023426,-0.033073,-0.378667,0.489279,-0.147473,0.048020,0.007929,0.000477,0.232224,0.214736,-0.158809,0.999858,1.530379,0.000000,0.000000,0.288650,-0.316759,0.263094,0.918183,0.233922,0.000000,0.000000
-2.865721,0.041637,1.267738,-0.038669,0.001786,-0.942791,0.331131,0.010381,0.012246,0.342280,0.122402,-0.185213,-0.036955,0.015023,-0.037481,-0.381044,0.512179,-0.131978,0.047885,0.003882,0.000617,0.227857,0.213327,-0.155147,1.000444,1.529288,0.000000,0.000000,0.285449,-0.314353,0.269496,0.924839,0.229166,0.000000,0.000000
-2.864818,0.039737,1.268621,-0.038012,0.001586,-0.940130,0.338685,0.011460,0.005212,0.330817,0.113070,-0.182481,-0.036650,0.005678,-0.042109,-0.383115,0.536647,-0.113810,0.047688,-0.000504,0.000744,0.223679,0.212116,-0.151860,1.000058,1.526656,0.000000,0.000000,0.281426,-0.311730,0.275392,0.931834,0.223332,0.000000,0.000000
-2.863777,0.038075,1.269454,-0.037238,0.001272,-0.937395,0.346268,0.012002,-0.001261,0.320009,0.105084,-0.179659,-0.036339,-0.003355,-0.046197,-0.384431,0.558897,-0.095755,0.047442,-0.004266,0.000856,0.219864,0.211036,-0.149660,0.998082,1.522596,0.000000,0.000000,0.277618,-0.309066,0.280937,0.938636,0.218223,0.000000,0.000000
-2.862506,0.036642,1.270230,-0.036510,0.001156,-0.934394,0.354365,0.011985,-0.007890,0.308605,0.097269,-0.176201,-0.035964,-0.013577,-0.050084,-0.384634,0.582466,-0.075985,0.047110,-0.008799,0.000962,0.215646,0.210823,-0.147953,0.995536,1.518348,0.000000,0.000000,0.273182,-0.306448,0.286418,0.946096,0.212030,0.000000,0.000000
-2.861171,0.035422,1.270863,-0.035802,0.001289,-0.931126,0.362933,0.011320,-0.013398,0.298880,0.091090,-0.172989,-0.035599,-0.023267,-0.052900,-0.383454,0.603859,-0.057657,0.046756,-0.014007,0.001126,0.212352,0.210721,-0.146719,0.991280,1.514210,0.000000,0.000000,0.269282,-0.303770,0.291055,0.952328,0.205766,0.000000,0.000000
-2.859591,0.034542,1.271396,-0.035132,0.001431,-0.927804,0.371408,0.009950,-0.019191,0.288391,0.085292,-0.169593,-0.035176,-0.034099,-0.055343,-0.381067,0.626002,-0.037556,0.046345,-0.019151,0.001278,0.208076,0.210414,-0.145840,0.987831,1.509711,0.000000,0.000000,0.265116,-0.301262,0.295593,0.958392,0.198831,0.000000,0.000000
-2.857975,0.034201,1.271933,-0.034127,0.001708,-0.924734,0.379078,0.007884,-0.024381,0.278714,0.080543,-0.166757,-0.034741,-0.044717,-0.056507,-0.376960,0.644208,-0.020028,0.045881,-0.023353,0.001384,0.204054,0.210576,-0.145734,0.982614,1.506241,0.000000,0.000000,0.260850,-0.299184,0.299241,0.963432,0.191754,0.000000,0.000000
-2.856194,0.034062,1.272392,-0.033629,0.001874,-0.921482,0.386959,0.005555,-0.028789,0.270293,0.077402,-0.163959,-0.034345,-0.054719,-0.057500,-0.370105,0.660007,-0.007019,0.044777,-0.027762,0.001510,0.200234,0.210651,-0.147140,0.977448,1.503296,0.000000,0.000000,0.256071,-0.297674,0.302920,0.968160,0.186085,0.000000,0.000000
-2.854771,0.034363,1.272780,-0.033827,0.001304,-0.918279,0.394483,0.003500,-0.032621,0.259934,0.076095,-0.161479,-0.033549,-0.064355,-0.058742,-0.358919,0.674683,0.000267,0.042639,-0.031638,0.001660,0.197905,0.211575,-0.149555,0.972925,1.502221,0.000000,0.000000,0.252507,-0.296606,0.305023,0.972624,0.182004,0.000000,0.000000
-2.853744,0.034944,1.273073,-0.034614,0.000944,-0.914879,0.402240,0.001840,-0.034900,0.249001,0.076408,-0.159330,-0.032334,-0.073299,-0.059505,-0.345455,0.687792,0.000730,0.040109,-0.035186,0.001836,0.195445,0.212247,-0.154106,0.968748,1.502944,0.000000,0.000000,0.251279,-0.293867,0.306611,0.976712,0.180179,0.000000,0.000000
-2.852843,0.035555,1.273171,-0.035847,0.000669,-0.911663,0.409373,0.000567,-0.036178,0.238105,0.077900,-0.158648,-0.030919,-0.081512,-0.059761,-0.331423,0.699983,-0.001163,0.037544,-0.038235,0.001968,0.194033,0.213116,-0.159246,0.964363,1.502260,0.000000,0.000000,0.250395,-0.290882,0.306778,0.980154,0.180027,0.000000,0.000000
-2.852383,0.036207,1.273334,-0.037099,0.000161,-0.908253,0.416773,-0.000421,-0.036687,0.225619,0.080572,-0.157910,-0.029110,-0.089474,-0.059774,-0.315147,0.711104,-0.003037,0.034539,-0.041148,0.002058,0.193397,0.215387,-0.165011,0.958586,1.501155,0.000000,0.000000,0.250104,-0.288475,0.305569,0.983031,0.181550,0.000000,0.000000
-2.852092,0.037110,1.273467,-0.038342,-0.000527,-0.904742,0.424231,-0.001230,-0.036788,0.213057,0.083606,-0.156794,-0.027229,-0.096560,-0.059428,-0.298960,0.719029,-0.005403,0.031562,-0.042908,0.002141,0.192573,0.217873,-0.172126,0.952188,1.501467,0.000000,0.000000,0.250932,-0.286146,0.303736,0.985410,0.184499,0.000000,0.000000
-2.851911,0.038145,1.273488,-0.039408,-0.001122,-0.900871,0.432293,-0.002192,-0.036753,0.201017,0.086499,-0.155358,-0.025404,-0.103216,-0.058621,-0.283192,0.723648,-0.009792,0.028732,-0.044002,0.002174,0.191754,0.220497,-0.180685,0.945175,1.502864,0.000000,0.000000,0.252239,-0.284184,0.300889,0.987328,0.187249,0.000000,0.000000
-2.851943,0.039153,1.273508,-0.040471,-0.001860,-0.896901,0.440371,-0.003151,-0.036601,0.187862,0.089497,-0.153905,-0.023393,-0.109634,-0.057868,-0.266756,0.726304,-0.014954,0.025680,-0.044877,0.002241,0.190214,0.222823,-0.189689,0.938852,1.505352,0.000000,0.000000,0.254618,-0.280956,0.297010,0.989259,0.190688,0.000000,0.000000
-2.852159,0.040329,1.273432,-0.041523,-0.002671,-0.892658,0.448810,-0.004015,-0.036346,0.175780,0.092345,-0.152279,-0.021520,-0.115113,-0.056916,-0.252232,0.726632,-0.019340,0.023006,-0.045629,0.002300,0.188249,0.225687,-0.197707,0.933206,1.507264,0.000000,0.000000,0.256576,-0.278080,0.292606,0.991110,0.194617,0.000000,0.000000
-2.852370,0.041346,1.273394,-0.042402,-0.003355,-0.888292,0.457305,-0.004918,-0.036051,0.162467,0.094843,-0.150489,-0.019456,-0.120709,-0.056122,-0.236303,0.724652,-0.023501,0.019940,-0.046297,0.002316,0.186386,0.229535,-0.206016,0.927176,1.510137,0.000000,0.000000,0.258357,-0.275613,0.287750,0.993248,0.198655,0.000000,0.000000
-2.852688,0.042463,1.273264,-0.043088,-0.004230,-0.883516,0.466395,-0.005876,-0.035935,0.150203,0.096942,-0.147887,-0.017598,-0.125830,-0.055715,-0.221602,0.720453,-0.027167,0.016977,-0.047258,0.002389,0.183680,0.234217,-0.213201,0.921031,1.513451,0.000000,0.000000,0.260637,-0.273129,0.282315,0.994828,0.202900,0.000000,0.000000
-2.853067,0.043459,1.273101,-0.043528,-0.004890,-0.878574,0.475593,-0.006951,-0.035924,0.137673,0.098226,-0.144862,-0.015714,-0.130681,-0.055448,-0.207250,0.713734,-0.031210,0.014006,-0.047957,0.002427,0.181199,0.237515,-0.220191,0.913999,1.516266,0.000000,0.000000,0.263050,-0.269779,0.279479,0.996658,0.207729,0.000000,0.000000
-2.853659,0.044539,1.272905,-0.044072,-0.005599,-0.873290,0.485171,-0.008121,-0.035748,0.124394,0.099568,-0.141408,-0.013677,-0.135273,-0.055083,-0.191624,0.704618,-0.034794,0.010752,-0.049238,0.002421,0.178779,0.240779,-0.226786,0.907105,1.518236,0.000000,0.000000,0.265183,-0.266366,0.275396,0.998660,0.212884,0.000000,0.000000
-2.854094,0.046028,1.272545,-0.044267,-0.006628,-0.867465,0.495480,-0.010015,-0.036204,0.109746,0.101199,-0.137344,-0.011571,-0.139864,-0.055575,-0.177338,0.694053,-0.039502,0.007512,-0.051093,0.002449,0.175874,0.244175,-0.233328,0.899369,1.517983,0.000000,0.000000,0.266799,-0.263036,0.270206,1.001220,0.218580,0.000000,0.000000
-2.855008,0.047370,1.272252,-0.044482,-0.007564,-0.861606,0.505569,-0.011961,-0.036315,0.095022,0.103258,-0.133898,-0.009370,-0.143831,-0.055753,-0.162716,0.681332,-0.043751,0.004275,-0.052642,0.002519,0.172681,0.247849,-0.237861,0.892261,1.514677,0.000000,0.000000,0.268687,-0.259859,0.266235,1.003343,0.225504,0.000000,0.000000
-2.856246,0.048595,1.272007,-0.044978,-0.008182,-0.855618,0.515586,-0.013714,-0.035365,0.081900,0.105688,-0.130945,-0.007159,-0.147060,-0.054988,-0.146702,0.666321,-0.046947,0.000999,-0.055448,0.002583,0.169507,0.251745,-0.240158,0.886844,1.511486,0.000000,0.000000,0.269751,-0.258046,0.264156,1.005006,0.230605,0.000000,0.000000
-2.857757,0.049504,1.271728,-0.044994,-0.009029,-0.849591,0.525441,-0.015400,-0.034740,0.067151,0.107581,-0.128000,-0.004775,-0.149885,-0.054340,-0.128904,0.648321,-0.049028,-0.002700,-0.057447,0.002660,0.166227,0.255184,-0.241585,0.880374,1.508183,0.000000,0.000000,0.270971,-0.256593,0.262568,1.006643,0.233076,0.000000,0.000000
-2.859589,0.050259,1.271535,-0.045205,-0.009724,-0.843523,0.535099,-0.016757,-0.033513,0.054694,0.109583,-0.125611,-0.002598,-0.151967,-0.053475,-0.110244,0.628970,-0.051269,-0.006497,-0.059704,0.002714,0.164036,0.258338,-0.241357,0.873821,1.503876,0.000000,0.000000,0.272648,-0.254742,0.262447,1.007589,0.230934,0.000000,0.000000
-2.861760,0.050973,1.271270,-0.045360,-0.010427,-0.837022,0.545186,-0.017985,-0.032124,0.043331,0.111628,-0.123359,-0.000542,-0.153376,-0.052034,-0.090878,0.608067,-0.052610,-0.010243,-0.061504,0.002739,0.161063,0.259851,-0.242210,0.868944,1.499364,0.000000,0.000000,0.273823,-0.252039,0.260415,1.009070,0.231101,0.000000,0.000000
-2.864146,0.051503,1.271076,-0.045358,-0.011226,-0.830586,0.554927,-0.019051,-0.030640,0.030677,0.113622,-0.120907,0.001743,-0.154241,-0.050751,-0.070042,0.585433,-0.053909,-0.014293,-0.062745,0.002767,0.158556,0.262749,-0.242618,0.862469,1.494002,0.000000,0.000000,0.274342,-0.250148,0.256513,1.010847,0.230754,0.000000,0.000000
-2.866691,0.051785,1.270917,-0.045361,-0.011923,-0.823938,0.564736,-0.019979,-0.028861,0.016948,0.115524,-0.118803,0.004267,-0.154599,-0.049467,-0.046985,0.560487,-0.055687,-0.018719,-0.063277,0.002771,0.155608,0.266016,-0.243190,0.856279,1.487990,0.000000,0.000000,0.275797,-0.248757,0.255184,1.011346,0.229252,0.000000,0.000000
-2.869437,0.051818,1.270885,-0.045696,-0.012778,-0.817447,0.574046,-0.020333,-0.026771,0.003611,0.117668,-0.116160,0.006815,-0.154164,-0.048290,-0.024488,0.535797,-0.056911,-0.022954,-0.062715,0.002761,0.151308,0.268942,-0.240414,0.852765,1.478312,0.000000,0.000000,0.279008,-0.245969,0.255090,1.011417,0.230413,0.000000,0.000000
-2.872480,0.051326,1.270959,-0.045900,-0.013306,-0.810981,0.583117,-0.020214,-0.024485,-0.007241,0.119236,-0.115014,0.009029,-0.153165,-0.046544,-0.002031,0.510918,-0.057101,-0.026925,-0.062482,0.002713,0.147110,0.267203,-0.235789,0.852292,1.479775,0.000000,0.000000,0.281406,-0.241347,0.255040,1.012037,0.229356,0.000000,0.000000
-2.875606,0.050491,1.271208,-0.045894,-0.013827,-0.804167,0.592468,-0.019816,-0.022116,-0.018397,0.120464,-0.114169,0.011316,-0.151459,-0.045080,0.022906,0.483599,-0.056785,-0.031346,-0.062710,0.002717,0.143484,0.267289,-0.232364,0.852678,1.483613,0.000000,0.000000,0.282760,-0.238130,0.254523,1.012764,0.226621,0.000000,0.000000
-2.878754,0.049341,1.271531,-0.045873,-0.014428,-0.797447,0.601470,-0.019020,-0.019925,-0.030495,0.121310,-0.113553,0.013717,-0.149247,-0.043778,0.048873,0.455682,-0.056917,-0.035861,-0.062408,0.002649,0.141298,0.270455,-0.231012,0.848409,1.483870,0.000000,0.000000,0.284038,-0.239577,0.252238,1.012114,0.221993,0.000000,0.000000
-2.881975,0.047726,1.271910,-0.045712,-0.014923,-0.790554,0.610502,-0.017815,-0.017833,-0.042501,0.121216,-0.113317,0.016079,-0.146509,-0.042621,0.075518,0.427245,-0.057946,-0.040372,-0.061560,0.002647,0.140352,0.271785,-0.230848,0.844521,1.484345,0.000000,0.000000,0.287268,-0.236217,0.253750,1.010991,0.221595,0.000000,0.000000
-2.885460,0.045840,1.272340,-0.045930,-0.015300,-0.783593,0.619386,-0.016039,-0.014859,-0.054597,0.121307,-0.112537,0.018688,-0.143067,-0.040484,0.103964,0.398820,-0.058798,-0.044807,-0.059907,0.002562,0.136721,0.274745,-0.226799,0.843945,1.484733,0.000000,0.000000,0.290401,-0.235678,0.254160,1.009165,0.221034,0.000000,0.000000
-2.888898,0.043403,1.272818,-0.045941,-0.015568,-0.776341,0.628444,-0.013773,-0.011779,-0.066559,0.120766,-0.110169,0.021317,-0.139089,-0.038344,0.132991,0.370219,-0.059797,-0.049176,-0.058855,0.002509,0.135424,0.277466,-0.228079,0.839550,1.483487,0.000000,0.000000,0.294483,-0.234412,0.256295,1.006169,0.222584,0.000000,0.000000
-2.892147,0.040504,1.273325,-0.046004,-0.015804,-0.768973,0.637428,-0.010862,-0.008710,-0.078242,0.118971,-0.109149,0.023895,-0.134537,-0.036301,0.161231,0.342018,-0.059930,-0.053280,-0.057268,0.002442,0.133546,0.280808,-0.226200,0.837236,1.483162,0.000000,0.000000,0.298623,-0.233529,0.256947,1.002910,0.224156,0.000000,0.000000
-2.895195,0.036995,1.273809,-0.045750,-0.016009,-0.761527,0.646319,-0.007472,-0.006357,-0.089385,0.115645,-0.108031,0.026216,-0.129751,-0.034675,0.188529,0.314929,-0.059616,-0.057238,-0.055492,0.002370,0.131773,0.282397,-0.225777,0.835109,1.481380,0.000000,0.000000,0.303394,-0.232058,0.258150,0.998942,0.226285,0.000000,0.000000
-2.898009,0.033203,1.274284,-0.045484,-0.016412,-0.753424,0.655755,-0.003571,-0.004444,-0.100874,0.111522,-0.106972,0.028479,-0.124246,-0.033620,0.214715,0.288175,-0.058618,-0.061041,-0.054325,0.002323,0.129902,0.285369,-0.225646,0.832997,1.483520,0.000000,0.000000,0.306971,-0.230850,0.255904,0.997201,0.224888,0.000000,0.000000
-2.900828,0.028997,1.274786,-0.045229,-0.016540,-0.745439,0.664831,0.000683,-0.002131,-0.114250,0.106939,-0.106426,0.031131,-0.118296,-0.032038,0.241295,0.262031,-0.057365,-0.064685,-0.052816,0.002254,0.128746,0.287694,-0.223856,0.830258,1.487214,0.000000,0.000000,0.310888,-0.229597,0.250521,0.995550,0.218844,0.000000,0.000000
-2.903189,0.024499,1.275174,-0.044756,-0.016974,-0.736983,0.674215,0.005035,-0.000853,-0.128936,0.101935,-0.104980,0.033741,-0.111955,-0.030983,0.263086,0.238128,-0.056153,-0.067628,-0.051333,0.002207,0.126755,0.292289,-0.219986,0.826568,1.488277,0.000000,0.000000,0.314713,-0.229974,0.244900,0.992901,0.214975,0.000000,0.000000
-2.903426,0.020204,1.275387,-0.042669,-0.018184,-0.724543,0.687667,0.007854,-0.003998,-0.148075,0.096717,-0.103208,0.035912,-0.104787,-0.035659,0.271422,0.214915,-0.053897,-0.069732,-0.057733,0.002349,0.125651,0.292236,-0.222794,0.822560,1.489681,0.000000,0.000000,0.319142,-0.230816,0.243271,0.989095,0.217081,0.000000,0.000000
-2.903729,0.016247,1.275556,-0.041144,-0.019085,-0.712372,0.700335,0.009977,-0.007415,-0.172873,0.092344,-0.102604,0.038898,-0.096504,-0.040966,0.275551,0.191137,-0.050728,-0.071199,-0.066449,0.002530,0.124266,0.288045,-0.225944,0.820642,1.485950,0.000000,0.000000,0.322892,-0.235323,0.239631,0.985845,0.219181,0.000000,0.000000
-2.903990,0.012433,1.275580,-0.039385,-0.020107,-0.701078,0.711713,0.011476,-0.011050,-0.197366,0.088603,-0.098102,0.041863,-0.088958,-0.046029,0.278044,0.171233,-0.048659,-0.072394,-0.073045,0.002853,0.121714,0.287807,-0.225098,0.819921,1.488462,0.000000,0.000000,0.326300,-0.238809,0.236436,0.983351,0.220123,0.000000,0.000000
-2.904497,0.008785,1.275627,-0.038062,-0.020779,-0.690288,0.722234,0.013075,-0.013233,-0.217007,0.085054,-0.097320,0.044398,-0.081805,-0.049419,0.279035,0.154270,-0.046303,-0.073005,-0.078246,0.003055,0.120362,0.285256,-0.226750,0.818662,1.485064,0.000000,0.000000,0.328636,-0.240844,0.233560,0.982458,0.220731,0.000000,0.000000
-2.905628,0.005610,1.275508,-0.037016,-0.020846,-0.682349,0.729791,0.014101,-0.013299,-0.220826,0.082784,-0.096786,0.044993,-0.078560,-0.050190,0.278997,0.145860,-0.045089,-0.073029,-0.077805,0.003157,0.119190,0.286565,-0.226674,0.818120,1.486659,0.000000,0.000000,0.330068,-0.241004,0.232881,0.981882,0.220731,0.000000,0.000000
-2.907148,0.002992,1.275293,-0.036215,-0.019769,-0.675524,0.736182,0.015126,-0.011634,-0.224719,0.078798,-0.094587,0.046043,-0.074551,-0.049932,0.278169,0.134005,-0.042214,-0.072570,-0.074742,0.003084,0.118179,0.286290,-0.229437,0.816902,1.483710,0.000000,0.000000,0.331714,-0.241485,0.231590,0.980565,0.220906,0.000000,0.000000
-2.908926,0.000705,1.275027,-0.035387,-0.019442,-0.668271,0.742821,0.016183,-0.009024,-0.228145,0.074354,-0.094156,0.047213,-0.070147,-0.048506,0.276443,0.122168,-0.037377,-0.071650,-0.068723,0.003003,0.116088,0.288752,-0.232232,0.815613,1.480725,0.000000,0.000000,0.333327,-0.241446,0.227349,0.979745,0.221250,0.000000,0.000000
-2.910673,-0.001571,1.274688,-0.034484,-0.019088,-0.662150,0.748334,0.017330,-0.005850,-0.231110,0.069259,-0.093557,0.048410,-0.065453,-0.045880,0.273804,0.111180,-0.029201,-0.070330,-0.059030,0.002789,0.113614,0.291397,-0.235325,0.814775,1.478759,0.000000,0.000000,0.335726,-0.240906,0.224130,0.977925,0.223245,0.000000,0.000000
-2.912864,-0.003699,1.274362,-0.033504,-0.018757,-0.656417,0.753421,0.018191,-0.002498,-0.233421,0.064458,-0.093235,0.049528,-0.061719,-0.042605,0.270882,0.104579,-0.019461,-0.069000,-0.049406,0.002520,0.111614,0.294175,-0.236754,0.814562,1.473981,0.000000,0.000000,0.336154,-0.240714,0.220236,0.977427,0.224295,0.000000,0.000000
-2.914442,-0.005640,1.273994,-0.032762,-0.018394,-0.649490,0.759441,0.018623,0.000296,-0.235098,0.060984,-0.092621,0.050415,-0.058492,-0.039864,0.268424,0.101288,-0.011001,-0.068047,-0.040720,0.002273,0.109500,0.297367,-0.239674,0.815085,1.474515,0.000000,0.000000,0.337205,-0.240423,0.216752,0.977260,0.225795,0.000000,0.000000
-2.915517,-0.007180,1.273605,-0.031651,-0.018131,-0.643560,0.764526,0.018692,0.002567,-0.236440,0.057401,-0.092829,0.051076,-0.055434,-0.038557,0.266870,0.099381,-0.002381,-0.067729,-0.029784,0.001946,0.106719,0.300526,-0.242888,0.816769,1.476582,0.000000,0.000000,0.338471,-0.240266,0.212201,0.977328,0.227781,0.000000,0.000000
-2.916748,-0.008430,1.273219,-0.030755,-0.017618,-0.638299,0.768972,0.018257,0.005117,-0.237924,0.054409,-0.093582,0.051813,-0.053036,-0.038174,0.266004,0.098706,0.006116,-0.067824,-0.016813,0.001524,0.103819,0.303312,-0.244679,0.818839,1.476883,0.000000,0.000000,0.339421,-0.239814,0.206994,0.977718,0.229637,0.000000,0.000000
-2.917877,-0.009468,1.272913,-0.030102,-0.017157,-0.633507,0.772961,0.017580,0.007581,-0.239395,0.052136,-0.097195,0.052470,-0.051327,-0.038549,0.265750,0.098617,0.013588,-0.068220,-0.001858,0.001040,0.101040,0.307400,-0.246035,0.820393,1.476270,0.000000,0.000000,0.341543,-0.240175,0.203023,0.976247,0.233991,0.000000,0.000000
-2.919283,-0.010823,1.272706,-0.029808,-0.017031,-0.629121,0.776549,0.017450,0.009845,-0.240651,0.051043,-0.100981,0.053072,-0.049632,-0.038236,0.265199,0.098673,0.016739,-0.068262,0.013249,0.000557,0.098771,0.311856,-0.246900,0.822424,1.475698,0.000000,0.000000,0.343611,-0.240183,0.198360,0.975961,0.236598,0.000000,0.000000
-2.920930,-0.012271,1.272614,-0.029704,-0.017067,-0.625304,0.779629,0.017635,0.012183,-0.241896,0.051244,-0.106359,0.053698,-0.047854,-0.037250,0.264286,0.098820,0.016676,-0.067957,0.028789,0.000022,0.097796,0.315737,-0.248064,0.824311,1.474452,0.000000,0.000000,0.346213,-0.239167,0.193960,0.975711,0.239234,0.000000,0.000000
-2.922729,-0.013972,1.272615,-0.029931,-0.016733,-0.620660,0.783330,0.017926,0.015469,-0.243636,0.052096,-0.112832,0.054625,-0.045823,-0.034965,0.262568,0.099146,0.016193,-0.067111,0.043909,-0.000481,0.096119,0.319363,-0.247324,0.827683,1.474739,0.000000,0.000000,0.348714,-0.237944,0.188681,0.976260,0.240950,0.000000,0.000000
-2.924738,-0.015693,1.272662,-0.029931,-0.016335,-0.616553,0.786575,0.018145,0.018986,-0.245532,0.052915,-0.120783,0.055589,-0.044021,-0.032169,0.260555,0.099698,0.017234,-0.066092,0.058390,-0.000951,0.094979,0.323352,-0.246749,0.830917,1.476146,0.000000,0.000000,0.350888,-0.236164,0.184849,0.976337,0.243036,0.000000,0.000000
-2.926600,-0.017151,1.272702,-0.029598,-0.015551,-0.611447,0.790579,0.017770,0.022667,-0.247589,0.052572,-0.128131,0.056561,-0.042547,-0.029847,0.253809,0.099654,0.019200,-0.064383,0.071290,-0.001404,0.093729,0.327607,-0.245328,0.833441,1.475895,0.000000,0.000000,0.352146,-0.236100,0.180686,0.976014,0.245901,0.000000,0.000000
-2.928483,-0.018414,1.272860,-0.029208,-0.014877,-0.605105,0.795471,0.017096,0.026385,-0.249725,0.051650,-0.135000,0.057514,-0.041225,-0.028067,0.244226,0.099693,0.020519,-0.062316,0.080695,-0.001752,0.092394,0.331885,-0.242128,0.836364,1.475541,0.000000,0.000000,0.352894,-0.236888,0.178488,0.976217,0.249739,0.000000,0.000000
-2.930186,-0.019737,1.272960,-0.028648,-0.013762,-0.599281,0.799908,0.015927,0.030586,-0.252202,0.049726,-0.142315,0.058550,-0.040241,-0.026290,0.233295,0.099456,0.021443,-0.060003,0.090350,-0.002175,0.091550,0.334385,-0.234090,0.839555,1.471138,0.000000,0.000000,0.352577,-0.237331,0.176524,0.977497,0.253727,0.000000,0.000000
-2.931689,-0.021094,1.272957,-0.027676,-0.012961,-0.593362,0.804356,0.014731,0.033602,-0.254053,0.047524,-0.147879,0.059220,-0.039567,-0.025407,0.223105,0.099356,0.021416,-0.058030,0.097397,-0.002433,0.091140,0.338189,-0.225694,0.841958,1.475595,0.000000,0.000000,0.351995,-0.239062,0.175526,0.978416,0.256094,0.000000,0.000000
-2.932964,-0.022431,1.272827,-0.026670,-0.012049,-0.587244,0.808881,0.013366,0.036153,-0.255706,0.044911,-0.153250,0.059720,-0.039027,-0.024885,0.212595,0.099267,0.020254,-0.056079,0.103120,-0.002692,0.092496,0.339808,-0.217848,0.843828,1.475260,0.000000,0.000000,0.351158,-0.240702,0.175906,0.979202,0.258071,0.000000,0.000000
-2.934876,-0.023505,1.272622,-0.025758,-0.010885,-0.582045,0.812676,0.011500,0.039958,-0.258132,0.041487,-0.158973,0.060558,-0.039065,-0.023669,0.200495,0.098926,0.019219,-0.053636,0.111014,-0.003029,0.093943,0.341940,-0.209549,0.845547,1.470467,0.000000,0.000000,0.349881,-0.243600,0.176460,0.980322,0.260568,0.000000,0.000000
-2.936188,-0.024733,1.272431,-0.024931,-0.009999,-0.575673,0.817239,0.009957,0.042811,-0.259964,0.038533,-0.162884,0.061145,-0.038677,-0.022809,0.191353,0.098634,0.017394,-0.051814,0.117438,-0.003223,0.095480,0.345385,-0.201776,0.846288,1.464934,0.000000,0.000000,0.349023,-0.245353,0.175918,0.981183,0.263508,0.000000,0.000000
-2.937163,-0.026125,1.272348,-0.023923,-0.009341,-0.568633,0.822190,0.008519,0.045173,-0.261519,0.035701,-0.165923,0.061596,-0.037391,-0.022543,0.181981,0.097633,0.014579,-0.050117,0.123127,-0.003468,0.096803,0.346810,-0.192466,0.848101,1.460462,0.000000,0.000000,0.347736,-0.247725,0.176275,0.982646,0.271127,0.000000,0.000000
-2.937946,-0.027297,1.272248,-0.022495,-0.009310,-0.562388,0.826515,0.007208,0.046236,-0.262342,0.032878,-0.168201,0.061642,-0.035394,-0.023639,0.171035,0.095724,0.010720,-0.048478,0.129833,-0.003794,0.099257,0.346628,-0.182510,0.849681,1.449161,0.000000,0.000000,0.346776,-0.250685,0.178622,0.983955,0.282107,0.000000,0.000000
-2.938751,-0.028690,1.272106,-0.021466,-0.008630,-0.555071,0.831481,0.006053,0.047664,-0.263358,0.030658,-0.169339,0.061918,-0.033367,-0.023940,0.164204,0.093115,0.007651,-0.047334,0.133593,-0.003918,0.101249,0.348166,-0.177261,0.850442,1.445587,0.000000,0.000000,0.346191,-0.253687,0.179495,0.984163,0.290251,0.000000,0.000000
-2.938854,-0.029773,1.272091,-0.019701,-0.008891,-0.546706,0.837046,0.004591,0.048141,-0.263909,0.027521,-0.170373,0.061816,-0.029356,-0.026567,0.151619,0.088412,0.002617,-0.045786,0.138622,-0.004180,0.103225,0.350368,-0.166665,0.852597,1.442500,0.000000,0.000000,0.346632,-0.262570,0.181482,0.988857,0.276242,0.000000,0.000000
-2.938779,-0.030578,1.272096,-0.017960,-0.008948,-0.536637,0.843575,0.002809,0.047809,-0.264012,0.027555,-0.170231,0.061602,-0.026190,-0.029217,0.144358,0.084484,-0.001313,-0.045179,0.138942,-0.004210,0.105122,0.351411,-0.158304,0.853245,1.441805,0.000000,0.000000,0.347223,-0.268001,0.181175,0.991040,0.270713,0.000000,0.000000
-2.939288,-0.031115,1.272038,-0.016116,-0.009413,-0.526446,0.850003,-0.000013,0.047111,-0.264090,0.029454,-0.170366,0.061317,-0.022268,-0.032505,0.131027,0.080250,-0.005121,-0.043709,0.137446,-0.004188,0.109014,0.351168,-0.150846,0.853338,1.440122,0.000000,0.000000,0.347349,-0.274455,0.180328,0.992784,0.267390,0.000000,0.000000
-2.939854,-0.031359,1.272033,-0.014269,-0.009720,-0.513797,0.857738,-0.004373,0.046726,-0.264625,0.033222,-0.171563,0.061182,-0.017934,-0.036253,0.112566,0.076327,-0.008638,-0.041486,0.131460,-0.004015,0.112856,0.348279,-0.140448,0.856023,1.432177,0.000000,0.000000,0.347793,-0.281762,0.178595,0.993924,0.264594,0.000000,0.000000
-2.940316,-0.031257,1.272098,-0.012449,-0.010001,-0.499023,0.866442,-0.010146,0.046772,-0.265681,0.038596,-0.173700,0.061213,-0.013689,-0.040337,0.090727,0.073703,-0.012520,-0.038817,0.119295,-0.003568,0.117374,0.344404,-0.131595,0.859167,1.423404,0.000000,0.000000,0.350578,-0.290335,0.177514,0.993731,0.261514,0.000000,0.000000
-2.940209,-0.030557,1.272147,-0.009587,-0.011452,-0.484185,0.874838,-0.015808,0.042836,-0.264443,0.046124,-0.174224,0.060102,-0.009652,-0.047190,0.063778,0.072991,-0.015938,-0.036098,0.106132,-0.003083,0.122704,0.337492,-0.121717,0.862699,1.414504,0.000000,0.000000,0.354247,-0.300109,0.175550,0.993344,0.260237,0.000000,0.000000
-2.941320,-0.029845,1.272270,-0.007421,-0.011886,-0.466686,0.884312,-0.022794,0.041878,-0.265146,0.052911,-0.175057,0.059980,-0.006251,-0.051958,0.039380,0.072886,-0.018884,-0.033282,0.087133,-0.002313,0.126400,0.333793,-0.114840,0.865937,1.414003,0.000000,0.000000,0.355692,-0.310476,0.173521,0.992896,0.258905,0.000000,0.000000
-2.942226,-0.028820,1.272331,-0.004876,-0.012865,-0.450720,0.892559,-0.028907,0.039673,-0.261656,0.059956,-0.175176,0.058967,-0.003752,-0.057018,0.015812,0.074009,-0.021560,-0.030726,0.070629,-0.001693,0.128906,0.330225,-0.108623,0.869705,1.413219,0.000000,0.000000,0.356024,-0.320404,0.172384,0.992196,0.259622,0.000000,0.000000
-2.943904,-0.028101,1.272336,-0.003110,-0.013127,-0.438405,0.898676,-0.034199,0.040058,-0.245174,0.065955,-0.175638,0.056636,-0.002831,-0.060258,-0.006213,0.075828,-0.024636,-0.027948,0.059585,-0.001190,0.132310,0.327379,-0.102115,0.872776,1.415257,0.000000,0.000000,0.356067,-0.329246,0.171055,0.993567,0.260118,0.000000,0.000000
-2.945714,-0.027329,1.272143,-0.001820,-0.012833,-0.427665,0.903845,-0.039043,0.042046,-0.222589,0.070983,-0.175758,0.053748,-0.003391,-0.061856,-0.022498,0.078291,-0.026850,-0.025688,0.053320,-0.000919,0.134622,0.324365,-0.094501,0.878546,1.411421,0.000000,0.000000,0.355330,-0.336046,0.168584,0.994168,0.259412,0.000000,0.000000
-2.947720,-0.026473,1.271749,-0.000357,-0.012187,-0.417978,0.908375,-0.044502,0.044682,-0.195936,0.075460,-0.174634,0.050421,-0.005348,-0.063086,-0.038634,0.081322,-0.029053,-0.023366,0.049976,-0.000701,0.136110,0.321723,-0.088224,0.883864,1.412113,0.000000,0.000000,0.354223,-0.342141,0.164831,0.993970,0.259289,0.000000,0.000000
-2.949676,-0.025041,1.271337,0.001982,-0.013461,-0.409867,0.912044,-0.049162,0.043053,-0.165325,0.082724,-0.172510,0.045690,-0.007585,-0.067398,-0.054396,0.086771,-0.033067,-0.021901,0.048794,-0.000614,0.139782,0.317879,-0.083649,0.889130,1.407618,0.000000,0.000000,0.352060,-0.349678,0.164308,0.997423,0.261936,0.000000,0.000000
-2.952492,-0.024215,1.270862,0.003169,-0.012494,-0.400464,0.916222,-0.054811,0.045045,-0.134266,0.087660,-0.170982,0.041701,-0.010831,-0.068093,-0.067346,0.091050,-0.036662,-0.019940,0.046753,-0.000435,0.141065,0.316147,-0.080564,0.894194,1.406571,0.000000,0.000000,0.348369,-0.355776,0.163133,0.999856,0.265289,0.000000,0.000000
-2.955522,-0.023324,1.270261,0.004191,-0.011169,-0.391620,0.920050,-0.061075,0.047955,-0.103460,0.091620,-0.170474,0.037896,-0.014952,-0.067336,-0.079753,0.094934,-0.039212,-0.017707,0.046689,-0.000342,0.140501,0.314847,-0.077299,0.900927,1.406675,0.000000,0.000000,0.344184,-0.360439,0.159598,1.002867,0.268177,0.000000,0.000000
-2.958299,-0.022334,1.269468,0.005594,-0.009868,-0.383339,0.923538,-0.067732,0.049592,-0.071888,0.096138,-0.168316,0.033721,-0.019510,-0.067210,-0.092004,0.098560,-0.041505,-0.015671,0.046944,-0.000308,0.140820,0.313349,-0.072879,0.906001,1.408786,0.000000,0.000000,0.341126,-0.364382,0.152527,1.002817,0.267577,0.000000,0.000000
-2.961354,-0.021365,1.268670,0.006519,-0.008890,-0.374553,0.927140,-0.074690,0.051418,-0.040670,0.101360,-0.164963,0.029704,-0.023795,-0.066673,-0.101846,0.102545,-0.044773,-0.013919,0.046203,-0.000260,0.142277,0.312912,-0.070360,0.910580,1.409016,0.000000,0.000000,0.336359,-0.367876,0.146374,1.004233,0.268097,0.000000,0.000000
-2.964302,-0.020817,1.267940,0.007161,-0.007359,-0.365973,0.930569,-0.081944,0.053695,-0.008026,0.107421,-0.160846,0.025601,-0.028009,-0.065062,-0.111013,0.106036,-0.048240,-0.012010,0.046596,-0.000252,0.142122,0.311943,-0.067399,0.916557,1.408955,0.000000,0.000000,0.331011,-0.370573,0.140655,1.007343,0.270440,0.000000,0.000000
-2.967086,-0.020156,1.267370,0.007524,-0.006210,-0.357955,0.933688,-0.089120,0.055252,0.023878,0.114518,-0.158324,0.021452,-0.031935,-0.063404,-0.119274,0.110098,-0.052016,-0.010246,0.048470,-0.000267,0.140656,0.310769,-0.067311,0.924239,1.407889,0.000000,0.000000,0.324182,-0.373538,0.142539,1.014864,0.282159,0.000000,0.000000
-2.969726,-0.019966,1.266853,0.008066,-0.004125,-0.350285,0.936599,-0.096530,0.057079,0.056202,0.120454,-0.155991,0.017279,-0.036248,-0.061083,-0.127463,0.113003,-0.055148,-0.008336,0.050423,-0.000284,0.139052,0.310301,-0.069478,0.931141,1.409560,0.000000,0.000000,0.317817,-0.376839,0.142345,1.019639,0.290461,0.000000,0.000000
-2.972020,-0.019700,1.266287,0.008601,-0.002318,-0.342507,0.939473,-0.103726,0.058042,0.085612,0.126363,-0.153645,0.013306,-0.040141,-0.059186,-0.135335,0.115766,-0.057810,-0.006592,0.053073,-0.000379,0.137429,0.309663,-0.071031,0.938387,1.410742,0.000000,0.000000,0.311964,-0.379048,0.138203,1.024157,0.295653,0.000000,0.000000
-2.973949,-0.019251,1.265755,0.010266,-0.001198,-0.336474,0.941636,-0.110477,0.056378,0.113229,0.132684,-0.152589,0.009001,-0.044118,-0.059787,-0.145182,0.118580,-0.060445,-0.005167,0.058349,-0.000557,0.135357,0.308068,-0.070803,0.946034,1.414402,0.000000,0.000000,0.305528,-0.382153,0.132533,1.029663,0.299923,0.000000,0.000000
-2.975583,-0.019292,1.265112,0.010582,0.000414,-0.328489,0.944449,-0.116951,0.055801,0.139204,0.138861,-0.151754,0.005153,-0.047174,-0.058869,-0.154272,0.121327,-0.064044,-0.003473,0.061390,-0.000641,0.134445,0.304984,-0.073759,0.953488,1.415499,0.000000,0.000000,0.300147,-0.383077,0.126694,1.034564,0.303817,0.000000,0.000000
-2.977030,-0.019498,1.264394,0.011159,0.002233,-0.320530,0.947170,-0.123145,0.054983,0.162169,0.143730,-0.150612,0.001666,-0.049866,-0.057642,-0.162912,0.123046,-0.066837,-0.001789,0.064268,-0.000722,0.132552,0.301945,-0.075510,0.960368,1.419302,0.000000,0.000000,0.294833,-0.383538,0.120876,1.039154,0.305986,0.000000,0.000000
-2.978165,-0.019840,1.263660,0.011658,0.003914,-0.313431,0.949531,-0.129384,0.053811,0.187644,0.148650,-0.148900,-0.002299,-0.052433,-0.056387,-0.171991,0.124386,-0.070024,-0.000043,0.067409,-0.000836,0.130896,0.297930,-0.075822,0.968876,1.421956,0.000000,0.000000,0.288463,-0.384008,0.114760,1.044084,0.308819,0.000000,0.000000
-2.979181,-0.020084,1.263201,0.012481,0.004320,-0.305671,0.952046,-0.133892,0.051659,0.208001,0.152713,-0.147066,-0.005787,-0.053730,-0.056554,-0.179746,0.126329,-0.073335,0.001136,0.067579,-0.000875,0.132185,0.293255,-0.078833,0.974816,1.421982,0.000000,0.000000,0.281375,-0.383806,0.115280,1.050805,0.311734,0.000000,0.000000
-2.979234,-0.020843,1.262687,0.012636,0.006794,-0.297882,0.954495,-0.139200,0.049992,0.230260,0.155972,-0.145280,-0.009435,-0.055150,-0.055159,-0.189485,0.126579,-0.076026,0.003018,0.070266,-0.000926,0.131105,0.288381,-0.080675,0.981896,1.425304,0.000000,0.000000,0.274501,-0.383389,0.111084,1.056253,0.311242,0.000000,0.000000
-2.979501,-0.021484,1.262293,0.012949,0.008634,-0.290356,0.956792,-0.143894,0.048422,0.248788,0.158402,-0.144519,-0.012508,-0.056274,-0.053746,-0.198769,0.126329,-0.078738,0.004813,0.072589,-0.000950,0.129482,0.285145,-0.079407,0.989160,1.428671,0.000000,0.000000,0.267811,-0.383850,0.101044,1.062266,0.314070,0.000000,0.000000
-2.979515,-0.022128,1.261929,0.013230,0.010234,-0.282807,0.959031,-0.148108,0.046714,0.265640,0.160814,-0.144260,-0.015387,-0.057017,-0.052638,-0.207144,0.126268,-0.081555,0.006381,0.074744,-0.000998,0.128596,0.281344,-0.082473,0.995026,1.431237,0.000000,0.000000,0.261145,-0.384109,0.096292,1.067410,0.317118,0.000000,0.000000
-2.979266,-0.022809,1.261570,0.013427,0.011587,-0.275558,0.961121,-0.152199,0.044833,0.282621,0.163977,-0.143601,-0.018369,-0.057438,-0.051695,-0.215837,0.126517,-0.084492,0.007955,0.077252,-0.001094,0.128340,0.276697,-0.084703,1.001834,1.432744,0.000000,0.000000,0.255060,-0.383439,0.092610,1.071766,0.319211,0.000000,0.000000
-2.978775,-0.023579,1.261228,0.013394,0.012803,-0.268404,0.963128,-0.156028,0.043110,0.299329,0.167795,-0.142882,-0.021330,-0.057431,-0.050658,-0.224377,0.126966,-0.087749,0.009530,0.080104,-0.001135,0.128488,0.272312,-0.084564,1.008529,1.436289,0.000000,0.000000,0.249292,-0.382675,0.089015,1.075855,0.319883,0.000000,0.000000
-2.978227,-0.024801,1.261013,0.011654,0.013534,-0.259582,0.965556,-0.158344,0.044109,0.308584,0.171234,-0.142811,-0.022508,-0.056403,-0.048182,-0.232667,0.128085,-0.091048,0.011469,0.080787,-0.001085,0.129427,0.270684,-0.085975,1.013155,1.442430,0.000000,0.000000,0.244591,-0.380815,0.088048,1.079786,0.317414,0.000000,0.000000
-2.977442,-0.026101,1.260952,0.009904,0.014170,-0.250474,0.967969,-0.160251,0.046152,0.314679,0.174706,-0.143004,-0.022964,-0.054391,-0.044920,-0.242479,0.128909,-0.094489,0.013854,0.080412,-0.001042,0.131300,0.268937,-0.088277,1.018084,1.447641,0.000000,0.000000,0.239371,-0.377539,0.088968,1.083631,0.316656,0.000000,0.000000
-2.976389,-0.027216,1.261033,0.008639,0.014515,-0.240594,0.970479,-0.162017,0.047875,0.318363,0.178372,-0.143382,-0.023159,-0.051270,-0.041835,-0.254739,0.129367,-0.098455,0.016572,0.079736,-0.001006,0.134078,0.265222,-0.093588,1.024280,1.451690,0.000000,0.000000,0.234668,-0.371941,0.096181,1.086972,0.311293,0.000000,0.000000
-2.975169,-0.028579,1.261039,0.006994,0.014998,-0.231380,0.972723,-0.163255,0.049742,0.321070,0.181886,-0.143606,-0.023205,-0.048087,-0.038772,-0.266706,0.129369,-0.102049,0.019251,0.077903,-0.000996,0.136978,0.262691,-0.095956,1.029360,1.454738,0.000000,0.000000,0.230597,-0.367541,0.099148,1.089194,0.307554,0.000000,0.000000
-2.973970,-0.029686,1.261072,0.005976,0.015852,-0.222478,0.974791,-0.164331,0.050891,0.322462,0.183695,-0.144047,-0.023197,-0.044912,-0.035909,-0.278378,0.128478,-0.104728,0.021825,0.075895,-0.000964,0.139751,0.259964,-0.098608,1.033894,1.458349,0.000000,0.000000,0.225833,-0.363686,0.102356,1.090645,0.306526,0.000000,0.000000
-2.972730,-0.030638,1.261044,0.004900,0.016513,-0.213941,0.976695,-0.165056,0.051573,0.323200,0.184403,-0.143812,-0.023190,-0.041802,-0.033292,-0.289930,0.127495,-0.107229,0.024317,0.074238,-0.000953,0.142359,0.257051,-0.101800,1.038485,1.461579,0.000000,0.000000,0.221075,-0.360836,0.108690,1.092109,0.308223,0.000000,0.000000
-2.971401,-0.031415,1.260958,0.004044,0.017114,-0.205829,0.978430,-0.165392,0.051546,0.323090,0.183963,-0.143252,-0.023211,-0.038826,-0.031014,-0.300968,0.126417,-0.109763,0.026639,0.072354,-0.000964,0.144807,0.253062,-0.104342,1.043681,1.463808,0.000000,0.000000,0.215867,-0.357742,0.116542,1.092614,0.310498,0.000000,0.000000
-2.969760,-0.032225,1.260878,0.003316,0.018128,-0.197840,0.980061,-0.165434,0.051113,0.322547,0.182346,-0.142851,-0.023230,-0.036368,-0.029207,-0.310887,0.125368,-0.112012,0.028676,0.070769,-0.000983,0.147129,0.248764,-0.103820,1.048011,1.463051,0.000000,0.000000,0.210678,-0.355092,0.122349,1.092584,0.311090,0.000000,0.000000
-2.968019,-0.032968,1.260674,0.002495,0.019381,-0.190079,0.981574,-0.165363,0.050354,0.321649,0.179552,-0.141800,-0.023241,-0.033773,-0.027004,-0.322432,0.124037,-0.114674,0.031068,0.068744,-0.001021,0.149891,0.244157,-0.103374,1.052042,1.464530,0.000000,0.000000,0.204087,-0.352922,0.128017,1.090556,0.310918,0.000000,0.000000
-2.966269,-0.033465,1.260488,0.002067,0.020218,-0.182843,0.982932,-0.164969,0.049129,0.320275,0.176607,-0.140839,-0.023282,-0.031609,-0.025706,-0.331660,0.123116,-0.116975,0.032856,0.067176,-0.001010,0.152792,0.240067,-0.104081,1.055046,1.467133,0.000000,0.000000,0.198829,-0.351659,0.133827,1.087770,0.311666,0.000000,0.000000
-2.964025,-0.033870,1.260479,0.002159,0.020076,-0.176458,0.984101,-0.163489,0.047334,0.318570,0.173864,-0.140119,-0.023436,-0.028777,-0.025960,-0.338882,0.123043,-0.119715,0.033941,0.066202,-0.001022,0.156534,0.234665,-0.104114,1.058593,1.470656,0.000000,0.000000,0.193869,-0.350712,0.139786,1.084407,0.311164,0.000000,0.000000
-2.961406,-0.034244,1.260524,0.001941,0.019786,-0.170062,0.985233,-0.160648,0.045164,0.316887,0.170452,-0.139652,-0.023690,-0.024979,-0.027093,-0.345754,0.123975,-0.123773,0.034763,0.065405,-0.001028,0.161425,0.228204,-0.104356,1.062359,1.475253,0.000000,0.000000,0.189356,-0.349851,0.147327,1.079216,0.310549,0.000000,0.000000
-2.958426,-0.034563,1.260384,0.001791,0.019954,-0.163557,0.986330,-0.157593,0.042958,0.315225,0.166764,-0.138535,-0.023957,-0.021521,-0.028224,-0.350668,0.124697,-0.127556,0.035263,0.065006,-0.001068,0.165610,0.222362,-0.103974,1.065225,1.478960,0.000000,0.000000,0.185867,-0.349594,0.153400,1.073447,0.308711,0.000000,0.000000
-2.955202,-0.034950,1.260188,0.001987,0.019674,-0.159343,0.987025,-0.152573,0.040060,0.313413,0.161726,-0.137013,-0.024375,-0.017208,-0.030488,-0.357415,0.126361,-0.132232,0.035766,0.065417,-0.001101,0.171599,0.214242,-0.102126,1.068800,1.484272,0.000000,0.000000,0.181650,-0.348752,0.162243,1.064931,0.306183,0.000000,0.000000
-2.951781,-0.035430,1.259961,0.001952,0.018972,-0.155053,0.987722,-0.146882,0.037627,0.312425,0.157187,-0.134708,-0.024837,-0.012994,-0.032981,-0.364023,0.129000,-0.136604,0.036216,0.065907,-0.001139,0.178067,0.206520,-0.099929,1.071709,1.487600,0.000000,0.000000,0.178051,-0.347719,0.171635,1.056204,0.303495,0.000000,0.000000
-2.948367,-0.035903,1.259748,0.001988,0.018957,-0.149968,0.988507,-0.141717,0.035329,0.311364,0.151864,-0.132613,-0.025244,-0.009407,-0.034935,-0.369254,0.131176,-0.140597,0.036585,0.066173,-0.001139,0.183456,0.199913,-0.098032,1.074022,1.489841,0.000000,0.000000,0.174798,-0.347482,0.179347,1.047305,0.300856,0.000000,0.000000
-2.945289,-0.036212,1.259611,0.002278,0.019253,-0.145884,0.989112,-0.136029,0.032399,0.309724,0.143798,-0.132264,-0.025605,-0.006057,-0.037044,-0.374631,0.133387,-0.144778,0.036915,0.066805,-0.001193,0.189160,0.192517,-0.095855,1.075880,1.491718,0.000000,0.000000,0.171163,-0.348090,0.188871,1.035526,0.298115,0.000000,0.000000
-2.942501,-0.036239,1.259460,0.002439,0.019530,-0.141138,0.989794,-0.130994,0.029311,0.307635,0.135049,-0.133541,-0.025823,-0.003425,-0.038786,-0.379017,0.135837,-0.148982,0.037164,0.067232,-0.001238,0.193929,0.185599,-0.095008,1.077209,1.492143,0.000000,0.000000,0.167005,-0.349777,0.198337,1.023358,0.296342,0.000000,0.000000
-2.939649,-0.036237,1.259354,0.002735,0.020414,-0.136803,0.990384,-0.126716,0.026154,0.305181,0.125845,-0.134056,-0.025941,-0.001629,-0.040327,-0.382638,0.138390,-0.153021,0.037323,0.067686,-0.001285,0.197627,0.178657,-0.094126,1.079103,1.492220,0.000000,0.000000,0.162587,-0.352079,0.207384,1.010245,0.294128,0.000000,0.000000
-2.936895,-0.036145,1.259321,0.003331,0.021560,-0.132767,0.990907,-0.123162,0.022718,0.302010,0.116745,-0.132685,-0.026011,-0.000656,-0.042005,-0.386057,0.141129,-0.157106,0.037388,0.068658,-0.001297,0.200581,0.171227,-0.092158,1.080410,1.492449,0.000000,0.000000,0.158286,-0.354347,0.214358,0.996056,0.290787,0.000000,0.000000
-2.934325,-0.036082,1.259441,0.004004,0.022650,-0.128827,0.991400,-0.120324,0.019330,0.298577,0.108471,-0.129529,-0.026075,-0.000293,-0.043715,-0.389174,0.144408,-0.161194,0.037398,0.069869,-0.001328,0.203191,0.163350,-0.090536,1.081900,1.493738,0.000000,0.000000,0.154213,-0.354966,0.221624,0.980072,0.286713,0.000000,0.000000
-2.932010,-0.035520,1.259460,0.004427,0.024134,-0.123163,0.992083,-0.118833,0.015360,0.293835,0.101120,-0.124884,-0.026098,-0.000628,-0.044613,-0.390532,0.147869,-0.165847,0.037329,0.070744,-0.001336,0.204597,0.156588,-0.091412,1.083486,1.492339,0.000000,0.000000,0.149805,-0.357179,0.227563,0.963856,0.283772,0.000000,0.000000
-2.929728,-0.035030,1.259557,0.004864,0.024533,-0.122119,0.992200,-0.117371,0.012147,0.290044,0.096408,-0.122825,-0.026149,-0.001487,-0.046269,-0.392828,0.152992,-0.169383,0.037241,0.073543,-0.001417,0.206466,0.149986,-0.091654,1.085274,1.491440,0.000000,0.000000,0.144417,-0.358563,0.235163,0.949574,0.280457,0.000000,0.000000
-2.927137,-0.034366,1.259684,0.005236,0.024977,-0.118467,0.992630,-0.116254,0.008903,0.286041,0.094000,-0.121077,-0.026224,-0.002477,-0.048259,-0.395542,0.159712,-0.173012,0.037190,0.075994,-0.001474,0.208753,0.143573,-0.093581,1.087014,1.489827,0.000000,0.000000,0.139696,-0.360020,0.241826,0.935278,0.277828,0.000000,0.000000
-2.924708,-0.033609,1.259909,0.005938,0.025715,-0.115163,0.992996,-0.115766,0.005047,0.280936,0.093196,-0.118463,-0.026320,-0.003967,-0.050497,-0.398352,0.167244,-0.177222,0.037103,0.078223,-0.001558,0.210513,0.137409,-0.096520,1.088697,1.487204,0.000000,0.000000,0.135637,-0.362287,0.248308,0.920672,0.275548,0.000000,0.000000
-2.922518,-0.032761,1.260112,0.006426,0.026276,-0.111348,0.993413,-0.115763,0.001222,0.275694,0.093464,-0.116629,-0.026419,-0.005839,-0.052810,-0.401029,0.176040,-0.181837,0.037000,0.079707,-0.001582,0.211778,0.131670,-0.100655,1.090149,1.485413,0.000000,0.000000,0.131910,-0.364770,0.254200,0.905273,0.273643,0.000000,0.000000
-2.920277,-0.031764,1.260255,0.006763,0.026752,-0.107451,0.993827,-0.116075,-0.002183,0.270926,0.094665,-0.115725,-0.026503,-0.007825,-0.054991,-0.403391,0.185336,-0.186362,0.036891,0.080732,-0.001620,0.212663,0.126879,-0.105609,1.091455,1.484171,0.000000,0.000000,0.129234,-0.367079,0.259192,0.890594,0.272466,0.000000,0.000000
-2.917944,-0.030594,1.260348,0.007140,0.027180,-0.104367,0.994142,-0.116515,-0.006101,0.265431,0.096968,-0.116152,-0.026590,-0.010531,-0.057933,-0.406512,0.197358,-0.191703,0.036751,0.082162,-0.001670,0.213374,0.121258,-0.111387,1.092799,1.483596,0.000000,0.000000,0.126549,-0.369758,0.264297,0.873565,0.271624,0.000000,0.000000
-2.915609,-0.029506,1.260400,0.007269,0.027346,-0.100754,0.994509,-0.116938,-0.009155,0.261118,0.100120,-0.117877,-0.026658,-0.013067,-0.060656,-0.409295,0.209432,-0.196823,0.036640,0.082870,-0.001650,0.213959,0.116954,-0.116635,1.093660,1.484682,0.000000,0.000000,0.124608,-0.371936,0.268129,0.858017,0.271190,0.000000,0.000000
-2.913207,-0.028400,1.260406,0.007228,0.027623,-0.096814,0.994893,-0.117450,-0.012325,0.256641,0.104124,-0.121036,-0.026716,-0.016017,-0.063632,-0.412177,0.224140,-0.202871,0.036540,0.083180,-0.001617,0.214615,0.112563,-0.123285,1.094146,1.487053,0.000000,0.000000,0.123147,-0.373837,0.272674,0.839873,0.271424,0.000000,0.000000
-2.910850,-0.027416,1.260389,0.007156,0.027531,-0.093131,0.995247,-0.117656,-0.014841,0.253139,0.108194,-0.124876,-0.026771,-0.018538,-0.066317,-0.414115,0.238107,-0.208440,0.036362,0.082990,-0.001576,0.215312,0.109381,-0.128719,1.094300,1.490324,0.000000,0.000000,0.122140,-0.375272,0.276704,0.823139,0.271861,0.000000,0.000000
-2.908388,-0.026315,1.260392,0.007320,0.027258,-0.090078,0.995535,-0.117385,-0.017919,0.249016,0.112329,-0.130156,-0.026838,-0.021177,-0.069901,-0.414008,0.254597,-0.214503,0.035660,0.082565,-0.001586,0.215959,0.105808,-0.133934,1.094388,1.494476,0.000000,0.000000,0.121223,-0.377888,0.282020,0.804639,0.271779,0.000000,0.000000
-2.905891,-0.025168,1.260399,0.007549,0.026564,-0.087327,0.995797,-0.116346,-0.021116,0.244902,0.115809,-0.135896,-0.026920,-0.023531,-0.074069,-0.412847,0.271824,-0.220118,0.034655,0.082065,-0.001579,0.216902,0.102488,-0.138458,1.093927,1.498122,0.000000,0.000000,0.120660,-0.380788,0.287987,0.787495,0.271065,0.000000,0.000000
-2.903261,-0.024125,1.260425,0.007699,0.026054,-0.084515,0.996052,-0.114897,-0.024272,0.240943,0.118490,-0.141631,-0.027000,-0.025725,-0.078263,-0.410100,0.289256,-0.225268,0.033400,0.080573,-0.001542,0.218423,0.099509,-0.144574,1.092768,1.499526,0.000000,0.000000,0.119127,-0.383909,0.294997,0.770229,0.271752,0.000000,0.000000
-2.900401,-0.023138,1.260410,0.007785,0.025739,-0.081708,0.996293,-0.113189,-0.027230,0.237049,0.120674,-0.147641,-0.027016,-0.027797,-0.082597,-0.406325,0.306856,-0.229538,0.031948,0.079413,-0.001523,0.218791,0.097173,-0.145580,1.091095,1.502055,0.000000,0.000000,0.117530,-0.387585,0.300790,0.753814,0.270473,0.000000,0.000000
-2.897722,-0.022257,1.260421,0.007396,0.024570,-0.078175,0.996609,-0.110903,-0.029144,0.230953,0.123407,-0.153527,-0.026460,-0.029303,-0.086734,-0.400831,0.325368,-0.233302,0.030291,0.077604,-0.001475,0.219279,0.095838,-0.146804,1.089250,1.504650,0.000000,0.000000,0.116404,-0.390515,0.306456,0.738153,0.268169,0.000000,0.000000
-2.895141,-0.021440,1.260461,0.006946,0.022904,-0.074335,0.996946,-0.108005,-0.030456,0.221973,0.127180,-0.159693,-0.025352,-0.030322,-0.090911,-0.393093,0.345807,-0.236752,0.028314,0.074816,-0.001381,0.220279,0.095988,-0.150001,1.087323,1.505769,0.000000,0.000000,0.115421,-0.393447,0.313087,0.722383,0.265428,0.000000,0.000000
-2.892220,-0.020544,1.260475,0.006280,0.021593,-0.070333,0.997270,-0.105183,-0.031181,0.212841,0.131266,-0.165421,-0.024127,-0.031055,-0.094596,-0.385590,0.365473,-0.238860,0.026488,0.071720,-0.001299,0.220994,0.097022,-0.152450,1.084956,1.506131,0.000000,0.000000,0.114690,-0.396186,0.318285,0.707843,0.262426,0.000000,0.000000
-2.889098,-0.019671,1.260496,0.005299,0.020885,-0.066560,0.997550,-0.102505,-0.031243,0.203643,0.135095,-0.171297,-0.022747,-0.032069,-0.097638,-0.377689,0.385509,-0.238970,0.024801,0.066808,-0.001210,0.221955,0.098139,-0.157549,1.082384,1.505802,0.000000,0.000000,0.113103,-0.399341,0.323794,0.692860,0.258488,0.000000,0.000000
-2.886266,-0.018703,1.260559,0.004759,0.019134,-0.062252,0.997866,-0.099782,-0.031594,0.195562,0.140118,-0.176442,-0.021653,-0.032907,-0.101236,-0.371807,0.405930,-0.237136,0.023297,0.062935,-0.001111,0.222833,0.100338,-0.161612,1.079362,1.506062,0.000000,0.000000,0.112589,-0.401428,0.328455,0.680081,0.254076,0.000000,0.000000
-2.883279,-0.017723,1.260704,0.004156,0.017170,-0.057931,0.998164,-0.096790,-0.031779,0.187838,0.145881,-0.181687,-0.020619,-0.033823,-0.105166,-0.368210,0.427714,-0.232357,0.022119,0.060138,-0.001036,0.223089,0.102819,-0.162559,1.077099,1.508707,0.000000,0.000000,0.113756,-0.402481,0.331555,0.668242,0.248162,0.000000,0.000000
-2.879934,-0.016621,1.260947,0.003327,0.015766,-0.053835,0.998420,-0.093571,-0.031736,0.180933,0.150707,-0.187178,-0.019654,-0.035338,-0.109065,-0.367176,0.450294,-0.225491,0.021422,0.056934,-0.000976,0.222943,0.105545,-0.162549,1.075448,1.513052,0.000000,0.000000,0.115153,-0.402888,0.332881,0.657440,0.240708,0.000000,0.000000
-2.876359,-0.015398,1.261292,0.002345,0.014362,-0.049600,0.998663,-0.089744,-0.031491,0.173380,0.154988,-0.192589,-0.018551,-0.037563,-0.113019,-0.368107,0.475899,-0.215317,0.021166,0.052885,-0.000924,0.222357,0.108788,-0.162598,1.073858,1.518609,0.000000,0.000000,0.116737,-0.402672,0.333310,0.647193,0.233473,0.000000,0.000000
-2.872610,-0.013978,1.261851,0.001428,0.012631,-0.045961,0.998862,-0.085072,-0.031407,0.165436,0.158498,-0.198159,-0.017425,-0.040459,-0.117484,-0.370136,0.504164,-0.201659,0.021043,0.047737,-0.000783,0.221916,0.112205,-0.162308,1.072663,1.523821,0.000000,0.000000,0.118716,-0.401999,0.334558,0.638306,0.227156,0.000000,0.000000
-2.868798,-0.012353,1.262642,0.000401,0.010287,-0.041766,0.999074,-0.079407,-0.031429,0.156610,0.161877,-0.203256,-0.016210,-0.043662,-0.122174,-0.372027,0.535267,-0.184905,0.020907,0.041728,-0.000673,0.221713,0.116451,-0.162249,1.072033,1.527482,0.000000,0.000000,0.121051,-0.401245,0.336830,0.631482,0.222387,0.000000,0.000000
-2.864648,-0.010664,1.263600,-0.000679,0.008173,-0.037508,0.999263,-0.073300,-0.031523,0.148143,0.164234,-0.207984,-0.015062,-0.047298,-0.126810,-0.374415,0.567155,-0.165523,0.020891,0.035106,-0.000527,0.221309,0.121426,-0.160323,1.070983,1.529794,0.000000,0.000000,0.123519,-0.399846,0.337947,0.626259,0.218615,0.000000,0.000000
-2.860628,-0.008758,1.264766,-0.001701,0.005508,-0.033548,0.999420,-0.066144,-0.032082,0.138086,0.166058,-0.212469,-0.013786,-0.051400,-0.132137,-0.376342,0.601680,-0.141989,0.020658,0.027759,-0.000398,0.221371,0.127110,-0.158519,1.069485,1.530734,0.000000,0.000000,0.126409,-0.398023,0.340055,0.622599,0.215796,0.000000,0.000000
-2.856562,-0.006791,1.266070,-0.002927,0.002804,-0.029127,0.999568,-0.058615,-0.032511,0.128177,0.166845,-0.216504,-0.012503,-0.055663,-0.137321,-0.377843,0.636340,-0.115261,0.020378,0.019632,-0.000190,0.221553,0.133179,-0.156557,1.067712,1.530666,0.000000,0.000000,0.129394,-0.395640,0.342303,0.620463,0.214226,0.000000,0.000000
-2.852529,-0.004675,1.267487,-0.004157,-0.000082,-0.024967,0.999680,-0.050422,-0.033178,0.117006,0.167030,-0.220264,-0.011080,-0.060241,-0.142881,-0.379346,0.671888,-0.084919,0.020028,0.011185,-0.000037,0.222089,0.139687,-0.155129,1.065340,1.529060,0.000000,0.000000,0.132770,-0.392850,0.345627,0.619397,0.214301,0.000000,0.000000
-2.848302,-0.002459,1.268933,-0.005347,-0.002730,-0.021113,0.999759,-0.042216,-0.034043,0.106418,0.166477,-0.223695,-0.009785,-0.064919,-0.148579,-0.380660,0.705649,-0.051601,0.019548,0.002780,0.000116,0.222726,0.146112,-0.152862,1.062317,1.527351,0.000000,0.000000,0.135772,-0.390420,0.348150,0.619456,0.214582,0.000000,0.000000
-2.844148,-0.000164,1.270411,-0.006570,-0.005422,-0.017314,0.999814,-0.033947,-0.034945,0.095821,0.165556,-0.226485,-0.008488,-0.069595,-0.154264,-0.380593,0.737584,-0.015441,0.018741,-0.005666,0.000289,0.223772,0.152480,-0.150849,1.058790,1.525032,0.000000,0.000000,0.138579,-0.387950,0.351092,0.620383,0.215730,0.000000,0.000000
-2.840112,0.002314,1.271820,-0.007857,-0.008399,-0.013803,0.999839,-0.025576,-0.035936,0.085170,0.165167,-0.228993,-0.007212,-0.074100,-0.160344,-0.380514,0.768088,0.022466,0.017776,-0.013589,0.000465,0.225090,0.159014,-0.149907,1.054738,1.522347,0.000000,0.000000,0.142225,-0.385086,0.354479,0.622030,0.217417,0.000000,0.000000
-2.836215,0.004787,1.273149,-0.009287,-0.011119,-0.010097,0.999844,-0.017793,-0.036624,0.075863,0.164779,-0.231395,-0.006059,-0.078552,-0.165750,-0.380387,0.794681,0.055584,0.016913,-0.021230,0.000644,0.226061,0.166194,-0.149260,1.050135,1.519591,0.000000,0.000000,0.145591,-0.383013,0.357151,0.623793,0.219451,0.000000,0.000000
-2.832513,0.007237,1.274408,-0.010643,-0.013942,-0.006698,0.999824,-0.010343,-0.037329,0.066997,0.164612,-0.233463,-0.004973,-0.082964,-0.170718,-0.379112,0.818201,0.084194,0.015868,-0.028464,0.000824,0.227126,0.173125,-0.149259,1.045295,1.515871,0.000000,0.000000,0.149345,-0.381164,0.360297,0.625847,0.221767,0.000000,0.000000
-2.829109,0.009713,1.275601,-0.011945,-0.016587,-0.003722,0.999784,-0.003698,-0.038122,0.059371,0.164241,-0.234990,-0.004084,-0.087468,-0.175113,-0.377186,0.836945,0.103235,0.014770,-0.034670,0.001000,0.228059,0.179497,-0.149241,1.040338,1.511762,0.000000,0.000000,0.153131,-0.379555,0.363371,0.627812,0.223898,0.000000,0.000000
-2.826570,0.011268,1.276609,-0.013180,-0.019227,-0.000917,0.999728,0.001933,-0.038240,0.053521,0.163770,-0.236339,-0.003285,-0.092533,-0.177198,-0.374688,0.850618,0.110507,0.014205,-0.040010,0.001150,0.228626,0.185861,-0.149565,1.035983,1.507185,0.000000,0.000000,0.156583,-0.378427,0.365515,0.630018,0.225350,0.000000,0.000000
-2.824443,0.012258,1.277442,-0.014551,-0.021869,0.001527,0.999654,0.006553,-0.037600,0.048969,0.164014,-0.237226,-0.002493,-0.097737,-0.177584,-0.372476,0.860498,0.107891,0.014149,-0.044251,0.001274,0.228651,0.192156,-0.150473,1.031669,1.502618,0.000000,0.000000,0.160280,-0.377076,0.367261,0.632487,0.225877,0.000000,0.000000
-2.822520,0.012496,1.278108,-0.016004,-0.024075,0.003733,0.999575,0.011786,-0.035610,0.044369,0.164671,-0.238205,-0.001379,-0.105354,-0.175853,-0.369167,0.870362,0.097429,0.014679,-0.049171,0.001379,0.228010,0.200805,-0.151214,1.025751,1.496829,0.000000,0.000000,0.164866,-0.375177,0.369118,0.636152,0.225550,0.000000,0.000000
-2.820917,0.011998,1.278626,-0.017416,-0.026186,0.005405,0.999491,0.015997,-0.032641,0.041192,0.165850,-0.238898,-0.000239,-0.113489,-0.171600,-0.365022,0.876606,0.085244,0.015762,-0.053205,0.001451,0.226955,0.208916,-0.151420,1.019835,1.492334,0.000000,0.000000,0.169514,-0.372763,0.370538,0.640289,0.223910,0.000000,0.000000
-2.819472,0.011151,1.279035,-0.018905,-0.028010,0.007096,0.999404,0.019507,-0.028627,0.038871,0.167899,-0.239069,0.001019,-0.122606,-0.164819,-0.359675,0.879846,0.073869,0.017347,-0.056867,0.001479,0.225489,0.217184,-0.151101,1.013371,1.488826,0.000000,0.000000,0.174382,-0.369649,0.371197,0.645400,0.220971,0.000000,0.000000
-2.818944,0.009940,1.279113,-0.020507,-0.029731,0.007506,0.999319,0.021909,-0.023982,0.038211,0.170092,-0.238703,0.002182,-0.133072,-0.156295,-0.353661,0.881319,0.063792,0.019317,-0.058659,0.001513,0.223999,0.226613,-0.150431,1.006134,1.485494,0.000000,0.000000,0.179022,-0.365446,0.372020,0.651604,0.216228,0.000000,0.000000
-2.818196,0.008876,1.279192,-0.021887,-0.030771,0.007539,0.999258,0.023261,-0.019687,0.038698,0.172521,-0.238467,0.003094,-0.143737,-0.147319,-0.348618,0.878721,0.057120,0.021591,-0.059299,0.001475,0.221749,0.235644,-0.149247,0.998553,1.483091,0.000000,0.000000,0.183109,-0.361265,0.372101,0.658036,0.211291,0.000000,0.000000
-2.817464,0.007837,1.279300,-0.023107,-0.031703,0.007628,0.999201,0.024008,-0.015572,0.039270,0.175673,-0.238453,0.003955,-0.154705,-0.137741,-0.344344,0.871940,0.052940,0.024172,-0.059654,0.001394,0.219048,0.244308,-0.147238,0.990809,1.479500,0.000000,0.000000,0.186985,-0.356828,0.372517,0.666103,0.206097,0.000000,0.000000
-2.816506,0.006977,1.279359,-0.024210,-0.032086,0.007574,0.999163,0.024210,-0.012123,0.040235,0.178782,-0.239168,0.004601,-0.165072,-0.128794,-0.341971,0.861268,0.050268,0.026882,-0.060381,0.001362,0.216149,0.252333,-0.145862,0.982569,1.478279,0.000000,0.000000,0.189894,-0.353607,0.373035,0.673883,0.200814,0.000000,0.000000
-2.815656,0.006031,1.279415,-0.025147,-0.032629,0.008571,0.999114,0.024083,-0.008970,0.040026,0.182526,-0.240483,0.005365,-0.174657,-0.120036,-0.340903,0.847758,0.048467,0.029723,-0.061765,0.001340,0.212890,0.260973,-0.144524,0.973600,1.477334,0.000000,0.000000,0.192539,-0.350323,0.373112,0.682803,0.197132,0.000000,0.000000
-2.814531,0.005268,1.279345,-0.025825,-0.032990,0.009093,0.999081,0.023862,-0.006563,0.038520,0.186371,-0.242176,0.006150,-0.183665,-0.111876,-0.341746,0.831113,0.046603,0.032710,-0.063020,0.001333,0.209772,0.269025,-0.142406,0.964887,1.475704,0.000000,0.000000,0.195268,-0.346976,0.373174,0.692115,0.194378,0.000000,0.000000
-2.813040,0.004486,1.279192,-0.026286,-0.033030,0.009651,0.999062,0.023557,-0.004627,0.036556,0.190295,-0.244345,0.006896,-0.192045,-0.104010,-0.343147,0.811350,0.045658,0.035600,-0.064294,0.001305,0.206573,0.276790,-0.139269,0.955844,1.472453,0.000000,0.000000,0.197825,-0.344431,0.372461,0.701980,0.192027,0.000000,0.000000
-2.811673,0.003597,1.278973,-0.026583,-0.033474,0.010375,0.999032,0.023275,-0.002848,0.034354,0.195176,-0.246869,0.007645,-0.199815,-0.095858,-0.344502,0.787584,0.045836,0.038436,-0.066083,0.001334,0.203246,0.284504,-0.135557,0.946191,1.469279,0.000000,0.000000,0.200491,-0.341721,0.372480,0.713266,0.190216,0.000000,0.000000
-2.809841,0.003147,1.278634,-0.025399,-0.034137,0.009967,0.999045,0.023530,-0.003602,0.033240,0.200554,-0.249892,0.007613,-0.205620,-0.091131,-0.341887,0.762995,0.047674,0.039112,-0.066546,0.001263,0.201297,0.288591,-0.132129,0.937333,1.464074,0.000000,0.000000,0.203343,-0.341190,0.372597,0.723933,0.189608,0.000000,0.000000
-2.807939,0.002324,1.278136,-0.023678,-0.034891,0.008977,0.999070,0.024234,-0.005776,0.032766,0.206525,-0.253746,0.007146,-0.211399,-0.086660,-0.336434,0.732759,0.051008,0.038952,-0.064979,0.001244,0.199590,0.292459,-0.132125,0.926611,1.457296,0.000000,0.000000,0.212667,-0.339793,0.380021,0.744801,0.202797,0.000000,0.000000
-2.805913,0.001077,1.277502,-0.022310,-0.036000,0.007317,0.999076,0.025261,-0.007027,0.033821,0.212247,-0.257741,0.006678,-0.215520,-0.081721,-0.329851,0.704438,0.055305,0.038637,-0.063594,0.001203,0.198703,0.294786,-0.128278,0.918200,1.450286,0.000000,0.000000,0.214331,-0.340631,0.381008,0.757084,0.206688,0.000000,0.000000
-2.803541,-0.000512,1.276765,-0.021059,-0.036578,0.005747,0.999092,0.026296,-0.007690,0.036189,0.218546,-0.262309,0.006151,-0.219326,-0.075161,-0.321445,0.670155,0.061522,0.038241,-0.062150,0.001167,0.197269,0.297739,-0.123363,0.908494,1.444696,0.000000,0.000000,0.216471,-0.341603,0.381347,0.770066,0.208791,0.000000,0.000000
-2.800986,-0.002239,1.275933,-0.019869,-0.036925,0.004089,0.999112,0.027187,-0.007888,0.039158,0.224693,-0.267284,0.005641,-0.222311,-0.068019,-0.312727,0.633617,0.070117,0.037851,-0.060612,0.001200,0.196047,0.299819,-0.118490,0.898906,1.439539,0.000000,0.000000,0.218926,-0.341669,0.380045,0.782196,0.209593,0.000000,0.000000
-2.798332,-0.004161,1.275039,-0.018825,-0.037354,0.002520,0.999122,0.028044,-0.007542,0.042242,0.231268,-0.272849,0.005241,-0.224315,-0.060360,-0.303812,0.595203,0.081374,0.037493,-0.058818,0.001202,0.195045,0.301608,-0.114282,0.889754,1.433776,0.000000,0.000000,0.221425,-0.341006,0.378281,0.794349,0.209944,0.000000,0.000000
-2.795290,-0.006180,1.274049,-0.017957,-0.037253,0.000977,0.999144,0.028662,-0.006723,0.045353,0.237830,-0.278949,0.004951,-0.225516,-0.052219,-0.294646,0.554801,0.097374,0.037192,-0.056599,0.001160,0.193440,0.303845,-0.110528,0.880392,1.428513,0.000000,0.000000,0.223955,-0.341710,0.377495,0.805972,0.207488,0.000000,0.000000
-2.792141,-0.008051,1.272977,-0.017016,-0.037433,-0.000394,0.999154,0.029211,-0.005926,0.048934,0.245311,-0.285479,0.004578,-0.225704,-0.045072,-0.286884,0.515625,0.116037,0.036978,-0.054712,0.001182,0.192005,0.305946,-0.107344,0.871398,1.424453,0.000000,0.000000,0.226570,-0.341388,0.375820,0.817170,0.205916,0.000000,0.000000
-2.788762,-0.009721,1.271822,-0.016093,-0.037616,-0.001709,0.999161,0.029818,-0.005267,0.052299,0.253708,-0.293066,0.004199,-0.224941,-0.038327,-0.279812,0.474821,0.139041,0.036827,-0.052463,0.001197,0.190613,0.307716,-0.105285,0.862666,1.420836,0.000000,0.000000,0.229797,-0.340811,0.374004,0.829273,0.205124,0.000000,0.000000
-2.785019,-0.011085,1.270566,-0.014999,-0.037256,-0.003243,0.999188,0.030314,-0.005362,0.055333,0.261845,-0.301369,0.003689,-0.223578,-0.032399,-0.273760,0.433184,0.166576,0.036737,-0.049758,0.001153,0.188721,0.309238,-0.103750,0.853213,1.417859,0.000000,0.000000,0.232825,-0.340767,0.371030,0.840855,0.205318,0.000000,0.000000
-2.781226,-0.012421,1.269290,-0.013943,-0.037102,-0.003991,0.999206,0.030675,-0.005371,0.058360,0.270306,-0.309589,0.003202,-0.221462,-0.027613,-0.269125,0.393927,0.194720,0.036732,-0.047514,0.001163,0.187120,0.310595,-0.103518,0.844409,1.415699,0.000000,0.000000,0.236187,-0.340501,0.368065,0.851920,0.205982,0.000000,0.000000
-2.777162,-0.013586,1.267915,-0.012810,-0.036922,-0.004931,0.999224,0.030944,-0.005603,0.060950,0.279905,-0.318391,0.002726,-0.218493,-0.023459,-0.265345,0.353774,0.224709,0.036774,-0.045194,0.001170,0.185381,0.311807,-0.103544,0.835788,1.414237,0.000000,0.000000,0.239700,-0.340646,0.364649,0.863235,0.206547,0.000000,0.000000
-2.772873,-0.014440,1.266392,-0.011368,-0.036690,-0.005801,0.999245,0.031037,-0.006503,0.063931,0.290404,-0.327937,0.002024,-0.214904,-0.020586,-0.263136,0.314186,0.254951,0.036830,-0.042815,0.001161,0.183683,0.312469,-0.104076,0.827013,1.413910,0.000000,0.000000,0.243692,-0.340935,0.359682,0.874524,0.207186,0.000000,0.000000
-2.768470,-0.015263,1.264718,-0.010141,-0.036809,-0.006393,0.999250,0.030996,-0.007260,0.066761,0.302869,-0.338038,0.001373,-0.210567,-0.018351,-0.261793,0.276136,0.284566,0.036925,-0.040286,0.001165,0.182228,0.313359,-0.106202,0.818464,1.414141,0.000000,0.000000,0.248583,-0.341111,0.354425,0.885297,0.209097,0.000000,0.000000
-2.763855,-0.015869,1.262938,-0.008871,-0.036843,-0.006418,0.999261,0.030666,-0.007999,0.069079,0.316938,-0.348420,0.000802,-0.205609,-0.017139,-0.261770,0.239900,0.312098,0.037020,-0.037559,0.001209,0.180845,0.314420,-0.109342,0.810040,1.414611,0.000000,0.000000,0.254223,-0.341341,0.347576,0.895688,0.210463,0.000000,0.000000
-2.759176,-0.016335,1.261036,-0.007451,-0.036959,-0.006193,0.999270,0.030081,-0.009055,0.071003,0.331788,-0.359945,0.000212,-0.200303,-0.016823,-0.262912,0.205874,0.337150,0.037103,-0.034754,0.001234,0.179362,0.315738,-0.113492,0.801467,1.415012,0.000000,0.000000,0.260307,-0.341532,0.339662,0.905466,0.212265,0.000000,0.000000
-2.754260,-0.016637,1.259010,-0.006082,-0.037263,-0.005990,0.999269,0.029319,-0.010269,0.072699,0.348558,-0.372177,-0.000391,-0.194632,-0.017253,-0.265042,0.174456,0.358164,0.037162,-0.031868,0.001238,0.177955,0.316768,-0.118296,0.793155,1.416151,0.000000,0.000000,0.266929,-0.341673,0.330578,0.914604,0.213983,0.000000,0.000000
-2.749249,-0.016903,1.256836,-0.004931,-0.037801,-0.005172,0.999260,0.028295,-0.011030,0.074725,0.367522,-0.384758,-0.000944,-0.188579,-0.018238,-0.267997,0.145787,0.375231,0.037203,-0.029060,0.001287,0.176782,0.318057,-0.123252,0.785745,1.417820,0.000000,0.000000,0.274301,-0.341924,0.319619,0.922720,0.214933,0.000000,0.000000
-2.744150,-0.017054,1.254512,-0.003565,-0.038559,-0.003873,0.999242,0.027247,-0.011749,0.076247,0.387396,-0.398347,-0.001415,-0.182190,-0.020175,-0.272259,0.120101,0.389761,0.037228,-0.026510,0.001350,0.175943,0.319093,-0.129226,0.778710,1.419425,0.000000,0.000000,0.282998,-0.341913,0.307223,0.930840,0.215177,0.000000,0.000000
-2.738899,-0.017122,1.252007,-0.001956,-0.039160,-0.002598,0.999228,0.026238,-0.012856,0.077176,0.407123,-0.412314,-0.001898,-0.175758,-0.022659,-0.277294,0.096722,0.402639,0.037258,-0.024180,0.001406,0.174734,0.319341,-0.135678,0.772638,1.420744,0.000000,0.000000,0.291944,-0.341716,0.294123,0.939051,0.215593,0.000000,0.000000
-2.733460,-0.017136,1.249345,-0.000342,-0.039654,-0.001640,0.999212,0.025254,-0.014070,0.078249,0.427329,-0.426201,-0.002437,-0.169324,-0.025261,-0.282590,0.075485,0.414621,0.037318,-0.021542,0.001453,0.173260,0.318964,-0.141322,0.767013,1.422948,0.000000,0.000000,0.300904,-0.341667,0.280323,0.946848,0.216074,0.000000,0.000000
-2.728004,-0.017216,1.246536,0.001352,-0.040058,-0.000676,0.999196,0.024222,-0.015337,0.079448,0.447583,-0.439948,-0.003009,-0.162877,-0.027811,-0.287900,0.056381,0.427076,0.037427,-0.018658,0.001474,0.171656,0.317431,-0.146467,0.761842,1.425977,0.000000,0.000000,0.310276,-0.341271,0.265939,0.954195,0.216056,0.000000,0.000000
-2.722623,-0.017482,1.243523,0.002960,-0.040532,0.000152,0.999174,0.023261,-0.016332,0.080175,0.466795,-0.452785,-0.003440,-0.156924,-0.029776,-0.292354,0.040447,0.440462,0.037631,-0.015540,0.001513,0.169731,0.315650,-0.150408,0.757714,1.429527,0.000000,0.000000,0.319063,-0.340976,0.252874,0.960518,0.215622,0.000000,0.000000
-2.717200,-0.018045,1.240285,0.004499,-0.040650,0.001236,0.999163,0.022122,-0.016789,0.081673,0.486455,-0.465993,-0.003863,-0.151081,-0.031298,-0.296267,0.025655,0.456271,0.037914,-0.012946,0.001536,0.167809,0.313393,-0.154678,0.754010,1.433890,0.000000,0.000000,0.327449,-0.340703,0.239403,0.966689,0.214866,0.000000,0.000000
-2.712008,-0.018990,1.236889,0.005784,-0.041124,0.002454,0.999134,0.020789,-0.016445,0.082608,0.508482,-0.480144,-0.004006,-0.144903,-0.032199,-0.299537,0.012041,0.474805,0.038328,-0.010125,0.001606,0.164572,0.311210,-0.157908,0.748206,1.442415,0.000000,0.000000,0.336411,-0.339828,0.225391,0.973416,0.213891,0.000000,0.000000
-2.706872,-0.020229,1.233357,0.006350,-0.041415,0.004350,0.999112,0.019309,-0.014777,0.082424,0.528678,-0.493173,-0.003617,-0.139437,-0.031952,-0.301049,0.001715,0.492705,0.038790,-0.008282,0.001724,0.162233,0.309772,-0.160984,0.743934,1.450125,0.000000,0.000000,0.344224,-0.338288,0.213810,0.979382,0.213862,0.000000,0.000000
-2.701826,-0.021579,1.229658,0.006841,-0.041415,0.006673,0.999096,0.017287,-0.012362,0.080859,0.550794,-0.507675,-0.002818,-0.133787,-0.031113,-0.301868,-0.007838,0.512064,0.039335,-0.006955,0.001839,0.159474,0.309064,-0.162211,0.738810,1.460335,0.000000,0.000000,0.352180,-0.335682,0.200701,0.986364,0.213072,0.000000,0.000000
-2.696917,-0.023031,1.225813,0.007071,-0.041253,0.009007,0.999083,0.015153,-0.009444,0.079414,0.570898,-0.521089,-0.001897,-0.128979,-0.029721,-0.301647,-0.014901,0.528567,0.039834,-0.006871,0.001912,0.158128,0.307616,-0.165507,0.736639,1.465633,0.000000,0.000000,0.358511,-0.333125,0.190980,0.992773,0.212185,0.000000,0.000000
-2.692099,-0.024468,1.221825,0.007425,-0.041010,0.011373,0.999066,0.012761,-0.006342,0.077872,0.591497,-0.534856,-0.000911,-0.124415,-0.028237,-0.301193,-0.017450,0.543527,0.040338,-0.007001,0.001962,0.155852,0.307650,-0.167143,0.734875,1.470990,0.000000,0.000000,0.363960,-0.331150,0.181755,0.999570,0.210902,0.000000,0.000000
-2.687222,-0.025677,1.217742,0.007721,-0.040762,0.013174,0.999052,0.010580,-0.003625,0.076606,0.610662,-0.547910,-0.000064,-0.120555,-0.026964,-0.300785,-0.017450,0.555420,0.040797,-0.007209,0.002036,0.154120,0.306977,-0.168858,0.734102,1.474786,0.000000,0.000000,0.368575,-0.328972,0.175337,1.006392,0.209725,0.000000,0.000000
-2.682174,-0.026615,1.213598,0.008349,-0.040290,0.014500,0.999048,0.008445,-0.001378,0.076021,0.630012,-0.561632,0.000548,-0.116963,-0.026233,-0.301005,-0.017450,0.566237,0.041223,-0.007325,0.002069,0.152393,0.304782,-0.169876,0.733202,1.477791,0.000000,0.000000,0.372141,-0.327076,0.169158,1.014684,0.207350,0.000000,0.000000
-2.677027,-0.027335,1.209450,0.009197,-0.039613,0.015720,0.999049,0.006397,0.000295,0.075685,0.648945,-0.575405,0.000968,-0.113788,-0.026233,-0.302085,-0.016613,0.575993,0.041612,-0.007303,0.002093,0.150655,0.302101,-0.168805,0.732709,1.481196,0.000000,0.000000,0.374584,-0.325873,0.162594,1.023099,0.203059,0.000000,0.000000
-2.671978,-0.027896,1.205347,0.009925,-0.039200,0.016589,0.999044,0.004443,0.001714,0.075598,0.669461,-0.590003,0.001274,-0.110696,-0.026736,-0.303825,-0.010656,0.585757,0.042027,-0.007092,0.002109,0.149011,0.299133,-0.167141,0.732583,1.484856,0.000000,0.000000,0.376786,-0.324483,0.157070,1.033060,0.198650,0.000000,0.000000
-2.666645,-0.028588,1.201472,0.010685,-0.038540,0.017365,0.999049,0.003144,0.002928,0.075533,0.687334,-0.601621,0.001526,-0.107937,-0.027430,-0.305713,-0.001372,0.593530,0.042427,-0.006564,0.002143,0.147321,0.296541,-0.165620,0.733013,1.488218,0.000000,0.000000,0.378497,-0.323327,0.153299,1.042654,0.195398,0.000000,0.000000
-2.661313,-0.029226,1.197621,0.011371,-0.038099,0.017775,0.999051,0.001951,0.003825,0.075166,0.706159,-0.612412,0.001748,-0.105002,-0.028298,-0.307912,0.011315,0.600497,0.042873,-0.005618,0.002177,0.146015,0.293290,-0.162849,0.734750,1.490915,0.000000,0.000000,0.379470,-0.322070,0.149061,1.053504,0.191145,0.000000,0.000000
-2.656869,-0.031004,1.193604,0.011218,-0.037214,0.020638,0.999031,-0.000562,0.006355,0.073156,0.722262,-0.615468,0.002724,-0.102996,-0.027210,-0.307151,0.017906,0.583831,0.042985,-0.007222,0.002218,0.145340,0.290488,-0.160866,0.738333,1.491852,0.000000,0.000000,0.378773,-0.319488,0.143671,1.064411,0.184731,0.000000,0.000000
-2.652194,-0.032339,1.189741,0.011382,-0.036266,0.022625,0.999021,-0.004614,0.009784,0.070391,0.744915,-0.616808,0.004023,-0.100505,-0.026260,-0.307081,0.026327,0.533596,0.042621,-0.010032,0.002327,0.144785,0.287453,-0.158628,0.746865,1.489006,0.000000,0.000000,0.377261,-0.316741,0.136961,1.078855,0.177096,0.000000,0.000000
-2.647400,-0.033794,1.185935,0.011530,-0.035543,0.024171,0.999009,-0.007853,0.012742,0.068493,0.764153,-0.616711,0.005074,-0.098797,-0.025473,-0.307054,0.034896,0.484569,0.042066,-0.011663,0.002406,0.143386,0.285430,-0.155802,0.753228,1.487451,0.000000,0.000000,0.375927,-0.314961,0.131914,1.090232,0.172186,0.000000,0.000000
-2.642835,-0.035397,1.182220,0.011076,-0.034656,0.025823,0.999004,-0.011488,0.016722,0.067103,0.783826,-0.616216,0.006334,-0.097622,-0.023529,-0.305241,0.042240,0.438125,0.041463,-0.013565,0.002498,0.142004,0.284029,-0.151531,0.759236,1.488097,0.000000,0.000000,0.373839,-0.312469,0.127021,1.101261,0.167878,0.000000,0.000000
-2.638444,-0.036865,1.178676,0.010480,-0.033846,0.027182,0.999002,-0.015531,0.021138,0.066219,0.804724,-0.615559,0.007635,-0.096807,-0.021289,-0.302849,0.048878,0.396823,0.040831,-0.014889,0.002536,0.141347,0.282388,-0.148046,0.766418,1.488280,0.000000,0.000000,0.371830,-0.309210,0.122986,1.111667,0.166105,0.000000,0.000000
-2.633451,-0.038196,1.175540,0.009907,-0.032988,0.027557,0.999027,-0.018370,0.025491,0.067547,0.823084,-0.615047,0.008537,-0.095865,-0.019602,-0.299763,0.053671,0.367330,0.040093,-0.015353,0.002523,0.141233,0.280720,-0.143852,0.772735,1.489016,0.000000,0.000000,0.370226,-0.306889,0.119743,1.119439,0.165676,0.000000,0.000000
-2.628433,-0.039440,1.172594,0.009862,-0.032652,0.026645,0.999063,-0.021195,0.029683,0.070537,0.845139,-0.614499,0.009089,-0.094552,-0.018665,-0.295433,0.060606,0.336739,0.038868,-0.014435,0.002414,0.142376,0.277529,-0.138578,0.781727,1.489432,0.000000,0.000000,0.368170,-0.304873,0.116441,1.128598,0.165270,0.000000,0.000000
-2.623411,-0.040790,1.169920,0.009776,-0.032708,0.024797,0.999109,-0.023614,0.033965,0.074978,0.868851,-0.613985,0.009406,-0.093317,-0.018014,-0.290793,0.069432,0.308275,0.037587,-0.012399,0.002329,0.144094,0.273706,-0.131700,0.791750,1.491218,0.000000,0.000000,0.365779,-0.302479,0.114032,1.137498,0.164482,0.000000,0.000000
-2.618300,-0.042096,1.167463,0.009370,-0.033070,0.022149,0.999164,-0.025863,0.038685,0.080162,0.895758,-0.613474,0.009712,-0.092182,-0.017129,-0.284644,0.080381,0.280458,0.036143,-0.009571,0.002177,0.147213,0.269120,-0.124082,0.803718,1.493045,0.000000,0.000000,0.363598,-0.300040,0.113807,1.147384,0.164990,0.000000,0.000000
-2.613123,-0.043562,1.165217,0.008721,-0.034044,0.019052,0.999201,-0.027966,0.044178,0.085402,0.925690,-0.612956,0.010234,-0.090627,-0.015961,-0.275801,0.093339,0.258004,0.034396,-0.006676,0.002040,0.152351,0.264629,-0.117868,0.817756,1.493775,0.000000,0.000000,0.361172,-0.296842,0.117572,1.157480,0.166511,0.000000,0.000000
-2.608003,-0.044642,1.162980,0.008175,-0.035432,0.015193,0.999223,-0.030142,0.048468,0.089887,0.957589,-0.612371,0.010563,-0.088933,-0.015305,-0.267209,0.106786,0.234941,0.032638,-0.002982,0.001872,0.157236,0.261506,-0.109399,0.830796,1.496213,0.000000,0.000000,0.358406,-0.294423,0.121127,1.166603,0.168349,0.000000,0.000000
-2.602840,-0.045693,1.160829,0.007499,-0.037023,0.011049,0.999225,-0.032775,0.052938,0.094942,0.992957,-0.611722,0.010825,-0.086812,-0.014739,-0.256378,0.121006,0.209375,0.030422,0.000515,0.001673,0.164182,0.257484,-0.100790,0.845560,1.497261,0.000000,0.000000,0.355056,-0.291950,0.125683,1.174749,0.169754,0.000000,0.000000
-2.597919,-0.046960,1.158923,0.007098,-0.038690,0.007359,0.999199,-0.036183,0.057727,0.099586,1.028883,-0.599811,0.011265,-0.084448,-0.014487,-0.245076,0.135310,0.184224,0.028047,0.003776,0.001480,0.171858,0.253880,-0.093353,0.860239,1.497198,0.000000,0.000000,0.352233,-0.290151,0.130949,1.182121,0.172261,0.000000,0.000000
-2.593453,-0.048083,1.157244,0.006894,-0.040665,0.003683,0.999142,-0.040463,0.061884,0.103716,1.064197,-0.576966,0.011618,-0.081824,-0.014737,-0.233596,0.148872,0.159637,0.025525,0.007311,0.001281,0.180392,0.250303,-0.087842,0.874361,1.495928,0.000000,0.000000,0.349657,-0.288726,0.136641,1.187123,0.175110,0.000000,0.000000
-2.589327,-0.049100,1.155681,0.007039,-0.042756,-0.000128,0.999061,-0.045526,0.065071,0.107656,1.097991,-0.546703,0.011691,-0.079003,-0.015552,-0.222806,0.160894,0.136420,0.023016,0.011533,0.001059,0.188464,0.246887,-0.084528,0.887796,1.493841,0.000000,0.000000,0.347253,-0.287912,0.142502,1.189264,0.178548,0.000000,0.000000
-2.586789,-0.049946,1.153818,0.007390,-0.044690,-0.003461,0.998968,-0.054188,0.067760,0.111045,1.133719,-0.505326,0.011638,-0.077270,-0.016711,-0.214003,0.172512,0.109409,0.020752,0.017228,0.000819,0.195108,0.243987,-0.082522,0.900458,1.491487,0.000000,0.000000,0.345300,-0.288333,0.146419,1.189326,0.183893,0.000000,0.000000
-2.584028,-0.050872,1.152176,0.008030,-0.045832,-0.007376,0.998890,-0.063424,0.070622,0.115565,1.166037,-0.460415,0.011284,-0.076069,-0.018070,-0.206794,0.181136,0.086435,0.018763,0.023785,0.000597,0.202127,0.239649,-0.084464,0.911673,1.487519,0.000000,0.000000,0.344354,-0.288847,0.151448,1.184768,0.189295,0.000000,0.000000
-2.581453,-0.051635,1.150742,0.008742,-0.047048,-0.010943,0.998794,-0.072912,0.073558,0.120468,1.195678,-0.411050,0.010767,-0.074666,-0.019946,-0.201733,0.188172,0.065265,0.017072,0.031658,0.000334,0.207760,0.236008,-0.089381,0.922196,1.482760,0.000000,0.000000,0.344107,-0.290060,0.155766,1.177072,0.194934,0.000000,0.000000
-2.578944,-0.052290,1.149601,0.009424,-0.048168,-0.014374,0.998691,-0.082216,0.076358,0.125024,1.220874,-0.362638,0.010208,-0.073335,-0.022056,-0.198571,0.194022,0.047230,0.015712,0.040053,0.000053,0.212598,0.232395,-0.097128,0.932049,1.477505,0.000000,0.000000,0.344664,-0.290816,0.160377,1.166511,0.199431,0.000000,0.000000
-2.576151,-0.053264,1.148695,0.009778,-0.049046,-0.018031,0.998586,-0.090852,0.080594,0.129921,1.242527,-0.317606,0.009946,-0.072163,-0.023305,-0.195630,0.200157,0.034229,0.014712,0.048266,-0.000211,0.217208,0.228685,-0.104069,0.940913,1.474384,0.000000,0.000000,0.345516,-0.292520,0.163729,1.154272,0.203497,0.000000,0.000000
-2.572290,-0.054345,1.148347,0.009969,-0.050057,-0.021110,0.998473,-0.096910,0.085399,0.134082,1.258794,-0.288621,0.010084,-0.070272,-0.024131,-0.191624,0.206761,0.026036,0.013719,0.054396,-0.000389,0.221788,0.225611,-0.109579,0.947394,1.474399,0.000000,0.000000,0.345037,-0.294535,0.168409,1.141734,0.205273,0.000000,0.000000
-2.568762,-0.056046,1.148108,0.009931,-0.051298,-0.024584,0.998331,-0.102427,0.092267,0.140110,1.272855,-0.270345,0.010420,-0.068204,-0.023691,-0.186067,0.214054,0.020194,0.012845,0.059859,-0.000544,0.226885,0.221874,-0.114262,0.954145,1.476924,0.000000,0.000000,0.345035,-0.296849,0.175739,1.127138,0.206382,0.000000,0.000000
-2.566011,-0.059051,1.147631,0.009234,-0.052113,-0.029067,0.998175,-0.108889,0.103973,0.150701,1.286533,-0.271489,0.011171,-0.066946,-0.019951,-0.177649,0.221523,0.016106,0.012375,0.065301,-0.000699,0.232172,0.217528,-0.116459,0.961569,1.483325,0.000000,0.000000,0.345479,-0.299965,0.184933,1.108723,0.207461,0.000000,0.000000
-2.563236,-0.061097,1.147259,0.008391,-0.053204,-0.033902,0.997973,-0.115258,0.113576,0.158001,1.297643,-0.283998,0.012076,-0.066069,-0.015854,-0.167077,0.230008,0.013014,0.011616,0.070488,-0.000857,0.236879,0.214138,-0.117692,0.970004,1.492282,0.000000,0.000000,0.344754,-0.302741,0.195919,1.090846,0.208495,0.000000,0.000000
-2.560506,-0.062450,1.146913,0.007877,-0.054423,-0.037951,0.997765,-0.121134,0.120145,0.162761,1.306426,-0.290565,0.012639,-0.065426,-0.013075,-0.158568,0.238503,0.008260,0.010864,0.075560,-0.000998,0.242201,0.212517,-0.120698,0.976149,1.501495,0.000000,0.000000,0.344120,-0.305823,0.206869,1.074474,0.208494,0.000000,0.000000
-2.557929,-0.063443,1.146593,0.007588,-0.056059,-0.041208,0.997548,-0.126799,0.125157,0.167243,1.312483,-0.292355,0.012780,-0.064764,-0.011001,-0.150516,0.248883,0.003904,0.010010,0.079222,-0.001149,0.248419,0.211458,-0.123570,0.981271,1.511089,0.000000,0.000000,0.341430,-0.309483,0.215625,1.057580,0.210324,0.000000,0.000000
-2.555281,-0.064076,1.146385,0.007998,-0.057163,-0.045662,0.997288,-0.132462,0.128057,0.172876,1.314824,-0.295736,0.012033,-0.064409,-0.010394,-0.144914,0.258649,-0.001576,0.009194,0.084091,-0.001354,0.254574,0.208856,-0.125273,0.984984,1.522303,0.000000,0.000000,0.338465,-0.312969,0.222859,1.041213,0.211060,0.000000,0.000000
-2.552945,-0.064627,1.146368,0.008718,-0.058144,-0.050046,0.997015,-0.138319,0.129477,0.179104,1.313948,-0.301130,0.010746,-0.064075,-0.010736,-0.140309,0.267030,-0.008436,0.008282,0.090244,-0.001581,0.260682,0.205980,-0.128392,0.988802,1.532168,0.000000,0.000000,0.336157,-0.316917,0.229875,1.024597,0.212271,0.000000,0.000000
-2.550786,-0.064868,1.146522,0.009124,-0.058681,-0.051292,0.996916,-0.145065,0.129658,0.182450,1.309333,-0.304623,0.009762,-0.063411,-0.011244,-0.136065,0.273649,-0.015685,0.007375,0.095085,-0.001785,0.265782,0.204210,-0.135337,0.991723,1.537360,0.000000,0.000000,0.333803,-0.322393,0.234018,1.006743,0.216196,0.000000,0.000000
-2.548773,-0.064820,1.146655,0.009645,-0.059239,-0.052753,0.996802,-0.152124,0.128703,0.185153,1.302136,-0.304380,0.008575,-0.062531,-0.012166,-0.131944,0.278954,-0.022257,0.006366,0.099232,-0.001902,0.269963,0.203821,-0.142777,0.994695,1.543646,0.000000,0.000000,0.331527,-0.328048,0.236644,0.987428,0.221309,0.000000,0.000000
-2.546468,-0.064413,1.146777,0.010698,-0.059479,-0.055365,0.996636,-0.158930,0.126466,0.189120,1.292500,-0.303186,0.006710,-0.061658,-0.014401,-0.130278,0.282946,-0.029465,0.005431,0.105616,-0.002096,0.273795,0.202676,-0.150258,0.996727,1.548488,0.000000,0.000000,0.331252,-0.333515,0.238497,0.968396,0.229328,0.000000,0.000000
-2.544056,-0.064208,1.146969,0.011482,-0.059803,-0.057010,0.996515,-0.165266,0.124502,0.193071,1.279744,-0.302952,0.004996,-0.060370,-0.016388,-0.126051,0.286335,-0.036465,0.004094,0.111773,-0.002291,0.276451,0.201374,-0.157671,0.997817,1.549781,0.000000,0.000000,0.330947,-0.339625,0.239330,0.947144,0.236822,0.000000,0.000000
-2.541388,-0.063999,1.147212,0.011996,-0.059482,-0.058842,0.996421,-0.171583,0.122788,0.198298,1.262899,-0.302215,0.003085,-0.058935,-0.017977,-0.120863,0.288323,-0.041902,0.002700,0.117764,-0.002470,0.278264,0.200107,-0.162564,0.998486,1.549671,0.000000,0.000000,0.330671,-0.346267,0.239158,0.923397,0.243205,0.000000,0.000000
-2.538851,-0.064052,1.147460,0.012442,-0.059114,-0.061699,0.996265,-0.177124,0.121926,0.205302,1.243822,-0.302127,0.001056,-0.057543,-0.018919,-0.116385,0.288497,-0.046957,0.001610,0.124021,-0.002663,0.279518,0.198634,-0.164056,0.998899,1.548411,0.000000,0.000000,0.329643,-0.352491,0.238855,0.899187,0.247760,0.000000,0.000000
-2.536191,-0.064050,1.147715,0.012432,-0.058319,-0.062594,0.996256,-0.182540,0.121284,0.210737,1.221167,-0.300967,-0.000487,-0.055953,-0.019076,-0.112066,0.287391,-0.050704,0.000765,0.128943,-0.002790,0.279482,0.197742,-0.166939,0.999162,1.545681,0.000000,0.000000,0.328897,-0.357692,0.238826,0.875533,0.253671,0.000000,0.000000
-2.533537,-0.064344,1.147964,0.012649,-0.057349,-0.065175,0.996144,-0.187511,0.121306,0.218529,1.195087,-0.299340,-0.002356,-0.054330,-0.019185,-0.108290,0.285164,-0.053212,0.000025,0.134121,-0.002964,0.279074,0.196564,-0.167124,0.999521,1.543540,0.000000,0.000000,0.327405,-0.363283,0.239744,0.851410,0.258196,0.000000,0.000000
-2.531032,-0.064298,1.148192,0.012271,-0.056174,-0.065300,0.996208,-0.192448,0.120733,0.223517,1.165607,-0.297977,-0.003672,-0.052619,-0.018555,-0.104979,0.281976,-0.054775,-0.000424,0.137609,-0.003065,0.277412,0.197079,-0.167273,0.999472,1.541086,0.000000,0.000000,0.324711,-0.368565,0.238683,0.828089,0.261830,0.000000,0.000000
-2.528374,-0.064142,1.148397,0.012205,-0.054707,-0.066324,0.996222,-0.196850,0.119560,0.228989,1.134070,-0.295822,-0.005230,-0.051009,-0.018441,-0.103219,0.277832,-0.056164,-0.000741,0.141140,-0.003217,0.275436,0.197252,-0.167084,0.998789,1.539472,0.000000,0.000000,0.323212,-0.373555,0.238978,0.805437,0.265841,0.000000,0.000000
-2.525594,-0.063800,1.148552,0.012312,-0.053111,-0.067500,0.996229,-0.200596,0.117567,0.234749,1.099853,-0.293059,-0.007016,-0.049515,-0.018820,-0.102860,0.273275,-0.057407,-0.000941,0.144504,-0.003364,0.273578,0.196777,-0.166966,0.996361,1.539805,0.000000,0.000000,0.321141,-0.378408,0.239389,0.783563,0.268371,0.000000,0.000000
-2.522527,-0.063322,1.148651,0.012474,-0.050960,-0.068124,0.996296,-0.204002,0.114755,0.240736,1.060852,-0.290369,-0.008960,-0.048177,-0.019480,-0.103933,0.267800,-0.058710,-0.000967,0.147684,-0.003475,0.271172,0.197213,-0.164860,0.994992,1.541440,0.000000,0.000000,0.318727,-0.383760,0.240249,0.761368,0.270439,0.000000,0.000000
-2.519564,-0.062575,1.148742,0.012872,-0.049340,-0.069472,0.996280,-0.206207,0.111132,0.247422,1.020888,-0.289051,-0.011159,-0.046814,-0.021010,-0.105984,0.263067,-0.060405,-0.001052,0.150932,-0.003614,0.268668,0.197122,-0.162676,0.993331,1.542960,0.000000,0.000000,0.316127,-0.389521,0.241382,0.740304,0.270964,0.000000,0.000000
-2.516282,-0.061687,1.148812,0.013254,-0.046985,-0.069778,0.996367,-0.207941,0.106505,0.253447,0.977709,-0.288053,-0.013335,-0.045736,-0.022758,-0.108700,0.257973,-0.062098,-0.001079,0.153518,-0.003747,0.265902,0.197115,-0.159965,0.990511,1.544610,0.000000,0.000000,0.313587,-0.395672,0.242397,0.720980,0.272406,0.000000,0.000000
-2.513194,-0.060781,1.148894,0.013755,-0.045019,-0.070382,0.996409,-0.208654,0.101319,0.258750,0.932526,-0.286462,-0.015343,-0.044766,-0.024847,-0.112150,0.253575,-0.064127,-0.001063,0.155649,-0.003852,0.262882,0.197347,-0.156488,0.987449,1.544117,0.000000,0.000000,0.310783,-0.401584,0.243929,0.702469,0.272394,0.000000,0.000000
-2.510092,-0.060109,1.148980,0.013820,-0.042973,-0.070320,0.996503,-0.208626,0.096676,0.263955,0.884839,-0.285070,-0.017006,-0.043933,-0.025965,-0.113633,0.249805,-0.065726,-0.001130,0.156477,-0.003884,0.259932,0.198076,-0.151212,0.983031,1.540436,0.000000,0.000000,0.308526,-0.406564,0.246779,0.685157,0.272322,0.000000,0.000000
-2.506963,-0.059274,1.149045,0.013859,-0.040724,-0.070223,0.996603,-0.208010,0.091480,0.268444,0.835424,-0.283187,-0.018507,-0.043403,-0.027048,-0.114966,0.246519,-0.067710,-0.001213,0.156372,-0.003914,0.257373,0.198930,-0.145024,0.978246,1.537996,0.000000,0.000000,0.305080,-0.411803,0.250097,0.667934,0.270391,0.000000,0.000000
-2.504079,-0.058343,1.149079,0.013768,-0.038677,-0.069479,0.996738,-0.206791,0.085816,0.270866,0.784753,-0.279124,-0.019579,-0.043001,-0.028068,-0.116567,0.243987,-0.070022,-0.001233,0.155530,-0.003951,0.254564,0.200334,-0.139163,0.973811,1.535954,0.000000,0.000000,0.300428,-0.416648,0.252915,0.649601,0.265395,0.000000,0.000000
-2.501341,-0.056919,1.149002,0.013498,-0.036438,-0.067852,0.996938,-0.205387,0.078821,0.270869,0.731693,-0.274620,-0.020376,-0.042901,-0.029219,-0.118605,0.241510,-0.072811,-0.001212,0.154155,-0.003981,0.251310,0.202128,-0.136113,0.969340,1.531717,0.000000,0.000000,0.298198,-0.420988,0.259065,0.636198,0.267031,0.000000,0.000000
-2.498482,-0.055407,1.148835,0.013204,-0.033752,-0.066369,0.997137,-0.203699,0.071203,0.270020,0.675239,-0.269852,-0.020973,-0.043327,-0.030409,-0.121103,0.238873,-0.075611,-0.001125,0.151586,-0.003968,0.247306,0.203627,-0.131038,0.964879,1.528869,0.000000,0.000000,0.292897,-0.425334,0.262499,0.621001,0.266375,0.000000,0.000000
-2.495697,-0.053861,1.148622,0.013129,-0.031353,-0.066561,0.997203,-0.201251,0.064067,0.270517,0.621993,-0.266096,-0.021707,-0.044122,-0.032069,-0.123803,0.237208,-0.077975,-0.001121,0.149108,-0.004007,0.243995,0.204755,-0.123001,0.960976,1.529261,0.000000,0.000000,0.286532,-0.429571,0.265678,0.606292,0.262417,0.000000,0.000000
-2.492909,-0.051980,1.148318,0.012867,-0.028868,-0.065307,0.997365,-0.198441,0.056044,0.268307,0.567959,-0.259878,-0.022057,-0.045001,-0.033898,-0.126753,0.235706,-0.080815,-0.001114,0.147183,-0.003986,0.240112,0.205353,-0.118585,0.956904,1.525636,0.000000,0.000000,0.282204,-0.432911,0.269998,0.595298,0.264632,0.000000,0.000000
-2.490152,-0.050228,1.147985,0.012693,-0.026489,-0.063918,0.997523,-0.195170,0.048103,0.265539,0.514660,-0.253303,-0.022232,-0.045827,-0.035901,-0.130151,0.234633,-0.084094,-0.001074,0.144209,-0.003980,0.236060,0.206995,-0.114014,0.952353,1.524044,0.000000,0.000000,0.275820,-0.436079,0.271673,0.583910,0.263935,0.000000,0.000000
-2.487252,-0.048348,1.147566,0.012346,-0.023880,-0.062457,0.997686,-0.191944,0.040509,0.262149,0.464737,-0.246030,-0.022277,-0.046698,-0.037700,-0.133713,0.233447,-0.087585,-0.000957,0.141286,-0.003968,0.232020,0.207460,-0.109112,0.949177,1.520824,0.000000,0.000000,0.270660,-0.438578,0.273429,0.574433,0.263273,0.000000,0.000000
-2.484357,-0.046508,1.147066,0.011869,-0.021666,-0.060465,0.997865,-0.188326,0.033091,0.258569,0.416824,-0.237041,-0.022277,-0.047300,-0.039330,-0.137003,0.232958,-0.091388,-0.000838,0.137984,-0.003897,0.227713,0.208951,-0.107174,0.947129,1.517692,0.000000,0.000000,0.265867,-0.441543,0.277624,0.567057,0.264824,0.000000,0.000000
-2.481214,-0.044984,1.146590,0.011512,-0.019491,-0.059301,0.997983,-0.184428,0.026853,0.256876,0.374687,-0.226785,-0.022497,-0.047652,-0.040836,-0.140556,0.232553,-0.095183,-0.000642,0.134714,-0.003864,0.223311,0.209046,-0.104299,0.944315,1.514593,0.000000,0.000000,0.259645,-0.443488,0.280065,0.559644,0.263133,0.000000,0.000000
-2.477768,-0.043549,1.146119,0.011212,-0.017328,-0.058387,0.998081,-0.180648,0.021449,0.254879,0.339117,-0.216783,-0.022673,-0.047713,-0.042283,-0.143733,0.232008,-0.098898,-0.000499,0.131737,-0.003780,0.219612,0.209360,-0.102348,0.942494,1.512595,0.000000,0.000000,0.254662,-0.444608,0.283602,0.555346,0.262902,0.000000,0.000000
-2.474212,-0.042492,1.145679,0.010597,-0.015457,-0.056989,0.998199,-0.176771,0.017011,0.253918,0.307936,-0.206339,-0.022918,-0.047266,-0.043103,-0.146433,0.231514,-0.102836,-0.000271,0.128904,-0.003710,0.215798,0.210782,-0.100337,0.940803,1.510801,0.000000,0.000000,0.250173,-0.445589,0.287461,0.552986,0.264177,0.000000,0.000000
-2.470480,-0.041456,1.145219,0.009966,-0.013612,-0.055376,0.998323,-0.173046,0.013008,0.253698,0.281804,-0.194779,-0.023337,-0.046498,-0.043696,-0.149308,0.231131,-0.106791,0.000044,0.125750,-0.003683,0.212075,0.211517,-0.099202,0.939382,1.509007,0.000000,0.000000,0.244938,-0.446300,0.290212,0.550521,0.263627,0.000000,0.000000
-2.466640,-0.040573,1.144797,0.009238,-0.012263,-0.053416,0.998454,-0.169760,0.010022,0.254169,0.263613,-0.182910,-0.023871,-0.045391,-0.044053,-0.151200,0.231284,-0.110333,0.000258,0.122628,-0.003595,0.209126,0.212254,-0.099909,0.938593,1.507214,0.000000,0.000000,0.240922,-0.446527,0.292947,0.549596,0.263219,0.000000,0.000000
-2.462631,-0.039694,1.144317,0.008283,-0.010852,-0.050654,0.998623,-0.165751,0.006685,0.255608,0.245422,-0.165298,-0.024781,-0.043663,-0.044184,-0.153938,0.231546,-0.115055,0.000665,0.118439,-0.003481,0.204899,0.213774,-0.101999,0.938042,1.505141,0.000000,0.000000,0.235801,-0.446517,0.294625,0.549554,0.262524,0.000000,0.000000
-2.458580,-0.038852,1.143856,0.007691,-0.009553,-0.049552,0.998696,-0.161267,0.003273,0.258693,0.230040,-0.143814,-0.026193,-0.041793,-0.044631,-0.157100,0.232304,-0.119948,0.001050,0.114450,-0.003413,0.200224,0.215374,-0.101987,0.937454,1.504666,0.000000,0.000000,0.229210,-0.446107,0.293652,0.548950,0.257399,0.000000,0.000000
-2.454544,-0.038133,1.143384,0.006168,-0.008558,-0.046643,0.998856,-0.156910,0.001394,0.260120,0.219854,-0.120797,-0.027163,-0.039752,-0.044068,-0.160414,0.234045,-0.124909,0.001733,0.110331,-0.003244,0.196046,0.217574,-0.105648,0.937464,1.503467,0.000000,0.000000,0.225807,-0.444032,0.294786,0.552150,0.257493,0.000000,0.000000
-2.451008,-0.037366,1.142838,0.004703,-0.007810,-0.045267,0.998933,-0.152966,0.000650,0.261314,0.214371,-0.100378,-0.027967,-0.038078,-0.043301,-0.162850,0.236686,-0.129222,0.002318,0.106688,-0.003132,0.192204,0.219755,-0.108121,0.937766,1.503126,0.000000,0.000000,0.222130,-0.441964,0.295393,0.555861,0.255911,0.000000,0.000000
-2.447414,-0.037126,1.142421,0.003858,-0.006280,-0.042576,0.999066,-0.149832,0.000419,0.262240,0.209397,-0.086311,-0.028540,-0.037027,-0.042366,-0.164162,0.239106,-0.133258,0.002760,0.103171,-0.003026,0.187980,0.221686,-0.111517,0.938094,1.502676,0.000000,0.000000,0.218498,-0.439747,0.295057,0.560234,0.254625,0.000000,0.000000
-2.444106,-0.036401,1.141872,0.003173,-0.004956,-0.041638,0.999115,-0.147182,0.000129,0.262738,0.203637,-0.082971,-0.028829,-0.036764,-0.041993,-0.165178,0.241719,-0.136634,0.003008,0.100778,-0.002983,0.184205,0.222866,-0.113510,0.938651,1.502730,0.000000,0.000000,0.215130,-0.437868,0.294003,0.565244,0.252960,0.000000,0.000000
-2.440695,-0.035829,1.141243,0.002071,-0.003579,-0.040402,0.999175,-0.142961,0.000317,0.262973,0.193789,-0.085113,-0.028769,-0.036946,-0.041186,-0.167291,0.246659,-0.141416,0.003555,0.097427,-0.002874,0.178463,0.224376,-0.115983,0.939775,1.503130,0.000000,0.000000,0.209927,-0.434817,0.291482,0.573247,0.249560,0.000000,0.000000
-2.437317,-0.035610,1.140710,0.000846,-0.002347,-0.039330,0.999223,-0.137952,0.001348,0.262310,0.182574,-0.089928,-0.028139,-0.037519,-0.039833,-0.169345,0.252985,-0.146297,0.004246,0.093953,-0.002758,0.172455,0.226105,-0.118334,0.940919,1.503128,0.000000,0.000000,0.204652,-0.430435,0.289332,0.583323,0.246028,0.000000,0.000000
-2.434022,-0.035547,1.140345,-0.000515,-0.001078,-0.037555,0.999294,-0.132520,0.002728,0.259098,0.170387,-0.094898,-0.026872,-0.038350,-0.037778,-0.171312,0.260203,-0.150909,0.005122,0.089982,-0.002592,0.166110,0.228819,-0.120546,0.942669,1.503293,0.000000,0.000000,0.199561,-0.425143,0.286633,0.595211,0.242781,0.000000,0.000000
-2.430926,-0.035434,1.140197,-0.002110,-0.000070,-0.034735,0.999394,-0.127158,0.004200,0.251762,0.157938,-0.099921,-0.024853,-0.039202,-0.034855,-0.172278,0.268202,-0.155354,0.006071,0.084757,-0.002448,0.159419,0.231859,-0.123703,0.944198,1.502399,0.000000,0.000000,0.192908,-0.420176,0.281874,0.606462,0.237485,0.000000,0.000000
-2.427567,-0.035137,1.140315,-0.003082,0.000950,-0.031720,0.999492,-0.122509,0.005021,0.240540,0.146772,-0.103108,-0.022442,-0.040031,-0.032691,-0.173955,0.276628,-0.159532,0.006951,0.079166,-0.002273,0.153445,0.234676,-0.127920,0.945504,1.500792,0.000000,0.000000,0.188353,-0.415200,0.278388,0.619177,0.234551,0.000000,0.000000
-2.424185,-0.034413,1.140638,-0.003564,0.001388,-0.029095,0.999569,-0.118494,0.004986,0.228028,0.138400,-0.103679,-0.020182,-0.040763,-0.031812,-0.175952,0.286519,-0.162573,0.007573,0.073698,-0.002112,0.147834,0.236784,-0.132363,0.947395,1.498592,0.000000,0.000000,0.184426,-0.411150,0.275081,0.632700,0.232795,0.000000,0.000000
-2.420655,-0.033209,1.141114,-0.003578,0.001011,-0.026590,0.999640,-0.115067,0.003710,0.215960,0.135216,-0.102411,-0.018469,-0.041190,-0.032445,-0.176866,0.298222,-0.165593,0.007643,0.068577,-0.001934,0.143701,0.238201,-0.136951,0.948816,1.495661,0.000000,0.000000,0.181462,-0.407117,0.270404,0.646527,0.231776,0.000000,0.000000
-2.417056,-0.031791,1.141727,-0.003385,0.000512,-0.023782,0.999711,-0.112052,0.001449,0.203746,0.135612,-0.101489,-0.017090,-0.041700,-0.034231,-0.178563,0.312928,-0.168050,0.007592,0.063997,-0.001767,0.140459,0.239129,-0.143205,0.950108,1.491487,0.000000,0.000000,0.181169,-0.403278,0.265267,0.664709,0.233429,0.000000,0.000000
-2.413735,-0.030312,1.142435,-0.003172,-0.000518,-0.021113,0.999772,-0.109294,-0.000924,0.192358,0.138919,-0.102525,-0.015930,-0.042497,-0.036632,-0.181830,0.329911,-0.169175,0.007696,0.060247,-0.001605,0.137666,0.240105,-0.150015,0.951814,1.487464,0.000000,0.000000,0.181367,-0.400571,0.257344,0.682329,0.234378,0.000000,0.000000
-2.410334,-0.028736,1.143156,-0.003015,-0.001453,-0.017913,0.999834,-0.106578,-0.003446,0.180532,0.143907,-0.105614,-0.014753,-0.043865,-0.039386,-0.185091,0.349483,-0.169159,0.007756,0.056350,-0.001381,0.134685,0.240505,-0.156386,0.953125,1.484880,0.000000,0.000000,0.182819,-0.395733,0.246738,0.700342,0.235912,0.000000,0.000000
-2.406978,-0.026869,1.143775,-0.003048,-0.002585,-0.014576,0.999886,-0.103834,-0.005811,0.170562,0.149436,-0.109911,-0.013823,-0.045788,-0.042530,-0.190317,0.371233,-0.166437,0.008109,0.052688,-0.001150,0.132462,0.240676,-0.163173,0.955971,1.482439,0.000000,0.000000,0.186577,-0.390653,0.236176,0.717291,0.237913,0.000000,0.000000
-2.403643,-0.024908,1.144316,-0.003150,-0.003746,-0.011366,0.999923,-0.100781,-0.007975,0.163564,0.154287,-0.115558,-0.013295,-0.048493,-0.046086,-0.196962,0.394947,-0.162417,0.008655,0.048999,-0.000899,0.129863,0.241091,-0.168221,0.958145,1.481351,0.000000,0.000000,0.191098,-0.385421,0.225491,0.732973,0.238170,0.000000,0.000000
-2.400306,-0.023004,1.144792,-0.003515,-0.004952,-0.007920,0.999950,-0.097050,-0.009689,0.158296,0.157894,-0.122168,-0.012900,-0.052145,-0.049623,-0.204806,0.421849,-0.155691,0.009514,0.044321,-0.000637,0.127643,0.242592,-0.172144,0.960901,1.482226,0.000000,0.000000,0.196081,-0.380312,0.213973,0.748041,0.237150,0.000000,0.000000
-2.397311,-0.020816,1.145197,-0.003535,-0.006409,-0.005323,0.999959,-0.092167,-0.012081,0.153822,0.158832,-0.129781,-0.012748,-0.057973,-0.054739,-0.213623,0.454034,-0.145053,0.010229,0.039921,-0.000428,0.125921,0.242324,-0.174330,0.963275,1.484200,0.000000,0.000000,0.202115,-0.373572,0.203092,0.764495,0.235295,0.000000,0.000000
-2.393703,-0.019288,1.145805,-0.004496,-0.007775,-0.002357,0.999957,-0.087320,-0.012509,0.148951,0.159372,-0.135284,-0.012053,-0.062536,-0.057338,-0.218446,0.482277,-0.131379,0.010926,0.034615,-0.000182,0.125596,0.243289,-0.176493,0.965934,1.482615,0.000000,0.000000,0.208226,-0.368885,0.198272,0.778889,0.238940,0.000000,0.000000
-2.390085,-0.017878,1.146419,-0.005736,-0.009626,0.000381,0.999937,-0.081081,-0.011944,0.141264,0.158639,-0.140709,-0.010699,-0.067795,-0.059047,-0.221288,0.514581,-0.111307,0.011624,0.027799,0.000054,0.126145,0.244402,-0.177426,0.968520,1.477739,0.000000,0.000000,0.214297,-0.363629,0.196320,0.794132,0.243303,0.000000,0.000000
-2.386913,-0.016147,1.146903,-0.006535,-0.011843,0.001746,0.999907,-0.073543,-0.012354,0.135875,0.154430,-0.145871,-0.009946,-0.074838,-0.062281,-0.224349,0.549802,-0.086953,0.012000,0.020843,0.000317,0.126694,0.246748,-0.173126,0.968525,1.479667,0.000000,0.000000,0.219675,-0.358202,0.197244,0.809448,0.244508,0.000000,0.000000
-2.383633,-0.014605,1.147535,-0.007767,-0.013654,0.003825,0.999869,-0.066354,-0.012455,0.133819,0.150313,-0.152744,-0.009595,-0.081704,-0.064703,-0.227316,0.583088,-0.062225,0.012630,0.013120,0.000528,0.128692,0.248623,-0.168077,0.967215,1.480855,0.000000,0.000000,0.224338,-0.353078,0.200012,0.824152,0.245317,0.000000,0.000000
-2.379696,-0.013828,1.148734,-0.008872,-0.015662,0.004420,0.999828,-0.059659,-0.010663,0.119133,0.149967,-0.154542,-0.006895,-0.086704,-0.065895,-0.227155,0.611938,-0.036716,0.012905,0.008082,0.000662,0.131878,0.250025,-0.167178,0.965719,1.478536,0.000000,0.000000,0.230435,-0.348174,0.208601,0.837261,0.245897,0.000000,0.000000
-2.376897,-0.012140,1.149447,-0.010620,-0.018796,0.008072,0.999734,-0.052419,-0.009283,0.109008,0.150143,-0.155585,-0.005090,-0.092557,-0.067701,-0.229409,0.645164,-0.002224,0.013601,-0.000885,0.000886,0.136603,0.252664,-0.167411,0.962966,1.475189,0.000000,0.000000,0.236066,-0.343487,0.219625,0.852613,0.243999,0.000000,0.000000
-2.373656,-0.010259,1.150110,-0.011495,-0.020536,0.009276,0.999680,-0.046029,-0.009850,0.103622,0.147211,-0.157937,-0.004440,-0.098829,-0.071420,-0.232995,0.673307,0.032801,0.013962,-0.008248,0.001099,0.141163,0.253706,-0.164365,0.959628,1.475108,0.000000,0.000000,0.239968,-0.340081,0.228781,0.865951,0.236874,0.000000,0.000000
-2.370536,-0.008395,1.150734,-0.012487,-0.022588,0.011321,0.999603,-0.040009,-0.010474,0.098287,0.146027,-0.159702,-0.003794,-0.104828,-0.075442,-0.237409,0.700063,0.069112,0.014412,-0.015058,0.001254,0.145612,0.254977,-0.161449,0.955523,1.475709,0.000000,0.000000,0.244350,-0.336485,0.235914,0.878573,0.228841,0.000000,0.000000
-2.367234,-0.007055,1.151605,-0.013908,-0.024374,0.014247,0.999505,-0.035241,-0.009749,0.093230,0.147730,-0.161940,-0.002870,-0.109355,-0.077397,-0.240253,0.721751,0.099862,0.015015,-0.021220,0.001465,0.148689,0.256876,-0.161339,0.951197,1.476820,0.000000,0.000000,0.250008,-0.333364,0.241081,0.888463,0.222525,0.000000,0.000000
-2.364298,-0.005409,1.152432,-0.015271,-0.026191,0.017526,0.999387,-0.030751,-0.009201,0.086021,0.149667,-0.164246,-0.001663,-0.114161,-0.079518,-0.242470,0.742171,0.130914,0.015395,-0.027544,0.001673,0.153103,0.258651,-0.164032,0.947469,1.475335,0.000000,0.000000,0.257103,-0.329796,0.247553,0.898859,0.216070,0.000000,0.000000
-2.361679,-0.003486,1.153198,-0.016413,-0.028278,0.020539,0.999254,-0.026441,-0.009224,0.079712,0.152405,-0.167162,-0.000735,-0.119031,-0.082618,-0.245330,0.760131,0.155710,0.015577,-0.033472,0.001830,0.157209,0.260260,-0.166579,0.943741,1.474250,0.000000,0.000000,0.263870,-0.326363,0.252934,0.908325,0.207553,0.000000,0.000000
-2.359218,-0.001495,1.153895,-0.017337,-0.030106,0.022781,0.999137,-0.022807,-0.009716,0.073919,0.154445,-0.170036,0.000011,-0.123756,-0.085861,-0.248535,0.773081,0.166980,0.015694,-0.037820,0.001980,0.160667,0.261666,-0.168124,0.940362,1.473907,0.000000,0.000000,0.270375,-0.323067,0.257354,0.916579,0.199295,0.000000,0.000000
-2.356685,0.000692,1.154448,-0.018335,-0.031788,0.024771,0.999019,-0.019195,-0.010393,0.068587,0.156417,-0.173132,0.000648,-0.128820,-0.089596,-0.252047,0.784429,0.167994,0.015712,-0.042054,0.002123,0.164284,0.263206,-0.169428,0.936611,1.473717,0.000000,0.000000,0.276794,-0.320027,0.261554,0.924123,0.188733,0.000000,0.000000
-2.354074,0.002661,1.154843,-0.019288,-0.033578,0.026696,0.998893,-0.015390,-0.010967,0.063482,0.158953,-0.176502,0.001276,-0.134327,-0.093422,-0.255161,0.794659,0.160225,0.015612,-0.046229,0.002264,0.168020,0.265185,-0.170642,0.933194,1.473994,0.000000,0.000000,0.284475,-0.317159,0.266238,0.932188,0.177572,0.000000,0.000000
-2.351671,0.004842,1.154870,-0.019705,-0.036000,0.027143,0.998789,-0.010634,-0.012432,0.058947,0.161292,-0.180724,0.001599,-0.141072,-0.099065,-0.259442,0.807814,0.146090,0.015298,-0.050608,0.002344,0.173617,0.266964,-0.172321,0.929204,1.473677,0.000000,0.000000,0.292196,-0.314922,0.272346,0.941432,0.161460,0.000000,0.000000
-2.348554,0.006329,1.155257,-0.020570,-0.037156,0.028587,0.998689,-0.007358,-0.012813,0.056496,0.163927,-0.183749,0.001874,-0.146303,-0.102497,-0.263036,0.815056,0.137431,0.015437,-0.054233,0.002494,0.177075,0.268923,-0.170865,0.926111,1.475454,0.000000,0.000000,0.298777,-0.312631,0.272210,0.948322,0.153255,0.000000,0.000000
-2.345963,0.007852,1.155613,-0.021957,-0.038792,0.030805,0.998531,-0.004036,-0.012334,0.054154,0.168177,-0.187317,0.002342,-0.152083,-0.105278,-0.267827,0.821546,0.130463,0.016110,-0.058587,0.002650,0.181390,0.271180,-0.170098,0.923307,1.476522,0.000000,0.000000,0.306547,-0.309647,0.271071,0.955534,0.145795,0.000000,0.000000
-2.343993,0.009376,1.155710,-0.022968,-0.040370,0.032438,0.998394,-0.001163,-0.012112,0.050819,0.172181,-0.191335,0.002898,-0.158551,-0.107776,-0.273847,0.826608,0.123539,0.017169,-0.063110,0.002807,0.186156,0.273668,-0.170307,0.920720,1.476944,0.000000,0.000000,0.314171,-0.306060,0.268898,0.963015,0.141381,0.000000,0.000000
-2.342037,0.010531,1.155893,-0.024170,-0.041303,0.035562,0.998221,0.000931,-0.011356,0.046514,0.176412,-0.194658,0.003740,-0.165470,-0.109000,-0.280636,0.827888,0.115334,0.018805,-0.068746,0.002992,0.189557,0.276526,-0.170013,0.918859,1.477073,0.000000,0.000000,0.321130,-0.302331,0.264176,0.970555,0.139519,0.000000,0.000000
-2.339856,0.011653,1.156035,-0.024836,-0.042181,0.036431,0.998137,0.002694,-0.011193,0.043362,0.180092,-0.197776,0.004257,-0.171734,-0.109878,-0.285754,0.826054,0.110330,0.020085,-0.072816,0.003088,0.192633,0.278174,-0.168848,0.917686,1.477434,0.000000,0.000000,0.326957,-0.299197,0.260363,0.977240,0.139489,0.000000,0.000000
-2.337869,0.012550,1.156168,-0.025598,-0.043109,0.037525,0.998037,0.004381,-0.010918,0.040191,0.183713,-0.200822,0.004806,-0.178030,-0.109973,-0.290372,0.821207,0.106085,0.021465,-0.076581,0.003191,0.194641,0.280350,-0.166646,0.916082,1.479282,0.000000,0.000000,0.331861,-0.296627,0.255094,0.983690,0.141571,0.000000,0.000000
-2.335792,0.013152,1.156310,-0.026448,-0.043473,0.039074,0.997940,0.005747,-0.010165,0.037208,0.187231,-0.203503,0.005446,-0.184678,-0.108862,-0.295016,0.812306,0.102874,0.023209,-0.080815,0.003296,0.197479,0.281543,-0.164120,0.915826,1.478578,0.000000,0.000000,0.336288,-0.293372,0.248561,0.990117,0.144510,0.000000,0.000000
-2.333790,0.013814,1.156384,-0.027183,-0.044003,0.040269,0.997849,0.006822,-0.009583,0.034414,0.190723,-0.206077,0.006016,-0.190368,-0.107413,-0.299593,0.801583,0.101402,0.024952,-0.084104,0.003356,0.199391,0.281762,-0.162755,0.915447,1.478156,0.000000,0.000000,0.339689,-0.290276,0.243352,0.996376,0.146974,0.000000,0.000000
-2.331738,0.014065,1.156464,-0.027748,-0.044300,0.041566,0.997767,0.007706,-0.008761,0.031174,0.194390,-0.208631,0.006716,-0.196322,-0.104993,-0.303045,0.786437,0.100042,0.026669,-0.087764,0.003486,0.201887,0.283536,-0.160811,0.915183,1.476874,0.000000,0.000000,0.343660,-0.287678,0.236988,1.003741,0.154358,0.000000,0.000000
-2.329536,0.014274,1.156409,-0.028283,-0.044391,0.042839,0.997695,0.008331,-0.007815,0.028166,0.198446,-0.211576,0.007411,-0.202027,-0.101844,-0.306755,0.768262,0.099368,0.028584,-0.091452,0.003595,0.203349,0.286230,-0.157237,0.913780,1.476964,0.000000,0.000000,0.346160,-0.286448,0.227251,1.010505,0.164134,0.000000,0.000000
-2.327367,0.014538,1.156255,-0.028887,-0.044777,0.043877,0.997615,0.008796,-0.006901,0.026145,0.202848,-0.214376,0.007943,-0.206714,-0.098603,-0.309839,0.749874,0.099599,0.030292,-0.094257,0.003679,0.205051,0.287942,-0.155215,0.913474,1.477112,0.000000,0.000000,0.348766,-0.285103,0.220962,1.015334,0.170507,0.000000,0.000000
-2.325047,0.014758,1.156044,-0.029274,-0.045092,0.044462,0.997563,0.009277,-0.006266,0.024041,0.207194,-0.217741,0.008421,-0.210806,-0.095303,-0.312263,0.730528,0.100904,0.031796,-0.096020,0.003699,0.206986,0.288202,-0.154166,0.913720,1.476118,0.000000,0.000000,0.351507,-0.283538,0.217174,1.019627,0.173553,0.000000,0.000000
-2.322554,0.014901,1.155793,-0.029601,-0.045165,0.045292,0.997513,0.009740,-0.005491,0.022799,0.212103,-0.222127,0.008797,-0.214944,-0.091500,-0.314788,0.707020,0.103596,0.033396,-0.098435,0.003723,0.209389,0.288489,-0.153165,0.914853,1.473528,0.000000,0.000000,0.354096,-0.282274,0.211671,1.024369,0.178230,0.000000,0.000000
-2.319997,0.014995,1.155509,-0.029862,-0.045437,0.045586,0.997480,0.010259,-0.004650,0.022448,0.218036,-0.226092,0.009054,-0.218402,-0.087657,-0.316837,0.682573,0.107300,0.034807,-0.100092,0.003776,0.211043,0.288860,-0.152879,0.916096,1.472445,0.000000,0.000000,0.356651,-0.281449,0.207736,1.028527,0.182346,0.000000,0.000000
-2.317436,0.015048,1.155194,-0.030122,-0.045567,0.045548,0.997468,0.010594,-0.003727,0.023314,0.224465,-0.230134,0.009139,-0.221329,-0.083575,-0.318539,0.656530,0.111839,0.036139,-0.100783,0.003790,0.212463,0.289476,-0.151685,0.916463,1.473495,0.000000,0.000000,0.359240,-0.280649,0.205107,1.031769,0.183586,0.000000,0.000000
-2.314818,0.015088,1.154832,-0.030238,-0.045560,0.045845,0.997451,0.010621,-0.002953,0.024059,0.231089,-0.234810,0.009206,-0.223816,-0.079525,-0.320371,0.629028,0.117273,0.037414,-0.101527,0.003798,0.214862,0.289446,-0.151873,0.917492,1.473493,0.000000,0.000000,0.361735,-0.280188,0.201715,1.034535,0.185681,0.000000,0.000000
-2.312007,0.015542,1.154343,-0.029252,-0.046052,0.044690,0.997510,0.010931,-0.003973,0.027078,0.239132,-0.240508,0.008465,-0.225592,-0.077524,-0.320243,0.600473,0.122626,0.037515,-0.100340,0.003724,0.216635,0.288466,-0.152408,0.917952,1.475443,0.000000,0.000000,0.364512,-0.281308,0.198757,1.036444,0.185991,0.000000,0.000000
-2.308902,0.015456,1.153883,-0.028606,-0.046696,0.044376,0.997513,0.011361,-0.004503,0.029798,0.247741,-0.246927,0.007900,-0.226686,-0.075332,-0.318453,0.574384,0.129350,0.037327,-0.099278,0.003724,0.220192,0.286080,-0.154265,0.919481,1.475482,0.000000,0.000000,0.368433,-0.281549,0.196955,1.037578,0.184898,0.000000,0.000000
-2.305884,0.015643,1.153291,-0.027851,-0.047505,0.043784,0.997522,0.011850,-0.005330,0.033495,0.258331,-0.254224,0.007102,-0.227399,-0.073353,-0.316563,0.545211,0.137164,0.036992,-0.097259,0.003698,0.223428,0.285113,-0.156961,0.920159,1.477582,0.000000,0.000000,0.373288,-0.282673,0.196074,1.037767,0.182954,0.000000,0.000000
-2.302829,0.015714,1.152611,-0.026964,-0.048068,0.042769,0.997564,0.012083,-0.006222,0.038027,0.269220,-0.261417,0.006152,-0.227763,-0.071350,-0.314562,0.515294,0.145367,0.036621,-0.094744,0.003660,0.226355,0.284669,-0.158771,0.919971,1.481164,0.000000,0.000000,0.377886,-0.284260,0.193916,1.036716,0.180981,0.000000,0.000000
-2.299706,0.015932,1.151762,-0.026125,-0.048799,0.041156,0.997618,0.012266,-0.007211,0.043896,0.281324,-0.268901,0.004956,-0.227725,-0.069353,-0.312638,0.485158,0.153362,0.036230,-0.091406,0.003557,0.230015,0.283360,-0.161503,0.920853,1.483088,0.000000,0.000000,0.382808,-0.286200,0.191734,1.034945,0.180621,0.000000,0.000000
-2.296638,0.015914,1.150808,-0.025360,-0.049389,0.040041,0.997654,0.012318,-0.007938,0.049626,0.293294,-0.276681,0.003843,-0.227414,-0.067005,-0.310405,0.454885,0.162092,0.035854,-0.088176,0.003524,0.233241,0.282567,-0.165384,0.921406,1.485590,0.000000,0.000000,0.387501,-0.288144,0.189954,1.032142,0.181359,0.000000,0.000000
-2.293507,0.015831,1.149740,-0.024312,-0.049705,0.039209,0.997698,0.012230,-0.008782,0.054192,0.304164,-0.284030,0.002883,-0.226928,-0.065039,-0.308605,0.426230,0.171756,0.035520,-0.084900,0.003463,0.235709,0.281912,-0.168289,0.921443,1.489000,0.000000,0.000000,0.391710,-0.289975,0.186856,1.028558,0.181431,0.000000,0.000000
-2.290323,0.015749,1.148512,-0.023280,-0.050104,0.038365,0.997735,0.012110,-0.009685,0.058749,0.315429,-0.292014,0.001903,-0.226178,-0.063175,-0.307010,0.396619,0.183030,0.035186,-0.081279,0.003351,0.238055,0.281224,-0.171185,0.921260,1.492405,0.000000,0.000000,0.396294,-0.291747,0.183559,1.024524,0.181577,0.000000,0.000000
-2.287037,0.015611,1.147129,-0.022226,-0.050653,0.037287,0.997772,0.012061,-0.010539,0.063619,0.327183,-0.300089,0.000876,-0.225001,-0.061319,-0.305555,0.366827,0.195840,0.034898,-0.077112,0.003263,0.240408,0.280568,-0.174967,0.920927,1.495580,0.000000,0.000000,0.401454,-0.293692,0.181709,1.020209,0.181709,0.000000,0.000000
-2.283517,0.015376,1.145673,-0.021138,-0.051029,0.035750,0.997833,0.012082,-0.011332,0.068465,0.339117,-0.308326,-0.000139,-0.223559,-0.059331,-0.304015,0.336978,0.210057,0.034654,-0.072677,0.003189,0.242920,0.279541,-0.178336,0.920146,1.498749,0.000000,0.000000,0.406669,-0.295511,0.180314,1.014782,0.182171,0.000000,0.000000
-2.279996,0.015113,1.144112,-0.019925,-0.051580,0.034504,0.997874,0.012156,-0.012148,0.073132,0.351513,-0.316913,-0.001139,-0.221669,-0.057521,-0.302801,0.307401,0.225646,0.034457,-0.068204,0.003089,0.245952,0.278620,-0.181456,0.919696,1.502028,0.000000,0.000000,0.411712,-0.297365,0.178004,1.009547,0.182128,0.000000,0.000000
-2.276407,0.014925,1.142452,-0.018678,-0.052081,0.033308,0.997912,0.012191,-0.013015,0.077613,0.364318,-0.325956,-0.002128,-0.219340,-0.055962,-0.301983,0.278144,0.242633,0.034310,-0.063535,0.002969,0.248628,0.277882,-0.184784,0.919356,1.504792,0.000000,0.000000,0.416842,-0.299514,0.175083,1.003529,0.182803,0.000000,0.000000
-2.272764,0.014721,1.140692,-0.017311,-0.052684,0.031649,0.997959,0.012271,-0.013980,0.081651,0.376667,-0.334834,-0.003071,-0.216871,-0.054581,-0.301369,0.251503,0.259847,0.034243,-0.058592,0.002850,0.250640,0.277392,-0.187997,0.918717,1.507576,0.000000,0.000000,0.421833,-0.301657,0.172965,0.997726,0.184141,0.000000,0.000000
-2.268992,0.014565,1.138865,-0.016049,-0.053136,0.030460,0.997994,0.012295,-0.014955,0.086315,0.390784,-0.345212,-0.004134,-0.213777,-0.053139,-0.300890,0.222023,0.279577,0.034202,-0.053142,0.002731,0.253165,0.276694,-0.191301,0.918103,1.510550,0.000000,0.000000,0.427082,-0.303729,0.169647,0.990828,0.184696,0.000000,0.000000
-2.265093,0.014483,1.136908,-0.014751,-0.053498,0.029593,0.998020,0.012211,-0.015887,0.090122,0.403846,-0.354533,-0.005041,-0.210722,-0.051997,-0.300716,0.195901,0.297507,0.034201,-0.048432,0.002643,0.254961,0.276261,-0.194218,0.917704,1.513412,0.000000,0.000000,0.431676,-0.305902,0.166196,0.984560,0.184958,0.000000,0.000000
-2.261154,0.014371,1.134818,-0.013639,-0.054125,0.029051,0.998018,0.012089,-0.016520,0.093530,0.417978,-0.364429,-0.005816,-0.207241,-0.050764,-0.300578,0.169781,0.315585,0.034236,-0.043707,0.002544,0.256838,0.276279,-0.197640,0.916988,1.516045,0.000000,0.000000,0.436522,-0.307647,0.163398,0.978203,0.185769,0.000000,0.000000
-2.257031,0.014445,1.132571,-0.012411,-0.054639,0.028782,0.998014,0.011865,-0.017152,0.096858,0.432773,-0.373928,-0.006591,-0.203444,-0.049947,-0.300998,0.144089,0.332867,0.034275,-0.039641,0.002429,0.258866,0.276369,-0.199200,0.916397,1.519235,0.000000,0.000000,0.441060,-0.310109,0.156757,0.971449,0.188471,0.000000,0.000000
-2.252847,0.014512,1.130225,-0.011155,-0.054984,0.028191,0.998027,0.011507,-0.017860,0.100235,0.447649,-0.383267,-0.007404,-0.199510,-0.049170,-0.301509,0.118877,0.349371,0.034309,-0.035352,0.002322,0.260541,0.275879,-0.200243,0.915882,1.523432,0.000000,0.000000,0.445899,-0.312597,0.151183,0.964031,0.189518,0.000000,0.000000
-2.248658,0.014551,1.127834,-0.009920,-0.055231,0.027782,0.998038,0.010974,-0.018455,0.103829,0.462717,-0.392507,-0.008234,-0.195604,-0.048370,-0.302025,0.094438,0.364720,0.034346,-0.030896,0.002249,0.262070,0.275064,-0.201346,0.915551,1.527601,0.000000,0.000000,0.450739,-0.314864,0.147067,0.957047,0.188548,0.000000,0.000000
-2.244513,0.014723,1.125442,-0.008643,-0.055854,0.027687,0.998018,0.010451,-0.019099,0.106967,0.478428,-0.401850,-0.009009,-0.191552,-0.047918,-0.302972,0.072074,0.378666,0.034372,-0.026691,0.002151,0.263343,0.274474,-0.202874,0.915805,1.531195,0.000000,0.000000,0.455582,-0.317078,0.144472,0.951016,0.187203,0.000000,0.000000
-2.240203,0.014971,1.122985,-0.007123,-0.056284,0.027424,0.998013,0.009918,-0.019954,0.109931,0.493147,-0.410362,-0.009813,-0.187981,-0.047861,-0.304236,0.053344,0.390372,0.034396,-0.023059,0.002059,0.264806,0.273601,-0.202821,0.915752,1.534489,0.000000,0.000000,0.459673,-0.319308,0.140726,0.944839,0.185748,0.000000,0.000000
-2.235921,0.015166,1.120461,-0.005587,-0.056923,0.026936,0.997999,0.009326,-0.020991,0.113544,0.510720,-0.420487,-0.010803,-0.183996,-0.047893,-0.305774,0.034143,0.403094,0.034444,-0.018978,0.001944,0.266542,0.272267,-0.201196,0.915741,1.538635,0.000000,0.000000,0.464193,-0.321937,0.135322,0.937993,0.184030,0.000000,0.000000
-2.231754,0.015319,1.117870,-0.004212,-0.057715,0.026957,0.997960,0.008747,-0.021716,0.116505,0.527001,-0.429441,-0.011598,-0.180475,-0.048010,-0.307224,0.019229,0.413625,0.034515,-0.015580,0.001894,0.267977,0.271289,-0.200510,0.915877,1.541549,0.000000,0.000000,0.468069,-0.324344,0.132119,0.932473,0.182710,0.000000,0.000000
-2.227480,0.015439,1.115200,-0.002735,-0.058249,0.026570,0.997945,0.008012,-0.022539,0.119302,0.544095,-0.438579,-0.012404,-0.177075,-0.048161,-0.308675,0.005604,0.424210,0.034613,-0.012041,0.001800,0.269517,0.270055,-0.198540,0.916177,1.544573,0.000000,0.000000,0.471973,-0.326908,0.128554,0.926760,0.180812,0.000000,0.000000
-2.223361,0.015538,1.112488,-0.001337,-0.058867,0.026848,0.997904,0.007070,-0.023241,0.121701,0.561912,-0.447664,-0.013118,-0.173760,-0.048487,-0.310299,-0.006075,0.435227,0.034740,-0.008935,0.001747,0.270714,0.269150,-0.196520,0.916644,1.547130,0.000000,0.000000,0.475504,-0.329636,0.124665,0.921263,0.180618,0.000000,0.000000
-2.219373,0.015657,1.109691,0.000026,-0.059499,0.026946,0.997865,0.005889,-0.023846,0.124185,0.580490,-0.456458,-0.013842,-0.170624,-0.048901,-0.311965,-0.015988,0.445630,0.034894,-0.005853,0.001684,0.271805,0.268284,-0.194582,0.917164,1.549183,0.000000,0.000000,0.478862,-0.332353,0.121769,0.915940,0.180872,0.000000,0.000000
-2.215394,0.015739,1.106816,0.001264,-0.059737,0.027019,0.997848,0.004320,-0.024408,0.126528,0.599341,-0.464897,-0.014536,-0.167833,-0.049170,-0.313318,-0.017450,0.455538,0.035084,-0.002819,0.001659,0.272722,0.267099,-0.192225,0.918110,1.550899,0.000000,0.000000,0.482024,-0.334878,0.121200,0.911027,0.179459,0.000000,0.000000
-2.211500,0.015639,1.103876,0.002277,-0.059915,0.027304,0.997827,0.002580,-0.024501,0.128733,0.616712,-0.471997,-0.015071,-0.165560,-0.049197,-0.314148,-0.017450,0.463989,0.035323,-0.000670,0.001617,0.273100,0.266160,-0.188504,0.918709,1.553152,0.000000,0.000000,0.483903,-0.336957,0.120080,0.906687,0.178238,0.000000,0.000000
-2.207698,0.015516,1.100887,0.003191,-0.060138,0.028313,0.997783,0.000481,-0.024236,0.130924,0.635541,-0.479223,-0.015522,-0.163212,-0.049343,-0.315126,-0.017450,0.472443,0.035598,0.001063,0.001626,0.273267,0.265848,-0.184549,0.918625,1.557550,0.000000,0.000000,0.485924,-0.339084,0.118866,0.902209,0.176742,0.000000,0.000000
-2.203828,0.015381,1.097874,0.004162,-0.060148,0.029388,0.997748,-0.001602,-0.023937,0.132219,0.652485,-0.485739,-0.015790,-0.161164,-0.049592,-0.316144,-0.017450,0.479786,0.035858,0.002367,0.001609,0.273818,0.265027,-0.181502,0.919874,1.559358,0.000000,0.000000,0.487527,-0.340853,0.118301,0.898440,0.175939,0.000000,0.000000
-2.200015,0.015397,1.094709,0.005163,-0.060195,0.030602,0.997704,-0.004280,-0.023570,0.133702,0.673488,-0.493563,-0.016116,-0.158690,-0.050212,-0.317766,-0.017450,0.488683,0.036174,0.003558,0.001576,0.274316,0.263566,-0.177840,0.922146,1.559269,0.000000,0.000000,0.489238,-0.343194,0.117588,0.894412,0.175603,0.000000,0.000000
-2.196217,0.015405,1.091454,0.006240,-0.060309,0.031421,0.997666,-0.006901,-0.023200,0.135311,0.694193,-0.501204,-0.016476,-0.156338,-0.051025,-0.319599,-0.017450,0.497154,0.036488,0.004727,0.001555,0.274371,0.262109,-0.174074,0.924152,1.558592,0.000000,0.000000,0.490445,-0.345763,0.117544,0.890261,0.175432,0.000000,0.000000
-2.192299,0.015419,1.088089,0.007518,-0.060092,0.031922,0.997654,-0.009760,-0.022917,0.137692,0.716575,-0.509726,-0.017041,-0.153974,-0.052184,-0.321870,-0.017450,0.505960,0.036819,0.006119,0.001547,0.273996,0.260755,-0.168815,0.925264,1.559344,0.000000,0.000000,0.491545,-0.348875,0.117890,0.885790,0.175151,0.000000,0.000000
-2.188328,0.015386,1.084646,0.008809,-0.060011,0.032061,0.997644,-0.012171,-0.022565,0.140796,0.737307,-0.517888,-0.017721,-0.151904,-0.053408,-0.324149,-0.017450,0.513638,0.037112,0.007633,0.001491,0.274164,0.258576,-0.162968,0.927217,1.560077,0.000000,0.000000,0.491995,-0.351983,0.117660,0.882566,0.175037,0.000000,0.000000
-2.184378,0.015399,1.081152,0.010118,-0.060023,0.032323,0.997622,-0.014173,-0.022388,0.143584,0.756836,-0.526084,-0.018383,-0.149950,-0.054769,-0.326575,-0.017450,0.520390,0.037392,0.009377,0.001456,0.274262,0.256337,-0.157964,0.929303,1.559950,0.000000,0.000000,0.492255,-0.355008,0.118192,0.879249,0.175099,0.000000,0.000000
-2.180252,0.015382,1.077616,0.011470,-0.059634,0.032544,0.997624,-0.015912,-0.022388,0.146140,0.775059,-0.534506,-0.019038,-0.148150,-0.056165,-0.328996,-0.017450,0.526626,0.037660,0.011045,0.001420,0.274016,0.253976,-0.152768,0.931334,1.559449,0.000000,0.000000,0.492234,-0.358413,0.118870,0.876653,0.175167,0.000000,0.000000
-2.176006,0.015262,1.074087,0.012666,-0.058962,0.032693,0.997644,-0.017609,-0.022285,0.148817,0.793661,-0.544061,-0.019694,-0.146399,-0.057510,-0.331323,-0.014200,0.533218,0.037955,0.012556,0.001409,0.273767,0.251116,-0.146212,0.933587,1.559247,0.000000,0.000000,0.491602,-0.361945,0.119920,0.873300,0.174508,0.000000,0.000000
-2.171838,0.015064,1.070583,0.013755,-0.058461,0.033170,0.997644,-0.018961,-0.022087,0.150669,0.810565,-0.553350,-0.020146,-0.144705,-0.058694,-0.333422,-0.007241,0.539540,0.038286,0.013640,0.001416,0.273506,0.248349,-0.140596,0.935924,1.559024,0.000000,0.000000,0.490667,-0.365046,0.121418,0.870488,0.173797,0.000000,0.000000
-2.167416,0.014700,1.067110,0.014798,-0.057418,0.033489,0.997679,-0.020210,-0.021706,0.152238,0.826066,-0.562793,-0.020471,-0.143114,-0.059583,-0.335078,0.001303,0.545916,0.038649,0.014739,0.001419,0.272718,0.245466,-0.133164,0.938439,1.558860,0.000000,0.000000,0.489051,-0.368443,0.122769,0.868099,0.170368,0.000000,0.000000
-2.163000,0.014261,1.063637,0.015754,-0.056399,0.033745,0.997714,-0.021441,-0.021241,0.153467,0.841857,-0.573132,-0.020702,-0.141398,-0.060306,-0.336559,0.011575,0.553290,0.039086,0.015646,0.001399,0.271727,0.242381,-0.125547,0.941379,1.558354,0.000000,0.000000,0.486488,-0.371916,0.124977,0.866257,0.167137,0.000000,0.000000
-2.158452,0.013727,1.060181,0.016622,-0.055262,0.034035,0.997753,-0.022456,-0.020712,0.154188,0.855334,-0.582166,-0.020795,-0.139750,-0.060769,-0.337672,0.021318,0.560813,0.039499,0.016187,0.001444,0.270692,0.239124,-0.119143,0.944494,1.558247,0.000000,0.000000,0.483916,-0.374232,0.127362,0.865047,0.165483,0.000000,0.000000
-2.153782,0.013096,1.056724,0.017685,-0.054082,0.034361,0.997788,-0.023478,-0.020220,0.154920,0.869912,-0.592121,-0.020904,-0.137784,-0.061322,-0.339023,0.032808,0.570061,0.039988,0.016760,0.001402,0.269243,0.235185,-0.112031,0.948233,1.558317,0.000000,0.000000,0.480025,-0.377106,0.129260,0.864550,0.163057,0.000000,0.000000
-2.149069,0.012416,1.053282,0.018779,-0.052813,0.034778,0.997822,-0.024551,-0.019914,0.155150,0.884693,-0.601755,-0.020974,-0.135616,-0.061896,-0.340467,0.045119,0.582028,0.040531,0.017286,0.001414,0.267579,0.230877,-0.104894,0.952699,1.558728,0.000000,0.000000,0.475611,-0.379917,0.130229,0.864333,0.160078,0.000000,0.000000
-2.144067,0.011513,1.049986,0.019681,-0.051422,0.034686,0.997880,-0.025203,-0.019290,0.155582,0.896981,-0.608768,-0.020984,-0.133447,-0.061901,-0.341210,0.056097,0.592109,0.041031,0.018386,0.001403,0.266114,0.227418,-0.099632,0.956330,1.558953,0.000000,0.000000,0.471775,-0.382022,0.131296,0.864502,0.158312,0.000000,0.000000
-2.139211,0.010415,1.046693,0.020310,-0.049852,0.035313,0.997926,-0.026455,-0.017972,0.155428,0.909829,-0.611434,-0.020695,-0.131247,-0.061404,-0.341325,0.067108,0.603294,0.041537,0.018713,0.001421,0.264067,0.223789,-0.094171,0.961065,1.559714,0.000000,0.000000,0.467358,-0.383577,0.133038,0.865375,0.157995,0.000000,0.000000
-2.133665,0.009331,1.043546,0.021364,-0.048480,0.035145,0.997977,-0.027037,-0.016758,0.155738,0.922098,-0.612374,-0.020566,-0.129136,-0.061184,-0.341824,0.080661,0.607546,0.041957,0.019831,0.001383,0.262227,0.219751,-0.089168,0.965526,1.560746,0.000000,0.000000,0.462540,-0.386151,0.132978,0.865862,0.156701,0.000000,0.000000
-2.128051,0.008640,1.040029,0.025352,-0.048253,0.031109,0.998029,-0.026177,-0.019223,0.161500,0.938124,-0.612719,-0.022697,-0.127202,-0.064709,-0.347264,0.102859,0.609147,0.042292,0.025865,0.001162,0.261489,0.209697,-0.083830,0.972763,1.563475,0.000000,0.000000,0.458482,-0.391690,0.131622,0.867891,0.153612,0.000000,0.000000
-2.123778,0.007962,1.036402,0.027691,-0.046823,0.028630,0.998109,-0.026858,-0.020901,0.166401,0.949535,-0.612608,-0.024314,-0.125875,-0.066589,-0.350272,0.105601,0.608471,0.042395,0.030748,0.001047,0.260173,0.202989,-0.081383,0.977791,1.565209,0.000000,0.000000,0.455738,-0.394447,0.130442,0.869913,0.151974,0.000000,0.000000
-2.118758,0.006755,1.032998,0.028152,-0.045003,0.028134,0.998194,-0.028728,-0.020078,0.170685,0.965347,-0.612306,-0.025112,-0.123269,-0.066840,-0.351785,0.105303,0.580165,0.042321,0.034969,0.001036,0.257704,0.198267,-0.078349,0.984313,1.566911,0.000000,0.000000,0.450804,-0.397958,0.126923,0.870379,0.149352,0.000000,0.000000
-2.113713,0.005052,1.029362,0.028334,-0.043360,0.028643,0.998247,-0.031613,-0.016854,0.173106,0.984390,-0.611887,-0.024878,-0.119928,-0.064715,-0.350700,0.105027,0.537491,0.042069,0.037981,0.001093,0.254342,0.194465,-0.076837,0.990746,1.568449,0.000000,0.000000,0.446136,-0.399795,0.123579,0.870619,0.147896,0.000000,0.000000
-2.108327,0.003817,1.025445,0.029160,-0.041609,0.028192,0.998310,-0.034820,-0.014265,0.175898,1.004371,-0.611428,-0.024960,-0.116990,-0.063084,-0.350319,0.105720,0.482846,0.041466,0.040944,0.001048,0.251483,0.191577,-0.074948,0.996878,1.569199,0.000000,0.000000,0.441364,-0.402781,0.119676,0.869795,0.147329,0.000000,0.000000
-2.102711,0.002393,1.021600,0.029847,-0.040560,0.024697,0.998426,-0.037225,-0.010785,0.182601,1.024536,-0.611018,-0.025585,-0.114658,-0.061560,-0.349799,0.107147,0.437439,0.040855,0.045962,0.000947,0.250640,0.186200,-0.071010,1.002733,1.569756,0.000000,0.000000,0.438257,-0.403353,0.119528,0.870251,0.145274,0.000000,0.000000
-2.097108,0.001021,1.017927,0.029251,-0.039167,0.022661,0.998547,-0.040531,-0.005202,0.189106,1.047218,-0.610571,-0.025546,-0.112281,-0.058844,-0.347656,0.107204,0.397269,0.040311,0.051003,0.000847,0.249595,0.182763,-0.067906,1.007941,1.569875,0.000000,0.000000,0.434120,-0.403468,0.119275,0.870079,0.143803,0.000000,0.000000
-2.091202,-0.000024,1.014632,0.028796,-0.037895,0.020575,0.998655,-0.043636,0.000273,0.194858,1.070298,-0.610121,-0.025392,-0.109913,-0.056821,-0.346318,0.107493,0.369920,0.039906,0.055358,0.000755,0.249225,0.179840,-0.064391,1.012393,1.569879,0.000000,0.000000,0.429934,-0.403619,0.118499,0.869914,0.142339,0.000000,0.000000
-2.086513,-0.001986,1.011301,0.026462,-0.036510,0.019705,0.998789,-0.050290,0.010290,0.199703,1.101053,-0.605228,-0.023740,-0.107452,-0.051289,-0.340212,0.105306,0.344940,0.039638,0.058447,0.000699,0.247905,0.178848,-0.060362,1.017886,1.569864,0.000000,0.000000,0.424321,-0.401462,0.119982,0.870400,0.141648,0.000000,0.000000
-2.082156,-0.003374,1.008201,0.024949,-0.035829,0.018537,0.998874,-0.057839,0.019258,0.202924,1.132391,-0.589244,-0.022173,-0.105581,-0.046799,-0.335162,0.106922,0.324244,0.039371,0.061200,0.000604,0.247370,0.178200,-0.057516,1.023050,1.569852,0.000000,0.000000,0.419121,-0.399121,0.124380,0.873039,0.143551,0.000000,0.000000
-2.077938,-0.004604,1.005255,0.023361,-0.035635,0.017855,0.998932,-0.066533,0.028453,0.204644,1.166507,-0.562230,-0.020339,-0.104196,-0.042652,-0.330342,0.112479,0.299901,0.039069,0.062310,0.000506,0.247676,0.177887,-0.053199,1.027921,1.569848,0.000000,0.000000,0.412274,-0.398638,0.128741,0.875012,0.142893,0.000000,0.000000
-2.073802,-0.005557,1.002461,0.022214,-0.036053,0.016406,0.998968,-0.074763,0.035944,0.206460,1.198268,-0.531202,-0.019028,-0.103489,-0.040249,-0.326231,0.121896,0.274418,0.038472,0.062748,0.000395,0.250028,0.175962,-0.047725,1.031987,1.569825,0.000000,0.000000,0.406157,-0.398932,0.133942,0.877634,0.140923,0.000000,0.000000
-2.068736,-0.005866,1.000265,0.022180,-0.037318,0.014836,0.998947,-0.080668,0.040275,0.206699,1.227166,-0.498407,-0.018251,-0.101357,-0.041616,-0.317387,0.132916,0.251782,0.035917,0.063712,0.000304,0.253836,0.173686,-0.042955,1.035005,1.569808,0.000000,0.000000,0.401526,-0.400741,0.138300,0.880327,0.139999,0.000000,0.000000
-2.065389,-0.006569,0.997795,0.022317,-0.039547,0.012301,0.998893,-0.088517,0.044660,0.207439,1.259761,-0.448613,-0.017616,-0.099843,-0.043868,-0.303906,0.148802,0.223161,0.032230,0.065149,0.000213,0.260658,0.169784,-0.037589,1.037220,1.569757,0.000000,0.000000,0.397857,-0.402346,0.148004,0.885892,0.141230,0.000000,0.000000
-2.061982,-0.007123,0.995495,0.022621,-0.041489,0.009430,0.998838,-0.096058,0.048460,0.208841,1.289296,-0.395957,-0.017239,-0.099140,-0.046313,-0.291095,0.165206,0.195487,0.028724,0.067122,0.000126,0.267829,0.166218,-0.032238,1.037769,1.569712,0.000000,0.000000,0.393527,-0.406491,0.155928,0.888631,0.140890,0.000000,0.000000
-2.058570,-0.007689,0.993295,0.023036,-0.043196,0.006628,0.998779,-0.103555,0.051870,0.210343,1.316447,-0.340527,-0.016930,-0.098641,-0.048707,-0.278743,0.181174,0.168554,0.025397,0.069462,0.000084,0.275199,0.161621,-0.027215,1.036742,1.569661,0.000000,0.000000,0.390340,-0.409728,0.165291,0.891592,0.144179,0.000000,0.000000
-2.055256,-0.008482,0.991112,0.023375,-0.045078,0.004010,0.998702,-0.110987,0.055764,0.211012,1.341646,-0.286638,-0.016227,-0.097934,-0.050479,-0.267040,0.196570,0.140849,0.022410,0.071001,0.000022,0.283496,0.159147,-0.024292,1.034421,1.563328,0.000000,0.000000,0.386272,-0.413798,0.173902,0.893249,0.147095,0.000000,0.000000
-2.051950,-0.009222,0.988851,0.024258,-0.046911,0.000035,0.998604,-0.117640,0.058406,0.212393,1.365127,-0.238451,-0.016000,-0.097623,-0.052479,-0.258859,0.211328,0.114146,0.020070,0.075062,-0.000096,0.290873,0.156686,-0.022834,1.030424,1.553867,0.000000,0.000000,0.382268,-0.419353,0.180845,0.893606,0.150418,0.000000,0.000000
-2.048518,-0.010137,0.986727,0.025400,-0.048408,-0.004274,0.998495,-0.123888,0.060463,0.214112,1.386691,-0.198286,-0.015976,-0.097689,-0.054533,-0.252734,0.225346,0.088309,0.018132,0.080559,-0.000216,0.298107,0.154422,-0.023487,1.025397,1.544040,0.000000,0.000000,0.378904,-0.425120,0.187459,0.892254,0.154564,0.000000,0.000000
-2.044278,-0.011269,0.985296,0.025802,-0.049994,-0.007792,0.998386,-0.128308,0.063785,0.214173,1.405049,-0.172878,-0.015179,-0.096433,-0.055542,-0.247661,0.236886,0.069514,0.016776,0.085038,-0.000343,0.304294,0.152314,-0.025130,1.021145,1.535748,0.000000,0.000000,0.375782,-0.429762,0.191839,0.890097,0.156301,0.000000,0.000000
-2.040324,-0.013272,0.984074,0.026186,-0.051957,-0.012215,0.998231,-0.132354,0.069909,0.215821,1.425512,-0.150918,-0.014012,-0.094467,-0.055563,-0.241857,0.248610,0.051396,0.015583,0.089568,-0.000480,0.311049,0.150417,-0.025871,1.017200,1.528410,0.000000,0.000000,0.372272,-0.433578,0.196829,0.887992,0.156811,0.000000,0.000000
-2.036518,-0.016054,0.983186,0.025824,-0.053448,-0.015213,0.998121,-0.136124,0.078383,0.217670,1.441126,-0.148810,-0.012317,-0.092445,-0.053408,-0.234933,0.257575,0.036863,0.014827,0.092685,-0.000577,0.316650,0.149869,-0.029616,1.012636,1.522383,0.000000,0.000000,0.369194,-0.438756,0.201703,0.883807,0.161036,0.000000,0.000000
-2.032481,-0.019533,0.982438,0.025305,-0.055053,-0.019568,0.997971,-0.140127,0.092408,0.221873,1.461302,-0.161556,-0.009791,-0.089664,-0.048969,-0.225360,0.268780,0.022533,0.014211,0.096716,-0.000725,0.322876,0.149095,-0.033039,1.007194,1.517617,0.000000,0.000000,0.363793,-0.447015,0.205875,0.876027,0.164596,0.000000,0.000000
-2.028222,-0.022638,0.981939,0.024354,-0.056815,-0.024337,0.997791,-0.143424,0.106454,0.224147,1.480494,-0.182860,-0.006887,-0.086569,-0.043691,-0.213111,0.279309,0.011909,0.013343,0.100530,-0.000786,0.328874,0.148266,-0.036039,1.002719,1.515397,0.000000,0.000000,0.359740,-0.452312,0.211175,0.869565,0.168195,0.000000,0.000000
-2.024154,-0.025322,0.981522,0.023788,-0.058879,-0.030895,0.997503,-0.146108,0.119024,0.227600,1.499269,-0.206715,-0.004644,-0.083527,-0.039028,-0.201654,0.289962,0.004314,0.012481,0.105411,-0.000915,0.334407,0.147772,-0.038269,0.999820,1.517114,0.000000,0.000000,0.354864,-0.457247,0.215648,0.863431,0.168859,0.000000,0.000000
-2.020144,-0.027558,0.981348,0.022736,-0.060567,-0.034570,0.997306,-0.148770,0.129282,0.228597,1.515651,-0.221591,-0.002465,-0.080493,-0.034417,-0.187986,0.299270,-0.001998,0.011208,0.109076,-0.000993,0.339719,0.147689,-0.044043,0.996488,1.518857,0.000000,0.000000,0.351398,-0.460322,0.220792,0.858980,0.173757,0.000000,0.000000
-2.016768,-0.029245,0.981264,0.022490,-0.062190,-0.039622,0.997024,-0.151760,0.136233,0.230601,1.529210,-0.232027,-0.001416,-0.077968,-0.031225,-0.177325,0.307567,-0.007664,0.010100,0.113475,-0.001137,0.344425,0.146942,-0.051090,0.993668,1.521528,0.000000,0.000000,0.347543,-0.462745,0.224283,0.855795,0.180266,0.000000,0.000000
-2.013628,-0.030570,0.981385,0.022043,-0.063608,-0.043935,0.996764,-0.155400,0.141683,0.231723,1.540754,-0.238705,-0.000599,-0.075466,-0.028503,-0.167046,0.315361,-0.013138,0.008938,0.117821,-0.001245,0.349010,0.147314,-0.059109,0.990722,1.525366,0.000000,0.000000,0.343113,-0.464807,0.225995,0.852798,0.187543,0.000000,0.000000
-2.011606,-0.031408,0.981176,0.021243,-0.065004,-0.048046,0.996501,-0.160427,0.145331,0.233026,1.549677,-0.247889,-0.000355,-0.073608,-0.025987,-0.158341,0.321847,-0.018518,0.008009,0.123350,-0.001371,0.352696,0.149127,-0.068087,0.987926,1.530610,0.000000,0.000000,0.339607,-0.466005,0.226016,0.850198,0.195748,0.000000,0.000000
-2.009634,-0.031672,0.981076,0.021150,-0.065517,-0.051554,0.996294,-0.167260,0.146013,0.233593,1.556018,-0.257125,-0.000851,-0.072214,-0.024455,-0.150474,0.327630,-0.024785,0.006945,0.130133,-0.001609,0.355534,0.151325,-0.080230,0.983945,1.536862,0.000000,0.000000,0.335591,-0.468397,0.224188,0.847101,0.204921,0.000000,0.000000
-2.007882,-0.031418,0.980987,0.020685,-0.066271,-0.053398,0.996157,-0.174813,0.144592,0.232413,1.558690,-0.265207,-0.001505,-0.070897,-0.023668,-0.144552,0.332342,-0.030784,0.006037,0.135481,-0.001762,0.357422,0.154830,-0.094297,0.980707,1.542433,0.000000,0.000000,0.332744,-0.470159,0.220750,0.843720,0.214868,0.000000,0.000000
-2.006001,-0.030924,0.980918,0.020628,-0.066516,-0.055511,0.996026,-0.182753,0.141371,0.231485,1.558169,-0.270910,-0.002696,-0.069765,-0.023872,-0.140868,0.335636,-0.036613,0.005267,0.140719,-0.001926,0.358438,0.157889,-0.107481,0.977582,1.548027,0.000000,0.000000,0.330320,-0.471115,0.214470,0.839919,0.226259,0.000000,0.000000
-2.004215,-0.029935,0.980900,0.020400,-0.066805,-0.057113,0.995921,-0.191483,0.136154,0.229507,1.553509,-0.276790,-0.004175,-0.068548,-0.024616,-0.137055,0.338289,-0.042243,0.004318,0.146248,-0.002129,0.358671,0.161810,-0.122808,0.973591,1.553723,0.000000,0.000000,0.329144,-0.473655,0.208431,0.833934,0.236695,0.000000,0.000000
-2.002294,-0.029120,0.980914,0.020345,-0.067003,-0.058760,0.995813,-0.199063,0.131290,0.228533,1.546676,-0.281206,-0.005682,-0.067372,-0.025605,-0.134277,0.340093,-0.046654,0.003502,0.151105,-0.002300,0.358437,0.165089,-0.135021,0.969540,1.557326,0.000000,0.000000,0.328906,-0.476131,0.202408,0.827106,0.245550,0.000000,0.000000
-2.000133,-0.028470,0.981032,0.020085,-0.066743,-0.060233,0.995748,-0.207018,0.126512,0.227360,1.535721,-0.285260,-0.007092,-0.066005,-0.026249,-0.130466,0.340862,-0.050759,0.002592,0.155953,-0.002444,0.357024,0.168394,-0.146174,0.966198,1.559232,0.000000,0.000000,0.329479,-0.478921,0.195650,0.818904,0.254947,0.000000,0.000000
-1.997792,-0.028194,0.981222,0.019812,-0.066242,-0.061832,0.995689,-0.214228,0.123044,0.226586,1.522198,-0.287761,-0.008172,-0.064529,-0.026308,-0.126829,0.340476,-0.054078,0.001882,0.160699,-0.002571,0.354982,0.171519,-0.154769,0.962492,1.558867,0.000000,0.000000,0.330232,-0.481148,0.190594,0.810160,0.262772,0.000000,0.000000
-1.995345,-0.028002,0.981481,0.019396,-0.065509,-0.063588,0.995635,-0.220987,0.120388,0.226338,1.505417,-0.290869,-0.009123,-0.062996,-0.025871,-0.123197,0.339223,-0.056557,0.001304,0.164639,-0.002695,0.352739,0.174644,-0.161543,0.958216,1.558748,0.000000,0.000000,0.331112,-0.483656,0.186486,0.800307,0.268646,0.000000,0.000000
-1.992804,-0.027910,0.981771,0.018880,-0.064779,-0.064777,0.995616,-0.227500,0.118257,0.226085,1.484976,-0.292366,-0.009885,-0.061151,-0.025004,-0.119781,0.337327,-0.058674,0.000885,0.168287,-0.002792,0.350599,0.178417,-0.167619,0.953153,1.556587,0.000000,0.000000,0.332343,-0.485715,0.182980,0.790683,0.274738,0.000000,0.000000
-1.990160,-0.028049,0.982099,0.018409,-0.063749,-0.066415,0.995583,-0.233228,0.117084,0.226157,1.461939,-0.293364,-0.010403,-0.059318,-0.023788,-0.116156,0.334607,-0.059986,0.000521,0.171684,-0.002890,0.348475,0.182557,-0.171422,0.946846,1.554617,0.000000,0.000000,0.333870,-0.488544,0.181517,0.779172,0.278115,0.000000,0.000000
-1.987552,-0.028248,0.982458,0.018097,-0.062966,-0.068297,0.995512,-0.238102,0.116348,0.226999,1.436666,-0.294345,-0.010924,-0.057306,-0.022701,-0.112876,0.331745,-0.060747,0.000185,0.175229,-0.003022,0.346476,0.185994,-0.175374,0.941482,1.552714,0.000000,0.000000,0.336214,-0.490672,0.183136,0.767978,0.279769,0.000000,0.000000
-1.984746,-0.028400,0.982852,0.017713,-0.061737,-0.069864,0.995487,-0.242668,0.115560,0.227643,1.406996,-0.294646,-0.011341,-0.055173,-0.021503,-0.109832,0.327972,-0.061552,-0.000078,0.178771,-0.003133,0.343583,0.189777,-0.178230,0.936243,1.551081,0.000000,0.000000,0.338139,-0.493300,0.185619,0.756154,0.279763,0.000000,0.000000
-1.981924,-0.028598,0.983235,0.017370,-0.060533,-0.071165,0.995475,-0.246580,0.114843,0.228846,1.375379,-0.293616,-0.011816,-0.052968,-0.020363,-0.107408,0.323890,-0.062223,-0.000245,0.181487,-0.003241,0.340965,0.194447,-0.179468,0.930165,1.549175,0.000000,0.000000,0.339569,-0.495749,0.187885,0.745650,0.278616,0.000000,0.000000
-1.978962,-0.028778,0.983627,0.017086,-0.058965,-0.072916,0.995447,-0.249861,0.114095,0.230742,1.341059,-0.292467,-0.012397,-0.050821,-0.019282,-0.105222,0.318853,-0.063090,-0.000388,0.184231,-0.003358,0.338723,0.198833,-0.179831,0.922843,1.547367,0.000000,0.000000,0.341349,-0.498096,0.191623,0.734940,0.276997,0.000000,0.000000
-1.975977,-0.028733,0.983999,0.016872,-0.057179,-0.074939,0.995404,-0.252653,0.112636,0.233337,1.302071,-0.291461,-0.013247,-0.048719,-0.018481,-0.103201,0.312816,-0.064073,-0.000586,0.186854,-0.003492,0.336668,0.202604,-0.179252,0.915306,1.545585,0.000000,0.000000,0.343539,-0.500536,0.196888,0.723295,0.273966,0.000000,0.000000
-1.973005,-0.028657,0.984350,0.016597,-0.055322,-0.076442,0.995400,-0.254753,0.110944,0.235697,1.261128,-0.290008,-0.013986,-0.046704,-0.017719,-0.101647,0.306574,-0.065269,-0.000708,0.189199,-0.003578,0.334188,0.206661,-0.177417,0.907573,1.543283,0.000000,0.000000,0.345567,-0.502834,0.202010,0.713046,0.271706,0.000000,0.000000
-1.969935,-0.028553,0.984669,0.016273,-0.053247,-0.077475,0.995438,-0.256232,0.109155,0.237772,1.217582,-0.288917,-0.014571,-0.044751,-0.016899,-0.100421,0.300169,-0.066244,-0.000752,0.190782,-0.003704,0.331263,0.210881,-0.175053,0.900434,1.540309,0.000000,0.000000,0.347114,-0.505311,0.207097,0.703526,0.269562,0.000000,0.000000
-1.966846,-0.028301,0.984916,0.015984,-0.051120,-0.079001,0.995435,-0.257092,0.106943,0.240526,1.169966,-0.286811,-0.015308,-0.042898,-0.016268,-0.099342,0.293457,-0.067457,-0.000825,0.192145,-0.003791,0.327923,0.215427,-0.170848,0.892746,1.536672,0.000000,0.000000,0.347849,-0.508414,0.212948,0.693934,0.266136,0.000000,0.000000
-1.963738,-0.027985,0.985112,0.015621,-0.048763,-0.080250,0.995459,-0.257279,0.104583,0.242900,1.120639,-0.284516,-0.015885,-0.041344,-0.015564,-0.098569,0.286725,-0.068849,-0.000824,0.193217,-0.003905,0.324857,0.219638,-0.166390,0.884751,1.533033,0.000000,0.000000,0.348192,-0.511569,0.219432,0.684621,0.260804,0.000000,0.000000
-1.960606,-0.027482,0.985235,0.015308,-0.046233,-0.081296,0.995499,-0.256893,0.101642,0.244951,1.068787,-0.282769,-0.016421,-0.040031,-0.015126,-0.098263,0.280032,-0.070366,-0.000810,0.193575,-0.003961,0.321476,0.223371,-0.160480,0.877605,1.529081,0.000000,0.000000,0.347591,-0.514360,0.224881,0.676355,0.255647,0.000000,0.000000
-1.957530,-0.026768,0.985256,0.014916,-0.043529,-0.082211,0.995552,-0.255987,0.097960,0.246917,1.012280,-0.281450,-0.016945,-0.038929,-0.014718,-0.097979,0.272872,-0.071811,-0.000802,0.193514,-0.004030,0.317701,0.226998,-0.154488,0.870291,1.525037,0.000000,0.000000,0.346380,-0.516879,0.230813,0.668755,0.250912,0.000000,0.000000
-1.954418,-0.025847,0.985217,0.014650,-0.040835,-0.083332,0.995577,-0.254354,0.093874,0.249102,0.957125,-0.277248,-0.017608,-0.037987,-0.014857,-0.098239,0.265901,-0.073140,-0.000843,0.193205,-0.004084,0.313890,0.228942,-0.148792,0.863401,1.521433,0.000000,0.000000,0.344356,-0.518413,0.235654,0.662952,0.243677,0.000000,0.000000
-1.951161,-0.024885,0.985137,0.014316,-0.037672,-0.084097,0.995642,-0.252086,0.089272,0.250519,0.896368,-0.270684,-0.018038,-0.037191,-0.014920,-0.097955,0.257933,-0.074912,-0.000965,0.192492,-0.004130,0.309381,0.232081,-0.142241,0.856864,1.518070,0.000000,0.000000,0.342082,-0.520513,0.242185,0.657635,0.238285,0.000000,0.000000
-1.948094,-0.023410,0.985007,0.014058,-0.034783,-0.085186,0.995659,-0.249047,0.083581,0.251274,0.834415,-0.264262,-0.018507,-0.036634,-0.015766,-0.098599,0.250447,-0.076438,-0.001133,0.191576,-0.004148,0.305377,0.234237,-0.134773,0.852080,1.512096,0.000000,0.000000,0.338643,-0.522218,0.247836,0.654018,0.233918,0.000000,0.000000
-1.944811,-0.021817,0.984769,0.013797,-0.031266,-0.085620,0.995742,-0.245539,0.077052,0.251207,0.770130,-0.257876,-0.018887,-0.036522,-0.016750,-0.099592,0.242731,-0.077543,-0.001271,0.189565,-0.004147,0.300498,0.236270,-0.128866,0.846555,1.507215,0.000000,0.000000,0.334366,-0.523255,0.252330,0.650712,0.229158,0.000000,0.000000
-1.941525,-0.020036,0.984466,0.013687,-0.028039,-0.086450,0.995767,-0.241208,0.069934,0.250241,0.705941,-0.250011,-0.019147,-0.036582,-0.018419,-0.101911,0.235822,-0.078976,-0.001358,0.187781,-0.004144,0.295376,0.237894,-0.123561,0.841484,1.502873,0.000000,0.000000,0.330409,-0.523423,0.257420,0.648867,0.225257,0.000000,0.000000
-1.938224,-0.018172,0.984094,0.013460,-0.024970,-0.086873,0.995816,-0.236366,0.062847,0.247834,0.644061,-0.240274,-0.019154,-0.036731,-0.020128,-0.103854,0.229998,-0.081057,-0.001514,0.185552,-0.004114,0.289908,0.240112,-0.117702,0.837707,1.499116,0.000000,0.000000,0.325896,-0.523792,0.261449,0.648772,0.222120,0.000000,0.000000
-1.934904,-0.016293,0.983675,0.013215,-0.022099,-0.086969,0.995878,-0.230840,0.055592,0.245097,0.581556,-0.228969,-0.019097,-0.036897,-0.022062,-0.106874,0.225191,-0.083634,-0.001541,0.182634,-0.004059,0.284624,0.242460,-0.112215,0.832735,1.496687,0.000000,0.000000,0.321611,-0.523181,0.265291,0.649743,0.219134,0.000000,0.000000
-1.931526,-0.014461,0.983245,0.012796,-0.019080,-0.086656,0.995973,-0.224873,0.048707,0.240957,0.519510,-0.218930,-0.018637,-0.037161,-0.023718,-0.109844,0.220738,-0.086779,-0.001502,0.178547,-0.004013,0.280050,0.243421,-0.108740,0.831707,1.490287,0.000000,0.000000,0.316315,-0.522026,0.268635,0.651328,0.216345,0.000000,0.000000
-1.927967,-0.012766,0.982788,0.012326,-0.016309,-0.086057,0.996081,-0.218521,0.042428,0.236036,0.461020,-0.207965,-0.017953,-0.037180,-0.025252,-0.113274,0.217055,-0.091101,-0.001357,0.174285,-0.003897,0.274494,0.245411,-0.104794,0.829764,1.487128,0.000000,0.000000,0.311536,-0.520261,0.271185,0.653935,0.214023,0.000000,0.000000
-1.924248,-0.011219,0.982302,0.011779,-0.013809,-0.085402,0.996181,-0.212073,0.037020,0.231027,0.408691,-0.197032,-0.017248,-0.036897,-0.026543,-0.116836,0.214417,-0.095440,-0.001125,0.169692,-0.003802,0.269455,0.247256,-0.101027,0.828815,1.484347,0.000000,0.000000,0.306542,-0.517800,0.273215,0.657036,0.211115,0.000000,0.000000
-1.920355,-0.010010,0.981840,0.011075,-0.011438,-0.084772,0.996273,-0.205493,0.032768,0.227175,0.361920,-0.185564,-0.016658,-0.036311,-0.027349,-0.119938,0.212151,-0.100183,-0.000844,0.164630,-0.003686,0.265045,0.248692,-0.097976,0.828725,1.481464,0.000000,0.000000,0.301445,-0.514785,0.275340,0.661230,0.208577,0.000000,0.000000
-1.916301,-0.008994,0.981354,0.010333,-0.009268,-0.084176,0.996354,-0.198890,0.029276,0.223562,0.321275,-0.172839,-0.016124,-0.035380,-0.027876,-0.123333,0.210298,-0.104820,-0.000442,0.159563,-0.003579,0.261082,0.250628,-0.095821,0.828478,1.479447,0.000000,0.000000,0.296254,-0.511554,0.277241,0.665745,0.205591,0.000000,0.000000
-1.912084,-0.008089,0.980836,0.009378,-0.007172,-0.082919,0.996486,-0.192532,0.026409,0.220426,0.286725,-0.158333,-0.015726,-0.034102,-0.027993,-0.125978,0.208635,-0.109372,-0.000062,0.154103,-0.003446,0.256717,0.252387,-0.093616,0.828726,1.477974,0.000000,0.000000,0.290791,-0.507959,0.278291,0.671043,0.202483,0.000000,0.000000
-1.907690,-0.007207,0.980266,0.008429,-0.005409,-0.082400,0.996549,-0.186700,0.024113,0.218979,0.261142,-0.142970,-0.015744,-0.032681,-0.028110,-0.128249,0.207458,-0.113801,0.000258,0.149640,-0.003334,0.253229,0.254042,-0.092429,0.829419,1.476495,0.000000,0.000000,0.285567,-0.504504,0.279318,0.676608,0.199550,0.000000,0.000000
-1.903087,-0.006396,0.979652,0.007466,-0.003812,-0.081821,0.996612,-0.180397,0.021748,0.218482,0.238854,-0.122710,-0.016106,-0.030934,-0.028215,-0.130157,0.206940,-0.118477,0.000519,0.144838,-0.003213,0.249132,0.255441,-0.091091,0.829970,1.476111,0.000000,0.000000,0.279837,-0.500148,0.280345,0.683192,0.196130,0.000000,0.000000
-1.898425,-0.005681,0.979022,0.006306,-0.002356,-0.080971,0.996694,-0.174024,0.019697,0.218712,0.221186,-0.100170,-0.016689,-0.028985,-0.028100,-0.132144,0.207277,-0.123004,0.000854,0.139487,-0.003059,0.245607,0.256410,-0.089882,0.831422,1.475940,0.000000,0.000000,0.274393,-0.494723,0.279966,0.690674,0.192573,0.000000,0.000000
-1.893947,-0.004905,0.978402,0.005231,-0.000918,-0.080684,0.996726,-0.167465,0.017602,0.219398,0.207283,-0.074955,-0.017530,-0.026988,-0.028014,-0.133365,0.207836,-0.128614,0.001043,0.134487,-0.002984,0.241561,0.258063,-0.089382,0.833272,1.474831,0.000000,0.000000,0.268114,-0.489563,0.279986,0.699665,0.189649,0.000000,0.000000
-1.889968,-0.004526,0.977698,0.003876,0.000524,-0.079151,0.996855,-0.162731,0.017117,0.218288,0.199577,-0.058722,-0.017643,-0.025589,-0.027051,-0.133007,0.209454,-0.133308,0.001206,0.129545,-0.002843,0.237564,0.259999,-0.090098,0.834601,1.474424,0.000000,0.000000,0.263209,-0.484647,0.278644,0.707166,0.187946,0.000000,0.000000
-1.886216,-0.003986,0.977026,0.002639,0.001869,-0.077950,0.996952,-0.158326,0.017452,0.216150,0.191274,-0.055698,-0.017236,-0.024704,-0.025902,-0.132794,0.212129,-0.138707,0.001437,0.124294,-0.002719,0.232958,0.261283,-0.091544,0.837099,1.474474,0.000000,0.000000,0.258277,-0.478617,0.276157,0.716172,0.185788,0.000000,0.000000
-1.881750,-0.003276,0.976387,0.001466,0.003129,-0.076755,0.997044,-0.152419,0.017980,0.215595,0.180302,-0.063414,-0.016827,-0.023895,-0.024921,-0.133885,0.217177,-0.146691,0.001837,0.118371,-0.002547,0.226926,0.262195,-0.093517,0.841427,1.475451,0.000000,0.000000,0.251455,-0.469716,0.271838,0.729828,0.183310,0.000000,0.000000
-1.877503,-0.002736,0.975670,0.000333,0.004288,-0.075738,0.997118,-0.147033,0.018777,0.216244,0.170454,-0.070595,-0.016472,-0.023577,-0.024115,-0.135231,0.222931,-0.153553,0.002243,0.113370,-0.002421,0.221462,0.263035,-0.095322,0.846293,1.477083,0.000000,0.000000,0.245467,-0.461921,0.266933,0.742302,0.180047,0.000000,0.000000
-1.873528,-0.002194,0.975066,-0.000634,0.005417,-0.074776,0.997185,-0.140959,0.019336,0.215208,0.158554,-0.078844,-0.015803,-0.023981,-0.023366,-0.136748,0.230652,-0.160636,0.002674,0.108072,-0.002289,0.215561,0.263979,-0.097579,0.851171,1.479075,0.000000,0.000000,0.239556,-0.453560,0.260368,0.755481,0.176614,0.000000,0.000000
-1.870006,-0.001784,0.974613,-0.001639,0.006494,-0.073164,0.997297,-0.135803,0.019867,0.210823,0.147899,-0.088102,-0.014574,-0.024931,-0.022233,-0.137298,0.238812,-0.165762,0.003061,0.102257,-0.002143,0.210004,0.265321,-0.099502,0.855680,1.480782,0.000000,0.000000,0.234873,-0.446309,0.253412,0.766990,0.174388,0.000000,0.000000
-1.866343,-0.001367,0.974546,-0.002451,0.007289,-0.070941,0.997451,-0.130723,0.020483,0.201971,0.137648,-0.097867,-0.012620,-0.026336,-0.021038,-0.138026,0.249370,-0.170905,0.003516,0.095232,-0.001935,0.203797,0.266805,-0.102420,0.861767,1.482135,0.000000,0.000000,0.230377,-0.438854,0.245615,0.779202,0.172984,0.000000,0.000000
-1.862554,-0.000632,0.974783,-0.002678,0.007535,-0.068524,0.997617,-0.126090,0.020456,0.189533,0.130316,-0.102796,-0.010393,-0.027901,-0.020905,-0.139024,0.262807,-0.175563,0.003773,0.087772,-0.001750,0.197661,0.267297,-0.107094,0.868220,1.482707,0.000000,0.000000,0.226436,-0.431608,0.237227,0.792444,0.175626,0.000000,0.000000
-1.858683,0.000725,0.975156,-0.002397,0.007086,-0.066164,0.997781,-0.122527,0.018896,0.177059,0.128252,-0.102193,-0.008736,-0.029309,-0.022382,-0.139424,0.277916,-0.179019,0.003540,0.081543,-0.001553,0.192160,0.266584,-0.111810,0.874948,1.483397,0.000000,0.000000,0.224204,-0.426179,0.229200,0.804725,0.178740,0.000000,0.000000
-1.854957,0.002378,0.975662,-0.001826,0.006118,-0.063828,0.997940,-0.119385,0.015948,0.165180,0.130401,-0.100214,-0.007631,-0.030929,-0.025332,-0.140143,0.296910,-0.182198,0.003024,0.075275,-0.001328,0.186922,0.265431,-0.117964,0.883121,1.482283,0.000000,0.000000,0.222734,-0.421457,0.218530,0.818709,0.183293,0.000000,0.000000
-1.851367,0.004080,0.976279,-0.001409,0.005140,-0.061155,0.998114,-0.116841,0.012740,0.154702,0.135105,-0.099693,-0.006854,-0.032827,-0.028435,-0.141193,0.317642,-0.184867,0.002550,0.069709,-0.001115,0.181139,0.263545,-0.125835,0.892809,1.480848,0.000000,0.000000,0.223334,-0.416945,0.208028,0.831807,0.188984,0.000000,0.000000
-1.847939,0.005836,0.976957,-0.001026,0.004091,-0.058287,0.998291,-0.114439,0.009295,0.144247,0.141312,-0.100771,-0.006140,-0.035234,-0.031820,-0.143586,0.341255,-0.186872,0.002267,0.064689,-0.000896,0.174881,0.261684,-0.134580,0.904276,1.478904,0.000000,0.000000,0.224966,-0.411834,0.195482,0.845081,0.195413,0.000000,0.000000
-1.845091,0.007986,0.977448,-0.000552,0.002982,-0.054179,0.998527,-0.112478,0.005016,0.134891,0.147619,-0.103996,-0.005770,-0.039397,-0.036209,-0.150063,0.369791,-0.190473,0.002458,0.060045,-0.000635,0.166201,0.259711,-0.144988,0.917557,1.478287,0.000000,0.000000,0.228277,-0.406087,0.178046,0.858005,0.201741,0.000000,0.000000
-1.842155,0.009997,0.977848,-0.000577,0.002410,-0.050534,0.998719,-0.110769,0.001575,0.131234,0.151929,-0.108602,-0.006045,-0.044119,-0.040021,-0.158142,0.396500,-0.189299,0.003116,0.055636,-0.000395,0.158065,0.257459,-0.154001,0.929693,1.479681,0.000000,0.000000,0.232636,-0.400006,0.161996,0.868174,0.207520,0.000000,0.000000
-1.839148,0.011851,0.978242,-0.000882,0.001950,-0.048027,0.998844,-0.108388,-0.001042,0.130060,0.154121,-0.114864,-0.006464,-0.049562,-0.043730,-0.167010,0.423517,-0.183563,0.004003,0.051717,-0.000140,0.149913,0.254624,-0.160271,0.942059,1.483420,0.000000,0.000000,0.237903,-0.392975,0.146466,0.875929,0.214551,0.000000,0.000000
-1.836018,0.013430,0.978669,-0.001546,0.001515,-0.045972,0.998940,-0.105082,-0.002659,0.130497,0.154064,-0.122393,-0.006854,-0.055448,-0.046940,-0.175701,0.450756,-0.173664,0.005068,0.047763,0.000052,0.141698,0.252185,-0.165313,0.954851,1.488043,0.000000,0.000000,0.243032,-0.385858,0.134174,0.883631,0.222099,0.000000,0.000000
-1.832691,0.014730,0.979298,-0.002594,0.000859,-0.044046,0.999026,-0.100620,-0.003074,0.128759,0.152425,-0.129877,-0.006600,-0.061516,-0.049329,-0.182167,0.478087,-0.162471,0.005993,0.043105,0.000269,0.134506,0.250763,-0.168995,0.967104,1.491846,0.000000,0.000000,0.247819,-0.378822,0.124637,0.891209,0.228914,0.000000,0.000000
-1.829263,0.015698,0.980069,-0.003764,-0.000204,-0.042596,0.999085,-0.094758,-0.002472,0.123220,0.149177,-0.136849,-0.005527,-0.067924,-0.051018,-0.187357,0.508394,-0.143352,0.006998,0.037731,0.000457,0.127626,0.249412,-0.170464,0.979624,1.495798,0.000000,0.000000,0.252549,-0.371965,0.119674,0.897570,0.234929,0.000000,0.000000
-1.825637,0.016581,0.981029,-0.004888,-0.001537,-0.041086,0.999142,-0.088054,-0.001581,0.114431,0.145298,-0.142267,-0.003927,-0.074363,-0.052598,-0.191565,0.539790,-0.118932,0.007947,0.031359,0.000658,0.122098,0.247950,-0.171200,0.990370,1.498162,0.000000,0.000000,0.256980,-0.364229,0.119635,0.905561,0.239881,0.000000,0.000000
-1.821880,0.017467,0.982165,-0.005964,-0.003259,-0.039607,0.999192,-0.080994,-0.000748,0.103969,0.142183,-0.145728,-0.002136,-0.080462,-0.054328,-0.194595,0.570851,-0.091199,0.008655,0.024702,0.000825,0.117305,0.246633,-0.170413,1.000410,1.499496,0.000000,0.000000,0.261195,-0.356800,0.124178,0.912841,0.243685,0.000000,0.000000
-1.818045,0.018536,0.983392,-0.007037,-0.005267,-0.038132,0.999234,-0.073531,-0.000214,0.093682,0.139823,-0.148213,-0.000476,-0.086533,-0.056773,-0.197881,0.602804,-0.057919,0.009287,0.017303,0.000973,0.114180,0.245422,-0.168307,1.008412,1.499114,0.000000,0.000000,0.265303,-0.350391,0.130235,0.920818,0.243676,0.000000,0.000000
-1.814156,0.019775,0.984645,-0.008064,-0.007368,-0.036564,0.999272,-0.066161,-0.000034,0.084647,0.138256,-0.149791,0.000896,-0.092223,-0.059845,-0.202022,0.633456,-0.020784,0.009929,0.010115,0.001152,0.111405,0.243582,-0.166266,1.015163,1.498679,0.000000,0.000000,0.269265,-0.343827,0.137545,0.928927,0.240569,0.000000,0.000000
-1.810290,0.021138,0.985864,-0.008921,-0.009324,-0.034851,0.999309,-0.059033,-0.000382,0.075799,0.136505,-0.150978,0.002118,-0.097763,-0.063313,-0.206050,0.662186,0.017721,0.010412,0.003104,0.001332,0.109361,0.241912,-0.165031,1.019415,1.496815,0.000000,0.000000,0.273368,-0.337399,0.147554,0.936140,0.236350,0.000000,0.000000
-1.806095,0.022341,0.987148,-0.009928,-0.010898,-0.033096,0.999343,-0.053118,-0.000415,0.069078,0.136498,-0.152677,0.003101,-0.102062,-0.065935,-0.209146,0.685339,0.048851,0.010819,-0.002501,0.001477,0.107254,0.240634,-0.164680,1.021423,1.495142,0.000000,0.000000,0.277753,-0.331877,0.156547,0.940803,0.230564,0.000000,0.000000
-1.802547,0.024310,0.988247,-0.010791,-0.012947,-0.031151,0.999373,-0.045941,-0.001478,0.061912,0.134773,-0.154686,0.003907,-0.107961,-0.070588,-0.213294,0.712042,0.089975,0.010969,-0.009759,0.001652,0.105287,0.238377,-0.163546,1.023471,1.492189,0.000000,0.000000,0.282337,-0.325912,0.167955,0.946956,0.221261,0.000000,0.000000
-1.798522,0.025771,0.989493,-0.011770,-0.014352,-0.029315,0.999398,-0.040360,-0.001929,0.056791,0.135003,-0.156445,0.004562,-0.112423,-0.073899,-0.216306,0.732016,0.120047,0.011132,-0.014843,0.001825,0.103878,0.236457,-0.163859,1.022640,1.489851,0.000000,0.000000,0.287281,-0.320386,0.178602,0.951300,0.213880,0.000000,0.000000
-1.794922,0.027411,0.990624,-0.012980,-0.015890,-0.027374,0.999415,-0.034881,-0.002087,0.052075,0.134885,-0.158588,0.005225,-0.117255,-0.076933,-0.219470,0.749939,0.144650,0.011377,-0.020061,0.001959,0.102370,0.234946,-0.164998,1.021094,1.487213,0.000000,0.000000,0.292032,-0.315666,0.189789,0.953987,0.203133,0.000000,0.000000
-1.791435,0.029218,0.991636,-0.014072,-0.017295,-0.025749,0.999420,-0.030087,-0.002519,0.048204,0.134516,-0.160854,0.005696,-0.121966,-0.080102,-0.223670,0.763684,0.155807,0.011720,-0.024523,0.002087,0.101304,0.233971,-0.165165,1.018266,1.484303,0.000000,0.000000,0.296608,-0.311258,0.198747,0.956718,0.192477,0.000000,0.000000
-1.787859,0.031098,0.992518,-0.015129,-0.018532,-0.024631,0.999410,-0.025235,-0.003181,0.044222,0.133948,-0.163692,0.006132,-0.127132,-0.083714,-0.228698,0.776013,0.156645,0.012093,-0.028695,0.002212,0.100622,0.232960,-0.166894,1.014192,1.480762,0.000000,0.000000,0.301320,-0.306821,0.209631,0.958972,0.182227,0.000000,0.000000
-1.784488,0.032920,0.993046,-0.016226,-0.019982,-0.022937,0.999406,-0.019411,-0.003948,0.040113,0.132410,-0.166673,0.006564,-0.133819,-0.087874,-0.234662,0.790800,0.146312,0.012570,-0.034886,0.002362,0.100127,0.232061,-0.168955,1.008237,1.476287,0.000000,0.000000,0.306587,-0.302071,0.221651,0.961349,0.167120,0.000000,0.000000
-1.780930,0.034513,0.993784,-0.017443,-0.021148,-0.021701,0.999389,-0.014715,-0.004272,0.037153,0.132370,-0.169328,0.006933,-0.139415,-0.091192,-0.239836,0.800370,0.134341,0.013063,-0.039818,0.002514,0.099389,0.231708,-0.170516,1.002249,1.473336,0.000000,0.000000,0.311304,-0.298163,0.230298,0.962765,0.156137,0.000000,0.000000
-1.777391,0.036221,0.994160,-0.018392,-0.022423,-0.020492,0.999369,-0.009516,-0.004913,0.033158,0.131593,-0.172305,0.007379,-0.145673,-0.094983,-0.246503,0.811479,0.123841,0.013797,-0.045161,0.002676,0.099046,0.231163,-0.172375,0.994944,1.469519,0.000000,0.000000,0.316149,-0.293793,0.238929,0.964275,0.145280,0.000000,0.000000
-1.773949,0.037801,0.994607,-0.019389,-0.023396,-0.018946,0.999359,-0.004659,-0.005478,0.029343,0.130780,-0.174941,0.007820,-0.151973,-0.098524,-0.253610,0.820171,0.116463,0.014747,-0.050812,0.002848,0.098908,0.231175,-0.175524,0.986563,1.467577,0.000000,0.000000,0.320284,-0.290223,0.246328,0.965492,0.135757,0.000000,0.000000
-1.770608,0.039276,0.995061,-0.020346,-0.024389,-0.017284,0.999346,-0.000158,-0.005948,0.025520,0.130549,-0.177194,0.008287,-0.158130,-0.101726,-0.261184,0.826044,0.111238,0.015918,-0.056479,0.003014,0.099060,0.231777,-0.179712,0.977499,1.465681,0.000000,0.000000,0.324179,-0.287030,0.251398,0.966673,0.129232,0.000000,0.000000
-1.767372,0.040496,0.995467,-0.021145,-0.025177,-0.015874,0.999333,0.003941,-0.006406,0.021238,0.130508,-0.179261,0.008825,-0.164268,-0.104170,-0.268529,0.828711,0.107706,0.017273,-0.061937,0.003194,0.098935,0.232488,-0.184721,0.967639,1.464955,0.000000,0.000000,0.327406,-0.284045,0.255053,0.967756,0.125727,0.000000,0.000000
-1.764275,0.041320,0.995818,-0.022093,-0.025763,-0.014109,0.999324,0.007536,-0.006261,0.017488,0.130877,-0.180294,0.009432,-0.170416,-0.105185,-0.275215,0.828009,0.104545,0.018895,-0.067729,0.003401,0.098508,0.233528,-0.190424,0.957518,1.465304,0.000000,0.000000,0.330189,-0.280901,0.257230,0.968623,0.124635,0.000000,0.000000
-1.761269,0.041979,0.996061,-0.023001,-0.026141,-0.012352,0.999317,0.010848,-0.005791,0.014390,0.131306,-0.181453,0.010016,-0.176948,-0.105121,-0.282081,0.823895,0.101554,0.020877,-0.073740,0.003609,0.098072,0.235138,-0.196092,0.946241,1.466327,0.000000,0.000000,0.332745,-0.277524,0.258055,0.969307,0.125760,0.000000,0.000000
-1.758345,0.042349,0.996231,-0.023825,-0.026379,-0.011117,0.999306,0.013593,-0.005135,0.011746,0.131871,-0.182781,0.010573,-0.183214,-0.103817,-0.287663,0.816457,0.099623,0.022871,-0.079012,0.003786,0.097405,0.236469,-0.201381,0.934791,1.467079,0.000000,0.000000,0.334219,-0.274455,0.257929,0.970555,0.128717,0.000000,0.000000
-1.755491,0.042480,0.996372,-0.024587,-0.026653,-0.010226,0.999290,0.015954,-0.004293,0.008967,0.133163,-0.184251,0.011197,-0.189203,-0.101518,-0.292181,0.806037,0.098659,0.024869,-0.083461,0.003926,0.096658,0.238167,-0.206877,0.924300,1.467416,0.000000,0.000000,0.335280,-0.271836,0.256953,0.971855,0.134038,0.000000,0.000000
-1.752644,0.042399,0.996495,-0.025320,-0.026747,-0.009221,0.999279,0.017891,-0.003165,0.006952,0.135110,-0.185797,0.011777,-0.194857,-0.098419,-0.296258,0.792641,0.098447,0.026931,-0.087375,0.004074,0.095522,0.240101,-0.212227,0.914094,1.467845,0.000000,0.000000,0.336103,-0.269368,0.255434,0.972957,0.139283,0.000000,0.000000
-1.749895,0.042116,0.996582,-0.025953,-0.026909,-0.008070,0.999268,0.019490,-0.001838,0.005203,0.137711,-0.187627,0.012364,-0.200133,-0.094698,-0.300155,0.776662,0.099406,0.029066,-0.090984,0.004224,0.094127,0.242562,-0.217950,0.903661,1.469744,0.000000,0.000000,0.336339,-0.267251,0.253688,0.974409,0.143553,0.000000,0.000000
-1.746932,0.041781,0.996599,-0.026531,-0.026830,-0.007768,0.999258,0.020871,-0.000527,0.003768,0.140891,-0.190012,0.012897,-0.205112,-0.090478,-0.303395,0.757871,0.100967,0.031133,-0.093775,0.004319,0.092793,0.244921,-0.222403,0.893713,1.470099,0.000000,0.000000,0.336452,-0.265523,0.251492,0.975727,0.147650,0.000000,0.000000
-1.743969,0.041281,0.996552,-0.027237,-0.026873,-0.006373,0.999247,0.021975,0.001378,0.003113,0.144849,-0.192928,0.013459,-0.209489,-0.085760,-0.306800,0.737284,0.103599,0.033300,-0.096711,0.004420,0.091547,0.247299,-0.227256,0.884888,1.468308,0.000000,0.000000,0.336715,-0.263394,0.249141,0.976738,0.151922,0.000000,0.000000
-1.740743,0.040958,0.996336,-0.027563,-0.026937,-0.006717,0.999234,0.023118,0.002550,0.002221,0.149741,-0.196737,0.013874,-0.213534,-0.081241,-0.309969,0.714668,0.106410,0.035267,-0.098442,0.004502,0.089800,0.250541,-0.232694,0.875346,1.468872,0.000000,0.000000,0.336651,-0.263101,0.246875,0.976706,0.155847,0.000000,0.000000
-1.737449,0.040584,0.996025,-0.027753,-0.026988,-0.007042,0.999226,0.024242,0.003243,0.001448,0.155238,-0.201659,0.014156,-0.217126,-0.076792,-0.312732,0.690576,0.109803,0.037043,-0.099084,0.004526,0.088288,0.253349,-0.238330,0.864768,1.469331,0.000000,0.000000,0.336757,-0.262982,0.244931,0.976472,0.160263,0.000000,0.000000
-1.734141,0.040078,0.995747,-0.027885,-0.027107,-0.006556,0.999222,0.025267,0.004115,0.001949,0.161133,-0.207150,0.014290,-0.220059,-0.072585,-0.314092,0.665135,0.114142,0.038324,-0.099669,0.004549,0.086976,0.255346,-0.242537,0.855435,1.467657,0.000000,0.000000,0.337077,-0.262769,0.242432,0.975638,0.164342,0.000000,0.000000
-1.730629,0.039646,0.995356,-0.027079,-0.027478,-0.007853,0.999225,0.026648,0.003590,0.004497,0.167784,-0.213310,0.013767,-0.222349,-0.069566,-0.312575,0.638548,0.118818,0.038480,-0.099556,0.004548,0.085996,0.257130,-0.246002,0.846050,1.467027,0.000000,0.000000,0.337385,-0.264198,0.239635,0.974536,0.167770,0.000000,0.000000
-1.727110,0.039140,0.994902,-0.026293,-0.027956,-0.009419,0.999219,0.028170,0.002577,0.007224,0.175078,-0.219859,0.013101,-0.224258,-0.066746,-0.309842,0.610975,0.123308,0.038270,-0.097675,0.004509,0.085492,0.258138,-0.250207,0.837403,1.466402,0.000000,0.000000,0.338406,-0.266228,0.239040,0.973141,0.170050,0.000000,0.000000
-1.723528,0.038517,0.994377,-0.025589,-0.028339,-0.010988,0.999210,0.029646,0.001672,0.011343,0.182697,-0.226761,0.012250,-0.225732,-0.063757,-0.306534,0.582337,0.127489,0.037930,-0.095677,0.004520,0.084999,0.259063,-0.253766,0.829301,1.466469,0.000000,0.000000,0.339355,-0.268094,0.238369,0.971159,0.171882,0.000000,0.000000
-1.719879,0.037932,0.993792,-0.024875,-0.028783,-0.012389,0.999199,0.031059,0.000806,0.015387,0.190751,-0.233952,0.011419,-0.226755,-0.060825,-0.303280,0.552841,0.131431,0.037535,-0.092847,0.004455,0.084112,0.259898,-0.256971,0.821772,1.467170,0.000000,0.000000,0.340367,-0.270369,0.237883,0.968447,0.172839,0.000000,0.000000
-1.715971,0.037385,0.993055,-0.024164,-0.028859,-0.014214,0.999190,0.032383,-0.000240,0.019985,0.199456,-0.241554,0.010455,-0.227515,-0.057610,-0.299778,0.520477,0.135673,0.037048,-0.089874,0.004427,0.083499,0.261168,-0.261078,0.813545,1.468160,0.000000,0.000000,0.341343,-0.273125,0.238300,0.965430,0.173855,0.000000,0.000000
-1.712049,0.036773,0.992231,-0.023386,-0.029038,-0.015887,0.999178,0.033507,-0.001225,0.023778,0.207725,-0.249017,0.009626,-0.227821,-0.054754,-0.296779,0.490445,0.139948,0.036606,-0.086761,0.004382,0.082745,0.262244,-0.264499,0.806598,1.468675,0.000000,0.000000,0.342225,-0.275529,0.238372,0.962297,0.175012,0.000000,0.000000
-1.708037,0.036143,0.991267,-0.022509,-0.029250,-0.017630,0.999163,0.034643,-0.002404,0.028395,0.217427,-0.257352,0.008618,-0.227723,-0.051893,-0.293923,0.457608,0.145060,0.036081,-0.082781,0.004307,0.082277,0.263170,-0.268697,0.799316,1.469209,0.000000,0.000000,0.343622,-0.278041,0.239988,0.958810,0.175144,0.000000,0.000000
-1.703908,0.035358,0.990222,-0.021731,-0.029310,-0.018951,0.999154,0.035490,-0.003130,0.032638,0.226665,-0.265344,0.007776,-0.227216,-0.049180,-0.291333,0.427181,0.151550,0.035659,-0.079596,0.004269,0.081601,0.264397,-0.271662,0.792893,1.469945,0.000000,0.000000,0.344486,-0.280469,0.240186,0.955443,0.176066,0.000000,0.000000
-1.699733,0.034619,0.989044,-0.020784,-0.029517,-0.020597,0.999136,0.036311,-0.004035,0.037194,0.236804,-0.274098,0.006838,-0.226345,-0.046633,-0.289023,0.395906,0.160023,0.035244,-0.076246,0.004215,0.080842,0.265571,-0.274474,0.786870,1.470356,0.000000,0.000000,0.345436,-0.282970,0.240033,0.951846,0.177976,0.000000,0.000000
-1.695422,0.033881,0.987753,-0.019679,-0.029689,-0.022312,0.999116,0.037081,-0.005178,0.041495,0.247562,-0.283263,0.005873,-0.225151,-0.044355,-0.287108,0.364345,0.170836,0.034867,-0.072190,0.004113,0.080201,0.266420,-0.277058,0.780984,1.471027,0.000000,0.000000,0.346401,-0.285823,0.240428,0.948376,0.179005,0.000000,0.000000
-1.690992,0.033155,0.986349,-0.018604,-0.029769,-0.023768,0.999101,0.037703,-0.006171,0.046201,0.258049,-0.292513,0.004883,-0.223688,-0.042452,-0.285620,0.334789,0.183530,0.034575,-0.068425,0.004035,0.079796,0.266780,-0.279896,0.775961,1.472019,0.000000,0.000000,0.347633,-0.288321,0.241772,0.944707,0.177804,0.000000,0.000000
-1.686466,0.032470,0.984794,-0.017209,-0.029859,-0.025523,0.999080,0.038254,-0.007583,0.051536,0.269618,-0.302351,0.003685,-0.221822,-0.040941,-0.284672,0.304103,0.199250,0.034325,-0.064364,0.003926,0.079208,0.267073,-0.282092,0.770944,1.472991,0.000000,0.000000,0.348627,-0.291114,0.242077,0.941067,0.177085,0.000000,0.000000
-1.681821,0.031750,0.983138,-0.015739,-0.029902,-0.027105,0.999061,0.038719,-0.009121,0.057222,0.281821,-0.312922,0.002393,-0.219647,-0.039757,-0.284156,0.273305,0.217410,0.034131,-0.059983,0.003836,0.078533,0.267150,-0.284229,0.766127,1.474173,0.000000,0.000000,0.349740,-0.293720,0.241909,0.937675,0.177519,0.000000,0.000000
-1.677101,0.031028,0.981384,-0.014258,-0.030074,-0.028783,0.999031,0.039192,-0.010747,0.062869,0.294754,-0.324098,0.001081,-0.217090,-0.038749,-0.283922,0.243067,0.237454,0.034014,-0.055462,0.003744,0.077720,0.267186,-0.286448,0.761652,1.475278,0.000000,0.000000,0.350640,-0.296487,0.241319,0.934393,0.178658,0.000000,0.000000
-1.672237,0.030312,0.979534,-0.012773,-0.030148,-0.030453,0.999000,0.039614,-0.012396,0.068260,0.308258,-0.335558,-0.000207,-0.214242,-0.037833,-0.283834,0.213501,0.258781,0.033961,-0.050755,0.003639,0.076969,0.267286,-0.287963,0.757630,1.476701,0.000000,0.000000,0.351389,-0.299716,0.239924,0.930814,0.179230,0.000000,0.000000
-1.667317,0.029631,0.977577,-0.011212,-0.030190,-0.031749,0.998977,0.039929,-0.013873,0.073463,0.321049,-0.346595,-0.001423,-0.211404,-0.037239,-0.284089,0.186763,0.279199,0.033963,-0.046531,0.003549,0.076331,0.267376,-0.289416,0.753823,1.478817,0.000000,0.000000,0.352307,-0.302844,0.238140,0.927032,0.179633,0.000000,0.000000
-1.662186,0.029017,0.975436,-0.009610,-0.030099,-0.033617,0.998935,0.040229,-0.015689,0.079355,0.335602,-0.359188,-0.002846,-0.208145,-0.036625,-0.284450,0.157374,0.302664,0.033986,-0.041521,0.003425,0.075656,0.267273,-0.290312,0.749904,1.481208,0.000000,0.000000,0.353157,-0.306712,0.236400,0.922848,0.179322,0.000000,0.000000
-1.656992,0.028474,0.973175,-0.008118,-0.030150,-0.034800,0.998906,0.040482,-0.017150,0.084664,0.349196,-0.370418,-0.004094,-0.204966,-0.036359,-0.285159,0.131947,0.323999,0.034056,-0.037118,0.003330,0.075234,0.266670,-0.290209,0.747384,1.483034,0.000000,0.000000,0.354341,-0.309846,0.233788,0.919323,0.179169,0.000000,0.000000
-1.651745,0.027862,0.970816,-0.006516,-0.030163,-0.035750,0.998884,0.040713,-0.018575,0.089788,0.363476,-0.382210,-0.005314,-0.201598,-0.036265,-0.286124,0.106684,0.345168,0.034143,-0.032857,0.003240,0.074854,0.265886,-0.290037,0.745380,1.485128,0.000000,0.000000,0.355648,-0.313078,0.230817,0.915807,0.178997,0.000000,0.000000
-1.646432,0.027229,0.968399,-0.005088,-0.029998,-0.036481,0.998871,0.040854,-0.019774,0.094377,0.377951,-0.394473,-0.006394,-0.198083,-0.036038,-0.286983,0.081996,0.365370,0.034247,-0.029001,0.003184,0.074171,0.265362,-0.289654,0.743582,1.487773,0.000000,0.000000,0.356655,-0.316539,0.227973,0.912300,0.178824,0.000000,0.000000
-1.641020,0.026683,0.965879,-0.003541,-0.029807,-0.037361,0.998851,0.040978,-0.021094,0.098618,0.392685,-0.407126,-0.007458,-0.194580,-0.035907,-0.287985,0.058382,0.384223,0.034348,-0.025142,0.003088,0.073495,0.264551,-0.288402,0.742162,1.490942,0.000000,0.000000,0.357598,-0.320039,0.224561,0.908535,0.178530,0.000000,0.000000
-1.635591,0.026121,0.963264,-0.002145,-0.029573,-0.037842,0.998844,0.041042,-0.022173,0.102185,0.406264,-0.418716,-0.008350,-0.191315,-0.035807,-0.288913,0.038216,0.400002,0.034440,-0.021915,0.003020,0.073182,0.263779,-0.287259,0.741164,1.494081,0.000000,0.000000,0.358322,-0.323248,0.221744,0.905137,0.177578,0.000000,0.000000
-1.630113,0.025366,0.960559,-0.000840,-0.029149,-0.038306,0.998840,0.041050,-0.022967,0.105877,0.420287,-0.430927,-0.009191,-0.188012,-0.035483,-0.289614,0.018432,0.415695,0.034545,-0.019096,0.002983,0.072704,0.262885,-0.284736,0.740428,1.497666,0.000000,0.000000,0.358721,-0.326268,0.218845,0.901918,0.176824,0.000000,0.000000
-1.624545,0.024593,0.957767,0.000434,-0.028852,-0.038690,0.998835,0.041127,-0.023528,0.109430,0.434712,-0.443575,-0.009962,-0.184648,-0.035173,-0.290342,0.000167,0.431393,0.034677,-0.016383,0.002918,0.071790,0.261506,-0.280800,0.741058,1.501652,0.000000,0.000000,0.358743,-0.329389,0.215856,0.898623,0.175387,0.000000,0.000000
-1.618862,0.023754,0.954905,0.001854,-0.028575,-0.038897,0.998833,0.041277,-0.024130,0.112131,0.449301,-0.456386,-0.010613,-0.181355,-0.035100,-0.291333,-0.016227,0.447278,0.034831,-0.013976,0.002869,0.071371,0.260220,-0.277496,0.741743,1.505566,0.000000,0.000000,0.358901,-0.332470,0.213442,0.896152,0.174725,0.000000,0.000000
-1.613052,0.022845,0.951995,0.003057,-0.028256,-0.038707,0.998846,0.041400,-0.024326,0.113942,0.461114,-0.466173,-0.011003,-0.178796,-0.035144,-0.292199,-0.017450,0.460016,0.035024,-0.012417,0.002841,0.071147,0.259174,-0.273406,0.742757,1.508631,0.000000,0.000000,0.358776,-0.334629,0.210813,0.894157,0.174184,0.000000,0.000000
-1.607248,0.021938,0.948991,0.004153,-0.027895,-0.038359,0.998866,0.041418,-0.024391,0.115187,0.472518,-0.474905,-0.011267,-0.176456,-0.035234,-0.293010,-0.017450,0.472006,0.035275,-0.011339,0.002809,0.071290,0.258499,-0.269235,0.743477,1.511297,0.000000,0.000000,0.358239,-0.336656,0.208078,0.892857,0.174204,0.000000,0.000000
-1.601448,0.021013,0.945953,0.005068,-0.027574,-0.037623,0.998899,0.041285,-0.024218,0.116165,0.485880,-0.484386,-0.011436,-0.173825,-0.035372,-0.293945,-0.017450,0.485346,0.035604,-0.010447,0.002786,0.071504,0.257627,-0.264823,0.744724,1.514107,0.000000,0.000000,0.357742,-0.338695,0.205950,0.891606,0.173361,0.000000,0.000000
-1.595619,0.020066,0.942837,0.005939,-0.027174,-0.036875,0.998933,0.040947,-0.023837,0.116970,0.500855,-0.494232,-0.011533,-0.170994,-0.035519,-0.294944,-0.017450,0.499317,0.035980,-0.009840,0.002775,0.071799,0.256970,-0.259679,0.746293,1.516560,0.000000,0.000000,0.356894,-0.340716,0.203642,0.890699,0.172792,0.000000,0.000000
-1.589810,0.019134,0.939616,0.006791,-0.026857,-0.035987,0.998968,0.040381,-0.023273,0.117631,0.517285,-0.504167,-0.011572,-0.168028,-0.035714,-0.296035,-0.017450,0.512872,0.036387,-0.009430,0.002752,0.072339,0.256412,-0.254162,0.748324,1.518225,0.000000,0.000000,0.355611,-0.342645,0.201419,0.890359,0.172590,0.000000,0.000000
-1.583803,0.018092,0.936312,0.007767,-0.026152,-0.035401,0.999001,0.039562,-0.022605,0.118144,0.534609,-0.514063,-0.011571,-0.165062,-0.035872,-0.297092,-0.017450,0.525882,0.036806,-0.009203,0.002730,0.073106,0.256145,-0.247877,0.750126,1.520685,0.000000,0.000000,0.353855,-0.344880,0.198766,0.890307,0.172083,0.000000,0.000000
-1.577795,0.017109,0.932947,0.008654,-0.025575,-0.034815,0.999029,0.038519,-0.021807,0.118596,0.552933,-0.523641,-0.011539,-0.162101,-0.036047,-0.298186,-0.017450,0.537871,0.037218,-0.008985,0.002719,0.074224,0.255820,-0.241180,0.752182,1.523094,0.000000,0.000000,0.351746,-0.347047,0.196308,0.890713,0.170998,0.000000,0.000000
-1.571747,0.016222,0.929507,0.009709,-0.025108,-0.034443,0.999044,0.037047,-0.020962,0.119185,0.575930,-0.534623,-0.011563,-0.158579,-0.036443,-0.299753,-0.017450,0.551011,0.037707,-0.008565,0.002702,0.075676,0.254974,-0.232780,0.755439,1.525670,0.000000,0.000000,0.349002,-0.349552,0.193240,0.891906,0.170462,0.000000,0.000000
-1.565648,0.015369,0.925990,0.010807,-0.024647,-0.034201,0.999053,0.035209,-0.020172,0.120084,0.601886,-0.545795,-0.011701,-0.154860,-0.037124,-0.301761,-0.017450,0.564231,0.038215,-0.007848,0.002656,0.077605,0.254055,-0.223055,0.759254,1.528707,0.000000,0.000000,0.345840,-0.352425,0.189372,0.893447,0.169980,0.000000,0.000000
-1.559526,0.014520,0.922367,0.011987,-0.024234,-0.034286,0.999046,0.033361,-0.019636,0.121355,0.626540,-0.555127,-0.011981,-0.151609,-0.037982,-0.303880,-0.017450,0.575704,0.038665,-0.006730,0.002607,0.079760,0.252890,-0.214319,0.763172,1.531027,0.000000,0.000000,0.342779,-0.355101,0.186141,0.895432,0.169679,0.000000,0.000000
-1.552996,0.013595,0.918763,0.012894,-0.023549,-0.034392,0.999048,0.031740,-0.019056,0.122499,0.651754,-0.563175,-0.012271,-0.148334,-0.038791,-0.305980,-0.017450,0.587119,0.039141,-0.004988,0.002532,0.082156,0.251866,-0.205521,0.767357,1.533067,0.000000,0.000000,0.339647,-0.357687,0.182818,0.897736,0.169299,0.000000,0.000000
-1.546909,0.012575,0.914955,0.013732,-0.023297,-0.034354,0.999044,0.029599,-0.017962,0.124120,0.679650,-0.571945,-0.012521,-0.144943,-0.039612,-0.308133,-0.017450,0.600197,0.039655,-0.003540,0.002492,0.084987,0.250440,-0.195804,0.772825,1.535123,0.000000,0.000000,0.336159,-0.359852,0.179424,0.901093,0.169563,0.000000,0.000000
-1.540150,0.011494,0.911165,0.014473,-0.022506,-0.034181,0.999057,0.028022,-0.016671,0.125509,0.705476,-0.579147,-0.012696,-0.141746,-0.040328,-0.310139,-0.017450,0.608236,0.040124,-0.002021,0.002450,0.087560,0.249162,-0.185964,0.778764,1.535594,0.000000,0.000000,0.332537,-0.361719,0.175440,0.904317,0.170479,0.000000,0.000000
-1.533375,0.010336,0.907203,0.015073,-0.021860,-0.033905,0.999072,0.026891,-0.015096,0.126746,0.729090,-0.584851,-0.012737,-0.138882,-0.040883,-0.311866,-0.017450,0.611443,0.040497,-0.000745,0.002396,0.090229,0.248112,-0.177553,0.784359,1.535585,0.000000,0.000000,0.329439,-0.362600,0.173445,0.908234,0.171686,0.000000,0.000000
-1.527110,0.009257,0.895595,0.015670,-0.021285,-0.033524,0.999088,0.025123,-0.013105,0.128659,0.755043,-0.593101,-0.012777,-0.136504,-0.041565,-0.313609,-0.005307,0.612777,0.040853,-0.000572,0.002342,0.093215,0.246504,-0.167430,0.791433,1.536267,0.000000,0.000000,0.325037,-0.363844,0.170764,0.912703,0.172179,0.000000,0.000000
-1.522022,0.007482,0.884579,0.015512,-0.019929,-0.032066,0.999167,0.022134,-0.010094,0.129717,0.776616,-0.599861,-0.012286,-0.134978,-0.040048,-0.312169,-0.000889,0.603158,0.041003,-0.001990,0.002369,0.095028,0.246063,-0.159848,0.798052,1.535289,0.000000,0.000000,0.319616,-0.364590,0.168078,0.916344,0.171480,0.000000,0.000000
-1.516054,0.006069,0.875363,0.015142,-0.018376,-0.030322,0.999256,0.017515,-0.005035,0.130534,0.806848,-0.609986,-0.011274,-0.132783,-0.038488,-0.311300,0.006027,0.548077,0.040538,-0.004727,0.002432,0.096660,0.246833,-0.149812,0.807370,1.533683,0.000000,0.000000,0.312035,-0.364741,0.166247,0.921582,0.168129,0.000000,0.000000
-1.509976,0.004199,0.868842,0.014625,-0.017148,-0.028558,0.999338,0.013904,0.000590,0.131089,0.832440,-0.616121,-0.010023,-0.131333,-0.036492,-0.309746,0.016710,0.489539,0.039778,-0.007833,0.002489,0.098831,0.248016,-0.141671,0.814506,1.533310,0.000000,0.000000,0.306149,-0.364565,0.166282,0.925811,0.165085,0.000000,0.000000
-1.504057,0.002462,0.864917,0.013810,-0.015875,-0.027135,0.999410,0.010445,0.006412,0.131554,0.856195,-0.617210,-0.008673,-0.130624,-0.034140,-0.307485,0.028057,0.433056,0.038910,-0.011288,0.002513,0.101427,0.249355,-0.133473,0.823279,1.531524,0.000000,0.000000,0.299141,-0.363690,0.165934,0.930823,0.163479,0.000000,0.000000
-1.498087,0.000984,0.865424,0.012935,-0.014520,-0.026349,0.999464,0.006843,0.012187,0.133313,0.880192,-0.616943,-0.007566,-0.130485,-0.032048,-0.305359,0.039595,0.380690,0.037997,-0.014110,0.002531,0.103817,0.250306,-0.125262,0.831196,1.530875,0.000000,0.000000,0.291789,-0.362990,0.166753,0.935914,0.161808,0.000000,0.000000
-1.492100,-0.000505,0.866351,0.011863,-0.013545,-0.026610,0.999484,0.003335,0.018037,0.135985,0.905069,-0.616292,-0.006587,-0.130483,-0.030194,-0.301578,0.051409,0.335426,0.036845,-0.015961,0.002495,0.106659,0.250789,-0.115644,0.840900,1.531975,0.000000,0.000000,0.284747,-0.361819,0.169979,0.941336,0.160729,0.000000,0.000000
-1.485374,-0.001657,0.867245,0.011626,-0.013161,-0.028282,0.999446,0.001068,0.022313,0.139580,0.930802,-0.615625,-0.006251,-0.129429,-0.030562,-0.293190,0.063227,0.298156,0.034280,-0.016137,0.002348,0.111101,0.249852,-0.106033,0.850966,1.532627,0.000000,0.000000,0.278289,-0.361538,0.173863,0.947126,0.159229,0.000000,0.000000
-1.478757,-0.002881,0.867991,0.011162,-0.013558,-0.031262,0.999357,-0.000874,0.026770,0.145050,0.960586,-0.610753,-0.006262,-0.128088,-0.031397,-0.281321,0.079104,0.259608,0.031001,-0.015001,0.002192,0.117087,0.247620,-0.094163,0.863663,1.533609,0.000000,0.000000,0.270768,-0.361540,0.180564,0.955527,0.156337,0.000000,0.000000
-1.473090,-0.004310,0.868476,0.010448,-0.014661,-0.035968,0.999191,-0.003944,0.031690,0.152589,0.995261,-0.595921,-0.006590,-0.128091,-0.031925,-0.263484,0.100620,0.216974,0.026790,-0.013642,0.002037,0.124659,0.244635,-0.078727,0.879598,1.537341,0.000000,0.000000,0.259300,-0.360823,0.192731,0.969240,0.152342,0.000000,0.000000
-1.466371,-0.005430,0.868770,0.009957,-0.015759,-0.039305,0.999053,-0.005936,0.035327,0.157342,1.025428,-0.577902,-0.006699,-0.127215,-0.033519,-0.246789,0.118641,0.186910,0.022806,-0.012312,0.001854,0.131683,0.242336,-0.066630,0.894145,1.539980,0.000000,0.000000,0.250093,-0.360426,0.202341,0.981229,0.148420,0.000000,0.000000
-1.460849,-0.006814,0.868855,0.009546,-0.017920,-0.044148,0.998819,-0.009630,0.039366,0.163579,1.061966,-0.550155,-0.007038,-0.127213,-0.035110,-0.225779,0.142472,0.148826,0.018110,-0.011212,0.001670,0.140773,0.239432,-0.051572,0.913301,1.541864,0.000000,0.000000,0.237077,-0.359331,0.217484,1.001279,0.141928,0.000000,0.000000
-1.455173,-0.007975,0.868801,0.009446,-0.020093,-0.048088,0.998596,-0.013821,0.042800,0.169058,1.097331,-0.518093,-0.007400,-0.127403,-0.037163,-0.207671,0.166395,0.112721,0.013961,-0.010423,0.001522,0.150071,0.236801,-0.039631,0.931735,1.542445,0.000000,0.000000,0.224388,-0.358312,0.231408,1.021218,0.136243,0.000000,0.000000
-1.449623,-0.008894,0.868621,0.009618,-0.022416,-0.051575,0.998371,-0.018717,0.045126,0.173009,1.132339,-0.478834,-0.007775,-0.127472,-0.039529,-0.193532,0.190263,0.076838,0.010549,-0.008930,0.001329,0.159366,0.233941,-0.030821,0.950467,1.540535,0.000000,0.000000,0.212381,-0.357422,0.243516,1.041519,0.129835,0.000000,0.000000
-1.444336,-0.009787,0.868276,0.009925,-0.024829,-0.054715,0.998144,-0.024513,0.047125,0.175727,1.166918,-0.431910,-0.007988,-0.127474,-0.041939,-0.183891,0.214691,0.042305,0.008026,-0.006529,0.001183,0.168859,0.230917,-0.025866,0.969653,1.536823,0.000000,0.000000,0.201066,-0.355389,0.254704,1.063101,0.125824,0.000000,0.000000
-1.439388,-0.010650,0.867766,0.010212,-0.027309,-0.057336,0.997929,-0.030915,0.049253,0.177172,1.199605,-0.379184,-0.007861,-0.127300,-0.044608,-0.177327,0.238201,0.011021,0.006052,-0.002961,0.001003,0.177237,0.228507,-0.023785,0.989670,1.531207,0.000000,0.000000,0.191176,-0.353427,0.263916,1.083453,0.122665,0.000000,0.000000
-1.434843,-0.011708,0.867176,0.010464,-0.029659,-0.059717,0.997720,-0.037848,0.051764,0.177080,1.229329,-0.324562,-0.007265,-0.126956,-0.047210,-0.172871,0.259260,-0.016487,0.004517,0.001589,0.000809,0.184608,0.227031,-0.024835,1.008625,1.524356,0.000000,0.000000,0.181791,-0.351826,0.269679,1.100888,0.120293,0.000000,0.000000
-1.430413,-0.012838,0.866482,0.010466,-0.031537,-0.062116,0.997516,-0.045457,0.054583,0.175794,1.256439,-0.272763,-0.006337,-0.126582,-0.049460,-0.169413,0.278782,-0.038331,0.003303,0.007161,0.000575,0.190631,0.224621,-0.027330,1.028202,1.518026,0.000000,0.000000,0.173074,-0.349126,0.274476,1.117091,0.119833,0.000000,0.000000
-1.426025,-0.014242,0.865671,0.010099,-0.033340,-0.064238,0.997326,-0.053004,0.058560,0.173885,1.281363,-0.228285,-0.004974,-0.126008,-0.050691,-0.165753,0.296593,-0.054778,0.002356,0.012148,0.000364,0.195663,0.221966,-0.032291,1.047568,1.512302,0.000000,0.000000,0.164864,-0.345764,0.278437,1.131545,0.122241,0.000000,0.000000
-1.421530,-0.016074,0.864703,0.009456,-0.035312,-0.066481,0.997118,-0.060095,0.064100,0.171858,1.305071,-0.189524,-0.003195,-0.125151,-0.050525,-0.161317,0.314412,-0.066521,0.001671,0.016526,0.000223,0.200451,0.219615,-0.036436,1.066622,1.506421,0.000000,0.000000,0.157134,-0.341399,0.281282,1.145035,0.128877,0.000000,0.000000
-1.416966,-0.018804,0.863572,0.008579,-0.037540,-0.068991,0.996874,-0.066371,0.073515,0.172634,1.328832,-0.158024,-0.000993,-0.123753,-0.048155,-0.155853,0.332717,-0.076115,0.001395,0.020634,0.000067,0.205279,0.217815,-0.041689,1.085261,1.499989,0.000000,0.000000,0.148961,-0.338089,0.289059,1.156846,0.130153,0.000000,0.000000
-1.411226,-0.022736,0.862685,0.008118,-0.039421,-0.071576,0.996623,-0.070108,0.085603,0.175977,1.346169,-0.153064,0.001464,-0.121114,-0.044639,-0.150249,0.347170,-0.083679,0.001373,0.023516,-0.000079,0.210931,0.215581,-0.047613,1.099198,1.496897,0.000000,0.000000,0.143052,-0.336258,0.296123,1.164386,0.133809,0.000000,0.000000
-1.406331,-0.026924,0.861483,0.006902,-0.042061,-0.075334,0.996247,-0.074675,0.101688,0.180881,1.366488,-0.169381,0.004658,-0.117451,-0.038511,-0.140780,0.363186,-0.094332,0.001307,0.028536,-0.000286,0.216635,0.212835,-0.054368,1.115460,1.495331,0.000000,0.000000,0.135151,-0.332182,0.305363,1.175176,0.138694,0.000000,0.000000
-1.401052,-0.029781,0.860465,0.006152,-0.044189,-0.079055,0.995871,-0.079317,0.113293,0.184092,1.382800,-0.190200,0.006943,-0.113807,-0.033999,-0.131591,0.376872,-0.105160,0.000819,0.034129,-0.000514,0.222367,0.209927,-0.062922,1.129171,1.496152,0.000000,0.000000,0.127600,-0.328086,0.313197,1.184644,0.142074,0.000000,0.000000
-1.395851,-0.031289,0.859612,0.005959,-0.046291,-0.082423,0.995504,-0.084337,0.119714,0.186321,1.395750,-0.203575,0.007952,-0.110193,-0.031993,-0.123825,0.389176,-0.116433,-0.000092,0.040351,-0.000770,0.228458,0.206712,-0.073803,1.139133,1.497946,0.000000,0.000000,0.120911,-0.324840,0.319831,1.192808,0.142395,0.000000,0.000000
-1.390890,-0.031696,0.858942,0.006345,-0.048406,-0.085324,0.995156,-0.090001,0.121308,0.187562,1.405071,-0.207662,0.007787,-0.106662,-0.032425,-0.117068,0.400181,-0.128171,-0.001471,0.046411,-0.000978,0.234979,0.203089,-0.087386,1.146528,1.501309,0.000000,0.000000,0.114224,-0.321642,0.322066,1.200677,0.148955,0.000000,0.000000
-1.386074,-0.031544,0.858331,0.006987,-0.050127,-0.087641,0.994866,-0.097181,0.119828,0.188081,1.411109,-0.206795,0.006849,-0.102853,-0.034560,-0.110431,0.410631,-0.141372,-0.003277,0.053865,-0.001236,0.241396,0.199307,-0.104933,1.151947,1.508033,0.000000,0.000000,0.108033,-0.319837,0.325583,1.206334,0.152472,0.000000,0.000000
-1.381524,-0.031412,0.857842,0.007774,-0.051662,-0.089800,0.994589,-0.105299,0.116990,0.188689,1.413176,-0.205217,0.005497,-0.099072,-0.037331,-0.103565,0.419479,-0.154868,-0.005284,0.062055,-0.001538,0.247771,0.196072,-0.125197,1.153777,1.518609,0.000000,0.000000,0.102510,-0.320878,0.332332,1.207204,0.148830,0.000000,0.000000
-1.376981,-0.031380,0.857429,0.008506,-0.053077,-0.091419,0.994361,-0.113174,0.114323,0.189121,1.411387,-0.206262,0.004282,-0.095557,-0.039930,-0.097476,0.426745,-0.165456,-0.007092,0.069194,-0.001733,0.253828,0.192913,-0.143334,1.152798,1.528172,0.000000,0.000000,0.098139,-0.321634,0.336943,1.205970,0.148356,0.000000,0.000000
-1.372310,-0.031449,0.857003,0.009239,-0.054127,-0.093716,0.994084,-0.121673,0.111762,0.190739,1.406340,-0.209282,0.002838,-0.091956,-0.042654,-0.091442,0.433655,-0.174592,-0.008916,0.077277,-0.001928,0.260076,0.189982,-0.162180,1.149163,1.540158,0.000000,0.000000,0.094056,-0.322585,0.341944,1.202565,0.149548,0.000000,0.000000
-1.367718,-0.031827,0.856548,0.009675,-0.055113,-0.095556,0.993850,-0.129989,0.110596,0.193350,1.398305,-0.212983,0.001589,-0.088437,-0.044508,-0.085630,0.439737,-0.181128,-0.010463,0.084985,-0.002105,0.266293,0.187884,-0.179149,1.144043,1.550024,0.000000,0.000000,0.090256,-0.322942,0.346725,1.197528,0.152227,0.000000,0.000000
-1.363045,-0.032329,0.856132,0.009978,-0.055696,-0.097988,0.993578,-0.138236,0.110172,0.196850,1.387141,-0.216021,0.000350,-0.085068,-0.045818,-0.080336,0.444655,-0.185898,-0.011775,0.092937,-0.002314,0.272144,0.186517,-0.194277,1.137507,1.559156,0.000000,0.000000,0.087212,-0.322448,0.353018,1.191522,0.154794,0.000000,0.000000
-1.358436,-0.033087,0.855727,0.010005,-0.056124,-0.100146,0.993338,-0.146532,0.111035,0.200861,1.372847,-0.219046,-0.000645,-0.081629,-0.046244,-0.075249,0.448473,-0.189628,-0.012818,0.100336,-0.002524,0.277099,0.186965,-0.206292,1.130508,1.566711,0.000000,0.000000,0.083049,-0.322581,0.358414,1.182674,0.155601,0.000000,0.000000
-1.353771,-0.033805,0.855410,0.009973,-0.056213,-0.102155,0.993129,-0.155146,0.112375,0.205407,1.354417,-0.222429,-0.001647,-0.077955,-0.046299,-0.070408,0.450791,-0.193303,-0.013724,0.107620,-0.002743,0.281449,0.188012,-0.215760,1.122181,1.568921,0.000000,0.000000,0.078850,-0.321582,0.363005,1.172354,0.158358,0.000000,0.000000
-1.349028,-0.034416,0.855261,0.010022,-0.055977,-0.104079,0.992942,-0.163474,0.113593,0.210188,1.332867,-0.226056,-0.002726,-0.074301,-0.046428,-0.066233,0.451249,-0.197326,-0.014532,0.114541,-0.003024,0.284834,0.189889,-0.223346,1.113227,1.569474,0.000000,0.000000,0.074246,-0.320816,0.368661,1.160652,0.157604,0.000000,0.000000
-1.344133,-0.034800,0.855247,0.010257,-0.055421,-0.106107,0.992756,-0.171770,0.113987,0.215440,1.307017,-0.229501,-0.004130,-0.070551,-0.047148,-0.062921,0.450335,-0.201368,-0.015340,0.121972,-0.003306,0.287406,0.190808,-0.226423,1.103980,1.569617,0.000000,0.000000,0.069620,-0.319614,0.372446,1.148006,0.158960,0.000000,0.000000
-1.339043,-0.035262,0.855311,0.010523,-0.054545,-0.107961,0.992602,-0.179511,0.114145,0.220246,1.278048,-0.232668,-0.005438,-0.066875,-0.047949,-0.060321,0.448307,-0.205096,-0.016037,0.128915,-0.003589,0.288945,0.192045,-0.227020,1.094466,1.569644,0.000000,0.000000,0.064671,-0.318360,0.375536,1.134978,0.160493,0.000000,0.000000
-1.333911,-0.035412,0.855360,0.010776,-0.053922,-0.109449,0.992470,-0.186598,0.113391,0.224629,1.246098,-0.232560,-0.006860,-0.062971,-0.049259,-0.058887,0.446358,-0.208392,-0.016656,0.135346,-0.003887,0.291059,0.193681,-0.227673,1.085294,1.564228,0.000000,0.000000,0.060340,-0.316488,0.378991,1.122001,0.163458,0.000000,0.000000
-1.328477,-0.035750,0.855412,0.011094,-0.052792,-0.110758,0.992382,-0.193167,0.112749,0.229671,1.210394,-0.232388,-0.008336,-0.059065,-0.050578,-0.058595,0.443762,-0.210914,-0.017073,0.141117,-0.004134,0.291912,0.195102,-0.225707,1.076236,1.556859,0.000000,0.000000,0.055232,-0.314678,0.381451,1.108490,0.165332,0.000000,0.000000
-1.322951,-0.035683,0.855501,0.011555,-0.051651,-0.112226,0.992272,-0.199093,0.110914,0.234727,1.171700,-0.230634,-0.010080,-0.055168,-0.052756,-0.059759,0.440894,-0.213135,-0.017457,0.146707,-0.004385,0.292637,0.196740,-0.222723,1.066917,1.547666,0.000000,0.000000,0.050195,-0.312690,0.384549,1.094819,0.166961,0.000000,0.000000
-1.317289,-0.035661,0.855564,0.012002,-0.050295,-0.113377,0.992206,-0.204485,0.108790,0.240151,1.128634,-0.228904,-0.011868,-0.051117,-0.055073,-0.061348,0.437668,-0.214953,-0.017802,0.151896,-0.004664,0.293041,0.198474,-0.219050,1.057585,1.537623,0.000000,0.000000,0.044957,-0.310385,0.387315,1.080647,0.169294,0.000000,0.000000
-1.311597,-0.035644,0.855617,0.012378,-0.048902,-0.114632,0.992126,-0.209003,0.106807,0.245821,1.083895,-0.227411,-0.013551,-0.047096,-0.057191,-0.062531,0.434143,-0.216614,-0.018171,0.156816,-0.004933,0.292832,0.200389,-0.215126,1.048417,1.529029,0.000000,0.000000,0.039693,-0.308263,0.391369,1.066081,0.171237,0.000000,0.000000
-1.305772,-0.035762,0.855668,0.012663,-0.047249,-0.116113,0.992031,-0.212731,0.105325,0.252373,1.036881,-0.225788,-0.015159,-0.043042,-0.058997,-0.063382,0.429923,-0.218045,-0.018516,0.161529,-0.005208,0.292297,0.202140,-0.210395,1.039543,1.521269,0.000000,0.000000,0.034011,-0.305853,0.396729,1.051688,0.172856,0.000000,0.000000
-1.299903,-0.035893,0.855715,0.012786,-0.045385,-0.117568,0.991945,-0.215893,0.104026,0.259120,0.987287,-0.223763,-0.016612,-0.038948,-0.060475,-0.064110,0.424913,-0.219450,-0.018793,0.165737,-0.005454,0.291542,0.203992,-0.204887,1.030501,1.513086,0.000000,0.000000,0.027750,-0.303122,0.402718,1.037294,0.174198,0.000000,0.000000
-1.293962,-0.036152,0.855767,0.012901,-0.043378,-0.119076,0.991853,-0.218295,0.102890,0.266242,0.935562,-0.221413,-0.017939,-0.034794,-0.061801,-0.064954,0.419358,-0.220670,-0.019010,0.169423,-0.005709,0.290883,0.206384,-0.200024,1.021878,1.508599,0.000000,0.000000,0.020787,-0.300095,0.409841,1.023402,0.174282,0.000000,0.000000
-1.287949,-0.036550,0.855691,0.012438,-0.041173,-0.119972,0.991845,-0.220273,0.102803,0.273263,0.879822,-0.219026,-0.018706,-0.030390,-0.061932,-0.065414,0.413170,-0.221446,-0.018977,0.171917,-0.005938,0.289934,0.209160,-0.194717,1.013095,1.505565,0.000000,0.000000,0.013432,-0.296743,0.418799,1.008877,0.172019,0.000000,0.000000
-1.281806,-0.036619,0.855662,0.012319,-0.038874,-0.121307,0.991777,-0.221538,0.101646,0.280250,0.824837,-0.214801,-0.019706,-0.026324,-0.062848,-0.066652,0.406944,-0.221959,-0.019021,0.174182,-0.006162,0.288480,0.211172,-0.189350,1.005650,1.504693,0.000000,0.000000,0.005279,-0.293708,0.427192,0.995644,0.168515,0.000000,0.000000
-1.275526,-0.036650,0.855594,0.012232,-0.036284,-0.122934,0.991676,-0.222222,0.100182,0.288080,0.766686,-0.208307,-0.020771,-0.022482,-0.064185,-0.069172,0.400478,-0.221907,-0.018949,0.176684,-0.006377,0.286394,0.212026,-0.184216,0.997839,1.506917,0.000000,0.000000,-0.003119,-0.290629,0.435993,0.981972,0.165458,0.000000,0.000000
-1.269271,-0.036447,0.855481,0.012126,-0.033650,-0.124035,0.991633,-0.222403,0.097686,0.294986,0.703961,-0.200493,-0.021648,-0.018721,-0.065653,-0.071231,0.393952,-0.221656,-0.018994,0.178410,-0.006599,0.284163,0.212884,-0.179559,0.990605,1.510506,0.000000,0.000000,-0.012138,-0.286899,0.445288,0.968490,0.162390,0.000000,0.000000
-1.263023,-0.035925,0.855280,0.012005,-0.030906,-0.125127,0.991587,-0.222138,0.094415,0.300839,0.641957,-0.191849,-0.022414,-0.015380,-0.067457,-0.073841,0.387887,-0.221190,-0.019033,0.179840,-0.006789,0.281588,0.213453,-0.175687,0.984453,1.514457,0.000000,0.000000,-0.020890,-0.283883,0.454741,0.955409,0.159562,0.000000,0.000000
-1.256767,-0.035013,0.855073,0.012033,-0.028031,-0.126096,0.991549,-0.221258,0.089584,0.305497,0.574745,-0.181247,-0.023045,-0.012201,-0.070068,-0.077056,0.381608,-0.220746,-0.019179,0.181019,-0.007022,0.278356,0.213455,-0.172103,0.978313,1.519209,0.000000,0.000000,-0.030856,-0.281001,0.464511,0.942226,0.154857,0.000000,0.000000
-1.250466,-0.033696,0.854784,0.012035,-0.025048,-0.126835,0.991535,-0.219973,0.083708,0.307664,0.506445,-0.169008,-0.023303,-0.009319,-0.073170,-0.080564,0.375557,-0.220292,-0.019403,0.181713,-0.007161,0.274846,0.212869,-0.168169,0.973162,1.523100,0.000000,0.000000,-0.040602,-0.278579,0.473708,0.929089,0.149132,0.000000,0.000000
-1.244047,-0.032102,0.854385,0.012028,-0.022105,-0.127548,0.991513,-0.218206,0.077411,0.308534,0.439344,-0.155257,-0.023401,-0.006614,-0.076717,-0.084237,0.370155,-0.219838,-0.019714,0.181571,-0.007266,0.271015,0.211636,-0.164591,0.969115,1.525351,0.000000,0.000000,-0.050090,-0.276128,0.482684,0.916501,0.144376,0.000000,0.000000
-1.237516,-0.030230,0.853921,0.012031,-0.019304,-0.128135,0.991496,-0.215878,0.070464,0.307306,0.370775,-0.138640,-0.023171,-0.003851,-0.080818,-0.088195,0.365055,-0.219469,-0.020127,0.180974,-0.007410,0.266939,0.210441,-0.159885,0.965770,1.525840,0.000000,0.000000,-0.060127,-0.274160,0.490704,0.903958,0.138940,0.000000,0.000000
-1.230807,-0.028191,0.855983,0.012108,-0.016516,-0.128823,0.991456,-0.212994,0.063013,0.305257,0.302847,-0.119271,-0.022935,-0.001155,-0.085464,-0.093202,0.360174,-0.219206,-0.020502,0.180540,-0.007491,0.262617,0.208049,-0.156223,0.963524,1.524128,0.000000,0.000000,-0.068822,-0.270894,0.499886,0.893140,0.136153,0.000000,0.000000
-1.223932,-0.026289,0.857339,0.011978,-0.013828,-0.129063,0.991468,-0.209618,0.056459,0.302151,0.238939,-0.097355,-0.022474,0.001603,-0.089662,-0.097682,0.355999,-0.219431,-0.020853,0.179197,-0.007550,0.257857,0.205717,-0.151379,0.962169,1.522545,0.000000,0.000000,-0.077511,-0.268131,0.507330,0.881984,0.132103,0.000000,0.000000
-1.216936,-0.024712,0.857594,0.011583,-0.011166,-0.129022,0.991511,-0.205876,0.050867,0.300192,0.176202,-0.073189,-0.022060,0.004559,-0.093273,-0.103613,0.352689,-0.219027,-0.020810,0.176919,-0.007589,0.252652,0.202636,-0.145420,0.961942,1.520552,0.000000,0.000000,-0.086147,-0.264712,0.513640,0.870347,0.127352,0.000000,0.000000
-1.209766,-0.023401,0.856969,0.010907,-0.008815,-0.128710,0.991583,-0.201809,0.047045,0.296119,0.119522,-0.047522,-0.021138,0.007855,-0.095868,-0.108383,0.350202,-0.218404,-0.020711,0.173646,-0.007563,0.247299,0.200171,-0.139387,0.962855,1.518082,0.000000,0.000000,-0.094116,-0.260999,0.519577,0.859381,0.123046,0.000000,0.000000
-1.202443,-0.022171,0.855672,0.010576,-0.006671,-0.128936,0.991574,-0.197641,0.043492,0.293434,0.068887,-0.023598,-0.020602,0.011260,-0.098858,-0.114126,0.348173,-0.217853,-0.020569,0.170937,-0.007592,0.242542,0.197713,-0.134025,0.963628,1.514908,0.000000,0.000000,-0.101476,-0.257783,0.525290,0.848836,0.119995,0.000000,0.000000
-1.194986,-0.021158,0.853905,0.010002,-0.004447,-0.128283,0.991677,-0.193505,0.040243,0.292005,0.020699,-0.003066,-0.020188,0.014916,-0.101347,-0.119814,0.346617,-0.217310,-0.020306,0.166986,-0.007563,0.237285,0.194935,-0.128871,0.965306,1.512763,0.000000,0.000000,-0.108663,-0.254242,0.529999,0.838075,0.116808,0.000000,0.000000
-1.187329,-0.020270,0.852314,0.009253,-0.002585,-0.126981,0.991859,-0.189423,0.037952,0.288033,-0.017450,0.015090,-0.019337,0.018886,-0.102941,-0.123624,0.346046,-0.217263,-0.020136,0.162661,-0.007533,0.232055,0.193123,-0.125149,0.967354,1.510447,0.000000,0.000000,-0.115208,-0.251485,0.533562,0.827676,0.115662,0.000000,0.000000
-1.179657,-0.019396,0.853069,0.009210,-0.000910,-0.127133,0.991843,-0.188851,0.037592,0.287594,-0.017450,0.016784,-0.019298,0.019451,-0.103347,-0.124239,0.346053,-0.217120,-0.020148,0.162078,-0.007509,0.231275,0.192732,-0.124498,0.967742,1.510251,0.000000,0.000000,-0.116078,-0.251067,0.534205,0.826213,0.115408,0.000000,0.000000
-1.171775,-0.018480,0.854285,0.008601,0.000640,-0.125558,0.992049,-0.186565,0.035996,0.285765,-0.017450,0.022784,-0.019279,0.022002,-0.104784,-0.126370,0.346540,-0.216908,-0.020203,0.159139,-0.007427,0.227741,0.191178,-0.122225,0.969998,1.509160,0.000000,0.000000,-0.119777,-0.249252,0.536196,0.820144,0.115046,0.000000,0.000000
-1.164010,-0.017475,0.855384,0.008102,0.001891,-0.124532,0.992181,-0.183949,0.034023,0.283589,-0.017450,0.026953,-0.019349,0.024920,-0.106388,-0.128417,0.347795,-0.216789,-0.020326,0.155759,-0.007369,0.223530,0.189713,-0.120429,0.972568,1.507853,0.000000,0.000000,-0.123835,-0.247734,0.538711,0.813084,0.114778,0.000000,0.000000
-1.156250,-0.016480,0.856391,0.008130,0.002776,-0.124503,0.992182,-0.180153,0.031157,0.279521,-0.017450,0.029043,-0.019386,0.028805,-0.109156,-0.131483,0.350690,-0.216225,-0.020618,0.151575,-0.007309,0.217416,0.187371,-0.117706,0.977122,1.506147,0.000000,0.000000,-0.128686,-0.245395,0.541448,0.803877,0.114070,0.000000,0.000000
-1.148495,-0.015321,0.857698,0.007346,0.003462,-0.123226,0.992345,-0.174959,0.027418,0.272426,-0.017450,0.027974,-0.019188,0.033926,-0.112463,-0.133955,0.356695,-0.215827,-0.021206,0.145511,-0.007233,0.209115,0.184708,-0.116552,0.983619,1.503743,0.000000,0.000000,-0.135024,-0.243067,0.544892,0.791703,0.114425,0.000000,0.000000
-1.141020,-0.014136,0.858910,0.006668,0.004187,-0.123016,0.992374,-0.169669,0.023933,0.262840,-0.017450,0.022930,-0.018513,0.038529,-0.115868,-0.135216,0.365542,-0.215002,-0.022066,0.140030,-0.007113,0.200134,0.182006,-0.116251,0.991061,1.502216,0.000000,0.000000,-0.140836,-0.240450,0.547110,0.780005,0.114673,0.000000,0.000000
-1.133263,-0.012833,0.859883,0.005961,0.004744,-0.122721,0.992412,-0.165159,0.021619,0.251606,-0.017450,0.017613,-0.017347,0.041657,-0.118704,-0.134850,0.375502,-0.213730,-0.023048,0.135881,-0.007032,0.192213,0.179913,-0.117206,0.998141,1.501930,0.000000,0.000000,-0.144596,-0.238301,0.547817,0.771290,0.115018,0.000000,0.000000
-1.125394,-0.011202,0.860676,0.005244,0.004810,-0.121638,0.992549,-0.160775,0.019476,0.237418,-0.017450,0.014325,-0.015753,0.044242,-0.121902,-0.134692,0.388798,-0.212144,-0.024116,0.131090,-0.006955,0.182859,0.177709,-0.120223,1.008086,1.502729,0.000000,0.000000,-0.146619,-0.236679,0.547247,0.763040,0.115445,0.000000,0.000000
-1.117661,-0.009583,0.861222,0.004526,0.004881,-0.120517,0.992689,-0.158573,0.018354,0.228438,-0.017450,0.020299,-0.014766,0.045388,-0.124017,-0.134971,0.398701,-0.210282,-0.024760,0.127852,-0.006870,0.176675,0.176382,-0.122360,1.014622,1.504844,0.000000,0.000000,-0.147182,-0.235877,0.545870,0.758226,0.115272,0.000000,0.000000
-1.110049,-0.008417,0.861868,0.003849,0.004906,-0.119197,0.992851,-0.155787,0.017641,0.215811,-0.017450,0.035279,-0.013321,0.046620,-0.126531,-0.133600,0.414747,-0.206677,-0.025867,0.122440,-0.006726,0.168150,0.175121,-0.126861,1.023263,1.507437,0.000000,0.000000,-0.148167,-0.235150,0.543906,0.751928,0.115416,0.000000,0.000000
-1.102785,-0.007087,0.862250,0.003650,0.004537,-0.117317,0.993077,-0.153232,0.016999,0.204261,-0.017450,0.051379,-0.012115,0.047060,-0.129270,-0.132849,0.432833,-0.201692,-0.026952,0.116572,-0.006532,0.159458,0.174260,-0.132582,1.032036,1.510293,0.000000,0.000000,-0.148382,-0.234530,0.540894,0.747281,0.115856,0.000000,0.000000
-1.095526,-0.005630,0.862691,0.003389,0.004179,-0.114953,0.993356,-0.150286,0.016184,0.191247,-0.017450,0.069906,-0.010852,0.046484,-0.132415,-0.132424,0.457212,-0.193876,-0.028154,0.109354,-0.006283,0.148391,0.173183,-0.139544,1.042013,1.513510,0.000000,0.000000,-0.147890,-0.234819,0.536341,0.742471,0.116804,0.000000,0.000000
-1.088215,-0.004234,0.862877,0.003667,0.003324,-0.112439,0.993646,-0.147170,0.015209,0.177362,-0.017450,0.088549,-0.009486,0.044951,-0.136081,-0.132733,0.484979,-0.183439,-0.029406,0.102278,-0.006028,0.137586,0.172052,-0.149068,1.051773,1.515703,0.000000,0.000000,-0.146118,-0.235837,0.530659,0.739814,0.118244,0.000000,0.000000
-1.080863,-0.002544,0.862916,0.004065,0.001968,-0.109390,0.993989,-0.143786,0.013263,0.163440,-0.017450,0.102598,-0.008308,0.042424,-0.140812,-0.133768,0.519186,-0.170155,-0.030884,0.094611,-0.005703,0.126427,0.170415,-0.160933,1.062214,1.517975,0.000000,0.000000,-0.141669,-0.236707,0.522311,0.739946,0.120022,0.000000,0.000000
-1.074361,-0.000004,0.862550,0.004696,-0.000226,-0.105216,0.994438,-0.141424,0.008933,0.151012,-0.017450,0.102325,-0.007649,0.037774,-0.147119,-0.138356,0.560895,-0.150911,-0.032164,0.087770,-0.005343,0.114360,0.167366,-0.176221,1.075177,1.522628,0.000000,0.000000,-0.133546,-0.238023,0.509324,0.743078,0.121697,0.000000,0.000000
-1.067510,0.002597,0.862079,0.005404,-0.002469,-0.102056,0.994761,-0.139439,0.003974,0.140330,-0.017450,0.093146,-0.007145,0.032658,-0.153708,-0.141220,0.601864,-0.126000,-0.033823,0.082935,-0.005003,0.104132,0.164053,-0.190326,1.085586,1.528358,0.000000,0.000000,-0.123764,-0.238939,0.495844,0.747554,0.123720,0.000000,0.000000
-1.060613,0.005420,0.862254,0.005838,-0.004935,-0.098544,0.995103,-0.137189,-0.001179,0.131574,-0.007587,0.079938,-0.006952,0.027139,-0.160479,-0.145503,0.642732,-0.095625,-0.035166,0.078004,-0.004623,0.094942,0.161097,-0.204093,1.094127,1.534776,0.000000,0.000000,-0.113010,-0.239211,0.481566,0.752891,0.125611,0.000000,0.000000
-1.053829,0.008279,0.862902,0.006176,-0.008003,-0.095193,0.995407,-0.134285,-0.006311,0.121803,0.012110,0.062914,-0.006636,0.021033,-0.167499,-0.150946,0.685789,-0.058515,-0.036228,0.072696,-0.004234,0.086236,0.159338,-0.217425,1.101731,1.540486,0.000000,0.000000,-0.101368,-0.239315,0.466714,0.759469,0.127748,0.000000,0.000000
-1.046894,0.011634,0.863533,0.006515,-0.011038,-0.091330,0.995738,-0.130507,-0.012351,0.111774,0.031885,0.045291,-0.006514,0.014584,-0.176051,-0.158658,0.729405,-0.011269,-0.037077,0.066457,-0.003845,0.078235,0.158141,-0.230773,1.106956,1.545719,0.000000,0.000000,-0.087982,-0.238199,0.453447,0.767197,0.131625,0.000000,0.000000
-1.040107,0.015022,0.863935,0.007015,-0.013918,-0.087723,0.996023,-0.125828,-0.018789,0.102575,0.047420,0.028644,-0.006593,0.007758,-0.184969,-0.166441,0.768615,0.035941,-0.037742,0.059549,-0.003427,0.070081,0.157287,-0.241369,1.110965,1.549594,0.000000,0.000000,-0.074745,-0.236169,0.440605,0.776301,0.139569,0.000000,0.000000
-1.033398,0.018465,0.864401,0.006853,-0.016321,-0.082791,0.996410,-0.120332,-0.024882,0.091303,0.059218,0.013812,-0.006233,0.000658,-0.192386,-0.173842,0.806384,0.087408,-0.037662,0.050865,-0.002970,0.060569,0.157449,-0.252104,1.113417,1.552641,0.000000,0.000000,-0.061826,-0.234725,0.428267,0.785408,0.149780,0.000000,0.000000
-1.026652,0.021874,0.864635,0.007390,-0.018458,-0.079554,0.996632,-0.113744,-0.031550,0.079458,0.066011,-0.000213,-0.005905,-0.006530,-0.200897,-0.180536,0.838717,0.136777,-0.037785,0.042485,-0.002532,0.052054,0.157599,-0.259934,1.113268,1.554624,0.000000,0.000000,-0.049492,-0.231675,0.417203,0.796464,0.163543,0.000000,0.000000
-1.019818,0.025137,0.864993,0.007059,-0.020411,-0.074522,0.996985,-0.106730,-0.037072,0.065894,0.070665,-0.011806,-0.005039,-0.013114,-0.206011,-0.181780,0.867738,0.181341,-0.037808,0.032915,-0.002086,0.042676,0.159175,-0.269370,1.111267,1.556146,0.000000,0.000000,-0.038933,-0.231922,0.409665,0.805055,0.174298,0.000000,0.000000
-1.012131,0.027739,0.865308,0.007265,-0.022226,-0.072096,0.997124,-0.099238,-0.041888,0.052228,0.075429,-0.021872,-0.004032,-0.018496,-0.211078,-0.179237,0.891168,0.216652,-0.038521,0.024296,-0.001671,0.034995,0.161341,-0.276813,1.106802,1.559106,0.000000,0.000000,-0.028168,-0.231330,0.405276,0.814250,0.183995,0.000000,0.000000
-1.004643,0.030814,0.865611,0.006996,-0.024426,-0.069597,0.997252,-0.091265,-0.046667,0.040499,0.079840,-0.031564,-0.003352,-0.023806,-0.216621,-0.178437,0.912018,0.240396,-0.039063,0.016526,-0.001321,0.027624,0.163061,-0.284144,1.102289,1.560018,0.000000,0.000000,-0.017140,-0.231078,0.401378,0.824139,0.193813,0.000000,0.000000
-0.997026,0.034140,0.865919,0.006327,-0.026538,-0.066916,0.997386,-0.083774,-0.051241,0.031259,0.084737,-0.040747,-0.003028,-0.028643,-0.222006,-0.180891,0.928445,0.241573,-0.039321,0.009643,-0.000972,0.020081,0.166047,-0.290925,1.096317,1.560495,0.000000,0.000000,-0.006498,-0.231796,0.396606,0.833920,0.202057,0.000000,0.000000
-0.989497,0.037021,0.866028,0.006525,-0.029075,-0.064965,0.997443,-0.075183,-0.056763,0.022073,0.089338,-0.051506,-0.002948,-0.034359,-0.228428,-0.184997,0.945052,0.219952,-0.039943,0.003602,-0.000649,0.013198,0.168719,-0.298031,1.088324,1.558890,0.000000,0.000000,0.005741,-0.232277,0.392535,0.845515,0.208043,0.000000,0.000000
-0.982280,0.038856,0.866358,0.005722,-0.031211,-0.062039,0.997569,-0.067134,-0.060064,0.014615,0.095687,-0.061366,-0.002604,-0.040448,-0.229869,-0.185850,0.957827,0.190396,-0.040089,-0.003118,-0.000303,0.005218,0.172176,-0.304736,1.079740,1.555704,0.000000,0.000000,0.017990,-0.232502,0.388853,0.858121,0.212884,0.000000,0.000000
-0.975304,0.040042,0.866609,0.005222,-0.033112,-0.060571,0.997601,-0.059983,-0.062093,0.009946,0.101566,-0.070114,-0.002406,-0.046962,-0.228803,-0.183761,0.965279,0.163719,-0.040223,-0.008364,0.000016,-0.001646,0.175614,-0.309507,1.070277,1.551886,0.000000,0.000000,0.029211,-0.231692,0.386769,0.871475,0.212952,0.000000,0.000000
-0.968949,0.040588,0.866994,0.003968,-0.034755,-0.058022,0.997702,-0.053384,-0.062139,0.006590,0.107138,-0.077917,-0.001938,-0.054276,-0.223351,-0.179253,0.969663,0.143135,-0.039554,-0.013930,0.000304,-0.009430,0.179905,-0.314926,1.060249,1.546868,0.000000,0.000000,0.039757,-0.230343,0.384909,0.886163,0.211708,0.000000,0.000000
-0.962918,0.040657,0.867325,0.003110,-0.036048,-0.057245,0.997704,-0.047089,-0.061588,0.004223,0.111150,-0.085675,-0.001483,-0.062647,-0.216350,-0.174450,0.969923,0.127389,-0.038446,-0.017903,0.000528,-0.017895,0.183958,-0.318657,1.049966,1.541801,0.000000,0.000000,0.049464,-0.228333,0.384014,0.902366,0.206665,0.000000,0.000000
-0.957305,0.040234,0.867804,0.001564,-0.036984,-0.055125,0.997793,-0.041325,-0.059307,0.001817,0.114882,-0.092577,-0.000597,-0.071769,-0.205498,-0.168598,0.966913,0.116986,-0.036402,-0.022447,0.000797,-0.027223,0.188720,-0.323638,1.039525,1.535889,0.000000,0.000000,0.058426,-0.225749,0.383713,0.920267,0.199653,0.000000,0.000000
-0.951776,0.039642,0.868183,0.000520,-0.037720,-0.054580,0.997797,-0.035946,-0.057148,0.000557,0.117622,-0.099182,0.000076,-0.081187,-0.194707,-0.163682,0.960029,0.108248,-0.034178,-0.025927,0.000995,-0.036831,0.193124,-0.327965,1.028652,1.531432,0.000000,0.000000,0.066670,-0.222922,0.384429,0.938577,0.189592,0.000000,0.000000
-0.946440,0.038683,0.868699,-0.001207,-0.038203,-0.052084,0.997911,-0.031121,-0.053442,-0.000304,0.120635,-0.105356,0.001071,-0.090720,-0.181028,-0.159189,0.949835,0.099418,-0.031065,-0.030726,0.001265,-0.047154,0.199005,-0.333981,1.017105,1.526778,0.000000,0.000000,0.074602,-0.220171,0.384830,0.957609,0.178498,0.000000,0.000000
-0.940988,0.037786,0.869069,-0.002260,-0.038584,-0.051362,0.997932,-0.026420,-0.050606,-0.000392,0.122975,-0.111542,0.001733,-0.100171,-0.168667,-0.155315,0.936581,0.090724,-0.028243,-0.034359,0.001455,-0.056971,0.203802,-0.338919,1.005909,1.523531,0.000000,0.000000,0.082121,-0.216944,0.385845,0.977080,0.165465,0.000000,0.000000
-0.935622,0.036689,0.869433,-0.003400,-0.038858,-0.050311,0.997972,-0.021995,-0.047607,0.000596,0.125550,-0.117743,0.002275,-0.109423,-0.155747,-0.151340,0.920577,0.081387,-0.025296,-0.038042,0.001671,-0.066623,0.208689,-0.343405,0.994306,1.518751,0.000000,0.000000,0.089167,-0.214015,0.386319,0.996550,0.152982,0.000000,0.000000
-0.930284,0.035579,0.869826,-0.004800,-0.038994,-0.048238,0.998063,-0.018060,-0.044107,0.000801,0.128770,-0.123830,0.003066,-0.118135,-0.142091,-0.148089,0.901892,0.071171,-0.022003,-0.042667,0.001913,-0.076632,0.214635,-0.349934,0.982155,1.514222,0.000000,0.000000,0.095956,-0.211475,0.385949,1.015730,0.142364,0.000000,0.000000
-0.924732,0.034755,0.870046,-0.005474,-0.039157,-0.047731,0.998077,-0.013864,-0.041942,0.001324,0.131842,-0.130456,0.003476,-0.126773,-0.130157,-0.145580,0.879873,0.059062,-0.019110,-0.046215,0.002135,-0.085847,0.220124,-0.355234,0.968419,1.510277,0.000000,0.000000,0.102757,-0.209372,0.385501,1.035459,0.131439,0.000000,0.000000
-0.919074,0.033950,0.870267,-0.006272,-0.039070,-0.046220,0.998147,-0.010023,-0.039852,0.001612,0.134841,-0.136851,0.003917,-0.134733,-0.118689,-0.143714,0.855564,0.047457,-0.016208,-0.050387,0.002352,-0.094977,0.225661,-0.361035,0.954663,1.505893,0.000000,0.000000,0.109018,-0.207912,0.382940,1.053977,0.122908,0.000000,0.000000
-0.913349,0.033306,0.870389,-0.006779,-0.039011,-0.044800,0.998211,-0.006370,-0.038454,0.000769,0.138236,-0.143273,0.004368,-0.142051,-0.108373,-0.143291,0.828729,0.036621,-0.013335,-0.054419,0.002621,-0.104259,0.230967,-0.366914,0.940828,1.501249,0.000000,0.000000,0.115780,-0.206215,0.379020,1.072769,0.119716,0.000000,0.000000
-0.907538,0.032685,0.870473,-0.007280,-0.038925,-0.042935,0.998293,-0.002943,-0.037195,-0.001090,0.142327,-0.149180,0.004942,-0.148681,-0.098541,-0.143693,0.799812,0.027229,-0.010439,-0.058527,0.002854,-0.113536,0.236210,-0.373508,0.927120,1.496129,0.000000,0.000000,0.121913,-0.205850,0.374896,1.089820,0.117254,0.000000,0.000000
-0.901642,0.032012,0.870507,-0.007686,-0.038759,-0.040812,0.998385,0.000316,-0.036061,-0.003587,0.146756,-0.155483,0.005589,-0.154669,-0.089108,-0.144524,0.768913,0.020875,-0.007584,-0.063120,0.003156,-0.122768,0.241175,-0.380102,0.913077,1.490716,0.000000,0.000000,0.128066,-0.205303,0.369259,1.106576,0.117829,0.000000,0.000000
-0.895692,0.031324,0.870517,-0.008138,-0.038482,-0.038548,0.998482,0.003414,-0.034857,-0.006469,0.151263,-0.162195,0.006318,-0.160154,-0.079867,-0.146032,0.735610,0.016517,-0.004672,-0.068052,0.003442,-0.132129,0.246213,-0.386426,0.899138,1.485449,0.000000,0.000000,0.133165,-0.206539,0.361279,1.120457,0.119177,0.000000,0.000000
-0.889610,0.030528,0.870474,-0.008449,-0.038069,-0.036187,0.998584,0.006422,-0.033794,-0.009719,0.155761,-0.169160,0.007070,-0.165136,-0.070907,-0.147992,0.699881,0.013098,-0.001797,-0.072644,0.003724,-0.141452,0.250002,-0.393752,0.885894,1.479855,0.000000,0.000000,0.140057,-0.206054,0.355079,1.134980,0.122741,0.000000,0.000000
-0.883434,0.029661,0.870385,-0.008716,-0.037619,-0.033899,0.998679,0.009421,-0.032769,-0.012808,0.160352,-0.176365,0.007787,-0.169579,-0.062172,-0.150403,0.661853,0.010539,0.001037,-0.077192,0.003995,-0.150919,0.254478,-0.401650,0.872953,1.474240,0.000000,0.000000,0.146095,-0.206662,0.347859,1.148463,0.127561,0.000000,0.000000
-0.877110,0.028762,0.870294,-0.009124,-0.037002,-0.031255,0.998785,0.012285,-0.031408,-0.015657,0.164999,-0.183189,0.008551,-0.173365,-0.053478,-0.153564,0.621365,0.008140,0.003923,-0.082027,0.004300,-0.160676,0.258973,-0.408728,0.860347,1.469790,0.000000,0.000000,0.151712,-0.207996,0.337552,1.159946,0.132923,0.000000,0.000000
-0.870649,0.027956,0.870133,-0.009398,-0.036251,-0.028900,0.998881,0.015088,-0.030309,-0.017970,0.169541,-0.190617,0.009166,-0.176553,-0.045388,-0.157115,0.578530,0.005913,0.006602,-0.086311,0.004570,-0.170601,0.263143,-0.416597,0.848625,1.466070,0.000000,0.000000,0.157356,-0.209930,0.327219,1.170474,0.138581,0.000000,0.000000
-0.864079,0.027164,0.869908,-0.009583,-0.035360,-0.027030,0.998963,0.017833,-0.029467,-0.019647,0.174012,-0.197782,0.009622,-0.179257,-0.037642,-0.160649,0.533533,0.004923,0.009050,-0.089881,0.004811,-0.180780,0.266785,-0.423592,0.837954,1.464029,0.000000,0.000000,0.163069,-0.212093,0.316067,1.179753,0.143901,0.000000,0.000000
-0.857490,0.026359,0.869650,-0.009809,-0.034278,-0.024876,0.999055,0.020297,-0.028543,-0.021198,0.178445,-0.205408,0.010075,-0.181376,-0.030052,-0.164388,0.486103,0.003976,0.011348,-0.093233,0.005080,-0.190945,0.270082,-0.430937,0.827978,1.462527,0.000000,0.000000,0.168671,-0.214435,0.305023,1.188058,0.149930,0.000000,0.000000
-0.850843,0.025677,0.869314,-0.009934,-0.033153,-0.022862,0.999139,0.022574,-0.027918,-0.023029,0.183214,-0.212797,0.010502,-0.182877,-0.023114,-0.169355,0.436988,0.003582,0.013557,-0.095788,0.005321,-0.201749,0.273266,-0.437608,0.818649,1.462825,0.000000,0.000000,0.174212,-0.217158,0.292860,1.195280,0.156604,0.000000,0.000000
-0.844070,0.024844,0.868922,-0.009975,-0.031777,-0.020965,0.999225,0.024634,-0.027167,-0.024255,0.187896,-0.219861,0.010866,-0.183979,-0.016346,-0.174477,0.385918,0.004606,0.015579,-0.098188,0.005541,-0.212287,0.275866,-0.444658,0.810366,1.463127,0.000000,0.000000,0.179884,-0.219868,0.281180,1.201516,0.162473,0.000000,0.000000
-0.837253,0.024061,0.868478,-0.010045,-0.030472,-0.018889,0.999307,0.026609,-0.026318,-0.024806,0.192988,-0.226818,0.011153,-0.184553,-0.009789,-0.180682,0.333736,0.006933,0.017590,-0.099947,0.005712,-0.222804,0.278150,-0.451337,0.802728,1.464393,0.000000,0.000000,0.185845,-0.222584,0.268061,1.206886,0.166509,0.000000,0.000000
-0.830343,0.023219,0.867917,-0.009778,-0.028894,-0.017446,0.999382,0.028506,-0.025947,-0.025400,0.197777,-0.233727,0.011324,-0.184829,-0.003364,-0.187081,0.280324,0.011365,0.019426,-0.101062,0.005886,-0.232984,0.279900,-0.458265,0.796219,1.464791,0.000000,0.000000,0.191623,-0.225444,0.255448,1.211644,0.169877,0.000000,0.000000
-0.823480,0.022480,0.867285,-0.009411,-0.027247,-0.016313,0.999451,0.030222,-0.025898,-0.025437,0.202532,-0.240411,0.011336,-0.184859,0.002785,-0.194884,0.227918,0.016533,0.021331,-0.101133,0.006026,-0.243106,0.281279,-0.464687,0.790505,1.465884,0.000000,0.000000,0.197086,-0.228274,0.243881,1.215593,0.173148,0.000000,0.000000
-0.816639,0.021845,0.866572,-0.009018,-0.025394,-0.015215,0.999521,0.031671,-0.025960,-0.024752,0.207515,-0.246652,0.011209,-0.184450,0.008799,-0.202773,0.174099,0.022569,0.022995,-0.100827,0.006112,-0.253413,0.282135,-0.470546,0.785584,1.467451,0.000000,0.000000,0.202272,-0.230844,0.231985,1.219558,0.175515,0.000000,0.000000
-0.809822,0.021237,0.865789,-0.008452,-0.023329,-0.014353,0.999589,0.032842,-0.026137,-0.023896,0.212198,-0.253064,0.011027,-0.183607,0.014470,-0.210077,0.120210,0.029568,0.024281,-0.100079,0.006195,-0.263795,0.282418,-0.475831,0.781728,1.469238,0.000000,0.000000,0.206902,-0.233067,0.220146,1.223399,0.177625,0.000000,0.000000
-0.803017,0.020821,0.864917,-0.007771,-0.021066,-0.013762,0.999653,0.033784,-0.026607,-0.022072,0.216823,-0.259375,0.010624,-0.182239,0.019601,-0.216293,0.066588,0.036202,0.025084,-0.098625,0.006266,-0.273882,0.282179,-0.480078,0.778504,1.471617,0.000000,0.000000,0.211217,-0.235220,0.207880,1.226748,0.178793,0.000000,0.000000
-0.796042,0.020534,0.863977,-0.006884,-0.018537,-0.013601,0.999712,0.034565,-0.027549,-0.019937,0.220690,-0.265696,0.010058,-0.180448,0.023737,-0.219537,0.016186,0.042541,0.025138,-0.096418,0.006284,-0.283570,0.281302,-0.483637,0.776074,1.474412,0.000000,0.000000,0.214918,-0.237589,0.196431,1.229338,0.180148,0.000000,0.000000
-0.788920,0.020269,0.863017,-0.006032,-0.016316,-0.013627,0.999756,0.035213,-0.028292,-0.016826,0.225095,-0.270458,0.009399,-0.178559,0.026467,-0.220162,-0.017450,0.047666,0.024897,-0.094136,0.006251,-0.290706,0.280080,-0.486354,0.775183,1.476058,0.000000,0.000000,0.218146,-0.239069,0.187135,1.231516,0.180774,0.000000,0.000000
-0.781542,0.019910,0.862420,-0.004967,-0.014451,-0.014254,0.999782,0.035380,-0.028458,-0.016093,0.226087,-0.271409,0.009246,-0.178187,0.026858,-0.220033,-0.017450,0.048672,0.024861,-0.093540,0.006238,-0.291947,0.279774,-0.486770,0.775095,1.476386,0.000000,0.000000,0.218792,-0.239302,0.185369,1.231918,0.180834,0.000000,0.000000
-0.773809,0.019391,0.861782,-0.003887,-0.012915,-0.015055,0.999796,0.035729,-0.028702,-0.014867,0.227728,-0.273054,0.009000,-0.177616,0.027415,-0.219717,-0.017450,0.050257,0.024839,-0.092528,0.006203,-0.293732,0.279218,-0.487274,0.775104,1.476898,0.000000,0.000000,0.219832,-0.239609,0.182621,1.232532,0.180906,0.000000,0.000000
-0.765871,0.018922,0.860532,-0.002249,-0.011861,-0.016681,0.999788,0.037391,-0.029940,-0.010077,0.233943,-0.279271,0.007962,-0.175666,0.029148,-0.218637,-0.017450,0.055326,0.024825,-0.088503,0.006095,-0.299340,0.276805,-0.488508,0.775352,1.478542,0.000000,0.000000,0.223644,-0.240794,0.173064,1.234754,0.181015,0.000000,0.000000
-0.757815,0.018358,0.859210,-0.000718,-0.011237,-0.018386,0.999768,0.039610,-0.031429,-0.004919,0.240801,-0.286115,0.006799,-0.173728,0.030834,-0.217453,-0.017450,0.059444,0.024872,-0.084078,0.005948,-0.304408,0.273938,-0.489214,0.775978,1.480149,0.000000,0.000000,0.227634,-0.242122,0.163828,1.237022,0.181052,0.000000,0.000000
-0.749674,0.017723,0.857513,0.000444,-0.010688,-0.019886,0.999745,0.043008,-0.033304,0.001553,0.250149,-0.295361,0.005324,-0.171363,0.033019,-0.215699,-0.017450,0.062952,0.024992,-0.078354,0.005786,-0.309827,0.269837,-0.489205,0.777329,1.482130,0.000000,0.000000,0.232687,-0.243608,0.153040,1.240013,0.180489,0.000000,0.000000
-0.741495,0.017006,0.856276,0.000592,-0.010178,-0.020281,0.999742,0.046535,-0.034308,0.006773,0.259528,-0.304179,0.004249,-0.169257,0.035364,-0.213514,-0.017450,0.065084,0.025167,-0.073779,0.005672,-0.313871,0.266252,-0.488416,0.779047,1.484303,0.000000,0.000000,0.237095,-0.244445,0.144081,1.242986,0.179941,0.000000,0.000000
-0.733249,0.016314,0.856509,-0.000241,-0.009629,-0.019316,0.999767,0.049266,-0.034145,0.009329,0.267139,-0.310654,0.003875,-0.167747,0.037456,-0.211347,-0.017450,0.066559,0.025354,-0.071536,0.005682,-0.316058,0.264009,-0.487274,0.780621,1.486283,0.000000,0.000000,0.239983,-0.244055,0.138668,1.245237,0.179490,0.000000,0.000000
-0.724941,0.015624,0.856619,-0.001547,-0.009183,-0.017419,0.999805,0.052123,-0.033053,0.010570,0.275693,-0.317402,0.003936,-0.166266,0.039873,-0.208679,-0.017450,0.068461,0.025586,-0.070683,0.005736,-0.317440,0.262301,-0.485525,0.782485,1.488344,0.000000,0.000000,0.242405,-0.242742,0.134468,1.247836,0.178708,0.000000,0.000000
-0.716561,0.015130,0.856679,-0.002859,-0.008873,-0.015346,0.999839,0.055023,-0.031323,0.010634,0.285271,-0.324308,0.004336,-0.164947,0.042250,-0.205910,-0.017450,0.073246,0.025853,-0.071057,0.005804,-0.317796,0.261114,-0.483134,0.784356,1.490328,0.000000,0.000000,0.244124,-0.240851,0.131682,1.250860,0.177650,0.000000,0.000000
-0.708315,0.015095,0.856872,-0.003173,-0.008851,-0.014573,0.999850,0.058658,-0.029437,0.010374,0.298979,-0.333014,0.004814,-0.163597,0.043832,-0.201384,-0.017450,0.085006,0.025803,-0.072048,0.005880,-0.316686,0.259634,-0.478588,0.786715,1.492762,0.000000,0.000000,0.245355,-0.238679,0.129777,1.255288,0.175757,0.000000,0.000000
-0.700135,0.015196,0.857120,-0.003607,-0.008792,-0.014107,0.999855,0.062903,-0.027270,0.010521,0.318407,-0.342281,0.005278,-0.162228,0.043943,-0.195108,-0.017450,0.102080,0.025360,-0.073350,0.005932,-0.313582,0.257882,-0.471623,0.789737,1.495487,0.000000,0.000000,0.245713,-0.236133,0.128939,1.261228,0.172746,0.000000,0.000000
-0.692209,0.015366,0.857232,-0.004280,-0.008847,-0.013981,0.999854,0.066062,-0.025170,0.012078,0.339096,-0.348452,0.005499,-0.161375,0.042539,-0.189905,-0.017450,0.116334,0.024808,-0.074339,0.005939,-0.308600,0.256345,-0.463235,0.793378,1.498144,0.000000,0.000000,0.244625,-0.233419,0.129747,1.267394,0.170664,0.000000,0.000000
-0.684411,0.015568,0.857244,-0.005130,-0.008994,-0.014703,0.999838,0.068141,-0.023097,0.015458,0.362910,-0.351157,0.005405,-0.160825,0.040399,-0.185414,-0.017450,0.130902,0.024280,-0.074881,0.005879,-0.301728,0.254693,-0.452473,0.797365,1.500729,0.000000,0.000000,0.240863,-0.231104,0.132485,1.274698,0.165925,0.000000,0.000000
-0.676596,0.015687,0.857188,-0.006040,-0.009132,-0.015666,0.999817,0.068822,-0.020952,0.020726,0.388382,-0.349626,0.005011,-0.160563,0.038392,-0.182472,-0.017450,0.149112,0.024129,-0.075056,0.005782,-0.293182,0.252818,-0.440227,0.802140,1.503338,0.000000,0.000000,0.234694,-0.228919,0.137672,1.282704,0.159610,0.000000,0.000000
-0.668997,0.016158,0.857115,-0.006930,-0.009712,-0.016904,0.999786,0.068151,-0.019233,0.027531,0.416133,-0.343198,0.004224,-0.160426,0.035441,-0.178555,-0.015548,0.164756,0.023527,-0.074947,0.005691,-0.282329,0.250643,-0.427640,0.807882,1.506006,0.000000,0.000000,0.227257,-0.226810,0.144726,1.291327,0.153333,0.000000,0.000000
-0.661535,0.016288,0.857913,-0.007687,-0.010606,-0.018060,0.999751,0.066195,-0.017356,0.034975,0.445389,-0.333153,0.003351,-0.160342,0.032881,-0.173497,0.000205,0.170698,0.022702,-0.074562,0.005570,-0.269801,0.248014,-0.414982,0.814552,1.506830,0.000000,0.000000,0.219205,-0.224838,0.151542,1.300063,0.146875,0.000000,0.000000
-0.654145,0.016357,0.858868,-0.008248,-0.012014,-0.019477,0.999704,0.063170,-0.015750,0.042547,0.478402,-0.318387,0.002339,-0.159979,0.030578,-0.168400,0.021095,0.168034,0.021806,-0.073069,0.005396,-0.256914,0.246315,-0.401447,0.820795,1.508176,0.000000,0.000000,0.210705,-0.223464,0.156889,1.309185,0.139716,0.000000,0.000000
-0.647994,0.016414,0.859726,-0.008438,-0.014097,-0.021870,0.999626,0.056931,-0.014743,0.051386,0.520328,-0.296745,0.000858,-0.160554,0.027801,-0.161047,0.046681,0.157992,0.020248,-0.071271,0.005193,-0.239419,0.243308,-0.388186,0.828294,1.505600,0.000000,0.000000,0.200614,-0.222500,0.164190,1.319688,0.132704,0.000000,0.000000
-0.640406,0.016449,0.860566,-0.008624,-0.015583,-0.023091,0.999575,0.051975,-0.013881,0.055616,0.555832,-0.273872,0.000161,-0.159643,0.025129,-0.155407,0.068627,0.148481,0.018914,-0.068085,0.005013,-0.225130,0.240446,-0.379981,0.836111,1.502180,0.000000,0.000000,0.192805,-0.221777,0.168311,1.325412,0.129837,0.000000,0.000000
-0.634609,0.016557,0.861167,-0.008322,-0.018083,-0.024736,0.999496,0.043467,-0.013002,0.062231,0.599230,-0.240631,-0.001049,-0.159358,0.021792,-0.151158,0.093464,0.133967,0.017568,-0.064019,0.004788,-0.209113,0.236563,-0.371386,0.846353,1.498412,0.000000,0.000000,0.184092,-0.221930,0.172939,1.331833,0.128033,0.000000,0.000000
-0.628778,0.016722,0.861697,-0.007768,-0.020354,-0.026441,0.999413,0.033592,-0.011794,0.070559,0.643770,-0.201981,-0.002563,-0.158744,0.018114,-0.148678,0.116820,0.119085,0.016401,-0.058543,0.004541,-0.193878,0.232391,-0.364118,0.857950,1.494145,0.000000,0.000000,0.176247,-0.222599,0.177633,1.335258,0.127217,0.000000,0.000000
-0.623304,0.016801,0.862106,-0.007080,-0.022576,-0.028390,0.999317,0.022719,-0.009847,0.080382,0.687683,-0.158360,-0.004195,-0.157380,0.014570,-0.145938,0.136374,0.104330,0.015150,-0.051340,0.004241,-0.179210,0.227551,-0.359610,0.870457,1.487616,0.000000,0.000000,0.169340,-0.223401,0.181943,1.335762,0.131174,0.000000,0.000000
-0.618168,0.016658,0.862487,-0.006414,-0.024335,-0.030678,0.999212,0.010706,-0.006279,0.092659,0.729951,-0.109691,-0.005872,-0.155219,0.011502,-0.142038,0.151109,0.089627,0.013726,-0.042781,0.003932,-0.165409,0.221635,-0.355581,0.884475,1.480280,0.000000,0.000000,0.162469,-0.223346,0.184464,1.333502,0.139377,0.000000,0.000000
-0.613085,0.016342,0.862903,-0.005632,-0.025857,-0.033677,0.999082,-0.001676,-0.001955,0.104685,0.769172,-0.058799,-0.007280,-0.152173,0.008665,-0.135244,0.161989,0.076334,0.011788,-0.032408,0.003527,-0.152433,0.216049,-0.353387,0.898725,1.473534,0.000000,0.000000,0.156475,-0.223251,0.188571,1.328926,0.146812,0.000000,0.000000
-0.607894,0.016141,0.863361,-0.004864,-0.027062,-0.037268,0.998927,-0.014036,0.002422,0.116097,0.804152,-0.009145,-0.008545,-0.148329,0.005836,-0.126666,0.168684,0.062924,0.009494,-0.020618,0.003109,-0.140292,0.210443,-0.352479,0.913520,1.467942,0.000000,0.000000,0.150920,-0.223006,0.192602,1.321377,0.155665,0.000000,0.000000
-0.602396,0.015523,0.863865,-0.004076,-0.028007,-0.041033,0.998757,-0.025587,0.008184,0.129148,0.833719,0.028396,-0.009717,-0.143919,0.003477,-0.118018,0.172802,0.049000,0.007287,-0.008700,0.002681,-0.128510,0.204613,-0.352383,0.928580,1.463808,0.000000,0.000000,0.145954,-0.222442,0.196479,1.312139,0.164624,0.000000,0.000000
-0.595574,0.013706,0.864372,-0.003304,-0.029110,-0.043616,0.998619,-0.033552,0.016972,0.143143,0.855154,0.038306,-0.010111,-0.138709,0.002294,-0.111354,0.178157,0.038369,0.005796,0.000694,0.002345,-0.116903,0.199719,-0.353388,0.941284,1.461193,0.000000,0.000000,0.141584,-0.221939,0.201642,1.302202,0.173188,0.000000,0.000000
-0.589237,0.010710,0.864656,-0.003612,-0.030628,-0.047464,0.998397,-0.043110,0.030791,0.159821,0.880662,0.028846,-0.009610,-0.132181,0.004715,-0.102821,0.183429,0.026878,0.004906,0.011716,0.001941,-0.103936,0.195153,-0.354249,0.956528,1.463031,0.000000,0.000000,0.137579,-0.220141,0.210745,1.288945,0.185591,0.000000,0.000000
-0.582340,0.007142,0.864855,-0.004174,-0.032085,-0.050547,0.998197,-0.051595,0.047225,0.175253,0.903174,0.012017,-0.008150,-0.125417,0.008721,-0.096214,0.189243,0.016196,0.004758,0.021432,0.001540,-0.091040,0.191281,-0.353915,0.970794,1.468069,0.000000,0.000000,0.133086,-0.217284,0.220531,1.275677,0.195169,0.000000,0.000000
-0.575273,0.003209,0.864997,-0.004768,-0.033793,-0.053410,0.997989,-0.059153,0.065356,0.190399,0.922709,-0.005593,-0.006200,-0.118056,0.013456,-0.090778,0.195107,0.005501,0.005000,0.029966,0.001147,-0.077446,0.187991,-0.353597,0.984361,1.474921,0.000000,0.000000,0.127937,-0.213726,0.231967,1.262624,0.202646,0.000000,0.000000
-0.568146,-0.000482,0.865111,-0.005233,-0.035656,-0.056885,0.997730,-0.065928,0.083044,0.205923,0.938578,-0.022585,-0.004515,-0.110477,0.018003,-0.085392,0.201075,-0.003961,0.005208,0.038744,0.000716,-0.063271,0.184707,-0.352131,0.998013,1.483268,0.000000,0.000000,0.122281,-0.210278,0.245579,1.249516,0.207552,0.000000,0.000000
-0.560934,-0.003623,0.865226,-0.005576,-0.037203,-0.060341,0.997469,-0.072455,0.098373,0.218705,0.949982,-0.031947,-0.003015,-0.103163,0.021833,-0.077994,0.207384,-0.012487,0.004887,0.046982,0.000256,-0.049168,0.182189,-0.348262,1.010654,1.493595,0.000000,0.000000,0.114382,-0.207995,0.260501,1.236761,0.209885,0.000000,0.000000
-0.554046,-0.005871,0.865388,-0.005401,-0.038695,-0.064158,0.997175,-0.079019,0.110014,0.230054,0.956236,-0.042340,-0.002332,-0.096420,0.023949,-0.072810,0.213449,-0.020502,0.004532,0.055471,-0.000211,-0.034574,0.179284,-0.346216,1.022046,1.504407,0.000000,0.000000,0.105545,-0.206125,0.277619,1.225094,0.211471,0.000000,0.000000
-0.547279,-0.007563,0.865584,-0.005012,-0.039862,-0.068057,0.996872,-0.085846,0.118766,0.239611,0.957442,-0.051230,-0.002142,-0.090192,0.024917,-0.067941,0.218726,-0.027910,0.003941,0.064540,-0.000692,-0.020415,0.176025,-0.342608,1.032377,1.515538,0.000000,0.000000,0.094869,-0.205334,0.295221,1.214343,0.207803,0.000000,0.000000
-0.540682,-0.008732,0.865778,-0.004519,-0.040980,-0.072044,0.996549,-0.092764,0.125292,0.248231,0.954099,-0.058936,-0.002414,-0.084405,0.024899,-0.061731,0.223718,-0.035725,0.002858,0.073017,-0.001135,-0.006648,0.173103,-0.338729,1.044240,1.525570,0.000000,0.000000,0.082984,-0.205044,0.313433,1.203789,0.202020,0.000000,0.000000
-0.534295,-0.009209,0.865973,-0.003928,-0.041960,-0.075722,0.996238,-0.099851,0.129268,0.255384,0.945563,-0.066469,-0.003117,-0.079130,0.023886,-0.055748,0.228521,-0.043650,0.001561,0.081426,-0.001582,0.006593,0.170356,-0.335126,1.055493,1.535290,0.000000,0.000000,0.070039,-0.205318,0.332445,1.194057,0.193622,0.000000,0.000000
-0.527993,-0.009165,0.866196,-0.003200,-0.042611,-0.079549,0.995915,-0.107025,0.131123,0.261702,0.932093,-0.073373,-0.004250,-0.074427,0.021885,-0.050300,0.232863,-0.051410,0.000102,0.089969,-0.002070,0.019499,0.167232,-0.329190,1.065925,1.542193,0.000000,0.000000,0.056383,-0.205462,0.351771,1.184611,0.183654,0.000000,0.000000
-0.521841,-0.008605,0.866424,-0.002386,-0.043169,-0.083266,0.995589,-0.114194,0.131105,0.267472,0.914096,-0.080111,-0.005772,-0.070180,0.018872,-0.046234,0.236913,-0.059069,-0.001377,0.098133,-0.002500,0.031952,0.165010,-0.322267,1.076429,1.549751,0.000000,0.000000,0.041387,-0.206995,0.368368,1.174116,0.174439,0.000000,0.000000
-0.515771,-0.007601,0.866646,-0.001586,-0.043485,-0.086703,0.995283,-0.121607,0.129180,0.270931,0.891150,-0.084970,-0.007305,-0.066265,0.015031,-0.042662,0.240712,-0.066371,-0.002978,0.106620,-0.002969,0.043924,0.162982,-0.313911,1.086917,1.554868,0.000000,0.000000,0.025822,-0.209385,0.385191,1.164304,0.161894,0.000000,0.000000
-0.509839,-0.006565,0.866826,-0.000868,-0.043582,-0.089501,0.995032,-0.128920,0.126809,0.273317,0.864400,-0.087688,-0.008668,-0.062796,0.011152,-0.040267,0.244201,-0.072544,-0.004381,0.113785,-0.003393,0.055452,0.162276,-0.305278,1.095743,1.558653,0.000000,0.000000,0.009570,-0.213029,0.401798,1.153433,0.147496,0.000000,0.000000
-0.503924,-0.005245,0.866960,-0.000161,-0.043579,-0.092028,0.994802,-0.135809,0.123499,0.273854,0.835101,-0.088848,-0.009833,-0.059785,0.006956,-0.038889,0.247916,-0.078159,-0.005692,0.119846,-0.003749,0.066453,0.160847,-0.296853,1.105428,1.558141,0.000000,0.000000,-0.005804,-0.215053,0.416462,1.143039,0.138612,0.000000,0.000000
-0.497980,-0.003946,0.867055,0.000599,-0.043438,-0.094517,0.994575,-0.142349,0.119859,0.273490,0.802292,-0.088842,-0.010807,-0.057025,0.002407,-0.038162,0.252173,-0.083846,-0.006981,0.125170,-0.004064,0.077321,0.158984,-0.286697,1.116246,1.553907,0.000000,0.000000,-0.021106,-0.215369,0.428456,1.133369,0.135666,0.000000,0.000000
-0.492221,-0.002761,0.867057,0.001052,-0.043154,-0.096418,0.994404,-0.148680,0.116888,0.273212,0.765039,-0.088115,-0.011483,-0.054326,-0.001688,-0.038239,0.256223,-0.089841,-0.008010,0.130082,-0.004422,0.087522,0.157370,-0.276108,1.126913,1.546706,0.000000,0.000000,-0.037426,-0.216268,0.440493,1.122471,0.132190,0.000000,0.000000
-0.486476,-0.001435,0.867075,0.001611,-0.042631,-0.098556,0.994217,-0.154368,0.113635,0.272344,0.725269,-0.086476,-0.012014,-0.051945,-0.005853,-0.038417,0.259644,-0.095380,-0.009047,0.134813,-0.004720,0.096921,0.155635,-0.264743,1.137036,1.537279,0.000000,0.000000,-0.053585,-0.217180,0.451226,1.111585,0.129806,0.000000,0.000000
-0.480689,-0.000020,0.867074,0.002236,-0.042199,-0.100753,0.994014,-0.159159,0.110131,0.271137,0.682725,-0.084696,-0.012413,-0.049610,-0.010327,-0.039293,0.263159,-0.101260,-0.010046,0.139435,-0.005024,0.106372,0.153553,-0.254558,1.146725,1.524491,0.000000,0.000000,-0.069291,-0.217414,0.461236,1.100631,0.129370,0.000000,0.000000
-0.474442,0.001139,0.867011,0.002787,-0.041055,-0.102364,0.993896,-0.163273,0.107082,0.269801,0.636809,-0.081218,-0.012532,-0.047437,-0.014368,-0.040042,0.266507,-0.107182,-0.010956,0.143193,-0.005274,0.114508,0.151385,-0.242002,1.156229,1.511684,0.000000,0.000000,-0.085167,-0.217779,0.468930,1.089631,0.131667,0.000000,0.000000
-0.468327,0.002343,0.866896,0.003347,-0.040425,-0.104169,0.993732,-0.166231,0.104245,0.268797,0.588487,-0.078775,-0.012516,-0.045147,-0.018522,-0.040998,0.270472,-0.113437,-0.011858,0.146779,-0.005560,0.123101,0.149754,-0.231255,1.164212,1.496009,0.000000,0.000000,-0.101204,-0.217703,0.478748,1.079231,0.135927,0.000000,0.000000
-0.461743,0.003453,0.866662,0.003661,-0.039149,-0.105474,0.993644,-0.168623,0.101887,0.267484,0.537757,-0.072877,-0.012207,-0.042889,-0.022087,-0.041925,0.274392,-0.120464,-0.012612,0.149435,-0.005763,0.129879,0.148310,-0.216069,1.172470,1.479502,0.000000,0.000000,-0.116575,-0.217939,0.484631,1.066104,0.138838,0.000000,0.000000
-0.455217,0.004805,0.866444,0.004100,-0.038089,-0.107478,0.993469,-0.170136,0.099316,0.266269,0.484815,-0.066572,-0.011898,-0.040719,-0.026156,-0.042483,0.278077,-0.127886,-0.013562,0.152153,-0.005996,0.136442,0.147116,-0.200534,1.178839,1.462003,0.000000,0.000000,-0.131922,-0.217776,0.491773,1.053373,0.140252,0.000000,0.000000
-0.448437,0.006097,0.866090,0.004332,-0.036748,-0.108470,0.993411,-0.171133,0.096927,0.266041,0.429300,-0.060260,-0.011623,-0.038469,-0.029856,-0.043194,0.282067,-0.135484,-0.014384,0.153846,-0.006189,0.142320,0.146979,-0.184622,1.184958,1.448665,0.000000,0.000000,-0.146682,-0.217486,0.495592,1.040340,0.144507,0.000000,0.000000
-0.441649,0.007609,0.865750,0.004728,-0.035527,-0.110315,0.993250,-0.171160,0.094349,0.264631,0.372429,-0.052957,-0.011075,-0.036255,-0.034137,-0.043783,0.285850,-0.142940,-0.015379,0.156091,-0.006404,0.147580,0.146647,-0.169479,1.190363,1.438055,0.000000,0.000000,-0.161425,-0.217333,0.500102,1.027083,0.147511,0.000000,0.000000
-0.434725,0.009199,0.865333,0.004964,-0.034129,-0.111541,0.993161,-0.170616,0.091673,0.262282,0.314051,-0.045408,-0.010313,-0.033930,-0.038299,-0.043508,0.289206,-0.150587,-0.016488,0.157179,-0.006559,0.152734,0.146063,-0.155973,1.194475,1.431368,0.000000,0.000000,-0.175956,-0.216331,0.503165,1.014662,0.151905,0.000000,0.000000
-0.427733,0.010760,0.864840,0.005049,-0.032763,-0.112845,0.993059,-0.169418,0.089342,0.261071,0.255154,-0.038436,-0.009619,-0.031454,-0.042372,-0.044477,0.292454,-0.158476,-0.017355,0.158080,-0.006739,0.157587,0.145515,-0.144803,1.198429,1.429446,0.000000,0.000000,-0.190264,-0.215247,0.505933,1.001993,0.155686,0.000000,0.000000
-0.420665,0.012104,0.864220,0.004836,-0.031224,-0.113320,0.993056,-0.167813,0.087631,0.259551,0.195851,-0.032370,-0.008659,-0.028779,-0.045605,-0.045318,0.295508,-0.165858,-0.018028,0.157898,-0.006891,0.162063,0.144517,-0.137637,1.202110,1.433026,0.000000,0.000000,-0.204309,-0.213653,0.510074,0.988587,0.157353,0.000000,0.000000
-0.413593,0.013154,0.863560,0.004570,-0.029602,-0.113911,0.993039,-0.165696,0.086637,0.257935,0.137530,-0.026384,-0.007495,-0.025999,-0.048367,-0.046586,0.298197,-0.172874,-0.018512,0.157030,-0.007000,0.166211,0.143891,-0.133185,1.205391,1.442676,0.000000,0.000000,-0.217918,-0.211835,0.513794,0.975273,0.159302,0.000000,0.000000
-0.406574,0.013860,0.862823,0.004024,-0.027992,-0.114147,0.993061,-0.163284,0.086576,0.256198,0.082443,-0.020173,-0.006200,-0.023101,-0.050134,-0.047934,0.300557,-0.179539,-0.018729,0.155253,-0.007033,0.170389,0.143861,-0.133030,1.208474,1.457031,0.000000,0.000000,-0.230996,-0.210074,0.517877,0.962515,0.162678,0.000000,0.000000
-0.399459,0.014371,0.861937,0.003046,-0.026117,-0.113484,0.993192,-0.160583,0.087416,0.252508,0.026286,-0.013541,-0.004398,-0.019891,-0.050663,-0.049157,0.302494,-0.186469,-0.018648,0.152121,-0.007071,0.174791,0.144372,-0.137275,1.211461,1.476112,0.000000,0.000000,-0.244752,-0.208648,0.522210,0.948368,0.167170,0.000000,0.000000
-0.392172,0.015101,0.861130,0.002384,-0.024193,-0.112876,0.993312,-0.158241,0.087548,0.249934,-0.017450,-0.009314,-0.003231,-0.017112,-0.051680,-0.051885,0.304014,-0.192011,-0.018452,0.149136,-0.007077,0.178613,0.144435,-0.142517,1.214008,1.495773,0.000000,0.000000,-0.256048,-0.207555,0.525140,0.936293,0.169774,0.000000,0.000000
-0.384515,0.015988,0.860354,0.001757,-0.022575,-0.113058,0.993330,-0.156467,0.087491,0.249372,-0.017450,-0.006217,-0.002818,-0.014440,-0.052911,-0.053223,0.305377,-0.197073,-0.018547,0.146742,-0.007056,0.181980,0.144121,-0.146977,1.216600,1.514320,0.000000,0.000000,-0.265200,-0.206637,0.528741,0.925587,0.171533,0.000000,0.000000
-0.376581,0.017153,0.859488,0.001244,-0.021324,-0.113061,0.993358,-0.154648,0.086831,0.249559,-0.017450,-0.003023,-0.002786,-0.010922,-0.055002,-0.055311,0.307374,-0.203181,-0.018745,0.144222,-0.007041,0.186412,0.143597,-0.152817,1.219672,1.536534,0.000000,0.000000,-0.275099,-0.205930,0.533366,0.912632,0.172891,0.000000,0.000000
-0.368441,0.018452,0.858570,0.000780,-0.020248,-0.113070,0.993380,-0.153021,0.085325,0.251696,-0.017450,-0.001121,-0.003262,-0.007232,-0.057533,-0.058079,0.309657,-0.209287,-0.018945,0.141934,-0.007068,0.190615,0.143084,-0.158615,1.222981,1.553723,0.000000,0.000000,-0.283655,-0.205484,0.537275,0.899700,0.172788,0.000000,0.000000
-0.360108,0.019842,0.857472,0.000389,-0.019343,-0.112998,0.993407,-0.151131,0.082715,0.253975,-0.017450,-0.001447,-0.003996,-0.002624,-0.060816,-0.061165,0.312724,-0.216414,-0.019292,0.139362,-0.007102,0.195039,0.143073,-0.166989,1.226848,1.562702,0.000000,0.000000,-0.292518,-0.205217,0.542087,0.884754,0.172557,0.000000,0.000000
-0.351737,0.021323,0.856329,-0.000132,-0.018529,-0.112685,0.993458,-0.149474,0.079813,0.255846,-0.017450,-0.003351,-0.004757,0.001703,-0.063827,-0.063721,0.315826,-0.222860,-0.019656,0.137212,-0.007156,0.198249,0.143027,-0.173592,1.230806,1.566243,0.000000,0.000000,-0.299805,-0.205538,0.545260,0.871241,0.171907,0.000000,0.000000
-0.343343,0.022720,0.854945,-0.000456,-0.017984,-0.112624,0.993475,-0.147351,0.076239,0.255956,-0.017450,-0.007768,-0.005436,0.007149,-0.067673,-0.066149,0.320307,-0.230640,-0.020267,0.135463,-0.007189,0.201100,0.142729,-0.178764,1.235947,1.568218,0.000000,0.000000,-0.307285,-0.206169,0.548000,0.855154,0.170850,0.000000,0.000000
-0.334945,0.024197,0.854529,-0.000647,-0.017565,-0.112435,0.993504,-0.145536,0.073137,0.254098,-0.017450,-0.012354,-0.005796,0.011875,-0.071205,-0.067642,0.324917,-0.237287,-0.020958,0.134653,-0.007253,0.202301,0.141802,-0.178824,1.240384,1.568936,0.000000,0.000000,-0.312572,-0.207241,0.549003,0.841399,0.169634,0.000000,0.000000
-0.326533,0.025728,0.854984,-0.000724,-0.017309,-0.112250,0.993529,-0.144195,0.070651,0.251271,-0.017450,-0.014417,-0.005956,0.015766,-0.074318,-0.068224,0.329517,-0.242757,-0.021698,0.134243,-0.007285,0.202601,0.140928,-0.175849,1.243128,1.569190,0.000000,0.000000,-0.316104,-0.208652,0.549012,0.829827,0.168643,0.000000,0.000000
-0.318188,0.027300,0.855270,-0.000694,-0.017222,-0.112155,0.993541,-0.143364,0.068649,0.248839,-0.017450,-0.013603,-0.006099,0.018817,-0.076958,-0.068395,0.333918,-0.247118,-0.022388,0.134005,-0.007321,0.202434,0.140139,-0.171949,1.245066,1.569289,0.000000,0.000000,-0.318465,-0.210105,0.549048,0.820355,0.168297,0.000000,0.000000
-0.309844,0.029036,0.855412,-0.000895,-0.017273,-0.111315,0.993635,-0.143181,0.068017,0.247808,-0.017450,-0.011226,-0.006120,0.019842,-0.077861,-0.068415,0.335653,-0.248582,-0.022632,0.133825,-0.007325,0.202285,0.139884,-0.170318,1.245629,1.569307,0.000000,0.000000,-0.318980,-0.210636,0.548791,0.817095,0.168026,0.000000,0.000000
-0.301917,0.030524,0.855870,-0.000888,-0.017265,-0.110112,0.993769,-0.142645,0.065572,0.242283,-0.017450,0.007480,-0.006061,0.024294,-0.081827,-0.067934,0.344482,-0.254959,-0.023812,0.132399,-0.007305,0.200979,0.138908,-0.162494,1.248055,1.569363,0.000000,0.000000,-0.320742,-0.213192,0.547094,0.802149,0.166485,0.000000,0.000000
-0.294536,0.031989,0.856270,-0.000457,-0.017100,-0.108965,0.993898,-0.142260,0.063147,0.234827,-0.017450,0.032367,-0.005853,0.028791,-0.086397,-0.066884,0.355948,-0.261604,-0.025270,0.130198,-0.007273,0.198423,0.138347,-0.155126,1.250423,1.565929,0.000000,0.000000,-0.322311,-0.216605,0.545866,0.785030,0.165398,0.000000,0.000000
-0.287338,0.033720,0.856553,0.000225,-0.016737,-0.108244,0.993983,-0.141971,0.060969,0.226866,-0.017450,0.052673,-0.005556,0.032128,-0.090693,-0.065206,0.367373,-0.266419,-0.026777,0.128289,-0.007283,0.194930,0.138346,-0.150786,1.252270,1.560662,0.000000,0.000000,-0.324032,-0.220197,0.545237,0.770687,0.165006,0.000000,0.000000
-0.280022,0.036096,0.856765,0.001332,-0.016268,-0.107426,0.994079,-0.141789,0.057816,0.216403,-0.017450,0.074040,-0.005169,0.034943,-0.096242,-0.063307,0.380955,-0.270309,-0.028699,0.126585,-0.007293,0.189856,0.138244,-0.149558,1.254042,1.554119,0.000000,0.000000,-0.324886,-0.224718,0.544590,0.756322,0.165727,0.000000,0.000000
-0.272441,0.038706,0.856847,0.002562,-0.016107,-0.106131,0.994218,-0.141853,0.053538,0.206248,-0.017450,0.097810,-0.005143,0.037337,-0.102900,-0.061792,0.396563,-0.272806,-0.030899,0.125004,-0.007278,0.183894,0.137587,-0.151581,1.256148,1.549498,0.000000,0.000000,-0.323857,-0.229874,0.542367,0.743160,0.165772,0.000000,0.000000
-0.264908,0.040861,0.856687,0.003883,-0.016466,-0.104439,0.994387,-0.142066,0.049033,0.196360,-0.017450,0.121142,-0.005268,0.039598,-0.110420,-0.060716,0.415682,-0.273630,-0.033335,0.123797,-0.007229,0.177153,0.136203,-0.157469,1.259208,1.549095,0.000000,0.000000,-0.319134,-0.235277,0.538139,0.731756,0.165230,0.000000,0.000000
-0.257458,0.042880,0.856394,0.005083,-0.017057,-0.102818,0.994541,-0.142371,0.044705,0.188119,-0.017450,0.134945,-0.005506,0.041261,-0.117645,-0.060424,0.436977,-0.271640,-0.035649,0.122911,-0.007122,0.170075,0.134823,-0.166472,1.263203,1.555131,0.000000,0.000000,-0.311159,-0.240336,0.531946,0.723152,0.164269,0.000000,0.000000
-0.250087,0.044720,0.855996,0.006338,-0.017895,-0.101238,0.994681,-0.142407,0.040056,0.184434,-0.017450,0.134236,-0.006312,0.042111,-0.124292,-0.062043,0.459063,-0.266314,-0.037546,0.122145,-0.006965,0.163344,0.133571,-0.176976,1.267158,1.565361,0.000000,0.000000,-0.300790,-0.243840,0.525077,0.717694,0.163762,0.000000,0.000000
-0.242750,0.046385,0.856609,0.007356,-0.019015,-0.099427,0.994836,-0.142132,0.035742,0.180794,-0.004308,0.123683,-0.006873,0.042349,-0.130166,-0.063862,0.482967,-0.258196,-0.039274,0.120453,-0.006776,0.156557,0.134115,-0.189995,1.270330,1.568466,0.000000,0.000000,-0.288506,-0.246261,0.517283,0.714144,0.163957,0.000000,0.000000
-0.235522,0.048201,0.857681,0.008087,-0.020413,-0.097278,0.995015,-0.141581,0.031848,0.173941,0.016202,0.108179,-0.006760,0.041953,-0.135483,-0.065841,0.509541,-0.245943,-0.040902,0.118705,-0.006575,0.149276,0.135487,-0.202028,1.272375,1.569295,0.000000,0.000000,-0.274140,-0.247447,0.508348,0.712352,0.165518,0.000000,0.000000
-0.229320,0.050248,0.858715,0.008562,-0.022235,-0.093751,0.995310,-0.141730,0.027880,0.165131,0.041008,0.086961,-0.006320,0.039487,-0.139907,-0.067990,0.542445,-0.229440,-0.042328,0.115772,-0.006367,0.140770,0.138117,-0.216325,1.274704,1.569519,0.000000,0.000000,-0.256480,-0.248179,0.497379,0.711782,0.169309,0.000000,0.000000
-0.223083,0.052299,0.859598,0.008774,-0.023485,-0.090726,0.995560,-0.141303,0.024195,0.160680,0.061075,0.068752,-0.006524,0.035802,-0.143761,-0.071769,0.573827,-0.210929,-0.043214,0.112087,-0.006173,0.132537,0.140553,-0.226630,1.275063,1.569597,0.000000,0.000000,-0.241578,-0.247637,0.489121,0.713751,0.174563,0.000000,0.000000
-0.216953,0.054351,0.860347,0.008929,-0.024637,-0.088028,0.995773,-0.139414,0.020418,0.154278,0.076705,0.051899,-0.006383,0.030646,-0.147524,-0.075646,0.608143,-0.186777,-0.044039,0.107380,-0.005934,0.123330,0.142368,-0.231471,1.274387,1.569634,0.000000,0.000000,-0.226550,-0.244951,0.480245,0.718075,0.177732,0.000000,0.000000
-0.210928,0.056356,0.861018,0.008910,-0.025520,-0.085277,0.995991,-0.136141,0.016804,0.146770,0.086614,0.037739,-0.005986,0.024301,-0.151001,-0.079965,0.642566,-0.157360,-0.044594,0.101891,-0.005714,0.113541,0.143615,-0.232316,1.272626,1.569666,0.000000,0.000000,-0.212928,-0.241465,0.473817,0.725609,0.181135,0.000000,0.000000
-0.205116,0.057984,0.861597,0.008847,-0.026469,-0.082333,0.996214,-0.131446,0.013662,0.135547,0.092180,0.025104,-0.004831,0.016776,-0.153730,-0.084029,0.679552,-0.121204,-0.044863,0.094733,-0.005449,0.103593,0.145510,-0.230031,1.268818,1.569695,0.000000,0.000000,-0.200499,-0.237408,0.469963,0.736124,0.184612,0.000000,0.000000
-0.199314,0.059815,0.862109,0.008765,-0.027663,-0.079188,0.996437,-0.125782,0.010300,0.121463,0.095333,0.014045,-0.003272,0.008840,-0.157327,-0.090550,0.717308,-0.078708,-0.044705,0.086859,-0.005150,0.093899,0.147441,-0.226163,1.263717,1.569731,0.000000,0.000000,-0.188992,-0.233275,0.467669,0.748636,0.185810,0.000000,0.000000
-0.193365,0.061621,0.862586,0.008688,-0.028893,-0.076596,0.996606,-0.119827,0.007091,0.106801,0.097665,0.004364,-0.001608,0.000890,-0.161054,-0.096212,0.752947,-0.033239,-0.044513,0.079010,-0.004846,0.084720,0.149327,-0.220573,1.257370,1.569758,0.000000,0.000000,-0.178040,-0.228568,0.467374,0.763060,0.188452,0.000000,0.000000
-0.187161,0.063728,0.863020,0.008695,-0.030566,-0.074682,0.996701,-0.113668,0.003382,0.093364,0.102111,-0.005145,-0.000305,-0.006495,-0.165983,-0.102269,0.786465,0.014449,-0.044340,0.071512,-0.004621,0.076787,0.150379,-0.212801,1.250026,1.569785,0.000000,0.000000,-0.167839,-0.225081,0.469577,0.779179,0.186655,0.000000,0.000000
-0.180737,0.065972,0.863423,0.008677,-0.032591,-0.072350,0.996809,-0.107507,-0.000630,0.081208,0.108643,-0.014844,0.000694,-0.012993,-0.171289,-0.107425,0.817931,0.064313,-0.044192,0.063573,-0.004335,0.069937,0.150791,-0.206051,1.241621,1.569800,0.000000,0.000000,-0.157371,-0.221470,0.471518,0.796279,0.183609,0.000000,0.000000
-0.174220,0.068113,0.863793,0.008643,-0.034631,-0.070123,0.996900,-0.101479,-0.004492,0.070330,0.115849,-0.024166,0.001513,-0.018902,-0.175835,-0.109757,0.845759,0.109024,-0.044194,0.055482,-0.004016,0.064066,0.151129,-0.201636,1.231713,1.566608,0.000000,0.000000,-0.146756,-0.218147,0.473498,0.814147,0.178700,0.000000,0.000000
-0.167799,0.070038,0.864148,0.008465,-0.036611,-0.068112,0.996970,-0.095448,-0.007813,0.060311,0.122678,-0.033660,0.002324,-0.024789,-0.179096,-0.109596,0.870062,0.139265,-0.044255,0.047487,-0.003681,0.058214,0.153646,-0.200145,1.221095,1.557324,0.000000,0.000000,-0.137779,-0.216295,0.476207,0.832307,0.172728,0.000000,0.000000
-0.161336,0.071989,0.864514,0.008046,-0.038502,-0.065860,0.997053,-0.089558,-0.010887,0.052614,0.128944,-0.041917,0.002809,-0.030455,-0.181608,-0.110721,0.890623,0.146872,-0.044057,0.040356,-0.003365,0.051855,0.156319,-0.199241,1.209737,1.540624,0.000000,0.000000,-0.128480,-0.214377,0.477072,0.850846,0.166672,0.000000,0.000000
-0.154944,0.073542,0.864842,0.007653,-0.040374,-0.063896,0.997110,-0.083394,-0.013401,0.046185,0.134301,-0.050751,0.003224,-0.036421,-0.183507,-0.112799,0.909025,0.137209,-0.043740,0.033165,-0.003020,0.046030,0.161184,-0.206901,1.198222,1.536224,0.000000,0.000000,-0.119592,-0.212682,0.478093,0.870298,0.158825,0.000000,0.000000
-0.148476,0.075120,0.865204,0.007136,-0.042136,-0.061835,0.997171,-0.076949,-0.015892,0.040838,0.139579,-0.059506,0.003471,-0.042775,-0.184996,-0.114948,0.925491,0.118234,-0.043483,0.027138,-0.002728,0.039737,0.165045,-0.212922,1.185288,1.524827,0.000000,0.000000,-0.109999,-0.210764,0.477590,0.890863,0.149851,0.000000,0.000000
-0.142008,0.076495,0.865597,0.006499,-0.043733,-0.059913,0.997224,-0.070217,-0.017900,0.037373,0.144665,-0.068334,0.003531,-0.049612,-0.186070,-0.117704,0.939930,0.098188,-0.043080,0.020570,-0.002404,0.033289,0.168917,-0.221620,1.172061,1.517370,0.000000,0.000000,-0.099751,-0.208690,0.476159,0.912673,0.139993,0.000000,0.000000
-0.135573,0.077823,0.865919,0.005962,-0.045254,-0.058203,0.997261,-0.063841,-0.019803,0.035039,0.149217,-0.075994,0.003430,-0.056239,-0.186981,-0.120732,0.950888,0.083168,-0.042575,0.014716,-0.002050,0.027034,0.172357,-0.229096,1.159039,1.513158,0.000000,0.000000,-0.089786,-0.206380,0.471302,0.933510,0.130885,0.000000,0.000000
-0.129346,0.078886,0.866298,0.005064,-0.046745,-0.055808,0.997334,-0.057335,-0.020888,0.033015,0.153882,-0.083886,0.003481,-0.063183,-0.186545,-0.124963,0.959911,0.072618,-0.041381,0.008188,-0.001652,0.019670,0.176301,-0.239705,1.146353,1.509510,0.000000,0.000000,-0.079264,-0.204008,0.464964,0.955586,0.124207,0.000000,0.000000
-0.123189,0.079741,0.866644,0.004254,-0.047983,-0.053434,0.997409,-0.051154,-0.021605,0.030424,0.157546,-0.091433,0.003713,-0.070112,-0.185216,-0.130064,0.965398,0.065136,-0.039712,0.001595,-0.001268,0.011698,0.179796,-0.249779,1.133995,1.508066,0.000000,0.000000,-0.068745,-0.200873,0.457421,0.977817,0.118303,0.000000,0.000000
-0.117058,0.080338,0.866946,0.003604,-0.049045,-0.051474,0.997463,-0.045120,-0.022270,0.027124,0.160487,-0.098626,0.004071,-0.077262,-0.183061,-0.135114,0.967464,0.059667,-0.037803,-0.004650,-0.000890,0.003413,0.182765,-0.259822,1.122171,1.506827,0.000000,0.000000,-0.058523,-0.197493,0.449173,1.000881,0.114178,0.000000,0.000000
-0.111139,0.080469,0.867245,0.002890,-0.050046,-0.049716,0.997505,-0.039267,-0.022301,0.023161,0.163030,-0.104856,0.004690,-0.084611,-0.179325,-0.139212,0.966164,0.054906,-0.035636,-0.010798,-0.000520,-0.005574,0.186512,-0.269973,1.110423,1.506103,0.000000,0.000000,-0.048654,-0.194066,0.439565,1.023910,0.113732,0.000000,0.000000
-0.105526,0.080218,0.867563,0.002055,-0.050927,-0.047833,0.997554,-0.033547,-0.021658,0.019030,0.165144,-0.111028,0.005503,-0.092289,-0.173909,-0.143344,0.961613,0.050321,-0.032986,-0.017294,-0.000086,-0.014759,0.191861,-0.283144,1.097845,1.508308,0.000000,0.000000,-0.038773,-0.190492,0.428578,1.046946,0.117301,0.000000,0.000000
-0.100269,0.079679,0.867924,0.000991,-0.051570,-0.045555,0.997629,-0.028444,-0.020223,0.014980,0.166771,-0.115749,0.006499,-0.099807,-0.167096,-0.147209,0.953287,0.045939,-0.030009,-0.023684,0.000299,-0.024408,0.197018,-0.295751,1.085807,1.508078,0.000000,0.000000,-0.029562,-0.187003,0.416561,1.069400,0.122219,0.000000,0.000000
-0.095272,0.078573,0.868473,-0.000715,-0.051592,-0.041245,0.997816,-0.024263,-0.016553,0.012579,0.166955,-0.118489,0.007784,-0.107440,-0.157492,-0.152157,0.940766,0.041831,-0.026001,-0.033541,0.000784,-0.035522,0.204218,-0.308212,1.074148,1.506192,0.000000,0.000000,-0.020902,-0.182089,0.402592,1.092725,0.128296,0.000000,0.000000
-0.089980,0.077741,0.868838,-0.001743,-0.051647,-0.038681,0.997914,-0.020248,-0.014128,0.007983,0.167711,-0.122000,0.009101,-0.114795,-0.149110,-0.156797,0.925234,0.037599,-0.022460,-0.041033,0.001164,-0.046846,0.210926,-0.319605,1.062948,1.504339,0.000000,0.000000,-0.012865,-0.179009,0.388781,1.115253,0.136186,0.000000,0.000000
-0.084462,0.076784,0.869102,-0.002379,-0.051581,-0.036950,0.997982,-0.016295,-0.012307,0.003675,0.168634,-0.126232,0.010226,-0.122115,-0.141198,-0.160742,0.906893,0.033159,-0.019205,-0.046610,0.001455,-0.058266,0.216990,-0.330275,1.052090,1.502323,0.000000,0.000000,-0.005177,-0.176661,0.375028,1.137545,0.146373,0.000000,0.000000
-0.078764,0.076194,0.869116,-0.002236,-0.051864,-0.037860,0.997934,-0.011855,-0.012721,-0.000835,0.171042,-0.131970,0.010826,-0.129137,-0.135268,-0.162671,0.886761,0.028939,-0.016986,-0.047433,0.001620,-0.069039,0.220611,-0.339025,1.042124,1.501842,0.000000,0.000000,0.002736,-0.176636,0.362022,1.157672,0.158168,0.000000,0.000000
-0.073417,0.074941,0.869377,-0.003028,-0.051609,-0.036038,0.998012,-0.007944,-0.010671,-0.002848,0.172423,-0.136103,0.011657,-0.136210,-0.126554,-0.164121,0.862260,0.024655,-0.014047,-0.051018,0.001907,-0.081356,0.225507,-0.349048,1.032544,1.501605,0.000000,0.000000,0.010871,-0.175376,0.349343,1.177964,0.169383,0.000000,0.000000
-0.068084,0.073951,0.869559,-0.003528,-0.051306,-0.034575,0.998078,-0.004305,-0.008929,-0.004119,0.173515,-0.140325,0.012283,-0.142742,-0.118842,-0.167024,0.835186,0.021870,-0.011120,-0.054781,0.002201,-0.093663,0.230348,-0.357961,1.023706,1.501705,0.000000,0.000000,0.018827,-0.173942,0.335208,1.196226,0.181289,0.000000,0.000000
-0.062721,0.073051,0.869669,-0.003870,-0.050986,-0.033341,0.998135,-0.000862,-0.007754,-0.005869,0.175097,-0.144906,0.012844,-0.148596,-0.111949,-0.169645,0.806270,0.019873,-0.008524,-0.057492,0.002387,-0.106203,0.234086,-0.366217,1.015794,1.501765,0.000000,0.000000,0.026617,-0.174063,0.324223,1.214378,0.189301,0.000000,0.000000
-0.057328,0.072017,0.869766,-0.004177,-0.050358,-0.031921,0.998212,0.002436,-0.006434,-0.007520,0.176524,-0.150126,0.013427,-0.154236,-0.104958,-0.172587,0.773077,0.018383,-0.005880,-0.060585,0.002630,-0.119363,0.237708,-0.373646,1.007960,1.501980,0.000000,0.000000,0.034638,-0.173764,0.311865,1.232349,0.198211,0.000000,0.000000
-0.051979,0.070877,0.869855,-0.004593,-0.049677,-0.030510,0.998289,0.005397,-0.004798,-0.008517,0.178115,-0.155551,0.013983,-0.159154,-0.098289,-0.175505,0.738537,0.016743,-0.003380,-0.063505,0.002821,-0.132238,0.240832,-0.379872,1.001446,1.501652,0.000000,0.000000,0.042358,-0.174329,0.302860,1.247248,0.201958,0.000000,0.000000
-0.046556,0.069762,0.869910,-0.004967,-0.048877,-0.029175,0.998366,0.008262,-0.003250,-0.009933,0.179926,-0.160757,0.014584,-0.163639,-0.091914,-0.178493,0.701237,0.016310,-0.001021,-0.066058,0.003034,-0.145504,0.243822,-0.385429,0.995197,1.500266,0.000000,0.000000,0.050622,-0.175385,0.295689,1.260227,0.203145,0.000000,0.000000
-0.041084,0.068550,0.869946,-0.005359,-0.047981,-0.027691,0.998450,0.011016,-0.001516,-0.011705,0.181735,-0.166405,0.015287,-0.167588,-0.085738,-0.181456,0.661703,0.017227,0.001198,-0.068924,0.003248,-0.158726,0.246897,-0.390501,0.989249,1.497884,0.000000,0.000000,0.059319,-0.176321,0.289841,1.272122,0.203579,0.000000,0.000000
-0.035540,0.067392,0.869911,-0.005558,-0.046961,-0.026546,0.998528,0.013782,-0.000168,-0.013278,0.183572,-0.172153,0.015856,-0.171184,-0.080024,-0.185239,0.618480,0.017123,0.003353,-0.071324,0.003393,-0.172114,0.249437,-0.395785,0.983657,1.494851,0.000000,0.000000,0.068347,-0.176938,0.284870,1.283432,0.203482,0.000000,0.000000
-0.029860,0.066345,0.869822,-0.005622,-0.045927,-0.025779,0.998596,0.016559,0.000605,-0.014889,0.185226,-0.178038,0.016289,-0.174037,-0.075383,-0.188448,0.575699,0.018032,0.005003,-0.072870,0.003525,-0.184709,0.251657,-0.400345,0.978100,1.492794,0.000000,0.000000,0.077102,-0.178242,0.281125,1.292122,0.201795,0.000000,0.000000
-0.024072,0.065200,0.869728,-0.005726,-0.044627,-0.024436,0.998688,0.019211,0.001543,-0.016924,0.186621,-0.183609,0.016828,-0.176335,-0.070830,-0.191843,0.530059,0.019472,0.006564,-0.074611,0.003684,-0.197500,0.253479,-0.404473,0.972748,1.489456,0.000000,0.000000,0.086061,-0.179568,0.277518,1.299399,0.200203,0.000000,0.000000
-0.018190,0.064087,0.869566,-0.005599,-0.043301,-0.023414,0.998772,0.021948,0.002072,-0.018758,0.187706,-0.189051,0.017236,-0.178059,-0.066847,-0.195427,0.482263,0.021326,0.007891,-0.075972,0.003829,-0.210080,0.254627,-0.407937,0.967846,1.486753,0.000000,0.000000,0.094752,-0.181054,0.273560,1.305349,0.197843,0.000000,0.000000
-0.012223,0.062854,0.869354,-0.005366,-0.041859,-0.022626,0.998853,0.024701,0.002578,-0.019891,0.188646,-0.194107,0.017526,-0.179244,-0.063112,-0.198353,0.432368,0.024043,0.008892,-0.077021,0.003968,-0.222470,0.255775,-0.410660,0.962995,1.485054,0.000000,0.000000,0.103342,-0.183022,0.269208,1.309879,0.195359,0.000000,0.000000
-0.006264,0.061441,0.869133,-0.005215,-0.040209,-0.021490,0.998947,0.027253,0.003594,-0.020456,0.189474,-0.199167,0.017854,-0.179795,-0.059096,-0.200580,0.378725,0.027978,0.009680,-0.078282,0.004124,-0.234604,0.256501,-0.413744,0.958151,1.483473,0.000000,0.000000,0.111946,-0.184538,0.264171,1.313138,0.193189,0.000000,0.000000
-0.000301,0.059945,0.868884,-0.005086,-0.038376,-0.020176,0.999047,0.029358,0.004878,-0.020663,0.190409,-0.204038,0.018189,-0.179801,-0.055218,-0.201871,0.325565,0.032386,0.010192,-0.079600,0.004227,-0.245705,0.257094,-0.416861,0.953281,1.482427,0.000000,0.000000,0.120210,-0.185847,0.257587,1.314445,0.193820,0.000000,0.000000
0.005670,0.058453,0.868564,-0.004815,-0.036469,-0.019115,0.999140,0.031332,0.006062,-0.020142,0.191446,-0.209023,0.018381,-0.179330,-0.051474,-0.203341,0.270214,0.038453,0.010599,-0.080237,0.004361,-0.256834,0.257237,-0.419965,0.948733,1.482752,0.000000,0.000000,0.128056,-0.187298,0.250465,1.314962,0.192790,0.000000,0.000000
0.011656,0.056843,0.868154,-0.004339,-0.034369,-0.018483,0.999229,0.033111,0.007038,-0.019280,0.192481,-0.214231,0.018464,-0.178429,-0.047890,-0.204374,0.213674,0.045564,0.010791,-0.080205,0.004432,-0.267916,0.257471,-0.422684,0.943758,1.484047,0.000000,0.000000,0.135176,-0.189113,0.242676,1.314587,0.192333,0.000000,0.000000
0.017642,0.055201,0.867668,-0.003792,-0.032251,-0.018026,0.999310,0.034628,0.007887,-0.018381,0.194108,-0.219156,0.018513,-0.177012,-0.044683,-0.204616,0.156862,0.054484,0.010700,-0.079397,0.004512,-0.278962,0.258028,-0.424591,0.938527,1.486922,0.000000,0.000000,0.142200,-0.190329,0.233258,1.313578,0.195498,0.000000,0.000000
0.023647,0.053392,0.867258,-0.003970,-0.030083,-0.015930,0.999413,0.035485,0.010679,-0.015781,0.196950,-0.224853,0.018781,-0.174535,-0.040811,-0.204932,0.100219,0.062946,0.010738,-0.079313,0.004594,-0.288619,0.257840,-0.429266,0.933203,1.489274,0.000000,0.000000,0.149145,-0.190745,0.221662,1.311586,0.196976,0.000000,0.000000
0.029833,0.052008,0.866600,-0.003361,-0.028095,-0.015306,0.999482,0.036448,0.011928,-0.013282,0.200459,-0.230748,0.018673,-0.171582,-0.038632,-0.203767,0.047175,0.073409,0.010175,-0.078290,0.004648,-0.297261,0.258069,-0.432928,0.927698,1.490641,0.000000,0.000000,0.155609,-0.192457,0.209659,1.308762,0.197852,0.000000,0.000000
0.036172,0.050691,0.865835,-0.002591,-0.026056,-0.014899,0.999546,0.037500,0.012688,-0.010364,0.204244,-0.236873,0.018386,-0.168216,-0.037235,-0.200987,-0.004392,0.082801,0.009185,-0.076557,0.004672,-0.305706,0.258039,-0.436211,0.922076,1.491906,0.000000,0.000000,0.162223,-0.194170,0.196519,1.305367,0.199894,0.000000,0.000000
0.042635,0.049300,0.865218,-0.001783,-0.024192,-0.014915,0.999595,0.038063,0.012934,-0.008827,0.206219,-0.239543,0.018205,-0.166799,-0.036730,-0.199368,-0.017450,0.085822,0.008804,-0.075337,0.004654,-0.309132,0.257901,-0.437349,0.919376,1.492517,0.000000,0.000000,0.165112,-0.194968,0.190915,1.303704,0.200665,0.000000,0.000000
0.049267,0.047662,0.864752,-0.001129,-0.022551,-0.014783,0.999636,0.038335,0.013092,-0.008235,0.207093,-0.240686,0.018154,-0.166266,-0.036459,-0.198813,-0.017450,0.086751,0.008722,-0.074802,0.004638,-0.310412,0.257799,-0.437897,0.918300,1.492658,0.000000,0.000000,0.166300,-0.195245,0.188522,1.302972,0.200940,0.000000,0.000000
0.056265,0.045667,0.864084,-0.000915,-0.020854,-0.013448,0.999692,0.039483,0.014280,-0.006342,0.210561,-0.245729,0.018163,-0.164304,-0.034973,-0.197614,-0.017450,0.089169,0.008726,-0.073591,0.004624,-0.315180,0.257625,-0.439912,0.914276,1.493347,0.000000,0.000000,0.170739,-0.196036,0.179089,1.300132,0.201561,0.000000,0.000000
0.063343,0.043987,0.863282,-0.000019,-0.020263,-0.013213,0.999707,0.041198,0.015292,-0.004396,0.214815,-0.251426,0.018117,-0.162343,-0.033283,-0.198175,-0.017450,0.091385,0.009066,-0.071805,0.004585,-0.319835,0.257097,-0.442067,0.909946,1.494099,0.000000,0.000000,0.175753,-0.196896,0.169319,1.297087,0.202776,0.000000,0.000000
0.070714,0.042227,0.862246,0.000550,-0.019552,-0.012622,0.999729,0.043948,0.016702,-0.002054,0.221037,-0.259479,0.018106,-0.159904,-0.030800,-0.200312,-0.017450,0.093575,0.009813,-0.069486,0.004560,-0.325252,0.256076,-0.444540,0.904207,1.495434,0.000000,0.000000,0.182403,-0.197964,0.155913,1.292904,0.204001,0.000000,0.000000
0.078027,0.040468,0.861200,0.000861,-0.019098,-0.011795,0.999748,0.046889,0.018268,-0.000040,0.227802,-0.267691,0.018181,-0.157671,-0.028346,-0.202750,-0.017450,0.094369,0.010640,-0.067569,0.004544,-0.329571,0.254913,-0.446637,0.898812,1.497127,0.000000,0.000000,0.188582,-0.198710,0.143523,1.288993,0.204923,0.000000,0.000000
0.085324,0.038673,0.860133,0.000867,-0.018857,-0.010938,0.999762,0.049941,0.020089,0.001413,0.235295,-0.276234,0.018408,-0.155561,-0.026066,-0.204016,-0.017450,0.094402,0.011312,-0.066128,0.004591,-0.332815,0.253726,-0.448150,0.893927,1.498962,0.000000,0.000000,0.194204,-0.199105,0.132734,1.285353,0.206092,0.000000,0.000000
0.092597,0.036956,0.858734,0.000834,-0.018783,-0.010180,0.999771,0.053635,0.022360,0.002435,0.245259,-0.286863,0.018811,-0.153158,-0.023914,-0.203482,-0.017450,0.093557,0.011736,-0.064952,0.004651,-0.335350,0.252532,-0.449070,0.888505,1.501323,0.000000,0.000000,0.200034,-0.199282,0.122062,1.281585,0.207503,0.000000,0.000000
0.099872,0.035269,0.857067,0.000679,-0.018906,-0.009568,0.999775,0.057632,0.024890,0.003173,0.257298,-0.298745,0.019323,-0.150778,-0.022254,-0.200716,-0.017450,0.091589,0.011735,-0.064266,0.004693,-0.336503,0.251649,-0.448947,0.882995,1.503697,0.000000,0.000000,0.205199,-0.199203,0.113436,1.278499,0.208496,0.000000,0.000000
0.107105,0.033536,0.857172,0.000571,-0.019052,-0.009104,0.999777,0.061174,0.027195,0.003546,0.269297,-0.310139,0.019841,-0.149186,-0.021182,-0.197666,-0.017450,0.090319,0.011555,-0.063964,0.004738,-0.336235,0.251327,-0.447465,0.878214,1.505610,0.000000,0.000000,0.208649,-0.199090,0.107812,1.276645,0.208840,0.000000,0.000000
0.114240,0.031915,0.857160,0.000459,-0.019239,-0.008795,0.999776,0.062459,0.028053,0.003662,0.274212,-0.314113,0.020044,-0.148793,-0.020952,-0.196711,-0.017450,0.091848,0.011492,-0.063846,0.004751,-0.335766,0.251242,-0.446563,0.876631,1.506119,0.000000,0.000000,0.209342,-0.199078,0.106538,1.276371,0.208868,0.000000,0.000000
0.121096,0.030268,0.857165,0.000241,-0.019530,-0.008676,0.999772,0.065583,0.030504,0.004117,0.288628,-0.324498,0.020617,-0.148222,-0.020681,-0.194733,-0.017450,0.100668,0.011388,-0.063184,0.004758,-0.333554,0.251049,-0.443376,0.872557,1.507476,0.000000,0.000000,0.210322,-0.198935,0.104577,1.276543,0.208588,0.000000,0.000000
0.127586,0.028406,0.857104,-0.000003,-0.019891,-0.009013,0.999762,0.068258,0.033420,0.005225,0.306170,-0.335183,0.021222,-0.147992,-0.020360,-0.194015,-0.017450,0.112902,0.011596,-0.061629,0.004707,-0.330154,0.250757,-0.439313,0.868644,1.508852,0.000000,0.000000,0.210178,-0.198585,0.103869,1.277816,0.207593,0.000000,0.000000
0.133888,0.026282,0.857111,-0.000479,-0.019814,-0.009603,0.999757,0.069845,0.037045,0.007709,0.325907,-0.345065,0.021812,-0.147897,-0.019433,-0.194795,-0.017450,0.126261,0.012275,-0.059422,0.004637,-0.326158,0.250467,-0.433993,0.865491,1.510083,0.000000,0.000000,0.208381,-0.197969,0.103543,1.280089,0.205245,0.000000,0.000000
0.140201,0.024013,0.857237,-0.001081,-0.019478,-0.010493,0.999755,0.070253,0.041450,0.011179,0.348884,-0.353885,0.022463,-0.147536,-0.017705,-0.196346,-0.017450,0.147344,0.013456,-0.056307,0.004536,-0.321436,0.249995,-0.426426,0.862570,1.512044,0.000000,0.000000,0.204353,-0.196805,0.104181,1.283257,0.202038,0.000000,0.000000
0.146505,0.022154,0.857347,-0.001841,-0.019179,-0.011444,0.999749,0.069438,0.045895,0.015747,0.373684,-0.360517,0.022978,-0.146796,-0.016408,-0.198166,-0.017450,0.174944,0.014751,-0.052832,0.004415,-0.315139,0.248925,-0.418459,0.861469,1.511800,0.000000,0.000000,0.198408,-0.194847,0.107929,1.287856,0.198595,0.000000,0.000000
0.152578,0.020243,0.857293,-0.002722,-0.019386,-0.012440,0.999731,0.067710,0.050299,0.020085,0.399407,-0.364639,0.023554,-0.145852,-0.015602,-0.196955,-0.016882,0.193877,0.015311,-0.050150,0.004276,-0.308209,0.249145,-0.409097,0.861437,1.512250,0.000000,0.000000,0.191777,-0.193361,0.113485,1.292815,0.195139,0.000000,0.000000
0.158617,0.018243,0.857813,-0.003592,-0.019736,-0.014002,0.999701,0.065399,0.054550,0.025069,0.425517,-0.366220,0.024003,-0.145228,-0.013886,-0.196647,-0.007599,0.197009,0.016075,-0.047612,0.004107,-0.299944,0.249456,-0.398854,0.862074,1.512088,0.000000,0.000000,0.184755,-0.191985,0.119774,1.297865,0.190154,0.000000,0.000000
0.164665,0.016350,0.858587,-0.004333,-0.020461,-0.015794,0.999656,0.062551,0.058435,0.030096,0.454599,-0.364785,0.024399,-0.144770,-0.012164,-0.194467,0.007178,0.190657,0.016369,-0.044923,0.003923,-0.289773,0.249432,-0.387372,0.863536,1.511457,0.000000,0.000000,0.177155,-0.190469,0.127931,1.303291,0.183887,0.000000,0.000000
0.170577,0.014550,0.859372,-0.005156,-0.021528,-0.018122,0.999591,0.059167,0.062250,0.036293,0.486287,-0.359801,0.024620,-0.144439,-0.010652,-0.190285,0.025346,0.181253,0.016202,-0.041819,0.003707,-0.277783,0.248911,-0.374229,0.866466,1.510186,0.000000,0.000000,0.169298,-0.188717,0.136508,1.308807,0.177773,0.000000,0.000000
0.176208,0.012553,0.860036,-0.006128,-0.022933,-0.020176,0.999515,0.055021,0.066515,0.041500,0.520557,-0.351176,0.025176,-0.144020,-0.008869,-0.185067,0.045147,0.170529,0.015922,-0.038032,0.003472,-0.265264,0.249006,-0.361333,0.870268,1.508988,0.000000,0.000000,0.161312,-0.187217,0.146672,1.313688,0.172029,0.000000,0.000000
0.181600,0.010400,0.860559,-0.007039,-0.024482,-0.022730,0.999417,0.050286,0.070570,0.045310,0.555450,-0.339298,0.025940,-0.143546,-0.006614,-0.180210,0.064619,0.158728,0.015797,-0.033597,0.003187,-0.252333,0.248542,-0.349743,0.875707,1.506259,0.000000,0.000000,0.153500,-0.185615,0.159343,1.317614,0.168119,0.000000,0.000000
0.185577,0.008080,0.860898,-0.007828,-0.026195,-0.025728,0.999295,0.042307,0.075020,0.049399,0.596631,-0.321999,0.026783,-0.144095,-0.003773,-0.174379,0.085264,0.144381,0.015601,-0.029493,0.002865,-0.237083,0.247671,-0.337129,0.883026,1.500865,0.000000,0.000000,0.144029,-0.183147,0.174021,1.322450,0.166328,0.000000,0.000000
0.189649,0.006128,0.861230,-0.008094,-0.027590,-0.028548,0.999179,0.033563,0.078272,0.053379,0.636350,-0.300136,0.027273,-0.144077,-0.001881,-0.169168,0.102145,0.132236,0.015242,-0.023640,0.002542,-0.224074,0.246065,-0.325699,0.890981,1.497644,0.000000,0.000000,0.134280,-0.181718,0.187493,1.326204,0.166219,0.000000,0.000000
0.193722,0.004516,0.861606,-0.007987,-0.028754,-0.031704,0.999052,0.023826,0.080548,0.058096,0.676546,-0.271624,0.027292,-0.142865,-0.000997,-0.163159,0.114669,0.120740,0.014423,-0.015717,0.002178,-0.211271,0.243158,-0.316773,0.900340,1.492592,0.000000,0.000000,0.124482,-0.180825,0.201603,1.328156,0.167395,0.000000,0.000000
0.197703,0.003067,0.862008,-0.007655,-0.029679,-0.034730,0.998927,0.013545,0.082912,0.065411,0.715010,-0.238183,0.026726,-0.140510,-0.000908,-0.156654,0.122121,0.109649,0.013251,-0.006403,0.001779,-0.199648,0.239308,-0.309771,0.910653,1.487540,0.000000,0.000000,0.115304,-0.180413,0.213323,1.328512,0.168524,0.000000,0.000000
0.201679,0.001696,0.862457,-0.007137,-0.030488,-0.037469,0.998807,0.002960,0.085300,0.073200,0.751441,-0.201941,0.025941,-0.137255,-0.001410,-0.149753,0.126354,0.099233,0.011823,0.003764,0.001362,-0.188527,0.234815,-0.305355,0.922133,1.481590,0.000000,0.000000,0.106247,-0.180228,0.224329,1.327480,0.170411,0.000000,0.000000
0.205836,0.000167,0.862934,-0.006616,-0.031133,-0.039621,0.998708,-0.007644,0.088610,0.080690,0.784804,-0.165263,0.025358,-0.133378,-0.002069,-0.143635,0.128720,0.089596,0.010491,0.013720,0.000957,-0.177952,0.230127,-0.302904,0.935196,1.476576,0.000000,0.000000,0.097737,-0.179676,0.234274,1.325092,0.172372,0.000000,0.000000
0.210175,-0.001450,0.863402,-0.006051,-0.031943,-0.041606,0.998605,-0.017451,0.092297,0.088194,0.814572,-0.132810,0.024767,-0.129220,-0.002794,-0.138282,0.131055,0.080725,0.009293,0.023236,0.000565,-0.167745,0.225179,-0.301591,0.948557,1.472547,0.000000,0.000000,0.089537,-0.179296,0.244053,1.321579,0.174427,0.000000,0.000000
0.214654,-0.003768,0.863832,-0.005636,-0.032882,-0.043089,0.998514,-0.026436,0.098330,0.098016,0.841238,-0.110990,0.024327,-0.124810,-0.002515,-0.133988,0.133853,0.072573,0.008568,0.031931,0.000265,-0.157387,0.220798,-0.302412,0.961975,1.468931,0.000000,0.000000,0.082070,-0.178364,0.254313,1.317898,0.177437,0.000000,0.000000
0.219256,-0.006872,0.864208,-0.005483,-0.033862,-0.044215,0.998433,-0.034638,0.107178,0.110085,0.864460,-0.106486,0.024256,-0.120135,-0.000682,-0.131046,0.136953,0.065357,0.008505,0.039749,-0.000088,-0.147092,0.216608,-0.303400,0.975555,1.467175,0.000000,0.000000,0.074472,-0.177389,0.266359,1.312855,0.180279,0.000000,0.000000
0.223966,-0.010054,0.864525,-0.005572,-0.034814,-0.045129,0.998359,-0.042407,0.116674,0.121085,0.884343,-0.111738,0.024597,-0.115306,0.001896,-0.128543,0.139927,0.058861,0.008714,0.046933,-0.000378,-0.136943,0.212408,-0.303765,0.989641,1.466907,0.000000,0.000000,0.066723,-0.175423,0.277986,1.307408,0.182857,0.000000,0.000000
0.228607,-0.013184,0.864803,-0.005661,-0.036302,-0.046150,0.998259,-0.049996,0.126543,0.131579,0.903294,-0.117738,0.025104,-0.109845,0.004737,-0.126162,0.144086,0.052719,0.009019,0.053764,-0.000698,-0.125540,0.209021,-0.305081,1.003918,1.470850,0.000000,0.000000,0.058045,-0.173128,0.291706,1.301487,0.186243,0.000000,0.000000
0.233565,-0.016437,0.865127,-0.005673,-0.037070,-0.047128,0.998185,-0.056987,0.135928,0.142049,0.917587,-0.122166,0.025447,-0.104896,0.007598,-0.124417,0.147295,0.046998,0.009440,0.060164,-0.000991,-0.114851,0.205986,-0.305696,1.016308,1.477836,0.000000,0.000000,0.049873,-0.170624,0.305058,1.295155,0.189015,0.000000,0.000000
0.238376,-0.019313,0.865390,-0.005678,-0.038134,-0.048010,0.998102,-0.063775,0.144331,0.152318,0.928924,-0.126024,0.025508,-0.099888,0.010276,-0.123347,0.150932,0.040959,0.009936,0.066234,-0.001322,-0.103611,0.202443,-0.307076,1.028701,1.485898,0.000000,0.000000,0.041170,-0.168080,0.320655,1.288585,0.191399,0.000000,0.000000
0.243193,-0.021781,0.865687,-0.005454,-0.039069,-0.049130,0.998013,-0.070338,0.150845,0.161777,0.936753,-0.128081,0.025140,-0.095039,0.012226,-0.122508,0.154684,0.035202,0.010285,0.072617,-0.001685,-0.092500,0.200076,-0.307217,1.039110,1.497076,0.000000,0.000000,0.031580,-0.166430,0.337611,1.281854,0.190333,0.000000,0.000000
0.247984,-0.023699,0.865993,-0.005105,-0.039878,-0.050346,0.997922,-0.076869,0.155110,0.169979,0.940655,-0.131393,0.024364,-0.090430,0.013313,-0.121687,0.158244,0.029482,0.010409,0.078721,-0.002013,-0.080906,0.197581,-0.307588,1.049037,1.509163,0.000000,0.000000,0.021399,-0.165368,0.355330,1.272259,0.189961,0.000000,0.000000
0.252731,-0.025233,0.866314,-0.004565,-0.040660,-0.051373,0.997841,-0.083309,0.157649,0.178777,0.940959,-0.133201,0.022934,-0.086016,0.013461,-0.121372,0.161918,0.024103,0.010388,0.084742,-0.002395,-0.069411,0.194511,-0.307440,1.059009,1.522636,0.000000,0.000000,0.010897,-0.164592,0.372946,1.264274,0.187998,0.000000,0.000000
0.257423,-0.026342,0.866646,-0.003909,-0.041300,-0.052446,0.997762,-0.089693,0.158191,0.187069,0.937346,-0.135309,0.021025,-0.081870,0.012860,-0.121190,0.165387,0.018731,0.010195,0.090786,-0.002722,-0.057948,0.191823,-0.307081,1.068014,1.535921,0.000000,0.000000,-0.000037,-0.163690,0.390693,1.257284,0.185563,0.000000,0.000000
0.262118,-0.027013,0.866977,-0.003300,-0.041653,-0.053325,0.997703,-0.096424,0.156912,0.194841,0.929815,-0.137041,0.018689,-0.077966,0.011705,-0.120929,0.168687,0.013030,0.009837,0.096628,-0.003070,-0.046232,0.189176,-0.305623,1.076522,1.549387,0.000000,0.000000,-0.011957,-0.163160,0.409491,1.249468,0.183112,0.000000,0.000000
0.266641,-0.027168,0.867321,-0.002430,-0.041992,-0.054453,0.997630,-0.102997,0.153258,0.201704,0.918967,-0.138404,0.015858,-0.074654,0.009605,-0.120609,0.172003,0.007458,0.009219,0.102752,-0.003417,-0.034895,0.186482,-0.303610,1.083854,1.561095,0.000000,0.000000,-0.024137,-0.163439,0.428488,1.241918,0.179696,0.000000,0.000000
0.271104,-0.027216,0.867653,-0.001480,-0.042192,-0.055257,0.997579,-0.109466,0.148676,0.209112,0.904817,-0.139023,0.012665,-0.071789,0.007011,-0.120666,0.175694,0.002008,0.008546,0.108724,-0.003762,-0.024152,0.184688,-0.301142,1.090162,1.568198,0.000000,0.000000,-0.036518,-0.164143,0.446518,1.234191,0.175664,0.000000,0.000000
0.275392,-0.026981,0.867942,-0.000530,-0.042466,-0.055946,0.997530,-0.115782,0.143019,0.215926,0.887661,-0.140465,0.009330,-0.069302,0.003943,-0.120650,0.180048,-0.003552,0.007740,0.114308,-0.004112,-0.014115,0.184154,-0.298667,1.096135,1.569782,0.000000,0.000000,-0.049492,-0.165561,0.464447,1.226048,0.171926,0.000000,0.000000
0.279638,-0.026608,0.868190,0.000317,-0.042496,-0.056176,0.997516,-0.122122,0.136826,0.222715,0.867808,-0.141923,0.005881,-0.067201,0.000749,-0.121032,0.184650,-0.009414,0.006975,0.119861,-0.004434,-0.004540,0.184029,-0.294423,1.101211,1.570115,0.000000,0.000000,-0.062657,-0.167305,0.480831,1.217441,0.168080,0.000000,0.000000
0.283777,-0.026201,0.868390,0.001078,-0.042433,-0.056185,0.997518,-0.128349,0.130429,0.229415,0.845463,-0.143250,0.002452,-0.065402,-0.002386,-0.121693,0.189417,-0.015381,0.006272,0.125332,-0.004751,0.004842,0.184109,-0.288227,1.105225,1.570169,0.000000,0.000000,-0.075944,-0.169080,0.496316,1.208804,0.164124,0.000000,0.000000
0.287867,-0.025821,0.868543,0.001687,-0.042127,-0.055992,0.997541,-0.134675,0.123982,0.236910,0.819847,-0.145025,-0.001090,-0.063860,-0.005277,-0.122416,0.194177,-0.021586,0.005643,0.130490,-0.005113,0.014204,0.183559,-0.278998,1.109225,1.570153,0.000000,0.000000,-0.089886,-0.170703,0.512554,1.199735,0.160109,0.000000,0.000000
0.291895,-0.025429,0.868666,0.002288,-0.041749,-0.055595,0.997578,-0.140623,0.117541,0.244262,0.792554,-0.146720,-0.004515,-0.062542,-0.008002,-0.123608,0.198822,-0.027892,0.005137,0.135562,-0.005415,0.022937,0.182955,-0.268221,1.112669,1.570118,0.000000,0.000000,-0.103737,-0.172384,0.528702,1.190465,0.157512,0.000000,0.000000
0.296008,-0.025200,0.868739,0.002701,-0.041139,-0.054894,0.997641,-0.146240,0.111660,0.252257,0.763429,-0.148767,-0.007808,-0.061321,-0.010221,-0.124898,0.203304,-0.034361,0.004777,0.139944,-0.005710,0.031191,0.183304,-0.254825,1.114288,1.570086,0.000000,0.000000,-0.117914,-0.174470,0.543186,1.180472,0.153608,0.000000,0.000000
0.300179,-0.024987,0.868792,0.003093,-0.040398,-0.054514,0.997691,-0.151466,0.105949,0.261552,0.732500,-0.152020,-0.011200,-0.060236,-0.012226,-0.126399,0.207635,-0.040836,0.004503,0.144476,-0.006010,0.039157,0.183116,-0.239446,1.115764,1.570057,0.000000,0.000000,-0.131918,-0.175993,0.556836,1.170558,0.150432,0.000000,0.000000
0.304511,-0.024887,0.868790,0.003306,-0.039503,-0.053691,0.997770,-0.156252,0.100712,0.271709,0.699901,-0.155568,-0.014479,-0.059138,-0.013794,-0.128410,0.211847,-0.047651,0.004431,0.148321,-0.006276,0.046487,0.183815,-0.222673,1.115933,1.567311,0.000000,0.000000,-0.146275,-0.177485,0.568519,1.160400,0.146911,0.000000,0.000000
0.308905,-0.024871,0.868723,0.003352,-0.038652,-0.052623,0.997860,-0.160547,0.095844,0.282480,0.665785,-0.159319,-0.017615,-0.057950,-0.014896,-0.130412,0.216222,-0.054633,0.004476,0.151391,-0.006547,0.053627,0.185402,-0.206056,1.115360,1.560476,0.000000,0.000000,-0.161139,-0.179548,0.579977,1.149957,0.141915,0.000000,0.000000
0.313508,-0.024948,0.868614,0.003327,-0.037683,-0.051410,0.997961,-0.164269,0.091101,0.293458,0.630402,-0.162917,-0.020564,-0.056680,-0.015721,-0.132143,0.220737,-0.061889,0.004542,0.153975,-0.006774,0.060503,0.187294,-0.189370,1.114528,1.552433,0.000000,0.000000,-0.175549,-0.180817,0.590463,1.140012,0.138201,0.000000,0.000000
0.318295,-0.025102,0.868439,0.003113,-0.036765,-0.049698,0.998083,-0.167345,0.086854,0.305343,0.595185,-0.166695,-0.023409,-0.055181,-0.016255,-0.134988,0.225220,-0.069435,0.004878,0.156034,-0.006996,0.067103,0.189170,-0.174129,1.113722,1.545596,0.000000,0.000000,-0.189228,-0.181587,0.598901,1.130528,0.134990,0.000000,0.000000
0.323246,-0.025410,0.868225,0.002864,-0.035918,-0.048037,0.998195,-0.169698,0.082603,0.317695,0.558099,-0.168750,-0.026146,-0.053407,-0.016474,-0.137269,0.229857,-0.077670,0.005192,0.157720,-0.007200,0.073853,0.192037,-0.159046,1.112406,1.538212,0.000000,0.000000,-0.203667,-0.182122,0.608226,1.121706,0.133164,0.000000,0.000000
0.328398,-0.025597,0.867931,0.002396,-0.034845,-0.046201,0.998321,-0.171502,0.077931,0.330739,0.518952,-0.171622,-0.028878,-0.051692,-0.016299,-0.139943,0.234530,-0.085655,0.005672,0.159125,-0.007400,0.080122,0.195056,-0.143827,1.110659,1.530644,0.000000,0.000000,-0.217556,-0.182701,0.616450,1.112441,0.132314,0.000000,0.000000
0.334189,-0.025804,0.867419,0.001479,-0.035433,-0.043481,0.998425,-0.170774,0.074973,0.341277,0.480679,-0.174436,-0.030453,-0.048230,-0.016946,-0.145516,0.241601,-0.096949,0.006446,0.159445,-0.007489,0.087041,0.204715,-0.128763,1.110114,1.520902,0.000000,0.000000,-0.228513,-0.179106,0.616923,1.106933,0.119127,0.000000,0.000000
0.340582,-0.026326,0.866488,-0.001265,-0.036348,-0.038026,0.998615,-0.168776,0.075097,0.345826,0.444544,-0.175180,-0.030045,-0.042704,-0.014548,-0.153550,0.248213,-0.108318,0.008469,0.157006,-0.007528,0.093181,0.215688,-0.117405,1.109854,1.513896,0.000000,0.000000,-0.237446,-0.173429,0.616308,1.101652,0.110078,0.000000,0.000000
0.347280,-0.026711,0.865492,-0.004150,-0.037310,-0.030796,0.998820,-0.166427,0.075602,0.348765,0.408758,-0.175898,-0.029220,-0.035580,-0.011084,-0.164052,0.253964,-0.119171,0.011186,0.152240,-0.007591,0.099193,0.225762,-0.106512,1.109023,1.509221,0.000000,0.000000,-0.245881,-0.168235,0.614114,1.095731,0.104071,0.000000,0.000000
0.354149,-0.027001,0.864425,-0.007266,-0.038628,-0.021736,0.998991,-0.163778,0.076287,0.351454,0.374952,-0.175653,-0.028349,-0.027062,-0.007025,-0.178032,0.258702,-0.129831,0.014669,0.145038,-0.007609,0.105983,0.235039,-0.097045,1.108718,1.508415,0.000000,0.000000,-0.252711,-0.164041,0.609816,1.088748,0.099281,0.000000,0.000000
0.360713,-0.027146,0.863443,-0.010053,-0.039417,-0.014834,0.999062,-0.160996,0.076154,0.353002,0.342271,-0.172972,-0.027619,-0.019298,-0.002899,-0.187706,0.262342,-0.139286,0.017427,0.137151,-0.007588,0.111232,0.242317,-0.085604,1.109942,1.510995,0.000000,0.000000,-0.260669,-0.159938,0.610016,1.082328,0.097060,0.000000,0.000000
0.367363,-0.027234,0.862265,-0.013351,-0.040228,-0.006203,0.999082,-0.158056,0.076169,0.354739,0.309904,-0.168898,-0.026911,-0.011347,0.002038,-0.198684,0.266236,-0.148884,0.020640,0.127471,-0.007482,0.116583,0.249805,-0.073738,1.111011,1.516573,0.000000,0.000000,-0.268397,-0.155678,0.609504,1.075918,0.096047,0.000000,0.000000
0.374060,-0.027226,0.863586,-0.016602,-0.041156,0.003233,0.999010,-0.155014,0.075817,0.356070,0.279365,-0.163500,-0.026297,-0.003231,0.007100,-0.211142,0.270385,-0.158341,0.024176,0.116530,-0.007304,0.122040,0.257219,-0.064600,1.112346,1.525730,0.000000,0.000000,-0.275332,-0.151477,0.608745,1.069485,0.095686,0.000000,0.000000
0.380901,-0.027252,0.864677,-0.019948,-0.042021,0.013147,0.998831,-0.151820,0.075549,0.357491,0.251696,-0.156236,-0.025811,0.004958,0.012423,-0.224803,0.274512,-0.167687,0.028030,0.104519,-0.007138,0.127230,0.264753,-0.056109,1.114014,1.536255,0.000000,0.000000,-0.281850,-0.147556,0.607066,1.063270,0.095543,0.000000,0.000000
0.387906,-0.027434,0.865580,-0.023386,-0.043114,0.023754,0.998514,-0.148467,0.075838,0.359618,0.228155,-0.145853,-0.025519,0.013438,0.018170,-0.239668,0.279075,-0.177156,0.032265,0.091431,-0.006889,0.132578,0.272567,-0.048906,1.115632,1.547134,0.000000,0.000000,-0.287709,-0.143505,0.604514,1.057770,0.095762,0.000000,0.000000
0.395043,-0.027540,0.866366,-0.026645,-0.044270,0.034422,0.998071,-0.145085,0.076149,0.361669,0.209654,-0.133354,-0.025470,0.021649,0.023591,-0.253523,0.283592,-0.185709,0.036298,0.078671,-0.006664,0.137375,0.279720,-0.042595,1.117690,1.556967,0.000000,0.000000,-0.292329,-0.139948,0.602196,1.052471,0.097079,0.000000,0.000000
0.402308,-0.027566,0.867080,-0.029513,-0.045587,0.044891,0.997515,-0.141308,0.076368,0.363721,0.194741,-0.117827,-0.025672,0.030216,0.028504,-0.267248,0.288678,-0.194444,0.040234,0.065566,-0.006415,0.142270,0.286375,-0.036530,1.120313,1.565597,0.000000,0.000000,-0.296151,-0.136652,0.599450,1.047423,0.099075,0.000000,0.000000
0.410244,-0.026737,0.867445,-0.030532,-0.048008,0.053636,0.996938,-0.135540,0.075285,0.364883,0.185075,-0.102119,-0.026333,0.039576,0.029040,-0.275542,0.295226,-0.203155,0.042050,0.054968,-0.006254,0.148221,0.290962,-0.031260,1.123074,1.569338,0.000000,0.000000,-0.297871,-0.135356,0.597687,1.043095,0.100638,0.000000,0.000000
0.418406,-0.026267,0.867923,-0.030948,-0.050318,0.061285,0.996371,-0.128207,0.074015,0.366459,0.177723,-0.085171,-0.027286,0.049395,0.028357,-0.282599,0.302824,-0.212133,0.043330,0.045904,-0.006150,0.154518,0.294299,-0.026672,1.126301,1.570665,0.000000,0.000000,-0.298517,-0.135268,0.596782,1.038584,0.102801,0.000000,0.000000
0.426980,-0.026274,0.868528,-0.031030,-0.052431,0.068492,0.995790,-0.119967,0.073804,0.369909,0.173490,-0.070639,-0.028349,0.059226,0.027589,-0.288668,0.310953,-0.221266,0.044418,0.038197,-0.006014,0.160224,0.296705,-0.021389,1.129514,1.570800,0.000000,0.000000,-0.298644,-0.136065,0.595540,1.034065,0.104945,0.000000,0.000000
0.435958,-0.026448,0.869259,-0.031208,-0.054773,0.075401,0.995159,-0.110824,0.075493,0.376422,0.173919,-0.062108,-0.029443,0.069261,0.027178,-0.293796,0.319813,-0.230611,0.045478,0.031430,-0.005883,0.165652,0.298511,-0.015317,1.132780,1.570800,0.000000,0.000000,-0.297735,-0.137229,0.594584,1.029621,0.107237,0.000000,0.000000
0.444620,-0.026375,0.869931,-0.031039,-0.056655,0.081031,0.994616,-0.102054,0.077226,0.383014,0.176194,-0.059680,-0.030413,0.078000,0.026838,-0.298240,0.328168,-0.238901,0.046401,0.026774,-0.005807,0.169892,0.300083,-0.009334,1.135513,1.570800,0.000000,0.000000,-0.296800,-0.138985,0.594048,1.025313,0.110094,0.000000,0.000000
0.451503,-0.025848,0.870382,-0.030483,-0.056391,0.084441,0.994364,-0.097494,0.077054,0.385051,0.176189,-0.061712,-0.030870,0.081870,0.026476,-0.300681,0.333082,-0.243190,0.046830,0.025856,-0.005815,0.170973,0.300652,-0.005017,1.136637,1.570800,0.000000,0.000000,-0.297419,-0.140538,0.593741,1.022455,0.111592,0.000000,0.000000
0.457915,-0.024995,0.870867,-0.029605,-0.055222,0.087277,0.994212,-0.092799,0.075640,0.385493,0.174485,-0.067319,-0.031285,0.084858,0.025852,-0.303304,0.338944,-0.247738,0.047196,0.025944,-0.005836,0.170932,0.301061,-0.000324,1.137601,1.570800,0.000000,0.000000,-0.299265,-0.143181,0.593641,1.018765,0.113645,0.000000,0.000000
0.463941,-0.023835,0.871418,-0.028683,-0.053563,0.090043,0.994083,-0.086997,0.072422,0.384119,0.170527,-0.078516,-0.031658,0.087158,0.024595,-0.306928,0.348040,-0.253773,0.047559,0.027292,-0.005915,0.168674,0.301198,0.006019,1.138801,1.570800,0.000000,0.000000,-0.302544,-0.147456,0.593327,1.013647,0.116991,0.000000,0.000000
0.469625,-0.022385,0.871829,-0.027836,-0.051868,0.092894,0.993934,-0.082280,0.068515,0.381263,0.166161,-0.090682,-0.031810,0.087753,0.022886,-0.310669,0.358162,-0.259413,0.047807,0.029207,-0.005981,0.165116,0.301324,0.011196,1.139813,1.570800,0.000000,0.000000,-0.305904,-0.151791,0.592542,1.009099,0.119522,0.000000,0.000000
0.475090,-0.020766,0.872116,-0.027186,-0.050562,0.096884,0.993639,-0.078840,0.065023,0.378268,0.163240,-0.100685,-0.031851,0.087445,0.021221,-0.313836,0.368835,-0.263786,0.047992,0.030531,-0.006015,0.161497,0.301679,0.014411,1.140413,1.570800,0.000000,0.000000,-0.308346,-0.155772,0.591335,1.005518,0.121680,0.000000,0.000000
0.480383,-0.019108,0.872310,-0.026367,-0.049373,0.101496,0.993260,-0.075913,0.061420,0.374796,0.161583,-0.109354,-0.031856,0.086479,0.019235,-0.317271,0.381592,-0.267613,0.048186,0.031593,-0.006028,0.157218,0.302049,0.016829,1.140676,1.570800,0.000000,0.000000,-0.310057,-0.159993,0.589564,1.002439,0.123544,0.000000,0.000000
0.485269,-0.017388,0.872409,-0.025348,-0.048259,0.106163,0.992853,-0.073241,0.057069,0.370058,0.161173,-0.117080,-0.031853,0.084545,0.016593,-0.321438,0.397964,-0.270530,0.048408,0.032325,-0.006019,0.151987,0.302174,0.019227,1.140462,1.570800,0.000000,0.000000,-0.311112,-0.164703,0.587202,0.999802,0.125605,0.000000,0.000000
0.489874,-0.015629,0.872409,-0.024072,-0.047146,0.111292,0.992377,-0.070994,0.052026,0.364006,0.162230,-0.123529,-0.031870,0.081510,0.013002,-0.326824,0.417724,-0.271441,0.048683,0.032842,-0.005981,0.145845,0.301868,0.021110,1.139981,1.570800,0.000000,0.000000,-0.311265,-0.169513,0.584314,0.998639,0.127137,0.000000,0.000000
0.494210,-0.013958,0.872306,-0.022634,-0.046141,0.117122,0.991787,-0.069263,0.046562,0.357010,0.164991,-0.129076,-0.031926,0.077453,0.008524,-0.333003,0.440571,-0.268893,0.048987,0.033083,-0.005898,0.138892,0.300959,0.022342,1.139577,1.570800,0.000000,0.000000,-0.310212,-0.174213,0.579929,0.999373,0.127971,0.000000,0.000000
0.498265,-0.012130,0.872110,-0.021228,-0.045576,0.124832,0.990903,-0.067925,0.040906,0.349402,0.169737,-0.134077,-0.032034,0.072892,0.003725,-0.338021,0.466088,-0.263294,0.049128,0.032398,-0.005765,0.131951,0.299955,0.021067,1.138766,1.570800,0.000000,0.000000,-0.307890,-0.179637,0.573565,1.002107,0.129884,0.000000,0.000000
0.502140,-0.010356,0.871856,-0.019817,-0.045196,0.132223,0.989991,-0.066575,0.035489,0.342062,0.174964,-0.139657,-0.032184,0.067553,-0.001976,-0.344464,0.494427,-0.253780,0.049379,0.031510,-0.005576,0.124975,0.298812,0.019433,1.138126,1.570800,0.000000,0.000000,-0.303028,-0.184425,0.566097,1.005819,0.132093,0.000000,0.000000
0.505891,-0.008412,0.871641,-0.018640,-0.044775,0.140454,0.988899,-0.064985,0.030140,0.334875,0.179081,-0.145374,-0.032347,0.061336,-0.007891,-0.351983,0.524947,-0.240134,0.049858,0.030144,-0.005350,0.117599,0.297813,0.017767,1.136920,1.570800,0.000000,0.000000,-0.296154,-0.188789,0.557186,1.009742,0.134397,0.000000,0.000000
0.509520,-0.006366,0.871433,-0.017338,-0.044463,0.148123,0.987817,-0.062652,0.024853,0.328057,0.180957,-0.151246,-0.032528,0.054564,-0.014765,-0.360702,0.556409,-0.223117,0.050278,0.028629,-0.005121,0.110836,0.296876,0.018272,1.135027,1.570800,0.000000,0.000000,-0.287782,-0.191694,0.547234,1.013817,0.135899,0.000000,0.000000
0.512843,-0.004007,0.871275,-0.016207,-0.044211,0.157722,0.986360,-0.059638,0.018492,0.319834,0.180383,-0.155850,-0.032708,0.047011,-0.021108,-0.366568,0.589705,-0.202271,0.050346,0.025517,-0.004856,0.103471,0.295699,0.016904,1.132856,1.570800,0.000000,0.000000,-0.277923,-0.195576,0.538127,1.017333,0.140785,0.000000,0.000000
0.516079,-0.001736,0.871118,-0.014830,-0.043899,0.166721,0.984915,-0.055880,0.011596,0.311013,0.177283,-0.159775,-0.032876,0.038637,-0.027763,-0.371196,0.624268,-0.174153,0.050083,0.021944,-0.004605,0.095874,0.293799,0.016958,1.129851,1.570800,0.000000,0.000000,-0.267104,-0.198827,0.529695,1.021090,0.147689,0.000000,0.000000
0.519137,0.000667,0.871014,-0.013636,-0.043714,0.175487,0.983416,-0.051648,0.005030,0.302743,0.172601,-0.162970,-0.033019,0.030012,-0.034597,-0.375337,0.657574,-0.143374,0.049570,0.018562,-0.004331,0.088748,0.291916,0.018371,1.126291,1.570800,0.000000,0.000000,-0.256190,-0.201282,0.522179,1.025003,0.155055,0.000000,0.000000
0.522039,0.003053,0.870910,-0.012496,-0.044014,0.183624,0.981931,-0.046835,-0.000942,0.295445,0.168011,-0.165451,-0.033198,0.021451,-0.041594,-0.378010,0.690270,-0.109436,0.048614,0.015368,-0.004094,0.082544,0.289259,0.020565,1.123710,1.570800,0.000000,0.000000,-0.244684,-0.202792,0.517009,1.029388,0.163322,0.000000,0.000000
0.524789,0.005253,0.870887,-0.011629,-0.043943,0.192488,0.980246,-0.042153,-0.006457,0.288712,0.162115,-0.167379,-0.033328,0.012623,-0.047685,-0.379626,0.720533,-0.074080,0.047617,0.012240,-0.003866,0.076373,0.287006,0.023970,1.116335,1.570800,0.000000,0.000000,-0.233191,-0.203685,0.510891,1.034502,0.170615,0.000000,0.000000
0.527053,0.007343,0.870801,-0.010514,-0.044238,0.200783,0.978580,-0.037266,-0.012003,0.281818,0.156414,-0.168233,-0.033472,0.003868,-0.053989,-0.379105,0.749085,-0.036185,0.046005,0.009139,-0.003691,0.071165,0.284334,0.025573,1.110169,1.567182,0.000000,0.000000,-0.222093,-0.204550,0.507830,1.040701,0.177816,0.000000,0.000000
0.528816,0.009133,0.870775,-0.009566,-0.043893,0.209936,0.976683,-0.032921,-0.017522,0.274637,0.148663,-0.167675,-0.033556,-0.005107,-0.059433,-0.377644,0.773299,-0.000006,0.044378,0.006772,-0.003517,0.065646,0.281989,0.026517,1.100227,1.561859,0.000000,0.000000,-0.211375,-0.205469,0.504131,1.047419,0.183137,0.000000,0.000000
0.528938,0.011442,0.870494,-0.008093,-0.041670,0.216769,0.975300,-0.029543,-0.029387,0.256846,0.134291,-0.162269,-0.033394,-0.017023,-0.064789,-0.372462,0.794821,0.041798,0.042073,0.006769,-0.003499,0.059351,0.272869,0.026453,1.087741,1.559129,0.000000,0.000000,-0.206164,-0.214641,0.502900,1.052742,0.192342,0.000000,0.000000
0.529518,0.012781,0.870295,-0.007012,-0.040331,0.226448,0.973163,-0.027189,-0.037246,0.244935,0.123214,-0.156570,-0.033227,-0.027869,-0.069540,-0.367515,0.811936,0.069507,0.040036,0.005208,-0.003235,0.053085,0.266193,0.024049,1.076853,1.554310,0.000000,0.000000,-0.199060,-0.219660,0.503462,1.059058,0.198653,0.000000,0.000000
0.530370,0.013977,0.870057,-0.005842,-0.039502,0.235558,0.971040,-0.025445,-0.043367,0.235535,0.115717,-0.152393,-0.033102,-0.037528,-0.074414,-0.362955,0.826020,0.080537,0.038062,0.004095,-0.003029,0.047462,0.262049,0.019857,1.066360,1.547356,0.000000,0.000000,-0.191253,-0.222971,0.504527,1.066039,0.202173,0.000000,0.000000
0.531297,0.015381,0.869779,-0.004846,-0.039384,0.244263,0.968897,-0.023554,-0.048871,0.227064,0.110973,-0.149804,-0.033020,-0.046977,-0.080498,-0.358266,0.839836,0.076354,0.035789,0.003294,-0.002847,0.040720,0.258454,0.013500,1.058894,1.537785,0.000000,0.000000,-0.182554,-0.225746,0.506853,1.074503,0.205337,0.000000,0.000000
0.532487,0.016833,0.869458,-0.003648,-0.039169,0.253997,0.966405,-0.021487,-0.054641,0.217892,0.107319,-0.147936,-0.032916,-0.056372,-0.087518,-0.352401,0.854389,0.066894,0.033082,0.003456,-0.002630,0.034152,0.255625,0.005167,1.046025,1.529086,0.000000,0.000000,-0.171958,-0.228239,0.506784,1.084507,0.204955,0.000000,0.000000
0.533964,0.017997,0.869378,-0.003451,-0.039596,0.264795,0.963485,-0.019221,-0.057659,0.205457,0.105424,-0.146760,-0.031641,-0.064463,-0.092662,-0.346153,0.867415,0.057495,0.030839,0.003506,-0.002424,0.028135,0.253560,-0.005213,1.032953,1.521091,0.000000,0.000000,-0.161047,-0.230256,0.506421,1.094563,0.203892,0.000000,0.000000
0.535618,0.019152,0.869359,-0.003195,-0.040346,0.275510,0.960446,-0.016765,-0.059520,0.191849,0.104758,-0.146110,-0.029932,-0.071404,-0.097507,-0.340235,0.878655,0.050056,0.028675,0.003272,-0.002193,0.022696,0.251714,-0.016625,1.020214,1.514462,0.000000,0.000000,-0.149326,-0.231134,0.505327,1.104995,0.201079,0.000000,0.000000
0.537395,0.020093,0.869409,-0.003009,-0.041264,0.286333,0.957236,-0.014041,-0.060600,0.176198,0.104606,-0.145651,-0.027752,-0.077739,-0.101850,-0.333491,0.887581,0.043998,0.026451,0.002780,-0.001953,0.017185,0.250043,-0.029240,1.007208,1.508824,0.000000,0.000000,-0.136890,-0.231570,0.504462,1.116020,0.197013,0.000000,0.000000
0.539284,0.020701,0.869506,-0.002823,-0.042217,0.297087,0.953913,-0.011414,-0.061004,0.160503,0.104649,-0.145096,-0.025415,-0.083214,-0.105259,-0.326066,0.893056,0.038645,0.024282,0.002153,-0.001709,0.012055,0.248793,-0.041992,0.994674,1.505125,0.000000,0.000000,-0.124642,-0.231699,0.503936,1.126434,0.193008,0.000000,0.000000
0.541195,0.020998,0.869646,-0.002674,-0.043141,0.308141,0.950358,-0.009036,-0.060860,0.144857,0.104859,-0.144165,-0.022971,-0.088174,-0.107987,-0.318180,0.895459,0.032905,0.022152,0.001189,-0.001454,0.007294,0.247536,-0.055200,0.981950,1.502988,0.000000,0.000000,-0.112116,-0.230888,0.502821,1.136797,0.189649,0.000000,0.000000
0.543158,0.020797,0.869852,-0.002672,-0.044067,0.319739,0.946477,-0.007146,-0.059868,0.129012,0.105549,-0.142689,-0.020304,-0.092787,-0.109307,-0.309187,0.894842,0.027880,0.020152,-0.000322,-0.001225,0.003245,0.246999,-0.069063,0.968532,1.501754,0.000000,0.000000,-0.100198,-0.230103,0.500218,1.146999,0.185666,0.000000,0.000000
0.545196,0.020384,0.870073,-0.002581,-0.044852,0.331086,0.942531,-0.005743,-0.058445,0.113720,0.106617,-0.141305,-0.017626,-0.097155,-0.110253,-0.299766,0.891387,0.022946,0.018122,-0.001797,-0.000996,-0.000498,0.246196,-0.082748,0.954928,1.501587,0.000000,0.000000,-0.087882,-0.228419,0.496364,1.156936,0.183493,0.000000,0.000000
0.547274,0.019623,0.870313,-0.002426,-0.045608,0.342344,0.938464,-0.004780,-0.056588,0.098290,0.108026,-0.139798,-0.014832,-0.101592,-0.110561,-0.289128,0.884855,0.018038,0.015981,-0.002962,-0.000788,-0.004287,0.245514,-0.097009,0.940477,1.501511,0.000000,0.000000,-0.075731,-0.226786,0.491035,1.166763,0.181982,0.000000,0.000000
0.549424,0.018635,0.870591,-0.002435,-0.046361,0.354133,0.934042,-0.004340,-0.054130,0.083860,0.109804,-0.138201,-0.012045,-0.105622,-0.110010,-0.277967,0.876138,0.013662,0.013923,-0.004245,-0.000546,-0.007368,0.245258,-0.111612,0.926101,1.501553,0.000000,0.000000,-0.063702,-0.224579,0.483828,1.175869,0.182607,0.000000,0.000000
0.551582,0.017454,0.870853,-0.002275,-0.046848,0.365740,0.929534,-0.004309,-0.051765,0.069122,0.111414,-0.136223,-0.009234,-0.109528,-0.109111,-0.265875,0.864796,0.009765,0.011709,-0.005195,-0.000314,-0.010387,0.245189,-0.126517,0.911730,1.501879,0.000000,0.000000,-0.051318,-0.221822,0.476107,1.183903,0.187490,0.000000,0.000000
0.553354,0.016026,0.871070,-0.001889,-0.047075,0.378491,0.924405,-0.005073,-0.049874,0.051306,0.112614,-0.133080,-0.006058,-0.113869,-0.108786,-0.254528,0.851523,0.005063,0.009463,-0.005287,-0.000143,-0.013929,0.244924,-0.143991,0.895410,1.501916,0.000000,0.000000,-0.038495,-0.219709,0.464846,1.192060,0.192852,0.000000,0.000000
0.555456,0.014715,0.871270,-0.001528,-0.046923,0.390492,0.919409,-0.005980,-0.048194,0.035439,0.113076,-0.130358,-0.003226,-0.117984,-0.108612,-0.242512,0.836206,0.001220,0.006973,-0.005306,0.000029,-0.017651,0.244278,-0.159632,0.880505,1.502437,0.000000,0.000000,-0.026757,-0.217041,0.454128,1.199211,0.198446,0.000000,0.000000
0.557703,0.013340,0.871450,-0.000947,-0.047010,0.402113,0.914382,-0.006631,-0.046448,0.019617,0.113373,-0.127709,-0.000380,-0.121583,-0.108709,-0.229289,0.819404,-0.002363,0.004082,-0.004520,0.000186,-0.022172,0.243643,-0.173568,0.867406,1.503279,0.000000,0.000000,-0.015173,-0.214656,0.443817,1.205790,0.205716,0.000000,0.000000
0.560645,0.011909,0.871683,-0.000532,-0.046979,0.410099,0.910830,-0.006618,-0.043865,0.009385,0.112575,-0.126165,0.001800,-0.125182,-0.107876,-0.210605,0.800131,-0.005048,0.000221,-0.001577,0.000248,-0.024692,0.242965,-0.183615,0.854661,1.504454,0.000000,0.000000,-0.003711,-0.210538,0.438051,1.211668,0.213376,0.000000,0.000000
0.563482,0.010697,0.871906,-0.000053,-0.046674,0.421899,0.905440,-0.007033,-0.041644,-0.003615,0.112033,-0.123392,0.004332,-0.127869,-0.108108,-0.195942,0.779965,-0.007788,-0.003086,0.000421,0.000330,-0.027827,0.243561,-0.197475,0.842081,1.504423,0.000000,0.000000,0.007165,-0.207356,0.429318,1.217443,0.221927,0.000000,0.000000
0.566151,0.009630,0.872083,0.000530,-0.046619,0.434518,0.899456,-0.007737,-0.039760,-0.020934,0.112945,-0.121506,0.007453,-0.129597,-0.109207,-0.183358,0.759184,-0.011825,-0.006232,0.001178,0.000421,-0.032316,0.243563,-0.213370,0.831454,1.502748,0.000000,0.000000,0.018083,-0.205403,0.421477,1.222058,0.232977,0.000000,0.000000
0.568992,0.008507,0.872427,0.000145,-0.045886,0.449223,0.892240,-0.009427,-0.036693,-0.035997,0.111854,-0.118153,0.010513,-0.131055,-0.109473,-0.171448,0.735673,-0.016467,-0.008989,-0.002380,0.000704,-0.035344,0.243747,-0.229667,0.819037,1.501919,0.000000,0.000000,0.028570,-0.201150,0.411534,1.226396,0.239571,0.000000,0.000000
0.571680,0.007541,0.872573,0.000701,-0.045283,0.462101,0.885670,-0.010816,-0.035021,-0.051417,0.111458,-0.115200,0.013288,-0.131931,-0.111411,-0.159698,0.712561,-0.021499,-0.012231,-0.003585,0.000857,-0.038733,0.242451,-0.243665,0.811653,1.506484,0.000000,0.000000,0.038391,-0.197051,0.403421,1.230861,0.244369,0.000000,0.000000
0.574624,0.006608,0.872690,0.001347,-0.044614,0.474440,0.879155,-0.012142,-0.033460,-0.067454,0.111343,-0.112972,0.016137,-0.132431,-0.113745,-0.146384,0.688105,-0.027059,-0.015902,-0.003888,0.000965,-0.042606,0.240118,-0.256667,0.805430,1.510264,0.000000,0.000000,0.047815,-0.193129,0.396908,1.234950,0.247829,0.000000,0.000000
0.577840,0.005767,0.872838,0.001750,-0.043824,0.486688,0.872474,-0.013535,-0.031516,-0.082325,0.111112,-0.111457,0.018900,-0.132567,-0.115732,-0.132296,0.662700,-0.032897,-0.019582,-0.004282,0.001064,-0.046297,0.238580,-0.268063,0.799259,1.513796,0.000000,0.000000,0.056931,-0.189620,0.392650,1.237435,0.249770,0.000000,0.000000
0.581097,0.005058,0.872981,0.002142,-0.043117,0.498531,0.865797,-0.014928,-0.029531,-0.098170,0.110978,-0.109656,0.021827,-0.132201,-0.117722,-0.115898,0.636428,-0.039423,-0.023701,-0.004412,0.001146,-0.049104,0.237366,-0.279972,0.793907,1.517650,0.000000,0.000000,0.065714,-0.186127,0.391523,1.239170,0.251020,0.000000,0.000000
0.584461,0.004410,0.873117,0.002589,-0.042755,0.510141,0.859024,-0.016012,-0.027479,-0.113870,0.111118,-0.107882,0.024759,-0.131205,-0.119466,-0.098308,0.609922,-0.045806,-0.027916,-0.003082,0.001188,-0.052192,0.236114,-0.292513,0.789857,1.522279,0.000000,0.000000,0.075411,-0.182502,0.390976,1.239568,0.251282,0.000000,0.000000
0.588389,0.003883,0.873303,0.002825,-0.042062,0.521641,0.852123,-0.016983,-0.024700,-0.128483,0.110563,-0.106804,0.027694,-0.129755,-0.120511,-0.078795,0.582318,-0.052029,-0.032221,-0.002087,0.001241,-0.055108,0.235518,-0.304056,0.786459,1.526624,0.000000,0.000000,0.083654,-0.179102,0.390801,1.239258,0.251593,0.000000,0.000000
0.592552,0.003579,0.873482,0.003076,-0.041277,0.532835,0.845206,-0.017698,-0.021698,-0.142166,0.109480,-0.106529,0.030528,-0.127851,-0.121413,-0.058010,0.553941,-0.058027,-0.036620,-0.000963,0.001235,-0.057430,0.234818,-0.314220,0.783818,1.531831,0.000000,0.000000,0.091368,-0.175810,0.390530,1.238409,0.248782,0.000000,0.000000
0.596978,0.003481,0.873674,0.003286,-0.040602,0.543897,0.838163,-0.018111,-0.018335,-0.155535,0.108285,-0.106450,0.033401,-0.125356,-0.121951,-0.036376,0.525100,-0.063485,-0.040948,0.000597,0.001236,-0.059457,0.234024,-0.323416,0.782605,1.537966,0.000000,0.000000,0.098915,-0.172029,0.390186,1.236827,0.245569,0.000000,0.000000
0.601766,0.003638,0.873883,0.003451,-0.039976,0.554725,0.831066,-0.018128,-0.014440,-0.169251,0.106815,-0.107331,0.036449,-0.122211,-0.121818,-0.012706,0.495621,-0.068559,-0.045350,0.002863,0.001218,-0.061360,0.233157,-0.332797,0.782672,1.544825,0.000000,0.000000,0.106545,-0.167966,0.391476,1.234178,0.243300,0.000000,0.000000
0.606815,0.004250,0.874113,0.003455,-0.039229,0.565260,0.823972,-0.017676,-0.010173,-0.182537,0.104482,-0.109044,0.039492,-0.118495,-0.121213,0.012505,0.465352,-0.073868,-0.049754,0.005403,0.001134,-0.063178,0.232615,-0.340712,0.783496,1.551682,0.000000,0.000000,0.113322,-0.164126,0.392698,1.231068,0.239957,0.000000,0.000000
0.612011,0.005341,0.874308,0.003552,-0.038324,0.575531,0.816874,-0.016686,-0.006026,-0.195401,0.101280,-0.110898,0.042423,-0.114189,-0.120691,0.038948,0.434758,-0.078858,-0.054246,0.008341,0.001031,-0.064492,0.232364,-0.346842,0.784996,1.559035,0.000000,0.000000,0.119757,-0.160731,0.394169,1.227182,0.236967,0.000000,0.000000
0.617341,0.006867,0.874531,0.003433,-0.037455,0.585771,0.809603,-0.015220,-0.001445,-0.207224,0.097291,-0.113683,0.045264,-0.109253,-0.119673,0.066224,0.403899,-0.083957,-0.058568,0.011094,0.000929,-0.065447,0.232832,-0.351764,0.787554,1.567302,0.000000,0.000000,0.125249,-0.157558,0.395217,1.223021,0.232876,0.000000,0.000000
0.622699,0.008860,0.874704,0.003466,-0.036505,0.595764,0.802322,-0.013218,0.002978,-0.218971,0.092677,-0.116989,0.048017,-0.103674,-0.118569,0.094464,0.373298,-0.088723,-0.062892,0.014263,0.000782,-0.066338,0.234113,-0.356827,0.789952,1.570788,0.000000,0.000000,0.130054,-0.154747,0.396305,1.218729,0.229567,0.000000,0.000000
0.627865,0.011368,0.874833,0.003526,-0.035462,0.605423,0.795105,-0.010753,0.006987,-0.230102,0.087480,-0.121021,0.050541,-0.097586,-0.117859,0.123246,0.343066,-0.093384,-0.067263,0.017673,0.000611,-0.067405,0.236525,-0.359215,0.792831,1.570800,0.000000,0.000000,0.134257,-0.152624,0.397207,1.213963,0.226584,0.000000,0.000000
0.633257,0.014421,0.874975,0.003338,-0.034374,0.615063,0.787721,-0.008070,0.011087,-0.241249,0.081905,-0.125586,0.053059,-0.091248,-0.116192,0.152034,0.314847,-0.095448,-0.071365,0.020577,0.000464,-0.067416,0.237940,-0.361724,0.796027,1.570800,0.000000,0.000000,0.137435,-0.151088,0.398374,1.208796,0.224135,0.000000,0.000000
0.639052,0.017776,0.875315,0.002244,-0.033794,0.622659,0.781760,-0.004453,0.017870,-0.247367,0.075122,-0.131157,0.055404,-0.084968,-0.111892,0.185527,0.285606,-0.095517,-0.075511,0.025939,0.000223,-0.065572,0.236509,-0.364738,0.800661,1.570800,0.000000,0.000000,0.140168,-0.147441,0.402083,1.203233,0.220916,0.000000,0.000000
0.645156,0.021275,0.875669,0.001179,-0.033704,0.628764,0.776865,0.000025,0.026224,-0.252011,0.068810,-0.137462,0.057885,-0.079395,-0.105487,0.222802,0.259194,-0.093732,-0.079836,0.035282,-0.000101,-0.065510,0.238976,-0.365310,0.806835,1.570800,0.000000,0.000000,0.142092,-0.144300,0.407041,1.197763,0.218291,0.000000,0.000000
0.650291,0.025444,0.875869,0.000462,-0.032919,0.636650,0.770450,0.004586,0.032416,-0.254892,0.060690,-0.141538,0.059551,-0.073490,-0.100549,0.253032,0.235702,-0.090663,-0.083419,0.042935,-0.000418,-0.064840,0.243031,-0.366456,0.811175,1.570800,0.000000,0.000000,0.143473,-0.142343,0.409962,1.192388,0.214626,0.000000,0.000000
0.655384,0.029678,0.876084,-0.000425,-0.032398,0.643651,0.764633,0.009378,0.039035,-0.257778,0.052503,-0.145513,0.061312,-0.067625,-0.094752,0.282673,0.213695,-0.086524,-0.086732,0.051623,-0.000867,-0.064026,0.246916,-0.365564,0.816345,1.570800,0.000000,0.000000,0.144091,-0.141132,0.414375,1.187427,0.203617,0.000000,0.000000
0.658735,0.033057,0.876030,-0.000917,-0.030598,0.653029,0.756714,0.010852,0.042463,-0.259423,0.047311,-0.147990,0.062150,-0.063126,-0.093883,0.292443,0.196649,-0.082663,-0.087950,0.055473,-0.001091,-0.064116,0.248263,-0.364362,0.820562,1.570800,0.000000,0.000000,0.143753,-0.141702,0.416716,1.183319,0.196349,0.000000,0.000000
0.661694,0.034878,0.875789,-0.001408,-0.027839,0.661965,0.749017,0.010093,0.045350,-0.261166,0.042580,-0.150592,0.062765,-0.059637,-0.094837,0.296798,0.178842,-0.076819,-0.088626,0.058931,-0.001295,-0.065207,0.248291,-0.361894,0.825733,1.570800,0.000000,0.000000,0.141779,-0.142983,0.417713,1.179501,0.193590,0.000000,0.000000
0.664849,0.036282,0.875561,-0.002090,-0.025394,0.670684,0.741305,0.008123,0.048943,-0.263515,0.037019,-0.152982,0.063533,-0.056346,-0.095701,0.298975,0.159770,-0.069905,-0.088782,0.062847,-0.001474,-0.067236,0.249301,-0.357617,0.831630,1.570800,0.000000,0.000000,0.137563,-0.145648,0.417480,1.174684,0.193992,0.000000,0.000000
0.668375,0.037394,0.875285,-0.002626,-0.023253,0.677932,0.734752,0.005707,0.053091,-0.266233,0.031489,-0.155242,0.064451,-0.053694,-0.095737,0.299459,0.142863,-0.061525,-0.088416,0.069106,-0.001734,-0.069905,0.251732,-0.354401,0.838775,1.570800,0.000000,0.000000,0.132215,-0.150067,0.419729,1.169998,0.190530,0.000000,0.000000
0.672108,0.038470,0.875050,-0.003127,-0.021714,0.684877,0.728329,0.003531,0.057543,-0.269075,0.026953,-0.157611,0.065495,-0.051447,-0.094303,0.298435,0.130979,-0.053270,-0.087596,0.076548,-0.002040,-0.071780,0.254033,-0.350433,0.845659,1.570800,0.000000,0.000000,0.127320,-0.153277,0.422523,1.166384,0.185468,0.000000,0.000000
0.675526,0.039440,0.874841,-0.003611,-0.020524,0.691171,0.722390,0.001618,0.061923,-0.271815,0.023107,-0.159594,0.066548,-0.049495,-0.092572,0.297084,0.122779,-0.048077,-0.086744,0.085182,-0.002342,-0.072924,0.257354,-0.345624,0.852492,1.570800,0.000000,0.000000,0.122807,-0.156033,0.426052,1.163112,0.180499,0.000000,0.000000
0.679048,0.040216,0.874604,-0.003759,-0.019773,0.696298,0.717471,0.000101,0.066381,-0.274515,0.020076,-0.161807,0.067636,-0.047494,-0.090289,0.295332,0.118049,-0.046042,-0.085723,0.096465,-0.002759,-0.073527,0.262030,-0.340789,0.859329,1.570800,0.000000,0.000000,0.117826,-0.159145,0.430130,1.159924,0.177052,0.000000,0.000000
0.682573,0.040827,0.874392,-0.003839,-0.019397,0.700797,0.713087,-0.000966,0.070861,-0.277129,0.017953,-0.164555,0.068754,-0.045431,-0.087331,0.293154,0.116891,-0.047115,-0.084480,0.109513,-0.003305,-0.073763,0.267585,-0.334302,0.866702,1.570800,0.000000,0.000000,0.112159,-0.164271,0.434395,1.156735,0.172630,0.000000,0.000000
0.686321,0.041341,0.874143,-0.003897,-0.018878,0.705262,0.708684,-0.001920,0.075195,-0.279660,0.016124,-0.167107,0.069849,-0.043434,-0.084061,0.290879,0.117864,-0.052244,-0.083124,0.122720,-0.003776,-0.074317,0.273534,-0.327932,0.874023,1.570800,0.000000,0.000000,0.107280,-0.167533,0.437600,1.153735,0.173836,0.000000,0.000000
0.690104,0.041632,0.873846,-0.004076,-0.018075,0.709548,0.704413,-0.003133,0.079557,-0.282276,0.013806,-0.169271,0.070952,-0.041830,-0.081055,0.288932,0.118893,-0.060781,-0.081758,0.136143,-0.004335,-0.075179,0.280112,-0.320910,0.879639,1.570800,0.000000,0.000000,0.100528,-0.173350,0.439445,1.150144,0.178381,0.000000,0.000000
0.694019,0.041863,0.873501,-0.004351,-0.017047,0.714042,0.699882,-0.004677,0.083982,-0.285011,0.010817,-0.170598,0.072063,-0.040524,-0.078446,0.287312,0.119381,-0.070144,-0.080453,0.150210,-0.004892,-0.076767,0.286387,-0.314486,0.886362,1.570800,0.000000,0.000000,0.095134,-0.178931,0.443489,1.148517,0.175421,0.000000,0.000000
0.697918,0.042086,0.873243,-0.004921,-0.016289,0.719329,0.694461,-0.006387,0.088724,-0.287968,0.007567,-0.171036,0.073303,-0.039189,-0.076026,0.285794,0.118776,-0.078084,-0.079226,0.160819,-0.005302,-0.078119,0.293215,-0.309111,0.891898,1.568659,0.000000,0.000000,0.089721,-0.183756,0.448089,1.147362,0.173799,0.000000,0.000000
0.702311,0.042240,0.872909,-0.005218,-0.015854,0.723572,0.690047,-0.007909,0.094440,-0.291386,0.004654,-0.171413,0.074846,-0.037760,-0.072610,0.283605,0.117814,-0.082630,-0.077693,0.173316,-0.005800,-0.079954,0.300860,-0.301261,0.899241,1.563072,0.000000,0.000000,0.083448,-0.188292,0.454105,1.147533,0.174848,0.000000,0.000000
0.706709,0.042448,0.872560,-0.005493,-0.015467,0.727440,0.685975,-0.009163,0.100164,-0.294715,0.002131,-0.171517,0.076417,-0.036474,-0.068624,0.281071,0.116696,-0.083595,-0.076084,0.186653,-0.006383,-0.080857,0.306239,-0.293255,0.906655,1.556741,0.000000,0.000000,0.079139,-0.190337,0.463961,1.151674,0.163479,0.000000,0.000000
0.711169,0.042583,0.872355,-0.006519,-0.015111,0.731788,0.681333,-0.010753,0.106364,-0.298402,-0.000933,-0.170881,0.078161,-0.035840,-0.063982,0.278271,0.115480,-0.081941,-0.074375,0.196603,-0.006833,-0.082001,0.311660,-0.282557,0.913533,1.554000,0.000000,0.000000,0.072415,-0.192920,0.470307,1.155745,0.153794,0.000000,0.000000
0.715820,0.042327,0.872018,-0.007260,-0.014905,0.735594,0.677220,-0.012475,0.113298,-0.302554,-0.004288,-0.170906,0.080097,-0.035997,-0.059126,0.275551,0.114699,-0.080812,-0.072647,0.205917,-0.007175,-0.083250,0.319775,-0.269077,0.921625,1.549113,0.000000,0.000000,0.065852,-0.193560,0.478321,1.158908,0.150644,0.000000,0.000000
0.720502,0.041810,0.871536,-0.007732,-0.014853,0.739657,0.672776,-0.014350,0.120984,-0.307179,-0.008084,-0.171924,0.082179,-0.036740,-0.054212,0.272868,0.115117,-0.078942,-0.070957,0.214072,-0.007596,-0.085024,0.332600,-0.253149,0.929403,1.539347,0.000000,0.000000,0.058194,-0.195345,0.488286,1.163564,0.148436,0.000000,0.000000
0.725261,0.041637,0.871076,-0.008192,-0.014616,0.743228,0.668828,-0.015820,0.127471,-0.311011,-0.011199,-0.172783,0.083882,-0.037550,-0.049118,0.270031,0.116267,-0.075215,-0.069283,0.221177,-0.007995,-0.085263,0.344757,-0.237461,0.933850,1.533077,0.000000,0.000000,0.049339,-0.198337,0.495832,1.168512,0.145869,0.000000,0.000000
0.730074,0.041568,0.870676,-0.009275,-0.014408,0.747703,0.663813,-0.017657,0.135033,-0.315546,-0.014943,-0.173526,0.085888,-0.038392,-0.043100,0.266678,0.117000,-0.071668,-0.067298,0.227063,-0.008429,-0.083753,0.353506,-0.218595,0.937720,1.523618,0.000000,0.000000,0.039914,-0.200027,0.501853,1.174455,0.142588,0.000000,0.000000
0.734633,0.041259,0.870090,-0.009774,-0.013769,0.751992,0.658956,-0.019502,0.141288,-0.319441,-0.017450,-0.173775,0.087516,-0.039191,-0.038325,0.261393,0.117627,-0.068834,-0.065309,0.232196,-0.008773,-0.081578,0.361444,-0.202906,0.940971,1.515206,0.000000,0.000000,0.030557,-0.202794,0.507125,1.179902,0.138871,0.000000,0.000000
0.738534,0.040861,0.869471,-0.010389,-0.012625,0.757657,0.652448,-0.022033,0.146755,-0.323237,-0.017450,-0.172633,0.089003,-0.039799,-0.034905,0.252586,0.117347,-0.066846,-0.063031,0.235665,-0.009042,-0.079917,0.371182,-0.184295,0.942043,1.509520,0.000000,0.000000,0.020714,-0.208391,0.511090,1.184168,0.135483,0.000000,0.000000
0.742143,0.040242,0.868669,-0.010658,-0.010926,0.763519,0.645605,-0.025058,0.150944,-0.326624,-0.017450,-0.170609,0.090205,-0.040230,-0.033133,0.240001,0.115938,-0.065342,-0.060515,0.237465,-0.009323,-0.076813,0.377899,-0.165419,0.942296,1.499140,0.000000,0.000000,0.010870,-0.215125,0.514675,1.188637,0.131002,0.000000,0.000000
0.745431,0.039665,0.867824,-0.010737,-0.009063,0.769940,0.637962,-0.028320,0.154058,-0.329588,-0.017450,-0.167684,0.091136,-0.040261,-0.032527,0.226716,0.113793,-0.064791,-0.058149,0.237131,-0.009495,-0.072525,0.383860,-0.148241,0.941181,1.489087,0.000000,0.000000,0.000807,-0.223446,0.517922,1.193004,0.126876,0.000000,0.000000
0.748330,0.039259,0.866894,-0.010354,-0.007116,0.777132,0.629212,-0.031522,0.156047,-0.331964,-0.017450,-0.163458,0.091839,-0.039366,-0.032999,0.211928,0.111161,-0.065065,-0.055800,0.235143,-0.009577,-0.067895,0.387313,-0.128447,0.940417,1.471561,0.000000,0.000000,-0.007417,-0.231776,0.521313,1.196108,0.124614,0.000000,0.000000
0.750668,0.039047,0.867342,-0.009287,-0.005072,0.785053,0.619338,-0.034538,0.156325,-0.333380,-0.017450,-0.158575,0.092104,-0.037088,-0.034883,0.195028,0.108171,-0.066265,-0.053460,0.230362,-0.009540,-0.062095,0.390002,-0.105913,0.939773,1.449106,0.000000,0.000000,-0.014971,-0.242071,0.525077,1.198196,0.123548,0.000000,0.000000
0.752518,0.039030,0.868149,-0.007561,-0.002881,0.793939,0.607944,-0.036958,0.154871,-0.333605,-0.017450,-0.154646,0.091805,-0.033620,-0.037893,0.177003,0.105540,-0.067751,-0.051262,0.223209,-0.009352,-0.054899,0.390899,-0.091820,0.937589,1.432935,0.000000,0.000000,-0.020335,-0.253293,0.528653,1.199619,0.121999,0.000000,0.000000
0.753768,0.039197,0.869016,-0.004989,-0.000529,0.803305,0.595547,-0.039009,0.150711,-0.332230,-0.017450,-0.150801,0.090723,-0.028270,-0.043034,0.154732,0.103131,-0.070141,-0.048923,0.212158,-0.008970,-0.045731,0.390342,-0.075849,0.935022,1.415558,0.000000,0.000000,-0.024743,-0.267300,0.532401,1.200758,0.118750,0.000000,0.000000
0.754673,0.039484,0.869887,-0.001786,0.001783,0.812899,0.582400,-0.040252,0.144400,-0.329323,-0.017450,-0.147939,0.088947,-0.021769,-0.049087,0.130956,0.101768,-0.072613,-0.046602,0.198294,-0.008477,-0.035227,0.388892,-0.059048,0.932027,1.399049,0.000000,0.000000,-0.027929,-0.282775,0.538229,1.201467,0.113305,0.000000,0.000000
0.755196,0.039841,0.870720,0.001511,0.004175,0.822463,0.568801,-0.040912,0.136777,-0.325357,-0.017450,-0.145526,0.086720,-0.014950,-0.055444,0.107252,0.101162,-0.075144,-0.044410,0.182892,-0.007852,-0.024103,0.386633,-0.044541,0.928146,1.388574,0.000000,0.000000,-0.030570,-0.297613,0.542747,1.201383,0.109438,0.000000,0.000000
0.755453,0.040075,0.871549,0.004965,0.006761,0.831942,0.554799,-0.041214,0.127448,-0.320283,-0.017450,-0.142850,0.083972,-0.007727,-0.062780,0.083438,0.100664,-0.078821,-0.042445,0.166101,-0.007192,-0.012469,0.383262,-0.029698,0.924444,1.377159,0.000000,0.000000,-0.033054,-0.313495,0.547361,1.200944,0.105582,0.000000,0.000000
0.755662,0.039853,0.872310,0.008489,0.009165,0.841827,0.539602,-0.041928,0.117443,-0.314599,-0.017450,-0.139823,0.081011,-0.000738,-0.069811,0.059268,0.101312,-0.082356,-0.040366,0.148515,-0.006452,-0.001677,0.379447,-0.018283,0.921535,1.366617,0.000000,0.000000,-0.034923,-0.328330,0.550334,1.200885,0.102609,0.000000,0.000000
0.756790,0.039351,0.872851,0.011167,0.010758,0.849354,0.527596,-0.042214,0.109726,-0.297862,-0.017450,-0.137094,0.076973,0.004369,-0.074321,0.040354,0.102232,-0.084677,-0.038494,0.136318,-0.005955,0.007282,0.376888,-0.006975,0.920450,1.356433,0.000000,0.000000,-0.037452,-0.341500,0.552860,1.200505,0.098807,0.000000,0.000000
0.758496,0.038335,0.873269,0.013103,0.012078,0.855756,0.517072,-0.042802,0.103360,-0.274206,-0.017450,-0.134938,0.072168,0.007488,-0.077295,0.024986,0.103769,-0.086564,-0.036799,0.127370,-0.005538,0.014934,0.374746,0.003163,0.920599,1.347998,0.000000,0.000000,-0.040617,-0.352815,0.556107,1.200508,0.094167,0.000000,0.000000
0.760573,0.036787,0.873671,0.014822,0.013385,0.861646,0.507116,-0.044046,0.097316,-0.247398,-0.017450,-0.132946,0.066986,0.008887,-0.079646,0.011277,0.106437,-0.088186,-0.035209,0.120216,-0.005163,0.022499,0.372963,0.005865,0.920668,1.344148,0.000000,0.000000,-0.044736,-0.362789,0.559480,1.200460,0.090998,0.000000,0.000000
0.762963,0.034841,0.874030,0.016206,0.014666,0.867191,0.497496,-0.046095,0.091388,-0.218632,-0.017450,-0.130951,0.061579,0.008822,-0.081527,-0.001394,0.109970,-0.089581,-0.033671,0.114918,-0.004863,0.028134,0.372483,0.007962,0.921289,1.343438,0.000000,0.000000,-0.049639,-0.372766,0.560306,1.201035,0.087706,0.000000,0.000000
0.765718,0.032647,0.874295,0.017089,0.015760,0.872735,0.487640,-0.049189,0.086282,-0.189345,-0.010190,-0.130106,0.056423,0.007590,-0.082547,-0.012842,0.113963,-0.091017,-0.032104,0.109812,-0.004603,0.031668,0.372010,0.009071,0.923340,1.344747,0.000000,0.000000,-0.055003,-0.381589,0.559151,1.201865,0.084970,0.000000,0.000000
0.768735,0.030317,0.874587,0.017830,0.017020,0.877688,0.478598,-0.053089,0.081005,-0.157508,0.005165,-0.130838,0.051100,0.005191,-0.083481,-0.024632,0.118483,-0.092255,-0.030450,0.105796,-0.004365,0.034645,0.371119,0.008939,0.926303,1.347542,0.000000,0.000000,-0.060630,-0.390105,0.557455,1.203270,0.081617,0.000000,0.000000
0.771969,0.027802,0.874817,0.018262,0.018182,0.882884,0.468884,-0.057836,0.076227,-0.127337,0.023464,-0.132716,0.046211,0.002072,-0.084025,-0.037163,0.123359,-0.093397,-0.028578,0.102182,-0.004143,0.036018,0.370201,0.006571,0.930259,1.350872,0.000000,0.000000,-0.066139,-0.397391,0.553034,1.204800,0.078767,0.000000,0.000000
0.775344,0.025157,0.875117,0.018836,0.019718,0.888264,0.458524,-0.063201,0.070770,-0.099386,0.044115,-0.135988,0.041485,-0.001465,-0.085197,-0.051816,0.128848,-0.094618,-0.026521,0.099444,-0.003968,0.035736,0.367898,0.004431,0.935259,1.350134,0.000000,0.000000,-0.070402,-0.404562,0.544621,1.206773,0.076317,0.000000,0.000000
0.778838,0.022565,0.875195,0.018581,0.020588,0.892987,0.449227,-0.068943,0.065972,-0.069657,0.066660,-0.139170,0.036654,-0.005838,-0.085060,-0.064634,0.134178,-0.095669,-0.024417,0.096794,-0.003730,0.034977,0.366792,0.001762,0.941045,1.354212,0.000000,0.000000,-0.076018,-0.411227,0.536472,1.207557,0.075212,0.000000,0.000000
0.782937,0.020256,0.875264,0.018072,0.021360,0.897496,0.440134,-0.074472,0.063000,-0.041027,0.088305,-0.143005,0.032252,-0.010538,-0.083717,-0.076118,0.138937,-0.096816,-0.022216,0.094206,-0.003545,0.033536,0.366294,-0.004636,0.945707,1.361911,0.000000,0.000000,-0.081554,-0.416163,0.529002,1.208275,0.075525,0.000000,0.000000
0.787144,0.018120,0.875305,0.017383,0.022054,0.901777,0.431289,-0.080245,0.060807,-0.011897,0.111359,-0.147444,0.027883,-0.015776,-0.081664,-0.087763,0.143815,-0.097627,-0.019810,0.092847,-0.003406,0.031343,0.365511,-0.011555,0.951248,1.372401,0.000000,0.000000,-0.087659,-0.420913,0.519394,1.208263,0.077097,0.000000,0.000000
0.791227,0.016204,0.875304,0.016352,0.022690,0.905791,0.422800,-0.085631,0.059366,0.015350,0.133262,-0.152272,0.023811,-0.020896,-0.079355,-0.098142,0.147842,-0.098489,-0.017546,0.092488,-0.003319,0.028819,0.364228,-0.015335,0.956369,1.379700,0.000000,0.000000,-0.093103,-0.424808,0.508652,1.208371,0.079552,0.000000,0.000000
0.795211,0.014526,0.875288,0.015260,0.023259,0.909611,0.414529,-0.090779,0.058378,0.041893,0.155611,-0.157537,0.019854,-0.025984,-0.076815,-0.108698,0.151577,-0.099583,-0.015196,0.092437,-0.003240,0.025568,0.362287,-0.020123,0.962459,1.386751,0.000000,0.000000,-0.098362,-0.427737,0.497176,1.208456,0.082886,0.000000,0.000000
0.798951,0.013087,0.875243,0.014087,0.023755,0.913162,0.406661,-0.095323,0.057643,0.066814,0.177416,-0.163057,0.016081,-0.030725,-0.074329,-0.117866,0.154899,-0.100373,-0.013087,0.093240,-0.003202,0.022040,0.360215,-0.024929,0.968303,1.393298,0.000000,0.000000,-0.103280,-0.430330,0.485857,1.208678,0.087229,0.000000,0.000000
0.802505,0.011940,0.875185,0.012927,0.024211,0.916634,0.398783,-0.099620,0.057117,0.092868,0.200699,-0.169721,0.012105,-0.035362,-0.071675,-0.127522,0.158217,-0.101748,-0.010861,0.094252,-0.003165,0.018550,0.357150,-0.030761,0.974499,1.398673,0.000000,0.000000,-0.107710,-0.432284,0.473332,1.208161,0.092861,0.000000,0.000000
0.805744,0.010969,0.875075,0.011737,0.024460,0.920019,0.390933,-0.103197,0.056933,0.116033,0.222678,-0.175890,0.008539,-0.039322,-0.069015,-0.135896,0.161135,-0.103179,-0.008844,0.095492,-0.003127,0.015089,0.354277,-0.036508,0.980316,1.403988,0.000000,0.000000,-0.111559,-0.433683,0.460847,1.207771,0.098984,0.000000,0.000000
0.808739,0.010211,0.874995,0.010621,0.024805,0.923351,0.383008,-0.106186,0.056935,0.137051,0.243782,-0.182519,0.005256,-0.042733,-0.066630,-0.143666,0.163524,-0.104763,-0.007001,0.096506,-0.003123,0.011996,0.350918,-0.041852,0.985868,1.408447,0.000000,0.000000,-0.115007,-0.434597,0.448449,1.207597,0.104361,0.000000,0.000000
0.811384,0.009617,0.874921,0.009506,0.025179,0.926670,0.374911,-0.108746,0.057014,0.156634,0.265061,-0.189171,0.002136,-0.045773,-0.064442,-0.151907,0.165556,-0.106594,-0.005135,0.097316,-0.003089,0.009230,0.347180,-0.047721,0.990727,1.413922,0.000000,0.000000,-0.118069,-0.435483,0.435881,1.207016,0.110381,0.000000,0.000000
0.813876,0.009336,0.874826,0.008441,0.025387,0.929868,0.366920,-0.110739,0.057730,0.176154,0.286273,-0.195335,-0.000913,-0.048276,-0.062058,-0.160186,0.167171,-0.108522,-0.003220,0.097805,-0.003024,0.006760,0.343302,-0.052201,0.995403,1.420504,0.000000,0.000000,-0.120919,-0.435717,0.423315,1.206389,0.116042,0.000000,0.000000
0.816091,0.009230,0.874733,0.007387,0.025560,0.932896,0.359162,-0.112036,0.058727,0.194172,0.305765,-0.202032,-0.003714,-0.050208,-0.059820,-0.167732,0.168241,-0.110229,-0.001465,0.098303,-0.002968,0.004922,0.339190,-0.056163,0.999578,1.426686,0.000000,0.000000,-0.123471,-0.435386,0.412011,1.205732,0.121576,0.000000,0.000000
0.818075,0.009399,0.874615,0.006335,0.025590,0.935853,0.351402,-0.112863,0.060390,0.212189,0.325425,-0.208869,-0.006412,-0.051698,-0.057315,-0.175233,0.168967,-0.111947,0.000345,0.098623,-0.002935,0.003593,0.334457,-0.060218,1.003508,1.431806,0.000000,0.000000,-0.125968,-0.434576,0.400874,1.205063,0.126840,0.000000,0.000000
0.819743,0.009666,0.874533,0.005641,0.025656,0.938673,0.343806,-0.113167,0.062365,0.229530,0.345279,-0.216226,-0.008981,-0.052554,-0.055153,-0.182650,0.169596,-0.113692,0.002051,0.098594,-0.002877,0.003281,0.329336,-0.065024,1.007118,1.436789,0.000000,0.000000,-0.128324,-0.433151,0.391158,1.204738,0.131828,0.000000,0.000000
0.821023,0.010123,0.874427,0.005092,0.025580,0.941330,0.336478,-0.113037,0.064898,0.248234,0.366089,-0.223323,-0.011725,-0.052731,-0.053205,-0.189629,0.170167,-0.115993,0.003630,0.098675,-0.002836,0.003986,0.324293,-0.068992,1.010215,1.440545,0.000000,0.000000,-0.130448,-0.431246,0.381834,1.204425,0.135922,0.000000,0.000000
