0.000000,0.000000,0.884576,0.046284,-0.008773,0.994648,0.091954,0.049309,0.019792,0.120858,0.091474,-0.162390,-0.000221,-0.080455,-0.049010,-0.038664,0.785321,0.055824,-0.020700,0.083333,0.000414,0.157575,0.571609,-0.306468,-0.003618,1.569353,0.000000,0.000000,0.273370,-0.215325,0.359304,1.064066,0.115374,0.000000,0.000000
0.001865,-0.005479,0.882487,0.043051,0.002120,0.997529,0.055477,0.035288,-0.005958,0.050536,0.085348,-0.145043,0.004382,-0.101119,-0.074974,-0.106458,0.792805,0.008319,-0.013591,0.011951,0.001856,0.112265,0.534986,-0.333246,0.038330,1.570800,0.000000,0.000000,0.249974,-0.232362,0.359046,1.103624,0.119849,0.000000,0.000000
-0.000173,-0.006470,0.881604,0.041982,0.004490,0.998048,0.046025,0.029750,-0.012101,0.032531,0.092650,-0.146047,0.005690,-0.112530,-0.077362,-0.123234,0.777054,0.004408,-0.010371,-0.008957,0.002838,0.100349,0.524886,-0.336651,0.046150,1.570800,0.000000,0.000000,0.248025,-0.238786,0.355990,1.108555,0.123898,0.000000,0.000000
-0.002558,-0.006853,0.880654,0.040950,0.005855,0.998369,0.039348,0.024750,-0.015631,0.020467,0.102450,-0.150934,0.006713,-0.123921,-0.076329,-0.135672,0.753973,0.001491,-0.007128,-0.023899,0.003515,0.091720,0.518550,-0.337592,0.050009,1.570800,0.000000,0.000000,0.248959,-0.243567,0.352716,1.109168,0.129024,0.000000,0.000000
-0.005484,-0.006919,0.879655,0.039927,0.006679,0.998590,0.034352,0.020512,-0.017716,0.011946,0.112958,-0.157972,0.007537,-0.134671,-0.073638,-0.146018,0.726806,-0.001570,-0.003920,-0.035377,0.004080,0.085390,0.514193,-0.337987,0.052225,1.570800,0.000000,0.000000,0.250939,-0.247195,0.349255,1.107817,0.134158,0.000000,0.000000
-0.008866,-0.006838,0.878650,0.039090,0.007244,0.998743,0.030541,0.017334,-0.019030,0.005736,0.123436,-0.165981,0.008188,-0.144161,-0.070378,-0.154618,0.697777,-0.005337,-0.001015,-0.043835,0.004514,0.080569,0.511363,-0.338269,0.053515,1.570800,0.000000,0.000000,0.253645,-0.250087,0.346479,1.105210,0.138612,0.000000,0.000000
-0.012720,-0.006627,0.877649,0.038315,0.007697,0.998861,0.027384,0.014984,-0.019984,0.000448,0.133805,-0.174688,0.008778,-0.152782,-0.066783,-0.162127,0.666435,-0.007393,0.001656,-0.050674,0.004820,0.076115,0.509580,-0.338155,0.053696,1.570800,0.000000,0.000000,0.257012,-0.252929,0.344154,1.101276,0.142528,0.000000,0.000000
-0.016909,-0.006402,0.876646,0.037583,0.008037,0.998967,0.024260,0.013248,-0.020712,-0.003902,0.143949,-0.183634,0.009277,-0.160414,-0.063241,-0.170148,0.632740,-0.010534,0.004311,-0.056823,0.005096,0.072194,0.508579,-0.338487,0.053703,1.570800,0.000000,0.000000,0.260431,-0.255477,0.341445,1.096869,0.145133,0.000000,0.000000
-0.021396,-0.006005,0.875644,0.036960,0.008382,0.999048,0.021626,0.012079,-0.021239,-0.007826,0.154228,-0.192051,0.009759,-0.167084,-0.059606,-0.178082,0.596984,-0.014325,0.006838,-0.062148,0.005346,0.068536,0.507954,-0.338647,0.053290,1.570800,0.000000,0.000000,0.263860,-0.258025,0.339028,1.091943,0.147294,0.000000,0.000000
-0.026173,-0.005647,0.874620,0.036290,0.008701,0.999120,0.019122,0.011399,-0.021724,-0.010686,0.163680,-0.200559,0.010084,-0.172791,-0.056387,-0.186151,0.561042,-0.017016,0.009160,-0.066748,0.005553,0.065511,0.507576,-0.339115,0.053066,1.570800,0.000000,0.000000,0.267263,-0.260379,0.337223,1.086821,0.148635,0.000000,0.000000
-0.031152,-0.005219,0.873564,0.035559,0.008971,0.999186,0.016818,0.011029,-0.022077,-0.012953,0.173230,-0.209869,0.010349,-0.178067,-0.052957,-0.194761,0.521400,-0.018962,0.011480,-0.071302,0.005747,0.062643,0.507141,-0.339497,0.052907,1.570800,0.000000,0.000000,0.270785,-0.262915,0.335362,1.081203,0.149116,0.000000,0.000000
-0.036252,-0.004706,0.872477,0.034814,0.009289,0.999241,0.014811,0.010952,-0.022368,-0.014815,0.181980,-0.218562,0.010566,-0.182530,-0.049624,-0.202993,0.482048,-0.020754,0.013563,-0.075229,0.005920,0.059992,0.506846,-0.339715,0.052534,1.570800,0.000000,0.000000,0.273523,-0.265335,0.334126,1.075963,0.149191,0.000000,0.000000
-0.041514,-0.004147,0.871363,0.034050,0.009620,0.999287,0.013160,0.011161,-0.022583,-0.015713,0.190680,-0.227263,0.010653,-0.186488,-0.046163,-0.211203,0.440783,-0.020532,0.015523,-0.078717,0.006060,0.057632,0.506388,-0.339459,0.052107,1.570800,0.000000,0.000000,0.275954,-0.267962,0.333119,1.070396,0.149189,0.000000,0.000000
-0.046902,-0.003587,0.870222,0.033177,0.010013,0.999335,0.011381,0.011484,-0.022829,-0.016578,0.199071,-0.235730,0.010726,-0.189945,-0.042768,-0.219939,0.398037,-0.018454,0.017410,-0.081944,0.006193,0.055609,0.505731,-0.339041,0.051620,1.570800,0.000000,0.000000,0.277880,-0.270543,0.331139,1.065242,0.148664,0.000000,0.000000
-0.052393,-0.002921,0.869049,0.032232,0.010478,0.999375,0.010079,0.011982,-0.023045,-0.016824,0.207135,-0.244224,0.010709,-0.193075,-0.039192,-0.228704,0.354082,-0.013953,0.019209,-0.084724,0.006324,0.053788,0.504830,-0.338234,0.051094,1.570800,0.000000,0.000000,0.279234,-0.272938,0.329056,1.060230,0.147997,0.000000,0.000000
-0.057951,-0.002225,0.867851,0.031266,0.010992,0.999411,0.008951,0.012623,-0.023283,-0.016648,0.215040,-0.252534,0.010624,-0.195782,-0.035508,-0.237907,0.309156,-0.007516,0.020977,-0.087055,0.006441,0.052332,0.504001,-0.337874,0.050744,1.570800,0.000000,0.000000,0.280126,-0.275197,0.327176,1.055711,0.147187,0.000000,0.000000
-0.063571,-0.001362,0.866638,0.030251,0.011529,0.999447,0.007555,0.013274,-0.023330,-0.016739,0.222478,-0.260442,0.010625,-0.197968,-0.031715,-0.246287,0.264806,0.000657,0.022549,-0.089410,0.006526,0.050931,0.502923,-0.337496,0.050735,1.570800,0.000000,0.000000,0.280456,-0.277388,0.324785,1.051423,0.146150,0.000000,0.000000
-0.069232,-0.000435,0.865392,0.029208,0.012187,0.999479,0.006274,0.013977,-0.023421,-0.016683,0.230469,-0.268696,0.010590,-0.199820,-0.027638,-0.254926,0.216649,0.010264,0.023982,-0.091707,0.006659,0.049480,0.501951,-0.337349,0.050316,1.570800,0.000000,0.000000,0.280186,-0.279625,0.321842,1.047421,0.145293,0.000000,0.000000
-0.074992,0.000594,0.864128,0.028019,0.012837,0.999511,0.005260,0.014623,-0.023376,-0.016107,0.237870,-0.276407,0.010511,-0.201200,-0.023621,-0.262168,0.170015,0.020192,0.025086,-0.093577,0.006728,0.048155,0.500987,-0.336986,0.050422,1.570800,0.000000,0.000000,0.279446,-0.281682,0.318201,1.043921,0.144811,0.000000,0.000000
-0.080805,0.001777,0.862799,0.026919,0.013852,0.999531,0.004561,0.015374,-0.023610,-0.014719,0.245704,-0.284279,0.010237,-0.202033,-0.019927,-0.267666,0.121636,0.030812,0.025651,-0.094922,0.006768,0.046876,0.499504,-0.336585,0.050641,1.570800,0.000000,0.000000,0.278180,-0.284004,0.314013,1.040728,0.144575,0.000000,0.000000
-0.086695,0.002985,0.861392,0.026186,0.015915,0.999519,0.004782,0.016614,-0.025417,-0.011731,0.254116,-0.292374,0.009334,-0.202068,-0.018328,-0.268764,0.073437,0.041842,0.024858,-0.094782,0.006777,0.046120,0.496607,-0.336351,0.050850,1.570800,0.000000,0.000000,0.276792,-0.287609,0.309204,1.037971,0.144380,0.000000,0.000000
-0.092697,0.004428,0.859953,0.025307,0.017616,0.999511,0.005170,0.018049,-0.026873,-0.008016,0.262357,-0.300451,0.008409,-0.201696,-0.016489,-0.267803,0.025582,0.053486,0.023812,-0.094254,0.006810,0.045364,0.494064,-0.336557,0.051183,1.570800,0.000000,0.000000,0.275187,-0.291190,0.303994,1.035101,0.144858,0.000000,0.000000
-0.098829,0.005897,0.858532,0.024288,0.019078,0.999507,0.005718,0.019526,-0.027802,-0.003918,0.270072,-0.307993,0.007550,-0.200980,-0.014524,-0.266251,-0.017450,0.064878,0.022808,-0.093210,0.006841,0.044557,0.491798,-0.336849,0.052302,1.570800,0.000000,0.000000,0.273409,-0.294238,0.298672,1.032299,0.145158,0.000000,0.000000
-0.105062,0.007418,0.857280,0.023086,0.020201,0.999514,0.005542,0.019727,-0.027839,-0.003381,0.271110,-0.308987,0.007458,-0.200889,-0.014268,-0.266017,-0.017450,0.066313,0.022728,-0.093129,0.006838,0.044359,0.491613,-0.337026,0.052468,1.570800,0.000000,0.000000,0.273097,-0.294606,0.297856,1.031859,0.145219,0.000000,0.000000
-0.111407,0.008959,0.856135,0.021964,0.020876,0.999530,0.004605,0.020058,-0.027784,-0.002691,0.272781,-0.310556,0.007366,-0.200712,-0.013871,-0.265655,-0.017450,0.068300,0.022652,-0.093104,0.006827,0.043940,0.491438,-0.337433,0.052773,1.570800,0.000000,0.000000,0.272591,-0.295082,0.296497,1.031157,0.145374,0.000000,0.000000
-0.117962,0.010544,0.855185,0.020939,0.021485,0.999544,0.003502,0.020542,-0.027625,-0.001920,0.275026,-0.312660,0.007289,-0.200455,-0.013352,-0.265193,-0.017450,0.070628,0.022583,-0.093183,0.006827,0.043341,0.491268,-0.338149,0.053311,1.570800,0.000000,0.000000,0.271908,-0.295607,0.294706,1.030244,0.145543,0.000000,0.000000
-0.124749,0.012108,0.854546,0.020066,0.022161,0.999549,0.002742,0.021218,-0.027393,-0.001038,0.277776,-0.315259,0.007212,-0.200123,-0.012752,-0.264669,-0.017450,0.073044,0.022525,-0.093316,0.006820,0.042546,0.491126,-0.339080,0.054061,1.570800,0.000000,0.000000,0.271087,-0.296212,0.292568,1.029145,0.145692,0.000000,0.000000
-0.131763,0.013571,0.853772,0.019416,0.023223,0.999539,0.002164,0.022137,-0.027184,-0.000077,0.280969,-0.318273,0.007117,-0.199711,-0.012181,-0.264202,-0.017450,0.075404,0.022473,-0.093437,0.006822,0.041610,0.490918,-0.340259,0.055074,1.570800,0.000000,0.000000,0.270146,-0.296941,0.290093,1.027847,0.145749,0.000000,0.000000
-0.138939,0.015014,0.852857,0.018961,0.024671,0.999514,0.001845,0.023340,-0.027075,0.000965,0.284530,-0.321659,0.006982,-0.199246,-0.011713,-0.263862,-0.017450,0.077519,0.022416,-0.093501,0.006810,0.040523,0.490621,-0.341734,0.056323,1.570800,0.000000,0.000000,0.269124,-0.297923,0.287384,1.026360,0.145617,0.000000,0.000000
-0.146265,0.016546,0.853260,0.018663,0.026116,0.999482,0.002124,0.024853,-0.027059,0.002101,0.288376,-0.325374,0.006809,-0.198747,-0.011322,-0.263607,-0.017450,0.079351,0.022361,-0.093482,0.006801,0.039352,0.490249,-0.343354,0.057823,1.570800,0.000000,0.000000,0.268053,-0.299000,0.284399,1.024761,0.145710,0.000000,0.000000
-0.153719,0.018080,0.853677,0.018408,0.026969,0.999465,0.001717,0.028300,-0.026962,0.004057,0.296162,-0.332942,0.006520,-0.197752,-0.010654,-0.263208,-0.017450,0.082289,0.022268,-0.093385,0.006791,0.036931,0.489525,-0.346641,0.061098,1.570800,0.000000,0.000000,0.265890,-0.301312,0.278729,1.021372,0.145471,0.000000,0.000000
-0.161310,0.019546,0.854075,0.018100,0.027233,0.999465,0.000825,0.033494,-0.026477,0.006037,0.306993,-0.343327,0.006308,-0.196452,-0.009819,-0.262704,-0.017450,0.085468,0.022193,-0.093579,0.006810,0.033640,0.488988,-0.351284,0.065956,1.570800,0.000000,0.000000,0.263052,-0.304405,0.271681,1.016459,0.144337,0.000000,0.000000
-0.169015,0.020984,0.854336,0.017721,0.026757,0.999485,-0.000474,0.038445,-0.025392,0.006909,0.316759,-0.352434,0.006415,-0.195373,-0.008967,-0.262082,-0.017450,0.087599,0.022185,-0.094392,0.006903,0.030965,0.489188,-0.355507,0.070678,1.570800,0.000000,0.000000,0.260563,-0.306474,0.266327,1.012104,0.143286,0.000000,0.000000
-0.176767,0.022384,0.854560,0.017437,0.026069,0.999506,-0.002112,0.045593,-0.022966,0.006513,0.330725,-0.364686,0.007034,-0.194017,-0.007683,-0.261022,-0.017450,0.089467,0.022244,-0.096586,0.007094,0.027586,0.490521,-0.361073,0.077724,1.570800,0.000000,0.000000,0.256774,-0.308550,0.260084,1.006214,0.142343,0.000000,0.000000
-0.184537,0.023740,0.854660,0.017299,0.025331,0.999523,-0.003533,0.052324,-0.019969,0.004710,0.344291,-0.375298,0.008020,-0.192936,-0.006391,-0.259789,-0.017450,0.090258,0.022369,-0.099543,0.007308,0.025201,0.492582,-0.365325,0.084630,1.570800,0.000000,0.000000,0.252953,-0.309754,0.255998,1.000887,0.142123,0.000000,0.000000
-0.192335,0.025070,0.854661,0.017158,0.024537,0.999541,-0.004685,0.057673,-0.017016,0.002413,0.355973,-0.382974,0.009090,-0.192342,-0.005158,-0.258456,-0.017450,0.090386,0.022533,-0.102491,0.007457,0.024245,0.494491,-0.368291,0.090610,1.570800,0.000000,0.000000,0.249807,-0.310127,0.255145,0.996767,0.142012,0.000000,0.000000
-0.200138,0.026425,0.854592,0.016984,0.023810,0.999557,-0.005420,0.062622,-0.013825,-0.000209,0.368366,-0.389380,0.010289,-0.192218,-0.003746,-0.256750,-0.017450,0.090519,0.022720,-0.105486,0.007571,0.024319,0.496369,-0.369606,0.096779,1.570800,0.000000,0.000000,0.246469,-0.310011,0.255927,0.992764,0.142607,0.000000,0.000000
-0.207847,0.027637,0.854524,0.016868,0.023342,0.999569,-0.005785,0.064647,-0.012476,-0.001345,0.374649,-0.391552,0.010812,-0.192438,-0.003242,-0.256045,-0.017450,0.092548,0.022818,-0.106587,0.007596,0.024858,0.496933,-0.369704,0.099647,1.570800,0.000000,0.000000,0.244888,-0.310127,0.257119,0.991093,0.142985,0.000000,0.000000
-0.215421,0.028872,0.854571,0.016503,0.022831,0.999587,-0.005627,0.065382,-0.011907,-0.001817,0.377655,-0.392101,0.011037,-0.192631,-0.003033,-0.255722,-0.017450,0.095344,0.022874,-0.106914,0.007598,0.025281,0.497006,-0.369545,0.100933,1.570800,0.000000,0.000000,0.244118,-0.310141,0.257769,0.990408,0.143241,0.000000,0.000000
-0.222610,0.030056,0.854675,0.015890,0.022399,0.999587,-0.008508,0.067105,-0.009741,-0.004193,0.389144,-0.392582,0.012008,-0.193235,-0.002822,-0.255168,-0.017450,0.107247,0.023100,-0.108511,0.007633,0.026606,0.496827,-0.369108,0.105458,1.570800,0.000000,0.000000,0.241225,-0.310099,0.259200,0.988211,0.144287,0.000000,0.000000
-0.230116,0.031387,0.854817,0.015080,0.021357,0.999614,-0.009399,0.068855,-0.005898,-0.007168,0.408445,-0.391208,0.013549,-0.193789,-0.002249,-0.254072,-0.017450,0.125690,0.023613,-0.110700,0.007603,0.029036,0.495941,-0.367529,0.112985,1.570800,0.000000,0.000000,0.236547,-0.309197,0.260938,0.985288,0.145782,0.000000,0.000000
-0.237781,0.032841,0.855051,0.014269,0.020277,0.999650,-0.009233,0.069534,-0.002098,-0.008480,0.427237,-0.387703,0.014821,-0.193722,-0.001434,-0.252620,-0.017450,0.144624,0.024236,-0.111898,0.007563,0.031879,0.494367,-0.364899,0.120662,1.570800,0.000000,0.000000,0.232005,-0.307757,0.262728,0.983103,0.146815,0.000000,0.000000
-0.244964,0.034369,0.855281,0.013819,0.019571,0.999687,-0.007166,0.068890,0.001838,-0.007081,0.450787,-0.380810,0.015699,-0.193288,-0.000407,-0.250275,-0.017450,0.171406,0.025026,-0.112029,0.007424,0.036139,0.491249,-0.359904,0.131127,1.570800,0.000000,0.000000,0.226310,-0.305922,0.265940,0.982161,0.147698,0.000000,0.000000
-0.252859,0.035622,0.855638,0.013374,0.018959,0.999718,-0.005133,0.067488,0.005809,-0.002570,0.478994,-0.369232,0.016092,-0.192113,-0.000300,-0.246893,-0.017450,0.198111,0.025652,-0.110703,0.007192,0.041996,0.487082,-0.353118,0.143540,1.570800,0.000000,0.000000,0.219605,-0.303988,0.269276,0.982384,0.148133,0.000000,0.000000
-0.260550,0.037177,0.855821,0.013575,0.018287,0.999739,-0.002040,0.064979,0.009899,0.005665,0.512422,-0.351257,0.015919,-0.190313,-0.000039,-0.242617,-0.017450,0.218523,0.026166,-0.107375,0.006882,0.049911,0.482185,-0.344550,0.158213,1.570800,0.000000,0.000000,0.212781,-0.302310,0.273074,0.984090,0.147526,0.000000,0.000000
-0.267352,0.039151,0.855683,0.014497,0.017406,0.999741,0.002358,0.059966,0.014691,0.018460,0.550916,-0.326652,0.015144,-0.188422,0.001635,-0.236583,-0.017450,0.229820,0.026388,-0.103066,0.006543,0.059700,0.477363,-0.334038,0.174796,1.570800,0.000000,0.000000,0.205586,-0.300084,0.278448,0.989082,0.147026,0.000000,0.000000
-0.275383,0.040992,0.855782,0.015216,0.016824,0.999726,0.005757,0.056051,0.018407,0.028261,0.583663,-0.303256,0.014560,-0.185929,0.002531,-0.230166,-0.017450,0.231455,0.025882,-0.098843,0.006219,0.068450,0.474098,-0.326166,0.187699,1.570800,0.000000,0.000000,0.200099,-0.297915,0.281614,0.993452,0.148120,0.000000,0.000000
-0.281973,0.043292,0.855433,0.017300,0.016035,0.999668,0.010362,0.049245,0.023731,0.041701,0.625529,-0.268712,0.013711,-0.183027,0.004329,-0.219682,-0.017450,0.225369,0.024607,-0.093161,0.005841,0.079093,0.471299,-0.315942,0.202283,1.570800,0.000000,0.000000,0.194479,-0.295740,0.285493,1.000182,0.150797,0.000000,0.000000
-0.288698,0.045426,0.855098,0.019334,0.015547,0.999582,0.014853,0.041932,0.028679,0.054178,0.666426,-0.229330,0.012844,-0.180396,0.005965,-0.211698,-0.017450,0.216205,0.023572,-0.086930,0.005480,0.089440,0.469206,-0.308390,0.215209,1.570800,0.000000,0.000000,0.189540,-0.294312,0.289716,1.006735,0.152825,0.000000,0.000000
-0.295172,0.047417,0.855715,0.021545,0.015305,0.999480,0.018500,0.033697,0.033468,0.065080,0.706910,-0.184024,0.012148,-0.177576,0.006774,-0.204873,-0.006544,0.205543,0.022598,-0.080596,0.005116,0.099170,0.466791,-0.303019,0.227855,1.570800,0.000000,0.000000,0.185381,-0.292988,0.292965,1.012887,0.155648,0.000000,0.000000
-0.301290,0.049544,0.856782,0.023982,0.015329,0.999333,0.022892,0.024655,0.038487,0.076882,0.747690,-0.131927,0.011227,-0.174281,0.007293,-0.196084,0.009651,0.192791,0.021287,-0.073024,0.004717,0.109075,0.463798,-0.298100,0.240949,1.570800,0.000000,0.000000,0.181955,-0.291844,0.296046,1.018231,0.160546,0.000000,0.000000
-0.307067,0.051719,0.857763,0.026117,0.015462,0.999144,0.028112,0.015143,0.043577,0.089907,0.786023,-0.074187,0.009957,-0.170622,0.008147,-0.186441,0.023349,0.179792,0.019888,-0.063764,0.004252,0.118456,0.460415,-0.293386,0.253668,1.570800,0.000000,0.000000,0.178603,-0.291325,0.298980,1.022387,0.166942,0.000000,0.000000
-0.312652,0.053993,0.858655,0.027995,0.015621,0.998935,0.033171,0.005208,0.048522,0.100467,0.821093,-0.012884,0.009044,-0.166226,0.008990,-0.175137,0.033637,0.167203,0.018142,-0.053299,0.003794,0.126630,0.457907,-0.291442,0.265199,1.570800,0.000000,0.000000,0.175841,-0.292132,0.304062,1.024399,0.171594,0.000000,0.000000
-0.318283,0.056230,0.859474,0.029342,0.015788,0.998722,0.037994,-0.004884,0.052436,0.107385,0.850119,0.041719,0.008486,-0.161375,0.009854,-0.163899,0.039937,0.155417,0.016361,-0.042181,0.003328,0.133859,0.454492,-0.288381,0.276487,1.570800,0.000000,0.000000,0.173054,-0.292597,0.306714,1.024942,0.177118,0.000000,0.000000
-0.325023,0.058480,0.860397,0.030703,0.016226,0.998514,0.041988,-0.012483,0.054973,0.110231,0.872136,0.077963,0.008370,-0.155850,0.009892,-0.154710,0.045810,0.144995,0.014751,-0.032884,0.002935,0.139843,0.452939,-0.287183,0.285372,1.570800,0.000000,0.000000,0.171259,-0.293443,0.309425,1.023776,0.181882,0.000000,0.000000
-0.331338,0.061823,0.861121,0.032548,0.016628,0.998318,0.045001,-0.019596,0.060095,0.115887,0.890120,0.091727,0.008485,-0.149727,0.010905,-0.146865,0.050714,0.134714,0.013645,-0.024935,0.002618,0.145340,0.451326,-0.286388,0.292837,1.570800,0.000000,0.000000,0.170770,-0.294978,0.312001,1.021660,0.187886,0.000000,0.000000
-0.337815,0.065520,0.861837,0.034507,0.016811,0.998110,0.047993,-0.026868,0.066664,0.121776,0.907138,0.085302,0.009027,-0.142726,0.012866,-0.139037,0.055531,0.124312,0.012786,-0.016663,0.002270,0.151300,0.449770,-0.286027,0.300168,1.570800,0.000000,0.000000,0.170809,-0.297325,0.316745,1.017615,0.193129,0.000000,0.000000
-0.344452,0.069611,0.862676,0.036561,0.016834,0.997881,0.051119,-0.035066,0.075467,0.127422,0.925403,0.061885,0.010280,-0.134122,0.015996,-0.129441,0.060887,0.113441,0.011908,-0.007519,0.001880,0.159126,0.447086,-0.285989,0.308807,1.570800,0.000000,0.000000,0.171320,-0.299692,0.323209,1.011663,0.198231,0.000000,0.000000
-0.350987,0.073668,0.863361,0.038783,0.016772,0.997626,0.054383,-0.042868,0.084188,0.132469,0.942043,0.034841,0.011637,-0.125507,0.019430,-0.120132,0.065547,0.104154,0.011175,0.000968,0.001539,0.166657,0.444740,-0.285045,0.316819,1.570800,0.000000,0.000000,0.172059,-0.302072,0.330319,1.004648,0.202591,0.000000,0.000000
-0.356964,0.077681,0.863949,0.041292,0.016136,0.997302,0.058502,-0.052045,0.094010,0.138864,0.961966,0.003955,0.012990,-0.115893,0.024181,-0.109585,0.067848,0.095840,0.010568,0.010263,0.001172,0.174671,0.443190,-0.281260,0.324790,1.570800,0.000000,0.000000,0.173853,-0.305205,0.339107,0.994441,0.207495,0.000000,0.000000
-0.362884,0.080998,0.865152,0.043406,0.016016,0.996959,0.062712,-0.060547,0.100878,0.143767,0.975806,-0.017398,0.013741,-0.107708,0.027596,-0.101517,0.070167,0.090126,0.010065,0.018784,0.000757,0.183352,0.440619,-0.278376,0.333183,1.570800,0.000000,0.000000,0.174959,-0.308323,0.348026,0.984204,0.210152,0.000000,0.000000
-0.368659,0.083689,0.866378,0.045318,0.016277,0.996633,0.066369,-0.068997,0.104957,0.146722,0.984543,-0.032820,0.014051,-0.100369,0.029623,-0.095395,0.072542,0.085362,0.009558,0.026696,0.000391,0.190899,0.437969,-0.275584,0.339427,1.570800,0.000000,0.000000,0.175664,-0.312376,0.356286,0.973321,0.211625,0.000000,0.000000
-0.374228,0.085725,0.867615,0.047216,0.016888,0.996286,0.069998,-0.078314,0.106803,0.149614,0.990021,-0.046143,0.013667,-0.093015,0.030321,-0.090286,0.075275,0.080412,0.008891,0.035010,0.000017,0.199274,0.434328,-0.272594,0.346820,1.570800,0.000000,0.000000,0.176298,-0.317610,0.365031,0.961055,0.212055,0.000000,0.000000
-0.379583,0.087237,0.868816,0.049116,0.017781,0.995923,0.073548,-0.087717,0.106502,0.152588,0.991921,-0.058319,0.012629,-0.086240,0.029660,-0.086152,0.078106,0.075700,0.008046,0.043127,-0.000368,0.206784,0.430824,-0.268485,0.352890,1.570800,0.000000,0.000000,0.177046,-0.324021,0.372302,0.947814,0.211970,0.000000,0.000000
-0.384813,0.088390,0.869934,0.050718,0.018849,0.995551,0.077143,-0.097505,0.104606,0.155557,0.990337,-0.071458,0.011124,-0.079940,0.028163,-0.082350,0.080230,0.070562,0.007039,0.051130,-0.000740,0.214206,0.427379,-0.263577,0.358673,1.570800,0.000000,0.000000,0.178019,-0.331232,0.378488,0.933206,0.211705,0.000000,0.000000
-0.389979,0.089151,0.871015,0.052272,0.020022,0.995168,0.080665,-0.107920,0.101334,0.158283,0.985754,-0.085440,0.009271,-0.073724,0.025673,-0.078374,0.082185,0.065124,0.005743,0.059250,-0.001056,0.222977,0.421931,-0.260083,0.367557,1.570800,0.000000,0.000000,0.179673,-0.338482,0.383803,0.917711,0.212518,0.000000,0.000000
-0.395014,0.089693,0.872001,0.053820,0.021302,0.994773,0.084117,-0.118337,0.097345,0.161045,0.978937,-0.098851,0.007213,-0.067899,0.022552,-0.075110,0.084164,0.060286,0.004408,0.067668,-0.001392,0.229756,0.417852,-0.254960,0.373887,1.570800,0.000000,0.000000,0.181646,-0.347018,0.387421,0.901203,0.212758,0.000000,0.000000
-0.400003,0.090100,0.872922,0.055247,0.022527,0.994373,0.087539,-0.128904,0.093210,0.164332,0.970314,-0.110038,0.004996,-0.062400,0.019106,-0.072261,0.086166,0.055861,0.003060,0.076115,-0.001730,0.237461,0.413041,-0.251375,0.380700,1.570800,0.000000,0.000000,0.184384,-0.355789,0.390461,0.883545,0.213219,0.000000,0.000000
-0.404780,0.090571,0.873755,0.056742,0.023777,0.993958,0.090895,-0.139537,0.089259,0.168205,0.959837,-0.120921,0.002719,-0.057224,0.015575,-0.069788,0.088582,0.051626,0.001752,0.084565,-0.002043,0.244241,0.408635,-0.247300,0.386453,1.570800,0.000000,0.000000,0.187454,-0.364948,0.392461,0.865174,0.214590,0.000000,0.000000
-0.409421,0.091208,0.874484,0.058245,0.024962,0.993541,0.094129,-0.150258,0.085894,0.172467,0.947889,-0.131122,0.000542,-0.052331,0.012263,-0.067413,0.091461,0.047543,0.000519,0.092950,-0.002323,0.251048,0.404636,-0.243593,0.392567,1.570800,0.000000,0.000000,0.191013,-0.374036,0.393730,0.846294,0.216383,0.000000,0.000000
-0.413814,0.092043,0.875055,0.059733,0.026043,0.993132,0.097174,-0.161141,0.083297,0.177085,0.934244,-0.140277,-0.001466,-0.047747,0.009588,-0.065596,0.094265,0.041300,-0.000463,0.101265,-0.002610,0.257331,0.401035,-0.240432,0.398691,1.570800,0.000000,0.000000,0.194837,-0.383088,0.394502,0.827146,0.218501,0.000000,0.000000
-0.418263,0.092813,0.875590,0.061146,0.027097,0.992737,0.100005,-0.171967,0.081074,0.181862,0.918965,-0.148564,-0.003384,-0.043409,0.006762,-0.063573,0.098353,0.036861,-0.001526,0.109295,-0.002874,0.263228,0.397687,-0.236996,0.404660,1.570800,0.000000,0.000000,0.198844,-0.391832,0.394288,0.807947,0.221007,0.000000,0.000000
-0.422628,0.093549,0.876042,0.062618,0.028154,0.992340,0.102705,-0.182613,0.079108,0.187251,0.902136,-0.156153,-0.005325,-0.039330,0.003788,-0.061287,0.103217,0.033300,-0.002666,0.116897,-0.003119,0.268997,0.394631,-0.234029,0.410475,1.570800,0.000000,0.000000,0.202939,-0.400286,0.393980,0.788797,0.223723,0.000000,0.000000
-0.426937,0.094428,0.876382,0.064057,0.029207,0.991941,0.105342,-0.193081,0.077620,0.193412,0.883785,-0.162802,-0.007259,-0.035518,0.001097,-0.058794,0.108321,0.028424,-0.003772,0.124129,-0.003350,0.274682,0.391779,-0.231492,0.416257,1.570800,0.000000,0.000000,0.206859,-0.408314,0.393695,0.769633,0.226503,0.000000,0.000000
-0.431170,0.095403,0.876588,0.065345,0.030224,0.991527,0.108125,-0.203429,0.076623,0.200714,0.863627,-0.169574,-0.009244,-0.032022,-0.001141,-0.056538,0.113061,0.020491,-0.004734,0.131357,-0.003625,0.280172,0.389320,-0.228877,0.422068,1.570800,0.000000,0.000000,0.210724,-0.416596,0.393104,0.750866,0.228904,0.000000,0.000000
-0.435598,0.096220,0.876799,0.066612,0.031219,0.991113,0.110829,-0.213341,0.075689,0.208452,0.842042,-0.176372,-0.011220,-0.028660,-0.003811,-0.054093,0.119608,0.015638,-0.005843,0.138325,-0.003842,0.285217,0.387428,-0.225980,0.427532,1.570800,0.000000,0.000000,0.214282,-0.425065,0.392201,0.732105,0.230431,0.000000,0.000000
-0.439968,0.097129,0.876918,0.067785,0.032160,0.990691,0.113587,-0.222946,0.075092,0.216858,0.818908,-0.183264,-0.013147,-0.025540,-0.006246,-0.051568,0.125840,0.010070,-0.006902,0.145002,-0.004104,0.290294,0.385602,-0.223036,0.433335,1.570800,0.000000,0.000000,0.217848,-0.432848,0.391474,0.714247,0.232449,0.000000,0.000000
-0.444451,0.097919,0.876993,0.069050,0.033022,0.990242,0.116455,-0.231721,0.074492,0.224893,0.795580,-0.188431,-0.014905,-0.022583,-0.008631,-0.048803,0.132256,0.003912,-0.007997,0.151266,-0.004330,0.295147,0.383729,-0.220018,0.439281,1.570800,0.000000,0.000000,0.221092,-0.439833,0.390509,0.697658,0.234343,0.000000,0.000000
-0.448954,0.098863,0.877022,0.070163,0.033782,0.989799,0.119308,-0.240399,0.074338,0.233581,0.770204,-0.193761,-0.016549,-0.019714,-0.010679,-0.045788,0.138803,-0.002895,-0.009046,0.157555,-0.004581,0.300088,0.382078,-0.216346,0.445180,1.570800,0.000000,0.000000,0.224512,-0.446520,0.389752,0.681096,0.235882,0.000000,0.000000
-0.453475,0.099652,0.877030,0.071360,0.034512,0.989376,0.121868,-0.248678,0.073982,0.241967,0.743406,-0.199034,-0.018042,-0.016869,-0.012853,-0.043068,0.145774,-0.010446,-0.010083,0.163561,-0.004815,0.304893,0.380418,-0.212846,0.451504,1.570800,0.000000,0.000000,0.227597,-0.453218,0.389043,0.664849,0.236284,0.000000,0.000000
-0.458135,0.100371,0.877037,0.072539,0.035181,0.988958,0.124350,-0.256512,0.073476,0.250074,0.715818,-0.203245,-0.019384,-0.014063,-0.015114,-0.040316,0.153355,-0.017903,-0.011149,0.168976,-0.005031,0.309719,0.378615,-0.209224,0.457844,1.570800,0.000000,0.000000,0.230917,-0.459059,0.388442,0.649379,0.237215,0.000000,0.000000
-0.462835,0.100970,0.877049,0.073709,0.035845,0.988526,0.126882,-0.263842,0.072747,0.258035,0.687335,-0.206358,-0.020616,-0.011352,-0.017599,-0.038072,0.161251,-0.025923,-0.012194,0.174344,-0.005256,0.314444,0.376555,-0.204843,0.464696,1.570800,0.000000,0.000000,0.234068,-0.464844,0.387524,0.634631,0.237990,0.000000,0.000000
-0.467601,0.101508,0.877045,0.074867,0.036416,0.988132,0.129090,-0.270733,0.071813,0.265701,0.657948,-0.208639,-0.021707,-0.008695,-0.020078,-0.036190,0.169416,-0.034174,-0.013176,0.179185,-0.005439,0.319055,0.374364,-0.200432,0.471879,1.570800,0.000000,0.000000,0.237127,-0.470098,0.386550,0.620297,0.238010,0.000000,0.000000
-0.472448,0.101996,0.877030,0.076087,0.036969,0.987732,0.131260,-0.276804,0.070769,0.272659,0.629108,-0.210287,-0.022588,-0.006177,-0.022563,-0.034309,0.178026,-0.041899,-0.014161,0.183423,-0.005602,0.323452,0.371778,-0.196044,0.478907,1.570800,0.000000,0.000000,0.240216,-0.474619,0.385941,0.607131,0.237588,0.000000,0.000000
-0.477307,0.102456,0.876972,0.077206,0.037492,0.987350,0.133317,-0.282726,0.069492,0.279722,0.598764,-0.211371,-0.023394,-0.003702,-0.025083,-0.032717,0.186858,-0.049789,-0.015111,0.187529,-0.005771,0.327887,0.369075,-0.191596,0.486076,1.570800,0.000000,0.000000,0.243281,-0.479108,0.385555,0.594116,0.236766,0.000000,0.000000
-0.482192,0.102924,0.876894,0.078238,0.037928,0.986966,0.135421,-0.288329,0.068280,0.286676,0.567645,-0.211541,-0.024020,-0.001263,-0.027526,-0.031399,0.195725,-0.058018,-0.015996,0.191372,-0.005925,0.332371,0.366549,-0.186557,0.493483,1.570800,0.000000,0.000000,0.246085,-0.483382,0.384664,0.581410,0.235578,0.000000,0.000000
-0.487131,0.103423,0.876747,0.079454,0.037594,0.986656,0.137050,-0.293224,0.068406,0.291069,0.536544,-0.210662,-0.023686,0.001421,-0.029071,-0.031172,0.204963,-0.066516,-0.016452,0.194591,-0.006074,0.336899,0.364967,-0.181313,0.500720,1.570800,0.000000,0.000000,0.249122,-0.486454,0.383774,0.568865,0.233858,0.000000,0.000000
-0.492175,0.103865,0.876530,0.080853,0.036741,0.986433,0.138067,-0.297475,0.069468,0.292627,0.507473,-0.208369,-0.022661,0.004350,-0.029706,-0.031908,0.214070,-0.074970,-0.016506,0.196671,-0.006151,0.341316,0.364648,-0.177101,0.507585,1.570800,0.000000,0.000000,0.252292,-0.488427,0.383726,0.557274,0.231876,0.000000,0.000000
-0.497319,0.104121,0.876256,0.082322,0.035987,0.986241,0.138769,-0.301503,0.070238,0.292921,0.477592,-0.205114,-0.021492,0.007544,-0.030438,-0.033262,0.223837,-0.083825,-0.016485,0.198070,-0.006259,0.345965,0.364683,-0.172892,0.514495,1.570800,0.000000,0.000000,0.255669,-0.489962,0.383529,0.546109,0.229402,0.000000,0.000000
-0.502572,0.104234,0.875957,0.083750,0.035282,0.986073,0.139288,-0.305228,0.070575,0.292545,0.447627,-0.201120,-0.020312,0.010794,-0.031415,-0.034796,0.233836,-0.092842,-0.016507,0.198893,-0.006347,0.350841,0.364750,-0.169002,0.521177,1.570800,0.000000,0.000000,0.259089,-0.491429,0.383410,0.535089,0.226278,0.000000,0.000000
-0.507855,0.104219,0.875655,0.085205,0.034718,0.985900,0.139770,-0.308438,0.070482,0.291775,0.419527,-0.196669,-0.019264,0.013860,-0.032691,-0.036317,0.243359,-0.101842,-0.016608,0.199318,-0.006441,0.355344,0.364584,-0.165329,0.527333,1.570800,0.000000,0.000000,0.262356,-0.492787,0.383314,0.524833,0.223051,0.000000,0.000000
-0.513255,0.104093,0.875341,0.086678,0.034271,0.985719,0.140253,-0.311346,0.070014,0.290711,0.391173,-0.190839,-0.018259,0.017005,-0.034404,-0.037928,0.253754,-0.111503,-0.016814,0.199594,-0.006523,0.360142,0.364295,-0.161809,0.533492,1.570800,0.000000,0.000000,0.265710,-0.494537,0.383374,0.514573,0.218994,0.000000,0.000000
-0.518728,0.103752,0.875015,0.088265,0.034057,0.985504,0.140824,-0.313890,0.068927,0.289136,0.363353,-0.182952,-0.017369,0.020106,-0.036757,-0.038922,0.264935,-0.121225,-0.017303,0.199873,-0.006617,0.364973,0.363579,-0.158853,0.539710,1.570800,0.000000,0.000000,0.269387,-0.496478,0.384076,0.504756,0.214750,0.000000,0.000000
-0.524180,0.103434,0.874625,0.089880,0.033633,0.985302,0.141319,-0.315982,0.068043,0.287883,0.338022,-0.174712,-0.016619,0.022937,-0.038973,-0.040169,0.275929,-0.130658,-0.017707,0.199989,-0.006691,0.369591,0.362755,-0.156640,0.545418,1.570800,0.000000,0.000000,0.272865,-0.498323,0.384833,0.495524,0.210593,0.000000,0.000000
-0.529786,0.103031,0.874221,0.091448,0.033355,0.985099,0.141791,-0.317863,0.066899,0.286415,0.312988,-0.163460,-0.015970,0.025827,-0.041452,-0.040726,0.287672,-0.140618,-0.018306,0.200114,-0.006754,0.374237,0.361253,-0.154162,0.551503,1.570800,0.000000,0.000000,0.276547,-0.500317,0.385520,0.486017,0.205668,0.000000,0.000000
-0.535397,0.102635,0.873803,0.093092,0.033263,0.984840,0.142538,-0.319269,0.065838,0.285110,0.290982,-0.149668,-0.015526,0.028493,-0.044118,-0.040751,0.299208,-0.150006,-0.019051,0.200261,-0.006835,0.378635,0.359758,-0.152041,0.556874,1.570800,0.000000,0.000000,0.280055,-0.502567,0.386560,0.477081,0.200272,0.000000,0.000000
-0.541049,0.102181,0.873359,0.094570,0.033226,0.984558,0.143521,-0.320559,0.064804,0.283852,0.269099,-0.132483,-0.015212,0.031131,-0.047153,-0.040368,0.311296,-0.159997,-0.019970,0.200487,-0.006893,0.383326,0.358004,-0.150148,0.562161,1.570800,0.000000,0.000000,0.283613,-0.505038,0.387634,0.467414,0.194106,0.000000,0.000000
-0.546737,0.101739,0.872879,0.096062,0.033251,0.984246,0.144661,-0.321687,0.063884,0.282730,0.248313,-0.111882,-0.015046,0.033709,-0.050376,-0.039375,0.323813,-0.170314,-0.021049,0.200863,-0.006965,0.388150,0.355858,-0.148444,0.567465,1.570800,0.000000,0.000000,0.287374,-0.507640,0.388922,0.457745,0.187531,0.000000,0.000000
-0.552390,0.101304,0.872363,0.097551,0.033428,0.983887,0.146055,-0.322550,0.063123,0.281780,0.228917,-0.088339,-0.015058,0.036168,-0.053885,-0.038355,0.336783,-0.180506,-0.022220,0.201571,-0.007044,0.393060,0.353419,-0.147442,0.572785,1.570800,0.000000,0.000000,0.291395,-0.510285,0.390528,0.448345,0.181164,0.000000,0.000000
-0.558016,0.100887,0.871817,0.098908,0.033663,0.983512,0.147611,-0.323154,0.062518,0.280994,0.210800,-0.062542,-0.015212,0.038426,-0.057532,-0.037046,0.349783,-0.190778,-0.023479,0.202534,-0.007088,0.397493,0.351153,-0.146800,0.577580,1.570800,0.000000,0.000000,0.295108,-0.512922,0.391898,0.438959,0.175144,0.000000,0.000000
-0.563619,0.100410,0.871220,0.100195,0.034098,0.983090,0.149440,-0.323594,0.061867,0.280173,0.193603,-0.035887,-0.015486,0.040465,-0.061457,-0.035186,0.362946,-0.200854,-0.024917,0.203992,-0.007148,0.401568,0.349107,-0.146504,0.581882,1.570800,0.000000,0.000000,0.298622,-0.515788,0.393536,0.429467,0.169724,0.000000,0.000000
-0.569219,0.100126,0.870579,0.101341,0.034398,0.982663,0.151396,-0.323908,0.061728,0.279890,0.179220,-0.010621,-0.015793,0.042175,-0.064920,-0.033224,0.374954,-0.209929,-0.026248,0.205343,-0.007190,0.404994,0.347391,-0.145861,0.585301,1.570800,0.000000,0.000000,0.301622,-0.518296,0.394745,0.420571,0.165238,0.000000,0.000000
-0.574836,0.099878,0.869858,0.102394,0.034725,0.982237,0.153360,-0.324125,0.061845,0.279817,0.164115,0.018517,-0.016224,0.044027,-0.068797,-0.030777,0.388641,-0.220293,-0.027787,0.206964,-0.007242,0.408814,0.345465,-0.145310,0.588606,1.570800,0.000000,0.000000,0.305251,-0.520595,0.395973,0.411072,0.161670,0.000000,0.000000
-0.580426,0.099737,0.869091,0.103335,0.035024,0.981797,0.155469,-0.324167,0.062347,0.280129,0.152066,0.043647,-0.016628,0.045609,-0.072144,-0.028630,0.400528,-0.229504,-0.029125,0.208662,-0.007295,0.412013,0.343869,-0.144991,0.591206,1.570800,0.000000,0.000000,0.308332,-0.522552,0.397352,0.402986,0.159586,0.000000,0.000000
-0.586001,0.099715,0.868278,0.104218,0.035423,0.981303,0.157887,-0.324242,0.063264,0.280833,0.141316,0.068071,-0.017041,0.047212,-0.075660,-0.026450,0.412521,-0.238781,-0.030521,0.210570,-0.007373,0.415246,0.342370,-0.144302,0.593362,1.570800,0.000000,0.000000,0.310941,-0.524530,0.398168,0.394127,0.157719,0.000000,0.000000
-0.591551,0.099916,0.867444,0.104827,0.035926,0.980801,0.160470,-0.324421,0.064681,0.281971,0.131969,0.090660,-0.017427,0.048700,-0.079111,-0.023757,0.424182,-0.247925,-0.031991,0.212697,-0.007429,0.418313,0.340833,-0.143367,0.595054,1.570800,0.000000,0.000000,0.313468,-0.526545,0.399015,0.385232,0.156724,0.000000,0.000000
-0.597037,0.100212,0.866543,0.105457,0.036389,0.980278,0.163126,-0.324618,0.066504,0.283481,0.124470,0.110689,-0.017776,0.050124,-0.082459,-0.021058,0.435693,-0.256783,-0.033443,0.215101,-0.007503,0.421424,0.339313,-0.142330,0.596511,1.570800,0.000000,0.000000,0.315739,-0.528371,0.399798,0.376416,0.156544,0.000000,0.000000
-0.602534,0.100616,0.865588,0.105826,0.036720,0.979777,0.165800,-0.324826,0.068526,0.285183,0.119393,0.126132,-0.018015,0.051316,-0.085229,-0.018753,0.445699,-0.264351,-0.034660,0.217351,-0.007559,0.424375,0.337930,-0.140931,0.597473,1.570800,0.000000,0.000000,0.317521,-0.529674,0.400221,0.368655,0.156564,0.000000,0.000000
-0.607885,0.101055,0.864551,0.106176,0.036882,0.979256,0.168594,-0.325073,0.071004,0.287314,0.115674,0.139473,-0.018206,0.052502,-0.087808,-0.016187,0.455940,-0.271983,-0.035878,0.219798,-0.007646,0.427195,0.336743,-0.139508,0.598147,1.570800,0.000000,0.000000,0.319035,-0.531201,0.401055,0.360597,0.156990,0.000000,0.000000
-0.613240,0.101613,0.863486,0.106244,0.036811,0.978808,0.171150,-0.325467,0.073913,0.289799,0.113476,0.150679,-0.018338,0.053660,-0.089964,-0.013589,0.465945,-0.279529,-0.036984,0.222303,-0.007738,0.430065,0.335569,-0.138140,0.598890,1.570800,0.000000,0.000000,0.320140,-0.532397,0.402116,0.352634,0.157800,0.000000,0.000000
-0.618603,0.102262,0.862414,0.106173,0.036683,0.978370,0.173707,-0.326017,0.077205,0.292592,0.113085,0.160040,-0.018424,0.054832,-0.091802,-0.011054,0.475555,-0.286836,-0.037993,0.224867,-0.007821,0.432577,0.334523,-0.136382,0.599439,1.570800,0.000000,0.000000,0.320724,-0.533321,0.403280,0.344881,0.158441,0.000000,0.000000
-0.623995,0.102951,0.861334,0.105949,0.036605,0.977917,0.176392,-0.326642,0.080317,0.295206,0.114367,0.166218,-0.018452,0.055857,-0.093231,-0.008686,0.483468,-0.292927,-0.038853,0.227213,-0.007911,0.434524,0.333674,-0.134662,0.599777,1.570800,0.000000,0.000000,0.320753,-0.534064,0.404590,0.338532,0.158961,0.000000,0.000000
-0.629489,0.103628,0.860214,0.105799,0.036092,0.977495,0.178908,-0.327483,0.084480,0.298703,0.118491,0.172861,-0.018472,0.057297,-0.094607,-0.006001,0.492671,-0.299953,-0.039770,0.229999,-0.008011,0.436779,0.333095,-0.132246,0.600069,1.570800,0.000000,0.000000,0.320183,-0.534680,0.406312,0.331088,0.159131,0.000000,0.000000
-0.635009,0.104252,0.859081,0.105295,0.035515,0.977125,0.181323,-0.328567,0.088693,0.302120,0.124121,0.178716,-0.018510,0.058767,-0.095654,-0.003456,0.500793,-0.306265,-0.040573,0.232693,-0.008119,0.438568,0.332882,-0.129823,0.600156,1.570800,0.000000,0.000000,0.319168,-0.535041,0.408550,0.324547,0.159082,0.000000,0.000000
-0.640510,0.104739,0.857954,0.104784,0.034971,0.976731,0.183829,-0.329748,0.092735,0.305305,0.130958,0.183227,-0.018570,0.060237,-0.096620,-0.000971,0.508177,-0.311758,-0.041347,0.235324,-0.008249,0.440020,0.332730,-0.127309,0.600405,1.570800,0.000000,0.000000,0.317012,-0.535366,0.410750,0.318281,0.157878,0.000000,0.000000
-0.646081,0.105386,0.856889,0.103978,0.034269,0.976408,0.186124,-0.330905,0.096855,0.308521,0.139054,0.188329,-0.018670,0.061668,-0.097293,0.001247,0.514922,-0.316580,-0.041990,0.237752,-0.008386,0.441091,0.332780,-0.124572,0.600834,1.570800,0.000000,0.000000,0.314662,-0.535416,0.413517,0.312698,0.156053,0.000000,0.000000
-0.651621,0.105927,0.855866,0.103021,0.033579,0.976129,0.188232,-0.332137,0.100761,0.311468,0.147788,0.193324,-0.018804,0.063044,-0.097750,0.003604,0.521090,-0.320799,-0.042602,0.239969,-0.008521,0.441707,0.333046,-0.121802,0.601406,1.570800,0.000000,0.000000,0.311878,-0.535231,0.416679,0.307904,0.153629,0.000000,0.000000
-0.657172,0.106351,0.854909,0.101967,0.032765,0.975857,0.190348,-0.333411,0.104499,0.314223,0.157380,0.198278,-0.018981,0.064414,-0.098101,0.005926,0.526622,-0.324507,-0.043177,0.242060,-0.008652,0.441862,0.333584,-0.119080,0.602163,1.570800,0.000000,0.000000,0.308247,-0.534954,0.420224,0.303618,0.150307,0.000000,0.000000
-0.662771,0.106713,0.854016,0.100690,0.031821,0.975624,0.192374,-0.334844,0.108529,0.317079,0.168828,0.204052,-0.019255,0.065963,-0.098312,0.008531,0.531977,-0.328083,-0.043772,0.244137,-0.008806,0.441512,0.334408,-0.115722,0.603332,1.570800,0.000000,0.000000,0.303387,-0.534574,0.424246,0.299243,0.145576,0.000000,0.000000
-0.668445,0.107028,0.853221,0.099051,0.030868,0.975455,0.194225,-0.336162,0.111743,0.319266,0.178831,0.209423,-0.019513,0.067295,-0.098344,0.010981,0.535430,-0.330746,-0.044270,0.245777,-0.008925,0.440734,0.335191,-0.112755,0.604447,1.570800,0.000000,0.000000,0.298846,-0.534206,0.427799,0.296118,0.141349,0.000000,0.000000
-0.674334,0.106119,0.852314,0.097652,0.028695,0.975368,0.195697,-0.337692,0.114139,0.320544,0.189896,0.218603,-0.019991,0.069089,-0.098247,0.012909,0.538754,-0.333409,-0.044648,0.247173,-0.009038,0.439441,0.336681,-0.109357,0.606006,1.570800,0.000000,0.000000,0.292694,-0.532687,0.431216,0.292142,0.135974,0.000000,0.000000
-0.680094,0.106209,0.851813,0.095544,0.027699,0.975343,0.197002,-0.338980,0.116070,0.321530,0.199499,0.226841,-0.020432,0.070612,-0.098288,0.014324,0.540328,-0.335081,-0.044959,0.248259,-0.009154,0.437711,0.337991,-0.106874,0.607633,1.570800,0.000000,0.000000,0.287872,-0.531462,0.434547,0.289731,0.131554,0.000000,0.000000
-0.685923,0.106083,0.851367,0.093415,0.026297,0.975383,0.198016,-0.340328,0.117933,0.322351,0.211199,0.237347,-0.021020,0.072467,-0.098170,0.015489,0.541123,-0.336184,-0.045181,0.249112,-0.009266,0.435049,0.339916,-0.104272,0.609470,1.570800,0.000000,0.000000,0.281525,-0.530006,0.437894,0.286886,0.126271,0.000000,0.000000
-0.691765,0.105819,0.851093,0.091024,0.025056,0.975429,0.199063,-0.341648,0.119192,0.322639,0.222489,0.247591,-0.021676,0.074242,-0.098259,0.016134,0.540784,-0.336502,-0.045360,0.249887,-0.009409,0.431971,0.341942,-0.102033,0.611273,1.570800,0.000000,0.000000,0.274959,-0.528493,0.440779,0.284146,0.120946,0.000000,0.000000
-0.697685,0.105484,0.850974,0.088347,0.023808,0.975539,0.199881,-0.342829,0.119786,0.322366,0.233320,0.257613,-0.022375,0.075971,-0.098383,0.016477,0.539574,-0.335631,-0.045497,0.250364,-0.009531,0.428238,0.344112,-0.100064,0.612978,1.570800,0.000000,0.000000,0.268298,-0.526850,0.443450,0.281457,0.115803,0.000000,0.000000
-0.703552,0.105407,0.851115,0.085286,0.023181,0.975608,0.200940,-0.343849,0.120035,0.321928,0.242209,0.264995,-0.022946,0.077327,-0.098780,0.016913,0.537418,-0.333918,-0.045715,0.250770,-0.009652,0.424495,0.346039,-0.098576,0.614428,1.570800,0.000000,0.000000,0.262067,-0.525661,0.445760,0.279355,0.110898,0.000000,0.000000
-0.709152,0.105552,0.851542,0.081624,0.022954,0.975676,0.202157,-0.344469,0.120161,0.321676,0.245588,0.264106,-0.023133,0.077892,-0.099003,0.017547,0.535401,-0.332246,-0.045903,0.251058,-0.009703,0.421823,0.347039,-0.097611,0.615165,1.570800,0.000000,0.000000,0.258183,-0.524978,0.446985,0.278235,0.107560,0.000000,0.000000
-0.714805,0.105900,0.852034,0.077826,0.022251,0.975798,0.203142,-0.345803,0.120929,0.321742,0.251191,0.251679,-0.023188,0.078910,-0.098943,0.018744,0.530487,-0.327366,-0.046122,0.251483,-0.009802,0.415648,0.349450,-0.095650,0.616453,1.570800,0.000000,0.000000,0.249690,-0.523322,0.449463,0.275860,0.101000,0.000000,0.000000
-0.720168,0.107556,0.853009,0.074151,0.022230,0.976006,0.203520,-0.346845,0.123572,0.323680,0.257365,0.231409,-0.022780,0.079864,-0.098234,0.019480,0.525434,-0.321742,-0.046073,0.251807,-0.009940,0.409388,0.351924,-0.093820,0.617289,1.570800,0.000000,0.000000,0.241357,-0.522098,0.451893,0.273590,0.095325,0.000000,0.000000
-0.726636,0.108038,0.853996,0.069969,0.020810,0.976059,0.204893,-0.348270,0.126632,0.325941,0.264334,0.204783,-0.022019,0.081145,-0.096789,0.020833,0.518688,-0.313809,-0.045946,0.252400,-0.010061,0.402341,0.354767,-0.091321,0.618250,1.570800,0.000000,0.000000,0.231964,-0.519874,0.454820,0.271030,0.090286,0.000000,0.000000
-0.732946,0.108354,0.855660,0.066602,0.020011,0.976076,0.206007,-0.349210,0.128221,0.327044,0.269156,0.192671,-0.021592,0.082125,-0.096284,0.021771,0.514755,-0.308277,-0.046015,0.252999,-0.010126,0.398357,0.356640,-0.089395,0.618669,1.570800,0.000000,0.000000,0.226679,-0.518339,0.456517,0.269435,0.087646,0.000000,0.000000
-0.739139,0.108590,0.857949,0.063405,0.019422,0.976031,0.207285,-0.350700,0.129741,0.327902,0.274642,0.181828,-0.021157,0.083338,-0.096101,0.022928,0.510286,-0.301088,-0.046238,0.253958,-0.010205,0.394271,0.358763,-0.087183,0.618946,1.570800,0.000000,0.000000,0.221215,-0.516644,0.458327,0.267613,0.084952,0.000000,0.000000
-0.745348,0.108465,0.860815,0.060401,0.019041,0.975944,0.208621,-0.352622,0.130872,0.328229,0.281441,0.172435,-0.020798,0.084718,-0.096435,0.024402,0.505342,-0.292082,-0.046689,0.255338,-0.010306,0.390382,0.360954,-0.085103,0.619069,1.570800,0.000000,0.000000,0.215985,-0.514858,0.460120,0.265942,0.083051,0.000000,0.000000
-0.751568,0.108051,0.864265,0.057239,0.018591,0.975939,0.209574,-0.354944,0.131660,0.328065,0.289483,0.164447,-0.020506,0.086128,-0.097088,0.026134,0.499895,-0.281412,-0.047295,0.257025,-0.010424,0.386500,0.363170,-0.083568,0.618907,1.570800,0.000000,0.000000,0.210779,-0.513458,0.461679,0.264217,0.081595,0.000000,0.000000
-0.757736,0.107633,0.868035,0.054071,0.018164,0.976030,0.210029,-0.357553,0.132189,0.327560,0.298354,0.157022,-0.020293,0.087496,-0.097751,0.027720,0.494617,-0.268744,-0.047903,0.258787,-0.010570,0.382499,0.365288,-0.082848,0.618534,1.570800,0.000000,0.000000,0.205998,-0.512250,0.463302,0.262544,0.080894,0.000000,0.000000
-0.763990,0.106969,0.872309,0.050627,0.017777,0.976194,0.210157,-0.360265,0.132184,0.326498,0.307005,0.149317,-0.020150,0.088680,-0.098437,0.029122,0.489450,-0.254149,-0.048509,0.260548,-0.010691,0.378149,0.367322,-0.082963,0.617878,1.570800,0.000000,0.000000,0.201500,-0.511119,0.464652,0.260885,0.080753,0.000000,0.000000
-0.770418,0.106126,0.877129,0.046879,0.017489,0.976381,0.210183,-0.363278,0.131454,0.324672,0.316065,0.139443,-0.020062,0.089696,-0.099412,0.030437,0.483230,-0.235785,-0.049220,0.262539,-0.010835,0.372744,0.369496,-0.084009,0.616826,1.570800,0.000000,0.000000,0.196722,-0.509888,0.465697,0.259102,0.080723,0.000000,0.000000
-0.777219,0.105155,0.879906,0.042623,0.017233,0.976589,0.210143,-0.366625,0.129943,0.322116,0.325299,0.125234,-0.019944,0.090540,-0.100747,0.030929,0.475283,-0.211472,-0.049938,0.264996,-0.010994,0.365558,0.372112,-0.086524,0.615373,1.570800,0.000000,0.000000,0.191680,-0.508833,0.466631,0.257435,0.081429,0.000000,0.000000
-0.784104,0.104325,0.881366,0.038718,0.016980,0.976803,0.209925,-0.368926,0.128059,0.319636,0.332931,0.109787,-0.019812,0.091141,-0.102177,0.030139,0.468351,-0.186725,-0.050460,0.267209,-0.011135,0.358512,0.374388,-0.089462,0.614075,1.570800,0.000000,0.000000,0.187701,-0.507724,0.467148,0.255965,0.081987,0.000000,0.000000
-0.791070,0.103564,0.883032,0.035109,0.016738,0.977009,0.209622,-0.370362,0.125918,0.317340,0.339347,0.093594,-0.019661,0.091561,-0.103748,0.028251,0.462888,-0.160409,-0.050834,0.269248,-0.011248,0.351690,0.376544,-0.092786,0.612738,1.570800,0.000000,0.000000,0.184588,-0.506809,0.467937,0.254804,0.081888,0.000000,0.000000
-0.798077,0.102943,0.884941,0.031575,0.016453,0.977181,0.209403,-0.371009,0.123632,0.315272,0.345007,0.075294,-0.019432,0.091794,-0.105582,0.024638,0.457989,-0.129794,-0.051004,0.271346,-0.011365,0.344268,0.378678,-0.096317,0.611367,1.570800,0.000000,0.000000,0.181843,-0.505932,0.469322,0.253827,0.081432,0.000000,0.000000
-0.805068,0.102427,0.887152,0.028086,0.016031,0.977373,0.209037,-0.370838,0.121694,0.313819,0.348808,0.057621,-0.019121,0.091811,-0.107223,0.020231,0.453917,-0.098697,-0.050960,0.272998,-0.011430,0.337319,0.380282,-0.099387,0.610235,1.570800,0.000000,0.000000,0.179453,-0.504991,0.471117,0.252944,0.080597,0.000000,0.000000
-0.812262,0.100625,0.889330,0.025001,0.014354,0.977626,0.208366,-0.369983,0.118268,0.311361,0.350221,0.043265,-0.018916,0.091752,-0.108741,0.014030,0.450796,-0.063230,-0.050560,0.274141,-0.011472,0.329938,0.382264,-0.102158,0.609458,1.570800,0.000000,0.000000,0.177131,-0.503261,0.472865,0.251937,0.080471,0.000000,0.000000
-0.819150,0.099920,0.892132,0.021789,0.013662,0.977901,0.207480,-0.368593,0.115483,0.309683,0.351442,0.029884,-0.018715,0.091324,-0.110036,0.007459,0.448193,-0.026970,-0.049986,0.274525,-0.011503,0.322807,0.383521,-0.104533,0.609005,1.570800,0.000000,0.000000,0.175013,-0.501658,0.474200,0.251390,0.079741,0.000000,0.000000
-0.825963,0.099142,0.895217,0.018745,0.013159,0.978124,0.206758,-0.366630,0.112793,0.308219,0.353252,0.016588,-0.018541,0.090493,-0.111448,0.001244,0.446179,0.011219,-0.049473,0.274670,-0.011559,0.315777,0.384154,-0.106922,0.608811,1.570800,0.000000,0.000000,0.172898,-0.500724,0.476229,0.251344,0.078594,0.000000,0.000000
-0.832592,0.099387,0.898645,0.015864,0.013451,0.978286,0.206213,-0.364682,0.111600,0.308041,0.356566,0.004186,-0.018331,0.089458,-0.112722,-0.003391,0.445662,0.043164,-0.049154,0.274665,-0.011612,0.310073,0.384186,-0.108757,0.608415,1.570800,0.000000,0.000000,0.171113,-0.500743,0.478414,0.251674,0.077107,0.000000,0.000000
-0.839358,0.098148,0.902215,0.013013,0.012815,0.978425,0.205791,-0.361899,0.108949,0.306935,0.359756,-0.012686,-0.018145,0.087198,-0.114618,-0.009547,0.445034,0.092610,-0.048731,0.274253,-0.011646,0.302192,0.383665,-0.110387,0.608431,1.570800,0.000000,0.000000,0.168347,-0.500186,0.481126,0.252419,0.075121,0.000000,0.000000
-0.846027,0.096804,0.905949,0.010556,0.012169,0.978600,0.205140,-0.359041,0.106132,0.305632,0.361322,-0.025097,-0.018054,0.084810,-0.116523,-0.015086,0.445860,0.138091,-0.048326,0.273669,-0.011605,0.295552,0.383338,-0.111735,0.608672,1.570800,0.000000,0.000000,0.165975,-0.499702,0.483595,0.253344,0.073725,0.000000,0.000000
-0.852672,0.095378,0.909882,0.008244,0.011558,0.978862,0.204029,-0.355627,0.102516,0.303801,0.361823,-0.036469,-0.018058,0.081800,-0.118479,-0.020835,0.448301,0.187144,-0.047792,0.272041,-0.011529,0.288928,0.382588,-0.112955,0.608877,1.570800,0.000000,0.000000,0.164496,-0.498243,0.485555,0.254431,0.073093,0.000000,0.000000
-0.859261,0.093795,0.913954,0.006187,0.011055,0.979170,0.202645,-0.351823,0.098300,0.301551,0.361280,-0.046284,-0.018142,0.078440,-0.120585,-0.026409,0.452275,0.234696,-0.047240,0.269908,-0.011447,0.282738,0.381927,-0.114494,0.608885,1.570800,0.000000,0.000000,0.163751,-0.496950,0.487597,0.255819,0.073867,0.000000,0.000000
-0.865810,0.092254,0.918131,0.004383,0.010456,0.979562,0.200823,-0.347520,0.093932,0.299277,0.360338,-0.055364,-0.018294,0.074796,-0.122522,-0.031564,0.457906,0.281311,-0.046593,0.266547,-0.011300,0.277017,0.381279,-0.116122,0.608625,1.570800,0.000000,0.000000,0.163458,-0.495289,0.489248,0.257070,0.075781,0.000000,0.000000
-0.872351,0.090432,0.922318,0.002860,0.009636,0.979985,0.198819,-0.342716,0.089312,0.295832,0.358470,-0.063465,-0.018295,0.070934,-0.124418,-0.036503,0.465232,0.325628,-0.045860,0.262441,-0.011102,0.271563,0.381030,-0.116901,0.607938,1.570800,0.000000,0.000000,0.164010,-0.493815,0.489837,0.257687,0.078476,0.000000,0.000000
-0.879036,0.088835,0.926309,0.001580,0.008546,0.980455,0.196553,-0.338059,0.085480,0.291548,0.357248,-0.070093,-0.018032,0.067805,-0.125513,-0.039995,0.473376,0.358274,-0.045138,0.258145,-0.010945,0.267207,0.381321,-0.117920,0.606507,1.570800,0.000000,0.000000,0.165459,-0.491830,0.489986,0.258080,0.081437,0.000000,0.000000
-0.885540,0.087172,0.930576,0.000649,0.007519,0.981033,0.193695,-0.332635,0.081846,0.285180,0.355721,-0.078113,-0.017348,0.064324,-0.126350,-0.043296,0.483726,0.388354,-0.044307,0.252741,-0.010723,0.262766,0.381893,-0.119322,0.604637,1.570800,0.000000,0.000000,0.167509,-0.489606,0.489753,0.258126,0.084953,0.000000,0.000000
-0.892109,0.085259,0.934873,0.000067,0.006495,0.981666,0.190500,-0.326185,0.077558,0.277409,0.353910,-0.087257,-0.016565,0.060326,-0.127372,-0.046665,0.496886,0.416040,-0.043434,0.245939,-0.010474,0.258332,0.382632,-0.120942,0.602296,1.570800,0.000000,0.000000,0.170613,-0.486981,0.489389,0.257863,0.089268,0.000000,0.000000
-0.898682,0.083109,0.939148,-0.000073,0.005449,0.982309,0.187188,-0.319705,0.073123,0.269792,0.352105,-0.095044,-0.015933,0.056461,-0.128751,-0.050675,0.511193,0.436305,-0.042579,0.239035,-0.010202,0.254411,0.383394,-0.122532,0.599997,1.570800,0.000000,0.000000,0.174242,-0.484896,0.488858,0.257631,0.094098,0.000000,0.000000
-0.905341,0.080699,0.943305,-0.000130,0.004397,0.982999,0.183558,-0.312337,0.067360,0.261285,0.349102,-0.102097,-0.015447,0.051923,-0.130532,-0.055688,0.528740,0.453058,-0.041597,0.230781,-0.009905,0.250422,0.384095,-0.124032,0.597335,1.570800,0.000000,0.000000,0.179209,-0.482557,0.486798,0.256981,0.099754,0.000000,0.000000
-0.911866,0.078245,0.947628,0.000297,0.003665,0.983731,0.179609,-0.304431,0.061323,0.251880,0.345486,-0.108475,-0.014891,0.047251,-0.133030,-0.060450,0.548868,0.466781,-0.040870,0.221969,-0.009602,0.246770,0.384652,-0.126050,0.594594,1.570800,0.000000,0.000000,0.184776,-0.480467,0.484989,0.256363,0.105432,0.000000,0.000000
-0.918416,0.075756,0.951956,0.000818,0.003043,0.984521,0.175237,-0.295597,0.054578,0.241348,0.340796,-0.114522,-0.014302,0.042058,-0.135779,-0.064925,0.572339,0.477682,-0.040205,0.211905,-0.009215,0.243256,0.384695,-0.128273,0.591827,1.570800,0.000000,0.000000,0.191596,-0.478097,0.482544,0.256178,0.112054,0.000000,0.000000
-0.924734,0.073578,0.956209,0.001575,0.002515,0.985339,0.170582,-0.287134,0.048314,0.231294,0.335729,-0.119390,-0.013759,0.036854,-0.137290,-0.068033,0.595594,0.481505,-0.039506,0.201880,-0.008827,0.240189,0.384401,-0.130745,0.589268,1.570800,0.000000,0.000000,0.198456,-0.475974,0.479480,0.256374,0.118222,0.000000,0.000000
-0.930949,0.071640,0.960424,0.002528,0.001964,0.986198,0.165540,-0.277771,0.041852,0.220187,0.329791,-0.123849,-0.013084,0.030984,-0.137724,-0.069755,0.622041,0.478283,-0.038763,0.190091,-0.008365,0.236764,0.384086,-0.133572,0.586798,1.570800,0.000000,0.000000,0.206339,-0.473700,0.475904,0.257172,0.124534,0.000000,0.000000
-0.937080,0.069733,0.964631,0.003732,0.001422,0.987000,0.160669,-0.268234,0.035814,0.209162,0.323573,-0.127394,-0.012378,0.024979,-0.137904,-0.071138,0.649476,0.469024,-0.038105,0.178495,-0.007890,0.233679,0.384145,-0.136788,0.584487,1.570800,0.000000,0.000000,0.214553,-0.471532,0.472509,0.258693,0.130508,0.000000,0.000000
-0.943134,0.067952,0.968830,0.005003,0.000796,0.987772,0.155822,-0.258447,0.030242,0.198331,0.316881,-0.130410,-0.011644,0.018639,-0.137634,-0.072146,0.677664,0.454354,-0.037483,0.166861,-0.007433,0.230707,0.384310,-0.139446,0.582087,1.570800,0.000000,0.000000,0.222689,-0.469275,0.468362,0.260692,0.135555,0.000000,0.000000
-0.949135,0.066346,0.972992,0.006441,0.000129,0.988501,0.151076,-0.248429,0.025174,0.187959,0.310023,-0.132649,-0.010920,0.011998,-0.136984,-0.073437,0.706758,0.435386,-0.036785,0.155272,-0.006962,0.228017,0.384856,-0.142159,0.579358,1.570800,0.000000,0.000000,0.231291,-0.466829,0.464168,0.263321,0.140294,0.000000,0.000000
-0.955182,0.064733,0.977141,0.007935,-0.000574,0.989164,0.146598,-0.238116,0.020456,0.178019,0.302883,-0.134491,-0.010232,0.005048,-0.136463,-0.075385,0.736637,0.413781,-0.036055,0.144035,-0.006476,0.225443,0.385748,-0.144591,0.576258,1.570800,0.000000,0.000000,0.239982,-0.464189,0.459919,0.266763,0.144768,0.000000,0.000000
-0.961205,0.063040,0.981263,0.009564,-0.001362,0.989759,0.142423,-0.227561,0.016033,0.168700,0.295628,-0.135758,-0.009614,-0.002138,-0.136359,-0.078408,0.767242,0.391214,-0.035264,0.133175,-0.006034,0.223042,0.386976,-0.146572,0.572886,1.570800,0.000000,0.000000,0.248909,-0.461507,0.455376,0.270841,0.148402,0.000000,0.000000
-0.967155,0.061247,0.985388,0.011221,-0.002162,0.990262,0.138746,-0.216768,0.011823,0.160097,0.287895,-0.137067,-0.009092,-0.009628,-0.136982,-0.082893,0.797934,0.368094,-0.034411,0.122837,-0.005605,0.221004,0.388056,-0.148502,0.569143,1.570800,0.000000,0.000000,0.257920,-0.458529,0.451252,0.275993,0.151276,0.000000,0.000000
-0.973026,0.059459,0.989479,0.012953,-0.002998,0.990744,0.135088,-0.205833,0.007792,0.151857,0.279874,-0.137859,-0.008605,-0.017294,-0.137868,-0.087907,0.828525,0.344768,-0.033524,0.112913,-0.005176,0.218903,0.389669,-0.149955,0.565026,1.570800,0.000000,0.000000,0.266587,-0.455680,0.446590,0.281933,0.153566,0.000000,0.000000
-0.978886,0.057788,0.993567,0.014647,-0.003906,0.991209,0.131433,-0.194739,0.004234,0.143927,0.271478,-0.137991,-0.008081,-0.025128,-0.138667,-0.092289,0.859185,0.324541,-0.032671,0.102822,-0.004746,0.217157,0.391167,-0.151313,0.560628,1.570800,0.000000,0.000000,0.275557,-0.452662,0.442055,0.289043,0.155068,0.000000,0.000000
-0.984493,0.055846,0.997653,0.016442,-0.004948,0.991572,0.128416,-0.183527,0.000947,0.136559,0.262605,-0.137977,-0.007601,-0.033265,-0.140142,-0.098481,0.887418,0.299390,-0.031699,0.093788,-0.004342,0.215578,0.392589,-0.152786,0.556348,1.570800,0.000000,0.000000,0.284197,-0.449412,0.437802,0.297290,0.155343,0.000000,0.000000
-0.990167,0.054232,1.001658,0.018087,-0.005897,0.991925,0.125394,-0.172295,-0.001974,0.129101,0.253242,-0.137791,-0.007035,-0.041584,-0.141182,-0.103572,0.914818,0.273619,-0.030834,0.084677,-0.003942,0.213799,0.393999,-0.154200,0.551967,1.570800,0.000000,0.000000,0.292675,-0.446124,0.433645,0.306871,0.155008,0.000000,0.000000
-0.995683,0.052662,1.005575,0.019819,-0.007081,0.992318,0.121909,-0.160586,-0.004497,0.121281,0.243248,-0.137281,-0.006324,-0.050318,-0.141483,-0.108250,0.942530,0.246162,-0.029841,0.074906,-0.003489,0.211931,0.395648,-0.155312,0.547445,1.570800,0.000000,0.000000,0.301289,-0.442354,0.429422,0.318260,0.154422,0.000000,0.000000
-1.001051,0.051098,1.009447,0.021687,-0.008240,0.992653,0.118751,-0.149593,-0.006551,0.114105,0.233966,-0.136497,-0.005639,-0.058632,-0.141571,-0.112456,0.967247,0.219662,-0.028893,0.066103,-0.003117,0.210243,0.397065,-0.156579,0.543310,1.570800,0.000000,0.000000,0.308463,-0.438928,0.425990,0.330196,0.153447,0.000000,0.000000
-1.006293,0.049650,1.013246,0.023611,-0.009462,0.992931,0.115936,-0.138367,-0.008313,0.107193,0.224494,-0.135550,-0.004945,-0.067356,-0.141093,-0.115854,0.991408,0.192176,-0.027935,0.057176,-0.002732,0.208587,0.398261,-0.157781,0.539566,1.570800,0.000000,0.000000,0.314943,-0.435594,0.424132,0.343765,0.152194,0.000000,0.000000
-1.011414,0.048337,1.016978,0.025540,-0.010801,0.993177,0.113270,-0.126677,-0.009667,0.100352,0.214629,-0.134397,-0.004173,-0.076788,-0.139978,-0.118314,1.015221,0.162062,-0.026993,0.047953,-0.002343,0.207224,0.399043,-0.158080,0.535966,1.570800,0.000000,0.000000,0.321546,-0.431807,0.421287,0.359425,0.150547,0.000000,0.000000
-1.016325,0.047297,1.020575,0.027490,-0.012276,0.993392,0.110751,-0.115455,-0.010208,0.094258,0.205244,-0.133130,-0.003341,-0.086273,-0.138163,-0.120845,1.037001,0.131339,-0.025849,0.039377,-0.001956,0.205921,0.399721,-0.157769,0.532428,1.570800,0.000000,0.000000,0.327798,-0.427665,0.418218,0.375475,0.148482,0.000000,0.000000
-1.021036,0.046380,1.023980,0.029540,-0.013902,0.993599,0.108142,-0.104545,-0.010041,0.088472,0.196308,-0.131741,-0.002403,-0.095847,-0.135991,-0.124543,1.057749,0.100619,-0.024348,0.031116,-0.001572,0.204981,0.400352,-0.157396,0.529049,1.570800,0.000000,0.000000,0.333868,-0.423065,0.415697,0.392929,0.146640,0.000000,0.000000
-1.025090,0.045651,1.026929,0.031935,-0.015350,0.993797,0.105416,-0.092116,-0.009800,0.081140,0.183066,-0.128466,-0.001205,-0.107570,-0.133350,-0.128934,1.082521,0.057308,-0.022556,0.022001,-0.001210,0.204969,0.400799,-0.158746,0.526423,1.570314,0.000000,0.000000,0.338672,-0.417348,0.414401,0.415287,0.143852,0.000000,0.000000
-1.029620,0.044958,1.030047,0.033514,-0.017132,0.993951,0.103174,-0.083063,-0.008924,0.076205,0.175726,-0.126784,-0.000237,-0.116699,-0.130193,-0.131686,1.098777,0.032635,-0.020934,0.014228,-0.000861,0.203921,0.401782,-0.158984,0.523837,1.568212,0.000000,0.000000,0.343609,-0.413271,0.412680,0.432631,0.142535,0.000000,0.000000
-1.033478,0.044382,1.032929,0.035487,-0.019055,0.994082,0.100887,-0.074039,-0.007430,0.071475,0.168912,-0.125622,0.000842,-0.126712,-0.126111,-0.134785,1.114127,0.010318,-0.018875,0.006242,-0.000549,0.202473,0.403282,-0.158516,0.520666,1.566229,0.000000,0.000000,0.348359,-0.408924,0.411009,0.451172,0.140508,0.000000,0.000000
-1.036525,0.044041,1.035180,0.037633,-0.020744,0.994164,0.098952,-0.063816,-0.005656,0.066026,0.158306,-0.122593,0.002100,-0.139615,-0.121338,-0.138277,1.133508,-0.018422,-0.016422,-0.002025,-0.000170,0.201831,0.404527,-0.158559,0.518116,1.562004,0.000000,0.000000,0.351997,-0.402577,0.410736,0.475379,0.138339,0.000000,0.000000
-1.039431,0.043691,1.037256,0.039387,-0.022516,0.994223,0.097273,-0.055068,-0.003766,0.061728,0.148855,-0.120203,0.003210,-0.152613,-0.115986,-0.141125,1.149629,-0.044320,-0.013915,-0.009696,0.000155,0.200295,0.406022,-0.157500,0.514866,1.559082,0.000000,0.000000,0.354520,-0.396821,0.409612,0.498988,0.137555,0.000000,0.000000
-1.042113,0.043566,1.039140,0.040943,-0.024312,0.994266,0.095750,-0.047466,-0.001378,0.058285,0.141337,-0.117758,0.004311,-0.165803,-0.109752,-0.143436,1.162436,-0.067419,-0.011249,-0.017230,0.000464,0.199344,0.406782,-0.157135,0.512924,1.556544,0.000000,0.000000,0.356981,-0.390986,0.408567,0.522161,0.137621,0.000000,0.000000
-1.044443,0.043366,1.040738,0.042457,-0.026111,0.994305,0.094201,-0.040825,0.001057,0.054832,0.135015,-0.115621,0.005425,-0.179334,-0.103095,-0.146276,1.172606,-0.088761,-0.008309,-0.024395,0.000753,0.198029,0.407152,-0.157864,0.511640,1.553304,0.000000,0.000000,0.359456,-0.385548,0.408241,0.546290,0.139307,0.000000,0.000000
-1.046673,0.043255,1.042115,0.043851,-0.027666,0.994342,0.092709,-0.035105,0.003333,0.051750,0.130061,-0.112147,0.006444,-0.192498,-0.096813,-0.148679,1.180906,-0.103567,-0.005560,-0.031336,0.001032,0.196177,0.407303,-0.158856,0.510627,1.550021,0.000000,0.000000,0.361108,-0.380397,0.408358,0.569813,0.142007,0.000000,0.000000
-1.048637,0.043041,1.043235,0.045074,-0.029157,0.994384,0.091204,-0.029905,0.005443,0.048966,0.125004,-0.109966,0.007377,-0.206405,-0.090386,-0.151491,1.186819,-0.116807,-0.002627,-0.038372,0.001322,0.194126,0.406821,-0.159869,0.509881,1.547546,0.000000,0.000000,0.362670,-0.375000,0.407398,0.593832,0.144689,0.000000,0.000000
-1.050551,0.042873,1.044109,0.046084,-0.030477,0.994453,0.089497,-0.025075,0.007418,0.046367,0.120171,-0.108030,0.008252,-0.221068,-0.083693,-0.155020,1.190290,-0.129947,0.000579,-0.045768,0.001621,0.191665,0.406395,-0.161283,0.509109,1.545262,0.000000,0.000000,0.364287,-0.369339,0.404370,0.619135,0.148920,0.000000,0.000000
-1.052412,0.042694,1.044766,0.047132,-0.031563,0.994515,0.087875,-0.020913,0.008881,0.044276,0.116198,-0.106623,0.008926,-0.234768,-0.077737,-0.158522,1.191423,-0.141415,0.003538,-0.052806,0.001944,0.189408,0.405673,-0.163873,0.509012,1.543808,0.000000,0.000000,0.365467,-0.364422,0.402196,0.643400,0.153984,0.000000,0.000000
-1.054221,0.042588,1.045256,0.048186,-0.032584,0.994614,0.085784,-0.016810,0.010303,0.041789,0.112611,-0.105108,0.009658,-0.249083,-0.071300,-0.162476,1.190141,-0.152969,0.006747,-0.060155,0.002248,0.186157,0.404577,-0.167612,0.509215,1.542524,0.000000,0.000000,0.366061,-0.359951,0.399942,0.669754,0.159495,0.000000,0.000000
-1.056198,0.042515,1.045608,0.048990,-0.033471,0.994742,0.083475,-0.013095,0.011521,0.039188,0.109211,-0.104073,0.010358,-0.262717,-0.065081,-0.167026,1.186261,-0.162431,0.010007,-0.067601,0.002583,0.182653,0.403560,-0.171781,0.509572,1.541110,0.000000,0.000000,0.366879,-0.355945,0.396708,0.695691,0.163905,0.000000,0.000000
-1.058261,0.042618,1.045852,0.049669,-0.034136,0.994888,0.081026,-0.009613,0.012543,0.036289,0.105979,-0.102978,0.011059,-0.275898,-0.058715,-0.171553,1.179238,-0.171139,0.013253,-0.075319,0.002929,0.179207,0.401872,-0.175577,0.509795,1.540146,0.000000,0.000000,0.367598,-0.351863,0.393055,0.721486,0.167590,0.000000,0.000000
-1.060423,0.042752,1.045950,0.050491,-0.034647,0.995051,0.078258,-0.006160,0.013290,0.033572,0.103282,-0.102032,0.011666,-0.288373,-0.052455,-0.176777,1.169826,-0.179012,0.016595,-0.083060,0.003253,0.175592,0.399908,-0.180353,0.509936,1.539536,0.000000,0.000000,0.367970,-0.348063,0.388096,0.747492,0.170927,0.000000,0.000000
-1.062804,0.043081,1.045983,0.051292,-0.034987,0.995211,0.075495,-0.002659,0.013908,0.030731,0.100955,-0.101455,0.012263,-0.300083,-0.046069,-0.181649,1.157900,-0.186045,0.019787,-0.091019,0.003631,0.172198,0.397526,-0.186136,0.510438,1.538445,0.000000,0.000000,0.368791,-0.344627,0.383970,0.774135,0.174805,0.000000,0.000000
-1.065443,0.043451,1.045922,0.051862,-0.035292,0.995405,0.072337,0.000778,0.014461,0.028001,0.098660,-0.101313,0.012826,-0.311085,-0.039610,-0.187373,1.143405,-0.192384,0.023147,-0.098759,0.003985,0.168222,0.395303,-0.191317,0.510628,1.537502,0.000000,0.000000,0.369511,-0.341808,0.377653,0.799759,0.176624,0.000000,0.000000
-1.068228,0.043725,1.045819,0.052599,-0.035407,0.995572,0.069399,0.004218,0.014585,0.025138,0.096724,-0.101199,0.013305,-0.320737,-0.033913,-0.192928,1.127707,-0.196642,0.026165,-0.106224,0.004344,0.164439,0.392893,-0.196831,0.510917,1.537205,0.000000,0.000000,0.370173,-0.339049,0.370853,0.823773,0.178167,0.000000,0.000000
-1.071112,0.043988,1.045706,0.053458,-0.035412,0.995732,0.066374,0.007900,0.014481,0.022091,0.095115,-0.101399,0.013760,-0.329830,-0.028407,-0.198661,1.109652,-0.200080,0.029075,-0.113230,0.004690,0.160386,0.390047,-0.203620,0.511613,1.536957,0.000000,0.000000,0.371064,-0.336716,0.364035,0.848530,0.180356,0.000000,0.000000
-1.074275,0.044265,1.045564,0.053999,-0.035348,0.995894,0.063485,0.011600,0.014219,0.019721,0.093425,-0.101992,0.014072,-0.338228,-0.022958,-0.204344,1.089443,-0.203062,0.031842,-0.120204,0.005033,0.156296,0.387236,-0.209938,0.512480,1.536922,0.000000,0.000000,0.372275,-0.334695,0.355980,0.872983,0.182246,0.000000,0.000000
-1.077416,0.044460,1.045411,0.054583,-0.035330,0.996052,0.060446,0.015250,0.013926,0.017183,0.091982,-0.102932,0.014404,-0.346013,-0.017604,-0.210317,1.066894,-0.207342,0.034514,-0.126761,0.005386,0.151969,0.384240,-0.216889,0.513312,1.537425,0.000000,0.000000,0.373012,-0.332929,0.348118,0.896112,0.184108,0.000000,0.000000
-1.080679,0.044609,1.045238,0.055077,-0.035085,0.996207,0.057508,0.018833,0.013339,0.014714,0.090819,-0.104027,0.014653,-0.353039,-0.012762,-0.216767,1.042653,-0.213847,0.036978,-0.132625,0.005713,0.147371,0.381107,-0.224352,0.514295,1.538273,0.000000,0.000000,0.374601,-0.331197,0.340427,0.918898,0.185235,0.000000,0.000000
-1.084183,0.044462,1.045032,0.056151,-0.033430,0.996291,0.055972,0.022753,0.010588,0.013820,0.090468,-0.105599,0.014109,-0.358658,-0.011430,-0.218184,1.020566,-0.218780,0.037016,-0.136889,0.005924,0.142840,0.376517,-0.231158,0.516440,1.538816,0.000000,0.000000,0.376384,-0.331426,0.332551,0.939812,0.185366,0.000000,0.000000
-1.087827,0.044379,1.044734,0.057188,-0.031632,0.996344,0.055016,0.027131,0.006905,0.014129,0.090302,-0.107815,0.013154,-0.363897,-0.010900,-0.218123,0.998500,-0.221256,0.036513,-0.139567,0.006124,0.138205,0.370904,-0.237798,0.518345,1.540199,0.000000,0.000000,0.378101,-0.332789,0.324224,0.960312,0.185936,0.000000,0.000000
-1.091611,0.044413,1.044399,0.057798,-0.029912,0.996397,0.054393,0.031518,0.003142,0.015232,0.089654,-0.110361,0.012056,-0.368927,-0.010172,-0.217171,0.975340,-0.223491,0.035863,-0.141494,0.006329,0.133153,0.365906,-0.244353,0.519962,1.542281,0.000000,0.000000,0.379913,-0.335101,0.315926,0.979230,0.186370,0.000000,0.000000
-1.095351,0.044433,1.044004,0.058549,-0.028035,0.996409,0.054368,0.035953,-0.000933,0.017074,0.089194,-0.112680,0.010762,-0.373533,-0.009326,-0.215995,0.951793,-0.226298,0.035152,-0.142069,0.006531,0.128735,0.360042,-0.251776,0.521659,1.544156,0.000000,0.000000,0.382127,-0.337082,0.308846,0.998357,0.187385,0.000000,0.000000
-1.099166,0.044647,1.043555,0.059098,-0.026150,0.996421,0.054485,0.040239,-0.004929,0.019568,0.089050,-0.115420,0.009385,-0.377687,-0.007977,-0.214433,0.927801,-0.229776,0.034420,-0.141711,0.006726,0.124657,0.354743,-0.258489,0.522326,1.547445,0.000000,0.000000,0.384813,-0.339285,0.299959,1.016262,0.186890,0.000000,0.000000
-1.102912,0.044986,1.043082,0.059603,-0.024464,0.996427,0.054602,0.044117,-0.008281,0.022408,0.089045,-0.117943,0.008111,-0.381139,-0.006113,-0.212555,0.904986,-0.233530,0.033740,-0.140627,0.006852,0.120078,0.349699,-0.266124,0.524157,1.549610,0.000000,0.000000,0.387356,-0.341194,0.293539,1.031740,0.186761,0.000000,0.000000
-1.106775,0.045580,1.042566,0.059881,-0.022738,0.996419,0.055200,0.047934,-0.011533,0.025234,0.089259,-0.120799,0.006859,-0.384109,-0.003248,-0.209956,0.881544,-0.236770,0.033065,-0.138844,0.006976,0.115619,0.344639,-0.272314,0.525500,1.553170,0.000000,0.000000,0.390236,-0.342827,0.284821,1.046509,0.187265,0.000000,0.000000
-1.110227,0.046130,1.041998,0.060473,-0.021086,0.996395,0.055636,0.051026,-0.014658,0.028150,0.091941,-0.124213,0.005621,-0.386571,-0.000049,-0.207198,0.858089,-0.239659,0.032393,-0.135842,0.007076,0.111067,0.339793,-0.280379,0.526742,1.557342,0.000000,0.000000,0.393698,-0.344992,0.279313,1.060990,0.186761,0.000000,0.000000
-1.113707,0.046761,1.041469,0.060712,-0.019502,0.996384,0.056157,0.053327,-0.017333,0.030891,0.095412,-0.128190,0.004522,-0.388514,0.003204,-0.204485,0.836549,-0.241072,0.031813,-0.133025,0.007141,0.106572,0.335381,-0.286840,0.528467,1.560638,0.000000,0.000000,0.396821,-0.346416,0.273239,1.073161,0.186514,0.000000,0.000000
-1.117237,0.047487,1.040940,0.060590,-0.018024,0.996387,0.056711,0.055314,-0.019831,0.033491,0.098997,-0.132762,0.003486,-0.390267,0.006931,-0.201431,0.814293,-0.242770,0.031227,-0.129998,0.007202,0.101928,0.330916,-0.293035,0.530594,1.563436,0.000000,0.000000,0.400296,-0.347610,0.267267,1.084644,0.185588,0.000000,0.000000
-1.120862,0.048295,1.040413,0.060429,-0.016639,0.996396,0.057152,0.057174,-0.022093,0.035762,0.102598,-0.137552,0.002561,-0.391520,0.010871,-0.198273,0.792834,-0.244080,0.030667,-0.126664,0.007213,0.097298,0.326505,-0.298526,0.532536,1.566717,0.000000,0.000000,0.403465,-0.348484,0.261158,1.094951,0.184670,0.000000,0.000000
-1.124571,0.049041,1.039899,0.060223,-0.015483,0.996413,0.057393,0.058828,-0.023859,0.037962,0.105917,-0.141979,0.001773,-0.392325,0.014384,-0.195530,0.774433,-0.244967,0.030187,-0.123403,0.007245,0.092760,0.322893,-0.303186,0.534332,1.569978,0.000000,0.000000,0.406586,-0.349200,0.255218,1.102702,0.183126,0.000000,0.000000
-1.128373,0.049780,1.039397,0.059850,-0.014356,0.996463,0.057210,0.060343,-0.025325,0.040176,0.108967,-0.146104,0.001054,-0.392690,0.017407,-0.193207,0.758312,-0.245606,0.029781,-0.120355,0.007265,0.088689,0.319879,-0.308268,0.535772,1.570800,0.000000,0.000000,0.410239,-0.349296,0.249804,1.109587,0.182081,0.000000,0.000000
-1.132134,0.050396,1.038940,0.059613,-0.013374,0.996484,0.057326,0.061967,-0.026762,0.042579,0.112264,-0.150421,0.000310,-0.392679,0.020387,-0.190960,0.742928,-0.246108,0.029405,-0.117178,0.007258,0.084484,0.317052,-0.313612,0.537383,1.570800,0.000000,0.000000,0.413960,-0.349147,0.244842,1.115970,0.181327,0.000000,0.000000
-1.135955,0.051074,1.038509,0.059233,-0.012497,0.996505,0.057558,0.063416,-0.027939,0.044486,0.115223,-0.154380,-0.000292,-0.392322,0.023204,-0.188843,0.730318,-0.245825,0.029137,-0.114157,0.007255,0.080972,0.314546,-0.317934,0.538774,1.570800,0.000000,0.000000,0.417144,-0.348662,0.240821,1.121222,0.180896,0.000000,0.000000
-1.139844,0.051583,1.037960,0.058613,-0.011710,0.996536,0.057827,0.064642,-0.029195,0.045950,0.117722,-0.157475,-0.000845,-0.391886,0.025772,-0.186911,0.719977,-0.244994,0.028948,-0.111299,0.007234,0.077823,0.312605,-0.321000,0.539824,1.570800,0.000000,0.000000,0.419924,-0.348122,0.236997,1.125188,0.180335,0.000000,0.000000
-1.143844,0.052441,1.037574,0.057628,-0.010929,0.996605,0.057781,0.065688,-0.029999,0.047284,0.119866,-0.160442,-0.001262,-0.391312,0.028139,-0.185111,0.711640,-0.243649,0.028841,-0.108821,0.007222,0.075231,0.310929,-0.323338,0.540586,1.570800,0.000000,0.000000,0.422394,-0.347322,0.233607,1.128169,0.179691,0.000000,0.000000
-1.147730,0.053030,1.037177,0.056946,-0.010407,0.996648,0.057814,0.066852,-0.030756,0.048559,0.122230,-0.163697,-0.001659,-0.390407,0.030642,-0.183215,0.703847,-0.241703,0.028781,-0.106021,0.007200,0.072546,0.309235,-0.325673,0.541230,1.570800,0.000000,0.000000,0.424832,-0.346471,0.230360,1.130628,0.179348,0.000000,0.000000
-1.151716,0.053538,1.036795,0.055912,-0.009936,0.996701,0.057978,0.067733,-0.031398,0.049350,0.124013,-0.166187,-0.001950,-0.389460,0.032651,-0.181695,0.698361,-0.239676,0.028770,-0.103657,0.007159,0.070498,0.307810,-0.327072,0.541651,1.570800,0.000000,0.000000,0.426503,-0.345585,0.227829,1.132110,0.179098,0.000000,0.000000
-1.155766,0.054069,1.036481,0.054586,-0.009598,0.996796,0.057675,0.068346,-0.031768,0.049863,0.125260,-0.167957,-0.002126,-0.388663,0.034041,-0.180642,0.695088,-0.238197,0.028778,-0.102117,0.007138,0.069239,0.306782,-0.327780,0.541955,1.570800,0.000000,0.000000,0.427661,-0.344753,0.226134,1.132890,0.179007,0.000000,0.000000
-1.159861,0.054094,1.036438,0.053276,-0.009915,0.996897,0.057092,0.068696,-0.031898,0.050108,0.125969,-0.168939,-0.002197,-0.388130,0.034679,-0.180175,0.693759,-0.237503,0.028789,-0.101306,0.007144,0.068562,0.306318,-0.328062,0.542120,1.570800,0.000000,0.000000,0.428182,-0.344182,0.225325,1.133143,0.179009,0.000000,0.000000
-1.164240,0.053541,1.036529,0.051670,-0.010286,0.997005,0.056615,0.069446,-0.032211,0.050523,0.127481,-0.171105,-0.002346,-0.386825,0.035486,-0.179657,0.692291,-0.236552,0.028806,-0.099642,0.007125,0.067206,0.305589,-0.328241,0.542443,1.570800,0.000000,0.000000,0.429107,-0.342723,0.223528,1.133252,0.178917,0.000000,0.000000
-1.168571,0.053108,1.036806,0.050339,-0.010486,0.997114,0.055852,0.070276,-0.032492,0.050868,0.129139,-0.173596,-0.002475,-0.385403,0.035745,-0.179621,0.692225,-0.236686,0.028805,-0.098146,0.007123,0.066010,0.305080,-0.328297,0.542854,1.570800,0.000000,0.000000,0.429823,-0.341153,0.221918,1.132936,0.178712,0.000000,0.000000
-1.172759,0.053082,1.036888,0.049363,-0.011049,0.997238,0.054378,0.071154,-0.032694,0.050564,0.130880,-0.175989,-0.002485,-0.383990,0.035933,-0.179639,0.693245,-0.238066,0.028804,-0.096926,0.007120,0.065137,0.304664,-0.328160,0.543408,1.570800,0.000000,0.000000,0.430426,-0.339286,0.220505,1.132243,0.178499,0.000000,0.000000
-1.176982,0.053953,1.037123,0.048234,-0.011625,0.997402,0.052229,0.072106,-0.032430,0.049799,0.132755,-0.178305,-0.002303,-0.382694,0.036334,-0.179458,0.694979,-0.240290,0.028821,-0.096275,0.007147,0.064609,0.304413,-0.327808,0.544141,1.570800,0.000000,0.000000,0.430909,-0.337188,0.219223,1.131205,0.178194,0.000000,0.000000
-1.181239,0.054382,1.037338,0.047065,-0.012420,0.997532,0.050592,0.073864,-0.031521,0.047418,0.136262,-0.181991,-0.001707,-0.380581,0.037107,-0.179074,0.699464,-0.244857,0.028857,-0.095865,0.007204,0.064349,0.304553,-0.326599,0.545749,1.570800,0.000000,0.000000,0.431448,-0.333378,0.217017,1.128165,0.177234,0.000000,0.000000
-1.185362,0.054632,1.037646,0.046014,-0.012926,0.997632,0.049449,0.075086,-0.030833,0.045134,0.138703,-0.184133,-0.001181,-0.379384,0.037390,-0.178995,0.703410,-0.247772,0.028879,-0.095913,0.007238,0.064714,0.304895,-0.325462,0.547027,1.570800,0.000000,0.000000,0.431390,-0.330970,0.216338,1.125188,0.176537,0.000000,0.000000
-1.189685,0.054883,1.038042,0.044490,-0.013533,0.997751,0.048267,0.076822,-0.029645,0.041170,0.142193,-0.186601,-0.000265,-0.378064,0.037631,-0.178982,0.710186,-0.249798,0.028950,-0.096608,0.007255,0.066187,0.305713,-0.322758,0.549115,1.570800,0.000000,0.000000,0.430944,-0.327546,0.215719,1.119229,0.176283,0.000000,0.000000
-1.193696,0.055286,1.038429,0.042998,-0.013997,0.997849,0.047472,0.077969,-0.028790,0.037888,0.144523,-0.187540,0.000463,-0.377409,0.037998,-0.178758,0.714691,-0.250217,0.029043,-0.097374,0.007245,0.068014,0.306329,-0.320034,0.550752,1.570800,0.000000,0.000000,0.430122,-0.325598,0.216299,1.113661,0.176545,0.000000,0.000000
-1.197590,0.055804,1.038900,0.041216,-0.014260,0.997946,0.046926,0.078875,-0.028011,0.034580,0.146364,-0.187483,0.001177,-0.377026,0.038554,-0.178324,0.718164,-0.250922,0.029151,-0.098079,0.007207,0.070139,0.307074,-0.317304,0.552519,1.570800,0.000000,0.000000,0.428659,-0.324625,0.218605,1.107091,0.176506,0.000000,0.000000
-1.201602,0.056305,1.039487,0.039023,-0.014625,0.998031,0.046882,0.079613,-0.027065,0.031360,0.147877,-0.186422,0.001923,-0.376650,0.039500,-0.177560,0.721166,-0.253177,0.029274,-0.098982,0.007157,0.073211,0.307911,-0.312936,0.555029,1.570800,0.000000,0.000000,0.426040,-0.324167,0.221749,1.098046,0.176344,0.000000,0.000000
-1.205720,0.057012,1.040178,0.036642,-0.014963,0.998111,0.046994,0.079981,-0.026051,0.029392,0.148684,-0.184193,0.002492,-0.376131,0.040785,-0.176514,0.723035,-0.257055,0.029366,-0.099914,0.007090,0.076632,0.308609,-0.308034,0.557809,1.570800,0.000000,0.000000,0.422674,-0.324212,0.225599,1.088576,0.176323,0.000000,0.000000
-1.209914,0.057833,1.041036,0.034122,-0.015381,0.998182,0.047242,0.080130,-0.024668,0.028647,0.149022,-0.179959,0.002959,-0.375202,0.042718,-0.174993,0.724061,-0.263741,0.029432,-0.101104,0.007035,0.080806,0.309742,-0.302048,0.561500,1.570800,0.000000,0.000000,0.418010,-0.324664,0.230091,1.076984,0.176218,0.000000,0.000000
-1.214153,0.058600,1.042168,0.031589,-0.015907,0.998243,0.047548,0.080057,-0.022961,0.029441,0.148971,-0.173377,0.003258,-0.373615,0.045101,-0.173175,0.724046,-0.273698,0.029412,-0.102063,0.006936,0.085841,0.311151,-0.295865,0.566101,1.570800,0.000000,0.000000,0.412348,-0.325188,0.235243,1.064450,0.176064,0.000000,0.000000
-1.218441,0.059480,1.043614,0.029073,-0.016552,0.998295,0.047825,0.079769,-0.020898,0.031112,0.148973,-0.164533,0.003501,-0.371537,0.048200,-0.170822,0.723149,-0.285448,0.029331,-0.102790,0.006810,0.091508,0.312560,-0.289171,0.571886,1.570800,0.000000,0.000000,0.405963,-0.325250,0.240076,1.051695,0.175689,0.000000,0.000000
-1.222670,0.060237,1.045362,0.026478,-0.017402,0.998338,0.048145,0.079163,-0.018680,0.033319,0.149646,-0.153165,0.003688,-0.369164,0.051616,-0.168234,0.721125,-0.296819,0.029218,-0.103498,0.006673,0.097159,0.313977,-0.282954,0.578391,1.569847,0.000000,0.000000,0.398990,-0.324837,0.243662,1.039751,0.175424,0.000000,0.000000
-1.226704,0.061078,1.047462,0.024135,-0.018280,0.998381,0.048157,0.078198,-0.015927,0.035906,0.151020,-0.139078,0.003945,-0.366262,0.055687,-0.165129,0.717868,-0.308876,0.029061,-0.104434,0.006531,0.103350,0.315607,-0.276987,0.586567,1.567615,0.000000,0.000000,0.391112,-0.324065,0.246198,1.026971,0.176019,0.000000,0.000000
-1.230816,0.061683,1.049841,0.021868,-0.018985,0.998404,0.048478,0.077069,-0.013473,0.038421,0.153224,-0.123234,0.004126,-0.363277,0.059316,-0.162396,0.714290,-0.319009,0.028887,-0.104833,0.006355,0.109330,0.316782,-0.272107,0.595728,1.564986,0.000000,0.000000,0.383672,-0.323233,0.249104,1.015485,0.176776,0.000000,0.000000
-1.234887,0.062074,1.052490,0.019735,-0.019569,0.998437,0.048484,0.075687,-0.011254,0.041453,0.156174,-0.105136,0.004155,-0.360145,0.062133,-0.160322,0.710432,-0.326406,0.028731,-0.104645,0.006198,0.114991,0.317495,-0.267936,0.605920,1.562022,0.000000,0.000000,0.376148,-0.322319,0.251860,1.004549,0.177512,0.000000,0.000000
-1.238890,0.062448,1.055426,0.017445,-0.019856,0.998463,0.048712,0.073899,-0.009422,0.044397,0.159291,-0.084622,0.004086,-0.357105,0.064334,-0.158757,0.705699,-0.332052,0.028587,-0.104164,0.005993,0.120217,0.318132,-0.264584,0.617637,1.557927,0.000000,0.000000,0.368707,-0.321789,0.253675,0.993638,0.178577,0.000000,0.000000
-1.242773,0.062791,1.058634,0.015269,-0.020017,0.998471,0.049209,0.071576,-0.007892,0.046726,0.163104,-0.060333,0.004028,-0.353653,0.066300,-0.157388,0.700000,-0.336376,0.028450,-0.102632,0.005773,0.125505,0.317854,-0.262384,0.631715,1.552092,0.000000,0.000000,0.360742,-0.321289,0.256046,0.981633,0.180661,0.000000,0.000000
-1.246487,0.063195,1.062136,0.013205,-0.020135,0.998484,0.049501,0.068834,-0.006304,0.049298,0.167310,-0.034820,0.003941,-0.350063,0.067887,-0.156326,0.693670,-0.339402,0.028335,-0.100356,0.005530,0.129654,0.317133,-0.260454,0.646873,1.545826,0.000000,0.000000,0.353228,-0.321364,0.258032,0.969392,0.182370,0.000000,0.000000
-1.249865,0.063756,1.066179,0.011247,-0.020362,0.998488,0.049812,0.064664,-0.003911,0.054019,0.173441,0.001347,0.003666,-0.345144,0.069820,-0.154995,0.683984,-0.341082,0.028249,-0.098231,0.005289,0.132123,0.315697,-0.259759,0.667607,1.536999,0.000000,0.000000,0.345647,-0.321189,0.259824,0.954406,0.187929,0.000000,0.000000
-1.253594,0.064107,1.069956,0.009413,-0.020327,0.998479,0.050371,0.061476,-0.002495,0.056435,0.178918,0.027916,0.003545,-0.341412,0.071106,-0.154121,0.677048,-0.341580,0.028193,-0.095755,0.005049,0.134208,0.314203,-0.259444,0.683171,1.530562,0.000000,0.000000,0.339831,-0.320562,0.261239,0.942556,0.194039,0.000000,0.000000
-1.256962,0.064448,1.074307,0.007251,-0.020469,0.998475,0.050746,0.056320,-0.000582,0.059567,0.185871,0.065141,0.003401,-0.336215,0.072755,-0.153005,0.665835,-0.341633,0.028142,-0.092194,0.004793,0.134779,0.311906,-0.259833,0.704695,1.522304,0.000000,0.000000,0.333273,-0.320908,0.264020,0.926327,0.200424,0.000000,0.000000
-1.260306,0.064518,1.078584,0.005274,-0.020628,0.998473,0.050965,0.050837,0.000944,0.062302,0.192490,0.101596,0.003205,-0.331105,0.073971,-0.152260,0.654524,-0.341481,0.028056,-0.088593,0.004542,0.135742,0.308855,-0.259223,0.726812,1.514518,0.000000,0.000000,0.327779,-0.321038,0.266143,0.909886,0.205872,0.000000,0.000000
-1.263995,0.064740,1.082606,0.003780,-0.020049,0.998464,0.051511,0.046415,0.001597,0.065117,0.199872,0.131232,0.002736,-0.326722,0.073967,-0.150287,0.646441,-0.341488,0.027479,-0.084516,0.004292,0.137653,0.306076,-0.258655,0.744539,1.508614,0.000000,0.000000,0.322939,-0.321600,0.268476,0.895585,0.210673,0.000000,0.000000
-1.267517,0.065096,1.086847,0.002591,-0.019138,0.998415,0.052855,0.041326,0.001840,0.069324,0.209618,0.163854,0.001849,-0.321655,0.073057,-0.145754,0.637824,-0.341703,0.026260,-0.079267,0.003965,0.140103,0.302465,-0.257839,0.763666,1.502867,0.000000,0.000000,0.318193,-0.323696,0.271152,0.878570,0.215272,0.000000,0.000000
-1.270868,0.065767,1.091191,0.001723,-0.018032,0.998350,0.054488,0.035748,0.002008,0.074388,0.221403,0.197428,0.000743,-0.315991,0.072005,-0.139409,0.628938,-0.341010,0.024765,-0.072726,0.003603,0.142384,0.298459,-0.256333,0.783202,1.497544,0.000000,0.000000,0.314205,-0.327174,0.275044,0.859422,0.220371,0.000000,0.000000
-1.274281,0.066831,1.095652,0.000910,-0.016805,0.998237,0.056911,0.030296,0.002292,0.078761,0.233830,0.226189,-0.000192,-0.310425,0.071519,-0.132324,0.620304,-0.340404,0.023312,-0.066166,0.003263,0.144477,0.294234,-0.254072,0.801288,1.492687,0.000000,0.000000,0.311198,-0.331092,0.280188,0.840005,0.224744,0.000000,0.000000
-1.277876,0.068113,1.100227,0.000265,-0.015741,0.998143,0.058853,0.024309,0.003399,0.085501,0.249575,0.251837,-0.001359,-0.304043,0.071261,-0.125011,0.611092,-0.339849,0.021928,-0.059260,0.002954,0.146974,0.289640,-0.252222,0.819593,1.488209,0.000000,0.000000,0.308882,-0.336010,0.287121,0.818077,0.229656,0.000000,0.000000
-1.281503,0.069477,1.104895,0.000236,-0.014831,0.998047,0.060682,0.018606,0.005021,0.094618,0.267784,0.266394,-0.002815,-0.297462,0.071084,-0.118975,0.602782,-0.338862,0.020840,-0.052519,0.002618,0.149806,0.284760,-0.249114,0.836188,1.484307,0.000000,0.000000,0.307973,-0.340871,0.293177,0.796330,0.234032,0.000000,0.000000
-1.285277,0.071347,1.109684,0.000582,-0.013901,0.997935,0.062703,0.012749,0.007325,0.104318,0.290649,0.272888,-0.004166,-0.290001,0.071460,-0.112791,0.594259,-0.337589,0.019887,-0.045449,0.002320,0.153812,0.280698,-0.247280,0.851526,1.482079,0.000000,0.000000,0.307341,-0.346907,0.300881,0.773060,0.238028,0.000000,0.000000
-1.289280,0.073295,1.114509,0.001223,-0.013057,0.997766,0.065502,0.006526,0.009861,0.113614,0.319609,0.272526,-0.005376,-0.281376,0.072184,-0.106373,0.585081,-0.336142,0.018999,-0.036821,0.001943,0.158619,0.276186,-0.243888,0.866686,1.480036,0.000000,0.000000,0.308230,-0.352672,0.308581,0.748461,0.242351,0.000000,0.000000
-1.293427,0.075620,1.119469,0.001952,-0.012347,0.997628,0.067691,0.000114,0.013789,0.123998,0.352481,0.269889,-0.006392,-0.272189,0.073246,-0.100467,0.575556,-0.334526,0.018304,-0.028301,0.001590,0.163895,0.272804,-0.241247,0.879464,1.479563,0.000000,0.000000,0.309118,-0.359523,0.316272,0.723564,0.244019,0.000000,0.000000
-1.297510,0.077779,1.124427,0.003127,-0.011596,0.997457,0.070256,-0.006762,0.017995,0.136322,0.388496,0.262646,-0.007739,-0.262422,0.074096,-0.094987,0.565738,-0.332713,0.017637,-0.019779,0.001230,0.170093,0.269420,-0.238505,0.891394,1.479234,0.000000,0.000000,0.310817,-0.366753,0.324454,0.699086,0.245038,0.000000,0.000000
-1.301783,0.079876,1.129300,0.004535,-0.010720,0.997256,0.073116,-0.014211,0.022284,0.150608,0.430749,0.254928,-0.009531,-0.251800,0.074587,-0.089010,0.555435,-0.330418,0.016820,-0.010408,0.000861,0.176982,0.265694,-0.234697,0.903013,1.479242,0.000000,0.000000,0.312568,-0.374513,0.331451,0.674326,0.245850,0.000000,0.000000
-1.306038,0.082000,1.134104,0.006023,-0.009861,0.997020,0.076267,-0.022134,0.026990,0.165679,0.476529,0.248590,-0.011420,-0.240875,0.074879,-0.082807,0.544735,-0.327658,0.015944,-0.000621,0.000458,0.184251,0.262585,-0.230111,0.913519,1.480863,0.000000,0.000000,0.314132,-0.382943,0.336968,0.649504,0.246153,0.000000,0.000000
-1.310184,0.084215,1.138795,0.007583,-0.008873,0.996760,0.079585,-0.030148,0.031802,0.180419,0.522577,0.243350,-0.013256,-0.230213,0.074995,-0.076118,0.533965,-0.323638,0.014960,0.009153,0.000107,0.191926,0.259180,-0.225193,0.922807,1.483521,0.000000,0.000000,0.316465,-0.390750,0.341054,0.626511,0.247402,0.000000,0.000000
-1.314296,0.086477,1.143426,0.009115,-0.007914,0.996468,0.083103,-0.038263,0.037372,0.195857,0.569215,0.238749,-0.015053,-0.219505,0.074900,-0.070908,0.523401,-0.322466,0.014173,0.018620,-0.000280,0.199518,0.256366,-0.220810,0.931398,1.486693,0.000000,0.000000,0.318611,-0.398856,0.344960,0.603812,0.246243,0.000000,0.000000
-1.318241,0.088937,1.147892,0.011055,-0.006900,0.996179,0.086359,-0.046269,0.043270,0.209476,0.616312,0.233702,-0.016403,-0.208776,0.075102,-0.064601,0.513086,-0.318150,0.013289,0.028529,-0.000663,0.207126,0.253453,-0.217302,0.939674,1.490216,0.000000,0.000000,0.319371,-0.407734,0.350182,0.582570,0.245064,0.000000,0.000000
-1.322272,0.091580,1.152312,0.012556,-0.005696,0.995839,0.090085,-0.054155,0.049351,0.221584,0.661509,0.227939,-0.017413,-0.198440,0.075106,-0.058737,0.501720,-0.314273,0.012423,0.038089,-0.000967,0.214525,0.251459,-0.213122,0.947009,1.493579,0.000000,0.000000,0.321528,-0.415538,0.352583,0.563272,0.245251,0.000000,0.000000
-1.326281,0.094176,1.156577,0.014137,-0.004559,0.995499,0.093596,-0.062305,0.055766,0.233408,0.707216,0.219829,-0.018312,-0.187907,0.074994,-0.052948,0.489857,-0.310079,0.011552,0.047778,-0.001347,0.222082,0.249551,-0.207045,0.953361,1.498084,0.000000,0.000000,0.323433,-0.422975,0.351800,0.543763,0.246227,0.000000,0.000000
-1.330230,0.096751,1.160787,0.015849,-0.003358,0.995137,0.097159,-0.070439,0.062294,0.244075,0.752771,0.208683,-0.018984,-0.177274,0.074639,-0.047868,0.478272,-0.305305,0.010752,0.057754,-0.001695,0.229773,0.247834,-0.201387,0.958715,1.502728,0.000000,0.000000,0.325421,-0.430012,0.351239,0.525420,0.248753,0.000000,0.000000
-1.334075,0.099363,1.164908,0.017577,-0.002033,0.994733,0.100961,-0.078204,0.068545,0.253197,0.796263,0.195820,-0.019443,-0.167106,0.074173,-0.043753,0.467232,-0.300073,0.010095,0.067286,-0.002021,0.237329,0.245885,-0.197276,0.963578,1.506088,0.000000,0.000000,0.327492,-0.436072,0.351757,0.508306,0.252381,0.000000,0.000000
-1.337588,0.102016,1.168921,0.019635,-0.000649,0.994294,0.104846,-0.086124,0.075107,0.261592,0.840002,0.179170,-0.019712,-0.156763,0.073600,-0.039573,0.456235,-0.294626,0.009407,0.077222,-0.002358,0.244802,0.244773,-0.192846,0.967873,1.508970,0.000000,0.000000,0.328924,-0.442814,0.350705,0.491871,0.256453,0.000000,0.000000
-1.341166,0.104695,1.172781,0.021547,0.000728,0.993887,0.108272,-0.094147,0.081966,0.268782,0.883012,0.161268,-0.019706,-0.146504,0.072890,-0.035400,0.445386,-0.289293,0.008682,0.087157,-0.002730,0.252498,0.243967,-0.188083,0.971383,1.511574,0.000000,0.000000,0.331124,-0.448632,0.348262,0.477056,0.261051,0.000000,0.000000
-1.344671,0.107261,1.176432,0.023349,0.002155,0.993454,0.111803,-0.101962,0.088570,0.275071,0.923151,0.144892,-0.019633,-0.136958,0.071926,-0.031743,0.435038,-0.284149,0.007966,0.096765,-0.003070,0.260108,0.242836,-0.183047,0.973977,1.513548,0.000000,0.000000,0.333108,-0.453731,0.344851,0.463732,0.265295,0.000000,0.000000
-1.347907,0.109706,1.179870,0.025213,0.003606,0.993033,0.115051,-0.110271,0.095320,0.280712,0.962273,0.126145,-0.019465,-0.127447,0.070738,-0.028252,0.424604,-0.278940,0.007226,0.106293,-0.003384,0.267495,0.241847,-0.177915,0.976323,1.515271,0.000000,0.000000,0.335005,-0.458849,0.340369,0.451055,0.269535,0.000000,0.000000
-1.350785,0.112220,1.183070,0.027084,0.005179,0.992615,0.118135,-0.118665,0.102091,0.286381,0.996744,0.099461,-0.019339,-0.118714,0.069591,-0.025304,0.414703,-0.274028,0.006571,0.114750,-0.003699,0.274641,0.240572,-0.173352,0.977972,1.516017,0.000000,0.000000,0.336450,-0.464073,0.336194,0.439870,0.274290,0.000000,0.000000
-1.354013,0.114144,1.186014,0.028802,0.006602,0.992194,0.121149,-0.127335,0.108041,0.290518,1.032922,0.078857,-0.019226,-0.110002,0.067779,-0.022254,0.404983,-0.268633,0.005732,0.123385,-0.003958,0.282007,0.239435,-0.168593,0.979581,1.516115,0.000000,0.000000,0.338373,-0.468537,0.332224,0.429489,0.278721,0.000000,0.000000
-1.356544,0.116049,1.188816,0.030777,0.008174,0.991793,0.123828,-0.136591,0.113570,0.293259,1.066248,0.057859,-0.019003,-0.101643,0.065820,-0.019326,0.395627,-0.263070,0.004875,0.132066,-0.004260,0.288982,0.238411,-0.164677,0.981248,1.515714,0.000000,0.000000,0.340288,-0.472743,0.328472,0.420634,0.283340,0.000000,0.000000
-1.359010,0.117707,1.191350,0.032339,0.009811,0.991359,0.126750,-0.145922,0.118212,0.295246,1.095012,0.036257,-0.018893,-0.094340,0.063662,-0.016621,0.386774,-0.257052,0.003992,0.140074,-0.004521,0.295007,0.237309,-0.160006,0.982258,1.515336,0.000000,0.000000,0.341164,-0.477029,0.324895,0.413031,0.287093,0.000000,0.000000
-1.361223,0.119197,1.193600,0.033970,0.011506,0.990932,0.129491,-0.156035,0.122701,0.296895,1.122748,0.012726,-0.018839,-0.087264,0.061069,-0.014342,0.377789,-0.250530,0.003069,0.147988,-0.004798,0.301023,0.236055,-0.155169,0.983375,1.514262,0.000000,0.000000,0.342140,-0.481365,0.321901,0.406751,0.290714,0.000000,0.000000
-1.363281,0.120527,1.195588,0.035398,0.013193,0.990564,0.131740,-0.166853,0.126758,0.297983,1.148361,-0.011755,-0.018860,-0.080605,0.058300,-0.012288,0.368942,-0.244198,0.002133,0.155850,-0.005049,0.306562,0.234975,-0.150831,0.984394,1.513052,0.000000,0.000000,0.342853,-0.485616,0.318962,0.401843,0.294213,0.000000,0.000000
-1.365089,0.121560,1.197323,0.036802,0.014746,0.990179,0.134069,-0.178217,0.130346,0.298893,1.171519,-0.036109,-0.019029,-0.074454,0.055408,-0.010631,0.360493,-0.238590,0.001217,0.163559,-0.005279,0.311730,0.234006,-0.147638,0.985649,1.511446,0.000000,0.000000,0.343363,-0.489855,0.316572,0.397858,0.297325,0.000000,0.000000
-1.366819,0.122427,1.198776,0.038137,0.016365,0.989803,0.136260,-0.190050,0.133521,0.299815,1.192151,-0.060714,-0.019364,-0.068789,0.052195,-0.009906,0.352718,-0.233733,0.000366,0.170991,-0.005503,0.316451,0.232843,-0.144808,0.986068,1.509125,0.000000,0.000000,0.343705,-0.493592,0.314568,0.395081,0.299584,0.000000,0.000000
-1.368544,0.123128,1.199968,0.039239,0.017986,0.989450,0.138298,-0.202317,0.136162,0.300560,1.210045,-0.084324,-0.019843,-0.063671,0.048823,-0.009455,0.345200,-0.229272,-0.000493,0.178318,-0.005686,0.320780,0.231766,-0.142278,0.987181,1.507173,0.000000,0.000000,0.343729,-0.497273,0.312897,0.393414,0.301076,0.000000,0.000000
-1.370176,0.123590,1.200937,0.040219,0.019470,0.989115,0.140196,-0.214178,0.138076,0.301144,1.223863,-0.105584,-0.020425,-0.059321,0.045687,-0.008838,0.338508,-0.224808,-0.001333,0.184604,-0.005886,0.324322,0.230587,-0.140041,0.988235,1.505351,0.000000,0.000000,0.343640,-0.499993,0.311524,0.392953,0.301877,0.000000,0.000000
-1.371076,0.123545,1.201015,0.041038,0.020629,0.988848,0.141666,-0.230466,0.139976,0.301256,1.240525,-0.133535,-0.021240,-0.054600,0.042105,-0.008960,0.329154,-0.217384,-0.002152,0.192414,-0.006067,0.328046,0.229922,-0.138557,0.989051,1.503231,0.000000,0.000000,0.343665,-0.502266,0.309377,0.393577,0.302225,0.000000,0.000000
-1.372415,0.123372,1.201247,0.041340,0.021756,0.988619,0.143006,-0.245062,0.140980,0.301150,1.250777,-0.155541,-0.022098,-0.051295,0.038898,-0.009433,0.321589,-0.211080,-0.002838,0.199343,-0.006263,0.330120,0.229394,-0.137547,0.989552,1.501996,0.000000,0.000000,0.343105,-0.503989,0.307653,0.394738,0.302122,0.000000,0.000000
-1.373851,0.123152,1.201437,0.041893,0.022971,0.988351,0.144500,-0.259283,0.141466,0.301505,1.256733,-0.174803,-0.023165,-0.048326,0.035456,-0.010279,0.315493,-0.205474,-0.003530,0.206331,-0.006468,0.331727,0.228930,-0.137298,0.990578,1.500718,0.000000,0.000000,0.342429,-0.505490,0.306712,0.397212,0.301969,0.000000,0.000000
-1.375459,0.122934,1.201581,0.042509,0.024395,0.987990,0.146538,-0.272903,0.141447,0.302664,1.258677,-0.191890,-0.024483,-0.045454,0.031623,-0.010965,0.310359,-0.200546,-0.004352,0.213713,-0.006671,0.333007,0.228087,-0.137903,0.991595,1.499652,0.000000,0.000000,0.340932,-0.506960,0.308321,0.401007,0.301713,0.000000,0.000000
-1.377496,0.122616,1.201673,0.042907,0.025477,0.987725,0.148017,-0.286019,0.141148,0.304408,1.256858,-0.207255,-0.025928,-0.042415,0.027923,-0.011514,0.305143,-0.196799,-0.005163,0.220535,-0.006864,0.334067,0.227258,-0.138132,0.992724,1.498462,0.000000,0.000000,0.338958,-0.508218,0.309833,0.406007,0.301361,0.000000,0.000000
-1.379804,0.122344,1.201699,0.043459,0.026799,0.987377,0.149933,-0.299025,0.140437,0.306834,1.251460,-0.222380,-0.027581,-0.038946,0.023628,-0.012340,0.300045,-0.192917,-0.006082,0.227832,-0.007080,0.335056,0.226148,-0.138320,0.993238,1.497043,0.000000,0.000000,0.336863,-0.509236,0.312753,0.412141,0.300489,0.000000,0.000000
-1.382445,0.122156,1.201675,0.043977,0.028052,0.987030,0.151823,-0.310812,0.139671,0.310411,1.243104,-0.236192,-0.029359,-0.035343,0.019324,-0.014065,0.295342,-0.189872,-0.006854,0.235016,-0.007288,0.335860,0.225003,-0.137997,0.993907,1.495531,0.000000,0.000000,0.335357,-0.509907,0.314658,0.419032,0.299102,0.000000,0.000000
-1.385383,0.121872,1.201711,0.044474,0.029263,0.986665,0.153814,-0.321723,0.138301,0.313604,1.231640,-0.248877,-0.031021,-0.031540,0.014943,-0.015003,0.290731,-0.187454,-0.007784,0.242335,-0.007473,0.336343,0.223649,-0.137524,0.993369,1.493563,0.000000,0.000000,0.335260,-0.510135,0.317136,0.426179,0.298364,0.000000,0.000000
-1.388445,0.122145,1.201705,0.044973,0.030345,0.986327,0.155615,-0.331237,0.137998,0.318094,1.218356,-0.258485,-0.032561,-0.027643,0.011275,-0.016037,0.286605,-0.185222,-0.008522,0.248441,-0.007638,0.337434,0.222950,-0.137107,0.994007,1.492564,0.000000,0.000000,0.333324,-0.511294,0.319059,0.432736,0.296299,0.000000,0.000000
-1.391655,0.122398,1.201698,0.045570,0.031358,0.985957,0.157571,-0.340901,0.137833,0.323123,1.201144,-0.267091,-0.034087,-0.023138,0.007439,-0.017075,0.282193,-0.182991,-0.009304,0.255098,-0.007800,0.338334,0.222289,-0.137861,0.994895,1.491242,0.000000,0.000000,0.331859,-0.511664,0.323098,0.440069,0.293326,0.000000,0.000000
-1.395105,0.122672,1.201654,0.046340,0.032046,0.985632,0.159233,-0.348937,0.138137,0.326714,1.182935,-0.273613,-0.034912,-0.018625,0.004137,-0.018872,0.278307,-0.181319,-0.009826,0.261213,-0.007943,0.339025,0.222223,-0.138856,0.995139,1.490096,0.000000,0.000000,0.331012,-0.511105,0.327571,0.447805,0.290412,0.000000,0.000000
-1.398778,0.122987,1.201511,0.047714,0.031771,0.985461,0.159938,-0.356086,0.139595,0.327627,1.162737,-0.279215,-0.034533,-0.013237,0.001952,-0.021432,0.275586,-0.180125,-0.009937,0.266441,-0.008052,0.340332,0.222708,-0.140170,0.995301,1.488425,0.000000,0.000000,0.330729,-0.508906,0.332863,0.456241,0.286944,0.000000,0.000000
-1.402706,0.123405,1.201275,0.048800,0.031467,0.985435,0.159831,-0.363135,0.141234,0.327325,1.138683,-0.284690,-0.033664,-0.007097,0.000198,-0.024992,0.272701,-0.179291,-0.009775,0.270642,-0.008148,0.341424,0.224029,-0.141063,0.994903,1.488245,0.000000,0.000000,0.330353,-0.505922,0.338242,0.465198,0.281994,0.000000,0.000000
-1.406712,0.123662,1.200953,0.050030,0.030959,0.985393,0.159813,-0.368991,0.142462,0.326534,1.114791,-0.288113,-0.032750,-0.001179,-0.001204,-0.028748,0.270178,-0.178778,-0.009498,0.273365,-0.008210,0.342102,0.225114,-0.140965,0.993870,1.487693,0.000000,0.000000,0.330992,-0.502392,0.343350,0.474104,0.277926,0.000000,0.000000
-1.410866,0.123885,1.200659,0.051247,0.030611,0.985398,0.159459,-0.374700,0.143281,0.325338,1.086789,-0.290570,-0.031679,0.005418,-0.003066,-0.034035,0.267431,-0.178875,-0.009091,0.276524,-0.008299,0.343656,0.225874,-0.141518,0.993307,1.487054,0.000000,0.000000,0.331545,-0.498306,0.349039,0.483679,0.273090,0.000000,0.000000
-1.415127,0.124120,1.200288,0.052400,0.030208,0.985434,0.158941,-0.379575,0.143725,0.324119,1.057358,-0.292443,-0.030589,0.011943,-0.004845,-0.040199,0.264822,-0.178933,-0.008518,0.278943,-0.008389,0.344523,0.227139,-0.142854,0.993084,1.486984,0.000000,0.000000,0.331746,-0.494655,0.355438,0.492825,0.267069,0.000000,0.000000
-1.419476,0.124311,1.199862,0.053365,0.029666,0.985442,0.158671,-0.383682,0.144127,0.323161,1.028247,-0.293279,-0.029523,0.018026,-0.006314,-0.045522,0.262226,-0.179185,-0.008007,0.280736,-0.008490,0.345104,0.228279,-0.144998,0.994163,1.486998,0.000000,0.000000,0.329853,-0.492897,0.363402,0.499959,0.258519,0.000000,0.000000
-1.423934,0.124347,1.199361,0.054324,0.029204,0.985521,0.157939,-0.387592,0.143705,0.321666,0.994610,-0.293469,-0.028329,0.024600,-0.008039,-0.051025,0.259627,-0.179864,-0.007537,0.281504,-0.008545,0.345094,0.228945,-0.145613,0.994967,1.486965,0.000000,0.000000,0.329042,-0.489849,0.371577,0.509080,0.250678,0.000000,0.000000
-1.428548,0.124495,1.198801,0.054791,0.028678,0.985628,0.157206,-0.390855,0.143190,0.320357,0.960006,-0.292873,-0.027093,0.030753,-0.009571,-0.056597,0.256924,-0.180623,-0.007006,0.281955,-0.008603,0.344810,0.228874,-0.146619,0.995176,1.487158,0.000000,0.000000,0.327135,-0.487615,0.381469,0.517424,0.240380,0.000000,0.000000
-1.432903,0.124651,1.198176,0.055703,0.028189,0.985792,0.155935,-0.393556,0.142331,0.319034,0.924417,-0.291766,-0.025851,0.036817,-0.011046,-0.062809,0.254858,-0.181560,-0.006355,0.281766,-0.008653,0.344683,0.229020,-0.148213,0.995579,1.486899,0.000000,0.000000,0.324263,-0.485379,0.390850,0.525424,0.228884,0.000000,0.000000
-1.437536,0.124566,1.197569,0.056077,0.027784,0.985925,0.155033,-0.395818,0.140838,0.317395,0.890066,-0.289370,-0.024734,0.042218,-0.012746,-0.068531,0.252916,-0.182778,-0.005849,0.281055,-0.008698,0.344111,0.228518,-0.149050,0.995794,1.485975,0.000000,0.000000,0.322043,-0.483052,0.400372,0.533308,0.218328,0.000000,0.000000
-1.442100,0.124412,1.196858,0.056639,0.027486,0.986093,0.153812,-0.397546,0.138472,0.315307,0.852120,-0.285612,-0.023556,0.047896,-0.014834,-0.074972,0.251526,-0.184094,-0.005327,0.280376,-0.008702,0.343424,0.228509,-0.149480,0.995500,1.485219,0.000000,0.000000,0.319054,-0.480786,0.410755,0.541765,0.205705,0.000000,0.000000
-1.446674,0.124189,1.196129,0.057047,0.027150,0.986235,0.152802,-0.398602,0.136060,0.313373,0.816551,-0.280727,-0.022527,0.052874,-0.016839,-0.080389,0.250606,-0.185836,-0.004954,0.279158,-0.008708,0.342573,0.227820,-0.150017,0.995516,1.484038,0.000000,0.000000,0.315390,-0.479416,0.421209,0.548982,0.192623,0.000000,0.000000
-1.451323,0.123985,1.195316,0.057280,0.026723,0.986452,0.151387,-0.399247,0.133359,0.311390,0.779498,-0.274594,-0.021508,0.057716,-0.018684,-0.085981,0.250094,-0.187676,-0.004510,0.277587,-0.008697,0.341463,0.227321,-0.150740,0.995295,1.482371,0.000000,0.000000,0.311521,-0.478015,0.432557,0.556413,0.179228,0.000000,0.000000
-1.456039,0.123771,1.194487,0.057282,0.026282,0.986621,0.150357,-0.399554,0.130735,0.309615,0.741881,-0.267542,-0.020474,0.062257,-0.020462,-0.091350,0.249776,-0.189797,-0.004087,0.275213,-0.008682,0.340485,0.226004,-0.149989,0.994896,1.480725,0.000000,0.000000,0.306850,-0.476521,0.443656,0.563102,0.163886,0.000000,0.000000
-1.460802,0.123383,1.193654,0.057474,0.026043,0.986760,0.149406,-0.399217,0.127653,0.307661,0.705155,-0.259157,-0.019556,0.066601,-0.022818,-0.097487,0.250240,-0.192169,-0.003694,0.273346,-0.008687,0.339085,0.224302,-0.149689,0.994723,1.479578,0.000000,0.000000,0.302227,-0.474936,0.454893,0.569744,0.147586,0.000000,0.000000
-1.465432,0.123155,1.192791,0.057455,0.025515,0.986954,0.148220,-0.398493,0.124812,0.306042,0.668530,-0.250751,-0.018645,0.070624,-0.024735,-0.103774,0.251071,-0.194475,-0.003153,0.270882,-0.008660,0.337840,0.222688,-0.148652,0.994158,1.478479,0.000000,0.000000,0.297401,-0.472980,0.465768,0.576007,0.130421,0.000000,0.000000
-1.470100,0.122769,1.192018,0.057270,0.025186,0.987072,0.147562,-0.397556,0.121902,0.304380,0.635132,-0.241890,-0.017900,0.074050,-0.026662,-0.108313,0.252039,-0.196795,-0.002907,0.267916,-0.008615,0.336681,0.221005,-0.147156,0.993471,1.477402,0.000000,0.000000,0.292108,-0.471703,0.476734,0.581205,0.114144,0.000000,0.000000
-1.474820,0.122305,1.191301,0.057021,0.025045,0.987224,0.146665,-0.396245,0.118342,0.302298,0.601693,-0.231244,-0.017262,0.077278,-0.028946,-0.112557,0.253516,-0.199406,-0.002811,0.264953,-0.008571,0.335651,0.218836,-0.146052,0.992417,1.476517,0.000000,0.000000,0.286892,-0.469950,0.487974,0.586797,0.097566,0.000000,0.000000
-1.479494,0.121728,1.190590,0.056776,0.024981,0.987360,0.145854,-0.394740,0.114596,0.300054,0.571457,-0.219945,-0.016801,0.079998,-0.031316,-0.116287,0.255505,-0.201750,-0.002826,0.262064,-0.008520,0.334714,0.216811,-0.145869,0.991685,1.475215,0.000000,0.000000,0.281563,-0.468461,0.498290,0.591825,0.082547,0.000000,0.000000
-1.484139,0.121027,1.189904,0.056754,0.025068,0.987448,0.145248,-0.392785,0.110279,0.297449,0.541555,-0.206322,-0.016487,0.082615,-0.034186,-0.119707,0.258579,-0.204284,-0.003027,0.259285,-0.008471,0.333548,0.215075,-0.146095,0.990763,1.473516,0.000000,0.000000,0.275877,-0.467336,0.509819,0.596873,0.067788,0.000000,0.000000
-1.488839,0.120213,1.189286,0.056362,0.025251,0.987452,0.145343,-0.390597,0.105795,0.294760,0.512418,-0.191211,-0.016267,0.084788,-0.037476,-0.122354,0.262063,-0.207057,-0.003474,0.256258,-0.008456,0.332268,0.212566,-0.146519,0.990385,1.471328,0.000000,0.000000,0.269381,-0.466603,0.521654,0.601547,0.053350,0.000000,0.000000
-1.493602,0.119323,1.188720,0.056006,0.025634,0.987442,0.145480,-0.388489,0.101350,0.292005,0.487365,-0.176524,-0.016189,0.086453,-0.040866,-0.124148,0.265835,-0.210036,-0.004094,0.253529,-0.008422,0.330780,0.209863,-0.146007,0.989305,1.469763,0.000000,0.000000,0.263790,-0.465351,0.531640,0.606153,0.041941,0.000000,0.000000
-1.498289,0.118512,1.188180,0.055671,0.025928,0.987472,0.145353,-0.386148,0.096715,0.289116,0.462844,-0.161018,-0.016195,0.087931,-0.044487,-0.126347,0.270780,-0.213075,-0.004709,0.251033,-0.008354,0.329487,0.206832,-0.146073,0.988248,1.468401,0.000000,0.000000,0.257881,-0.463615,0.541398,0.611066,0.031013,0.000000,0.000000
-1.502826,0.117659,1.187744,0.055046,0.026308,0.987442,0.145724,-0.383694,0.092050,0.286176,0.439255,-0.145594,-0.016251,0.089041,-0.048245,-0.127896,0.275670,-0.216290,-0.005469,0.248666,-0.008319,0.328048,0.203897,-0.146619,0.987455,1.467052,0.000000,0.000000,0.251436,-0.461962,0.551003,0.615669,0.020648,0.000000,0.000000
-1.507283,0.117011,1.187235,0.054428,0.026595,0.987397,0.146210,-0.381529,0.088168,0.283749,0.419763,-0.132017,-0.016330,0.089817,-0.051362,-0.128642,0.280635,-0.218793,-0.006187,0.246569,-0.008288,0.326816,0.201290,-0.147173,0.987415,1.465862,0.000000,0.000000,0.245137,-0.460757,0.560004,0.619205,0.011656,0.000000,0.000000
-1.511881,0.116306,1.186804,0.053530,0.026932,0.987369,0.146667,-0.379344,0.084174,0.281181,0.401263,-0.118326,-0.016453,0.090473,-0.054611,-0.128921,0.285412,-0.221820,-0.007022,0.244953,-0.008251,0.324967,0.198597,-0.148237,0.987696,1.464430,0.000000,0.000000,0.238621,-0.459003,0.568256,0.622806,0.003485,0.000000,0.000000
-1.516552,0.115750,1.186382,0.052706,0.027101,0.987259,0.147674,-0.377499,0.081112,0.279262,0.386963,-0.106775,-0.016576,0.091043,-0.057418,-0.128855,0.289792,-0.224278,-0.007795,0.243436,-0.008246,0.323263,0.196187,-0.148996,0.987505,1.462927,0.000000,0.000000,0.232857,-0.457094,0.574942,0.625781,-0.002220,0.000000,0.000000
-1.521236,0.115267,1.185953,0.051845,0.027255,0.987119,0.148878,-0.375600,0.078195,0.277453,0.374045,-0.095211,-0.016741,0.091605,-0.060253,-0.128507,0.294517,-0.226674,-0.008624,0.241751,-0.008198,0.321422,0.193830,-0.149279,0.986930,1.461494,0.000000,0.000000,0.227029,-0.454704,0.581230,0.628565,-0.006026,0.000000,0.000000
-1.526051,0.114850,1.185506,0.050705,0.027167,0.987105,0.149380,-0.374113,0.075835,0.275938,0.364711,-0.085296,-0.016907,0.092097,-0.062362,-0.127925,0.298469,-0.228642,-0.009295,0.240486,-0.008141,0.319846,0.192110,-0.149727,0.986478,1.460483,0.000000,0.000000,0.221628,-0.452645,0.586375,0.630359,-0.008669,0.000000,0.000000
-1.530838,0.114461,1.185022,0.049565,0.026987,0.987002,0.150471,-0.372304,0.073173,0.274255,0.354859,-0.072889,-0.017155,0.092735,-0.064891,-0.127309,0.303437,-0.230787,-0.010090,0.238929,-0.008094,0.317643,0.189942,-0.150181,0.985889,1.459164,0.000000,0.000000,0.214841,-0.449543,0.592257,0.632258,-0.010828,0.000000,0.000000
-1.535775,0.114084,1.184529,0.048137,0.026672,0.986966,0.151226,-0.370991,0.071155,0.272947,0.348462,-0.062993,-0.017389,0.093271,-0.066749,-0.126972,0.307260,-0.232243,-0.010656,0.238004,-0.008038,0.315586,0.188475,-0.150933,0.985550,1.458230,0.000000,0.000000,0.209410,-0.446778,0.596525,0.633540,-0.011054,0.000000,0.000000
-1.540729,0.113775,1.184039,0.046663,0.026375,0.986884,0.152275,-0.369445,0.068805,0.271378,0.342477,-0.050876,-0.017728,0.093961,-0.068812,-0.126234,0.311670,-0.233969,-0.011346,0.236810,-0.007987,0.312538,0.186875,-0.151483,0.984375,1.456712,0.000000,0.000000,0.203052,-0.442750,0.600764,0.634847,-0.009050,0.000000,0.000000
-1.545691,0.113561,1.183543,0.045085,0.025692,0.986825,0.153242,-0.368073,0.066946,0.270185,0.338837,-0.039111,-0.018100,0.094664,-0.070287,-0.125456,0.315522,-0.235344,-0.011881,0.235631,-0.007957,0.309570,0.185762,-0.151957,0.983318,1.455584,0.000000,0.000000,0.196873,-0.438788,0.604486,0.635581,-0.006410,0.000000,0.000000
-1.550754,0.113364,1.183051,0.043239,0.024876,0.986807,0.154026,-0.366680,0.065157,0.269016,0.336904,-0.025496,-0.018588,0.095466,-0.071369,-0.124550,0.319138,-0.236161,-0.012332,0.234219,-0.007936,0.306127,0.184756,-0.152379,0.982272,1.454782,0.000000,0.000000,0.189850,-0.434098,0.608030,0.635916,-0.002636,0.000000,0.000000
-1.555914,0.113172,1.182726,0.041551,0.024977,0.986703,0.155134,-0.365543,0.063244,0.267621,0.337447,-0.012368,-0.019161,0.096353,-0.072850,-0.123405,0.321783,-0.235673,-0.012946,0.233652,-0.007932,0.302878,0.184255,-0.153055,0.981269,1.454293,0.000000,0.000000,0.183551,-0.429865,0.610453,0.636245,0.001317,0.000000,0.000000
-1.561052,0.113356,1.182641,0.039443,0.025503,0.986506,0.156841,-0.365021,0.062236,0.266830,0.338500,-0.005324,-0.019513,0.096879,-0.074145,-0.122208,0.322889,-0.234834,-0.013521,0.233425,-0.007958,0.300689,0.183863,-0.153402,0.980772,1.454626,0.000000,0.000000,0.179161,-0.427732,0.612131,0.636120,0.002883,0.000000,0.000000
-1.566234,0.113798,1.182691,0.037337,0.025737,0.986357,0.158251,-0.364863,0.061841,0.266519,0.340605,-0.000710,-0.019790,0.097471,-0.075428,-0.120779,0.323683,-0.233411,-0.014131,0.233017,-0.007981,0.298361,0.183653,-0.154032,0.980816,1.456682,0.000000,0.000000,0.174602,-0.425484,0.613700,0.636026,0.004618,0.000000,0.000000
-1.571428,0.114538,1.182834,0.035547,0.025529,0.986263,0.159283,-0.365032,0.062524,0.267085,0.344833,0.001425,-0.019967,0.098249,-0.076340,-0.119650,0.324557,-0.231153,-0.014594,0.232659,-0.007986,0.295731,0.183262,-0.154114,0.981003,1.459258,0.000000,0.000000,0.170076,-0.422827,0.614793,0.636046,0.006921,0.000000,0.000000
-1.576648,0.115040,1.183040,0.034010,0.025355,0.986143,0.160384,-0.365645,0.064057,0.268249,0.352446,0.002269,-0.020114,0.099479,-0.077280,-0.118329,0.325710,-0.227283,-0.015110,0.232584,-0.008048,0.292497,0.182753,-0.154023,0.981298,1.462089,0.000000,0.000000,0.164856,-0.419342,0.615501,0.636385,0.010026,0.000000,0.000000
-1.582060,0.115083,1.183318,0.032084,0.025459,0.985889,0.162311,-0.366626,0.065475,0.269181,0.361072,0.002237,-0.020260,0.100672,-0.078549,-0.116622,0.326373,-0.222588,-0.015796,0.232920,-0.008091,0.289210,0.181737,-0.152698,0.981364,1.464044,0.000000,0.000000,0.160321,-0.415827,0.615016,0.637000,0.013238,0.000000,0.000000
-1.587457,0.114702,1.183560,0.029930,0.025433,0.985734,0.163665,-0.367751,0.066138,0.269382,0.367904,0.001706,-0.020387,0.101555,-0.079700,-0.114708,0.326553,-0.217658,-0.016485,0.233590,-0.008151,0.286543,0.181046,-0.152111,0.981273,1.465732,0.000000,0.000000,0.156854,-0.413161,0.614677,0.637753,0.015449,0.000000,0.000000
-1.592805,0.114177,1.183803,0.027506,0.025524,0.985639,0.164647,-0.369032,0.066151,0.268953,0.374174,0.000169,-0.020522,0.102301,-0.080899,-0.112362,0.326503,-0.211177,-0.017275,0.234563,-0.008214,0.283551,0.180317,-0.151664,0.981435,1.467217,0.000000,0.000000,0.153255,-0.410429,0.613773,0.638888,0.017770,0.000000,0.000000
-1.598202,0.113621,1.184224,0.024911,0.025575,0.985495,0.165906,-0.370332,0.065857,0.268264,0.379938,-0.002836,-0.020643,0.102807,-0.082212,-0.110021,0.326087,-0.203543,-0.018106,0.235579,-0.008279,0.280101,0.179677,-0.151431,0.981920,1.468255,0.000000,0.000000,0.149606,-0.407744,0.612805,0.640476,0.020590,0.000000,0.000000
-1.603780,0.112990,1.184798,0.022273,0.025728,0.985399,0.166823,-0.371672,0.064963,0.267038,0.386225,-0.008669,-0.020786,0.103137,-0.083852,-0.107150,0.325456,-0.192766,-0.019143,0.236939,-0.008354,0.275422,0.179010,-0.151721,0.982492,1.469039,0.000000,0.000000,0.145394,-0.404535,0.611569,0.643145,0.024428,0.000000,0.000000
-1.609432,0.112181,1.185509,0.019778,0.025879,0.985257,0.167954,-0.372641,0.063352,0.265322,0.392610,-0.017694,-0.020932,0.103244,-0.085877,-0.104720,0.325327,-0.179359,-0.020235,0.239010,-0.008487,0.269354,0.178035,-0.151680,0.981827,1.468123,0.000000,0.000000,0.140908,-0.401744,0.609940,0.646794,0.027102,0.000000,0.000000
-1.615317,0.111469,1.186415,0.016748,0.026085,0.985161,0.168811,-0.373139,0.061657,0.263733,0.396920,-0.026905,-0.020994,0.103033,-0.087562,-0.103241,0.325043,-0.167703,-0.021053,0.240325,-0.008554,0.264763,0.177116,-0.151947,0.981471,1.467064,0.000000,0.000000,0.137635,-0.398597,0.607558,0.650493,0.030743,0.000000,0.000000
-1.621157,0.110755,1.187500,0.014051,0.026048,0.985103,0.169398,-0.373104,0.059553,0.261953,0.401524,-0.039464,-0.020985,0.102666,-0.089448,-0.102426,0.325106,-0.152907,-0.021837,0.241793,-0.008604,0.259349,0.176120,-0.153013,0.981536,1.466038,0.000000,0.000000,0.134384,-0.394525,0.604739,0.655964,0.035708,0.000000,0.000000
-1.626844,0.110079,1.188843,0.012098,0.026179,0.985020,0.170010,-0.372363,0.057057,0.260085,0.406513,-0.054310,-0.020925,0.102293,-0.091702,-0.102831,0.326514,-0.134890,-0.022538,0.243490,-0.008652,0.253384,0.175604,-0.156355,0.981888,1.465211,0.000000,0.000000,0.130238,-0.390076,0.603118,0.662857,0.041106,0.000000,0.000000
-1.632731,0.109248,1.190625,0.010001,0.026170,0.984937,0.170626,-0.370733,0.054274,0.258223,0.411590,-0.071981,-0.020796,0.101580,-0.094391,-0.105213,0.328743,-0.110459,-0.023049,0.245773,-0.008714,0.246634,0.175095,-0.161420,0.983887,1.464643,0.000000,0.000000,0.124816,-0.384708,0.601926,0.673291,0.047831,0.000000,0.000000
-1.638952,0.108670,1.192544,0.006787,0.025935,0.985003,0.170444,-0.369536,0.051693,0.256473,0.414053,-0.084502,-0.020659,0.100601,-0.095676,-0.106327,0.330123,-0.091328,-0.023348,0.246223,-0.008736,0.240991,0.174254,-0.162610,0.985415,1.465247,0.000000,0.000000,0.122358,-0.380521,0.596429,0.681514,0.052517,0.000000,0.000000
-1.644612,0.107753,1.194930,0.005016,0.025865,0.985009,0.170479,-0.367122,0.048313,0.254317,0.416665,-0.099816,-0.020518,0.099211,-0.098062,-0.110698,0.334000,-0.062217,-0.023431,0.247274,-0.008740,0.233440,0.173250,-0.167701,0.987979,1.466100,0.000000,0.000000,0.119611,-0.374110,0.590854,0.692871,0.057348,0.000000,0.000000
-1.650602,0.107239,1.197466,0.002607,0.025683,0.985209,0.169403,-0.365077,0.045270,0.252348,0.417995,-0.110113,-0.020443,0.098026,-0.098956,-0.111615,0.337649,-0.039348,-0.023672,0.246750,-0.008686,0.227745,0.172608,-0.171659,0.989981,1.467342,0.000000,0.000000,0.117503,-0.369481,0.586296,0.702049,0.063719,0.000000,0.000000
-1.656543,0.106275,1.200506,0.000205,0.025242,0.985386,0.168454,-0.362078,0.041601,0.250061,0.418178,-0.122554,-0.020345,0.095897,-0.100040,-0.113544,0.343179,-0.006356,-0.023808,0.245575,-0.008627,0.220236,0.171901,-0.175307,0.993026,1.469638,0.000000,0.000000,0.115614,-0.363680,0.577216,0.713791,0.071449,0.000000,0.000000
-1.662274,0.105627,1.203550,-0.001304,0.024872,0.985508,0.167789,-0.359080,0.038880,0.248543,0.418976,-0.131065,-0.020311,0.094131,-0.101168,-0.116294,0.349864,0.021314,-0.023765,0.244194,-0.008534,0.215011,0.171733,-0.179555,0.994462,1.471406,0.000000,0.000000,0.114403,-0.358613,0.571542,0.722538,0.077168,0.000000,0.000000
-1.667864,0.104144,1.207207,-0.003264,0.024406,0.985702,0.166692,-0.354945,0.034790,0.246073,0.417092,-0.140902,-0.020353,0.090699,-0.103315,-0.121259,0.357873,0.058561,-0.023606,0.242611,-0.008434,0.208163,0.171777,-0.185687,0.996799,1.473631,0.000000,0.000000,0.112333,-0.352588,0.564960,0.734380,0.087240,0.000000,0.000000
-1.673404,0.102758,1.210926,-0.004952,0.023836,0.985812,0.166077,-0.350422,0.031214,0.244102,0.414380,-0.149282,-0.020383,0.086785,-0.106102,-0.128560,0.366434,0.094684,-0.023148,0.241216,-0.008377,0.201499,0.172477,-0.190915,0.998279,1.475597,0.000000,0.000000,0.109878,-0.347456,0.558527,0.744637,0.097109,0.000000,0.000000
-1.679021,0.101345,1.214749,-0.006379,0.023318,0.985967,0.165178,-0.345552,0.027556,0.242062,0.411761,-0.156038,-0.020481,0.082598,-0.109105,-0.136391,0.376112,0.129477,-0.022603,0.239218,-0.008268,0.195732,0.173491,-0.195481,0.998867,1.477349,0.000000,0.000000,0.108248,-0.342739,0.551943,0.753787,0.107216,0.000000,0.000000
-1.684749,0.100297,1.218374,-0.007677,0.022250,0.986241,0.163630,-0.341112,0.025242,0.238904,0.410105,-0.161735,-0.020139,0.079121,-0.110557,-0.142149,0.385584,0.155857,-0.021935,0.235724,-0.008122,0.191236,0.174911,-0.199059,0.998077,1.478513,0.000000,0.000000,0.107860,-0.338472,0.546326,0.760185,0.116170,0.000000,0.000000
-1.690385,0.098814,1.222203,-0.008417,0.020925,0.986553,0.161880,-0.335704,0.023168,0.234191,0.408524,-0.168465,-0.019503,0.075122,-0.112393,-0.149710,0.398454,0.184512,-0.020994,0.230967,-0.007946,0.187114,0.177618,-0.202133,0.996310,1.479118,0.000000,0.000000,0.107485,-0.334164,0.539557,0.765974,0.125337,0.000000,0.000000
-1.696082,0.097097,1.226136,-0.008848,0.019527,0.986975,0.159439,-0.329719,0.021150,0.228389,0.406770,-0.175179,-0.018726,0.070927,-0.114510,-0.157202,0.413812,0.212692,-0.020111,0.225200,-0.007732,0.183787,0.181051,-0.205052,0.993446,1.478680,0.000000,0.000000,0.108033,-0.329951,0.533344,0.770734,0.134252,0.000000,0.000000
-1.701945,0.094838,1.230192,-0.008531,0.018542,0.987251,0.157860,-0.322764,0.017950,0.222612,0.405557,-0.182280,-0.018280,0.066458,-0.119285,-0.166697,0.433800,0.242619,-0.019618,0.219366,-0.007537,0.181351,0.184846,-0.207240,0.989570,1.476762,0.000000,0.000000,0.109836,-0.325889,0.527140,0.774238,0.143522,0.000000,0.000000
-1.707780,0.092674,1.234349,-0.008162,0.017630,0.987747,0.154851,-0.315420,0.013999,0.215779,0.403643,-0.189000,-0.017819,0.061874,-0.123394,-0.171976,0.454775,0.265727,-0.019700,0.211823,-0.007333,0.179760,0.189069,-0.213978,0.984679,1.474871,0.000000,0.000000,0.111877,-0.323443,0.524211,0.776678,0.153325,0.000000,0.000000
-1.714110,0.090378,1.238389,-0.008485,0.016129,0.988367,0.150990,-0.308250,0.010301,0.208544,0.400712,-0.195403,-0.017222,0.057040,-0.126572,-0.176723,0.477923,0.282663,-0.019543,0.203278,-0.007051,0.178600,0.193012,-0.213959,0.977879,1.474146,0.000000,0.000000,0.115453,-0.321900,0.513773,0.776983,0.159998,0.000000,0.000000
-1.720175,0.087674,1.242585,-0.007133,0.015656,0.988890,0.147650,-0.300085,0.005092,0.200749,0.398692,-0.201565,-0.016944,0.052511,-0.131906,-0.179885,0.505467,0.295762,-0.020337,0.194674,-0.006785,0.178690,0.197487,-0.219022,0.970925,1.475466,0.000000,0.000000,0.120472,-0.320279,0.509058,0.775845,0.167907,0.000000,0.000000
-1.726699,0.084961,1.246665,-0.006478,0.014928,0.989597,0.142946,-0.291212,-0.000958,0.190969,0.395553,-0.207336,-0.016496,0.047521,-0.136445,-0.179678,0.537334,0.306551,-0.021451,0.184254,-0.006482,0.178982,0.200910,-0.222402,0.963237,1.476860,0.000000,0.000000,0.126455,-0.319997,0.503287,0.773791,0.175298,0.000000,0.000000
-1.733179,0.082034,1.250709,-0.005246,0.014013,0.990154,0.139183,-0.282244,-0.006551,0.182558,0.393113,-0.212516,-0.016239,0.042427,-0.142057,-0.182047,0.571616,0.314678,-0.022333,0.173921,-0.006155,0.179381,0.204919,-0.222207,0.954321,1.477227,0.000000,0.000000,0.133092,-0.320983,0.493537,0.770462,0.178745,0.000000,0.000000
-1.739298,0.079244,1.254785,-0.002903,0.013670,0.990733,0.135106,-0.272191,-0.012934,0.173949,0.391147,-0.217491,-0.016181,0.037305,-0.148904,-0.184518,0.611547,0.323340,-0.023467,0.162605,-0.005764,0.181336,0.210188,-0.227555,0.944235,1.479252,0.000000,0.000000,0.141068,-0.321252,0.488998,0.766323,0.183604,0.000000,0.000000
-1.745626,0.076377,1.258736,-0.001317,0.013101,0.991346,0.130616,-0.262354,-0.019187,0.164470,0.388095,-0.220885,-0.015971,0.031805,-0.154892,-0.185718,0.651289,0.330668,-0.024478,0.151427,-0.005389,0.183343,0.214983,-0.229373,0.934551,1.480092,0.000000,0.000000,0.149186,-0.322955,0.480948,0.761803,0.186198,0.000000,0.000000
-1.751627,0.073615,1.262579,0.000569,0.012437,0.992022,0.125453,-0.252524,-0.025101,0.154808,0.384380,-0.223595,-0.015686,0.026192,-0.160090,-0.186153,0.691631,0.335675,-0.025308,0.139848,-0.005010,0.184838,0.219376,-0.231988,0.923531,1.479467,0.000000,0.000000,0.157933,-0.324092,0.473787,0.756831,0.187987,0.000000,0.000000
-1.757436,0.070705,1.266431,0.003405,0.012362,0.992501,0.121561,-0.241985,-0.031577,0.146114,0.381003,-0.226196,-0.015751,0.020825,-0.167616,-0.188004,0.733538,0.340185,-0.026450,0.129588,-0.004622,0.186887,0.224336,-0.237770,0.912844,1.478736,0.000000,0.000000,0.166571,-0.324908,0.471463,0.752664,0.190767,0.000000,0.000000
-1.763870,0.068064,1.270139,0.004637,0.011539,0.993123,0.116411,-0.231894,-0.037175,0.137404,0.375750,-0.228314,-0.015579,0.014959,-0.173070,-0.188295,0.773991,0.345318,-0.027152,0.117563,-0.004209,0.188762,0.229591,-0.238394,0.902075,1.479652,0.000000,0.000000,0.174832,-0.326428,0.463368,0.748727,0.191243,0.000000,0.000000
-1.769780,0.065776,1.273788,0.006628,0.010977,0.993669,0.111609,-0.221800,-0.042234,0.128551,0.370485,-0.229709,-0.015294,0.008924,-0.177881,-0.187879,0.813573,0.348867,-0.027702,0.105683,-0.003774,0.190590,0.235402,-0.238989,0.890741,1.481275,0.000000,0.000000,0.182927,-0.327942,0.455643,0.744812,0.191009,0.000000,0.000000
-1.775508,0.063191,1.277352,0.008554,0.010157,0.994107,0.107583,-0.212059,-0.046759,0.121353,0.364759,-0.231932,-0.015172,0.002884,-0.183222,-0.190223,0.849967,0.344926,-0.027942,0.094926,-0.003395,0.192105,0.241132,-0.238424,0.880489,1.482444,0.000000,0.000000,0.190754,-0.329280,0.447756,0.741144,0.190078,0.000000,0.000000
-1.781379,0.060991,1.280777,0.010270,0.009456,0.994559,0.103234,-0.202118,-0.050966,0.113698,0.359392,-0.233214,-0.014923,-0.003323,-0.188069,-0.192157,0.886758,0.339199,-0.028098,0.084446,-0.002988,0.193578,0.247151,-0.236401,0.869052,1.483081,0.000000,0.000000,0.200349,-0.329772,0.436848,0.737293,0.187459,0.000000,0.000000
-1.786788,0.058828,1.284233,0.012748,0.008949,0.994932,0.099340,-0.191937,-0.055131,0.105123,0.354897,-0.233622,-0.014556,-0.009441,-0.192821,-0.191618,0.923532,0.333722,-0.028616,0.074193,-0.002624,0.194851,0.253238,-0.234650,0.858057,1.481856,0.000000,0.000000,0.207317,-0.331133,0.429710,0.734946,0.187194,0.000000,0.000000
-1.792239,0.056775,1.287617,0.015112,0.008268,0.995269,0.095613,-0.182198,-0.058682,0.097177,0.350854,-0.233305,-0.014196,-0.015414,-0.197292,-0.190560,0.957312,0.327567,-0.029148,0.064670,-0.002304,0.196390,0.259314,-0.233853,0.848210,1.479748,0.000000,0.000000,0.214117,-0.331884,0.424304,0.734100,0.187682,0.000000,0.000000
-1.797942,0.054848,1.290889,0.016511,0.007061,0.995580,0.092180,-0.172295,-0.061432,0.090195,0.345759,-0.233013,-0.013814,-0.022290,-0.201280,-0.189607,0.990185,0.318773,-0.029456,0.054411,-0.001936,0.197254,0.266269,-0.227018,0.838043,1.477401,0.000000,0.000000,0.224060,-0.331418,0.410394,0.731886,0.183597,0.000000,0.000000
-1.802962,0.053096,1.294137,0.018543,0.005971,0.995845,0.088955,-0.163500,-0.063406,0.084118,0.341309,-0.232776,-0.013394,-0.028605,-0.204337,-0.188198,1.017903,0.308189,-0.029777,0.046067,-0.001634,0.198386,0.272551,-0.222386,0.828926,1.475114,0.000000,0.000000,0.232675,-0.331134,0.401627,0.730222,0.179421,0.000000,0.000000
-1.807586,0.051318,1.297291,0.020904,0.004839,0.996078,0.085844,-0.154299,-0.065235,0.077689,0.336953,-0.232484,-0.012902,-0.035339,-0.207210,-0.186616,1.045391,0.293873,-0.030124,0.037777,-0.001350,0.199762,0.278750,-0.218470,0.820196,1.472377,0.000000,0.000000,0.240867,-0.330090,0.393524,0.729703,0.178574,0.000000,0.000000
-1.811823,0.049529,1.300410,0.024364,0.004016,0.996180,0.083765,-0.144502,-0.067374,0.071764,0.333962,-0.232395,-0.012596,-0.042009,-0.210849,-0.184738,1.071825,0.275462,-0.030817,0.030480,-0.001098,0.201213,0.285702,-0.216316,0.812965,1.467904,0.000000,0.000000,0.247860,-0.329809,0.387178,0.730560,0.181321,0.000000,0.000000
-1.816730,0.048290,1.303538,0.025712,0.002666,0.996378,0.081015,-0.135823,-0.068171,0.067283,0.329500,-0.232284,-0.012179,-0.049098,-0.212354,-0.183276,1.093312,0.256624,-0.030990,0.023872,-0.000878,0.201519,0.291083,-0.211564,0.806174,1.464445,0.000000,0.000000,0.255180,-0.328631,0.381079,0.732380,0.182155,0.000000,0.000000
-1.821034,0.047259,1.306562,0.027666,0.001349,0.996489,0.079010,-0.127076,-0.068389,0.062543,0.325114,-0.231516,-0.011587,-0.056752,-0.212756,-0.181497,1.112874,0.235818,-0.031029,0.016951,-0.000642,0.201622,0.296761,-0.206691,0.799702,1.460234,0.000000,0.000000,0.261870,-0.327334,0.376097,0.734394,0.181810,0.000000,0.000000
-1.824894,0.046344,1.309354,0.029761,-0.000040,0.996602,0.076807,-0.118124,-0.068131,0.057843,0.320764,-0.230634,-0.010898,-0.065161,-0.212153,-0.179599,1.131062,0.211600,-0.030931,0.010262,-0.000428,0.201468,0.303108,-0.201695,0.793712,1.455294,0.000000,0.000000,0.268287,-0.326018,0.369986,0.737854,0.181877,0.000000,0.000000
-1.828497,0.045760,1.311991,0.031761,-0.001336,0.996647,0.075400,-0.110265,-0.067542,0.053734,0.317053,-0.230248,-0.010207,-0.073381,-0.210404,-0.177092,1.144742,0.187570,-0.030779,0.004918,-0.000289,0.201051,0.308460,-0.196360,0.788872,1.450674,0.000000,0.000000,0.273575,-0.325145,0.366004,0.741786,0.182534,0.000000,0.000000
-1.831710,0.045156,1.314479,0.034668,-0.002582,0.996653,0.073982,-0.102181,-0.066874,0.050018,0.314612,-0.230532,-0.009572,-0.081614,-0.208698,-0.175674,1.157668,0.164342,-0.030496,0.000064,-0.000123,0.201125,0.313886,-0.192979,0.785172,1.445754,0.000000,0.000000,0.278187,-0.323555,0.361316,0.747050,0.183754,0.000000,0.000000
-1.835347,0.045211,1.316992,0.035784,-0.004109,0.996724,0.072421,-0.094481,-0.064988,0.046474,0.310878,-0.230169,-0.008658,-0.091189,-0.204544,-0.173354,1.167023,0.142016,-0.029737,-0.005369,0.000035,0.200219,0.318640,-0.186869,0.781067,1.440541,0.000000,0.000000,0.283914,-0.321509,0.357803,0.753340,0.184704,0.000000,0.000000
-1.837949,0.045354,1.319100,0.037513,-0.005837,0.996787,0.070523,-0.086655,-0.062219,0.043405,0.304962,-0.228808,-0.007601,-0.102301,-0.198911,-0.172688,1.175729,0.113419,-0.028301,-0.010765,0.000204,0.199361,0.324623,-0.181493,0.776517,1.434398,0.000000,0.000000,0.288533,-0.319083,0.353299,0.760298,0.183631,0.000000,0.000000
-1.840700,0.045552,1.321086,0.038834,-0.007325,0.996789,0.069646,-0.080114,-0.059577,0.040921,0.300512,-0.227099,-0.006657,-0.113011,-0.192906,-0.171512,1.179548,0.088800,-0.026932,-0.015544,0.000334,0.198354,0.329688,-0.175748,0.772760,1.428755,0.000000,0.000000,0.292352,-0.317308,0.349922,0.766957,0.182402,0.000000,0.000000
-1.843241,0.045714,1.322860,0.040284,-0.008786,0.996798,0.068504,-0.074357,-0.057055,0.038774,0.297464,-0.225823,-0.005789,-0.123423,-0.186791,-0.171139,1.179931,0.068619,-0.025329,-0.019944,0.000454,0.197259,0.334251,-0.171568,0.769751,1.423583,0.000000,0.000000,0.296148,-0.315535,0.347528,0.774312,0.182228,0.000000,0.000000
-1.845813,0.045927,1.324472,0.041467,-0.010224,0.996814,0.067357,-0.069214,-0.054465,0.036749,0.295244,-0.224462,-0.004912,-0.133705,-0.180554,-0.171358,1.177054,0.052045,-0.023519,-0.024457,0.000585,0.196123,0.338259,-0.166339,0.766716,1.419096,0.000000,0.000000,0.299736,-0.313807,0.343681,0.781201,0.180595,0.000000,0.000000
-1.848290,0.046139,1.325881,0.042497,-0.011547,0.996837,0.066161,-0.064573,-0.052039,0.035012,0.293222,-0.223959,-0.004111,-0.143967,-0.174302,-0.171942,1.171195,0.038397,-0.021567,-0.029237,0.000713,0.195288,0.341760,-0.161107,0.763651,1.415403,0.000000,0.000000,0.303374,-0.312571,0.340248,0.788053,0.179086,0.000000,0.000000
-1.850373,0.046280,1.327104,0.044066,-0.012669,0.996872,0.064374,-0.060152,-0.050023,0.032905,0.292111,-0.223883,-0.003345,-0.153916,-0.168437,-0.174085,1.163190,0.025422,-0.019357,-0.033245,0.000852,0.194304,0.345507,-0.158887,0.760594,1.412223,0.000000,0.000000,0.306215,-0.311980,0.338355,0.795892,0.178500,0.000000,0.000000
-1.852713,0.046609,1.328209,0.044672,-0.013877,0.996905,0.063182,-0.056130,-0.047737,0.030872,0.290304,-0.223970,-0.002509,-0.164540,-0.161497,-0.176224,1.150869,0.012107,-0.016821,-0.038115,0.001010,0.192824,0.348934,-0.154905,0.757810,1.409662,0.000000,0.000000,0.309097,-0.311775,0.335933,0.803585,0.176260,0.000000,0.000000
-1.855035,0.046871,1.329130,0.045221,-0.014970,0.996956,0.061727,-0.052552,-0.045737,0.028959,0.288528,-0.224003,-0.001754,-0.174799,-0.154899,-0.179018,1.136407,0.000471,-0.014211,-0.043132,0.001176,0.191672,0.352050,-0.150484,0.754706,1.407909,0.000000,0.000000,0.311872,-0.311595,0.333361,0.810671,0.174759,0.000000,0.000000
-1.857243,0.047082,1.329889,0.046027,-0.015885,0.997001,0.060150,-0.049252,-0.044244,0.026843,0.287231,-0.224066,-0.001084,-0.184204,-0.149060,-0.182374,1.120747,-0.008721,-0.011646,-0.047417,0.001343,0.190642,0.354804,-0.147088,0.751638,1.406985,0.000000,0.000000,0.314613,-0.311795,0.330828,0.817554,0.173164,0.000000,0.000000
-1.859633,0.047371,1.330531,0.046474,-0.016790,0.997075,0.058302,-0.046003,-0.042688,0.024434,0.285929,-0.223978,-0.000349,-0.193870,-0.142793,-0.186698,1.101395,-0.018237,-0.008732,-0.052092,0.001490,0.189687,0.357560,-0.145165,0.748537,1.405741,0.000000,0.000000,0.318080,-0.311866,0.327742,0.824761,0.171915,0.000000,0.000000
-1.862104,0.047466,1.331042,0.046839,-0.017670,0.997175,0.055998,-0.043028,-0.041415,0.021878,0.284758,-0.224263,0.000346,-0.202769,-0.137181,-0.192385,1.080508,-0.026429,-0.005685,-0.056181,0.001675,0.188745,0.360545,-0.143765,0.745159,1.404859,0.000000,0.000000,0.321502,-0.312399,0.322960,0.831010,0.170018,0.000000,0.000000
-1.864584,0.047698,1.331464,0.047131,-0.018342,0.997236,0.054433,-0.040176,-0.040420,0.018947,0.283623,-0.224642,0.001035,-0.211267,-0.131422,-0.197460,1.057234,-0.032996,-0.002747,-0.060665,0.001821,0.187877,0.363073,-0.141891,0.742126,1.404258,0.000000,0.000000,0.324785,-0.313778,0.320245,0.836572,0.168230,0.000000,0.000000
-1.867048,0.047928,1.331749,0.047490,-0.018905,0.997314,0.052451,-0.037381,-0.039667,0.016030,0.282585,-0.225181,0.001667,-0.219117,-0.125802,-0.202740,1.032082,-0.038384,0.000174,-0.065173,0.002007,0.187056,0.365325,-0.141464,0.738981,1.403807,0.000000,0.000000,0.327258,-0.315787,0.319862,0.842515,0.169469,0.000000,0.000000
-1.869784,0.047966,1.331893,0.047595,-0.019434,0.997424,0.050027,-0.034745,-0.039244,0.012983,0.281644,-0.225864,0.002243,-0.226255,-0.120789,-0.209874,1.005309,-0.041819,0.003342,-0.069141,0.002179,0.186002,0.367725,-0.141409,0.735529,1.403881,0.000000,0.000000,0.329713,-0.317745,0.316186,0.848373,0.169355,0.000000,0.000000
-1.872593,0.048164,1.331983,0.047598,-0.019806,0.997500,0.048328,-0.032164,-0.038979,0.010548,0.280565,-0.227213,0.002684,-0.233002,-0.115580,-0.216239,0.976042,-0.044800,0.006322,-0.073798,0.002359,0.185440,0.369539,-0.140543,0.732289,1.403684,0.000000,0.000000,0.331997,-0.320747,0.314263,0.853533,0.169305,0.000000,0.000000
-1.875703,0.048268,1.331984,0.047181,-0.020118,0.997612,0.046251,-0.029739,-0.038948,0.007810,0.279129,-0.228746,0.003122,-0.239237,-0.110696,-0.223430,0.945094,-0.046167,0.009353,-0.077890,0.002567,0.184874,0.371448,-0.138503,0.728200,1.405386,0.000000,0.000000,0.335091,-0.323410,0.309345,0.858078,0.168296,0.000000,0.000000
-1.878727,0.048575,1.331911,0.046963,-0.020379,0.997731,0.043724,-0.027401,-0.038773,0.004969,0.278118,-0.230261,0.003613,-0.244791,-0.105587,-0.230722,0.912961,-0.046444,0.012399,-0.081808,0.002781,0.184487,0.373463,-0.138359,0.723876,1.407051,0.000000,0.000000,0.338624,-0.325837,0.304580,0.862847,0.168213,0.000000,0.000000
-1.881752,0.048945,1.331782,0.046774,-0.020581,0.997831,0.041502,-0.025231,-0.038579,0.002262,0.277643,-0.232043,0.004088,-0.249537,-0.100351,-0.237567,0.880561,-0.045908,0.015303,-0.085191,0.002945,0.184335,0.375578,-0.138625,0.719869,1.408895,0.000000,0.000000,0.342343,-0.328574,0.299291,0.866741,0.167796,0.000000,0.000000
-1.884907,0.049346,1.331630,0.046336,-0.020682,0.997919,0.039776,-0.023072,-0.038411,-0.000338,0.277347,-0.234535,0.004536,-0.253940,-0.094490,-0.244638,0.844116,-0.043348,0.018289,-0.088829,0.003119,0.184250,0.377629,-0.137939,0.715558,1.410861,0.000000,0.000000,0.345731,-0.332193,0.294702,0.870402,0.168146,0.000000,0.000000
-1.888071,0.049820,1.331391,0.046026,-0.020656,0.998000,0.038095,-0.021158,-0.038387,-0.002618,0.277863,-0.236867,0.004898,-0.257375,-0.088831,-0.250969,0.808471,-0.039177,0.020977,-0.091568,0.003250,0.184540,0.379200,-0.137309,0.711436,1.413207,0.000000,0.000000,0.349110,-0.335649,0.290453,0.874270,0.169328,0.000000,0.000000
-1.891298,0.050317,1.331046,0.045652,-0.020572,0.998089,0.036213,-0.019439,-0.038358,-0.004401,0.279066,-0.239464,0.005183,-0.260203,-0.082980,-0.257671,0.770666,-0.033256,0.023699,-0.093704,0.003417,0.184917,0.381300,-0.137598,0.706886,1.415648,0.000000,0.000000,0.352287,-0.339502,0.284196,0.878090,0.170458,0.000000,0.000000
-1.894531,0.050854,1.330630,0.045498,-0.020472,0.998154,0.034622,-0.017827,-0.038246,-0.005511,0.281382,-0.242461,0.005380,-0.262231,-0.076844,-0.263708,0.731672,-0.025177,0.026231,-0.095653,0.003566,0.185516,0.383065,-0.138043,0.702718,1.418276,0.000000,0.000000,0.355727,-0.343505,0.278008,0.881847,0.172687,0.000000,0.000000
-1.897817,0.051460,1.330128,0.045325,-0.020074,0.998206,0.033590,-0.016422,-0.038499,-0.006428,0.284267,-0.245644,0.005454,-0.263467,-0.070880,-0.268384,0.693597,-0.014193,0.028372,-0.096876,0.003674,0.186104,0.384374,-0.138435,0.698962,1.420833,0.000000,0.000000,0.357884,-0.348122,0.273974,0.885380,0.175872,0.000000,0.000000
-1.901111,0.052077,1.329491,0.045343,-0.019644,0.998258,0.032248,-0.015122,-0.038885,-0.006881,0.288326,-0.249092,0.005422,-0.264004,-0.064863,-0.272878,0.653889,0.000071,0.030441,-0.097426,0.003765,0.186599,0.385858,-0.139147,0.695132,1.423813,0.000000,0.000000,0.360198,-0.353064,0.268708,0.889773,0.179633,0.000000,0.000000
-1.904796,0.052702,1.328780,0.044783,-0.019224,0.998331,0.030975,-0.014192,-0.039163,-0.006520,0.292974,-0.253058,0.005289,-0.264082,-0.058869,-0.277641,0.612927,0.017471,0.032533,-0.097385,0.003847,0.187105,0.387169,-0.138616,0.690935,1.426834,0.000000,0.000000,0.363504,-0.357587,0.259862,0.893714,0.181738,0.000000,0.000000
-1.908342,0.053355,1.327997,0.044876,-0.018272,0.998368,0.030232,-0.013269,-0.039982,-0.005428,0.298612,-0.257278,0.004899,-0.263367,-0.054018,-0.280465,0.574191,0.036810,0.033892,-0.096686,0.003859,0.188319,0.387721,-0.139277,0.686831,1.429536,0.000000,0.000000,0.367171,-0.362008,0.252382,0.897250,0.184501,0.000000,0.000000
-1.912144,0.053977,1.327068,0.045066,-0.016404,0.998380,0.030618,-0.012012,-0.042293,-0.002387,0.305725,-0.262917,0.003817,-0.261914,-0.050293,-0.280115,0.532033,0.059967,0.034129,-0.094675,0.003868,0.190166,0.387111,-0.138902,0.682595,1.431883,0.000000,0.000000,0.372006,-0.368606,0.241877,0.900807,0.185498,0.000000,0.000000
-1.915837,0.054766,1.325985,0.045584,-0.014484,0.998365,0.031305,-0.010658,-0.044823,0.001546,0.313216,-0.268921,0.002540,-0.260124,-0.047160,-0.278454,0.493652,0.082842,0.034061,-0.091616,0.003863,0.192376,0.386049,-0.138872,0.678781,1.433459,0.000000,0.000000,0.377052,-0.375178,0.231639,0.903609,0.187125,0.000000,0.000000
-1.919472,0.055718,1.324797,0.046255,-0.012633,0.998340,0.031924,-0.009226,-0.047267,0.005768,0.321642,-0.275555,0.001233,-0.257786,-0.043783,-0.276084,0.454852,0.107646,0.033961,-0.087733,0.003849,0.194477,0.385086,-0.139614,0.674793,1.435528,0.000000,0.000000,0.381325,-0.382082,0.222788,0.906718,0.190787,0.000000,0.000000
-1.923169,0.056565,1.323470,0.046934,-0.010658,0.998311,0.032527,-0.007816,-0.049818,0.010786,0.330587,-0.282983,-0.000233,-0.254959,-0.040744,-0.273957,0.416199,0.132529,0.033864,-0.083101,0.003822,0.196403,0.383779,-0.140704,0.671137,1.437391,0.000000,0.000000,0.386110,-0.389070,0.212838,0.910375,0.194394,0.000000,0.000000
-1.927064,0.057698,1.322039,0.047106,-0.008842,0.998301,0.033131,-0.006676,-0.052075,0.015155,0.339539,-0.290570,-0.001521,-0.251935,-0.037135,-0.271188,0.377316,0.156953,0.033788,-0.078116,0.003812,0.198006,0.382678,-0.140910,0.667186,1.439428,0.000000,0.000000,0.391206,-0.395486,0.201724,0.913769,0.197377,0.000000,0.000000
-1.930969,0.058886,1.320512,0.047363,-0.007146,0.998284,0.033699,-0.005674,-0.053912,0.019830,0.348807,-0.298824,-0.002755,-0.248534,-0.033336,-0.268242,0.339109,0.180456,0.033728,-0.073545,0.003798,0.199843,0.381427,-0.140345,0.663495,1.442005,0.000000,0.000000,0.396240,-0.401744,0.190029,0.916847,0.199839,0.000000,0.000000
-1.934939,0.060008,1.318843,0.047693,-0.005348,0.998269,0.033996,-0.004777,-0.055823,0.024072,0.358873,-0.306342,-0.003953,-0.244787,-0.029851,-0.265687,0.301863,0.202303,0.033658,-0.068489,0.003769,0.201796,0.380119,-0.140716,0.659788,1.444102,0.000000,0.000000,0.402004,-0.407448,0.177050,0.919847,0.201151,0.000000,0.000000
-1.939011,0.061163,1.317094,0.047738,-0.003511,0.998265,0.034296,-0.004062,-0.057696,0.028254,0.369049,-0.314746,-0.005131,-0.240840,-0.026475,-0.263260,0.265497,0.222649,0.033585,-0.063481,0.003732,0.203545,0.378803,-0.140698,0.656036,1.445804,0.000000,0.000000,0.408084,-0.412819,0.162801,0.922104,0.202110,0.000000,0.000000
-1.943033,0.062214,1.315186,0.048099,-0.001685,0.998223,0.035126,-0.003329,-0.059930,0.031414,0.380249,-0.322964,-0.006250,-0.236707,-0.023047,-0.260800,0.230571,0.241904,0.033512,-0.058158,0.003721,0.205301,0.377407,-0.140504,0.652833,1.447310,0.000000,0.000000,0.413744,-0.418790,0.150824,0.924258,0.203672,0.000000,0.000000
-1.947124,0.063415,1.313200,0.048149,0.000153,0.998221,0.035169,-0.002842,-0.061736,0.035415,0.391609,-0.331669,-0.007397,-0.232393,-0.019897,-0.258611,0.196891,0.260323,0.033443,-0.053570,0.003696,0.206651,0.376409,-0.139923,0.649712,1.449053,0.000000,0.000000,0.419112,-0.424685,0.137885,0.926322,0.205647,0.000000,0.000000
-1.951256,0.064441,1.311071,0.048374,0.002111,0.998206,0.035226,-0.002394,-0.063679,0.039104,0.402441,-0.340078,-0.008534,-0.228204,-0.017535,-0.257197,0.167280,0.277359,0.033413,-0.049360,0.003677,0.208111,0.374839,-0.139345,0.646813,1.449446,0.000000,0.000000,0.424139,-0.430000,0.125055,0.928517,0.207038,0.000000,0.000000
-1.955593,0.065333,1.308824,0.048349,0.004185,0.998196,0.035356,-0.001990,-0.065985,0.043264,0.413792,-0.348491,-0.009853,-0.223867,-0.015731,-0.256404,0.138540,0.296090,0.033410,-0.045444,0.003631,0.209906,0.373120,-0.137606,0.643675,1.450691,0.000000,0.000000,0.429424,-0.435506,0.110704,0.930722,0.208663,0.000000,0.000000
-1.959802,0.066078,1.306481,0.048646,0.006678,0.998172,0.035225,-0.001526,-0.068899,0.047589,0.425675,-0.357741,-0.011362,-0.219405,-0.014954,-0.256760,0.111691,0.316511,0.033447,-0.040328,0.003586,0.211528,0.371205,-0.137273,0.640356,1.452277,0.000000,0.000000,0.435241,-0.441330,0.095776,0.932947,0.208992,0.000000,0.000000
-1.964184,0.066678,1.304024,0.048563,0.009128,0.998135,0.035847,-0.001084,-0.072347,0.052104,0.437539,-0.367378,-0.013042,-0.215153,-0.014428,-0.257317,0.086418,0.337774,0.033536,-0.035341,0.003508,0.213039,0.368822,-0.135677,0.637175,1.454041,0.000000,0.000000,0.440281,-0.447816,0.081533,0.934798,0.209607,0.000000,0.000000
-1.968516,0.067320,1.301575,0.048670,0.011520,0.998092,0.036218,-0.000622,-0.075632,0.057059,0.449856,-0.377584,-0.014763,-0.210889,-0.014167,-0.258151,0.062958,0.358553,0.033675,-0.030649,0.003522,0.215047,0.366086,-0.133797,0.633919,1.455901,0.000000,0.000000,0.445881,-0.454284,0.067504,0.936474,0.209983,0.000000,0.000000
-1.973021,0.067798,1.299094,0.048800,0.014114,0.998019,0.037108,-0.000061,-0.079389,0.061805,0.462403,-0.387965,-0.016577,-0.206650,-0.014264,-0.259385,0.041914,0.379262,0.033857,-0.025521,0.003455,0.217391,0.362855,-0.131085,0.630869,1.458000,0.000000,0.000000,0.451912,-0.460787,0.053276,0.938012,0.209178,0.000000,0.000000
-1.977593,0.068324,1.296639,0.048936,0.016412,0.997970,0.037305,0.000411,-0.082649,0.066742,0.475424,-0.398517,-0.018304,-0.202412,-0.014566,-0.260835,0.023176,0.398433,0.034075,-0.020698,0.003445,0.219923,0.359712,-0.128757,0.627995,1.460366,0.000000,0.000000,0.457976,-0.466889,0.038944,0.939351,0.208558,0.000000,0.000000
-1.982062,0.068640,1.294006,0.049322,0.018798,0.997890,0.037821,0.000878,-0.086254,0.071653,0.489216,-0.408933,-0.020139,-0.198277,-0.015145,-0.262613,0.006887,0.414847,0.034289,-0.015124,0.003372,0.222349,0.356774,-0.126213,0.625233,1.462370,0.000000,0.000000,0.464175,-0.473040,0.024322,0.940650,0.207507,0.000000,0.000000
-1.986419,0.069336,1.291400,0.049463,0.020695,0.997843,0.037863,0.001205,-0.088587,0.076674,0.501840,-0.419452,-0.021652,-0.194609,-0.015183,-0.263640,-0.006505,0.427599,0.034494,-0.011279,0.003370,0.224607,0.353634,-0.123193,0.623495,1.464520,0.000000,0.000000,0.469472,-0.477982,0.011674,0.941618,0.208499,0.000000,0.000000
-1.991026,0.069938,1.288755,0.049507,0.022685,0.997789,0.038110,0.001541,-0.091009,0.080551,0.515451,-0.429776,-0.023022,-0.190913,-0.015296,-0.264778,-0.017450,0.438665,0.034686,-0.007350,0.003338,0.226860,0.350637,-0.120029,0.621639,1.466351,0.000000,0.000000,0.474950,-0.483288,-0.000709,0.942516,0.209027,0.000000,0.000000
-1.995602,0.070427,1.286032,0.049731,0.024699,0.997737,0.037912,0.001810,-0.093211,0.084081,0.528606,-0.439066,-0.024287,-0.187608,-0.015918,-0.266410,-0.017450,0.447355,0.034892,-0.003675,0.003305,0.229135,0.348165,-0.117200,0.619990,1.468454,0.000000,0.000000,0.480112,-0.488197,-0.012346,0.943374,0.208522,0.000000,0.000000
-2.000232,0.070828,1.283267,0.049962,0.026382,0.997675,0.038121,0.002059,-0.095288,0.087908,0.542848,-0.448995,-0.025590,-0.184301,-0.016613,-0.268125,-0.017450,0.456317,0.035170,-0.000533,0.003307,0.231801,0.345148,-0.113285,0.618624,1.470325,0.000000,0.000000,0.484760,-0.493742,-0.023376,0.943937,0.208302,0.000000,0.000000
-2.004818,0.071170,1.280413,0.050115,0.028149,0.997617,0.038172,0.002218,-0.097305,0.090837,0.556022,-0.457921,-0.026731,-0.181480,-0.017442,-0.269866,-0.017450,0.464422,0.035435,0.002104,0.003274,0.233997,0.342340,-0.109565,0.617856,1.471846,0.000000,0.000000,0.488892,-0.498498,-0.032944,0.944623,0.208794,0.000000,0.000000
-2.009453,0.071344,1.277523,0.050235,0.029896,0.997565,0.038030,0.002350,-0.099923,0.093347,0.571675,-0.467409,-0.027999,-0.178298,-0.018800,-0.272372,-0.017450,0.473332,0.035748,0.005516,0.003233,0.236562,0.338987,-0.105071,0.617081,1.473995,0.000000,0.000000,0.493779,-0.503479,-0.045022,0.945585,0.208144,0.000000,0.000000
-2.014116,0.071653,1.274650,0.050267,0.031394,0.997524,0.037855,0.002469,-0.101850,0.095498,0.585159,-0.476328,-0.029006,-0.175621,-0.019988,-0.274545,-0.017450,0.480825,0.036024,0.007756,0.003240,0.238899,0.335781,-0.100848,0.616821,1.476032,0.000000,0.000000,0.497664,-0.507898,-0.054067,0.946195,0.207881,0.000000,0.000000
-2.018865,0.071875,1.271676,0.050053,0.032815,0.997500,0.037562,0.002553,-0.103761,0.097396,0.598906,-0.485855,-0.029963,-0.172999,-0.021286,-0.276849,-0.017450,0.488212,0.036299,0.009416,0.003248,0.241028,0.332466,-0.096057,0.617079,1.477088,0.000000,0.000000,0.500952,-0.512755,-0.062648,0.946846,0.207385,0.000000,0.000000
-2.023540,0.072102,1.268646,0.049994,0.034420,0.997458,0.037327,0.002704,-0.105976,0.099550,0.614446,-0.497101,-0.031075,-0.170044,-0.023038,-0.279838,-0.017450,0.495447,0.036599,0.011285,0.003275,0.243461,0.328405,-0.090577,0.617905,1.477750,0.000000,0.000000,0.504161,-0.517931,-0.072360,0.947944,0.206858,0.000000,0.000000
-2.028403,0.072392,1.265705,0.049340,0.035524,0.997489,0.036309,0.002660,-0.107794,0.099908,0.628873,-0.508284,-0.031740,-0.167183,-0.024427,-0.282375,-0.017450,0.501055,0.036887,0.013810,0.003299,0.244885,0.324697,-0.085624,0.619356,1.478541,0.000000,0.000000,0.508099,-0.521452,-0.085855,0.948351,0.203819,0.000000,0.000000
-2.033029,0.072659,1.262766,0.049176,0.036789,0.997454,0.036240,0.002675,-0.109195,0.100334,0.640000,-0.516444,-0.032278,-0.164944,-0.025472,-0.284331,-0.017450,0.505770,0.037116,0.015090,0.003320,0.246103,0.321953,-0.082134,0.620676,1.479233,0.000000,0.000000,0.510010,-0.524679,-0.091560,0.948714,0.203903,0.000000,0.000000
-2.037949,0.073072,1.259849,0.048523,0.037987,0.997432,0.036483,0.002671,-0.110749,0.101305,0.653728,-0.526730,-0.032980,-0.162089,-0.026505,-0.286454,-0.017450,0.511376,0.037413,0.015777,0.003347,0.247714,0.318099,-0.076893,0.623261,1.479978,0.000000,0.000000,0.510897,-0.529419,-0.096564,0.949658,0.204979,0.000000,0.000000
-2.043170,0.073302,1.256881,0.047410,0.039530,0.997415,0.036791,0.002648,-0.112812,0.102939,0.668204,-0.537488,-0.033956,-0.159087,-0.028033,-0.289277,-0.017450,0.519381,0.037744,0.016112,0.003387,0.249617,0.312980,-0.069290,0.625525,1.480978,0.000000,0.000000,0.509194,-0.534499,-0.100295,0.952157,0.205921,0.000000,0.000000
-2.048171,0.073743,1.253713,0.046792,0.040736,0.997355,0.037883,0.002781,-0.114656,0.105549,0.683384,-0.548516,-0.035076,-0.155903,-0.029163,-0.291656,-0.017450,0.527597,0.038124,0.015589,0.003453,0.252623,0.307001,-0.059753,0.628320,1.481160,0.000000,0.000000,0.506099,-0.540440,-0.103343,0.955124,0.206174,0.000000,0.000000
-2.053293,0.074331,1.250636,0.046101,0.041401,0.997367,0.037686,0.002908,-0.115417,0.107114,0.697750,-0.558927,-0.035704,-0.152609,-0.029777,-0.293440,-0.015676,0.534885,0.038534,0.016052,0.003494,0.254874,0.301769,-0.051552,0.632293,1.482322,0.000000,0.000000,0.504124,-0.544761,-0.109789,0.957396,0.204331,0.000000,0.000000
-2.058719,0.074896,1.247612,0.045082,0.042035,0.997424,0.036679,0.002929,-0.115871,0.107377,0.712792,-0.569489,-0.036025,-0.148957,-0.030385,-0.295345,-0.009976,0.541963,0.038992,0.018703,0.003505,0.255859,0.297438,-0.045959,0.637235,1.483379,0.000000,0.000000,0.504261,-0.546894,-0.122948,0.958786,0.199760,0.000000,0.000000
-2.064284,0.075359,1.244641,0.044364,0.043475,0.997333,0.038324,0.003355,-0.117205,0.109913,0.726878,-0.578547,-0.037042,-0.145599,-0.031603,-0.297956,-0.001250,0.549754,0.039444,0.020996,0.003502,0.256654,0.292055,-0.041812,0.642354,1.483164,0.000000,0.000000,0.503170,-0.550378,-0.127872,0.959499,0.199073,0.000000,0.000000
-2.070903,0.076109,1.241834,0.041434,0.044464,0.997401,0.038702,0.003241,-0.117690,0.112298,0.739798,-0.587924,-0.037755,-0.142583,-0.032566,-0.300126,0.008134,0.558138,0.039919,0.023481,0.003464,0.257104,0.286091,-0.031925,0.646119,1.485319,0.000000,0.000000,0.501603,-0.551835,-0.141477,0.958968,0.193115,0.000000,0.000000
-2.076493,0.077097,1.238964,0.040088,0.044983,0.997415,0.039157,0.003160,-0.117317,0.113815,0.751015,-0.593926,-0.038076,-0.139903,-0.032356,-0.300668,0.016366,0.561455,0.040314,0.025030,0.003480,0.257145,0.281287,-0.026967,0.650585,1.486700,0.000000,0.000000,0.499751,-0.552029,-0.147168,0.958613,0.190640,0.000000,0.000000
-2.080859,0.078048,1.235780,0.041516,0.044993,0.997342,0.039509,0.003140,-0.115853,0.116553,0.768287,-0.600195,-0.038426,-0.135850,-0.031832,-0.301378,0.023297,0.544013,0.040546,0.025276,0.003483,0.259478,0.276938,-0.025698,0.658380,1.484863,0.000000,0.000000,0.496487,-0.554706,-0.145355,0.961061,0.192497,0.000000,0.000000
-2.085949,0.079384,1.232573,0.039591,0.043202,0.997587,0.037224,0.000532,-0.110401,0.119456,0.792692,-0.607889,-0.037831,-0.131173,-0.027737,-0.298052,0.023877,0.492467,0.040224,0.020211,0.003695,0.260704,0.275185,-0.017804,0.667311,1.482785,0.000000,0.000000,0.488776,-0.557146,-0.143870,0.963189,0.194847,0.000000,0.000000
-2.091205,0.080150,1.229337,0.038358,0.043030,0.997670,0.036485,-0.002169,-0.107160,0.121748,0.813509,-0.612386,-0.037714,-0.127955,-0.025966,-0.297344,0.025779,0.449603,0.039594,0.017456,0.003773,0.261566,0.273141,-0.012008,0.674557,1.481873,0.000000,0.000000,0.482532,-0.558241,-0.144419,0.965192,0.195823,0.000000,0.000000
-2.096211,0.080909,1.226088,0.037242,0.042992,0.997727,0.036146,-0.005302,-0.104362,0.124984,0.834570,-0.613506,-0.037940,-0.125555,-0.024594,-0.296891,0.027440,0.408936,0.038885,0.015654,0.003751,0.262416,0.270121,-0.007710,0.682283,1.480535,0.000000,0.000000,0.477162,-0.559495,-0.146196,0.966321,0.194807,0.000000,0.000000
-2.101136,0.081565,1.222911,0.036016,0.042945,0.997762,0.036460,-0.008766,-0.101560,0.130050,0.855439,-0.613353,-0.038518,-0.123852,-0.023515,-0.296537,0.029351,0.372026,0.038201,0.014605,0.003737,0.263316,0.266628,-0.002968,0.689819,1.480541,0.000000,0.000000,0.471957,-0.560827,-0.147746,0.966653,0.194343,0.000000,0.000000
-2.105984,0.082013,1.219845,0.035122,0.042846,0.997773,0.037140,-0.012887,-0.098419,0.136626,0.879970,-0.611090,-0.039408,-0.122342,-0.022924,-0.296778,0.033487,0.334811,0.037458,0.015058,0.003698,0.263656,0.263136,0.000884,0.698510,1.481745,0.000000,0.000000,0.466692,-0.561912,-0.149717,0.966899,0.194524,0.000000,0.000000
-2.110818,0.082503,1.216884,0.033943,0.042045,0.997830,0.037613,-0.017902,-0.094579,0.141748,0.905783,-0.604331,-0.039854,-0.121433,-0.021480,-0.295604,0.038935,0.301748,0.036806,0.015137,0.003682,0.263802,0.260939,0.006794,0.707388,1.484981,0.000000,0.000000,0.460980,-0.563151,-0.151017,0.966157,0.195477,0.000000,0.000000
-2.115577,0.082711,1.214033,0.033723,0.041312,0.997839,0.038387,-0.023206,-0.089948,0.148797,0.934506,-0.591984,-0.040605,-0.120613,-0.020897,-0.295500,0.046915,0.270297,0.036212,0.015163,0.003646,0.265385,0.257040,0.009397,0.717388,1.485885,0.000000,0.000000,0.456881,-0.562910,-0.150327,0.965526,0.194664,0.000000,0.000000
-2.120373,0.082781,1.211247,0.033328,0.040363,0.997847,0.039507,-0.029486,-0.085084,0.156247,0.965843,-0.573940,-0.041477,-0.120354,-0.020126,-0.294909,0.056656,0.240384,0.035642,0.015297,0.003603,0.267161,0.253706,0.012021,0.728774,1.485635,0.000000,0.000000,0.452505,-0.563200,-0.148005,0.964532,0.193642,0.000000,0.000000
-2.124958,0.082552,1.208543,0.034006,0.039732,0.997810,0.040501,-0.036090,-0.080956,0.163692,0.999523,-0.552061,-0.042652,-0.120647,-0.020536,-0.295729,0.071027,0.206169,0.035026,0.015760,0.003583,0.269679,0.250955,0.016126,0.740140,1.487572,0.000000,0.000000,0.447840,-0.563306,-0.145269,0.964067,0.195228,0.000000,0.000000
-2.129394,0.082564,1.206052,0.034447,0.037815,0.997854,0.040877,-0.043678,-0.074700,0.169529,1.033877,-0.525235,-0.042782,-0.121483,-0.019405,-0.294149,0.085632,0.179988,0.034605,0.014123,0.003619,0.272696,0.249504,0.021757,0.751356,1.491167,0.000000,0.000000,0.442777,-0.562093,-0.140076,0.963302,0.195254,0.000000,0.000000
-2.133436,0.082463,1.203576,0.035408,0.035614,0.997920,0.040416,-0.052569,-0.067063,0.174353,1.071183,-0.489338,-0.042292,-0.122774,-0.017966,-0.291978,0.101332,0.154544,0.034231,0.010881,0.003635,0.276797,0.249195,0.025114,0.764082,1.490687,0.000000,0.000000,0.437564,-0.560361,-0.132546,0.962985,0.195085,0.000000,0.000000
-2.137217,0.082298,1.201227,0.036849,0.034254,0.997911,0.040531,-0.061821,-0.060621,0.178687,1.107736,-0.449754,-0.041950,-0.123930,-0.018154,-0.286028,0.117589,0.135205,0.032865,0.008782,0.003595,0.281274,0.248876,0.028707,0.775395,1.491397,0.000000,0.000000,0.432056,-0.558528,-0.124668,0.964471,0.195749,0.000000,0.000000
-2.141060,0.081898,1.198867,0.038735,0.034329,0.997746,0.042716,-0.071033,-0.056614,0.185871,1.143907,-0.405780,-0.042881,-0.124960,-0.021319,-0.278087,0.136420,0.111505,0.030358,0.008807,0.003458,0.286641,0.245941,0.031921,0.788248,1.490080,0.000000,0.000000,0.427243,-0.559364,-0.117206,0.964936,0.196045,0.000000,0.000000
-2.144607,0.081417,1.196565,0.041094,0.034482,0.997519,0.045576,-0.079701,-0.053939,0.193940,1.177681,-0.354367,-0.044194,-0.125963,-0.025207,-0.269110,0.156745,0.087634,0.027531,0.010481,0.003344,0.292730,0.242158,0.034483,0.800943,1.487357,0.000000,0.000000,0.423761,-0.561674,-0.107367,0.964432,0.197906,0.000000,0.000000
-2.148154,0.081259,1.194490,0.043376,0.034413,0.997295,0.048347,-0.088261,-0.050559,0.200146,1.208348,-0.299987,-0.044580,-0.126974,-0.028583,-0.263707,0.177482,0.066234,0.025614,0.014511,0.003213,0.298224,0.239832,0.034553,0.813771,1.484890,0.000000,0.000000,0.420995,-0.562727,-0.099134,0.963523,0.199418,0.000000,0.000000
-2.151564,0.081336,1.192585,0.045627,0.033776,0.997090,0.050873,-0.096627,-0.045907,0.205777,1.236619,-0.242637,-0.044183,-0.127700,-0.030862,-0.260136,0.197121,0.047296,0.024382,0.018215,0.003042,0.303296,0.238375,0.033466,0.825919,1.482431,0.000000,0.000000,0.418338,-0.563034,-0.089582,0.961958,0.203708,0.000000,0.000000
-2.154839,0.081434,1.190942,0.047896,0.033471,0.996856,0.053509,-0.104954,-0.042234,0.209581,1.261436,-0.192494,-0.043498,-0.128129,-0.033202,-0.257365,0.215083,0.032796,0.023325,0.023380,0.002833,0.307373,0.237321,0.031656,0.838648,1.481130,0.000000,0.000000,0.416266,-0.562826,-0.081636,0.959663,0.206992,0.000000,0.000000
-2.158177,0.081990,1.189561,0.049930,0.033485,0.996560,0.057040,-0.113405,-0.038513,0.213293,1.284938,-0.146918,-0.042678,-0.128395,-0.035332,-0.251156,0.231602,0.020244,0.021719,0.029667,0.002591,0.310671,0.235921,0.029431,0.852050,1.479763,0.000000,0.000000,0.414081,-0.563906,-0.070421,0.957069,0.206864,0.000000,0.000000
-2.161515,0.083273,1.188471,0.051985,0.033718,0.996218,0.060919,-0.121154,-0.033308,0.218984,1.306314,-0.113832,-0.041971,-0.128321,-0.036423,-0.243640,0.246182,0.009765,0.020149,0.036133,0.002372,0.313018,0.235639,0.027325,0.864907,1.478681,0.000000,0.000000,0.411630,-0.565183,-0.060224,0.954095,0.206003,0.000000,0.000000
-2.166102,0.085045,1.188200,0.053805,0.034037,0.995853,0.064992,-0.127088,-0.026842,0.224481,1.325082,-0.091530,-0.040940,-0.126785,-0.036834,-0.235752,0.258826,0.000594,0.018702,0.041845,0.002150,0.316530,0.233488,0.025723,0.877467,1.476260,0.000000,0.000000,0.408480,-0.564782,-0.050956,0.951030,0.208158,0.000000,0.000000
-2.170366,0.087825,1.188207,0.055818,0.033875,0.995465,0.069177,-0.132929,-0.016625,0.229866,1.343081,-0.079460,-0.039050,-0.124145,-0.035121,-0.225803,0.270430,-0.009473,0.017425,0.048028,0.001909,0.320015,0.232199,0.024219,0.890546,1.475374,0.000000,0.000000,0.405176,-0.564864,-0.037925,0.947244,0.209511,0.000000,0.000000
-2.174475,0.091180,1.188438,0.058107,0.033494,0.995029,0.073610,-0.138548,-0.003417,0.235007,1.360196,-0.080244,-0.036608,-0.120523,-0.031700,-0.215166,0.280931,-0.020281,0.016443,0.054446,0.001701,0.323708,0.231698,0.022095,0.903841,1.474665,0.000000,0.000000,0.401248,-0.564676,-0.023730,0.943510,0.210944,0.000000,0.000000
-2.178772,0.094374,1.188815,0.059928,0.033076,0.994544,0.078718,-0.144268,0.009959,0.238490,1.375344,-0.090068,-0.034077,-0.116388,-0.027521,-0.204397,0.289576,-0.031124,0.015582,0.061675,0.001435,0.327137,0.231922,0.021026,0.916187,1.474861,0.000000,0.000000,0.396959,-0.564351,-0.008669,0.939415,0.209821,0.000000,0.000000
-2.182800,0.096908,1.189245,0.061933,0.032544,0.994037,0.083634,-0.150028,0.022059,0.240811,1.388936,-0.101883,-0.031835,-0.111919,-0.023647,-0.194467,0.297041,-0.041862,0.014761,0.069337,0.001130,0.331147,0.233044,0.018932,0.927510,1.474666,0.000000,0.000000,0.392397,-0.563658,0.005497,0.935018,0.208698,0.000000,0.000000
-2.186578,0.098797,1.189720,0.063826,0.032258,0.993482,0.088765,-0.155648,0.031488,0.243133,1.399968,-0.110844,-0.030333,-0.107651,-0.020879,-0.185699,0.303170,-0.051678,0.013842,0.077175,0.000803,0.334762,0.233904,0.016008,0.937014,1.474488,0.000000,0.000000,0.388202,-0.563691,0.019760,0.929717,0.206770,0.000000,0.000000
-2.190085,0.100034,1.190248,0.065597,0.032186,0.992955,0.093279,-0.161737,0.038842,0.245464,1.408445,-0.117447,-0.029425,-0.103463,-0.019185,-0.178008,0.308728,-0.060774,0.012832,0.085670,0.000473,0.338506,0.235117,0.011897,0.944935,1.475224,0.000000,0.000000,0.384759,-0.563311,0.032122,0.923376,0.204695,0.000000,0.000000
-2.193427,0.100767,1.190861,0.067201,0.032295,0.992410,0.097791,-0.167855,0.043785,0.247566,1.413598,-0.121630,-0.029084,-0.099730,-0.018572,-0.170835,0.313426,-0.068568,0.011636,0.093902,0.000118,0.342217,0.235510,0.007677,0.950821,1.475559,0.000000,0.000000,0.382429,-0.562960,0.042800,0.915585,0.203693,0.000000,0.000000
-2.196092,0.101299,1.191255,0.068840,0.032198,0.991824,0.102520,-0.175500,0.048447,0.250068,1.417679,-0.125028,-0.029007,-0.096064,-0.017951,-0.162010,0.318125,-0.076776,0.010143,0.104038,-0.000267,0.346306,0.236025,0.001801,0.956545,1.475241,0.000000,0.000000,0.381154,-0.562092,0.053856,0.904773,0.204086,0.000000,0.000000
-2.198744,0.101702,1.191767,0.070341,0.032235,0.991285,0.106617,-0.182980,0.052221,0.252191,1.418231,-0.128119,-0.029086,-0.092950,-0.017760,-0.153624,0.322852,-0.083449,0.008637,0.113256,-0.000666,0.349875,0.237133,-0.003705,0.960111,1.475166,0.000000,0.000000,0.380848,-0.563072,0.064457,0.892211,0.203589,0.000000,0.000000
-2.201448,0.102103,1.192307,0.071671,0.032386,0.990788,0.110243,-0.189912,0.055169,0.253644,1.415575,-0.130611,-0.029194,-0.090262,-0.017976,-0.146449,0.327315,-0.088869,0.007262,0.121567,-0.000982,0.353105,0.238183,-0.009060,0.962002,1.475428,0.000000,0.000000,0.381460,-0.563652,0.072830,0.879062,0.204615,0.000000,0.000000
-2.204124,0.102704,1.192816,0.072917,0.032339,0.990355,0.113290,-0.197289,0.058917,0.255194,1.409927,-0.134867,-0.029178,-0.087414,-0.017961,-0.139636,0.331889,-0.094368,0.006032,0.130155,-0.001304,0.356555,0.239244,-0.015400,0.963073,1.475697,0.000000,0.000000,0.383476,-0.564475,0.080103,0.863184,0.204143,0.000000,0.000000
-2.206868,0.103587,1.193331,0.073912,0.032179,0.989884,0.116750,-0.204227,0.063484,0.256391,1.402002,-0.138284,-0.028844,-0.084638,-0.017327,-0.132162,0.335616,-0.099225,0.004847,0.137609,-0.001572,0.360041,0.240091,-0.020053,0.963048,1.476732,0.000000,0.000000,0.385994,-0.565947,0.088012,0.845965,0.202724,0.000000,0.000000
-2.209516,0.104723,1.193789,0.074818,0.031983,0.989427,0.120056,-0.211160,0.069337,0.258034,1.391142,-0.144993,-0.028300,-0.081710,-0.016063,-0.125623,0.339007,-0.103655,0.004009,0.144868,-0.001856,0.363450,0.241586,-0.024146,0.962393,1.478896,0.000000,0.000000,0.388454,-0.568573,0.096773,0.827012,0.200343,0.000000,0.000000
-2.212375,0.105821,1.194247,0.075367,0.031699,0.989007,0.123206,-0.217576,0.075351,0.259080,1.378242,-0.150979,-0.027527,-0.078792,-0.014594,-0.119376,0.341151,-0.107371,0.003268,0.151505,-0.002131,0.366381,0.243364,-0.026111,0.960371,1.481298,0.000000,0.000000,0.390941,-0.571741,0.105180,0.807889,0.194203,0.000000,0.000000
-2.215282,0.107050,1.194686,0.075761,0.031404,0.988605,0.126227,-0.223355,0.081551,0.260590,1.363946,-0.155382,-0.026726,-0.075927,-0.013035,-0.113767,0.342109,-0.110687,0.002663,0.156609,-0.002316,0.369495,0.245458,-0.027319,0.957982,1.483801,0.000000,0.000000,0.392971,-0.574365,0.110727,0.789830,0.190270,0.000000,0.000000
-2.218281,0.108448,1.195150,0.076108,0.031246,0.988237,0.128912,-0.229053,0.088690,0.262552,1.346306,-0.158274,-0.025767,-0.072561,-0.011460,-0.108855,0.342433,-0.113725,0.002182,0.162517,-0.002586,0.372586,0.247089,-0.029094,0.955229,1.486469,0.000000,0.000000,0.394878,-0.576569,0.116743,0.770991,0.186536,0.000000,0.000000
-2.221460,0.109563,1.195622,0.076232,0.031165,0.987896,0.131450,-0.233968,0.094500,0.264170,1.327404,-0.160201,-0.024979,-0.069333,-0.010382,-0.104825,0.341826,-0.116045,0.001726,0.168013,-0.002791,0.375213,0.248694,-0.029895,0.952450,1.487742,0.000000,0.000000,0.396507,-0.577592,0.119359,0.754425,0.184938,0.000000,0.000000
-2.224727,0.110736,1.196091,0.076098,0.031004,0.987536,0.134242,-0.238764,0.100665,0.266560,1.304707,-0.161804,-0.024235,-0.065901,-0.009138,-0.100405,0.340455,-0.118179,0.001238,0.172904,-0.002978,0.378092,0.250288,-0.028767,0.948930,1.488317,0.000000,0.000000,0.398292,-0.579609,0.121619,0.736332,0.183210,0.000000,0.000000
-2.227996,0.111758,1.196530,0.075993,0.031045,0.987173,0.136932,-0.242732,0.105582,0.269046,1.281262,-0.161694,-0.023752,-0.062704,-0.008422,-0.097181,0.339051,-0.119678,0.000831,0.177500,-0.003181,0.380349,0.252312,-0.026963,0.944837,1.488016,0.000000,0.000000,0.400212,-0.581617,0.123660,0.719740,0.180461,0.000000,0.000000
-2.231300,0.112514,1.196964,0.075904,0.031052,0.986905,0.138900,-0.246340,0.109451,0.271230,1.254850,-0.160956,-0.023399,-0.059414,-0.008094,-0.094349,0.337481,-0.121362,0.000394,0.182095,-0.003389,0.382657,0.255213,-0.025420,0.940218,1.487453,0.000000,0.000000,0.402336,-0.583204,0.123611,0.703541,0.178680,0.000000,0.000000
-2.234640,0.113334,1.197400,0.075450,0.031077,0.986562,0.141549,-0.249661,0.113286,0.274441,1.224954,-0.158829,-0.023218,-0.056120,-0.007813,-0.091537,0.335616,-0.122925,-0.000054,0.185810,-0.003575,0.384877,0.256893,-0.022050,0.935470,1.484603,0.000000,0.000000,0.404228,-0.584877,0.123422,0.686667,0.178775,0.000000,0.000000
-2.237918,0.113773,1.197786,0.074930,0.031025,0.986306,0.143609,-0.252523,0.115647,0.277184,1.193597,-0.156948,-0.023230,-0.053122,-0.007731,-0.088320,0.333478,-0.124945,-0.000629,0.188995,-0.003711,0.386609,0.258878,-0.019105,0.931417,1.481531,0.000000,0.000000,0.405223,-0.587257,0.122543,0.670549,0.179571,0.000000,0.000000
-2.241229,0.114097,1.198184,0.074551,0.031058,0.986088,0.145284,-0.254719,0.116993,0.279379,1.162572,-0.154280,-0.023294,-0.050323,-0.008016,-0.084377,0.331491,-0.127795,-0.001431,0.191804,-0.003851,0.387641,0.262055,-0.016200,0.927580,1.478987,0.000000,0.000000,0.406736,-0.590524,0.121527,0.655658,0.178950,0.000000,0.000000
-2.244736,0.114526,1.198560,0.073815,0.031036,0.985858,0.147216,-0.256584,0.118544,0.283198,1.127321,-0.150064,-0.023605,-0.047482,-0.008314,-0.081647,0.329555,-0.130695,-0.002014,0.193975,-0.003984,0.388671,0.264135,-0.012181,0.923838,1.476266,0.000000,0.000000,0.408324,-0.592845,0.119318,0.640189,0.180128,0.000000,0.000000
-2.248333,0.114714,1.198888,0.073068,0.031056,0.985665,0.148869,-0.257908,0.119142,0.286856,1.092376,-0.143471,-0.024084,-0.045018,-0.008918,-0.080371,0.328030,-0.133200,-0.002418,0.196000,-0.004064,0.389223,0.266066,-0.008828,0.920921,1.473827,0.000000,0.000000,0.410049,-0.593356,0.115911,0.627255,0.184105,0.000000,0.000000
-2.251783,0.115310,1.199169,0.072376,0.030989,0.985459,0.150570,-0.258579,0.120489,0.292276,1.054948,-0.134208,-0.024703,-0.042640,-0.009128,-0.078678,0.326993,-0.135803,-0.002785,0.197284,-0.004134,0.389585,0.266969,-0.005403,0.919258,1.471443,0.000000,0.000000,0.411062,-0.594706,0.113690,0.614427,0.189345,0.000000,0.000000
-2.255306,0.115637,1.199400,0.071569,0.030847,0.985296,0.152044,-0.258816,0.121248,0.297640,1.015900,-0.122961,-0.025402,-0.040473,-0.009338,-0.077348,0.326418,-0.138396,-0.003086,0.198618,-0.004264,0.389044,0.267712,-0.003058,0.918586,1.468423,0.000000,0.000000,0.411613,-0.596323,0.111249,0.602441,0.194651,0.000000,0.000000
-2.258868,0.115807,1.199569,0.070630,0.030744,0.985150,0.153448,-0.258492,0.121242,0.303285,0.975650,-0.109168,-0.026326,-0.038601,-0.009754,-0.076347,0.326209,-0.141259,-0.003386,0.199560,-0.004354,0.387762,0.268180,-0.000470,0.918570,1.464808,0.000000,0.000000,0.411926,-0.597494,0.108137,0.591839,0.200794,0.000000,0.000000
-2.262418,0.115946,1.199690,0.069632,0.030661,0.985003,0.154857,-0.257715,0.120864,0.309351,0.934322,-0.093722,-0.027385,-0.037002,-0.010299,-0.075617,0.326426,-0.144580,-0.003669,0.200377,-0.004362,0.385528,0.269576,0.003380,0.918674,1.463294,0.000000,0.000000,0.412224,-0.599257,0.105138,0.581692,0.205648,0.000000,0.000000
-2.266023,0.116105,1.199750,0.068534,0.030581,0.984867,0.156220,-0.256447,0.120270,0.315896,0.892199,-0.075264,-0.028572,-0.035619,-0.010878,-0.074848,0.327162,-0.147987,-0.003969,0.200769,-0.004432,0.382910,0.271307,0.008169,0.918539,1.463478,0.000000,0.000000,0.412323,-0.601208,0.102507,0.572021,0.208504,0.000000,0.000000
-2.269678,0.116098,1.199738,0.067198,0.030324,0.984795,0.157301,-0.254997,0.119356,0.322187,0.851346,-0.054978,-0.029810,-0.034583,-0.011357,-0.074237,0.327914,-0.151871,-0.004210,0.200960,-0.004465,0.379895,0.272025,0.012868,0.918973,1.464338,0.000000,0.000000,0.412458,-0.602644,0.099896,0.563548,0.208609,0.000000,0.000000
-2.273267,0.115870,1.199587,0.065916,0.029916,0.984741,0.158259,-0.253051,0.117832,0.329185,0.805944,-0.031552,-0.031288,-0.033706,-0.011891,-0.074034,0.329308,-0.156362,-0.004396,0.200679,-0.004503,0.376714,0.272093,0.016035,0.920482,1.462339,0.000000,0.000000,0.412446,-0.603921,0.096614,0.555452,0.208622,0.000000,0.000000
-2.276782,0.115557,1.199329,0.064646,0.029584,0.984709,0.159042,-0.250890,0.115844,0.335771,0.763031,-0.008591,-0.032811,-0.033182,-0.012554,-0.073860,0.331043,-0.160942,-0.004612,0.199897,-0.004517,0.373123,0.273281,0.018802,0.921782,1.460505,0.000000,0.000000,0.411885,-0.605638,0.094195,0.549126,0.209217,0.000000,0.000000
-2.280350,0.115050,1.198984,0.063432,0.029328,0.984695,0.159659,-0.247989,0.112788,0.342248,0.715597,0.016528,-0.034463,-0.032851,-0.013624,-0.074181,0.333650,-0.165837,-0.004845,0.198935,-0.004475,0.368666,0.274790,0.022655,0.923184,1.460116,0.000000,0.000000,0.410698,-0.605801,0.091197,0.544283,0.210998,0.000000,0.000000
-2.284050,0.114615,1.198562,0.062173,0.028211,0.984754,0.159995,-0.244721,0.110908,0.346515,0.671341,0.040370,-0.035236,-0.032582,-0.013749,-0.074008,0.336411,-0.171478,-0.004909,0.196901,-0.004448,0.365097,0.275434,0.025475,0.925160,1.458854,0.000000,0.000000,0.409031,-0.605137,0.089581,0.541536,0.212737,0.000000,0.000000
-2.287768,0.114073,1.197950,0.061412,0.026484,0.984919,0.159564,-0.240772,0.109604,0.348736,0.626365,0.064433,-0.035317,-0.031952,-0.013112,-0.075241,0.340341,-0.177582,-0.004521,0.193708,-0.004356,0.361849,0.276508,0.027263,0.927818,1.456303,0.000000,0.000000,0.406959,-0.603381,0.089130,0.539978,0.213535,0.000000,0.000000
-2.291556,0.113413,1.197233,0.060699,0.024715,0.985131,0.158815,-0.236366,0.108203,0.349974,0.581317,0.088074,-0.035185,-0.031144,-0.012402,-0.077581,0.344918,-0.183849,-0.003927,0.189585,-0.004252,0.358130,0.278368,0.028596,0.930281,1.453343,0.000000,0.000000,0.404449,-0.602022,0.089128,0.539217,0.213639,0.000000,0.000000
-2.295405,0.112551,1.196436,0.059903,0.023210,0.985383,0.157778,-0.231814,0.105917,0.349959,0.536203,0.109773,-0.034991,-0.030338,-0.012096,-0.080894,0.349372,-0.191182,-0.003280,0.185536,-0.004176,0.354128,0.280886,0.029413,0.932389,1.450871,0.000000,0.000000,0.401694,-0.600684,0.089431,0.538924,0.211508,0.000000,0.000000
-2.299420,0.111774,1.195540,0.059118,0.021624,0.985669,0.156505,-0.226739,0.103285,0.349701,0.489294,0.131778,-0.034749,-0.029393,-0.011786,-0.084453,0.354748,-0.198159,-0.002585,0.180243,-0.004091,0.350031,0.282792,0.030992,0.934728,1.449454,0.000000,0.000000,0.398723,-0.597893,0.089065,0.539939,0.208406,0.000000,0.000000
-2.303604,0.110839,1.194624,0.058308,0.020206,0.985896,0.155566,-0.221878,0.100563,0.349095,0.447702,0.149901,-0.034539,-0.028521,-0.012031,-0.088191,0.359417,-0.205542,-0.002009,0.175497,-0.003967,0.346246,0.284042,0.032219,0.936524,1.448354,0.000000,0.000000,0.395884,-0.594932,0.088470,0.542232,0.205566,0.000000,0.000000
-2.307914,0.110097,1.193618,0.057601,0.018543,0.986179,0.154237,-0.216700,0.098127,0.348934,0.406686,0.167218,-0.034324,-0.027490,-0.012064,-0.092308,0.364971,-0.212870,-0.001308,0.170177,-0.003847,0.342540,0.285397,0.032998,0.938370,1.447723,0.000000,0.000000,0.392788,-0.591394,0.087209,0.545507,0.202557,0.000000,0.000000
-2.312240,0.109422,1.192610,0.056907,0.017034,0.986451,0.152923,-0.211312,0.095692,0.348830,0.366905,0.184377,-0.034135,-0.026478,-0.012111,-0.096062,0.370903,-0.220893,-0.000674,0.164688,-0.003689,0.338721,0.287203,0.033736,0.939218,1.448527,0.000000,0.000000,0.389802,-0.587698,0.086427,0.549948,0.198959,0.000000,0.000000
-2.316567,0.108889,1.191563,0.056402,0.015452,0.986733,0.151454,-0.205741,0.093598,0.349162,0.328969,0.201026,-0.033971,-0.025413,-0.012010,-0.099869,0.377771,-0.228383,0.000016,0.158903,-0.003547,0.335014,0.288403,0.034868,0.940480,1.449718,0.000000,0.000000,0.387083,-0.582678,0.085110,0.555313,0.194947,0.000000,0.000000
-2.320790,0.108465,1.190379,0.056069,0.013746,0.987010,0.149926,-0.200365,0.092005,0.349886,0.295519,0.216797,-0.033873,-0.024405,-0.011491,-0.103164,0.385058,-0.234950,0.000734,0.153142,-0.003399,0.332204,0.289570,0.033728,0.941757,1.449166,0.000000,0.000000,0.384164,-0.578174,0.085212,0.561203,0.192470,0.000000,0.000000
-2.325087,0.108052,1.189115,0.055533,0.011878,0.987305,0.148335,-0.194493,0.090621,0.351076,0.260450,0.234302,-0.033779,-0.023468,-0.010569,-0.106520,0.393475,-0.242599,0.001573,0.146351,-0.003239,0.328729,0.291230,0.032449,0.943026,1.446808,0.000000,0.000000,0.380403,-0.573577,0.084754,0.568451,0.190917,0.000000,0.000000
-2.329294,0.107666,1.187774,0.055123,0.010132,0.987585,0.146749,-0.189105,0.089468,0.352293,0.230164,0.249982,-0.033747,-0.022784,-0.009664,-0.109097,0.401694,-0.250345,0.002271,0.140033,-0.003062,0.325584,0.293885,0.030497,0.943955,1.447210,0.000000,0.000000,0.376339,-0.569488,0.084834,0.576182,0.189908,0.000000,0.000000
-2.333538,0.107237,1.186367,0.054558,0.008436,0.987854,0.145246,-0.183602,0.088341,0.353569,0.200617,0.266372,-0.033757,-0.022388,-0.008834,-0.111892,0.410796,-0.258581,0.002985,0.133956,-0.002866,0.321504,0.297111,0.029597,0.944358,1.449773,0.000000,0.000000,0.372322,-0.564617,0.084105,0.585002,0.188273,0.000000,0.000000
-2.337755,0.106802,1.184910,0.053928,0.006721,0.988078,0.144043,-0.178113,0.087441,0.355125,0.172424,0.282317,-0.033789,-0.022368,-0.007958,-0.113961,0.420745,-0.266740,0.003591,0.127429,-0.002713,0.318194,0.298303,0.028987,0.944121,1.451316,0.000000,0.000000,0.368115,-0.558869,0.084225,0.594878,0.186274,0.000000,0.000000
-2.341853,0.106218,1.183358,0.053584,0.005246,0.988270,0.142912,-0.172520,0.086327,0.356422,0.146194,0.298199,-0.033895,-0.022674,-0.007495,-0.115783,0.431920,-0.274832,0.004049,0.121123,-0.002570,0.315505,0.298076,0.025940,0.945098,1.449123,0.000000,0.000000,0.364242,-0.552754,0.084300,0.605624,0.184481,0.000000,0.000000
-2.345851,0.105648,1.181660,0.053143,0.003809,0.988467,0.141756,-0.167037,0.085214,0.357688,0.121262,0.312950,-0.034026,-0.023360,-0.007176,-0.117467,0.443981,-0.283507,0.004455,0.115132,-0.002392,0.312129,0.299650,0.023827,0.944503,1.448816,0.000000,0.000000,0.360205,-0.547603,0.084092,0.616771,0.181864,0.000000,0.000000
-2.349652,0.105161,1.179775,0.052476,0.002811,0.988587,0.141190,-0.162210,0.083966,0.358461,0.099449,0.325643,-0.034151,-0.024407,-0.006918,-0.117598,0.455670,-0.292508,0.004565,0.109797,-0.002280,0.308504,0.301290,0.022757,0.943457,1.449399,0.000000,0.000000,0.355613,-0.543672,0.085406,0.627574,0.181182,0.000000,0.000000
-2.353356,0.104574,1.177700,0.052174,0.001466,0.988687,0.140620,-0.156999,0.082866,0.359604,0.077758,0.338859,-0.034294,-0.025511,-0.006407,-0.117555,0.470205,-0.302746,0.004731,0.103755,-0.002107,0.305081,0.302787,0.021571,0.942681,1.448666,0.000000,0.000000,0.350623,-0.539203,0.085611,0.640235,0.180922,0.000000,0.000000
-2.357024,0.104311,1.175572,0.051375,0.000568,0.988876,0.139590,-0.152484,0.081490,0.360117,0.058043,0.348987,-0.034395,-0.026868,-0.005398,-0.117062,0.483913,-0.321818,0.004917,0.098466,-0.001938,0.300608,0.304665,0.019135,0.941700,1.445563,0.000000,0.000000,0.346051,-0.534421,0.084022,0.652623,0.182254,0.000000,0.000000
-2.360984,0.103860,1.173460,0.050681,-0.000694,0.988944,0.139360,-0.148472,0.080831,0.361263,0.042507,0.356760,-0.034483,-0.028448,-0.004538,-0.115963,0.497914,-0.336730,0.004950,0.093674,-0.001808,0.296834,0.304673,0.017652,0.940933,1.442770,0.000000,0.000000,0.342458,-0.530079,0.083624,0.663519,0.182056,0.000000,0.000000
-2.364700,0.103403,1.171283,0.050641,-0.002129,0.989003,0.138939,-0.144234,0.080676,0.363126,0.028995,0.363050,-0.034590,-0.030157,-0.003651,-0.114889,0.513251,-0.352094,0.005001,0.088936,-0.001652,0.293019,0.304676,0.015060,0.940403,1.439716,0.000000,0.000000,0.339278,-0.524688,0.083939,0.675676,0.184092,0.000000,0.000000
-2.368563,0.103052,1.168934,0.050427,-0.003686,0.989083,0.138412,-0.140043,0.080992,0.365585,0.017405,0.368961,-0.034705,-0.031879,-0.002573,-0.113870,0.529368,-0.366090,0.005128,0.084779,-0.001489,0.289484,0.306239,0.013098,0.938533,1.437979,0.000000,0.000000,0.336362,-0.519494,0.083375,0.688152,0.184780,0.000000,0.000000
-2.372556,0.102764,1.166475,0.050068,-0.005248,0.989150,0.138016,-0.136050,0.081679,0.368445,0.007844,0.375341,-0.034836,-0.033559,-0.001345,-0.112397,0.545934,-0.379087,0.005226,0.080900,-0.001338,0.286264,0.308038,0.011870,0.936026,1.437079,0.000000,0.000000,0.333767,-0.513773,0.081646,0.700574,0.185553,0.000000,0.000000
-2.376654,0.102414,1.163933,0.049815,-0.006600,0.989167,0.137923,-0.132123,0.082517,0.371449,0.000329,0.382376,-0.035025,-0.035226,-0.000438,-0.110114,0.563275,-0.388502,0.005111,0.077551,-0.001217,0.282887,0.309271,0.010145,0.933952,1.436210,0.000000,0.000000,0.331680,-0.507628,0.079611,0.713160,0.186580,0.000000,0.000000
-2.380743,0.101987,1.161288,0.049462,-0.007851,0.989139,0.138186,-0.127992,0.083401,0.374624,-0.006259,0.390967,-0.035299,-0.037195,0.000220,-0.107371,0.581759,-0.398482,0.004864,0.074471,-0.001083,0.279760,0.309870,0.008385,0.931264,1.434813,0.000000,0.000000,0.329521,-0.499425,0.076201,0.727509,0.192296,0.000000,0.000000
-2.384667,0.101426,1.158427,0.049087,-0.008742,0.989036,0.139006,-0.124710,0.083810,0.376755,-0.010708,0.399116,-0.035585,-0.039159,0.000436,-0.104103,0.596955,-0.406098,0.004386,0.072990,-0.001070,0.276836,0.310647,0.006736,0.928868,1.433777,0.000000,0.000000,0.328080,-0.495694,0.076207,0.738916,0.189568,0.000000,0.000000
-2.388508,0.100753,1.155383,0.048785,-0.009560,0.988913,0.139928,-0.120909,0.084033,0.378867,-0.014969,0.408896,-0.035970,-0.041759,0.000326,-0.100517,0.614873,-0.417605,0.003770,0.071580,-0.001024,0.273277,0.311364,0.004943,0.926083,1.432431,0.000000,0.000000,0.326343,-0.490416,0.074454,0.752575,0.187537,0.000000,0.000000
-2.392325,0.099889,1.152172,0.048351,-0.010160,0.988745,0.141214,-0.117191,0.083737,0.380251,-0.017450,0.418252,-0.036393,-0.044768,-0.000172,-0.095989,0.633151,-0.429275,0.002875,0.070639,-0.001005,0.269154,0.311621,0.003080,0.923572,1.431579,0.000000,0.000000,0.324152,-0.485658,0.074191,0.766606,0.186225,0.000000,0.000000
-2.396235,0.098972,1.148819,0.047658,-0.010820,0.988576,0.142582,-0.113877,0.083371,0.381344,-0.017450,0.426134,-0.036799,-0.047919,-0.000851,-0.091793,0.650316,-0.439455,0.001981,0.069694,-0.000978,0.265463,0.311472,0.002405,0.921350,1.430859,0.000000,0.000000,0.321835,-0.480984,0.073633,0.779480,0.185168,0.000000,0.000000
-2.399966,0.097900,1.145260,0.047088,-0.011112,0.988362,0.144220,-0.110101,0.082356,0.381769,-0.017450,0.434285,-0.037295,-0.052015,-0.002098,-0.086447,0.670903,-0.449848,0.000734,0.069016,-0.000935,0.261522,0.311273,0.000811,0.918561,1.428965,0.000000,0.000000,0.318860,-0.476056,0.073774,0.794572,0.185133,0.000000,0.000000
-2.403669,0.096826,1.141606,0.046473,-0.011291,0.988156,0.145812,-0.106407,0.080960,0.381646,-0.017450,0.441474,-0.037786,-0.056451,-0.003653,-0.080845,0.691742,-0.459892,-0.000640,0.068535,-0.000888,0.257875,0.310350,-0.000140,0.916620,1.427188,0.000000,0.000000,0.315496,-0.469318,0.072621,0.810016,0.190504,0.000000,0.000000
-2.407274,0.095707,1.137805,0.045683,-0.011741,0.987956,0.147368,-0.103256,0.079759,0.381538,-0.017450,0.446735,-0.038198,-0.060804,-0.004816,-0.075460,0.710940,-0.468612,-0.001884,0.068272,-0.000900,0.253817,0.310094,-0.000502,0.915042,1.425981,0.000000,0.000000,0.312731,-0.465794,0.073442,0.824045,0.185240,0.000000,0.000000
-2.410764,0.094720,1.133936,0.045062,-0.011951,0.987735,0.149018,-0.099494,0.078199,0.381225,-0.017450,0.452653,-0.038693,-0.066380,-0.006120,-0.068189,0.735205,-0.478656,-0.003494,0.067035,-0.000823,0.249619,0.309258,-0.000168,0.913021,1.423807,0.000000,0.000000,0.308324,-0.459355,0.073635,0.841544,0.188229,0.000000,0.000000
-2.414170,0.093626,1.129972,0.044256,-0.012129,0.987500,0.150791,-0.096507,0.076703,0.380614,-0.017450,0.457465,-0.039100,-0.071551,-0.007142,-0.061351,0.756406,-0.487530,-0.004974,0.066332,-0.000807,0.245577,0.308666,0.000106,0.911567,1.422253,0.000000,0.000000,0.304347,-0.454485,0.075160,0.855710,0.190300,0.000000,0.000000
-2.417405,0.092385,1.125854,0.044038,-0.012657,0.987286,0.152206,-0.093160,0.075291,0.379625,-0.017450,0.462017,-0.039405,-0.077196,-0.008088,-0.054217,0.780783,-0.496673,-0.006489,0.065097,-0.000791,0.241913,0.308509,-0.000570,0.910308,1.419316,0.000000,0.000000,0.300062,-0.449888,0.077502,0.872827,0.190197,0.000000,0.000000
-2.421077,0.091358,1.121675,0.042972,-0.013825,0.987154,0.153265,-0.089946,0.075036,0.376926,-0.016339,0.465347,-0.038964,-0.082718,-0.008028,-0.048095,0.804189,-0.504851,-0.007551,0.062923,-0.000706,0.238845,0.308120,0.001762,0.908534,1.417512,0.000000,0.000000,0.295949,-0.443809,0.077401,0.889033,0.189701,0.000000,0.000000
-2.424464,0.090208,1.117352,0.042655,-0.015091,0.987065,0.153806,-0.086649,0.075218,0.372786,-0.012373,0.469133,-0.038123,-0.087846,-0.007653,-0.043071,0.827897,-0.512588,-0.008340,0.060051,-0.000623,0.236012,0.308508,0.002752,0.906739,1.415610,0.000000,0.000000,0.292346,-0.438896,0.079955,0.903912,0.186340,0.000000,0.000000
-2.427811,0.088966,1.112873,0.042564,-0.016257,0.987004,0.154103,-0.082907,0.075304,0.366548,-0.006535,0.473529,-0.036941,-0.092942,-0.007427,-0.038824,0.853575,-0.519823,-0.009034,0.056876,-0.000565,0.232701,0.309529,0.002530,0.905692,1.412748,0.000000,0.000000,0.289239,-0.435347,0.084960,0.920752,0.177407,0.000000,0.000000
-2.431450,0.087656,1.108349,0.042086,-0.017407,0.986994,0.154171,-0.079310,0.075024,0.360015,-0.000302,0.476922,-0.035811,-0.097718,-0.007616,-0.035704,0.877820,-0.528290,-0.009639,0.052599,-0.000445,0.229854,0.310124,0.002814,0.905167,1.409903,0.000000,0.000000,0.285582,-0.430795,0.088071,0.936530,0.172444,0.000000,0.000000
-2.435215,0.086317,1.103715,0.041685,-0.018472,0.987043,0.153839,-0.075817,0.074420,0.353518,0.006565,0.482234,-0.034818,-0.102229,-0.008299,-0.033870,0.901638,-0.537121,-0.010141,0.047894,-0.000297,0.226923,0.310685,0.002445,0.904840,1.407416,0.000000,0.000000,0.282120,-0.426413,0.091300,0.951255,0.168666,0.000000,0.000000
-2.439243,0.084819,1.098960,0.041482,-0.019509,0.987172,0.152938,-0.072618,0.073367,0.350205,0.014827,0.481886,-0.034586,-0.106450,-0.009870,-0.033825,0.925916,-0.545692,-0.010538,0.042846,-0.000158,0.224287,0.310857,0.000922,0.904863,1.404942,0.000000,0.000000,0.279227,-0.421539,0.093281,0.966155,0.167198,0.000000,0.000000
-2.443134,0.082370,1.093715,0.041629,-0.020394,0.987240,0.152340,-0.068564,0.070230,0.339661,0.020598,0.488582,-0.033530,-0.111233,-0.013434,-0.033967,0.953933,-0.546878,-0.011472,0.037538,-0.000005,0.220953,0.309323,-0.000365,0.905922,1.406036,0.000000,0.000000,0.276524,-0.416518,0.093456,0.982099,0.166717,0.000000,0.000000
-2.447091,0.081353,1.088670,0.040881,-0.021251,0.987522,0.150587,-0.064762,0.068492,0.334367,0.021110,0.445911,-0.032504,-0.115896,-0.015692,-0.036985,0.979406,-0.553500,-0.011422,0.030610,0.000198,0.217119,0.308168,-0.001727,0.906377,1.407596,0.000000,0.000000,0.273462,-0.410729,0.092021,0.996480,0.166319,0.000000,0.000000
-2.451555,0.080291,1.083774,0.040860,-0.021907,0.987692,0.149379,-0.060187,0.066904,0.326583,0.024697,0.386962,-0.030502,-0.119271,-0.018614,-0.040849,1.005160,-0.558301,-0.011405,0.024538,0.000402,0.213611,0.306777,-0.003713,0.907727,1.408983,0.000000,0.000000,0.271172,-0.404437,0.089173,1.011383,0.163201,0.000000,0.000000
-2.456157,0.079095,1.078963,0.040623,-0.022671,0.988039,0.147017,-0.056461,0.064801,0.322393,0.031438,0.330419,-0.029295,-0.122014,-0.021510,-0.045139,1.029238,-0.563631,-0.011293,0.018214,0.000543,0.210138,0.305472,-0.005789,0.908465,1.410783,0.000000,0.000000,0.270055,-0.399849,0.086029,1.024868,0.151980,0.000000,0.000000
-2.460446,0.078106,1.074413,0.041133,-0.023204,0.988359,0.144626,-0.052664,0.063246,0.314852,0.038751,0.272111,-0.027289,-0.124449,-0.024362,-0.049043,1.054158,-0.565586,-0.011254,0.011823,0.000810,0.206974,0.304684,-0.010086,0.909969,1.410432,0.000000,0.000000,0.268437,-0.394961,0.084435,1.040102,0.143485,0.000000,0.000000
-2.464808,0.077083,1.070107,0.041491,-0.023605,0.988763,0.141663,-0.049128,0.061935,0.305093,0.045717,0.221028,-0.024897,-0.126994,-0.027751,-0.053525,1.079748,-0.562570,-0.011233,0.004587,0.001046,0.203191,0.303393,-0.013269,0.912563,1.411259,0.000000,0.000000,0.265705,-0.389361,0.080322,1.055464,0.135884,0.000000,0.000000
-2.468965,0.076042,1.066030,0.042156,-0.023907,0.989218,0.138201,-0.045899,0.060758,0.293884,0.052156,0.176146,-0.022354,-0.129684,-0.031555,-0.058312,1.106056,-0.556193,-0.011256,-0.002955,0.001290,0.199916,0.301405,-0.018796,0.915405,1.411804,0.000000,0.000000,0.265139,-0.383544,0.076291,1.068876,0.133150,0.000000,0.000000
-2.473029,0.075224,1.062143,0.043185,-0.024074,0.989822,0.133444,-0.043039,0.059858,0.279752,0.059874,0.136455,-0.019363,-0.132393,-0.035312,-0.063621,1.134210,-0.542772,-0.011123,-0.009528,0.001524,0.195081,0.300266,-0.027905,0.919685,1.412319,0.000000,0.000000,0.265992,-0.378126,0.067450,1.081992,0.130171,0.000000,0.000000
-2.477024,0.074729,1.058575,0.044328,-0.024239,0.990250,0.129818,-0.040693,0.059871,0.264836,0.068785,0.100678,-0.016181,-0.135668,-0.038062,-0.065877,1.161921,-0.523520,-0.011366,-0.017432,0.001802,0.191118,0.298045,-0.033795,0.925325,1.413523,0.000000,0.000000,0.266424,-0.374258,0.063013,1.093923,0.127125,0.000000,0.000000
-2.480914,0.074112,1.055310,0.046348,-0.024352,0.990745,0.125229,-0.038591,0.060030,0.248093,0.081082,0.067798,-0.012823,-0.138949,-0.041486,-0.069188,1.191373,-0.497145,-0.011513,-0.024754,0.002086,0.188257,0.298381,-0.043182,0.936197,1.430400,0.000000,0.000000,0.269426,-0.371295,0.057093,1.108104,0.115540,0.000000,0.000000
-2.484740,0.073219,1.052240,0.048276,-0.024382,0.991260,0.120330,-0.037284,0.059366,0.231210,0.094044,0.038697,-0.009837,-0.142602,-0.045479,-0.073949,1.219850,-0.463176,-0.011438,-0.031603,0.002329,0.184661,0.297309,-0.053550,0.938849,1.442018,0.000000,0.000000,0.271581,-0.368388,0.049021,1.120206,0.106665,0.000000,0.000000
-2.488427,0.072332,1.049462,0.050392,-0.024417,0.991776,0.115090,-0.036533,0.058454,0.215132,0.108178,0.011866,-0.007169,-0.146512,-0.049703,-0.079356,1.247370,-0.424393,-0.011217,-0.037949,0.002574,0.181149,0.295761,-0.061928,0.946436,1.446922,0.000000,0.000000,0.273975,-0.364999,0.039926,1.131864,0.102965,0.000000,0.000000
-2.491916,0.071419,1.046907,0.052763,-0.024618,0.992266,0.109627,-0.036184,0.057470,0.200679,0.124313,-0.013884,-0.004880,-0.150616,-0.053957,-0.085607,1.274552,-0.379802,-0.010712,-0.044829,0.002835,0.177634,0.294637,-0.069868,0.954954,1.450931,0.000000,0.000000,0.278066,-0.360456,0.028878,1.139803,0.106799,0.000000,0.000000
-2.495172,0.070059,1.044594,0.055571,-0.024834,0.992813,0.103040,-0.036086,0.055741,0.188593,0.141302,-0.038046,-0.003245,-0.154514,-0.059414,-0.092687,1.300123,-0.334918,-0.010293,-0.048752,0.003009,0.173375,0.295077,-0.081552,0.963215,1.456169,0.000000,0.000000,0.284783,-0.357096,0.016452,1.149170,0.103030,0.000000,0.000000
-2.498176,0.068684,1.042506,0.058196,-0.025267,0.993281,0.096784,-0.036092,0.054088,0.179243,0.157665,-0.061102,-0.002070,-0.158513,-0.064586,-0.100258,1.323899,-0.285914,-0.009572,-0.052301,0.003177,0.168756,0.294955,-0.092381,0.971992,1.459508,0.000000,0.000000,0.291434,-0.351146,0.001661,1.156119,0.106113,0.000000,0.000000
-2.501141,0.067244,1.040696,0.060157,-0.025802,0.993666,0.091343,-0.036080,0.052470,0.170920,0.171553,-0.082635,-0.001068,-0.162927,-0.069342,-0.106571,1.344636,-0.236783,-0.008957,-0.055269,0.003323,0.164035,0.295287,-0.100195,0.979829,1.463441,0.000000,0.000000,0.298655,-0.345461,-0.009791,1.159232,0.112589,0.000000,0.000000
-2.504019,0.065577,1.039216,0.061991,-0.026531,0.993997,0.086158,-0.035833,0.050955,0.161690,0.184453,-0.102697,0.000104,-0.167280,-0.074377,-0.113196,1.363874,-0.185591,-0.008253,-0.057981,0.003402,0.159140,0.296349,-0.105606,0.987210,1.467498,0.000000,0.000000,0.306247,-0.340056,-0.021139,1.158699,0.125598,0.000000,0.000000
-2.506860,0.063713,1.038144,0.063873,-0.027073,0.994251,0.081563,-0.035194,0.048866,0.148348,0.195286,-0.120823,0.001792,-0.171342,-0.079708,-0.118254,1.381006,-0.136207,-0.007929,-0.059568,0.003447,0.154278,0.296954,-0.111371,0.994396,1.469125,0.000000,0.000000,0.314470,-0.334482,-0.026749,1.158125,0.138436,0.000000,0.000000
-2.510048,0.061597,1.037482,0.065742,-0.027530,0.994458,0.077282,-0.034341,0.046509,0.134024,0.205816,-0.132007,0.003548,-0.174564,-0.085687,-0.122456,1.396388,-0.089745,-0.007943,-0.061381,0.003482,0.150144,0.296621,-0.113879,1.000361,1.468129,0.000000,0.000000,0.321540,-0.328213,-0.032284,1.158076,0.151705,0.000000,0.000000
-2.513212,0.059508,1.037145,0.067736,-0.027682,0.994631,0.073171,-0.033303,0.043727,0.119214,0.215988,-0.135407,0.005261,-0.177361,-0.092171,-0.125355,1.410731,-0.046442,-0.008297,-0.063326,0.003548,0.147235,0.296873,-0.116032,1.008824,1.474081,0.000000,0.000000,0.329565,-0.322432,-0.032923,1.157546,0.162627,0.000000,0.000000
-2.516963,0.057424,1.037117,0.069493,-0.028014,0.994713,0.070232,-0.031715,0.040967,0.108254,0.224670,-0.138886,0.006342,-0.179073,-0.097641,-0.126436,1.423420,-0.014709,-0.008859,-0.063836,0.003492,0.144835,0.297096,-0.117320,1.013223,1.476337,0.000000,0.000000,0.336271,-0.318444,-0.028945,1.157265,0.166714,0.000000,0.000000
-2.519959,0.054723,1.036994,0.071582,-0.028256,0.994800,0.066719,-0.030141,0.036948,0.096990,0.235147,-0.143795,0.007163,-0.181690,-0.104631,-0.127435,1.436738,0.020837,-0.009598,-0.064924,0.003467,0.142034,0.295303,-0.117223,1.012773,1.464795,0.000000,0.000000,0.342995,-0.314050,-0.023031,1.157885,0.171331,0.000000,0.000000
-2.523603,0.052621,1.037370,0.072791,-0.028485,0.994890,0.063911,-0.028592,0.033821,0.089413,0.242651,-0.147594,0.007615,-0.183620,-0.109768,-0.128019,1.447060,0.044528,-0.010097,-0.065800,0.003488,0.141448,0.295690,-0.118727,1.012783,1.461197,0.000000,0.000000,0.347941,-0.310574,-0.016112,1.157411,0.174492,0.000000,0.000000
-2.526805,0.050466,1.037899,0.074499,-0.028703,0.994933,0.061113,-0.026302,0.030414,0.080697,0.250449,-0.152089,0.008196,-0.185919,-0.115424,-0.128321,1.458561,0.070277,-0.010618,-0.067066,0.003561,0.142146,0.296249,-0.119339,1.013821,1.460064,0.000000,0.000000,0.352960,-0.304825,-0.008912,1.157522,0.180314,0.000000,0.000000
-2.529872,0.048276,1.038541,0.075805,-0.028911,0.994979,0.058611,-0.023874,0.027231,0.072143,0.256031,-0.156422,0.008812,-0.188537,-0.120488,-0.128720,1.468336,0.093695,-0.010957,-0.067698,0.003551,0.142416,0.296787,-0.118170,1.013174,1.462456,0.000000,0.000000,0.357228,-0.299680,-0.000180,1.157872,0.180306,0.000000,0.000000
-2.532837,0.046070,1.039226,0.076825,-0.029202,0.995018,0.056435,-0.021226,0.024079,0.063853,0.259994,-0.160805,0.009396,-0.191671,-0.125190,-0.129027,1.477215,0.116487,-0.011155,-0.068672,0.003548,0.143519,0.296875,-0.116255,1.012287,1.464528,0.000000,0.000000,0.362638,-0.294756,0.011637,1.154666,0.180921,0.000000,0.000000
-2.535620,0.043947,1.039931,0.077844,-0.029522,0.995039,0.054469,-0.018589,0.021253,0.056871,0.262863,-0.164323,0.009847,-0.194857,-0.129069,-0.129051,1.484354,0.134379,-0.011282,-0.070193,0.003523,0.144933,0.296537,-0.113496,1.011774,1.463492,0.000000,0.000000,0.365008,-0.290353,0.023217,1.153954,0.179938,0.000000,0.000000
-2.538376,0.042085,1.040716,0.078587,-0.029874,0.995090,0.052226,-0.016093,0.018897,0.051371,0.265046,-0.166582,0.010174,-0.198232,-0.132025,-0.128336,1.489995,0.146166,-0.011447,-0.072251,0.003565,0.147001,0.295934,-0.110926,1.009804,1.461541,0.000000,0.000000,0.367810,-0.285583,0.036666,1.151125,0.178881,0.000000,0.000000
-2.541028,0.040168,1.041592,0.079355,-0.030270,0.995109,0.050435,-0.013627,0.016847,0.046781,0.266765,-0.168385,0.010425,-0.201598,-0.134687,-0.127260,1.494879,0.152703,-0.011722,-0.074482,0.003565,0.149766,0.295478,-0.107467,1.006923,1.458489,0.000000,0.000000,0.370033,-0.281670,0.049415,1.148003,0.176368,0.000000,0.000000
-2.543622,0.038195,1.042464,0.079773,-0.030350,0.995123,0.049454,-0.011310,0.014517,0.042462,0.267805,-0.169762,0.010552,-0.205234,-0.137299,-0.126588,1.498123,0.151739,-0.012034,-0.076419,0.003586,0.152624,0.295175,-0.103642,1.002698,1.455033,0.000000,0.000000,0.371224,-0.278808,0.061440,1.144554,0.172479,0.000000,0.000000
-2.545918,0.036349,1.043041,0.080223,-0.030174,0.995150,0.048275,-0.008203,0.011017,0.037098,0.268272,-0.170646,0.010561,-0.210887,-0.140683,-0.126561,1.502198,0.138789,-0.012433,-0.079886,0.003546,0.158024,0.294797,-0.097629,0.994490,1.449296,0.000000,0.000000,0.372256,-0.277481,0.080600,1.140087,0.160448,0.000000,0.000000
-2.548394,0.034987,1.043918,0.080766,-0.030103,0.995182,0.046737,-0.005927,0.008777,0.033918,0.269167,-0.171126,0.010529,-0.214868,-0.142358,-0.126425,1.503974,0.127779,-0.012707,-0.082518,0.003563,0.162587,0.294022,-0.094315,0.988012,1.444859,0.000000,0.000000,0.372153,-0.276198,0.092578,1.136573,0.154166,0.000000,0.000000
-2.550968,0.033778,1.044686,0.081036,-0.029988,0.995229,0.045318,-0.003607,0.006687,0.031362,0.270015,-0.171613,0.010429,-0.219040,-0.143419,-0.126507,1.504598,0.115760,-0.012883,-0.085543,0.003571,0.167803,0.292659,-0.091710,0.980938,1.439775,0.000000,0.000000,0.371385,-0.274809,0.103333,1.132429,0.150642,0.000000,0.000000
-2.553557,0.032740,1.045408,0.081224,-0.029904,0.995285,0.043778,-0.001259,0.004921,0.029444,0.270662,-0.171859,0.010305,-0.223235,-0.143952,-0.126830,1.504352,0.104533,-0.012941,-0.089080,0.003602,0.173925,0.290158,-0.090432,0.973394,1.433729,0.000000,0.000000,0.369938,-0.273484,0.112341,1.127736,0.149799,0.000000,0.000000
-2.555965,0.031793,1.046061,0.081580,-0.029753,0.995341,0.041903,0.000920,0.003496,0.028367,0.271081,-0.172217,0.010123,-0.226977,-0.144214,-0.127962,1.503629,0.096829,-0.012767,-0.092900,0.003681,0.179800,0.288300,-0.090161,0.965851,1.429330,0.000000,0.000000,0.368034,-0.271834,0.117312,1.122917,0.153879,0.000000,0.000000
-2.558449,0.030863,1.046568,0.081542,-0.029454,0.995425,0.040149,0.003475,0.001679,0.026692,0.270591,-0.172241,0.009936,-0.231504,-0.144480,-0.130075,1.501774,0.090333,-0.012366,-0.097250,0.003754,0.187358,0.286808,-0.089647,0.955172,1.425652,0.000000,0.000000,0.366144,-0.271634,0.122975,1.115605,0.160022,0.000000,0.000000
-2.560790,0.030120,1.047077,0.081711,-0.029269,0.995492,0.038243,0.005669,0.000183,0.024670,0.270204,-0.171996,0.009892,-0.235356,-0.144195,-0.132213,1.498584,0.086976,-0.011822,-0.100546,0.003836,0.193825,0.285965,-0.090458,0.945611,1.423915,0.000000,0.000000,0.364565,-0.272720,0.127882,1.109170,0.164392,0.000000,0.000000
-2.563156,0.029593,1.047553,0.081676,-0.029261,0.995567,0.036321,0.007969,-0.000977,0.022618,0.269765,-0.171851,0.009945,-0.239671,-0.143115,-0.134807,1.493073,0.085365,-0.010990,-0.104475,0.003936,0.200542,0.285384,-0.091282,0.935499,1.423495,0.000000,0.000000,0.362341,-0.274573,0.132552,1.102107,0.169717,0.000000,0.000000
-2.565495,0.029058,1.047930,0.081692,-0.029329,0.995633,0.034360,0.010006,-0.001857,0.020369,0.269704,-0.172113,0.010100,-0.243626,-0.141606,-0.137686,1.486025,0.085419,-0.010011,-0.108089,0.004035,0.206550,0.285206,-0.092574,0.925946,1.424274,0.000000,0.000000,0.359966,-0.276437,0.135303,1.094911,0.175213,0.000000,0.000000
-2.567719,0.028579,1.048199,0.081987,-0.029447,0.995670,0.032451,0.011907,-0.002508,0.018271,0.270465,-0.172474,0.010291,-0.247317,-0.139782,-0.140420,1.477525,0.085869,-0.009015,-0.111376,0.004180,0.212149,0.285557,-0.094503,0.917231,1.425689,0.000000,0.000000,0.357993,-0.279085,0.137192,1.087580,0.180496,0.000000,0.000000
-2.570033,0.028146,1.048372,0.081898,-0.029496,0.995727,0.030833,0.013628,-0.003172,0.016019,0.271107,-0.173173,0.010500,-0.250959,-0.137685,-0.142982,1.467371,0.086726,-0.007995,-0.114465,0.004274,0.217152,0.285906,-0.095992,0.909087,1.426981,0.000000,0.000000,0.355643,-0.281951,0.138021,1.080257,0.186608,0.000000,0.000000
-2.572310,0.027722,1.048417,0.081847,-0.029623,0.995779,0.029129,0.015297,-0.003734,0.014041,0.271681,-0.174266,0.010687,-0.254582,-0.135479,-0.145277,1.455879,0.088019,-0.007016,-0.117703,0.004356,0.222127,0.286041,-0.098315,0.901980,1.428089,0.000000,0.000000,0.353330,-0.285338,0.138971,1.072763,0.193161,0.000000,0.000000
-2.574534,0.027412,1.048381,0.081885,-0.029696,0.995824,0.027345,0.016935,-0.004242,0.011765,0.272209,-0.175700,0.010940,-0.258024,-0.133184,-0.147565,1.443233,0.090275,-0.006024,-0.120721,0.004480,0.226093,0.286870,-0.100504,0.895691,1.430657,0.000000,0.000000,0.351070,-0.289186,0.139656,1.065369,0.199543,0.000000,0.000000
-2.576845,0.027093,1.048260,0.081790,-0.029906,0.995867,0.025774,0.018575,-0.004640,0.009671,0.272872,-0.178010,0.011191,-0.261553,-0.130520,-0.150436,1.427842,0.091432,-0.004842,-0.123736,0.004589,0.230379,0.287520,-0.103329,0.889918,1.432169,0.000000,0.000000,0.348692,-0.293817,0.140307,1.057341,0.206205,0.000000,0.000000
-2.579070,0.026915,1.048106,0.082155,-0.030162,0.995879,0.023793,0.020136,-0.004705,0.007582,0.274599,-0.180294,0.011528,-0.264407,-0.127796,-0.153455,1.412172,0.092469,-0.003635,-0.126475,0.004700,0.234158,0.288888,-0.106862,0.885365,1.434293,0.000000,0.000000,0.346696,-0.298416,0.141247,1.049692,0.212174,0.000000,0.000000
-2.581506,0.026729,1.047897,0.082000,-0.030329,0.995924,0.022186,0.021506,-0.004857,0.005684,0.276159,-0.183170,0.011809,-0.267037,-0.124991,-0.156592,1.395128,0.093223,-0.002384,-0.128759,0.004831,0.236672,0.291169,-0.108396,0.881189,1.438922,0.000000,0.000000,0.344781,-0.303259,0.140619,1.042086,0.215893,0.000000,0.000000
-2.584002,0.026655,1.047664,0.081674,-0.030433,0.995981,0.020599,0.022730,-0.004933,0.003912,0.277575,-0.186251,0.012087,-0.269548,-0.122082,-0.159707,1.376608,0.093558,-0.001112,-0.130672,0.004920,0.238645,0.293168,-0.108591,0.877825,1.444281,0.000000,0.000000,0.343432,-0.307826,0.139409,1.034317,0.218425,0.000000,0.000000
-2.586444,0.026651,1.047358,0.081542,-0.030544,0.996019,0.019087,0.023952,-0.004899,0.002590,0.279199,-0.189679,0.012317,-0.271755,-0.118950,-0.162691,1.357097,0.094556,0.000187,-0.132309,0.004965,0.240778,0.294486,-0.109312,0.875517,1.448764,0.000000,0.000000,0.342379,-0.312224,0.139273,1.026892,0.219890,0.000000,0.000000
-2.588943,0.026702,1.046994,0.081366,-0.030622,0.996055,0.017787,0.025123,-0.004826,0.001438,0.281123,-0.193100,0.012530,-0.273699,-0.115623,-0.165370,1.336212,0.095155,0.001451,-0.133407,0.005016,0.242492,0.295725,-0.110401,0.874452,1.451921,0.000000,0.000000,0.341416,-0.316698,0.138172,1.019295,0.220407,0.000000,0.000000
-2.591398,0.026826,1.046563,0.081344,-0.030556,0.996078,0.016680,0.026308,-0.004898,0.000124,0.283375,-0.196400,0.012732,-0.275308,-0.112191,-0.167832,1.314430,0.096794,0.002690,-0.134035,0.005048,0.243770,0.297166,-0.112003,0.874347,1.454869,0.000000,0.000000,0.340550,-0.320986,0.137429,1.012217,0.222191,0.000000,0.000000
-2.593912,0.026912,1.046067,0.081177,-0.030526,0.996108,0.015750,0.027460,-0.004967,-0.000633,0.285643,-0.199947,0.012840,-0.276657,-0.108678,-0.170455,1.291487,0.099443,0.004003,-0.134070,0.005051,0.244341,0.298616,-0.113011,0.874971,1.457556,0.000000,0.000000,0.339416,-0.325920,0.137482,1.005374,0.222651,0.000000,0.000000
-2.596402,0.027061,1.045531,0.081024,-0.030376,0.996141,0.014701,0.028569,-0.005114,-0.001422,0.288036,-0.203583,0.012932,-0.277717,-0.105169,-0.173226,1.267504,0.103095,0.005358,-0.133507,0.005043,0.244223,0.300117,-0.114194,0.876349,1.460295,0.000000,0.000000,0.338345,-0.330549,0.137563,0.998940,0.221836,0.000000,0.000000
-2.598890,0.027276,1.044935,0.080820,-0.030178,0.996176,0.013796,0.029621,-0.005294,-0.001994,0.290490,-0.207490,0.012977,-0.278529,-0.101474,-0.176090,1.242617,0.107772,0.006793,-0.132612,0.005047,0.243522,0.301628,-0.115237,0.878516,1.462893,0.000000,0.000000,0.337406,-0.334955,0.137175,0.992716,0.220670,0.000000,0.000000
-2.601400,0.027492,1.044325,0.080523,-0.029963,0.996216,0.013128,0.030619,-0.005450,-0.002074,0.292922,-0.211686,0.012946,-0.279023,-0.097725,-0.178868,1.216747,0.113453,0.008222,-0.131481,0.005025,0.242425,0.303124,-0.115825,0.881198,1.464979,0.000000,0.000000,0.336192,-0.339358,0.137662,0.986923,0.219441,0.000000,0.000000
-2.603908,0.027640,1.043696,0.080331,-0.029682,0.996246,0.012650,0.031631,-0.005763,-0.001969,0.295530,-0.216186,0.012844,-0.279167,-0.094143,-0.181801,1.190116,0.120384,0.009647,-0.130183,0.005001,0.240902,0.304321,-0.115689,0.884483,1.467045,0.000000,0.000000,0.334674,-0.343244,0.138413,0.981972,0.218646,0.000000,0.000000
-2.606548,0.027692,1.043060,0.079864,-0.029368,0.996300,0.012098,0.032552,-0.006195,-0.001395,0.297981,-0.220719,0.012630,-0.278973,-0.090881,-0.185186,1.162584,0.128243,0.011104,-0.128863,0.005008,0.238744,0.305476,-0.115437,0.888982,1.468614,0.000000,0.000000,0.333032,-0.346566,0.138507,0.977921,0.218833,0.000000,0.000000
-2.609237,0.027802,1.042446,0.079276,-0.028944,0.996364,0.011635,0.033391,-0.006687,-0.000456,0.300256,-0.225245,0.012339,-0.278489,-0.087799,-0.188654,1.134134,0.136911,0.012541,-0.127538,0.004971,0.236234,0.306317,-0.114467,0.893692,1.470689,0.000000,0.000000,0.331105,-0.349580,0.138818,0.974057,0.218758,0.000000,0.000000
-2.611913,0.027841,1.041822,0.078775,-0.028424,0.996422,0.011374,0.034240,-0.007445,0.000581,0.302574,-0.229954,0.011962,-0.277696,-0.084906,-0.192250,1.105117,0.146618,0.013959,-0.126165,0.004921,0.233924,0.306643,-0.113626,0.898956,1.472673,0.000000,0.000000,0.329119,-0.351873,0.139577,0.970884,0.219914,0.000000,0.000000
-2.614563,0.027929,1.041200,0.078323,-0.027784,0.996481,0.010924,0.035061,-0.008338,0.001726,0.305193,-0.234194,0.011531,-0.276484,-0.082178,-0.196019,1.075499,0.157127,0.015370,-0.124500,0.004866,0.231629,0.307172,-0.113020,0.903747,1.474567,0.000000,0.000000,0.327022,-0.354360,0.140964,0.968584,0.220494,0.000000,0.000000
-2.617291,0.027938,1.040569,0.077673,-0.027110,0.996554,0.010560,0.035819,-0.009459,0.002949,0.307947,-0.238694,0.011030,-0.274926,-0.079477,-0.200394,1.043173,0.168135,0.016894,-0.122190,0.004772,0.228478,0.307835,-0.111618,0.908690,1.476658,0.000000,0.000000,0.324733,-0.358406,0.143849,0.965285,0.215750,0.000000,0.000000
-2.619998,0.028123,1.039923,0.077142,-0.026241,0.996621,0.010376,0.036497,-0.010713,0.004053,0.310576,-0.242935,0.010513,-0.273291,-0.077094,-0.204116,1.013438,0.177742,0.018199,-0.121043,0.004752,0.226534,0.307089,-0.110471,0.913623,1.477864,0.000000,0.000000,0.321627,-0.359327,0.145002,0.963964,0.219403,0.000000,0.000000
-2.622856,0.028163,1.039207,0.076273,-0.025370,0.996713,0.010110,0.037092,-0.012364,0.004985,0.313392,-0.247456,0.009921,-0.271298,-0.074837,-0.209091,0.980292,0.188470,0.019753,-0.119088,0.004694,0.223518,0.307115,-0.107966,0.918464,1.479803,0.000000,0.000000,0.318669,-0.361202,0.145163,0.962739,0.222147,0.000000,0.000000
-2.625633,0.028471,1.038481,0.075344,-0.024430,0.996810,0.009840,0.037495,-0.013925,0.005461,0.315861,-0.252082,0.009431,-0.269224,-0.072419,-0.213963,0.947036,0.198571,0.021323,-0.117253,0.004631,0.220741,0.306864,-0.105767,0.922594,1.481991,0.000000,0.000000,0.315731,-0.362779,0.145692,0.961509,0.223009,0.000000,0.000000
-2.628479,0.028813,1.037712,0.074294,-0.023499,0.996913,0.009644,0.037794,-0.015383,0.006242,0.318355,-0.256864,0.008922,-0.266947,-0.069923,-0.219148,0.913396,0.208089,0.022979,-0.115708,0.004606,0.218264,0.306041,-0.103141,0.926272,1.482783,0.000000,0.000000,0.313001,-0.363966,0.146555,0.960578,0.224020,0.000000,0.000000
-2.631351,0.029202,1.036929,0.073217,-0.022503,0.997017,0.009518,0.038003,-0.016933,0.006577,0.320876,-0.262037,0.008461,-0.264454,-0.067392,-0.224467,0.879135,0.216828,0.024657,-0.114252,0.004533,0.216448,0.303951,-0.101435,0.930174,1.481258,0.000000,0.000000,0.310244,-0.364321,0.147610,0.959750,0.227124,0.000000,0.000000
-2.634206,0.029626,1.036110,0.072215,-0.021462,0.997116,0.009171,0.038135,-0.018449,0.006980,0.323811,-0.267139,0.008002,-0.261627,-0.064968,-0.230474,0.844377,0.224955,0.026443,-0.112713,0.004477,0.214171,0.302753,-0.099684,0.933348,1.480073,0.000000,0.000000,0.307697,-0.365469,0.149849,0.959136,0.229059,0.000000,0.000000
-2.637151,0.030072,1.035283,0.071019,-0.020332,0.997227,0.009050,0.038119,-0.020097,0.007078,0.326806,-0.272496,0.007557,-0.258563,-0.062540,-0.237099,0.809164,0.233589,0.028360,-0.111317,0.004443,0.212081,0.302162,-0.097247,0.935481,1.479716,0.000000,0.000000,0.305047,-0.366949,0.152380,0.958549,0.229644,0.000000,0.000000
-2.640156,0.030525,1.034411,0.069616,-0.019216,0.997350,0.008832,0.037884,-0.021834,0.007343,0.330021,-0.278575,0.007066,-0.255143,-0.059940,-0.244400,0.771489,0.241645,0.030411,-0.109996,0.004402,0.209819,0.301980,-0.093368,0.936694,1.480949,0.000000,0.000000,0.302217,-0.368702,0.154612,0.957671,0.227768,0.000000,0.000000
-2.643020,0.031094,1.033511,0.068616,-0.018021,0.997442,0.008703,0.037649,-0.023447,0.007360,0.333713,-0.284173,0.006650,-0.251698,-0.057629,-0.250330,0.737252,0.246664,0.032038,-0.108945,0.004354,0.208233,0.302006,-0.089454,0.937067,1.483094,0.000000,0.000000,0.299596,-0.370491,0.157601,0.956884,0.226757,0.000000,0.000000
-2.646113,0.031620,1.032537,0.067202,-0.016843,0.997558,0.008796,0.037234,-0.025184,0.007749,0.337820,-0.290629,0.006142,-0.247924,-0.055052,-0.256881,0.700341,0.250521,0.033793,-0.108011,0.004287,0.206963,0.301013,-0.084187,0.937237,1.485427,0.000000,0.000000,0.296986,-0.371995,0.159301,0.955789,0.225715,0.000000,0.000000
-2.649036,0.032229,1.031530,0.066232,-0.015563,0.997644,0.008781,0.036885,-0.026789,0.007989,0.342207,-0.297109,0.005692,-0.244151,-0.052784,-0.262551,0.666774,0.253135,0.035254,-0.106827,0.004242,0.206731,0.298836,-0.082129,0.937919,1.484888,0.000000,0.000000,0.294843,-0.373170,0.161625,0.955173,0.225177,0.000000,0.000000
-2.651805,0.032977,1.030494,0.065953,-0.013979,0.997684,0.008988,0.036760,-0.028756,0.007891,0.347931,-0.303483,0.005203,-0.239803,-0.050884,-0.266906,0.633549,0.255726,0.036221,-0.105357,0.004210,0.207047,0.296479,-0.082105,0.938176,1.484757,0.000000,0.000000,0.292320,-0.374382,0.168416,0.956298,0.227655,0.000000,0.000000
-2.655328,0.033569,1.029282,0.064128,-0.012816,0.997815,0.009358,0.036060,-0.030414,0.009539,0.353472,-0.310974,0.004517,-0.235618,-0.048489,-0.272728,0.598040,0.257916,0.037631,-0.103877,0.004175,0.206093,0.295541,-0.076683,0.937709,1.486433,0.000000,0.000000,0.290600,-0.376345,0.167990,0.955577,0.225788,0.000000,0.000000
-2.658528,0.034290,1.028009,0.062863,-0.011420,0.997909,0.009750,0.035127,-0.031932,0.011386,0.359472,-0.317866,0.003830,-0.231743,-0.046467,-0.277998,0.566577,0.260950,0.038851,-0.102027,0.004133,0.205036,0.295078,-0.071148,0.936462,1.489736,0.000000,0.000000,0.288992,-0.377847,0.167740,0.955114,0.223116,0.000000,0.000000
-2.661527,0.035124,1.026663,0.062147,-0.010026,0.997963,0.010363,0.034174,-0.033307,0.013417,0.366581,-0.324559,0.003149,-0.227712,-0.044617,-0.281412,0.537427,0.263890,0.039593,-0.100344,0.004091,0.205097,0.294398,-0.066415,0.935305,1.492018,0.000000,0.000000,0.287966,-0.379466,0.168363,0.954624,0.221012,0.000000,0.000000
-2.664539,0.035821,1.025191,0.061732,-0.008064,0.997993,0.011609,0.033372,-0.035555,0.016624,0.374934,-0.331864,0.002039,-0.223278,-0.043576,-0.283422,0.508705,0.269072,0.039745,-0.097818,0.003975,0.205919,0.292199,-0.062910,0.934352,1.493390,0.000000,0.000000,0.286861,-0.381683,0.169757,0.954584,0.219043,0.000000,0.000000
-2.667640,0.036599,1.023640,0.061095,-0.006133,0.998031,0.012809,0.032516,-0.038024,0.020414,0.383548,-0.339325,0.000776,-0.218865,-0.042796,-0.284765,0.480652,0.276376,0.039707,-0.094663,0.003851,0.206598,0.288332,-0.059613,0.934060,1.493409,0.000000,0.000000,0.286032,-0.383965,0.170750,0.954978,0.218225,0.000000,0.000000
-2.670757,0.037497,1.021952,0.060279,-0.004059,0.998072,0.014249,0.031578,-0.040388,0.024955,0.391801,-0.346349,-0.000582,-0.214844,-0.042170,-0.285718,0.455134,0.285390,0.039629,-0.091501,0.003754,0.207147,0.285139,-0.056234,0.933143,1.494142,0.000000,0.000000,0.285348,-0.386036,0.169948,0.955424,0.217869,0.000000,0.000000
-2.673735,0.038540,1.020217,0.059594,-0.002082,0.998100,0.015489,0.030571,-0.042492,0.030952,0.400334,-0.356868,-0.002097,-0.210630,-0.041435,-0.286461,0.429268,0.296535,0.039571,-0.088131,0.003674,0.207938,0.281748,-0.052573,0.931985,1.495471,0.000000,0.000000,0.284999,-0.387938,0.168420,0.955976,0.217784,0.000000,0.000000
-2.676886,0.039706,1.018326,0.058810,-0.000320,0.998122,0.017134,0.029295,-0.044395,0.035825,0.410823,-0.363781,-0.003401,-0.206169,-0.040222,-0.286651,0.403366,0.309960,0.039570,-0.084273,0.003583,0.208935,0.278534,-0.048711,0.930372,1.497123,0.000000,0.000000,0.285022,-0.389925,0.167590,0.956455,0.217119,0.000000,0.000000
-2.679737,0.040906,1.016353,0.058393,0.001457,0.998124,0.018334,0.027776,-0.046089,0.040313,0.422220,-0.371191,-0.004598,-0.201432,-0.038921,-0.286778,0.377798,0.324922,0.039611,-0.080015,0.003507,0.209545,0.275545,-0.045546,0.929212,1.498771,0.000000,0.000000,0.285362,-0.391920,0.165747,0.956837,0.216341,0.000000,0.000000
-2.682696,0.042187,1.014213,0.057691,0.003292,0.998137,0.019564,0.025872,-0.047727,0.044792,0.434409,-0.379071,-0.005781,-0.196641,-0.037508,-0.286759,0.352144,0.340976,0.039687,-0.075507,0.003415,0.209806,0.272799,-0.043122,0.927884,1.500837,0.000000,0.000000,0.285328,-0.393892,0.163961,0.957534,0.216134,0.000000,0.000000
-2.685704,0.043576,1.011975,0.056902,0.004932,0.998152,0.020742,0.023591,-0.048895,0.049722,0.447372,-0.387976,-0.006917,-0.191706,-0.035884,-0.286509,0.326634,0.358034,0.039785,-0.071163,0.003321,0.210404,0.270088,-0.040631,0.926385,1.502033,0.000000,0.000000,0.285837,-0.395800,0.161534,0.958277,0.214664,0.000000,0.000000
-2.688449,0.045068,1.009645,0.056517,0.006484,0.998153,0.021325,0.021022,-0.049580,0.054525,0.461728,-0.397679,-0.007915,-0.186515,-0.034284,-0.286356,0.301604,0.374646,0.039914,-0.067230,0.003244,0.210387,0.267413,-0.039217,0.925755,1.504584,0.000000,0.000000,0.286034,-0.397565,0.160154,0.959906,0.213888,0.000000,0.000000
-2.691293,0.046500,1.007140,0.055620,0.008054,0.998182,0.021795,0.017990,-0.050113,0.059096,0.476929,-0.407533,-0.008844,-0.181349,-0.032755,-0.286258,0.276702,0.390461,0.040039,-0.063323,0.003189,0.209881,0.264541,-0.037266,0.925377,1.506456,0.000000,0.000000,0.287129,-0.398895,0.156257,0.960963,0.211907,0.000000,0.000000
-2.693976,0.047902,1.004478,0.054735,0.009930,0.998193,0.022700,0.014641,-0.050910,0.063614,0.492507,-0.418110,-0.009839,-0.176348,-0.031600,-0.286559,0.252032,0.405546,0.040134,-0.059193,0.003074,0.209397,0.261716,-0.035533,0.924570,1.508913,0.000000,0.000000,0.287766,-0.400236,0.152065,0.962308,0.211117,0.000000,0.000000
-2.696728,0.049129,1.001600,0.053622,0.011802,0.998213,0.023605,0.010981,-0.051901,0.068608,0.508290,-0.429046,-0.010962,-0.171540,-0.030782,-0.287207,0.227712,0.419492,0.040203,-0.055026,0.002997,0.208344,0.258645,-0.033083,0.923770,1.511603,0.000000,0.000000,0.288275,-0.401951,0.147287,0.963369,0.210076,0.000000,0.000000
-2.699239,0.050281,0.998590,0.053059,0.013742,0.998207,0.024066,0.007203,-0.053051,0.073314,0.524893,-0.440279,-0.012090,-0.166647,-0.030416,-0.288445,0.204384,0.433168,0.040280,-0.050436,0.002956,0.206806,0.256275,-0.031230,0.923247,1.514365,0.000000,0.000000,0.288893,-0.403302,0.142974,0.966168,0.210493,0.000000,0.000000
-2.702073,0.051481,0.995523,0.051514,0.015281,0.998252,0.024627,0.003029,-0.053810,0.077854,0.541034,-0.451908,-0.013075,-0.161927,-0.029690,-0.289198,0.181161,0.443047,0.040321,-0.046603,0.002894,0.205332,0.254645,-0.029291,0.921795,1.518642,0.000000,0.000000,0.289086,-0.404821,0.138514,0.967623,0.209301,0.000000,0.000000
-2.704854,0.052519,0.992414,0.050240,0.016952,0.998283,0.024882,-0.001169,-0.054595,0.081844,0.557035,-0.464326,-0.013971,-0.157218,-0.029367,-0.290467,0.159634,0.450468,0.040332,-0.042721,0.002826,0.203516,0.252188,-0.027960,0.920994,1.522272,0.000000,0.000000,0.289497,-0.406123,0.134076,0.969066,0.207069,0.000000,0.000000
-2.707679,0.053410,0.989246,0.049223,0.018681,0.998291,0.025374,-0.005114,-0.055663,0.085415,0.573199,-0.477409,-0.014871,-0.152555,-0.029558,-0.292391,0.140253,0.456402,0.040316,-0.039026,0.002689,0.201506,0.247631,-0.027800,0.921598,1.521433,0.000000,0.000000,0.289721,-0.407534,0.131650,0.970959,0.205220,0.000000,0.000000
-2.710588,0.053560,0.985742,0.047849,0.020594,0.998304,0.025990,-0.008984,-0.058050,0.089734,0.589681,-0.487076,-0.016285,-0.148525,-0.030927,-0.295661,0.122787,0.461943,0.040248,-0.035341,0.002620,0.199129,0.243380,-0.026947,0.922083,1.520656,0.000000,0.000000,0.289514,-0.409621,0.128635,0.973290,0.203528,0.000000,0.000000
-2.713452,0.054088,0.982414,0.046489,0.022678,0.998301,0.026840,-0.012466,-0.060477,0.092897,0.603889,-0.496546,-0.017500,-0.145336,-0.032745,-0.299219,0.108455,0.467447,0.040180,-0.031835,0.002563,0.197096,0.239855,-0.025816,0.921923,1.521793,0.000000,0.000000,0.289554,-0.411454,0.125959,0.975368,0.202158,0.000000,0.000000
-2.716352,0.054484,0.979071,0.045258,0.024761,0.998284,0.027695,-0.016210,-0.063423,0.095639,0.619787,-0.507259,-0.018785,-0.141842,-0.035398,-0.303956,0.094123,0.483101,0.040248,-0.026860,0.002490,0.194566,0.235493,-0.025349,0.922198,1.524253,0.000000,0.000000,0.290136,-0.413042,0.122231,0.978250,0.200237,0.000000,0.000000
-2.719375,0.054954,0.975607,0.043974,0.026912,0.998263,0.028509,-0.019334,-0.066137,0.097890,0.633864,-0.516948,-0.019919,-0.138735,-0.038109,-0.308638,0.082071,0.495470,0.040334,-0.022438,0.002378,0.191977,0.231144,-0.025057,0.923223,1.525209,0.000000,0.000000,0.290621,-0.414389,0.118877,0.981331,0.198113,0.000000,0.000000
-2.722659,0.055451,0.972050,0.042518,0.029217,0.998223,0.029813,-0.022623,-0.069579,0.100383,0.649207,-0.530854,-0.021267,-0.135223,-0.041276,-0.314099,0.069689,0.506561,0.040421,-0.017370,0.002290,0.189220,0.226386,-0.025029,0.923729,1.526269,0.000000,0.000000,0.290677,-0.416302,0.115308,0.984664,0.197110,0.000000,0.000000
-2.726027,0.056072,0.968455,0.041675,0.031467,0.998153,0.031026,-0.025523,-0.072816,0.102600,0.665164,-0.543708,-0.022522,-0.131505,-0.044480,-0.319748,0.059755,0.514975,0.040531,-0.011635,0.002221,0.186514,0.222142,-0.025566,0.924710,1.527286,0.000000,0.000000,0.291349,-0.418167,0.111654,0.988623,0.196062,0.000000,0.000000
-2.729563,0.056994,0.964795,0.040753,0.033429,0.998094,0.032109,-0.028166,-0.074985,0.105104,0.680489,-0.554681,-0.023559,-0.127912,-0.046983,-0.324471,0.052152,0.521212,0.040670,-0.006664,0.002150,0.184309,0.218652,-0.025476,0.925688,1.528613,0.000000,0.000000,0.291983,-0.419248,0.108466,0.991873,0.196177,0.000000,0.000000
-2.733214,0.057876,0.961037,0.040021,0.035280,0.998000,0.033917,-0.031203,-0.076973,0.108828,0.698913,-0.566851,-0.024805,-0.123586,-0.049451,-0.329499,0.045475,0.529200,0.040885,-0.001070,0.002062,0.182037,0.214173,-0.025679,0.927180,1.529315,0.000000,0.000000,0.292645,-0.420597,0.105613,0.996225,0.195629,0.000000,0.000000
-2.736986,0.059133,0.957152,0.039256,0.036828,0.997928,0.035237,-0.034102,-0.077724,0.112856,0.716562,-0.577158,-0.025803,-0.119596,-0.050901,-0.333058,0.041350,0.534541,0.041118,0.003810,0.001990,0.179956,0.210515,-0.025318,0.928468,1.530193,0.000000,0.000000,0.293205,-0.420931,0.102442,0.999899,0.195155,0.000000,0.000000
-2.740439,0.061158,0.952889,0.038450,0.038304,0.997840,0.037024,-0.037903,-0.077447,0.118326,0.738028,-0.587273,-0.026854,-0.115426,-0.050841,-0.334759,0.036779,0.528837,0.041270,0.009310,0.001898,0.177996,0.206148,-0.023795,0.929972,1.530823,0.000000,0.000000,0.293723,-0.420765,0.097392,1.004337,0.192172,0.000000,0.000000
-2.743298,0.062855,0.948547,0.037205,0.038794,0.997841,0.037740,-0.043811,-0.075972,0.124221,0.765403,-0.598077,-0.027786,-0.111038,-0.049113,-0.334632,0.029312,0.494424,0.040993,0.015282,0.001840,0.175159,0.202797,-0.022716,0.931628,1.530984,0.000000,0.000000,0.294120,-0.419765,0.091415,1.009359,0.188879,0.000000,0.000000
-2.746141,0.065188,0.944476,0.036215,0.038360,0.997950,0.036236,-0.049340,-0.071079,0.128507,0.789185,-0.607463,-0.027503,-0.107186,-0.046041,-0.332540,0.026479,0.451076,0.040506,0.017056,0.001920,0.172471,0.203050,-0.021883,0.933132,1.530751,0.000000,0.000000,0.294752,-0.417368,0.085875,1.012742,0.186096,0.000000,0.000000
-2.748972,0.067201,0.940485,0.035294,0.039154,0.997942,0.036517,-0.053831,-0.066979,0.136786,0.809387,-0.610005,-0.028272,-0.104428,-0.043972,-0.331461,0.027317,0.405863,0.039805,0.020246,0.001850,0.169829,0.201488,-0.022714,0.934092,1.529617,0.000000,0.000000,0.295525,-0.415658,0.082194,1.015434,0.186452,0.000000,0.000000
-2.752250,0.069053,0.936461,0.034001,0.038871,0.997977,0.037076,-0.058169,-0.062567,0.142568,0.828830,-0.610491,-0.028498,-0.102458,-0.040663,-0.328252,0.028871,0.362489,0.039089,0.022301,0.001775,0.167962,0.200565,-0.021788,0.935108,1.527149,0.000000,0.000000,0.295170,-0.413812,0.080638,1.017935,0.186785,0.000000,0.000000
-2.755449,0.070751,0.932518,0.032983,0.038319,0.998018,0.037479,-0.062221,-0.058179,0.145907,0.847258,-0.610363,-0.028251,-0.101087,-0.037052,-0.324324,0.030373,0.323776,0.038407,0.024125,0.001745,0.166123,0.200211,-0.018983,0.935612,1.527169,0.000000,0.000000,0.294363,-0.411023,0.080051,1.020204,0.188433,0.000000,0.000000
-2.758957,0.072379,0.928740,0.031998,0.037712,0.998030,0.038594,-0.065979,-0.053245,0.150163,0.865587,-0.610127,-0.028052,-0.100115,-0.033350,-0.320072,0.032497,0.287598,0.037701,0.024902,0.001740,0.165141,0.199628,-0.014790,0.936536,1.526982,0.000000,0.000000,0.292927,-0.408790,0.081704,1.022384,0.189803,0.000000,0.000000
-2.762746,0.073766,0.925052,0.031489,0.036745,0.998036,0.039787,-0.069131,-0.048603,0.152986,0.884221,-0.609834,-0.027651,-0.099410,-0.029827,-0.315874,0.036770,0.255083,0.037085,0.025382,0.001705,0.164554,0.199342,-0.011242,0.937517,1.526614,0.000000,0.000000,0.291404,-0.406834,0.086402,1.024515,0.188423,0.000000,0.000000
-2.766512,0.074626,0.921300,0.031593,0.036258,0.997908,0.043208,-0.071889,-0.045641,0.156530,0.906217,-0.609503,-0.027943,-0.099355,-0.027136,-0.312580,0.045298,0.221416,0.036399,0.027423,0.001567,0.165064,0.197737,-0.006362,0.939412,1.526027,0.000000,0.000000,0.289302,-0.405528,0.093778,1.027967,0.187756,0.000000,0.000000
-2.770614,0.076050,0.913195,0.031728,0.035453,0.997884,0.044316,-0.073443,-0.042492,0.157514,0.924451,-0.609265,-0.027594,-0.098800,-0.025231,-0.308065,0.053199,0.196354,0.035530,0.028138,0.001529,0.165470,0.197079,-0.002485,0.941267,1.526198,0.000000,0.000000,0.287413,-0.404039,0.099967,1.031297,0.187188,0.000000,0.000000
-2.774648,0.077788,0.905570,0.032336,0.034694,0.997783,0.046682,-0.074545,-0.038287,0.158934,0.945181,-0.609054,-0.027088,-0.097857,-0.023397,-0.300791,0.063737,0.168124,0.034133,0.027384,0.001502,0.166944,0.195030,0.004856,0.944579,1.527191,0.000000,0.000000,0.284688,-0.401818,0.106895,1.035659,0.184577,0.000000,0.000000
-2.778755,0.079625,0.899627,0.032701,0.034214,0.997676,0.049008,-0.075649,-0.034205,0.159416,0.963503,-0.608925,-0.026380,-0.096943,-0.022019,-0.291815,0.074645,0.140661,0.032359,0.026195,0.001510,0.169091,0.193254,0.012156,0.948366,1.528416,0.000000,0.000000,0.281021,-0.400506,0.115194,1.040333,0.181289,0.000000,0.000000
-2.782940,0.080894,0.894158,0.034091,0.033642,0.997475,0.052431,-0.076396,-0.030772,0.160852,0.987135,-0.608668,-0.026115,-0.095626,-0.021283,-0.281438,0.087762,0.112098,0.030183,0.025519,0.001430,0.172226,0.190801,0.019225,0.953208,1.528134,0.000000,0.000000,0.276703,-0.399200,0.124511,1.045526,0.178405,0.000000,0.000000
-2.786858,0.082392,0.889793,0.035737,0.033079,0.997236,0.056124,-0.076887,-0.026768,0.163340,1.013735,-0.608416,-0.025934,-0.094225,-0.020687,-0.271202,0.102178,0.084858,0.028091,0.025638,0.001385,0.176839,0.188392,0.025789,0.957536,1.527470,0.000000,0.000000,0.272759,-0.396972,0.133828,1.051308,0.176053,0.000000,0.000000
-2.790798,0.084148,0.886342,0.036697,0.032271,0.996992,0.060164,-0.077671,-0.021876,0.166735,1.038696,-0.608201,-0.025612,-0.093305,-0.019602,-0.264034,0.114883,0.062130,0.026803,0.026527,0.001321,0.181567,0.186376,0.032552,0.960439,1.526545,0.000000,0.000000,0.268347,-0.394709,0.139492,1.056063,0.174146,0.000000,0.000000
-2.794640,0.086382,0.883839,0.037456,0.030941,0.996699,0.065045,-0.079989,-0.016219,0.168545,1.061147,-0.608015,-0.024639,-0.092399,-0.017214,-0.257125,0.125932,0.045076,0.026030,0.028640,0.001214,0.184983,0.184129,0.037882,0.964445,1.525858,0.000000,0.000000,0.263646,-0.391619,0.143835,1.059624,0.173066,0.000000,0.000000
-2.798485,0.087844,0.881473,0.039453,0.029032,0.996351,0.069896,-0.083532,-0.008377,0.177340,1.095901,-0.601581,-0.024746,-0.090488,-0.014938,-0.250270,0.140111,0.029858,0.025329,0.032023,0.001052,0.191266,0.182304,0.042174,0.969767,1.523456,0.000000,0.000000,0.260391,-0.387169,0.148496,1.062069,0.174108,0.000000,0.000000
-2.800894,0.091029,0.879563,0.041021,0.026558,0.995894,0.076206,-0.090292,0.005858,0.192084,1.133051,-0.573335,-0.024442,-0.089327,-0.009192,-0.240868,0.153756,0.018553,0.025199,0.037080,0.000813,0.197312,0.180632,0.046976,0.976437,1.520739,0.000000,0.000000,0.256825,-0.381825,0.152680,1.062626,0.177791,0.000000,0.000000
-2.803331,0.093159,0.878094,0.042298,0.024478,0.995353,0.082972,-0.096448,0.016623,0.203908,1.161932,-0.538272,-0.024464,-0.089227,-0.004617,-0.232300,0.165507,0.012628,0.024966,0.042860,0.000563,0.201424,0.180193,0.049918,0.982280,1.518626,0.000000,0.000000,0.254521,-0.377653,0.155653,1.060511,0.183191,0.000000,0.000000
-2.805438,0.094671,0.877031,0.044109,0.022564,0.994822,0.088740,-0.101940,0.025293,0.213008,1.187974,-0.498753,-0.024468,-0.089203,-0.001046,-0.223087,0.177961,0.008091,0.024416,0.048439,0.000303,0.205138,0.180093,0.048236,0.988954,1.512701,0.000000,0.000000,0.252223,-0.373400,0.159258,1.059000,0.192086,0.000000,0.000000
-2.807731,0.096339,0.876284,0.045149,0.021058,0.994276,0.094515,-0.107267,0.033185,0.221605,1.209347,-0.463293,-0.024494,-0.089397,0.002323,-0.214114,0.188443,0.003397,0.023828,0.052658,0.000113,0.207272,0.179706,0.046561,0.995341,1.508081,0.000000,0.000000,0.248148,-0.370012,0.161051,1.057800,0.197300,0.000000,0.000000
-2.810066,0.097680,0.875771,0.046323,0.019938,0.993663,0.100450,-0.112415,0.040010,0.229826,1.229219,-0.423318,-0.024751,-0.089298,0.004867,-0.205457,0.198386,-0.001014,0.023069,0.058125,-0.000147,0.209071,0.178431,0.041829,1.002101,1.503222,0.000000,0.000000,0.244618,-0.366760,0.161433,1.055847,0.201197,0.000000,0.000000
-2.812386,0.098854,0.875471,0.047575,0.019014,0.993040,0.106050,-0.117323,0.046076,0.237576,1.247159,-0.381844,-0.025088,-0.088530,0.006903,-0.197773,0.207100,-0.005612,0.022338,0.063983,-0.000389,0.210064,0.177012,0.034046,1.007897,1.499342,0.000000,0.000000,0.242114,-0.364006,0.160648,1.053182,0.205447,0.000000,0.000000
-2.814732,0.099702,0.875441,0.048526,0.018448,0.992449,0.111126,-0.122264,0.050319,0.243115,1.262264,-0.338439,-0.025408,-0.087091,0.008050,-0.189024,0.212525,-0.011516,0.021103,0.070731,-0.000617,0.210915,0.175528,0.022267,1.012184,1.495009,0.000000,0.000000,0.240563,-0.361794,0.158180,1.049145,0.209971,0.000000,0.000000
-2.817852,0.100670,0.875850,0.049139,0.018278,0.991912,0.115593,-0.125796,0.053205,0.245690,1.274018,-0.304328,-0.025341,-0.084889,0.008365,-0.181372,0.215815,-0.016333,0.019827,0.074936,-0.000764,0.212012,0.173344,0.012533,1.013677,1.494738,0.000000,0.000000,0.238948,-0.360295,0.156091,1.044777,0.212719,0.000000,0.000000
-2.820421,0.101663,0.876456,0.050568,0.018164,0.991329,0.119919,-0.129162,0.055880,0.246692,1.286298,-0.266537,-0.024942,-0.081708,0.008358,-0.172780,0.219208,-0.021535,0.018294,0.080375,-0.000935,0.213115,0.171378,-0.003323,1.015058,1.495212,0.000000,0.000000,0.238618,-0.358823,0.154953,1.039282,0.218220,0.000000,0.000000
-2.822693,0.102679,0.877053,0.051539,0.017863,0.990772,0.124077,-0.133148,0.058626,0.247557,1.298306,-0.222917,-0.024485,-0.078458,0.008834,-0.164110,0.221415,-0.026266,0.016864,0.088630,-0.001129,0.213365,0.170996,-0.024358,1.014619,1.496569,0.000000,0.000000,0.241208,-0.357469,0.151135,1.031271,0.226516,0.000000,0.000000
-2.825660,0.103495,0.877889,0.052322,0.017741,0.990220,0.128113,-0.135755,0.060099,0.248111,1.308888,-0.190114,-0.024245,-0.075614,0.008622,-0.157112,0.223682,-0.029137,0.015568,0.093565,-0.001265,0.213649,0.169905,-0.041159,1.012683,1.498516,0.000000,0.000000,0.242694,-0.356652,0.150801,1.023372,0.234752,0.000000,0.000000
-2.828428,0.104614,0.878811,0.053370,0.017680,0.989644,0.132075,-0.138192,0.062015,0.248379,1.319889,-0.157386,-0.023768,-0.072402,0.008382,-0.149858,0.226009,-0.031221,0.014237,0.098567,-0.001385,0.213836,0.169164,-0.057960,1.009568,1.503217,0.000000,0.000000,0.245225,-0.356135,0.150208,1.014591,0.241460,0.000000,0.000000
-2.831329,0.105909,0.879830,0.053911,0.017608,0.989137,0.135617,-0.140850,0.063981,0.246884,1.328815,-0.131832,-0.022891,-0.069293,0.008510,-0.142155,0.227325,-0.032550,0.012932,0.103122,-0.001438,0.213373,0.170005,-0.072212,1.004687,1.512781,0.000000,0.000000,0.248333,-0.355224,0.148734,1.005751,0.247212,0.000000,0.000000
-2.834131,0.107259,0.880858,0.054880,0.017329,0.988569,0.139356,-0.143368,0.066608,0.244623,1.338163,-0.110607,-0.021697,-0.065877,0.009074,-0.133664,0.228728,-0.033144,0.011609,0.107890,-0.001551,0.213254,0.170349,-0.086632,0.999633,1.522306,0.000000,0.000000,0.252569,-0.353885,0.147946,0.995796,0.251582,0.000000,0.000000
-2.837018,0.109005,0.881985,0.055791,0.016915,0.987952,0.143357,-0.145724,0.070484,0.241593,1.346155,-0.099879,-0.020044,-0.062435,0.010370,-0.125096,0.229859,-0.032323,0.010473,0.112014,-0.001660,0.213502,0.170324,-0.100652,0.995320,1.530759,0.000000,0.000000,0.256724,-0.352757,0.150222,0.985759,0.255458,0.000000,0.000000
-2.839909,0.111529,0.883095,0.056657,0.016764,0.987302,0.147459,-0.147885,0.076065,0.238353,1.353115,-0.101608,-0.017943,-0.058903,0.012234,-0.117298,0.230770,-0.030392,0.009641,0.115835,-0.001756,0.213673,0.170956,-0.112806,0.991003,1.538362,0.000000,0.000000,0.260613,-0.351889,0.152985,0.976213,0.258343,0.000000,0.000000
-2.842882,0.113812,0.883941,0.057045,0.016503,0.986602,0.151955,-0.150031,0.081370,0.235754,1.359184,-0.110303,-0.016117,-0.055598,0.014285,-0.110691,0.231087,-0.027762,0.009071,0.119581,-0.001813,0.213060,0.172433,-0.120500,0.985877,1.548135,0.000000,0.000000,0.264285,-0.350695,0.154272,0.967241,0.258762,0.000000,0.000000
-2.845601,0.115822,0.884658,0.057495,0.016010,0.985923,0.156185,-0.152645,0.086825,0.231974,1.365195,-0.123620,-0.014058,-0.051864,0.016811,-0.102893,0.230823,-0.024637,0.008416,0.123685,-0.001924,0.212102,0.174680,-0.127703,0.979872,1.558412,0.000000,0.000000,0.268437,-0.349079,0.156609,0.957142,0.258602,0.000000,0.000000
-2.848540,0.117696,0.885091,0.056633,0.015396,0.985330,0.160248,-0.155642,0.091560,0.228295,1.368976,-0.134397,-0.012223,-0.048894,0.019366,-0.096189,0.228936,-0.021855,0.007947,0.126567,-0.002026,0.210605,0.177541,-0.130381,0.973454,1.564828,0.000000,0.000000,0.270835,-0.348060,0.157787,0.947605,0.257623,0.000000,0.000000
-2.850333,0.118924,0.885267,0.057790,0.015092,0.984595,0.164331,-0.158998,0.095359,0.223882,1.372462,-0.145825,-0.010517,-0.045300,0.021369,-0.089316,0.227607,-0.019459,0.007292,0.130228,-0.002148,0.209292,0.180712,-0.136394,0.966973,1.567807,0.000000,0.000000,0.274541,-0.346643,0.162631,0.938715,0.257251,0.000000,0.000000
-2.852303,0.119663,0.885315,0.058564,0.015012,0.983790,0.168826,-0.162065,0.096857,0.219415,1.374099,-0.152427,-0.009377,-0.042095,0.022255,-0.083812,0.226078,-0.018538,0.006567,0.134348,-0.002297,0.207631,0.183812,-0.141544,0.961738,1.568904,0.000000,0.000000,0.277735,-0.345791,0.167810,0.931844,0.257764,0.000000,0.000000
-2.854667,0.120333,0.885331,0.058082,0.014858,0.983077,0.173104,-0.165701,0.097544,0.214921,1.372846,-0.156208,-0.008447,-0.039198,0.022953,-0.079308,0.223339,-0.018205,0.005960,0.138552,-0.002497,0.205001,0.186495,-0.142870,0.956001,1.569402,0.000000,0.000000,0.280241,-0.344936,0.171295,0.924840,0.257089,0.000000,0.000000
-2.856959,0.120820,0.885251,0.057391,0.014754,0.982333,0.177513,-0.169693,0.097368,0.210033,1.368601,-0.158541,-0.007655,-0.036695,0.023558,-0.074671,0.219913,-0.018102,0.005291,0.141920,-0.002622,0.202236,0.188784,-0.142075,0.950207,1.569642,0.000000,0.000000,0.281928,-0.344393,0.174783,0.917861,0.256223,0.000000,0.000000
-2.859031,0.120839,0.885040,0.057523,0.014785,0.981446,0.182308,-0.173873,0.095841,0.204825,1.361911,-0.159382,-0.007156,-0.034189,0.023436,-0.070098,0.217016,-0.018649,0.004431,0.146088,-0.002824,0.199512,0.190056,-0.140704,0.944312,1.569751,0.000000,0.000000,0.283806,-0.343929,0.180595,0.912030,0.254723,0.000000,0.000000
-2.861419,0.120971,0.884750,0.056983,0.014965,0.980575,0.187089,-0.177789,0.093717,0.199985,1.352409,-0.160420,-0.006850,-0.032232,0.023017,-0.066362,0.214425,-0.019261,0.003637,0.149871,-0.003005,0.196938,0.190684,-0.136290,0.938472,1.566966,0.000000,0.000000,0.284681,-0.343611,0.185198,0.907317,0.252144,0.000000,0.000000
-2.863835,0.120957,0.884432,0.056607,0.014778,0.979584,0.192334,-0.181530,0.091378,0.195476,1.339977,-0.160724,-0.006632,-0.030366,0.022602,-0.062418,0.212325,-0.019339,0.002815,0.152931,-0.003178,0.194572,0.191641,-0.129058,0.932124,1.561199,0.000000,0.000000,0.285308,-0.343460,0.190948,0.902701,0.248518,0.000000,0.000000
-2.866084,0.121202,0.884104,0.056448,0.014850,0.978458,0.198020,-0.184552,0.089083,0.191532,1.325815,-0.160630,-0.006466,-0.028986,0.022228,-0.055448,0.211378,-0.019274,0.001470,0.155216,-0.003300,0.192317,0.192306,-0.121202,0.927200,1.553898,0.000000,0.000000,0.284394,-0.343488,0.198667,0.899888,0.245977,0.000000,0.000000
-2.868390,0.121240,0.883825,0.056405,0.014655,0.977402,0.203198,-0.187342,0.086566,0.186725,1.308983,-0.160487,-0.006105,-0.027766,0.021858,-0.047416,0.211464,-0.019696,-0.000047,0.157702,-0.003435,0.189523,0.192935,-0.113778,0.923640,1.545646,0.000000,0.000000,0.282775,-0.343237,0.206560,0.898471,0.243963,0.000000,0.000000
-2.870793,0.121475,0.883665,0.056036,0.014370,0.976253,0.208766,-0.189777,0.085044,0.182287,1.290995,-0.161080,-0.005508,-0.026809,0.021622,-0.041466,0.212286,-0.021043,-0.001156,0.159679,-0.003554,0.187200,0.193707,-0.105086,0.920542,1.535781,0.000000,0.000000,0.281012,-0.342334,0.212296,0.897861,0.240181,0.000000,0.000000
-2.873463,0.121591,0.883509,0.054964,0.014139,0.975287,0.213530,-0.192424,0.083242,0.176633,1.271068,-0.162018,-0.004688,-0.026346,0.021445,-0.034540,0.212580,-0.023691,-0.002424,0.160251,-0.003622,0.185038,0.193576,-0.095396,0.917123,1.526766,0.000000,0.000000,0.278224,-0.341520,0.217593,0.897501,0.235547,0.000000,0.000000
-2.875518,0.121651,0.883372,0.055764,0.013869,0.974187,0.218307,-0.194021,0.081692,0.170959,1.252073,-0.162268,-0.003741,-0.025416,0.020937,-0.028056,0.215125,-0.025528,-0.003704,0.160902,-0.003696,0.183137,0.193352,-0.089752,0.916242,1.518120,0.000000,0.000000,0.276217,-0.340298,0.223097,0.898765,0.232930,0.000000,0.000000
-2.878104,0.121822,0.883298,0.055683,0.013503,0.973061,0.223316,-0.195403,0.080200,0.164250,1.229123,-0.162740,-0.002487,-0.024408,0.020522,-0.021061,0.217658,-0.027255,-0.005038,0.161222,-0.003740,0.180490,0.192845,-0.082679,0.921489,1.513031,0.000000,0.000000,0.273904,-0.337752,0.227111,0.901161,0.229559,0.000000,0.000000
-2.880442,0.122440,0.883254,0.055874,0.012984,0.971831,0.228593,-0.196205,0.080333,0.158258,1.205640,-0.163708,-0.000905,-0.023254,0.020795,-0.013022,0.220229,-0.029301,-0.006369,0.160885,-0.003810,0.178225,0.192867,-0.076310,0.924459,1.508604,0.000000,0.000000,0.270641,-0.336361,0.231755,0.903282,0.227357,0.000000,0.000000
-2.883038,0.122987,0.883258,0.055604,0.012546,0.970400,0.234680,-0.196716,0.080922,0.153297,1.180694,-0.164303,0.000567,-0.022279,0.020991,-0.005236,0.222374,-0.031331,-0.007680,0.160516,-0.003861,0.177058,0.192338,-0.068726,0.924716,1.503575,0.000000,0.000000,0.266733,-0.335210,0.236062,0.905208,0.225216,0.000000,0.000000
-2.885664,0.123444,0.883188,0.055170,0.011674,0.969291,0.239365,-0.197378,0.081973,0.146201,1.152669,-0.162254,0.002718,-0.021222,0.022026,0.004421,0.223952,-0.032284,-0.009093,0.159733,-0.003874,0.175476,0.193676,-0.064273,0.923897,1.496347,0.000000,0.000000,0.262181,-0.333235,0.239581,0.907125,0.225481,0.000000,0.000000
-2.888356,0.123764,0.882934,0.054686,0.011768,0.967637,0.246070,-0.197646,0.081914,0.141452,1.125619,-0.159765,0.003940,-0.020518,0.021634,0.010244,0.225211,-0.033837,-0.010222,0.160339,-0.003940,0.173364,0.193840,-0.061189,0.924258,1.491791,0.000000,0.000000,0.257457,-0.331937,0.240739,0.909117,0.224630,0.000000,0.000000
-2.890696,0.124085,0.882728,0.055046,0.011535,0.966084,0.252030,-0.197294,0.081787,0.135678,1.096934,-0.158034,0.005448,-0.019424,0.021208,0.016266,0.227200,-0.035738,-0.011394,0.161615,-0.004023,0.171894,0.194351,-0.060887,0.925381,1.488808,0.000000,0.000000,0.252825,-0.330472,0.241044,0.911938,0.224414,0.000000,0.000000
-2.893063,0.124820,0.882642,0.054542,0.010852,0.964543,0.258001,-0.196674,0.082993,0.129259,1.064797,-0.158632,0.007542,-0.018302,0.022024,0.024132,0.228173,-0.037420,-0.012543,0.161352,-0.004067,0.170693,0.195662,-0.060761,0.926789,1.485868,0.000000,0.000000,0.246966,-0.329678,0.241399,0.914225,0.225468,0.000000,0.000000
-2.895503,0.125593,0.882594,0.053587,0.010089,0.963072,0.263663,-0.196222,0.085026,0.121402,1.030789,-0.159289,0.010215,-0.017270,0.023268,0.030131,0.228116,-0.038512,-0.013249,0.161374,-0.004087,0.167825,0.197241,-0.061372,0.927998,1.483238,0.000000,0.000000,0.241537,-0.327063,0.239479,0.916372,0.225299,0.000000,0.000000
-2.897975,0.125809,0.882493,0.053057,0.009348,0.961529,0.269367,-0.195539,0.085865,0.112600,0.998169,-0.158904,0.012712,-0.016329,0.023895,0.036178,0.228323,-0.039407,-0.014142,0.160885,-0.004118,0.166645,0.198712,-0.062621,0.929378,1.481882,0.000000,0.000000,0.235676,-0.324972,0.237409,0.918303,0.226537,0.000000,0.000000
-2.900653,0.125977,0.882332,0.052031,0.008336,0.960055,0.274805,-0.194733,0.086910,0.102208,0.961941,-0.158778,0.015632,-0.015570,0.024875,0.043195,0.228219,-0.041066,-0.015096,0.159633,-0.004118,0.165557,0.200720,-0.063070,0.930045,1.482818,0.000000,0.000000,0.228672,-0.323205,0.231143,0.920324,0.226699,0.000000,0.000000
-2.903294,0.125806,0.882112,0.051637,0.008039,0.958262,0.281074,-0.193321,0.086417,0.091573,0.925303,-0.158888,0.018110,-0.014993,0.024190,0.048474,0.229053,-0.042405,-0.016210,0.158801,-0.004120,0.163393,0.201799,-0.070468,0.927715,1.483243,0.000000,0.000000,0.222966,-0.321826,0.230458,0.921755,0.229191,0.000000,0.000000
-2.906284,0.125578,0.881882,0.050769,0.007462,0.956621,0.286780,-0.191603,0.085684,0.079198,0.885719,-0.159805,0.020888,-0.014547,0.023478,0.053205,0.230196,-0.043378,-0.017230,0.159366,-0.004181,0.162044,0.203318,-0.075034,0.927037,1.485323,0.000000,0.000000,0.217635,-0.321660,0.225153,0.921574,0.224610,0.000000,0.000000
-2.909294,0.125325,0.881726,0.050002,0.007065,0.954693,0.293276,-0.189451,0.084684,0.065242,0.845744,-0.161312,0.023875,-0.014226,0.022479,0.059844,0.230899,-0.044427,-0.018662,0.159133,-0.004164,0.160806,0.203569,-0.079192,0.928282,1.485940,0.000000,0.000000,0.212155,-0.320750,0.222326,0.921390,0.222690,0.000000,0.000000
-2.912820,0.124951,0.881710,0.049198,0.006929,0.952669,0.299922,-0.186448,0.082390,0.050422,0.803343,-0.162667,0.026575,-0.013679,0.020183,0.064685,0.231586,-0.046581,-0.020129,0.157502,-0.004101,0.162218,0.202634,-0.079088,0.927798,1.489294,0.000000,0.000000,0.206441,-0.315290,0.207631,0.925287,0.235109,0.000000,0.000000
-2.916205,0.124869,0.881702,0.047987,0.005981,0.950842,0.305877,-0.183390,0.082153,0.033190,0.760511,-0.165067,0.030272,-0.013122,0.019670,0.071397,0.231528,-0.047035,-0.021427,0.156928,-0.004144,0.159998,0.203371,-0.083254,0.929046,1.491188,0.000000,0.000000,0.201940,-0.314216,0.201660,0.921429,0.236781,0.000000,0.000000
-2.920068,0.124497,0.881674,0.046971,0.005526,0.948631,0.312828,-0.179713,0.080626,0.014183,0.717014,-0.168051,0.033783,-0.012602,0.017971,0.078167,0.231467,-0.048338,-0.023063,0.156162,-0.004148,0.159084,0.204295,-0.088676,0.930870,1.490241,0.000000,0.000000,0.198051,-0.313413,0.197384,0.916585,0.238962,0.000000,0.000000
-2.924492,0.124144,0.881560,0.045541,0.005087,0.946177,0.320390,-0.175389,0.078700,-0.006547,0.672257,-0.172542,0.037323,-0.012110,0.015929,0.083211,0.231208,-0.050571,-0.024477,0.156199,-0.004162,0.158248,0.205720,-0.088837,0.930988,1.490497,0.000000,0.000000,0.195375,-0.312300,0.185659,0.911836,0.240196,0.000000,0.000000
-2.929090,0.123808,0.881617,0.044815,0.005267,0.943445,0.328443,-0.169825,0.075389,-0.031594,0.625399,-0.178533,0.041092,-0.011151,0.012290,0.088605,0.231427,-0.052605,-0.026395,0.156705,-0.004195,0.158639,0.205924,-0.089739,0.928222,1.495692,0.000000,0.000000,0.192901,-0.311313,0.179946,0.906140,0.243262,0.000000,0.000000
-2.934156,0.123688,0.881792,0.043932,0.005384,0.940795,0.336075,-0.163740,0.071657,-0.060689,0.578744,-0.183059,0.045293,-0.009548,0.008378,0.093873,0.230728,-0.054911,-0.028354,0.156069,-0.004200,0.159584,0.204053,-0.089682,0.928352,1.496642,0.000000,0.000000,0.189505,-0.309176,0.172209,0.901494,0.252899,0.000000,0.000000
-2.939291,0.124156,0.881998,0.042589,0.005464,0.938323,0.343084,-0.157483,0.069199,-0.090738,0.531930,-0.186318,0.049689,-0.007515,0.005019,0.099604,0.228430,-0.056791,-0.030221,0.155993,-0.004223,0.160182,0.204084,-0.092750,0.927192,1.496431,0.000000,0.000000,0.186309,-0.309369,0.165864,0.899052,0.255823,0.000000,0.000000
-2.944550,0.125250,0.882145,0.040168,0.005181,0.935407,0.351244,-0.151320,0.069332,-0.121255,0.485250,-0.188630,0.054504,-0.005868,0.003170,0.105977,0.224592,-0.058336,-0.031768,0.155668,-0.004202,0.159438,0.205476,-0.089629,0.925786,1.495536,0.000000,0.000000,0.182522,-0.309848,0.153985,0.892518,0.254880,0.000000,0.000000
-2.949295,0.126806,0.882596,0.039524,0.005592,0.932277,0.359536,-0.143946,0.069165,-0.154979,0.439990,-0.193014,0.059481,-0.003507,0.000673,0.117473,0.221972,-0.060488,-0.034398,0.155856,-0.004204,0.160078,0.205940,-0.093131,0.924857,1.491844,0.000000,0.000000,0.174359,-0.306343,0.151398,0.896628,0.258432,0.000000,0.000000
-2.954422,0.128922,0.883012,0.037276,0.004874,0.929572,0.366718,-0.137072,0.072453,-0.186353,0.397093,-0.198407,0.064580,-0.000774,-0.000031,0.116615,0.218879,-0.060342,-0.034403,0.155629,-0.004188,0.161425,0.208727,-0.092541,0.921266,1.489751,0.000000,0.000000,0.168879,-0.303280,0.139834,0.893811,0.260008,0.000000,0.000000
-2.958715,0.131240,0.883381,0.036470,0.004940,0.926395,0.374751,-0.129517,0.075656,-0.220081,0.356001,-0.203924,0.069772,0.002091,-0.001211,0.120285,0.216729,-0.059890,-0.035351,0.156111,-0.004249,0.162753,0.209901,-0.094743,0.919410,1.488382,0.000000,0.000000,0.166394,-0.300578,0.136299,0.890456,0.263565,0.000000,0.000000
-2.962613,0.134083,0.883571,0.034813,0.004772,0.922994,0.383207,-0.122480,0.080890,-0.252332,0.318305,-0.208043,0.075096,0.004398,-0.001240,0.125781,0.213989,-0.059870,-0.036286,0.156514,-0.004311,0.164133,0.211478,-0.093672,0.917484,1.489186,0.000000,0.000000,0.162009,-0.299249,0.132849,0.889331,0.265519,0.000000,0.000000
-2.965957,0.137193,0.883511,0.033196,0.004690,0.918828,0.393230,-0.115188,0.086846,-0.278877,0.283443,-0.212005,0.079550,0.005907,-0.000309,0.136279,0.211351,-0.060129,-0.037816,0.156846,-0.004411,0.164328,0.213344,-0.092074,0.916502,1.487210,0.000000,0.000000,0.156568,-0.299210,0.131576,0.888171,0.266690,0.000000,0.000000
-2.969122,0.140339,0.883471,0.031295,0.004470,0.914621,0.403075,-0.108002,0.093659,-0.305076,0.249552,-0.216398,0.083950,0.006949,0.001144,0.148750,0.208699,-0.060790,-0.039531,0.157930,-0.004473,0.165554,0.215017,-0.090547,0.914222,1.484706,0.000000,0.000000,0.152084,-0.298793,0.133263,0.885050,0.269775,0.000000,0.000000
-2.970863,0.144053,0.883447,0.028633,0.002900,0.908351,0.417217,-0.100176,0.104666,-0.317731,0.219576,-0.220607,0.087185,0.006485,0.006063,0.164082,0.208057,-0.058636,-0.040826,0.163754,-0.004660,0.166235,0.217028,-0.088260,0.913778,1.483848,0.000000,0.000000,0.147166,-0.294878,0.138197,0.881253,0.271943,0.000000,0.000000
-2.972480,0.147173,0.883470,0.026344,0.001459,0.901877,0.431186,-0.091871,0.115403,-0.324418,0.192475,-0.223809,0.089397,0.005282,0.011472,0.181160,0.208107,-0.059259,-0.042279,0.172821,-0.004995,0.166886,0.220265,-0.081980,0.912470,1.484952,0.000000,0.000000,0.142068,-0.290432,0.142684,0.877558,0.272520,0.000000,0.000000
-2.974071,0.149761,0.883686,0.024619,0.000210,0.895157,0.445071,-0.083770,0.123670,-0.327802,0.170119,-0.226175,0.090720,0.003741,0.015827,0.200110,0.210010,-0.057059,-0.044418,0.181556,-0.005365,0.168635,0.222950,-0.080147,0.911768,1.486055,0.000000,0.000000,0.137542,-0.285354,0.149490,0.876719,0.273306,0.000000,0.000000
-2.975021,0.151584,0.884150,0.023775,-0.000504,0.888628,0.458012,-0.075863,0.130449,-0.329848,0.149580,-0.230654,0.091429,0.001851,0.018252,0.216406,0.212069,-0.057047,-0.046624,0.190018,-0.005748,0.168333,0.231909,-0.080014,0.912584,1.474641,0.000000,0.000000,0.131761,-0.281457,0.156276,0.880492,0.265267,0.000000,0.000000
-2.976769,0.152381,0.884433,0.022473,-0.000083,0.883583,0.467735,-0.072062,0.132571,-0.330110,0.137741,-0.231791,0.091324,0.000363,0.017569,0.220656,0.212840,-0.056243,-0.047584,0.192196,-0.005908,0.168625,0.235717,-0.081288,0.912156,1.468733,0.000000,0.000000,0.127651,-0.280010,0.162029,0.882283,0.263188,0.000000,0.000000
-2.978481,0.152679,0.884645,0.021217,0.000230,0.878533,0.477211,-0.068592,0.133626,-0.329798,0.126548,-0.233227,0.090826,-0.001749,0.016142,0.223638,0.213803,-0.056297,-0.048510,0.193691,-0.006062,0.167585,0.238890,-0.083675,0.913270,1.463807,0.000000,0.000000,0.122312,-0.278642,0.169452,0.884793,0.262464,0.000000,0.000000
-2.980734,0.152786,0.884735,0.019133,0.000150,0.873687,0.486112,-0.066517,0.133806,-0.329321,0.119563,-0.233514,0.090366,-0.003690,0.015061,0.225196,0.214589,-0.056080,-0.049079,0.193778,-0.006147,0.167193,0.239510,-0.082488,0.915942,1.464525,0.000000,0.000000,0.117822,-0.277092,0.172867,0.886936,0.260127,0.000000,0.000000
-2.982936,0.152351,0.884469,0.017819,0.000428,0.868921,0.494630,-0.064056,0.132691,-0.327890,0.111748,-0.231048,0.089463,-0.006503,0.013013,0.227192,0.215835,-0.054960,-0.050004,0.192694,-0.006228,0.167006,0.238847,-0.082262,0.919085,1.465984,0.000000,0.000000,0.113034,-0.275294,0.179836,0.888139,0.258453,0.000000,0.000000
-2.985379,0.151885,0.884116,0.016373,0.000504,0.863888,0.503418,-0.061635,0.130404,-0.325701,0.105308,-0.226094,0.088354,-0.009196,0.010698,0.229093,0.216841,-0.053549,-0.050998,0.190311,-0.006268,0.166777,0.237742,-0.080616,0.922040,1.468766,0.000000,0.000000,0.108175,-0.274283,0.186237,0.889356,0.255665,0.000000,0.000000
-2.988075,0.151063,0.883758,0.015057,0.001062,0.859546,0.510836,-0.058945,0.125719,-0.321944,0.098068,-0.216624,0.086630,-0.012327,0.006603,0.232077,0.215532,-0.053848,-0.052644,0.185128,-0.006291,0.166710,0.235755,-0.079362,0.925412,1.469673,0.000000,0.000000,0.101247,-0.273411,0.194325,0.893657,0.250752,0.000000,0.000000
-2.990778,0.150467,0.883330,0.014078,0.001193,0.855734,0.517222,-0.056526,0.120621,-0.318087,0.093016,-0.206346,0.085064,-0.014377,0.002781,0.234660,0.213668,-0.054137,-0.054125,0.178728,-0.006226,0.166974,0.234959,-0.078001,0.927756,1.472445,0.000000,0.000000,0.095985,-0.275198,0.201082,0.896959,0.246615,0.000000,0.000000
-2.992981,0.150355,0.882893,0.012512,0.000887,0.851621,0.524007,-0.054067,0.117217,-0.315278,0.089012,-0.196718,0.084250,-0.016016,0.000061,0.236491,0.211549,-0.053509,-0.055146,0.170982,-0.006003,0.166830,0.233870,-0.076653,0.930138,1.475270,0.000000,0.000000,0.089848,-0.274932,0.203904,0.899546,0.242844,0.000000,0.000000
-2.994872,0.149709,0.882237,0.010639,0.001472,0.848947,0.528368,-0.052658,0.115371,-0.313662,0.084439,-0.184008,0.084132,-0.018740,-0.003741,0.239109,0.207223,-0.052701,-0.056534,0.158249,-0.005637,0.165509,0.231213,-0.076725,0.934182,1.479195,0.000000,0.000000,0.083906,-0.274714,0.209877,0.901417,0.240155,0.000000,0.000000
-2.996235,0.149255,0.881764,0.008746,0.001218,0.846610,0.532140,-0.052046,0.116350,-0.314032,0.081568,-0.177231,0.084854,-0.021415,-0.005278,0.240404,0.203382,-0.051105,-0.057050,0.141675,-0.005162,0.164013,0.227971,-0.072829,0.938737,1.482989,0.000000,0.000000,0.076465,-0.273420,0.210885,0.904088,0.232554,0.000000,0.000000
-2.997488,0.148676,0.881609,0.007511,0.001052,0.843589,0.536936,-0.051451,0.117583,-0.314655,0.079788,-0.177090,0.085361,-0.023645,-0.006014,0.241149,0.200906,-0.049327,-0.057302,0.127205,-0.004649,0.163414,0.224262,-0.069262,0.942413,1.488291,0.000000,0.000000,0.072447,-0.268253,0.217819,0.905377,0.231354,0.000000,0.000000
-2.999023,0.147669,0.881645,0.006703,0.001222,0.840165,0.542288,-0.051098,0.117782,-0.314703,0.078234,-0.176291,0.085439,-0.025883,-0.007613,0.242400,0.198526,-0.047507,-0.057898,0.112569,-0.004183,0.163848,0.222164,-0.069629,0.946189,1.491932,0.000000,0.000000,0.069860,-0.265688,0.226166,0.906597,0.232516,0.000000,0.000000
-3.001271,0.146723,0.882111,0.006272,0.001022,0.836905,0.547311,-0.050725,0.116709,-0.313864,0.078481,-0.173335,0.085171,-0.027197,-0.009404,0.243626,0.196788,-0.045996,-0.058582,0.099662,-0.003811,0.164798,0.220182,-0.069163,0.949003,1.496171,0.000000,0.000000,0.066539,-0.265273,0.234757,0.907963,0.236683,0.000000,0.000000
-3.004132,0.145977,0.883034,0.006192,0.001004,0.833939,0.551821,-0.050164,0.113519,-0.311689,0.080869,-0.167921,0.084446,-0.027673,-0.012190,0.245332,0.194525,-0.045205,-0.059622,0.084270,-0.003355,0.165194,0.219147,-0.069130,0.952434,1.502854,0.000000,0.000000,0.061599,-0.265808,0.238266,0.913004,0.237372,0.000000,0.000000
-3.007483,0.145467,0.884379,0.006277,0.001145,0.830553,0.556903,-0.049180,0.108848,-0.308608,0.084610,-0.163746,0.083345,-0.027254,-0.015624,0.247292,0.192013,-0.045716,-0.060862,0.070353,-0.002938,0.167165,0.216001,-0.070110,0.955418,1.506413,0.000000,0.000000,0.058376,-0.265652,0.239535,0.918255,0.235602,0.000000,0.000000
-3.010898,0.145222,0.885978,0.006826,0.001238,0.827140,0.561953,-0.047685,0.103767,-0.305195,0.089180,-0.161499,0.082074,-0.026066,-0.019184,0.249183,0.190185,-0.047299,-0.062121,0.060492,-0.002571,0.168454,0.213675,-0.073570,0.957633,1.508061,0.000000,0.000000,0.058974,-0.266392,0.239750,0.918285,0.240445,0.000000,0.000000
-3.014575,0.145017,0.887637,0.007894,0.001193,0.823639,0.567059,-0.045348,0.097225,-0.300735,0.095089,-0.159782,0.080386,-0.024001,-0.023568,0.251349,0.188346,-0.048284,-0.063669,0.049967,-0.002205,0.169453,0.212550,-0.082577,0.961132,1.508381,0.000000,0.000000,0.059317,-0.268797,0.237800,0.920730,0.241521,0.000000,0.000000
-3.018195,0.145298,0.889478,0.008730,0.000954,0.819979,0.572326,-0.042361,0.091044,-0.296375,0.100731,-0.159414,0.078761,-0.021430,-0.027323,0.253051,0.186397,-0.048803,-0.064972,0.041502,-0.001822,0.170769,0.211585,-0.091587,0.964485,1.511977,0.000000,0.000000,0.060506,-0.269989,0.232026,0.925289,0.240828,0.000000,0.000000
-3.021665,0.145810,0.891326,0.009715,0.000581,0.816096,0.577834,-0.038832,0.085489,-0.292296,0.105491,-0.159888,0.077238,-0.018817,-0.030429,0.254333,0.184985,-0.049126,-0.066051,0.035745,-0.001534,0.171862,0.210778,-0.098401,0.967051,1.515868,0.000000,0.000000,0.063780,-0.270147,0.224035,0.928516,0.240249,0.000000,0.000000
-3.024926,0.146367,0.893008,0.010878,-0.000387,0.812121,0.583387,-0.034025,0.079964,-0.288007,0.110220,-0.162131,0.075683,-0.015595,-0.033136,0.255236,0.184247,-0.048960,-0.066986,0.029285,-0.001223,0.174100,0.211375,-0.110876,0.964701,1.515242,0.000000,0.000000,0.069021,-0.271491,0.216472,0.929715,0.241090,0.000000,0.000000
-3.028092,0.146877,0.894058,0.011950,-0.000956,0.808271,0.588688,-0.028998,0.074811,-0.283954,0.113164,-0.164647,0.074121,-0.012701,-0.036455,0.256498,0.183619,-0.048431,-0.068177,0.022010,-0.000858,0.176330,0.213261,-0.121596,0.963674,1.516519,0.000000,0.000000,0.074001,-0.272999,0.207731,0.931137,0.242381,0.000000,0.000000
-3.031764,0.146476,0.894109,0.011332,0.001317,0.807040,0.590386,-0.026964,0.068655,-0.280161,0.110293,-0.165217,0.071995,-0.012295,-0.044421,0.260973,0.177504,-0.052791,-0.070893,0.006424,-0.000342,0.174207,0.212391,-0.132156,0.963172,1.520894,0.000000,0.000000,0.075968,-0.276243,0.199169,0.933826,0.240107,0.000000,0.000000
-3.034246,0.145946,0.894563,0.011706,0.001864,0.803273,0.595493,-0.024901,0.063890,-0.277075,0.109180,-0.166163,0.070334,-0.012648,-0.049576,0.263831,0.175489,-0.054933,-0.072612,-0.006020,0.000181,0.172910,0.212591,-0.136717,0.962296,1.525466,0.000000,0.000000,0.076564,-0.277124,0.192799,0.935174,0.243510,0.000000,0.000000
-3.036567,0.145272,0.895506,0.011598,0.001903,0.799675,0.600318,-0.022917,0.060515,-0.274818,0.107787,-0.166998,0.069152,-0.013480,-0.052831,0.265734,0.174444,-0.056139,-0.073703,-0.016461,0.000547,0.171263,0.213596,-0.140175,0.961931,1.526444,0.000000,0.000000,0.077690,-0.280500,0.192203,0.935661,0.252447,0.000000,0.000000
-3.038516,0.144669,0.896637,0.011320,0.001870,0.795489,0.605859,-0.020400,0.057476,-0.272648,0.105389,-0.167377,0.068065,-0.014870,-0.055661,0.267506,0.173771,-0.056083,-0.074673,-0.028333,0.001031,0.170182,0.214142,-0.144757,0.961961,1.528916,0.000000,0.000000,0.078858,-0.281233,0.192362,0.936592,0.262444,0.000000,0.000000
-3.040195,0.144299,0.898124,0.010940,0.001244,0.790966,0.611760,-0.017785,0.055710,-0.271190,0.103267,-0.167280,0.067436,-0.016026,-0.056569,0.268169,0.173873,-0.054521,-0.075003,-0.036501,0.001388,0.169584,0.215983,-0.148550,0.961528,1.533246,0.000000,0.000000,0.081227,-0.281695,0.190811,0.937209,0.269924,0.000000,0.000000
-3.041738,0.144015,0.900116,0.010959,0.000383,0.786195,0.617881,-0.014308,0.054005,-0.269589,0.101381,-0.167593,0.066827,-0.017230,-0.056714,0.268351,0.175693,-0.051405,-0.075149,-0.043828,0.001691,0.169269,0.219164,-0.154770,0.960199,1.536556,0.000000,0.000000,0.084681,-0.281931,0.185980,0.938258,0.276382,0.000000,0.000000
-3.043396,0.143895,0.902347,0.011378,-0.001152,0.780749,0.624740,-0.010682,0.052517,-0.268042,0.101192,-0.168044,0.066327,-0.017676,-0.056024,0.267924,0.178121,-0.048009,-0.075033,-0.047649,0.001866,0.169432,0.223520,-0.159039,0.959440,1.538555,0.000000,0.000000,0.089035,-0.282887,0.181527,0.938829,0.281261,0.000000,0.000000
-3.043722,0.143827,0.903726,0.011315,-0.004113,0.770893,0.636851,-0.003601,0.053895,-0.250841,0.101484,-0.168865,0.064222,-0.018832,-0.053326,0.266422,0.182916,-0.040693,-0.074327,-0.044967,0.001913,0.172081,0.231431,-0.164847,0.958074,1.541061,0.000000,0.000000,0.095287,-0.280578,0.176397,0.940874,0.287909,0.000000,0.000000
-3.048151,0.143221,0.905311,0.011558,-0.001228,0.772226,0.635241,-0.002557,0.047050,-0.258769,0.099180,-0.166807,0.063720,-0.020190,-0.059161,0.270037,0.180606,-0.040385,-0.076708,-0.059726,0.002214,0.169771,0.232727,-0.171499,0.953831,1.543983,0.000000,0.000000,0.099443,-0.283485,0.167640,0.942362,0.292720,0.000000,0.000000
-3.047698,0.143705,0.906543,0.011444,-0.004574,0.760699,0.648988,0.002299,0.047975,-0.241913,0.100836,-0.167854,0.061539,-0.021153,-0.056509,0.268604,0.183342,-0.036313,-0.075826,-0.058236,0.002300,0.172714,0.238584,-0.168500,0.951532,1.546391,0.000000,0.000000,0.104668,-0.281318,0.165480,0.942282,0.293665,0.000000,0.000000
-3.046613,0.143097,0.907978,0.010532,-0.008364,0.748754,0.662711,0.010094,0.054206,-0.208418,0.102050,-0.169920,0.058075,-0.024824,-0.048093,0.264368,0.190845,-0.026461,-0.073085,-0.047816,0.002003,0.177702,0.249988,-0.163882,0.949390,1.548590,0.000000,0.000000,0.110994,-0.274264,0.160607,0.945459,0.291405,0.000000,0.000000
-3.046511,0.141722,0.908779,0.010331,-0.010879,0.736503,0.676268,0.016378,0.056276,-0.179958,0.103489,-0.169456,0.054302,-0.029626,-0.042530,0.261955,0.199206,-0.019947,-0.071480,-0.034471,0.001454,0.180283,0.258941,-0.162777,0.947924,1.550595,0.000000,0.000000,0.115914,-0.269066,0.157162,0.949596,0.289756,0.000000,0.000000
-3.045716,0.139588,0.908792,0.007958,-0.013687,0.728688,0.684663,0.019086,0.062816,-0.161213,0.102208,-0.170353,0.052991,-0.034737,-0.035184,0.258621,0.205542,-0.015280,-0.069055,-0.029585,0.001214,0.180318,0.269735,-0.160876,0.947036,1.552607,0.000000,0.000000,0.119634,-0.264187,0.153821,0.951814,0.288295,0.000000,0.000000
-3.045460,0.137561,0.908637,0.005837,-0.016570,0.719134,0.694650,0.021574,0.070504,-0.139281,0.101990,-0.171941,0.051419,-0.040468,-0.026584,0.254618,0.212593,-0.012676,-0.066152,-0.023874,0.000930,0.179964,0.281845,-0.157404,0.946662,1.554079,0.000000,0.000000,0.124041,-0.258224,0.152053,0.953965,0.287540,0.000000,0.000000
-3.046414,0.135898,0.908698,0.005352,-0.018600,0.705296,0.708649,0.025702,0.072965,-0.108823,0.104812,-0.172431,0.047353,-0.046408,-0.020949,0.252344,0.221114,-0.016832,-0.064340,-0.008618,0.000179,0.180501,0.293185,-0.153836,0.945528,1.553563,0.000000,0.000000,0.129073,-0.254675,0.152091,0.957584,0.280913,0.000000,0.000000
-3.046968,0.134007,0.908396,0.004385,-0.020641,0.692288,0.721312,0.029498,0.074744,-0.079674,0.107062,-0.171760,0.043407,-0.051788,-0.015130,0.249780,0.228341,-0.021021,-0.062333,0.007312,-0.000501,0.180587,0.305164,-0.152592,0.943974,1.552160,0.000000,0.000000,0.134842,-0.253010,0.155712,0.958694,0.284954,0.000000,0.000000
-3.046271,0.131476,0.908157,0.002287,-0.023158,0.679834,0.732997,0.032590,0.080329,-0.051655,0.107498,-0.172749,0.040520,-0.057373,-0.006467,0.245451,0.235183,-0.025856,-0.059153,0.022315,-0.001055,0.178669,0.317207,-0.149507,0.945232,1.553290,0.000000,0.000000,0.138513,-0.247115,0.152284,0.963177,0.279049,0.000000,0.000000
-3.045740,0.128558,0.907788,-0.000111,-0.025347,0.668080,0.743657,0.034553,0.086755,-0.025811,0.107481,-0.173889,0.038105,-0.063291,0.002857,0.240444,0.240881,-0.029473,-0.055693,0.034318,-0.001586,0.175582,0.329988,-0.146677,0.947301,1.553443,0.000000,0.000000,0.141527,-0.240751,0.150059,0.966704,0.274059,0.000000,0.000000
-3.046823,0.125542,0.907684,-0.001427,-0.026070,0.658798,0.751867,0.034667,0.089056,-0.006367,0.107784,-0.173672,0.035649,-0.068131,0.006520,0.225657,0.244799,-0.034109,-0.052030,0.040997,-0.001951,0.171673,0.339872,-0.143655,0.949359,1.554802,0.000000,0.000000,0.144666,-0.237245,0.146539,0.969164,0.271444,0.000000,0.000000
-3.048486,0.122323,0.907373,-0.002137,-0.025952,0.650427,0.759122,0.033429,0.088342,0.010751,0.108785,-0.172630,0.032838,-0.073032,0.007317,0.207106,0.247592,-0.041078,-0.048444,0.045074,-0.002254,0.167360,0.348328,-0.141379,0.950806,1.554809,0.000000,0.000000,0.148038,-0.236457,0.144251,0.971511,0.269577,0.000000,0.000000
-3.050259,0.118860,0.906990,-0.003338,-0.025985,0.643682,0.764845,0.031044,0.087998,0.024443,0.109415,-0.171849,0.030646,-0.077852,0.007321,0.186963,0.250359,-0.050907,-0.044746,0.045579,-0.002363,0.162539,0.356186,-0.140108,0.953301,1.553846,0.000000,0.000000,0.149753,-0.234848,0.139854,0.975441,0.274206,0.000000,0.000000
-3.052580,0.115350,0.906441,-0.004297,-0.025586,0.636802,0.770591,0.027870,0.086316,0.036858,0.110087,-0.171061,0.028324,-0.083078,0.005897,0.163687,0.253685,-0.062526,-0.040868,0.044013,-0.002482,0.156551,0.366999,-0.136128,0.955476,1.552784,0.000000,0.000000,0.150827,-0.242195,0.135479,0.978441,0.261522,0.000000,0.000000
-3.055095,0.111968,0.905963,-0.005112,-0.024743,0.629794,0.776351,0.024280,0.083495,0.048301,0.110833,-0.169989,0.025887,-0.088485,0.003217,0.141781,0.257094,-0.075471,-0.037571,0.041302,-0.002435,0.150880,0.374950,-0.131435,0.958338,1.551689,0.000000,0.000000,0.152441,-0.246254,0.134501,0.980678,0.256203,0.000000,0.000000
-3.057524,0.108730,0.905468,-0.005933,-0.023965,0.623379,0.781530,0.020696,0.080786,0.058477,0.111563,-0.169128,0.023680,-0.093354,0.000853,0.119387,0.261012,-0.087584,-0.034140,0.039028,-0.002318,0.145163,0.380833,-0.128826,0.962071,1.551164,0.000000,0.000000,0.154080,-0.247219,0.132865,0.984048,0.254245,0.000000,0.000000
-3.060459,0.105690,0.905150,-0.006971,-0.023156,0.615885,0.787465,0.017029,0.077583,0.068824,0.112214,-0.168809,0.021333,-0.098691,-0.002511,0.096163,0.265451,-0.099578,-0.030865,0.036518,-0.002259,0.139204,0.386563,-0.122656,0.966311,1.550247,0.000000,0.000000,0.155587,-0.247912,0.135020,0.987453,0.253479,0.000000,0.000000
-3.063100,0.102950,0.904771,-0.007788,-0.022020,0.608921,0.792887,0.013642,0.074283,0.078537,0.112349,-0.167978,0.019066,-0.103545,-0.005695,0.075488,0.269576,-0.110367,-0.028024,0.033094,-0.002237,0.134083,0.391992,-0.116460,0.969343,1.549273,0.000000,0.000000,0.156251,-0.249730,0.136808,0.991143,0.250640,0.000000,0.000000
-3.065683,0.100616,0.904291,-0.008709,-0.020940,0.601864,0.798277,0.010388,0.071070,0.088728,0.112197,-0.167229,0.016759,-0.108281,-0.008710,0.054989,0.273758,-0.120611,-0.025207,0.029725,-0.002156,0.129195,0.397708,-0.109683,0.972488,1.548657,0.000000,0.000000,0.157024,-0.251228,0.136897,0.995002,0.248427,0.000000,0.000000
-3.068076,0.098373,0.903612,-0.009461,-0.020079,0.594560,0.803745,0.007263,0.068145,0.100998,0.111830,-0.166005,0.014219,-0.113071,-0.010866,0.029492,0.279094,-0.128330,-0.021376,0.026183,-0.002109,0.124480,0.407048,-0.097796,0.973837,1.547184,0.000000,0.000000,0.158739,-0.256858,0.131499,0.996431,0.234228,0.000000,0.000000
-3.070682,0.096333,0.903882,-0.010063,-0.018751,0.587356,0.809049,0.004523,0.064983,0.109974,0.111756,-0.165764,0.012117,-0.116802,-0.013698,0.013663,0.282293,-0.134583,-0.019408,0.023747,-0.001981,0.120082,0.409425,-0.092398,0.976532,1.542802,0.000000,0.000000,0.162026,-0.253393,0.135065,0.999221,0.237286,0.000000,0.000000
-3.072887,0.094387,0.903975,-0.010865,-0.018136,0.579987,0.814351,0.002146,0.062757,0.119912,0.112079,-0.165959,0.010103,-0.120146,-0.015169,-0.005227,0.286361,-0.137550,-0.016573,0.021433,-0.001901,0.115961,0.413621,-0.085373,0.979294,1.540466,0.000000,0.000000,0.163451,-0.252174,0.135267,1.004260,0.237176,0.000000,0.000000
-3.074986,0.092723,0.904135,-0.011665,-0.017277,0.572759,0.819459,-0.000047,0.060424,0.131084,0.112062,-0.166587,0.007881,-0.123309,-0.016464,-0.025933,0.290762,-0.138869,-0.013428,0.018869,-0.001879,0.111709,0.419088,-0.076057,0.982237,1.539054,0.000000,0.000000,0.164706,-0.252337,0.135125,1.009803,0.233688,0.000000,0.000000
-3.076950,0.091287,0.904429,-0.012472,-0.016245,0.565306,0.824627,-0.001717,0.058056,0.140953,0.111515,-0.167095,0.005850,-0.125959,-0.017760,-0.043774,0.294550,-0.139968,-0.010778,0.016575,-0.001827,0.109163,0.425224,-0.069315,0.983319,1.536612,0.000000,0.000000,0.166779,-0.253349,0.134655,1.013957,0.228995,0.000000,0.000000
-3.078718,0.090018,0.904581,-0.013631,-0.015438,0.557952,0.829618,-0.003147,0.056236,0.151989,0.110583,-0.167692,0.003781,-0.128330,-0.018411,-0.062872,0.298956,-0.140088,-0.007732,0.014625,-0.001813,0.106076,0.431842,-0.060147,0.983829,1.534086,0.000000,0.000000,0.167332,-0.255766,0.135418,1.019749,0.221020,0.000000,0.000000
-3.080340,0.088842,0.904678,-0.014398,-0.014414,0.550878,0.834337,-0.004536,0.054021,0.163361,0.109249,-0.167798,0.001575,-0.130774,-0.019445,-0.082587,0.303490,-0.139401,-0.004680,0.010421,-0.001643,0.106574,0.439682,-0.060203,0.980670,1.550308,0.000000,0.000000,0.166221,-0.257877,0.135821,1.027467,0.219656,0.000000,0.000000
-3.081954,0.087848,0.904702,-0.015102,-0.013626,0.543922,0.838889,-0.005578,0.052215,0.173087,0.108015,-0.167736,-0.000290,-0.132663,-0.020294,-0.099634,0.307252,-0.138982,-0.001998,0.007318,-0.001569,0.105313,0.445776,-0.054486,0.979932,1.555748,0.000000,0.000000,0.167159,-0.258890,0.134712,1.032638,0.215537,0.000000,0.000000
-3.083621,0.087131,0.904823,-0.015687,-0.012541,0.536716,0.843524,-0.006513,0.049881,0.182583,0.106342,-0.167564,-0.002246,-0.134556,-0.021793,-0.116397,0.310780,-0.139622,0.000469,0.004726,-0.001502,0.103690,0.452819,-0.046163,0.978419,1.557442,0.000000,0.000000,0.167798,-0.261153,0.133402,1.038276,0.212262,0.000000,0.000000
-3.085232,0.086665,0.904916,-0.016413,-0.011489,0.529436,0.848113,-0.007245,0.047460,0.192725,0.104342,-0.167520,-0.004314,-0.136379,-0.023553,-0.133046,0.314377,-0.140937,0.002862,0.002074,-0.001432,0.102384,0.458525,-0.037248,0.976717,1.557245,0.000000,0.000000,0.169039,-0.262032,0.130346,1.043233,0.212472,0.000000,0.000000
-3.086670,0.086239,0.904938,-0.017245,-0.010862,0.522285,0.852527,-0.007651,0.045579,0.203241,0.102391,-0.167514,-0.006307,-0.137959,-0.024829,-0.149508,0.318377,-0.142109,0.005371,-0.000948,-0.001409,0.101374,0.461147,-0.030970,0.975546,1.553213,0.000000,0.000000,0.168754,-0.261851,0.126844,1.049362,0.215365,0.000000,0.000000
-3.088022,0.085930,0.905132,-0.017725,-0.009927,0.515021,0.856937,-0.007847,0.043484,0.212861,0.100228,-0.167434,-0.008221,-0.139357,-0.026570,-0.164352,0.321944,-0.144283,0.007484,-0.003266,-0.001293,0.100874,0.463067,-0.025110,0.973562,1.550223,0.000000,0.000000,0.170350,-0.259279,0.130375,1.057088,0.217391,0.000000,0.000000
-3.089263,0.085643,0.905085,-0.018642,-0.009249,0.508103,0.861045,-0.008094,0.041767,0.224854,0.097844,-0.167016,-0.010391,-0.140754,-0.027949,-0.180213,0.325693,-0.146915,0.009862,-0.007054,-0.001235,0.100594,0.466192,-0.017124,0.970646,1.546082,0.000000,0.000000,0.170332,-0.258536,0.133768,1.064667,0.216565,0.000000,0.000000
-3.090386,0.085524,0.905066,-0.019296,-0.008414,0.500941,0.865225,-0.008110,0.040072,0.234981,0.095539,-0.167287,-0.012282,-0.141986,-0.029450,-0.195174,0.329295,-0.148696,0.012080,-0.010453,-0.001181,0.099926,0.469024,-0.009387,0.968483,1.543051,0.000000,0.000000,0.169358,-0.259404,0.133560,1.071440,0.213734,0.000000,0.000000
-3.091231,0.085432,0.905011,-0.019770,-0.007529,0.493746,0.869349,-0.007834,0.038178,0.243985,0.092903,-0.167855,-0.014042,-0.143202,-0.031143,-0.210086,0.333027,-0.151524,0.014236,-0.013723,-0.001104,0.099549,0.471998,-0.001934,0.965432,1.539598,0.000000,0.000000,0.168636,-0.260689,0.134075,1.077860,0.211140,0.000000,0.000000
-3.092021,0.085404,0.904905,-0.020645,-0.007365,0.486284,0.873526,-0.007175,0.037178,0.253050,0.090638,-0.168421,-0.015606,-0.143906,-0.032192,-0.223709,0.336394,-0.155669,0.016325,-0.016892,-0.001024,0.100619,0.475125,0.003909,0.962174,1.535071,0.000000,0.000000,0.167677,-0.262410,0.133439,1.083249,0.210691,0.000000,0.000000
-3.092432,0.085648,0.904868,-0.021560,-0.006734,0.479164,0.877435,-0.006172,0.036311,0.262377,0.087405,-0.169469,-0.017160,-0.144402,-0.033093,-0.239477,0.339882,-0.160262,0.018818,-0.020243,-0.000923,0.100733,0.478333,0.010622,0.958447,1.530300,0.000000,0.000000,0.166128,-0.264046,0.132907,1.089501,0.206661,0.000000,0.000000
-3.093028,0.086266,0.904905,-0.022208,-0.005233,0.471512,0.881565,-0.005352,0.034279,0.271937,0.083465,-0.170217,-0.019021,-0.145109,-0.035097,-0.255694,0.342060,-0.165655,0.021046,-0.022801,-0.000853,0.100046,0.480667,0.017690,0.954916,1.527503,0.000000,0.000000,0.164730,-0.265828,0.131082,1.094535,0.201998,0.000000,0.000000
-3.093547,0.086817,0.904852,-0.022781,-0.004024,0.464254,0.885400,-0.004535,0.032075,0.282185,0.079382,-0.170667,-0.021018,-0.145986,-0.037437,-0.272408,0.344528,-0.171328,0.023265,-0.025856,-0.000769,0.099356,0.481913,0.023342,0.951306,1.524067,0.000000,0.000000,0.164038,-0.267319,0.128237,1.097793,0.200351,0.000000,0.000000
-3.094028,0.087361,0.904813,-0.023407,-0.003146,0.457136,0.889083,-0.003585,0.030175,0.292460,0.075500,-0.171400,-0.022947,-0.146750,-0.039653,-0.289572,0.347855,-0.177599,0.025602,-0.029093,-0.000664,0.098777,0.483201,0.028636,0.947705,1.520821,0.000000,0.000000,0.162305,-0.268629,0.125495,1.102174,0.199191,0.000000,0.000000
-3.094314,0.087620,0.904857,-0.023872,-0.001948,0.449726,0.892846,-0.002851,0.028342,0.301660,0.071890,-0.171712,-0.024706,-0.147481,-0.041245,-0.303841,0.349744,-0.185926,0.027508,-0.031952,-0.000544,0.097574,0.485110,0.034815,0.944912,1.520595,0.000000,0.000000,0.160533,-0.271121,0.123221,1.105809,0.195424,0.000000,0.000000
-3.094889,0.088559,0.905137,-0.022982,-0.000388,0.440540,0.897438,-0.001511,0.024133,0.313342,0.068143,-0.172711,-0.027437,-0.148005,-0.045633,-0.316290,0.351501,-0.199230,0.028196,-0.033393,-0.000568,0.096676,0.483882,0.041657,0.941334,1.519154,0.000000,0.000000,0.158331,-0.274994,0.121127,1.110171,0.191523,0.000000,0.000000
-3.095432,0.090011,0.905247,-0.021890,0.000615,0.430957,0.902106,0.000748,0.019159,0.326330,0.064818,-0.173851,-0.030613,-0.148189,-0.051859,-0.326971,0.354879,-0.210108,0.028160,-0.033850,-0.000586,0.095849,0.482522,0.045831,0.934683,1.514191,0.000000,0.000000,0.153803,-0.282312,0.117766,1.114957,0.185710,0.000000,0.000000
-3.095191,0.091999,0.905528,-0.020683,0.000599,0.421804,0.906451,0.004277,0.015980,0.335040,0.062240,-0.175188,-0.032774,-0.147367,-0.058087,-0.336174,0.359370,-0.218887,0.028014,-0.033661,-0.000541,0.097340,0.481567,0.049183,0.929780,1.510542,0.000000,0.000000,0.153930,-0.286272,0.116170,1.117636,0.185881,0.000000,0.000000
-3.094741,0.093595,0.906077,-0.019828,-0.002075,0.413459,0.910304,0.009052,0.015526,0.342545,0.064133,-0.178400,-0.034148,-0.144349,-0.064082,-0.345478,0.365504,-0.228402,0.028045,-0.032174,-0.000499,0.098781,0.480610,0.048720,0.926821,1.507810,0.000000,0.000000,0.157797,-0.289134,0.115121,1.119104,0.184819,0.000000,0.000000
-3.094173,0.095131,0.906984,-0.018756,-0.004073,0.405069,0.914085,0.013927,0.016149,0.349173,0.070568,-0.184441,-0.035148,-0.139706,-0.071102,-0.356663,0.371286,-0.239259,0.028121,-0.030681,-0.000446,0.100833,0.478852,0.047991,0.923778,1.505131,0.000000,0.000000,0.163161,-0.291379,0.113714,1.120632,0.184720,0.000000,0.000000
-3.093224,0.096813,0.908071,-0.017491,-0.005938,0.396777,0.917729,0.018517,0.017275,0.354800,0.079204,-0.191997,-0.035908,-0.134414,-0.078433,-0.368597,0.375326,-0.249535,0.028192,-0.029929,-0.000410,0.103288,0.476025,0.047824,0.921176,1.503581,0.000000,0.000000,0.167553,-0.293446,0.111227,1.123177,0.184444,0.000000,0.000000
-3.092284,0.099310,0.909518,-0.015660,-0.008663,0.388689,0.921195,0.024440,0.018536,0.360696,0.092062,-0.202259,-0.036788,-0.127145,-0.089109,-0.385971,0.382869,-0.252760,0.028512,-0.029080,-0.000391,0.107413,0.473383,0.047515,0.917588,1.501333,0.000000,0.000000,0.173936,-0.297231,0.111520,1.125437,0.179923,0.000000,0.000000
-3.091073,0.100846,0.911135,-0.014388,-0.010941,0.381477,0.924202,0.028770,0.019789,0.365386,0.102083,-0.210503,-0.037422,-0.121293,-0.096117,-0.398049,0.387341,-0.259345,0.028762,-0.030096,-0.000310,0.110365,0.470942,0.048210,0.915453,1.500677,0.000000,0.000000,0.177968,-0.300314,0.110265,1.127128,0.175943,0.000000,0.000000
-3.089580,0.102602,0.912958,-0.012743,-0.013254,0.373738,0.927352,0.033772,0.021183,0.370623,0.113944,-0.219985,-0.038164,-0.114189,-0.104119,-0.412329,0.393377,-0.267872,0.029074,-0.031353,-0.000214,0.114408,0.466663,0.048607,0.913196,1.498702,0.000000,0.000000,0.182882,-0.302836,0.108306,1.129234,0.174950,0.000000,0.000000
-3.087394,0.103828,0.914308,-0.011167,-0.015086,0.366374,0.930278,0.038078,0.022628,0.375601,0.124333,-0.228090,-0.038815,-0.107748,-0.110211,-0.423951,0.398334,-0.271273,0.029483,-0.032987,-0.000107,0.117941,0.461865,0.047249,0.910518,1.498662,0.000000,0.000000,0.186271,-0.305025,0.106876,1.131100,0.173656,0.000000,0.000000
-3.084928,0.104883,0.915727,-0.008915,-0.017442,0.358125,0.933468,0.043192,0.024380,0.381603,0.136822,-0.237286,-0.039620,-0.100217,-0.117118,-0.437537,0.403058,-0.278217,0.029914,-0.033236,-0.000055,0.121811,0.456027,0.045994,0.907166,1.498285,0.000000,0.000000,0.190872,-0.307726,0.106366,1.133366,0.174774,0.000000,0.000000
-3.082492,0.106146,0.916440,-0.006848,-0.021554,0.352676,0.935472,0.049251,0.028328,0.392259,0.152380,-0.247270,-0.040686,-0.090544,-0.124214,-0.452934,0.411135,-0.284186,0.030676,-0.034516,0.000083,0.127363,0.449181,0.045695,0.905337,1.497791,0.000000,0.000000,0.198159,-0.309689,0.100952,1.136333,0.173209,0.000000,0.000000
-3.080149,0.106549,0.918396,-0.004783,-0.022638,0.342825,0.939114,0.052953,0.029227,0.396006,0.161690,-0.254233,-0.041319,-0.084345,-0.128356,-0.462496,0.410445,-0.288056,0.031083,-0.033959,0.000075,0.129912,0.443711,0.047580,0.905592,1.498234,0.000000,0.000000,0.201759,-0.311722,0.100720,1.136676,0.170949,0.000000,0.000000
-3.077852,0.106950,0.918899,-0.004145,-0.023833,0.335464,0.941742,0.055989,0.030862,0.400857,0.169529,-0.260305,-0.041853,-0.078290,-0.130905,-0.469936,0.407374,-0.290892,0.031533,-0.034673,0.000125,0.131806,0.438513,0.049528,0.905451,1.500486,0.000000,0.000000,0.203526,-0.313426,0.099640,1.136993,0.168507,0.000000,0.000000
-3.075280,0.106991,0.918893,-0.003809,-0.024936,0.328720,0.944091,0.058837,0.033343,0.407231,0.177299,-0.266001,-0.042391,-0.071764,-0.132200,-0.476068,0.402575,-0.291853,0.032082,-0.036156,0.000187,0.132930,0.432752,0.051043,0.904431,1.502742,0.000000,0.000000,0.204408,-0.314790,0.098194,1.137773,0.165773,0.000000,0.000000
-3.072602,0.106484,0.918807,-0.003526,-0.025556,0.321717,0.946485,0.060989,0.035808,0.413173,0.183530,-0.270365,-0.042826,-0.066149,-0.132023,-0.479639,0.396398,-0.290663,0.032613,-0.037859,0.000255,0.133336,0.428072,0.051994,0.902411,1.504189,0.000000,0.000000,0.203695,-0.316646,0.095826,1.138093,0.163150,0.000000,0.000000
-3.069843,0.105492,0.918590,-0.003359,-0.025723,0.314646,0.948855,0.063105,0.039047,0.420570,0.190198,-0.274613,-0.043306,-0.059604,-0.130117,-0.481489,0.386135,-0.285887,0.033295,-0.039900,0.000368,0.132419,0.423322,0.054369,0.898932,1.505345,0.000000,0.000000,0.201946,-0.319056,0.091992,1.138227,0.161858,0.000000,0.000000
-3.066886,0.104377,0.918211,-0.003547,-0.025374,0.307684,0.951144,0.064576,0.042510,0.428041,0.195706,-0.277762,-0.043701,-0.053544,-0.126543,-0.480652,0.373657,-0.277895,0.033983,-0.041993,0.000496,0.131051,0.417382,0.054831,0.893870,1.504284,0.000000,0.000000,0.200933,-0.320539,0.091075,1.136014,0.161329,0.000000,0.000000
-3.064106,0.102723,0.917639,-0.003476,-0.025434,0.300368,0.953478,0.065921,0.046720,0.436780,0.201412,-0.280086,-0.044128,-0.047045,-0.121017,-0.477237,0.357476,-0.263358,0.034802,-0.043201,0.000659,0.127675,0.413184,0.054211,0.883748,1.498197,0.000000,0.000000,0.200622,-0.323429,0.091371,1.131773,0.162048,0.000000,0.000000
-3.061581,0.100742,0.917063,-0.003851,-0.025181,0.293015,0.955768,0.066629,0.050875,0.445012,0.205757,-0.280810,-0.044465,-0.041321,-0.113819,-0.470703,0.338460,-0.245309,0.035589,-0.043225,0.000805,0.124691,0.411603,0.051134,0.875500,1.493186,0.000000,0.000000,0.199939,-0.326757,0.092238,1.127479,0.163479,0.000000,0.000000
-3.058774,0.098586,0.916545,-0.004444,-0.024255,0.285659,0.958014,0.066763,0.055599,0.453869,0.209225,-0.280603,-0.044735,-0.035698,-0.104461,-0.460812,0.313073,-0.230459,0.036286,-0.042486,0.000976,0.121046,0.410125,0.050100,0.868386,1.492619,0.000000,0.000000,0.199018,-0.327925,0.091464,1.122688,0.165698,0.000000,0.000000
-3.056355,0.096609,0.916085,-0.005424,-0.024082,0.278335,0.960167,0.066678,0.060900,0.463580,0.212591,-0.279733,-0.044994,-0.030238,-0.093856,-0.448660,0.287238,-0.218360,0.036811,-0.041697,0.001050,0.116269,0.405071,0.042784,0.860454,1.487229,0.000000,0.000000,0.196889,-0.327812,0.092032,1.117280,0.170383,0.000000,0.000000
-3.053860,0.094816,0.915652,-0.006402,-0.023744,0.271142,0.962225,0.066575,0.065672,0.472230,0.215506,-0.278240,-0.045220,-0.025719,-0.084676,-0.437723,0.265647,-0.210329,0.037135,-0.039619,0.001087,0.111664,0.400548,0.032900,0.853017,1.483814,0.000000,0.000000,0.194299,-0.326531,0.093228,1.113911,0.172691,0.000000,0.000000
-3.050881,0.093509,0.915297,-0.007235,-0.022929,0.264050,0.964209,0.066596,0.070497,0.481043,0.218742,-0.277177,-0.045451,-0.021052,-0.076510,-0.428201,0.245513,-0.204979,0.037383,-0.037148,0.001098,0.105830,0.396986,0.028162,0.848839,1.484720,0.000000,0.000000,0.193124,-0.325800,0.091975,1.108345,0.172384,0.000000,0.000000
-3.048432,0.092090,0.915124,-0.008369,-0.022613,0.257444,0.965992,0.066609,0.075340,0.489868,0.221996,-0.275794,-0.045675,-0.016425,-0.068438,-0.418549,0.226582,-0.200414,0.037565,-0.034767,0.001115,0.101329,0.392988,0.018909,0.843757,1.485985,0.000000,0.000000,0.192869,-0.323991,0.094602,1.103128,0.173940,0.000000,0.000000
-3.045614,0.090580,0.914906,-0.009103,-0.022226,0.250435,0.967835,0.066841,0.079725,0.497967,0.225376,-0.274717,-0.045907,-0.012412,-0.061708,-0.410400,0.211400,-0.195358,0.037711,-0.032460,0.001109,0.096296,0.388976,0.013233,0.840547,1.486401,0.000000,0.000000,0.193220,-0.322006,0.094379,1.097500,0.176335,0.000000,0.000000
-3.042862,0.089146,0.914789,-0.010337,-0.021664,0.244101,0.969453,0.066925,0.085016,0.507569,0.229036,-0.273196,-0.046130,-0.008252,-0.054023,-0.400629,0.195065,-0.189378,0.037824,-0.030274,0.001104,0.090527,0.384353,0.006406,0.836455,1.485783,0.000000,0.000000,0.194112,-0.318801,0.094551,1.090811,0.179156,0.000000,0.000000
-3.039985,0.087784,0.914631,-0.011356,-0.021417,0.237397,0.971110,0.067215,0.089928,0.516617,0.232874,-0.272197,-0.046353,-0.004892,-0.047754,-0.392462,0.183201,-0.183693,0.037910,-0.029109,0.001154,0.087604,0.381269,-0.001737,0.832958,1.491799,0.000000,0.000000,0.195143,-0.315628,0.094070,1.084492,0.181084,0.000000,0.000000
-3.037313,0.086424,0.914553,-0.012294,-0.021404,0.230752,0.972699,0.067687,0.095010,0.526122,0.237331,-0.271604,-0.046607,-0.001861,-0.041726,-0.384328,0.173299,-0.178205,0.037999,-0.027331,0.001154,0.084431,0.377602,-0.009313,0.829729,1.498380,0.000000,0.000000,0.196327,-0.312150,0.093711,1.079086,0.182239,0.000000,0.000000
-3.034897,0.085163,0.914298,-0.012792,-0.021149,0.225001,0.974045,0.068137,0.099014,0.533619,0.241210,-0.271217,-0.046827,0.000239,-0.037095,-0.377881,0.166437,-0.174211,0.038037,-0.026464,0.001147,0.081530,0.374706,-0.015098,0.826419,1.502962,0.000000,0.000000,0.197134,-0.310229,0.093702,1.074003,0.182919,0.000000,0.000000
-3.032316,0.083767,0.913693,-0.013187,-0.020991,0.218853,0.975443,0.068759,0.103098,0.541380,0.245521,-0.270978,-0.047064,0.002204,-0.032593,-0.371475,0.160721,-0.170268,0.038083,-0.025601,0.001123,0.078792,0.370846,-0.019913,0.822616,1.506668,0.000000,0.000000,0.198269,-0.307743,0.093600,1.069009,0.183043,0.000000,0.000000
-3.029923,0.082439,0.913337,-0.014099,-0.020709,0.213144,0.976700,0.069263,0.107368,0.549379,0.249628,-0.270540,-0.047263,0.004079,-0.027742,-0.364377,0.154907,-0.167132,0.038121,-0.024919,0.001097,0.075921,0.366983,-0.024535,0.817837,1.508281,0.000000,0.000000,0.199191,-0.305299,0.093799,1.063580,0.183549,0.000000,0.000000
-3.027367,0.080754,0.912304,-0.014542,-0.020430,0.206512,0.978123,0.069823,0.111607,0.557351,0.253894,-0.269692,-0.047472,0.005977,-0.022881,-0.357217,0.148890,-0.164338,0.038152,-0.023518,0.001093,0.073509,0.363617,-0.029130,0.813062,1.509298,0.000000,0.000000,0.199910,-0.303019,0.094216,1.058168,0.184543,0.000000,0.000000
-3.024400,0.078708,0.910799,-0.015240,-0.020735,0.198504,0.979762,0.070873,0.118127,0.569797,0.260752,-0.268622,-0.047801,0.008970,-0.016199,-0.347393,0.141015,-0.159941,0.038218,-0.019097,0.000994,0.070912,0.359819,-0.035679,0.806014,1.509610,0.000000,0.000000,0.201614,-0.300480,0.093990,1.051346,0.186675,0.000000,0.000000
-3.021654,0.077083,0.909207,-0.015428,-0.020607,0.191974,0.981062,0.071655,0.122491,0.578149,0.265806,-0.267760,-0.048046,0.011053,-0.011974,-0.341209,0.136006,-0.156946,0.038260,-0.015966,0.000916,0.069233,0.356906,-0.041765,0.800196,1.509488,0.000000,0.000000,0.203432,-0.299506,0.094735,1.045579,0.188644,0.000000,0.000000
-3.018866,0.075277,0.907451,-0.015680,-0.020612,0.185419,0.982318,0.072462,0.127881,0.588310,0.272746,-0.266847,-0.048306,0.013553,-0.007250,-0.334293,0.130309,-0.153724,0.038309,-0.011655,0.000823,0.067445,0.352665,-0.048669,0.793286,1.507145,0.000000,0.000000,0.206165,-0.298022,0.096571,1.038789,0.189892,0.000000,0.000000
-3.016229,0.073145,0.905991,-0.015926,-0.020820,0.179062,0.983489,0.072677,0.134084,0.599312,0.282393,-0.266972,-0.048426,0.016134,-0.002593,-0.327451,0.124688,-0.150993,0.038352,-0.007455,0.000718,0.065914,0.349008,-0.055865,0.786367,1.503939,0.000000,0.000000,0.208599,-0.296278,0.098199,1.032553,0.190874,0.000000,0.000000
-3.013779,0.070725,0.904244,-0.015819,-0.020810,0.171579,0.984823,0.072275,0.140206,0.609483,0.293977,-0.267803,-0.048456,0.018521,0.001844,-0.320831,0.118941,-0.147443,0.038375,-0.002505,0.000606,0.064518,0.345634,-0.061774,0.779378,1.501082,0.000000,0.000000,0.210600,-0.294577,0.099049,1.026843,0.191664,0.000000,0.000000
-3.011330,0.067525,0.902289,-0.015483,-0.021380,0.162699,0.986323,0.071383,0.148110,0.622106,0.310975,-0.270645,-0.048393,0.021323,0.006982,-0.313033,0.113111,-0.140299,0.038449,0.005295,0.000466,0.064373,0.341691,-0.068968,0.772300,1.501856,0.000000,0.000000,0.213358,-0.290846,0.097077,1.020753,0.198361,0.000000,0.000000
-3.009285,0.065140,0.900588,-0.015198,-0.021295,0.155916,0.987424,0.070278,0.154129,0.631090,0.325096,-0.273084,-0.048283,0.023208,0.010809,-0.307103,0.108491,-0.134759,0.038484,0.011617,0.000304,0.063449,0.337853,-0.075723,0.765695,1.502218,0.000000,0.000000,0.215485,-0.288710,0.098301,1.015952,0.200812,0.000000,0.000000
-3.007308,0.062543,0.898939,-0.015152,-0.021090,0.148832,0.988522,0.068698,0.160133,0.639496,0.339606,-0.275270,-0.048062,0.024691,0.014788,-0.300668,0.103859,-0.129867,0.038478,0.017530,0.000128,0.062376,0.334302,-0.081837,0.758803,1.500645,0.000000,0.000000,0.217009,-0.287187,0.101118,1.011453,0.201232,0.000000,0.000000
-3.005327,0.060213,0.897697,-0.015951,-0.020208,0.142885,0.989404,0.066552,0.165929,0.646963,0.352338,-0.276917,-0.047664,0.025585,0.018989,-0.293595,0.098811,-0.127476,0.038375,0.021104,0.000082,0.061358,0.332543,-0.086830,0.752080,1.499942,0.000000,0.000000,0.217869,-0.285465,0.103132,1.006572,0.201989,0.000000,0.000000
-3.003475,0.057497,0.895685,-0.015699,-0.019457,0.135683,0.990437,0.063733,0.172451,0.654725,0.368452,-0.278252,-0.047176,0.026247,0.023549,-0.285765,0.093776,-0.123976,0.038204,0.026428,-0.000070,0.059798,0.329898,-0.092573,0.743715,1.499102,0.000000,0.000000,0.218721,-0.284133,0.106447,1.000881,0.200364,0.000000,0.000000
-3.002059,0.054546,0.893907,-0.015190,-0.018350,0.128071,0.991479,0.060509,0.178072,0.660388,0.384419,-0.278994,-0.046666,0.026157,0.027801,-0.278183,0.089101,-0.119617,0.037979,0.032105,-0.000203,0.058131,0.327269,-0.098222,0.735820,1.499447,0.000000,0.000000,0.218324,-0.283108,0.109326,0.996088,0.196945,0.000000,0.000000
-3.000929,0.051512,0.892216,-0.014559,-0.016807,0.120227,0.992497,0.056772,0.182799,0.663943,0.399881,-0.279341,-0.046114,0.025204,0.031766,-0.270795,0.084499,-0.114679,0.037699,0.038203,-0.000377,0.056539,0.324346,-0.104203,0.728005,1.501105,0.000000,0.000000,0.216969,-0.281956,0.112423,0.992086,0.192631,0.000000,0.000000
-3.000711,0.047594,0.890865,-0.014126,-0.014909,0.110841,0.993626,0.050577,0.188288,0.665977,0.419769,-0.279562,-0.045173,0.022293,0.037146,-0.260229,0.079752,-0.106175,0.037245,0.047849,-0.000603,0.053873,0.320800,-0.111518,0.717779,1.504263,0.000000,0.000000,0.215550,-0.280667,0.117420,0.986972,0.188415,0.000000,0.000000
-3.000066,0.044657,0.889588,-0.013132,-0.013215,0.102896,0.994518,0.046024,0.191214,0.665581,0.433693,-0.278935,-0.044597,0.019692,0.040442,-0.253531,0.077148,-0.099881,0.036944,0.054193,-0.000791,0.051932,0.317974,-0.116156,0.710745,1.507208,0.000000,0.000000,0.213451,-0.280182,0.120544,0.983810,0.184742,0.000000,0.000000
-2.999643,0.041440,0.888381,-0.011629,-0.011615,0.094563,0.995383,0.041117,0.193380,0.663564,0.448393,-0.276948,-0.044045,0.016573,0.043253,-0.247530,0.075921,-0.092116,0.036680,0.061166,-0.000983,0.050192,0.315042,-0.120526,0.703730,1.510864,0.000000,0.000000,0.210939,-0.280184,0.123504,0.981511,0.180897,0.000000,0.000000
-2.999533,0.038136,0.887487,-0.010335,-0.009784,0.086033,0.996191,0.035023,0.195203,0.659769,0.464669,-0.273177,-0.043427,0.012550,0.046446,-0.240630,0.074413,-0.083105,0.036405,0.069359,-0.001209,0.048096,0.311407,-0.125156,0.696674,1.514327,0.000000,0.000000,0.207528,-0.280338,0.127269,0.979677,0.177529,0.000000,0.000000
-2.999312,0.034919,0.886715,-0.009102,-0.008137,0.078317,0.996854,0.029252,0.197057,0.656444,0.479708,-0.268923,-0.042836,0.008878,0.049167,-0.234737,0.073723,-0.075222,0.036196,0.076150,-0.001376,0.046542,0.308176,-0.128717,0.691196,1.517509,0.000000,0.000000,0.204347,-0.280174,0.129901,0.978810,0.174790,0.000000,0.000000
-2.999011,0.031732,0.885987,-0.007587,-0.006797,0.070200,0.997481,0.022494,0.199303,0.652650,0.498273,-0.262978,-0.042221,0.004777,0.051838,-0.228839,0.074164,-0.066208,0.036032,0.083722,-0.001571,0.045477,0.304807,-0.131207,0.686086,1.521528,0.000000,0.000000,0.200357,-0.280081,0.131510,0.979222,0.171344,0.000000,0.000000
-2.998966,0.028767,0.885825,-0.006525,-0.005503,0.062255,0.998024,0.015471,0.201618,0.648705,0.517363,-0.256070,-0.041618,0.000676,0.054564,-0.222964,0.074752,-0.059283,0.035868,0.090949,-0.001782,0.044613,0.302035,-0.132790,0.682073,1.525537,0.000000,0.000000,0.195746,-0.279963,0.133081,0.980344,0.168246,0.000000,0.000000
-2.998714,0.025682,0.885469,-0.004729,-0.004413,0.054013,0.998519,0.008413,0.203847,0.644576,0.538101,-0.247968,-0.041102,-0.003216,0.056732,-0.218143,0.077151,-0.051681,0.035773,0.098440,-0.001992,0.044496,0.298649,-0.133751,0.679335,1.528792,0.000000,0.000000,0.192825,-0.279074,0.135292,0.982874,0.167403,0.000000,0.000000
-2.998428,0.022505,0.885688,-0.003894,-0.004524,0.046838,0.998885,0.001575,0.208285,0.638570,0.562363,-0.237768,-0.039675,-0.006298,0.059574,-0.212391,0.080473,-0.045109,0.035766,0.105862,-0.002202,0.045395,0.296138,-0.134270,0.678334,1.532202,0.000000,0.000000,0.189791,-0.278397,0.136828,0.984500,0.166591,0.000000,0.000000
-2.997967,0.019201,0.885871,-0.002988,-0.004839,0.039665,0.999197,-0.004645,0.213610,0.631322,0.587208,-0.226645,-0.037725,-0.008050,0.062558,-0.206780,0.083073,-0.039856,0.035814,0.112568,-0.002391,0.047126,0.293849,-0.133737,0.678676,1.534674,0.000000,0.000000,0.187784,-0.277004,0.137643,0.987020,0.165941,0.000000,0.000000
-2.997547,0.015977,0.886171,-0.002183,-0.005604,0.032835,0.999443,-0.011043,0.219544,0.621516,0.614281,-0.213209,-0.035229,-0.008754,0.065748,-0.201073,0.085589,-0.034808,0.035923,0.119235,-0.002589,0.049856,0.291801,-0.133194,0.679946,1.536295,0.000000,0.000000,0.186710,-0.274915,0.138558,0.989985,0.165808,0.000000,0.000000
-2.997247,0.012755,0.886407,-0.001099,-0.006687,0.026429,0.999628,-0.017156,0.224842,0.610053,0.640834,-0.198359,-0.032628,-0.008628,0.068509,-0.196315,0.087944,-0.029379,0.036072,0.125686,-0.002809,0.053025,0.289745,-0.132860,0.682210,1.536568,0.000000,0.000000,0.186687,-0.272626,0.138879,0.993372,0.166410,0.000000,0.000000
-2.997456,0.010348,0.887493,-0.001074,-0.008966,0.021674,0.999724,-0.023296,0.230304,0.594746,0.668364,-0.181737,-0.029316,-0.007615,0.071062,-0.192103,0.091236,-0.028018,0.036237,0.131688,-0.002982,0.056706,0.288671,-0.135946,0.686768,1.534660,0.000000,0.000000,0.188582,-0.268747,0.140638,0.997332,0.169401,0.000000,0.000000
-2.997166,0.007706,0.887809,0.000164,-0.009348,0.016235,0.999825,-0.029708,0.233239,0.579222,0.691751,-0.167421,-0.026639,-0.007094,0.072802,-0.189190,0.092543,-0.024424,0.036350,0.136366,-0.003189,0.059822,0.287735,-0.134999,0.690063,1.532438,0.000000,0.000000,0.189382,-0.266881,0.139771,1.000004,0.171464,0.000000,0.000000
-2.998147,0.005621,0.888071,0.001804,-0.010630,0.011192,0.999879,-0.037103,0.233619,0.561014,0.713930,-0.157980,-0.024254,-0.007039,0.073660,-0.187687,0.094120,-0.017318,0.036514,0.140964,-0.003416,0.063212,0.285497,-0.134341,0.693610,1.530053,0.000000,0.000000,0.190400,-0.265450,0.139339,1.002781,0.172319,0.000000,0.000000
-2.999758,0.004282,0.888370,0.003230,-0.011923,0.007171,0.999898,-0.045144,0.231882,0.541405,0.732968,-0.156459,-0.022121,-0.007589,0.073677,-0.187458,0.095667,-0.009465,0.036690,0.144457,-0.003568,0.066297,0.283558,-0.133820,0.697612,1.527886,0.000000,0.000000,0.191906,-0.264439,0.139174,1.005243,0.172927,0.000000,0.000000
-3.001522,0.003246,0.888372,0.004887,-0.013044,0.003793,0.999896,-0.054530,0.228852,0.520020,0.752497,-0.160696,-0.020027,-0.008680,0.072824,-0.188603,0.097066,-0.001050,0.036891,0.146817,-0.003687,0.069144,0.281227,-0.133056,0.702291,1.525714,0.000000,0.000000,0.193089,-0.264066,0.138821,1.007720,0.172259,0.000000,0.000000
-3.003348,0.002377,0.887108,0.006879,-0.012594,0.000381,0.999897,-0.066682,0.223857,0.500051,0.773885,-0.164361,-0.019020,-0.011046,0.072376,-0.188754,0.097079,0.011414,0.037065,0.147447,-0.003846,0.073035,0.275765,-0.136690,0.705771,1.523776,0.000000,0.000000,0.193259,-0.272397,0.142340,1.004616,0.180144,0.000000,0.000000
-3.007645,0.001022,0.884823,0.011179,-0.013155,-0.003818,0.999844,-0.083635,0.216547,0.480245,0.804041,-0.169009,-0.019174,-0.015672,0.069067,-0.193113,0.098790,0.037619,0.037486,0.149471,-0.003886,0.076816,0.267555,-0.139563,0.711405,1.520129,0.000000,0.000000,0.196282,-0.280367,0.148623,1.004743,0.190827,0.000000,0.000000
-3.009054,0.001144,0.885842,0.010534,-0.013577,-0.004150,0.999844,-0.093985,0.214322,0.466447,0.821421,-0.170143,-0.018128,-0.017623,0.068178,-0.190113,0.096214,0.037135,0.036803,0.147753,-0.003651,0.079055,0.266512,-0.139919,0.715487,1.518335,0.000000,0.000000,0.197333,-0.281614,0.152062,1.005634,0.194702,0.000000,0.000000
-3.009863,0.002279,0.886892,0.011512,-0.014681,-0.004553,0.999816,-0.106923,0.209971,0.446550,0.844821,-0.172373,-0.016853,-0.018125,0.063015,-0.174738,0.092745,0.025711,0.032516,0.144849,-0.003460,0.083130,0.267642,-0.139892,0.721328,1.516028,0.000000,0.000000,0.199039,-0.284526,0.156057,1.005067,0.197324,0.000000,0.000000
-3.010184,0.001526,0.886804,0.013490,-0.015802,-0.008061,0.999752,-0.115815,0.208341,0.436615,0.865327,-0.176104,-0.016326,-0.017916,0.059680,-0.167482,0.093009,0.020371,0.030207,0.144690,-0.003480,0.087301,0.267294,-0.138988,0.725740,1.514747,0.000000,0.000000,0.201330,-0.287143,0.160379,1.004325,0.197899,0.000000,0.000000
-3.010573,0.000440,0.886645,0.015297,-0.017272,-0.012192,0.999659,-0.125027,0.207912,0.429129,0.888832,-0.181618,-0.015946,-0.017445,0.057108,-0.161932,0.094363,0.019507,0.028498,0.145822,-0.003521,0.092605,0.266108,-0.137396,0.730863,1.514389,0.000000,0.000000,0.204543,-0.289562,0.165879,1.004046,0.198390,0.000000,0.000000
-3.010755,-0.000488,0.886835,0.016912,-0.018643,-0.016300,0.999550,-0.135120,0.208269,0.422824,0.915468,-0.188409,-0.015713,-0.016561,0.054388,-0.156587,0.096094,0.021728,0.026878,0.148342,-0.003588,0.098914,0.264628,-0.136101,0.736691,1.514576,0.000000,0.000000,0.209439,-0.291490,0.173401,1.004660,0.200990,0.000000,0.000000
-3.010992,-0.001299,0.887186,0.018411,-0.020264,-0.020356,0.999418,-0.144822,0.208901,0.417660,0.941078,-0.195663,-0.015591,-0.015388,0.051786,-0.151822,0.097867,0.023834,0.025439,0.151602,-0.003669,0.105320,0.263621,-0.135541,0.742524,1.515198,0.000000,0.000000,0.214451,-0.293578,0.181176,1.005629,0.205180,0.000000,0.000000
-3.011157,-0.002220,0.887544,0.019924,-0.022046,-0.024595,0.999256,-0.154276,0.209862,0.413183,0.966403,-0.203571,-0.015476,-0.013981,0.049441,-0.146861,0.099644,0.025628,0.024047,0.155093,-0.003795,0.111906,0.262761,-0.133742,0.748326,1.516503,0.000000,0.000000,0.218295,-0.296179,0.186839,1.005355,0.206299,0.000000,0.000000
-3.011359,-0.002765,0.887956,0.021354,-0.023841,-0.029076,0.999065,-0.163757,0.210391,0.408958,0.990861,-0.211978,-0.015536,-0.012536,0.046941,-0.142225,0.101408,0.026731,0.022655,0.158944,-0.003908,0.118903,0.262040,-0.131573,0.754106,1.518281,0.000000,0.000000,0.222896,-0.298463,0.192026,1.004671,0.206220,0.000000,0.000000
-3.011552,-0.003468,0.888324,0.022849,-0.025764,-0.033360,0.998850,-0.173280,0.210837,0.405259,1.014655,-0.220806,-0.015721,-0.011038,0.044627,-0.137155,0.103565,0.028217,0.021240,0.163047,-0.004041,0.126372,0.261254,-0.129476,0.759685,1.520211,0.000000,0.000000,0.228501,-0.300417,0.197127,1.004238,0.206291,0.000000,0.000000
-3.011873,-0.003992,0.888666,0.024151,-0.027733,-0.037023,0.998637,-0.183071,0.210619,0.400526,1.036784,-0.229297,-0.015859,-0.009580,0.042763,-0.130438,0.105585,0.029684,0.019656,0.167030,-0.004195,0.133930,0.260933,-0.127425,0.765178,1.521862,0.000000,0.000000,0.234389,-0.302495,0.201411,1.003827,0.207166,0.000000,0.000000
-3.012288,-0.004422,0.888907,0.025451,-0.029823,-0.040927,0.998393,-0.193037,0.209878,0.395327,1.057659,-0.237558,-0.016045,-0.008205,0.041077,-0.122848,0.107682,0.030843,0.017950,0.171287,-0.004334,0.141753,0.260755,-0.126168,0.770297,1.522707,0.000000,0.000000,0.241518,-0.304038,0.207003,1.004223,0.210351,0.000000,0.000000
-3.012771,-0.004631,0.888988,0.026645,-0.032206,-0.044905,0.998116,-0.203067,0.208817,0.390320,1.077492,-0.245574,-0.016361,-0.006820,0.039284,-0.115713,0.110653,0.032766,0.016307,0.175791,-0.004460,0.149738,0.260642,-0.124298,0.775387,1.523195,0.000000,0.000000,0.247405,-0.305773,0.211188,1.004103,0.212485,0.000000,0.000000
-3.013277,-0.004632,0.888930,0.027777,-0.034484,-0.049212,0.997806,-0.213299,0.207364,0.385769,1.095843,-0.253493,-0.016883,-0.005531,0.037308,-0.108902,0.113526,0.034448,0.014661,0.180607,-0.004658,0.157868,0.260542,-0.122009,0.780184,1.523338,0.000000,0.000000,0.252773,-0.307650,0.214817,1.003598,0.212977,0.000000,0.000000
-3.013646,-0.004512,0.888750,0.028893,-0.036600,-0.053357,0.997486,-0.223592,0.205567,0.381821,1.112346,-0.261289,-0.017626,-0.004260,0.035134,-0.102833,0.116702,0.037283,0.013098,0.185701,-0.004811,0.166294,0.260723,-0.119864,0.784645,1.523572,0.000000,0.000000,0.258429,-0.309412,0.217744,1.002910,0.213342,0.000000,0.000000
-3.014001,-0.004286,0.888486,0.029856,-0.038350,-0.057373,0.997169,-0.233459,0.203603,0.378526,1.125316,-0.268384,-0.018453,-0.003301,0.033297,-0.098334,0.118860,0.040267,0.011887,0.190673,-0.004973,0.173819,0.261314,-0.118381,0.788023,1.523307,0.000000,0.000000,0.263642,-0.311541,0.221035,1.001670,0.214845,0.000000,0.000000
-3.014447,-0.004089,0.888245,0.030790,-0.040910,-0.060612,0.996847,-0.243572,0.201327,0.374893,1.137316,-0.275307,-0.019268,-0.002189,0.031677,-0.091961,0.121810,0.042820,0.010401,0.195189,-0.005132,0.181890,0.261437,-0.117012,0.792031,1.522172,0.000000,0.000000,0.269071,-0.313036,0.223400,1.001397,0.215865,0.000000,0.000000
-3.014722,-0.003804,0.888067,0.031815,-0.043263,-0.063957,0.996507,-0.254529,0.198479,0.370924,1.148462,-0.282517,-0.020225,-0.000946,0.029744,-0.085322,0.126007,0.046093,0.008792,0.200233,-0.005299,0.190901,0.261992,-0.115981,0.796182,1.520643,0.000000,0.000000,0.275176,-0.314348,0.225517,1.002093,0.216578,0.000000,0.000000
-3.014942,-0.003305,0.887878,0.032648,-0.045378,-0.067139,0.996176,-0.264391,0.195553,0.367697,1.156006,-0.288511,-0.021219,0.000108,0.027959,-0.079892,0.129663,0.049202,0.007420,0.204726,-0.005422,0.199079,0.262805,-0.115156,0.799561,1.519378,0.000000,0.000000,0.280856,-0.315245,0.227063,1.003062,0.217232,0.000000,0.000000
-3.015790,-0.002593,0.886802,0.033068,-0.047566,-0.070166,0.995852,-0.276628,0.192564,0.364440,1.164046,-0.295583,-0.022349,0.001039,0.026172,-0.073660,0.133188,0.052525,0.005905,0.209714,-0.005566,0.208906,0.264804,-0.114513,0.803465,1.517883,0.000000,0.000000,0.287008,-0.315811,0.228591,1.004101,0.218312,0.000000,0.000000
-3.015985,-0.001794,0.886229,0.033498,-0.049418,-0.073743,0.995489,-0.287279,0.189925,0.362520,1.168713,-0.301463,-0.023548,0.001896,0.024297,-0.069488,0.136270,0.054049,0.004703,0.214654,-0.005735,0.217344,0.266809,-0.114219,0.806684,1.516327,0.000000,0.000000,0.292195,-0.316402,0.230552,1.004889,0.219428,0.000000,0.000000
-3.015965,-0.001105,0.885818,0.034014,-0.051318,-0.077207,0.995112,-0.298404,0.186767,0.361034,1.170314,-0.307441,-0.024976,0.003079,0.022248,-0.064504,0.139519,0.054819,0.003302,0.219926,-0.005940,0.226405,0.268926,-0.113651,0.810449,1.515066,0.000000,0.000000,0.296464,-0.317478,0.232031,1.005733,0.219232,0.000000,0.000000
-3.015640,-0.000364,0.885501,0.034451,-0.052803,-0.080723,0.994740,-0.307924,0.183739,0.359815,1.168606,-0.312086,-0.026215,0.004213,0.020522,-0.061891,0.141984,0.057755,0.002406,0.224803,-0.006120,0.234303,0.270163,-0.113090,0.813784,1.514642,0.000000,0.000000,0.299913,-0.318092,0.232982,1.006674,0.218951,0.000000,0.000000
-3.015163,0.000098,0.885291,0.034970,-0.055065,-0.083432,0.994376,-0.317597,0.180519,0.358488,1.164637,-0.316496,-0.027381,0.005787,0.019022,-0.055724,0.145501,0.058388,0.000935,0.229257,-0.006275,0.243446,0.272100,-0.112435,0.817183,1.513968,0.000000,0.000000,0.304465,-0.318821,0.234387,1.008084,0.218238,0.000000,0.000000
-3.014520,0.000590,0.884985,0.035443,-0.057156,-0.086236,0.994002,-0.326363,0.177479,0.358085,1.158474,-0.320138,-0.028581,0.007510,0.017735,-0.050094,0.149315,0.059361,-0.000388,0.233454,-0.006432,0.252656,0.273870,-0.112510,0.820583,1.513144,0.000000,0.000000,0.309184,-0.319090,0.236069,1.009629,0.218118,0.000000,0.000000
-3.013630,0.001113,0.884716,0.035786,-0.058932,-0.089108,0.993633,-0.334026,0.174909,0.358258,1.150656,-0.323137,-0.029650,0.009238,0.016558,-0.045462,0.152451,0.060461,-0.001516,0.237268,-0.006569,0.261021,0.275364,-0.112136,0.823634,1.512414,0.000000,0.000000,0.313146,-0.319413,0.236828,1.011186,0.217776,0.000000,0.000000
-3.012614,0.001729,0.884458,0.036036,-0.060878,-0.092064,0.993237,-0.341909,0.172189,0.358926,1.140209,-0.325616,-0.030784,0.011435,0.014993,-0.041615,0.156030,0.061925,-0.002613,0.241529,-0.006736,0.270539,0.277135,-0.112577,0.826638,1.511004,0.000000,0.000000,0.317705,-0.319439,0.238272,1.012962,0.218072,0.000000,0.000000
-3.011409,0.002230,0.884324,0.035335,-0.063080,-0.094090,0.992935,-0.348209,0.170960,0.357591,1.128874,-0.327461,-0.030791,0.013946,0.014399,-0.039339,0.159388,0.062258,-0.003156,0.244563,-0.006824,0.279319,0.279732,-0.112728,0.829805,1.510536,0.000000,0.000000,0.321472,-0.318427,0.239052,1.014384,0.218029,0.000000,0.000000
-3.010078,0.002912,0.884248,0.034477,-0.065208,-0.095563,0.992687,-0.354733,0.169713,0.354959,1.114293,-0.328976,-0.030399,0.017112,0.014020,-0.037728,0.162610,0.060044,-0.003526,0.247061,-0.006927,0.289017,0.283270,-0.113037,0.832823,1.510037,0.000000,0.000000,0.326128,-0.316840,0.240273,1.015636,0.218217,0.000000,0.000000
-3.008661,0.003404,0.884051,0.033805,-0.067529,-0.096770,0.992438,-0.360032,0.168533,0.352220,1.099916,-0.330005,-0.029903,0.020305,0.013804,-0.037508,0.166112,0.059399,-0.003607,0.248658,-0.007003,0.297620,0.286586,-0.113492,0.835619,1.509371,0.000000,0.000000,0.329541,-0.315279,0.241283,1.017167,0.218251,0.000000,0.000000
-3.007042,0.003921,0.883963,0.032983,-0.069345,-0.098059,0.992214,-0.365364,0.167289,0.349206,1.082156,-0.330680,-0.029248,0.023860,0.013597,-0.037985,0.169122,0.057978,-0.003565,0.249741,-0.007100,0.306853,0.290103,-0.113486,0.838935,1.509101,0.000000,0.000000,0.332013,-0.313869,0.241993,1.018600,0.216641,0.000000,0.000000
-3.005348,0.004558,0.883925,0.032334,-0.071160,-0.099173,0.991996,-0.370095,0.165582,0.346015,1.062969,-0.331122,-0.028584,0.027361,0.012908,-0.038964,0.171918,0.056441,-0.003575,0.250455,-0.007184,0.315729,0.293086,-0.113731,0.842633,1.508976,0.000000,0.000000,0.334359,-0.312129,0.243206,1.020611,0.215332,0.000000,0.000000
-3.003522,0.005304,0.883883,0.031574,-0.072731,-0.100253,0.991798,-0.374272,0.163576,0.342829,1.042392,-0.330760,-0.027914,0.030764,0.011922,-0.041036,0.174334,0.054183,-0.003480,0.251022,-0.007262,0.324202,0.295889,-0.114479,0.846362,1.508727,0.000000,0.000000,0.337222,-0.310549,0.245117,1.021857,0.214534,0.000000,0.000000
-3.001658,0.006158,0.883844,0.030820,-0.074247,-0.101016,0.991632,-0.377908,0.161102,0.339525,1.020257,-0.329884,-0.027234,0.034070,0.010712,-0.043477,0.176659,0.050802,-0.003386,0.251113,-0.007340,0.332115,0.298563,-0.115247,0.850469,1.508257,0.000000,0.000000,0.339566,-0.309301,0.246235,1.022970,0.213882,0.000000,0.000000
-2.999726,0.007076,0.883736,0.030178,-0.075571,-0.101658,0.991486,-0.381118,0.158037,0.335987,0.996778,-0.328819,-0.026561,0.037174,0.009396,-0.046064,0.179164,0.047992,-0.003295,0.250802,-0.007420,0.339446,0.300879,-0.115422,0.855156,1.507939,0.000000,0.000000,0.341153,-0.308273,0.246285,1.024378,0.212578,0.000000,0.000000
-2.997777,0.008122,0.883638,0.029497,-0.076781,-0.102164,0.991361,-0.383920,0.154500,0.332293,0.972159,-0.327357,-0.025900,0.040054,0.007914,-0.049001,0.181768,0.045152,-0.003193,0.250229,-0.007479,0.346299,0.302444,-0.115805,0.860762,1.507753,0.000000,0.000000,0.342678,-0.306690,0.246489,1.026056,0.211276,0.000000,0.000000
-2.995858,0.009266,0.883544,0.028947,-0.078006,-0.102697,0.991227,-0.386067,0.150483,0.328483,0.946735,-0.325208,-0.025254,0.042755,0.006121,-0.051950,0.184641,0.042053,-0.003178,0.249434,-0.007524,0.352628,0.303692,-0.116474,0.866835,1.507418,0.000000,0.000000,0.343753,-0.305455,0.247123,1.027970,0.209820,0.000000,0.000000
-2.993777,0.010460,0.883451,0.028434,-0.078890,-0.103005,0.991140,-0.387811,0.146049,0.324541,0.920364,-0.322876,-0.024611,0.045261,0.004220,-0.054252,0.187337,0.038286,-0.003310,0.248396,-0.007540,0.358099,0.304430,-0.117531,0.872574,1.506678,0.000000,0.000000,0.344259,-0.304300,0.247762,1.029848,0.208698,0.000000,0.000000
-2.991642,0.011789,0.883362,0.028111,-0.079753,-0.103645,0.991013,-0.388959,0.141581,0.320781,0.895898,-0.320415,-0.024080,0.047428,0.002139,-0.055812,0.189659,0.033842,-0.003634,0.247331,-0.007587,0.362738,0.304375,-0.118158,0.878838,1.506175,0.000000,0.000000,0.343961,-0.303308,0.248507,1.032440,0.206896,0.000000,0.000000
-2.989465,0.013058,0.883431,0.027850,-0.079858,-0.105327,0.990835,-0.389860,0.137244,0.317310,0.868648,-0.317620,-0.023397,0.049313,-0.000875,-0.060237,0.192305,0.031255,-0.003720,0.246358,-0.007602,0.367679,0.303222,-0.117008,0.886296,1.506355,0.000000,0.000000,0.342775,-0.302145,0.249823,1.036443,0.204344,0.000000,0.000000
-2.987976,0.014140,0.883338,0.027677,-0.081152,-0.104502,0.990822,-0.390314,0.132325,0.313492,0.844001,-0.315562,-0.022879,0.050862,-0.002438,-0.060892,0.195786,0.028157,-0.004042,0.244379,-0.007611,0.371396,0.302160,-0.117841,0.893877,1.505814,0.000000,0.000000,0.341130,-0.301275,0.251273,1.040610,0.203083,0.000000,0.000000
-2.986379,0.014807,0.883290,0.027539,-0.081606,-0.103474,0.990896,-0.390722,0.126845,0.309291,0.815806,-0.312176,-0.022261,0.052206,-0.002889,-0.058162,0.199240,0.024612,-0.004645,0.240898,-0.007552,0.374594,0.300313,-0.119550,0.902748,1.505044,0.000000,0.000000,0.338447,-0.300080,0.252992,1.046133,0.201886,0.000000,0.000000
-2.984652,0.015698,0.883254,0.027474,-0.081745,-0.103388,0.990895,-0.390952,0.122069,0.305687,0.790609,-0.307838,-0.021736,0.053129,-0.003499,-0.055358,0.202225,0.021615,-0.005325,0.237973,-0.007515,0.376710,0.298032,-0.121179,0.911566,1.504090,0.000000,0.000000,0.335098,-0.299057,0.255090,1.051659,0.200550,0.000000,0.000000
-2.982578,0.016463,0.883191,0.027493,-0.081922,-0.103896,0.990827,-0.390840,0.118276,0.302939,0.768203,-0.302942,-0.021284,0.053955,-0.004561,-0.053143,0.204907,0.017980,-0.006035,0.235802,-0.007463,0.377992,0.295826,-0.122089,0.920118,1.503667,0.000000,0.000000,0.331266,-0.297725,0.257321,1.057331,0.198657,0.000000,0.000000
-2.979939,0.017257,0.882932,0.027595,-0.081919,-0.104594,0.990751,-0.390515,0.114668,0.300394,0.745903,-0.297671,-0.020856,0.054895,-0.006114,-0.051296,0.207954,0.014834,-0.006825,0.234020,-0.007434,0.379160,0.293907,-0.122175,0.929264,1.504009,0.000000,0.000000,0.326930,-0.296784,0.259207,1.063981,0.196164,0.000000,0.000000
-2.977195,0.019061,0.883037,0.028238,-0.082271,-0.108570,0.990276,-0.389280,0.111421,0.298404,0.726238,-0.292794,-0.020501,0.055893,-0.010968,-0.054619,0.211742,0.009984,-0.007674,0.235006,-0.007522,0.380755,0.289849,-0.122174,0.938664,1.504354,0.000000,0.000000,0.322301,-0.295775,0.262132,1.071140,0.193230,0.000000,0.000000
-2.974572,0.020171,0.882904,0.028635,-0.082361,-0.110175,0.990080,-0.387793,0.108173,0.296468,0.706628,-0.288550,-0.020174,0.056812,-0.015392,-0.056840,0.215404,0.004657,-0.008566,0.235820,-0.007560,0.381701,0.286214,-0.122213,0.948341,1.505648,0.000000,0.000000,0.316994,-0.294980,0.264363,1.079047,0.189891,0.000000,0.000000
-2.972148,0.021302,0.882811,0.029115,-0.082383,-0.111852,0.989876,-0.386194,0.104767,0.294425,0.687402,-0.283569,-0.019883,0.057653,-0.019519,-0.057771,0.218737,-0.000604,-0.009592,0.236729,-0.007591,0.382167,0.282153,-0.122735,0.958160,1.506193,0.000000,0.000000,0.311476,-0.294024,0.266863,1.087171,0.186705,0.000000,0.000000
-2.969677,0.022209,0.882670,0.029602,-0.081980,-0.113365,0.989723,-0.384797,0.101718,0.292551,0.670374,-0.277579,-0.019679,0.058256,-0.022627,-0.057000,0.221143,-0.004586,-0.010617,0.237264,-0.007632,0.381861,0.278317,-0.123245,0.967227,1.506423,0.000000,0.000000,0.305745,-0.293082,0.269294,1.095109,0.183572,0.000000,0.000000
-2.967168,0.023067,0.882507,0.030059,-0.081484,-0.115204,0.989538,-0.383411,0.098831,0.290814,0.653266,-0.270740,-0.019498,0.058792,-0.025661,-0.055847,0.223237,-0.008481,-0.011691,0.237881,-0.007671,0.380996,0.274301,-0.123910,0.976672,1.506858,0.000000,0.000000,0.299423,-0.292063,0.272227,1.103523,0.180344,0.000000,0.000000
-2.964515,0.024389,0.882515,0.030478,-0.080914,-0.117364,0.989318,-0.381735,0.095836,0.288994,0.636729,-0.261583,-0.019405,0.059284,-0.029325,-0.054611,0.224649,-0.015285,-0.012960,0.238811,-0.007714,0.379821,0.270179,-0.124106,0.986467,1.507167,0.000000,0.000000,0.292296,-0.290871,0.274974,1.112353,0.176064,0.000000,0.000000
-2.962015,0.024938,0.882141,0.031148,-0.080366,-0.119167,0.989126,-0.380143,0.093289,0.287529,0.621106,-0.252943,-0.019312,0.059655,-0.032337,-0.052610,0.226284,-0.018792,-0.014175,0.239834,-0.007758,0.377987,0.265771,-0.124340,0.995965,1.507416,0.000000,0.000000,0.284590,-0.289574,0.277825,1.121883,0.171087,0.000000,0.000000
-2.959572,0.025296,0.881609,0.031705,-0.079589,-0.121444,0.988894,-0.378692,0.091460,0.286611,0.607017,-0.244178,-0.019214,0.059862,-0.034703,-0.050669,0.228036,-0.014597,-0.015213,0.241083,-0.007788,0.375935,0.261256,-0.124705,1.004868,1.507142,0.000000,0.000000,0.276967,-0.287945,0.281313,1.131740,0.166711,0.000000,0.000000
-2.956973,0.026147,0.881267,0.031782,-0.078742,-0.123675,0.988683,-0.377651,0.090242,0.286021,0.596593,-0.236990,-0.019144,0.060022,-0.036845,-0.049373,0.228618,-0.012218,-0.016068,0.242580,-0.007805,0.374331,0.257775,-0.125042,1.011635,1.506460,0.000000,0.000000,0.270861,-0.286420,0.284619,1.139097,0.163131,0.000000,0.000000
-2.954241,0.026791,0.881016,0.031970,-0.077771,-0.125897,0.988473,-0.376518,0.089212,0.285592,0.586931,-0.228923,-0.019119,0.060231,-0.039039,-0.047804,0.228874,-0.011188,-0.016986,0.244302,-0.007842,0.372415,0.254362,-0.125235,1.018588,1.505559,0.000000,0.000000,0.264184,-0.284808,0.288044,1.146635,0.159303,0.000000,0.000000
-2.951430,0.027458,0.880903,0.032093,-0.076779,-0.128246,0.988245,-0.375304,0.088377,0.285328,0.578281,-0.219527,-0.019149,0.060517,-0.041343,-0.045948,0.229245,-0.011469,-0.017982,0.246292,-0.007888,0.370097,0.250726,-0.125521,1.025434,1.504099,0.000000,0.000000,0.257298,-0.282917,0.292066,1.154088,0.155390,0.000000,0.000000
-2.948541,0.028032,0.880908,0.032217,-0.075600,-0.130316,0.988061,-0.373703,0.087528,0.285143,0.569489,-0.206912,-0.019296,0.060909,-0.043974,-0.043523,0.229787,-0.013542,-0.019167,0.248692,-0.007965,0.366849,0.246600,-0.125792,1.033243,1.502176,0.000000,0.000000,0.248515,-0.280513,0.296561,1.162766,0.150688,0.000000,0.000000
-2.945629,0.028762,0.881127,0.032013,-0.074450,-0.132229,0.987901,-0.372021,0.086947,0.285170,0.562310,-0.193540,-0.019522,0.061257,-0.046335,-0.039876,0.229434,-0.022371,-0.020452,0.250616,-0.008006,0.363393,0.242857,-0.126234,1.040352,1.499689,0.000000,0.000000,0.240013,-0.277868,0.301419,1.171030,0.145786,0.000000,0.000000
-2.942516,0.029233,0.881126,0.031810,-0.073366,-0.134225,0.987719,-0.370063,0.086782,0.285588,0.556030,-0.177787,-0.019858,0.061780,-0.048574,-0.035647,0.230046,-0.033914,-0.021789,0.252325,-0.008039,0.359525,0.238934,-0.126402,1.047319,1.496326,0.000000,0.000000,0.231079,-0.274898,0.307019,1.178887,0.140978,0.000000,0.000000
-2.939420,0.029290,0.881175,0.031696,-0.072160,-0.136299,0.987528,-0.368558,0.087626,0.286004,0.552646,-0.166371,-0.019941,0.062160,-0.050103,-0.033703,0.231120,-0.041118,-0.022543,0.253271,-0.008073,0.356642,0.236508,-0.125877,1.051901,1.493837,0.000000,0.000000,0.224340,-0.272609,0.309941,1.184105,0.138386,0.000000,0.000000
-2.936020,0.032269,0.880527,0.028152,-0.071566,-0.137032,0.987577,-0.366006,0.085948,0.285513,0.546170,-0.136880,-0.020898,0.062908,-0.050576,-0.032175,0.234214,-0.051523,-0.022907,0.254220,-0.008036,0.351328,0.234337,-0.125230,1.058808,1.490474,0.000000,0.000000,0.214550,-0.266773,0.316375,1.190202,0.137778,0.000000,0.000000
-2.932988,0.032577,0.880428,0.027742,-0.070319,-0.137591,0.987600,-0.364371,0.085474,0.285601,0.542548,-0.118908,-0.021534,0.063228,-0.050996,-0.031161,0.235974,-0.057703,-0.023182,0.254058,-0.008069,0.347742,0.232752,-0.124951,1.062113,1.488027,0.000000,0.000000,0.208215,-0.263379,0.319239,1.193315,0.138887,0.000000,0.000000
-2.929700,0.033024,0.880458,0.027514,-0.068830,-0.138480,0.987587,-0.362958,0.085254,0.285794,0.540493,-0.105718,-0.022026,0.063415,-0.051941,-0.030957,0.237452,-0.062637,-0.023471,0.254533,-0.008125,0.344718,0.230954,-0.125828,1.064109,1.485710,0.000000,0.000000,0.203570,-0.260239,0.323409,1.195526,0.139036,0.000000,0.000000
-2.926437,0.033223,0.880406,0.027236,-0.067362,-0.139268,0.987585,-0.361455,0.085249,0.286164,0.539354,-0.094175,-0.022505,0.063525,-0.052756,-0.030330,0.238996,-0.066972,-0.023794,0.254664,-0.008165,0.341447,0.229013,-0.126600,1.065642,1.483266,0.000000,0.000000,0.198712,-0.257197,0.327385,1.196744,0.138604,0.000000,0.000000
-2.923155,0.033537,0.880383,0.026887,-0.066089,-0.140253,0.987542,-0.359762,0.085396,0.286707,0.539194,-0.084394,-0.022958,0.063645,-0.053676,-0.029613,0.240840,-0.070868,-0.024165,0.254183,-0.008175,0.337932,0.227475,-0.126706,1.066492,1.481130,0.000000,0.000000,0.192915,-0.254439,0.329836,1.197627,0.138947,0.000000,0.000000
-2.919611,0.034083,0.880419,0.026315,-0.064329,-0.140811,0.987594,-0.358052,0.085388,0.287109,0.539370,-0.076336,-0.023379,0.063685,-0.054641,-0.029331,0.242486,-0.074984,-0.024472,0.254516,-0.008201,0.334414,0.225596,-0.127847,1.066659,1.479327,0.000000,0.000000,0.188085,-0.251155,0.334478,1.197679,0.137597,0.000000,0.000000
-2.916080,0.034372,0.880296,0.025746,-0.062620,-0.141086,0.987679,-0.356203,0.085302,0.287472,0.540066,-0.069366,-0.023784,0.063645,-0.055068,-0.028319,0.244160,-0.078521,-0.024749,0.254333,-0.008223,0.330754,0.223885,-0.129423,1.066173,1.477776,0.000000,0.000000,0.183576,-0.248018,0.339598,1.196636,0.136293,0.000000,0.000000
-2.912392,0.034809,0.880172,0.025128,-0.060791,-0.141450,0.987758,-0.354359,0.085154,0.287821,0.541342,-0.063132,-0.024186,0.063532,-0.055352,-0.027325,0.246072,-0.081411,-0.024985,0.254074,-0.008218,0.326774,0.222271,-0.130787,1.064901,1.476606,0.000000,0.000000,0.179682,-0.245217,0.344914,1.194195,0.134997,0.000000,0.000000
-2.908783,0.035522,0.880092,0.024551,-0.059010,-0.141717,0.987842,-0.352239,0.084779,0.288014,0.542854,-0.058375,-0.024572,0.063301,-0.055820,-0.026251,0.247911,-0.085241,-0.025287,0.253513,-0.008211,0.322737,0.221048,-0.132258,1.063292,1.475678,0.000000,0.000000,0.175551,-0.242664,0.350432,1.191072,0.133510,0.000000,0.000000
-2.905353,0.036092,0.880289,0.024556,-0.057199,-0.142443,0.987844,-0.350106,0.084734,0.285998,0.543196,-0.061232,-0.024192,0.062843,-0.056691,-0.025020,0.249837,-0.090130,-0.025720,0.253318,-0.008255,0.318463,0.220022,-0.133436,1.061006,1.475050,0.000000,0.000000,0.171928,-0.240662,0.356455,1.187068,0.131088,0.000000,0.000000
-2.901794,0.035934,0.880791,0.024115,-0.055124,-0.142103,0.988021,-0.347032,0.086242,0.281534,0.542722,-0.076640,-0.022566,0.062082,-0.057169,-0.023573,0.252652,-0.097347,-0.026061,0.252552,-0.008266,0.312972,0.219372,-0.135010,1.057582,1.474756,0.000000,0.000000,0.168094,-0.238048,0.365169,1.181130,0.127005,0.000000,0.000000
-2.897974,0.035506,0.880654,0.023242,-0.053564,-0.141544,0.988208,-0.343720,0.088384,0.275338,0.541977,-0.097181,-0.020199,0.061482,-0.055758,-0.021028,0.257151,-0.100371,-0.026086,0.250517,-0.008271,0.307516,0.219500,-0.134516,1.053894,1.475941,0.000000,0.000000,0.163425,-0.236001,0.371083,1.173765,0.121608,0.000000,0.000000
-2.893228,0.037215,0.880153,0.020659,-0.048071,-0.139339,0.988862,-0.342578,0.084760,0.279657,0.533811,-0.111839,-0.021508,0.059286,-0.053135,-0.023464,0.259498,-0.098531,-0.024921,0.246893,-0.008269,0.299444,0.218020,-0.130842,1.049353,1.481346,0.000000,0.000000,0.157122,-0.235932,0.376398,1.161572,0.113015,0.000000,0.000000
-2.889269,0.038326,0.880356,0.020561,-0.048250,-0.140018,0.988759,-0.340913,0.082218,0.283366,0.534109,-0.121665,-0.022522,0.058744,-0.054551,-0.026850,0.263815,-0.100130,-0.024759,0.245325,-0.008299,0.296106,0.217570,-0.131977,1.046384,1.481617,0.000000,0.000000,0.155180,-0.236477,0.384627,1.154094,0.109112,0.000000,0.000000
-2.884979,0.038675,0.880806,0.020159,-0.047912,-0.139808,0.988813,-0.339547,0.080940,0.285300,0.537697,-0.130812,-0.022883,0.058872,-0.055765,-0.029152,0.268149,-0.102395,-0.024716,0.244321,-0.008299,0.293772,0.218091,-0.132751,1.043347,1.480875,0.000000,0.000000,0.153969,-0.237700,0.391249,1.147290,0.105889,0.000000,0.000000
-2.880817,0.038491,0.881137,0.020194,-0.047502,-0.139257,0.988910,-0.338803,0.080337,0.285942,0.543926,-0.139918,-0.022854,0.059427,-0.056345,-0.029747,0.272953,-0.103119,-0.024797,0.243284,-0.008295,0.291572,0.218644,-0.133338,1.040063,1.480646,0.000000,0.000000,0.153008,-0.239293,0.397591,1.139452,0.101946,0.000000,0.000000
-2.877004,0.038506,0.881482,0.019916,-0.046768,-0.138855,0.989007,-0.338652,0.080638,0.285315,0.552533,-0.149273,-0.022365,0.060275,-0.056462,-0.029380,0.278158,-0.102010,-0.024931,0.242200,-0.008289,0.288950,0.219617,-0.133968,1.035148,1.480211,0.000000,0.000000,0.152804,-0.242084,0.404609,1.129305,0.097863,0.000000,0.000000
-2.873053,0.038892,0.881696,0.019839,-0.044837,-0.137626,0.989270,-0.339439,0.080435,0.284018,0.558459,-0.155752,-0.021999,0.060793,-0.056316,-0.027871,0.280903,-0.101740,-0.025178,0.241258,-0.008230,0.286092,0.218832,-0.135468,1.031065,1.480480,0.000000,0.000000,0.154903,-0.240204,0.412215,1.120576,0.097536,0.000000,0.000000
-2.869181,0.040820,0.882775,0.019168,-0.043935,-0.137704,0.989313,-0.340538,0.080089,0.280728,0.567384,-0.164584,-0.021298,0.061704,-0.058565,-0.027036,0.283561,-0.111317,-0.025956,0.241704,-0.008293,0.280904,0.219450,-0.138381,1.025565,1.480295,0.000000,0.000000,0.156684,-0.241548,0.425964,1.106246,0.091923,0.000000,0.000000
-2.865153,0.041098,0.881809,0.019389,-0.042114,-0.136339,0.989577,-0.342047,0.079512,0.277309,0.573821,-0.171205,-0.020708,0.062114,-0.058602,-0.024893,0.286511,-0.110563,-0.026353,0.240751,-0.008317,0.276441,0.220017,-0.140144,1.021234,1.479775,0.000000,0.000000,0.157725,-0.245242,0.434203,1.093491,0.089292,0.000000,0.000000
-2.861411,0.041846,0.881359,0.019577,-0.040697,-0.136099,0.989665,-0.343227,0.078779,0.274950,0.579134,-0.176477,-0.020410,0.062343,-0.058986,-0.023741,0.288871,-0.106589,-0.026704,0.239607,-0.008313,0.272756,0.219707,-0.141249,1.017405,1.479157,0.000000,0.000000,0.158002,-0.246923,0.437737,1.083191,0.092385,0.000000,0.000000
-2.857453,0.043359,0.881211,0.019344,-0.038652,-0.135566,0.989825,-0.345197,0.077191,0.270807,0.586832,-0.185746,-0.019959,0.062470,-0.060596,-0.023976,0.290969,-0.098162,-0.027198,0.240198,-0.008400,0.265999,0.220987,-0.144550,1.009695,1.477973,0.000000,0.000000,0.158112,-0.254149,0.446917,1.065231,0.091059,0.000000,0.000000
-2.853480,0.045040,0.881602,0.019246,-0.037100,-0.135907,0.989840,-0.345944,0.075703,0.268094,0.591773,-0.192457,-0.019776,0.062646,-0.063118,-0.025502,0.292221,-0.094185,-0.027702,0.240993,-0.008427,0.261702,0.221991,-0.146921,1.004100,1.476908,0.000000,0.000000,0.157717,-0.258807,0.452346,1.053298,0.090183,0.000000,0.000000
-2.849243,0.046296,0.882065,0.019005,-0.035003,-0.134876,0.990062,-0.346642,0.073780,0.264509,0.596163,-0.200971,-0.019469,0.062853,-0.065468,-0.026498,0.293660,-0.088991,-0.028250,0.241540,-0.008471,0.256012,0.223195,-0.149157,0.997513,1.476388,0.000000,0.000000,0.156460,-0.264851,0.456540,1.038707,0.089415,0.000000,0.000000
-2.844786,0.047728,0.882771,0.018674,-0.032747,-0.134842,0.990150,-0.346991,0.071964,0.262087,0.600358,-0.210140,-0.019319,0.063060,-0.068200,-0.029050,0.294656,-0.082963,-0.028636,0.242014,-0.008482,0.249945,0.224716,-0.150463,0.991249,1.476360,0.000000,0.000000,0.155551,-0.270786,0.459903,1.024381,0.090426,0.000000,0.000000
-2.840269,0.049107,0.883695,0.018308,-0.030557,-0.134170,0.990318,-0.347118,0.070104,0.259812,0.604308,-0.220353,-0.019153,0.063331,-0.070782,-0.031686,0.295149,-0.076306,-0.028962,0.242538,-0.008487,0.243611,0.225800,-0.152391,0.985254,1.476827,0.000000,0.000000,0.155082,-0.276561,0.463235,1.010818,0.091985,0.000000,0.000000
-2.835670,0.050793,0.885113,0.017949,-0.028628,-0.134131,0.990387,-0.347009,0.068176,0.258037,0.608722,-0.231346,-0.019076,0.063828,-0.074217,-0.035847,0.295484,-0.069571,-0.029268,0.243290,-0.008455,0.237124,0.226791,-0.153820,0.979719,1.477257,0.000000,0.000000,0.154449,-0.282121,0.465815,0.998166,0.093735,0.000000,0.000000
-2.830900,0.052241,0.887041,0.017555,-0.026557,-0.133864,0.990488,-0.346609,0.066507,0.256364,0.613144,-0.242964,-0.018922,0.064427,-0.077697,-0.040900,0.295691,-0.062369,-0.029426,0.243897,-0.008463,0.230332,0.227874,-0.154351,0.974664,1.477795,0.000000,0.000000,0.153499,-0.287845,0.467133,0.986182,0.095557,0.000000,0.000000
-2.826148,0.053065,0.889038,0.017228,-0.024519,-0.132617,0.990714,-0.346010,0.065102,0.253718,0.617238,-0.254959,-0.018464,0.065051,-0.079585,-0.043580,0.295825,-0.053564,-0.029549,0.243427,-0.008421,0.223346,0.228554,-0.154554,0.969757,1.478568,0.000000,0.000000,0.152635,-0.293373,0.467151,0.975214,0.097987,0.000000,0.000000
-2.821292,0.054397,0.891730,0.016420,-0.022583,-0.131644,0.990904,-0.345472,0.063875,0.251270,0.620509,-0.264898,-0.018052,0.065670,-0.081115,-0.046326,0.295951,-0.046324,-0.029555,0.242700,-0.008372,0.217228,0.229398,-0.154514,0.965666,1.479505,0.000000,0.000000,0.151735,-0.297946,0.466522,0.966042,0.100533,0.000000,0.000000
-2.816511,0.055881,0.895230,0.015677,-0.020503,-0.130822,0.991070,-0.344613,0.062227,0.248199,0.623205,-0.275541,-0.017590,0.066221,-0.083094,-0.050638,0.296233,-0.037389,-0.029423,0.241735,-0.008311,0.210204,0.230407,-0.154551,0.960701,1.480183,0.000000,0.000000,0.150576,-0.303223,0.465290,0.955729,0.103949,0.000000,0.000000
-2.811981,0.057629,0.899582,0.015208,-0.019119,-0.130038,0.991208,-0.343326,0.059981,0.244726,0.625415,-0.284608,-0.017214,0.066737,-0.085693,-0.055397,0.297658,-0.026954,-0.029402,0.240743,-0.008256,0.203728,0.231707,-0.155605,0.955324,1.480021,0.000000,0.000000,0.149779,-0.308095,0.464357,0.946812,0.108731,0.000000,0.000000
-2.807507,0.059109,0.902118,0.014772,-0.017295,-0.128448,0.991455,-0.341877,0.057268,0.240890,0.626682,-0.292321,-0.016892,0.066958,-0.087619,-0.059109,0.299213,-0.015577,-0.029376,0.239131,-0.008174,0.197763,0.232395,-0.156300,0.949974,1.480120,0.000000,0.000000,0.148713,-0.312463,0.461888,0.939192,0.114280,0.000000,0.000000
-2.803001,0.060458,0.903709,0.014174,-0.014977,-0.126678,0.991730,-0.340511,0.054544,0.236638,0.626421,-0.298932,-0.016494,0.066771,-0.088828,-0.062451,0.300604,-0.004283,-0.029196,0.236854,-0.008048,0.192158,0.233151,-0.157728,0.945329,1.480136,0.000000,0.000000,0.147324,-0.316662,0.458972,0.932382,0.120167,0.000000,0.000000
-2.798348,0.062415,0.905530,0.013215,-0.012954,-0.124955,0.991990,-0.338880,0.051602,0.232306,0.625891,-0.304255,-0.016152,0.066415,-0.090418,-0.066788,0.302294,0.005468,-0.028943,0.234757,-0.007922,0.185957,0.234261,-0.158156,0.940616,1.480243,0.000000,0.000000,0.146203,-0.320807,0.454343,0.925684,0.126064,0.000000,0.000000
-2.793905,0.064272,0.907479,0.012644,-0.011141,-0.123252,0.992232,-0.336738,0.048038,0.228097,0.624171,-0.309497,-0.015976,0.065778,-0.092596,-0.071814,0.305113,0.016238,-0.028738,0.232067,-0.007779,0.179361,0.235537,-0.159663,0.935418,1.479144,0.000000,0.000000,0.144714,-0.325466,0.449029,0.918941,0.132976,0.000000,0.000000
-2.789571,0.066380,0.909648,0.012103,-0.009499,-0.120598,0.992582,-0.333419,0.043131,0.221671,0.620336,-0.314909,-0.015599,0.064534,-0.095189,-0.078893,0.309419,0.032291,-0.028294,0.227559,-0.007660,0.171204,0.236325,-0.160952,0.928136,1.477784,0.000000,0.000000,0.137076,-0.335286,0.434200,0.904472,0.132382,0.000000,0.000000
-2.785072,0.068161,0.911889,0.011382,-0.007579,-0.118548,0.992854,-0.331037,0.040092,0.217891,0.617242,-0.317620,-0.015406,0.063524,-0.096953,-0.083496,0.312526,0.042584,-0.028024,0.224588,-0.007478,0.166475,0.237328,-0.162196,0.924881,1.476287,0.000000,0.000000,0.134626,-0.339986,0.424970,0.896814,0.133548,0.000000,0.000000
-2.780562,0.070556,0.914503,0.010371,-0.006157,-0.117276,0.993026,-0.327859,0.036687,0.214679,0.613328,-0.320001,-0.015436,0.062285,-0.099980,-0.091316,0.316918,0.053291,-0.027529,0.221985,-0.007288,0.161373,0.238381,-0.164939,0.921656,1.475025,0.000000,0.000000,0.134089,-0.343055,0.417203,0.890977,0.137800,0.000000,0.000000
-2.776094,0.072184,0.917356,0.009557,-0.004483,-0.115324,0.993272,-0.323903,0.033457,0.210600,0.607755,-0.323145,-0.015194,0.060379,-0.102435,-0.099583,0.322638,0.067245,-0.026763,0.218617,-0.007117,0.154591,0.240575,-0.164633,0.917646,1.474638,0.000000,0.000000,0.132879,-0.346734,0.406257,0.884921,0.142785,0.000000,0.000000
-2.771686,0.073628,0.920497,0.008684,-0.003094,-0.113364,0.993511,-0.319558,0.031235,0.206813,0.602630,-0.328004,-0.014758,0.058152,-0.104553,-0.108528,0.329024,0.081518,-0.025750,0.214886,-0.006895,0.148625,0.242087,-0.165807,0.914448,1.474773,0.000000,0.000000,0.132534,-0.349076,0.395802,0.880115,0.148329,0.000000,0.000000
-2.767291,0.075766,0.923598,0.007436,-0.002115,-0.111797,0.993701,-0.314501,0.028269,0.202217,0.596253,-0.332553,-0.014328,0.055418,-0.106940,-0.118422,0.337228,0.098096,-0.024624,0.210976,-0.006696,0.141564,0.241808,-0.166579,0.909336,1.477283,0.000000,0.000000,0.132777,-0.349512,0.384201,0.876434,0.155197,0.000000,0.000000
-2.763020,0.076990,0.927089,0.006678,-0.001415,-0.109565,0.993956,-0.309016,0.026282,0.198159,0.590949,-0.336404,-0.013825,0.052484,-0.108781,-0.127490,0.346091,0.113228,-0.023461,0.206018,-0.006399,0.136733,0.241963,-0.167803,0.907479,1.479806,0.000000,0.000000,0.133635,-0.347782,0.371493,0.874641,0.167042,0.000000,0.000000
-2.758642,0.078759,0.930520,0.005372,-0.000366,-0.107598,0.994180,-0.303490,0.024168,0.193733,0.584192,-0.339059,-0.013310,0.049081,-0.110113,-0.136425,0.355527,0.129361,-0.022131,0.201186,-0.006212,0.132864,0.243108,-0.170466,0.908385,1.479383,0.000000,0.000000,0.134150,-0.347589,0.360763,0.873010,0.177639,0.000000,0.000000
-2.754603,0.080032,0.934014,0.004221,0.000409,-0.105268,0.994435,-0.297959,0.022503,0.188794,0.576951,-0.339208,-0.012650,0.045199,-0.110243,-0.144739,0.365460,0.147319,-0.020507,0.195884,-0.006011,0.127792,0.243649,-0.175012,0.908477,1.477266,0.000000,0.000000,0.135529,-0.347546,0.352507,0.872887,0.187402,0.000000,0.000000
-2.750602,0.081953,0.937704,0.003042,0.000568,-0.103082,0.994668,-0.291704,0.020160,0.182896,0.568764,-0.339547,-0.011992,0.040932,-0.111288,-0.152930,0.378380,0.167053,-0.019161,0.189635,-0.005778,0.122544,0.245516,-0.180069,0.909198,1.474615,0.000000,0.000000,0.135134,-0.348674,0.343458,0.870258,0.195840,0.000000,0.000000
-2.746539,0.083869,0.941609,0.001940,0.000824,-0.100747,0.994910,-0.285608,0.017772,0.177521,0.561260,-0.338878,-0.011496,0.036674,-0.112569,-0.160281,0.390935,0.180462,-0.018026,0.183518,-0.005549,0.117295,0.246339,-0.184738,0.909408,1.474259,0.000000,0.000000,0.135423,-0.348859,0.335629,0.867545,0.201856,0.000000,0.000000
-2.742563,0.085222,0.945478,0.001143,0.001131,-0.097617,0.995223,-0.278949,0.014935,0.171464,0.552944,-0.340394,-0.010959,0.031723,-0.112528,-0.165741,0.407300,0.195799,-0.016793,0.176339,-0.005276,0.111857,0.246283,-0.189925,0.909465,1.475983,0.000000,0.000000,0.137099,-0.348695,0.327802,0.865246,0.206865,0.000000,0.000000
-2.738569,0.086865,0.949496,0.000339,0.001080,-0.094967,0.995480,-0.272465,0.012114,0.165513,0.545696,-0.341834,-0.010454,0.026939,-0.112808,-0.169773,0.424864,0.206866,-0.015925,0.169580,-0.005016,0.107210,0.246211,-0.193767,0.909546,1.477604,0.000000,0.000000,0.138801,-0.348139,0.321195,0.863610,0.210292,0.000000,0.000000
-2.734459,0.088685,0.953607,-0.000528,0.000700,-0.092231,0.995737,-0.265045,0.008923,0.158690,0.537931,-0.342420,-0.009898,0.021652,-0.113795,-0.173917,0.447815,0.215400,-0.015206,0.162018,-0.004723,0.103254,0.246150,-0.197675,0.910507,1.478562,0.000000,0.000000,0.141452,-0.347417,0.315511,0.861685,0.213558,0.000000,0.000000
-2.730057,0.091292,0.957981,-0.001372,-0.000324,-0.089503,0.995986,-0.256847,0.004972,0.151314,0.530503,-0.342337,-0.009473,0.016653,-0.117249,-0.178363,0.475274,0.218415,-0.015187,0.154072,-0.004418,0.100093,0.247111,-0.203157,0.909977,1.477990,0.000000,0.000000,0.145489,-0.347165,0.312966,0.859619,0.216572,0.000000,0.000000
-2.725524,0.093893,0.962440,-0.002080,-0.001624,-0.086370,0.996260,-0.247551,0.000254,0.143107,0.522410,-0.342508,-0.009093,0.011320,-0.121601,-0.182055,0.508361,0.216783,-0.015554,0.144908,-0.004079,0.097825,0.248331,-0.209122,0.909358,1.477125,0.000000,0.000000,0.150530,-0.347171,0.311879,0.857038,0.219203,0.000000,0.000000
-2.720780,0.096721,0.966984,-0.002672,-0.003363,-0.083133,0.996529,-0.237272,-0.005049,0.134335,0.514316,-0.342297,-0.008771,0.005965,-0.126980,-0.185420,0.546779,0.213610,-0.016260,0.135077,-0.003730,0.096687,0.248744,-0.213770,0.908526,1.477278,0.000000,0.000000,0.156960,-0.346945,0.311835,0.854506,0.220395,0.000000,0.000000
-2.716053,0.099349,0.971545,-0.003177,-0.005012,-0.079749,0.996797,-0.226947,-0.010083,0.125918,0.505653,-0.341604,-0.008479,0.000426,-0.131895,-0.186383,0.585676,0.208476,-0.017262,0.124820,-0.003380,0.096293,0.248796,-0.216852,0.906953,1.477706,0.000000,0.000000,0.163457,-0.347385,0.312082,0.852612,0.220626,0.000000,0.000000
-2.711468,0.101787,0.976086,-0.003746,-0.006975,-0.076745,0.997019,-0.216270,-0.014586,0.118113,0.496313,-0.340333,-0.008192,-0.005300,-0.136644,-0.186074,0.626560,0.203047,-0.018423,0.114518,-0.003025,0.096509,0.249542,-0.219658,0.905106,1.478250,0.000000,0.000000,0.170034,-0.348186,0.313750,0.850595,0.219272,0.000000,0.000000
-2.707105,0.104288,0.980398,-0.004529,-0.009060,-0.073938,0.997211,-0.205313,-0.019341,0.111736,0.485883,-0.336653,-0.008239,-0.011501,-0.140887,-0.185369,0.667780,0.195311,-0.019451,0.105121,-0.002627,0.097574,0.249167,-0.222790,0.903061,1.479072,0.000000,0.000000,0.178812,-0.347910,0.317674,0.849396,0.217903,0.000000,0.000000
-2.702690,0.106141,0.984833,-0.005449,-0.011068,-0.070881,0.997408,-0.193787,-0.022587,0.103888,0.474513,-0.329461,-0.007720,-0.018033,-0.144299,-0.183946,0.712630,0.191110,-0.020282,0.093677,-0.002259,0.098710,0.250114,-0.222649,0.900437,1.479429,0.000000,0.000000,0.185085,-0.347457,0.318119,0.846982,0.214083,0.000000,0.000000
-2.698565,0.107889,0.989208,-0.006442,-0.012708,-0.068147,0.997574,-0.183111,-0.024977,0.097243,0.462544,-0.325931,-0.007210,-0.024854,-0.146746,-0.182937,0.753452,0.188063,-0.020693,0.083022,-0.001885,0.099907,0.251178,-0.221593,0.897566,1.480262,0.000000,0.000000,0.191066,-0.346800,0.318403,0.845096,0.209503,0.000000,0.000000
-2.694788,0.109215,0.993543,-0.007416,-0.014683,-0.065455,0.997720,-0.172263,-0.026710,0.090344,0.450433,-0.322971,-0.006499,-0.032007,-0.148129,-0.180745,0.794494,0.185050,-0.020971,0.072908,-0.001576,0.101279,0.252171,-0.221247,0.895156,1.480972,0.000000,0.000000,0.197660,-0.345353,0.320098,0.844747,0.204829,0.000000,0.000000
-2.690880,0.110378,0.997902,-0.008614,-0.016147,-0.063219,0.997832,-0.161511,-0.027322,0.083622,0.437832,-0.319932,-0.005563,-0.039407,-0.149157,-0.178296,0.835034,0.184243,-0.021135,0.063145,-0.001231,0.102306,0.253964,-0.220115,0.892547,1.480536,0.000000,0.000000,0.203847,-0.343971,0.321781,0.844623,0.199940,0.000000,0.000000
-2.687434,0.111478,1.002076,-0.010083,-0.017995,-0.061219,0.997911,-0.150717,-0.027434,0.077847,0.424756,-0.315587,-0.004687,-0.047086,-0.149337,-0.175086,0.874136,0.181685,-0.021167,0.053353,-0.000933,0.103312,0.256407,-0.219229,0.889921,1.478839,0.000000,0.000000,0.209798,-0.342306,0.324654,0.845394,0.196271,0.000000,0.000000
-2.683792,0.112583,1.006214,-0.011634,-0.019026,-0.059301,0.997991,-0.140635,-0.027217,0.072399,0.410314,-0.309815,-0.003791,-0.054926,-0.149358,-0.172647,0.909741,0.177363,-0.021016,0.044752,-0.000640,0.103871,0.258463,-0.217319,0.887745,1.478416,0.000000,0.000000,0.214850,-0.340069,0.325676,0.846618,0.192180,0.000000,0.000000
-2.680365,0.113779,1.010256,-0.013212,-0.020497,-0.057775,0.998032,-0.130185,-0.027044,0.067427,0.395255,-0.302611,-0.002996,-0.063180,-0.149659,-0.170224,0.945340,0.170027,-0.020927,0.036449,-0.000364,0.104526,0.261164,-0.215607,0.885505,1.477543,0.000000,0.000000,0.220097,-0.337705,0.326681,0.848679,0.189022,0.000000,0.000000
-2.676871,0.114641,1.014319,-0.014719,-0.021908,-0.056229,0.998069,-0.119678,-0.026269,0.062519,0.380583,-0.296050,-0.002071,-0.071567,-0.149775,-0.168109,0.980755,0.162976,-0.020705,0.028622,-0.000112,0.105103,0.263719,-0.213260,0.883476,1.476643,0.000000,0.000000,0.225455,-0.334930,0.327137,0.851760,0.185206,0.000000,0.000000
-2.673393,0.115656,1.018251,-0.016337,-0.023260,-0.055085,0.998077,-0.109770,-0.025352,0.058326,0.367159,-0.289708,-0.001231,-0.079771,-0.150059,-0.165875,1.013084,0.153976,-0.020599,0.021218,0.000103,0.105746,0.266776,-0.210517,0.881580,1.474956,0.000000,0.000000,0.230381,-0.332397,0.327416,0.855204,0.181582,0.000000,0.000000
-2.670490,0.116619,1.021993,-0.017998,-0.025183,-0.053881,0.998067,-0.099620,-0.024334,0.054513,0.353732,-0.283432,-0.000432,-0.088459,-0.150119,-0.164369,1.044912,0.139254,-0.020297,0.014029,0.000318,0.106552,0.270156,-0.209531,0.880119,1.472237,0.000000,0.000000,0.235649,-0.329213,0.328260,0.859448,0.178875,0.000000,0.000000
-2.667195,0.117775,1.025622,-0.019691,-0.026559,-0.052774,0.998059,-0.089541,-0.023349,0.050112,0.340120,-0.277048,0.000460,-0.097315,-0.150724,-0.162569,1.076817,0.126570,-0.020211,0.007287,0.000540,0.106861,0.273698,-0.207400,0.878424,1.469058,0.000000,0.000000,0.240903,-0.326188,0.327895,0.863898,0.176387,0.000000,0.000000
-2.664479,0.118745,1.029101,-0.021387,-0.028251,-0.051821,0.998028,-0.080161,-0.022314,0.046165,0.327457,-0.271114,0.001293,-0.106231,-0.150847,-0.160757,1.105045,0.112052,-0.020029,0.001109,0.000711,0.107271,0.277116,-0.206427,0.877511,1.465385,0.000000,0.000000,0.245933,-0.323218,0.328274,0.869002,0.175082,0.000000,0.000000
-2.661991,0.119416,1.032442,-0.023258,-0.029991,-0.050621,0.997997,-0.070767,-0.020574,0.042614,0.315138,-0.265058,0.002233,-0.115746,-0.150153,-0.159416,1.132498,0.094061,-0.019533,-0.005322,0.000904,0.107346,0.280637,-0.205400,0.876844,1.461890,0.000000,0.000000,0.250956,-0.319833,0.328593,0.874909,0.173665,0.000000,0.000000
-2.659489,0.120000,1.035565,-0.025236,-0.031163,-0.049525,0.997968,-0.061808,-0.018369,0.039350,0.302576,-0.258915,0.003243,-0.125920,-0.148879,-0.158612,1.158156,0.074717,-0.018780,-0.011743,0.001099,0.106950,0.284079,-0.204210,0.876418,1.457935,0.000000,0.000000,0.255593,-0.316444,0.328486,0.881141,0.172215,0.000000,0.000000
-2.657437,0.120409,1.038473,-0.027206,-0.032578,-0.048391,0.997926,-0.053262,-0.015808,0.036457,0.290303,-0.254321,0.004287,-0.136595,-0.146988,-0.158341,1.181856,0.053969,-0.017779,-0.018394,0.001276,0.106765,0.287182,-0.203715,0.876380,1.454302,0.000000,0.000000,0.260032,-0.312611,0.328567,0.887932,0.170880,0.000000,0.000000
-2.655801,0.120585,1.041132,-0.029163,-0.034250,-0.047466,0.997859,-0.044704,-0.012839,0.033181,0.278217,-0.248652,0.005489,-0.148327,-0.144100,-0.158376,1.204446,0.029808,-0.016442,-0.025062,0.001480,0.106051,0.291236,-0.204211,0.876163,1.450418,0.000000,0.000000,0.264322,-0.308983,0.329441,0.895069,0.170532,0.000000,0.000000
-2.654006,0.120726,1.043589,-0.031146,-0.035326,-0.046446,0.997810,-0.037415,-0.009864,0.030437,0.267211,-0.242991,0.006617,-0.159505,-0.141104,-0.158617,1.223659,0.011250,-0.015073,-0.031235,0.001647,0.105182,0.294660,-0.204341,0.876490,1.447091,0.000000,0.000000,0.267826,-0.305611,0.329783,0.901787,0.170757,0.000000,0.000000
-2.652692,0.120734,1.045861,-0.033055,-0.036671,-0.045479,0.997745,-0.030407,-0.006655,0.028166,0.256392,-0.237382,0.007725,-0.171443,-0.137667,-0.159494,1.240693,-0.007293,-0.013409,-0.037490,0.001837,0.104483,0.298290,-0.204771,0.877040,1.445011,0.000000,0.000000,0.271170,-0.302243,0.330328,0.909298,0.170358,0.000000,0.000000
-2.652355,0.119993,1.047344,-0.034866,-0.037874,-0.045158,0.997653,-0.022713,-0.002474,0.026414,0.241819,-0.228603,0.008991,-0.187501,-0.131713,-0.160690,1.259565,-0.036724,-0.010854,-0.044166,0.002004,0.102967,0.303464,-0.207224,0.875709,1.444465,0.000000,0.000000,0.273545,-0.298815,0.332001,0.918628,0.169498,0.000000,0.000000
-2.650831,0.119737,1.049353,-0.036645,-0.038617,-0.044611,0.997585,-0.017413,0.000727,0.024522,0.232794,-0.222522,0.010055,-0.199404,-0.126983,-0.161811,1.269630,-0.054139,-0.008854,-0.049434,0.002117,0.101715,0.306962,-0.208957,0.874226,1.444184,0.000000,0.000000,0.275475,-0.296494,0.332459,0.925380,0.168718,0.000000,0.000000
-2.650225,0.119047,1.050499,-0.038382,-0.039526,-0.043979,0.997512,-0.011380,0.004621,0.022240,0.221094,-0.214779,0.011347,-0.214310,-0.120868,-0.163414,1.281217,-0.071808,-0.006202,-0.055323,0.002255,0.100485,0.309263,-0.209107,0.875902,1.440077,0.000000,0.000000,0.277531,-0.292447,0.333472,0.934794,0.167122,0.000000,0.000000
-2.649466,0.118480,1.051652,-0.039893,-0.040579,-0.043330,0.997439,-0.005877,0.008084,0.020256,0.211011,-0.208108,0.012491,-0.228686,-0.114821,-0.165831,1.288529,-0.089139,-0.003400,-0.060913,0.002372,0.099169,0.311235,-0.208944,0.876542,1.436811,0.000000,0.000000,0.279207,-0.289118,0.334282,0.944003,0.165306,0.000000,0.000000
-2.648273,0.118035,1.052699,-0.041345,-0.041093,-0.042443,0.997397,-0.000864,0.011280,0.018739,0.201620,-0.202691,0.013499,-0.242636,-0.108971,-0.169309,1.291971,-0.104563,-0.000413,-0.066783,0.002541,0.097902,0.313646,-0.209316,0.875725,1.434514,0.000000,0.000000,0.280434,-0.287032,0.334654,0.952197,0.164107,0.000000,0.000000
-2.647019,0.117636,1.053573,-0.042680,-0.041780,-0.041465,0.997353,0.003889,0.014155,0.017438,0.193284,-0.198298,0.014397,-0.256108,-0.103193,-0.173964,1.291776,-0.119895,0.002830,-0.072892,0.002712,0.097078,0.315430,-0.209205,0.874858,1.433493,0.000000,0.000000,0.281814,-0.285338,0.334157,0.959963,0.161860,0.000000,0.000000
-2.645704,0.117177,1.054280,-0.043886,-0.042768,-0.040037,0.997317,0.008583,0.016802,0.015407,0.186053,-0.194234,0.015360,-0.268892,-0.097588,-0.179050,1.288926,-0.133645,0.006094,-0.079315,0.002894,0.096563,0.317236,-0.210753,0.873494,1.432708,0.000000,0.000000,0.283508,-0.283787,0.334847,0.967628,0.160377,0.000000,0.000000
-2.644107,0.116661,1.054773,-0.045093,-0.043723,-0.038574,0.997280,0.013234,0.019385,0.013749,0.179707,-0.190893,0.016252,-0.281075,-0.091944,-0.184747,1.283291,-0.146333,0.009500,-0.086108,0.003124,0.096485,0.318579,-0.212329,0.871558,1.431909,0.000000,0.000000,0.285637,-0.282651,0.334978,0.975002,0.159182,0.000000,0.000000
-2.642266,0.116093,1.055185,-0.046287,-0.044636,-0.037138,0.997239,0.018028,0.022218,0.011732,0.173860,-0.188103,0.017267,-0.293134,-0.085998,-0.191261,1.274228,-0.159199,0.013158,-0.092942,0.003344,0.096740,0.320056,-0.214462,0.869780,1.430925,0.000000,0.000000,0.287837,-0.281937,0.335283,0.981830,0.158256,0.000000,0.000000
-2.640240,0.115350,1.055454,-0.047330,-0.045573,-0.035877,0.997194,0.022381,0.024757,0.010390,0.169267,-0.186034,0.018107,-0.303691,-0.079959,-0.197180,1.263023,-0.169150,0.016635,-0.099260,0.003549,0.096966,0.321491,-0.216243,0.867693,1.429776,0.000000,0.000000,0.289767,-0.282079,0.335342,0.987525,0.157982,0.000000,0.000000
-2.637972,0.114732,1.055619,-0.048191,-0.046193,-0.034588,0.997170,0.026769,0.027063,0.009541,0.164846,-0.184466,0.018812,-0.314492,-0.073718,-0.204300,1.247769,-0.180586,0.020411,-0.105558,0.003775,0.097426,0.322277,-0.216934,0.865026,1.429431,0.000000,0.000000,0.292190,-0.282042,0.333378,0.993219,0.156445,0.000000,0.000000
-2.635504,0.114221,1.055625,-0.049096,-0.047076,-0.033327,0.997127,0.030933,0.029049,0.009035,0.161845,-0.183776,0.019391,-0.323901,-0.068185,-0.211095,1.232244,-0.188971,0.023835,-0.111311,0.003989,0.098494,0.322652,-0.218104,0.862126,1.429682,0.000000,0.000000,0.295746,-0.282489,0.331889,0.997553,0.153652,0.000000,0.000000
-2.633351,0.113337,1.055516,-0.049778,-0.048355,-0.032024,0.997075,0.035456,0.031192,0.007929,0.159440,-0.183734,0.020106,-0.333485,-0.061517,-0.217997,1.212366,-0.199098,0.027493,-0.117464,0.004210,0.100245,0.323519,-0.220206,0.859548,1.430357,0.000000,0.000000,0.298484,-0.283162,0.329765,1.002722,0.152498,0.000000,0.000000
-2.631018,0.112477,1.055305,-0.050353,-0.049351,-0.030894,0.997033,0.039658,0.032976,0.007320,0.157162,-0.184206,0.020653,-0.341924,-0.054916,-0.224694,1.192268,-0.206452,0.031002,-0.122819,0.004421,0.101652,0.324326,-0.222488,0.856726,1.431472,0.000000,0.000000,0.301276,-0.284030,0.328436,1.006915,0.151481,0.000000,0.000000
-2.628639,0.111358,1.055236,-0.050683,-0.050306,-0.029935,0.996998,0.043945,0.035092,0.006464,0.155078,-0.186049,0.021319,-0.349883,-0.048124,-0.231227,1.169405,-0.212570,0.034380,-0.127721,0.004612,0.103197,0.324991,-0.224668,0.854106,1.431521,0.000000,0.000000,0.304591,-0.285180,0.326982,1.011600,0.152284,0.000000,0.000000
-2.626100,0.110396,1.054864,-0.051036,-0.051419,-0.029327,0.996941,0.048253,0.036819,0.006049,0.153410,-0.187694,0.021818,-0.357370,-0.041266,-0.237313,1.144255,-0.218181,0.037494,-0.131827,0.004777,0.104670,0.325383,-0.226890,0.851537,1.431357,0.000000,0.000000,0.307299,-0.286804,0.326351,1.015298,0.151696,0.000000,0.000000
-2.622998,0.110334,1.053954,-0.049881,-0.052880,-0.030158,0.996898,0.053003,0.034891,0.007169,0.152162,-0.188082,0.021168,-0.364058,-0.038402,-0.238503,1.118704,-0.224064,0.037929,-0.134294,0.004849,0.106238,0.323518,-0.229360,0.848334,1.431678,0.000000,0.000000,0.310636,-0.290229,0.325990,1.018671,0.151647,0.000000,0.000000
-2.619481,0.109959,1.053034,-0.048695,-0.053810,-0.030498,0.996897,0.057670,0.032735,0.010039,0.150527,-0.188961,0.020205,-0.369931,-0.036845,-0.237636,1.094781,-0.228685,0.037534,-0.136658,0.004930,0.107919,0.319948,-0.230859,0.845191,1.432943,0.000000,0.000000,0.313560,-0.294723,0.323724,1.020560,0.151050,0.000000,0.000000
-2.616240,0.109613,1.052060,-0.047035,-0.055132,-0.032017,0.996857,0.062919,0.029545,0.013717,0.149264,-0.190486,0.018852,-0.376018,-0.035695,-0.236195,1.068006,-0.234027,0.036811,-0.137701,0.005030,0.109802,0.315592,-0.231752,0.842188,1.434278,0.000000,0.000000,0.317201,-0.300216,0.321433,1.022730,0.150126,0.000000,0.000000
-2.613130,0.108872,1.051080,-0.045400,-0.056375,-0.033856,0.996802,0.067916,0.026571,0.017844,0.148541,-0.192071,0.017486,-0.381621,-0.033556,-0.233674,1.040487,-0.239257,0.036047,-0.137470,0.005128,0.111617,0.311557,-0.232386,0.840193,1.435204,0.000000,0.000000,0.320984,-0.305576,0.319930,1.024513,0.150024,0.000000,0.000000
-2.610015,0.108371,1.049863,-0.044208,-0.057543,-0.035574,0.996729,0.072403,0.023835,0.023434,0.148336,-0.192431,0.015948,-0.386569,-0.030860,-0.230765,1.014227,-0.242576,0.035328,-0.136951,0.005241,0.113215,0.307646,-0.232883,0.838791,1.436027,0.000000,0.000000,0.324289,-0.310402,0.318468,1.025649,0.150566,0.000000,0.000000
-2.606893,0.106843,1.049024,-0.042530,-0.058199,-0.038244,0.996665,0.076945,0.021586,0.026528,0.147379,-0.195056,0.014912,-0.391449,-0.026230,-0.226334,0.983710,-0.245577,0.034568,-0.134945,0.005322,0.114253,0.303720,-0.233225,0.837434,1.437870,0.000000,0.000000,0.327704,-0.315736,0.317328,1.026998,0.151448,0.000000,0.000000
-2.604189,0.105823,1.047817,-0.041533,-0.058919,-0.039122,0.996631,0.079812,0.020281,0.033913,0.150041,-0.196384,0.013450,-0.395456,-0.022018,-0.222483,0.955274,-0.248219,0.033820,-0.134479,0.005425,0.115039,0.300195,-0.233748,0.836941,1.439811,0.000000,0.000000,0.330682,-0.319394,0.315622,1.028215,0.152054,0.000000,0.000000
-2.601520,0.104513,1.046793,-0.040313,-0.059488,-0.041134,0.996566,0.082097,0.018966,0.039493,0.153659,-0.199247,0.012247,-0.399020,-0.017010,-0.218128,0.925684,-0.249747,0.033092,-0.133282,0.005475,0.115581,0.296841,-0.234589,0.837092,1.440819,0.000000,0.000000,0.333264,-0.323092,0.315123,1.029735,0.153732,0.000000,0.000000
-2.598744,0.102679,1.045982,-0.038924,-0.059675,-0.043140,0.996525,0.084048,0.018140,0.043092,0.157308,-0.204409,0.011472,-0.401961,-0.011055,-0.213192,0.895028,-0.250583,0.032376,-0.131547,0.005524,0.115452,0.293491,-0.234803,0.837785,1.441297,0.000000,0.000000,0.335224,-0.326628,0.314571,1.031265,0.155586,0.000000,0.000000
-2.595831,0.101087,1.045075,-0.037911,-0.059586,-0.045074,0.996484,0.085735,0.017425,0.046551,0.160769,-0.209553,0.010741,-0.404347,-0.004760,-0.208131,0.864488,-0.250229,0.031679,-0.129894,0.005563,0.114946,0.290325,-0.234934,0.839193,1.442481,0.000000,0.000000,0.336814,-0.329564,0.314359,1.032607,0.157779,0.000000,0.000000
-2.592748,0.099597,1.044215,-0.037053,-0.059434,-0.046737,0.996449,0.087338,0.017058,0.050544,0.164086,-0.213774,0.010019,-0.405887,0.000816,-0.203778,0.837193,-0.250082,0.031056,-0.128373,0.005593,0.114191,0.287494,-0.234757,0.841041,1.443902,0.000000,0.000000,0.338180,-0.331898,0.313952,1.033739,0.160001,0.000000,0.000000
-2.589651,0.098235,1.043327,-0.036436,-0.059365,-0.048282,0.996402,0.088951,0.016773,0.054653,0.167471,-0.217462,0.009296,-0.406898,0.006382,-0.199518,0.810664,-0.249387,0.030457,-0.126720,0.005613,0.113421,0.284112,-0.234869,0.843900,1.445245,0.000000,0.000000,0.339280,-0.333322,0.313675,1.035306,0.162359,0.000000,0.000000
-2.586491,0.096834,1.042618,-0.035906,-0.059130,-0.049871,0.996357,0.090433,0.016745,0.057878,0.170616,-0.221289,0.008776,-0.407221,0.011362,-0.195778,0.787366,-0.247948,0.029972,-0.125066,0.005604,0.112598,0.281225,-0.235089,0.847312,1.445986,0.000000,0.000000,0.339901,-0.334278,0.314010,1.036783,0.164969,0.000000,0.000000
-2.583308,0.095339,1.042042,-0.035616,-0.058748,-0.051071,0.996329,0.091781,0.017085,0.060206,0.173436,-0.225324,0.008489,-0.407058,0.016005,-0.192339,0.766727,-0.246417,0.029583,-0.123723,0.005632,0.111612,0.278987,-0.235848,0.850874,1.446713,0.000000,0.000000,0.340524,-0.334758,0.315191,1.038163,0.167861,0.000000,0.000000
-2.579860,0.094063,1.041521,-0.035350,-0.058122,-0.052368,0.996308,0.093234,0.017469,0.062954,0.176453,-0.229623,0.008149,-0.406400,0.020404,-0.189140,0.746569,-0.244848,0.029208,-0.123033,0.005641,0.110769,0.276519,-0.238557,0.854453,1.448801,0.000000,0.000000,0.340756,-0.335009,0.316691,1.039255,0.169932,0.000000,0.000000
-2.576489,0.092513,1.041109,-0.035152,-0.057580,-0.052972,0.996315,0.094370,0.018001,0.064604,0.178786,-0.233409,0.008021,-0.405415,0.023858,-0.186630,0.732117,-0.243219,0.028998,-0.122350,0.005652,0.109823,0.274488,-0.240149,0.857827,1.449963,0.000000,0.000000,0.341001,-0.334610,0.317881,1.040466,0.171868,0.000000,0.000000
-2.573038,0.090849,1.040894,-0.035160,-0.056847,-0.053395,0.996334,0.095606,0.019021,0.065206,0.181263,-0.238256,0.008178,-0.403891,0.027661,-0.183888,0.717540,-0.241265,0.028832,-0.121707,0.005673,0.108723,0.272500,-0.242003,0.862277,1.450612,0.000000,0.000000,0.340924,-0.333651,0.319553,1.041741,0.173766,0.000000,0.000000
-2.569455,0.089073,1.040718,-0.035358,-0.055932,-0.053216,0.996388,0.096925,0.020765,0.065799,0.183865,-0.243569,0.008528,-0.401753,0.031587,-0.181080,0.703730,-0.238808,0.028710,-0.121449,0.005686,0.107359,0.270463,-0.243393,0.867418,1.451502,0.000000,0.000000,0.340481,-0.332219,0.321167,1.043060,0.174841,0.000000,0.000000
-2.565846,0.087977,1.040246,-0.035721,-0.054898,-0.053406,0.996423,0.097707,0.021708,0.065971,0.185412,-0.246430,0.008736,-0.400098,0.034002,-0.179360,0.695421,-0.236760,0.028670,-0.121387,0.005696,0.106391,0.268918,-0.244260,0.871117,1.452098,0.000000,0.000000,0.339878,-0.331088,0.322493,1.043727,0.175248,0.000000,0.000000
-2.562114,0.086538,1.039717,-0.035739,-0.053596,-0.053201,0.996504,0.098527,0.022818,0.066315,0.187042,-0.249204,0.008963,-0.398167,0.036536,-0.177552,0.687671,-0.233977,0.028661,-0.121587,0.005717,0.105445,0.267173,-0.244976,0.875035,1.452708,0.000000,0.000000,0.338987,-0.329981,0.323824,1.044295,0.175332,0.000000,0.000000
-2.558329,0.085203,1.039393,-0.035755,-0.052237,-0.053126,0.996579,0.099334,0.023919,0.066409,0.188649,-0.251979,0.009225,-0.395858,0.039170,-0.175652,0.681194,-0.229680,0.028718,-0.121785,0.005717,0.104452,0.265105,-0.245475,0.879272,1.453334,0.000000,0.000000,0.337758,-0.328659,0.325197,1.044590,0.174983,0.000000,0.000000
-2.554299,0.084605,1.039443,-0.035960,-0.050975,-0.053060,0.996641,0.100460,0.025185,0.066531,0.190875,-0.255548,0.009521,-0.392635,0.041866,-0.173766,0.676318,-0.221671,0.028842,-0.122084,0.005718,0.103147,0.262292,-0.245852,0.885036,1.454118,0.000000,0.000000,0.335819,-0.326849,0.327176,1.044874,0.174071,0.000000,0.000000
-2.550344,0.083862,1.039611,-0.036092,-0.049691,-0.052668,0.996722,0.101567,0.026390,0.066658,0.193055,-0.259077,0.009800,-0.389919,0.043954,-0.172319,0.674160,-0.213350,0.029020,-0.122809,0.005718,0.102171,0.259777,-0.245653,0.890736,1.454816,0.000000,0.000000,0.333604,-0.325546,0.328628,1.044792,0.172819,0.000000,0.000000
-2.546479,0.083601,1.039804,-0.036160,-0.048661,-0.052328,0.996788,0.102464,0.026975,0.065874,0.194812,-0.261904,0.010056,-0.388379,0.044717,-0.171870,0.673808,-0.209105,0.029120,-0.123640,0.005732,0.101655,0.257698,-0.245478,0.894966,1.455623,0.000000,0.000000,0.332032,-0.324499,0.329649,1.044625,0.171455,0.000000,0.000000
-2.542407,0.082573,1.039978,-0.035974,-0.047633,-0.051628,0.996881,0.103693,0.027769,0.063849,0.197190,-0.266028,0.010554,-0.386830,0.045304,-0.171573,0.675243,-0.204643,0.029260,-0.125289,0.005740,0.101337,0.254409,-0.244639,0.900539,1.456886,0.000000,0.000000,0.329921,-0.323207,0.330173,1.044118,0.168965,0.000000,0.000000
-2.538482,0.081678,1.039967,-0.036053,-0.047176,-0.050551,0.996955,0.105406,0.028827,0.061800,0.200544,-0.270468,0.011132,-0.385463,0.045344,-0.171699,0.679146,-0.199564,0.029441,-0.127976,0.005801,0.101576,0.250624,-0.244126,0.906400,1.459100,0.000000,0.000000,0.327711,-0.321848,0.330830,1.043349,0.165345,0.000000,0.000000
-2.534769,0.080945,1.039973,-0.035991,-0.046290,-0.050392,0.997007,0.106718,0.029397,0.060027,0.203112,-0.273481,0.011549,-0.384909,0.044941,-0.172102,0.682968,-0.195911,0.029590,-0.130095,0.005824,0.102182,0.247481,-0.243282,0.910491,1.460442,0.000000,0.000000,0.325920,-0.320868,0.331255,1.042316,0.162900,0.000000,0.000000
-2.531219,0.080055,1.040007,-0.036115,-0.045124,-0.049919,0.997080,0.107884,0.029945,0.057745,0.205397,-0.276050,0.012040,-0.384707,0.044486,-0.172498,0.687151,-0.192700,0.029744,-0.132205,0.005866,0.102938,0.244220,-0.241905,0.914347,1.460960,0.000000,0.000000,0.323918,-0.320022,0.331691,1.040735,0.161124,0.000000,0.000000
-2.527692,0.078735,1.040080,-0.036060,-0.043313,-0.049754,0.997170,0.108738,0.030542,0.055115,0.207074,-0.278075,0.012602,-0.384730,0.044374,-0.172542,0.690874,-0.190236,0.029914,-0.134591,0.005901,0.103790,0.241111,-0.240431,0.917626,1.460833,0.000000,0.000000,0.321425,-0.319591,0.332185,1.038575,0.160224,0.000000,0.000000
-2.524083,0.077277,1.040063,-0.036107,-0.041802,-0.049404,0.997250,0.109619,0.031451,0.053741,0.208769,-0.279084,0.013063,-0.384831,0.044556,-0.172335,0.694388,-0.189260,0.030084,-0.137750,0.006006,0.105158,0.238865,-0.240044,0.920089,1.462200,0.000000,0.000000,0.318314,-0.319736,0.332817,1.036026,0.159953,0.000000,0.000000
-2.520370,0.075882,1.040200,-0.035909,-0.039451,-0.050089,0.997319,0.109950,0.031968,0.052343,0.209421,-0.279320,0.013420,-0.384875,0.044969,-0.171949,0.696552,-0.189954,0.030202,-0.139883,0.006065,0.106215,0.237333,-0.239153,0.921348,1.463670,0.000000,0.000000,0.315233,-0.320138,0.332941,1.033670,0.160263,0.000000,0.000000
-2.516300,0.074058,1.040426,-0.035723,-0.037580,-0.050509,0.997377,0.110461,0.033070,0.051639,0.210415,-0.278664,0.013832,-0.384695,0.045888,-0.171142,0.699265,-0.193199,0.030341,-0.142665,0.006136,0.108183,0.235398,-0.237448,0.922506,1.465248,0.000000,0.000000,0.310728,-0.320679,0.332783,1.030219,0.161080,0.000000,0.000000
-2.512154,0.072759,1.040523,-0.035957,-0.036088,-0.051047,0.997396,0.111321,0.034470,0.052970,0.212095,-0.275608,0.014013,-0.384077,0.047237,-0.170038,0.702588,-0.199904,0.030454,-0.146046,0.006241,0.111318,0.233570,-0.234794,0.923273,1.466680,0.000000,0.000000,0.305344,-0.321241,0.332158,1.026064,0.162464,0.000000,0.000000
-2.508178,0.071323,1.040973,-0.035872,-0.034003,-0.052642,0.997389,0.111847,0.035472,0.054504,0.213158,-0.270893,0.014056,-0.383336,0.048918,-0.168696,0.704911,-0.208194,0.030511,-0.148993,0.006329,0.114719,0.232384,-0.231972,0.923334,1.467874,0.000000,0.000000,0.299780,-0.321860,0.331857,1.022068,0.164060,0.000000,0.000000
-2.503971,0.070051,1.041661,-0.035955,-0.031887,-0.053584,0.997406,0.112342,0.036560,0.057461,0.214244,-0.263202,0.013903,-0.382200,0.050851,-0.167218,0.707015,-0.218843,0.030490,-0.152111,0.006421,0.118948,0.231342,-0.228507,0.923015,1.469407,0.000000,0.000000,0.293221,-0.322275,0.330631,1.017859,0.165920,0.000000,0.000000
-2.499664,0.068171,1.042983,-0.035696,-0.029921,-0.054502,0.997427,0.112846,0.037964,0.059610,0.215276,-0.254844,0.013966,-0.380793,0.052957,-0.165631,0.708690,-0.229203,0.030441,-0.154229,0.006493,0.122929,0.231211,-0.226369,0.922506,1.471236,0.000000,0.000000,0.287123,-0.322330,0.328791,1.014699,0.167748,0.000000,0.000000
-2.495353,0.066961,1.044301,-0.035687,-0.028265,-0.055315,0.997431,0.113446,0.039102,0.062597,0.216542,-0.244207,0.013826,-0.379037,0.054788,-0.164315,0.710230,-0.238955,0.030358,-0.155729,0.006562,0.127100,0.231693,-0.225377,0.922020,1.473841,0.000000,0.000000,0.281458,-0.321857,0.325835,1.012188,0.169489,0.000000,0.000000
-2.491188,0.066090,1.045907,-0.035504,-0.026393,-0.057514,0.997364,0.113850,0.039191,0.063943,0.217459,-0.231533,0.013675,-0.377236,0.056460,-0.163141,0.711387,-0.247804,0.030266,-0.155465,0.006555,0.131052,0.231908,-0.225851,0.921890,1.477474,0.000000,0.000000,0.275986,-0.321034,0.322941,1.010162,0.172306,0.000000,0.000000
-2.487204,0.064685,1.047904,-0.035220,-0.024697,-0.058981,0.997332,0.114330,0.039764,0.066938,0.218495,-0.214821,0.013404,-0.375003,0.058404,-0.161754,0.712120,-0.256113,0.030183,-0.154688,0.006533,0.135074,0.232237,-0.226904,0.922606,1.482197,0.000000,0.000000,0.270080,-0.319700,0.319552,1.008631,0.175922,0.000000,0.000000
-2.483563,0.063219,1.050343,-0.034597,-0.023119,-0.061316,0.997251,0.114468,0.040250,0.070565,0.219652,-0.196681,0.013002,-0.372634,0.060343,-0.160357,0.711697,-0.262069,0.030128,-0.152752,0.006456,0.138543,0.232961,-0.227800,0.924008,1.485459,0.000000,0.000000,0.264412,-0.318459,0.316325,1.007768,0.179504,0.000000,0.000000
-2.479862,0.062062,1.053098,-0.034279,-0.021291,-0.063731,0.997151,0.114092,0.040489,0.073594,0.221073,-0.177060,0.012630,-0.370067,0.062417,-0.158828,0.710166,-0.266814,0.030109,-0.149559,0.006299,0.142353,0.231983,-0.229677,0.926869,1.485064,0.000000,0.000000,0.259183,-0.316535,0.313703,1.007285,0.183713,0.000000,0.000000
-2.476278,0.060860,1.056095,-0.034013,-0.019796,-0.065495,0.997077,0.113171,0.041050,0.077621,0.224387,-0.153821,0.012180,-0.366867,0.064654,-0.157188,0.707672,-0.271044,0.030107,-0.145762,0.006150,0.145516,0.230886,-0.232243,0.930810,1.484906,0.000000,0.000000,0.253771,-0.313585,0.310598,1.007077,0.188357,0.000000,0.000000
-2.472771,0.059679,1.059414,-0.033686,-0.018010,-0.067002,0.997021,0.111549,0.041862,0.082073,0.228028,-0.130196,0.011714,-0.363454,0.066569,-0.155814,0.703951,-0.274603,0.030094,-0.142215,0.006010,0.147450,0.230671,-0.235199,0.935073,1.486868,0.000000,0.000000,0.248829,-0.310404,0.307620,1.006542,0.192792,0.000000,0.000000
-2.469271,0.058539,1.062960,-0.033443,-0.016064,-0.068328,0.996973,0.109268,0.042926,0.086605,0.231983,-0.105361,0.011289,-0.359866,0.068359,-0.154541,0.698943,-0.277393,0.030074,-0.138843,0.005859,0.148658,0.231389,-0.238438,0.939215,1.490101,0.000000,0.000000,0.244456,-0.307930,0.304629,1.006810,0.197618,0.000000,0.000000
-2.465879,0.057492,1.066700,-0.033150,-0.014360,-0.069613,0.996920,0.106231,0.044076,0.091208,0.237156,-0.077308,0.010863,-0.355598,0.070027,-0.153417,0.692517,-0.279951,0.030036,-0.135077,0.005684,0.149502,0.232423,-0.241919,0.943640,1.494144,0.000000,0.000000,0.239523,-0.305406,0.301761,1.006655,0.203481,0.000000,0.000000
-2.462528,0.056440,1.070612,-0.032658,-0.012634,-0.070443,0.996901,0.102660,0.045208,0.095759,0.242602,-0.049253,0.010415,-0.351185,0.071124,-0.152779,0.685304,-0.282079,0.029967,-0.131171,0.005522,0.149990,0.233595,-0.244513,0.947909,1.497833,0.000000,0.000000,0.235385,-0.302792,0.299633,1.006064,0.209042,0.000000,0.000000
-2.459237,0.055254,1.074675,-0.032044,-0.011120,-0.070968,0.996902,0.098711,0.046577,0.100520,0.249055,-0.019093,0.009974,-0.346531,0.071823,-0.152479,0.677773,-0.283350,0.029897,-0.127356,0.005362,0.150303,0.235120,-0.247009,0.951831,1.500865,0.000000,0.000000,0.231947,-0.300174,0.297866,1.005101,0.214633,0.000000,0.000000
-2.456063,0.054157,1.078901,-0.031317,-0.009666,-0.071652,0.996891,0.093983,0.047767,0.104634,0.256224,0.014156,0.009575,-0.341359,0.072074,-0.152621,0.669189,-0.284306,0.029803,-0.123076,0.005173,0.150552,0.236827,-0.249104,0.955260,1.503697,0.000000,0.000000,0.228668,-0.297487,0.296311,1.003561,0.219910,0.000000,0.000000
-2.452946,0.052938,1.083267,-0.030441,-0.008283,-0.071972,0.996908,0.088963,0.049039,0.109167,0.263950,0.046657,0.009090,-0.336209,0.071890,-0.153149,0.660593,-0.284209,0.029719,-0.118848,0.004975,0.150923,0.238806,-0.250706,0.957887,1.506199,0.000000,0.000000,0.226400,-0.295085,0.296462,1.000670,0.223046,0.000000,0.000000
-2.449935,0.051784,1.087753,-0.029419,-0.007230,-0.072736,0.996891,0.083749,0.050000,0.113227,0.272907,0.079658,0.008575,-0.330900,0.071289,-0.153948,0.652024,-0.283724,0.029617,-0.114189,0.004746,0.151750,0.240212,-0.251391,0.959536,1.506912,0.000000,0.000000,0.224925,-0.292383,0.297281,0.997161,0.225029,0.000000,0.000000
-2.446872,0.050620,1.092252,-0.028053,-0.006183,-0.073673,0.996869,0.078273,0.050439,0.116713,0.282334,0.113015,0.007977,-0.325461,0.069914,-0.153431,0.643484,-0.282724,0.029074,-0.109253,0.004516,0.152716,0.242102,-0.252048,0.959880,1.508111,0.000000,0.000000,0.223991,-0.291045,0.299205,0.992743,0.225717,0.000000,0.000000
-2.443847,0.049265,1.096683,-0.026491,-0.005455,-0.074338,0.996866,0.072261,0.051023,0.120997,0.294057,0.148524,0.007229,-0.319584,0.068025,-0.152357,0.634676,-0.281318,0.028339,-0.103722,0.004244,0.154199,0.244214,-0.252519,0.959003,1.509987,0.000000,0.000000,0.223840,-0.289883,0.301988,0.986637,0.225090,0.000000,0.000000
-2.440849,0.047880,1.101084,-0.024857,-0.004650,-0.075377,0.996834,0.066489,0.051505,0.125548,0.305416,0.178745,0.006380,-0.314220,0.066166,-0.150846,0.626556,-0.279402,0.027574,-0.098533,0.004031,0.156038,0.246034,-0.252856,0.956734,1.510653,0.000000,0.000000,0.225874,-0.288852,0.306842,0.981993,0.226638,0.000000,0.000000
-2.438110,0.046402,1.105481,-0.023361,-0.004662,-0.076382,0.996794,0.060634,0.052680,0.131868,0.319351,0.202210,0.005379,-0.308246,0.064459,-0.149613,0.618399,-0.277385,0.026949,-0.092923,0.003742,0.158332,0.247764,-0.251524,0.953440,1.510396,0.000000,0.000000,0.225827,-0.289375,0.310917,0.972995,0.224299,0.000000,0.000000
-2.435167,0.044739,1.109861,-0.021869,-0.004742,-0.077566,0.996736,0.054652,0.054366,0.139217,0.336149,0.219121,0.004327,-0.301852,0.063038,-0.148036,0.609984,-0.274564,0.026346,-0.087151,0.003467,0.161266,0.249917,-0.250002,0.948990,1.509228,0.000000,0.000000,0.227313,-0.290692,0.316576,0.963721,0.220910,0.000000,0.000000
-2.432140,0.042715,1.114286,-0.020390,-0.005075,-0.078907,0.996661,0.048567,0.056773,0.147611,0.356387,0.230670,0.003282,-0.294943,0.062126,-0.145618,0.601274,-0.271061,0.025729,-0.081509,0.003212,0.164867,0.252074,-0.248029,0.943545,1.507139,0.000000,0.000000,0.229633,-0.292394,0.323324,0.954596,0.217517,0.000000,0.000000
-2.428985,0.040698,1.118749,-0.018917,-0.005540,-0.080863,0.996530,0.041943,0.059381,0.156886,0.381543,0.237721,0.002095,-0.287212,0.061221,-0.142903,0.591966,-0.268003,0.025051,-0.074770,0.002947,0.169233,0.255051,-0.245180,0.937236,1.504626,0.000000,0.000000,0.232728,-0.295079,0.330492,0.944564,0.214017,0.000000,0.000000
-2.425832,0.038218,1.123252,-0.017785,-0.006012,-0.081877,0.996466,0.035131,0.063291,0.166566,0.409152,0.241329,0.001217,-0.279257,0.061097,-0.140359,0.582634,-0.265379,0.024602,-0.068989,0.002709,0.173453,0.258951,-0.242287,0.930244,1.502790,0.000000,0.000000,0.235378,-0.297450,0.335793,0.934674,0.210740,0.000000,0.000000
-2.422621,0.035811,1.127762,-0.016721,-0.006967,-0.083688,0.996327,0.028296,0.067542,0.174863,0.440733,0.244661,0.000683,-0.270796,0.061098,-0.138378,0.573518,-0.264660,0.024261,-0.062999,0.002463,0.178157,0.262920,-0.239005,0.922939,1.500618,0.000000,0.000000,0.238171,-0.299513,0.340798,0.925582,0.207625,0.000000,0.000000
-2.419290,0.033504,1.132117,-0.015608,-0.008298,-0.085441,0.996186,0.021055,0.071823,0.182218,0.476850,0.245642,0.000297,-0.261454,0.061048,-0.135804,0.564371,-0.263465,0.023791,-0.056483,0.002188,0.183555,0.266700,-0.235408,0.915393,1.498510,0.000000,0.000000,0.241424,-0.301560,0.345369,0.917313,0.205182,0.000000,0.000000
-2.415804,0.031413,1.136281,-0.014451,-0.009757,-0.087239,0.996035,0.013903,0.075729,0.189121,0.514457,0.244533,-0.000140,-0.252190,0.060629,-0.133189,0.555537,-0.261733,0.023246,-0.050104,0.001919,0.189191,0.270224,-0.232702,0.907821,1.497005,0.000000,0.000000,0.244438,-0.303897,0.349300,0.910378,0.204110,0.000000,0.000000
-2.412120,0.030049,1.140187,-0.012836,-0.011165,-0.091417,0.995667,0.006864,0.076810,0.193199,0.553609,0.242331,-0.000918,-0.243277,0.059096,-0.130374,0.546874,-0.259812,0.022394,-0.040241,0.001527,0.194433,0.271860,-0.228294,0.900385,1.496851,0.000000,0.000000,0.246987,-0.307295,0.350807,0.904298,0.204232,0.000000,0.000000
-2.408885,0.028277,1.144099,-0.011344,-0.013043,-0.093746,0.995446,-0.000338,0.078941,0.198886,0.593731,0.240514,-0.001711,-0.234220,0.057352,-0.127429,0.538586,-0.257441,0.021506,-0.031428,0.001252,0.199820,0.274249,-0.224994,0.892753,1.497724,0.000000,0.000000,0.249386,-0.310253,0.351275,0.899659,0.205461,0.000000,0.000000
-2.405764,0.026725,1.147949,-0.010033,-0.014658,-0.096384,0.995186,-0.007961,0.081061,0.204233,0.633335,0.237696,-0.002465,-0.225308,0.055672,-0.124583,0.529592,-0.254584,0.020652,-0.022683,0.000977,0.204895,0.276843,-0.221296,0.885287,1.498190,0.000000,0.000000,0.251396,-0.313056,0.350655,0.895981,0.207352,0.000000,0.000000
-2.402623,0.025145,1.151759,-0.008725,-0.016023,-0.098768,0.994943,-0.015929,0.083300,0.209199,0.672852,0.236286,-0.003141,-0.216526,0.054039,-0.121917,0.519970,-0.251173,0.019846,-0.014288,0.000697,0.209590,0.279609,-0.217416,0.878298,1.498358,0.000000,0.000000,0.252589,-0.315484,0.348774,0.893226,0.209169,0.000000,0.000000
-2.399714,0.023678,1.155537,-0.007323,-0.017693,-0.101113,0.994691,-0.024063,0.085307,0.213624,0.712088,0.234738,-0.003811,-0.207761,0.052190,-0.119257,0.510207,-0.247272,0.018986,-0.006544,0.000423,0.214366,0.282245,-0.215386,0.871428,1.498822,0.000000,0.000000,0.253530,-0.317300,0.346948,0.892185,0.211956,0.000000,0.000000
-2.396682,0.022251,1.159279,-0.005960,-0.019259,-0.103283,0.994448,-0.032265,0.087577,0.218237,0.752048,0.233976,-0.004469,-0.199024,0.050224,-0.116969,0.500323,-0.243307,0.018165,0.001306,0.000139,0.218939,0.284012,-0.211343,0.866009,1.496398,0.000000,0.000000,0.253507,-0.319418,0.343013,0.891981,0.214215,0.000000,0.000000
-2.393789,0.020848,1.162969,-0.004425,-0.020870,-0.105449,0.994196,-0.040620,0.089652,0.222421,0.791430,0.231958,-0.005126,-0.190395,0.048018,-0.114119,0.490501,-0.239196,0.017173,0.008450,-0.000082,0.223080,0.287086,-0.207760,0.860028,1.496187,0.000000,0.000000,0.252746,-0.322278,0.338753,0.892354,0.215618,0.000000,0.000000
-2.391152,0.019448,1.166509,-0.002817,-0.022915,-0.107352,0.993953,-0.048997,0.091790,0.226827,0.830756,0.228615,-0.005834,-0.181801,0.045733,-0.110729,0.480932,-0.233175,0.016083,0.015452,-0.000314,0.227437,0.289390,-0.205167,0.854330,1.494992,0.000000,0.000000,0.252457,-0.324387,0.335868,0.894133,0.218083,0.000000,0.000000
-2.388327,0.018068,1.170023,-0.001278,-0.024499,-0.109621,0.993671,-0.057198,0.094358,0.231817,0.867145,0.222135,-0.006539,-0.173736,0.043407,-0.108548,0.471610,-0.229199,0.015195,0.022171,-0.000546,0.231206,0.290681,-0.200820,0.850011,1.491407,0.000000,0.000000,0.251183,-0.326560,0.331792,0.896653,0.219913,0.000000,0.000000
-2.385512,0.016784,1.173378,0.000381,-0.026261,-0.111613,0.993405,-0.066029,0.097008,0.237778,0.906755,0.214560,-0.007491,-0.165131,0.040550,-0.106736,0.461998,-0.225321,0.014230,0.030098,-0.000837,0.234815,0.290613,-0.192265,0.846757,1.483459,0.000000,0.000000,0.249887,-0.328002,0.325374,0.900116,0.221350,0.000000,0.000000
-2.383017,0.015342,1.176634,0.002215,-0.028191,-0.114053,0.993072,-0.074203,0.099163,0.242687,0.942927,0.207208,-0.008354,-0.157287,0.037890,-0.104648,0.453243,-0.221294,0.013251,0.036283,-0.001021,0.238505,0.292467,-0.189703,0.843348,1.482113,0.000000,0.000000,0.248045,-0.330513,0.321014,0.903949,0.222317,0.000000,0.000000
-2.380554,0.013631,1.179889,0.003614,-0.029865,-0.115666,0.992833,-0.082183,0.102469,0.246881,0.976599,0.199987,-0.008756,-0.149719,0.035956,-0.101976,0.444469,-0.217255,0.012345,0.041655,-0.001166,0.242111,0.293616,-0.187899,0.840392,1.478788,0.000000,0.000000,0.246344,-0.332190,0.317206,0.907813,0.224184,0.000000,0.000000
-2.378183,0.011979,1.182997,0.005191,-0.031411,-0.117428,0.992571,-0.090662,0.105901,0.250978,1.010045,0.190976,-0.009174,-0.142015,0.033990,-0.099653,0.435227,-0.212907,0.011495,0.047418,-0.001336,0.245325,0.295249,-0.185292,0.837443,1.476026,0.000000,0.000000,0.244172,-0.334153,0.312113,0.911959,0.226231,0.000000,0.000000
-2.376044,0.010432,1.186030,0.006770,-0.033430,-0.119170,0.992288,-0.099193,0.109380,0.254727,1.042720,0.180000,-0.009555,-0.134239,0.031778,-0.097209,0.426525,-0.208561,0.010554,0.053453,-0.001502,0.248855,0.296474,-0.182919,0.835930,1.472362,0.000000,0.000000,0.242478,-0.335486,0.307831,0.916868,0.229004,0.000000,0.000000
-2.373779,0.008805,1.188922,0.008335,-0.035056,-0.120899,0.992011,-0.107270,0.112839,0.258395,1.071929,0.168104,-0.009931,-0.127123,0.029801,-0.094553,0.418409,-0.204184,0.009628,0.058784,-0.001675,0.251997,0.297885,-0.180894,0.834474,1.470074,0.000000,0.000000,0.240306,-0.337300,0.303267,0.921065,0.231259,0.000000,0.000000
-2.371634,0.007443,1.191652,0.009924,-0.036481,-0.122906,0.991698,-0.115949,0.115953,0.261875,1.099946,0.151917,-0.010435,-0.120079,0.027639,-0.092419,0.409659,-0.199648,0.008746,0.064586,-0.001861,0.255110,0.299075,-0.179447,0.833052,1.468219,0.000000,0.000000,0.238120,-0.339224,0.298584,0.925309,0.233555,0.000000,0.000000
-2.369577,0.006316,1.194194,0.011553,-0.038133,-0.124832,0.991378,-0.124245,0.118325,0.264650,1.125128,0.135680,-0.010993,-0.113627,0.025205,-0.090289,0.401720,-0.195301,0.007785,0.069995,-0.002040,0.257996,0.300064,-0.179614,0.831756,1.466914,0.000000,0.000000,0.236246,-0.340577,0.295018,0.929172,0.235975,0.000000,0.000000
-2.367787,0.005285,1.196510,0.013208,-0.039786,-0.126591,0.991069,-0.133946,0.120832,0.268357,1.151113,0.112164,-0.011844,-0.106625,0.022266,-0.088968,0.392909,-0.190122,0.006848,0.076168,-0.002231,0.261214,0.300309,-0.179864,0.831034,1.464050,0.000000,0.000000,0.234655,-0.342241,0.290720,0.933870,0.238526,0.000000,0.000000
-2.365779,0.004414,1.198657,0.014894,-0.041220,-0.128517,0.990738,-0.142761,0.122530,0.270931,1.174238,0.095916,-0.012627,-0.100483,0.019320,-0.087509,0.385010,-0.185405,0.005868,0.081566,-0.002353,0.264081,0.301450,-0.181318,0.830426,1.463045,0.000000,0.000000,0.233077,-0.343866,0.287396,0.937561,0.241046,0.000000,0.000000
-2.364100,0.003845,1.200703,0.016438,-0.042616,-0.130281,0.990424,-0.152255,0.123598,0.272628,1.195164,0.080012,-0.013457,-0.094491,0.016244,-0.085698,0.376873,-0.180734,0.004785,0.087339,-0.002498,0.266679,0.302459,-0.182485,0.830188,1.462593,0.000000,0.000000,0.231598,-0.345521,0.283752,0.941010,0.243623,0.000000,0.000000
-2.362546,0.003303,1.202520,0.018004,-0.043925,-0.132146,0.990093,-0.162239,0.124484,0.274650,1.213685,0.061804,-0.014460,-0.088787,0.013180,-0.084605,0.368635,-0.175530,0.003833,0.093241,-0.002677,0.269149,0.303111,-0.184120,0.830609,1.462494,0.000000,0.000000,0.230210,-0.347498,0.279925,0.944161,0.246075,0.000000,0.000000
-2.360877,0.003150,1.204162,0.019538,-0.044990,-0.134173,0.989743,-0.172619,0.124576,0.276491,1.229899,0.043197,-0.015685,-0.083447,0.009828,-0.083274,0.360317,-0.170426,0.002753,0.099111,-0.002850,0.271274,0.303156,-0.185214,0.831354,1.462211,0.000000,0.000000,0.229094,-0.349021,0.276413,0.946638,0.249055,0.000000,0.000000
-2.359291,0.003108,1.205528,0.021211,-0.046164,-0.136020,0.989403,-0.184104,0.123924,0.278082,1.244855,0.022510,-0.017153,-0.078008,0.005997,-0.081228,0.351647,-0.163343,0.001423,0.105479,-0.003007,0.273678,0.302323,-0.187109,0.832570,1.462783,0.000000,0.000000,0.228638,-0.349294,0.273763,0.948756,0.252376,0.000000,0.000000
-2.357877,0.003101,1.206771,0.022714,-0.047389,-0.137956,0.989043,-0.195155,0.123560,0.280441,1.256912,0.002306,-0.018685,-0.073003,0.002205,-0.079665,0.343679,-0.156883,0.000189,0.111433,-0.003192,0.275718,0.301807,-0.189029,0.834048,1.463756,0.000000,0.000000,0.227984,-0.350473,0.271379,0.950458,0.255307,0.000000,0.000000
-2.356567,0.003444,1.207462,0.023945,-0.047828,-0.140067,0.988696,-0.208423,0.123182,0.283438,1.269327,-0.022834,-0.020550,-0.067903,-0.001709,-0.079743,0.333384,-0.152649,-0.000798,0.118634,-0.003409,0.276919,0.301311,-0.190545,0.835993,1.465349,0.000000,0.000000,0.227430,-0.351434,0.268299,0.951258,0.257551,0.000000,0.000000
-2.355138,0.003515,1.208189,0.025179,-0.048432,-0.141875,0.988378,-0.220944,0.123222,0.286693,1.277722,-0.046944,-0.022308,-0.063558,-0.004989,-0.079616,0.324812,-0.148025,-0.001665,0.124982,-0.003613,0.277747,0.301069,-0.192261,0.837892,1.466195,0.000000,0.000000,0.227161,-0.352613,0.265477,0.951401,0.259595,0.000000,0.000000
-2.353553,0.003515,1.208850,0.026398,-0.049020,-0.143720,0.988051,-0.232787,0.123567,0.290393,1.282829,-0.068678,-0.024044,-0.059572,-0.007995,-0.079117,0.317164,-0.143309,-0.002532,0.131190,-0.003789,0.278697,0.300866,-0.193824,0.840241,1.467239,0.000000,0.000000,0.227331,-0.354222,0.263130,0.951184,0.260355,0.000000,0.000000
-2.351864,0.003317,1.209435,0.027634,-0.049689,-0.145802,0.987679,-0.244061,0.124373,0.294766,1.285132,-0.088762,-0.025781,-0.055644,-0.010802,-0.078243,0.310284,-0.138528,-0.003412,0.137366,-0.003994,0.279329,0.300281,-0.194625,0.842885,1.468928,0.000000,0.000000,0.227666,-0.356175,0.261605,0.951122,0.259479,0.000000,0.000000
-2.350052,0.002904,1.210036,0.029024,-0.050476,-0.147883,0.987289,-0.255331,0.125421,0.300012,1.284568,-0.109975,-0.027663,-0.051365,-0.013817,-0.077155,0.303513,-0.134049,-0.004384,0.144147,-0.004138,0.280551,0.297682,-0.195809,0.846463,1.470525,0.000000,0.000000,0.229104,-0.353184,0.263399,0.949766,0.260063,0.000000,0.000000
-2.348084,0.002818,1.210594,0.029954,-0.051270,-0.150145,0.986879,-0.265221,0.126206,0.304586,1.281467,-0.126614,-0.029331,-0.047339,-0.016381,-0.076438,0.297543,-0.130057,-0.005176,0.150258,-0.004336,0.281805,0.296495,-0.196479,0.850039,1.471053,0.000000,0.000000,0.230389,-0.352080,0.265072,0.948792,0.260162,0.000000,0.000000
-2.345925,0.002460,1.211101,0.030850,-0.051830,-0.152090,0.986524,-0.275096,0.127533,0.309492,1.275715,-0.143038,-0.030889,-0.043196,-0.018713,-0.075816,0.291545,-0.126139,-0.005892,0.156202,-0.004525,0.282666,0.295996,-0.196422,0.853243,1.472255,0.000000,0.000000,0.231614,-0.353033,0.265622,0.947692,0.258689,0.000000,0.000000
-2.343883,0.002108,1.211507,0.031905,-0.052581,-0.154099,0.986139,-0.285851,0.128748,0.316195,1.265791,-0.167435,-0.032914,-0.038671,-0.021363,-0.075811,0.285343,-0.121977,-0.006589,0.162730,-0.004741,0.283927,0.294115,-0.196836,0.857301,1.473669,0.000000,0.000000,0.233527,-0.351368,0.268087,0.946385,0.258032,0.000000,0.000000
-2.341297,0.001800,1.211839,0.032664,-0.053168,-0.156035,0.985778,-0.294301,0.129648,0.321041,1.256700,-0.181666,-0.034356,-0.034676,-0.023528,-0.075515,0.280426,-0.118824,-0.007215,0.168194,-0.004939,0.284955,0.292728,-0.195792,0.861133,1.474893,0.000000,0.000000,0.235084,-0.350239,0.269293,0.945166,0.255892,0.000000,0.000000
-2.338952,0.001681,1.212057,0.033469,-0.054235,-0.158029,0.985376,-0.303260,0.129962,0.326282,1.243762,-0.195598,-0.036021,-0.030231,-0.026174,-0.075489,0.275806,-0.115568,-0.007927,0.174134,-0.005135,0.286323,0.291230,-0.194747,0.865757,1.476152,0.000000,0.000000,0.237113,-0.348954,0.270971,0.944362,0.253287,0.000000,0.000000
-2.336442,0.001438,1.212249,0.034203,-0.055406,-0.160124,0.984947,-0.310919,0.130315,0.331462,1.230190,-0.206004,-0.037540,-0.025999,-0.028637,-0.075103,0.272200,-0.113017,-0.008656,0.179256,-0.005304,0.287743,0.290193,-0.194243,0.870187,1.476437,0.000000,0.000000,0.239090,-0.348124,0.273833,0.943707,0.251507,0.000000,0.000000
-2.333649,0.000946,1.212430,0.034041,-0.056359,-0.161414,0.984688,-0.318102,0.132089,0.334490,1.214104,-0.215211,-0.037929,-0.021414,-0.029950,-0.075550,0.268950,-0.110978,-0.008929,0.183550,-0.005435,0.289326,0.289645,-0.193062,0.874845,1.477311,0.000000,0.000000,0.241067,-0.346267,0.276061,0.942911,0.249008,0.000000,0.000000
-2.330811,0.000358,1.212557,0.033256,-0.057268,-0.161949,0.984575,-0.325449,0.135209,0.336063,1.194657,-0.226454,-0.037445,-0.016222,-0.030009,-0.077119,0.265567,-0.109573,-0.008679,0.186947,-0.005551,0.291261,0.289674,-0.191583,0.880339,1.479097,0.000000,0.000000,0.243733,-0.343195,0.278104,0.941801,0.246305,0.000000,0.000000
-2.327897,-0.000022,1.212559,0.032379,-0.058408,-0.162276,0.984483,-0.331792,0.137869,0.336477,1.176034,-0.235513,-0.036730,-0.011161,-0.029756,-0.079623,0.262839,-0.108563,-0.008189,0.189619,-0.005621,0.292994,0.290150,-0.190019,0.885337,1.480231,0.000000,0.000000,0.246692,-0.340361,0.279864,0.940446,0.244276,0.000000,0.000000
-2.324916,-0.000277,1.212520,0.031665,-0.059763,-0.162425,0.984400,-0.337765,0.139819,0.336097,1.155975,-0.242072,-0.035972,-0.005730,-0.029824,-0.082276,0.260291,-0.107852,-0.007769,0.191698,-0.005746,0.294960,0.290748,-0.188820,0.890548,1.480949,0.000000,0.000000,0.249854,-0.336943,0.281994,0.939315,0.242506,0.000000,0.000000
-2.321858,-0.000693,1.212471,0.030988,-0.061041,-0.162443,0.984340,-0.343286,0.141698,0.335717,1.134220,-0.247395,-0.035121,-0.000116,-0.029965,-0.085181,0.257676,-0.107587,-0.007329,0.193265,-0.005846,0.296835,0.291132,-0.188148,0.895886,1.481296,0.000000,0.000000,0.252854,-0.333447,0.284992,0.938554,0.240825,0.000000,0.000000
-2.318626,-0.001393,1.212382,0.030201,-0.061911,-0.162249,0.984343,-0.348565,0.144053,0.335850,1.110717,-0.253423,-0.034153,0.005496,-0.029631,-0.088364,0.254721,-0.107243,-0.006709,0.194155,-0.005923,0.298563,0.291240,-0.186380,0.901217,1.482036,0.000000,0.000000,0.255381,-0.330413,0.286681,0.938291,0.238244,0.000000,0.000000
-2.315330,-0.001742,1.212269,0.029417,-0.062912,-0.162030,0.984339,-0.353433,0.145572,0.335383,1.086072,-0.258310,-0.033180,0.011118,-0.029474,-0.091672,0.251844,-0.106956,-0.006121,0.195037,-0.006011,0.300033,0.291514,-0.184656,0.906103,1.483513,0.000000,0.000000,0.258074,-0.327019,0.288865,0.938174,0.235773,0.000000,0.000000
-2.312021,-0.002094,1.212127,0.028545,-0.063819,-0.161669,0.984366,-0.357875,0.146787,0.334841,1.060329,-0.262869,-0.032146,0.016652,-0.029265,-0.094833,0.249137,-0.106720,-0.005543,0.195527,-0.006103,0.301865,0.291377,-0.183119,0.911480,1.484523,0.000000,0.000000,0.260545,-0.324018,0.291195,0.938193,0.233172,0.000000,0.000000
-2.308795,-0.002321,1.211914,0.027707,-0.064881,-0.161192,0.984398,-0.361988,0.147363,0.333979,1.033710,-0.266946,-0.031109,0.022096,-0.029150,-0.098202,0.246851,-0.106642,-0.004954,0.195651,-0.006154,0.303495,0.291350,-0.181552,0.916336,1.485862,0.000000,0.000000,0.262978,-0.320892,0.293611,0.938692,0.230485,0.000000,0.000000
-2.305426,-0.002215,1.211671,0.026949,-0.065766,-0.160759,0.984431,-0.365644,0.146796,0.332329,1.005953,-0.270124,-0.030099,0.027355,-0.029478,-0.101545,0.244777,-0.106720,-0.004491,0.195564,-0.006192,0.305642,0.290568,-0.180858,0.921799,1.485819,0.000000,0.000000,0.265170,-0.317888,0.296128,0.939568,0.227685,0.000000,0.000000
-2.302104,-0.002475,1.211326,0.026005,-0.066378,-0.159712,0.984586,-0.369035,0.146433,0.331009,0.976607,-0.273279,-0.028999,0.032422,-0.029255,-0.105302,0.242620,-0.107094,-0.003802,0.194807,-0.006203,0.306837,0.290297,-0.179505,0.926559,1.486966,0.000000,0.000000,0.266923,-0.314860,0.298178,0.940548,0.224768,0.000000,0.000000
-2.298615,-0.002324,1.210946,0.025120,-0.066802,-0.158817,0.984725,-0.372115,0.145176,0.329086,0.946152,-0.275801,-0.027889,0.037230,-0.029284,-0.109251,0.240500,-0.107495,-0.003151,0.194018,-0.006232,0.307932,0.289810,-0.177975,0.931039,1.488364,0.000000,0.000000,0.268560,-0.311760,0.299834,0.941977,0.222237,0.000000,0.000000
-2.295168,-0.001974,1.210510,0.024270,-0.067263,-0.157792,0.984880,-0.374879,0.143065,0.326669,0.914875,-0.277512,-0.026802,0.041776,-0.029611,-0.113503,0.238767,-0.108097,-0.002528,0.192959,-0.006242,0.309287,0.288666,-0.177556,0.935801,1.489574,0.000000,0.000000,0.270463,-0.308432,0.302036,0.943887,0.220240,0.000000,0.000000
-2.291733,-0.001616,1.210049,0.023512,-0.067739,-0.156470,0.985076,-0.377219,0.140377,0.323950,0.883033,-0.279038,-0.025718,0.046135,-0.030074,-0.117433,0.237490,-0.109049,-0.001995,0.191362,-0.006247,0.310446,0.287312,-0.177561,0.940333,1.489916,0.000000,0.000000,0.271985,-0.305364,0.304244,0.945809,0.218144,0.000000,0.000000
-2.288243,-0.001226,1.209570,0.022839,-0.067923,-0.155320,0.985262,-0.379178,0.137260,0.321074,0.850784,-0.280332,-0.024645,0.050172,-0.030726,-0.122136,0.236338,-0.110127,-0.001382,0.189965,-0.006243,0.311225,0.285929,-0.176476,0.944794,1.490448,0.000000,0.000000,0.273406,-0.302522,0.305785,0.948160,0.216052,0.000000,0.000000
-2.284721,-0.000845,1.209083,0.022019,-0.067852,-0.153697,0.985540,-0.381007,0.133957,0.318147,0.817931,-0.280977,-0.023557,0.053912,-0.031098,-0.126234,0.235314,-0.111624,-0.000792,0.187975,-0.006207,0.311863,0.284419,-0.175651,0.949407,1.490722,0.000000,0.000000,0.274744,-0.299779,0.307310,0.950427,0.213957,0.000000,0.000000
-2.281238,-0.000493,1.208525,0.021190,-0.067972,-0.152096,0.985798,-0.382333,0.130704,0.315433,0.785410,-0.281153,-0.022462,0.057510,-0.031368,-0.130279,0.234844,-0.113672,-0.000184,0.185498,-0.006170,0.312354,0.282782,-0.175193,0.953709,1.490652,0.000000,0.000000,0.276190,-0.297395,0.309304,0.953075,0.212765,0.000000,0.000000
-2.277648,-0.000023,1.207977,0.020805,-0.068052,-0.150885,0.985987,-0.383193,0.127230,0.312670,0.756136,-0.280590,-0.021560,0.060711,-0.032227,-0.133870,0.234966,-0.115809,0.000182,0.183456,-0.006121,0.312872,0.280657,-0.174309,0.957506,1.490196,0.000000,0.000000,0.277189,-0.295544,0.310885,0.955146,0.211537,0.000000,0.000000
-2.274133,0.000382,1.207434,0.020304,-0.067790,-0.149655,0.986203,-0.383821,0.123740,0.309982,0.726232,-0.279248,-0.020660,0.063725,-0.033086,-0.137723,0.234708,-0.118436,0.000593,0.181496,-0.006088,0.312852,0.278685,-0.173324,0.961368,1.489913,0.000000,0.000000,0.277814,-0.294261,0.312467,0.957218,0.210703,0.000000,0.000000
-2.270594,0.000778,1.206897,0.019846,-0.067447,-0.148218,0.986452,-0.384235,0.120324,0.307379,0.698665,-0.276670,-0.019896,0.066360,-0.033775,-0.140397,0.234887,-0.121142,0.000854,0.179311,-0.006006,0.312805,0.276570,-0.171933,0.964813,1.489508,0.000000,0.000000,0.278593,-0.293072,0.313466,0.959155,0.209814,0.000000,0.000000
-2.267050,0.001162,1.206359,0.019490,-0.067205,-0.146887,0.986675,-0.384368,0.116783,0.304773,0.670753,-0.271987,-0.019185,0.068956,-0.034656,-0.142952,0.235599,-0.124383,0.001036,0.177048,-0.005951,0.312776,0.273968,-0.170255,0.968549,1.488992,0.000000,0.000000,0.279229,-0.291523,0.314514,0.961149,0.208301,0.000000,0.000000
-2.263388,0.001861,1.205775,0.019289,-0.066788,-0.145923,0.986850,-0.384233,0.112677,0.301781,0.642952,-0.266169,-0.018576,0.071276,-0.036017,-0.145435,0.236673,-0.127757,0.001067,0.175210,-0.005917,0.312716,0.271506,-0.168773,0.971743,1.488447,0.000000,0.000000,0.279864,-0.290911,0.315979,0.963269,0.206384,0.000000,0.000000
-2.259712,0.002587,1.205167,0.019197,-0.066503,-0.145194,0.986979,-0.383682,0.108759,0.298991,0.618382,-0.259870,-0.018110,0.073196,-0.037697,-0.147616,0.238277,-0.130999,0.000961,0.173800,-0.005882,0.312701,0.269029,-0.167498,0.974296,1.487927,0.000000,0.000000,0.280221,-0.290512,0.317812,0.965036,0.203637,0.000000,0.000000
-2.256006,0.003383,1.204578,0.019196,-0.065935,-0.144612,0.987103,-0.382840,0.104415,0.295920,0.593085,-0.252295,-0.017719,0.074877,-0.039699,-0.149308,0.240181,-0.134466,0.000683,0.172485,-0.005851,0.312634,0.266302,-0.165845,0.976952,1.487061,0.000000,0.000000,0.280968,-0.290475,0.319754,0.967496,0.201672,0.000000,0.000000
-2.252453,0.004277,1.204000,0.019227,-0.065389,-0.144226,0.987195,-0.381818,0.099737,0.292655,0.567581,-0.244203,-0.017385,0.076231,-0.041940,-0.150697,0.242539,-0.137895,0.000289,0.171227,-0.005813,0.312379,0.263569,-0.164085,0.979219,1.486055,0.000000,0.000000,0.280716,-0.290911,0.321396,0.969891,0.199092,0.000000,0.000000
-2.248833,0.005082,1.203456,0.019331,-0.064711,-0.143837,0.987294,-0.380694,0.095446,0.289662,0.545498,-0.236580,-0.017154,0.077180,-0.044035,-0.151559,0.245063,-0.140901,-0.000154,0.170234,-0.005775,0.312168,0.260881,-0.162566,0.981206,1.485007,0.000000,0.000000,0.280901,-0.290921,0.323258,0.972799,0.197410,0.000000,0.000000
-2.245185,0.005891,1.202919,0.019494,-0.063931,-0.143795,0.987348,-0.379390,0.090942,0.286537,0.523560,-0.228001,-0.016962,0.077927,-0.046357,-0.152219,0.247968,-0.144034,-0.000692,0.169497,-0.005725,0.311778,0.257947,-0.160787,0.983325,1.483645,0.000000,0.000000,0.280708,-0.291105,0.325233,0.976228,0.195837,0.000000,0.000000
-2.241507,0.006610,1.202413,0.019856,-0.063323,-0.144005,0.987349,-0.377770,0.086428,0.283443,0.502980,-0.218218,-0.016838,0.078562,-0.049002,-0.152468,0.251362,-0.147360,-0.001389,0.169020,-0.005694,0.311513,0.254897,-0.159327,0.985224,1.482030,0.000000,0.000000,0.280706,-0.291092,0.328294,0.980499,0.194387,0.000000,0.000000
-2.237691,0.007201,1.201885,0.020027,-0.062292,-0.144387,0.987356,-0.376279,0.082812,0.280981,0.486410,-0.209296,-0.016769,0.078924,-0.051204,-0.152461,0.254475,-0.150158,-0.002003,0.168824,-0.005670,0.311174,0.252344,-0.157224,0.986642,1.480736,0.000000,0.000000,0.280342,-0.291461,0.330310,0.984422,0.193167,0.000000,0.000000
-2.234037,0.007761,1.201409,0.020226,-0.061653,-0.144856,0.987323,-0.374877,0.079848,0.279003,0.473330,-0.201359,-0.016773,0.079211,-0.053193,-0.152232,0.257421,-0.153002,-0.002596,0.168818,-0.005667,0.310996,0.250216,-0.155675,0.987889,1.479166,0.000000,0.000000,0.279927,-0.291759,0.332499,0.988098,0.192356,0.000000,0.000000
-2.230261,0.008060,1.200932,0.020261,-0.060458,-0.145412,0.987314,-0.373401,0.077038,0.277159,0.460342,-0.193403,-0.016791,0.079394,-0.055083,-0.151949,0.260565,-0.156117,-0.003169,0.168985,-0.005683,0.310626,0.247818,-0.153360,0.989140,1.477702,0.000000,0.000000,0.278918,-0.292156,0.334175,0.991658,0.190648,0.000000,0.000000
-2.226604,0.008396,1.200507,0.020209,-0.059534,-0.146084,0.987272,-0.371804,0.074399,0.275496,0.448243,-0.185928,-0.016831,0.079560,-0.056931,-0.151469,0.264029,-0.159397,-0.003761,0.169345,-0.005707,0.310237,0.245621,-0.150810,0.990361,1.476093,0.000000,0.000000,0.277536,-0.293093,0.335527,0.995063,0.188095,0.000000,0.000000
-2.222804,0.008539,1.199933,0.019872,-0.058313,-0.146532,0.987286,-0.370594,0.072616,0.274392,0.440030,-0.180877,-0.016854,0.079703,-0.058084,-0.150938,0.266662,-0.161872,-0.004167,0.169722,-0.005726,0.309834,0.244021,-0.148767,0.991249,1.474884,0.000000,0.000000,0.276573,-0.293656,0.336281,0.997567,0.186225,0.000000,0.000000
-2.218900,0.008682,1.199376,0.019517,-0.056930,-0.147033,0.987299,-0.369382,0.070941,0.273388,0.432438,-0.176056,-0.016887,0.079860,-0.059107,-0.150293,0.269406,-0.164427,-0.004552,0.170290,-0.005721,0.309208,0.242433,-0.146500,0.992175,1.473880,0.000000,0.000000,0.275340,-0.294289,0.336928,0.999919,0.183956,0.000000,0.000000
-2.214915,0.008832,1.198825,0.019266,-0.055529,-0.147654,0.987291,-0.368038,0.069314,0.272435,0.425667,-0.171283,-0.016935,0.080028,-0.060081,-0.149529,0.272137,-0.167112,-0.004945,0.171037,-0.005717,0.308437,0.240830,-0.144463,0.993149,1.472784,0.000000,0.000000,0.274396,-0.294698,0.337976,1.002779,0.182019,0.000000,0.000000
-2.210793,0.008956,1.198284,0.018823,-0.054134,-0.148277,0.987284,-0.366516,0.067856,0.271650,0.419990,-0.166263,-0.017011,0.080252,-0.060961,-0.148677,0.274927,-0.169910,-0.005327,0.171940,-0.005720,0.307544,0.239272,-0.142442,0.994178,1.471615,0.000000,0.000000,0.273385,-0.295100,0.339179,1.005716,0.180301,0.000000,0.000000
-2.206572,0.008997,1.197754,0.018211,-0.052517,-0.148885,0.987291,-0.364874,0.066660,0.271118,0.415413,-0.160853,-0.017117,0.080528,-0.061683,-0.147843,0.277694,-0.172698,-0.005663,0.172950,-0.005726,0.306418,0.237856,-0.140423,0.995176,1.470520,0.000000,0.000000,0.272276,-0.295543,0.340553,1.008639,0.178622,0.000000,0.000000
-2.202368,0.008934,1.197185,0.017502,-0.050761,-0.149340,0.987327,-0.363083,0.065716,0.270827,0.411784,-0.154873,-0.017262,0.080829,-0.062135,-0.147019,0.280275,-0.175402,-0.005919,0.173916,-0.005725,0.305120,0.236349,-0.138219,0.996262,1.469551,0.000000,0.000000,0.270999,-0.295674,0.341839,1.011490,0.176862,0.000000,0.000000
-2.198144,0.008949,1.196587,0.016708,-0.048819,-0.149831,0.987364,-0.360619,0.064749,0.270692,0.408000,-0.146487,-0.017494,0.081232,-0.062349,-0.145780,0.283111,-0.178617,-0.006177,0.175045,-0.005726,0.303141,0.234661,-0.135481,0.997560,1.468441,0.000000,0.000000,0.269069,-0.295973,0.343504,1.015106,0.174540,0.000000,0.000000
-2.193731,0.008994,1.195966,0.015839,-0.046451,-0.150313,0.987420,-0.358123,0.064043,0.270762,0.404903,-0.137372,-0.017774,0.081582,-0.062176,-0.144294,0.285105,-0.181361,-0.006371,0.175926,-0.005716,0.300896,0.233281,-0.132494,0.998741,1.467600,0.000000,0.000000,0.266558,-0.296376,0.344547,1.018047,0.172228,0.000000,0.000000
-2.189126,0.009299,1.195363,0.015051,-0.043995,-0.151147,0.987417,-0.355290,0.063158,0.270766,0.401421,-0.124966,-0.018204,0.081949,-0.061899,-0.142229,0.286677,-0.184048,-0.006639,0.176967,-0.005721,0.297924,0.231727,-0.129056,1.000015,1.466651,0.000000,0.000000,0.263375,-0.296880,0.345893,1.021058,0.169524,0.000000,0.000000
-2.184351,0.009023,1.195014,0.014551,-0.041533,-0.151884,0.987418,-0.352381,0.062794,0.271207,0.398807,-0.108305,-0.018748,0.082443,-0.061521,-0.139952,0.287509,-0.186313,-0.006920,0.177876,-0.005709,0.294590,0.230188,-0.125172,1.001407,1.465972,0.000000,0.000000,0.259633,-0.297511,0.346821,1.024062,0.166525,0.000000,0.000000
-2.179824,0.008301,1.195036,0.014613,-0.039597,-0.152742,0.987364,-0.350741,0.063286,0.272080,0.397508,-0.095329,-0.019150,0.083047,-0.061394,-0.137842,0.287648,-0.187636,-0.007246,0.178577,-0.005697,0.292070,0.229055,-0.122102,1.002622,1.465722,0.000000,0.000000,0.256926,-0.298186,0.347397,1.026641,0.163627,0.000000,0.000000
-2.175342,0.007633,1.195168,0.014168,-0.038275,-0.153460,0.987312,-0.349934,0.064547,0.273412,0.398423,-0.087244,-0.019395,0.083871,-0.061140,-0.136220,0.287852,-0.188328,-0.007453,0.179090,-0.005708,0.290474,0.228297,-0.119539,1.003911,1.465485,0.000000,0.000000,0.255014,-0.298800,0.347520,1.028858,0.161290,0.000000,0.000000
-2.170869,0.007863,1.195319,0.014211,-0.037257,-0.154851,0.987133,-0.349786,0.065612,0.274376,0.401244,-0.081996,-0.019597,0.084998,-0.061460,-0.133968,0.288273,-0.188369,-0.007934,0.180130,-0.005737,0.289041,0.227370,-0.116820,1.005377,1.465313,0.000000,0.000000,0.253382,-0.299817,0.347271,1.031154,0.159171,0.000000,0.000000
-2.166489,0.008671,1.195414,0.014242,-0.035887,-0.156148,0.986979,-0.350091,0.066232,0.274767,0.405612,-0.078758,-0.019789,0.086161,-0.062383,-0.131492,0.288395,-0.187700,-0.008628,0.181679,-0.005791,0.287632,0.226092,-0.114292,1.007120,1.465239,0.000000,0.000000,0.251936,-0.301103,0.346384,1.033333,0.157709,0.000000,0.000000
-2.162218,0.009793,1.195412,0.014241,-0.034019,-0.156516,0.986987,-0.350845,0.066176,0.274460,0.409273,-0.076992,-0.019939,0.086983,-0.063289,-0.129176,0.288107,-0.186529,-0.009291,0.182979,-0.005841,0.286222,0.224977,-0.112934,1.008575,1.465281,0.000000,0.000000,0.250853,-0.302327,0.345114,1.034652,0.157312,0.000000,0.000000
-2.157983,0.010932,1.195365,0.014190,-0.031753,-0.156637,0.987044,-0.352176,0.065607,0.273509,0.413980,-0.075425,-0.020140,0.087840,-0.064560,-0.126009,0.287371,-0.183982,-0.010209,0.184768,-0.005916,0.283623,0.223388,-0.111401,1.010805,1.465355,0.000000,0.000000,0.249330,-0.304278,0.342431,1.035966,0.157747,0.000000,0.000000
-2.153837,0.011980,1.195345,0.014203,-0.029620,-0.155778,0.987246,-0.353277,0.064770,0.272403,0.417325,-0.074992,-0.020297,0.088347,-0.065476,-0.123872,0.286898,-0.181371,-0.010850,0.186055,-0.005960,0.280838,0.222281,-0.111149,1.013064,1.465417,0.000000,0.000000,0.248245,-0.305943,0.339436,1.036528,0.159320,0.000000,0.000000
-2.149356,0.012959,1.195361,0.014180,-0.026959,-0.155003,0.987444,-0.354697,0.063352,0.270674,0.421060,-0.075837,-0.020490,0.088779,-0.066641,-0.121548,0.286278,-0.177094,-0.011602,0.187785,-0.005970,0.276357,0.221166,-0.111803,1.016282,1.465178,0.000000,0.000000,0.247121,-0.308242,0.335393,1.036995,0.162292,0.000000,0.000000
-2.144639,0.014181,1.195393,0.014210,-0.024454,-0.154248,0.987627,-0.355666,0.061868,0.269042,0.423395,-0.077859,-0.020640,0.088922,-0.067610,-0.120445,0.285911,-0.173076,-0.012085,0.189186,-0.005975,0.272469,0.220557,-0.113131,1.018932,1.464720,0.000000,0.000000,0.246728,-0.309822,0.332270,1.037166,0.165084,0.000000,0.000000
-2.139764,0.015409,1.195533,0.014096,-0.022306,-0.153232,0.987838,-0.356760,0.059143,0.266290,0.426848,-0.083322,-0.020848,0.089075,-0.069234,-0.119685,0.285974,-0.165428,-0.012707,0.191207,-0.005968,0.265706,0.219994,-0.115537,1.023938,1.463818,0.000000,0.000000,0.246093,-0.312160,0.325854,1.037257,0.170934,0.000000,0.000000
-2.134761,0.016519,1.195829,0.013646,-0.020345,-0.152644,0.987978,-0.357192,0.056946,0.264230,0.430300,-0.090523,-0.020968,0.089215,-0.070742,-0.120739,0.286748,-0.157141,-0.012983,0.193149,-0.005939,0.259145,0.219684,-0.117406,1.029192,1.463213,0.000000,0.000000,0.245605,-0.313876,0.319037,1.036999,0.175876,0.000000,0.000000
-2.129662,0.017482,1.196331,0.013348,-0.017760,-0.151850,0.988154,-0.357312,0.054603,0.262184,0.433054,-0.100556,-0.020996,0.089180,-0.072172,-0.122852,0.287525,-0.146236,-0.013055,0.195563,-0.005926,0.251142,0.219220,-0.119395,1.035355,1.463352,0.000000,0.000000,0.246152,-0.315254,0.312001,1.037034,0.180702,0.000000,0.000000
-2.124671,0.018492,1.197081,0.012884,-0.015639,-0.151331,0.988275,-0.356849,0.052639,0.260628,0.435547,-0.110860,-0.020952,0.089075,-0.073445,-0.125860,0.288449,-0.134315,-0.012926,0.197830,-0.005912,0.243204,0.218981,-0.120321,1.041080,1.464495,0.000000,0.000000,0.246188,-0.316292,0.304741,1.036567,0.183712,0.000000,0.000000
-2.119743,0.019232,1.198142,0.012287,-0.013441,-0.150481,0.988445,-0.356164,0.051155,0.259614,0.437604,-0.120950,-0.020831,0.088897,-0.074260,-0.128399,0.289494,-0.120990,-0.012749,0.199281,-0.005895,0.235845,0.219295,-0.120225,1.047115,1.465635,0.000000,0.000000,0.245556,-0.317298,0.296683,1.036027,0.186214,0.000000,0.000000
-2.114846,0.020028,1.199471,0.011785,-0.010934,-0.149684,0.988603,-0.355402,0.049648,0.258587,0.438802,-0.130570,-0.020686,0.088518,-0.074895,-0.130730,0.290287,-0.106250,-0.012558,0.200603,-0.005878,0.228361,0.219686,-0.119964,1.052416,1.466800,0.000000,0.000000,0.245269,-0.317857,0.289503,1.035663,0.189032,0.000000,0.000000
-2.110198,0.020888,1.201053,0.011067,-0.008878,-0.148893,0.988752,-0.354104,0.047994,0.257573,0.440050,-0.140482,-0.020535,0.087985,-0.075521,-0.133839,0.291596,-0.087979,-0.012230,0.202316,-0.005850,0.219555,0.220113,-0.120376,1.057843,1.467534,0.000000,0.000000,0.245780,-0.318087,0.283204,1.035549,0.192333,0.000000,0.000000
-2.105661,0.021530,1.202965,0.010388,-0.006494,-0.147744,0.988950,-0.352730,0.046476,0.256697,0.440122,-0.149047,-0.020385,0.087186,-0.075777,-0.136261,0.293102,-0.068908,-0.011911,0.203218,-0.005831,0.211065,0.220741,-0.119916,1.062415,1.468191,0.000000,0.000000,0.245069,-0.317988,0.276895,1.034917,0.195627,0.000000,0.000000
-2.101142,0.022200,1.205143,0.009594,-0.003772,-0.146428,0.989168,-0.351342,0.044896,0.255750,0.438567,-0.156511,-0.020223,0.085975,-0.075702,-0.138321,0.294716,-0.048666,-0.011552,0.203841,-0.005826,0.202450,0.221838,-0.119819,1.065731,1.468689,0.000000,0.000000,0.244565,-0.318400,0.272572,1.034522,0.198248,0.000000,0.000000
-2.096675,0.022958,1.207532,0.008794,-0.001596,-0.145382,0.989335,-0.349520,0.043038,0.254678,0.436964,-0.163093,-0.020099,0.084423,-0.075813,-0.140850,0.297333,-0.025146,-0.011155,0.204369,-0.005823,0.193514,0.223256,-0.119637,1.068213,1.467980,0.000000,0.000000,0.243705,-0.318614,0.268374,1.033849,0.201387,0.000000,0.000000
-2.092216,0.023658,1.210094,0.007986,0.000565,-0.144328,0.989497,-0.347548,0.041291,0.253728,0.435145,-0.168677,-0.020008,0.082617,-0.076042,-0.143668,0.300549,-0.001463,-0.010725,0.204595,-0.005832,0.185483,0.224698,-0.119443,1.069149,1.467081,0.000000,0.000000,0.242715,-0.318479,0.264889,1.033272,0.204753,0.000000,0.000000
-2.087886,0.024352,1.212819,0.007207,0.002656,-0.143117,0.989676,-0.345238,0.039529,0.252804,0.432609,-0.173772,-0.019949,0.080468,-0.076325,-0.146683,0.304292,0.022808,-0.010257,0.204452,-0.005801,0.178019,0.226559,-0.119100,1.068949,1.466308,0.000000,0.000000,0.240392,-0.319013,0.261592,1.031925,0.206602,0.000000,0.000000
-2.083820,0.024658,1.215507,0.006614,0.004769,-0.141767,0.989866,-0.342894,0.037668,0.251804,0.429266,-0.178354,-0.019897,0.077827,-0.075691,-0.149387,0.308026,0.049014,-0.009544,0.204367,-0.005786,0.170873,0.228271,-0.119117,1.067532,1.465599,0.000000,0.000000,0.238994,-0.319737,0.259622,1.031329,0.207717,0.000000,0.000000
-2.079519,0.025388,1.218473,0.005794,0.006743,-0.140792,0.989999,-0.339998,0.035689,0.250813,0.425302,-0.182918,-0.019854,0.074737,-0.075878,-0.153875,0.313466,0.078080,-0.008717,0.204433,-0.005788,0.163530,0.230192,-0.119672,1.064891,1.464029,0.000000,0.000000,0.238179,-0.320443,0.259002,1.030975,0.208008,0.000000,0.000000
-2.075210,0.026139,1.221555,0.005056,0.008396,-0.139693,0.990146,-0.336741,0.033615,0.249792,0.421464,-0.187134,-0.019847,0.071439,-0.076538,-0.158693,0.320157,0.106302,-0.007947,0.204276,-0.005780,0.157182,0.231918,-0.120454,1.061598,1.462863,0.000000,0.000000,0.237344,-0.320545,0.259489,1.030133,0.206748,0.000000,0.000000
-2.070899,0.026940,1.224680,0.004527,0.009655,-0.138400,0.990319,-0.332872,0.030972,0.248389,0.417446,-0.191595,-0.019893,0.067705,-0.077611,-0.163392,0.329537,0.137121,-0.007301,0.203364,-0.005754,0.151283,0.234117,-0.121723,1.057039,1.461465,0.000000,0.000000,0.236613,-0.320908,0.260399,1.029251,0.204894,0.000000,0.000000
-2.066576,0.027903,1.227878,0.003852,0.010700,-0.137465,0.990441,-0.328901,0.028658,0.247254,0.413917,-0.195625,-0.019966,0.064054,-0.078924,-0.167322,0.339268,0.164901,-0.006860,0.202083,-0.005702,0.146749,0.236192,-0.122918,1.051957,1.460117,0.000000,0.000000,0.236124,-0.321202,0.262033,1.028686,0.203102,0.000000,0.000000
-2.062299,0.028936,1.231131,0.003305,0.011427,-0.136325,0.990593,-0.324263,0.025920,0.245876,0.410253,-0.199926,-0.020080,0.059882,-0.080655,-0.171432,0.350520,0.193743,-0.006482,0.200262,-0.005654,0.142675,0.238474,-0.124003,1.045170,1.459062,0.000000,0.000000,0.234888,-0.321400,0.262944,1.027858,0.201331,0.000000,0.000000
-2.057931,0.029954,1.234399,0.002532,0.012161,-0.135339,0.990722,-0.319455,0.023591,0.244900,0.406694,-0.204358,-0.020188,0.055583,-0.082304,-0.175462,0.363026,0.220751,-0.006070,0.198132,-0.005579,0.139099,0.240798,-0.124616,1.037347,1.458984,0.000000,0.000000,0.233759,-0.322085,0.264060,1.026732,0.198893,0.000000,0.000000
-2.053556,0.031124,1.237705,0.001898,0.012627,-0.134388,0.990847,-0.314338,0.021105,0.243798,0.403345,-0.208843,-0.020332,0.051102,-0.084353,-0.179173,0.377537,0.245858,-0.005826,0.195708,-0.005502,0.136217,0.243514,-0.125503,1.028607,1.459705,0.000000,0.000000,0.233177,-0.323083,0.265685,1.024752,0.196141,0.000000,0.000000
-2.049064,0.032602,1.241079,0.001448,0.012658,-0.133704,0.990939,-0.308818,0.018168,0.242301,0.400625,-0.212862,-0.020546,0.046562,-0.087608,-0.182736,0.395073,0.270247,-0.005973,0.193223,-0.005446,0.134240,0.246869,-0.127063,1.018890,1.460030,0.000000,0.000000,0.233452,-0.324464,0.268195,1.023048,0.194798,0.000000,0.000000
-2.044548,0.034282,1.244468,0.000907,0.012389,-0.132783,0.991067,-0.302579,0.014772,0.240485,0.397609,-0.217063,-0.020810,0.041590,-0.091970,-0.186732,0.417202,0.293708,-0.006338,0.190409,-0.005329,0.132557,0.250666,-0.129186,1.008309,1.460233,0.000000,0.000000,0.234680,-0.325980,0.271902,1.020720,0.193663,0.000000,0.000000
-2.040211,0.036127,1.247889,0.000284,0.011596,-0.131875,0.991199,-0.296371,0.011538,0.238741,0.395179,-0.220529,-0.021116,0.036827,-0.096383,-0.190370,0.439352,0.307875,-0.006795,0.187037,-0.005193,0.132202,0.254780,-0.130639,0.997685,1.459846,0.000000,0.000000,0.234960,-0.327599,0.274072,1.018361,0.193944,0.000000,0.000000
-2.035596,0.038228,1.251349,-0.000169,0.010803,-0.130210,0.991428,-0.289514,0.007559,0.236326,0.391807,-0.223910,-0.021490,0.031888,-0.101671,-0.193128,0.465450,0.317551,-0.007680,0.182709,-0.005088,0.132055,0.259225,-0.132181,0.986310,1.458722,0.000000,0.000000,0.235650,-0.329477,0.276550,1.015768,0.194667,0.000000,0.000000
-2.030916,0.040720,1.254813,-0.000477,0.009662,-0.128457,0.991668,-0.281520,0.002568,0.232827,0.387630,-0.227541,-0.021888,0.026487,-0.108545,-0.196563,0.497304,0.325399,-0.008864,0.177262,-0.004923,0.132360,0.263905,-0.134464,0.973649,1.457786,0.000000,0.000000,0.236696,-0.331544,0.279528,1.013039,0.195820,0.000000,0.000000
-2.026359,0.043090,1.258164,-0.001030,0.008273,-0.126065,0.991987,-0.273330,-0.001997,0.227832,0.383136,-0.230725,-0.021944,0.020965,-0.114533,-0.198805,0.530200,0.328814,-0.009967,0.170884,-0.004691,0.133560,0.268334,-0.136097,0.961111,1.455753,0.000000,0.000000,0.237821,-0.333574,0.281718,1.010035,0.196464,0.000000,0.000000
-2.021470,0.045775,1.261440,-0.001522,0.006544,-0.123175,0.992362,-0.264418,-0.007047,0.221339,0.378734,-0.233458,-0.021896,0.015531,-0.121646,-0.202174,0.568104,0.333062,-0.011127,0.163812,-0.004471,0.134417,0.273536,-0.136615,0.947800,1.454106,0.000000,0.000000,0.239800,-0.335322,0.283119,1.007821,0.197369,0.000000,0.000000
-2.016704,0.048272,1.264617,-0.002064,0.004629,-0.120084,0.992751,-0.255657,-0.011739,0.215331,0.374891,-0.235192,-0.021923,0.010340,-0.128190,-0.204492,0.605889,0.335739,-0.012276,0.155994,-0.004213,0.134725,0.278397,-0.135588,0.933984,1.453666,0.000000,0.000000,0.241341,-0.336940,0.283408,1.005531,0.197952,0.000000,0.000000
-2.011826,0.050884,1.267767,-0.002621,0.003034,-0.116825,0.993144,-0.246959,-0.016368,0.209196,0.370594,-0.237024,-0.021933,0.005114,-0.134830,-0.206636,0.643450,0.336861,-0.013433,0.147447,-0.003989,0.137401,0.282515,-0.134593,0.923098,1.451820,0.000000,0.000000,0.242612,-0.338775,0.282104,1.002633,0.197980,0.000000,0.000000
-2.007207,0.053501,1.270769,-0.003016,0.000861,-0.113570,0.993525,-0.237678,-0.021583,0.202883,0.366556,-0.238175,-0.022088,-0.000099,-0.141976,-0.208493,0.683282,0.337565,-0.014711,0.138106,-0.003663,0.138970,0.288237,-0.135832,0.909324,1.451752,0.000000,0.000000,0.244827,-0.340839,0.282257,1.001205,0.198368,0.000000,0.000000
-2.002481,0.056174,1.273799,-0.003473,-0.001016,-0.110196,0.993903,-0.228654,-0.026414,0.195201,0.362068,-0.238746,-0.021950,-0.005079,-0.149171,-0.210165,0.722126,0.339636,-0.015968,0.129523,-0.003364,0.140218,0.292621,-0.135081,0.897126,1.451107,0.000000,0.000000,0.246775,-0.342218,0.281465,0.999013,0.199442,0.000000,0.000000
-1.997903,0.058604,1.276791,-0.003929,-0.002771,-0.106637,0.994286,-0.220207,-0.030614,0.188294,0.357070,-0.239625,-0.021796,-0.009910,-0.155893,-0.211720,0.758023,0.342139,-0.017060,0.120769,-0.003091,0.141874,0.297045,-0.133130,0.887054,1.448983,0.000000,0.000000,0.248072,-0.343936,0.278492,0.997461,0.200226,0.000000,0.000000
-1.993674,0.060947,1.279608,-0.004598,-0.005205,-0.103208,0.994636,-0.211008,-0.034820,0.181546,0.352811,-0.239989,-0.021712,-0.014888,-0.162796,-0.214025,0.796079,0.343439,-0.017939,0.111507,-0.002803,0.143446,0.302808,-0.132756,0.876788,1.443888,0.000000,0.000000,0.250061,-0.346700,0.275715,0.996889,0.201891,0.000000,0.000000
-1.989407,0.063071,1.282457,-0.005172,-0.007263,-0.099387,0.995009,-0.202390,-0.038539,0.174122,0.348419,-0.240352,-0.021409,-0.019468,-0.168928,-0.216144,0.831182,0.345261,-0.018612,0.103122,-0.002469,0.144095,0.308080,-0.131993,0.866844,1.440595,0.000000,0.000000,0.252749,-0.347449,0.273829,0.995929,0.203439,0.000000,0.000000
-1.985416,0.065379,1.285281,-0.005949,-0.009238,-0.095583,0.995361,-0.193325,-0.042277,0.165237,0.342398,-0.240367,-0.020862,-0.024476,-0.174995,-0.217440,0.866863,0.347959,-0.019277,0.093929,-0.002172,0.144134,0.314020,-0.131165,0.857183,1.436901,0.000000,0.000000,0.254648,-0.349353,0.270785,0.994966,0.205908,0.000000,0.000000
-1.981425,0.067594,1.288089,-0.006624,-0.011317,-0.092078,0.995665,-0.184719,-0.045617,0.157764,0.336844,-0.239904,-0.020487,-0.029137,-0.180773,-0.218380,0.898406,0.348464,-0.019946,0.085833,-0.001895,0.144070,0.318735,-0.130513,0.848583,1.433655,0.000000,0.000000,0.257469,-0.349962,0.268726,0.994822,0.209007,0.000000,0.000000
-1.977538,0.069359,1.290878,-0.007395,-0.013143,-0.088274,0.995982,-0.176483,-0.048269,0.150825,0.331022,-0.239260,-0.020044,-0.033805,-0.185084,-0.218230,0.927382,0.347622,-0.020421,0.077556,-0.001650,0.143714,0.323464,-0.128655,0.840853,1.431001,0.000000,0.000000,0.258651,-0.351226,0.264733,0.993077,0.209712,0.000000,0.000000
-1.973727,0.071053,1.293639,-0.008246,-0.015145,-0.084771,0.996251,-0.167981,-0.050599,0.143746,0.325387,-0.238475,-0.019516,-0.038639,-0.189180,-0.218131,0.955784,0.343736,-0.020810,0.069319,-0.001344,0.143061,0.328637,-0.127497,0.833414,1.428757,0.000000,0.000000,0.261094,-0.352458,0.261534,0.992338,0.211158,0.000000,0.000000
-1.969806,0.072588,1.296362,-0.009168,-0.016824,-0.081299,0.996506,-0.160036,-0.052475,0.137199,0.319874,-0.237643,-0.018978,-0.043363,-0.192670,-0.217999,0.981203,0.337858,-0.021102,0.061639,-0.001106,0.142452,0.332923,-0.125029,0.826963,1.426294,0.000000,0.000000,0.263591,-0.352800,0.257354,0.991682,0.212689,0.000000,0.000000
-1.966105,0.073931,1.299092,-0.010062,-0.018757,-0.078053,0.996722,-0.151863,-0.054055,0.129827,0.314431,-0.236932,-0.018236,-0.048327,-0.195863,-0.217624,1.005754,0.328695,-0.021377,0.054237,-0.000869,0.142051,0.337083,-0.123485,0.820902,1.423316,0.000000,0.000000,0.266514,-0.352895,0.253691,0.991197,0.214081,0.000000,0.000000
-1.962625,0.075225,1.301747,-0.011108,-0.020927,-0.074605,0.996932,-0.144127,-0.055296,0.122819,0.309726,-0.236465,-0.017490,-0.053006,-0.198437,-0.217349,1.027761,0.317114,-0.021574,0.047528,-0.000642,0.141533,0.341033,-0.122478,0.815541,1.419998,0.000000,0.000000,0.269602,-0.352979,0.250834,0.990736,0.214523,0.000000,0.000000
-1.959279,0.076349,1.304364,-0.012151,-0.023099,-0.071175,0.997122,-0.135673,-0.056410,0.114683,0.304934,-0.235847,-0.016543,-0.058259,-0.200773,-0.217022,1.050253,0.301033,-0.021733,0.040530,-0.000396,0.140857,0.345565,-0.121795,0.810116,1.415601,0.000000,0.000000,0.273643,-0.352935,0.247909,0.990915,0.215788,0.000000,0.000000
-1.956026,0.077403,1.306911,-0.013200,-0.025157,-0.068069,0.997276,-0.128077,-0.057311,0.106696,0.300465,-0.235164,-0.015574,-0.063230,-0.202507,-0.216753,1.068887,0.284455,-0.021837,0.034817,-0.000205,0.139968,0.349764,-0.121286,0.805597,1.411489,0.000000,0.000000,0.277893,-0.352724,0.246461,0.991121,0.216534,0.000000,0.000000
-1.952998,0.078203,1.309405,-0.014246,-0.027319,-0.064967,0.997412,-0.120468,-0.057951,0.097934,0.296103,-0.234156,-0.014420,-0.068504,-0.203593,-0.216476,1.085913,0.265395,-0.021839,0.029138,0.000007,0.139152,0.353856,-0.121280,0.801375,1.407270,0.000000,0.000000,0.282483,-0.352084,0.245929,0.991408,0.217441,0.000000,0.000000
-1.949989,0.078845,1.311793,-0.015417,-0.029283,-0.062204,0.997515,-0.113086,-0.058185,0.088966,0.291915,-0.233156,-0.013142,-0.074026,-0.203870,-0.216031,1.100911,0.245437,-0.021728,0.023602,0.000186,0.138400,0.357590,-0.120879,0.797604,1.402702,0.000000,0.000000,0.286751,-0.351680,0.245364,0.991737,0.217859,0.000000,0.000000
-1.947146,0.079318,1.314053,-0.016604,-0.031250,-0.059433,0.997605,-0.105988,-0.058088,0.080228,0.288205,-0.231914,-0.011829,-0.079753,-0.203392,-0.215356,1.113889,0.225916,-0.021507,0.018192,0.000362,0.137874,0.361449,-0.120193,0.793883,1.398381,0.000000,0.000000,0.291098,-0.351443,0.245248,0.992061,0.217811,0.000000,0.000000
-1.944736,0.079487,1.316256,-0.017685,-0.033256,-0.056743,0.997678,-0.098813,-0.057686,0.070701,0.284293,-0.230323,-0.010330,-0.086229,-0.201748,-0.214132,1.124767,0.203927,-0.021132,0.012893,0.000518,0.137638,0.365528,-0.120036,0.790608,1.393491,0.000000,0.000000,0.296140,-0.350839,0.246121,0.993511,0.218534,0.000000,0.000000
-1.942446,0.079319,1.318375,-0.018880,-0.035231,-0.054302,0.997724,-0.092324,-0.056591,0.062141,0.281279,-0.228921,-0.008818,-0.092703,-0.199018,-0.212917,1.132644,0.181806,-0.020539,0.008009,0.000665,0.137293,0.369280,-0.119824,0.787572,1.389768,0.000000,0.000000,0.300633,-0.349876,0.247534,0.994750,0.218883,0.000000,0.000000
-1.940312,0.079013,1.320337,-0.020115,-0.037342,-0.052126,0.997739,-0.085969,-0.055112,0.052786,0.279283,-0.227164,-0.007096,-0.099591,-0.195263,-0.211663,1.138310,0.157790,-0.019753,0.003704,0.000841,0.135955,0.374208,-0.118016,0.783171,1.389103,0.000000,0.000000,0.305005,-0.349083,0.249067,0.996475,0.218199,0.000000,0.000000
-1.938494,0.078245,1.322031,-0.021618,-0.038979,-0.049971,0.997756,-0.079681,-0.052671,0.044008,0.274920,-0.224580,-0.005236,-0.107824,-0.189477,-0.209918,1.142636,0.127122,-0.018553,-0.000951,0.000989,0.135204,0.378165,-0.114606,0.775890,1.390754,0.000000,0.000000,0.309059,-0.347445,0.251174,0.997866,0.215986,0.000000,0.000000
-1.936612,0.077360,1.323638,-0.023034,-0.040505,-0.048299,0.997745,-0.074425,-0.049890,0.036965,0.271862,-0.222554,-0.003554,-0.115751,-0.183204,-0.208024,1.143526,0.100268,-0.017281,-0.005228,0.001071,0.136199,0.381274,-0.111220,0.770238,1.391380,0.000000,0.000000,0.312331,-0.346000,0.253530,1.000404,0.213418,0.000000,0.000000
-1.935063,0.076424,1.325112,-0.024396,-0.042131,-0.046868,0.997714,-0.070023,-0.047245,0.030895,0.269385,-0.221647,-0.002031,-0.123336,-0.176754,-0.206063,1.141574,0.078738,-0.015918,-0.008820,0.001158,0.137552,0.384249,-0.109095,0.766096,1.391679,0.000000,0.000000,0.315140,-0.344577,0.257627,1.003196,0.211138,0.000000,0.000000
-1.933642,0.075309,1.326395,-0.025866,-0.043872,-0.045430,0.997668,-0.065686,-0.044022,0.024981,0.268346,-0.220375,-0.000396,-0.131417,-0.169014,-0.203965,1.136779,0.057211,-0.014219,-0.012451,0.001250,0.139539,0.387554,-0.107681,0.762428,1.391123,0.000000,0.000000,0.317536,-0.343529,0.262467,1.006010,0.207264,0.000000,0.000000
-1.932325,0.074062,1.327522,-0.027222,-0.045090,-0.044228,0.997632,-0.061991,-0.040820,0.020176,0.266551,-0.220091,0.001073,-0.139656,-0.160765,-0.202083,1.129305,0.039816,-0.012278,-0.016134,0.001338,0.141361,0.390354,-0.105159,0.758415,1.390511,0.000000,0.000000,0.319271,-0.342161,0.266413,1.009381,0.204249,0.000000,0.000000
-1.931135,0.072912,1.328485,-0.028489,-0.046588,-0.042802,0.997590,-0.058687,-0.038022,0.014822,0.265518,-0.219467,0.002546,-0.147340,-0.153108,-0.200535,1.120416,0.026723,-0.010384,-0.019366,0.001399,0.143512,0.393020,-0.104162,0.754881,1.390074,0.000000,0.000000,0.320652,-0.340961,0.270801,1.013456,0.201774,0.000000,0.000000
-1.930059,0.071528,1.329337,-0.029601,-0.047845,-0.041611,0.997549,-0.055483,-0.035076,0.009123,0.264517,-0.218614,0.004112,-0.155687,-0.144438,-0.198894,1.108020,0.014149,-0.008202,-0.022795,0.001467,0.146108,0.395688,-0.102940,0.750467,1.389597,0.000000,0.000000,0.321405,-0.339832,0.275222,1.017616,0.198700,0.000000,0.000000
-1.928890,0.070295,1.330041,-0.030822,-0.049098,-0.040423,0.997500,-0.052592,-0.032155,0.003987,0.264653,-0.218482,0.005589,-0.163592,-0.136122,-0.197728,1.093827,0.003820,-0.006012,-0.025918,0.001523,0.149332,0.398617,-0.101145,0.747209,1.388502,0.000000,0.000000,0.322203,-0.339223,0.278892,1.021915,0.196667,0.000000,0.000000
-1.927823,0.068983,1.330654,-0.031786,-0.050095,-0.039352,0.997463,-0.050043,-0.029510,-0.000993,0.264210,-0.218905,0.006980,-0.171383,-0.127849,-0.196593,1.077127,-0.003242,-0.003809,-0.029216,0.001614,0.152591,0.400403,-0.099680,0.743259,1.388018,0.000000,0.000000,0.322270,-0.337884,0.282834,1.025950,0.194714,0.000000,0.000000
-1.926689,0.067941,1.331123,-0.032774,-0.051141,-0.038143,0.997424,-0.047672,-0.027197,-0.005743,0.264707,-0.218801,0.008264,-0.178783,-0.120180,-0.196112,1.058108,-0.009313,-0.001640,-0.032481,0.001675,0.156492,0.402298,-0.098239,0.739105,1.387549,0.000000,0.000000,0.321913,-0.337255,0.285286,1.030217,0.192784,0.000000,0.000000
-1.925609,0.066733,1.331525,-0.033529,-0.051835,-0.037099,0.997403,-0.045649,-0.025044,-0.010637,0.264382,-0.218869,0.009537,-0.186132,-0.112455,-0.196109,1.036241,-0.015394,0.000651,-0.035735,0.001728,0.160135,0.403562,-0.097005,0.734858,1.387961,0.000000,0.000000,0.321224,-0.336808,0.287796,1.034530,0.191482,0.000000,0.000000
-1.924470,0.065722,1.331789,-0.034136,-0.052717,-0.035920,0.997379,-0.043591,-0.023241,-0.015839,0.264847,-0.218868,0.010778,-0.193269,-0.105108,-0.197507,1.011631,-0.021552,0.003116,-0.038943,0.001815,0.164457,0.404707,-0.096379,0.730449,1.388193,0.000000,0.000000,0.320199,-0.336814,0.289211,1.039608,0.190756,0.000000,0.000000
-1.923156,0.064733,1.332048,-0.034572,-0.053156,-0.034848,0.997379,-0.041976,-0.021807,-0.020781,0.264564,-0.219467,0.011893,-0.199682,-0.098657,-0.198578,0.986236,-0.026018,0.005221,-0.042192,0.001883,0.168727,0.405641,-0.095715,0.726364,1.388904,0.000000,0.000000,0.318454,-0.337379,0.289958,1.044128,0.190595,0.000000,0.000000
-1.921817,0.063910,1.332171,-0.034995,-0.054123,-0.033467,0.997360,-0.040262,-0.020625,-0.024331,0.266140,-0.220264,0.012732,-0.205334,-0.092716,-0.201020,0.959433,-0.029834,0.007461,-0.045463,0.001963,0.173253,0.406226,-0.095954,0.722352,1.389620,0.000000,0.000000,0.316997,-0.337677,0.290552,1.049147,0.191177,0.000000,0.000000
-1.920269,0.063323,1.332287,-0.035258,-0.054771,-0.032131,0.997359,-0.038635,-0.019945,-0.028037,0.268051,-0.221472,0.013475,-0.210669,-0.087410,-0.204405,0.929627,-0.032965,0.009669,-0.048897,0.002071,0.178258,0.406706,-0.096686,0.718328,1.390531,0.000000,0.000000,0.315121,-0.338129,0.290290,1.053787,0.191909,0.000000,0.000000
-1.918614,0.062800,1.332367,-0.035403,-0.055338,-0.030742,0.997366,-0.037252,-0.019628,-0.031494,0.269955,-0.223149,0.014097,-0.215246,-0.083009,-0.207607,0.900204,-0.034717,0.011546,-0.052120,0.002156,0.183157,0.406825,-0.097151,0.714973,1.391874,0.000000,0.000000,0.313576,-0.338550,0.289585,1.057695,0.192291,0.000000,0.000000
-1.916900,0.062326,1.332336,-0.035465,-0.055902,-0.029240,0.997378,-0.035852,-0.019528,-0.034811,0.272290,-0.225159,0.014645,-0.219610,-0.078574,-0.211720,0.867556,-0.035816,0.013571,-0.055530,0.002266,0.188682,0.407056,-0.098291,0.711910,1.393845,0.000000,0.000000,0.311701,-0.339888,0.287833,1.061500,0.192969,0.000000,0.000000
-1.915045,0.061813,1.332265,-0.035414,-0.056405,-0.028112,0.997384,-0.034564,-0.019578,-0.037273,0.274773,-0.227413,0.015022,-0.223240,-0.074416,-0.215149,0.835780,-0.035131,0.015322,-0.058511,0.002362,0.193881,0.406675,-0.098984,0.709669,1.396532,0.000000,0.000000,0.310494,-0.340390,0.286671,1.064906,0.194330,0.000000,0.000000
-1.913109,0.061316,1.332134,-0.035360,-0.056710,-0.026530,0.997412,-0.033419,-0.019599,-0.039761,0.277378,-0.230142,0.015412,-0.226552,-0.070170,-0.219306,0.802033,-0.033816,0.017205,-0.061555,0.002463,0.198909,0.406458,-0.099308,0.707077,1.400242,0.000000,0.000000,0.308701,-0.341788,0.283887,1.067487,0.195023,0.000000,0.000000
-1.911151,0.060952,1.331919,-0.035130,-0.057234,-0.025088,0.997427,-0.032285,-0.020066,-0.042087,0.280697,-0.233167,0.015667,-0.229314,-0.066285,-0.223982,0.767472,-0.031095,0.019026,-0.064455,0.002549,0.204139,0.405904,-0.100300,0.705262,1.403960,0.000000,0.000000,0.307590,-0.343111,0.281308,1.070249,0.196671,0.000000,0.000000
-1.909100,0.060631,1.331648,-0.034794,-0.057748,-0.023734,0.997442,-0.031209,-0.020842,-0.044577,0.284356,-0.236698,0.015876,-0.231596,-0.062613,-0.229270,0.732230,-0.026883,0.020865,-0.067262,0.002648,0.209280,0.405356,-0.101728,0.703752,1.407658,0.000000,0.000000,0.306280,-0.344724,0.278527,1.072543,0.198175,0.000000,0.000000
-1.906833,0.060403,1.331308,-0.034394,-0.058016,-0.022320,0.997473,-0.030332,-0.021884,-0.047052,0.288388,-0.240561,0.016017,-0.233473,-0.059161,-0.235137,0.696066,-0.021401,0.022697,-0.069677,0.002728,0.214578,0.404137,-0.102787,0.703016,1.411799,0.000000,0.000000,0.305354,-0.345832,0.275297,1.075036,0.201129,0.000000,0.000000
-1.904567,0.060116,1.330920,-0.033958,-0.058523,-0.020908,0.997489,-0.029507,-0.022882,-0.048996,0.293166,-0.243927,0.016090,-0.234728,-0.055887,-0.240543,0.661558,-0.014176,0.024365,-0.071929,0.002801,0.219516,0.402925,-0.103749,0.702296,1.416089,0.000000,0.000000,0.304727,-0.347016,0.271943,1.076918,0.204307,0.000000,0.000000
-1.902299,0.059847,1.330479,-0.033368,-0.058852,-0.019497,0.997518,-0.028840,-0.024139,-0.051213,0.297805,-0.248491,0.016142,-0.235639,-0.052585,-0.246372,0.625454,-0.004490,0.026082,-0.073963,0.002882,0.224311,0.401426,-0.104604,0.702007,1.420625,0.000000,0.000000,0.304093,-0.348281,0.268928,1.078377,0.207119,0.000000,0.000000
-1.899899,0.059558,1.329911,-0.032847,-0.059076,-0.018338,0.997544,-0.028311,-0.025375,-0.052964,0.303170,-0.252983,0.016125,-0.236187,-0.048959,-0.252112,0.588361,0.007567,0.027821,-0.075790,0.002955,0.229369,0.399488,-0.105251,0.702609,1.425048,0.000000,0.000000,0.303320,-0.349892,0.265356,1.079199,0.208762,0.000000,0.000000
-1.897529,0.059311,1.329215,-0.032240,-0.059473,-0.017152,0.997562,-0.027828,-0.026725,-0.054371,0.309273,-0.257861,0.016028,-0.236332,-0.045336,-0.258483,0.551221,0.022404,0.029687,-0.077210,0.003009,0.234341,0.397225,-0.106274,0.703606,1.429225,0.000000,0.000000,0.303060,-0.351210,0.261910,1.080305,0.210233,0.000000,0.000000
-1.895159,0.058954,1.328459,-0.031514,-0.059896,-0.016015,0.997578,-0.027376,-0.028080,-0.056268,0.314953,-0.263115,0.016006,-0.236119,-0.041728,-0.263999,0.515989,0.039408,0.031409,-0.078212,0.003043,0.238634,0.394698,-0.107621,0.704966,1.433178,0.000000,0.000000,0.302889,-0.352327,0.259168,1.081405,0.211733,0.000000,0.000000
-1.892508,0.058753,1.327578,-0.030774,-0.059960,-0.015157,0.997611,-0.026994,-0.029564,-0.056740,0.321199,-0.268488,0.015720,-0.235743,-0.037909,-0.270820,0.479303,0.059107,0.033478,-0.079061,0.003084,0.242734,0.392046,-0.108147,0.706411,1.437367,0.000000,0.000000,0.302518,-0.353889,0.255933,1.082007,0.212833,0.000000,0.000000
-1.889861,0.058702,1.326698,-0.028654,-0.060640,-0.015186,0.997633,-0.026270,-0.032877,-0.056636,0.327828,-0.274440,0.014884,-0.234631,-0.036297,-0.273446,0.442846,0.081305,0.033958,-0.078727,0.003048,0.247105,0.387678,-0.108891,0.708850,1.441158,0.000000,0.000000,0.302561,-0.356883,0.252960,1.083013,0.213877,0.000000,0.000000
-1.887211,0.058466,1.325710,-0.026391,-0.061505,-0.015533,0.997637,-0.025267,-0.036826,-0.055573,0.334943,-0.280967,0.013740,-0.233210,-0.035259,-0.274264,0.406877,0.104300,0.033948,-0.077333,0.002970,0.251767,0.382166,-0.109895,0.711628,1.444451,0.000000,0.000000,0.303081,-0.360036,0.249687,1.084018,0.214597,0.000000,0.000000
-1.884577,0.058196,1.324624,-0.024359,-0.062531,-0.016064,0.997616,-0.024122,-0.040403,-0.053338,0.342373,-0.286871,0.012504,-0.231597,-0.034138,-0.274079,0.373898,0.126329,0.033851,-0.075254,0.002939,0.256084,0.376855,-0.111052,0.714687,1.447646,0.000000,0.000000,0.303954,-0.363184,0.246274,1.084543,0.214904,0.000000,0.000000
-1.881792,0.057776,1.323539,-0.022289,-0.062854,-0.016460,0.997638,-0.023066,-0.044091,-0.050876,0.349271,-0.293848,0.011206,-0.229774,-0.032558,-0.273171,0.337095,0.151016,0.033719,-0.072628,0.002910,0.260328,0.371059,-0.112399,0.718351,1.451637,0.000000,0.000000,0.305223,-0.366160,0.242327,1.085021,0.215322,0.000000,0.000000
-1.879022,0.057348,1.322326,-0.020254,-0.063355,-0.017069,0.997639,-0.022063,-0.047511,-0.047467,0.356178,-0.300434,0.009819,-0.227863,-0.030738,-0.271894,0.301318,0.174104,0.033573,-0.069783,0.002878,0.264109,0.365312,-0.113992,0.722473,1.455217,0.000000,0.000000,0.306324,-0.369110,0.238447,1.085445,0.215647,0.000000,0.000000
-1.876233,0.056870,1.321082,-0.018309,-0.063883,-0.017434,0.997637,-0.021192,-0.050433,-0.044122,0.362815,-0.306370,0.008562,-0.225831,-0.028904,-0.270561,0.268633,0.193777,0.033442,-0.066937,0.002823,0.267297,0.360068,-0.115302,0.726861,1.458535,0.000000,0.000000,0.307504,-0.371441,0.234231,1.085949,0.215237,0.000000,0.000000
-1.873445,0.056448,1.319789,-0.016321,-0.064277,-0.017706,0.997642,-0.020358,-0.053715,-0.040524,0.370052,-0.312803,0.007172,-0.223450,-0.026905,-0.269147,0.232940,0.212939,0.033246,-0.063459,0.002769,0.270277,0.354275,-0.116965,0.732575,1.462197,0.000000,0.000000,0.309232,-0.373521,0.229427,1.086670,0.215046,0.000000,0.000000
-1.870646,0.055903,1.318528,-0.014469,-0.064627,-0.018003,0.997642,-0.019650,-0.056568,-0.037185,0.377230,-0.319370,0.005929,-0.220936,-0.024704,-0.267543,0.198837,0.229505,0.033026,-0.060065,0.002747,0.272913,0.348715,-0.118200,0.738065,1.466321,0.000000,0.000000,0.310770,-0.375184,0.224319,1.086836,0.214229,0.000000,0.000000
-1.867760,0.055313,1.317213,-0.012696,-0.064808,-0.018116,0.997652,-0.019134,-0.058959,-0.033836,0.384096,-0.325514,0.004799,-0.218464,-0.022518,-0.265906,0.167907,0.243340,0.032813,-0.057000,0.002726,0.274836,0.343393,-0.119476,0.744400,1.470446,0.000000,0.000000,0.312551,-0.376281,0.219264,1.086598,0.213338,0.000000,0.000000
-1.864823,0.054586,1.315868,-0.010988,-0.064860,-0.018193,0.997668,-0.018755,-0.061220,-0.030354,0.391754,-0.332705,0.003678,-0.215637,-0.019903,-0.263908,0.134641,0.257172,0.032563,-0.053636,0.002688,0.276677,0.337857,-0.120555,0.751454,1.475177,0.000000,0.000000,0.314486,-0.376947,0.213556,1.087339,0.212411,0.000000,0.000000
-1.861970,0.053933,1.314472,-0.009358,-0.065114,-0.018025,0.997671,-0.018445,-0.063214,-0.027842,0.398856,-0.339492,0.002778,-0.212898,-0.017625,-0.262231,0.105529,0.267886,0.032311,-0.050513,0.002639,0.277944,0.333068,-0.122199,0.758417,1.479821,0.000000,0.000000,0.316048,-0.377364,0.208569,1.088040,0.211893,0.000000,0.000000
-1.859017,0.053357,1.313036,-0.007808,-0.065238,-0.017735,0.997682,-0.018182,-0.065242,-0.025491,0.406421,-0.346205,0.001893,-0.209982,-0.015389,-0.260627,0.076778,0.277338,0.032045,-0.047476,0.002605,0.278933,0.328093,-0.123937,0.765964,1.484459,0.000000,0.000000,0.317892,-0.377707,0.203114,1.088243,0.211599,0.000000,0.000000
-1.855973,0.052766,1.311638,-0.006373,-0.065101,-0.017352,0.997707,-0.018099,-0.067123,-0.023544,0.414093,-0.353163,0.001110,-0.206976,-0.013095,-0.258990,0.048664,0.285414,0.031762,-0.044525,0.002566,0.279934,0.323363,-0.124890,0.773337,1.489349,0.000000,0.000000,0.320046,-0.377513,0.197572,1.088707,0.211628,0.000000,0.000000
-1.852943,0.052220,1.310234,-0.005068,-0.064928,-0.017101,0.997731,-0.018136,-0.068836,-0.021618,0.421720,-0.360253,0.000373,-0.203945,-0.010731,-0.257247,0.021658,0.292769,0.031463,-0.041826,0.002547,0.280875,0.318736,-0.125386,0.780833,1.494582,0.000000,0.000000,0.322035,-0.376866,0.192343,1.089509,0.211794,0.000000,0.000000
-1.849900,0.051729,1.308833,-0.003945,-0.064584,-0.016020,0.997776,-0.018443,-0.070283,-0.020269,0.429703,-0.367301,-0.000201,-0.200866,-0.008563,-0.255734,-0.004351,0.298589,0.031145,-0.039410,0.002504,0.281038,0.314394,-0.125858,0.788539,1.499950,0.000000,0.000000,0.323773,-0.375989,0.187017,1.089796,0.212315,0.000000,0.000000
-1.846855,0.051401,1.307433,-0.002957,-0.064472,-0.014709,0.997807,-0.018693,-0.071211,-0.019823,0.435398,-0.372121,-0.000503,-0.198804,-0.007417,-0.255033,-0.017450,0.301675,0.030980,-0.038305,0.002500,0.281372,0.311644,-0.126312,0.793751,1.503089,0.000000,0.000000,0.324937,-0.375093,0.183547,1.090206,0.212417,0.000000,0.000000
-1.843757,0.051068,1.306035,-0.002215,-0.064479,-0.013323,0.997828,-0.018755,-0.071436,-0.019793,0.437110,-0.373571,-0.000564,-0.198224,-0.007111,-0.254840,-0.017450,0.302657,0.030966,-0.038017,0.002497,0.281444,0.310882,-0.126429,0.795292,1.504006,0.000000,0.000000,0.325323,-0.374796,0.182630,1.090384,0.212434,0.000000,0.000000
-1.840412,0.050701,1.304654,-0.001369,-0.064100,-0.012688,0.997862,-0.018843,-0.071737,-0.019701,0.439471,-0.375685,-0.000653,-0.197458,-0.006701,-0.254564,-0.017450,0.303955,0.030967,-0.037598,0.002477,0.281555,0.309710,-0.126279,0.797441,1.505402,0.000000,0.000000,0.325883,-0.374304,0.181459,1.090595,0.212365,0.000000,0.000000
-1.837155,0.050399,1.303251,-0.000519,-0.063931,-0.011587,0.997887,-0.018943,-0.072118,-0.019609,0.442457,-0.378358,-0.000763,-0.196540,-0.006265,-0.254292,-0.017450,0.305467,0.030981,-0.037103,0.002442,0.281718,0.308294,-0.126000,0.800050,1.507111,0.000000,0.000000,0.326545,-0.373684,0.180030,1.090934,0.212293,0.000000,0.000000
-1.834003,0.050165,1.301824,0.000109,-0.064000,-0.010373,0.997896,-0.019137,-0.072951,-0.019528,0.449365,-0.384383,-0.000983,-0.194490,-0.005402,-0.253812,-0.017450,0.308578,0.031041,-0.036071,0.002414,0.282165,0.305190,-0.125359,0.805853,1.510675,0.000000,0.000000,0.328002,-0.372213,0.177133,1.091820,0.212100,0.000000,0.000000
-1.830735,0.049882,1.300463,0.000473,-0.063829,-0.009297,0.997917,-0.019342,-0.073688,-0.019704,0.456636,-0.390894,-0.001139,-0.192386,-0.004508,-0.253303,-0.017450,0.311573,0.031126,-0.035097,0.002378,0.282766,0.301954,-0.124240,0.812188,1.513716,0.000000,0.000000,0.329475,-0.370428,0.174749,1.092777,0.211965,0.000000,0.000000
-1.827364,0.049674,1.298995,0.000891,-0.063623,-0.007976,0.997942,-0.019459,-0.074047,-0.019814,0.460695,-0.394465,-0.001210,-0.191278,-0.004076,-0.253076,-0.017450,0.313060,0.031176,-0.034654,0.002361,0.283057,0.300213,-0.123460,0.815359,1.515316,0.000000,0.000000,0.330181,-0.369460,0.173469,1.093211,0.211723,0.000000,0.000000
-1.824068,0.049503,1.297526,0.001171,-0.063640,-0.006912,0.997948,-0.019711,-0.074748,-0.020285,0.469551,-0.402177,-0.001309,-0.188926,-0.003216,-0.252650,-0.017450,0.316008,0.031300,-0.033763,0.002346,0.283709,0.296676,-0.121794,0.822140,1.518254,0.000000,0.000000,0.331717,-0.367375,0.171315,1.094338,0.211390,0.000000,0.000000
-1.820709,0.049387,1.296041,0.001537,-0.063531,-0.005822,0.997962,-0.019979,-0.075432,-0.020810,0.478700,-0.410015,-0.001395,-0.186623,-0.002476,-0.252350,-0.017450,0.318668,0.031425,-0.032935,0.002331,0.284379,0.293218,-0.119488,0.828621,1.521047,0.000000,0.000000,0.333142,-0.365165,0.169418,1.095552,0.210870,0.000000,0.000000
-1.817368,0.049356,1.294476,0.001888,-0.063371,-0.004534,0.997978,-0.020276,-0.076122,-0.021464,0.488066,-0.418032,-0.001463,-0.184370,-0.001881,-0.252202,-0.017450,0.321089,0.031552,-0.032234,0.002312,0.285023,0.289815,-0.117130,0.834842,1.523740,0.000000,0.000000,0.334425,-0.363077,0.167871,1.096659,0.210043,0.000000,0.000000
-1.814010,0.049285,1.292842,0.002203,-0.063305,-0.003580,0.997985,-0.020582,-0.076765,-0.022005,0.497713,-0.426146,-0.001539,-0.182163,-0.001375,-0.252153,-0.017450,0.323338,0.031682,-0.031591,0.002294,0.285779,0.286339,-0.114744,0.840955,1.526079,0.000000,0.000000,0.335630,-0.361019,0.166733,1.097789,0.208881,0.000000,0.000000
-1.810630,0.049208,1.291184,0.002605,-0.063126,-0.002330,0.997999,-0.020923,-0.077390,-0.022551,0.507493,-0.434345,-0.001610,-0.180016,-0.001010,-0.252249,-0.017450,0.325547,0.031811,-0.031092,0.002285,0.286646,0.282912,-0.112614,0.846670,1.528196,0.000000,0.000000,0.336686,-0.358987,0.165875,1.099018,0.207619,0.000000,0.000000
-1.807240,0.049222,1.289435,0.003004,-0.062892,-0.000634,0.998016,-0.021329,-0.078031,-0.023168,0.517494,-0.442474,-0.001673,-0.177926,-0.000841,-0.252564,-0.017450,0.327719,0.031936,-0.030730,0.002270,0.287442,0.279540,-0.110511,0.852146,1.529990,0.000000,0.000000,0.337587,-0.357022,0.164911,1.100275,0.206214,0.000000,0.000000
-1.803822,0.049096,1.287634,0.003335,-0.062532,0.000630,0.998037,-0.021583,-0.078326,-0.023465,0.522822,-0.446771,-0.001701,-0.176840,-0.000789,-0.252766,-0.017450,0.329052,0.032007,-0.030570,0.002257,0.287798,0.277821,-0.109491,0.854786,1.530830,0.000000,0.000000,0.338199,-0.356067,0.164344,1.100721,0.205430,0.000000,0.000000
-1.800485,0.048874,1.285718,0.003254,-0.062388,0.002328,0.998044,-0.022207,-0.078692,-0.024043,0.534278,-0.455652,-0.001700,-0.174573,-0.000644,-0.253136,-0.017450,0.331983,0.032171,-0.030380,0.002254,0.288590,0.274512,-0.107592,0.859951,1.532465,0.000000,0.000000,0.339183,-0.353911,0.163263,1.101784,0.204063,0.000000,0.000000
-1.797122,0.048715,1.283677,0.003128,-0.062137,0.004427,0.998053,-0.022594,-0.078774,-0.024381,0.540403,-0.460228,-0.001665,-0.173399,-0.000572,-0.253329,-0.017450,0.333711,0.032264,-0.030364,0.002257,0.288978,0.272950,-0.106799,0.862370,1.533284,0.000000,0.000000,0.339632,-0.352754,0.162699,1.102306,0.203454,0.000000,0.000000
-1.793693,0.048573,1.281526,0.003006,-0.061638,0.006573,0.998072,-0.023082,-0.078766,-0.024764,0.547081,-0.465164,-0.001598,-0.172141,-0.000502,-0.253537,-0.017450,0.335946,0.032373,-0.030456,0.002266,0.289298,0.271409,-0.106053,0.864813,1.534190,0.000000,0.000000,0.340005,-0.351574,0.161928,1.102823,0.202907,0.000000,0.000000
-1.790204,0.048374,1.279267,0.003231,-0.061285,0.007555,0.998086,-0.024110,-0.078687,-0.025206,0.560753,-0.475306,-0.001504,-0.169654,-0.000345,-0.253938,-0.017450,0.341216,0.032608,-0.030589,0.002264,0.290048,0.268112,-0.104817,0.869508,1.535998,0.000000,0.000000,0.340674,-0.349110,0.160433,1.103788,0.201934,0.000000,0.000000
-1.786622,0.048132,1.276925,0.003241,-0.060726,0.009422,0.998105,-0.024671,-0.078546,-0.025299,0.567754,-0.480466,-0.001452,-0.168398,-0.000265,-0.254136,-0.017450,0.344311,0.032737,-0.030698,0.002266,0.290388,0.266517,-0.104480,0.871728,1.536899,0.000000,0.000000,0.340939,-0.347900,0.159541,1.104214,0.201528,0.000000,0.000000
-1.782990,0.047872,1.274469,0.003489,-0.060083,0.011039,0.998126,-0.025307,-0.078345,-0.025204,0.575210,-0.485884,-0.001415,-0.167077,-0.000203,-0.254365,-0.017450,0.348048,0.032880,-0.030767,0.002268,0.290586,0.264883,-0.104209,0.873891,1.537982,0.000000,0.000000,0.341190,-0.346683,0.158366,1.104592,0.201187,0.000000,0.000000
-1.779227,0.047666,1.271918,0.004115,-0.059234,0.011889,0.998165,-0.026630,-0.078033,-0.024558,0.590128,-0.496662,-0.001446,-0.164536,-0.000190,-0.254933,-0.017450,0.356492,0.033182,-0.030667,0.002255,0.290776,0.261505,-0.103879,0.878004,1.540427,0.000000,0.000000,0.341830,-0.344656,0.155333,1.104920,0.200147,0.000000,0.000000
-1.775824,0.047250,1.269349,0.004219,-0.058813,0.014102,0.998160,-0.027983,-0.077564,-0.024012,0.604626,-0.506861,-0.001423,-0.162103,-0.000182,-0.255476,-0.017450,0.365233,0.033495,-0.030526,0.002246,0.290577,0.258517,-0.104400,0.881797,1.542621,0.000000,0.000000,0.342115,-0.342784,0.152161,1.105314,0.199891,0.000000,0.000000
-1.772082,0.046791,1.266798,0.004981,-0.057976,0.014321,0.998203,-0.028679,-0.077357,-0.023468,0.611947,-0.512054,-0.001465,-0.160908,-0.000208,-0.255781,-0.017450,0.370192,0.033663,-0.030261,0.002230,0.290395,0.256857,-0.104742,0.883645,1.543794,0.000000,0.000000,0.342396,-0.341919,0.150407,1.105342,0.199559,0.000000,0.000000
-1.768572,0.046379,1.264209,0.005145,-0.057263,0.016430,0.998211,-0.030168,-0.076794,-0.022395,0.626807,-0.522364,-0.001511,-0.158504,-0.000290,-0.256412,-0.017450,0.380883,0.034018,-0.029715,0.002202,0.289786,0.253826,-0.106082,0.887210,1.545893,0.000000,0.000000,0.342538,-0.340310,0.146537,1.105441,0.199309,0.000000,0.000000
-1.764831,0.046044,1.261624,0.005751,-0.056268,0.017486,0.998246,-0.031658,-0.076290,-0.021073,0.641112,-0.532197,-0.001618,-0.156270,-0.000491,-0.257151,-0.017450,0.391879,0.034377,-0.029036,0.002175,0.288840,0.250821,-0.107269,0.890392,1.548148,0.000000,0.000000,0.342481,-0.338829,0.142499,1.105399,0.198843,0.000000,0.000000
-1.761260,0.045845,1.259031,0.006246,-0.055687,0.018676,0.998254,-0.033108,-0.075840,-0.019601,0.655119,-0.541532,-0.001770,-0.154146,-0.000858,-0.258066,-0.017450,0.403044,0.034736,-0.028189,0.002131,0.287603,0.248070,-0.108934,0.893352,1.550176,0.000000,0.000000,0.342374,-0.337667,0.138592,1.105317,0.198680,0.000000,0.000000
-1.757473,0.045690,1.256438,0.006944,-0.054669,0.020006,0.998280,-0.035174,-0.075378,-0.017335,0.674598,-0.554235,-0.002074,-0.151317,-0.001693,-0.259735,-0.017450,0.419452,0.035261,-0.026792,0.002082,0.285416,0.244348,-0.111466,0.897202,1.552916,0.000000,0.000000,0.342140,-0.336402,0.132708,1.105066,0.198616,0.000000,0.000000
-1.753751,0.045505,1.253867,0.007884,-0.053923,0.020533,0.998303,-0.036446,-0.075269,-0.015616,0.686867,-0.562166,-0.002368,-0.149619,-0.002454,-0.261060,-0.017450,0.429710,0.035588,-0.025637,0.002058,0.283847,0.242027,-0.113271,0.899560,1.554453,0.000000,0.000000,0.342005,-0.335805,0.129069,1.104875,0.198863,0.000000,0.000000
-1.749844,0.045282,1.251348,0.008613,-0.052929,0.022082,0.998317,-0.038290,-0.075115,-0.013026,0.704407,-0.573055,-0.002818,-0.147287,-0.003827,-0.263314,-0.017450,0.444429,0.036060,-0.023985,0.002016,0.281208,0.238951,-0.116015,0.902763,1.556327,0.000000,0.000000,0.341749,-0.335383,0.123584,1.104398,0.199441,0.000000,0.000000
-1.745701,0.045198,1.248915,0.009716,-0.052029,0.022304,0.998349,-0.039744,-0.075333,-0.010431,0.720120,-0.582338,-0.003378,-0.145258,-0.005434,-0.265816,-0.017450,0.456663,0.036476,-0.022154,0.001965,0.278726,0.235967,-0.118117,0.905393,1.557893,0.000000,0.000000,0.341557,-0.335373,0.118385,1.103723,0.199860,0.000000,0.000000
-1.741528,0.044925,1.246563,0.010802,-0.051168,0.023021,0.998366,-0.040934,-0.075611,-0.007829,0.734479,-0.589656,-0.003962,-0.143429,-0.007237,-0.268551,-0.017450,0.467270,0.036849,-0.020323,0.001917,0.276169,0.232990,-0.119671,0.907589,1.559622,0.000000,0.000000,0.341414,-0.335464,0.113245,1.102938,0.199973,0.000000,0.000000
-1.737377,0.044826,1.244193,0.012120,-0.050547,0.022911,0.998385,-0.042134,-0.076390,-0.004522,0.751414,-0.596493,-0.004835,-0.141269,-0.009868,-0.272446,-0.017450,0.480101,0.037290,-0.017512,0.001860,0.272882,0.229283,-0.121824,0.909922,1.561587,0.000000,0.000000,0.341384,-0.336097,0.107530,1.101970,0.200598,0.000000,0.000000
-1.733144,0.044651,1.241802,0.013100,-0.049808,0.023471,0.998397,-0.043137,-0.077206,-0.001871,0.766508,-0.601006,-0.005605,-0.139344,-0.012371,-0.276155,-0.017450,0.490732,0.037679,-0.014780,0.001840,0.269756,0.226253,-0.123433,0.911861,1.563211,0.000000,0.000000,0.341446,-0.337043,0.102286,1.100830,0.201263,0.000000,0.000000
-1.728965,0.044522,1.239357,0.013867,-0.049058,0.024419,0.998401,-0.044306,-0.078101,0.000617,0.783354,-0.604536,-0.006384,-0.137210,-0.015190,-0.280367,-0.017450,0.500915,0.038089,-0.011883,0.001829,0.266088,0.223454,-0.125353,0.913682,1.564685,0.000000,0.000000,0.341824,-0.338311,0.096564,1.099299,0.202429,0.000000,0.000000
-1.724720,0.044363,1.236891,0.014363,-0.048045,0.026515,0.998390,-0.045359,-0.078537,0.001572,0.795878,-0.606245,-0.006743,-0.135624,-0.017256,-0.283494,-0.017450,0.507262,0.038367,-0.010203,0.001871,0.262942,0.221893,-0.127184,0.914533,1.565441,0.000000,0.000000,0.342387,-0.339235,0.092193,1.097934,0.203856,0.000000,0.000000
-1.720401,0.044194,1.234393,0.015776,-0.047318,0.026620,0.998400,-0.046631,-0.079663,0.003389,0.812478,-0.607746,-0.007489,-0.133615,-0.020515,-0.288338,-0.017450,0.514274,0.038676,-0.007487,0.001885,0.258942,0.219323,-0.129049,0.915819,1.566539,0.000000,0.000000,0.343513,-0.340788,0.086516,1.096235,0.205288,0.000000,0.000000
-1.715868,0.043889,1.231900,0.016862,-0.046274,0.027209,0.998416,-0.047552,-0.080475,0.004977,0.824842,-0.608399,-0.008091,-0.132190,-0.022971,-0.291999,-0.017450,0.518867,0.038883,-0.005453,0.001883,0.255731,0.217245,-0.129976,0.916846,1.567703,0.000000,0.000000,0.344336,-0.342146,0.082221,1.094582,0.205889,0.000000,0.000000
-1.711388,0.043636,1.229438,0.017799,-0.045298,0.027793,0.998428,-0.048566,-0.081334,0.006854,0.838603,-0.608774,-0.008780,-0.130570,-0.025712,-0.296135,-0.017450,0.523578,0.039100,-0.003159,0.001891,0.251986,0.214986,-0.130773,0.917826,1.568982,0.000000,0.000000,0.345297,-0.343863,0.077852,1.092426,0.206321,0.000000,0.000000
-1.706788,0.043341,1.226948,0.018822,-0.044305,0.028379,0.998438,-0.049469,-0.082129,0.008416,0.851559,-0.608893,-0.009392,-0.129015,-0.028275,-0.300033,-0.017450,0.528301,0.039304,-0.000878,0.001891,0.248284,0.212906,-0.131759,0.919000,1.569658,0.000000,0.000000,0.347040,-0.345705,0.074874,1.089699,0.205630,0.000000,0.000000
-1.702617,0.042493,1.224171,0.019011,-0.043247,0.030466,0.998419,-0.051389,-0.081541,0.009460,0.868355,-0.608824,-0.009540,-0.127263,-0.029973,-0.302907,-0.017450,0.525343,0.039463,0.000075,0.001972,0.243491,0.210842,-0.132483,0.920392,1.570088,0.000000,0.000000,0.348326,-0.347070,0.069107,1.086512,0.206229,0.000000,0.000000
-1.698428,0.041749,1.221326,0.019077,-0.041955,0.032195,0.998418,-0.054633,-0.079876,0.010082,0.889647,-0.608703,-0.009381,-0.125529,-0.030708,-0.304830,-0.017450,0.494263,0.039133,-0.000044,0.002159,0.236924,0.210044,-0.134071,0.922974,1.570339,0.000000,0.000000,0.350573,-0.348846,0.063073,1.082856,0.206787,0.000000,0.000000
-1.693885,0.041215,1.218579,0.019642,-0.041042,0.032446,0.998437,-0.056432,-0.079124,0.011779,0.904643,-0.608538,-0.009635,-0.124319,-0.031375,-0.306544,-0.017450,0.461331,0.038569,0.001092,0.002242,0.232797,0.208809,-0.133835,0.924134,1.570373,0.000000,0.000000,0.352136,-0.350712,0.060010,1.080207,0.206147,0.000000,0.000000
-1.689167,0.040734,1.215828,0.020437,-0.040217,0.032208,0.998463,-0.057622,-0.079247,0.014516,0.919332,-0.608356,-0.010333,-0.123302,-0.032232,-0.308663,-0.017450,0.412808,0.037609,0.002942,0.002232,0.229601,0.206871,-0.133292,0.925017,1.569114,0.000000,0.000000,0.354182,-0.353737,0.059105,1.076775,0.204087,0.000000,0.000000
-1.684401,0.039944,1.213193,0.019833,-0.039096,0.033384,0.998481,-0.059045,-0.077204,0.014894,0.932394,-0.608139,-0.009916,-0.122511,-0.031058,-0.307832,-0.017450,0.377232,0.036909,0.002590,0.002304,0.227524,0.207069,-0.131598,0.925091,1.567227,0.000000,0.000000,0.354370,-0.354398,0.057608,1.074873,0.205605,0.000000,0.000000
-1.679600,0.039193,1.210652,0.019212,-0.037977,0.033423,0.998535,-0.060525,-0.074859,0.015517,0.945477,-0.607905,-0.009459,-0.122133,-0.029550,-0.306347,-0.017450,0.346245,0.036266,0.002458,0.002339,0.225826,0.207849,-0.128947,0.924358,1.565292,0.000000,0.000000,0.354354,-0.355205,0.057882,1.072916,0.206048,0.000000,0.000000
-1.674804,0.038586,1.208201,0.018655,-0.037092,0.033258,0.998584,-0.062019,-0.072327,0.016963,0.960191,-0.607661,-0.009129,-0.122023,-0.028354,-0.305197,-0.017450,0.314174,0.035534,0.002668,0.002315,0.223438,0.208456,-0.126230,0.924649,1.562114,0.000000,0.000000,0.354925,-0.356401,0.058661,1.071141,0.206158,0.000000,0.000000
-1.670040,0.037626,1.205866,0.016502,-0.035947,0.034554,0.998620,-0.063670,-0.068451,0.016602,0.972140,-0.607442,-0.007999,-0.122057,-0.025847,-0.302005,-0.015779,0.300498,0.035224,0.001393,0.002397,0.221891,0.209786,-0.123353,0.924042,1.561023,0.000000,0.000000,0.354166,-0.355455,0.059365,1.070214,0.206317,0.000000,0.000000
-1.664873,0.037282,1.203770,0.016087,-0.035264,0.033646,0.998682,-0.064961,-0.065345,0.017557,0.986901,-0.607205,-0.007405,-0.121799,-0.024373,-0.299088,-0.011673,0.280823,0.034605,0.000890,0.002398,0.220670,0.210314,-0.119280,0.923615,1.559299,0.000000,0.000000,0.353262,-0.355564,0.060847,1.069748,0.205739,0.000000,0.000000
-1.659414,0.036920,1.201792,0.015693,-0.034908,0.032415,0.998741,-0.065704,-0.062667,0.019562,1.003788,-0.606990,-0.007172,-0.121099,-0.023820,-0.293757,-0.004113,0.258738,0.033266,0.001027,0.002347,0.220430,0.209937,-0.113961,0.923086,1.556936,0.000000,0.000000,0.352710,-0.356366,0.063967,1.069899,0.203372,0.000000,0.000000
-1.654013,0.036511,1.199945,0.015291,-0.035035,0.030163,0.998814,-0.065845,-0.060261,0.022899,1.022314,-0.606807,-0.007311,-0.120478,-0.023595,-0.287969,0.006770,0.233781,0.031774,0.001456,0.002281,0.221187,0.209612,-0.107335,0.922616,1.554471,0.000000,0.000000,0.351570,-0.358291,0.066521,1.070662,0.201842,0.000000,0.000000
-1.648604,0.035988,1.198344,0.014630,-0.035311,0.027321,0.998896,-0.065595,-0.057670,0.027127,1.040566,-0.606656,-0.007569,-0.120248,-0.023181,-0.282273,0.019719,0.210036,0.030445,0.002321,0.002244,0.222834,0.209345,-0.101025,0.922094,1.552567,0.000000,0.000000,0.350624,-0.360732,0.071064,1.071109,0.201414,0.000000,0.000000
-1.643391,0.035390,1.197043,0.013774,-0.035878,0.024546,0.998960,-0.065262,-0.054846,0.031133,1.058705,-0.604606,-0.007706,-0.120334,-0.022640,-0.276031,0.034476,0.189678,0.029187,0.003426,0.002200,0.225459,0.209091,-0.094180,0.921646,1.550129,0.000000,0.000000,0.349325,-0.362751,0.076544,1.072423,0.200241,0.000000,0.000000
-1.638237,0.034665,1.196040,0.012795,-0.036426,0.021419,0.999025,-0.064989,-0.051298,0.036050,1.077351,-0.596439,-0.007843,-0.120792,-0.021888,-0.269255,0.051540,0.171405,0.028019,0.004515,0.002151,0.229179,0.208451,-0.087615,0.920774,1.548327,0.000000,0.000000,0.347787,-0.364417,0.084839,1.073877,0.196973,0.000000,0.000000
-1.633169,0.033749,1.195267,0.011694,-0.037356,0.017648,0.999078,-0.064778,-0.047072,0.041832,1.096133,-0.582612,-0.007976,-0.121472,-0.020837,-0.261608,0.070668,0.156245,0.026914,0.005674,0.002093,0.233556,0.207943,-0.079545,0.920678,1.546109,0.000000,0.000000,0.345452,-0.366042,0.094380,1.075646,0.194172,0.000000,0.000000
-1.628119,0.032645,1.194679,0.010391,-0.038456,0.013707,0.999112,-0.064869,-0.041935,0.048671,1.115168,-0.564118,-0.008063,-0.122187,-0.019337,-0.253196,0.090635,0.143154,0.025907,0.006312,0.002058,0.238693,0.207293,-0.070120,0.919940,1.544395,0.000000,0.000000,0.342199,-0.367598,0.103563,1.077670,0.191584,0.000000,0.000000
-1.623210,0.031435,1.194226,0.008987,-0.039942,0.009978,0.999112,-0.065396,-0.036630,0.055160,1.134316,-0.541679,-0.008012,-0.122579,-0.017534,-0.244418,0.110368,0.132916,0.024990,0.006306,0.002022,0.244680,0.207520,-0.062485,0.919918,1.542029,0.000000,0.000000,0.338701,-0.369069,0.113268,1.079667,0.190729,0.000000,0.000000
-1.619233,0.029979,1.193597,0.007692,-0.041543,0.004801,0.999096,-0.067665,-0.030372,0.064938,1.155921,-0.509708,-0.008410,-0.123957,-0.014995,-0.234518,0.132384,0.121681,0.024098,0.006174,0.001933,0.252587,0.207163,-0.052324,0.918913,1.538502,0.000000,0.000000,0.331977,-0.370968,0.124140,1.083799,0.188143,0.000000,0.000000
-1.615290,0.028792,1.193133,0.006829,-0.043039,0.000382,0.999050,-0.070749,-0.025830,0.072971,1.176068,-0.476191,-0.008917,-0.124880,-0.013307,-0.226599,0.150838,0.111248,0.023284,0.006297,0.001875,0.259685,0.207802,-0.046313,0.917842,1.533954,0.000000,0.000000,0.325597,-0.373123,0.133185,1.087030,0.186881,0.000000,0.000000
-1.611407,0.027651,1.192809,0.006373,-0.044371,-0.004186,0.998986,-0.074765,-0.021668,0.081598,1.197005,-0.436888,-0.009673,-0.125255,-0.012097,-0.220273,0.167389,0.100100,0.022585,0.008082,0.001730,0.266582,0.208646,-0.042896,0.916180,1.528349,0.000000,0.000000,0.320073,-0.375791,0.139889,1.088192,0.187116,0.000000,0.000000
-1.607649,0.026667,1.192605,0.006241,-0.045482,-0.008009,0.998914,-0.079631,-0.018218,0.089612,1.217021,-0.393511,-0.010505,-0.124852,-0.011741,-0.214362,0.180554,0.088280,0.021650,0.010361,0.001643,0.272574,0.209740,-0.043287,0.913650,1.522647,0.000000,0.000000,0.314869,-0.378943,0.142731,1.088483,0.189204,0.000000,0.000000
-1.604001,0.025790,1.192517,0.006455,-0.046252,-0.011565,0.998842,-0.085425,-0.015542,0.096446,1.235852,-0.347079,-0.011283,-0.123807,-0.012031,-0.209070,0.190148,0.075362,0.020571,0.013720,0.001509,0.277770,0.211345,-0.046774,0.910149,1.517481,0.000000,0.000000,0.309994,-0.382605,0.142163,1.086730,0.191857,0.000000,0.000000
-1.600486,0.025067,1.192576,0.006838,-0.046957,-0.014627,0.998766,-0.091895,-0.013426,0.102025,1.254123,-0.297316,-0.011928,-0.122006,-0.012925,-0.203447,0.196891,0.061664,0.019191,0.018361,0.001371,0.282571,0.213514,-0.054152,0.905716,1.512147,0.000000,0.000000,0.307571,-0.386340,0.140609,1.083728,0.197400,0.000000,0.000000
-1.596983,0.024403,1.192834,0.007320,-0.047797,-0.017670,0.998674,-0.098538,-0.011586,0.107193,1.271754,-0.247712,-0.012533,-0.119463,-0.014121,-0.197051,0.202277,0.048127,0.017572,0.023602,0.001200,0.286761,0.215842,-0.063033,0.901373,1.507623,0.000000,0.000000,0.305971,-0.389922,0.137038,1.078821,0.203386,0.000000,0.000000
-1.593367,0.023690,1.193293,0.007484,-0.048532,-0.019881,0.998596,-0.105275,-0.008934,0.111776,1.289070,-0.199664,-0.012735,-0.116334,-0.014862,-0.189563,0.206420,0.035649,0.015885,0.028994,0.001075,0.290019,0.219639,-0.074162,0.896266,1.503706,0.000000,0.000000,0.307041,-0.394106,0.133803,1.071329,0.212802,0.000000,0.000000
-1.588889,0.022821,1.194102,0.007838,-0.049330,-0.022907,0.998489,-0.110041,-0.005942,0.116815,1.304804,-0.163518,-0.012928,-0.112783,-0.015610,-0.182491,0.210221,0.026196,0.014322,0.033668,0.000958,0.292793,0.222489,-0.082652,0.891403,1.502067,0.000000,0.000000,0.308221,-0.398207,0.132618,1.063664,0.219756,0.000000,0.000000
-1.584416,0.021093,1.195082,0.008085,-0.050176,-0.026121,0.998366,-0.115134,-0.000378,0.122202,1.321153,-0.131127,-0.012476,-0.108480,-0.015198,-0.174096,0.213493,0.017227,0.012846,0.038788,0.000819,0.296592,0.225205,-0.090138,0.886014,1.501756,0.000000,0.000000,0.310326,-0.402115,0.130748,1.054605,0.226333,0.000000,0.000000
-1.580050,0.018698,1.196182,0.008260,-0.051323,-0.029296,0.998218,-0.120126,0.007313,0.127394,1.336463,-0.110343,-0.011461,-0.103895,-0.013676,-0.165770,0.216725,0.009895,0.011712,0.043998,0.000688,0.300509,0.229188,-0.098054,0.880343,1.502129,0.000000,0.000000,0.314044,-0.406132,0.130605,1.046312,0.235018,0.000000,0.000000
-1.575766,0.015837,1.197338,0.008316,-0.052554,-0.032372,0.998059,-0.124624,0.015741,0.131998,1.348925,-0.107186,-0.010204,-0.099662,-0.011451,-0.158459,0.219346,0.004385,0.010975,0.048678,0.000574,0.303425,0.233177,-0.103814,0.874689,1.503523,0.000000,0.000000,0.317457,-0.409378,0.130922,1.037782,0.242314,0.000000,0.000000
-1.571411,0.013061,1.198403,0.008219,-0.053648,-0.035512,0.997894,-0.130102,0.026271,0.136935,1.363088,-0.115721,-0.008560,-0.094583,-0.008365,-0.150075,0.222171,-0.001213,0.010269,0.054180,0.000449,0.307446,0.237932,-0.109419,0.868394,1.505428,0.000000,0.000000,0.322392,-0.412813,0.131529,1.028740,0.250668,0.000000,0.000000
-1.567273,0.010702,1.199327,0.008050,-0.054894,-0.038614,0.997713,-0.135829,0.036231,0.140660,1.376590,-0.131276,-0.006901,-0.089447,-0.005396,-0.141835,0.224612,-0.006157,0.009558,0.060055,0.000275,0.310936,0.242561,-0.113712,0.862127,1.508308,0.000000,0.000000,0.327183,-0.415278,0.132941,1.019861,0.258145,0.000000,0.000000
-1.563324,0.008803,1.200051,0.007889,-0.056128,-0.041808,0.997517,-0.141817,0.045134,0.144554,1.389410,-0.146261,-0.005641,-0.084423,-0.002843,-0.134086,0.226618,-0.010679,0.008825,0.066208,0.000090,0.314232,0.247713,-0.115912,0.856354,1.510620,0.000000,0.000000,0.331892,-0.418460,0.133788,1.011611,0.264209,0.000000,0.000000
-1.559468,0.007546,1.200650,0.007976,-0.057196,-0.045176,0.997308,-0.147850,0.051397,0.148077,1.399699,-0.156464,-0.005035,-0.080008,-0.001388,-0.127790,0.228370,-0.014215,0.008067,0.072432,-0.000097,0.317565,0.252360,-0.116229,0.851939,1.511231,0.000000,0.000000,0.336458,-0.420453,0.134898,1.004229,0.268635,0.000000,0.000000
-1.556023,0.006862,1.201143,0.008183,-0.058418,-0.048379,0.997086,-0.154552,0.055901,0.151858,1.408461,-0.162387,-0.005005,-0.075729,-0.000855,-0.121955,0.229992,-0.017967,0.007146,0.079212,-0.000332,0.320710,0.257363,-0.115773,0.847754,1.510576,0.000000,0.000000,0.341950,-0.422700,0.136393,0.997353,0.273082,0.000000,0.000000
-1.552851,0.006366,1.201574,0.008749,-0.059409,-0.051435,0.996869,-0.161861,0.058879,0.155567,1.414330,-0.166022,-0.005395,-0.071827,-0.001196,-0.116666,0.231390,-0.021356,0.006093,0.086140,-0.000579,0.323130,0.262630,-0.114378,0.843158,1.509471,0.000000,0.000000,0.346737,-0.425477,0.137307,0.990592,0.276221,0.000000,0.000000
-1.550398,0.005826,1.201594,0.009086,-0.060103,-0.054812,0.996645,-0.171145,0.062055,0.160397,1.418690,-0.170658,-0.006065,-0.068326,-0.001401,-0.110858,0.231864,-0.024508,0.004984,0.094582,-0.000877,0.326066,0.268813,-0.112539,0.839251,1.504940,0.000000,0.000000,0.353198,-0.428589,0.139088,0.982390,0.279405,0.000000,0.000000
-1.547880,0.005378,1.201605,0.009537,-0.060605,-0.057794,0.996442,-0.180450,0.064685,0.164675,1.419442,-0.176344,-0.006763,-0.065677,-0.001762,-0.106024,0.232726,-0.027380,0.004015,0.102647,-0.001182,0.327815,0.274362,-0.110198,0.835865,1.499662,0.000000,0.000000,0.359065,-0.431405,0.140700,0.974370,0.280222,0.000000,0.000000
-1.545365,0.004799,1.201543,0.010046,-0.061023,-0.060598,0.996245,-0.190082,0.067658,0.169274,1.416838,-0.182528,-0.007473,-0.063388,-0.002221,-0.101643,0.233972,-0.030565,0.003104,0.110622,-0.001445,0.328797,0.280003,-0.107287,0.832788,1.493457,0.000000,0.000000,0.364235,-0.434219,0.141705,0.967803,0.280946,0.000000,0.000000
-1.542755,0.004082,1.201396,0.010522,-0.061343,-0.063436,0.996043,-0.199132,0.071053,0.174146,1.411427,-0.187371,-0.008119,-0.061441,-0.002538,-0.097524,0.235516,-0.033706,0.002284,0.118306,-0.001709,0.329044,0.285226,-0.103294,0.830634,1.486906,0.000000,0.000000,0.368913,-0.436541,0.143359,0.962272,0.281184,0.000000,0.000000
-1.540087,0.003328,1.201186,0.010810,-0.061542,-0.066438,0.995832,-0.207781,0.075055,0.179525,1.403069,-0.191523,-0.008719,-0.059700,-0.002528,-0.093523,0.237157,-0.037193,0.001572,0.125691,-0.001965,0.329045,0.289875,-0.100030,0.829171,1.480503,0.000000,0.000000,0.373784,-0.438453,0.146295,0.957031,0.281171,0.000000,0.000000
-1.537417,0.002516,1.200943,0.011193,-0.061653,-0.069676,0.995600,-0.215988,0.079293,0.185382,1.391722,-0.194825,-0.009367,-0.058106,-0.002448,-0.089960,0.238818,-0.040833,0.000956,0.133437,-0.002234,0.327909,0.294450,-0.094843,0.826448,1.476046,0.000000,0.000000,0.377997,-0.440141,0.148014,0.952234,0.279579,0.000000,0.000000
-1.534689,0.001629,1.200724,0.011383,-0.061495,-0.072622,0.995397,-0.224249,0.084387,0.192042,1.376604,-0.196810,-0.009991,-0.056544,-0.001948,-0.085910,0.240245,-0.044730,0.000365,0.141091,-0.002539,0.327324,0.298471,-0.090331,0.825803,1.469322,0.000000,0.000000,0.381928,-0.442052,0.150517,0.946926,0.277448,0.000000,0.000000
-1.531983,0.000830,1.200511,0.011618,-0.061261,-0.075717,0.995178,-0.231830,0.089344,0.198445,1.358636,-0.197769,-0.010563,-0.055188,-0.001452,-0.081428,0.241468,-0.048417,-0.000308,0.148356,-0.002760,0.325745,0.302230,-0.086088,0.825980,1.462847,0.000000,0.000000,0.385074,-0.444078,0.153393,0.942431,0.274380,0.000000,0.000000
-1.529240,0.000022,1.200226,0.011918,-0.061023,-0.078334,0.994986,-0.238776,0.094195,0.205018,1.337923,-0.197772,-0.011167,-0.053943,-0.001052,-0.077901,0.243075,-0.051815,-0.000833,0.155033,-0.003006,0.323992,0.305560,-0.082423,0.826317,1.457187,0.000000,0.000000,0.387530,-0.445618,0.155238,0.937916,0.270431,0.000000,0.000000
-1.526353,-0.000746,1.199927,0.012199,-0.060895,-0.080574,0.994812,-0.244958,0.098682,0.210963,1.314403,-0.197493,-0.011659,-0.052663,-0.000750,-0.074161,0.245137,-0.055516,-0.001418,0.161699,-0.003226,0.321266,0.308793,-0.081175,0.827598,1.452304,0.000000,0.000000,0.390900,-0.446956,0.158724,0.933948,0.267793,0.000000,0.000000
-1.523088,-0.001572,1.199676,0.012373,-0.060484,-0.082893,0.994644,-0.250458,0.103112,0.217041,1.288222,-0.196644,-0.012137,-0.051382,-0.000345,-0.070507,0.247459,-0.059675,-0.001958,0.167632,-0.003415,0.318511,0.311906,-0.079208,0.829395,1.447674,0.000000,0.000000,0.393527,-0.448387,0.160801,0.929778,0.265187,0.000000,0.000000
-1.519508,-0.002376,1.199451,0.012517,-0.059622,-0.085644,0.994461,-0.255474,0.107340,0.223732,1.259547,-0.194491,-0.012769,-0.050351,0.000146,-0.067342,0.249812,-0.063795,-0.002391,0.172768,-0.003581,0.316262,0.313818,-0.075381,0.830775,1.444324,0.000000,0.000000,0.395180,-0.448847,0.161712,0.926754,0.262631,0.000000,0.000000
-1.516009,-0.003172,1.199193,0.012655,-0.058940,-0.087748,0.994317,-0.259803,0.111317,0.230436,1.228521,-0.191366,-0.013397,-0.049379,0.000643,-0.064179,0.252650,-0.068385,-0.002822,0.177222,-0.003762,0.314127,0.315695,-0.071868,0.832138,1.442103,0.000000,0.000000,0.396605,-0.449243,0.162863,0.924202,0.260728,0.000000,0.000000
-1.512554,-0.003782,1.198908,0.012785,-0.058630,-0.089135,0.994210,-0.263371,0.114555,0.236914,1.195579,-0.186835,-0.014087,-0.048299,0.000842,-0.060458,0.256532,-0.073963,-0.003429,0.180469,-0.003860,0.312024,0.318018,-0.069254,0.834326,1.440603,0.000000,0.000000,0.398283,-0.449225,0.164479,0.922053,0.258815,0.000000,0.000000
-1.508933,-0.004455,1.198540,0.012854,-0.057923,-0.090743,0.994105,-0.266240,0.117603,0.243958,1.160389,-0.180814,-0.014889,-0.047425,0.001196,-0.057465,0.260622,-0.079557,-0.003864,0.183287,-0.003970,0.309661,0.319974,-0.066878,0.836426,1.439645,0.000000,0.000000,0.398983,-0.450309,0.166423,0.919241,0.255339,0.000000,0.000000
-1.505305,-0.005041,1.198170,0.012726,-0.057550,-0.091429,0.994066,-0.268376,0.120210,0.250760,1.123112,-0.173374,-0.015650,-0.046442,0.001656,-0.054391,0.265258,-0.085996,-0.004285,0.185464,-0.004077,0.307492,0.321923,-0.066688,0.838078,1.437791,0.000000,0.000000,0.400767,-0.450772,0.169299,0.916514,0.252578,0.000000,0.000000
-1.501344,-0.005567,1.197812,0.012650,-0.056726,-0.092677,0.993999,-0.269791,0.122204,0.257875,1.083705,-0.164192,-0.016571,-0.045687,0.002007,-0.051474,0.270227,-0.092726,-0.004706,0.186507,-0.004146,0.305648,0.323093,-0.063799,0.839937,1.436509,0.000000,0.000000,0.400967,-0.450802,0.168280,0.914378,0.252211,0.000000,0.000000
-1.497361,-0.006132,1.197429,0.012434,-0.056108,-0.092829,0.994022,-0.270511,0.123771,0.264747,1.044278,-0.152887,-0.017492,-0.044881,0.002484,-0.049173,0.275333,-0.099375,-0.004985,0.187458,-0.004153,0.303511,0.324358,-0.063771,0.842212,1.434887,0.000000,0.000000,0.401679,-0.450652,0.169558,0.911544,0.250608,0.000000,0.000000
-1.493088,-0.006540,1.197010,0.012194,-0.054887,-0.093596,0.994021,-0.270790,0.124760,0.273226,0.999163,-0.142208,-0.018803,-0.044387,0.003004,-0.047101,0.281010,-0.106185,-0.005214,0.187379,-0.004167,0.301152,0.324452,-0.060134,0.844566,1.434238,0.000000,0.000000,0.401083,-0.449970,0.167419,0.909675,0.250245,0.000000,0.000000
-1.488786,-0.006711,1.196554,0.011944,-0.053766,-0.093940,0.994053,-0.270379,0.124781,0.281052,0.953940,-0.127765,-0.020129,-0.044043,0.003165,-0.045588,0.286838,-0.113414,-0.005442,0.187255,-0.004219,0.299195,0.324273,-0.057145,0.846630,1.433486,0.000000,0.000000,0.400259,-0.449218,0.165538,0.907841,0.249258,0.000000,0.000000
-1.484625,-0.006642,1.196002,0.011586,-0.052760,-0.094119,0.994094,-0.269271,0.123981,0.288377,0.909600,-0.110637,-0.021559,-0.043855,0.003126,-0.044306,0.292873,-0.120292,-0.005679,0.186669,-0.004245,0.297173,0.323616,-0.055473,0.848834,1.432001,0.000000,0.000000,0.399369,-0.448613,0.164675,0.905743,0.246719,0.000000,0.000000
-1.480427,-0.006406,1.195341,0.011209,-0.051580,-0.094051,0.994167,-0.267606,0.122321,0.295961,0.862165,-0.089699,-0.023206,-0.043883,0.002898,-0.043574,0.299275,-0.127639,-0.005871,0.185484,-0.004230,0.294736,0.323031,-0.053604,0.851595,1.430211,0.000000,0.000000,0.398060,-0.447756,0.162592,0.903765,0.245018,0.000000,0.000000
-1.476188,-0.005804,1.194571,0.010755,-0.050415,-0.093691,0.994266,-0.265279,0.119441,0.303367,0.812580,-0.065398,-0.025083,-0.044113,0.002321,-0.043103,0.306169,-0.135328,-0.006109,0.183804,-0.004225,0.292076,0.321997,-0.052511,0.854318,1.428015,0.000000,0.000000,0.396570,-0.446679,0.160283,0.902176,0.244371,0.000000,0.000000
-1.471881,-0.004941,1.193697,0.010353,-0.049132,-0.093485,0.994354,-0.262292,0.115449,0.310808,0.761441,-0.037445,-0.027229,-0.044613,0.001261,-0.043451,0.313439,-0.143364,-0.006328,0.181959,-0.004153,0.289399,0.320444,-0.052044,0.857314,1.425465,0.000000,0.000000,0.395010,-0.445588,0.157967,0.900122,0.243615,0.000000,0.000000
-1.467498,-0.003904,1.192712,0.009845,-0.047681,-0.092874,0.994487,-0.258803,0.110529,0.317699,0.708675,-0.006148,-0.029452,-0.045347,0.000053,-0.044025,0.321040,-0.151719,-0.006547,0.179515,-0.004097,0.286526,0.319009,-0.051436,0.860163,1.423183,0.000000,0.000000,0.392586,-0.444190,0.154636,0.898389,0.242034,0.000000,0.000000
-1.463163,-0.002646,1.191648,0.009331,-0.046389,-0.092407,0.994596,-0.254620,0.104843,0.324065,0.655058,0.027608,-0.031733,-0.046248,-0.001518,-0.045049,0.329254,-0.160624,-0.006779,0.177021,-0.004015,0.283689,0.317097,-0.051809,0.863211,1.421638,0.000000,0.000000,0.390513,-0.442090,0.152460,0.897010,0.241270,0.000000,0.000000
-1.458716,-0.001133,1.190493,0.008711,-0.044989,-0.091838,0.994719,-0.249919,0.098426,0.328793,0.600820,0.063043,-0.033814,-0.047328,-0.003362,-0.046479,0.337885,-0.170169,-0.007010,0.174180,-0.003945,0.280695,0.315160,-0.051846,0.866199,1.420242,0.000000,0.000000,0.387778,-0.440322,0.148792,0.895605,0.240285,0.000000,0.000000
-1.454170,0.000113,1.189274,0.007088,-0.044106,-0.090278,0.994914,-0.244266,0.093636,0.330053,0.547327,0.100978,-0.034618,-0.047962,-0.004012,-0.049409,0.347755,-0.180700,-0.006655,0.170105,-0.003810,0.278342,0.314317,-0.051989,0.869689,1.419676,0.000000,0.000000,0.385228,-0.437168,0.145079,0.894035,0.238160,0.000000,0.000000
-1.449556,0.001556,1.187954,0.005415,-0.043415,-0.088424,0.995122,-0.238074,0.088974,0.328985,0.494667,0.138844,-0.034919,-0.048318,-0.004400,-0.052924,0.358365,-0.191792,-0.006139,0.164976,-0.003656,0.276362,0.313610,-0.052399,0.873216,1.419770,0.000000,0.000000,0.383048,-0.432648,0.141592,0.893153,0.237114,0.000000,0.000000
-1.444871,0.003114,1.186535,0.003891,-0.042671,-0.086130,0.995362,-0.231694,0.083915,0.326648,0.442749,0.175168,-0.035102,-0.048619,-0.005099,-0.057559,0.369408,-0.203123,-0.005510,0.159240,-0.003497,0.274360,0.313074,-0.052961,0.876114,1.419726,0.000000,0.000000,0.380281,-0.428408,0.137732,0.892304,0.235373,0.000000,0.000000
-1.440188,0.004644,1.185040,0.002489,-0.042185,-0.083891,0.995578,-0.224926,0.078665,0.323846,0.392482,0.209661,-0.035275,-0.048873,-0.006075,-0.062290,0.381295,-0.214771,-0.004937,0.153333,-0.003343,0.272638,0.312273,-0.053877,0.878788,1.419468,0.000000,0.000000,0.378318,-0.423845,0.134991,0.892213,0.234809,0.000000,0.000000
-1.435359,0.006117,1.183419,0.001053,-0.041594,-0.081511,0.995804,-0.217963,0.073399,0.320907,0.343905,0.241938,-0.035443,-0.049181,-0.007072,-0.067381,0.393874,-0.226252,-0.004302,0.147208,-0.003200,0.270840,0.311234,-0.056319,0.881374,1.419644,0.000000,0.000000,0.376633,-0.419744,0.131911,0.890939,0.234736,0.000000,0.000000
-1.430359,0.007463,1.181720,-0.000076,-0.040869,-0.079834,0.995970,-0.211180,0.068517,0.318161,0.299794,0.270037,-0.035617,-0.049698,-0.008322,-0.071327,0.406264,-0.237196,-0.003934,0.141364,-0.003099,0.269701,0.309370,-0.057337,0.882892,1.419670,0.000000,0.000000,0.374228,-0.415660,0.129288,0.890897,0.234199,0.000000,0.000000
-1.425375,0.008534,1.179872,-0.001715,-0.040351,-0.077504,0.996174,-0.203601,0.064307,0.316404,0.254293,0.298710,-0.035758,-0.050234,-0.008920,-0.075974,0.420661,-0.249382,-0.003256,0.134535,-0.002889,0.268535,0.307723,-0.058216,0.884200,1.419865,0.000000,0.000000,0.371473,-0.410666,0.127169,0.890972,0.233676,0.000000,0.000000
-1.420354,0.009504,1.177917,-0.003195,-0.039592,-0.075650,0.996343,-0.196578,0.060997,0.315376,0.214749,0.323251,-0.035898,-0.050934,-0.009199,-0.079574,0.434299,-0.260325,-0.002682,0.128248,-0.002728,0.267388,0.305903,-0.058266,0.885106,1.420432,0.000000,0.000000,0.368359,-0.406114,0.125689,0.890840,0.232982,0.000000,0.000000
-1.415480,0.010317,1.175819,-0.004689,-0.039134,-0.074349,0.996453,-0.189732,0.058582,0.315229,0.179628,0.345472,-0.036052,-0.051718,-0.009224,-0.082463,0.448134,-0.270820,-0.002163,0.122445,-0.002576,0.266672,0.304442,-0.058726,0.885625,1.420352,0.000000,0.000000,0.365124,-0.401986,0.125514,0.890884,0.232560,0.000000,0.000000
-1.410480,0.010979,1.173545,-0.006532,-0.038570,-0.072654,0.996590,-0.182708,0.056864,0.315946,0.145354,0.367361,-0.036210,-0.052526,-0.008587,-0.085496,0.463092,-0.282006,-0.001435,0.116363,-0.002417,0.265805,0.303424,-0.059551,0.885629,1.420405,0.000000,0.000000,0.361960,-0.397838,0.126412,0.890580,0.232725,0.000000,0.000000
-1.405332,0.011282,1.171171,-0.008942,-0.038019,-0.071051,0.996708,-0.175218,0.056590,0.318607,0.111119,0.388785,-0.036312,-0.053197,-0.006674,-0.088719,0.479599,-0.295089,-0.000331,0.108814,-0.002214,0.265213,0.302160,-0.058072,0.885423,1.421682,0.000000,0.000000,0.357547,-0.391866,0.127081,0.890997,0.231553,0.000000,0.000000
-1.400098,0.011602,1.168694,-0.011149,-0.037398,-0.069333,0.996830,-0.168797,0.056636,0.321268,0.082849,0.405542,-0.036406,-0.053636,-0.004554,-0.090831,0.494598,-0.307649,0.000625,0.101629,-0.002039,0.264835,0.300922,-0.056096,0.884765,1.423800,0.000000,0.000000,0.353257,-0.386722,0.128151,0.890563,0.228765,0.000000,0.000000
-1.394860,0.011774,1.166166,-0.013271,-0.036920,-0.067459,0.996950,-0.162318,0.056910,0.324262,0.056693,0.419017,-0.036490,-0.053914,-0.002328,-0.093640,0.510323,-0.322920,0.001726,0.093948,-0.001843,0.265046,0.300044,-0.054133,0.883149,1.425982,0.000000,0.000000,0.349303,-0.381184,0.129289,0.890561,0.226446,0.000000,0.000000
-1.389687,0.012011,1.163577,-0.015032,-0.036492,-0.066654,0.996995,-0.155885,0.057079,0.327158,0.033104,0.429298,-0.036572,-0.054355,-0.000481,-0.095400,0.526411,-0.337699,0.002536,0.086973,-0.001697,0.265280,0.299168,-0.052085,0.881068,1.427785,0.000000,0.000000,0.344768,-0.376697,0.132069,0.890863,0.224890,0.000000,0.000000
-1.384476,0.012242,1.160886,-0.016963,-0.036070,-0.065674,0.997045,-0.150053,0.057403,0.330052,0.013515,0.435912,-0.036640,-0.054825,0.001219,-0.096973,0.541814,-0.350769,0.003280,0.080725,-0.001564,0.265915,0.298346,-0.050149,0.878453,1.429336,0.000000,0.000000,0.340746,-0.372202,0.134209,0.891257,0.223480,0.000000,0.000000
-1.379225,0.012542,1.158079,-0.018967,-0.035435,-0.064203,0.997127,-0.143880,0.057652,0.333076,-0.006107,0.442043,-0.036695,-0.055397,0.003308,-0.098392,0.558927,-0.365496,0.004105,0.073463,-0.001404,0.266554,0.297377,-0.047942,0.874946,1.431355,0.000000,0.000000,0.336080,-0.366902,0.135661,0.890948,0.221224,0.000000,0.000000
-1.373983,0.012964,1.155173,-0.021025,-0.035043,-0.063083,0.997171,-0.138934,0.057976,0.335656,-0.017450,0.446503,-0.036780,-0.055773,0.004992,-0.099285,0.573370,-0.377436,0.004736,0.067507,-0.001259,0.267377,0.296344,-0.045946,0.872220,1.432433,0.000000,0.000000,0.332807,-0.362118,0.136647,0.891055,0.219187,0.000000,0.000000
-1.368701,0.013530,1.152164,-0.022981,-0.034601,-0.061871,0.997220,-0.134384,0.058240,0.337956,-0.017450,0.451214,-0.036973,-0.056108,0.006441,-0.100008,0.587475,-0.388976,0.005275,0.061982,-0.001097,0.267815,0.296013,-0.044292,0.868916,1.434125,0.000000,0.000000,0.329709,-0.357783,0.137707,0.891561,0.217707,0.000000,0.000000
-1.363393,0.014264,1.149011,-0.024615,-0.033986,-0.061414,0.997230,-0.130256,0.058306,0.339774,-0.017450,0.455948,-0.037233,-0.056589,0.007467,-0.100048,0.600933,-0.399586,0.005575,0.057251,-0.000974,0.268482,0.295069,-0.042836,0.865938,1.434951,0.000000,0.000000,0.326834,-0.353594,0.138838,0.892106,0.216473,0.000000,0.000000
-1.358122,0.015174,1.145750,-0.025963,-0.033535,-0.061471,0.997207,-0.125752,0.058113,0.341409,-0.017450,0.461848,-0.037585,-0.057288,0.008085,-0.099228,0.616088,-0.411366,0.005613,0.052694,-0.000887,0.269117,0.293877,-0.041279,0.862589,1.435305,0.000000,0.000000,0.323667,-0.349399,0.139767,0.892967,0.215548,0.000000,0.000000
-1.352981,0.016092,1.142324,-0.026872,-0.032994,-0.061925,0.997173,-0.121869,0.057632,0.342398,-0.017450,0.467128,-0.037932,-0.058145,0.008185,-0.097848,0.629865,-0.421567,0.005408,0.049339,-0.000817,0.269189,0.292701,-0.040362,0.859914,1.435452,0.000000,0.000000,0.320822,-0.345965,0.140779,0.894055,0.215183,0.000000,0.000000
-1.347842,0.016942,1.138707,-0.027937,-0.032280,-0.062704,0.997119,-0.116946,0.056976,0.343595,-0.017450,0.474064,-0.038401,-0.059552,0.008246,-0.095245,0.648272,-0.434633,0.004983,0.045535,-0.000745,0.269155,0.291245,-0.038517,0.856001,1.435311,0.000000,0.000000,0.317048,-0.341658,0.142144,0.895601,0.214717,0.000000,0.000000
-1.342821,0.017775,1.134902,-0.028720,-0.031644,-0.063684,0.997055,-0.112233,0.056185,0.344524,-0.017450,0.481056,-0.038881,-0.061208,0.008090,-0.092028,0.667165,-0.447128,0.004398,0.042390,-0.000680,0.268753,0.289874,-0.037047,0.852150,1.434845,0.000000,0.000000,0.313140,-0.337733,0.143521,0.897502,0.214420,0.000000,0.000000
-1.337858,0.018628,1.130935,-0.029369,-0.030913,-0.065020,0.996973,-0.107714,0.055247,0.345195,-0.017450,0.485103,-0.039326,-0.063112,0.007732,-0.087972,0.686328,-0.459769,0.003606,0.039775,-0.000655,0.268105,0.288505,-0.035534,0.848424,1.434175,0.000000,0.000000,0.309130,-0.333970,0.144839,0.899539,0.213708,0.000000,0.000000
-1.332844,0.019325,1.126929,-0.029854,-0.030067,-0.066306,0.996899,-0.102801,0.054074,0.345736,-0.017450,0.488664,-0.039811,-0.065442,0.007264,-0.082378,0.708097,-0.475319,0.002519,0.037431,-0.000645,0.266831,0.287061,-0.034151,0.844452,1.433116,0.000000,0.000000,0.304498,-0.329827,0.146286,0.902344,0.212852,0.000000,0.000000
-1.327807,0.020066,1.122829,-0.030582,-0.029255,-0.067602,0.996814,-0.098425,0.053117,0.346352,-0.017450,0.490500,-0.040229,-0.067741,0.006936,-0.076618,0.728712,-0.490543,0.001439,0.035499,-0.000599,0.265540,0.286037,-0.033079,0.840833,1.431676,0.000000,0.000000,0.300121,-0.325821,0.147773,0.905168,0.211895,0.000000,0.000000
-1.322704,0.020784,1.118707,-0.031544,-0.028753,-0.068232,0.996756,-0.093875,0.052509,0.347546,-0.017450,0.492088,-0.040652,-0.070143,0.006873,-0.070551,0.751452,-0.506950,0.000383,0.033143,-0.000551,0.263784,0.285804,-0.032197,0.837506,1.430182,0.000000,0.000000,0.295569,-0.321434,0.149666,0.908931,0.211317,0.000000,0.000000
-1.317468,0.021698,1.114440,-0.032275,-0.028082,-0.068787,0.996714,-0.089854,0.051851,0.348436,-0.017450,0.494304,-0.041039,-0.072509,0.006514,-0.065707,0.773111,-0.521510,-0.000534,0.030817,-0.000508,0.262220,0.285926,-0.031295,0.834298,1.428955,0.000000,0.000000,0.291472,-0.317458,0.150939,0.912716,0.210241,0.000000,0.000000
-1.312232,0.022955,1.109908,-0.033740,-0.027831,-0.068627,0.996683,-0.085161,0.051420,0.349906,-0.017450,0.502071,-0.041572,-0.074959,0.006106,-0.062149,0.799036,-0.534258,-0.001200,0.027137,-0.000443,0.260428,0.286258,-0.030549,0.831299,1.428409,0.000000,0.000000,0.287049,-0.311980,0.151846,0.917616,0.208344,0.000000,0.000000
-1.307281,0.024186,1.105238,-0.033893,-0.026977,-0.069661,0.996630,-0.081377,0.049845,0.349315,-0.013535,0.505400,-0.042018,-0.077648,0.004814,-0.058734,0.820665,-0.544985,-0.002119,0.024823,-0.000431,0.257411,0.286568,-0.030387,0.829793,1.427204,0.000000,0.000000,0.282690,-0.308569,0.153384,0.921981,0.206788,0.000000,0.000000
-1.302337,0.025681,1.100396,-0.034607,-0.026210,-0.070100,0.996595,-0.077268,0.047651,0.347941,-0.006432,0.506704,-0.042500,-0.080919,0.003182,-0.055763,0.844868,-0.557456,-0.003039,0.022154,-0.000382,0.253788,0.287248,-0.030802,0.828281,1.425943,0.000000,0.000000,0.278335,-0.304878,0.155285,0.926719,0.205557,0.000000,0.000000
-1.297482,0.027723,1.095263,-0.035333,-0.025213,-0.070507,0.996566,-0.073425,0.044210,0.344642,0.000225,0.502847,-0.042914,-0.084736,0.000932,-0.053986,0.869471,-0.567826,-0.003908,0.019486,-0.000335,0.249678,0.287930,-0.031302,0.827074,1.425823,0.000000,0.000000,0.274204,-0.301829,0.157246,0.930725,0.204482,0.000000,0.000000
-1.292789,0.029533,1.090037,-0.037253,-0.024518,-0.068920,0.996625,-0.068923,0.041487,0.342999,0.005027,0.463779,-0.042875,-0.089362,-0.000297,-0.055834,0.899752,-0.578736,-0.003748,0.013856,-0.000165,0.245338,0.289847,-0.031765,0.824945,1.428660,0.000000,0.000000,0.270075,-0.296481,0.158966,0.936167,0.201117,0.000000,0.000000
-1.287772,0.030301,1.085300,-0.037225,-0.023307,-0.068577,0.996679,-0.064159,0.039048,0.342319,0.008278,0.395952,-0.042166,-0.094442,-0.002338,-0.057504,0.930137,-0.587536,-0.003862,0.008383,-0.000093,0.241117,0.290765,-0.031622,0.822001,1.432824,0.000000,0.000000,0.265580,-0.291591,0.160180,0.941664,0.196298,0.000000,0.000000
-1.282695,0.032138,1.080312,-0.038605,-0.022683,-0.067063,0.996744,-0.059962,0.037025,0.341958,0.013388,0.336822,-0.041399,-0.098550,-0.004404,-0.061368,0.957959,-0.590702,-0.003558,0.002479,0.000046,0.237350,0.292184,-0.031576,0.820534,1.437672,0.000000,0.000000,0.262348,-0.286533,0.160606,0.946125,0.190932,0.000000,0.000000
-1.277753,0.033524,1.075592,-0.038681,-0.021995,-0.065862,0.996836,-0.055911,0.034249,0.340392,0.018185,0.278910,-0.040592,-0.103240,-0.007786,-0.065007,0.986831,-0.590135,-0.003669,-0.003303,0.000172,0.232998,0.293120,-0.031666,0.818732,1.442360,0.000000,0.000000,0.259152,-0.282313,0.161307,0.951511,0.185594,0.000000,0.000000
-1.272939,0.034946,1.070916,-0.038082,-0.021380,-0.064764,0.996944,-0.052195,0.030478,0.337103,0.022487,0.224875,-0.039753,-0.108810,-0.012723,-0.068426,1.017376,-0.584305,-0.004245,-0.008598,0.000294,0.228788,0.293719,-0.033251,0.815681,1.446581,0.000000,0.000000,0.256656,-0.279515,0.162701,0.956180,0.180118,0.000000,0.000000
-1.268400,0.036432,1.066274,-0.036768,-0.020971,-0.063980,0.997053,-0.048732,0.025382,0.331637,0.025797,0.174455,-0.038869,-0.115569,-0.019672,-0.072105,1.051077,-0.569116,-0.005302,-0.013356,0.000432,0.224174,0.294186,-0.034945,0.812951,1.450396,0.000000,0.000000,0.253678,-0.277858,0.163163,0.961981,0.174398,0.000000,0.000000
-1.264056,0.037749,1.061759,-0.034882,-0.020766,-0.063272,0.997170,-0.045828,0.019516,0.324548,0.029468,0.131422,-0.038055,-0.123244,-0.027188,-0.074305,1.085302,-0.548357,-0.006827,-0.017212,0.000549,0.219177,0.294278,-0.038291,0.810700,1.452624,0.000000,0.000000,0.251203,-0.277484,0.162693,0.968247,0.168650,0.000000,0.000000
-1.259523,0.038889,1.057627,-0.033874,-0.021519,-0.061170,0.997320,-0.042305,0.015831,0.311435,0.035410,0.091623,-0.035728,-0.130494,-0.033678,-0.077259,1.121383,-0.522733,-0.007853,-0.021701,0.000744,0.215457,0.296173,-0.044535,0.809101,1.453720,0.000000,0.000000,0.250813,-0.276421,0.162287,0.973898,0.164407,0.000000,0.000000
-1.254596,0.039776,1.053909,-0.033596,-0.023205,-0.057922,0.997486,-0.037928,0.014703,0.291683,0.045191,0.048431,-0.031588,-0.136959,-0.039312,-0.083133,1.160785,-0.487301,-0.007912,-0.027358,0.000963,0.212210,0.300081,-0.049902,0.807575,1.455937,0.000000,0.000000,0.252730,-0.273605,0.160334,0.980630,0.160513,0.000000,0.000000
-1.249447,0.040420,1.050585,-0.033365,-0.025801,-0.053773,0.997662,-0.033700,0.014952,0.269926,0.059245,0.010518,-0.027073,-0.142288,-0.043956,-0.088688,1.199130,-0.442979,-0.007722,-0.033579,0.001201,0.209657,0.304120,-0.058556,0.808139,1.458013,0.000000,0.000000,0.256753,-0.269999,0.159767,0.988038,0.156286,0.000000,0.000000
-1.244233,0.041084,1.047488,-0.033191,-0.028898,-0.048879,0.997835,-0.030080,0.015491,0.248582,0.075678,-0.021474,-0.022909,-0.146829,-0.048304,-0.094323,1.235201,-0.390447,-0.007358,-0.040095,0.001407,0.207952,0.308464,-0.066629,0.808531,1.460934,0.000000,0.000000,0.262051,-0.266299,0.156287,0.994989,0.152956,0.000000,0.000000
-1.239137,0.041889,1.044572,-0.033058,-0.032341,-0.043483,0.997983,-0.026896,0.015796,0.229002,0.093984,-0.049516,-0.019350,-0.151042,-0.052962,-0.100143,1.268892,-0.333109,-0.006958,-0.046593,0.001594,0.206350,0.313238,-0.075697,0.807817,1.462845,0.000000,0.000000,0.268000,-0.262946,0.151804,1.002169,0.151468,0.000000,0.000000
-1.234245,0.042778,1.041799,-0.033125,-0.035728,-0.038079,0.998086,-0.024080,0.015868,0.212131,0.112726,-0.078658,-0.016389,-0.155494,-0.057391,-0.105499,1.299883,-0.273094,-0.006507,-0.052411,0.001812,0.204103,0.318412,-0.085124,0.807969,1.466442,0.000000,0.000000,0.274733,-0.259394,0.147592,1.008538,0.150582,0.000000,0.000000
-1.229569,0.044054,1.039207,-0.033483,-0.038953,-0.032610,0.998147,-0.021662,0.015558,0.199084,0.131485,-0.106862,-0.014200,-0.160030,-0.062285,-0.110701,1.328533,-0.210776,-0.006124,-0.057488,0.001988,0.201056,0.323369,-0.094601,0.808254,1.469092,0.000000,0.000000,0.282189,-0.254967,0.144233,1.014867,0.151831,0.000000,0.000000
-1.225038,0.045424,1.036879,-0.033963,-0.041950,-0.027329,0.998168,-0.019694,0.015239,0.189264,0.149752,-0.134144,-0.012572,-0.164689,-0.067098,-0.114710,1.355013,-0.149359,-0.005901,-0.062295,0.002139,0.197173,0.328881,-0.103084,0.807830,1.475301,0.000000,0.000000,0.289507,-0.250284,0.140605,1.020619,0.153501,0.000000,0.000000
-1.220629,0.046904,1.034855,-0.034542,-0.044962,-0.022405,0.998140,-0.018135,0.015157,0.182228,0.168150,-0.156464,-0.011407,-0.169147,-0.071592,-0.117082,1.379024,-0.093194,-0.005907,-0.066402,0.002293,0.193249,0.334033,-0.110583,0.807360,1.480352,0.000000,0.000000,0.296902,-0.245421,0.137852,1.025654,0.155024,0.000000,0.000000
-1.216254,0.048266,1.033169,-0.035010,-0.047973,-0.018074,0.998071,-0.016834,0.015346,0.173635,0.186762,-0.173197,-0.010008,-0.173582,-0.075272,-0.116821,1.400782,-0.041994,-0.006222,-0.069617,0.002411,0.189113,0.338959,-0.116446,0.806110,1.485295,0.000000,0.000000,0.304466,-0.240573,0.137507,1.030848,0.158296,0.000000,0.000000
-1.211909,0.050063,1.031791,-0.035437,-0.051162,-0.013825,0.997966,-0.015754,0.015427,0.163491,0.206821,-0.186248,-0.008456,-0.177780,-0.079875,-0.116298,1.421448,0.006386,-0.006705,-0.071987,0.002423,0.185635,0.343601,-0.122222,0.804808,1.489380,0.000000,0.000000,0.312373,-0.235336,0.136919,1.036637,0.162114,0.000000,0.000000
-1.207685,0.052400,1.030565,-0.035514,-0.054305,-0.009972,0.997843,-0.014997,0.014259,0.153651,0.227258,-0.195598,-0.007299,-0.181736,-0.085779,-0.115753,1.440216,0.051025,-0.007404,-0.073653,0.002467,0.181386,0.347685,-0.127822,0.802835,1.491752,0.000000,0.000000,0.319427,-0.231495,0.136909,1.043128,0.165904,0.000000,0.000000
-1.203707,0.054987,1.029499,-0.035314,-0.057405,-0.006458,0.997705,-0.014438,0.012163,0.145336,0.248340,-0.203810,-0.006635,-0.185995,-0.092858,-0.114771,1.457769,0.093055,-0.008274,-0.074829,0.002496,0.177135,0.351470,-0.132017,0.801135,1.492937,0.000000,0.000000,0.326118,-0.227837,0.137898,1.050993,0.170414,0.000000,0.000000
-1.199018,0.057400,1.028895,-0.035175,-0.059753,-0.003341,0.997588,-0.013270,0.010131,0.140799,0.265288,-0.209680,-0.006550,-0.189359,-0.098959,-0.113518,1.471643,0.122963,-0.009028,-0.076184,0.002536,0.173925,0.355149,-0.135653,0.799349,1.495485,0.000000,0.000000,0.331660,-0.224619,0.140373,1.058106,0.173555,0.000000,0.000000
-1.195010,0.059838,1.028345,-0.035095,-0.062248,-0.000415,0.997443,-0.011819,0.007958,0.137371,0.280909,-0.216176,-0.006664,-0.193320,-0.105112,-0.112188,1.484039,0.149009,-0.009740,-0.077235,0.002560,0.170628,0.358629,-0.138167,0.797581,1.497603,0.000000,0.000000,0.337252,-0.221311,0.143895,1.065634,0.176240,0.000000,0.000000
-1.191425,0.062269,1.027906,-0.035208,-0.064510,0.002450,0.997293,-0.010310,0.006017,0.134765,0.293826,-0.223078,-0.006821,-0.197659,-0.111114,-0.111491,1.493856,0.165781,-0.010363,-0.078458,0.002614,0.167539,0.361986,-0.139560,0.795427,1.499077,0.000000,0.000000,0.342192,-0.217665,0.147585,1.072505,0.178483,0.000000,0.000000
-1.188765,0.064373,1.027081,-0.035228,-0.066340,0.005400,0.997160,-0.009201,0.003945,0.131833,0.305437,-0.232221,-0.006924,-0.203837,-0.116873,-0.111613,1.502976,0.174268,-0.010787,-0.080038,0.002666,0.164323,0.366367,-0.140775,0.791653,1.500822,0.000000,0.000000,0.346231,-0.215212,0.155166,1.078399,0.175576,0.000000,0.000000
-1.185779,0.065850,1.026533,-0.035391,-0.067287,0.008031,0.997073,-0.008142,0.002445,0.128785,0.314434,-0.241476,-0.006828,-0.210557,-0.121136,-0.111790,1.509410,0.172433,-0.011052,-0.082791,0.002753,0.161364,0.370252,-0.140813,0.787480,1.501848,0.000000,0.000000,0.349528,-0.212609,0.163643,1.083068,0.171940,0.000000,0.000000
-1.182682,0.066815,1.026163,-0.035645,-0.068003,0.010873,0.996989,-0.006638,0.001478,0.124935,0.322489,-0.252156,-0.006442,-0.218490,-0.124186,-0.112248,1.514154,0.162544,-0.011131,-0.086893,0.002830,0.158592,0.373591,-0.138857,0.782910,1.499533,0.000000,0.000000,0.352650,-0.209378,0.173673,1.087324,0.166785,0.000000,0.000000
-1.179318,0.067443,1.025979,-0.035688,-0.068447,0.013010,0.996931,-0.004654,0.000615,0.119778,0.328889,-0.262522,-0.005796,-0.226739,-0.125977,-0.112990,1.516409,0.149819,-0.011068,-0.091458,0.002903,0.156210,0.376987,-0.135551,0.777479,1.496072,0.000000,0.000000,0.355573,-0.206467,0.186591,1.090480,0.160679,0.000000,0.000000
-1.175710,0.067949,1.026009,-0.035972,-0.068782,0.015686,0.996860,-0.002474,0.000358,0.114846,0.333915,-0.271156,-0.005028,-0.234084,-0.126642,-0.115023,1.516157,0.139689,-0.010645,-0.096001,0.002978,0.154088,0.379635,-0.130885,0.770062,1.494070,0.000000,0.000000,0.358622,-0.203539,0.199833,1.091758,0.153268,0.000000,0.000000
-1.171938,0.068283,1.026261,-0.036220,-0.069107,0.018461,0.996781,-0.000314,0.000470,0.110005,0.338145,-0.277183,-0.004189,-0.240334,-0.126538,-0.118407,1.513258,0.133906,-0.009834,-0.100768,0.003041,0.153441,0.381537,-0.126184,0.762228,1.490860,0.000000,0.000000,0.361297,-0.201081,0.210517,1.091574,0.146201,0.000000,0.000000
-1.168041,0.068687,1.026641,-0.036421,-0.069453,0.021202,0.996695,0.002062,0.000515,0.104136,0.342356,-0.281572,-0.003211,-0.246221,-0.126122,-0.122907,1.507771,0.132285,-0.008729,-0.105682,0.003113,0.153530,0.382679,-0.121542,0.753393,1.485917,0.000000,0.000000,0.364063,-0.198869,0.220978,1.090285,0.138814,0.000000,0.000000
-1.164104,0.069116,1.027081,-0.036568,-0.069576,0.023936,0.996619,0.004486,0.000467,0.098238,0.345996,-0.284841,-0.002257,-0.251917,-0.125390,-0.128341,1.499324,0.134480,-0.007338,-0.110668,0.003184,0.154019,0.383464,-0.117486,0.743700,1.479642,0.000000,0.000000,0.366789,-0.197766,0.231707,1.087835,0.130040,0.000000,0.000000
-1.160179,0.069415,1.027509,-0.036676,-0.069579,0.026757,0.996543,0.006875,0.000542,0.093520,0.349399,-0.287332,-0.001469,-0.257409,-0.124113,-0.134436,1.487807,0.138629,-0.005680,-0.116047,0.003280,0.155088,0.384101,-0.113471,0.733238,1.472673,0.000000,0.000000,0.369196,-0.197158,0.241059,1.084753,0.122575,0.000000,0.000000
-1.156210,0.069746,1.027955,-0.036665,-0.069514,0.029096,0.996482,0.009459,0.000365,0.087885,0.352670,-0.289368,-0.000598,-0.263038,-0.122578,-0.140771,1.472558,0.144140,-0.003927,-0.121224,0.003431,0.156557,0.384125,-0.109717,0.721873,1.465024,0.000000,0.000000,0.371768,-0.196375,0.249529,1.081670,0.117145,0.000000,0.000000
-1.152231,0.069930,1.028412,-0.036647,-0.069219,0.031527,0.996430,0.011873,0.000298,0.083001,0.355190,-0.290849,0.000183,-0.268328,-0.120618,-0.147028,1.454810,0.149542,-0.002095,-0.125856,0.003527,0.158067,0.383853,-0.106510,0.710565,1.458125,0.000000,0.000000,0.373877,-0.196261,0.255694,1.077428,0.113198,0.000000,0.000000
-1.148214,0.070050,1.028850,-0.036636,-0.068789,0.034049,0.996377,0.014161,0.000410,0.078839,0.357292,-0.291897,0.000892,-0.273306,-0.118368,-0.153285,1.434567,0.155155,-0.000200,-0.130215,0.003652,0.159611,0.383698,-0.104401,0.699291,1.451588,0.000000,0.000000,0.375088,-0.197061,0.262122,1.072811,0.109766,0.000000,0.000000
-1.144085,0.070082,1.029231,-0.036598,-0.068132,0.036315,0.996343,0.016304,0.000696,0.075765,0.359072,-0.293008,0.001466,-0.278016,-0.115800,-0.159431,1.411704,0.160655,0.001748,-0.134430,0.003770,0.161023,0.384285,-0.102335,0.687993,1.446347,0.000000,0.000000,0.375581,-0.200055,0.267873,1.066638,0.105897,0.000000,0.000000
-1.139855,0.070168,1.029503,-0.036666,-0.067395,0.038511,0.996308,0.018421,0.001166,0.073519,0.360996,-0.294338,0.001951,-0.282566,-0.112924,-0.165578,1.385142,0.166338,0.003749,-0.139181,0.003943,0.162840,0.384443,-0.101034,0.676136,1.441995,0.000000,0.000000,0.375919,-0.202995,0.272070,1.060674,0.105384,0.000000,0.000000
-1.135546,0.070163,1.029683,-0.036521,-0.066748,0.040236,0.996289,0.020337,0.001506,0.072346,0.363452,-0.295704,0.002224,-0.286218,-0.110356,-0.170727,1.358821,0.171838,0.005478,-0.142899,0.004112,0.164553,0.384851,-0.100382,0.665606,1.439868,0.000000,0.000000,0.376181,-0.205869,0.274262,1.055277,0.107897,0.000000,0.000000
-1.131154,0.070077,1.029782,-0.036372,-0.066078,0.042012,0.996266,0.022341,0.002034,0.071492,0.366598,-0.297535,0.002493,-0.289611,-0.107558,-0.175950,1.328332,0.179086,0.007273,-0.146333,0.004266,0.166346,0.385719,-0.099951,0.654307,1.438984,0.000000,0.000000,0.376044,-0.209451,0.275074,1.049762,0.111901,0.000000,0.000000
-1.126574,0.070082,1.029740,-0.036405,-0.065191,0.043923,0.996241,0.024157,0.002816,0.071303,0.369848,-0.299924,0.002717,-0.292315,-0.104835,-0.181183,1.296733,0.186993,0.009070,-0.149751,0.004449,0.168524,0.386456,-0.100816,0.643775,1.438248,0.000000,0.000000,0.375897,-0.213029,0.274372,1.044121,0.117589,0.000000,0.000000
-1.121894,0.070057,1.029546,-0.036284,-0.064357,0.045448,0.996231,0.025918,0.003290,0.070146,0.373572,-0.302635,0.003021,-0.294434,-0.102218,-0.186131,1.263507,0.195475,0.010774,-0.152429,0.004606,0.170327,0.387548,-0.102035,0.633308,1.438494,0.000000,0.000000,0.375624,-0.217296,0.272341,1.038270,0.124490,0.000000,0.000000
-1.117122,0.069928,1.029199,-0.036220,-0.063417,0.047331,0.996206,0.027532,0.004067,0.069916,0.377394,-0.306062,0.003253,-0.295924,-0.099675,-0.191346,1.228709,0.204748,0.012538,-0.155038,0.004757,0.171830,0.388902,-0.103804,0.623528,1.439350,0.000000,0.000000,0.375136,-0.221472,0.269670,1.033291,0.133069,0.000000,0.000000
-1.112249,0.069711,1.028685,-0.036214,-0.062484,0.048864,0.996191,0.029108,0.004948,0.069340,0.381527,-0.310172,0.003572,-0.296809,-0.096783,-0.196572,1.192189,0.214779,0.014378,-0.156946,0.004889,0.173176,0.390444,-0.106106,0.614420,1.440647,0.000000,0.000000,0.374270,-0.225974,0.265893,1.028406,0.141871,0.000000,0.000000
-1.107271,0.069374,1.027990,-0.036264,-0.061350,0.050414,0.996183,0.030668,0.006094,0.068966,0.385702,-0.315085,0.003927,-0.297161,-0.093273,-0.201848,1.151795,0.226099,0.016351,-0.158854,0.005021,0.174465,0.392003,-0.108919,0.605587,1.442079,0.000000,0.000000,0.373045,-0.230751,0.260666,1.023325,0.151194,0.000000,0.000000
-1.102267,0.068983,1.027115,-0.036257,-0.060144,0.051856,0.996182,0.032085,0.007127,0.068381,0.389274,-0.320505,0.004287,-0.297012,-0.089784,-0.206757,1.112633,0.237770,0.018250,-0.160078,0.005156,0.175080,0.393917,-0.112459,0.597505,1.444139,0.000000,0.000000,0.371565,-0.235253,0.256804,1.019568,0.159770,0.000000,0.000000
-1.097195,0.068619,1.026104,-0.036308,-0.058783,0.053170,0.996192,0.033627,0.008241,0.067346,0.392776,-0.326839,0.004746,-0.296310,-0.085850,-0.212371,1.068853,0.252077,0.020396,-0.160834,0.005260,0.174858,0.395850,-0.116174,0.590165,1.446710,0.000000,0.000000,0.369249,-0.240578,0.252664,1.015820,0.167281,0.000000,0.000000
-1.092095,0.068120,1.024940,-0.036345,-0.057342,0.054459,0.996205,0.035165,0.009343,0.066112,0.396270,-0.333877,0.005237,-0.294999,-0.081561,-0.217830,1.024055,0.266374,0.022576,-0.161351,0.005358,0.173978,0.397603,-0.119857,0.583853,1.449702,0.000000,0.000000,0.366844,-0.245693,0.247764,1.012425,0.174437,0.000000,0.000000
-1.086821,0.067651,1.023651,-0.036202,-0.055609,0.055234,0.996266,0.036668,0.009991,0.065257,0.399373,-0.344027,0.005543,-0.293311,-0.077189,-0.222964,0.977636,0.281270,0.024675,-0.161130,0.005427,0.173118,0.398863,-0.123529,0.578437,1.452096,0.000000,0.000000,0.364136,-0.250668,0.242644,1.009296,0.181310,0.000000,0.000000
-1.081539,0.067076,1.022218,-0.036141,-0.054165,0.056336,0.996286,0.038076,0.011055,0.065280,0.403636,-0.353763,0.005815,-0.290853,-0.072523,-0.228463,0.929796,0.296489,0.026917,-0.160394,0.005465,0.171370,0.400481,-0.128405,0.573796,1.454544,0.000000,0.000000,0.361094,-0.256159,0.238983,1.007540,0.186297,0.000000,0.000000
-1.076162,0.066438,1.020643,-0.036001,-0.052809,0.057137,0.996318,0.039328,0.012049,0.064673,0.408667,-0.362897,0.006166,-0.287609,-0.067586,-0.233901,0.880294,0.311940,0.029167,-0.158731,0.005501,0.169575,0.401510,-0.134472,0.570617,1.457635,0.000000,0.000000,0.358156,-0.261320,0.236438,1.005969,0.186874,0.000000,0.000000
-1.070505,0.065720,1.018932,-0.035733,-0.050859,0.057477,0.996410,0.040211,0.012985,0.064750,0.413520,-0.371730,0.006387,-0.283923,-0.062385,-0.239185,0.828083,0.327151,0.031406,-0.156722,0.005518,0.167629,0.402478,-0.139785,0.568044,1.460329,0.000000,0.000000,0.354689,-0.266852,0.232116,1.003684,0.186337,0.000000,0.000000
-1.064781,0.064881,1.017050,-0.035312,-0.048806,0.058069,0.996493,0.040830,0.013924,0.065196,0.418854,-0.380939,0.006548,-0.279614,-0.056748,-0.244619,0.772020,0.343076,0.033721,-0.154194,0.005543,0.164481,0.403488,-0.144497,0.565335,1.462153,0.000000,0.000000,0.350215,-0.272839,0.227335,1.003181,0.188230,0.000000,0.000000
-1.059097,0.064102,1.015013,-0.034888,-0.046753,0.058664,0.996572,0.041164,0.015003,0.067008,0.424489,-0.389655,0.006518,-0.274950,-0.051290,-0.250528,0.715926,0.358133,0.036085,-0.151669,0.005535,0.161242,0.403845,-0.149066,0.564656,1.464096,0.000000,0.000000,0.346495,-0.278592,0.222128,1.001617,0.187383,0.000000,0.000000
-1.053348,0.063116,1.012856,-0.034238,-0.044806,0.058964,0.996666,0.041415,0.015880,0.068849,0.430581,-0.399510,0.006428,-0.269823,-0.045674,-0.255123,0.659237,0.373642,0.038111,-0.148538,0.005531,0.157766,0.403383,-0.153952,0.564935,1.465677,0.000000,0.000000,0.343071,-0.283712,0.217581,1.000734,0.186149,0.000000,0.000000
-1.047520,0.061867,1.010576,-0.033552,-0.042851,0.059354,0.996752,0.041430,0.017127,0.071111,0.437938,-0.408820,0.006362,-0.264211,-0.039620,-0.258870,0.601243,0.387321,0.039995,-0.145168,0.005534,0.153941,0.402963,-0.158447,0.565430,1.466352,0.000000,0.000000,0.339274,-0.289041,0.212088,1.000523,0.187645,0.000000,0.000000
-1.041600,0.060642,1.008136,-0.032417,-0.041011,0.059068,0.996884,0.041369,0.017859,0.074314,0.446192,-0.418811,0.006003,-0.258118,-0.034085,-0.260818,0.542521,0.401467,0.041206,-0.140898,0.005460,0.150014,0.401667,-0.162707,0.567542,1.467206,0.000000,0.000000,0.335946,-0.294966,0.206885,0.999607,0.186791,0.000000,0.000000
-1.035566,0.059313,1.005487,-0.030463,-0.039384,0.057732,0.997090,0.041506,0.017545,0.079515,0.455833,-0.428813,0.005040,-0.251530,-0.029615,-0.259657,0.483420,0.415802,0.041294,-0.135176,0.005355,0.146732,0.398792,-0.166437,0.569958,1.467873,0.000000,0.000000,0.333175,-0.301782,0.201107,0.998918,0.185974,0.000000,0.000000
-1.029364,0.057811,1.002626,-0.028572,-0.037764,0.055672,0.997326,0.041739,0.017171,0.085955,0.466186,-0.439334,0.003859,-0.244756,-0.024646,-0.256787,0.424536,0.432131,0.041158,-0.128216,0.005192,0.143826,0.395369,-0.168959,0.573544,1.468629,0.000000,0.000000,0.330499,-0.309123,0.195216,0.997735,0.185398,0.000000,0.000000
-1.022961,0.056190,0.999791,-0.026770,-0.036055,0.053441,0.997561,0.041933,0.017308,0.092547,0.476919,-0.451809,0.002785,-0.237641,-0.019369,-0.253248,0.366032,0.450349,0.040989,-0.120531,0.005073,0.140976,0.391656,-0.169999,0.576995,1.470036,0.000000,0.000000,0.327842,-0.315786,0.187926,0.997153,0.187513,0.000000,0.000000
-1.016589,0.054900,0.996634,-0.025124,-0.034380,0.051371,0.997771,0.041862,0.017538,0.101231,0.489774,-0.462171,0.001374,-0.230324,-0.014245,-0.249743,0.308490,0.469875,0.040819,-0.112658,0.004959,0.138718,0.388338,-0.172356,0.580384,1.473116,0.000000,0.000000,0.325893,-0.322297,0.181868,0.996030,0.188910,0.000000,0.000000
-1.010125,0.053554,0.993486,-0.023190,-0.032709,0.048709,0.998008,0.041497,0.017763,0.110440,0.503432,-0.472986,-0.000135,-0.222724,-0.009549,-0.246611,0.252434,0.490081,0.040650,-0.104292,0.004788,0.136798,0.384099,-0.173258,0.584523,1.476399,0.000000,0.000000,0.324062,-0.328200,0.174311,0.995134,0.191108,0.000000,0.000000
-1.003572,0.052274,0.990194,-0.021307,-0.030979,0.046004,0.998233,0.040895,0.018141,0.120045,0.518009,-0.485001,-0.001681,-0.214996,-0.005038,-0.243591,0.198246,0.510184,0.040510,-0.095680,0.004634,0.135581,0.379964,-0.173842,0.588741,1.479534,0.000000,0.000000,0.322328,-0.333946,0.166653,0.994077,0.193703,0.000000,0.000000
-0.997030,0.051250,0.986734,-0.019178,-0.029325,0.043067,0.998458,0.040360,0.018126,0.130283,0.533761,-0.497033,-0.003456,-0.207257,-0.001412,-0.241470,0.146916,0.529897,0.040366,-0.086451,0.004382,0.134257,0.375164,-0.174394,0.593465,1.483276,0.000000,0.000000,0.320875,-0.339922,0.159861,0.992710,0.193285,0.000000,0.000000
-0.990433,0.050535,0.983113,-0.016746,-0.027557,0.039945,0.998681,0.040138,0.017228,0.140306,0.549340,-0.508876,-0.005445,-0.200031,0.001092,-0.240430,0.101041,0.548005,0.040240,-0.077453,0.004168,0.133499,0.370000,-0.174731,0.598237,1.486745,0.000000,0.000000,0.319665,-0.345735,0.153140,0.991587,0.193061,0.000000,0.000000
-0.983798,0.050851,0.979274,-0.014177,-0.025417,0.036432,0.998912,0.040104,0.014036,0.150411,0.564362,-0.526540,-0.008032,-0.193357,0.002331,-0.240731,0.058171,0.565281,0.040078,-0.067304,0.003926,0.132182,0.364422,-0.175161,0.602900,1.489685,0.000000,0.000000,0.318706,-0.352157,0.147488,0.989612,0.192920,0.000000,0.000000
-0.976838,0.050675,0.975586,-0.011449,-0.023719,0.033185,0.999102,0.040202,0.011797,0.160992,0.580369,-0.544350,-0.010445,-0.186498,0.003099,-0.241605,0.019865,0.580699,0.039955,-0.057225,0.003700,0.131213,0.357641,-0.175921,0.608761,1.493557,0.000000,0.000000,0.317977,-0.357892,0.142245,0.988310,0.191696,0.000000,0.000000
-0.969566,0.050626,0.971719,-0.008328,-0.022269,0.029337,0.999287,0.040241,0.009496,0.172325,0.597841,-0.558673,-0.013054,-0.179689,0.003162,-0.243328,-0.013488,0.594753,0.039876,-0.046428,0.003409,0.131016,0.349340,-0.175974,0.615269,1.499254,0.000000,0.000000,0.318054,-0.364065,0.136734,0.986498,0.189284,0.000000,0.000000
-0.962167,0.050729,0.967673,-0.005316,-0.021123,0.025740,0.999431,0.040265,0.007624,0.179801,0.610864,-0.568340,-0.014896,-0.175148,0.002849,-0.244864,-0.017450,0.602845,0.039918,-0.038795,0.003169,0.131203,0.343221,-0.175748,0.620205,1.503367,0.000000,0.000000,0.318237,-0.368710,0.133047,0.985160,0.187525,0.000000,0.000000
-0.954812,0.050502,0.963388,-0.002084,-0.020804,0.022140,0.999536,0.040773,0.005895,0.192078,0.631645,-0.575075,-0.017685,-0.169105,0.001953,-0.247472,-0.017450,0.612438,0.040093,-0.028341,0.002865,0.132394,0.333678,-0.174882,0.628514,1.509807,0.000000,0.000000,0.319684,-0.375075,0.128454,0.983001,0.184283,0.000000,0.000000
-0.947284,0.050421,0.958988,0.000932,-0.020088,0.018722,0.999622,0.041795,0.003973,0.203144,0.650543,-0.583921,-0.020354,-0.163991,0.001097,-0.249892,-0.017450,0.616186,0.040261,-0.018665,0.002632,0.133714,0.324124,-0.173094,0.637040,1.516077,0.000000,0.000000,0.320640,-0.381318,0.124452,0.981032,0.181007,0.000000,0.000000
-0.939775,0.050353,0.954419,0.003927,-0.019370,0.015057,0.999691,0.043396,0.001711,0.213305,0.668558,-0.594288,-0.022985,-0.159706,0.000324,-0.252027,-0.017450,0.617203,0.040415,-0.009348,0.002427,0.135221,0.314273,-0.170540,0.645562,1.522029,0.000000,0.000000,0.321599,-0.387650,0.122348,0.978459,0.177979,0.000000,0.000000
-0.932206,0.050195,0.949762,0.006670,-0.018585,0.011124,0.999743,0.045409,-0.000614,0.223594,0.687230,-0.605786,-0.025700,-0.155763,-0.000119,-0.253694,-0.017450,0.617286,0.040586,0.000015,0.002214,0.137246,0.303337,-0.166047,0.655010,1.528760,0.000000,0.000000,0.322034,-0.393972,0.120347,0.976263,0.174786,0.000000,0.000000
-0.924547,0.050064,0.945162,0.008782,-0.017813,0.008064,0.999770,0.047333,-0.001966,0.231638,0.703996,-0.615572,-0.027746,-0.152351,-0.000269,-0.254830,-0.017450,0.617083,0.040778,0.007121,0.002117,0.139249,0.293850,-0.160622,0.664341,1.534993,0.000000,0.000000,0.322138,-0.398644,0.119906,0.974068,0.171527,0.000000,0.000000
-0.916671,0.049804,0.940585,0.010715,-0.016879,0.004896,0.999788,0.049521,-0.002662,0.240101,0.721760,-0.623379,-0.029754,-0.148672,-0.000334,-0.255923,-0.017450,0.616848,0.041015,0.013360,0.001979,0.142087,0.283706,-0.152826,0.675546,1.541552,0.000000,0.000000,0.320500,-0.403380,0.120788,0.972673,0.167013,0.000000,0.000000
-0.908631,0.049803,0.936066,0.012171,-0.015957,0.002043,0.999797,0.051794,-0.003003,0.246849,0.738134,-0.626242,-0.031415,-0.145001,-0.000511,-0.257173,-0.017450,0.616689,0.041281,0.018183,0.001896,0.145235,0.274649,-0.143252,0.686898,1.547561,0.000000,0.000000,0.318062,-0.407874,0.123227,0.971361,0.161748,0.000000,0.000000
-0.900864,0.049343,0.931401,0.012376,-0.014808,0.000175,0.999814,0.053211,-0.001526,0.251574,0.755211,-0.627153,-0.032206,-0.141092,0.001196,-0.255995,-0.017450,0.616434,0.041598,0.020652,0.001887,0.148404,0.266480,-0.132811,0.697454,1.553102,0.000000,0.000000,0.314267,-0.410212,0.126604,0.971011,0.156359,0.000000,0.000000
-0.893440,0.048418,0.926940,0.010446,-0.013194,0.001922,0.999857,0.052577,0.004868,0.253099,0.777003,-0.627111,-0.031031,-0.135992,0.006061,-0.251266,-0.017450,0.576679,0.041470,0.017854,0.002080,0.150705,0.262255,-0.117987,0.709406,1.559345,0.000000,0.000000,0.307546,-0.410247,0.130787,0.971129,0.149310,0.000000,0.000000
-0.885243,0.048317,0.922521,0.010100,-0.012272,0.001898,0.999872,0.052207,0.009184,0.253438,0.800717,-0.626698,-0.030316,-0.131100,0.008344,-0.250204,-0.017450,0.513184,0.040634,0.014748,0.002107,0.155233,0.257152,-0.104184,0.724119,1.561364,0.000000,0.000000,0.300911,-0.411051,0.136056,0.972078,0.142192,0.000000,0.000000
-0.877169,0.047664,0.918168,0.009089,-0.011448,0.001827,0.999892,0.051853,0.014231,0.253852,0.824378,-0.626120,-0.029335,-0.127628,0.011547,-0.247531,-0.013148,0.452842,0.039704,0.011409,0.002151,0.159963,0.252896,-0.090119,0.736481,1.564419,0.000000,0.000000,0.294721,-0.411124,0.141117,0.973472,0.135736,0.000000,0.000000
-0.869358,0.047052,0.913948,0.007709,-0.010345,0.002076,0.999915,0.050014,0.020463,0.253990,0.853387,-0.625151,-0.027941,-0.124525,0.015096,-0.244266,-0.006999,0.395732,0.038734,0.008369,0.002165,0.163917,0.249616,-0.076158,0.748964,1.566662,0.000000,0.000000,0.287179,-0.410484,0.146186,0.975634,0.130801,0.000000,0.000000
-0.862266,0.046629,0.903472,0.006209,-0.009443,0.002210,0.999934,0.046022,0.026846,0.253267,0.885242,-0.623847,-0.026314,-0.121927,0.018221,-0.241384,0.000537,0.343971,0.037791,0.005632,0.002119,0.167506,0.245893,-0.062100,0.762820,1.569347,0.000000,0.000000,0.278799,-0.409204,0.151605,0.978977,0.125846,0.000000,0.000000
-0.855460,0.045819,0.894537,0.003857,-0.008502,0.003360,0.999951,0.039866,0.034895,0.249502,0.919626,-0.622174,-0.023553,-0.119746,0.022247,-0.236980,0.008873,0.300554,0.037033,0.001828,0.002171,0.170056,0.242949,-0.048734,0.778504,1.570759,0.000000,0.000000,0.269411,-0.406614,0.158138,0.983815,0.122858,0.000000,0.000000
-0.849402,0.045690,0.886505,0.002766,-0.008382,0.001977,0.999959,0.031820,0.041257,0.249177,0.963041,-0.616947,-0.022122,-0.118167,0.023494,-0.228148,0.020685,0.257352,0.034638,-0.000471,0.002066,0.173365,0.237715,-0.033036,0.797795,1.570800,0.000000,0.000000,0.258749,-0.405307,0.166707,0.990540,0.120206,0.000000,0.000000
-0.843564,0.045373,0.880381,0.002590,-0.008789,-0.001227,0.999957,0.023715,0.045999,0.252063,1.006885,-0.594488,-0.021913,-0.117366,0.021892,-0.213211,0.035129,0.217433,0.030526,-0.000254,0.001898,0.177285,0.230258,-0.015755,0.818756,1.570800,0.000000,0.000000,0.247378,-0.405370,0.175785,0.999236,0.117394,0.000000,0.000000
-0.837657,0.045166,0.875755,0.002515,-0.009679,-0.005563,0.999935,0.015939,0.049620,0.256075,1.049863,-0.562575,-0.022276,-0.117382,0.019706,-0.195697,0.052402,0.178395,0.026034,0.001685,0.001717,0.182108,0.221901,0.002430,0.841266,1.570800,0.000000,0.000000,0.235210,-0.405494,0.185591,1.010367,0.114073,0.000000,0.000000
-0.831661,0.044811,0.872418,0.002622,-0.011077,-0.011423,0.999870,0.008764,0.053887,0.263638,1.091277,-0.525405,-0.023100,-0.118212,0.018074,-0.182941,0.073482,0.143285,0.022842,0.005409,0.001499,0.187699,0.213708,0.021368,0.862995,1.570708,0.000000,0.000000,0.222376,-0.405359,0.195339,1.023527,0.109310,0.000000,0.000000
-0.826045,0.044841,0.870187,0.002422,-0.012929,-0.017018,0.999769,0.001156,0.058125,0.271127,1.131251,-0.474826,-0.023845,-0.119596,0.016527,-0.174118,0.098424,0.112885,0.020615,0.009852,0.001271,0.193202,0.203700,0.039857,0.887948,1.570533,0.000000,0.000000,0.208997,-0.404135,0.205859,1.038071,0.103976,0.000000,0.000000
-0.820699,0.044442,0.868735,0.001911,-0.014911,-0.022396,0.999636,-0.006883,0.063026,0.275752,1.168295,-0.418759,-0.023635,-0.121183,0.015846,-0.164869,0.124098,0.089811,0.018741,0.014402,0.001063,0.198152,0.194810,0.056127,0.913091,1.570354,0.000000,0.000000,0.195902,-0.401572,0.215462,1.054130,0.101337,0.000000,0.000000
-0.815851,0.043787,0.867664,0.000965,-0.017138,-0.027630,0.999471,-0.015417,0.068153,0.277693,1.202063,-0.359159,-0.022668,-0.122799,0.016140,-0.153126,0.150223,0.071698,0.016799,0.018666,0.000889,0.201933,0.186842,0.071603,0.940137,1.569029,0.000000,0.000000,0.182315,-0.398198,0.225669,1.069616,0.101341,0.000000,0.000000
-0.811277,0.042657,0.866796,-0.000232,-0.019455,-0.033122,0.999262,-0.024126,0.073840,0.277984,1.232756,-0.299293,-0.021105,-0.124280,0.017622,-0.139250,0.175529,0.056406,0.014832,0.022720,0.000681,0.205241,0.179811,0.087048,0.968703,1.564681,0.000000,0.000000,0.168016,-0.393473,0.238038,1.085874,0.101602,0.000000,0.000000
-0.806757,0.040878,0.866100,-0.001675,-0.021936,-0.038303,0.999024,-0.032454,0.080529,0.275742,1.260392,-0.244324,-0.018692,-0.125074,0.020710,-0.125301,0.199253,0.042930,0.013268,0.025603,0.000497,0.208164,0.174909,0.100108,0.998027,1.557768,0.000000,0.000000,0.152756,-0.387513,0.250039,1.102668,0.105548,0.000000,0.000000
-0.802144,0.038825,0.865604,-0.003069,-0.024457,-0.043538,0.998748,-0.040583,0.087187,0.271047,1.286017,-0.192022,-0.015848,-0.124995,0.024644,-0.112024,0.221772,0.029790,0.012026,0.028683,0.000335,0.212091,0.171412,0.109283,1.026786,1.546356,0.000000,0.000000,0.137416,-0.380901,0.263476,1.119680,0.110157,0.000000,0.000000
-0.797444,0.036887,0.865304,-0.004369,-0.027103,-0.048525,0.998445,-0.048144,0.093200,0.265482,1.309480,-0.137353,-0.013096,-0.123989,0.028505,-0.099992,0.242608,0.016553,0.010956,0.032226,0.000135,0.216161,0.168289,0.113876,1.055064,1.531635,0.000000,0.000000,0.122739,-0.373961,0.275744,1.135597,0.115334,0.000000,0.000000
-0.791580,0.034944,0.865502,-0.005129,-0.029669,-0.053088,0.998136,-0.053351,0.098809,0.261214,1.326955,-0.104147,-0.010807,-0.121016,0.031337,-0.091112,0.259173,0.004613,0.010165,0.036523,-0.000108,0.221758,0.164980,0.113426,1.077881,1.517019,0.000000,0.000000,0.111786,-0.368691,0.283794,1.146618,0.119731,0.000000,0.000000
-0.785805,0.032069,0.865982,-0.005782,-0.032286,-0.057476,0.997808,-0.057995,0.106822,0.258006,1.339667,-0.094256,-0.008231,-0.117060,0.034897,-0.083344,0.272585,-0.007926,0.009742,0.041727,-0.000320,0.226420,0.162147,0.108610,1.098588,1.503368,0.000000,0.000000,0.102641,-0.363873,0.290719,1.155555,0.124934,0.000000,0.000000
-0.780688,0.029353,0.866248,-0.006683,-0.034917,-0.062019,0.997442,-0.064006,0.117324,0.257406,1.353834,-0.095984,-0.005709,-0.112234,0.039601,-0.075584,0.286346,-0.024444,0.009590,0.049612,-0.000596,0.229394,0.159329,0.097386,1.122175,1.487380,0.000000,0.000000,0.092165,-0.357933,0.297273,1.164860,0.134009,0.000000,0.000000
-0.775245,0.027315,0.866818,-0.006944,-0.037127,-0.066203,0.997091,-0.070119,0.125294,0.255070,1.362331,-0.110949,-0.003565,-0.107279,0.042734,-0.068662,0.297137,-0.039718,0.009138,0.058261,-0.000941,0.232181,0.156265,0.082511,1.140322,1.475720,0.000000,0.000000,0.084146,-0.353654,0.300622,1.169869,0.142366,0.000000,0.000000
-0.769802,0.026162,0.867609,-0.006832,-0.039102,-0.070422,0.996727,-0.076784,0.130354,0.250902,1.366628,-0.126676,-0.001870,-0.101889,0.044198,-0.061411,0.305949,-0.054123,0.008175,0.068078,-0.001243,0.235186,0.151818,0.063875,1.154373,1.468326,0.000000,0.000000,0.078301,-0.350342,0.302551,1.170405,0.151510,0.000000,0.000000
-0.764626,0.025947,0.868605,-0.006531,-0.040772,-0.074453,0.996369,-0.084163,0.132365,0.246904,1.366095,-0.138665,-0.001038,-0.096547,0.044105,-0.053577,0.312372,-0.067153,0.006696,0.078124,-0.001591,0.238676,0.145934,0.041338,1.163485,1.466324,0.000000,0.000000,0.073707,-0.348148,0.304423,1.166616,0.159647,0.000000,0.000000
-0.759567,0.026479,0.869796,-0.006160,-0.042144,-0.078484,0.996005,-0.092347,0.131949,0.243587,1.360686,-0.142125,-0.001022,-0.091300,0.042580,-0.044643,0.317654,-0.077559,0.004663,0.088684,-0.001901,0.242842,0.138121,0.014398,1.167718,1.469497,0.000000,0.000000,0.070968,-0.346376,0.308761,1.159095,0.168189,0.000000,0.000000
-0.754564,0.027380,0.871050,-0.005634,-0.043317,-0.082644,0.995621,-0.100634,0.129848,0.241244,1.350803,-0.140164,-0.001633,-0.086585,0.040050,-0.036183,0.322008,-0.084923,0.002483,0.098395,-0.002180,0.248046,0.130071,-0.013370,1.167502,1.478734,0.000000,0.000000,0.069246,-0.345919,0.312500,1.148450,0.178211,0.000000,0.000000
-0.749681,0.028367,0.872240,-0.005038,-0.044310,-0.086616,0.995243,-0.109424,0.126882,0.239783,1.336429,-0.138056,-0.002667,-0.082117,0.036978,-0.028688,0.325767,-0.090769,0.000361,0.107902,-0.002397,0.254047,0.122801,-0.045482,1.163499,1.495478,0.000000,0.000000,0.067950,-0.347397,0.317801,1.134730,0.187412,0.000000,0.000000
-0.744821,0.029122,0.873388,-0.004643,-0.045114,-0.090032,0.994906,-0.118386,0.124594,0.239135,1.318227,-0.139041,-0.003655,-0.077846,0.034310,-0.022250,0.329001,-0.095633,-0.001452,0.116427,-0.002558,0.260645,0.115780,-0.078226,1.156270,1.516397,0.000000,0.000000,0.067846,-0.348639,0.325400,1.118083,0.193098,0.000000,0.000000
-0.739873,0.029792,0.874483,-0.004481,-0.045570,-0.093194,0.994595,-0.127537,0.122806,0.237778,1.296393,-0.143047,-0.004326,-0.073718,0.032237,-0.016438,0.331264,-0.100023,-0.002999,0.123619,-0.002669,0.267394,0.110799,-0.110462,1.148351,1.543949,0.000000,0.000000,0.068385,-0.349209,0.334749,1.099362,0.196556,0.000000,0.000000
-0.734975,0.030182,0.875469,-0.004265,-0.045871,-0.096378,0.994278,-0.136040,0.122105,0.238246,1.273233,-0.146967,-0.005040,-0.069895,0.030583,-0.011679,0.332563,-0.104247,-0.004255,0.129237,-0.002818,0.273288,0.108358,-0.140453,1.140089,1.563710,0.000000,0.000000,0.068784,-0.350618,0.344401,1.079506,0.199438,0.000000,0.000000
-0.730004,0.030540,0.876432,-0.004075,-0.045929,-0.099376,0.993981,-0.144491,0.121653,0.238762,1.246709,-0.151059,-0.005660,-0.066012,0.028955,-0.007416,0.333239,-0.108087,-0.005423,0.133816,-0.002900,0.277724,0.110218,-0.169838,1.130609,1.567735,0.000000,0.000000,0.068903,-0.352856,0.353933,1.057746,0.201588,0.000000,0.000000
-0.724883,0.030725,0.877316,-0.003827,-0.045568,-0.102172,0.993715,-0.152820,0.121632,0.239487,1.217558,-0.155034,-0.006164,-0.062135,0.027387,-0.003755,0.332706,-0.111872,-0.006468,0.138568,-0.003079,0.281749,0.114625,-0.195465,1.118669,1.568549,0.000000,0.000000,0.069600,-0.355569,0.362965,1.034481,0.203981,0.000000,0.000000
-0.719735,0.030958,0.878148,-0.003624,-0.045154,-0.104713,0.993470,-0.160837,0.121840,0.240473,1.185831,-0.157878,-0.006611,-0.058195,0.025728,-0.001060,0.331693,-0.115200,-0.007366,0.143507,-0.003273,0.284551,0.120032,-0.213787,1.107097,1.568732,0.000000,0.000000,0.070651,-0.358679,0.370253,1.010095,0.205839,0.000000,0.000000
-0.714483,0.031046,0.878882,-0.003355,-0.044581,-0.107081,0.993245,-0.168398,0.122592,0.242161,1.151618,-0.159975,-0.006995,-0.054175,0.024052,0.000473,0.330129,-0.118536,-0.008061,0.148960,-0.003514,0.285885,0.125971,-0.223035,1.095665,1.568798,0.000000,0.000000,0.072050,-0.362287,0.376072,0.984896,0.206079,0.000000,0.000000
-0.709051,0.031213,0.879476,-0.003113,-0.043888,-0.109493,0.993013,-0.175376,0.123539,0.244422,1.115246,-0.161982,-0.007378,-0.050100,0.022341,0.001619,0.328252,-0.121994,-0.008697,0.154828,-0.003751,0.285909,0.131377,-0.223321,1.085148,1.568851,0.000000,0.000000,0.074311,-0.366114,0.381258,0.959293,0.206447,0.000000,0.000000
-0.703465,0.031492,0.879903,-0.002862,-0.043105,-0.111465,0.992829,-0.181879,0.124450,0.247479,1.076441,-0.162410,-0.007881,-0.045949,0.020524,0.002727,0.326189,-0.125803,-0.009356,0.160559,-0.004073,0.285059,0.136676,-0.215374,1.074250,1.568913,0.000000,0.000000,0.076370,-0.370470,0.385536,0.933148,0.205815,0.000000,0.000000
-0.697811,0.032118,0.880122,-0.002150,-0.042263,-0.114549,0.992516,-0.187674,0.124014,0.252505,1.034093,-0.161896,-0.009136,-0.041922,0.017395,0.003155,0.323973,-0.129662,-0.010243,0.167974,-0.004487,0.283022,0.139032,-0.199274,1.063999,1.568948,0.000000,0.000000,0.078936,-0.375257,0.390392,0.907659,0.205294,0.000000,0.000000
-0.692109,0.032652,0.880370,-0.001702,-0.041309,-0.117093,0.992260,-0.192550,0.123908,0.257857,0.989732,-0.160281,-0.010226,-0.037960,0.014632,0.004259,0.321718,-0.133767,-0.011148,0.174122,-0.004800,0.280873,0.141207,-0.177370,1.053142,1.568988,0.000000,0.000000,0.079433,-0.381034,0.393213,0.880721,0.202112,0.000000,0.000000
-0.686263,0.033189,0.880610,-0.001575,-0.040109,-0.118963,0.992087,-0.196852,0.124326,0.262865,0.942696,-0.158675,-0.010944,-0.033870,0.012451,0.005556,0.318958,-0.137935,-0.011929,0.178890,-0.005052,0.278081,0.142831,-0.151854,1.042881,1.569031,0.000000,0.000000,0.080899,-0.384905,0.396303,0.856803,0.199006,0.000000,0.000000
-0.680297,0.034049,0.880644,-0.001271,-0.038791,-0.121326,0.991854,-0.200415,0.123975,0.269010,0.893378,-0.157431,-0.012019,-0.029880,0.009631,0.006736,0.315753,-0.141695,-0.012861,0.183489,-0.005350,0.274632,0.142928,-0.124429,1.033286,1.569067,0.000000,0.000000,0.082017,-0.387861,0.399838,0.834386,0.197276,0.000000,0.000000
-0.674268,0.034982,0.880463,-0.000888,-0.037373,-0.123665,0.991620,-0.203372,0.123018,0.275928,0.840235,-0.157202,-0.013219,-0.025924,0.006484,0.007892,0.312385,-0.145550,-0.013870,0.187069,-0.005610,0.271096,0.145277,-0.100413,1.022085,1.552644,0.000000,0.000000,0.081512,-0.391477,0.405035,0.812595,0.193922,0.000000,0.000000
-0.668155,0.036009,0.880093,-0.000525,-0.035754,-0.126014,0.991384,-0.205667,0.121752,0.283123,0.787149,-0.155703,-0.014448,-0.022330,0.003242,0.008243,0.309014,-0.149291,-0.014762,0.189969,-0.005866,0.267455,0.149169,-0.080544,1.011309,1.531222,0.000000,0.000000,0.079701,-0.394604,0.409617,0.793019,0.190594,0.000000,0.000000
-0.662038,0.037074,0.879581,-0.000244,-0.033961,-0.128123,0.991177,-0.207353,0.120295,0.290388,0.731006,-0.152458,-0.015532,-0.018892,0.000002,0.008358,0.305594,-0.152945,-0.015609,0.192421,-0.006061,0.263347,0.153352,-0.063258,1.000352,1.509533,0.000000,0.000000,0.077146,-0.397079,0.413403,0.774637,0.188727,0.000000,0.000000
-0.655953,0.038307,0.878929,0.000000,-0.031954,-0.130152,0.990979,-0.208593,0.118380,0.297460,0.672181,-0.146828,-0.016530,-0.015758,-0.003400,0.008171,0.301832,-0.156625,-0.016444,0.194842,-0.006306,0.258470,0.157302,-0.048594,0.989769,1.491098,0.000000,0.000000,0.074294,-0.398838,0.417457,0.758035,0.187614,0.000000,0.000000
-0.649897,0.039723,0.878189,0.000191,-0.029787,-0.131718,0.990840,-0.209437,0.115830,0.303416,0.610467,-0.141358,-0.017246,-0.012890,-0.006951,0.007000,0.298130,-0.160623,-0.017142,0.196748,-0.006479,0.253355,0.161183,-0.037879,0.979483,1.475526,0.000000,0.000000,0.071618,-0.399200,0.422796,0.743863,0.188753,0.000000,0.000000
-0.643806,0.041323,0.877338,0.000377,-0.027536,-0.133078,0.990723,-0.209722,0.112674,0.308800,0.546827,-0.135006,-0.017802,-0.010278,-0.010796,0.005688,0.294810,-0.164584,-0.017893,0.197807,-0.006651,0.248152,0.165143,-0.029908,0.969561,1.466130,0.000000,0.000000,0.067539,-0.399722,0.427540,0.731005,0.188699,0.000000,0.000000
-0.637642,0.043173,0.876339,0.000568,-0.025278,-0.134058,0.990651,-0.209500,0.108715,0.311935,0.481385,-0.126413,-0.017952,-0.007831,-0.014985,0.003917,0.292121,-0.167848,-0.018656,0.198127,-0.006759,0.242696,0.169166,-0.023407,0.960539,1.460767,0.000000,0.000000,0.062568,-0.399812,0.431425,0.720220,0.187936,0.000000,0.000000
-0.631418,0.045232,0.875208,0.000733,-0.022910,-0.134757,0.990614,-0.208908,0.104251,0.313896,0.416178,-0.116248,-0.017964,-0.005644,-0.019374,0.001125,0.289564,-0.172100,-0.019296,0.197668,-0.006850,0.237307,0.173042,-0.019888,0.952971,1.458857,0.000000,0.000000,0.057499,-0.399433,0.435136,0.711594,0.186622,0.000000,0.000000
-0.625213,0.047580,0.874041,0.001267,-0.020675,-0.135771,0.990524,-0.207552,0.098428,0.314444,0.348922,-0.104437,-0.017903,-0.003732,-0.024908,-0.002723,0.287874,-0.176295,-0.020052,0.197693,-0.006972,0.231455,0.176867,-0.017804,0.945337,1.460845,0.000000,0.000000,0.052166,-0.398682,0.437648,0.705740,0.184921,0.000000,0.000000
-0.619185,0.049900,0.873069,0.001278,-0.018523,-0.135971,0.990539,-0.205530,0.093084,0.312824,0.280849,-0.091203,-0.017230,-0.001966,-0.029683,-0.006397,0.287182,-0.180971,-0.020636,0.196624,-0.006994,0.225720,0.180775,-0.018350,0.938334,1.464667,0.000000,0.000000,0.046932,-0.397080,0.440786,0.701176,0.183497,0.000000,0.000000
-0.613405,0.052183,0.872609,0.001589,-0.017558,-0.136002,0.990552,-0.201827,0.088390,0.307532,0.213934,-0.079646,-0.015757,0.000273,-0.035253,-0.009494,0.288488,-0.187711,-0.021526,0.195675,-0.007027,0.218442,0.191054,-0.021252,0.933929,1.462529,0.000000,0.000000,0.041325,-0.394170,0.444330,0.702278,0.174017,0.000000,0.000000
-0.607135,0.054297,0.871758,0.001407,-0.015914,-0.135715,0.990619,-0.198079,0.084468,0.302696,0.149733,-0.065106,-0.014308,0.002645,-0.039569,-0.012430,0.289907,-0.194334,-0.022114,0.194028,-0.007068,0.210454,0.198390,-0.024939,0.930157,1.464844,0.000000,0.000000,0.035680,-0.389445,0.448064,0.704088,0.169434,0.000000,0.000000
-0.600569,0.056249,0.870585,0.001106,-0.014012,-0.135295,0.990706,-0.194538,0.081522,0.297635,0.090871,-0.049133,-0.012856,0.005023,-0.043023,-0.015163,0.291033,-0.200380,-0.022516,0.191733,-0.007098,0.202560,0.202771,-0.027594,0.926701,1.471252,0.000000,0.000000,0.030366,-0.384949,0.450730,0.705783,0.166326,0.000000,0.000000
-0.593811,0.057929,0.869239,0.000815,-0.012032,-0.134806,0.990799,-0.190899,0.079508,0.292673,0.036517,-0.032356,-0.011438,0.007462,-0.046014,-0.017779,0.292014,-0.206149,-0.022825,0.188746,-0.007107,0.194804,0.206018,-0.029094,0.923405,1.479249,0.000000,0.000000,0.024892,-0.380423,0.452829,0.708100,0.163147,0.000000,0.000000
-0.586839,0.059482,0.867832,0.000515,-0.010166,-0.134116,0.990913,-0.186994,0.078156,0.286641,-0.014605,-0.017187,-0.009822,0.010197,-0.048795,-0.019690,0.293264,-0.211984,-0.023201,0.185048,-0.007033,0.187161,0.209625,-0.031283,0.919434,1.487215,0.000000,0.000000,0.019255,-0.376179,0.455108,0.711131,0.160227,0.000000,0.000000
-0.579704,0.060788,0.866249,0.000284,-0.008424,-0.133169,0.991058,-0.186055,0.078017,0.285125,-0.017450,-0.014672,-0.009494,0.010954,-0.049442,-0.020276,0.293695,-0.213538,-0.023271,0.184009,-0.006986,0.185227,0.210400,-0.031794,0.918466,1.488519,0.000000,0.000000,0.017872,-0.375041,0.455498,0.712277,0.159462,0.000000,0.000000
-0.572293,0.062004,0.864603,0.000240,-0.007059,-0.132337,0.991180,-0.185349,0.077911,0.283933,-0.017450,-0.012831,-0.009292,0.011631,-0.049995,-0.020671,0.294142,-0.214809,-0.023353,0.183169,-0.006941,0.183675,0.211060,-0.032214,0.917631,1.489187,0.000000,0.000000,0.016793,-0.374147,0.455783,0.713361,0.158880,0.000000,0.000000
-0.564699,0.063134,0.863029,0.000128,-0.005816,-0.131296,0.991326,-0.182905,0.077288,0.280562,-0.017450,-0.007294,-0.008831,0.014314,-0.052045,-0.022128,0.296106,-0.219794,-0.023656,0.179959,-0.006816,0.178031,0.213622,-0.033689,0.914410,1.490589,0.000000,0.000000,0.012893,-0.370819,0.456548,0.717833,0.157003,0.000000,0.000000
-0.556962,0.064299,0.861419,-0.000057,-0.004797,-0.130272,0.991467,-0.180448,0.076172,0.278646,-0.017450,-0.003295,-0.008726,0.017369,-0.054250,-0.023712,0.298651,-0.225398,-0.023978,0.176486,-0.006682,0.172290,0.216420,-0.035493,0.910742,1.490845,0.000000,0.000000,0.008988,-0.367188,0.457192,0.723132,0.155063,0.000000,0.000000
-0.549160,0.065412,0.859510,-0.000209,-0.003889,-0.129179,0.991614,-0.177343,0.074147,0.277519,-0.017450,-0.000737,-0.008929,0.021615,-0.057158,-0.025491,0.302698,-0.233121,-0.024450,0.171927,-0.006507,0.164647,0.220175,-0.037936,0.905628,1.490109,0.000000,0.000000,0.004040,-0.362221,0.457357,0.731094,0.152619,0.000000,0.000000
-0.541351,0.066761,0.858010,-0.000331,-0.002970,-0.128466,0.991709,-0.173373,0.070857,0.276173,-0.017450,-0.001251,-0.009356,0.027200,-0.061203,-0.027340,0.309072,-0.242870,-0.025206,0.166526,-0.006362,0.154722,0.224908,-0.041551,0.899320,1.487644,0.000000,0.000000,-0.001937,-0.355611,0.456944,0.742678,0.149844,0.000000,0.000000
-0.533561,0.068214,0.856958,-0.000472,-0.002219,-0.127459,0.991841,-0.169415,0.066950,0.273544,-0.017450,-0.005870,-0.009716,0.032945,-0.065527,-0.028087,0.317042,-0.252903,-0.026214,0.161414,-0.006232,0.144551,0.229914,-0.045999,0.892669,1.483807,0.000000,0.000000,-0.007442,-0.348902,0.454787,0.755895,0.147095,0.000000,0.000000
-0.525777,0.069814,0.857340,-0.000551,-0.001612,-0.126720,0.991937,-0.166256,0.063714,0.268402,-0.017450,-0.010927,-0.009653,0.037416,-0.069290,-0.027476,0.324707,-0.260793,-0.027317,0.157937,-0.006198,0.136434,0.234040,-0.051030,0.887440,1.480696,0.000000,0.000000,-0.011061,-0.343646,0.451943,0.767591,0.145187,0.000000,0.000000
-0.517963,0.071484,0.858039,-0.000720,-0.001115,-0.125966,0.992034,-0.163641,0.061051,0.261001,-0.017450,-0.014306,-0.009209,0.041215,-0.072826,-0.026464,0.332900,-0.267681,-0.028445,0.155246,-0.006145,0.129096,0.237917,-0.055700,0.882916,1.478316,0.000000,0.000000,-0.013927,-0.339328,0.447586,0.778258,0.141373,0.000000,0.000000
-0.510110,0.073304,0.858596,-0.000922,-0.000490,-0.124648,0.992200,-0.162489,0.058854,0.256553,-0.017450,-0.012760,-0.009100,0.043607,-0.075290,-0.025973,0.339234,-0.271965,-0.029212,0.153220,-0.006067,0.123893,0.240501,-0.059250,0.880015,1.477939,0.000000,0.000000,-0.015177,-0.336189,0.443394,0.785686,0.139076,0.000000,0.000000
-0.502517,0.074939,0.859109,-0.001137,0.000095,-0.122988,0.992408,-0.161941,0.056954,0.252808,-0.017450,-0.004371,-0.009080,0.045618,-0.077512,-0.025573,0.345936,-0.275389,-0.029913,0.150988,-0.005932,0.118574,0.242744,-0.062789,0.877471,1.478535,0.000000,0.000000,-0.015897,-0.333184,0.438989,0.793131,0.137391,0.000000,0.000000
-0.495276,0.076542,0.859635,-0.001136,0.000706,-0.121141,0.992634,-0.161597,0.054688,0.247808,-0.017450,0.012657,-0.009086,0.047730,-0.080377,-0.024587,0.356074,-0.278573,-0.030921,0.147445,-0.005749,0.111225,0.245437,-0.067419,0.874865,1.479859,0.000000,0.000000,-0.016593,-0.329279,0.432627,0.803185,0.136439,0.000000,0.000000
-0.488273,0.078387,0.860123,-0.000874,0.001406,-0.119108,0.992880,-0.161417,0.052070,0.240924,-0.017450,0.033941,-0.009044,0.049285,-0.083793,-0.023467,0.369357,-0.280537,-0.032149,0.143186,-0.005573,0.101857,0.247716,-0.072487,0.872295,1.482658,0.000000,0.000000,-0.017171,-0.324952,0.424533,0.815256,0.135913,0.000000,0.000000
-0.481226,0.080673,0.860566,-0.000331,0.002121,-0.116947,0.993136,-0.161107,0.048945,0.230157,-0.017450,0.058610,-0.008670,0.050005,-0.088003,-0.022840,0.385314,-0.280810,-0.033562,0.139039,-0.005404,0.090971,0.249066,-0.077913,0.871065,1.486158,0.000000,0.000000,-0.017353,-0.320489,0.414182,0.828958,0.135452,0.000000,0.000000
-0.474030,0.082992,0.860835,0.000375,0.002399,-0.114277,0.993446,-0.160775,0.045301,0.217873,-0.017450,0.087928,-0.008302,0.050238,-0.092797,-0.023095,0.403847,-0.278937,-0.035057,0.135218,-0.005213,0.079698,0.249581,-0.084259,0.870860,1.488908,0.000000,0.000000,-0.016476,-0.316148,0.401537,0.844018,0.135006,0.000000,0.000000
-0.466576,0.084624,0.860876,0.001135,0.002245,-0.111968,0.993709,-0.160209,0.042554,0.205939,-0.017450,0.110432,-0.007772,0.050604,-0.097403,-0.023666,0.423738,-0.275046,-0.036519,0.131703,-0.005036,0.069301,0.249714,-0.090072,0.871662,1.490972,0.000000,0.000000,-0.013852,-0.312004,0.387112,0.859279,0.134409,0.000000,0.000000
-0.459772,0.086698,0.860596,0.002024,0.001537,-0.108002,0.994147,-0.160533,0.038078,0.195937,-0.017450,0.120188,-0.007862,0.050228,-0.102990,-0.027531,0.450788,-0.267675,-0.037832,0.128327,-0.004756,0.056581,0.249245,-0.099278,0.876125,1.492199,0.000000,0.000000,-0.008539,-0.306205,0.365535,0.880253,0.132827,0.000000,0.000000
-0.452910,0.088632,0.860204,0.002786,0.000736,-0.104253,0.994547,-0.161196,0.033418,0.189535,-0.017450,0.111814,-0.008098,0.049235,-0.107356,-0.030628,0.477940,-0.257586,-0.038991,0.125651,-0.004492,0.044460,0.248359,-0.109273,0.881424,1.493096,0.000000,0.000000,-0.001834,-0.300754,0.345694,0.899517,0.132842,0.000000,0.000000
-0.446048,0.090794,0.859753,0.003485,-0.000289,-0.100663,0.994914,-0.161581,0.029032,0.181575,-0.017450,0.098851,-0.007767,0.047635,-0.111455,-0.033707,0.505390,-0.242291,-0.040103,0.123292,-0.004248,0.034171,0.247927,-0.118223,0.886875,1.493789,0.000000,0.000000,0.005821,-0.295838,0.326092,0.916516,0.134866,0.000000,0.000000
-0.439210,0.093149,0.860217,0.004055,-0.001646,-0.097018,0.995273,-0.161532,0.024842,0.171351,-0.004612,0.084999,-0.007070,0.045398,-0.115727,-0.037718,0.534741,-0.225357,-0.041101,0.120702,-0.003992,0.024907,0.247788,-0.126291,0.892363,1.494429,0.000000,0.000000,0.014381,-0.290383,0.305605,0.933331,0.140256,0.000000,0.000000
-0.432504,0.095457,0.861077,0.004404,-0.003388,-0.092563,0.995691,-0.160836,0.020401,0.163649,0.014779,0.068079,-0.006917,0.042394,-0.119859,-0.044561,0.568588,-0.203158,-0.041544,0.116789,-0.003709,0.015637,0.247183,-0.133938,0.898393,1.495366,0.000000,0.000000,0.024405,-0.283691,0.284026,0.951287,0.148805,0.000000,0.000000
-0.426047,0.097728,0.861873,0.004682,-0.005345,-0.088152,0.996082,-0.158994,0.015903,0.156336,0.033461,0.051386,-0.006848,0.038161,-0.123559,-0.051925,0.605880,-0.175712,-0.041724,0.112008,-0.003442,0.006989,0.247111,-0.140735,0.903801,1.495314,0.000000,0.000000,0.035178,-0.278167,0.266768,0.966783,0.153440,0.000000,0.000000
-0.419773,0.100235,0.862503,0.004832,-0.007170,-0.083947,0.996433,-0.155824,0.011483,0.147644,0.047036,0.036513,-0.006519,0.032595,-0.127847,-0.060271,0.643869,-0.141922,-0.041773,0.106523,-0.003149,-0.000815,0.246699,-0.145652,0.907732,1.493971,0.000000,0.000000,0.045622,-0.272251,0.251438,0.981740,0.160321,0.000000,0.000000
-0.413642,0.102590,0.863098,0.004716,-0.008866,-0.079890,0.996753,-0.151277,0.007614,0.137770,0.056483,0.022701,-0.005835,0.025765,-0.132156,-0.070648,0.682832,-0.102261,-0.041252,0.099835,-0.002850,-0.008465,0.246525,-0.148697,0.911358,1.492122,0.000000,0.000000,0.055092,-0.265905,0.237762,0.997284,0.170571,0.000000,0.000000
-0.407526,0.104850,0.863628,0.004503,-0.010543,-0.075992,0.997043,-0.145718,0.004253,0.126173,0.062675,0.010098,-0.004750,0.018361,-0.136270,-0.081147,0.720753,-0.058604,-0.040396,0.092017,-0.002514,-0.014935,0.246439,-0.150564,0.914175,1.487921,0.000000,0.000000,0.063736,-0.259568,0.227785,1.012823,0.181735,0.000000,0.000000
-0.401299,0.107359,0.864109,0.004355,-0.012367,-0.072439,0.997287,-0.139517,0.000751,0.112853,0.067878,-0.000803,-0.003447,0.010826,-0.141384,-0.091232,0.757422,-0.008881,-0.039674,0.083552,-0.002182,-0.020478,0.246615,-0.151143,0.914715,1.481956,0.000000,0.000000,0.071617,-0.254163,0.220662,1.027895,0.193623,0.000000,0.000000
-0.395035,0.109955,0.864545,0.004240,-0.014271,-0.068985,0.997507,-0.133055,-0.003084,0.100951,0.072680,-0.011683,-0.002464,0.003433,-0.147043,-0.100957,0.791264,0.043315,-0.038909,0.074583,-0.001879,-0.024645,0.246959,-0.152063,0.914106,1.474393,0.000000,0.000000,0.079340,-0.249734,0.217088,1.042530,0.202744,0.000000,0.000000
-0.388518,0.113835,0.864943,0.004920,-0.015163,-0.066891,0.997633,-0.126968,-0.010901,0.084387,0.075801,-0.015528,-0.001705,-0.004252,-0.155363,-0.111557,0.821753,0.101925,-0.038433,0.067320,-0.001682,-0.028370,0.242504,-0.150488,0.909743,1.478393,0.000000,0.000000,0.084547,-0.254362,0.214225,1.052432,0.213206,0.000000,0.000000
-0.382059,0.116663,0.865252,0.005188,-0.016688,-0.064244,0.997781,-0.120975,-0.016681,0.072428,0.079881,-0.021944,-0.001203,-0.011294,-0.161130,-0.115369,0.847590,0.148454,-0.038419,0.059259,-0.001278,-0.030213,0.238496,-0.151027,0.905078,1.478010,0.000000,0.000000,0.091990,-0.253560,0.218193,1.062871,0.217124,0.000000,0.000000
-0.374953,0.118823,0.865661,0.004903,-0.018428,-0.061971,0.997896,-0.114939,-0.020040,0.063729,0.086045,-0.029354,-0.000654,-0.016421,-0.164496,-0.114989,0.869011,0.180153,-0.038595,0.052476,-0.000965,-0.031590,0.237674,-0.153731,0.899774,1.473085,0.000000,0.000000,0.100056,-0.250932,0.224686,1.072497,0.218330,0.000000,0.000000
-0.368178,0.121387,0.866008,0.004473,-0.020552,-0.060052,0.997974,-0.108624,-0.023240,0.056544,0.092186,-0.036952,-0.000321,-0.021481,-0.168229,-0.115139,0.887847,0.197837,-0.038879,0.046787,-0.000695,-0.032847,0.238198,-0.157384,0.893560,1.467419,0.000000,0.000000,0.108241,-0.248245,0.232285,1.081375,0.216644,0.000000,0.000000
-0.361421,0.124337,0.866318,0.003929,-0.022732,-0.058313,0.998032,-0.102211,-0.026615,0.051324,0.097818,-0.044642,-0.000338,-0.026365,-0.173000,-0.118065,0.904371,0.198648,-0.039127,0.041545,-0.000458,-0.034064,0.238883,-0.162278,0.887940,1.461338,0.000000,0.000000,0.116201,-0.245131,0.239249,1.089292,0.211705,0.000000,0.000000
-0.354900,0.127275,0.866976,0.003657,-0.024685,-0.056087,0.998114,-0.094736,-0.030875,0.045469,0.102326,-0.053146,-0.000458,-0.032788,-0.178823,-0.123226,0.923240,0.181987,-0.039394,0.035204,-0.000232,-0.035246,0.240043,-0.169837,0.880162,1.455367,0.000000,0.000000,0.125317,-0.241909,0.249319,1.097665,0.202758,0.000000,0.000000
-0.348231,0.130204,0.868030,0.003242,-0.026285,-0.053932,0.998193,-0.087461,-0.035259,0.040826,0.106780,-0.061354,-0.000788,-0.039374,-0.184562,-0.129673,0.939010,0.156748,-0.039601,0.029087,0.000012,-0.036903,0.240307,-0.178704,0.871994,1.451694,0.000000,0.000000,0.135026,-0.238337,0.259758,1.104595,0.190626,0.000000,0.000000
-0.341640,0.132690,0.869091,0.002754,-0.027974,-0.051766,0.998264,-0.080831,-0.038592,0.036214,0.111095,-0.068731,-0.000871,-0.045532,-0.188519,-0.134702,0.950873,0.133980,-0.039671,0.023594,0.000242,-0.039090,0.240615,-0.187175,0.863920,1.449697,0.000000,0.000000,0.144316,-0.235403,0.268274,1.110075,0.176635,0.000000,0.000000
-0.335162,0.134763,0.870116,0.002225,-0.029544,-0.049410,0.998339,-0.074141,-0.041369,0.032540,0.115161,-0.075930,-0.000983,-0.052019,-0.190938,-0.138976,0.960549,0.116108,-0.039414,0.017640,0.000504,-0.041147,0.241342,-0.196123,0.855130,1.449174,0.000000,0.000000,0.153586,-0.232463,0.275327,1.114943,0.162456,0.000000,0.000000
-0.328886,0.136328,0.871109,0.001518,-0.031047,-0.046989,0.998412,-0.067820,-0.043151,0.030022,0.118705,-0.082658,-0.001040,-0.058504,-0.191206,-0.142079,0.967631,0.105457,-0.038699,0.011619,0.000756,-0.043356,0.241780,-0.204482,0.847467,1.450158,0.000000,0.000000,0.162167,-0.229314,0.280901,1.118741,0.148119,0.000000,0.000000
-0.322868,0.137382,0.872088,0.000604,-0.032322,-0.044311,0.998495,-0.061296,-0.043966,0.028129,0.122038,-0.089667,-0.000964,-0.065782,-0.189170,-0.145031,0.972212,0.097484,-0.037283,0.004600,0.001057,-0.045684,0.243158,-0.214332,0.838697,1.453539,0.000000,0.000000,0.170941,-0.225473,0.285627,1.122467,0.133701,0.000000,0.000000
-0.317060,0.138239,0.873067,-0.000121,-0.033428,-0.042524,0.998536,-0.055434,-0.044486,0.025745,0.124799,-0.095708,-0.000744,-0.072905,-0.186081,-0.147040,0.973069,0.092096,-0.035755,-0.001022,0.001296,-0.048146,0.244299,-0.222949,0.830662,1.456664,0.000000,0.000000,0.178147,-0.222548,0.288871,1.125681,0.122175,0.000000,0.000000
-0.311510,0.138768,0.874041,-0.000878,-0.034315,-0.040685,0.998582,-0.049572,-0.044542,0.022611,0.127212,-0.101753,-0.000296,-0.080758,-0.181415,-0.149154,0.970446,0.087186,-0.033746,-0.006759,0.001533,-0.051095,0.245643,-0.231779,0.822045,1.460838,0.000000,0.000000,0.185458,-0.219438,0.291384,1.128252,0.112204,0.000000,0.000000
-0.306141,0.138994,0.874942,-0.001700,-0.034953,-0.038684,0.998639,-0.044351,-0.044037,0.019523,0.129242,-0.107098,0.000285,-0.088634,-0.175483,-0.151368,0.964289,0.081431,-0.031375,-0.012491,0.001770,-0.054124,0.247523,-0.240179,0.813379,1.464710,0.000000,0.000000,0.191673,-0.216836,0.292175,1.130172,0.104293,0.000000,0.000000
-0.300950,0.138782,0.875756,-0.002504,-0.035533,-0.036637,0.998694,-0.039433,-0.042840,0.016041,0.131310,-0.112523,0.001094,-0.096864,-0.167861,-0.153179,0.954697,0.074612,-0.028645,-0.018513,0.002010,-0.057393,0.250055,-0.248326,0.804158,1.467398,0.000000,0.000000,0.197523,-0.214088,0.291090,1.131457,0.100212,0.000000,0.000000
-0.295875,0.138294,0.876409,-0.003332,-0.035992,-0.034514,0.998750,-0.035096,-0.041138,0.013438,0.133350,-0.117481,0.001886,-0.104845,-0.159293,-0.154335,0.942319,0.067697,-0.025807,-0.024375,0.002262,-0.060791,0.253112,-0.255789,0.795628,1.470071,0.000000,0.000000,0.202560,-0.211807,0.288416,1.132022,0.099349,0.000000,0.000000
-0.290803,0.137670,0.876921,-0.004182,-0.036398,-0.032478,0.998801,-0.031142,-0.039070,0.011532,0.135853,-0.122281,0.002658,-0.112578,-0.150262,-0.155459,0.927412,0.060303,-0.022863,-0.030017,0.002472,-0.064102,0.256682,-0.262687,0.787307,1.471930,0.000000,0.000000,0.206856,-0.209570,0.284420,1.132034,0.101079,0.000000,0.000000
-0.285734,0.137009,0.877267,-0.005044,-0.036804,-0.030586,0.998842,-0.027249,-0.036801,0.010673,0.139057,-0.127093,0.003310,-0.120302,-0.140686,-0.156990,0.909350,0.051523,-0.019700,-0.035424,0.002696,-0.067617,0.260734,-0.269268,0.778916,1.473269,0.000000,0.000000,0.211297,-0.207612,0.279410,1.131257,0.105370,0.000000,0.000000
-0.280655,0.136332,0.877505,-0.005745,-0.037115,-0.028926,0.998876,-0.023545,-0.034762,0.010077,0.142192,-0.132251,0.003871,-0.127722,-0.131344,-0.158302,0.889084,0.043011,-0.016662,-0.040172,0.002853,-0.071064,0.264739,-0.274953,0.770991,1.474962,0.000000,0.000000,0.215308,-0.206253,0.273382,1.129625,0.111245,0.000000,0.000000
-0.275550,0.136153,0.877627,-0.006360,-0.037214,-0.027598,0.998906,-0.019963,-0.033510,0.010220,0.145227,-0.137133,0.004125,-0.134917,-0.123166,-0.161462,0.866391,0.037046,-0.013541,-0.044514,0.003013,-0.074794,0.267934,-0.279812,0.763527,1.476631,0.000000,0.000000,0.218605,-0.205385,0.267241,1.126944,0.118532,0.000000,0.000000
-0.270503,0.135745,0.877699,-0.006684,-0.037105,-0.026338,0.998942,-0.016592,-0.032641,0.009500,0.147801,-0.142232,0.004428,-0.141986,-0.114952,-0.163782,0.840875,0.031184,-0.010602,-0.048810,0.003177,-0.079068,0.270415,-0.283950,0.756089,1.477995,0.000000,0.000000,0.221489,-0.205229,0.261512,1.123450,0.127075,0.000000,0.000000
-0.265323,0.135374,0.877680,-0.007032,-0.036972,-0.024758,0.998985,-0.013332,-0.031912,0.008614,0.150603,-0.147282,0.004730,-0.148520,-0.107161,-0.165802,0.813698,0.026163,-0.007882,-0.053281,0.003380,-0.082964,0.272656,-0.288115,0.749136,1.478477,0.000000,0.000000,0.224096,-0.205406,0.255862,1.119299,0.136458,0.000000,0.000000
-0.259977,0.134762,0.877628,-0.007401,-0.036761,-0.022937,0.999033,-0.010233,-0.030771,0.007312,0.153582,-0.152975,0.005198,-0.154452,-0.099564,-0.168644,0.784461,0.022333,-0.005063,-0.057943,0.003528,-0.087048,0.274725,-0.291023,0.742678,1.478199,0.000000,0.000000,0.226786,-0.205152,0.249521,1.115040,0.147610,0.000000,0.000000
-0.254490,0.134453,0.877491,-0.007950,-0.036889,-0.020532,0.999077,-0.007039,-0.029649,0.007366,0.157951,-0.158872,0.005448,-0.159392,-0.093013,-0.173993,0.753778,0.017975,-0.002047,-0.062141,0.003688,-0.090320,0.276561,-0.294165,0.736819,1.477889,0.000000,0.000000,0.230004,-0.205081,0.241741,1.109955,0.156980,0.000000,0.000000
-0.248950,0.133954,0.877348,-0.008194,-0.036698,-0.018957,0.999113,-0.003867,-0.028885,0.005681,0.161942,-0.164453,0.005882,-0.163973,-0.086641,-0.178578,0.720878,0.016378,0.000688,-0.065954,0.003850,-0.094028,0.278635,-0.297147,0.731286,1.476071,0.000000,0.000000,0.232911,-0.206014,0.236010,1.103983,0.165414,0.000000,0.000000
-0.243459,0.133395,0.877175,-0.008526,-0.036321,-0.017280,0.999154,-0.000867,-0.027982,0.003524,0.165451,-0.170309,0.006428,-0.168152,-0.080153,-0.182987,0.685510,0.015359,0.003354,-0.069653,0.004011,-0.097982,0.280741,-0.298999,0.726127,1.474451,0.000000,0.000000,0.235837,-0.206849,0.230859,1.097899,0.171867,0.000000,0.000000
-0.237918,0.132810,0.876944,-0.008856,-0.035837,-0.015623,0.999196,0.001987,-0.027006,0.001398,0.168914,-0.176529,0.006987,-0.171882,-0.073691,-0.187270,0.648044,0.014414,0.005897,-0.073403,0.004154,-0.101854,0.282627,-0.300688,0.721530,1.472751,0.000000,0.000000,0.238369,-0.207840,0.227566,1.091078,0.176499,0.000000,0.000000
-0.232296,0.132295,0.876612,-0.008965,-0.035306,-0.014489,0.999231,0.004798,-0.026553,-0.000983,0.172624,-0.182795,0.007455,-0.175127,-0.067718,-0.191286,0.608615,0.013442,0.008134,-0.076653,0.004308,-0.105455,0.284313,-0.301888,0.717419,1.470875,0.000000,0.000000,0.240755,-0.209355,0.224861,1.084351,0.181553,0.000000,0.000000
-0.226621,0.131733,0.876192,-0.009042,-0.034650,-0.013429,0.999268,0.007527,-0.026207,-0.002990,0.176333,-0.189128,0.007842,-0.177862,-0.061956,-0.195039,0.567294,0.012772,0.010144,-0.079276,0.004409,-0.108854,0.285275,-0.303242,0.713803,1.470006,0.000000,0.000000,0.243194,-0.210454,0.224023,1.077855,0.183831,0.000000,0.000000
-0.220939,0.131082,0.875708,-0.009090,-0.033905,-0.012319,0.999308,0.010151,-0.025777,-0.004967,0.179893,-0.195439,0.008247,-0.180081,-0.056296,-0.198318,0.524114,0.012863,0.011905,-0.081983,0.004493,-0.112241,0.286724,-0.304237,0.710351,1.469528,0.000000,0.000000,0.244830,-0.212223,0.222466,1.070800,0.185535,0.000000,0.000000
-0.215184,0.130371,0.875154,-0.009134,-0.032982,-0.011146,0.999352,0.012628,-0.025132,-0.006186,0.183289,-0.201690,0.008587,-0.181859,-0.050698,-0.201696,0.478970,0.013152,0.013547,-0.084609,0.004589,-0.115362,0.287568,-0.304967,0.707380,1.469999,0.000000,0.000000,0.246378,-0.213624,0.222034,1.063779,0.184196,0.000000,0.000000
-0.209408,0.129695,0.874506,-0.008970,-0.031951,-0.010196,0.999397,0.015072,-0.024853,-0.007227,0.186730,-0.207986,0.008806,-0.183248,-0.045255,-0.204980,0.430447,0.013638,0.014938,-0.087001,0.004687,-0.118611,0.288163,-0.305925,0.704959,1.470749,0.000000,0.000000,0.247653,-0.214915,0.221689,1.056741,0.184649,0.000000,0.000000
-0.203630,0.129029,0.873774,-0.008653,-0.030896,-0.009732,0.999438,0.017465,-0.024967,-0.008069,0.189992,-0.213917,0.008901,-0.184191,-0.040225,-0.207771,0.381388,0.014985,0.015994,-0.088549,0.004767,-0.121706,0.288406,-0.306525,0.703174,1.471656,0.000000,0.000000,0.247939,-0.217107,0.221688,1.050390,0.183861,0.000000,0.000000
-0.197816,0.128227,0.872995,-0.008372,-0.029657,-0.009075,0.999484,0.019664,-0.024754,-0.007810,0.193099,-0.219791,0.008907,-0.184700,-0.035180,-0.210583,0.330705,0.017319,0.016941,-0.089877,0.004817,-0.124882,0.288700,-0.306552,0.701477,1.474097,0.000000,0.000000,0.247805,-0.218774,0.221482,1.044615,0.182881,0.000000,0.000000
-0.191950,0.127444,0.872160,-0.008049,-0.028249,-0.008535,0.999532,0.021696,-0.024492,-0.006784,0.195940,-0.225604,0.008806,-0.184818,-0.030252,-0.213574,0.278376,0.020709,0.017755,-0.090980,0.004877,-0.127827,0.288650,-0.305996,0.700118,1.476727,0.000000,0.000000,0.247074,-0.220373,0.220974,1.039299,0.180604,0.000000,0.000000
-0.186060,0.126627,0.871268,-0.007619,-0.026761,-0.008004,0.999581,0.023663,-0.024270,-0.005342,0.198687,-0.230918,0.008630,-0.184528,-0.025440,-0.216403,0.224703,0.025084,0.018370,-0.091825,0.004950,-0.130704,0.288335,-0.305683,0.699439,1.479040,0.000000,0.000000,0.245927,-0.221558,0.219718,1.034998,0.178659,0.000000,0.000000
-0.180142,0.125794,0.870316,-0.007030,-0.025103,-0.007807,0.999630,0.025604,-0.024326,-0.003830,0.201043,-0.236063,0.008376,-0.183860,-0.020831,-0.218038,0.169612,0.030477,0.018586,-0.092136,0.004944,-0.133124,0.287105,-0.306785,0.700421,1.479130,0.000000,0.000000,0.244465,-0.222903,0.219368,1.030946,0.176688,0.000000,0.000000
-0.174195,0.124889,0.869320,-0.006247,-0.023125,-0.007867,0.999682,0.027409,-0.024558,-0.002034,0.202174,-0.240937,0.008035,-0.182921,-0.016270,-0.220022,0.113245,0.036198,0.018720,-0.091503,0.004943,-0.136392,0.286116,-0.306889,0.700814,1.480776,0.000000,0.000000,0.242260,-0.224181,0.217679,1.027839,0.174375,0.000000,0.000000
-0.168129,0.123916,0.868323,-0.005591,-0.021136,-0.007684,0.999731,0.028939,-0.024411,0.000387,0.204206,-0.245255,0.007693,-0.181173,-0.011725,-0.220230,0.056239,0.043085,0.018463,-0.090485,0.004929,-0.139233,0.284790,-0.307321,0.701766,1.482768,0.000000,0.000000,0.239993,-0.225104,0.215726,1.025119,0.171929,0.000000,0.000000
-0.162020,0.122960,0.867340,-0.004815,-0.019098,-0.007684,0.999776,0.030118,-0.024197,0.003672,0.206917,-0.250011,0.007234,-0.178824,-0.007502,-0.220255,0.001022,0.050093,0.018117,-0.088980,0.004897,-0.142117,0.283434,-0.307717,0.703146,1.484744,0.000000,0.000000,0.237360,-0.226077,0.212635,1.022979,0.170636,0.000000,0.000000
-0.155833,0.122165,0.866363,-0.003942,-0.017119,-0.007933,0.999814,0.030615,-0.024256,0.005427,0.208489,-0.252236,0.006948,-0.177638,-0.006100,-0.219241,-0.017450,0.053280,0.017870,-0.088104,0.004875,-0.143336,0.282663,-0.307910,0.704246,1.485435,0.000000,0.000000,0.236127,-0.226705,0.211039,1.022103,0.170575,0.000000,0.000000
-0.149482,0.121228,0.865384,-0.003143,-0.015098,-0.008114,0.999848,0.030824,-0.024241,0.006225,0.209192,-0.253175,0.006830,-0.177155,-0.005567,-0.218678,-0.017450,0.054618,0.017794,-0.087681,0.004862,-0.143848,0.282273,-0.307988,0.704783,1.485827,0.000000,0.000000,0.235574,-0.226952,0.210296,1.021781,0.170491,0.000000,0.000000
-0.142851,0.120128,0.864386,-0.002396,-0.013304,-0.008234,0.999875,0.031176,-0.024170,0.007346,0.210262,-0.254569,0.006677,-0.176459,-0.004788,-0.217913,-0.017450,0.056560,0.017748,-0.087016,0.004831,-0.144525,0.281611,-0.308136,0.705697,1.486426,0.000000,0.000000,0.234861,-0.227165,0.209288,1.021351,0.170105,0.000000,0.000000
-0.135975,0.118872,0.863379,-0.001666,-0.011845,-0.008163,0.999895,0.031724,-0.024014,0.008696,0.211692,-0.256449,0.006512,-0.175614,-0.003698,-0.217428,-0.017450,0.058961,0.017816,-0.086165,0.004789,-0.145333,0.280771,-0.308258,0.706979,1.487233,0.000000,0.000000,0.233962,-0.227442,0.207798,1.020863,0.169562,0.000000,0.000000
-0.128907,0.117541,0.862534,-0.000965,-0.010633,-0.007825,0.999912,0.032501,-0.023770,0.010162,0.213476,-0.258794,0.006351,-0.174682,-0.002243,-0.217692,-0.017450,0.061753,0.018071,-0.085157,0.004738,-0.146204,0.279689,-0.308403,0.708657,1.488248,0.000000,0.000000,0.232958,-0.227744,0.206009,1.020314,0.168909,0.000000,0.000000
-0.121662,0.116186,0.861994,-0.000482,-0.009610,-0.007056,0.999929,0.033514,-0.023396,0.011638,0.215598,-0.261601,0.006221,-0.173714,-0.000451,-0.218785,-0.017450,0.064745,0.018522,-0.084147,0.004676,-0.147053,0.278387,-0.308479,0.710759,1.489457,0.000000,0.000000,0.231854,-0.228085,0.203930,1.019698,0.168011,0.000000,0.000000
-0.114291,0.115092,0.861483,-0.000165,-0.008981,-0.005894,0.999942,0.034775,-0.022924,0.012909,0.218145,-0.264842,0.006145,-0.172682,0.001480,-0.220223,-0.017450,0.067730,0.019066,-0.083220,0.004624,-0.147775,0.276836,-0.308432,0.713328,1.490863,0.000000,0.000000,0.230715,-0.228406,0.201815,1.019036,0.166975,0.000000,0.000000
-0.106836,0.114381,0.860982,0.000025,-0.008721,-0.004777,0.999951,0.036287,-0.022427,0.013868,0.221193,-0.268500,0.006119,-0.171588,0.003293,-0.221308,-0.017450,0.070550,0.019564,-0.082392,0.004563,-0.148276,0.275086,-0.308271,0.716338,1.492474,0.000000,0.000000,0.229565,-0.228806,0.199865,1.018365,0.165740,0.000000,0.000000
-0.099374,0.113716,0.860461,0.000101,-0.008676,-0.003809,0.999955,0.038060,-0.021910,0.014455,0.224726,-0.272592,0.006151,-0.170424,0.004867,-0.221522,-0.017450,0.073168,0.019924,-0.081704,0.004503,-0.148539,0.273249,-0.307742,0.719773,1.494329,0.000000,0.000000,0.228351,-0.229352,0.198087,1.017638,0.164444,0.000000,0.000000
-0.091903,0.113022,0.859939,-0.000156,-0.008755,-0.002930,0.999957,0.040071,-0.021327,0.014755,0.228754,-0.277055,0.006240,-0.169263,0.006224,-0.220805,-0.017450,0.075612,0.020137,-0.081204,0.004445,-0.148446,0.271327,-0.306839,0.723642,1.496278,0.000000,0.000000,0.227073,-0.229961,0.196820,1.016892,0.162994,0.000000,0.000000
-0.084503,0.112204,0.858235,-0.000765,-0.008966,-0.001612,0.999958,0.046063,-0.019256,0.015130,0.241119,-0.290037,0.006667,-0.166108,0.009430,-0.216673,-0.017450,0.081535,0.020363,-0.080581,0.004355,-0.147191,0.266070,-0.303199,0.735205,1.502064,0.000000,0.000000,0.223390,-0.231507,0.195062,1.015078,0.158699,0.000000,0.000000
-0.077206,0.111443,0.857838,-0.001316,-0.009249,-0.000665,0.999956,0.054210,-0.016163,0.014927,0.259123,-0.307673,0.007416,-0.162548,0.012772,-0.209142,-0.017450,0.089400,0.020215,-0.080614,0.004312,-0.143849,0.259684,-0.296670,0.750874,1.509392,0.000000,0.000000,0.218129,-0.233771,0.195272,1.012945,0.152850,0.000000,0.000000
-0.070161,0.110803,0.857933,-0.001815,-0.009534,-0.000186,0.999953,0.059340,-0.014072,0.014299,0.272100,-0.318888,0.008000,-0.160979,0.014187,-0.202907,-0.017450,0.098559,0.019789,-0.080966,0.004287,-0.140475,0.255820,-0.290980,0.761080,1.513720,0.000000,0.000000,0.214284,-0.235626,0.197172,1.011736,0.149618,0.000000,0.000000
-0.063408,0.110005,0.857964,-0.002376,-0.009609,0.000387,0.999951,0.063386,-0.011892,0.013551,0.285042,-0.328198,0.008637,-0.160283,0.014881,-0.195932,-0.017450,0.111218,0.019107,-0.081359,0.004291,-0.136631,0.252529,-0.284979,0.770557,1.517741,0.000000,0.000000,0.210247,-0.237338,0.200345,1.011088,0.146859,0.000000,0.000000
-0.056934,0.109164,0.858019,-0.002789,-0.009491,0.000658,0.999951,0.066978,-0.009459,0.012758,0.300984,-0.337118,0.009350,-0.160014,0.015322,-0.187897,-0.017450,0.126177,0.018292,-0.081264,0.004260,-0.131798,0.248702,-0.277369,0.781449,1.522245,0.000000,0.000000,0.205071,-0.239109,0.204394,1.010840,0.143795,0.000000,0.000000
-0.050592,0.108085,0.858117,-0.003286,-0.009025,0.000806,0.999954,0.069195,-0.007204,0.011845,0.316272,-0.343169,0.010054,-0.159944,0.015576,-0.179434,-0.017450,0.140201,0.017373,-0.080935,0.004221,-0.127677,0.245429,-0.269915,0.791669,1.526434,0.000000,0.000000,0.199155,-0.240853,0.207962,1.011073,0.141258,0.000000,0.000000
-0.044238,0.106954,0.858268,-0.003996,-0.008250,0.001059,0.999957,0.070377,-0.004819,0.011276,0.331186,-0.346567,0.010752,-0.159814,0.015855,-0.171832,-0.017450,0.159232,0.016634,-0.080428,0.004201,-0.123977,0.242191,-0.262586,0.801921,1.530427,0.000000,0.000000,0.192649,-0.241570,0.212278,1.012493,0.139671,0.000000,0.000000
-0.037822,0.105726,0.858385,-0.005018,-0.007327,0.001260,0.999960,0.070738,-0.001794,0.011632,0.346061,-0.348097,0.011484,-0.159591,0.016532,-0.166959,-0.017450,0.184718,0.016547,-0.080063,0.004164,-0.120274,0.239193,-0.254780,0.812632,1.534628,0.000000,0.000000,0.185274,-0.241456,0.217334,1.014664,0.137481,0.000000,0.000000
-0.031176,0.105187,0.858387,-0.006021,-0.006801,0.001061,0.999958,0.070799,0.001886,0.013027,0.365586,-0.347400,0.012227,-0.159067,0.016307,-0.161402,-0.017450,0.215171,0.016361,-0.079127,0.004106,-0.114699,0.235872,-0.244919,0.826343,1.538684,0.000000,0.000000,0.175686,-0.241210,0.223363,1.017929,0.134917,0.000000,0.000000
-0.024766,0.104310,0.858226,-0.007075,-0.006753,0.000586,0.999952,0.070212,0.006097,0.016116,0.388333,-0.343633,0.012850,-0.158372,0.016402,-0.156293,-0.017450,0.239730,0.016383,-0.077754,0.003992,-0.108050,0.233269,-0.234419,0.841155,1.542173,0.000000,0.000000,0.165090,-0.241541,0.229092,1.022033,0.131290,0.000000,0.000000
-0.018299,0.103488,0.858061,-0.008013,-0.006920,-0.000923,0.999943,0.068945,0.009759,0.019979,0.413214,-0.336958,0.013224,-0.157589,0.017345,-0.152702,-0.017450,0.249198,0.016631,-0.075314,0.003849,-0.100352,0.231103,-0.223807,0.856264,1.543424,0.000000,0.000000,0.154705,-0.241706,0.234538,1.027176,0.128101,0.000000,0.000000
-0.011704,0.102771,0.857955,-0.008818,-0.007245,-0.002594,0.999932,0.066943,0.012970,0.025025,0.440068,-0.327960,0.013298,-0.156564,0.018022,-0.146614,-0.017450,0.246112,0.015992,-0.072188,0.003626,-0.091482,0.229063,-0.213825,0.871727,1.543641,0.000000,0.000000,0.144891,-0.241027,0.240329,1.033299,0.127249,0.000000,0.000000
-0.005223,0.102164,0.857689,-0.009655,-0.008343,-0.004423,0.999909,0.064739,0.015614,0.030552,0.467314,-0.315936,0.013137,-0.155248,0.018617,-0.139946,-0.017450,0.236601,0.014969,-0.067910,0.003369,-0.083073,0.226324,-0.204325,0.885895,1.539742,0.000000,0.000000,0.136416,-0.241140,0.245179,1.039000,0.125614,0.000000,0.000000
0.001117,0.101518,0.857520,-0.010305,-0.009506,-0.006742,0.999879,0.061795,0.017820,0.036412,0.495825,-0.301071,0.012790,-0.153848,0.018919,-0.132031,-0.016536,0.223760,0.013545,-0.063481,0.003121,-0.074151,0.223747,-0.196967,0.900649,1.536521,0.000000,0.000000,0.128793,-0.240314,0.249905,1.045208,0.128348,0.000000,0.000000
0.006318,0.100620,0.858185,-0.010872,-0.011194,-0.009481,0.999833,0.056174,0.020613,0.044084,0.531654,-0.280803,0.012269,-0.153095,0.019599,-0.123462,-0.000352,0.207307,0.012144,-0.057304,0.002824,-0.065284,0.220815,-0.189939,0.917197,1.535363,0.000000,0.000000,0.119304,-0.240166,0.256103,1.052626,0.131918,0.000000,0.000000
0.011674,0.099683,0.858955,-0.011300,-0.012437,-0.011302,0.999795,0.049454,0.023975,0.051356,0.566765,-0.257742,0.011946,-0.151957,0.020312,-0.117315,0.015610,0.193270,0.011257,-0.051333,0.002533,-0.058296,0.218079,-0.184633,0.932589,1.532834,0.000000,0.000000,0.110466,-0.240979,0.261257,1.058207,0.133678,0.000000,0.000000
0.016994,0.099014,0.859671,-0.011424,-0.013535,-0.013827,0.999748,0.041741,0.026720,0.059785,0.602585,-0.229907,0.011168,-0.149989,0.020403,-0.111257,0.028378,0.179948,0.010224,-0.044331,0.002256,-0.051019,0.214293,-0.180783,0.948466,1.530683,0.000000,0.000000,0.102542,-0.240496,0.266746,1.063642,0.138433,0.000000,0.000000
0.022083,0.098848,0.860422,-0.010639,-0.014907,-0.018125,0.999668,0.033469,0.026542,0.068746,0.640027,-0.196392,0.009338,-0.147466,0.019022,-0.106552,0.039161,0.166874,0.009040,-0.032220,0.001779,-0.044450,0.209148,-0.180029,0.964067,1.527415,0.000000,0.000000,0.094244,-0.243473,0.271287,1.068762,0.142917,0.000000,0.000000
0.027176,0.097959,0.861042,-0.010341,-0.015819,-0.020727,0.999607,0.024232,0.030164,0.081460,0.675494,-0.160331,0.007826,-0.144124,0.017993,-0.101401,0.046101,0.156007,0.007868,-0.021711,0.001432,-0.038607,0.203828,-0.180779,0.978889,1.523798,0.000000,0.000000,0.086083,-0.244449,0.274495,1.073892,0.146145,0.000000,0.000000
0.032204,0.097106,0.861576,-0.010093,-0.017052,-0.023048,0.999538,0.014801,0.034150,0.093106,0.710280,-0.119169,0.006555,-0.140095,0.017176,-0.097345,0.051887,0.145708,0.006941,-0.011223,0.001102,-0.032721,0.199402,-0.183528,0.993986,1.520410,0.000000,0.000000,0.078430,-0.245084,0.277362,1.078697,0.149456,0.000000,0.000000
0.037392,0.096160,0.862138,-0.009734,-0.017995,-0.025399,0.999468,0.005298,0.038298,0.104940,0.742851,-0.073829,0.005212,-0.136100,0.016107,-0.093152,0.056873,0.135508,0.005913,-0.001167,0.000789,-0.026186,0.194979,-0.186335,1.008818,1.518584,0.000000,0.000000,0.071251,-0.244576,0.281461,1.083199,0.153141,0.000000,0.000000
0.042585,0.095065,0.862623,-0.009602,-0.019351,-0.027244,0.999395,-0.003780,0.042933,0.113820,0.773111,-0.028812,0.004579,-0.131883,0.015438,-0.089796,0.063227,0.125183,0.005151,0.008358,0.000435,-0.019776,0.191050,-0.190176,1.023250,1.516577,0.000000,0.000000,0.064564,-0.244114,0.285995,1.086570,0.156284,0.000000,0.000000
0.047756,0.093723,0.863059,-0.009583,-0.020883,-0.028594,0.999327,-0.012224,0.047777,0.119598,0.799843,0.012447,0.004614,-0.127588,0.015441,-0.086758,0.070348,0.115650,0.004631,0.016288,0.000125,-0.013789,0.188719,-0.194261,1.036304,1.515661,0.000000,0.000000,0.058154,-0.244334,0.291545,1.088374,0.160129,0.000000,0.000000
0.053645,0.092360,0.863507,-0.009536,-0.022371,-0.029446,0.999270,-0.018632,0.052431,0.124368,0.820830,0.038085,0.004822,-0.122986,0.015262,-0.083224,0.077294,0.105848,0.003975,0.022915,-0.000128,-0.007229,0.187230,-0.197388,1.046407,1.513749,0.000000,0.000000,0.052522,-0.244891,0.298172,1.088525,0.164504,0.000000,0.000000
0.059338,0.089938,0.863937,-0.009457,-0.023952,-0.030493,0.999203,-0.024625,0.059340,0.131706,0.839175,0.046397,0.005204,-0.118038,0.016499,-0.080385,0.083956,0.096853,0.003822,0.029170,-0.000369,-0.000844,0.185397,-0.199620,1.055629,1.513159,0.000000,0.000000,0.046872,-0.245650,0.306926,1.088459,0.168847,0.000000,0.000000
0.065023,0.087364,0.864328,-0.009613,-0.025504,-0.031746,0.999124,-0.031042,0.067370,0.138608,0.856359,0.039302,0.006022,-0.112587,0.018724,-0.076810,0.090307,0.087539,0.003782,0.035696,-0.000629,0.006107,0.183967,-0.201643,1.064496,1.513532,0.000000,0.000000,0.040267,-0.246044,0.317678,1.088362,0.172627,0.000000,0.000000
0.070362,0.084202,0.864615,-0.010215,-0.026999,-0.033595,0.999019,-0.038721,0.078170,0.147765,0.875909,0.018729,0.007176,-0.106731,0.022834,-0.072253,0.096011,0.078332,0.004049,0.042449,-0.000922,0.013263,0.182730,-0.201260,1.073336,1.516109,0.000000,0.000000,0.031636,-0.244764,0.331264,1.089350,0.176969,0.000000,0.000000
0.075877,0.080861,0.864867,-0.010704,-0.028438,-0.035196,0.998918,-0.045740,0.089903,0.157644,0.891765,-0.004113,0.008443,-0.101190,0.027382,-0.067937,0.101892,0.070258,0.004466,0.048216,-0.001206,0.020159,0.181950,-0.199653,1.080881,1.519549,0.000000,0.000000,0.022642,-0.243033,0.346364,1.090338,0.178292,0.000000,0.000000
0.081516,0.077678,0.865106,-0.011086,-0.029813,-0.036905,0.998812,-0.052334,0.101683,0.168648,0.904505,-0.023517,0.009453,-0.095631,0.031794,-0.063920,0.107530,0.062321,0.004904,0.053634,-0.001501,0.026882,0.181726,-0.196040,1.087267,1.523800,0.000000,0.000000,0.012759,-0.241902,0.359822,1.091192,0.179058,0.000000,0.000000
0.087200,0.075054,0.865579,-0.011216,-0.031232,-0.038998,0.998688,-0.058638,0.111791,0.179659,0.914210,-0.038074,0.009912,-0.090064,0.035213,-0.058000,0.113016,0.054895,0.004755,0.059696,-0.001857,0.033968,0.181295,-0.192461,1.092409,1.527179,0.000000,0.000000,0.002811,-0.240964,0.375407,1.091569,0.176673,0.000000,0.000000
0.092816,0.072976,0.866053,-0.011048,-0.032625,-0.041430,0.998547,-0.064833,0.119645,0.190030,0.921173,-0.045923,0.009790,-0.084540,0.037549,-0.052798,0.118116,0.046955,0.004465,0.066309,-0.002208,0.041305,0.180930,-0.188361,1.096436,1.528777,0.000000,0.000000,-0.007496,-0.240190,0.390440,1.092312,0.175010,0.000000,0.000000
0.098283,0.071511,0.866505,-0.010631,-0.033950,-0.043740,0.998409,-0.070987,0.124899,0.199896,0.924255,-0.054981,0.008987,-0.079307,0.038659,-0.047487,0.123083,0.039446,0.003838,0.073300,-0.002554,0.048289,0.180536,-0.184658,1.099488,1.529559,0.000000,0.000000,-0.018180,-0.239618,0.405262,1.093243,0.173078,0.000000,0.000000
0.103667,0.070569,0.866923,-0.010132,-0.035118,-0.045776,0.998283,-0.077020,0.127460,0.206250,0.923800,-0.062004,0.008143,-0.074573,0.038728,-0.042567,0.127794,0.031954,0.003020,0.079912,-0.002882,0.054740,0.180623,-0.181019,1.101365,1.528988,0.000000,0.000000,-0.028712,-0.238877,0.419143,1.094602,0.171552,0.000000,0.000000
0.108794,0.069966,0.867253,-0.009569,-0.036186,-0.047514,0.998169,-0.083620,0.128524,0.212338,0.919457,-0.069103,0.006886,-0.069985,0.038164,-0.038635,0.132961,0.024581,0.002216,0.086534,-0.003220,0.061392,0.180407,-0.177285,1.102968,1.526977,0.000000,0.000000,-0.040369,-0.238376,0.434216,1.095659,0.168675,0.000000,0.000000
0.113771,0.069701,0.867527,-0.008860,-0.037120,-0.049001,0.998069,-0.090222,0.127982,0.217244,0.911330,-0.076448,0.005422,-0.065999,0.036764,-0.035677,0.138136,0.017998,0.001364,0.092699,-0.003529,0.067328,0.180228,-0.172989,1.103666,1.525069,0.000000,0.000000,-0.051562,-0.237738,0.447832,1.096702,0.166006,0.000000,0.000000
0.118585,0.069776,0.867718,-0.008095,-0.037855,-0.050534,0.997972,-0.096909,0.125936,0.221124,0.899657,-0.083468,0.003751,-0.062599,0.034753,-0.033911,0.143459,0.012283,0.000562,0.098797,-0.003817,0.072808,0.179967,-0.168211,1.104038,1.523278,0.000000,0.000000,-0.062668,-0.236784,0.461944,1.097573,0.161889,0.000000,0.000000
0.123166,0.070193,0.867829,-0.007314,-0.038535,-0.051857,0.997884,-0.103710,0.122503,0.223879,0.884687,-0.089972,0.001935,-0.059724,0.032225,-0.033305,0.149103,0.006091,-0.000178,0.104517,-0.004114,0.077867,0.180109,-0.163581,1.103636,1.520788,0.000000,0.000000,-0.074398,-0.236643,0.475117,1.097778,0.157083,0.000000,0.000000
0.127644,0.070850,0.867884,-0.006586,-0.039139,-0.052741,0.997819,-0.110547,0.118104,0.225521,0.866656,-0.096144,0.000110,-0.057255,0.029372,-0.033015,0.155210,-0.000129,-0.000951,0.109613,-0.004373,0.083120,0.180313,-0.158970,1.102299,1.517539,0.000000,0.000000,-0.085696,-0.236214,0.488050,1.097763,0.152854,0.000000,0.000000
0.132066,0.071677,0.867875,-0.005932,-0.039626,-0.053346,0.997772,-0.117503,0.113068,0.227071,0.845084,-0.101913,-0.001839,-0.055084,0.026228,-0.033304,0.162042,-0.006384,-0.001695,0.114227,-0.004628,0.088273,0.180993,-0.154077,1.100489,1.514396,0.000000,0.000000,-0.097522,-0.236396,0.500674,1.096521,0.148628,0.000000,0.000000
0.136460,0.072686,0.867938,-0.005314,-0.040097,-0.054049,0.997719,-0.123773,0.107823,0.228110,0.822431,-0.105972,-0.003679,-0.053361,0.023096,-0.033707,0.168975,-0.012767,-0.002424,0.118407,-0.004859,0.092913,0.181728,-0.149913,1.098793,1.510384,0.000000,0.000000,-0.108459,-0.236504,0.512306,1.094978,0.145003,0.000000,0.000000
0.140869,0.073455,0.868013,-0.004673,-0.040550,-0.054896,0.997657,-0.129861,0.102905,0.230869,0.796348,-0.109298,-0.005724,-0.051751,0.019968,-0.034845,0.176896,-0.019962,-0.003021,0.122851,-0.005110,0.096973,0.181749,-0.144899,1.098191,1.507021,0.000000,0.000000,-0.119438,-0.235644,0.523675,1.093177,0.141186,0.000000,0.000000
0.145277,0.074221,0.868032,-0.004195,-0.040722,-0.055504,0.997619,-0.135465,0.098379,0.233888,0.768121,-0.111439,-0.007629,-0.050382,0.017266,-0.035435,0.184562,-0.027397,-0.003609,0.126891,-0.005305,0.100900,0.182180,-0.140595,1.096535,1.502774,0.000000,0.000000,-0.130261,-0.234581,0.534208,1.091138,0.139940,0.000000,0.000000
0.149699,0.075050,0.868013,-0.003784,-0.040807,-0.056286,0.997573,-0.140696,0.094071,0.237284,0.738134,-0.114246,-0.009468,-0.049088,0.014717,-0.035977,0.192008,-0.035009,-0.004169,0.131200,-0.005542,0.104796,0.182680,-0.136036,1.094262,1.498408,0.000000,0.000000,-0.140716,-0.233738,0.543657,1.088152,0.138933,0.000000,0.000000
0.154146,0.075780,0.867977,-0.003357,-0.040971,-0.057339,0.997508,-0.145344,0.090276,0.242352,0.706350,-0.117441,-0.011411,-0.047732,0.012252,-0.035800,0.199105,-0.043080,-0.004835,0.135249,-0.005784,0.109019,0.182765,-0.131221,1.091404,1.494001,0.000000,0.000000,-0.151497,-0.232274,0.552626,1.085095,0.137653,0.000000,0.000000
0.159071,0.076188,0.867862,-0.003300,-0.040441,-0.057591,0.997515,-0.149654,0.087872,0.249435,0.672380,-0.118508,-0.013275,-0.046328,0.010747,-0.035267,0.205731,-0.051731,-0.005310,0.138577,-0.005955,0.112212,0.182868,-0.125971,1.088530,1.490034,0.000000,0.000000,-0.161497,-0.230891,0.559450,1.080872,0.138381,0.000000,0.000000
0.163923,0.076751,0.867728,-0.003163,-0.040099,-0.058499,0.997477,-0.153363,0.085517,0.256965,0.636952,-0.120094,-0.015101,-0.044892,0.009116,-0.034139,0.212396,-0.059850,-0.005928,0.142251,-0.006172,0.115306,0.182798,-0.121494,1.085434,1.485420,0.000000,0.000000,-0.171559,-0.229552,0.567817,1.075669,0.139333,0.000000,0.000000
0.168774,0.077220,0.867546,-0.003129,-0.039671,-0.059092,0.997459,-0.156578,0.083518,0.265486,0.600096,-0.121393,-0.016892,-0.043410,0.007747,-0.032891,0.218832,-0.068267,-0.006496,0.145736,-0.006353,0.117425,0.182314,-0.117412,1.083687,1.482469,0.000000,0.000000,-0.180987,-0.227715,0.575295,1.070639,0.141036,0.000000,0.000000
0.173728,0.077575,0.867292,-0.003377,-0.039087,-0.059696,0.997445,-0.159344,0.082405,0.275225,0.561854,-0.122918,-0.018522,-0.041863,0.006934,-0.032457,0.224781,-0.076896,-0.006778,0.148832,-0.006560,0.119444,0.182050,-0.113583,1.081942,1.480367,0.000000,0.000000,-0.190611,-0.226000,0.582229,1.064942,0.141468,0.000000,0.000000
0.178656,0.078133,0.867097,-0.003253,-0.038644,-0.060551,0.997411,-0.161395,0.080368,0.283472,0.522164,-0.121679,-0.019991,-0.040291,0.005519,-0.031389,0.230482,-0.085265,-0.007331,0.151871,-0.006729,0.122295,0.181533,-0.110402,1.078706,1.478288,0.000000,0.000000,-0.200455,-0.223370,0.587938,1.060249,0.141894,0.000000,0.000000
0.183895,0.078667,0.866765,-0.003617,-0.037597,-0.060372,0.997461,-0.163349,0.078563,0.292783,0.480141,-0.121044,-0.021423,-0.038814,0.004786,-0.031255,0.235884,-0.093468,-0.007542,0.154340,-0.006903,0.122875,0.180860,-0.107161,1.077406,1.477543,0.000000,0.000000,-0.209471,-0.221019,0.593038,1.055046,0.143563,0.000000,0.000000
0.189065,0.079305,0.866435,-0.003953,-0.036555,-0.060312,0.997502,-0.165007,0.076594,0.302888,0.437089,-0.118905,-0.022905,-0.037340,0.003938,-0.031637,0.240676,-0.101863,-0.007696,0.156352,-0.007039,0.123313,0.180678,-0.105682,1.075791,1.477235,0.000000,0.000000,-0.219107,-0.219200,0.597736,1.049387,0.145177,0.000000,0.000000
0.194329,0.080024,0.866039,-0.004510,-0.035420,-0.059612,0.997583,-0.166480,0.074546,0.314169,0.393074,-0.116311,-0.024458,-0.035628,0.003214,-0.033365,0.245037,-0.110438,-0.007587,0.158056,-0.007160,0.123199,0.180119,-0.103851,1.074618,1.478340,0.000000,0.000000,-0.228069,-0.216918,0.600704,1.043517,0.144435,0.000000,0.000000
0.199532,0.080841,0.865674,-0.004921,-0.034165,-0.059215,0.997648,-0.167670,0.071898,0.324944,0.349625,-0.110226,-0.026017,-0.034019,0.002355,-0.034536,0.248717,-0.117790,-0.007613,0.159618,-0.007317,0.122856,0.179321,-0.103122,1.073529,1.478937,0.000000,0.000000,-0.236490,-0.214154,0.605008,1.038517,0.144287,0.000000,0.000000
0.204809,0.081575,0.865185,-0.005837,-0.032928,-0.058548,0.997724,-0.168497,0.069844,0.336707,0.304591,-0.102123,-0.027441,-0.032260,0.002082,-0.037025,0.252139,-0.125402,-0.007260,0.161154,-0.007452,0.122639,0.178607,-0.102329,1.072647,1.479540,0.000000,0.000000,-0.244841,-0.210623,0.609499,1.033190,0.142160,0.000000,0.000000
0.210229,0.082136,0.864247,-0.008626,-0.032516,-0.055418,0.997896,-0.168244,0.070875,0.342285,0.259694,-0.092644,-0.026866,-0.029171,0.004771,-0.041854,0.256072,-0.133931,-0.005735,0.159620,-0.007395,0.122427,0.181115,-0.100849,1.072180,1.480924,0.000000,0.000000,-0.251796,-0.204794,0.611077,1.028111,0.140833,0.000000,0.000000
0.215952,0.082910,0.863609,-0.009761,-0.032998,-0.052422,0.998032,-0.166357,0.070717,0.344354,0.215139,-0.084716,-0.025986,-0.024801,0.004826,-0.048906,0.260610,-0.142830,-0.004540,0.158354,-0.007380,0.122163,0.191310,-0.100482,1.072101,1.477940,0.000000,0.000000,-0.254037,-0.193418,0.608793,1.031317,0.126615,0.000000,0.000000
0.221915,0.083884,0.862784,-0.011719,-0.032914,-0.048721,0.998201,-0.164358,0.070428,0.345548,0.172526,-0.076252,-0.025062,-0.020053,0.005694,-0.056023,0.263935,-0.150694,-0.003111,0.155994,-0.007482,0.121690,0.197785,-0.101427,1.072882,1.475890,0.000000,0.000000,-0.257344,-0.183697,0.606572,1.031802,0.116641,0.000000,0.000000
0.227827,0.085030,0.861883,-0.013878,-0.032653,-0.044588,0.998375,-0.162312,0.069711,0.346149,0.127329,-0.066619,-0.024016,-0.014847,0.007211,-0.063875,0.266706,-0.158078,-0.001392,0.152273,-0.007597,0.120962,0.201989,-0.100989,1.073819,1.475013,0.000000,0.000000,-0.261684,-0.175155,0.604999,1.030361,0.109786,0.000000,0.000000
0.233658,0.086323,0.860978,-0.016060,-0.032091,-0.040560,0.998532,-0.160476,0.068703,0.346186,0.085479,-0.057242,-0.023080,-0.010238,0.008863,-0.070854,0.268837,-0.164471,0.000214,0.147536,-0.007643,0.119862,0.204364,-0.098670,1.075141,1.476592,0.000000,0.000000,-0.266468,-0.168205,0.604583,1.027806,0.104998,0.000000,0.000000
0.239393,0.087792,0.860145,-0.017752,-0.031305,-0.036818,0.998674,-0.158484,0.066918,0.345260,0.043698,-0.047106,-0.022179,-0.006019,0.009797,-0.078069,0.270847,-0.170431,0.001665,0.142682,-0.007662,0.118491,0.205722,-0.096359,1.076891,1.478329,0.000000,0.000000,-0.271600,-0.162044,0.604481,1.025315,0.102257,0.000000,0.000000
0.245155,0.089297,0.859350,-0.019136,-0.030360,-0.033174,0.998805,-0.156570,0.064772,0.343797,0.005476,-0.038213,-0.021392,-0.002334,0.010163,-0.084304,0.272837,-0.176311,0.002804,0.138049,-0.007661,0.117222,0.206466,-0.094456,1.078326,1.480125,0.000000,0.000000,-0.276548,-0.157117,0.605112,1.022648,0.099993,0.000000,0.000000
0.250984,0.090708,0.858644,-0.020225,-0.029352,-0.029644,0.998925,-0.155188,0.063069,0.342512,-0.017450,-0.032428,-0.020887,0.000374,0.010189,-0.088696,0.274652,-0.180584,0.003554,0.134509,-0.007641,0.116061,0.206590,-0.093222,1.079545,1.481687,0.000000,0.000000,-0.280290,-0.153719,0.605545,1.020582,0.098345,0.000000,0.000000
0.256818,0.092086,0.858233,-0.020977,-0.028334,-0.026733,0.999021,-0.154906,0.062713,0.342223,-0.017450,-0.031547,-0.020828,0.000940,0.010117,-0.089593,0.275110,-0.181542,0.003687,0.133813,-0.007627,0.115766,0.206537,-0.093019,1.079854,1.482021,0.000000,0.000000,-0.281109,-0.153019,0.605727,1.020140,0.098024,0.000000,0.000000
0.262770,0.093325,0.857803,-0.021698,-0.027492,-0.023874,0.999101,-0.154486,0.062245,0.341854,-0.017450,-0.030537,-0.020782,0.001776,0.009995,-0.090825,0.275884,-0.183000,0.003865,0.132848,-0.007608,0.115340,0.206481,-0.092781,1.080317,1.482548,0.000000,0.000000,-0.282248,-0.152083,0.605954,1.019460,0.097401,0.000000,0.000000
0.268829,0.094537,0.857114,-0.022609,-0.026579,-0.021027,0.999170,-0.153460,0.061213,0.341083,-0.017450,-0.028681,-0.020721,0.003798,0.009769,-0.093647,0.278006,-0.186557,0.004288,0.130543,-0.007539,0.114284,0.206244,-0.092432,1.081507,1.483770,0.000000,0.000000,-0.284670,-0.149644,0.606587,1.017922,0.096170,0.000000,0.000000
0.274960,0.095627,0.858028,-0.023795,-0.025823,-0.017424,0.999231,-0.151768,0.059774,0.340108,-0.017450,-0.026677,-0.020683,0.007039,0.009751,-0.097919,0.281824,-0.192406,0.005020,0.126614,-0.007421,0.112493,0.206004,-0.092261,1.083580,1.485666,0.000000,0.000000,-0.288138,-0.145649,0.607291,1.015618,0.094729,0.000000,0.000000
0.281198,0.096732,0.859009,-0.025062,-0.025231,-0.014010,0.999269,-0.149504,0.058241,0.339251,-0.017450,-0.025658,-0.020676,0.011225,0.010077,-0.103187,0.287345,-0.200210,0.006019,0.121408,-0.007293,0.110448,0.206057,-0.092497,1.086128,1.487896,0.000000,0.000000,-0.292047,-0.140453,0.607843,1.012881,0.093095,0.000000,0.000000
0.287489,0.097983,0.859844,-0.026258,-0.024875,-0.010714,0.999288,-0.147255,0.057015,0.338713,-0.017450,-0.026084,-0.020710,0.015189,0.010489,-0.107972,0.293318,-0.207716,0.006965,0.116534,-0.007185,0.108753,0.206309,-0.093265,1.088438,1.489676,0.000000,0.000000,-0.294939,-0.135451,0.608161,1.010815,0.091754,0.000000,0.000000
0.293612,0.099260,0.860676,-0.027305,-0.024398,-0.007928,0.999298,-0.144839,0.055867,0.338345,-0.017450,-0.027711,-0.020760,0.019452,0.010946,-0.112721,0.300979,-0.216095,0.007921,0.111604,-0.007109,0.107077,0.206784,-0.094796,1.090547,1.491450,0.000000,0.000000,-0.297417,-0.129985,0.608229,1.008653,0.090329,0.000000,0.000000
0.299941,0.100712,0.861101,-0.027741,-0.024016,-0.005729,0.999310,-0.143818,0.055311,0.338089,-0.017450,-0.028086,-0.020824,0.021166,0.010861,-0.114300,0.304599,-0.219664,0.008181,0.109904,-0.007092,0.106437,0.206882,-0.095795,1.091373,1.491980,0.000000,0.000000,-0.298095,-0.127895,0.608237,1.007951,0.089767,0.000000,0.000000
0.306314,0.102387,0.861480,-0.027748,-0.023554,-0.004262,0.999328,-0.142594,0.054479,0.337542,-0.017450,-0.028452,-0.020951,0.023033,0.010361,-0.115620,0.309123,-0.223783,0.008287,0.108399,-0.007086,0.105663,0.206778,-0.097092,1.092234,1.492490,0.000000,0.000000,-0.298596,-0.125744,0.608303,1.007339,0.089222,0.000000,0.000000
0.312766,0.103972,0.861879,-0.027275,-0.023033,-0.003407,0.999357,-0.140614,0.052925,0.336366,-0.017450,-0.029469,-0.021189,0.025798,0.008944,-0.116888,0.316800,-0.230327,0.008150,0.106781,-0.007096,0.104493,0.206314,-0.099455,1.093301,1.493004,0.000000,0.000000,-0.299088,-0.122840,0.608504,1.006646,0.088541,0.000000,0.000000
0.319289,0.105542,0.862266,-0.026960,-0.022597,-0.002603,0.999378,-0.138743,0.051372,0.335117,-0.017450,-0.029811,-0.021443,0.028418,0.007129,-0.117596,0.325021,-0.236785,0.007812,0.105864,-0.007126,0.103324,0.205660,-0.102046,1.094082,1.493471,0.000000,0.000000,-0.299077,-0.120232,0.608459,1.006094,0.088064,0.000000,0.000000
0.325762,0.106934,0.862659,-0.027399,-0.022357,-0.000884,0.999374,-0.137611,0.050628,0.334579,-0.017450,-0.028375,-0.021612,0.030222,0.005989,-0.118016,0.331144,-0.241169,0.007603,0.105263,-0.007118,0.102486,0.205312,-0.103827,1.094469,1.493931,0.000000,0.000000,-0.298685,-0.118333,0.608143,1.005872,0.087941,0.000000,0.000000
0.332026,0.108070,0.863121,-0.027448,-0.021914,0.000920,0.999383,-0.136233,0.049916,0.334126,-0.017450,-0.022734,-0.021876,0.032829,0.004353,-0.118383,0.340905,-0.247371,0.007271,0.104234,-0.007108,0.101135,0.204880,-0.106477,1.094809,1.494757,0.000000,0.000000,-0.297805,-0.115549,0.607635,1.005706,0.087919,0.000000,0.000000
0.337937,0.109469,0.863451,-0.026908,-0.021143,0.002193,0.999412,-0.135502,0.049383,0.333677,-0.017450,-0.016738,-0.022074,0.034321,0.003042,-0.118427,0.347835,-0.250997,0.006954,0.103578,-0.007106,0.100039,0.204503,-0.108033,1.094813,1.495428,0.000000,0.000000,-0.297159,-0.113853,0.607249,1.005794,0.088078,0.000000,0.000000
0.343672,0.111365,0.863875,-0.025806,-0.019972,0.003573,0.999461,-0.134582,0.047923,0.332048,-0.017450,-0.004248,-0.022452,0.035985,0.000489,-0.118113,0.358867,-0.255544,0.006248,0.102821,-0.007139,0.097974,0.203523,-0.110458,1.094558,1.496503,0.000000,0.000000,-0.296273,-0.111841,0.606631,1.006369,0.088453,0.000000,0.000000
0.349442,0.113659,0.864288,-0.024232,-0.018727,0.004634,0.999520,-0.133535,0.044953,0.328411,-0.017450,0.016408,-0.023102,0.037202,-0.003705,-0.117399,0.373667,-0.259709,0.005035,0.102432,-0.007202,0.094941,0.201706,-0.113462,1.093989,1.497497,0.000000,0.000000,-0.295199,-0.110173,0.605679,1.007911,0.088933,0.000000,0.000000
0.355295,0.116030,0.864518,-0.022154,-0.017839,0.005014,0.999583,-0.132349,0.040522,0.322724,-0.017450,0.044564,-0.024081,0.037640,-0.009734,-0.116430,0.391653,-0.262474,0.003287,0.103066,-0.007300,0.091586,0.198960,-0.116461,1.093206,1.498007,0.000000,0.000000,-0.293602,-0.109061,0.604615,1.011064,0.089746,0.000000,0.000000
0.361076,0.118136,0.864525,-0.019696,-0.017221,0.005361,0.999643,-0.131228,0.035201,0.315724,-0.017450,0.073546,-0.025297,0.037192,-0.017161,-0.115386,0.411802,-0.263502,0.001156,0.104734,-0.007397,0.088261,0.195798,-0.119414,1.092414,1.498063,0.000000,0.000000,-0.291369,-0.108991,0.602890,1.015900,0.089186,0.000000,0.000000
0.366842,0.119988,0.864513,-0.018110,-0.016929,0.007475,0.999665,-0.130268,0.030244,0.309119,-0.017450,0.092706,-0.026470,0.036129,-0.024017,-0.115253,0.433695,-0.262297,-0.000633,0.106110,-0.007415,0.085012,0.193271,-0.122236,1.091640,1.498385,0.000000,0.000000,-0.287766,-0.108993,0.599554,1.022075,0.088129,0.000000,0.000000
0.372654,0.122046,0.864227,-0.016249,-0.017150,0.009738,0.999673,-0.129340,0.024840,0.301912,-0.017450,0.100764,-0.027471,0.034668,-0.031237,-0.115817,0.458790,-0.258326,-0.002384,0.107380,-0.007363,0.082022,0.191215,-0.125503,1.090966,1.498750,0.000000,0.000000,-0.282184,-0.109245,0.594421,1.029721,0.086886,0.000000,0.000000
0.378369,0.124270,0.863780,-0.014052,-0.017532,0.011763,0.999678,-0.128314,0.018658,0.293817,-0.017450,0.096837,-0.028098,0.032612,-0.039191,-0.116760,0.486331,-0.250880,-0.004289,0.108871,-0.007266,0.079584,0.189308,-0.128317,1.090014,1.498904,0.000000,0.000000,-0.274807,-0.109871,0.588467,1.038500,0.085076,0.000000,0.000000
0.383875,0.126613,0.863221,-0.011834,-0.018183,0.014408,0.999661,-0.127347,0.012877,0.286340,-0.017450,0.086708,-0.028294,0.030364,-0.046251,-0.117846,0.511811,-0.241061,-0.005993,0.109709,-0.007156,0.077838,0.188016,-0.130553,1.089250,1.498593,0.000000,0.000000,-0.267291,-0.110541,0.582511,1.046755,0.084309,0.000000,0.000000
0.389128,0.128950,0.862621,-0.009762,-0.019089,0.017684,0.999614,-0.126217,0.007076,0.278919,-0.017450,0.074004,-0.028297,0.027550,-0.053279,-0.119994,0.539227,-0.227967,-0.007529,0.109715,-0.007008,0.076080,0.187223,-0.132735,1.088856,1.497530,0.000000,0.000000,-0.259158,-0.110848,0.575675,1.056054,0.084297,0.000000,0.000000
0.394156,0.131337,0.862832,-0.008122,-0.020118,0.022005,0.999522,-0.125069,0.001697,0.272053,-0.006705,0.061494,-0.028360,0.024223,-0.059456,-0.123138,0.567306,-0.212603,-0.008663,0.108180,-0.006828,0.074700,0.187712,-0.135473,1.088274,1.495712,0.000000,0.000000,-0.250945,-0.110845,0.568474,1.065368,0.084726,0.000000,0.000000
0.398993,0.133705,0.863209,-0.006622,-0.021211,0.026399,0.999404,-0.123444,-0.003670,0.265310,0.006254,0.048794,-0.028548,0.019949,-0.065725,-0.127372,0.598350,-0.191158,-0.009621,0.106009,-0.006657,0.073366,0.188420,-0.138092,1.087345,1.492983,0.000000,0.000000,-0.242009,-0.110009,0.562034,1.075105,0.085482,0.000000,0.000000
0.403584,0.136004,0.863547,-0.005278,-0.022274,0.031068,0.999255,-0.121275,-0.008955,0.258787,0.017767,0.036911,-0.028790,0.014690,-0.071798,-0.132099,0.630535,-0.165074,-0.010417,0.103070,-0.006459,0.071747,0.189497,-0.140323,1.085793,1.489852,0.000000,0.000000,-0.233152,-0.108657,0.556058,1.085201,0.086836,0.000000,0.000000
0.408040,0.138141,0.863918,-0.004697,-0.023384,0.036192,0.999060,-0.118507,-0.012484,0.250634,0.026532,0.026457,-0.028317,0.008906,-0.076489,-0.137467,0.662218,-0.135822,-0.010636,0.099140,-0.006255,0.069626,0.191695,-0.141653,1.084178,1.487226,0.000000,0.000000,-0.225027,-0.106421,0.551100,1.095085,0.087929,0.000000,0.000000
0.412418,0.140288,0.864328,-0.004657,-0.024715,0.041635,0.998816,-0.115173,-0.014531,0.241059,0.033810,0.017022,-0.027250,0.002944,-0.080411,-0.143860,0.693634,-0.103001,-0.010367,0.093949,-0.006059,0.067834,0.194748,-0.143041,1.081883,1.484646,0.000000,0.000000,-0.217039,-0.102950,0.547306,1.104986,0.088177,0.000000,0.000000
0.416826,0.142476,0.864750,-0.004719,-0.026109,0.047236,0.998531,-0.111482,-0.016163,0.230972,0.040649,0.008143,-0.026015,-0.003160,-0.084206,-0.150248,0.724867,-0.066127,-0.010008,0.087883,-0.005861,0.066465,0.198525,-0.144138,1.078310,1.482327,0.000000,0.000000,-0.209107,-0.099091,0.544190,1.114843,0.087865,0.000000,0.000000
0.421258,0.144636,0.865151,-0.004816,-0.027530,0.052753,0.998216,-0.107696,-0.017423,0.220298,0.046983,0.000056,-0.024620,-0.009021,-0.087748,-0.155546,0.753456,-0.026706,-0.009746,0.081797,-0.005683,0.065384,0.202337,-0.144853,1.073608,1.480540,0.000000,0.000000,-0.201810,-0.095307,0.541880,1.124144,0.086457,0.000000,0.000000
0.425743,0.146792,0.865521,-0.004919,-0.029113,0.058326,0.997861,-0.103831,-0.018449,0.209410,0.053334,-0.007406,-0.023158,-0.014366,-0.091131,-0.160129,0.779081,0.011789,-0.009551,0.076008,-0.005498,0.064979,0.206341,-0.146409,1.067675,1.478645,0.000000,0.000000,-0.195137,-0.091848,0.540014,1.132964,0.084767,0.000000,0.000000
0.430254,0.149018,0.865898,-0.005098,-0.030679,0.065290,0.997382,-0.099701,-0.019649,0.197655,0.059133,-0.014855,-0.021601,-0.019500,-0.094382,-0.165558,0.803739,0.052740,-0.009074,0.069079,-0.005246,0.065231,0.211055,-0.151033,1.060112,1.475985,0.000000,0.000000,-0.188160,-0.088756,0.536152,1.141888,0.082871,0.000000,0.000000
0.434798,0.151358,0.866095,-0.004440,-0.032118,0.068862,0.997099,-0.095201,-0.021974,0.188309,0.063962,-0.021877,-0.020714,-0.024602,-0.099292,-0.167855,0.824665,0.091091,-0.009730,0.064355,-0.005128,0.065997,0.214905,-0.152579,1.050629,1.473377,0.000000,0.000000,-0.182093,-0.085653,0.534989,1.150491,0.078947,0.000000,0.000000
0.439254,0.153551,0.866356,-0.004288,-0.033243,0.073848,0.996706,-0.091116,-0.023959,0.179099,0.067544,-0.027065,-0.019750,-0.029449,-0.102333,-0.167394,0.841927,0.120148,-0.010387,0.060144,-0.004997,0.066074,0.219037,-0.154304,1.040280,1.471778,0.000000,0.000000,-0.177465,-0.083801,0.533801,1.157512,0.075971,0.000000,0.000000
0.443574,0.155963,0.866595,-0.004353,-0.034617,0.079091,0.996257,-0.087249,-0.025775,0.171056,0.071665,-0.031783,-0.018955,-0.033822,-0.105485,-0.168365,0.856139,0.131703,-0.010820,0.056276,-0.004842,0.066051,0.223708,-0.157266,1.029992,1.471126,0.000000,0.000000,-0.172746,-0.082524,0.532451,1.163420,0.072938,0.000000,0.000000
0.448019,0.158870,0.866804,-0.004352,-0.035632,0.084652,0.995764,-0.083609,-0.028122,0.163289,0.074917,-0.036621,-0.018326,-0.037891,-0.109516,-0.170695,0.867808,0.127870,-0.011312,0.052749,-0.004681,0.065515,0.228232,-0.160606,1.019853,1.470856,0.000000,0.000000,-0.168373,-0.081828,0.530108,1.168510,0.069510,0.000000,0.000000
0.452573,0.162061,0.867043,-0.004258,-0.036823,0.091030,0.995158,-0.078949,-0.031479,0.153432,0.079212,-0.042600,-0.017606,-0.042521,-0.115293,-0.173997,0.880995,0.112533,-0.012134,0.048170,-0.004490,0.064851,0.233984,-0.165353,1.006903,1.470772,0.000000,0.000000,-0.162597,-0.082010,0.526219,1.173269,0.065586,0.000000,0.000000
0.457115,0.165503,0.867196,-0.003946,-0.038074,0.097665,0.994483,-0.074275,-0.035325,0.143661,0.083527,-0.048409,-0.017018,-0.046591,-0.122023,-0.177520,0.892641,0.094422,-0.013245,0.043709,-0.004319,0.064220,0.239424,-0.170404,0.993923,1.471048,0.000000,0.000000,-0.156388,-0.083256,0.521720,1.176345,0.062309,0.000000,0.000000
0.461524,0.168893,0.867261,-0.003341,-0.039355,0.103796,0.993814,-0.069570,-0.039565,0.134029,0.087894,-0.054367,-0.016550,-0.050397,-0.129766,-0.181106,0.902888,0.079548,-0.014652,0.039739,-0.004148,0.064076,0.244463,-0.174742,0.980379,1.471730,0.000000,0.000000,-0.149414,-0.085113,0.517116,1.177963,0.059199,0.000000,0.000000
0.465594,0.171964,0.867482,-0.003729,-0.040824,0.113195,0.992727,-0.065229,-0.042674,0.122053,0.093741,-0.059720,-0.015429,-0.053802,-0.135440,-0.184951,0.911709,0.066788,-0.015367,0.033962,-0.003862,0.063176,0.250714,-0.181374,0.966049,1.471480,0.000000,0.000000,-0.141885,-0.087924,0.510109,1.178143,0.058630,0.000000,0.000000
0.469556,0.174789,0.867569,-0.003507,-0.042217,0.120874,0.991764,-0.061402,-0.045522,0.109852,0.099127,-0.064851,-0.014221,-0.057019,-0.140639,-0.188562,0.917782,0.059384,-0.016002,0.028895,-0.003638,0.062280,0.256119,-0.186373,0.952957,1.470786,0.000000,0.000000,-0.134281,-0.090282,0.503879,1.177659,0.058399,0.000000,0.000000
0.473426,0.177344,0.867678,-0.003425,-0.043493,0.128539,0.990744,-0.057650,-0.048019,0.097747,0.104147,-0.069739,-0.012947,-0.060574,-0.145007,-0.191378,0.921517,0.053011,-0.016540,0.023631,-0.003395,0.061455,0.261649,-0.189998,0.939676,1.470154,0.000000,0.000000,-0.126391,-0.092502,0.498016,1.176467,0.058639,0.000000,0.000000
0.477261,0.179520,0.867809,-0.003443,-0.044626,0.136082,0.989686,-0.054097,-0.049958,0.085981,0.108656,-0.074227,-0.011590,-0.064406,-0.148083,-0.192993,0.922776,0.046637,-0.016944,0.018504,-0.003155,0.060518,0.267378,-0.192077,0.926177,1.469443,0.000000,0.000000,-0.118628,-0.094802,0.491797,1.174468,0.059969,0.000000,0.000000
0.480940,0.181331,0.867968,-0.003660,-0.045789,0.144040,0.988505,-0.050894,-0.051143,0.074816,0.113250,-0.078263,-0.010146,-0.068323,-0.149669,-0.193394,0.921532,0.039627,-0.017173,0.013098,-0.002906,0.059736,0.273292,-0.193183,0.912742,1.468374,0.000000,0.000000,-0.110830,-0.096909,0.485059,1.172261,0.063051,0.000000,0.000000
0.484476,0.182755,0.868130,-0.003839,-0.046821,0.151869,0.987284,-0.048151,-0.051800,0.064145,0.117944,-0.081890,-0.008648,-0.072386,-0.150029,-0.192574,0.917637,0.032762,-0.017312,0.007852,-0.002660,0.059018,0.279397,-0.193537,0.899142,1.466581,0.000000,0.000000,-0.103179,-0.099024,0.478345,1.169683,0.067356,0.000000,0.000000
0.487911,0.183878,0.868252,-0.003781,-0.047962,0.158894,0.986123,-0.045635,-0.052179,0.054458,0.123583,-0.085312,-0.007256,-0.076523,-0.149836,-0.190455,0.911307,0.026089,-0.017588,0.003967,-0.002479,0.058440,0.285533,-0.193505,0.885717,1.463388,0.000000,0.000000,-0.095448,-0.101023,0.472062,1.167413,0.073292,0.000000,0.000000
0.491107,0.184871,0.868403,-0.003896,-0.048925,0.167091,0.984719,-0.043457,-0.052325,0.043622,0.129266,-0.089162,-0.005616,-0.081133,-0.148936,-0.188578,0.903198,0.017866,-0.017605,-0.000195,-0.002305,0.058307,0.292280,-0.192849,0.869500,1.458938,0.000000,0.000000,-0.087187,-0.103648,0.464189,1.164033,0.080486,0.000000,0.000000
0.494309,0.185670,0.868567,-0.004072,-0.049641,0.175612,0.983199,-0.041755,-0.052155,0.033221,0.134216,-0.092587,-0.003958,-0.085603,-0.147323,-0.186334,0.893037,0.009978,-0.017511,-0.004856,-0.002104,0.057525,0.298009,-0.191226,0.855088,1.454475,0.000000,0.000000,-0.080030,-0.105636,0.456110,1.161536,0.088634,0.000000,0.000000
0.497476,0.186378,0.868689,-0.004022,-0.050330,0.183406,0.981740,-0.040126,-0.052031,0.023295,0.138828,-0.095680,-0.002385,-0.089973,-0.145791,-0.183026,0.880780,0.003625,-0.017697,-0.008792,-0.001946,0.056723,0.302936,-0.189808,0.841598,1.449253,0.000000,0.000000,-0.073500,-0.107559,0.448812,1.159343,0.096069,0.000000,0.000000
0.500577,0.187158,0.868786,-0.003850,-0.050822,0.191297,0.980208,-0.038650,-0.052199,0.013428,0.143132,-0.098518,-0.000887,-0.094187,-0.144828,-0.179587,0.866536,-0.001967,-0.018100,-0.012064,-0.001787,0.055353,0.307879,-0.188554,0.827901,1.445191,0.000000,0.000000,-0.067213,-0.109796,0.441543,1.157556,0.103659,0.000000,0.000000
0.503606,0.187933,0.868860,-0.003623,-0.051227,0.199304,0.978591,-0.037323,-0.052565,0.003207,0.147217,-0.101142,0.000623,-0.098180,-0.144282,-0.175912,0.850509,-0.006486,-0.018693,-0.014507,-0.001645,0.053798,0.311935,-0.188346,0.815109,1.440172,0.000000,0.000000,-0.061020,-0.112145,0.434589,1.156257,0.110289,0.000000,0.000000
0.506636,0.188620,0.868933,-0.003416,-0.051597,0.207474,0.976873,-0.036157,-0.052843,-0.007339,0.151415,-0.103791,0.002215,-0.101888,-0.143949,-0.172316,0.833153,-0.009821,-0.019341,-0.017575,-0.001487,0.052118,0.315821,-0.188055,0.802814,1.434806,0.000000,0.000000,-0.055369,-0.114353,0.427614,1.155162,0.117786,0.000000,0.000000
0.509724,0.189238,0.868974,-0.003052,-0.051943,0.215003,0.975226,-0.035001,-0.053213,-0.017689,0.155673,-0.106784,0.003753,-0.105395,-0.144064,-0.168437,0.814296,-0.012381,-0.020195,-0.019903,-0.001378,0.050570,0.319540,-0.187040,0.789853,1.428903,0.000000,0.000000,-0.049703,-0.116904,0.422876,1.153901,0.123882,0.000000,0.000000
0.512875,0.189817,0.869047,-0.002902,-0.052265,0.223490,0.973300,-0.034013,-0.053324,-0.028602,0.160042,-0.109861,0.005451,-0.108530,-0.144074,-0.164691,0.794422,-0.015180,-0.020995,-0.022442,-0.001249,0.049333,0.323100,-0.186378,0.777228,1.423486,0.000000,0.000000,-0.044274,-0.119276,0.417528,1.153066,0.129121,0.000000,0.000000
0.516066,0.190362,0.869114,-0.002687,-0.052466,0.232050,0.971284,-0.033123,-0.053435,-0.040227,0.164546,-0.113076,0.007263,-0.111419,-0.144296,-0.161060,0.772330,-0.018861,-0.021853,-0.024809,-0.001054,0.047523,0.326578,-0.186825,0.764964,1.419102,0.000000,0.000000,-0.038704,-0.121619,0.411785,1.152538,0.134050,0.000000,0.000000
0.519238,0.190978,0.869161,-0.002425,-0.052617,0.240695,0.969170,-0.032336,-0.053661,-0.051223,0.168708,-0.115975,0.008949,-0.113763,-0.145012,-0.157844,0.750858,-0.022217,-0.022774,-0.026847,-0.000901,0.045583,0.329594,-0.188591,0.754410,1.416119,0.000000,0.000000,-0.033597,-0.123643,0.407052,1.152297,0.138120,0.000000,0.000000
0.522389,0.191662,0.869205,-0.002177,-0.052690,0.249234,0.967006,-0.031583,-0.053931,-0.062358,0.172735,-0.118874,0.010648,-0.115874,-0.146186,-0.154489,0.728109,-0.025220,-0.023865,-0.028759,-0.000775,0.043750,0.332133,-0.190481,0.744132,1.412545,0.000000,0.000000,-0.028826,-0.126239,0.402584,1.151665,0.141592,0.000000,0.000000
0.525589,0.192407,0.869240,-0.001879,-0.052580,0.257966,0.964720,-0.030881,-0.054336,-0.073414,0.176539,-0.121712,0.012303,-0.117716,-0.147851,-0.151276,0.704352,-0.027942,-0.025057,-0.030542,-0.000644,0.041996,0.333851,-0.192181,0.734221,1.409186,0.000000,0.000000,-0.023784,-0.128244,0.398291,1.151518,0.144818,0.000000,0.000000
0.528787,0.193105,0.869260,-0.001499,-0.052449,0.266524,0.962399,-0.030163,-0.054795,-0.084537,0.180060,-0.124403,0.013957,-0.119304,-0.149854,-0.147869,0.679806,-0.030409,-0.026381,-0.032045,-0.000521,0.040282,0.335511,-0.193784,0.725143,1.406865,0.000000,0.000000,-0.019068,-0.130630,0.394668,1.151536,0.147159,0.000000,0.000000
0.532000,0.193735,0.869278,-0.001093,-0.052316,0.275038,0.960008,-0.029478,-0.055202,-0.095775,0.183546,-0.126468,0.015647,-0.120551,-0.152102,-0.144180,0.654573,-0.032487,-0.027822,-0.033251,-0.000397,0.038673,0.337602,-0.195267,0.716689,1.406517,0.000000,0.000000,-0.014406,-0.133062,0.391415,1.151808,0.148563,0.000000,0.000000
0.535196,0.194273,0.869301,-0.000695,-0.051973,0.283865,0.957454,-0.028957,-0.055559,-0.106679,0.186622,-0.128554,0.017296,-0.121561,-0.154535,-0.140441,0.628564,-0.034288,-0.029293,-0.034507,-0.000286,0.036756,0.339766,-0.197013,0.708885,1.406801,0.000000,0.000000,-0.010021,-0.135414,0.388296,1.152184,0.149783,0.000000,0.000000
0.538263,0.194836,0.869338,-0.000436,-0.051606,0.293544,0.954551,-0.028732,-0.055788,-0.117971,0.189717,-0.130274,0.019044,-0.122169,-0.157198,-0.137209,0.602089,-0.036393,-0.030698,-0.036367,-0.000115,0.034663,0.341764,-0.200043,0.701818,1.406863,0.000000,0.000000,-0.005492,-0.137599,0.385133,1.152604,0.151155,0.000000,0.000000
0.541353,0.195360,0.869358,-0.000069,-0.051163,0.302733,0.951701,-0.028609,-0.055984,-0.128897,0.192625,-0.131966,0.020744,-0.122480,-0.160149,-0.133838,0.574895,-0.037837,-0.032190,-0.038180,0.000015,0.032992,0.343123,-0.202676,0.695621,1.407881,0.000000,0.000000,-0.000974,-0.139068,0.381701,1.153162,0.154152,0.000000,0.000000
0.544491,0.195871,0.869327,0.000586,-0.050601,0.311280,0.948970,-0.028477,-0.056500,-0.139702,0.195313,-0.133604,0.022345,-0.122560,-0.163627,-0.129561,0.546637,-0.038187,-0.033984,-0.038564,0.000080,0.031012,0.344417,-0.205394,0.690534,1.410520,0.000000,0.000000,0.003445,-0.141153,0.379962,1.154551,0.153689,0.000000,0.000000
0.547694,0.196342,0.869347,0.000930,-0.050005,0.320279,0.946002,-0.028496,-0.056583,-0.150268,0.197866,-0.135077,0.024020,-0.122232,-0.166870,-0.124774,0.517565,-0.038311,-0.035758,-0.038866,0.000161,0.028776,0.345489,-0.207900,0.686818,1.412867,0.000000,0.000000,0.007876,-0.143168,0.377538,1.155611,0.152407,0.000000,0.000000
0.550905,0.196857,0.869321,0.001527,-0.049263,0.328603,0.943181,-0.028474,-0.056869,-0.159667,0.200070,-0.136940,0.025453,-0.121619,-0.170639,-0.119480,0.487334,-0.037718,-0.037735,-0.038395,0.000214,0.026169,0.345561,-0.209503,0.683818,1.414470,0.000000,0.000000,0.011755,-0.144892,0.374017,1.156833,0.154478,0.000000,0.000000
0.554167,0.197276,0.869328,0.001915,-0.048469,0.337515,0.940070,-0.028719,-0.056740,-0.169255,0.202528,-0.138331,0.027029,-0.120498,-0.174190,-0.113209,0.456008,-0.037548,-0.039769,-0.037755,0.000280,0.023756,0.345961,-0.212112,0.681695,1.416495,0.000000,0.000000,0.015594,-0.146447,0.369856,1.158203,0.156412,0.000000,0.000000
0.557431,0.197744,0.869329,0.002287,-0.047608,0.346261,0.936927,-0.029087,-0.056470,-0.178518,0.205124,-0.139635,0.028594,-0.118964,-0.177771,-0.106259,0.423965,-0.037965,-0.041857,-0.036825,0.000320,0.021688,0.345884,-0.215483,0.680692,1.418726,0.000000,0.000000,0.019764,-0.147496,0.366392,1.159613,0.158956,0.000000,0.000000
0.560709,0.198128,0.869306,0.002781,-0.046632,0.355279,0.933592,-0.029620,-0.056264,-0.188392,0.207672,-0.140939,0.030240,-0.117008,-0.181416,-0.098478,0.391347,-0.038494,-0.044028,-0.035549,0.000352,0.019073,0.345984,-0.218346,0.680531,1.420966,0.000000,0.000000,0.023804,-0.148635,0.362281,1.161124,0.162462,0.000000,0.000000
0.564107,0.198444,0.869285,0.003235,-0.045605,0.363839,0.930339,-0.030167,-0.055826,-0.198088,0.210177,-0.142606,0.031918,-0.114682,-0.184989,-0.088609,0.356727,-0.039101,-0.046425,-0.034040,0.000365,0.016499,0.345911,-0.220116,0.680907,1.423191,0.000000,0.000000,0.027846,-0.149845,0.359061,1.162500,0.166296,0.000000,0.000000
0.567916,0.198517,0.869357,0.003327,-0.044567,0.371658,0.927293,-0.030604,-0.054158,-0.205139,0.212032,-0.144104,0.033488,-0.112350,-0.187214,-0.076206,0.323758,-0.039029,-0.048842,-0.030480,0.000324,0.013978,0.346198,-0.221886,0.681581,1.425219,0.000000,0.000000,0.031377,-0.150530,0.354923,1.163693,0.169016,0.000000,0.000000
0.572246,0.198337,0.869565,0.002888,-0.043739,0.378095,0.924728,-0.030695,-0.050426,-0.209175,0.213678,-0.145894,0.035101,-0.109841,-0.187710,-0.058359,0.288220,-0.038886,-0.051593,-0.023982,0.000184,0.011254,0.347629,-0.224079,0.683084,1.427545,0.000000,0.000000,0.035029,-0.149859,0.350860,1.164943,0.172730,0.000000,0.000000
0.576838,0.198334,0.869764,0.002516,-0.042992,0.384284,0.922210,-0.030271,-0.046265,-0.212095,0.215343,-0.148019,0.036639,-0.106992,-0.187676,-0.038680,0.253753,-0.038473,-0.054412,-0.016679,-0.000004,0.009396,0.349079,-0.225797,0.685281,1.429715,0.000000,0.000000,0.038894,-0.148564,0.347253,1.166112,0.175772,0.000000,0.000000
0.581680,0.198379,0.870010,0.002043,-0.042187,0.390728,0.919537,-0.029383,-0.041634,-0.214944,0.215946,-0.150062,0.038277,-0.103839,-0.187217,-0.017538,0.219913,-0.037619,-0.057240,-0.009029,-0.000247,0.007377,0.350561,-0.226868,0.687316,1.431984,0.000000,0.000000,0.042408,-0.147258,0.343883,1.167141,0.178423,0.000000,0.000000
0.586815,0.198574,0.870347,0.001384,-0.041383,0.397313,0.916748,-0.027839,-0.036382,-0.218021,0.214736,-0.151654,0.040094,-0.100396,-0.186331,0.005035,0.186853,-0.036769,-0.060070,-0.001752,-0.000492,0.006437,0.352674,-0.227303,0.689063,1.433805,0.000000,0.000000,0.045459,-0.146113,0.341522,1.168175,0.181130,0.000000,0.000000
0.592491,0.199005,0.870713,0.000816,-0.040165,0.403256,0.914205,-0.025564,-0.030917,-0.221149,0.211081,-0.153626,0.041924,-0.096986,-0.185338,0.029180,0.154296,-0.035387,-0.063001,0.005919,-0.000762,0.005688,0.354706,-0.226921,0.690647,1.436785,0.000000,0.000000,0.048160,-0.144558,0.339409,1.168872,0.183336,0.000000,0.000000
0.598535,0.199731,0.871070,0.000442,-0.038947,0.407913,0.912190,-0.022192,-0.025441,-0.224148,0.205760,-0.155668,0.043695,-0.093433,-0.184218,0.056619,0.121474,-0.033200,-0.066305,0.014506,-0.001103,0.006322,0.356380,-0.223819,0.691813,1.440964,0.000000,0.000000,0.050625,-0.143276,0.339945,1.169558,0.184937,0.000000,0.000000
0.604545,0.200767,0.871441,-0.000226,-0.037943,0.414490,0.909263,-0.018907,-0.019891,-0.227108,0.201075,-0.156576,0.045499,-0.089403,-0.182810,0.081284,0.092408,-0.032396,-0.069077,0.022051,-0.001372,0.006704,0.358343,-0.222487,0.692591,1.443498,0.000000,0.000000,0.053311,-0.141858,0.339065,1.169734,0.187391,0.000000,0.000000
0.610562,0.201997,0.871787,-0.001031,-0.037006,0.421324,0.906154,-0.015732,-0.014227,-0.230079,0.197014,-0.157184,0.047368,-0.085086,-0.180898,0.104979,0.065689,-0.032267,-0.071563,0.029275,-0.001645,0.007051,0.360784,-0.221413,0.693806,1.447637,0.000000,0.000000,0.056137,-0.140592,0.337894,1.169445,0.189422,0.000000,0.000000
0.616566,0.203316,0.872111,-0.001815,-0.036092,0.427532,0.903277,-0.012222,-0.008171,-0.233183,0.192576,-0.158536,0.049328,-0.080580,-0.178393,0.131869,0.038512,-0.033419,-0.074214,0.037542,-0.001941,0.008053,0.363108,-0.219569,0.694981,1.451523,0.000000,0.000000,0.059030,-0.139178,0.337179,1.168818,0.190860,0.000000,0.000000
0.622413,0.204735,0.872428,-0.002782,-0.035442,0.434570,0.899936,-0.009058,-0.002161,-0.236235,0.189020,-0.159846,0.051294,-0.076094,-0.175116,0.155218,0.015339,-0.036282,-0.076158,0.045765,-0.002243,0.008633,0.364978,-0.218182,0.697141,1.455516,0.000000,0.000000,0.061714,-0.137251,0.335100,1.168293,0.191244,0.000000,0.000000
0.628215,0.206266,0.872750,-0.004005,-0.034625,0.442342,0.896169,-0.006271,0.004401,-0.239569,0.185489,-0.161014,0.053439,-0.071575,-0.170923,0.178335,-0.006246,-0.040516,-0.077780,0.053780,-0.002529,0.008341,0.367543,-0.217198,0.699104,1.459322,0.000000,0.000000,0.064079,-0.135264,0.331495,1.167596,0.191192,0.000000,0.000000
0.634128,0.207928,0.872956,-0.004915,-0.033704,0.448977,0.892894,-0.003625,0.009996,-0.242351,0.182185,-0.162244,0.055265,-0.067851,-0.166649,0.198949,-0.017450,-0.044048,-0.079209,0.061790,-0.002820,0.008678,0.369693,-0.215474,0.700857,1.462390,0.000000,0.000000,0.066308,-0.133406,0.329645,1.166732,0.191690,0.000000,0.000000
0.640135,0.209738,0.873178,-0.005880,-0.032805,0.455805,0.889456,-0.000493,0.016286,-0.245407,0.177854,-0.163961,0.057279,-0.064015,-0.160837,0.221131,-0.017450,-0.048303,-0.080871,0.070616,-0.003155,0.009603,0.372396,-0.212723,0.702339,1.465539,0.000000,0.000000,0.068584,-0.131748,0.328706,1.165155,0.192282,0.000000,0.000000
0.646117,0.211713,0.873405,-0.006965,-0.031970,0.463139,0.885682,0.002511,0.022268,-0.248261,0.173374,-0.165063,0.059198,-0.060463,-0.154333,0.239925,-0.017450,-0.052508,-0.082104,0.077605,-0.003454,0.011494,0.375067,-0.208809,0.702829,1.468223,0.000000,0.000000,0.070292,-0.130103,0.328540,1.163588,0.192832,0.000000,0.000000
0.651944,0.213526,0.873571,-0.007796,-0.031074,0.469666,0.882263,0.005822,0.028574,-0.251169,0.168148,-0.165629,0.061193,-0.056988,-0.146749,0.258169,-0.017450,-0.056098,-0.083129,0.085624,-0.003806,0.013637,0.378024,-0.203488,0.704114,1.472185,0.000000,0.000000,0.071590,-0.128430,0.329300,1.162450,0.192585,0.000000,0.000000
0.657630,0.215147,0.873675,-0.008452,-0.030199,0.475914,0.878932,0.008838,0.034257,-0.253746,0.163162,-0.166059,0.062974,-0.054079,-0.139251,0.273229,-0.017450,-0.058126,-0.083811,0.093907,-0.004147,0.015768,0.380756,-0.197664,0.704659,1.473164,0.000000,0.000000,0.072366,-0.127541,0.330017,1.161193,0.192467,0.000000,0.000000
0.663141,0.216688,0.873762,-0.009111,-0.029412,0.481951,0.875657,0.011798,0.040035,-0.256327,0.158165,-0.166621,0.064795,-0.051393,-0.131265,0.287374,-0.017450,-0.058954,-0.084359,0.102809,-0.004574,0.018620,0.381476,-0.193640,0.704615,1.468338,0.000000,0.000000,0.073164,-0.125981,0.332237,1.160169,0.192755,0.000000,0.000000
0.668707,0.218104,0.873798,-0.009687,-0.028593,0.488056,0.872290,0.014616,0.045897,-0.258933,0.153208,-0.167302,0.066611,-0.049035,-0.122932,0.301400,-0.017450,-0.057693,-0.084964,0.111952,-0.004949,0.021455,0.383548,-0.188840,0.705034,1.465728,0.000000,0.000000,0.073607,-0.124662,0.334840,1.159469,0.193078,0.000000,0.000000
0.673261,0.219457,0.873609,-0.009875,-0.026803,0.496540,0.867544,0.015416,0.049016,-0.260435,0.149878,-0.167152,0.067573,-0.047645,-0.119231,0.306100,-0.017450,-0.055094,-0.085132,0.115792,-0.005107,0.022836,0.384572,-0.185715,0.705283,1.464637,0.000000,0.000000,0.073332,-0.124937,0.336211,1.158850,0.193248,0.000000,0.000000
0.676684,0.220066,0.873193,-0.010059,-0.023701,0.506974,0.861577,0.014843,0.051263,-0.261743,0.146931,-0.166581,0.068255,-0.047062,-0.117507,0.307598,-0.017450,-0.050976,-0.085230,0.117359,-0.005222,0.023318,0.384852,-0.183354,0.705558,1.463999,0.000000,0.000000,0.072480,-0.125912,0.337828,1.158302,0.193839,0.000000,0.000000
0.679482,0.219678,0.872837,-0.010198,-0.020087,0.516757,0.855836,0.011623,0.055660,-0.264698,0.140679,-0.164879,0.069530,-0.047506,-0.115502,0.309638,-0.017450,-0.039971,-0.085718,0.119836,-0.005397,0.023138,0.384780,-0.178441,0.706291,1.462533,0.000000,0.000000,0.069492,-0.129173,0.342395,1.157183,0.195403,0.000000,0.000000
0.682012,0.218535,0.872491,-0.010448,-0.016334,0.526275,0.850093,0.006261,0.060128,-0.268108,0.134466,-0.162784,0.070784,-0.050142,-0.114567,0.311366,-0.017450,-0.027885,-0.086487,0.122164,-0.005598,0.021886,0.384368,-0.172995,0.707262,1.460078,0.000000,0.000000,0.065096,-0.133625,0.348574,1.156234,0.197121,0.000000,0.000000
0.684178,0.216784,0.872210,-0.010763,-0.013073,0.534685,0.844882,-0.000490,0.064404,-0.271750,0.129248,-0.160623,0.071980,-0.055030,-0.114598,0.313378,-0.017450,-0.019482,-0.087390,0.125088,-0.005731,0.020471,0.384055,-0.166557,0.708511,1.457155,0.000000,0.000000,0.059788,-0.138313,0.355440,1.155514,0.199224,0.000000,0.000000
0.686869,0.214712,0.871963,-0.010765,-0.011036,0.541214,0.840743,-0.006756,0.068641,-0.275311,0.125924,-0.159190,0.073219,-0.061109,-0.113951,0.314733,-0.015787,-0.013315,-0.087871,0.130728,-0.005899,0.019895,0.384262,-0.160053,0.710636,1.454793,0.000000,0.000000,0.055212,-0.142001,0.364013,1.155728,0.200429,0.000000,0.000000
0.690201,0.212683,0.871753,-0.010533,-0.010343,0.545888,0.837728,-0.010923,0.073124,-0.278611,0.124240,-0.158925,0.074638,-0.067141,-0.111374,0.314636,-0.005232,-0.008022,-0.087774,0.140364,-0.006157,0.021224,0.386013,-0.152806,0.713464,1.452427,0.000000,0.000000,0.052031,-0.144204,0.373005,1.156311,0.201863,0.000000,0.000000
0.693937,0.210984,0.871546,-0.010183,-0.010385,0.549979,0.835052,-0.012664,0.077900,-0.281593,0.122756,-0.159389,0.076179,-0.072257,-0.106973,0.313152,0.009902,-0.003702,-0.087247,0.152087,-0.006541,0.024565,0.389167,-0.144607,0.716431,1.450539,0.000000,0.000000,0.050518,-0.145339,0.383385,1.156975,0.201057,0.000000,0.000000
0.698039,0.209611,0.871276,-0.009957,-0.010039,0.554818,0.831852,-0.013111,0.082736,-0.284358,0.119855,-0.159563,0.077737,-0.075971,-0.102210,0.311156,0.023730,-0.003349,-0.086400,0.162958,-0.006927,0.027758,0.392047,-0.137526,0.719025,1.448914,0.000000,0.000000,0.049450,-0.145971,0.392174,1.157536,0.200382,0.000000,0.000000
0.702310,0.208510,0.870943,-0.009948,-0.009035,0.560789,0.827850,-0.013465,0.088101,-0.287432,0.114727,-0.159239,0.079382,-0.079257,-0.097424,0.309075,0.036629,-0.005806,-0.085394,0.172402,-0.007330,0.030943,0.395188,-0.130691,0.721526,1.447294,0.000000,0.000000,0.047835,-0.147124,0.401244,1.157660,0.199898,0.000000,0.000000
0.706811,0.207642,0.870741,-0.010310,-0.008384,0.567264,0.823429,-0.013571,0.093986,-0.290706,0.108781,-0.158685,0.081178,-0.081603,-0.092194,0.306452,0.048515,-0.010091,-0.084014,0.179826,-0.007608,0.034333,0.398860,-0.124538,0.723140,1.447875,0.000000,0.000000,0.046328,-0.148442,0.410300,1.157289,0.197644,0.000000,0.000000
0.711552,0.206950,0.870543,-0.010544,-0.008287,0.572496,0.819798,-0.012729,0.100846,-0.294225,0.102076,-0.158085,0.083232,-0.083383,-0.085579,0.302794,0.061253,-0.015951,-0.082093,0.189187,-0.007977,0.038854,0.404553,-0.116609,0.724218,1.446142,0.000000,0.000000,0.043982,-0.150782,0.418530,1.155839,0.196415,0.000000,0.000000
0.716305,0.206694,0.870360,-0.010957,-0.008186,0.578183,0.815792,-0.011323,0.107827,-0.297617,0.094679,-0.157262,0.085279,-0.084284,-0.078985,0.298922,0.072259,-0.022840,-0.080046,0.198032,-0.008361,0.043684,0.409507,-0.108419,0.725024,1.444000,0.000000,0.000000,0.042127,-0.152204,0.427329,1.154199,0.194647,0.000000,0.000000
0.721155,0.206740,0.870111,-0.011212,-0.008068,0.583850,0.811744,-0.009449,0.114644,-0.300743,0.086901,-0.155907,0.087260,-0.084363,-0.072673,0.294999,0.081651,-0.029527,-0.078007,0.206668,-0.008708,0.048940,0.414145,-0.101839,0.726088,1.445610,0.000000,0.000000,0.041200,-0.152682,0.436939,1.152431,0.191845,0.000000,0.000000
0.725835,0.206965,0.869929,-0.011645,-0.008183,0.589721,0.807482,-0.007401,0.121507,-0.303780,0.079103,-0.154008,0.089263,-0.083770,-0.066410,0.290920,0.089643,-0.035928,-0.075907,0.215631,-0.009162,0.053423,0.418155,-0.091262,0.726326,1.442160,0.000000,0.000000,0.040065,-0.154528,0.445124,1.149809,0.188387,0.000000,0.000000
0.730566,0.207336,0.869638,-0.011851,-0.008101,0.595485,0.803238,-0.005261,0.127941,-0.306503,0.071216,-0.152020,0.091102,-0.082739,-0.060393,0.286895,0.096484,-0.042146,-0.073839,0.224325,-0.009546,0.058380,0.422209,-0.080667,0.726155,1.439186,0.000000,0.000000,0.039271,-0.156166,0.452883,1.145761,0.187784,0.000000,0.000000
0.735053,0.207780,0.869379,-0.012174,-0.008076,0.601401,0.798814,-0.003236,0.134214,-0.309135,0.063387,-0.149716,0.092895,-0.081334,-0.054611,0.282941,0.102156,-0.048300,-0.071818,0.232643,-0.009946,0.064012,0.426154,-0.072884,0.724972,1.434149,0.000000,0.000000,0.038719,-0.158868,0.463033,1.141956,0.181784,0.000000,0.000000
0.739253,0.208331,0.869119,-0.012389,-0.007968,0.607742,0.793998,-0.001550,0.139469,-0.311336,0.056176,-0.147198,0.094385,-0.079538,-0.049761,0.279503,0.106365,-0.053995,-0.070077,0.239680,-0.010262,0.069047,0.429393,-0.064166,0.723767,1.431422,0.000000,0.000000,0.038195,-0.161424,0.471228,1.137934,0.175653,0.000000,0.000000
0.743317,0.208864,0.868843,-0.012258,-0.008077,0.614043,0.789136,0.000285,0.143979,-0.313023,0.049626,-0.144161,0.095665,-0.076896,-0.044928,0.275922,0.109604,-0.058881,-0.068320,0.246576,-0.010583,0.074550,0.432557,-0.054933,0.723069,1.428466,0.000000,0.000000,0.037327,-0.165664,0.478597,1.133096,0.169492,0.000000,0.000000
0.747106,0.209466,0.868575,-0.011954,-0.008210,0.620519,0.784057,0.002173,0.147489,-0.314143,0.044076,-0.140632,0.096679,-0.073365,-0.040546,0.272486,0.111350,-0.063189,-0.066717,0.253404,-0.010878,0.080169,0.435426,-0.045643,0.722552,1.426206,0.000000,0.000000,0.037056,-0.170177,0.486195,1.127869,0.164876,0.000000,0.000000
0.750592,0.210213,0.868368,-0.011488,-0.008510,0.627337,0.778617,0.004141,0.149960,-0.314686,0.039660,-0.137057,0.097418,-0.068834,-0.036555,0.269136,0.111660,-0.066963,-0.065222,0.259747,-0.011163,0.085956,0.437119,-0.036397,0.722988,1.421545,0.000000,0.000000,0.037384,-0.174678,0.493586,1.122614,0.160792,0.000000,0.000000
0.753164,0.210881,0.867851,-0.010333,-0.007736,0.635939,0.771631,0.004933,0.150283,-0.314535,0.036244,-0.132867,0.097510,-0.064272,-0.035670,0.260281,0.109874,-0.069261,-0.063591,0.262267,-0.011336,0.091355,0.437552,-0.029589,0.722800,1.419380,0.000000,0.000000,0.038205,-0.179328,0.498890,1.117289,0.160062,0.000000,0.000000
0.755525,0.211127,0.867408,-0.009406,-0.006752,0.645377,0.763777,0.004622,0.150003,-0.314428,0.033107,-0.127567,0.097448,-0.059214,-0.035810,0.247962,0.106579,-0.070885,-0.061624,0.262234,-0.011420,0.097369,0.437138,-0.022422,0.722031,1.417537,0.000000,0.000000,0.039130,-0.184733,0.504214,1.111026,0.161963,0.000000,0.000000
0.757721,0.210948,0.867421,-0.008424,-0.005693,0.655276,0.755321,0.003084,0.149048,-0.314311,0.030094,-0.120429,0.097258,-0.053144,-0.036764,0.230369,0.101768,-0.071862,-0.058966,0.260351,-0.011446,0.103967,0.436033,-0.013553,0.721837,1.414749,0.000000,0.000000,0.039684,-0.193568,0.512772,1.104694,0.158504,0.000000,0.000000
0.760002,0.210449,0.868011,-0.007352,-0.004630,0.665392,0.746444,0.000820,0.147689,-0.314240,0.028249,-0.113337,0.097026,-0.047798,-0.037886,0.212420,0.097259,-0.072137,-0.056283,0.256502,-0.011374,0.109829,0.434560,-0.006794,0.722122,1.411791,0.000000,0.000000,0.039820,-0.202080,0.520902,1.099337,0.156454,0.000000,0.000000
0.762154,0.209885,0.868501,-0.006605,-0.003601,0.676105,0.736767,-0.002067,0.146368,-0.314368,0.026803,-0.106232,0.096847,-0.042950,-0.038744,0.194099,0.092986,-0.072167,-0.053486,0.250693,-0.011186,0.115125,0.432507,0.001169,0.722550,1.409319,0.000000,0.000000,0.039695,-0.210208,0.527506,1.094281,0.156039,0.000000,0.000000
0.764155,0.209030,0.869086,-0.005660,-0.002190,0.687069,0.726567,-0.005773,0.144428,-0.314481,0.024993,-0.098458,0.096512,-0.038306,-0.040072,0.171913,0.088444,-0.071709,-0.050207,0.243460,-0.010972,0.120130,0.429660,0.009895,0.723347,1.405536,0.000000,0.000000,0.039118,-0.219877,0.533066,1.089670,0.151765,0.000000,0.000000
0.765995,0.207940,0.869652,-0.004674,-0.000705,0.698050,0.716034,-0.009786,0.141905,-0.314378,0.023247,-0.090692,0.095969,-0.034342,-0.041729,0.150766,0.084267,-0.071377,-0.047198,0.235015,-0.010644,0.125193,0.427049,0.016927,0.723728,1.404862,0.000000,0.000000,0.038052,-0.229624,0.537469,1.086311,0.148556,0.000000,0.000000
0.767519,0.206736,0.870299,-0.003338,0.001104,0.709559,0.704637,-0.014343,0.137829,-0.313629,0.021288,-0.082021,0.094925,-0.030343,-0.044521,0.126478,0.080114,-0.071507,-0.043989,0.225421,-0.010306,0.129995,0.421203,0.021912,0.724467,1.404168,0.000000,0.000000,0.038941,-0.238580,0.542839,1.085717,0.139759,0.000000,0.000000
0.769084,0.205354,0.870909,-0.001929,0.002841,0.721006,0.692920,-0.018882,0.133292,-0.312621,0.019680,-0.074069,0.093719,-0.026703,-0.047549,0.103279,0.076663,-0.071895,-0.041035,0.214829,-0.009904,0.134373,0.414657,0.026010,0.726166,1.402434,0.000000,0.000000,0.039918,-0.245979,0.545707,1.087458,0.131410,0.000000,0.000000
0.770538,0.203782,0.871572,-0.000170,0.004735,0.732571,0.680674,-0.023595,0.127497,-0.310979,0.018204,-0.066131,0.092101,-0.023129,-0.051302,0.077717,0.073972,-0.072467,-0.037916,0.203531,-0.009381,0.138268,0.412379,0.033446,0.727136,1.405476,0.000000,0.000000,0.038574,-0.256883,0.545438,1.086802,0.127800,0.000000,0.000000
0.771760,0.202185,0.872218,0.001591,0.006728,0.744157,0.667969,-0.028044,0.120991,-0.308822,0.016785,-0.058799,0.090188,-0.019913,-0.055388,0.051706,0.072149,-0.073022,-0.034833,0.191586,-0.008866,0.142404,0.407479,0.037371,0.728155,1.404968,0.000000,0.000000,0.038451,-0.266963,0.544353,1.086182,0.129063,0.000000,0.000000
0.772938,0.200484,0.872854,0.003333,0.008843,0.755830,0.654700,-0.032620,0.113691,-0.306223,0.015193,-0.051896,0.087982,-0.016917,-0.059873,0.023975,0.070982,-0.073582,-0.031598,0.178899,-0.008283,0.146253,0.401092,0.038008,0.729188,1.403255,0.000000,0.000000,0.039355,-0.276182,0.541589,1.085482,0.133979,0.000000,0.000000
0.774011,0.198573,0.873490,0.005223,0.010926,0.767490,0.640947,-0.036950,0.105867,-0.303184,0.013933,-0.046312,0.085530,-0.014261,-0.064462,-0.003048,0.070721,-0.074295,-0.028525,0.165819,-0.007725,0.149628,0.396223,0.037145,0.730610,1.404716,0.000000,0.000000,0.039729,-0.286881,0.538349,1.087288,0.133484,0.000000,0.000000
0.774872,0.196477,0.874142,0.007245,0.013170,0.779102,0.626717,-0.041340,0.096775,-0.299335,0.013104,-0.041971,0.082585,-0.011780,-0.069842,-0.031593,0.071202,-0.075373,-0.025424,0.151702,-0.007168,0.152079,0.387914,0.039771,0.734321,1.395514,0.000000,0.000000,0.041109,-0.296514,0.533767,1.090572,0.132508,0.000000,0.000000
0.775705,0.194024,0.874848,0.009498,0.015607,0.790406,0.612311,-0.045530,0.086598,-0.294504,0.012915,-0.038969,0.079187,-0.009802,-0.075770,-0.059359,0.072512,-0.076602,-0.022588,0.137429,-0.006546,0.154191,0.380408,0.040460,0.738257,1.389252,0.000000,0.000000,0.042137,-0.306143,0.528868,1.094275,0.133247,0.000000,0.000000
0.777793,0.191457,0.875308,0.010607,0.017322,0.799858,0.599845,-0.048963,0.080158,-0.279787,0.012054,-0.038679,0.075010,-0.009142,-0.078682,-0.082437,0.073564,-0.077280,-0.019731,0.126911,-0.005969,0.156584,0.376555,0.039230,0.739898,1.393780,0.000000,0.000000,0.041972,-0.314179,0.523923,1.098616,0.132759,0.000000,0.000000
0.780003,0.188519,0.875669,0.011214,0.018732,0.808110,0.588627,-0.052272,0.074585,-0.259093,0.011366,-0.039534,0.070061,-0.009764,-0.080292,-0.102270,0.074851,-0.077488,-0.017066,0.119922,-0.005532,0.157549,0.372885,0.037524,0.742466,1.396094,0.000000,0.000000,0.041571,-0.320569,0.518396,1.103026,0.134208,0.000000,0.000000
0.782238,0.185218,0.876042,0.011788,0.020187,0.815638,0.578091,-0.055636,0.068422,-0.234128,0.011654,-0.041562,0.064335,-0.011423,-0.081841,-0.119801,0.076603,-0.078168,-0.014742,0.115613,-0.005230,0.157240,0.369081,0.035042,0.745831,1.396930,0.000000,0.000000,0.041282,-0.325856,0.511835,1.107995,0.137704,0.000000,0.000000
0.784802,0.181610,0.876401,0.012307,0.021596,0.823002,0.567495,-0.059409,0.062015,-0.206760,0.013619,-0.045435,0.058265,-0.013941,-0.083138,-0.136226,0.079113,-0.078812,-0.012521,0.112048,-0.004985,0.156443,0.366022,0.031814,0.749413,1.398048,0.000000,0.000000,0.040794,-0.330932,0.505426,1.114225,0.140001,0.000000,0.000000
0.787380,0.177859,0.876690,0.012380,0.022977,0.829867,0.557350,-0.063715,0.054914,-0.176847,0.017655,-0.050165,0.051779,-0.017492,-0.084148,-0.152097,0.082055,-0.079469,-0.010309,0.109047,-0.004778,0.155264,0.362046,0.027275,0.752955,1.397541,0.000000,0.000000,0.039990,-0.334601,0.499125,1.120960,0.142962,0.000000,0.000000
0.790717,0.174055,0.876955,0.012227,0.024317,0.836597,0.547142,-0.068419,0.049021,-0.145600,0.023794,-0.057320,0.045521,-0.021805,-0.084239,-0.166850,0.085317,-0.080191,-0.008039,0.106364,-0.004537,0.153236,0.358630,0.023440,0.756745,1.398351,0.000000,0.000000,0.038558,-0.337878,0.492553,1.128264,0.144612,0.000000,0.000000
0.794331,0.170225,0.877185,0.011873,0.025604,0.843194,0.536868,-0.073554,0.043508,-0.113266,0.032730,-0.066070,0.039312,-0.026721,-0.083776,-0.181620,0.088947,-0.081166,-0.005627,0.104139,-0.004353,0.150335,0.355493,0.019747,0.760730,1.401098,0.000000,0.000000,0.036773,-0.340457,0.486231,1.135804,0.146287,0.000000,0.000000
0.798073,0.166379,0.877397,0.011351,0.026941,0.849780,0.526327,-0.079138,0.037846,-0.081490,0.044121,-0.075174,0.033290,-0.032124,-0.083048,-0.197136,0.092821,-0.081991,-0.003031,0.101931,-0.004141,0.146878,0.352833,0.015687,0.764265,1.405221,0.000000,0.000000,0.034297,-0.343003,0.478793,1.143411,0.148282,0.000000,0.000000
0.802026,0.162722,0.877558,0.010513,0.028205,0.856218,0.515737,-0.084943,0.032603,-0.050097,0.057252,-0.084422,0.027528,-0.037776,-0.081735,-0.211584,0.096358,-0.083061,-0.000459,0.099609,-0.003957,0.143417,0.350991,0.010490,0.766145,1.413008,0.000000,0.000000,0.031047,-0.345242,0.472244,1.151181,0.149632,0.000000,0.000000
0.805885,0.159350,0.877673,0.009539,0.029369,0.862283,0.505484,-0.090468,0.027653,-0.019338,0.071961,-0.094087,0.021990,-0.043372,-0.080469,-0.224391,0.099725,-0.084892,0.001839,0.098122,-0.003821,0.138992,0.346991,0.009427,0.770445,1.412102,0.000000,0.000000,0.028427,-0.346575,0.466396,1.159494,0.150756,0.000000,0.000000
0.809948,0.156416,0.877725,0.008299,0.030374,0.868143,0.495315,-0.095493,0.023843,0.008576,0.086780,-0.103528,0.017138,-0.048820,-0.078421,-0.236626,0.102847,-0.086441,0.004238,0.096252,-0.003696,0.134800,0.344512,0.007940,0.773829,1.413943,0.000000,0.000000,0.025003,-0.347639,0.461686,1.167663,0.149385,0.000000,0.000000
0.813918,0.153804,0.877775,0.007051,0.031419,0.873610,0.485561,-0.100089,0.020224,0.035315,0.102722,-0.113636,0.012500,-0.054357,-0.076158,-0.249621,0.105982,-0.087987,0.006810,0.094894,-0.003563,0.130389,0.341134,0.006668,0.777187,1.417002,0.000000,0.000000,0.021196,-0.347539,0.456014,1.176193,0.147104,0.000000,0.000000
0.817704,0.151438,0.877838,0.005859,0.032523,0.878821,0.476007,-0.103951,0.016669,0.059470,0.118656,-0.123167,0.008217,-0.059443,-0.074327,-0.261608,0.108674,-0.089625,0.009104,0.094167,-0.003484,0.126492,0.337929,0.004915,0.780276,1.419842,0.000000,0.000000,0.017439,-0.347667,0.451311,1.184282,0.144341,0.000000,0.000000
0.821503,0.149449,0.877813,0.004359,0.033300,0.884041,0.466201,-0.107207,0.014170,0.080998,0.134038,-0.132451,0.004524,-0.064021,-0.071903,-0.272631,0.110730,-0.091118,0.011397,0.093233,-0.003369,0.122373,0.335096,0.003062,0.783164,1.422835,0.000000,0.000000,0.013666,-0.347096,0.446774,1.191774,0.141616,0.000000,0.000000
0.825128,0.147732,0.877779,0.002867,0.033979,0.889079,0.456482,-0.110064,0.012104,0.101501,0.150103,-0.141897,0.001037,-0.068292,-0.069164,-0.283928,0.112158,-0.092805,0.013800,0.092400,-0.003258,0.118100,0.332342,0.001296,0.786098,1.425424,0.000000,0.000000,0.009726,-0.346214,0.441883,1.199271,0.137917,0.000000,0.000000
0.828556,0.146322,0.877738,0.001390,0.034567,0.893598,0.447533,-0.112136,0.010603,0.120265,0.165628,-0.151055,-0.002121,-0.071891,-0.066368,-0.293517,0.112791,-0.094261,0.015937,0.091839,-0.003194,0.114229,0.329546,0.000648,0.788964,1.427713,0.000000,0.000000,0.005866,-0.344899,0.437989,1.205646,0.134239,0.000000,0.000000
0.831719,0.145135,0.877699,-0.000116,0.035124,0.897752,0.439098,-0.113597,0.009401,0.138303,0.181486,-0.160730,-0.005143,-0.075218,-0.063478,-0.302228,0.112732,-0.095963,0.017939,0.091670,-0.003164,0.110473,0.326275,0.000752,0.791912,1.430354,0.000000,0.000000,0.001874,-0.343357,0.434611,1.211529,0.130503,0.000000,0.000000
0.834566,0.144021,0.877673,-0.001466,0.035618,0.902309,0.429613,-0.114471,0.008298,0.153248,0.196298,-0.169197,-0.007728,-0.077822,-0.061170,-0.310887,0.112387,-0.098059,0.019783,0.091209,-0.003136,0.107044,0.323073,0.000457,0.794458,1.431941,0.000000,0.000000,-0.001456,-0.341695,0.430266,1.216537,0.127097,0.000000,0.000000
0.837234,0.143031,0.877632,-0.002880,0.035990,0.906561,0.420527,-0.114903,0.007477,0.167455,0.211456,-0.177608,-0.010184,-0.080188,-0.058825,-0.320073,0.111506,-0.099944,0.021706,0.090706,-0.003099,0.103903,0.319453,-0.000315,0.797208,1.431938,0.000000,0.000000,-0.004214,-0.339801,0.425992,1.220342,0.124464,0.000000,0.000000
0.839431,0.141939,0.877728,-0.003823,0.036850,0.911588,0.409433,-0.114960,0.005914,0.177696,0.226595,-0.185687,-0.012227,-0.082050,-0.057997,-0.332806,0.110747,-0.102194,0.023805,0.090076,-0.003053,0.100456,0.315740,-0.003461,0.799479,1.431241,0.000000,0.000000,-0.005955,-0.338532,0.418371,1.223610,0.121842,0.000000,0.000000
0.841638,0.140973,0.877834,-0.004683,0.037647,0.915886,0.399642,-0.114500,0.004260,0.187456,0.241684,-0.193522,-0.014279,-0.083611,-0.057479,-0.345322,0.109508,-0.103443,0.025796,0.089226,-0.002979,0.097358,0.311754,-0.005733,0.801466,1.430379,0.000000,0.000000,-0.007487,-0.337168,0.410857,1.226137,0.119040,0.000000,0.000000
0.843745,0.140209,0.877916,-0.005788,0.038304,0.919910,0.390212,-0.113641,0.003239,0.196898,0.255123,-0.200614,-0.016166,-0.084807,-0.056852,-0.356041,0.107589,-0.104157,0.027542,0.088434,-0.002899,0.094532,0.307796,-0.007806,0.803390,1.429463,0.000000,0.000000,-0.008813,-0.335423,0.404368,1.227400,0.117224,0.000000,0.000000
0.845293,0.139538,0.878224,-0.005851,0.039694,0.923156,0.382326,-0.111446,0.001369,0.207372,0.268688,-0.208275,-0.018490,-0.085092,-0.058231,-0.363180,0.105502,-0.104549,0.028217,0.089094,-0.002919,0.092428,0.302686,-0.009516,0.805353,1.429126,0.000000,0.000000,-0.009406,-0.334638,0.398358,1.227402,0.116300,0.000000,0.000000
0.846704,0.139189,0.878514,-0.005970,0.040881,0.926151,0.374883,-0.108112,-0.000246,0.219169,0.281616,-0.216086,-0.021013,-0.084770,-0.060138,-0.368349,0.103187,-0.104983,0.028458,0.090843,-0.002916,0.090772,0.297144,-0.010901,0.807203,1.429644,0.000000,0.000000,-0.009459,-0.334015,0.392246,1.226050,0.116248,0.000000,0.000000
0.847918,0.139090,0.878806,-0.006087,0.041970,0.928883,0.367937,-0.103515,-0.001399,0.233114,0.294803,-0.224424,-0.023827,-0.083920,-0.062291,-0.372922,0.100413,-0.105102,0.028548,0.093664,-0.002943,0.089539,0.290885,-0.012266,0.809071,1.430420,0.000000,0.000000,-0.008890,-0.332891,0.385916,1.223254,0.117160,0.000000,0.000000
0.848903,0.139136,0.879085,-0.006246,0.043014,0.931602,0.360871,-0.098716,-0.001907,0.246001,0.305683,-0.231463,-0.026317,-0.082675,-0.064237,-0.376719,0.097556,-0.105194,0.028583,0.096565,-0.003007,0.088734,0.285048,-0.013877,0.810571,1.431507,0.000000,0.000000,-0.007654,-0.331715,0.380476,1.219558,0.118937,0.000000,0.000000
0.849737,0.139323,0.879365,-0.006321,0.043942,0.934258,0.353824,-0.092756,-0.001865,0.260267,0.317094,-0.238560,-0.028967,-0.080815,-0.066313,-0.380822,0.094141,-0.105310,0.028637,0.099874,-0.003036,0.087856,0.278979,-0.015434,0.812277,1.433532,0.000000,0.000000,-0.006204,-0.330250,0.373916,1.214562,0.121649,0.000000,0.000000
0.850373,0.139677,0.879603,-0.006401,0.044686,0.936864,0.346768,-0.086857,-0.001078,0.272868,0.326788,-0.244446,-0.031163,-0.078676,-0.067988,-0.384399,0.090826,-0.105503,0.028717,0.102669,-0.003058,0.087449,0.273587,-0.017196,0.813749,1.435069,0.000000,0.000000,-0.004853,-0.328467,0.367725,1.209440,0.124426,0.000000,0.000000
0.850745,0.140486,0.879721,-0.006034,0.044578,0.939791,0.338777,-0.079714,0.001619,0.283252,0.336546,-0.250768,-0.032529,-0.075265,-0.069244,-0.387990,0.087753,-0.106242,0.028943,0.104569,-0.003018,0.087491,0.268976,-0.019501,0.815307,1.436898,0.000000,0.000000,-0.002437,-0.325744,0.361272,1.203152,0.127963,0.000000,0.000000
0.850809,0.141357,0.879851,-0.005514,0.044495,0.942622,0.330836,-0.071104,0.005346,0.293587,0.346563,-0.257744,-0.033665,-0.070607,-0.070500,-0.392284,0.084208,-0.107044,0.029272,0.106113,-0.003007,0.087861,0.264708,-0.022113,0.817321,1.438650,0.000000,0.000000,0.000319,-0.322248,0.354861,1.195613,0.132646,0.000000,0.000000
0.850578,0.142328,0.879964,-0.005003,0.044391,0.945274,0.323204,-0.062841,0.009182,0.302965,0.354762,-0.264379,-0.034564,-0.065874,-0.071569,-0.396413,0.080779,-0.107776,0.029623,0.107329,-0.002997,0.088400,0.261825,-0.023953,0.818654,1.442367,0.000000,0.000000,0.003193,-0.319442,0.349605,1.187715,0.137141,0.000000,0.000000
0.850191,0.143243,0.880089,-0.004465,0.044339,0.947839,0.315618,-0.053465,0.013553,0.313464,0.363249,-0.271568,-0.035516,-0.060354,-0.072708,-0.401161,0.076700,-0.108289,0.030039,0.108650,-0.003037,0.089233,0.258188,-0.026019,0.820200,1.446284,0.000000,0.000000,0.006655,-0.315917,0.343824,1.178295,0.141895,0.000000,0.000000
0.849692,0.144096,0.880161,-0.003735,0.044002,0.950252,0.308335,-0.044121,0.018291,0.324608,0.371670,-0.277561,-0.036480,-0.054718,-0.073669,-0.405793,0.072935,-0.109016,0.030476,0.109956,-0.003045,0.090376,0.254895,-0.028635,0.822010,1.449519,0.000000,0.000000,0.010072,-0.312004,0.338897,1.168902,0.146440,0.000000,0.000000
0.849043,0.144718,0.880237,-0.003158,0.043810,0.952576,0.301115,-0.035357,0.022463,0.334845,0.377975,-0.282919,-0.037396,-0.049621,-0.074690,-0.410267,0.069495,-0.109351,0.030885,0.111167,-0.003089,0.091357,0.251615,-0.031715,0.823813,1.452722,0.000000,0.000000,0.013160,-0.308182,0.335043,1.159634,0.149421,0.000000,0.000000
0.848414,0.145156,0.880330,-0.002750,0.043782,0.954801,0.293991,-0.026282,0.026430,0.345193,0.382879,-0.288515,-0.038343,-0.044581,-0.075774,-0.414896,0.065616,-0.109416,0.031293,0.112591,-0.003145,0.092211,0.248304,-0.035060,0.825912,1.455981,0.000000,0.000000,0.016215,-0.304398,0.331290,1.149594,0.152863,0.000000,0.000000
0.847794,0.145279,0.880410,-0.002352,0.043703,0.956908,0.287074,-0.017156,0.030149,0.355446,0.386842,-0.293663,-0.039304,-0.039727,-0.076955,-0.419634,0.061644,-0.109223,0.031679,0.114163,-0.003221,0.092670,0.245173,-0.038540,0.827937,1.459480,0.000000,0.000000,0.018786,-0.300784,0.328181,1.139226,0.154986,0.000000,0.000000
0.847187,0.145033,0.880462,-0.002064,0.043529,0.958916,0.280323,-0.008220,0.033528,0.365384,0.389956,-0.298103,-0.040271,-0.035194,-0.078166,-0.424306,0.057684,-0.108703,0.032041,0.115857,-0.003280,0.092660,0.241806,-0.041150,0.830955,1.461020,0.000000,0.000000,0.021189,-0.296911,0.325563,1.128578,0.157672,0.000000,0.000000
0.846648,0.144431,0.880490,-0.001827,0.043292,0.960822,0.273758,-0.000304,0.036281,0.374009,0.391988,-0.301487,-0.041151,-0.031419,-0.079353,-0.428509,0.054263,-0.108007,0.032347,0.117240,-0.003344,0.092658,0.239251,-0.044638,0.833399,1.463963,0.000000,0.000000,0.022875,-0.293604,0.324080,1.118264,0.160084,0.000000,0.000000
0.846192,0.143526,0.880506,-0.001636,0.043027,0.962669,0.267235,0.007659,0.038824,0.382531,0.393397,-0.304262,-0.042059,-0.027861,-0.080680,-0.432850,0.050924,-0.106958,0.032641,0.118743,-0.003435,0.092483,0.236473,-0.047480,0.836192,1.466655,0.000000,0.000000,0.024287,-0.289975,0.322680,1.107413,0.162427,0.000000,0.000000
0.845853,0.142372,0.880510,-0.001406,0.042715,0.964390,0.261008,0.015476,0.041126,0.390781,0.394411,-0.306061,-0.042985,-0.024599,-0.082132,-0.437246,0.047796,-0.105790,0.032912,0.120054,-0.003493,0.092273,0.233759,-0.050095,0.839179,1.469421,0.000000,0.000000,0.025080,-0.286119,0.321930,1.096706,0.164018,0.000000,0.000000
0.845629,0.140929,0.880488,-0.001300,0.042346,0.966066,0.254797,0.022931,0.043134,0.398522,0.394871,-0.306478,-0.043897,-0.021716,-0.083606,-0.441455,0.044876,-0.104382,0.033148,0.121332,-0.003557,0.092081,0.230780,-0.051966,0.842327,1.471858,0.000000,0.000000,0.025792,-0.281882,0.321795,1.084770,0.165765,0.000000,0.000000
0.845549,0.139201,0.880438,-0.001125,0.041850,0.967636,0.248853,0.030045,0.044913,0.405820,0.394930,-0.305011,-0.044812,-0.019221,-0.085115,-0.445513,0.042388,-0.102891,0.033354,0.122353,-0.003633,0.091929,0.228110,-0.054026,0.845324,1.474661,0.000000,0.000000,0.026137,-0.277856,0.322619,1.072765,0.167547,0.000000,0.000000
0.845600,0.137178,0.880369,-0.000793,0.041263,0.969086,0.243245,0.036902,0.046346,0.412498,0.394366,-0.301272,-0.045749,-0.017144,-0.086823,-0.449643,0.040778,-0.101235,0.033531,0.123094,-0.003725,0.091859,0.225705,-0.056035,0.848321,1.478019,0.000000,0.000000,0.026075,-0.273721,0.324687,1.060718,0.168672,0.000000,0.000000
0.846022,0.134668,0.880247,-0.000565,0.040528,0.970507,0.237643,0.042602,0.047234,0.417557,0.393111,-0.295459,-0.046564,-0.016082,-0.088455,-0.452983,0.040757,-0.100073,0.033606,0.123714,-0.003791,0.091536,0.223684,-0.057629,0.851497,1.479874,0.000000,0.000000,0.025637,-0.270032,0.327144,1.050388,0.169946,0.000000,0.000000
0.846615,0.131963,0.880103,-0.000523,0.039794,0.971816,0.232357,0.048731,0.047656,0.422121,0.390623,-0.285739,-0.047480,-0.015485,-0.090372,-0.456469,0.041125,-0.098581,0.033643,0.124467,-0.003897,0.090836,0.221291,-0.059818,0.855577,1.481152,0.000000,0.000000,0.024836,-0.265995,0.331828,1.037776,0.171033,0.000000,0.000000
0.847350,0.128960,0.879943,-0.000298,0.038931,0.973153,0.226842,0.053748,0.047547,0.425086,0.387349,-0.276698,-0.048237,-0.015247,-0.092159,-0.459465,0.041693,-0.097038,0.033662,0.124766,-0.003977,0.090016,0.219132,-0.061739,0.859423,1.481859,0.000000,0.000000,0.023687,-0.262319,0.336494,1.027247,0.171305,0.000000,0.000000
0.848255,0.125576,0.879763,-0.000002,0.037974,0.974456,0.221345,0.057994,0.046706,0.426300,0.382331,-0.270624,-0.048818,-0.015217,-0.093850,-0.462168,0.042160,-0.095273,0.033667,0.124629,-0.004026,0.089150,0.217478,-0.063463,0.862846,1.482720,0.000000,0.000000,0.022236,-0.259055,0.341390,1.017830,0.171772,0.000000,0.000000
0.849301,0.122090,0.879623,0.000023,0.037320,0.975591,0.216401,0.062763,0.044390,0.425236,0.372421,-0.266370,-0.049338,-0.015612,-0.096019,-0.465333,0.042377,-0.092543,0.033626,0.124445,-0.004112,0.088067,0.215103,-0.065490,0.867060,1.483678,0.000000,0.000000,0.020492,-0.255424,0.348708,1.006029,0.172368,0.000000,0.000000
0.850630,0.118595,0.879517,0.000005,0.036875,0.976692,0.211454,0.067458,0.040931,0.422189,0.357024,-0.264994,-0.049643,-0.016715,-0.098604,-0.468644,0.043036,-0.089396,0.033497,0.123739,-0.004211,0.086702,0.212328,-0.067686,0.871633,1.485039,0.000000,0.000000,0.017757,-0.251964,0.357251,0.993300,0.171831,0.000000,0.000000
0.852168,0.115097,0.879406,-0.000024,0.036463,0.977719,0.206728,0.071877,0.036789,0.417806,0.336615,-0.265764,-0.049673,-0.018511,-0.101369,-0.471724,0.044351,-0.086274,0.033298,0.122596,-0.004318,0.085310,0.209277,-0.070045,0.876456,1.486694,0.000000,0.000000,0.014198,-0.248823,0.366462,0.980553,0.170186,0.000000,0.000000
0.853762,0.111630,0.879283,-0.000064,0.036048,0.978699,0.202109,0.075763,0.032709,0.413137,0.314930,-0.267172,-0.049499,-0.020572,-0.103972,-0.474293,0.046107,-0.083714,0.033076,0.121207,-0.004372,0.083934,0.206358,-0.072203,0.881048,1.488391,0.000000,0.000000,0.010282,-0.245895,0.375021,0.969872,0.168950,0.000000,0.000000
0.855344,0.108174,0.879139,-0.000132,0.035582,0.979649,0.197539,0.079455,0.028662,0.408338,0.293221,-0.269174,-0.049224,-0.022725,-0.106409,-0.476520,0.048029,-0.081483,0.032853,0.119537,-0.004410,0.082743,0.203539,-0.074796,0.885507,1.490049,0.000000,0.000000,0.005932,-0.242970,0.383242,0.960185,0.168015,0.000000,0.000000
0.856931,0.104696,0.878984,-0.000205,0.035104,0.980540,0.193154,0.083001,0.024599,0.403279,0.272654,-0.270559,-0.048888,-0.024881,-0.108743,-0.478546,0.049842,-0.079221,0.032629,0.117816,-0.004453,0.081565,0.200848,-0.078028,0.890096,1.491527,0.000000,0.000000,0.001125,-0.240417,0.391314,0.950704,0.166757,0.000000,0.000000
0.858659,0.101172,0.878838,-0.000098,0.034639,0.981402,0.188813,0.085916,0.021048,0.398627,0.256115,-0.270879,-0.048582,-0.026767,-0.110901,-0.480477,0.051443,-0.076912,0.032435,0.116330,-0.004507,0.080356,0.198688,-0.081475,0.894344,1.493078,0.000000,0.000000,-0.003494,-0.238768,0.399149,0.942030,0.163242,0.000000,0.000000
0.861641,0.097589,0.878768,0.000372,0.034402,0.982299,0.184131,0.086615,0.018314,0.394096,0.246584,-0.272594,-0.048115,-0.028726,-0.112958,-0.482203,0.052832,-0.074454,0.032216,0.114266,-0.004533,0.079385,0.196578,-0.085146,0.898828,1.494693,0.000000,0.000000,-0.007738,-0.237513,0.406199,0.934485,0.159575,0.000000,0.000000
0.864686,0.093947,0.878698,0.000684,0.034283,0.983214,0.179207,0.086177,0.015372,0.388427,0.237934,-0.275509,-0.047456,-0.031300,-0.115560,-0.484296,0.054327,-0.071376,0.031916,0.111102,-0.004545,0.077977,0.193832,-0.089776,0.904602,1.496638,0.000000,0.000000,-0.012903,-0.236314,0.414114,0.925962,0.155366,0.000000,0.000000
0.867774,0.090374,0.878643,0.000893,0.034281,0.984001,0.174829,0.085038,0.012419,0.382299,0.230653,-0.278656,-0.046763,-0.034096,-0.118133,-0.486175,0.055516,-0.068147,0.031588,0.107840,-0.004524,0.076341,0.190808,-0.094547,0.910627,1.498667,0.000000,0.000000,-0.018277,-0.235472,0.421377,0.918119,0.150952,0.000000,0.000000
0.870888,0.086816,0.878579,0.000992,0.034303,0.984740,0.170614,0.083513,0.009424,0.375809,0.223913,-0.281694,-0.046051,-0.037038,-0.120679,-0.487858,0.056431,-0.064790,0.031241,0.104659,-0.004507,0.074517,0.187586,-0.099641,0.916898,1.500499,0.000000,0.000000,-0.023514,-0.234923,0.428169,0.910302,0.146717,0.000000,0.000000
0.874048,0.083324,0.878503,0.001039,0.034319,0.985374,0.166912,0.081814,0.006359,0.369023,0.217495,-0.284578,-0.045341,-0.040112,-0.123124,-0.489273,0.057044,-0.061286,0.030874,0.101876,-0.004459,0.072521,0.184199,-0.105026,0.923441,1.501997,0.000000,0.000000,-0.028877,-0.234355,0.434719,0.902363,0.142694,0.000000,0.000000
0.877255,0.079928,0.878388,0.001070,0.034219,0.985953,0.163479,0.080090,0.003379,0.362438,0.211385,-0.287475,-0.044653,-0.043208,-0.125353,-0.490318,0.057420,-0.057804,0.030512,0.099388,-0.004434,0.070357,0.180811,-0.110460,0.930221,1.503316,0.000000,0.000000,-0.033968,-0.233577,0.441099,0.894973,0.139445,0.000000,0.000000
0.880304,0.076876,0.878230,0.001244,0.033898,0.986459,0.160464,0.078642,0.001136,0.357435,0.206504,-0.289972,-0.044089,-0.045623,-0.126934,-0.490863,0.057349,-0.054890,0.030241,0.097714,-0.004387,0.068929,0.178158,-0.115291,0.935826,1.504559,0.000000,0.000000,-0.038073,-0.232620,0.446136,0.888837,0.137064,0.000000,0.000000
0.883337,0.073834,0.878072,0.001395,0.033610,0.986973,0.157330,0.077137,-0.001094,0.352441,0.201629,-0.292434,-0.043531,-0.047993,-0.128460,-0.491350,0.057121,-0.051543,0.029973,0.096034,-0.004353,0.067465,0.175381,-0.120616,0.941834,1.505835,0.000000,0.000000,-0.041921,-0.231260,0.451252,0.882766,0.135473,0.000000,0.000000
0.886295,0.070850,0.877895,0.001588,0.033285,0.987495,0.154091,0.075623,-0.003248,0.347578,0.196847,-0.294454,-0.042986,-0.050280,-0.129986,-0.491891,0.056923,-0.047866,0.029726,0.094010,-0.004286,0.065830,0.172717,-0.126069,0.948207,1.507243,0.000000,0.000000,-0.045830,-0.230009,0.455941,0.876684,0.134298,0.000000,0.000000
0.889151,0.067917,0.877715,0.001878,0.032972,0.987976,0.151040,0.074173,-0.005391,0.342787,0.192265,-0.295638,-0.042474,-0.052437,-0.131573,-0.492610,0.056917,-0.043895,0.029505,0.091825,-0.004230,0.064074,0.170279,-0.131493,0.954767,1.508924,0.000000,0.000000,-0.049672,-0.229027,0.460369,0.870515,0.133325,0.000000,0.000000
0.891934,0.064982,0.877531,0.002153,0.032637,0.988482,0.147764,0.072908,-0.007155,0.338806,0.188396,-0.295647,-0.042062,-0.054192,-0.133000,-0.493363,0.056995,-0.040252,0.029328,0.089530,-0.004162,0.062539,0.168246,-0.136256,0.960520,1.510584,0.000000,0.000000,-0.052859,-0.228271,0.463902,0.865111,0.132659,0.000000,0.000000
0.894664,0.061975,0.877332,0.002490,0.032346,0.988946,0.144681,0.071430,-0.009376,0.333859,0.183820,-0.294456,-0.041596,-0.056255,-0.134832,-0.494469,0.057208,-0.035719,0.029125,0.086523,-0.004103,0.060711,0.165722,-0.141880,0.967750,1.512616,0.000000,0.000000,-0.056500,-0.227398,0.467756,0.858934,0.132264,0.000000,0.000000
0.897395,0.058939,0.877133,0.002704,0.032030,0.989418,0.141487,0.070128,-0.011295,0.329542,0.179862,-0.292518,-0.041222,-0.058023,-0.136336,-0.495297,0.057267,-0.031759,0.028944,0.083827,-0.004067,0.059065,0.163740,-0.146671,0.973818,1.514590,0.000000,0.000000,-0.059453,-0.226955,0.471235,0.853950,0.131422,0.000000,0.000000
0.900028,0.055916,0.876907,0.002913,0.031720,0.989854,0.138470,0.068595,-0.013660,0.324253,0.175140,-0.289359,-0.040804,-0.060175,-0.138133,-0.496270,0.057382,-0.026978,0.028736,0.080465,-0.003964,0.057124,0.161346,-0.152443,0.981217,1.517378,0.000000,0.000000,-0.062173,-0.226144,0.475717,0.849155,0.131176,0.000000,0.000000
0.902641,0.052917,0.876680,0.003148,0.031370,0.990266,0.135573,0.067311,-0.015680,0.319783,0.171194,-0.286248,-0.040478,-0.062009,-0.139644,-0.497043,0.057620,-0.022986,0.028558,0.077542,-0.003871,0.055516,0.159389,-0.157066,0.987513,1.519870,0.000000,0.000000,-0.064310,-0.225303,0.479356,0.845671,0.131555,0.000000,0.000000
0.905220,0.049948,0.876427,0.003395,0.030966,0.990686,0.132559,0.065990,-0.017745,0.315212,0.167155,-0.282837,-0.040156,-0.063909,-0.141184,-0.497817,0.058082,-0.018925,0.028375,0.074377,-0.003794,0.053939,0.157716,-0.161747,0.993968,1.522366,0.000000,0.000000,-0.066626,-0.224550,0.482713,0.842523,0.132060,0.000000,0.000000
0.907706,0.047046,0.876163,0.003605,0.030554,0.991066,0.129774,0.064655,-0.019854,0.310583,0.163085,-0.279392,-0.039842,-0.065883,-0.142737,-0.498538,0.058712,-0.014940,0.028180,0.071227,-0.003707,0.052404,0.156257,-0.166017,1.000319,1.524795,0.000000,0.000000,-0.068889,-0.223914,0.485567,0.839828,0.132403,0.000000,0.000000
0.910103,0.044215,0.875879,0.003917,0.030097,0.991415,0.127178,0.063389,-0.021912,0.306089,0.159168,-0.276084,-0.039542,-0.067854,-0.144320,-0.499283,0.059679,-0.011031,0.027997,0.068179,-0.003613,0.051074,0.155097,-0.170145,1.006453,1.527033,0.000000,0.000000,-0.070724,-0.223335,0.488233,0.837399,0.132802,0.000000,0.000000
0.912465,0.041453,0.875579,0.004165,0.029532,0.991765,0.124549,0.062338,-0.023535,0.302525,0.155970,-0.273451,-0.039305,-0.069501,-0.145564,-0.499793,0.060622,-0.007802,0.027845,0.065633,-0.003545,0.050045,0.154383,-0.173208,1.011340,1.528524,0.000000,0.000000,-0.072033,-0.222807,0.490099,0.835663,0.133028,0.000000,0.000000
0.914808,0.038769,0.875246,0.004289,0.028867,0.992103,0.121986,0.061189,-0.025142,0.298986,0.152584,-0.270786,-0.039060,-0.071259,-0.146722,-0.500092,0.061630,-0.004407,0.027688,0.062937,-0.003442,0.049033,0.153896,-0.176125,1.016295,1.529562,0.000000,0.000000,-0.073248,-0.222203,0.492048,0.834083,0.133120,0.000000,0.000000
0.917110,0.036208,0.874911,0.004403,0.028199,0.992367,0.119973,0.060011,-0.026734,0.295474,0.149129,-0.268199,-0.038811,-0.073132,-0.147750,-0.500139,0.062670,-0.000951,0.027532,0.060298,-0.003359,0.048116,0.153766,-0.178604,1.020992,1.530139,0.000000,0.000000,-0.074398,-0.221623,0.493978,0.832712,0.133146,0.000000,0.000000
0.919409,0.033755,0.874561,0.004328,0.027393,0.992630,0.117966,0.058992,-0.027888,0.292878,0.146304,-0.266173,-0.038612,-0.074703,-0.148330,-0.499792,0.063416,0.001863,0.027406,0.058206,-0.003308,0.047406,0.153903,-0.180182,1.024432,1.530208,0.000000,0.000000,-0.075256,-0.221076,0.495385,0.831794,0.133113,0.000000,0.000000
0.921758,0.031381,0.874156,0.004039,0.026463,0.992881,0.116064,0.057467,-0.029324,0.289549,0.142206,-0.263276,-0.038332,-0.077003,-0.148718,-0.498633,0.064143,0.005833,0.027242,0.055386,-0.003229,0.046326,0.154551,-0.181670,1.028710,1.530027,0.000000,0.000000,-0.076351,-0.220293,0.497288,0.830674,0.133221,0.000000,0.000000
0.924119,0.029136,0.873750,0.003718,0.025495,0.993094,0.114457,0.055862,-0.030555,0.286597,0.138024,-0.260310,-0.038050,-0.079417,-0.148720,-0.496875,0.064674,0.009724,0.027093,0.052692,-0.003147,0.045253,0.155529,-0.182659,1.032382,1.529696,0.000000,0.000000,-0.077459,-0.219403,0.499199,0.829892,0.133218,0.000000,0.000000
0.926481,0.026946,0.873357,0.003234,0.024474,0.993298,0.112919,0.054519,-0.031440,0.284440,0.134615,-0.257845,-0.037830,-0.081417,-0.148416,-0.495025,0.064942,0.012691,0.026967,0.050729,-0.003091,0.044328,0.156502,-0.183060,1.034918,1.529351,0.000000,0.000000,-0.078294,-0.218672,0.500873,0.829573,0.133137,0.000000,0.000000
0.928859,0.024833,0.872945,0.002621,0.023417,0.993493,0.111429,0.052562,-0.032528,0.281685,0.129768,-0.254275,-0.037520,-0.084284,-0.147671,-0.491963,0.065145,0.016440,0.026804,0.048087,-0.003025,0.043143,0.158070,-0.183477,1.037869,1.528716,0.000000,0.000000,-0.079452,-0.217588,0.503385,0.829509,0.132787,0.000000,0.000000
0.931287,0.022814,0.872532,0.001855,0.022341,0.993667,0.110105,0.050114,-0.033722,0.278555,0.123780,-0.249790,-0.037149,-0.087849,-0.146374,-0.487672,0.065142,0.020433,0.026625,0.045118,-0.002965,0.041587,0.160275,-0.183467,1.040757,1.528109,0.000000,0.000000,-0.080953,-0.216281,0.506247,0.830042,0.131880,0.000000,0.000000
0.933902,0.020978,0.872117,0.000847,0.021157,0.993869,0.108522,0.047617,-0.034632,0.275965,0.117768,-0.245187,-0.036790,-0.091399,-0.144495,-0.482640,0.064703,0.023995,0.026475,0.042328,-0.002919,0.039973,0.162598,-0.183221,1.042926,1.527618,0.000000,0.000000,-0.082540,-0.214940,0.508920,0.831218,0.130524,0.000000,0.000000
0.936940,0.019482,0.871721,-0.000779,0.019846,0.994079,0.106829,0.044303,-0.035347,0.273458,0.110093,-0.239337,-0.036357,-0.095866,-0.140963,-0.474824,0.062803,0.028649,0.026329,0.039022,-0.002828,0.037532,0.165487,-0.182561,1.044931,1.527371,0.000000,0.000000,-0.084933,-0.213097,0.511700,0.833288,0.128443,0.000000,0.000000
0.940404,0.018244,0.871319,-0.003178,0.018288,0.994317,0.104828,0.039609,-0.035635,0.271263,0.099539,-0.231200,-0.035787,-0.101761,-0.134800,-0.462647,0.058297,0.035162,0.026200,0.034802,-0.002768,0.033563,0.169557,-0.181284,1.046637,1.527532,0.000000,0.000000,-0.089023,-0.210427,0.514363,0.836778,0.125443,0.000000,0.000000
0.944146,0.017204,0.870886,-0.006185,0.016439,0.994543,0.102839,0.034176,-0.035258,0.270062,0.087700,-0.221908,-0.035184,-0.108136,-0.126791,-0.447930,0.051879,0.041738,0.026091,0.030537,-0.002716,0.028735,0.174142,-0.179952,1.047740,1.527533,0.000000,0.000000,-0.094202,-0.207223,0.516776,0.841123,0.122508,0.000000,0.000000
0.948805,0.016468,0.870422,-0.010509,0.014197,0.994677,0.101515,0.026841,-0.033835,0.270077,0.072241,-0.208711,-0.034444,-0.116972,-0.115689,-0.427995,0.044207,0.048838,0.025853,0.026340,-0.002663,0.021199,0.179979,-0.177937,1.048989,1.527105,0.000000,0.000000,-0.102822,-0.202224,0.519486,0.847919,0.118601,0.000000,0.000000
0.953227,0.015978,0.869950,-0.014465,0.011867,0.994819,0.099925,0.019850,-0.031925,0.271049,0.057804,-0.196130,-0.033784,-0.125395,-0.104491,-0.408582,0.038099,0.053775,0.025630,0.022751,-0.002646,0.013723,0.185839,-0.175729,1.050357,1.526636,0.000000,0.000000,-0.111182,-0.196971,0.520781,0.855428,0.114697,0.000000,0.000000
0.957126,0.016068,0.869301,-0.017153,0.008731,0.995034,0.097656,0.014293,-0.027418,0.269394,0.045630,-0.184608,-0.032186,-0.131947,-0.092987,-0.390074,0.034948,0.055592,0.025618,0.018659,-0.002601,0.007812,0.192597,-0.174387,1.051912,1.526187,0.000000,0.000000,-0.117553,-0.190600,0.521515,0.863677,0.111462,0.000000,0.000000
0.960494,0.016516,0.869615,-0.019215,0.005159,0.995327,0.094491,0.009878,-0.020887,0.265345,0.035335,-0.174064,-0.029836,-0.136633,-0.081178,-0.372347,0.033863,0.055650,0.025770,0.013461,-0.002513,0.003266,0.200109,-0.172995,1.053752,1.525998,0.000000,0.000000,-0.122202,-0.183318,0.520649,0.872561,0.108230,0.000000,0.000000
0.963470,0.017010,0.870714,-0.020696,0.001587,0.995663,0.090686,0.006303,-0.013579,0.260080,0.026618,-0.164537,-0.027197,-0.139789,-0.069736,-0.356033,0.034421,0.053605,0.026008,0.007096,-0.002411,-0.000180,0.207846,-0.172107,1.055716,1.525476,0.000000,0.000000,-0.125200,-0.175630,0.518944,0.881856,0.105214,0.000000,0.000000
0.966088,0.017590,0.871699,-0.021824,-0.001900,0.995971,0.086954,0.003549,-0.006405,0.254393,0.019582,-0.156397,-0.024584,-0.141855,-0.059259,-0.341571,0.036408,0.050744,0.026258,0.000594,-0.002296,-0.002142,0.215585,-0.171300,1.056768,1.524605,0.000000,0.000000,-0.127241,-0.168455,0.516888,0.891012,0.102832,0.000000,0.000000
0.968390,0.018114,0.872646,-0.022617,-0.005321,0.996285,0.082928,0.001061,0.001399,0.247916,0.012975,-0.148502,-0.021760,-0.143373,-0.048453,-0.326964,0.040539,0.046424,0.026549,-0.006967,-0.002166,-0.003637,0.223603,-0.170259,1.058336,1.523576,0.000000,0.000000,-0.128343,-0.160527,0.513963,0.901045,0.100539,0.000000,0.000000
0.970423,0.018555,0.873488,-0.023069,-0.008583,0.996568,0.079032,-0.000745,0.008340,0.241724,0.007866,-0.142224,-0.019218,-0.144369,-0.039157,-0.314534,0.046577,0.041131,0.026820,-0.013948,-0.002075,-0.004361,0.230646,-0.169545,1.060093,1.522578,0.000000,0.000000,-0.128228,-0.153553,0.511491,0.911346,0.098952,0.000000,0.000000
0.972248,0.018874,0.874240,-0.023091,-0.011554,0.996841,0.075110,-0.002112,0.014964,0.235300,0.003648,-0.136651,-0.016749,-0.145045,-0.030634,-0.302936,0.055551,0.033667,0.027044,-0.021302,-0.001934,-0.004555,0.237597,-0.168282,1.061924,1.521738,0.000000,0.000000,-0.127504,-0.146733,0.507820,0.922032,0.097578,0.000000,0.000000
0.973673,0.018654,0.874559,-0.022444,-0.012633,0.997000,0.072993,-0.002781,0.018382,0.230904,0.001480,-0.133143,-0.015360,-0.144667,-0.026556,-0.287940,0.064368,0.026149,0.025568,-0.026414,-0.001901,-0.004000,0.241874,-0.167033,1.063648,1.520691,0.000000,0.000000,-0.125773,-0.143029,0.504592,0.931480,0.097703,0.000000,0.000000
0.975118,0.018365,0.874824,-0.021551,-0.013559,0.997115,0.071505,-0.003112,0.020840,0.227361,0.000161,-0.130137,-0.014332,-0.144125,-0.023825,-0.269545,0.076193,0.015839,0.023232,-0.030605,-0.001887,-0.002959,0.245359,-0.165208,1.065395,1.517981,0.000000,0.000000,-0.123434,-0.140147,0.500587,0.941826,0.098105,0.000000,0.000000
0.976463,0.017912,0.875026,-0.020726,-0.014309,0.997191,0.070545,-0.003256,0.022276,0.225294,-0.000508,-0.128121,-0.013744,-0.143845,-0.022139,-0.253103,0.088801,0.004438,0.020982,-0.033276,-0.001857,-0.001656,0.248189,-0.163987,1.067001,1.515075,0.000000,0.000000,-0.121014,-0.138242,0.496552,0.951508,0.098863,0.000000,0.000000
0.977750,0.017292,0.875186,-0.020070,-0.014911,0.997248,0.069790,-0.003417,0.023129,0.223836,-0.001082,-0.126447,-0.013370,-0.143750,-0.020832,-0.237372,0.102851,-0.008362,0.018774,-0.035137,-0.001798,-0.000487,0.250876,-0.163472,1.068621,1.512752,0.000000,0.000000,-0.118438,-0.136891,0.492119,0.961375,0.099812,0.000000,0.000000
0.978996,0.016452,0.875297,-0.019553,-0.015318,0.997287,0.069298,-0.003642,0.023329,0.222677,-0.001692,-0.125049,-0.013180,-0.143807,-0.019933,-0.223017,0.117608,-0.022025,0.016698,-0.036204,-0.001768,0.000260,0.253282,-0.163499,1.070112,1.510535,0.000000,0.000000,-0.116094,-0.136130,0.487253,0.971456,0.101118,0.000000,0.000000
0.980167,0.015522,0.875366,-0.019195,-0.015554,0.997323,0.068818,-0.003931,0.023036,0.221795,-0.002369,-0.123905,-0.013133,-0.143887,-0.019432,-0.210993,0.131460,-0.035307,0.014904,-0.036749,-0.001752,0.000416,0.255147,-0.163646,1.071462,1.508920,0.000000,0.000000,-0.114040,-0.135827,0.482088,0.980564,0.102500,0.000000,0.000000
0.981290,0.014573,0.875406,-0.018937,-0.015667,0.997368,0.068214,-0.004321,0.022378,0.220964,-0.003237,-0.122776,-0.013169,-0.143930,-0.019157,-0.199710,0.145787,-0.049517,0.013178,-0.037216,-0.001707,0.000337,0.256686,-0.164656,1.072813,1.507255,0.000000,0.000000,-0.111853,-0.135477,0.476250,0.990021,0.105130,0.000000,0.000000
0.982352,0.013677,0.875430,-0.018732,-0.015718,0.997415,0.067570,-0.004761,0.021558,0.219967,-0.004246,-0.121666,-0.013212,-0.143869,-0.019002,-0.189318,0.160258,-0.063436,0.011572,-0.037326,-0.001679,-0.000037,0.258258,-0.166182,1.074252,1.505243,0.000000,0.000000,-0.109531,-0.135743,0.470312,0.999496,0.108131,0.000000,0.000000
0.983391,0.012966,0.875427,-0.018513,-0.015637,0.997465,0.066899,-0.005197,0.020669,0.218903,-0.005283,-0.120533,-0.013257,-0.143644,-0.018816,-0.179861,0.174541,-0.076212,0.010137,-0.037330,-0.001623,-0.000795,0.259834,-0.168075,1.075394,1.503746,0.000000,0.000000,-0.107336,-0.136204,0.463715,1.009125,0.110913,0.000000,0.000000
0.984330,0.012350,0.875416,-0.018501,-0.015532,0.997510,0.066257,-0.005696,0.019755,0.217835,-0.006473,-0.119261,-0.013304,-0.143259,-0.018523,-0.171106,0.188109,-0.087254,0.008858,-0.036930,-0.001582,-0.001653,0.261010,-0.170612,1.076767,1.502378,0.000000,0.000000,-0.104285,-0.136561,0.457703,1.020490,0.114816,0.000000,0.000000
0.985307,0.011814,0.875395,-0.018369,-0.015372,0.997565,0.065495,-0.006181,0.018878,0.216736,-0.007641,-0.117952,-0.013337,-0.142634,-0.018168,-0.163393,0.201090,-0.096127,0.007782,-0.036364,-0.001525,-0.003031,0.262448,-0.173209,1.077672,1.501697,0.000000,0.000000,-0.101989,-0.137395,0.450997,1.030432,0.117850,0.000000,0.000000
0.986208,0.011343,0.875362,-0.018358,-0.015162,0.997621,0.064688,-0.006648,0.018092,0.215504,-0.008792,-0.116657,-0.013329,-0.141861,-0.017772,-0.156841,0.211944,-0.102454,0.006897,-0.035701,-0.001486,-0.004672,0.263835,-0.175638,1.078255,1.501538,0.000000,0.000000,-0.100198,-0.138610,0.444306,1.038259,0.119642,0.000000,0.000000
0.987063,0.010907,0.875306,-0.018421,-0.014850,0.997683,0.063792,-0.007191,0.017183,0.214205,-0.010101,-0.115297,-0.013339,-0.140839,-0.017385,-0.150225,0.221953,-0.107868,0.006002,-0.034884,-0.001451,-0.006546,0.265160,-0.178134,1.078845,1.501348,0.000000,0.000000,-0.098212,-0.140201,0.437116,1.045775,0.121055,0.000000,0.000000
0.987892,0.010507,0.875242,-0.018456,-0.014497,0.997741,0.062952,-0.007754,0.016184,0.213113,-0.011421,-0.113922,-0.013402,-0.139547,-0.016976,-0.143528,0.230826,-0.112233,0.005098,-0.033943,-0.001424,-0.008837,0.266658,-0.180352,1.079296,1.501824,0.000000,0.000000,-0.096422,-0.142686,0.429100,1.051814,0.120825,0.000000,0.000000
0.988629,0.010163,0.875159,-0.018622,-0.014056,0.997784,0.062308,-0.008359,0.015068,0.212208,-0.012789,-0.112552,-0.013514,-0.138008,-0.016573,-0.136976,0.238116,-0.115325,0.004208,-0.032598,-0.001395,-0.011355,0.267737,-0.182540,1.079744,1.502422,0.000000,0.000000,-0.093996,-0.144957,0.421312,1.058277,0.120776,0.000000,0.000000
0.989333,0.009880,0.875066,-0.018848,-0.013571,0.997819,0.061792,-0.009004,0.013893,0.211656,-0.014189,-0.111232,-0.013690,-0.136158,-0.016142,-0.130676,0.243483,-0.116890,0.003360,-0.030860,-0.001372,-0.014195,0.268621,-0.184763,1.080412,1.502867,0.000000,0.000000,-0.091347,-0.147145,0.414043,1.065211,0.121492,0.000000,0.000000
0.989957,0.009647,0.874959,-0.019118,-0.013021,0.997839,0.061505,-0.009665,0.012672,0.211323,-0.015590,-0.109964,-0.013904,-0.133984,-0.015692,-0.125022,0.247016,-0.115675,0.002620,-0.028632,-0.001385,-0.017373,0.269256,-0.186893,1.080940,1.503330,0.000000,0.000000,-0.088656,-0.149407,0.407544,1.072131,0.122432,0.000000,0.000000
0.990503,0.009434,0.874825,-0.019478,-0.012342,0.997859,0.061196,-0.010351,0.011327,0.211126,-0.017014,-0.108776,-0.014165,-0.131455,-0.015354,-0.120561,0.248434,-0.110872,0.002056,-0.026056,-0.001393,-0.020840,0.269713,-0.188782,1.081383,1.503661,0.000000,0.000000,-0.086140,-0.151751,0.401320,1.079152,0.122995,0.000000,0.000000
0.990989,0.009014,0.874680,-0.019908,-0.011611,0.997866,0.061092,-0.011013,0.009892,0.211054,-0.017450,-0.107692,-0.014469,-0.128894,-0.015497,-0.117372,0.247289,-0.104600,0.001570,-0.023383,-0.001436,-0.024256,0.269819,-0.190308,1.081920,1.503618,0.000000,0.000000,-0.083792,-0.153843,0.396089,1.085461,0.123393,0.000000,0.000000
0.991489,0.008460,0.874515,-0.020483,-0.010783,0.997853,0.061268,-0.011931,0.008090,0.211369,-0.017450,-0.106733,-0.014911,-0.126009,-0.016226,-0.114797,0.243210,-0.097672,0.001030,-0.020192,-0.001460,-0.028108,0.269927,-0.191458,1.082281,1.503856,0.000000,0.000000,-0.081438,-0.156383,0.390679,1.091952,0.123655,0.000000,0.000000
0.992146,0.007813,0.874335,-0.021172,-0.009888,0.997839,0.061418,-0.013429,0.005735,0.212159,-0.017450,-0.105885,-0.015544,-0.122542,-0.017623,-0.113508,0.234470,-0.094659,0.000519,-0.016174,-0.001506,-0.032829,0.270112,-0.192701,1.082296,1.504105,0.000000,0.000000,-0.079169,-0.159441,0.384181,1.099819,0.123144,0.000000,0.000000
