0.000000,0.000000,0.865997,0.010560,0.008738,0.999563,-0.026175,0.035790,0.033356,-0.009182,0.112598,-0.257145,0.021899,-0.001518,-0.113303,-0.120962,0.282564,-0.349145,-0.021108,0.027694,0.000420,-0.113523,0.197201,-0.490472,1.092413,1.560978,0.000000,0.000000,-0.097341,-0.164299,0.285104,1.175778,0.051381,0.000000,0.000000
0.001281,-0.001056,0.865499,0.009904,0.010661,0.999392,-0.031678,0.032882,0.030357,-0.016961,0.115584,-0.259089,0.022321,-0.001958,-0.117193,-0.129165,0.284384,-0.350964,-0.020772,0.019771,0.000124,-0.117828,0.193564,-0.492035,1.102560,1.567561,0.000000,0.000000,-0.100399,-0.166906,0.289043,1.182081,0.053231,0.000000,0.000000
0.002161,-0.001365,0.865373,0.009551,0.011220,0.999341,-0.033182,0.030977,0.028895,-0.020474,0.117289,-0.259724,0.022494,-0.002652,-0.118867,-0.132618,0.285170,-0.351295,-0.020638,0.015828,0.000109,-0.119468,0.191785,-0.492142,1.105812,1.569188,0.000000,0.000000,-0.102169,-0.168073,0.291236,1.184036,0.054665,0.000000,0.000000
0.002672,-0.001439,0.865310,0.009310,0.011424,0.999334,-0.033380,0.030319,0.028476,-0.021396,0.117845,-0.259904,0.022530,-0.003000,-0.119328,-0.133455,0.285448,-0.351360,-0.020617,0.014764,0.000118,-0.119844,0.191183,-0.492061,1.106705,1.569538,0.000000,0.000000,-0.102725,-0.168052,0.292004,1.185363,0.055887,0.000000,0.000000
0.003073,-0.001518,0.865313,0.009211,0.011419,0.999330,-0.033517,0.029949,0.028283,-0.021768,0.118158,-0.260006,0.022538,-0.003224,-0.119535,-0.133838,0.285622,-0.351378,-0.020607,0.014242,0.000129,-0.120045,0.190965,-0.491944,1.107138,1.569685,0.000000,0.000000,-0.103183,-0.168249,0.292460,1.185478,0.056023,0.000000,0.000000
0.003310,-0.001551,0.865308,0.009127,0.011440,0.999332,-0.033498,0.029560,0.028096,-0.022089,0.118489,-0.260117,0.022542,-0.003477,-0.119729,-0.134183,0.285811,-0.351393,-0.020599,0.013746,0.000134,-0.120229,0.190751,-0.491768,1.107587,1.569819,0.000000,0.000000,-0.103683,-0.168455,0.292917,1.185504,0.056074,0.000000,0.000000
0.003472,-0.001576,0.865313,0.009085,0.011442,0.999333,-0.033460,0.029174,0.027921,-0.022359,0.118823,-0.260234,0.022540,-0.003739,-0.119909,-0.134488,0.286005,-0.351406,-0.020594,0.013288,0.000134,-0.120391,0.190544,-0.491541,1.108057,1.569940,0.000000,0.000000,-0.104221,-0.168663,0.293356,1.185480,0.056078,0.000000,0.000000
0.003586,-0.001598,0.865321,0.009053,0.011434,0.999335,-0.033416,0.028800,0.027759,-0.022582,0.119150,-0.260344,0.022536,-0.003999,-0.120073,-0.134754,0.286196,-0.351416,-0.020591,0.012866,0.000130,-0.120529,0.190344,-0.491261,1.108553,1.570047,0.000000,0.000000,-0.104792,-0.168871,0.293771,1.185422,0.056049,0.000000,0.000000
0.003677,-0.001619,0.865329,0.009022,0.011424,0.999336,-0.033400,0.028440,0.027609,-0.022766,0.119465,-0.260443,0.022528,-0.004252,-0.120222,-0.134990,0.286380,-0.351421,-0.020588,0.012474,0.000129,-0.120648,0.190152,-0.490926,1.109076,1.570143,0.000000,0.000000,-0.105394,-0.169086,0.294143,1.185337,0.055984,0.000000,0.000000
0.003757,-0.001637,0.865335,0.008987,0.011417,0.999336,-0.033401,0.028098,0.027473,-0.022919,0.119763,-0.260531,0.022519,-0.004498,-0.120358,-0.135198,0.286550,-0.351421,-0.020587,0.012103,0.000137,-0.120754,0.189964,-0.490532,1.109637,1.570229,0.000000,0.000000,-0.106019,-0.169291,0.294455,1.185269,0.055920,0.000000,0.000000
0.003838,-0.001652,0.865340,0.008940,0.011409,0.999336,-0.033418,0.027769,0.027348,-0.023046,0.120043,-0.260604,0.022510,-0.004735,-0.120479,-0.135386,0.286703,-0.351413,-0.020584,0.011752,0.000135,-0.120854,0.189779,-0.490081,1.110244,1.570307,0.000000,0.000000,-0.106671,-0.169488,0.294694,1.185229,0.055867,0.000000,0.000000
0.003928,-0.001666,0.865345,0.008881,0.011400,0.999335,-0.033471,0.027454,0.027233,-0.023149,0.120300,-0.260656,0.022498,-0.004964,-0.120587,-0.135558,0.286837,-0.351396,-0.020582,0.011409,0.000147,-0.120957,0.189598,-0.489576,1.110908,1.570375,0.000000,0.000000,-0.107353,-0.169676,0.294845,1.185227,0.055829,0.000000,0.000000
0.004028,-0.001672,0.865350,0.008817,0.011390,0.999334,-0.033537,0.027150,0.027127,-0.023228,0.120531,-0.260690,0.022486,-0.005185,-0.120683,-0.135721,0.286953,-0.351371,-0.020576,0.011069,0.000153,-0.121070,0.189417,-0.489019,1.111639,1.570436,0.000000,0.000000,-0.108063,-0.169856,0.294899,1.185274,0.055815,0.000000,0.000000
0.004132,-0.001666,0.865356,0.008751,0.011373,0.999331,-0.033632,0.026857,0.027033,-0.023277,0.120733,-0.260714,0.022473,-0.005403,-0.120765,-0.135882,0.287049,-0.351342,-0.020569,0.010729,0.000162,-0.121199,0.189240,-0.488409,1.112457,1.570490,0.000000,0.000000,-0.108798,-0.170027,0.294830,1.185386,0.055823,0.000000,0.000000
0.004241,-0.001653,0.865373,0.008680,0.011351,0.999329,-0.033721,0.026320,0.026876,-0.023316,0.121062,-0.260739,0.022444,-0.005805,-0.120898,-0.136185,0.287199,-0.351278,-0.020549,0.010078,0.000181,-0.121479,0.188900,-0.487154,1.114178,1.570581,0.000000,0.000000,-0.110236,-0.170331,0.294463,1.185737,0.055886,0.000000,0.000000
0.004348,-0.001631,0.865382,0.008601,0.011320,0.999328,-0.033788,0.026075,0.026814,-0.023305,0.121186,-0.260738,0.022429,-0.005996,-0.120946,-0.136325,0.287249,-0.351242,-0.020537,0.009763,0.000189,-0.121633,0.188732,-0.486509,1.115095,1.570619,0.000000,0.000000,-0.110946,-0.170465,0.294169,1.185980,0.055947,0.000000,0.000000
0.004451,-0.001590,0.865403,0.008521,0.011280,0.999328,-0.033828,0.025624,0.026724,-0.023230,0.121363,-0.260713,0.022400,-0.006353,-0.121008,-0.136576,0.287304,-0.351162,-0.020508,0.009149,0.000214,-0.121965,0.188407,-0.485198,1.117036,1.570682,0.000000,0.000000,-0.112339,-0.170694,0.293409,1.186587,0.056126,0.000000,0.000000
0.004547,-0.001529,0.865425,0.008430,0.011229,0.999329,-0.033836,0.025232,0.026671,-0.023110,0.121464,-0.260669,0.022372,-0.006679,-0.121030,-0.136780,0.287307,-0.351075,-0.020477,0.008579,0.000235,-0.122306,0.188109,-0.483936,1.118982,1.570734,0.000000,0.000000,-0.113644,-0.170881,0.292541,1.187271,0.056348,0.000000,0.000000
0.004628,-0.001451,0.865452,0.008358,0.011156,0.999330,-0.033856,0.024891,0.026667,-0.022935,0.121518,-0.260673,0.022348,-0.006973,-0.121009,-0.136966,0.287278,-0.351006,-0.020439,0.008050,0.000253,-0.122664,0.187848,-0.482661,1.120985,1.570775,0.000000,0.000000,-0.114852,-0.171036,0.291493,1.188023,0.056529,0.000000,0.000000
0.004712,-0.001374,0.865475,0.008242,0.011086,0.999333,-0.033792,0.024590,0.026693,-0.022744,0.121502,-0.260630,0.022328,-0.007244,-0.120950,-0.137088,0.287189,-0.350909,-0.020402,0.007563,0.000271,-0.123034,0.187598,-0.481483,1.122954,1.570800,0.000000,0.000000,-0.115995,-0.171158,0.290441,1.188772,0.056734,0.000000,0.000000
0.004795,-0.001288,0.865495,0.008128,0.011001,0.999337,-0.033733,0.024448,0.026726,-0.022639,0.121466,-0.260590,0.022320,-0.007378,-0.120898,-0.137122,0.287117,-0.350848,-0.020382,0.007322,0.000282,-0.123243,0.187483,-0.480911,1.123984,1.570800,0.000000,0.000000,-0.116566,-0.171215,0.289888,1.189162,0.056842,0.000000,0.000000
0.004877,-0.001191,0.865523,0.008011,0.010909,0.999342,-0.033656,0.024181,0.026827,-0.022414,0.121349,-0.260485,0.022310,-0.007637,-0.120756,-0.137141,0.286923,-0.350705,-0.020340,0.006851,0.000297,-0.123700,0.187275,-0.479828,1.126091,1.570800,0.000000,0.000000,-0.117691,-0.171321,0.288771,1.189945,0.057044,0.000000,0.000000
0.004956,-0.001087,0.865547,0.007897,0.010811,0.999346,-0.033580,0.024053,0.026894,-0.022295,0.121273,-0.260421,0.022309,-0.007765,-0.120665,-0.137125,0.286804,-0.350623,-0.020318,0.006620,0.000312,-0.123951,0.187183,-0.479334,1.127158,1.570800,0.000000,0.000000,-0.118240,-0.171373,0.288211,1.190323,0.057134,0.000000,0.000000
0.005031,-0.000975,0.865579,0.007788,0.010706,0.999351,-0.033498,0.023809,0.027060,-0.022050,0.121097,-0.260281,0.022312,-0.008015,-0.120447,-0.137049,0.286530,-0.350443,-0.020273,0.006172,0.000336,-0.124488,0.187029,-0.478472,1.129282,1.570800,0.000000,0.000000,-0.119292,-0.171475,0.287097,1.191045,0.057289,0.000000,0.000000
0.005098,-0.000855,0.865607,0.007694,0.010599,0.999357,-0.033384,0.023692,0.027161,-0.021924,0.121006,-0.260209,0.022317,-0.008135,-0.120320,-0.136984,0.286378,-0.350347,-0.020251,0.005958,0.000341,-0.124772,0.186966,-0.478113,1.130333,1.570800,0.000000,0.000000,-0.119791,-0.171528,0.286549,1.191389,0.057356,0.000000,0.000000
0.005152,-0.000726,0.865634,0.007612,0.010490,0.999364,-0.033234,0.023575,0.027280,-0.021788,0.120914,-0.260137,0.022325,-0.008258,-0.120172,-0.136887,0.286208,-0.350243,-0.020229,0.005748,0.000347,-0.125083,0.186917,-0.477814,1.131407,1.570800,0.000000,0.000000,-0.120281,-0.171585,0.285983,1.191731,0.057419,0.000000,0.000000
0.005196,-0.000591,0.865662,0.007548,0.010383,0.999372,-0.033036,0.023462,0.027418,-0.021640,0.120827,-0.260070,0.022334,-0.008383,-0.120004,-0.136758,0.286026,-0.350134,-0.020206,0.005545,0.000361,-0.125413,0.186881,-0.477580,1.132487,1.570800,0.000000,0.000000,-0.120753,-0.171644,0.285408,1.192067,0.057483,0.000000,0.000000
0.005233,-0.000454,0.865690,0.007498,0.010277,0.999381,-0.032807,0.023353,0.027572,-0.021479,0.120752,-0.260011,0.022346,-0.008507,-0.119819,-0.136596,0.285838,-0.350022,-0.020185,0.005354,0.000375,-0.125757,0.186858,-0.477413,1.133554,1.570800,0.000000,0.000000,-0.121199,-0.171702,0.284825,1.192392,0.057553,0.000000,0.000000
0.005273,-0.000324,0.865717,0.007462,0.010172,0.999388,-0.032626,0.023246,0.027740,-0.021312,0.120692,-0.259963,0.022360,-0.008624,-0.119619,-0.136411,0.285643,-0.349910,-0.020163,0.005174,0.000397,-0.126115,0.186848,-0.477322,1.134597,1.570800,0.000000,0.000000,-0.121610,-0.171766,0.284219,1.192699,0.057629,0.000000,0.000000
0.005322,-0.000201,0.865741,0.007430,0.010073,0.999394,-0.032472,0.023138,0.027922,-0.021145,0.120652,-0.259925,0.022377,-0.008738,-0.119408,-0.136211,0.285447,-0.349799,-0.020141,0.005002,0.000407,-0.126490,0.186848,-0.477317,1.135595,1.570800,0.000000,0.000000,-0.121986,-0.171835,0.283592,1.192982,0.057713,0.000000,0.000000
0.005381,-0.000086,0.865764,0.007404,0.009978,0.999399,-0.032361,0.023028,0.028111,-0.020982,0.120636,-0.259896,0.022396,-0.008846,-0.119187,-0.136003,0.285250,-0.349689,-0.020117,0.004838,0.000427,-0.126885,0.186855,-0.477398,1.136542,1.570800,0.000000,0.000000,-0.122325,-0.171915,0.282932,1.193235,0.057800,0.000000,0.000000
0.005446,0.000022,0.865785,0.007379,0.009889,0.999403,-0.032278,0.022911,0.028311,-0.020823,0.120641,-0.259877,0.022418,-0.008953,-0.118960,-0.135796,0.285055,-0.349581,-0.020092,0.004676,0.000438,-0.127300,0.186873,-0.477558,1.137426,1.570800,0.000000,0.000000,-0.122624,-0.172003,0.282237,1.193458,0.057885,0.000000,0.000000
0.005516,0.000126,0.865802,0.007356,0.009807,0.999407,-0.032192,0.022790,0.028513,-0.020666,0.120670,-0.259866,0.022441,-0.009056,-0.118727,-0.135590,0.284864,-0.349476,-0.020066,0.004516,0.000451,-0.127735,0.186896,-0.477790,1.138235,1.570800,0.000000,0.000000,-0.122886,-0.172107,0.281510,1.193651,0.057967,0.000000,0.000000
0.005579,0.000227,0.865816,0.007320,0.009730,0.999411,-0.032082,0.022665,0.028718,-0.020504,0.120716,-0.259860,0.022464,-0.009158,-0.118491,-0.135383,0.284676,-0.349372,-0.020040,0.004354,0.000468,-0.128187,0.186928,-0.478073,1.138959,1.570800,0.000000,0.000000,-0.123112,-0.172225,0.280754,1.193816,0.058043,0.000000,0.000000
0.005631,0.000332,0.865828,0.007284,0.009658,0.999418,-0.031910,0.022539,0.028926,-0.020330,0.120776,-0.259859,0.022485,-0.009260,-0.118252,-0.135170,0.284491,-0.349270,-0.020015,0.004189,0.000483,-0.128655,0.186974,-0.478388,1.139592,1.570800,0.000000,0.000000,-0.123303,-0.172359,0.279979,1.193954,0.058114,0.000000,0.000000
0.005668,0.000440,0.865839,0.007257,0.009589,0.999426,-0.031671,0.022416,0.029133,-0.020136,0.120849,-0.259863,0.022503,-0.009363,-0.118014,-0.134942,0.284312,-0.349171,-0.019991,0.004024,0.000492,-0.129130,0.187040,-0.478716,1.140130,1.570800,0.000000,0.000000,-0.123457,-0.172506,0.279196,1.194069,0.058177,0.000000,0.000000
0.005685,0.000550,0.865849,0.007245,0.009524,0.999436,-0.031363,0.022300,0.029340,-0.019915,0.120931,-0.259872,0.022518,-0.009466,-0.117776,-0.134697,0.284140,-0.349076,-0.019970,0.003860,0.000502,-0.129609,0.187127,-0.479044,1.140573,1.570800,0.000000,0.000000,-0.123574,-0.172665,0.278420,1.194163,0.058233,0.000000,0.000000
0.005686,0.000664,0.865859,0.007251,0.009464,0.999449,-0.030968,0.022201,0.029545,-0.019657,0.121018,-0.259885,0.022526,-0.009573,-0.117540,-0.134425,0.283978,-0.348987,-0.019954,0.003696,0.000506,-0.130084,0.187237,-0.479357,1.140919,1.570800,0.000000,0.000000,-0.123652,-0.172835,0.277671,1.194236,0.058282,0.000000,0.000000
0.005675,0.000775,0.865870,0.007283,0.009404,0.999462,-0.030574,0.022117,0.029750,-0.019364,0.121113,-0.259905,0.022530,-0.009676,-0.117306,-0.134129,0.283829,-0.348904,-0.019942,0.003534,0.000515,-0.130556,0.187371,-0.479666,1.141172,1.570800,0.000000,0.000000,-0.123686,-0.173011,0.276950,1.194291,0.058326,0.000000,0.000000
0.005656,0.000882,0.865881,0.007335,0.009345,0.999473,-0.030198,0.022052,0.029952,-0.019041,0.121213,-0.259932,0.022528,-0.009774,-0.117075,-0.133815,0.283696,-0.348830,-0.019934,0.003374,0.000532,-0.131028,0.187523,-0.479978,1.141338,1.570800,0.000000,0.000000,-0.123673,-0.173196,0.276255,1.194333,0.058365,0.000000,0.000000
0.005633,0.000986,0.865893,0.007409,0.009289,0.999484,-0.029828,0.022007,0.030154,-0.018691,0.121323,-0.259970,0.022523,-0.009862,-0.116849,-0.133485,0.283581,-0.348765,-0.019929,0.003215,0.000539,-0.131499,0.187689,-0.480301,1.141424,1.570800,0.000000,0.000000,-0.123613,-0.173388,0.275584,1.194366,0.058401,0.000000,0.000000
0.005605,0.001086,0.865905,0.007495,0.009235,0.999495,-0.029467,0.021980,0.030353,-0.018318,0.121441,-0.260017,0.022515,-0.009944,-0.116628,-0.133142,0.283485,-0.348710,-0.019927,0.003061,0.000545,-0.131971,0.187865,-0.480638,1.141437,1.570800,0.000000,0.000000,-0.123502,-0.173586,0.274942,1.194400,0.058434,0.000000,0.000000
0.005577,0.001179,0.865915,0.007596,0.009184,0.999505,-0.029116,0.021974,0.030550,-0.017926,0.121567,-0.260074,0.022504,-0.010015,-0.116413,-0.132788,0.283409,-0.348666,-0.019928,0.002909,0.000551,-0.132448,0.188047,-0.480992,1.141379,1.570800,0.000000,0.000000,-0.123342,-0.173788,0.274327,1.194436,0.058464,0.000000,0.000000
0.005546,0.001266,0.865924,0.007696,0.009138,0.999514,-0.028780,0.021987,0.030743,-0.017524,0.121697,-0.260141,0.022490,-0.010074,-0.116203,-0.132426,0.283351,-0.348632,-0.019932,0.002759,0.000574,-0.132932,0.188233,-0.481363,1.141255,1.570800,0.000000,0.000000,-0.123136,-0.173996,0.273734,1.194483,0.058498,0.000000,0.000000
0.005514,0.001346,0.865916,0.007789,0.009096,0.999523,-0.028470,0.022045,0.031102,-0.016745,0.121949,-0.260282,0.022461,-0.010169,-0.115821,-0.131731,0.283273,-0.348589,-0.019944,0.002480,0.000589,-0.133873,0.188582,-0.482094,1.140896,1.570800,0.000000,0.000000,-0.122660,-0.174398,0.272641,1.194605,0.058567,0.000000,0.000000
0.005485,0.001421,0.865921,0.007877,0.009059,0.999530,-0.028191,0.022086,0.031269,-0.016372,0.122071,-0.260355,0.022445,-0.010208,-0.115645,-0.131399,0.283247,-0.348578,-0.019951,0.002347,0.000589,-0.134337,0.188743,-0.482457,1.140665,1.570800,0.000000,0.000000,-0.122388,-0.174596,0.272128,1.194679,0.058605,0.000000,0.000000
0.005458,0.001492,0.865924,0.007965,0.009026,0.999537,-0.027936,0.022140,0.031432,-0.015999,0.122193,-0.260434,0.022428,-0.010237,-0.115476,-0.131068,0.283236,-0.348578,-0.019961,0.002215,0.000597,-0.134823,0.188894,-0.482835,1.140378,1.570800,0.000000,0.000000,-0.122072,-0.174803,0.271616,1.194773,0.058653,0.000000,0.000000
0.005434,0.001558,0.865913,0.008049,0.008996,0.999543,-0.027702,0.022262,0.031733,-0.015295,0.122426,-0.260589,0.022395,-0.010278,-0.115167,-0.130447,0.283232,-0.348596,-0.019979,0.001965,0.000599,-0.135785,0.189153,-0.483577,1.139735,1.570800,0.000000,0.000000,-0.121390,-0.175207,0.270632,1.194985,0.058758,0.000000,0.000000
0.005415,0.001622,0.865914,0.008135,0.008970,0.999549,-0.027485,0.022329,0.031873,-0.014963,0.122536,-0.260665,0.022379,-0.010290,-0.115026,-0.130154,0.283239,-0.348612,-0.019990,0.001845,0.000599,-0.136264,0.189259,-0.483942,1.139381,1.570800,0.000000,0.000000,-0.121021,-0.175409,0.270155,1.195103,0.058817,0.000000,0.000000
0.005398,0.001684,0.865903,0.008216,0.008944,0.999554,-0.027277,0.022472,0.032134,-0.014336,0.122743,-0.260817,0.022347,-0.010301,-0.114768,-0.129601,0.283267,-0.348656,-0.020010,0.001615,0.000624,-0.137219,0.189421,-0.484659,1.138620,1.570800,0.000000,0.000000,-0.120240,-0.175806,0.269225,1.195359,0.058956,0.000000,0.000000
0.005387,0.001745,0.865904,0.008292,0.008921,0.999559,-0.027079,0.022547,0.032256,-0.014039,0.122839,-0.260892,0.022332,-0.010302,-0.114650,-0.129338,0.283288,-0.348684,-0.020022,0.001504,0.000628,-0.137695,0.189474,-0.485015,1.138215,1.570800,0.000000,0.000000,-0.119827,-0.176000,0.268765,1.195496,0.059035,0.000000,0.000000
0.005380,0.001808,0.865893,0.008357,0.008897,0.999564,-0.026881,0.022697,0.032484,-0.013474,0.123015,-0.261034,0.022303,-0.010296,-0.114432,-0.128832,0.283335,-0.348743,-0.020045,0.001280,0.000643,-0.138640,0.189520,-0.485706,1.137366,1.570800,0.000000,0.000000,-0.118967,-0.176382,0.267889,1.195789,0.059162,0.000000,0.000000
0.005378,0.001871,0.865893,0.008411,0.008873,0.999569,-0.026703,0.022773,0.032593,-0.013205,0.123094,-0.261094,0.022288,-0.010292,-0.114330,-0.128583,0.283358,-0.348763,-0.020059,0.001166,0.000644,-0.139113,0.189509,-0.486047,1.136922,1.570800,0.000000,0.000000,-0.118518,-0.176570,0.267482,1.195939,0.059198,0.000000,0.000000
0.005380,0.001931,0.865882,0.008450,0.008851,0.999573,-0.026537,0.022920,0.032802,-0.012697,0.123230,-0.261191,0.022262,-0.010287,-0.114142,-0.128094,0.283394,-0.348789,-0.020087,0.000930,0.000653,-0.140051,0.189417,-0.486720,1.136013,1.570800,0.000000,0.000000,-0.117597,-0.176939,0.266740,1.196248,0.059183,0.000000,0.000000
0.005387,0.001985,0.865880,0.008464,0.008830,0.999576,-0.026416,0.022985,0.032901,-0.012460,0.123285,-0.261215,0.022251,-0.010284,-0.114052,-0.127846,0.283403,-0.348778,-0.020102,0.000801,0.000666,-0.140521,0.189333,-0.487063,1.135549,1.570800,0.000000,0.000000,-0.117125,-0.177118,0.266415,1.196402,0.059129,0.000000,0.000000
0.005397,0.002030,0.865870,0.008476,0.008811,0.999580,-0.026287,0.023106,0.033085,-0.012021,0.123380,-0.261247,0.022230,-0.010282,-0.113884,-0.127364,0.283408,-0.348750,-0.020135,0.000521,0.000677,-0.141461,0.189089,-0.487748,1.134633,1.570800,0.000000,0.000000,-0.116171,-0.177471,0.265836,1.196735,0.058915,0.000000,0.000000
0.005412,0.002068,0.865867,0.008469,0.008794,0.999582,-0.026200,0.023156,0.033170,-0.011819,0.123419,-0.261253,0.022221,-0.010286,-0.113805,-0.127127,0.283403,-0.348728,-0.020152,0.000368,0.000676,-0.141934,0.188930,-0.488107,1.134179,1.570800,0.000000,0.000000,-0.115692,-0.177640,0.265578,1.196910,0.058764,0.000000,0.000000
0.005433,0.002102,0.865857,0.008470,0.008782,0.999585,-0.026087,0.023242,0.033328,-0.011448,0.123493,-0.261272,0.022203,-0.010302,-0.113657,-0.126674,0.283393,-0.348701,-0.020184,0.000040,0.000693,-0.142893,0.188543,-0.488859,1.133321,1.570800,0.000000,0.000000,-0.114735,-0.177965,0.265093,1.197310,0.058401,0.000000,0.000000
0.005457,0.002135,0.865848,0.008466,0.008774,0.999588,-0.025978,0.023307,0.033464,-0.011120,0.123560,-0.261297,0.022186,-0.010327,-0.113528,-0.126265,0.283387,-0.348693,-0.020216,-0.000287,0.000703,-0.143816,0.188111,-0.489623,1.132554,1.570800,0.000000,0.000000,-0.113828,-0.178262,0.264644,1.197742,0.058009,0.000000,0.000000
0.005483,0.002168,0.865844,0.008463,0.008768,0.999591,-0.025865,0.023334,0.033526,-0.010968,0.123593,-0.261314,0.022178,-0.010344,-0.113469,-0.126069,0.283386,-0.348698,-0.020231,-0.000456,0.000717,-0.144286,0.187861,-0.490038,1.132199,1.570800,0.000000,0.000000,-0.113374,-0.178402,0.264414,1.197988,0.057802,0.000000,0.000000
0.005512,0.002199,0.865835,0.008468,0.008764,0.999594,-0.025759,0.023375,0.033643,-0.010688,0.123663,-0.261356,0.022164,-0.010387,-0.113361,-0.125695,0.283393,-0.348723,-0.020262,-0.000803,0.000731,-0.145234,0.187306,-0.490931,1.131567,1.570800,0.000000,0.000000,-0.112470,-0.178662,0.263927,1.198535,0.057404,0.000000,0.000000
0.005542,0.002228,0.865833,0.008485,0.008762,0.999596,-0.025659,0.023391,0.033696,-0.010558,0.123701,-0.261379,0.022157,-0.010411,-0.113311,-0.125516,0.283404,-0.348741,-0.020277,-0.000977,0.000747,-0.145711,0.186999,-0.491408,1.131294,1.570800,0.000000,0.000000,-0.112016,-0.178781,0.263668,1.198838,0.057207,0.000000,0.000000
0.005571,0.002249,0.865827,0.008518,0.008761,0.999599,-0.025557,0.023421,0.033795,-0.010315,0.123787,-0.261430,0.022144,-0.010456,-0.113223,-0.125172,0.283440,-0.348785,-0.020306,-0.001320,0.000768,-0.146653,0.186324,-0.492400,1.130834,1.570800,0.000000,0.000000,-0.111107,-0.179001,0.263134,1.199492,0.056821,0.000000,0.000000
0.005600,0.002262,0.865822,0.008561,0.008760,0.999600,-0.025480,0.023446,0.033881,-0.010106,0.123878,-0.261473,0.022134,-0.010494,-0.113144,-0.124853,0.283487,-0.348814,-0.020335,-0.001642,0.000789,-0.147524,0.185614,-0.493372,1.130472,1.570800,0.000000,0.000000,-0.110234,-0.179197,0.262626,1.200149,0.056469,0.000000,0.000000
0.005629,0.002269,0.865823,0.008619,0.008760,0.999601,-0.025413,0.023459,0.033922,-0.010013,0.123930,-0.261490,0.022130,-0.010507,-0.113108,-0.124691,0.283519,-0.348823,-0.020350,-0.001801,0.000801,-0.147941,0.185222,-0.493870,1.130320,1.570800,0.000000,0.000000,-0.109791,-0.179284,0.262379,1.200496,0.056311,0.000000,0.000000
0.005656,0.002270,0.865821,0.008684,0.008759,0.999603,-0.025343,0.023483,0.033995,-0.009846,0.124045,-0.261523,0.022124,-0.010529,-0.113041,-0.124368,0.283595,-0.348837,-0.020382,-0.002118,0.000824,-0.148729,0.184378,-0.494858,1.130051,1.570800,0.000000,0.000000,-0.108900,-0.179449,0.261901,1.201220,0.056051,0.000000,0.000000
0.005681,0.002268,0.865822,0.008745,0.008757,0.999604,-0.025279,0.023496,0.034028,-0.009771,0.124106,-0.261540,0.022120,-0.010536,-0.113011,-0.124210,0.283640,-0.348845,-0.020398,-0.002277,0.000839,-0.149095,0.183929,-0.495342,1.129923,1.570800,0.000000,0.000000,-0.108453,-0.179522,0.261660,1.201599,0.055955,0.000000,0.000000
0.005707,0.002264,0.865819,0.008804,0.008756,0.999605,-0.025213,0.023522,0.034089,-0.009634,0.124234,-0.261577,0.022115,-0.010549,-0.112955,-0.123899,0.283744,-0.348865,-0.020430,-0.002594,0.000864,-0.149766,0.182994,-0.496277,1.129659,1.570800,0.000000,0.000000,-0.107564,-0.179657,0.261180,1.202385,0.055830,0.000000,0.000000
0.005733,0.002260,0.865819,0.008854,0.008755,0.999606,-0.025149,0.023533,0.034115,-0.009572,0.124300,-0.261597,0.022113,-0.010555,-0.112929,-0.123746,0.283801,-0.348879,-0.020446,-0.002753,0.000872,-0.150070,0.182513,-0.496724,1.129511,1.570800,0.000000,0.000000,-0.107122,-0.179718,0.260934,1.202793,0.055800,0.000000,0.000000
0.005760,0.002256,0.865819,0.008897,0.008753,0.999608,-0.025079,0.023544,0.034141,-0.009513,0.124371,-0.261621,0.022110,-0.010562,-0.112905,-0.123588,0.283863,-0.348896,-0.020464,-0.002920,0.000886,-0.150354,0.182002,-0.497173,1.129335,1.570800,0.000000,0.000000,-0.106662,-0.179775,0.260672,1.203228,0.055795,0.000000,0.000000
0.005789,0.002256,0.865814,0.008936,0.008753,0.999609,-0.025006,0.023559,0.034187,-0.009408,0.124515,-0.261672,0.022105,-0.010580,-0.112862,-0.123279,0.283995,-0.348939,-0.020499,-0.003250,0.000918,-0.150849,0.180980,-0.498022,1.128933,1.570800,0.000000,0.000000,-0.105766,-0.179871,0.260144,1.204094,0.055816,0.000000,0.000000
0.005820,0.002259,0.865812,0.008969,0.008753,0.999610,-0.024938,0.023567,0.034209,-0.009360,0.124589,-0.261702,0.022103,-0.010590,-0.112842,-0.123130,0.284062,-0.348963,-0.020516,-0.003414,0.000937,-0.151060,0.180473,-0.498427,1.128703,1.570800,0.000000,0.000000,-0.105326,-0.179912,0.259876,1.204519,0.055832,0.000000,0.000000
0.005852,0.002267,0.865810,0.009001,0.008753,0.999612,-0.024854,0.023572,0.034230,-0.009312,0.124667,-0.261738,0.022102,-0.010604,-0.112824,-0.122981,0.284133,-0.348990,-0.020534,-0.003583,0.000960,-0.151246,0.179948,-0.498834,1.128438,1.570800,0.000000,0.000000,-0.104872,-0.179943,0.259587,1.204952,0.055846,0.000000,0.000000
0.005885,0.002275,0.865804,0.009031,0.008753,0.999614,-0.024777,0.023578,0.034266,-0.009221,0.124821,-0.261819,0.022096,-0.010637,-0.112792,-0.122700,0.284274,-0.349048,-0.020567,-0.003910,0.000981,-0.151547,0.178926,-0.499622,1.127859,1.570800,0.000000,0.000000,-0.103988,-0.179983,0.259000,1.205775,0.055855,0.000000,0.000000
0.005918,0.002282,0.865801,0.009054,0.008755,0.999616,-0.024695,0.023581,0.034282,-0.009177,0.124896,-0.261861,0.022094,-0.010655,-0.112779,-0.122570,0.284340,-0.349078,-0.020583,-0.004069,0.000992,-0.151661,0.178426,-0.500004,1.127546,1.570800,0.000000,0.000000,-0.103558,-0.179987,0.258700,1.206169,0.055847,0.000000,0.000000
0.005954,0.002286,0.865797,0.009070,0.008759,0.999618,-0.024611,0.023581,0.034298,-0.009133,0.124969,-0.261904,0.022091,-0.010676,-0.112768,-0.122441,0.284403,-0.349105,-0.020599,-0.004228,0.001010,-0.151744,0.177918,-0.500397,1.127188,1.570800,0.000000,0.000000,-0.103120,-0.179980,0.258383,1.206566,0.055828,0.000000,0.000000
0.005991,0.002287,0.865792,0.009079,0.008765,0.999620,-0.024523,0.023581,0.034311,-0.009087,0.125036,-0.261945,0.022087,-0.010698,-0.112759,-0.122314,0.284461,-0.349131,-0.020616,-0.004388,0.001025,-0.151796,0.177403,-0.500798,1.126801,1.570800,0.000000,0.000000,-0.102677,-0.179957,0.258052,1.206966,0.055810,0.000000,0.000000
0.006032,0.002280,0.865786,0.009082,0.008773,0.999622,-0.024428,0.023578,0.034324,-0.009038,0.125099,-0.261983,0.022083,-0.010722,-0.112751,-0.122186,0.284507,-0.349152,-0.020633,-0.004548,0.001047,-0.151819,0.176890,-0.501199,1.126389,1.570800,0.000000,0.000000,-0.102232,-0.179919,0.257714,1.207370,0.055792,0.000000,0.000000
0.006076,0.002269,0.865779,0.009077,0.008788,0.999624,-0.024336,0.023574,0.034331,-0.008992,0.125152,-0.262011,0.022078,-0.010746,-0.112745,-0.122055,0.284542,-0.349165,-0.020651,-0.004707,0.001059,-0.151815,0.176379,-0.501609,1.125950,1.570800,0.000000,0.000000,-0.101795,-0.179867,0.257387,1.207776,0.055788,0.000000,0.000000
0.006122,0.002258,0.865772,0.009076,0.008802,0.999626,-0.024251,0.023565,0.034337,-0.008948,0.125201,-0.262033,0.022072,-0.010769,-0.112741,-0.121920,0.284565,-0.349171,-0.020670,-0.004864,0.001070,-0.151787,0.175874,-0.502018,1.125499,1.570800,0.000000,0.000000,-0.101367,-0.179803,0.257067,1.208186,0.055797,0.000000,0.000000
0.006167,0.002247,0.865766,0.009077,0.008816,0.999628,-0.024177,0.023553,0.034340,-0.008908,0.125245,-0.262054,0.022067,-0.010792,-0.112739,-0.121783,0.284578,-0.349176,-0.020690,-0.005019,0.001088,-0.151738,0.175378,-0.502424,1.125051,1.570800,0.000000,0.000000,-0.100950,-0.179730,0.256757,1.208596,0.055818,0.000000,0.000000
0.006210,0.002237,0.865761,0.009079,0.008829,0.999629,-0.024110,0.023536,0.034340,-0.008870,0.125288,-0.262075,0.022061,-0.010813,-0.112737,-0.121646,0.284581,-0.349180,-0.020709,-0.005173,0.001101,-0.151670,0.174888,-0.502824,1.124614,1.570800,0.000000,0.000000,-0.100545,-0.179650,0.256453,1.209004,0.055844,0.000000,0.000000
0.006252,0.002227,0.865757,0.009086,0.008841,0.999631,-0.024041,0.023517,0.034340,-0.008836,0.125331,-0.262099,0.022056,-0.010837,-0.112738,-0.121505,0.284577,-0.349184,-0.020729,-0.005323,0.001113,-0.151584,0.174410,-0.503216,1.124194,1.570800,0.000000,0.000000,-0.100152,-0.179558,0.256165,1.209401,0.055877,0.000000,0.000000
0.006291,0.002217,0.865754,0.009096,0.008852,0.999632,-0.023975,0.023494,0.034337,-0.008806,0.125376,-0.262125,0.022051,-0.010858,-0.112737,-0.121360,0.284569,-0.349193,-0.020750,-0.005469,0.001126,-0.151483,0.173948,-0.503595,1.123794,1.570800,0.000000,0.000000,-0.099773,-0.179461,0.255891,1.209780,0.055914,0.000000,0.000000
0.006327,0.002206,0.865751,0.009107,0.008860,0.999633,-0.023917,0.023469,0.034334,-0.008780,0.125422,-0.262154,0.022046,-0.010880,-0.112739,-0.121211,0.284560,-0.349209,-0.020772,-0.005612,0.001140,-0.151366,0.173501,-0.503959,1.123429,1.570800,0.000000,0.000000,-0.099407,-0.179355,0.255635,1.210136,0.055951,0.000000,0.000000
0.006361,0.002193,0.865749,0.009123,0.008868,0.999634,-0.023858,0.023443,0.034329,-0.008760,0.125473,-0.262187,0.022042,-0.010903,-0.112741,-0.121057,0.284554,-0.349234,-0.020795,-0.005749,0.001167,-0.151235,0.173071,-0.504297,1.123097,1.570800,0.000000,0.000000,-0.099056,-0.179243,0.255395,1.210461,0.055991,0.000000,0.000000
0.006391,0.002181,0.865748,0.009140,0.008875,0.999636,-0.023795,0.023415,0.034325,-0.008745,0.125527,-0.262224,0.022039,-0.010927,-0.112743,-0.120895,0.284554,-0.349273,-0.020820,-0.005882,0.001182,-0.151088,0.172660,-0.504604,1.122808,1.570800,0.000000,0.000000,-0.098717,-0.179120,0.255175,1.210752,0.056033,0.000000,0.000000
0.006417,0.002169,0.865746,0.009161,0.008881,0.999637,-0.023728,0.023385,0.034318,-0.008737,0.125588,-0.262269,0.022037,-0.010953,-0.112747,-0.120725,0.284565,-0.349328,-0.020845,-0.006009,0.001199,-0.150926,0.172267,-0.504872,1.122566,1.570800,0.000000,0.000000,-0.098393,-0.178988,0.254974,1.211004,0.056077,0.000000,0.000000
0.006439,0.002157,0.865745,0.009183,0.008887,0.999638,-0.023657,0.023356,0.034313,-0.008737,0.125656,-0.262322,0.022036,-0.010982,-0.112750,-0.120546,0.284591,-0.349406,-0.020871,-0.006132,0.001217,-0.150743,0.171895,-0.505096,1.122375,1.570800,0.000000,0.000000,-0.098082,-0.178847,0.254790,1.211215,0.056118,0.000000,0.000000
0.006456,0.002145,0.865743,0.009211,0.008892,0.999640,-0.023589,0.023328,0.034308,-0.008745,0.125733,-0.262382,0.022035,-0.011014,-0.112753,-0.120359,0.284637,-0.349511,-0.020898,-0.006249,0.001241,-0.150538,0.171545,-0.505280,1.122234,1.570800,0.000000,0.000000,-0.097787,-0.178698,0.254621,1.211385,0.056155,0.000000,0.000000
0.006466,0.002131,0.865742,0.009239,0.008896,0.999641,-0.023533,0.023300,0.034302,-0.008762,0.125818,-0.262451,0.022036,-0.011049,-0.112756,-0.120164,0.284706,-0.349647,-0.020926,-0.006364,0.001255,-0.150309,0.171220,-0.505422,1.122139,1.570800,0.000000,0.000000,-0.097506,-0.178541,0.254465,1.211510,0.056189,0.000000,0.000000
0.006468,0.002116,0.865740,0.009268,0.008901,0.999642,-0.023483,0.023271,0.034297,-0.008788,0.125913,-0.262529,0.022039,-0.011085,-0.112758,-0.119965,0.284797,-0.349818,-0.020955,-0.006476,0.001273,-0.150052,0.170922,-0.505526,1.122085,1.570800,0.000000,0.000000,-0.097239,-0.178375,0.254317,1.211592,0.056220,0.000000,0.000000
0.006461,0.002098,0.865738,0.009303,0.008903,0.999642,-0.023443,0.023242,0.034293,-0.008824,0.126022,-0.262617,0.022042,-0.011124,-0.112760,-0.119761,0.284916,-0.350028,-0.020984,-0.006584,0.001291,-0.149766,0.170659,-0.505597,1.122068,1.570800,0.000000,0.000000,-0.096985,-0.178202,0.254174,1.211632,0.056256,0.000000,0.000000
0.006443,0.002078,0.865737,0.009343,0.008904,0.999642,-0.023415,0.023211,0.034289,-0.008867,0.126146,-0.262717,0.022048,-0.011163,-0.112761,-0.119549,0.285062,-0.350279,-0.021013,-0.006690,0.001312,-0.149447,0.170430,-0.505639,1.122076,1.570800,0.000000,0.000000,-0.096742,-0.178023,0.254032,1.211631,0.056300,0.000000,0.000000
0.006415,0.002055,0.865736,0.009390,0.008903,0.999642,-0.023408,0.023179,0.034285,-0.008919,0.126293,-0.262832,0.022054,-0.011203,-0.112761,-0.119332,0.285237,-0.350573,-0.021043,-0.006793,0.001326,-0.149094,0.170241,-0.505662,1.122106,1.570800,0.000000,0.000000,-0.096507,-0.177841,0.253890,1.211595,0.056359,0.000000,0.000000
0.006376,0.002032,0.865736,0.009448,0.008899,0.999642,-0.023417,0.023143,0.034285,-0.008980,0.126472,-0.262968,0.022062,-0.011240,-0.112759,-0.119107,0.285444,-0.350911,-0.021073,-0.006894,0.001345,-0.148704,0.170089,-0.505673,1.122156,1.570800,0.000000,0.000000,-0.096278,-0.177658,0.253747,1.211526,0.056436,0.000000,0.000000
0.006325,0.002009,0.865736,0.009532,0.008893,0.999640,-0.023433,0.023102,0.034288,-0.009052,0.126700,-0.263137,0.022072,-0.011273,-0.112757,-0.118872,0.285686,-0.351295,-0.021105,-0.006992,0.001357,-0.148274,0.169974,-0.505676,1.122223,1.570800,0.000000,0.000000,-0.096052,-0.177472,0.253608,1.211428,0.056533,0.000000,0.000000
0.006262,0.001987,0.865736,0.009644,0.008888,0.999639,-0.023457,0.023052,0.034291,-0.009138,0.126999,-0.263351,0.022085,-0.011299,-0.112753,-0.118627,0.285966,-0.351725,-0.021137,-0.007085,0.001382,-0.147799,0.169898,-0.505679,1.122308,1.570800,0.000000,0.000000,-0.095820,-0.177288,0.253476,1.211302,0.056653,0.000000,0.000000
0.006184,0.001969,0.865734,0.009786,0.008883,0.999637,-0.023478,0.022990,0.034297,-0.009242,0.127394,-0.263629,0.022101,-0.011312,-0.112747,-0.118371,0.286289,-0.352201,-0.021171,-0.007173,0.001405,-0.147275,0.169859,-0.505680,1.122408,1.570800,0.000000,0.000000,-0.095575,-0.177103,0.253354,1.211154,0.056786,0.000000,0.000000
0.006090,0.001952,0.865730,0.009965,0.008879,0.999635,-0.023495,0.022911,0.034302,-0.009368,0.127911,-0.263984,0.022120,-0.011311,-0.112741,-0.118105,0.286658,-0.352724,-0.021206,-0.007254,0.001411,-0.146696,0.169857,-0.505677,1.122526,1.570800,0.000000,0.000000,-0.095310,-0.176923,0.253245,1.210981,0.056930,0.000000,0.000000
0.005978,0.001938,0.865722,0.010180,0.008879,0.999632,-0.023521,0.022811,0.034308,-0.009524,0.128581,-0.264436,0.022143,-0.011294,-0.112736,-0.117832,0.287080,-0.353293,-0.021242,-0.007329,0.001430,-0.146055,0.169890,-0.505676,1.122661,1.570800,0.000000,0.000000,-0.095012,-0.176746,0.253152,1.210784,0.057080,0.000000,0.000000
0.005847,0.001925,0.865708,0.010424,0.008884,0.999629,-0.023543,0.022682,0.034310,-0.009715,0.129427,-0.264995,0.022170,-0.011256,-0.112733,-0.117554,0.287554,-0.353906,-0.021279,-0.007392,0.001438,-0.145350,0.169954,-0.505677,1.122813,1.570800,0.000000,0.000000,-0.094677,-0.176574,0.253071,1.210561,0.057232,0.000000,0.000000
0.005698,0.001914,0.865646,0.010691,0.008896,0.999626,-0.023562,0.022376,0.034304,-0.010159,0.131410,-0.266276,0.022231,-0.011140,-0.112732,-0.117024,0.288557,-0.355146,-0.021352,-0.007487,0.001453,-0.143882,0.170133,-0.505677,1.123128,1.570800,0.000000,0.000000,-0.093952,-0.176263,0.252942,1.210086,0.057517,0.000000,0.000000
0.005531,0.001905,0.865574,0.010971,0.008915,0.999622,-0.023588,0.022027,0.034285,-0.010656,0.133611,-0.267674,0.022297,-0.010991,-0.112743,-0.116545,0.289574,-0.356338,-0.021418,-0.007545,0.001462,-0.142419,0.170355,-0.505682,1.123443,1.570800,0.000000,0.000000,-0.093194,-0.175993,0.252851,1.209603,0.057769,0.000000,0.000000
0.005350,0.001896,0.865493,0.011241,0.008935,0.999618,-0.023617,0.021634,0.034251,-0.011199,0.136021,-0.269142,0.022367,-0.010811,-0.112765,-0.116111,0.290593,-0.357472,-0.021482,-0.007567,0.001474,-0.140952,0.170611,-0.505697,1.123741,1.570800,0.000000,0.000000,-0.092395,-0.175763,0.252807,1.209096,0.057990,0.000000,0.000000
0.005162,0.001883,0.865401,0.011492,0.008963,0.999614,-0.023655,0.021198,0.034198,-0.011801,0.138603,-0.270702,0.022442,-0.010612,-0.112799,-0.115727,0.291608,-0.358556,-0.021543,-0.007558,0.001483,-0.139482,0.170892,-0.505705,1.124039,1.570800,0.000000,0.000000,-0.091557,-0.175570,0.252793,1.208574,0.058177,0.000000,0.000000
0.004972,0.001867,0.865252,0.011729,0.008988,0.999610,-0.023696,0.020528,0.034100,-0.012716,0.142485,-0.273001,0.022553,-0.010303,-0.112867,-0.115252,0.293048,-0.360032,-0.021624,-0.007503,0.001486,-0.137380,0.171321,-0.505723,1.124455,1.570800,0.000000,0.000000,-0.090308,-0.175339,0.252840,1.207796,0.058405,0.000000,0.000000
0.004783,0.001853,0.865154,0.011944,0.009016,0.999606,-0.023741,0.020075,0.034021,-0.013337,0.145065,-0.274545,0.022627,-0.010095,-0.112919,-0.115000,0.293959,-0.360934,-0.021671,-0.007439,0.001471,-0.136029,0.171614,-0.505732,1.124734,1.570800,0.000000,0.000000,-0.089469,-0.175212,0.252915,1.207273,0.058514,0.000000,0.000000
0.004590,0.001840,0.865052,0.012129,0.009039,0.999603,-0.023780,0.019605,0.033937,-0.013972,0.147698,-0.276143,0.022701,-0.009882,-0.112980,-0.114803,0.294854,-0.361796,-0.021712,-0.007349,0.001468,-0.134660,0.171926,-0.505736,1.125025,1.570800,0.000000,0.000000,-0.088588,-0.175095,0.253041,1.206713,0.058578,0.000000,0.000000
0.004401,0.001823,0.864949,0.012278,0.009048,0.999600,-0.023798,0.019137,0.033849,-0.014587,0.150307,-0.277728,0.022772,-0.009670,-0.113046,-0.114649,0.295711,-0.362617,-0.021749,-0.007241,0.001459,-0.133285,0.172255,-0.505739,1.125325,1.570800,0.000000,0.000000,-0.087688,-0.174987,0.253251,1.206116,0.058615,0.000000,0.000000
0.004209,0.001808,0.864847,0.012384,0.009051,0.999599,-0.023794,0.018689,0.033761,-0.015164,0.152816,-0.279289,0.022839,-0.009466,-0.113112,-0.114540,0.296517,-0.363395,-0.021779,-0.007119,0.001459,-0.131915,0.172596,-0.505736,1.125640,1.570800,0.000000,0.000000,-0.086785,-0.174880,0.253554,1.205493,0.058626,0.000000,0.000000
0.004014,0.001793,0.864748,0.012449,0.009045,0.999599,-0.023771,0.018271,0.033679,-0.015685,0.155175,-0.280794,0.022899,-0.009277,-0.113175,-0.114467,0.297263,-0.364132,-0.021804,-0.006987,0.001445,-0.130559,0.172954,-0.505716,1.125965,1.570800,0.000000,0.000000,-0.085893,-0.174765,0.253953,1.204861,0.058610,0.000000,0.000000
0.003811,0.001781,0.864652,0.012469,0.009036,0.999600,-0.023718,0.017898,0.033604,-0.016136,0.157339,-0.282229,0.022952,-0.009101,-0.113235,-0.114421,0.297936,-0.364827,-0.021824,-0.006849,0.001439,-0.129216,0.173321,-0.505673,1.126297,1.570800,0.000000,0.000000,-0.085028,-0.174642,0.254441,1.204241,0.058561,0.000000,0.000000
0.003601,0.001770,0.864605,0.012451,0.009024,0.999602,-0.023643,0.017726,0.033572,-0.016335,0.158358,-0.282938,0.022976,-0.009020,-0.113263,-0.114406,0.298252,-0.365170,-0.021832,-0.006771,0.001433,-0.128517,0.173514,-0.505635,1.126474,1.570800,0.000000,0.000000,-0.084591,-0.174573,0.254741,1.203936,0.058523,0.000000,0.000000
0.003381,0.001757,0.864510,0.012388,0.009015,0.999605,-0.023558,0.017420,0.033515,-0.016679,0.160225,-0.284307,0.023016,-0.008872,-0.113316,-0.114384,0.298829,-0.365837,-0.021847,-0.006600,0.001407,-0.127088,0.173918,-0.505523,1.126839,1.570800,0.000000,0.000000,-0.083732,-0.174419,0.255421,1.203372,0.058410,0.000000,0.000000
0.003150,0.001743,0.864422,0.012288,0.009009,0.999609,-0.023460,0.017166,0.033465,-0.016957,0.161822,-0.285556,0.023048,-0.008752,-0.113363,-0.114365,0.299325,-0.366455,-0.021860,-0.006423,0.001397,-0.125697,0.174309,-0.505374,1.127192,1.570800,0.000000,0.000000,-0.082938,-0.174252,0.256129,1.202913,0.058266,0.000000,0.000000
0.002908,0.001726,0.864372,0.012155,0.009008,0.999612,-0.023369,0.017059,0.033442,-0.017077,0.162525,-0.286151,0.023061,-0.008703,-0.113388,-0.114353,0.299543,-0.366751,-0.021868,-0.006326,0.001392,-0.124984,0.174503,-0.505277,1.127374,1.570800,0.000000,0.000000,-0.082553,-0.174161,0.256507,1.202734,0.058181,0.000000,0.000000
0.002652,0.001705,0.864289,0.011983,0.009012,0.999616,-0.023286,0.016876,0.033403,-0.017292,0.163743,-0.287274,0.023084,-0.008622,-0.113431,-0.114319,0.299918,-0.367317,-0.021882,-0.006127,0.001372,-0.123537,0.174881,-0.505036,1.127741,1.570800,0.000000,0.000000,-0.081821,-0.173962,0.257283,1.202482,0.057995,0.000000,0.000000
0.002381,0.001676,0.864236,0.011763,0.009020,0.999620,-0.023223,0.016798,0.033383,-0.017393,0.164255,-0.287801,0.023094,-0.008594,-0.113453,-0.114298,0.300073,-0.367588,-0.021890,-0.006030,0.001355,-0.122802,0.175062,-0.504888,1.127921,1.570800,0.000000,0.000000,-0.081477,-0.173853,0.257668,1.202411,0.057892,0.000000,0.000000
0.002099,0.001638,0.864180,0.011504,0.009034,0.999624,-0.023188,0.016725,0.033361,-0.017500,0.164700,-0.288321,0.023105,-0.008576,-0.113477,-0.114270,0.300203,-0.367861,-0.021899,-0.005934,0.001333,-0.122026,0.175242,-0.504702,1.128098,1.570800,0.000000,0.000000,-0.081138,-0.173730,0.258053,1.202379,0.057782,0.000000,0.000000
0.001805,0.001602,0.864102,0.011205,0.009055,0.999627,-0.023188,0.016587,0.033312,-0.017727,0.165428,-0.289324,0.023126,-0.008566,-0.113519,-0.114206,0.300402,-0.368379,-0.021916,-0.005760,0.001317,-0.120483,0.175577,-0.504282,1.128436,1.570800,0.000000,0.000000,-0.080509,-0.173475,0.258751,1.202383,0.057562,0.000000,0.000000
0.001503,0.001557,0.864044,0.010881,0.009079,0.999630,-0.023223,0.016520,0.033284,-0.017850,0.165718,-0.289812,0.023136,-0.008574,-0.113539,-0.114170,0.300477,-0.368632,-0.021925,-0.005689,0.001308,-0.119710,0.175727,-0.504047,1.128592,1.570800,0.000000,0.000000,-0.080212,-0.173343,0.259052,1.202407,0.057458,0.000000,0.000000
0.001190,0.001506,0.863986,0.010541,0.009108,0.999632,-0.023285,0.016448,0.033252,-0.017991,0.165957,-0.290321,0.023147,-0.008597,-0.113559,-0.114130,0.300536,-0.368900,-0.021933,-0.005633,0.001304,-0.118897,0.175866,-0.503778,1.128745,1.570800,0.000000,0.000000,-0.079911,-0.173198,0.259313,1.202446,0.057359,0.000000,0.000000
0.000872,0.001434,0.863928,0.010197,0.009140,0.999633,-0.023354,0.016371,0.033210,-0.018148,0.166148,-0.290840,0.023159,-0.008635,-0.113583,-0.114086,0.300587,-0.369194,-0.021943,-0.005595,0.001298,-0.118044,0.175996,-0.503475,1.128889,1.570800,0.000000,0.000000,-0.079604,-0.173048,0.259533,1.202484,0.057270,0.000000,0.000000
0.000550,0.001343,0.863866,0.009855,0.009180,0.999635,-0.023415,0.016223,0.033116,-0.018473,0.166425,-0.291831,0.023177,-0.008733,-0.113641,-0.113999,0.300686,-0.369809,-0.021965,-0.005564,0.001276,-0.116351,0.176227,-0.502849,1.129146,1.570800,0.000000,0.000000,-0.078998,-0.172750,0.259893,1.202535,0.057133,0.000000,0.000000
0.000222,0.001234,0.863811,0.009524,0.009230,0.999637,-0.023467,0.016150,0.033054,-0.018639,0.166519,-0.292305,0.023183,-0.008794,-0.113682,-0.113955,0.300738,-0.370135,-0.021978,-0.005570,0.001270,-0.115502,0.176328,-0.502527,1.129261,1.570800,0.000000,0.000000,-0.078690,-0.172607,0.260041,1.202539,0.057081,0.000000,0.000000
-0.000114,0.001109,0.863756,0.009204,0.009290,0.999638,-0.023525,0.016013,0.032909,-0.018970,0.166628,-0.293209,0.023191,-0.008933,-0.113785,-0.113874,0.300858,-0.370820,-0.022008,-0.005622,0.001246,-0.113808,0.176502,-0.501888,1.129471,1.570800,0.000000,0.000000,-0.078054,-0.172344,0.260304,1.202492,0.057014,0.000000,0.000000
-0.000464,0.000970,0.863700,0.008882,0.009359,0.999638,-0.023600,0.015948,0.032821,-0.019139,0.166651,-0.293644,0.023190,-0.009007,-0.113853,-0.113843,0.300926,-0.371179,-0.022024,-0.005666,0.001239,-0.112958,0.176576,-0.501578,1.129571,1.570800,0.000000,0.000000,-0.077715,-0.172223,0.260423,1.202434,0.056996,0.000000,0.000000
-0.000838,0.000819,0.863646,0.008534,0.009439,0.999638,-0.023712,0.015824,0.032615,-0.019479,0.166639,-0.294482,0.023183,-0.009159,-0.114017,-0.113818,0.301057,-0.371912,-0.022058,-0.005784,0.001227,-0.111270,0.176693,-0.500996,1.129768,1.570800,0.000000,0.000000,-0.076996,-0.172015,0.260639,1.202242,0.056970,0.000000,0.000000
-0.001237,0.000656,0.863582,0.008146,0.009524,0.999637,-0.023858,0.015758,0.032498,-0.019654,0.166604,-0.294888,0.023176,-0.009237,-0.114116,-0.113830,0.301109,-0.372272,-0.022075,-0.005856,0.001223,-0.110434,0.176735,-0.500733,1.129866,1.570800,0.000000,0.000000,-0.076610,-0.171929,0.260734,1.202109,0.056967,0.000000,0.000000
-0.001661,0.000483,0.863523,0.007725,0.009619,0.999634,-0.024062,0.015616,0.032233,-0.020025,0.166491,-0.295678,0.023158,-0.009387,-0.114344,-0.113923,0.301176,-0.372975,-0.022105,-0.006019,0.001212,-0.108801,0.176776,-0.500289,1.130076,1.570800,0.000000,0.000000,-0.075790,-0.171790,0.260889,1.201774,0.056967,0.000000,0.000000
-0.002108,0.000297,0.863453,0.007284,0.009717,0.999631,-0.024312,0.015538,0.032085,-0.020225,0.166415,-0.296066,0.023148,-0.009457,-0.114475,-0.114011,0.301184,-0.373318,-0.022118,-0.006109,0.001209,-0.108001,0.176772,-0.500116,1.130195,1.570800,0.000000,0.000000,-0.075349,-0.171737,0.260951,1.201576,0.056969,0.000000,0.000000
-0.002578,0.000103,0.863396,0.006828,0.009817,0.999626,-0.024577,0.015366,0.031764,-0.020652,0.166235,-0.296823,0.023125,-0.009589,-0.114766,-0.114264,0.301148,-0.373983,-0.022139,-0.006302,0.001200,-0.106444,0.176716,-0.499865,1.130469,1.570800,0.000000,0.000000,-0.074412,-0.171660,0.261062,1.201145,0.056979,0.000000,0.000000
-0.003071,-0.000092,0.863340,0.006366,0.009914,0.999622,-0.024832,0.015188,0.031433,-0.021086,0.166046,-0.297535,0.023100,-0.009704,-0.115064,-0.114572,0.301073,-0.374600,-0.022154,-0.006495,0.001186,-0.104987,0.176614,-0.499715,1.130764,1.570799,0.000000,0.000000,-0.073461,-0.171608,0.261184,1.200710,0.056998,0.000000,0.000000
-0.003594,-0.000288,0.863273,0.005903,0.010002,0.999618,-0.025075,0.015093,0.031259,-0.021313,0.165946,-0.297893,0.023087,-0.009757,-0.115226,-0.114757,0.301020,-0.374915,-0.022160,-0.006597,0.001186,-0.104261,0.176545,-0.499675,1.130929,1.570798,0.000000,0.000000,-0.072947,-0.171590,0.261261,1.200480,0.057006,0.000000,0.000000
-0.004142,-0.000479,0.863224,0.005436,0.010080,0.999615,-0.025275,0.014904,0.030891,-0.021779,0.165745,-0.298615,0.023059,-0.009865,-0.115565,-0.115153,0.300898,-0.375548,-0.022168,-0.006807,0.001186,-0.102801,0.176382,-0.499645,1.131264,1.570795,0.000000,0.000000,-0.071857,-0.171555,0.261466,1.200006,0.057011,0.000000,0.000000
-0.004717,-0.000669,0.863177,0.004965,0.010145,0.999612,-0.025460,0.014721,0.030533,-0.022228,0.165558,-0.299320,0.023031,-0.009963,-0.115895,-0.115549,0.300778,-0.376173,-0.022175,-0.007008,0.001184,-0.101392,0.176214,-0.499651,1.131578,1.570792,0.000000,0.000000,-0.070753,-0.171525,0.261725,1.199529,0.056982,0.000000,0.000000
-0.005311,-0.000857,0.863128,0.004488,0.010204,0.999609,-0.025632,0.014546,0.030183,-0.022667,0.165385,-0.300012,0.023002,-0.010056,-0.116219,-0.115939,0.300656,-0.376774,-0.022181,-0.007201,0.001183,-0.100013,0.176051,-0.499708,1.131838,1.570788,0.000000,0.000000,-0.069626,-0.171488,0.262044,1.199041,0.056928,0.000000,0.000000
-0.005920,-0.001042,0.863076,0.003992,0.010261,0.999607,-0.025793,0.014375,0.029839,-0.023107,0.165221,-0.300685,0.022977,-0.010138,-0.116533,-0.116313,0.300522,-0.377334,-0.022187,-0.007384,0.001178,-0.098656,0.175897,-0.499827,1.132013,1.570782,0.000000,0.000000,-0.068484,-0.171448,0.262418,1.198548,0.056857,0.000000,0.000000
-0.006552,-0.001226,0.863021,0.003469,0.010312,0.999604,-0.025957,0.014208,0.029506,-0.023550,0.165059,-0.301349,0.022953,-0.010212,-0.116836,-0.116678,0.300365,-0.377866,-0.022192,-0.007555,0.001168,-0.097313,0.175762,-0.500015,1.132098,1.570776,0.000000,0.000000,-0.067319,-0.171398,0.262836,1.198048,0.056760,0.000000,0.000000
-0.007193,-0.001413,0.862963,0.002922,0.010362,0.999601,-0.026098,0.014038,0.029181,-0.023996,0.164888,-0.301990,0.022932,-0.010282,-0.117129,-0.117028,0.300166,-0.378350,-0.022195,-0.007716,0.001156,-0.095979,0.175647,-0.500272,1.132066,1.570770,0.000000,0.000000,-0.066147,-0.171338,0.263299,1.197554,0.056658,0.000000,0.000000
-0.007842,-0.001602,0.862888,0.002345,0.010412,0.999599,-0.026218,0.013946,0.029011,-0.024233,0.164788,-0.302310,0.022922,-0.010313,-0.117278,-0.117205,0.300031,-0.378578,-0.022199,-0.007798,0.001164,-0.095283,0.175601,-0.500444,1.131984,1.570769,0.000000,0.000000,-0.065530,-0.171303,0.263564,1.197307,0.056605,0.000000,0.000000
-0.008500,-0.001787,0.862828,0.001737,0.010458,0.999597,-0.026320,0.013752,0.028665,-0.024723,0.164547,-0.302941,0.022902,-0.010377,-0.117574,-0.117553,0.299680,-0.379005,-0.022205,-0.007966,0.001172,-0.093848,0.175537,-0.500867,1.131688,1.570764,0.000000,0.000000,-0.064265,-0.171224,0.264162,1.196835,0.056497,0.000000,0.000000
-0.009170,-0.001967,0.862768,0.001102,0.010499,0.999596,-0.026404,0.013556,0.028328,-0.025197,0.164275,-0.303530,0.022882,-0.010438,-0.117851,-0.117880,0.299260,-0.379394,-0.022208,-0.008124,0.001186,-0.092429,0.175511,-0.501350,1.131267,1.570759,0.000000,0.000000,-0.063030,-0.171144,0.264813,1.196405,0.056388,0.000000,0.000000
-0.009848,-0.002142,0.862708,0.000443,0.010532,0.999594,-0.026459,0.013362,0.028004,-0.025645,0.163964,-0.304078,0.022863,-0.010491,-0.118113,-0.118182,0.298769,-0.379749,-0.022212,-0.008274,0.001179,-0.091014,0.175534,-0.501880,1.130711,1.570758,0.000000,0.000000,-0.061822,-0.171055,0.265519,1.196014,0.056278,0.000000,0.000000
-0.010536,-0.002313,0.862647,-0.000249,0.010556,0.999593,-0.026497,0.013167,0.027697,-0.026059,0.163601,-0.304584,0.022841,-0.010542,-0.118354,-0.118460,0.298191,-0.380074,-0.022213,-0.008416,0.001172,-0.089592,0.175607,-0.502455,1.130016,1.570755,0.000000,0.000000,-0.060642,-0.170959,0.266287,1.195647,0.056163,0.000000,0.000000
-0.011236,-0.002481,0.862587,-0.000980,0.010573,0.999591,-0.026547,0.012973,0.027404,-0.026441,0.163172,-0.305049,0.022818,-0.010590,-0.118576,-0.118725,0.297521,-0.380372,-0.022214,-0.008549,0.001179,-0.088157,0.175739,-0.503069,1.129171,1.570751,0.000000,0.000000,-0.059487,-0.170859,0.267088,1.195285,0.056045,0.000000,0.000000
-0.011946,-0.002649,0.862526,-0.001748,0.010584,0.999588,-0.026615,0.012776,0.027126,-0.026794,0.162663,-0.305476,0.022795,-0.010636,-0.118777,-0.118987,0.296757,-0.380644,-0.022209,-0.008675,0.001195,-0.086709,0.175929,-0.503721,1.128175,1.570749,0.000000,0.000000,-0.058351,-0.170749,0.267901,1.194903,0.055932,0.000000,0.000000
-0.012661,-0.002815,0.862468,-0.002537,0.010590,0.999584,-0.026701,0.012582,0.026865,-0.027127,0.162072,-0.305873,0.022772,-0.010678,-0.118957,-0.119248,0.295903,-0.380897,-0.022199,-0.008791,0.001193,-0.085239,0.176177,-0.504416,1.127030,1.570745,0.000000,0.000000,-0.057230,-0.170630,0.268717,1.194492,0.055847,0.000000,0.000000
-0.013390,-0.002974,0.862438,-0.003363,0.010586,0.999579,-0.026798,0.012311,0.026519,-0.027584,0.161092,-0.306403,0.022742,-0.010737,-0.119190,-0.119622,0.294564,-0.381237,-0.022178,-0.008951,0.001211,-0.083113,0.176620,-0.505442,1.125175,1.570742,0.000000,0.000000,-0.055645,-0.170438,0.269870,1.193840,0.055782,0.000000,0.000000
-0.014130,-0.003123,0.862379,-0.004215,0.010574,0.999573,-0.026902,0.012142,0.026316,-0.027870,0.160363,-0.306729,0.022724,-0.010777,-0.119320,-0.119861,0.293632,-0.381451,-0.022159,-0.009054,0.001218,-0.081716,0.176968,-0.506117,1.123825,1.570741,0.000000,0.000000,-0.054631,-0.170297,0.270616,1.193365,0.055796,0.000000,0.000000
-0.014900,-0.003271,0.862353,-0.005092,0.010546,0.999566,-0.027045,0.011911,0.026054,-0.028278,0.159179,-0.307220,0.022704,-0.010840,-0.119481,-0.120231,0.292218,-0.381816,-0.022120,-0.009202,0.001226,-0.079610,0.177585,-0.507091,1.121626,1.570743,0.000000,0.000000,-0.053126,-0.170073,0.271701,1.192579,0.055830,0.000000,0.000000
-0.015680,-0.003422,0.862291,-0.006025,0.010516,0.999557,-0.027182,0.011763,0.025901,-0.028548,0.158299,-0.307525,0.022695,-0.010892,-0.119567,-0.120464,0.291238,-0.382049,-0.022092,-0.009311,0.001222,-0.078203,0.178048,-0.507697,1.120021,1.570743,0.000000,0.000000,-0.052142,-0.169910,0.272396,1.191982,0.055889,0.000000,0.000000
-0.016488,-0.003581,0.862265,-0.006995,0.010474,0.999546,-0.027386,0.011547,0.025709,-0.028956,0.156870,-0.307963,0.022689,-0.010982,-0.119666,-0.120832,0.289738,-0.382440,-0.022041,-0.009487,0.001233,-0.076075,0.178827,-0.508561,1.117431,1.570741,0.000000,0.000000,-0.050664,-0.169657,0.273399,1.190981,0.055968,0.000000,0.000000
-0.017303,-0.003743,0.862199,-0.007997,0.010435,0.999533,-0.027586,0.011405,0.025593,-0.029237,0.155831,-0.308235,0.022687,-0.011056,-0.119719,-0.121068,0.288705,-0.382691,-0.022003,-0.009623,0.001246,-0.074646,0.179396,-0.509109,1.115572,1.570742,0.000000,0.000000,-0.049681,-0.169482,0.274031,1.190226,0.056018,0.000000,0.000000
-0.018148,-0.003909,0.862176,-0.009025,0.010388,0.999518,-0.027815,0.011195,0.025441,-0.029665,0.154179,-0.308627,0.022689,-0.011176,-0.119776,-0.121436,0.287136,-0.383118,-0.021941,-0.009836,0.001251,-0.072475,0.180338,-0.509918,1.112614,1.570749,0.000000,0.000000,-0.048190,-0.169224,0.274945,1.188965,0.056022,0.000000,0.000000
-0.019012,-0.004087,0.862144,-0.010091,0.010344,0.999502,-0.028053,0.010994,0.025309,-0.030074,0.152504,-0.308981,0.022693,-0.011304,-0.119824,-0.121803,0.285598,-0.383553,-0.021875,-0.010044,0.001260,-0.070378,0.181327,-0.510712,1.109625,1.570753,0.000000,0.000000,-0.046742,-0.168975,0.275777,1.187613,0.055946,0.000000,0.000000
-0.019895,-0.004278,0.862103,-0.011205,0.010306,0.999484,-0.028299,0.010792,0.025183,-0.030468,0.150792,-0.309308,0.022696,-0.011443,-0.119866,-0.122179,0.284052,-0.383989,-0.021808,-0.010236,0.001263,-0.068345,0.182367,-0.511523,1.106592,1.570759,0.000000,0.000000,-0.045320,-0.168747,0.276517,1.186157,0.055812,0.000000,0.000000
-0.020787,-0.004483,0.862059,-0.012326,0.010277,0.999464,-0.028541,0.010586,0.025057,-0.030848,0.149053,-0.309619,0.022693,-0.011585,-0.119914,-0.122568,0.282486,-0.384421,-0.021741,-0.010399,0.001253,-0.066359,0.183451,-0.512395,1.103533,1.570767,0.000000,0.000000,-0.043906,-0.168536,0.277193,1.184605,0.055660,0.000000,0.000000
-0.021698,-0.004697,0.862009,-0.013481,0.010253,0.999443,-0.028751,0.010373,0.024920,-0.031201,0.147291,-0.309933,0.022684,-0.011727,-0.119968,-0.122971,0.280873,-0.384850,-0.021672,-0.010522,0.001262,-0.064412,0.184582,-0.513313,1.100449,1.570776,0.000000,0.000000,-0.042498,-0.168344,0.277816,1.182954,0.055504,0.000000,0.000000
-0.022627,-0.004923,0.861953,-0.014666,0.010231,0.999421,-0.028942,0.010149,0.024771,-0.031521,0.145519,-0.310269,0.022667,-0.011872,-0.120032,-0.123390,0.279205,-0.385280,-0.021603,-0.010601,0.001276,-0.062500,0.185750,-0.514268,1.097357,1.570788,0.000000,0.000000,-0.041098,-0.168167,0.278404,1.181221,0.055347,0.000000,0.000000
-0.023575,-0.005162,0.861894,-0.015853,0.010215,0.999398,-0.029131,0.009912,0.024606,-0.031816,0.143766,-0.310654,0.022642,-0.012008,-0.120109,-0.123829,0.277483,-0.385718,-0.021533,-0.010633,0.001283,-0.060615,0.186959,-0.515280,1.094277,1.570798,0.000000,0.000000,-0.039701,-0.168004,0.278974,1.179437,0.055209,0.000000,0.000000
-0.024553,-0.005418,0.861827,-0.017070,0.010197,0.999372,-0.029347,0.009653,0.024424,-0.032099,0.142051,-0.311110,0.022612,-0.012136,-0.120199,-0.124294,0.275699,-0.386162,-0.021463,-0.010629,0.001265,-0.058763,0.188201,-0.516340,1.091226,1.570800,0.000000,0.000000,-0.038302,-0.167861,0.279516,1.177587,0.055077,0.000000,0.000000
-0.025564,-0.005691,0.861753,-0.018325,0.010174,0.999343,-0.029579,0.009360,0.024225,-0.032391,0.140396,-0.311657,0.022580,-0.012253,-0.120297,-0.124778,0.273844,-0.386613,-0.021391,-0.010603,0.001263,-0.056945,0.189467,-0.517424,1.088218,1.570800,0.000000,0.000000,-0.036899,-0.167736,0.280029,1.175678,0.054938,0.000000,0.000000
-0.026606,-0.005986,0.861670,-0.019590,0.010149,0.999311,-0.029856,0.009028,0.024015,-0.032724,0.138837,-0.312319,0.022547,-0.012353,-0.120402,-0.125280,0.271934,-0.387079,-0.021318,-0.010565,0.001266,-0.055162,0.190739,-0.518525,1.085278,1.570800,0.000000,0.000000,-0.035480,-0.167635,0.280520,1.173711,0.054804,0.000000,0.000000
-0.027688,-0.006304,0.861577,-0.020879,0.010123,0.999276,-0.030164,0.008653,0.023789,-0.033127,0.137397,-0.313111,0.022521,-0.012432,-0.120513,-0.125798,0.269976,-0.387567,-0.021242,-0.010534,0.001243,-0.053411,0.192017,-0.519625,1.082414,1.570800,0.000000,0.000000,-0.034036,-0.167560,0.281010,1.171649,0.054675,0.000000,0.000000
-0.028809,-0.006651,0.861475,-0.022171,0.010097,0.999237,-0.030513,0.008229,0.023542,-0.033625,0.136109,-0.314041,0.022502,-0.012492,-0.120637,-0.126330,0.267995,-0.388088,-0.021169,-0.010518,0.001230,-0.051687,0.193285,-0.520726,1.079638,1.570800,0.000000,0.000000,-0.032556,-0.167522,0.281515,1.169476,0.054552,0.000000,0.000000
-0.029982,-0.007025,0.861392,-0.023481,0.010070,0.999197,-0.030878,0.007628,0.023207,-0.034391,0.134683,-0.315410,0.022488,-0.012533,-0.120811,-0.127005,0.265468,-0.388802,-0.021078,-0.010523,0.001228,-0.049530,0.194867,-0.522056,1.076239,1.570800,0.000000,0.000000,-0.030617,-0.167521,0.282190,1.166576,0.054421,0.000000,0.000000
-0.031206,-0.007433,0.861259,-0.024778,0.010044,0.999153,-0.031293,0.007147,0.022941,-0.035069,0.133826,-0.316562,0.022489,-0.012543,-0.120958,-0.127517,0.263657,-0.389384,-0.021011,-0.010545,0.001222,-0.047961,0.195986,-0.522982,1.073846,1.570800,0.000000,0.000000,-0.029135,-0.167568,0.282707,1.164324,0.054371,0.000000,0.000000
-0.032487,-0.007873,0.861115,-0.026071,0.010022,0.999106,-0.031732,0.006619,0.022645,-0.035874,0.133141,-0.317886,0.022501,-0.012522,-0.121131,-0.128062,0.261874,-0.390049,-0.020947,-0.010579,0.001200,-0.046350,0.197094,-0.523864,1.071483,1.570800,0.000000,0.000000,-0.027540,-0.167658,0.283246,1.161874,0.054364,0.000000,0.000000
-0.033830,-0.008343,0.860959,-0.027366,0.010000,0.999058,-0.032174,0.006054,0.022317,-0.036787,0.132628,-0.319368,0.022518,-0.012488,-0.121336,-0.128642,0.260156,-0.390804,-0.020885,-0.010620,0.001191,-0.044697,0.198172,-0.524663,1.069146,1.570800,0.000000,0.000000,-0.025845,-0.167797,0.283790,1.159257,0.054397,0.000000,0.000000
-0.035232,-0.008844,0.860795,-0.028644,0.009978,0.999007,-0.032619,0.005467,0.021956,-0.037790,0.132284,-0.321001,0.022539,-0.012439,-0.121575,-0.129263,0.258537,-0.391652,-0.020825,-0.010656,0.001169,-0.042997,0.199225,-0.525378,1.066834,1.570800,0.000000,0.000000,-0.024058,-0.167981,0.284322,1.156488,0.054486,0.000000,0.000000
-0.036697,-0.009376,0.860620,-0.029913,0.009956,0.998955,-0.033085,0.004866,0.021564,-0.038869,0.132099,-0.322773,0.022566,-0.012380,-0.121847,-0.129942,0.257045,-0.392584,-0.020764,-0.010686,0.001154,-0.041250,0.200254,-0.526029,1.064543,1.570800,0.000000,0.000000,-0.022178,-0.168214,0.284807,1.153574,0.054635,0.000000,0.000000
-0.038229,-0.009940,0.860432,-0.031189,0.009929,0.998901,-0.033537,0.004262,0.021140,-0.040017,0.132050,-0.324664,0.022595,-0.012322,-0.122154,-0.130684,0.255687,-0.393585,-0.020702,-0.010700,0.001149,-0.039462,0.201266,-0.526608,1.062279,1.570800,0.000000,0.000000,-0.020216,-0.168492,0.285218,1.150508,0.054846,0.000000,0.000000
-0.039823,-0.010542,0.860237,-0.032440,0.009901,0.998847,-0.033985,0.003669,0.020687,-0.041224,0.132129,-0.326658,0.022624,-0.012257,-0.122499,-0.131498,0.254495,-0.394638,-0.020638,-0.010691,0.001135,-0.037627,0.202254,-0.527108,1.060051,1.570800,0.000000,0.000000,-0.018165,-0.168826,0.285530,1.147292,0.055134,0.000000,0.000000
-0.041490,-0.011187,0.860030,-0.033691,0.009871,0.998790,-0.034432,0.003096,0.020197,-0.042493,0.132314,-0.328729,0.022655,-0.012202,-0.122883,-0.132391,0.253483,-0.395729,-0.020574,-0.010661,0.001118,-0.035746,0.203210,-0.527542,1.057863,1.570800,0.000000,0.000000,-0.016025,-0.169230,0.285713,1.143919,0.055504,0.000000,0.000000
-0.043229,-0.011884,0.859817,-0.034907,0.009844,0.998732,-0.034902,0.002553,0.019667,-0.043832,0.132601,-0.330856,0.022688,-0.012156,-0.123311,-0.133377,0.252683,-0.396850,-0.020507,-0.010604,0.001106,-0.033824,0.204129,-0.527921,1.055729,1.570800,0.000000,0.000000,-0.013784,-0.169703,0.285741,1.140375,0.055962,0.000000,0.000000
-0.045049,-0.012638,0.859597,-0.036087,0.009818,0.998674,-0.035385,0.002055,0.019093,-0.045249,0.132983,-0.333016,0.022723,-0.012118,-0.123785,-0.134447,0.252147,-0.398007,-0.020441,-0.010533,0.001091,-0.031858,0.205011,-0.528266,1.053664,1.570800,0.000000,0.000000,-0.011436,-0.170262,0.285585,1.136671,0.056521,0.000000,0.000000
-0.046955,-0.013458,0.859372,-0.037211,0.009798,0.998614,-0.035908,0.001618,0.018469,-0.046761,0.133461,-0.335187,0.022762,-0.012095,-0.124310,-0.135599,0.251946,-0.399217,-0.020377,-0.010454,0.001083,-0.029847,0.205845,-0.528596,1.051692,1.570800,0.000000,0.000000,-0.008981,-0.170911,0.285231,1.132830,0.057185,0.000000,0.000000
-0.048952,-0.014349,0.859143,-0.038261,0.009782,0.998553,-0.036494,0.001166,0.017604,-0.048831,0.134191,-0.337940,0.022814,-0.012097,-0.125044,-0.137157,0.252241,-0.400868,-0.020297,-0.010369,0.001073,-0.027233,0.206842,-0.529026,1.049333,1.570800,0.000000,0.000000,-0.005726,-0.171859,0.284492,1.127798,0.058177,0.000000,0.000000
-0.051045,-0.015316,0.858913,-0.039231,0.009766,0.998491,-0.037158,0.000935,0.016914,-0.050485,0.134816,-0.339931,0.022864,-0.012142,-0.125629,-0.138355,0.253003,-0.402206,-0.020244,-0.010345,0.001074,-0.025267,0.207518,-0.529377,1.047736,1.570800,0.000000,0.000000,-0.003225,-0.172660,0.283715,1.124005,0.059030,0.000000,0.000000
-0.053233,-0.016365,0.858673,-0.040095,0.009753,0.998428,-0.037919,0.000783,0.015945,-0.052835,0.135740,-0.342478,0.022942,-0.012280,-0.126449,-0.139986,0.254854,-0.404167,-0.020181,-0.010393,0.001069,-0.022634,0.208334,-0.529877,1.045826,1.570800,0.000000,0.000000,0.000181,-0.173836,0.282406,1.118954,0.060296,0.000000,0.000000
-0.055513,-0.017491,0.858433,-0.040846,0.009738,0.998364,-0.038797,0.000817,0.014964,-0.055285,0.136712,-0.344844,0.023037,-0.012518,-0.127277,-0.141592,0.257656,-0.406296,-0.020128,-0.010573,0.001057,-0.020052,0.209061,-0.530418,1.044183,1.570800,0.000000,0.000000,0.003561,-0.175080,0.280873,1.114070,0.061625,0.000000,0.000000
-0.057882,-0.018687,0.858176,-0.041480,0.009715,0.998299,-0.039793,0.001088,0.013773,-0.058375,0.137923,-0.347518,0.023177,-0.012973,-0.128275,-0.143503,0.262340,-0.409082,-0.020074,-0.010998,0.001037,-0.016953,0.209847,-0.531081,1.042492,1.570800,0.000000,0.000000,0.007620,-0.176649,0.278780,1.108346,0.063258,0.000000,0.000000
-0.060328,-0.019948,0.857925,-0.041973,0.009677,0.998234,-0.040916,0.001600,0.012643,-0.061460,0.139098,-0.349925,0.023337,-0.013611,-0.129221,-0.145310,0.268290,-0.411921,-0.020031,-0.011667,0.001078,-0.013968,0.210538,-0.531706,1.041132,1.570800,0.000000,0.000000,0.011503,-0.178198,0.276585,1.103018,0.064827,0.000000,0.000000
-0.062844,-0.021257,0.857659,-0.042319,0.009614,0.998169,-0.042144,0.002474,0.011407,-0.065055,0.140422,-0.352508,0.023546,-0.014620,-0.130265,-0.147330,0.276843,-0.415221,-0.019991,-0.012775,0.001108,-0.010529,0.211273,-0.532352,1.039860,1.570800,0.000000,0.000000,0.015882,-0.179979,0.273970,1.097131,0.066547,0.000000,0.000000
-0.065418,-0.022596,0.857387,-0.042506,0.009512,0.998105,-0.043460,0.003737,0.010184,-0.068892,0.141785,-0.355132,0.023800,-0.016049,-0.131311,-0.149426,0.288013,-0.418591,-0.019958,-0.014383,0.001173,-0.006773,0.212039,-0.532896,1.038774,1.570800,0.000000,0.000000,0.020496,-0.181819,0.271163,1.091081,0.068276,0.000000,0.000000
-0.068042,-0.023939,0.857143,-0.042532,0.009348,0.998045,-0.044831,0.005254,0.009189,-0.072426,0.142999,-0.357504,0.024068,-0.017775,-0.132202,-0.151337,0.300582,-0.421341,-0.019929,-0.016365,0.001245,-0.003109,0.212772,-0.533183,1.038011,1.570800,0.000000,0.000000,0.024766,-0.183444,0.268613,1.085567,0.069755,0.000000,0.000000
-0.070708,-0.025261,0.856896,-0.042394,0.009101,0.997990,-0.046218,0.007222,0.008348,-0.076094,0.144220,-0.359985,0.024391,-0.020080,-0.133023,-0.153298,0.316302,-0.423509,-0.019904,-0.019021,0.001329,0.001012,0.213615,-0.533187,1.037470,1.570800,0.000000,0.000000,0.029268,-0.185007,0.266085,1.079812,0.071176,0.000000,0.000000
-0.073407,-0.026542,0.856660,-0.042083,0.008752,0.997942,-0.047589,0.009594,0.007775,-0.079708,0.145417,-0.362490,0.024765,-0.022976,-0.133692,-0.155169,0.334815,-0.424574,-0.019880,-0.022321,0.001447,0.005503,0.214582,-0.532798,1.037226,1.570800,0.000000,0.000000,0.033791,-0.186354,0.263796,1.074110,0.072492,0.000000,0.000000
-0.076135,-0.027771,0.856444,-0.041606,0.008281,0.997901,-0.048922,0.012316,0.007547,-0.083182,0.146582,-0.364972,0.025199,-0.026452,-0.134162,-0.156836,0.355787,-0.424117,-0.019865,-0.026235,0.001579,0.010324,0.215686,-0.531981,1.037329,1.570800,0.000000,0.000000,0.038242,-0.187399,0.261874,1.068568,0.073696,0.000000,0.000000
-0.078887,-0.028942,0.856279,-0.040963,0.007678,0.997869,-0.050207,0.015178,0.007689,-0.086345,0.147683,-0.367265,0.025672,-0.030304,-0.134395,-0.158171,0.377741,-0.421930,-0.019853,-0.030482,0.001706,0.015191,0.216858,-0.530784,1.037782,1.570800,0.000000,0.000000,0.042378,-0.188071,0.260432,1.063548,0.074688,0.000000,0.000000
-0.081653,-0.030059,0.856123,-0.040152,0.006942,0.997844,-0.051442,0.018397,0.008198,-0.089558,0.148901,-0.369590,0.026236,-0.034862,-0.134437,-0.159246,0.402511,-0.417743,-0.019852,-0.035392,0.001870,0.020553,0.218227,-0.529190,1.038610,1.570800,0.000000,0.000000,0.046603,-0.188429,0.259304,1.058608,0.075585,0.000000,0.000000
-0.084423,-0.031129,0.855985,-0.039183,0.006082,0.997827,-0.052630,0.021840,0.009058,-0.092762,0.150276,-0.371873,0.026876,-0.040010,-0.134295,-0.159959,0.429241,-0.411475,-0.019868,-0.040790,0.002003,0.026289,0.219757,-0.527269,1.039784,1.570800,0.000000,0.000000,0.050800,-0.188448,0.258456,1.053913,0.076363,0.000000,0.000000
-0.087187,-0.032165,0.855892,-0.038061,0.005114,0.997815,-0.053770,0.025280,0.010152,-0.095803,0.151808,-0.374014,0.027553,-0.045438,-0.134012,-0.160279,0.456272,-0.403467,-0.019897,-0.046301,0.002130,0.032089,0.221360,-0.525284,1.041170,1.570800,0.000000,0.000000,0.054794,-0.188181,0.257835,1.049679,0.077035,0.000000,0.000000
-0.089931,-0.033181,0.855822,-0.036803,0.004057,0.997807,-0.054861,0.028769,0.011440,-0.098773,0.153573,-0.376103,0.028267,-0.051226,-0.133618,-0.160320,0.484007,-0.393700,-0.019930,-0.051977,0.002284,0.038107,0.223056,-0.523309,1.042704,1.570800,0.000000,0.000000,0.058727,-0.187731,0.257321,1.045617,0.077589,0.000000,0.000000
-0.092648,-0.034191,0.855736,-0.035440,0.002942,0.997802,-0.055910,0.032407,0.012917,-0.101774,0.155681,-0.378279,0.029036,-0.057646,-0.133156,-0.160198,0.513409,-0.381949,-0.019952,-0.057997,0.002436,0.044606,0.224940,-0.521425,1.044327,1.570800,0.000000,0.000000,0.062824,-0.187117,0.256736,1.041544,0.078179,0.000000,0.000000
-0.095330,-0.035213,0.855669,-0.034002,0.001797,0.997799,-0.056911,0.035925,0.014401,-0.104528,0.158007,-0.380443,0.029788,-0.064189,-0.132710,-0.160193,0.542073,-0.369342,-0.019919,-0.063878,0.002575,0.051107,0.226891,-0.519877,1.045808,1.570800,0.000000,0.000000,0.066825,-0.186430,0.256000,1.037664,0.078837,0.000000,0.000000
-0.097969,-0.036267,0.855633,-0.032525,0.000651,0.997795,-0.057860,0.039209,0.015783,-0.106941,0.160459,-0.382565,0.030475,-0.070701,-0.132365,-0.160657,0.568967,-0.356964,-0.019784,-0.069440,0.002693,0.057432,0.228847,-0.518832,1.047065,1.570800,0.000000,0.000000,0.070665,-0.185766,0.255039,1.033910,0.079551,0.000000,0.000000
-0.100562,-0.037361,0.855561,-0.031051,-0.000469,0.997789,-0.058758,0.042478,0.017101,-0.109133,0.163201,-0.384814,0.031125,-0.077596,-0.132162,-0.161902,0.595525,-0.344985,-0.019496,-0.075027,0.002832,0.063919,0.230963,-0.518300,1.048151,1.570800,0.000000,0.000000,0.074629,-0.185106,0.253712,1.030004,0.080408,0.000000,0.000000
-0.103113,-0.038509,0.855493,-0.029624,-0.001532,0.997781,-0.059608,0.045469,0.018185,-0.110917,0.166022,-0.387024,0.031673,-0.084389,-0.132186,-0.164088,0.619452,-0.335093,-0.019046,-0.080250,0.002929,0.070079,0.233102,-0.518370,1.048960,1.570800,0.000000,0.000000,0.078448,-0.184522,0.251992,1.026165,0.081369,0.000000,0.000000
-0.105627,-0.039705,0.855369,-0.028276,-0.002516,0.997772,-0.060384,0.048384,0.019078,-0.112383,0.169101,-0.389333,0.032138,-0.091561,-0.132484,-0.167466,0.641979,-0.327356,-0.018389,-0.085449,0.003073,0.076237,0.235425,-0.519062,1.049580,1.570800,0.000000,0.000000,0.082375,-0.183981,0.249709,1.022115,0.082576,0.000000,0.000000
-0.108120,-0.040924,0.855236,-0.027037,-0.003407,0.997761,-0.061077,0.050992,0.019688,-0.113401,0.172185,-0.391506,0.032482,-0.098495,-0.133011,-0.171818,0.660923,-0.322782,-0.017568,-0.090226,0.003206,0.081830,0.237733,-0.520301,1.050037,1.570800,0.000000,0.000000,0.086094,-0.183538,0.247038,1.018161,0.083877,0.000000,0.000000
-0.110611,-0.042137,0.855073,-0.025929,-0.004196,0.997750,-0.061679,0.053349,0.020058,-0.114052,0.175304,-0.393540,0.032721,-0.105308,-0.133696,-0.177056,0.676498,-0.320961,-0.016591,-0.094688,0.003318,0.086916,0.240058,-0.521994,1.050394,1.570800,0.000000,0.000000,0.089673,-0.183177,0.244008,1.014230,0.085180,0.000000,0.000000
-0.112615,-0.043281,0.854828,-0.025079,-0.004747,0.997734,-0.062259,0.055325,0.020105,-0.114656,0.178492,-0.395284,0.032885,-0.113446,-0.134753,-0.183532,0.691119,-0.322128,-0.015426,-0.099203,0.003463,0.091802,0.242549,-0.524258,1.050567,1.570800,0.000000,0.000000,0.093670,-0.183041,0.240225,1.009496,0.086466,0.000000,0.000000
-0.114956,-0.044358,0.854562,-0.024376,-0.005260,0.997725,-0.062636,0.056955,0.019985,-0.114862,0.181845,-0.396863,0.032949,-0.120873,-0.135660,-0.190178,0.700921,-0.324655,-0.014185,-0.103240,0.003560,0.095767,0.244815,-0.526697,1.051056,1.570800,0.000000,0.000000,0.097070,-0.182922,0.236471,1.005319,0.087456,0.000000,0.000000
-0.117512,-0.045341,0.854169,-0.023750,-0.005739,0.997723,-0.062864,0.058772,0.019792,-0.114828,0.185794,-0.398568,0.032987,-0.128866,-0.136409,-0.198061,0.707543,-0.328243,-0.012630,-0.107605,0.003673,0.099711,0.247331,-0.529530,1.051994,1.570800,0.000000,0.000000,0.100656,-0.182720,0.232204,1.000998,0.088246,0.000000,0.000000
-0.120238,-0.046183,0.853741,-0.023206,-0.006186,0.997731,-0.062900,0.060614,0.019614,-0.114570,0.189680,-0.400061,0.033007,-0.136292,-0.136679,-0.205928,0.709503,-0.332378,-0.010974,-0.111684,0.003769,0.103091,0.249723,-0.532106,1.053384,1.570800,0.000000,0.000000,0.103970,-0.182446,0.228153,0.997263,0.088630,0.000000,0.000000
-0.123122,-0.046875,0.853269,-0.022754,-0.006601,0.997750,-0.062715,0.062515,0.019497,-0.114139,0.193471,-0.401303,0.033020,-0.143326,-0.136372,-0.213672,0.707045,-0.336764,-0.009231,-0.115516,0.003870,0.106007,0.251963,-0.534175,1.055297,1.570800,0.000000,0.000000,0.107059,-0.182092,0.224349,0.994160,0.088657,0.000000,0.000000
-0.126145,-0.047395,0.852712,-0.022388,-0.006988,0.997784,-0.062270,0.064603,0.019467,-0.113505,0.197379,-0.402340,0.033037,-0.150472,-0.135329,-0.221597,0.699915,-0.341657,-0.007314,-0.119334,0.003941,0.108675,0.254142,-0.535553,1.057968,1.570800,0.000000,0.000000,0.110070,-0.181627,0.220679,0.991666,0.088400,0.000000,0.000000
-0.129303,-0.047739,0.852143,-0.022120,-0.007347,0.997831,-0.061567,0.066699,0.019548,-0.112744,0.200967,-0.403022,0.033055,-0.157040,-0.133548,-0.228733,0.688681,-0.346567,-0.005436,-0.122732,0.004014,0.110839,0.256001,-0.535811,1.061168,1.570800,0.000000,0.000000,0.112652,-0.181101,0.217576,0.990192,0.087895,0.000000,0.000000
-0.132587,-0.047903,0.851506,-0.021950,-0.007673,0.997892,-0.060592,0.068951,0.019750,-0.111791,0.204486,-0.403393,0.033089,-0.163546,-0.130869,-0.235413,0.672676,-0.351691,-0.003522,-0.125967,0.004077,0.112733,0.257642,-0.534757,1.065125,1.570800,0.000000,0.000000,0.114965,-0.180464,0.214791,0.989701,0.087338,0.000000,0.000000
-0.135984,-0.047881,0.850863,-0.021878,-0.007965,0.997965,-0.059364,0.071199,0.020063,-0.110711,0.207612,-0.403391,0.033122,-0.169470,-0.127483,-0.240874,0.653311,-0.356372,-0.001774,-0.128753,0.004122,0.114229,0.258918,-0.532320,1.069494,1.570800,0.000000,0.000000,0.116851,-0.179778,0.212558,0.990250,0.086966,0.000000,0.000000
-0.139481,-0.047679,0.850198,-0.021909,-0.008221,0.998049,-0.057892,0.073504,0.020473,-0.109473,0.210399,-0.403022,0.033156,-0.175022,-0.123386,-0.245234,0.630624,-0.360356,-0.000174,-0.131190,0.004166,0.115434,0.259915,-0.528529,1.074247,1.570800,0.000000,0.000000,0.118378,-0.179013,0.210803,0.991770,0.086785,0.000000,0.000000
-0.143076,-0.047343,0.849477,-0.022007,-0.008444,0.998141,-0.056204,0.076012,0.020974,-0.108016,0.213014,-0.402255,0.033189,-0.180393,-0.118493,-0.248810,0.603693,-0.363330,0.001330,-0.133394,0.004176,0.116508,0.260858,-0.523297,1.079321,1.570800,0.000000,0.000000,0.119803,-0.178269,0.209457,0.994218,0.086717,0.000000,0.000000
-0.146757,-0.046823,0.848752,-0.022229,-0.008623,0.998237,-0.054363,0.078535,0.021535,-0.106434,0.215104,-0.401113,0.033214,-0.185247,-0.113090,-0.251025,0.574538,-0.364928,0.002591,-0.135244,0.004178,0.117323,0.261548,-0.517086,1.084456,1.570800,0.000000,0.000000,0.120914,-0.177499,0.208638,0.997468,0.086785,0.000000,0.000000
-0.150534,-0.046156,0.848013,-0.022566,-0.008762,0.998333,-0.052399,0.081119,0.022169,-0.104674,0.216727,-0.399602,0.033224,-0.189700,-0.107201,-0.252039,0.542988,-0.364727,0.003651,-0.136829,0.004197,0.117873,0.262048,-0.510042,1.089716,1.570800,0.000000,0.000000,0.121747,-0.176706,0.208279,1.001479,0.086927,0.000000,0.000000
-0.154396,-0.045348,0.847257,-0.023009,-0.008868,0.998427,-0.050355,0.083771,0.022883,-0.102724,0.217908,-0.397758,0.033222,-0.193738,-0.100874,-0.251924,0.509171,-0.362721,0.004512,-0.138206,0.004206,0.118144,0.262443,-0.502420,1.095049,1.570800,0.000000,0.000000,0.122329,-0.175913,0.208378,1.006200,0.087072,0.000000,0.000000
-0.158351,-0.044414,0.846477,-0.023564,-0.008936,0.998515,-0.048289,0.086512,0.023665,-0.100603,0.218657,-0.395617,0.033213,-0.197357,-0.094219,-0.250736,0.473396,-0.358690,0.005179,-0.139418,0.004212,0.118100,0.262750,-0.494452,1.100398,1.570800,0.000000,0.000000,0.122701,-0.175123,0.208861,1.011524,0.087195,0.000000,0.000000
-0.162410,-0.043376,0.849866,-0.024222,-0.008964,0.998596,-0.046240,0.089338,0.024506,-0.098363,0.218995,-0.393226,0.033193,-0.200602,-0.087362,-0.248558,0.435945,-0.352273,0.005661,-0.140512,0.004187,0.117751,0.263021,-0.486417,1.105680,1.570800,0.000000,0.000000,0.122903,-0.174338,0.209701,1.017359,0.087277,0.000000,0.000000
-0.166577,-0.042206,0.853653,-0.025000,-0.008936,0.998667,-0.044258,0.092229,0.025414,-0.096016,0.218949,-0.390649,0.033164,-0.203416,-0.080341,-0.245249,0.397029,-0.342722,0.005960,-0.141529,0.004163,0.117022,0.263179,-0.478540,1.110982,1.570800,0.000000,0.000000,0.122886,-0.173518,0.210852,1.023654,0.087318,0.000000,0.000000
-0.170856,-0.041010,0.856887,-0.025842,-0.008872,0.998729,-0.042353,0.095213,0.026313,-0.093607,0.218647,-0.387939,0.033129,-0.205779,-0.073385,-0.241276,0.357227,-0.330259,0.006132,-0.142509,0.004158,0.116004,0.263329,-0.471123,1.116105,1.570800,0.000000,0.000000,0.122780,-0.172708,0.212190,1.030254,0.087329,0.000000,0.000000
-0.175246,-0.039797,0.859429,-0.026749,-0.008764,0.998779,-0.040608,0.098109,0.027158,-0.091330,0.218174,-0.385253,0.033087,-0.207735,-0.066936,-0.236825,0.318876,-0.315625,0.006189,-0.143439,0.004175,0.114751,0.263492,-0.464667,1.120724,1.570800,0.000000,0.000000,0.122671,-0.171970,0.213535,1.036720,0.087410,0.000000,0.000000
-0.179740,-0.038610,0.861481,-0.027704,-0.008613,0.998817,-0.039032,0.101151,0.027971,-0.089054,0.217582,-0.382416,0.033043,-0.209442,-0.060610,-0.231791,0.279347,-0.298153,0.006144,-0.144395,0.004185,0.113221,0.263734,-0.458785,1.125073,1.570800,0.000000,0.000000,0.122638,-0.171272,0.214844,1.043421,0.087505,0.000000,0.000000
-0.184337,-0.037463,0.862976,-0.028694,-0.008409,0.998844,-0.037645,0.104221,0.028696,-0.086865,0.216977,-0.379530,0.032989,-0.210849,-0.054663,-0.226333,0.239839,-0.278529,0.005998,-0.145347,0.004175,0.111460,0.264101,-0.453770,1.128951,1.570800,0.000000,0.000000,0.122749,-0.170642,0.215980,1.050118,0.087633,0.000000,0.000000
-0.189036,-0.036365,0.863919,-0.029709,-0.008154,0.998860,-0.036464,0.107288,0.029331,-0.084797,0.216426,-0.376629,0.032930,-0.211918,-0.049233,-0.220476,0.201087,-0.257530,0.005742,-0.146281,0.004214,0.109479,0.264624,-0.449723,1.132247,1.570800,0.000000,0.000000,0.123050,-0.170127,0.216821,1.056706,0.087720,0.000000,0.000000
-0.193748,-0.035326,0.864343,-0.030703,-0.007831,0.998865,-0.035553,0.109959,0.029812,-0.083016,0.216703,-0.374115,0.032875,-0.212773,-0.044680,-0.214601,0.165645,-0.237125,0.005401,-0.147161,0.004224,0.107414,0.265253,-0.446856,1.134775,1.570800,0.000000,0.000000,0.123578,-0.169763,0.217218,1.062782,0.087734,0.000000,0.000000
-0.198299,-0.034368,0.864372,-0.031755,-0.007328,0.998852,-0.035095,0.111915,0.030054,-0.081557,0.218718,-0.372417,0.032805,-0.213602,-0.040789,-0.208444,0.130569,-0.216181,0.004931,-0.148296,0.004256,0.105027,0.265915,-0.444917,1.136764,1.570800,0.000000,0.000000,0.124315,-0.169635,0.217124,1.068873,0.087646,0.000000,0.000000
-0.202965,-0.033492,0.864029,-0.032873,-0.006738,0.998825,-0.034970,0.113572,0.030117,-0.080513,0.221312,-0.371040,0.032756,-0.214397,-0.037682,-0.202042,0.097209,-0.196015,0.004324,-0.149616,0.004287,0.102302,0.266648,-0.443907,1.138141,1.570800,0.000000,0.000000,0.125207,-0.169737,0.216505,1.074796,0.087506,0.000000,0.000000
-0.207767,-0.032683,0.863454,-0.033966,-0.006119,0.998788,-0.035091,0.115054,0.030100,-0.079828,0.224015,-0.369811,0.032737,-0.215052,-0.035441,-0.195779,0.068279,-0.178843,0.003645,-0.150889,0.004369,0.099557,0.267450,-0.443791,1.138847,1.570800,0.000000,0.000000,0.126291,-0.169983,0.215420,1.080150,0.087351,0.000000,0.000000
-0.212713,-0.031935,0.862648,-0.035010,-0.005500,0.998744,-0.035410,0.116608,0.030051,-0.079339,0.227021,-0.368513,0.032751,-0.215597,-0.033707,-0.189005,0.041066,-0.163384,0.002836,-0.152155,0.004394,0.096637,0.268436,-0.444430,1.138967,1.570800,0.000000,0.000000,0.127735,-0.170304,0.213799,1.085442,0.087243,0.000000,0.000000
-0.217803,-0.031241,0.861826,-0.035987,-0.004897,0.998696,-0.035883,0.118141,0.030010,-0.079045,0.230037,-0.367222,0.032796,-0.215990,-0.032533,-0.182421,0.018546,-0.151507,0.002017,-0.153227,0.004469,0.093875,0.269532,-0.445664,1.138534,1.570800,0.000000,0.000000,0.129432,-0.170649,0.211828,1.090176,0.087253,0.000000,0.000000
-0.223034,-0.030595,0.860943,-0.036889,-0.004322,0.998643,-0.036495,0.119808,0.029998,-0.078888,0.233406,-0.365763,0.032877,-0.216324,-0.031667,-0.175416,-0.001616,-0.141870,0.001123,-0.154213,0.004539,0.091016,0.270842,-0.447523,1.137524,1.570800,0.000000,0.000000,0.131558,-0.171003,0.209353,1.094893,0.087466,0.000000,0.000000
-0.228405,-0.029984,0.860208,-0.037726,-0.003780,0.998588,-0.037214,0.121600,0.030037,-0.078880,0.237039,-0.364128,0.033005,-0.216566,-0.031040,-0.168287,-0.017450,-0.134829,0.000214,-0.155085,0.004596,0.088158,0.272340,-0.449883,1.135937,1.570800,0.000000,0.000000,0.134065,-0.171329,0.206475,1.099463,0.087917,0.000000,0.000000
-0.233915,-0.029394,0.860595,-0.038503,-0.003274,0.998529,-0.038030,0.122748,0.030100,-0.078979,0.239355,-0.363003,0.033109,-0.216733,-0.030743,-0.164036,-0.017450,-0.132171,-0.000291,-0.155529,0.004623,0.086462,0.273356,-0.451566,1.134631,1.570800,0.000000,0.000000,0.135768,-0.171490,0.204530,1.102124,0.088342,0.000000,0.000000
-0.239564,-0.028809,0.860944,-0.039212,-0.002799,0.998469,-0.038906,0.124758,0.030264,-0.079304,0.243415,-0.360909,0.033330,-0.217017,-0.030326,-0.157022,-0.017450,-0.129434,-0.001055,-0.156194,0.004696,0.083699,0.275185,-0.454625,1.131994,1.570800,0.000000,0.000000,0.138824,-0.171723,0.201099,1.106446,0.089238,0.000000,0.000000
-0.245362,-0.028223,0.861259,-0.039883,-0.002354,0.998407,-0.039828,0.127045,0.030518,-0.079890,0.248143,-0.358254,0.033647,-0.217266,-0.029967,-0.149150,-0.017450,-0.127606,-0.001862,-0.156865,0.004770,0.080728,0.277370,-0.458188,1.128487,1.570800,0.000000,0.000000,0.142412,-0.171910,0.197130,1.111097,0.090411,0.000000,0.000000
-0.251311,-0.027646,0.861551,-0.040507,-0.001937,0.998347,-0.040719,0.129314,0.030805,-0.080675,0.252828,-0.355299,0.034011,-0.217394,-0.029821,-0.141246,-0.017450,-0.126374,-0.002686,-0.157411,0.004830,0.078066,0.279578,-0.461631,1.124584,1.570800,0.000000,0.000000,0.145953,-0.172019,0.193327,1.115387,0.091687,0.000000,0.000000
-0.257456,-0.027140,0.861865,-0.041194,-0.001593,0.998280,-0.041681,0.131568,0.031134,-0.081717,0.257490,-0.352043,0.034435,-0.217329,-0.029947,-0.133103,-0.017450,-0.124728,-0.003573,-0.158248,0.004881,0.075529,0.281771,-0.464644,1.120459,1.570800,0.000000,0.000000,0.149370,-0.172031,0.189964,1.119361,0.092977,0.000000,0.000000
-0.263755,-0.026634,0.862156,-0.041743,-0.001238,0.998225,-0.042466,0.134098,0.031427,-0.083149,0.262792,-0.347729,0.034946,-0.217121,-0.030579,-0.123221,-0.017450,-0.122406,-0.004732,-0.159027,0.004933,0.073022,0.284282,-0.467655,1.115402,1.570800,0.000000,0.000000,0.153117,-0.171978,0.186438,1.123661,0.094495,0.000000,0.000000
-0.270208,-0.026131,0.862622,-0.042217,-0.000913,0.998183,-0.042978,0.136625,0.031601,-0.084658,0.268094,-0.342696,0.035448,-0.216879,-0.031630,-0.112811,-0.014589,-0.120055,-0.006023,-0.159447,0.004978,0.070966,0.286822,-0.470117,1.109989,1.570800,0.000000,0.000000,0.156706,-0.171829,0.183190,1.127765,0.096022,0.000000,0.000000
-0.276801,-0.025633,0.863525,-0.042655,-0.000621,0.998155,-0.043211,0.139327,0.031634,-0.086300,0.273963,-0.336369,0.035979,-0.216808,-0.033090,-0.101328,-0.004457,-0.118461,-0.007475,-0.159516,0.005001,0.069153,0.289637,-0.472046,1.103712,1.570800,0.000000,0.000000,0.160468,-0.171560,0.179911,1.132096,0.097696,0.000000,0.000000
-0.283377,-0.025140,0.864497,-0.042975,-0.000330,0.998140,-0.043233,0.141565,0.031434,-0.087920,0.281078,-0.329628,0.036454,-0.217037,-0.034672,-0.090760,0.009190,-0.118797,-0.008843,-0.159311,0.005022,0.067849,0.292398,-0.472995,1.097303,1.570800,0.000000,0.000000,0.163991,-0.171214,0.176922,1.136274,0.099372,0.000000,0.000000
-0.289994,-0.024668,0.865426,-0.043298,-0.000018,0.998131,-0.043127,0.143261,0.030973,-0.089581,0.289512,-0.322336,0.036878,-0.217508,-0.036283,-0.081552,0.024622,-0.121579,-0.010074,-0.159025,0.005064,0.066913,0.295115,-0.472864,1.090619,1.570800,0.000000,0.000000,0.167284,-0.170807,0.174067,1.140451,0.101151,0.000000,0.000000
-0.296682,-0.024216,0.866243,-0.043651,0.000310,0.998122,-0.042982,0.144498,0.030278,-0.091341,0.299154,-0.314258,0.037272,-0.218194,-0.037835,-0.074043,0.040817,-0.127094,-0.011121,-0.158794,0.005086,0.066299,0.297779,-0.471592,1.083679,1.570800,0.000000,0.000000,0.170316,-0.170352,0.171270,1.144701,0.103106,0.000000,0.000000
-0.303464,-0.023766,0.866942,-0.044043,0.000660,0.998110,-0.042854,0.145198,0.029385,-0.093209,0.309859,-0.305155,0.037652,-0.218847,-0.039246,-0.068292,0.057112,-0.135244,-0.011958,-0.158700,0.005074,0.065982,0.300339,-0.469175,1.076486,1.570800,0.000000,0.000000,0.173061,-0.169860,0.168498,1.149066,0.105326,0.000000,0.000000
-0.310360,-0.023295,0.867531,-0.044496,0.001044,0.998092,-0.042800,0.145412,0.028337,-0.095170,0.321566,-0.294814,0.038020,-0.219339,-0.040490,-0.063985,0.072992,-0.145560,-0.012618,-0.158771,0.005090,0.065954,0.302743,-0.465685,1.069099,1.570800,0.000000,0.000000,0.175492,-0.169318,0.165699,1.153565,0.107873,0.000000,0.000000
-0.317382,-0.022793,0.868049,-0.045010,0.001475,0.998068,-0.042805,0.145055,0.027080,-0.097292,0.335100,-0.282268,0.038404,-0.219430,-0.041682,-0.060352,0.089056,-0.158072,-0.013199,-0.158961,0.005084,0.066225,0.305026,-0.460985,1.061099,1.570800,0.000000,0.000000,0.177729,-0.168702,0.162724,1.158512,0.110993,0.000000,0.000000
-0.324532,-0.022264,0.868478,-0.045564,0.001966,0.998041,-0.042833,0.144088,0.025741,-0.099229,0.349235,-0.268452,0.038733,-0.218974,-0.042772,-0.057206,0.103394,-0.170761,-0.013727,-0.159130,0.005082,0.066796,0.306879,-0.455729,1.053332,1.570800,0.000000,0.000000,0.179556,-0.168098,0.159922,1.163431,0.114407,0.000000,0.000000
-0.331806,-0.021704,0.868848,-0.046115,0.002529,0.998016,-0.042802,0.142491,0.024264,-0.100910,0.364422,-0.252863,0.038981,-0.217813,-0.043842,-0.054004,0.116242,-0.183138,-0.014276,-0.159076,0.005070,0.067659,0.308312,-0.450116,1.045681,1.570800,0.000000,0.000000,0.181088,-0.167497,0.157267,1.168435,0.118160,0.000000,0.000000
-0.339198,-0.021101,0.869174,-0.046630,0.003157,0.997998,-0.042616,0.140131,0.022526,-0.102382,0.381885,-0.234149,0.039153,-0.215834,-0.044941,-0.050323,0.128276,-0.195598,-0.014893,-0.158568,0.005061,0.068850,0.309389,-0.444124,1.037733,1.570800,0.000000,0.000000,0.182463,-0.166898,0.154673,1.173752,0.122394,0.000000,0.000000
-0.346697,-0.020455,0.869451,-0.047065,0.003833,0.997992,-0.042223,0.137087,0.020680,-0.103453,0.400407,-0.213421,0.039206,-0.213144,-0.045923,-0.046531,0.138383,-0.206965,-0.015511,-0.157434,0.005021,0.070251,0.310042,-0.438617,1.030216,1.570800,0.000000,0.000000,0.183640,-0.166340,0.152402,1.178845,0.126576,0.000000,0.000000
-0.354295,-0.019780,0.869684,-0.047393,0.004539,0.998001,-0.041568,0.133191,0.018606,-0.104242,0.421350,-0.188871,0.039151,-0.209640,-0.046838,-0.042550,0.147486,-0.218095,-0.016141,-0.155457,0.004991,0.071874,0.310387,-0.433563,1.022633,1.570800,0.000000,0.000000,0.184807,-0.165790,0.150352,1.183892,0.130807,0.000000,0.000000
-0.361989,-0.019080,0.869877,-0.047595,0.005264,0.998026,-0.040625,0.128448,0.016387,-0.104756,0.444186,-0.160809,0.038989,-0.205395,-0.047655,-0.038604,0.155321,-0.228500,-0.016754,-0.152573,0.004899,0.073598,0.310518,-0.429449,1.015167,1.570800,0.000000,0.000000,0.186029,-0.165266,0.148667,1.188519,0.134744,0.000000,0.000000
-0.369386,-0.018401,0.870096,-0.047672,0.006222,0.998054,-0.039708,0.121964,0.013848,-0.105151,0.469371,-0.128202,0.038648,-0.200509,-0.048820,-0.034762,0.161038,-0.237937,-0.017423,-0.149116,0.004784,0.075862,0.310516,-0.426662,1.007086,1.570800,0.000000,0.000000,0.187127,-0.165011,0.147498,1.192607,0.138535,0.000000,0.000000
-0.377106,-0.017685,0.870269,-0.047675,0.007085,0.998095,-0.038506,0.115020,0.011136,-0.105925,0.496024,-0.093619,0.038269,-0.195061,-0.049865,-0.030999,0.166031,-0.246027,-0.018068,-0.144898,0.004688,0.077697,0.310471,-0.425254,0.999256,1.570800,0.000000,0.000000,0.188561,-0.164796,0.146952,1.195595,0.141566,0.000000,0.000000
-0.385036,-0.016881,0.870394,-0.047445,0.007853,0.998157,-0.037006,0.108069,0.008589,-0.106790,0.523093,-0.058999,0.037861,-0.189100,-0.050543,-0.027169,0.170180,-0.253081,-0.018670,-0.139923,0.004562,0.079427,0.310786,-0.425369,0.991493,1.570800,0.000000,0.000000,0.190653,-0.164556,0.146660,1.197372,0.143543,0.000000,0.000000
-0.393145,-0.016043,0.870477,-0.047037,0.008553,0.998234,-0.035250,0.100951,0.006060,-0.107779,0.550722,-0.024096,0.037386,-0.182594,-0.050967,-0.022986,0.173661,-0.259613,-0.019284,-0.134186,0.004417,0.081321,0.311523,-0.426869,0.983153,1.570800,0.000000,0.000000,0.193362,-0.164285,0.146997,1.197864,0.144893,0.000000,0.000000
-0.401434,-0.015185,0.870515,-0.046445,0.009210,0.998322,-0.033326,0.093415,0.003424,-0.108953,0.579676,0.011762,0.036815,-0.175290,-0.051249,-0.018372,0.176761,-0.266007,-0.019940,-0.127660,0.004239,0.083556,0.312784,-0.429644,0.973690,1.570800,0.000000,0.000000,0.196746,-0.164089,0.148092,1.197114,0.145816,0.000000,0.000000
-0.410244,-0.014230,0.870458,-0.045728,0.009737,0.998422,-0.031103,0.087202,0.001102,-0.110273,0.605722,0.043421,0.036274,-0.168177,-0.051126,-0.013968,0.180592,-0.272246,-0.020502,-0.121205,0.004054,0.085513,0.314242,-0.432873,0.964729,1.570800,0.000000,0.000000,0.200099,-0.163997,0.150390,1.195539,0.146234,0.000000,0.000000
-0.419007,-0.013271,0.870372,-0.044720,0.010304,0.998529,-0.028890,0.080177,-0.001317,-0.111375,0.633891,0.076949,0.035562,-0.159922,-0.050995,-0.009154,0.183813,-0.278961,-0.021135,-0.113862,0.003858,0.088324,0.316335,-0.437178,0.953861,1.570800,0.000000,0.000000,0.204309,-0.164064,0.153250,1.192920,0.146586,0.000000,0.000000
-0.427854,-0.012312,0.870286,-0.043571,0.010915,0.998633,-0.026738,0.073169,-0.003658,-0.112362,0.660895,0.107166,0.034796,-0.151465,-0.050955,-0.004690,0.186176,-0.285037,-0.021743,-0.106557,0.003627,0.091543,0.318761,-0.441878,0.942222,1.570800,0.000000,0.000000,0.208750,-0.164373,0.156332,1.189593,0.146788,0.000000,0.000000
-0.436815,-0.011361,0.870180,-0.042309,0.011574,0.998733,-0.024645,0.065898,-0.006145,-0.113349,0.687928,0.134277,0.033935,-0.142352,-0.051015,-0.000398,0.188071,-0.290896,-0.022363,-0.098938,0.003428,0.095200,0.321481,-0.446913,0.929422,1.570800,0.000000,0.000000,0.213489,-0.164972,0.159862,1.185623,0.146861,0.000000,0.000000
-0.445895,-0.010406,0.870060,-0.040955,0.012293,0.998830,-0.022572,0.058551,-0.008731,-0.114111,0.714061,0.156097,0.032985,-0.132773,-0.051173,0.003594,0.189487,-0.296489,-0.022974,-0.091152,0.003211,0.099169,0.324330,-0.451817,0.915915,1.570800,0.000000,0.000000,0.218254,-0.165888,0.163780,1.181320,0.146737,0.000000,0.000000
-0.455090,-0.009447,0.869941,-0.039527,0.013076,0.998923,-0.020503,0.051480,-0.011295,-0.114430,0.737896,0.170246,0.032025,-0.123157,-0.051413,0.007145,0.190409,-0.301666,-0.023549,-0.083508,0.002977,0.103266,0.327063,-0.456140,0.902443,1.570800,0.000000,0.000000,0.222696,-0.167103,0.167879,1.177133,0.146395,0.000000,0.000000
-0.464389,-0.008478,0.869820,-0.038059,0.013921,0.999008,-0.018437,0.044524,-0.013813,-0.114152,0.759694,0.176316,0.031053,-0.113321,-0.051715,0.010342,0.190823,-0.306600,-0.024099,-0.075894,0.002726,0.107503,0.329618,-0.459727,0.888997,1.570800,0.000000,0.000000,0.226735,-0.168616,0.172171,1.173193,0.145778,0.000000,0.000000
-0.473775,-0.007495,0.869696,-0.036580,0.014825,0.999087,-0.016359,0.037646,-0.016255,-0.113199,0.779352,0.174346,0.030084,-0.103350,-0.052062,0.013236,0.190756,-0.311330,-0.024625,-0.068306,0.002516,0.111862,0.331911,-0.462405,0.875768,1.570800,0.000000,0.000000,0.230279,-0.170393,0.176680,1.169614,0.144756,0.000000,0.000000
-0.483220,-0.006481,0.869539,-0.035095,0.015770,0.999157,-0.014285,0.030415,-0.018585,-0.111246,0.797747,0.164826,0.029071,-0.092770,-0.052407,0.015986,0.190255,-0.316209,-0.025138,-0.060475,0.002278,0.116572,0.333947,-0.464130,0.862305,1.570800,0.000000,0.000000,0.233378,-0.172493,0.181642,1.166316,0.143203,0.000000,0.000000
-0.492698,-0.005467,0.869360,-0.033638,0.016777,0.999219,-0.012198,0.022931,-0.020750,-0.108328,0.814055,0.148565,0.028037,-0.081927,-0.052786,0.018513,0.189382,-0.321142,-0.025631,-0.052589,0.002075,0.121499,0.335558,-0.464740,0.849109,1.570800,0.000000,0.000000,0.235811,-0.174840,0.186826,1.163486,0.141168,0.000000,0.000000
-0.502122,-0.004437,0.869117,-0.032149,0.017806,0.999271,-0.010298,0.014874,-0.022619,-0.104210,0.828816,0.127403,0.026958,-0.070489,-0.053159,0.020982,0.188346,-0.326610,-0.026115,-0.044515,0.001843,0.126802,0.336703,-0.464114,0.836148,1.570800,0.000000,0.000000,0.237517,-0.177395,0.192306,1.161067,0.138544,0.000000,0.000000
-0.511528,-0.003517,0.868924,-0.030609,0.018876,0.999318,-0.008446,0.006062,-0.024333,-0.099026,0.843128,0.100216,0.025794,-0.058181,-0.053764,0.023354,0.185191,-0.331429,-0.026638,-0.036685,0.001614,0.133479,0.337738,-0.461764,0.822424,1.570800,0.000000,0.000000,0.238594,-0.180163,0.198001,1.158966,0.135300,0.000000,0.000000
-0.520806,-0.002508,0.868704,-0.029398,0.020084,0.999345,-0.006418,-0.002374,-0.025872,-0.093465,0.852176,0.074366,0.024593,-0.047179,-0.054596,0.025016,0.182882,-0.335978,-0.027097,-0.029262,0.001373,0.139400,0.337892,-0.458799,0.810309,1.570800,0.000000,0.000000,0.238734,-0.183112,0.203926,1.157103,0.131911,0.000000,0.000000
-0.529867,-0.001542,0.868424,-0.028199,0.021280,0.999365,-0.004696,-0.010852,-0.027224,-0.087670,0.857788,0.051277,0.023371,-0.036906,-0.055483,0.026472,0.181471,-0.341215,-0.027538,-0.022225,0.001150,0.144868,0.337426,-0.455311,0.799753,1.570800,0.000000,0.000000,0.238055,-0.186017,0.209612,1.155443,0.128569,0.000000,0.000000
-0.538708,-0.000652,0.868114,-0.027298,0.022561,0.999369,-0.002731,-0.019662,-0.028759,-0.081549,0.859808,0.028159,0.021993,-0.027444,-0.056698,0.027609,0.180326,-0.346573,-0.027994,-0.015135,0.000960,0.150024,0.336457,-0.451433,0.789808,1.570800,0.000000,0.000000,0.236620,-0.189109,0.215364,1.153645,0.125242,0.000000,0.000000
-0.547274,0.000117,0.867738,-0.026535,0.023847,0.999363,-0.000906,-0.029178,-0.030552,-0.075198,0.858905,0.005405,0.020474,-0.018374,-0.058191,0.028554,0.179603,-0.352404,-0.028471,-0.007979,0.000787,0.155005,0.335065,-0.447256,0.780360,1.570800,0.000000,0.000000,0.234436,-0.192359,0.221175,1.151625,0.122105,0.000000,0.000000
-0.555562,0.000763,0.867340,-0.025955,0.025153,0.999346,0.000785,-0.038929,-0.032521,-0.069132,0.855088,-0.016300,0.018912,-0.010270,-0.059890,0.029162,0.179384,-0.358407,-0.028935,-0.001168,0.000580,0.159480,0.333395,-0.443229,0.771916,1.570800,0.000000,0.000000,0.231676,-0.195542,0.226591,1.149418,0.119479,0.000000,0.000000
-0.563580,0.001276,0.866902,-0.025574,0.026465,0.999320,0.002350,-0.049107,-0.034710,-0.063376,0.848469,-0.037733,0.017310,-0.002933,-0.061792,0.029459,0.179633,-0.364653,-0.029386,0.005481,0.000397,0.163526,0.331526,-0.439401,0.764179,1.570800,0.000000,0.000000,0.228422,-0.198671,0.231801,1.146824,0.117250,0.000000,0.000000
-0.571347,0.001682,0.866392,-0.025387,0.027765,0.999285,0.003823,-0.060004,-0.037131,-0.057738,0.838789,-0.059509,0.015644,0.003903,-0.063917,0.029508,0.180377,-0.371331,-0.029841,0.012237,0.000232,0.167294,0.329465,-0.435743,0.756833,1.570800,0.000000,0.000000,0.224635,-0.201829,0.237033,1.143632,0.115412,0.000000,0.000000
-0.578906,0.001985,0.865849,-0.025395,0.029037,0.999242,0.005215,-0.071015,-0.039620,-0.052486,0.826422,-0.080824,0.014000,0.009917,-0.066107,0.029334,0.181530,-0.378111,-0.030266,0.018786,0.000055,0.170604,0.327404,-0.432466,0.750193,1.570800,0.000000,0.000000,0.220564,-0.204825,0.242062,1.139895,0.114068,0.000000,0.000000
-0.586306,0.002210,0.865231,-0.025575,0.030266,0.999193,0.006555,-0.082488,-0.042174,-0.047166,0.810881,-0.102305,0.012307,0.015473,-0.068401,0.028955,0.183149,-0.385278,-0.030675,0.025479,-0.000129,0.173664,0.325290,-0.429448,0.743891,1.570800,0.000000,0.000000,0.216156,-0.207785,0.247164,1.135391,0.113120,0.000000,0.000000
-0.593617,0.002370,0.864563,-0.025919,0.031433,0.999139,0.007868,-0.093813,-0.044622,-0.042071,0.792834,-0.122556,0.010674,0.020430,-0.070650,0.028505,0.185098,-0.392557,-0.031054,0.032064,-0.000336,0.176425,0.323309,-0.426804,0.738162,1.570800,0.000000,0.000000,0.211648,-0.210577,0.252077,1.130073,0.112635,0.000000,0.000000
-0.600903,0.002501,0.863822,-0.026400,0.032517,0.999080,0.009184,-0.104993,-0.046876,-0.037074,0.772137,-0.141506,0.009111,0.025008,-0.072810,0.028032,0.187364,-0.400105,-0.031405,0.038664,-0.000500,0.179054,0.321456,-0.424428,0.732840,1.570800,0.000000,0.000000,0.207039,-0.213264,0.257015,1.123813,0.112432,0.000000,0.000000
-0.608230,0.002600,0.862993,-0.026999,0.033519,0.999018,0.010509,-0.115968,-0.048941,-0.032148,0.748888,-0.158871,0.007628,0.029342,-0.074890,0.027584,0.189948,-0.407991,-0.031738,0.045313,-0.000692,0.181632,0.319729,-0.422269,0.727909,1.570800,0.000000,0.000000,0.202373,-0.215863,0.261982,1.116598,0.112373,0.000000,0.000000
-0.615658,0.002674,0.862068,-0.027709,0.034437,0.998952,0.011861,-0.126559,-0.050803,-0.027268,0.723264,-0.174414,0.006228,0.033514,-0.076880,0.027220,0.192811,-0.416250,-0.032052,0.052044,-0.000931,0.184230,0.318160,-0.420248,0.723335,1.570800,0.000000,0.000000,0.197706,-0.218425,0.267021,1.108382,0.112303,0.000000,0.000000
-0.623230,0.002727,0.861035,-0.028509,0.035272,0.998883,0.013249,-0.136666,-0.052462,-0.022449,0.695504,-0.188035,0.004926,0.037594,-0.078770,0.026987,0.195996,-0.424863,-0.032361,0.058831,-0.001142,0.186935,0.316687,-0.418262,0.719139,1.570800,0.000000,0.000000,0.193098,-0.220965,0.272124,1.099142,0.112117,0.000000,0.000000
-0.630970,0.002766,0.859887,-0.029379,0.036024,0.998811,0.014673,-0.146287,-0.053910,-0.017729,0.665933,-0.199728,0.003739,0.041634,-0.080566,0.026892,0.199499,-0.433846,-0.032665,0.065670,-0.001376,0.189795,0.315321,-0.416259,0.715351,1.570800,0.000000,0.000000,0.188593,-0.223495,0.277370,1.088956,0.111713,0.000000,0.000000
-0.638889,0.002797,0.858617,-0.030316,0.036696,0.998737,0.016117,-0.155361,-0.055132,-0.013130,0.634834,-0.209672,0.002681,0.045662,-0.082263,0.026900,0.203327,-0.443191,-0.032959,0.072511,-0.001626,0.192847,0.314023,-0.414129,0.711929,1.570800,0.000000,0.000000,0.184180,-0.226012,0.282677,1.077871,0.111050,0.000000,0.000000
-0.646986,0.002826,0.857254,-0.031312,0.037291,0.998659,0.017574,-0.163744,-0.056090,-0.008781,0.603368,-0.217946,0.001780,0.049577,-0.083813,0.026991,0.207356,-0.452620,-0.033231,0.079126,-0.001864,0.196054,0.312783,-0.411854,0.708921,1.570800,0.000000,0.000000,0.179940,-0.228461,0.287864,1.066272,0.110200,0.000000,0.000000
-0.655252,0.002858,0.855707,-0.032369,0.037810,0.998579,0.019022,-0.171995,-0.056869,-0.004325,0.569440,-0.225546,0.000974,0.053685,-0.085325,0.027159,0.211860,-0.462837,-0.033500,0.085947,-0.002095,0.199639,0.311511,-0.409205,0.706112,1.570800,0.000000,0.000000,0.175497,-0.230987,0.293261,1.053425,0.109160,0.000000,0.000000
-0.663674,0.002909,0.854089,-0.033478,0.038257,0.998497,0.020464,-0.179535,-0.057363,-0.000043,0.536327,-0.232122,0.000313,0.057603,-0.086655,0.027363,0.216462,-0.472912,-0.033741,0.092324,-0.002334,0.203330,0.310321,-0.406337,0.703710,1.570800,0.000000,0.000000,0.171194,-0.233340,0.298338,1.040547,0.108216,0.000000,0.000000
-0.672249,0.002980,0.852319,-0.034651,0.038628,0.998413,0.021870,-0.186909,-0.057621,0.004357,0.502400,-0.238139,-0.000251,0.061597,-0.087878,0.027583,0.221354,-0.483432,-0.033958,0.098633,-0.002597,0.207333,0.309135,-0.403120,0.701544,1.570800,0.000000,0.000000,0.166722,-0.235636,0.303313,1.026933,0.107420,0.000000,0.000000
-0.680969,0.003067,0.850414,-0.035878,0.038929,0.998328,0.023225,-0.193988,-0.057683,0.008818,0.468406,-0.243475,-0.000722,0.065630,-0.088970,0.027802,0.226463,-0.494227,-0.034147,0.104784,-0.002858,0.211595,0.307999,-0.399650,0.699615,1.570800,0.000000,0.000000,0.162142,-0.237835,0.308007,1.012792,0.107027,0.000000,0.000000
-0.689828,0.003171,0.848378,-0.037159,0.039163,0.998241,0.024519,-0.200868,-0.057599,0.013448,0.434819,-0.248031,-0.001131,0.069695,-0.089939,0.028003,0.231729,-0.505250,-0.034306,0.110737,-0.003086,0.216108,0.306912,-0.395952,0.697896,1.570800,0.000000,0.000000,0.157425,-0.239921,0.312335,0.998249,0.107124,0.000000,0.000000
-0.698834,0.003277,0.846483,-0.038505,0.039336,0.998152,0.025758,-0.207458,-0.057437,0.018114,0.403039,-0.251684,-0.001495,0.073729,-0.090770,0.028166,0.236833,-0.516111,-0.034430,0.116386,-0.003364,0.220688,0.305932,-0.392184,0.696382,1.570800,0.000000,0.000000,0.152719,-0.241841,0.316184,0.983731,0.107672,0.000000,0.000000
-0.707979,0.003358,0.849782,-0.039903,0.039462,0.998061,0.026939,-0.214047,-0.057317,0.022931,0.371707,-0.254592,-0.001831,0.077972,-0.091569,0.028281,0.242028,-0.527350,-0.034539,0.122074,-0.003615,0.225606,0.304998,-0.388212,0.694944,1.570800,0.000000,0.000000,0.147794,-0.243759,0.319708,0.968393,0.108624,0.000000,0.000000
-0.717223,0.003365,0.852424,-0.041307,0.039568,0.997969,0.028043,-0.220649,-0.057378,0.027550,0.341825,-0.256756,-0.002123,0.082243,-0.092432,0.028328,0.247533,-0.538869,-0.034655,0.127749,-0.003889,0.230862,0.304121,-0.384167,0.693539,1.570800,0.000000,0.000000,0.142874,-0.245709,0.322846,0.952385,0.109908,0.000000,0.000000
-0.726529,0.003274,0.854371,-0.042712,0.039671,0.997876,0.029072,-0.227070,-0.057675,0.031567,0.314944,-0.258250,-0.002354,0.086269,-0.093371,0.028288,0.253369,-0.550329,-0.034773,0.133215,-0.004131,0.236338,0.303346,-0.380196,0.692101,1.570800,0.000000,0.000000,0.138187,-0.247690,0.325461,0.936190,0.111271,0.000000,0.000000
-0.735697,0.002298,0.855913,-0.043087,0.039410,0.997788,0.031780,-0.233003,-0.059517,0.038410,0.289678,-0.261501,-0.003237,0.090768,-0.095832,0.027100,0.262075,-0.566373,-0.035016,0.143062,-0.004529,0.244642,0.303380,-0.384798,0.680984,1.570800,0.000000,0.000000,0.135576,-0.256167,0.335537,0.908740,0.130498,0.000000,0.000000
-0.745298,0.001988,0.856853,-0.044433,0.039463,0.997672,0.033453,-0.239095,-0.060572,0.042894,0.267910,-0.263206,-0.003581,0.094987,-0.097785,0.026690,0.269144,-0.580244,-0.035246,0.151535,-0.004835,0.252412,0.303961,-0.383975,0.675132,1.570800,0.000000,0.000000,0.132774,-0.262188,0.339953,0.886859,0.140290,0.000000,0.000000
-0.755076,0.001632,0.857445,-0.046029,0.039454,0.997552,0.034845,-0.245425,-0.061362,0.045679,0.249139,-0.264058,-0.003644,0.099355,-0.099470,0.026379,0.274736,-0.592484,-0.035451,0.158933,-0.005116,0.259463,0.304258,-0.380992,0.671189,1.570800,0.000000,0.000000,0.129180,-0.266212,0.341791,0.866492,0.143805,0.000000,0.000000
-0.765023,0.001167,0.857759,-0.047717,0.039456,0.997429,0.036089,-0.252241,-0.062201,0.047304,0.232832,-0.264611,-0.003557,0.104173,-0.101268,0.025885,0.279581,-0.604200,-0.035661,0.166202,-0.005418,0.266536,0.304419,-0.377308,0.667487,1.570800,0.000000,0.000000,0.125086,-0.269734,0.342466,0.845060,0.144836,0.000000,0.000000
-0.775131,0.000601,0.857845,-0.049441,0.039500,0.997300,0.037258,-0.258976,-0.063082,0.047855,0.220585,-0.265088,-0.003393,0.109055,-0.103159,0.025207,0.283689,-0.614859,-0.035875,0.173120,-0.005736,0.273398,0.304720,-0.373668,0.663610,1.570441,0.000000,0.000000,0.121083,-0.273038,0.342286,0.823448,0.144910,0.000000,0.000000
-0.785392,-0.000026,0.857769,-0.051204,0.039595,0.997163,0.038413,-0.266067,-0.064064,0.047711,0.211671,-0.265660,-0.003185,0.114294,-0.105295,0.024349,0.287552,-0.625380,-0.036126,0.180265,-0.006052,0.280558,0.305619,-0.370169,0.658835,1.567473,0.000000,0.000000,0.116967,-0.276574,0.341400,0.799917,0.144627,0.000000,0.000000
-0.795802,-0.000702,0.857596,-0.053022,0.039709,0.997018,0.039591,-0.273405,-0.065056,0.047101,0.206713,-0.266386,-0.002965,0.119712,-0.107591,0.023408,0.291217,-0.635529,-0.036400,0.187641,-0.006376,0.287941,0.307100,-0.366756,0.652878,1.563117,0.000000,0.000000,0.112860,-0.280322,0.339758,0.774635,0.144073,0.000000,0.000000
-0.806259,-0.001408,0.857393,-0.054952,0.039777,0.996854,0.040980,-0.280936,-0.065908,0.046441,0.205921,-0.267341,-0.002770,0.125299,-0.109974,0.022503,0.293310,-0.640179,-0.036785,0.195389,-0.006735,0.295592,0.309157,-0.363229,0.645381,1.558199,0.000000,0.000000,0.108707,-0.284215,0.337358,0.747455,0.143167,0.000000,0.000000
-0.816908,-0.002101,0.857182,-0.056968,0.039836,0.996673,0.042546,-0.288539,-0.066605,0.045939,0.209442,-0.268599,-0.002636,0.131059,-0.112358,0.021642,0.294464,-0.642381,-0.037264,0.203516,-0.007103,0.303607,0.311831,-0.359395,0.635974,1.553218,0.000000,0.000000,0.104525,-0.288289,0.334103,0.718166,0.141699,0.000000,0.000000
-0.827731,-0.002768,0.856955,-0.059064,0.039891,0.996473,0.044299,-0.296265,-0.067154,0.045756,0.217371,-0.270252,-0.002577,0.136873,-0.114765,0.020741,0.295345,-0.643771,-0.037784,0.211957,-0.007489,0.312115,0.315129,-0.355149,0.624361,1.548414,0.000000,0.000000,0.100376,-0.292484,0.329979,0.686550,0.139478,0.000000,0.000000
-0.838716,-0.003401,0.856678,-0.061260,0.039920,0.996248,0.046288,-0.304353,-0.067561,0.046059,0.230118,-0.272364,-0.002613,0.142897,-0.117293,0.019688,0.296417,-0.644926,-0.038340,0.221071,-0.007901,0.321578,0.319238,-0.350161,0.609690,1.543784,0.000000,0.000000,0.096069,-0.296915,0.324767,0.650807,0.136194,0.000000,0.000000
-0.849859,-0.003987,0.856365,-0.063585,0.039900,0.995996,0.048543,-0.312021,-0.067749,0.046966,0.246667,-0.274677,-0.002759,0.148554,-0.119736,0.018534,0.297846,-0.645925,-0.038873,0.230117,-0.008336,0.331354,0.323824,-0.344630,0.592846,1.539738,0.000000,0.000000,0.091964,-0.301131,0.318855,0.613334,0.132029,0.000000,0.000000
-0.861161,-0.004501,0.855938,-0.066069,0.039813,0.995710,0.051099,-0.319472,-0.067669,0.048528,0.266884,-0.277185,-0.003012,0.153838,-0.122115,0.017246,0.299795,-0.646837,-0.039392,0.239259,-0.008750,0.341642,0.328806,-0.338325,0.573593,1.536099,0.000000,0.000000,0.087986,-0.305027,0.312192,0.573382,0.127047,0.000000,0.000000
-0.872580,-0.004941,0.855280,-0.068703,0.039618,0.995389,0.053945,-0.326902,-0.067207,0.050770,0.291329,-0.280181,-0.003353,0.158802,-0.124501,0.015903,0.302997,-0.647674,-0.039938,0.248807,-0.009218,0.352868,0.334287,-0.330853,0.551209,1.532372,0.000000,0.000000,0.083922,-0.308520,0.304601,0.529188,0.121316,0.000000,0.000000
-0.883996,-0.005307,0.854390,-0.071521,0.039236,0.995026,0.057168,-0.333729,-0.066192,0.053500,0.317797,-0.283797,-0.003715,0.162512,-0.126642,0.014956,0.308399,-0.648260,-0.040516,0.258135,-0.009682,0.364256,0.339705,-0.322509,0.527390,1.528389,0.000000,0.000000,0.080006,-0.311085,0.296803,0.483829,0.115589,0.000000,0.000000
-0.895659,-0.005571,0.853189,-0.074719,0.038692,0.994604,0.060683,-0.340024,-0.064615,0.056578,0.345937,-0.288807,-0.004063,0.165652,-0.128567,0.014577,0.314025,-0.648743,-0.041142,0.267328,-0.010162,0.375777,0.344910,-0.313104,0.501981,1.523606,0.000000,0.000000,0.075906,-0.312691,0.288776,0.436868,0.110041,0.000000,0.000000
-0.907603,-0.005719,0.851591,-0.078206,0.038036,0.994135,0.064280,-0.345880,-0.062567,0.059681,0.375224,-0.296094,-0.004346,0.168529,-0.130227,0.014852,0.319558,-0.649182,-0.041807,0.276101,-0.010619,0.387388,0.349636,-0.302640,0.475273,1.517736,0.000000,0.000000,0.071539,-0.313286,0.280637,0.388563,0.104614,0.000000,0.000000
-0.919862,-0.005825,0.849558,-0.081951,0.037281,0.993630,0.067770,-0.351093,-0.060260,0.062561,0.405094,-0.306425,-0.004549,0.171296,-0.131650,0.015862,0.325052,-0.649600,-0.042533,0.284055,-0.011087,0.399010,0.353735,-0.291294,0.447649,1.510484,0.000000,0.000000,0.066905,-0.312902,0.272651,0.339498,0.099555,0.000000,0.000000
-0.932318,-0.005906,0.847100,-0.085885,0.036418,0.993099,0.071075,-0.355771,-0.057773,0.065148,0.434860,-0.320144,-0.004655,0.173569,-0.132733,0.017840,0.331720,-0.649872,-0.043343,0.290947,-0.011503,0.410523,0.357128,-0.279174,0.419561,1.501918,0.000000,0.000000,0.061925,-0.311694,0.265018,0.290279,0.094743,0.000000,0.000000
-0.944944,-0.005982,0.844268,-0.089994,0.035433,0.992547,0.074137,-0.359746,-0.055200,0.067473,0.463845,-0.337116,-0.004673,0.174992,-0.133384,0.021005,0.340642,-0.649957,-0.044270,0.296683,-0.011886,0.421720,0.359794,-0.266552,0.391468,1.492405,0.000000,0.000000,0.056706,-0.309628,0.258082,0.241616,0.090286,0.000000,0.000000
-0.957778,-0.006060,0.841104,-0.094298,0.034332,0.991979,0.076854,-0.363194,-0.052605,0.069602,0.491717,-0.356895,-0.004615,0.175574,-0.133469,0.025371,0.351795,-0.649840,-0.045320,0.301197,-0.012235,0.432292,0.361800,-0.253807,0.363760,1.482536,0.000000,0.000000,0.051270,-0.306937,0.252044,0.194140,0.086103,0.000000,0.000000
-0.970846,-0.006167,0.837633,-0.098729,0.033143,0.991411,0.079113,-0.366047,-0.050138,0.071516,0.518372,-0.378761,-0.004511,0.175290,-0.132946,0.030786,0.365356,-0.649533,-0.046453,0.304404,-0.012555,0.441962,0.363234,-0.241384,0.336895,1.473099,0.000000,0.000000,0.045782,-0.303855,0.247036,0.148525,0.082170,0.000000,0.000000
-0.984163,-0.006341,0.834000,-0.103206,0.031912,0.990860,0.080783,-0.368161,-0.048067,0.073041,0.542833,-0.400855,-0.004391,0.174206,-0.131834,0.036748,0.381050,-0.649051,-0.047595,0.306128,-0.012796,0.450160,0.364127,-0.230246,0.312243,1.465204,0.000000,0.000000,0.040748,-0.300848,0.243263,0.106927,0.078502,0.000000,0.000000
-0.997683,-0.006614,0.829992,-0.107684,0.030644,0.990337,0.081835,-0.369712,-0.046269,0.074144,0.566914,-0.423804,-0.004252,0.172350,-0.130055,0.043222,0.399179,-0.644575,-0.048839,0.306560,-0.013003,0.457165,0.364607,-0.219998,0.288501,1.458853,0.000000,0.000000,0.036096,-0.297914,0.240332,0.066927,0.074723,0.000000,0.000000
-1.011395,-0.007019,0.825672,-0.112092,0.029360,0.989858,0.082186,-0.370554,-0.044847,0.074522,0.590144,-0.446500,-0.004073,0.169748,-0.127598,0.049695,0.418853,-0.632312,-0.050211,0.305628,-0.013104,0.462476,0.364657,-0.211286,0.266549,1.454520,0.000000,0.000000,0.032306,-0.295361,0.238135,0.029887,0.070607,0.000000,0.000000
-1.025389,-0.007579,0.821040,-0.116334,0.028134,0.989443,0.081719,-0.370513,-0.043968,0.073811,0.612478,-0.468488,-0.003849,0.166479,-0.124544,0.055561,0.440450,-0.613398,-0.051611,0.303246,-0.013192,0.465788,0.364182,-0.204552,0.246837,1.452229,0.000000,0.000000,0.029908,-0.293368,0.236396,-0.003542,0.065783,0.000000,0.000000
-1.039680,-0.008329,0.815947,-0.120305,0.027031,0.989109,0.080369,-0.369464,-0.043767,0.071525,0.634724,-0.490539,-0.003543,0.162289,-0.120884,0.060431,0.465614,-0.587369,-0.053018,0.299186,-0.013201,0.466900,0.362971,-0.199967,0.228924,1.451640,0.000000,0.000000,0.029419,-0.291991,0.234846,-0.034079,0.059622,0.000000,0.000000
-1.054269,-0.009278,0.810737,-0.123934,0.026106,0.988867,0.078105,-0.367232,-0.044381,0.067470,0.655012,-0.511032,-0.003151,0.157327,-0.117107,0.063338,0.493366,-0.555285,-0.054201,0.293584,-0.013126,0.465458,0.360898,-0.198150,0.214215,1.452255,0.000000,0.000000,0.031559,-0.291297,0.233417,-0.059130,0.052300,0.000000,0.000000
-1.069150,-0.010405,0.805217,-0.127171,0.025393,0.988721,0.074928,-0.363625,-0.045847,0.061283,0.674378,-0.531184,-0.002635,0.151193,-0.113145,0.064118,0.525482,-0.514507,-0.055170,0.286118,-0.012952,0.461202,0.357738,-0.199065,0.201800,1.453455,0.000000,0.000000,0.036798,-0.291189,0.231883,-0.079808,0.043520,0.000000,0.000000
-1.084325,-0.011707,0.799541,-0.129971,0.024909,0.988664,0.070932,-0.358373,-0.048187,0.053013,0.691994,-0.550443,-0.002003,0.143811,-0.109391,0.062532,0.561283,-0.464936,-0.055815,0.276949,-0.012670,0.453993,0.353480,-0.202870,0.191895,1.454624,0.000000,0.000000,0.045549,-0.291484,0.230399,-0.094933,0.034081,0.000000,0.000000
-1.099826,-0.013176,0.793801,-0.132328,0.024653,0.988686,0.066200,-0.351506,-0.051369,0.042835,0.707622,-0.568775,-0.001275,0.135198,-0.106110,0.058696,0.600137,-0.406829,-0.056055,0.266203,-0.012232,0.443753,0.348279,-0.209490,0.184110,1.455348,0.000000,0.000000,0.057964,-0.292046,0.229141,-0.103953,0.025032,0.000000,0.000000
-1.115728,-0.014794,0.788055,-0.134281,0.024615,0.988768,0.060831,-0.343024,-0.055287,0.031113,0.721102,-0.586179,-0.000484,0.125445,-0.103391,0.053157,0.641122,-0.342333,-0.055826,0.253960,-0.011665,0.430456,0.342315,-0.218722,0.177815,1.455434,0.000000,0.000000,0.073863,-0.292770,0.228253,-0.106452,0.017666,0.000000,0.000000
-1.132015,-0.016532,0.782491,-0.135861,0.024764,0.988894,0.054922,-0.332877,-0.059796,0.018265,0.731685,-0.599469,0.000320,0.114717,-0.101142,0.046566,0.683017,-0.276729,-0.055036,0.240296,-0.010983,0.414120,0.335849,-0.230245,0.172272,1.455037,0.000000,0.000000,0.092890,-0.293601,0.227998,-0.102090,0.013383,0.000000,0.000000
-1.148688,-0.018337,0.777948,-0.137794,0.025517,0.988917,0.049044,-0.321264,-0.066317,0.007179,0.734409,-0.601436,0.000451,0.102659,-0.099914,0.039637,0.723844,-0.213330,-0.053928,0.226546,-0.010184,0.400512,0.323163,-0.240712,0.164299,1.465518,0.000000,0.000000,0.119909,-0.290877,0.226121,-0.093551,0.007565,0.000000,0.000000
-1.165806,-0.019968,0.773656,-0.138763,0.026199,0.989063,0.042584,-0.307407,-0.072256,-0.005930,0.735202,-0.601372,0.001005,0.090010,-0.098351,0.033035,0.764984,-0.162950,-0.052314,0.210989,-0.009275,0.382859,0.311833,-0.253321,0.155714,1.472837,0.000000,0.000000,0.147037,-0.289809,0.225398,-0.077915,0.007740,0.000000,0.000000
-1.183513,-0.021524,0.769384,-0.139088,0.026838,0.989275,0.035614,-0.291227,-0.078015,-0.020705,0.734326,-0.600960,0.001793,0.076710,-0.096585,0.025864,0.807355,-0.128606,-0.050210,0.193096,-0.008184,0.361091,0.302398,-0.267884,0.146634,1.476063,0.000000,0.000000,0.174659,-0.289513,0.225984,-0.053138,0.015584,0.000000,0.000000
-1.201936,-0.023025,0.765205,-0.138944,0.027459,0.989516,0.028242,-0.273208,-0.083480,-0.036120,0.731607,-0.600569,0.002715,0.063249,-0.094994,0.017716,0.848986,-0.112857,-0.047844,0.173903,-0.006999,0.337170,0.293834,-0.282166,0.136246,1.476638,0.000000,0.000000,0.202710,-0.289264,0.226623,-0.020377,0.028640,0.000000,0.000000
-1.221102,-0.024497,0.761044,-0.138394,0.028057,0.989767,0.020543,-0.253140,-0.088698,-0.052505,0.727007,-0.600310,0.003797,0.049326,-0.093802,0.008196,0.890414,-0.113187,-0.045316,0.153066,-0.005721,0.311262,0.285097,-0.295033,0.123269,1.475225,0.000000,0.000000,0.232368,-0.288884,0.226253,0.020253,0.044422,0.000000,0.000000
-1.240967,-0.025901,0.757027,-0.137497,0.028586,0.990010,0.012542,-0.231681,-0.093330,-0.069472,0.720647,-0.600269,0.005074,0.035380,-0.093043,-0.002564,0.929605,-0.125718,-0.042726,0.131253,-0.004344,0.284345,0.276199,-0.304998,0.107375,1.472062,0.000000,0.000000,0.262923,-0.288416,0.224077,0.066810,0.060003,0.000000,0.000000
-1.261549,-0.027137,0.753597,-0.135997,0.029739,0.990257,0.003297,-0.206469,-0.098336,-0.090106,0.708527,-0.600541,0.006772,0.020266,-0.093532,-0.017130,0.971109,-0.151181,-0.039790,0.106738,-0.002867,0.255455,0.265839,-0.312788,0.088289,1.466896,0.000000,0.000000,0.294350,-0.289169,0.218921,0.122658,0.075841,0.000000,0.000000
-1.282968,-0.028268,0.749831,-0.134546,0.030209,0.990430,-0.005718,-0.181002,-0.101620,-0.110362,0.697132,-0.601201,0.008739,0.006132,-0.093364,-0.031246,1.005395,-0.178577,-0.036744,0.081488,-0.001231,0.225587,0.255756,-0.315269,0.064795,1.460758,0.000000,0.000000,0.327448,-0.289823,0.211299,0.181321,0.087291,0.000000,0.000000
-1.305023,-0.029173,0.746123,-0.132913,0.030208,0.990555,-0.014924,-0.154832,-0.103059,-0.130723,0.684860,-0.602318,0.011146,-0.007544,-0.092260,-0.045144,1.033590,-0.204972,-0.033419,0.056098,0.000388,0.194600,0.246433,-0.313114,0.037200,1.454688,0.000000,0.000000,0.362105,-0.290711,0.200567,0.241936,0.095431,0.000000,0.000000
-1.327512,-0.029814,0.742515,-0.131137,0.029687,0.990623,-0.024252,-0.127470,-0.102486,-0.151500,0.670885,-0.603954,0.014049,-0.021535,-0.090010,-0.059040,1.056933,-0.231640,-0.029682,0.030495,0.002033,0.161265,0.237842,-0.306721,0.004996,1.449936,0.000000,0.000000,0.399225,-0.292182,0.186667,0.304681,0.102094,0.000000,0.000000
-1.350073,-0.030173,0.739202,-0.129280,0.028555,0.990627,-0.033609,-0.100020,-0.099689,-0.171749,0.655599,-0.606085,0.017418,-0.036168,-0.086419,-0.072313,1.075313,-0.258938,-0.025600,0.005660,0.003631,0.125621,0.230461,-0.296540,-0.031019,1.447750,0.000000,0.000000,0.438394,-0.294074,0.170016,0.366570,0.109120,0.000000,0.000000
-1.372172,-0.029526,0.736285,-0.127468,0.025452,0.990685,-0.040585,-0.072388,-0.090604,-0.183347,0.638578,-0.608745,0.020964,-0.053119,-0.078804,-0.081272,1.089238,-0.287420,-0.021132,-0.014885,0.005067,0.086607,0.225642,-0.281984,-0.071023,1.448750,0.000000,0.000000,0.480394,-0.295157,0.152281,0.426154,0.118202,0.000000,0.000000
-1.393104,-0.028669,0.733859,-0.125815,0.021212,0.990758,-0.046034,-0.046313,-0.078995,-0.191017,0.621054,-0.611686,0.024611,-0.073114,-0.069155,-0.086379,1.099401,-0.316883,-0.016798,-0.030665,0.006277,0.044213,0.223068,-0.265190,-0.114137,1.452233,0.000000,0.000000,0.524725,-0.295490,0.133387,0.479800,0.128932,0.000000,0.000000
-1.412273,-0.027938,0.731782,-0.124459,0.016801,0.990740,-0.051588,-0.022927,-0.066978,-0.197922,0.604232,-0.614647,0.028333,-0.096871,-0.059880,-0.091465,1.106645,-0.347541,-0.012531,-0.045120,0.007354,-0.002580,0.220897,-0.247422,-0.159911,1.456964,0.000000,0.000000,0.572136,-0.296238,0.112809,0.524892,0.140026,0.000000,0.000000
-1.429327,-0.027320,0.729942,-0.123588,0.012520,0.990594,-0.057383,-0.003147,-0.055123,-0.204197,0.589174,-0.617385,0.032004,-0.125080,-0.051915,-0.097441,1.110898,-0.378620,-0.008420,-0.059422,0.008296,-0.054130,0.218326,-0.229360,-0.207469,1.461468,0.000000,0.000000,0.622666,-0.298003,0.091234,0.558439,0.149903,0.000000,0.000000
-1.444379,-0.026768,0.728113,-0.123357,0.008637,0.990305,-0.063284,0.012805,-0.043931,-0.209751,0.576546,-0.619736,0.035463,-0.157854,-0.045875,-0.104363,1.111671,-0.408622,-0.004658,-0.073998,0.009123,-0.110452,0.215195,-0.211691,-0.256024,1.464559,0.000000,0.000000,0.676035,-0.301342,0.069252,0.578341,0.157231,0.000000,0.000000
-1.458092,-0.026255,0.725962,-0.123853,0.005351,0.989875,-0.069134,0.025393,-0.033922,-0.214448,0.566665,-0.621670,0.038576,-0.193945,-0.042152,-0.111954,1.107978,-0.436041,-0.001461,-0.088952,0.009920,-0.170210,0.211779,-0.195332,-0.304650,1.465802,0.000000,0.000000,0.731347,-0.306501,0.047353,0.583634,0.161256,0.000000,0.000000
-1.471404,-0.025777,0.723314,-0.125039,0.002755,0.989318,-0.074881,0.036045,-0.025044,-0.218344,0.558120,-0.618527,0.041420,-0.232400,-0.040639,-0.120033,1.098576,-0.460455,0.001133,-0.104962,0.010651,-0.233169,0.208838,-0.180465,-0.354010,1.465530,0.000000,0.000000,0.789170,-0.313488,0.025108,0.575048,0.162880,0.000000,0.000000
-1.485342,-0.025366,0.720309,-0.126823,0.000862,0.988655,-0.080480,0.046194,-0.017402,-0.221345,0.548500,-0.604466,0.044090,-0.271023,-0.041166,-0.128299,1.082213,-0.481105,0.003051,-0.122139,0.011361,-0.297203,0.207629,-0.167784,-0.403645,1.464758,0.000000,0.000000,0.848408,-0.321904,0.002320,0.554080,0.163796,0.000000,0.000000
-1.500803,-0.025060,0.717040,-0.128919,-0.000496,0.987936,-0.085808,0.057053,-0.010912,-0.223473,0.538337,-0.583615,0.046580,-0.307342,-0.043116,-0.136304,1.058837,-0.497924,0.004311,-0.140196,0.012000,-0.359431,0.209605,-0.157869,-0.453023,1.464832,0.000000,0.000000,0.907739,-0.331000,-0.020791,0.523555,0.165733,0.000000,0.000000
-1.517986,-0.024562,0.715255,-0.131916,-0.001072,0.987102,-0.090701,0.069787,-0.005089,-0.224885,0.522903,-0.551508,0.049010,-0.343363,-0.046147,-0.143930,1.031024,-0.513248,0.004979,-0.159603,0.012576,-0.420697,0.215505,-0.150290,-0.504171,1.467569,0.000000,0.000000,0.973075,-0.340906,-0.048227,0.477524,0.170777,0.000000,0.000000
-1.537150,-0.024464,0.724991,-0.133861,-0.001491,0.986426,-0.095092,0.084174,-0.000634,-0.225221,0.510086,-0.513304,0.051176,-0.373338,-0.049634,-0.150316,0.996014,-0.524404,0.004988,-0.178877,0.013101,-0.474758,0.226322,-0.146415,-0.553604,1.471716,0.000000,0.000000,1.035223,-0.349756,-0.074755,0.431275,0.178527,0.000000,0.000000
-1.557818,-0.024640,0.743967,-0.135273,-0.001585,0.985836,-0.099127,0.099624,0.002696,-0.224668,0.498521,-0.465845,0.053126,-0.398539,-0.053513,-0.155934,0.955548,-0.531923,0.004511,-0.198237,0.013547,-0.521816,0.242214,-0.145881,-0.601428,1.476933,0.000000,0.000000,1.094320,-0.357885,-0.100814,0.385320,0.188297,0.000000,0.000000
-1.579585,-0.025028,0.762058,-0.136318,-0.001157,0.985318,-0.102787,0.115531,0.004791,-0.223266,0.487722,-0.405118,0.054782,-0.420308,-0.057989,-0.160809,0.910886,-0.536012,0.003539,-0.217745,0.013918,-0.562298,0.263222,-0.148386,-0.647241,1.482484,0.000000,0.000000,1.150835,-0.365641,-0.126951,0.339553,0.198645,0.000000,0.000000
-1.602184,-0.025553,0.778347,-0.137136,-0.000087,0.984850,-0.106128,0.130607,0.005715,-0.221187,0.477878,-0.330831,0.056007,-0.438475,-0.063047,-0.165114,0.865028,-0.536761,0.002267,-0.236911,0.014238,-0.594932,0.288414,-0.152996,-0.688346,1.487385,0.000000,0.000000,1.202396,-0.372569,-0.152522,0.295871,0.207614,0.000000,0.000000
-1.625459,-0.026105,0.792984,-0.137865,0.001697,0.984406,-0.109245,0.144596,0.005818,-0.218664,0.468491,-0.240767,0.056802,-0.453719,-0.068720,-0.169613,0.818354,-0.534161,0.000869,-0.256695,0.014514,-0.620529,0.318249,-0.158245,-0.698100,1.491433,0.000000,0.000000,1.249380,-0.378322,-0.178561,0.253552,0.214069,0.000000,0.000000
-1.649326,-0.026557,0.805591,-0.138611,0.004115,0.983991,-0.111942,0.156833,0.005461,-0.215948,0.459744,-0.137173,0.057063,-0.465923,-0.074506,-0.174721,0.772919,-0.528187,-0.000406,-0.276913,0.014757,-0.638343,0.352088,-0.162418,-0.698100,1.494529,0.000000,0.000000,1.289873,-0.382124,-0.204924,0.213485,0.216981,0.000000,0.000000
-1.673749,-0.026717,0.815888,-0.139444,0.006904,0.983659,-0.113676,0.166937,0.004957,-0.213302,0.452317,-0.025993,0.056737,-0.474974,-0.079223,-0.180178,0.731027,-0.519449,-0.001334,-0.296188,0.014944,-0.647801,0.388420,-0.164260,-0.698100,1.497178,0.000000,0.000000,1.321873,-0.382986,-0.230623,0.176733,0.217051,0.000000,0.000000
-1.698756,-0.026338,0.824107,-0.140376,0.009588,0.983527,-0.113478,0.175058,0.004486,-0.210903,0.446997,0.087129,0.055804,-0.480978,-0.081193,-0.185061,0.692876,-0.508310,-0.001779,-0.312315,0.015043,-0.648649,0.426252,-0.163567,-0.698100,1.499854,0.000000,0.000000,1.344741,-0.380263,-0.254706,0.143151,0.216204,0.000000,0.000000
-1.724376,-0.025326,0.830334,-0.141315,0.011624,0.983726,-0.110350,0.181439,0.003729,-0.208816,0.445129,0.192459,0.054208,-0.483890,-0.078721,-0.188443,0.659156,-0.495800,-0.001595,-0.322265,0.015016,-0.640268,0.463795,-0.161010,-0.698100,1.502659,0.000000,0.000000,1.357540,-0.373638,-0.275484,0.113142,0.216267,0.000000,0.000000
-1.750681,-0.023777,0.834165,-0.142022,0.012754,0.984306,-0.103968,0.185733,0.002161,-0.207106,0.451155,0.268098,0.052233,-0.483967,-0.071892,-0.189642,0.634290,-0.485135,-0.000807,-0.323065,0.014863,-0.624398,0.495034,-0.159013,-0.698100,1.505302,0.000000,0.000000,1.358170,-0.363948,-0.289697,0.091048,0.218202,0.000000,0.000000
-1.777463,-0.021828,0.836631,-0.142462,0.012996,0.985155,-0.094895,0.188581,-0.000655,-0.205409,0.463539,0.333288,0.049567,-0.480801,-0.060245,-0.189203,0.613294,-0.473475,0.000633,-0.315556,0.014550,-0.598110,0.524399,-0.157263,-0.698100,1.506881,0.000000,0.000000,1.349685,-0.350235,-0.299721,0.069716,0.221413,0.000000,0.000000
-1.804624,-0.019905,0.837548,-0.142277,0.012922,0.986113,-0.084689,0.189415,-0.005045,-0.203727,0.484162,0.379740,0.046375,-0.473806,-0.046242,-0.188403,0.599217,-0.462288,0.002583,-0.300166,0.014047,-0.561672,0.546578,-0.156885,-0.698100,1.505583,0.000000,0.000000,1.331798,-0.333426,-0.303766,0.050865,0.224179,0.000000,0.000000
-1.832018,-0.018419,0.836989,-0.141353,0.013204,0.987016,-0.075134,0.187273,-0.011239,-0.201942,0.515847,0.407301,0.042708,-0.462284,-0.032660,-0.189033,0.592863,-0.452273,0.004952,-0.278465,0.013388,-0.514423,0.559162,-0.159125,-0.698100,1.499831,0.000000,0.000000,1.303771,-0.313976,-0.301459,0.034694,0.224030,0.000000,0.000000
-1.859516,-0.017634,0.834935,-0.139806,0.014285,0.987774,-0.067474,0.180794,-0.019159,-0.200001,0.560801,0.417468,0.038704,-0.445471,-0.022292,-0.192730,0.594266,-0.444913,0.007577,-0.252569,0.012628,-0.456084,0.560254,-0.165132,-0.698100,1.488234,0.000000,0.000000,1.264269,-0.292728,-0.292470,0.021457,0.218228,0.000000,0.000000
-1.887082,-0.017540,0.831703,-0.137871,0.016261,0.988360,-0.062221,0.169659,-0.027417,-0.198051,0.614775,0.412436,0.035103,-0.424800,-0.017800,-0.199595,0.601717,-0.441907,0.010040,-0.227340,0.011949,-0.392964,0.549898,-0.174383,-0.685020,1.471810,0.000000,0.000000,1.216250,-0.273056,-0.277550,0.012387,0.205781,0.000000,0.000000
-1.914717,-0.017901,0.827688,-0.135721,0.018943,0.988794,-0.059222,0.154161,-0.035032,-0.196179,0.674946,0.396919,0.032192,-0.400864,-0.018446,-0.208421,0.611681,-0.443515,0.012112,-0.204596,0.011371,-0.327502,0.531311,-0.185481,-0.652059,1.452347,0.000000,0.000000,1.160725,-0.256212,-0.257628,0.006895,0.187732,0.000000,0.000000
-1.942483,-0.018304,0.822982,-0.133418,0.021584,0.989173,-0.057184,0.135030,-0.040474,-0.191411,0.739842,0.373850,0.029854,-0.373750,-0.021430,-0.216924,0.621571,-0.450163,0.013700,-0.183485,0.010878,-0.260429,0.508051,-0.196761,-0.609450,1.432038,0.000000,0.000000,1.097727,-0.242518,-0.232354,0.004295,0.166393,0.000000,0.000000
-1.970542,-0.018054,0.817581,-0.130931,0.022981,0.989667,-0.053747,0.113786,-0.041261,-0.178906,0.807114,0.345969,0.027888,-0.344035,-0.022426,-0.220736,0.629468,-0.461842,0.014770,-0.161022,0.010245,-0.192874,0.484013,-0.206215,-0.557258,1.413344,0.000000,0.000000,1.028091,-0.231751,-0.200757,0.003907,0.145304,0.000000,0.000000
-1.998962,-0.017079,0.811625,-0.128194,0.023506,0.990256,-0.049067,0.091726,-0.038775,-0.162883,0.874441,0.314378,0.026412,-0.312323,-0.021225,-0.219065,0.635167,-0.478925,0.015174,-0.137293,0.009510,-0.125852,0.460832,-0.212604,-0.494868,1.397532,0.000000,0.000000,0.952977,-0.223200,-0.164166,0.004830,0.127784,0.000000,0.000000
-2.027850,-0.015391,0.805175,-0.125100,0.023382,0.990927,-0.043212,0.069851,-0.033794,-0.145186,0.939842,0.280197,0.025387,-0.279223,-0.018206,-0.212000,0.639199,-0.500990,0.014895,-0.112977,0.008537,-0.060400,0.439368,-0.214722,-0.422150,1.385647,0.000000,0.000000,0.873673,-0.216595,-0.124185,0.005418,0.115782,0.000000,0.000000
-2.057294,-0.013027,0.798269,-0.121596,0.022807,0.991661,-0.036094,0.048915,-0.026962,-0.126491,1.001705,0.244288,0.024662,-0.244955,-0.013749,-0.199749,0.641862,-0.526572,0.014012,-0.088347,0.007313,0.002999,0.420468,-0.211547,-0.339511,1.377649,0.000000,0.000000,0.791553,-0.212315,-0.082436,0.003469,0.109074,0.000000,0.000000
-2.087329,-0.010013,0.791021,-0.117641,0.021990,0.992428,-0.027629,0.029264,-0.018917,-0.107242,1.058806,0.206628,0.024111,-0.209692,-0.008303,-0.182350,0.643130,-0.553300,0.012539,-0.063703,0.005836,0.064155,0.404879,-0.202927,-0.248093,1.372845,0.000000,0.000000,0.707678,-0.210618,-0.039922,-0.003068,0.105464,0.000000,0.000000
-2.117885,-0.006500,0.783642,-0.113221,0.021165,0.993185,-0.017798,0.011089,-0.010515,-0.087790,1.110010,0.166885,0.023557,-0.173804,-0.002690,-0.160410,0.642945,-0.577862,0.010488,-0.039538,0.004122,0.122820,0.393120,-0.189583,-0.150446,1.370107,0.000000,0.000000,0.623184,-0.211761,0.002155,-0.015508,0.101755,0.000000,0.000000
-2.148707,-0.002698,0.776215,-0.108389,0.020594,0.993873,-0.006692,-0.006261,-0.002469,-0.067887,1.155748,0.124442,0.022788,-0.137085,0.002231,-0.134389,0.641138,-0.598928,0.007739,-0.015770,0.002162,0.180332,0.384948,-0.172808,-0.048410,1.368080,0.000000,0.000000,0.537177,-0.215347,0.043617,-0.034540,0.095153,0.000000,0.000000
-2.179189,0.001097,0.769484,-0.103320,0.020500,0.994421,0.005593,-0.023704,0.004302,-0.047589,1.195354,0.079576,0.021556,-0.100672,0.005383,-0.105487,0.636115,-0.609287,0.004234,0.007239,0.000024,0.237295,0.379593,-0.154577,0.052846,1.365827,0.000000,0.000000,0.450169,-0.220606,0.083642,-0.059691,0.084441,0.000000,0.000000
-2.208755,0.004636,0.768431,-0.098237,0.021086,0.994764,0.018702,-0.042408,0.009207,-0.027071,1.228595,0.032974,0.019686,-0.065865,0.005968,-0.075518,0.629224,-0.612613,-0.000068,0.029203,-0.002154,0.294375,0.375609,-0.136430,0.146232,1.363316,0.000000,0.000000,0.362751,-0.226377,0.121233,-0.090059,0.070448,0.000000,0.000000
-2.236641,0.007646,0.769852,-0.093387,0.022524,0.994857,0.032121,-0.064027,0.011873,-0.006544,1.255768,-0.014605,0.017031,-0.034165,0.003310,-0.046529,0.623450,-0.615672,-0.005097,0.050172,-0.004301,0.353179,0.371986,-0.119485,0.225522,1.360687,0.000000,0.000000,0.275066,-0.231369,0.155913,-0.124662,0.055134,0.000000,0.000000
-2.261900,0.009856,0.772845,-0.089126,0.024744,0.994681,0.045314,-0.090615,0.012334,0.013545,1.276683,-0.061220,0.013554,-0.007440,-0.002629,-0.020182,0.620142,-0.618528,-0.010641,0.070193,-0.006329,0.414263,0.368896,-0.104277,0.285053,1.358018,0.000000,0.000000,0.187650,-0.234665,0.187264,-0.162350,0.040980,0.000000,0.000000
-2.284069,0.011028,0.776759,-0.085850,0.027433,0.994259,0.057679,-0.123514,0.011181,0.032594,1.290493,-0.104506,0.009424,0.012964,-0.011236,0.001956,0.620211,-0.620860,-0.016309,0.089275,-0.008061,0.477154,0.367313,-0.091060,0.321543,1.354974,0.000000,0.000000,0.101727,-0.235564,0.214778,-0.202007,0.029947,0.000000,0.000000
-2.303554,0.011096,0.780854,-0.083856,0.030127,0.993637,0.068896,-0.162848,0.009207,0.050200,1.295758,-0.143353,0.004905,0.027325,-0.021461,0.019832,0.623413,-0.620295,-0.021837,0.108014,-0.009601,0.541313,0.368528,-0.079245,0.335547,1.351092,0.000000,0.000000,0.017816,-0.233420,0.238745,-0.243335,0.022379,0.000000,0.000000
-2.321793,0.010188,0.784597,-0.083245,0.032363,0.992870,0.078938,-0.206986,0.007203,0.066429,1.290478,-0.177052,0.000254,0.037417,-0.032331,0.034192,0.628797,-0.615753,-0.027120,0.127515,-0.010913,0.606339,0.373538,-0.067584,0.329914,1.345824,0.000000,0.000000,-0.063663,-0.228785,0.259143,-0.286671,0.017279,0.000000,0.000000
-2.340636,0.008726,0.785176,-0.083771,0.033939,0.992001,0.088120,-0.251860,0.005871,0.081095,1.272814,-0.204901,-0.004137,0.045608,-0.042994,0.046056,0.634927,-0.606903,-0.032133,0.148668,-0.012123,0.670736,0.382226,-0.055089,0.308918,1.338724,0.000000,0.000000,-0.139941,-0.222862,0.275959,-0.331197,0.013266,0.000000,0.000000
-2.361478,0.007147,0.782367,-0.084994,0.034964,0.991054,0.096780,-0.294226,0.005261,0.094830,1.241990,-0.228354,-0.008185,0.054236,-0.053399,0.056337,0.640528,-0.593517,-0.037039,0.172413,-0.013280,0.734490,0.393500,-0.040754,0.277771,1.329541,0.000000,0.000000,-0.209846,-0.217258,0.289603,-0.377052,0.008304,0.000000,0.000000
-2.384847,0.005776,0.779409,-0.086416,0.035640,0.990062,0.105068,-0.331910,0.005358,0.107830,1.198496,-0.247980,-0.011703,0.064615,-0.063715,0.065357,0.644392,-0.573452,-0.041976,0.198815,-0.014353,0.796984,0.406211,-0.024321,0.241201,1.318187,0.000000,0.000000,-0.272574,-0.214278,0.300689,-0.423666,0.001941,0.000000,0.000000
-2.410588,0.004774,0.776652,-0.087732,0.036157,0.989071,0.112845,-0.364540,0.006049,0.120147,1.143026,-0.264536,-0.014525,0.077185,-0.074261,0.072552,0.645750,-0.543428,-0.047007,0.227474,-0.015385,0.858254,0.419506,-0.006294,0.202723,1.304571,0.000000,0.000000,-0.328436,-0.215560,0.310027,-0.470828,-0.005981,0.000000,0.000000
-2.438229,0.004165,0.774246,-0.088830,0.036590,0.988124,0.119923,-0.391407,0.007228,0.131426,1.078275,-0.278030,-0.016447,0.091321,-0.084976,0.076721,0.644376,-0.500864,-0.051906,0.256823,-0.016289,0.916205,0.432422,0.012991,0.165480,1.290218,0.000000,0.000000,-0.376730,-0.222214,0.318002,-0.516923,-0.014815,0.000000,0.000000
-2.467269,0.003883,0.753542,-0.089729,0.036887,0.987260,0.126117,-0.413631,0.008851,0.141813,1.004497,-0.288571,-0.017398,0.106513,-0.096162,0.076992,0.640393,-0.442459,-0.056576,0.286344,-0.017115,0.971347,0.444734,0.033803,0.129993,1.276841,0.000000,0.000000,-0.419253,-0.234769,0.324835,-0.561781,-0.024246,0.000000,0.000000
-2.497577,0.003851,0.765113,-0.090846,0.036826,0.986393,0.131986,-0.431201,0.011273,0.152024,0.924479,-0.295708,-0.017527,0.122752,-0.107790,0.073941,0.628491,-0.359728,-0.061000,0.315852,-0.017833,1.027300,0.456683,0.058608,0.090639,1.265318,0.000000,0.000000,-0.456196,-0.253444,0.330478,-0.604757,-0.034259,0.000000,0.000000
-2.528410,0.003876,0.788597,-0.091372,0.036570,0.985786,0.136161,-0.444332,0.013542,0.160251,0.838115,-0.298454,-0.016630,0.138775,-0.119509,0.066495,0.617250,-0.265017,-0.064615,0.342436,-0.018372,1.077263,0.466689,0.083454,0.056802,1.259979,0.000000,0.000000,-0.488990,-0.277167,0.334457,-0.643033,-0.043404,0.000000,0.000000
-2.559639,0.003750,0.808507,-0.091940,0.036169,0.985363,0.138922,-0.453509,0.015028,0.166503,0.748457,-0.296065,-0.015113,0.153457,-0.130892,0.056733,0.606806,-0.163432,-0.067343,0.365072,-0.018735,1.120100,0.474387,0.107828,0.027395,1.260761,0.000000,0.000000,-0.518165,-0.304334,0.337150,-0.674535,-0.051626,0.000000,0.000000
-2.591166,0.003348,0.825008,-0.092669,0.035643,0.985130,0.140215,-0.459121,0.015188,0.170992,0.654531,-0.288249,-0.013195,0.166771,-0.141448,0.046947,0.597758,-0.059607,-0.069292,0.383740,-0.018939,1.157024,0.479839,0.132421,0.000391,1.266535,0.000000,0.000000,-0.544779,-0.333828,0.339075,-0.698100,-0.058381,0.000000,0.000000
-2.622854,0.002568,0.837143,-0.093393,0.034883,0.985151,0.139778,-0.462114,0.013791,0.173600,0.564332,-0.278164,-0.011209,0.177601,-0.149538,0.040112,0.596823,0.024319,-0.070442,0.396452,-0.018976,1.183788,0.482467,0.154609,-0.020063,1.274934,0.000000,0.000000,-0.566920,-0.361608,0.341027,-0.698100,-0.062807,0.000000,0.000000
-2.654880,0.001371,0.845797,-0.094462,0.034259,0.985352,0.137784,-0.461868,0.009888,0.174732,0.474861,-0.264020,-0.009514,0.186547,-0.155576,0.036468,0.598949,0.096447,-0.071083,0.404474,-0.018891,1.204866,0.482338,0.176208,-0.040503,1.284776,0.000000,0.000000,-0.584201,-0.388193,0.343211,-0.698100,-0.064810,0.000000,0.000000
-2.687172,-0.000181,0.851133,-0.095277,0.033816,0.985800,0.134082,-0.458334,0.003321,0.174837,0.391767,-0.247277,-0.008414,0.193522,-0.159326,0.035689,0.607215,0.148897,-0.071268,0.407013,-0.018707,1.219592,0.478941,0.195612,-0.059729,1.294189,0.000000,0.000000,-0.594491,-0.411250,0.345888,-0.698100,-0.063367,0.000000,0.000000
-2.719722,-0.001905,0.853749,-0.095675,0.033090,0.986459,0.129035,-0.454004,-0.004849,0.175185,0.322084,-0.232721,-0.007878,0.198661,-0.160541,0.037217,0.624851,0.177508,-0.071025,0.404739,-0.018470,1.225722,0.473213,0.211069,-0.074437,1.301308,0.000000,0.000000,-0.596188,-0.429012,0.348636,-0.698100,-0.059978,0.000000,0.000000
-2.752467,-0.003842,0.854798,-0.095536,0.032609,0.987343,0.122327,-0.446522,-0.016410,0.175608,0.256950,-0.216633,-0.007994,0.202139,-0.160138,0.038837,0.651526,0.193175,-0.070220,0.397231,-0.018138,1.225956,0.463685,0.224347,-0.089019,1.307620,0.000000,0.000000,-0.589275,-0.444356,0.351731,-0.693849,-0.053738,0.000000,0.000000
-2.785285,-0.005820,0.854765,-0.094472,0.032376,0.988425,0.114207,-0.435969,-0.030870,0.176530,0.201962,-0.200230,-0.008908,0.203531,-0.158690,0.038648,0.687749,0.197945,-0.068708,0.384170,-0.017715,1.219559,0.450240,0.233357,-0.102241,1.312838,0.000000,0.000000,-0.572308,-0.455772,0.355110,-0.674386,-0.045362,0.000000,0.000000
-2.817792,-0.008386,0.854349,-0.091859,0.032078,0.989949,0.102632,-0.419427,-0.047685,0.169961,0.152522,-0.180171,-0.009734,0.201615,-0.155673,0.032668,0.739727,0.193102,-0.065603,0.360549,-0.017043,1.205308,0.430893,0.237606,-0.113594,1.319248,0.000000,0.000000,-0.542570,-0.462978,0.358408,-0.644589,-0.033282,0.000000,0.000000
-2.850328,-0.010937,0.854267,-0.088910,0.031378,0.991476,0.089922,-0.401723,-0.063611,0.159674,0.121259,-0.163739,-0.010736,0.197336,-0.151429,0.023084,0.799006,0.182927,-0.061469,0.331215,-0.016251,1.181421,0.409952,0.235425,-0.120744,1.325538,0.000000,0.000000,-0.502484,-0.465135,0.361334,-0.610493,-0.021881,0.000000,0.000000
-2.882840,-0.013258,0.854669,-0.085585,0.031140,0.992873,0.076872,-0.384081,-0.078457,0.148515,0.109415,-0.154496,-0.012214,0.191079,-0.147456,0.012310,0.860375,0.170953,-0.057278,0.299712,-0.015447,1.148651,0.389150,0.225919,-0.123933,1.332091,0.000000,0.000000,-0.454412,-0.464139,0.364054,-0.573499,-0.012170,0.000000,0.000000
-2.915329,-0.015178,0.855470,-0.081939,0.031708,0.994069,0.064084,-0.366079,-0.092431,0.137102,0.113753,-0.153990,-0.014014,0.182862,-0.144439,0.001681,0.922498,0.157984,-0.053459,0.267630,-0.014640,1.107349,0.369066,0.208702,-0.123882,1.339871,0.000000,0.000000,-0.399495,-0.461479,0.366732,-0.532520,-0.003271,0.000000,0.000000
-2.947831,-0.016545,0.856365,-0.077987,0.033247,0.995039,0.052052,-0.347252,-0.105431,0.125750,0.131224,-0.163032,-0.015945,0.172699,-0.142776,-0.007945,0.983857,0.142609,-0.050290,0.236582,-0.013808,1.058156,0.350354,0.184037,-0.120877,1.349609,0.000000,0.000000,-0.339422,-0.457926,0.369091,-0.486810,0.005611,0.000000,0.000000
-2.980362,-0.017262,0.856910,-0.073738,0.035684,0.995805,0.040761,-0.327526,-0.117336,0.114636,0.158937,-0.182844,-0.017808,0.160793,-0.142207,-0.016412,1.043253,0.123170,-0.047809,0.207448,-0.012875,1.001720,0.333315,0.152671,-0.114955,1.361881,0.000000,0.000000,-0.275376,-0.453321,0.369909,-0.435509,0.015132,0.000000,0.000000
-3.012934,-0.017372,0.856676,-0.069125,0.038849,0.996394,0.030202,-0.307070,-0.128115,0.103869,0.194235,-0.212997,-0.019473,0.147331,-0.142629,-0.023892,1.099180,0.099080,-0.046017,0.181054,-0.011935,0.939427,0.317971,0.116129,-0.106090,1.376410,0.000000,0.000000,-0.209026,-0.447260,0.367805,-0.378607,0.026070,0.000000,0.000000
-3.045477,-0.017069,0.855509,-0.064101,0.041676,0.996887,0.019224,-0.286042,-0.136021,0.088877,0.236765,-0.252823,-0.020026,0.132414,-0.141975,-0.031874,1.151953,0.070071,-0.044136,0.155465,-0.010800,0.870758,0.304264,0.075746,-0.093999,1.393041,0.000000,0.000000,-0.139948,-0.437983,0.360527,-0.314871,0.038461,0.000000,0.000000
-3.077907,-0.016554,0.853329,-0.058677,0.043227,0.997321,0.006279,-0.265062,-0.139371,0.065467,0.284800,-0.299858,-0.018603,0.116475,-0.138242,-0.042789,1.199906,0.037008,-0.041319,0.128798,-0.009420,0.796994,0.292759,0.033554,-0.078743,1.410477,0.000000,0.000000,-0.069277,-0.423359,0.346262,-0.245129,0.052274,0.000000,0.000000
-3.110291,-0.015994,0.849771,-0.052924,0.044503,0.997573,-0.008151,-0.243821,-0.141481,0.038704,0.335917,-0.351386,-0.016463,0.099804,-0.133808,-0.056984,1.241628,0.000803,-0.038034,0.100996,-0.007783,0.718846,0.281530,-0.010686,-0.060697,1.426221,0.000000,0.000000,0.001952,-0.404891,0.325224,-0.170154,0.066938,0.000000,0.000000
-3.142730,-0.015651,0.844943,-0.046989,0.045656,0.997571,-0.023651,-0.221888,-0.143361,0.010231,0.386474,-0.404161,-0.013956,0.082544,-0.130055,-0.073657,1.275696,-0.037360,-0.034621,0.072585,-0.005931,0.637796,0.269252,-0.055437,-0.040695,1.438671,0.000000,0.000000,0.072257,-0.384076,0.298172,-0.091848,0.081636,0.000000,0.000000
-3.174983,-0.015882,0.838985,-0.040852,0.047150,0.997188,-0.041533,-0.198078,-0.146393,-0.023042,0.434165,-0.458330,-0.010947,0.063944,-0.128563,-0.095918,1.305394,-0.081837,-0.030885,0.044218,-0.003781,0.547179,0.255569,-0.106128,-0.013153,1.448939,0.000000,0.000000,0.142919,-0.362478,0.260776,-0.008167,0.097870,0.000000,0.000000
-3.207938,-0.016109,0.832730,-0.035394,0.047345,0.996619,-0.057067,-0.173446,-0.145757,-0.052113,0.475990,-0.503650,-0.007763,0.045209,-0.126357,-0.113656,1.319955,-0.118873,-0.027441,0.014940,-0.001550,0.465391,0.240228,-0.143522,0.002297,1.452863,0.000000,0.000000,0.209494,-0.341303,0.225969,0.072376,0.112613,0.000000,0.000000
-3.240930,-0.016814,0.826504,-0.029829,0.047652,0.995619,-0.074712,-0.145154,-0.144554,-0.085942,0.508108,-0.548361,-0.003733,0.025033,-0.126259,-0.136362,1.330062,-0.162061,-0.023439,-0.013154,0.000820,0.376032,0.224051,-0.183789,0.021733,1.456868,0.000000,0.000000,0.275160,-0.321548,0.183265,0.156784,0.129942,0.000000,0.000000
-3.273895,-0.017504,0.820626,-0.025175,0.046434,0.994597,-0.089369,-0.117144,-0.138978,-0.113535,0.533309,-0.584765,0.000483,0.003754,-0.125388,-0.153529,1.326868,-0.197992,-0.019809,-0.040880,0.003021,0.295811,0.208730,-0.209581,0.026694,1.459157,0.000000,0.000000,0.336517,-0.305337,0.146896,0.234969,0.145038,0.000000,0.000000
-3.306086,-0.018406,0.816392,-0.021000,0.045038,0.993212,-0.105166,-0.086498,-0.131616,-0.142818,0.542645,-0.606102,0.005465,-0.020295,-0.126612,-0.174049,1.320063,-0.238109,-0.015689,-0.066120,0.005109,0.210658,0.192573,-0.235303,0.030769,1.464304,0.000000,0.000000,0.395256,-0.292257,0.108266,0.312409,0.162330,0.000000,0.000000
-3.336468,-0.019072,0.813129,-0.017926,0.042406,0.991973,-0.117772,-0.058898,-0.120819,-0.163085,0.545733,-0.610351,0.010261,-0.047243,-0.127835,-0.189365,1.302177,-0.269408,-0.012126,-0.090277,0.006922,0.134029,0.177888,-0.247226,0.020496,1.467704,0.000000,0.000000,0.450557,-0.282386,0.079016,0.378815,0.173864,0.000000,0.000000
-3.365071,-0.019161,0.810503,-0.015863,0.038718,0.990903,-0.127909,-0.032371,-0.105954,-0.174304,0.542541,-0.613751,0.014939,-0.078849,-0.128857,-0.201751,1.278754,-0.298911,-0.008661,-0.110690,0.008443,0.057717,0.163092,-0.253210,0.003122,1.470560,0.000000,0.000000,0.503245,-0.274721,0.055434,0.436233,0.183337,0.000000,0.000000
-3.391471,-0.019227,0.807880,-0.015054,0.035058,0.989845,-0.136935,-0.009129,-0.091730,-0.183280,0.537756,-0.616897,0.019362,-0.114368,-0.131666,-0.212072,1.249116,-0.324602,-0.005830,-0.129349,0.009669,-0.016479,0.147049,-0.254736,-0.021744,1.469921,0.000000,0.000000,0.552904,-0.269559,0.036963,0.480385,0.189788,0.000000,0.000000
-3.416079,-0.019070,0.804731,-0.015722,0.031877,0.988699,-0.145641,0.010427,-0.078531,-0.190830,0.533882,-0.619690,0.023500,-0.153456,-0.136798,-0.222218,1.211560,-0.345599,-0.003467,-0.149299,0.010813,-0.089409,0.128824,-0.252772,-0.054479,1.464015,0.000000,0.000000,0.600796,-0.267011,0.021780,0.509458,0.193195,0.000000,0.000000
-3.440033,-0.018590,0.800647,-0.017915,0.029319,0.987453,-0.154128,0.026662,-0.066439,-0.197192,0.532278,-0.622080,0.027334,-0.194121,-0.143679,-0.232449,1.164641,-0.361109,-0.001525,-0.171414,0.011894,-0.160635,0.109719,-0.248486,-0.094528,1.452877,0.000000,0.000000,0.647186,-0.267007,0.008314,0.522031,0.194504,0.000000,0.000000
-3.464660,-0.017869,0.795322,-0.021401,0.027310,0.986119,-0.162373,0.040805,-0.055215,-0.202670,0.533352,-0.624193,0.030979,-0.233454,-0.151247,-0.242893,1.107688,-0.370871,0.000085,-0.195548,0.012923,-0.229597,0.092121,-0.243271,-0.140668,1.438509,0.000000,0.000000,0.692434,-0.269225,-0.005107,0.518849,0.194864,0.000000,0.000000
-3.490909,-0.017098,0.788484,-0.025733,0.025626,0.984733,-0.170244,0.054467,-0.044218,-0.207620,0.537190,-0.626242,0.034639,-0.269635,-0.158635,-0.253911,1.039702,-0.375028,0.001468,-0.221578,0.013952,-0.297253,0.078325,-0.238704,-0.192564,1.424335,0.000000,0.000000,0.738025,-0.272940,-0.020037,0.502241,0.195891,0.000000,0.000000
-3.519088,-0.016449,0.780124,-0.030412,0.024012,0.983382,-0.177365,0.068285,-0.033442,-0.212040,0.543932,-0.628311,0.038336,-0.300785,-0.164647,-0.265126,0.962860,-0.373241,0.002620,-0.247780,0.014867,-0.362020,0.070581,-0.236495,-0.248150,1.414582,0.000000,0.000000,0.783507,-0.277287,-0.036744,0.475688,0.198589,0.000000,0.000000
-3.549031,-0.015844,0.794823,-0.035852,0.022544,0.982014,-0.183998,0.083022,-0.022227,-0.216072,0.545156,-0.607766,0.042559,-0.327871,-0.169013,-0.277396,0.876178,-0.362885,0.003702,-0.274152,0.015668,-0.425984,0.069760,-0.237190,-0.308335,1.413060,0.000000,0.000000,0.833403,-0.281583,-0.057818,0.435759,0.203939,0.000000,0.000000
-3.580227,-0.015385,0.815332,-0.040358,0.021216,0.980828,-0.189464,0.098590,-0.011668,-0.219069,0.545389,-0.565220,0.047060,-0.348623,-0.171260,-0.288609,0.783798,-0.344176,0.004337,-0.297920,0.016317,-0.485218,0.075932,-0.241439,-0.367668,1.418997,0.000000,0.000000,0.881109,-0.284944,-0.080130,0.396408,0.210553,0.000000,0.000000
-3.612463,-0.015107,0.832266,-0.044347,0.020304,0.979747,-0.194209,0.114770,-0.001811,-0.221035,0.544977,-0.504998,0.051697,-0.364634,-0.172226,-0.299501,0.686300,-0.315698,0.004568,-0.320060,0.016788,-0.541526,0.088160,-0.248113,-0.426337,1.431153,0.000000,0.000000,0.927381,-0.287602,-0.104256,0.357811,0.217292,0.000000,0.000000
-3.645349,-0.014929,0.845016,-0.047836,0.020142,0.978716,-0.198549,0.130403,0.006905,-0.221880,0.544610,-0.429705,0.056081,-0.376318,-0.172971,-0.309744,0.588339,-0.278298,0.004392,-0.340566,0.017103,-0.593644,0.104791,-0.255507,-0.481845,1.446415,0.000000,0.000000,0.971169,-0.289243,-0.129707,0.321390,0.222971,0.000000,0.000000
-3.678617,-0.014632,0.853944,-0.050869,0.020880,0.977643,-0.202956,0.145101,0.015124,-0.221943,0.544456,-0.339684,0.060231,-0.384783,-0.174019,-0.319587,0.489390,-0.233128,0.003816,-0.360985,0.017315,-0.642596,0.124788,-0.262228,-0.534581,1.462064,0.000000,0.000000,1.012923,-0.289611,-0.156571,0.286779,0.226869,0.000000,0.000000
-3.712174,-0.014029,0.859112,-0.053497,0.022488,0.976520,-0.207463,0.158160,0.023339,-0.221539,0.544746,-0.239105,0.064013,-0.390071,-0.175598,-0.328405,0.391982,-0.183486,0.002877,-0.381425,0.017430,-0.687786,0.147095,-0.266794,-0.583450,1.475175,0.000000,0.000000,1.051596,-0.288425,-0.184099,0.254302,0.228631,0.000000,0.000000
-3.746262,-0.012774,0.860742,-0.055637,0.023795,0.975872,-0.209792,0.169854,0.033848,-0.214444,0.545425,-0.136191,0.066675,-0.392509,-0.174317,-0.333490,0.298356,-0.133939,0.001969,-0.398334,0.017414,-0.728307,0.172225,-0.269010,-0.627270,1.484429,0.000000,0.000000,1.086296,-0.285830,-0.209634,0.224083,0.228753,0.000000,0.000000
-3.780884,-0.011008,0.859469,-0.057295,0.024750,0.975753,-0.209789,0.180799,0.045680,-0.203079,0.547510,-0.038718,0.068274,-0.392497,-0.169822,-0.335427,0.208910,-0.087327,0.001234,-0.410859,0.017225,-0.764854,0.199782,-0.269111,-0.666311,1.489882,0.000000,0.000000,1.117207,-0.282118,-0.232939,0.195666,0.227548,0.000000,0.000000
-3.815944,-0.008979,0.855977,-0.058415,0.025518,0.976109,-0.207719,0.191027,0.056879,-0.191407,0.553097,0.045122,0.069013,-0.390583,-0.162398,-0.336195,0.125778,-0.046386,0.000868,-0.418910,0.016972,-0.797492,0.228861,-0.267568,-0.698100,1.492532,0.000000,0.000000,1.144387,-0.277886,-0.254221,0.168837,0.225041,0.000000,0.000000
-3.851241,-0.006981,0.851190,-0.058763,0.026770,0.976847,-0.203962,0.200170,0.064985,-0.182549,0.567202,0.103711,0.068950,-0.388424,-0.154193,-0.336575,0.055566,-0.016145,0.000611,-0.422212,0.016598,-0.825961,0.257246,-0.264730,-0.698100,1.493606,0.000000,0.000000,1.165676,-0.274231,-0.273644,0.146948,0.221449,0.000000,0.000000
-3.886759,-0.004793,0.845939,-0.058302,0.029139,0.978157,-0.197385,0.208938,0.068385,-0.174907,0.588082,0.145798,0.067367,-0.384232,-0.145955,-0.333134,-0.006856,0.008801,-0.000033,-0.420070,0.016085,-0.850377,0.286550,-0.258925,-0.698100,1.494625,0.000000,0.000000,1.185389,-0.272145,-0.294359,0.124236,0.215896,0.000000,0.000000
-3.922333,-0.002878,0.845837,-0.056907,0.032234,0.979683,-0.189591,0.216176,0.067437,-0.170455,0.614396,0.164804,0.065270,-0.380966,-0.139829,-0.329735,-0.017450,0.023228,-0.000011,-0.413825,0.015659,-0.867019,0.311151,-0.252391,-0.698100,1.496179,0.000000,0.000000,1.198539,-0.271594,-0.312307,0.107434,0.210246,0.000000,0.000000
-3.958040,-0.000998,0.846935,-0.054714,0.035685,0.981569,-0.179599,0.222907,0.062842,-0.166209,0.648316,0.173409,0.062060,-0.376727,-0.132980,-0.325626,-0.017450,0.035799,0.000870,-0.402949,0.015111,-0.878919,0.337819,-0.243916,-0.698100,1.498989,0.000000,0.000000,1.210603,-0.272007,-0.331734,0.089443,0.202910,0.000000,0.000000
-3.993734,0.000709,0.847805,-0.051575,0.039259,0.983670,-0.167906,0.228758,0.055025,-0.161806,0.688905,0.173233,0.057886,-0.371263,-0.125426,-0.321232,-0.017450,0.048286,0.002143,-0.387868,0.014528,-0.883826,0.364754,-0.234224,-0.698100,1.503134,0.000000,0.000000,1.220493,-0.272997,-0.350929,0.071530,0.194543,0.000000,0.000000
-4.029356,0.002190,0.848557,-0.047670,0.042595,0.985849,-0.154970,0.233587,0.044036,-0.157316,0.737486,0.166642,0.052719,-0.364298,-0.116867,-0.316412,-0.017450,0.062148,0.003766,-0.368211,0.013894,-0.880537,0.392396,-0.223279,-0.698100,1.509224,0.000000,0.000000,1.227483,-0.274028,-0.369601,0.053880,0.185459,0.000000,0.000000
-4.064929,0.003477,0.849231,-0.043308,0.045249,0.987970,-0.141393,0.236594,0.030912,-0.153316,0.791764,0.156180,0.047027,-0.355918,-0.107420,-0.311150,-0.017450,0.077074,0.005668,-0.344963,0.013269,-0.867849,0.419203,-0.211723,-0.698100,1.517288,0.000000,0.000000,1.229825,-0.274491,-0.385692,0.037817,0.176608,0.000000,0.000000
-4.100408,0.004483,0.849933,-0.038738,0.046844,0.989941,-0.127761,0.237403,0.016127,-0.149898,0.852634,0.143568,0.040916,-0.345857,-0.096872,-0.305262,-0.017450,0.091768,0.007854,-0.318109,0.012612,-0.844313,0.445217,-0.199593,-0.698100,1.527192,0.000000,0.000000,1.226016,-0.274075,-0.398142,0.023410,0.168126,0.000000,0.000000
-4.135770,0.005195,0.850566,-0.034212,0.047116,0.991672,-0.114875,0.235875,0.001823,-0.147293,0.916563,0.130089,0.035153,-0.334738,-0.085891,-0.299012,-0.017450,0.103098,0.010087,-0.290120,0.011976,-0.810133,0.468445,-0.187734,-0.698100,1.537309,0.000000,0.000000,1.214617,-0.272630,-0.404771,0.011790,0.160668,0.000000,0.000000
-4.171020,0.005624,0.851082,-0.029767,0.046140,0.993154,-0.103100,0.232313,-0.010456,-0.144902,0.981647,0.115734,0.030182,-0.322881,-0.075067,-0.292797,-0.017450,0.107572,0.012136,-0.262755,0.011438,-0.766108,0.487769,-0.176138,-0.698100,1.545434,0.000000,0.000000,1.195137,-0.270573,-0.404801,0.003262,0.154165,0.000000,0.000000
-4.206505,0.006556,0.855316,-0.025401,0.047163,0.994532,-0.089644,0.227846,-0.030761,-0.146502,1.052013,0.109339,0.023623,-0.310060,-0.063152,-0.285110,0.012830,0.138392,0.015567,-0.232399,0.010871,-0.720425,0.514434,-0.164566,-0.698100,1.568392,0.000000,0.000000,1.171609,-0.266379,-0.406033,-0.000171,0.147882,0.000000,0.000000
-4.241127,0.005828,0.858665,-0.021617,0.042575,0.995650,-0.080006,0.219091,-0.037381,-0.140920,1.111461,0.099880,0.020249,-0.297173,-0.053369,-0.279104,0.048996,0.119336,0.018006,-0.209536,0.010502,-0.665284,0.524422,-0.157174,-0.698100,1.570800,0.000000,0.000000,1.139186,-0.264720,-0.392763,-0.003002,0.141772,0.000000,0.000000
-4.275547,0.006993,0.862006,-0.018123,0.035224,0.996496,-0.073670,0.202390,-0.030762,-0.132713,1.180985,0.078823,0.020143,-0.280856,-0.037140,-0.267530,0.099558,0.047219,0.019733,-0.191351,0.010369,-0.592371,0.533818,-0.144471,-0.698100,1.557639,0.000000,0.000000,1.089529,-0.260723,-0.365165,0.001901,0.131645,0.000000,0.000000
-4.310281,0.006435,0.864799,-0.013023,0.031716,0.997231,-0.065991,0.187080,-0.027212,-0.120519,1.247307,0.052515,0.019148,-0.265124,-0.029747,-0.264634,0.176775,-0.042490,0.020566,-0.174468,0.010187,-0.514916,0.533385,-0.125267,-0.698100,1.528379,0.000000,0.000000,1.035099,-0.262060,-0.338375,0.010144,0.121417,0.000000,0.000000
-4.345419,0.007528,0.864660,-0.008395,0.027565,0.997727,-0.060920,0.171603,-0.018234,-0.112158,1.307113,0.025674,0.019984,-0.250939,-0.020885,-0.259256,0.261562,-0.130909,0.021689,-0.162886,0.010174,-0.435185,0.529243,-0.101859,-0.698100,1.503955,0.000000,0.000000,0.978592,-0.261978,-0.307835,0.019397,0.112122,0.000000,0.000000
