0.000000,0.000000,0.860621,0.034527,-0.030352,-0.016276,0.998810,-0.113813,-0.044941,0.025213,0.152943,-0.197321,0.000431,0.117769,-0.037003,-0.074268,0.246091,-0.283945,-0.011275,0.122306,-0.002914,0.169811,0.192308,-0.205288,0.910746,1.557631,0.000000,0.000000,-0.038109,-0.279027,0.289696,1.105447,0.119921,0.000000,0.000000
0.002135,0.000177,0.859190,0.033637,-0.026813,-0.016345,0.998941,-0.122718,-0.045741,0.025424,0.126051,-0.195670,0.000577,0.114077,-0.036470,-0.075782,0.252698,-0.288660,-0.010925,0.114506,-0.003099,0.166461,0.192520,-0.195162,0.921708,1.567164,0.000000,0.000000,-0.056438,-0.277490,0.304726,1.119062,0.123525,0.000000,0.000000
0.005950,0.000323,0.858099,0.032841,-0.025811,-0.017069,0.998981,-0.127085,-0.046713,0.025475,0.087464,-0.188301,0.000687,0.112823,-0.036160,-0.076341,0.259586,-0.292083,-0.010748,0.111163,-0.003145,0.164405,0.190517,-0.192746,0.929541,1.569322,0.000000,0.000000,-0.067106,-0.275649,0.315140,1.122453,0.127969,0.000000,0.000000
0.010949,0.000127,0.856836,0.032024,-0.023908,-0.018284,0.999034,-0.129158,-0.047203,0.025211,0.043290,-0.179598,0.000959,0.112897,-0.035101,-0.074603,0.263669,-0.293266,-0.010742,0.110920,-0.003191,0.163279,0.188174,-0.191267,0.934340,1.569779,0.000000,0.000000,-0.074314,-0.272950,0.320074,1.121493,0.129758,0.000000,0.000000
0.016258,-0.000465,0.855701,0.031469,-0.022716,-0.020790,0.999030,-0.129474,-0.046844,0.024825,-0.001113,-0.173275,0.001420,0.114142,-0.034206,-0.070936,0.267172,-0.295978,-0.011096,0.111619,-0.003275,0.163738,0.186389,-0.187667,0.938114,1.569855,0.000000,0.000000,-0.079785,-0.270422,0.325245,1.118968,0.129043,0.000000,0.000000
0.021822,-0.001262,0.854612,0.030517,-0.020493,-0.023243,0.999054,-0.129818,-0.045814,0.023899,-0.017450,-0.170464,0.001854,0.114782,-0.033407,-0.069606,0.267896,-0.297646,-0.011096,0.112228,-0.003299,0.163136,0.185933,-0.185350,0.940667,1.569863,0.000000,0.000000,-0.082584,-0.269050,0.327017,1.116714,0.127225,0.000000,0.000000
0.027193,-0.001890,0.854018,0.029556,-0.019444,-0.025543,0.999048,-0.129861,-0.045456,0.023485,-0.017450,-0.169227,0.001992,0.115102,-0.033130,-0.069082,0.268148,-0.298006,-0.011103,0.112566,-0.003310,0.162937,0.185812,-0.185270,0.941880,1.569864,0.000000,0.000000,-0.083501,-0.268541,0.327587,1.116475,0.126766,0.000000,0.000000
0.032911,-0.002517,0.853257,0.028798,-0.017954,-0.027737,0.999039,-0.129890,-0.044981,0.023017,-0.017450,-0.167059,0.002154,0.115595,-0.032767,-0.068417,0.268470,-0.298311,-0.011109,0.112791,-0.003319,0.162840,0.185673,-0.185091,0.943684,1.569865,0.000000,0.000000,-0.085063,-0.267776,0.328391,1.116545,0.125920,0.000000,0.000000
0.038788,-0.003036,0.852425,0.027818,-0.016523,-0.029548,0.999040,-0.129927,-0.044343,0.022409,-0.017450,-0.164066,0.002356,0.116259,-0.032316,-0.067706,0.268923,-0.298701,-0.011098,0.113017,-0.003328,0.162853,0.185487,-0.184912,0.945936,1.569866,0.000000,0.000000,-0.086976,-0.266856,0.329337,1.116416,0.124872,0.000000,0.000000
0.044753,-0.003518,0.852391,0.026896,-0.015745,-0.032250,0.998994,-0.129912,-0.043542,0.021743,-0.017450,-0.160509,0.002586,0.117110,-0.031853,-0.066752,0.269681,-0.299285,-0.011122,0.113366,-0.003335,0.163102,0.185117,-0.184659,0.948404,1.569865,0.000000,0.000000,-0.089077,-0.265730,0.330682,1.115969,0.123827,0.000000,0.000000
0.050892,-0.003897,0.852847,0.025969,-0.015184,-0.034748,0.998943,-0.129853,-0.042640,0.021145,-0.017450,-0.156766,0.002822,0.118130,-0.031367,-0.065363,0.270815,-0.300099,-0.011209,0.113776,-0.003352,0.163512,0.184501,-0.184354,0.951165,1.569861,0.000000,0.000000,-0.091289,-0.264371,0.332333,1.115361,0.122937,0.000000,0.000000
0.057214,-0.004162,0.853447,0.024857,-0.014211,-0.036987,0.998905,-0.129879,-0.041677,0.020754,-0.017450,-0.153148,0.003045,0.119265,-0.030818,-0.063666,0.272267,-0.300963,-0.011328,0.114436,-0.003373,0.163875,0.183730,-0.184108,0.954535,1.569856,0.000000,0.000000,-0.093357,-0.262927,0.333900,1.114410,0.121895,0.000000,0.000000
0.063448,-0.004439,0.853637,0.024374,-0.014317,-0.039968,0.998801,-0.130143,-0.039187,0.020667,-0.017450,-0.144145,0.003531,0.122734,-0.029662,-0.058548,0.277585,-0.303544,-0.011843,0.116662,-0.003505,0.165652,0.181160,-0.183329,0.965080,1.569839,0.000000,0.000000,-0.098456,-0.259062,0.339093,1.111314,0.118020,0.000000,0.000000
0.069808,-0.004770,0.853662,0.024268,-0.014348,-0.042760,0.998688,-0.131136,-0.036464,0.021688,-0.017450,-0.134434,0.003946,0.127580,-0.028814,-0.051298,0.286543,-0.307413,-0.012829,0.119322,-0.003729,0.169410,0.177435,-0.181838,0.979299,1.569801,0.000000,0.000000,-0.104860,-0.254491,0.347074,1.108202,0.112433,0.000000,0.000000
0.076124,-0.005160,0.853556,0.023751,-0.014237,-0.046238,0.998547,-0.133702,-0.033629,0.025399,-0.017450,-0.126110,0.004078,0.133282,-0.028458,-0.042700,0.299296,-0.313208,-0.014241,0.124040,-0.004021,0.174604,0.172921,-0.178745,0.996515,1.569713,0.000000,0.000000,-0.110845,-0.249751,0.355316,1.105421,0.106868,0.000000,0.000000
0.082210,-0.005646,0.853153,0.023286,-0.014514,-0.050058,0.998369,-0.136960,-0.031674,0.031449,-0.017450,-0.121567,0.003744,0.137547,-0.029141,-0.036222,0.311518,-0.316259,-0.015626,0.129258,-0.004365,0.179937,0.168872,-0.174449,1.009674,1.569631,0.000000,0.000000,-0.113382,-0.245470,0.360358,1.103127,0.102340,0.000000,0.000000
0.088224,-0.006050,0.852811,0.022783,-0.014598,-0.052992,0.998228,-0.140057,-0.030432,0.036227,-0.017450,-0.118641,0.003384,0.140214,-0.029726,-0.031948,0.319949,-0.317523,-0.016579,0.132676,-0.004558,0.184093,0.166215,-0.171793,1.017485,1.569580,0.000000,0.000000,-0.113425,-0.243245,0.363569,1.101414,0.098079,0.000000,0.000000
0.094254,-0.006406,0.852583,0.022401,-0.014318,-0.056378,0.998055,-0.142915,-0.029070,0.038861,-0.017450,-0.116052,0.003272,0.141996,-0.030201,-0.028144,0.327165,-0.317786,-0.017404,0.135719,-0.004690,0.187194,0.163455,-0.169295,1.024343,1.569535,0.000000,0.000000,-0.112684,-0.242131,0.366567,1.100228,0.095116,0.000000,0.000000
0.100300,-0.006894,0.852366,0.021991,-0.014063,-0.061113,0.997789,-0.145536,-0.026813,0.041454,-0.017450,-0.114115,0.003335,0.143314,-0.030848,-0.023572,0.335862,-0.316913,-0.018419,0.138798,-0.004828,0.190674,0.160367,-0.165742,1.033099,1.569487,0.000000,0.000000,-0.112970,-0.240373,0.370717,1.101256,0.092733,0.000000,0.000000
0.106448,-0.007364,0.852238,0.021362,-0.013647,-0.065585,0.997525,-0.147778,-0.023206,0.041821,-0.017450,-0.114611,0.003897,0.144279,-0.031237,-0.018423,0.345586,-0.313977,-0.019491,0.142647,-0.004992,0.194015,0.157985,-0.162432,1.044219,1.569448,0.000000,0.000000,-0.113856,-0.239091,0.374357,1.103252,0.088403,0.000000,0.000000
0.112925,-0.007379,0.852180,0.020796,-0.013270,-0.069311,0.997290,-0.149160,-0.020095,0.038484,-0.017450,-0.117338,0.004812,0.145397,-0.032247,-0.014641,0.353884,-0.310916,-0.020511,0.146371,-0.005130,0.196180,0.156391,-0.161074,1.055639,1.569424,0.000000,0.000000,-0.113637,-0.238326,0.376235,1.104038,0.085037,0.000000,0.000000
0.119872,-0.007198,0.852341,0.020362,-0.012840,-0.073071,0.997036,-0.149585,-0.018392,0.034520,-0.017450,-0.116999,0.005562,0.146435,-0.033581,-0.012127,0.359606,-0.309031,-0.021378,0.148607,-0.005209,0.197598,0.154847,-0.160578,1.063778,1.569407,0.000000,0.000000,-0.112976,-0.237520,0.377431,1.104675,0.084140,0.000000,0.000000
0.126991,-0.007350,0.852785,0.019695,-0.012088,-0.077732,0.996706,-0.149714,-0.016967,0.032001,-0.017450,-0.112715,0.006114,0.147101,-0.034555,-0.010207,0.364035,-0.306244,-0.022032,0.150271,-0.005268,0.198798,0.153556,-0.158849,1.069756,1.569393,0.000000,0.000000,-0.112511,-0.236668,0.378844,1.105642,0.083070,0.000000,0.000000
0.134067,-0.007558,0.853253,0.018740,-0.012191,-0.083468,0.996260,-0.149006,-0.014466,0.030770,-0.017450,-0.100327,0.006690,0.148122,-0.036306,-0.006849,0.372496,-0.300346,-0.023211,0.153704,-0.005385,0.201904,0.151877,-0.154426,1.079457,1.569372,0.000000,0.000000,-0.110804,-0.234966,0.383055,1.107796,0.081750,0.000000,0.000000
0.141318,-0.007851,0.854249,0.017598,-0.010872,-0.089095,0.995808,-0.148183,-0.011582,0.031944,-0.017450,-0.086239,0.007024,0.148236,-0.037569,-0.002741,0.381117,-0.293840,-0.024389,0.156679,-0.005485,0.204858,0.150650,-0.146693,1.088608,1.569352,0.000000,0.000000,-0.109943,-0.232792,0.386163,1.110690,0.079746,0.000000,0.000000
0.148576,-0.007740,0.854795,0.017180,-0.010425,-0.092730,0.995489,-0.147129,-0.009344,0.031912,-0.017450,-0.073869,0.007394,0.148212,-0.039149,0.001356,0.390644,-0.287444,-0.025681,0.158257,-0.005549,0.208056,0.148797,-0.139313,1.097408,1.569338,0.000000,0.000000,-0.109144,-0.230339,0.387483,1.114705,0.080255,0.000000,0.000000
0.155944,-0.007650,0.855405,0.016719,-0.009844,-0.095503,0.995240,-0.145965,-0.007256,0.030641,-0.017450,-0.060707,0.007903,0.147963,-0.040549,0.006828,0.401516,-0.279045,-0.027198,0.158829,-0.005580,0.211187,0.145921,-0.132080,1.107887,1.569323,0.000000,0.000000,-0.107754,-0.227359,0.388298,1.119323,0.083521,0.000000,0.000000
0.163185,-0.007889,0.856021,0.016102,-0.009215,-0.097504,0.995062,-0.144896,-0.004881,0.029385,-0.017450,-0.047801,0.008468,0.147311,-0.040882,0.013089,0.413660,-0.266649,-0.028602,0.158710,-0.005628,0.213985,0.141817,-0.124480,1.120189,1.569300,0.000000,0.000000,-0.105671,-0.224147,0.388214,1.124828,0.087115,0.000000,0.000000
0.170371,-0.007794,0.856402,0.015644,-0.009000,-0.098853,0.994938,-0.143926,-0.003356,0.028744,-0.017450,-0.039580,0.008795,0.146621,-0.042544,0.014619,0.427187,-0.252184,-0.029606,0.158418,-0.005655,0.216825,0.137660,-0.118321,1.131644,1.569266,0.000000,0.000000,-0.102729,-0.221652,0.386269,1.131605,0.089495,0.000000,0.000000
0.177412,-0.008166,0.856652,0.015504,-0.008689,-0.099534,0.994875,-0.143195,-0.002544,0.028132,-0.017450,-0.036625,0.009003,0.145980,-0.044012,0.014377,0.439349,-0.236884,-0.030226,0.157547,-0.005612,0.219649,0.134921,-0.115297,1.141627,1.569245,0.000000,0.000000,-0.099274,-0.220035,0.382401,1.138886,0.091632,0.000000,0.000000
0.184536,-0.008598,0.857099,0.015204,-0.008155,-0.100498,0.994788,-0.142317,-0.001595,0.027162,-0.015798,-0.038069,0.009307,0.144914,-0.045631,0.010493,0.451949,-0.214793,-0.030257,0.155974,-0.005498,0.222689,0.132894,-0.114821,1.151478,1.569224,0.000000,0.000000,-0.095106,-0.217877,0.376279,1.146483,0.096536,0.000000,0.000000
0.191538,-0.008449,0.858104,0.014527,-0.007336,-0.100090,0.994845,-0.141972,-0.000726,0.022381,-0.007480,-0.042925,0.010140,0.142525,-0.046240,0.000612,0.464682,-0.186934,-0.028854,0.153169,-0.005339,0.224544,0.131603,-0.116793,1.160964,1.569225,0.000000,0.000000,-0.090942,-0.215648,0.368991,1.154898,0.103446,0.000000,0.000000
0.199844,-0.007002,0.858644,0.015893,-0.008298,-0.098712,0.994954,-0.139313,-0.004708,0.012606,0.003003,-0.048774,0.010639,0.140689,-0.048815,0.006543,0.484529,-0.166553,-0.030972,0.149168,-0.005211,0.227641,0.128724,-0.121335,1.170439,1.569211,0.000000,0.000000,-0.084761,-0.216468,0.364875,1.164508,0.112397,0.000000,0.000000
0.208020,-0.006340,0.859588,0.015971,-0.008070,-0.096127,0.995208,-0.136730,-0.007186,0.001924,0.011763,-0.054489,0.011602,0.138068,-0.049492,0.006612,0.503679,-0.144369,-0.031386,0.144904,-0.004990,0.229751,0.127026,-0.126346,1.177981,1.569208,0.000000,0.000000,-0.078330,-0.216477,0.355737,1.171926,0.121505,0.000000,0.000000
0.215366,-0.006412,0.860360,0.015671,-0.008790,-0.097605,0.995063,-0.132898,-0.007457,-0.005478,0.019577,-0.060397,0.012570,0.134151,-0.050857,0.005064,0.524354,-0.120440,-0.031675,0.142079,-0.004826,0.232276,0.125344,-0.128025,1.185085,1.569203,0.000000,0.000000,-0.072471,-0.215719,0.351819,1.179299,0.130077,0.000000,0.000000
0.223220,-0.006419,0.861295,0.014837,-0.009084,-0.094657,0.995358,-0.129314,-0.007356,-0.014064,0.027932,-0.066788,0.013783,0.131109,-0.050565,-0.000553,0.544153,-0.093723,-0.030642,0.138285,-0.004639,0.234785,0.125905,-0.133924,1.190752,1.568976,0.000000,0.000000,-0.064730,-0.215651,0.344996,1.185609,0.135028,0.000000,0.000000
0.230652,-0.006259,0.862059,0.014203,-0.009858,-0.095349,0.995294,-0.124821,-0.007075,-0.022055,0.035114,-0.072844,0.014958,0.126799,-0.051941,-0.004691,0.565565,-0.062752,-0.030361,0.134787,-0.004494,0.236841,0.126092,-0.138127,1.197229,1.566842,0.000000,0.000000,-0.058609,-0.215217,0.343830,1.192394,0.140189,0.000000,0.000000
0.238104,-0.006336,0.862862,0.013372,-0.010487,-0.095675,0.995268,-0.119993,-0.006274,-0.028952,0.041900,-0.078883,0.016092,0.121887,-0.052317,-0.006816,0.587974,-0.028913,-0.030083,0.129340,-0.004273,0.238578,0.126803,-0.138228,1.203649,1.568751,0.000000,0.000000,-0.053220,-0.213593,0.339612,1.200047,0.144445,0.000000,0.000000
0.245496,-0.006376,0.863605,0.012519,-0.011304,-0.095109,0.995324,-0.114892,-0.005578,-0.034718,0.048564,-0.084881,0.017054,0.116706,-0.051915,-0.008126,0.611679,0.007689,-0.029640,0.121560,-0.003972,0.240294,0.128048,-0.138822,1.210064,1.569181,0.000000,0.000000,-0.045691,-0.210528,0.331281,1.204111,0.151852,0.000000,0.000000
0.252971,-0.006324,0.864313,0.011666,-0.012120,-0.094382,0.995394,-0.109606,-0.005174,-0.039403,0.054805,-0.090618,0.017817,0.111338,-0.050817,-0.006450,0.635685,0.044802,-0.029464,0.114908,-0.003757,0.242155,0.129241,-0.140735,1.214879,1.569282,0.000000,0.000000,-0.036656,-0.207916,0.323590,1.205250,0.159829,0.000000,0.000000
0.260702,-0.006264,0.864888,0.011144,-0.013223,-0.092999,0.995516,-0.104052,-0.005509,-0.044682,0.061130,-0.096201,0.018524,0.106817,-0.049416,-0.002709,0.658780,0.077865,-0.029520,0.108803,-0.003581,0.244509,0.130772,-0.145012,1.216289,1.569315,0.000000,0.000000,-0.029829,-0.206551,0.319736,1.210793,0.164912,0.000000,0.000000
0.268557,-0.005979,0.865500,0.010613,-0.013776,-0.091514,0.995652,-0.098301,-0.006113,-0.050236,0.066014,-0.101565,0.019212,0.101517,-0.048945,-0.000741,0.682659,0.107661,-0.029447,0.101686,-0.003350,0.246087,0.133509,-0.147135,1.216073,1.569351,0.000000,0.000000,-0.024675,-0.204286,0.314724,1.217307,0.168259,0.000000,0.000000
0.276214,-0.005234,0.865988,0.009929,-0.015340,-0.090500,0.995729,-0.091637,-0.007290,-0.054413,0.071004,-0.109430,0.019566,0.096108,-0.049996,0.000431,0.709185,0.131990,-0.029648,0.095574,-0.003248,0.248578,0.138742,-0.151760,1.214564,1.569390,0.000000,0.000000,-0.016470,-0.206863,0.324712,1.218427,0.154360,0.000000,0.000000
0.284043,-0.004549,0.866399,0.009454,-0.016876,-0.089710,0.995780,-0.084640,-0.009008,-0.057645,0.075166,-0.118299,0.019657,0.090429,-0.051546,0.001503,0.736115,0.153162,-0.029951,0.088778,-0.003039,0.251190,0.141400,-0.154232,1.211086,1.569418,0.000000,0.000000,-0.008048,-0.207799,0.327168,1.219522,0.151612,0.000000,0.000000
0.291926,-0.003844,0.866784,0.009056,-0.018709,-0.088849,0.995828,-0.077076,-0.011215,-0.061404,0.079911,-0.125579,0.019733,0.084609,-0.053656,0.000567,0.763715,0.169008,-0.030016,0.082386,-0.002809,0.253792,0.143754,-0.155892,1.205425,1.569441,0.000000,0.000000,-0.000265,-0.207186,0.323479,1.222001,0.157220,0.000000,0.000000
0.299754,-0.002782,0.867140,0.008446,-0.021162,-0.087108,0.995938,-0.069066,-0.013762,-0.065578,0.085796,-0.132983,0.019810,0.079300,-0.056044,-0.001446,0.791847,0.180737,-0.029956,0.075728,-0.002574,0.257157,0.145800,-0.159185,1.202103,1.569460,0.000000,0.000000,0.007360,-0.206305,0.320665,1.226317,0.163108,0.000000,0.000000
0.307911,-0.001445,0.867530,0.007804,-0.022668,-0.085031,0.996090,-0.061772,-0.016359,-0.069977,0.090922,-0.141148,0.019892,0.074031,-0.058736,-0.003560,0.817912,0.190001,-0.029978,0.068058,-0.002334,0.259651,0.147313,-0.159088,1.200732,1.569478,0.000000,0.000000,0.014289,-0.205797,0.316901,1.230083,0.165253,0.000000,0.000000
0.315945,0.000008,0.867841,0.007160,-0.024374,-0.083232,0.996206,-0.054679,-0.018992,-0.074468,0.096258,-0.149142,0.019980,0.068777,-0.062035,-0.006694,0.843265,0.190382,-0.030063,0.061002,-0.002094,0.261413,0.150241,-0.158441,1.198065,1.569510,0.000000,0.000000,0.021566,-0.206096,0.314390,1.231465,0.165166,0.000000,0.000000
0.323681,0.001252,0.868108,0.006420,-0.026481,-0.081164,0.996328,-0.047167,-0.021409,-0.079127,0.102173,-0.157374,0.020143,0.063353,-0.064770,-0.009789,0.869183,0.183898,-0.030052,0.053874,-0.001858,0.262923,0.154965,-0.159039,1.193496,1.569557,0.000000,0.000000,0.029493,-0.206417,0.312371,1.231492,0.164681,0.000000,0.000000
0.331152,0.002319,0.868375,0.005516,-0.028744,-0.079113,0.996436,-0.039161,-0.023410,-0.082933,0.107672,-0.164803,0.020280,0.057754,-0.066641,-0.012104,0.894116,0.171521,-0.030004,0.046057,-0.001596,0.264129,0.161080,-0.159182,1.187976,1.569621,0.000000,0.000000,0.037056,-0.206157,0.309460,1.231732,0.165306,0.000000,0.000000
0.338583,0.003626,0.868749,0.004262,-0.030293,-0.075738,0.996658,-0.031312,-0.024834,-0.086142,0.110772,-0.170546,0.020453,0.051779,-0.068083,-0.016552,0.916455,0.154045,-0.029551,0.036992,-0.001302,0.264418,0.167724,-0.158071,1.182520,1.569691,0.000000,0.000000,0.043889,-0.205391,0.304480,1.231514,0.164068,0.000000,0.000000
0.346276,0.005381,0.869102,0.003135,-0.031183,-0.070181,0.997042,-0.024196,-0.026583,-0.090922,0.113008,-0.175868,0.020764,0.045472,-0.069801,-0.024819,0.936297,0.132818,-0.028579,0.026835,-0.001042,0.263791,0.172862,-0.156445,1.176685,1.569763,0.000000,0.000000,0.052184,-0.205041,0.295793,1.228979,0.160813,0.000000,0.000000
0.354090,0.007350,0.869108,0.003013,-0.033049,-0.065575,0.997296,-0.017695,-0.030243,-0.096931,0.118024,-0.181544,0.020821,0.040142,-0.073314,-0.032446,0.953163,0.109881,-0.028288,0.018958,-0.000882,0.263712,0.175169,-0.159238,1.172053,1.561268,0.000000,0.000000,0.061434,-0.205896,0.288615,1.226092,0.162101,0.000000,0.000000
0.361549,0.009060,0.868942,0.003196,-0.035720,-0.062835,0.997379,-0.010625,-0.034757,-0.102906,0.125264,-0.188561,0.020694,0.035008,-0.077921,-0.038234,0.969284,0.088880,-0.028632,0.012553,-0.000689,0.263531,0.177799,-0.166499,1.168568,1.550459,0.000000,0.000000,0.070274,-0.207767,0.283336,1.224759,0.167693,0.000000,0.000000
0.368548,0.010561,0.868937,0.002682,-0.037571,-0.059518,0.997516,-0.003855,-0.037958,-0.108017,0.131067,-0.195195,0.020745,0.029254,-0.081179,-0.043566,0.982840,0.071573,-0.028631,0.005624,-0.000419,0.261849,0.182967,-0.173245,1.163918,1.547113,0.000000,0.000000,0.077958,-0.210029,0.276926,1.224247,0.171005,0.000000,0.000000
0.375149,0.011964,0.869053,0.001780,-0.038674,-0.054540,0.997761,0.002449,-0.039863,-0.112965,0.134895,-0.200326,0.021062,0.022412,-0.082439,-0.049473,0.994162,0.054883,-0.027924,-0.002664,-0.000083,0.258406,0.191859,-0.178438,1.155932,1.549496,0.000000,0.000000,0.086060,-0.211365,0.268367,1.221479,0.170635,0.000000,0.000000
0.381451,0.012963,0.869142,0.000976,-0.039735,-0.051036,0.997906,0.008353,-0.040816,-0.116036,0.137577,-0.205528,0.021310,0.014837,-0.082392,-0.053389,1.002600,0.041020,-0.027181,-0.011105,0.000241,0.254322,0.203430,-0.178822,1.146273,1.557013,0.000000,0.000000,0.092801,-0.212469,0.259970,1.216727,0.167745,0.000000,0.000000
0.387434,0.014098,0.869163,0.000478,-0.040778,-0.047116,0.998057,0.013734,-0.041862,-0.119177,0.139860,-0.210871,0.021528,0.006313,-0.082618,-0.057479,1.009741,0.027414,-0.026457,-0.018873,0.000442,0.250060,0.212590,-0.180628,1.137629,1.561131,0.000000,0.000000,0.099829,-0.212607,0.249698,1.216573,0.167433,0.000000,0.000000
0.393500,0.015396,0.869114,0.000174,-0.041813,-0.042320,0.998229,0.018535,-0.043410,-0.122526,0.142939,-0.215747,0.021658,-0.001947,-0.083356,-0.062013,1.014162,0.011989,-0.025810,-0.026994,0.000634,0.244767,0.218078,-0.183562,1.130159,1.562651,0.000000,0.000000,0.107109,-0.211660,0.239089,1.215264,0.169117,0.000000,0.000000
0.399244,0.016225,0.869056,-0.000268,-0.042982,-0.037831,0.998359,0.023309,-0.044529,-0.125060,0.147011,-0.220473,0.021785,-0.010494,-0.082828,-0.065211,1.016823,-0.006319,-0.025062,-0.035465,0.000918,0.237906,0.224337,-0.185361,1.122818,1.568677,0.000000,0.000000,0.115383,-0.208109,0.229940,1.210752,0.173378,0.000000,0.000000
0.404666,0.016613,0.869004,-0.000825,-0.044146,-0.033910,0.998449,0.027680,-0.044952,-0.127078,0.151633,-0.224487,0.022017,-0.018809,-0.080540,-0.066340,1.017055,-0.021253,-0.024179,-0.042569,0.001145,0.231896,0.231428,-0.187193,1.115279,1.570094,0.000000,0.000000,0.123469,-0.204461,0.222385,1.205776,0.178883,0.000000,0.000000
0.410036,0.016748,0.868975,-0.001532,-0.045129,-0.029749,0.998537,0.031961,-0.044679,-0.130986,0.156750,-0.227549,0.022707,-0.027749,-0.076473,-0.066292,1.014402,-0.035218,-0.022995,-0.048954,0.001281,0.226540,0.240374,-0.192084,1.104472,1.565329,0.000000,0.000000,0.131468,-0.203980,0.212788,1.203713,0.183099,0.000000,0.000000
0.415554,0.016864,0.868873,-0.001818,-0.045887,-0.026001,0.998607,0.035945,-0.044668,-0.135679,0.161133,-0.230672,0.023454,-0.036603,-0.073669,-0.067764,1.009407,-0.050048,-0.021878,-0.055600,0.001483,0.220894,0.246981,-0.195095,1.093471,1.565262,0.000000,0.000000,0.140309,-0.197839,0.206104,1.195865,0.185788,0.000000,0.000000
0.420943,0.017226,0.868762,-0.002272,-0.046690,-0.022265,0.998659,0.039713,-0.044620,-0.139414,0.165805,-0.234854,0.024057,-0.045332,-0.071518,-0.070188,1.002101,-0.066487,-0.020752,-0.062676,0.001589,0.215073,0.255368,-0.195235,1.082655,1.566127,0.000000,0.000000,0.145552,-0.199230,0.199007,1.197509,0.180040,0.000000,0.000000
0.426228,0.017380,0.868628,-0.002630,-0.047358,-0.018789,0.998698,0.043442,-0.044533,-0.142827,0.169901,-0.239903,0.024617,-0.054091,-0.068995,-0.071678,0.991675,-0.085020,-0.019704,-0.069580,0.001761,0.210159,0.263047,-0.194854,1.070770,1.559551,0.000000,0.000000,0.150056,-0.202001,0.194966,1.194977,0.173569,0.000000,0.000000
0.431742,0.017185,0.868497,-0.002887,-0.047817,-0.016830,0.998710,0.047636,-0.044399,-0.145480,0.172361,-0.244542,0.025063,-0.062818,-0.066097,-0.070922,0.977663,-0.102252,-0.019010,-0.075618,0.001965,0.205352,0.267161,-0.193920,1.060152,1.548294,0.000000,0.000000,0.154785,-0.198880,0.192777,1.192863,0.176221,0.000000,0.000000
0.437421,0.017615,0.868365,-0.003203,-0.048386,-0.011515,0.998757,0.051703,-0.044353,-0.148986,0.175727,-0.247629,0.025627,-0.070519,-0.064488,-0.074827,0.960539,-0.115216,-0.017704,-0.082207,0.002170,0.198655,0.273045,-0.197200,1.049276,1.540421,0.000000,0.000000,0.159855,-0.196267,0.183094,1.189236,0.178902,0.000000,0.000000
0.442968,0.018122,0.868188,-0.003348,-0.048981,-0.006187,0.998775,0.055335,-0.044528,-0.151866,0.179419,-0.249694,0.026062,-0.077243,-0.063768,-0.079792,0.941706,-0.122254,-0.016409,-0.088755,0.002399,0.190381,0.279065,-0.201332,1.039284,1.536317,0.000000,0.000000,0.165595,-0.192979,0.176483,1.190339,0.180719,0.000000,0.000000
0.448293,0.018603,0.867978,-0.003466,-0.049461,-0.002411,0.998767,0.058935,-0.044892,-0.153960,0.182841,-0.251627,0.026337,-0.084315,-0.063250,-0.083931,0.920280,-0.128619,-0.015333,-0.094462,0.002548,0.182607,0.286178,-0.205391,1.026690,1.535290,0.000000,0.000000,0.171923,-0.194377,0.174599,1.178828,0.176632,0.000000,0.000000
0.453635,0.018667,0.867730,-0.003457,-0.049941,0.000278,0.998746,0.062807,-0.045216,-0.156275,0.185883,-0.254210,0.026651,-0.091485,-0.062361,-0.086875,0.896814,-0.135293,-0.014395,-0.099073,0.002721,0.175002,0.293011,-0.206919,1.014374,1.536043,0.000000,0.000000,0.176918,-0.194166,0.174256,1.182555,0.174913,0.000000,0.000000
0.459130,0.018581,0.867477,-0.003539,-0.049953,0.002842,0.998741,0.066786,-0.045174,-0.158328,0.188147,-0.258436,0.026995,-0.098879,-0.061246,-0.091034,0.869942,-0.145812,-0.013128,-0.104443,0.002902,0.167779,0.299640,-0.203382,1.002373,1.532742,0.000000,0.000000,0.179970,-0.192486,0.173469,1.181559,0.173557,0.000000,0.000000
0.464792,0.018352,0.867279,-0.003859,-0.049802,0.005850,0.998734,0.070724,-0.044419,-0.160257,0.189782,-0.263113,0.027483,-0.105606,-0.059416,-0.095879,0.841257,-0.159284,-0.011521,-0.110608,0.003078,0.160876,0.304868,-0.201292,0.992499,1.529451,0.000000,0.000000,0.183473,-0.189082,0.172741,1.181220,0.170677,0.000000,0.000000
0.470594,0.018109,0.867127,-0.004291,-0.049375,0.009345,0.998727,0.074485,-0.043121,-0.162615,0.190593,-0.267771,0.028157,-0.111649,-0.057084,-0.100763,0.810413,-0.167297,-0.009786,-0.116785,0.003259,0.153415,0.310458,-0.202495,0.980954,1.533492,0.000000,0.000000,0.186714,-0.186579,0.170104,1.180976,0.165063,0.000000,0.000000
0.476259,0.018175,0.866919,-0.004429,-0.049027,0.012868,0.998705,0.078182,-0.042434,-0.165184,0.191235,-0.271681,0.028706,-0.117178,-0.055686,-0.105902,0.777014,-0.171659,-0.008311,-0.121969,0.003413,0.146258,0.316081,-0.206454,0.966422,1.532006,0.000000,0.000000,0.189241,-0.187018,0.168060,1.172223,0.162151,0.000000,0.000000
0.481838,0.018181,0.866618,-0.004208,-0.048745,0.016134,0.998672,0.081951,-0.042482,-0.167794,0.192074,-0.274094,0.029098,-0.122247,-0.054714,-0.110875,0.740411,-0.176903,-0.007041,-0.126132,0.003532,0.138723,0.318207,-0.210315,0.953827,1.520976,0.000000,0.000000,0.191684,-0.182765,0.166773,1.175970,0.165562,0.000000,0.000000
0.487461,0.018059,0.866280,-0.003943,-0.048157,0.018898,0.998653,0.085727,-0.042631,-0.170264,0.192415,-0.276132,0.029452,-0.126904,-0.053660,-0.116557,0.700994,-0.181576,-0.005650,-0.129567,0.003693,0.131009,0.321434,-0.213327,0.942757,1.513304,0.000000,0.000000,0.193053,-0.179308,0.164135,1.179596,0.166542,0.000000,0.000000
0.493139,0.018020,0.865895,-0.003495,-0.047324,0.020986,0.998653,0.089502,-0.043207,-0.172310,0.191887,-0.278751,0.029617,-0.131201,-0.053318,-0.122697,0.659634,-0.183558,-0.004432,-0.132498,0.003805,0.123474,0.326688,-0.216830,0.931846,1.511137,0.000000,0.000000,0.193787,-0.178237,0.161947,1.178701,0.165590,0.000000,0.000000
0.498723,0.018140,0.865471,-0.003009,-0.046425,0.023082,0.998651,0.092944,-0.044072,-0.173214,0.191406,-0.282988,0.029516,-0.135192,-0.053525,-0.129460,0.616691,-0.182858,-0.003301,-0.135269,0.003906,0.115165,0.331407,-0.220285,0.920258,1.510299,0.000000,0.000000,0.194278,-0.177691,0.160431,1.176044,0.165095,0.000000,0.000000
0.503900,0.018118,0.864895,-0.002531,-0.045270,0.025417,0.998648,0.094941,-0.044687,-0.172823,0.193691,-0.290540,0.029250,-0.139393,-0.053188,-0.136363,0.572177,-0.179155,-0.002048,-0.137577,0.004032,0.105925,0.335178,-0.222690,0.909823,1.511087,0.000000,0.000000,0.195063,-0.176457,0.158531,1.174015,0.164114,0.000000,0.000000
0.509080,0.017771,0.864221,-0.001832,-0.044440,0.026823,0.998650,0.096974,-0.045203,-0.171385,0.197147,-0.298153,0.028869,-0.143264,-0.052337,-0.141230,0.528802,-0.172138,-0.001105,-0.140021,0.004124,0.098435,0.338724,-0.223725,0.901831,1.512037,0.000000,0.000000,0.194885,-0.175028,0.158381,1.173633,0.162053,0.000000,0.000000
0.514364,0.017458,0.863527,-0.001207,-0.043268,0.028201,0.998665,0.098767,-0.045541,-0.170645,0.200547,-0.302394,0.028664,-0.147022,-0.051337,-0.145921,0.483297,-0.162479,-0.000217,-0.142202,0.004193,0.090279,0.342149,-0.224222,0.894546,1.514463,0.000000,0.000000,0.193571,-0.174098,0.157564,1.175065,0.158723,0.000000,0.000000
0.519657,0.017271,0.862823,-0.000517,-0.041902,0.029813,0.998677,0.100226,-0.046185,-0.171477,0.203581,-0.305218,0.028628,-0.150536,-0.050356,-0.152274,0.434241,-0.151180,0.000882,-0.144132,0.004273,0.081016,0.345392,-0.224128,0.885439,1.517351,0.000000,0.000000,0.191652,-0.173894,0.154925,1.176668,0.156279,0.000000,0.000000
0.525172,0.016056,0.862093,0.000235,-0.040351,0.031113,0.998701,0.101474,-0.046073,-0.172717,0.206383,-0.310070,0.028842,-0.153461,-0.046575,-0.158294,0.386732,-0.134694,0.002622,-0.145868,0.004339,0.072592,0.348450,-0.223126,0.874593,1.519497,0.000000,0.000000,0.190525,-0.173536,0.152699,1.175671,0.156086,0.000000,0.000000
0.530789,0.015063,0.861312,0.000928,-0.038660,0.032230,0.998732,0.102790,-0.045972,-0.173140,0.209136,-0.314351,0.028927,-0.156111,-0.042602,-0.161736,0.338065,-0.115414,0.003841,-0.147215,0.004431,0.064224,0.351392,-0.222063,0.863743,1.521186,0.000000,0.000000,0.190475,-0.172622,0.153155,1.173534,0.155845,0.000000,0.000000
0.536391,0.014380,0.861191,0.001648,-0.037015,0.033409,0.998755,0.104179,-0.046287,-0.172799,0.211835,-0.317486,0.028801,-0.158389,-0.039562,-0.164178,0.291145,-0.095784,0.004619,-0.148137,0.004483,0.056209,0.353816,-0.221758,0.855292,1.523283,0.000000,0.000000,0.189545,-0.171921,0.153715,1.173042,0.154795,0.000000,0.000000
0.542037,0.013494,0.862065,0.002488,-0.035255,0.034874,0.998767,0.105453,-0.046528,-0.172576,0.214363,-0.322096,0.028701,-0.160392,-0.036438,-0.167475,0.243095,-0.074494,0.005531,-0.149136,0.004551,0.048275,0.355607,-0.221129,0.847583,1.526382,0.000000,0.000000,0.187066,-0.171513,0.151558,1.174450,0.151395,0.000000,0.000000
0.547772,0.012297,0.862113,0.003288,-0.033662,0.036186,0.998773,0.106786,-0.046420,-0.172331,0.217042,-0.327638,0.028680,-0.161816,-0.032590,-0.170093,0.195573,-0.050766,0.006480,-0.149791,0.004590,0.040197,0.357375,-0.221461,0.838019,1.529583,0.000000,0.000000,0.184145,-0.170916,0.150729,1.175891,0.148139,0.000000,0.000000
0.553864,0.010928,0.861485,0.003931,-0.032045,0.036558,0.998810,0.108358,-0.046068,-0.170800,0.219992,-0.332993,0.028530,-0.162705,-0.028215,-0.170184,0.151159,-0.028026,0.007136,-0.149676,0.004651,0.033427,0.358947,-0.222097,0.828139,1.532314,0.000000,0.000000,0.182008,-0.169840,0.151706,1.175337,0.147091,0.000000,0.000000
0.560262,0.009736,0.860177,0.004408,-0.030468,0.037032,0.998840,0.110183,-0.045504,-0.169024,0.223455,-0.338003,0.028402,-0.163098,-0.024121,-0.169428,0.107614,-0.011059,0.007509,-0.148988,0.004666,0.027928,0.360580,-0.223685,0.820439,1.532805,0.000000,0.000000,0.180501,-0.168416,0.152792,1.173923,0.147285,0.000000,0.000000
0.566782,0.008655,0.858291,0.004778,-0.029168,0.038425,0.998824,0.112199,-0.044598,-0.167788,0.227377,-0.342698,0.028451,-0.162916,-0.020726,-0.168708,0.067030,-0.002928,0.007613,-0.148348,0.004659,0.022369,0.362594,-0.225512,0.814920,1.532911,0.000000,0.000000,0.179142,-0.167178,0.152527,1.173547,0.145735,0.000000,0.000000
0.573336,0.007351,0.855977,0.004953,-0.028241,0.039595,0.998804,0.114489,-0.043178,-0.166271,0.231893,-0.348271,0.028594,-0.162303,-0.016860,-0.167154,0.030169,0.000420,0.007626,-0.147639,0.004641,0.015926,0.364604,-0.226618,0.806546,1.535688,0.000000,0.000000,0.177724,-0.166215,0.151834,1.173764,0.143218,0.000000,0.000000
0.579889,0.006047,0.853640,0.005130,-0.027499,0.039886,0.998813,0.117081,-0.041722,-0.164077,0.236898,-0.353325,0.028652,-0.161481,-0.012630,-0.165065,-0.002405,0.002567,0.007630,-0.146039,0.004631,0.008800,0.366300,-0.225797,0.790871,1.543252,0.000000,0.000000,0.176285,-0.164907,0.151201,1.173315,0.140418,0.000000,0.000000
0.586642,0.004852,0.852720,0.005470,-0.026623,0.039533,0.998849,0.118836,-0.040993,-0.162773,0.240262,-0.355732,0.028669,-0.160986,-0.010234,-0.162504,-0.017450,0.002180,0.007457,-0.145140,0.004565,0.008381,0.365286,-0.227236,0.788854,1.542010,0.000000,0.000000,0.175122,-0.163002,0.151527,1.173675,0.138678,0.000000,0.000000
0.593495,0.003902,0.853000,0.005915,-0.025759,0.039173,0.998883,0.120483,-0.040579,-0.161644,0.243407,-0.357946,0.028634,-0.160605,-0.008373,-0.159922,-0.017450,-0.000049,0.007291,-0.144369,0.004539,0.007925,0.364357,-0.228407,0.788422,1.540025,0.000000,0.000000,0.173737,-0.161736,0.152213,1.174853,0.136679,0.000000,0.000000
0.600489,0.003235,0.853369,0.006180,-0.025091,0.039093,0.998901,0.123949,-0.039995,-0.160383,0.250186,-0.362796,0.028645,-0.159708,-0.005249,-0.154085,-0.017450,-0.006851,0.006815,-0.142668,0.004457,0.006838,0.363324,-0.230489,0.788221,1.537439,0.000000,0.000000,0.171319,-0.160502,0.154368,1.177387,0.132826,0.000000,0.000000
0.607671,0.002692,0.853609,0.006395,-0.024726,0.038734,0.998923,0.127608,-0.039718,-0.159747,0.257433,-0.366973,0.028677,-0.158728,-0.002778,-0.148322,-0.017450,-0.014679,0.006279,-0.140674,0.004388,0.005979,0.362615,-0.231862,0.788537,1.537273,0.000000,0.000000,0.170016,-0.159835,0.156556,1.178504,0.129253,0.000000,0.000000
0.614947,0.002148,0.853726,0.006651,-0.024671,0.038304,0.998939,0.131020,-0.039571,-0.158831,0.264213,-0.369564,0.028648,-0.157903,-0.000599,-0.145900,-0.017450,-0.021054,0.006223,-0.138866,0.004346,0.005714,0.361609,-0.231870,0.788878,1.537863,0.000000,0.000000,0.169226,-0.158934,0.157360,1.179261,0.126974,0.000000,0.000000
0.622150,0.001623,0.853816,0.006785,-0.024587,0.037950,0.998954,0.133860,-0.039474,-0.158511,0.269893,-0.370769,0.028691,-0.157332,0.001413,-0.145384,-0.017450,-0.024834,0.006472,-0.137319,0.004294,0.005683,0.360956,-0.231502,0.788394,1.538847,0.000000,0.000000,0.168503,-0.158308,0.157455,1.180184,0.126437,0.000000,0.000000
0.629491,0.001220,0.853874,0.006586,-0.024460,0.037490,0.998976,0.137346,-0.039385,-0.159139,0.277006,-0.371220,0.028909,-0.156624,0.003945,-0.144120,-0.017450,-0.028941,0.006745,-0.135394,0.004246,0.005993,0.360440,-0.231065,0.787335,1.540251,0.000000,0.000000,0.167403,-0.157871,0.157598,1.181604,0.126481,0.000000,0.000000
0.637083,0.000985,0.853956,0.006450,-0.024389,0.037021,0.998996,0.140530,-0.039564,-0.160425,0.283579,-0.370751,0.029161,-0.155822,0.005872,-0.142630,-0.017450,-0.032012,0.006899,-0.134200,0.004199,0.007115,0.359684,-0.230505,0.786811,1.541048,0.000000,0.000000,0.165932,-0.157257,0.157533,1.183259,0.127232,0.000000,0.000000
0.644895,0.000832,0.854017,0.006619,-0.024739,0.036112,0.999020,0.144573,-0.040435,-0.162025,0.291851,-0.368942,0.029321,-0.154610,0.007616,-0.141056,-0.017450,-0.034752,0.007036,-0.133058,0.004147,0.009814,0.358446,-0.229010,0.787115,1.542458,0.000000,0.000000,0.164097,-0.156321,0.157044,1.185510,0.128418,0.000000,0.000000
0.652910,0.000556,0.854124,0.006899,-0.025358,0.035085,0.999039,0.149233,-0.041672,-0.163100,0.301319,-0.365472,0.029339,-0.152742,0.009076,-0.138470,-0.017450,-0.037004,0.007011,-0.131407,0.004054,0.013795,0.356441,-0.226397,0.788715,1.544599,0.000000,0.000000,0.162953,-0.155273,0.156589,1.188461,0.128228,0.000000,0.000000
0.660988,0.000283,0.854730,0.007178,-0.025571,0.034380,0.999056,0.153333,-0.042885,-0.163489,0.312346,-0.360965,0.029265,-0.150525,0.010022,-0.134348,-0.014957,-0.035998,0.006724,-0.129713,0.003968,0.018646,0.353122,-0.224121,0.790948,1.546541,0.000000,0.000000,0.162364,-0.153712,0.156308,1.191577,0.128134,0.000000,0.000000
0.668873,0.000260,0.856291,0.007633,-0.025651,0.033515,0.999080,0.156169,-0.044885,-0.163918,0.326927,-0.355324,0.028998,-0.148091,0.009861,-0.129995,-0.004353,-0.028966,0.006335,-0.127605,0.003854,0.024523,0.348927,-0.222777,0.793919,1.547790,0.000000,0.000000,0.161597,-0.151972,0.155291,1.193453,0.131026,0.000000,0.000000
0.676544,0.000500,0.857919,0.008178,-0.025964,0.032808,0.999091,0.157436,-0.047905,-0.165275,0.344265,-0.348222,0.028605,-0.145931,0.008373,-0.127286,0.008274,-0.016337,0.006062,-0.124897,0.003734,0.030267,0.344571,-0.222100,0.798611,1.548621,0.000000,0.000000,0.160820,-0.150768,0.153563,1.194569,0.134566,0.000000,0.000000
0.684030,0.001000,0.859300,0.008733,-0.026352,0.032319,0.999092,0.157362,-0.051591,-0.167223,0.363320,-0.339791,0.028116,-0.144211,0.005574,-0.125348,0.020037,-0.003511,0.005613,-0.122421,0.003637,0.035724,0.340095,-0.221552,0.804715,1.549143,0.000000,0.000000,0.160054,-0.150520,0.151866,1.195639,0.137652,0.000000,0.000000
0.691413,0.001427,0.860403,0.009373,-0.026940,0.032059,0.999079,0.156389,-0.055189,-0.169227,0.383541,-0.331159,0.027641,-0.142678,0.002136,-0.123254,0.031088,0.002084,0.004871,-0.120756,0.003549,0.041028,0.335611,-0.219891,0.811497,1.550213,0.000000,0.000000,0.159317,-0.150191,0.149320,1.196828,0.141405,0.000000,0.000000
0.698954,0.001541,0.861460,0.009892,-0.027760,0.032303,0.999044,0.154491,-0.058392,-0.171356,0.408179,-0.320632,0.027331,-0.140771,-0.001087,-0.121159,0.044042,0.000175,0.004108,-0.119713,0.003510,0.047266,0.330045,-0.217323,0.820743,1.553230,0.000000,0.000000,0.158777,-0.148896,0.145381,1.199954,0.144664,0.000000,0.000000
0.706650,0.001587,0.862461,0.010261,-0.028931,0.032857,0.998989,0.151690,-0.061169,-0.173440,0.436390,-0.307437,0.027159,-0.138221,-0.003905,-0.118598,0.058642,-0.006484,0.003291,-0.118934,0.003444,0.054941,0.323343,-0.216614,0.832938,1.555519,0.000000,0.000000,0.158696,-0.147775,0.141488,1.204381,0.147646,0.000000,0.000000
0.714420,0.001810,0.863426,0.010496,-0.030513,0.033808,0.998907,0.148054,-0.063914,-0.174934,0.467887,-0.288829,0.026892,-0.134866,-0.006943,-0.114024,0.074695,-0.013269,0.002070,-0.118311,0.003418,0.063782,0.316320,-0.218654,0.846905,1.554941,0.000000,0.000000,0.159672,-0.146636,0.138611,1.207808,0.152079,0.000000,0.000000
0.722197,0.002334,0.864347,0.010702,-0.032407,0.033982,0.998840,0.143657,-0.067531,-0.174358,0.501911,-0.263584,0.025962,-0.130747,-0.010188,-0.107740,0.091313,-0.017564,0.000527,-0.117165,0.003390,0.072268,0.310240,-0.219538,0.860713,1.554641,0.000000,0.000000,0.161657,-0.145682,0.137460,1.210015,0.157100,0.000000,0.000000
0.729935,0.003092,0.865187,0.011232,-0.034595,0.032530,0.998809,0.138542,-0.072546,-0.170907,0.537581,-0.233933,0.024006,-0.125846,-0.013828,-0.101623,0.106640,-0.022851,-0.001110,-0.114419,0.003292,0.080505,0.304663,-0.216587,0.874566,1.556630,0.000000,0.000000,0.163609,-0.146076,0.137286,1.212080,0.160878,0.000000,0.000000
0.737005,0.004294,0.865952,0.012315,-0.036975,0.031196,0.998753,0.130765,-0.078684,-0.164606,0.577577,-0.195810,0.021071,-0.120476,-0.019085,-0.096477,0.119989,-0.032144,-0.003050,-0.111492,0.003149,0.089844,0.297624,-0.212819,0.890503,1.558968,0.000000,0.000000,0.165708,-0.147701,0.137072,1.214760,0.163728,0.000000,0.000000
0.744516,0.005695,0.866545,0.012924,-0.039470,0.030866,0.998660,0.122858,-0.083697,-0.158411,0.616569,-0.151984,0.018384,-0.114470,-0.024109,-0.093075,0.132669,-0.043031,-0.004699,-0.108994,0.003058,0.099869,0.290729,-0.213214,0.906976,1.558467,0.000000,0.000000,0.169250,-0.148276,0.137263,1.217021,0.168373,0.000000,0.000000
0.752192,0.007252,0.867053,0.013443,-0.042307,0.030853,0.998538,0.114854,-0.088308,-0.152222,0.655570,-0.102787,0.015713,-0.107447,-0.028914,-0.090744,0.145182,-0.054763,-0.006158,-0.105654,0.002977,0.109413,0.283702,-0.217894,0.924915,1.556650,0.000000,0.000000,0.174248,-0.148341,0.137588,1.217696,0.175573,0.000000,0.000000
0.759978,0.008894,0.867581,0.014387,-0.045097,0.030171,0.998423,0.106900,-0.093663,-0.146149,0.692563,-0.050604,0.012734,-0.100075,-0.033911,-0.088397,0.155823,-0.065809,-0.007700,-0.099815,0.002815,0.118187,0.276726,-0.224200,0.941543,1.554136,0.000000,0.000000,0.179712,-0.149418,0.136987,1.216619,0.182672,0.000000,0.000000
0.767994,0.010398,0.868109,0.015489,-0.048101,0.028937,0.998303,0.099137,-0.099663,-0.142017,0.728295,0.002409,0.009877,-0.091955,-0.038670,-0.085047,0.165243,-0.073844,-0.009371,-0.092240,0.002594,0.127693,0.269304,-0.231100,0.956276,1.547923,0.000000,0.000000,0.185977,-0.151644,0.136622,1.215648,0.189497,0.000000,0.000000
0.776305,0.012108,0.868622,0.016620,-0.051434,0.028082,0.998143,0.091766,-0.106990,-0.141660,0.762629,0.052168,0.007334,-0.082702,-0.043731,-0.081819,0.173652,-0.078930,-0.011120,-0.084592,0.002403,0.138173,0.261945,-0.239813,0.970111,1.540594,0.000000,0.000000,0.192348,-0.153732,0.136715,1.215677,0.196019,0.000000,0.000000
0.785342,0.013818,0.869150,0.017858,-0.054556,0.026467,0.998000,0.085836,-0.115540,-0.143904,0.792405,0.090647,0.004968,-0.073311,-0.049021,-0.078977,0.181348,-0.084383,-0.012899,-0.076181,0.002184,0.149677,0.256819,-0.248965,0.981099,1.538438,0.000000,0.000000,0.198110,-0.155956,0.137288,1.215001,0.201074,0.000000,0.000000
0.794303,0.014842,0.869707,0.019363,-0.057990,0.025420,0.997806,0.079514,-0.122378,-0.145057,0.822216,0.120281,0.003036,-0.062735,-0.053953,-0.076672,0.187358,-0.090830,-0.014531,-0.067476,0.001946,0.160720,0.252426,-0.258372,0.992561,1.538445,0.000000,0.000000,0.204917,-0.159328,0.137005,1.212577,0.203335,0.000000,0.000000
0.803273,0.014731,0.870206,0.020472,-0.061473,0.026255,0.997553,0.072228,-0.124388,-0.144262,0.854211,0.141126,0.002326,-0.050712,-0.056787,-0.076304,0.192366,-0.098204,-0.015349,-0.059930,0.001761,0.170691,0.247823,-0.267146,1.006545,1.539512,0.000000,0.000000,0.212615,-0.161334,0.135338,1.208242,0.202179,0.000000,0.000000
0.812348,0.013609,0.870725,0.021570,-0.064839,0.025878,0.997327,0.064587,-0.123566,-0.140614,0.886224,0.149801,0.002057,-0.038477,-0.057489,-0.075068,0.195627,-0.106389,-0.015796,-0.053244,0.001576,0.180596,0.242777,-0.272484,1.020363,1.543226,0.000000,0.000000,0.219777,-0.163103,0.137457,1.203782,0.199014,0.000000,0.000000
0.821206,0.012301,0.871207,0.022709,-0.068366,0.025362,0.997079,0.056363,-0.121135,-0.133585,0.918365,0.144042,0.001758,-0.026150,-0.057949,-0.073679,0.197845,-0.115072,-0.016220,-0.046519,0.001350,0.190426,0.237676,-0.277513,1.031993,1.547521,0.000000,0.000000,0.225642,-0.166414,0.142962,1.201869,0.192744,0.000000,0.000000
0.829515,0.010572,0.871650,0.023883,-0.072088,0.024555,0.996810,0.046962,-0.116050,-0.120666,0.951784,0.124365,0.001265,-0.013870,-0.058259,-0.073416,0.200336,-0.122392,-0.016431,-0.039781,0.001147,0.200628,0.232391,-0.280060,1.041742,1.553190,0.000000,0.000000,0.230192,-0.171574,0.148751,1.203130,0.183637,0.000000,0.000000
0.837037,0.007916,0.872077,0.025086,-0.075560,0.023976,0.996537,0.035471,-0.106758,-0.101863,0.987209,0.093089,0.000991,-0.002125,-0.057421,-0.074122,0.202691,-0.127933,-0.016198,-0.033358,0.001013,0.211361,0.226790,-0.279104,1.050650,1.562407,0.000000,0.000000,0.234738,-0.176678,0.152381,1.202418,0.175013,0.000000,0.000000
0.843617,0.004603,0.872510,0.026644,-0.078795,0.023409,0.996260,0.022136,-0.095273,-0.081251,1.023166,0.054256,0.000975,0.008121,-0.056176,-0.075486,0.204789,-0.131605,-0.015748,-0.027154,0.000904,0.221668,0.221126,-0.278227,1.059495,1.568750,0.000000,0.000000,0.237946,-0.180128,0.154426,1.198317,0.168244,0.000000,0.000000
0.849270,0.000893,0.872912,0.028399,-0.081910,0.022407,0.995983,0.006541,-0.082417,-0.059551,1.061583,0.009803,0.001051,0.017112,-0.054707,-0.076433,0.207318,-0.134394,-0.015305,-0.019937,0.000703,0.231095,0.215716,-0.277737,1.069237,1.570006,0.000000,0.000000,0.238742,-0.183654,0.155632,1.197426,0.161008,0.000000,0.000000
0.854081,-0.002651,0.873201,0.030059,-0.084825,0.021290,0.995715,-0.010504,-0.070338,-0.039174,1.099826,-0.034675,0.000984,0.024281,-0.053254,-0.076056,0.210585,-0.136811,-0.015065,-0.011799,0.000503,0.238270,0.210695,-0.275857,1.079731,1.570159,0.000000,0.000000,0.238016,-0.186475,0.157671,1.200411,0.155156,0.000000,0.000000
0.858193,-0.005653,0.873421,0.031726,-0.087481,0.019921,0.995462,-0.028452,-0.060908,-0.021541,1.136237,-0.075696,0.000513,0.029718,-0.052578,-0.074965,0.214713,-0.139037,-0.015132,-0.003197,0.000273,0.244177,0.205605,-0.272746,1.090885,1.570104,0.000000,0.000000,0.236851,-0.188114,0.160155,1.203578,0.151516,0.000000,0.000000
0.861730,-0.008622,0.873569,0.033300,-0.089937,0.018455,0.995220,-0.048037,-0.052206,-0.005192,1.172357,-0.116465,-0.000062,0.034073,-0.051841,-0.073672,0.219268,-0.142006,-0.015201,0.005455,0.000044,0.250406,0.200320,-0.269491,1.102075,1.570021,0.000000,0.000000,0.235555,-0.188455,0.161290,1.206433,0.150102,0.000000,0.000000
0.864944,-0.011127,0.873650,0.034681,-0.092161,0.017243,0.994991,-0.068403,-0.045392,0.007962,1.206413,-0.153265,-0.000682,0.037540,-0.051223,-0.073272,0.223758,-0.145337,-0.015142,0.013431,-0.000179,0.256392,0.197246,-0.266874,1.110165,1.569956,0.000000,0.000000,0.234317,-0.189320,0.161370,1.208274,0.151015,0.000000,0.000000
0.865843,-0.012078,0.873594,0.035709,-0.093849,0.016129,0.994815,-0.094216,-0.042528,0.018357,1.244636,-0.184636,-0.001996,0.038030,-0.051836,-0.072771,0.229500,-0.147346,-0.015419,0.022148,-0.000478,0.261835,0.198231,-0.263213,1.112690,1.569932,0.000000,0.000000,0.231546,-0.197238,0.161845,1.208887,0.147248,0.000000,0.000000
0.867747,-0.012765,0.873531,0.037246,-0.096150,0.014604,0.994562,-0.118931,-0.042134,0.027543,1.278219,-0.206893,-0.003878,0.038540,-0.053828,-0.071412,0.237992,-0.150102,-0.016203,0.031648,-0.000759,0.268824,0.195905,-0.256956,1.114333,1.569887,0.000000,0.000000,0.230074,-0.199099,0.165049,1.209056,0.147831,0.000000,0.000000
0.870189,-0.013267,0.873400,0.038442,-0.098814,0.012760,0.994281,-0.142203,-0.041912,0.036896,1.307812,-0.228020,-0.005926,0.040026,-0.055762,-0.069133,0.246820,-0.153092,-0.017128,0.041213,-0.001075,0.277959,0.193336,-0.251626,1.118870,1.569833,0.000000,0.000000,0.228788,-0.205505,0.166067,1.210296,0.149980,0.000000,0.000000
0.873061,-0.013372,0.873382,0.039875,-0.101539,0.010765,0.993974,-0.164257,-0.043410,0.045927,1.333509,-0.250148,-0.008485,0.042555,-0.058526,-0.067083,0.254471,-0.156129,-0.018255,0.051368,-0.001319,0.287440,0.188858,-0.248171,1.126622,1.569756,0.000000,0.000000,0.229651,-0.206877,0.167652,1.212968,0.159020,0.000000,0.000000
0.876414,-0.013302,0.873421,0.041045,-0.103672,0.008536,0.993728,-0.185817,-0.045564,0.054995,1.355416,-0.273752,-0.011305,0.045539,-0.061022,-0.065039,0.260319,-0.159394,-0.019306,0.062249,-0.001645,0.296731,0.186167,-0.241957,1.132305,1.569699,0.000000,0.000000,0.230390,-0.212759,0.165260,1.212976,0.164568,0.000000,0.000000
0.880216,-0.013005,0.873461,0.042227,-0.106324,0.005850,0.993417,-0.206585,-0.048727,0.063704,1.374531,-0.296645,-0.014391,0.049523,-0.063727,-0.063444,0.266345,-0.162162,-0.020360,0.073489,-0.001950,0.306507,0.183143,-0.233987,1.135375,1.569640,0.000000,0.000000,0.232122,-0.218569,0.162782,1.208761,0.169891,0.000000,0.000000
0.884720,-0.012258,0.873529,0.043405,-0.109269,0.002973,0.993060,-0.225834,-0.053115,0.071742,1.390016,-0.317265,-0.017703,0.054619,-0.067151,-0.062897,0.272176,-0.164839,-0.021451,0.084652,-0.002257,0.316347,0.180252,-0.227610,1.136055,1.567894,0.000000,0.000000,0.235876,-0.222075,0.164198,1.200547,0.176794,0.000000,0.000000
0.889870,-0.012108,0.873641,0.043624,-0.110871,-0.000647,0.992877,-0.246375,-0.055840,0.092559,1.402074,-0.345241,-0.023839,0.060534,-0.067234,-0.048662,0.274833,-0.164703,-0.023978,0.097811,-0.002621,0.334581,0.174418,-0.212048,1.123867,1.569181,0.000000,0.000000,0.250617,-0.224134,0.163983,1.175915,0.167810,0.000000,0.000000
0.895010,-0.011804,0.873720,0.044667,-0.114612,-0.004863,0.992394,-0.263281,-0.058610,0.105321,1.413022,-0.365809,-0.027931,0.067031,-0.068962,-0.040761,0.279737,-0.167417,-0.025913,0.110412,-0.002968,0.350085,0.174284,-0.205239,1.117518,1.569356,0.000000,0.000000,0.259647,-0.227449,0.164194,1.165079,0.161079,0.000000,0.000000
0.900356,-0.011467,0.873762,0.045761,-0.118066,-0.008177,0.991917,-0.279353,-0.061875,0.114670,1.421448,-0.382888,-0.031333,0.073359,-0.071116,-0.036725,0.285265,-0.170934,-0.027310,0.120647,-0.003203,0.362363,0.173745,-0.199933,1.114896,1.569355,0.000000,0.000000,0.264254,-0.224975,0.160061,1.160179,0.166138,0.000000,0.000000
0.905593,-0.011213,0.873738,0.046853,-0.121899,-0.011907,0.991364,-0.296140,-0.064752,0.123735,1.428026,-0.398890,-0.034568,0.080122,-0.073905,-0.035699,0.292190,-0.174330,-0.028394,0.132111,-0.003605,0.374235,0.173768,-0.196237,1.113622,1.569327,0.000000,0.000000,0.268003,-0.224904,0.158414,1.156172,0.172434,0.000000,0.000000
0.910946,-0.010967,0.873713,0.048099,-0.125538,-0.015969,0.990793,-0.313700,-0.067609,0.132580,1.431287,-0.414462,-0.037724,0.087083,-0.077324,-0.035827,0.299902,-0.177108,-0.029474,0.145258,-0.004058,0.386707,0.174784,-0.193864,1.111572,1.569295,0.000000,0.000000,0.272516,-0.229049,0.162662,1.152312,0.172968,0.000000,0.000000
0.916509,-0.010816,0.873664,0.049270,-0.128841,-0.019817,0.990242,-0.330592,-0.069930,0.140221,1.430646,-0.430365,-0.040364,0.093725,-0.080481,-0.035245,0.307357,-0.180035,-0.030606,0.157409,-0.004416,0.399549,0.175486,-0.192841,1.108007,1.569251,0.000000,0.000000,0.278179,-0.232098,0.170481,1.147411,0.172473,0.000000,0.000000
0.922150,-0.011046,0.873428,0.049759,-0.132389,-0.023370,0.989672,-0.346788,-0.069498,0.146713,1.427479,-0.448411,-0.041833,0.100516,-0.082297,-0.033725,0.315151,-0.184086,-0.031520,0.168470,-0.004759,0.411969,0.176101,-0.191636,1.104757,1.569206,0.000000,0.000000,0.283877,-0.234944,0.178327,1.140293,0.171163,0.000000,0.000000
0.928000,-0.011459,0.872897,0.049101,-0.136295,-0.026175,0.989105,-0.361576,-0.065995,0.150877,1.423330,-0.464708,-0.041768,0.107480,-0.082063,-0.032701,0.323336,-0.189339,-0.031769,0.177496,-0.004997,0.423153,0.178792,-0.187704,1.103086,1.569202,0.000000,0.000000,0.288951,-0.237713,0.183547,1.131878,0.166953,0.000000,0.000000
0.934075,-0.011765,0.872258,0.048215,-0.140158,-0.028858,0.988533,-0.376038,-0.061697,0.154369,1.417364,-0.477580,-0.041358,0.114893,-0.081230,-0.033078,0.331980,-0.195257,-0.031614,0.185132,-0.005236,0.434729,0.183150,-0.182008,1.101208,1.569225,0.000000,0.000000,0.293604,-0.239906,0.187679,1.123084,0.159125,0.000000,0.000000
0.940341,-0.012074,0.871710,0.047567,-0.143609,-0.031674,0.987983,-0.389507,-0.057588,0.157242,1.408868,-0.488736,-0.040833,0.122137,-0.080516,-0.034033,0.339499,-0.199262,-0.031390,0.191224,-0.005440,0.446387,0.186629,-0.177187,1.098865,1.569236,0.000000,0.000000,0.297097,-0.240337,0.191485,1.116997,0.155113,0.000000,0.000000
0.946871,-0.012350,0.871339,0.047482,-0.146470,-0.034646,0.987467,-0.402930,-0.053776,0.159674,1.397360,-0.497989,-0.040230,0.129668,-0.080570,-0.034576,0.345599,-0.201892,-0.031465,0.197706,-0.005701,0.458082,0.189272,-0.172849,1.095930,1.569239,0.000000,0.000000,0.300243,-0.240155,0.195627,1.112670,0.156774,0.000000,0.000000
0.953366,-0.012606,0.871052,0.047674,-0.149319,-0.037892,0.986912,-0.415725,-0.050012,0.161990,1.382454,-0.504432,-0.039543,0.137278,-0.081520,-0.034958,0.351175,-0.204134,-0.031834,0.205538,-0.006003,0.468532,0.191456,-0.168339,1.092643,1.569242,0.000000,0.000000,0.303039,-0.240564,0.200555,1.106927,0.155828,0.000000,0.000000
0.959607,-0.013012,0.870658,0.047764,-0.152477,-0.041691,0.986271,-0.428187,-0.045176,0.165053,1.363486,-0.511346,-0.038674,0.145034,-0.082870,-0.036461,0.357953,-0.205860,-0.032138,0.214680,-0.006373,0.478729,0.193616,-0.164771,1.090776,1.569234,0.000000,0.000000,0.305674,-0.241664,0.206916,1.099377,0.150200,0.000000,0.000000
0.965996,-0.013361,0.870281,0.047995,-0.155226,-0.045189,0.985677,-0.438636,-0.040891,0.167718,1.343812,-0.517616,-0.037788,0.151876,-0.084393,-0.038357,0.364380,-0.207155,-0.032412,0.222773,-0.006635,0.487853,0.196065,-0.160066,1.090591,1.569243,0.000000,0.000000,0.307887,-0.242122,0.211443,1.093193,0.146058,0.000000,0.000000
0.972509,-0.013628,0.869919,0.048390,-0.157403,-0.048262,0.985167,-0.448350,-0.036902,0.170142,1.321790,-0.522959,-0.036821,0.158447,-0.086222,-0.039694,0.370330,-0.209307,-0.032859,0.230529,-0.006935,0.496733,0.198170,-0.153906,1.090122,1.569256,0.000000,0.000000,0.309641,-0.242663,0.214404,1.087537,0.143571,0.000000,0.000000
0.978887,-0.013899,0.869523,0.048601,-0.159427,-0.051357,0.984674,-0.457171,-0.032649,0.172761,1.297984,-0.525985,-0.035773,0.164735,-0.087845,-0.039648,0.376022,-0.212560,-0.033474,0.237790,-0.007226,0.505609,0.199049,-0.149182,1.088949,1.569245,0.000000,0.000000,0.310627,-0.244102,0.217367,1.082576,0.140542,0.000000,0.000000
0.985316,-0.013654,0.869122,0.048758,-0.161331,-0.054048,0.984212,-0.464673,-0.030146,0.174146,1.273565,-0.526061,-0.034861,0.170490,-0.089512,-0.037873,0.381472,-0.215209,-0.034393,0.243615,-0.007410,0.513882,0.199666,-0.142735,1.087103,1.569245,0.000000,0.000000,0.310559,-0.244564,0.218500,1.078589,0.136492,0.000000,0.000000
0.991653,-0.013083,0.868676,0.048773,-0.163022,-0.056862,0.983774,-0.471459,-0.028590,0.174895,1.246308,-0.524022,-0.033940,0.176138,-0.091424,-0.035243,0.386893,-0.217126,-0.035557,0.249654,-0.007627,0.521754,0.199706,-0.137712,1.085041,1.569230,0.000000,0.000000,0.309932,-0.245842,0.220950,1.074305,0.133619,0.000000,0.000000
0.997870,-0.012646,0.868197,0.048894,-0.164492,-0.059715,0.983354,-0.477136,-0.027002,0.175760,1.217549,-0.519085,-0.033010,0.181345,-0.093440,-0.032158,0.392561,-0.218394,-0.036849,0.256263,-0.007900,0.528906,0.199714,-0.134424,1.083900,1.569210,0.000000,0.000000,0.308848,-0.249129,0.225844,1.069120,0.133143,0.000000,0.000000
1.004113,-0.012447,0.867761,0.049835,-0.165572,-0.062709,0.982939,-0.481880,-0.025438,0.176666,1.187811,-0.512659,-0.032081,0.185893,-0.096377,-0.028716,0.398880,-0.219362,-0.038489,0.262410,-0.008048,0.536004,0.200168,-0.127948,1.082595,1.569213,0.000000,0.000000,0.307381,-0.252447,0.230285,1.062990,0.132855,0.000000,0.000000
1.010136,-0.012524,0.867304,0.050897,-0.166455,-0.065878,0.982529,-0.485605,-0.023326,0.178011,1.159479,-0.507110,-0.031153,0.189442,-0.099249,-0.025149,0.405531,-0.220914,-0.040123,0.266987,-0.008207,0.542840,0.198791,-0.122808,1.080431,1.569192,0.000000,0.000000,0.305831,-0.254295,0.233818,1.058265,0.132547,0.000000,0.000000
1.015985,-0.012398,0.866618,0.051501,-0.167304,-0.068138,0.982199,-0.488786,-0.021493,0.179188,1.129777,-0.500585,-0.030224,0.192682,-0.101397,-0.020595,0.413192,-0.223303,-0.041707,0.270663,-0.008357,0.549772,0.196772,-0.119584,1.077814,1.569153,0.000000,0.000000,0.303727,-0.255875,0.236617,1.054285,0.132765,0.000000,0.000000
1.021686,-0.012042,0.865815,0.052041,-0.168095,-0.070152,0.981893,-0.491252,-0.020399,0.179908,1.099277,-0.491882,-0.029369,0.195674,-0.103430,-0.016242,0.421456,-0.225784,-0.043235,0.274125,-0.008457,0.556284,0.195584,-0.116839,1.075690,1.569118,0.000000,0.000000,0.301476,-0.258683,0.238848,1.049872,0.133048,0.000000,0.000000
1.027259,-0.011931,0.865014,0.052698,-0.168510,-0.072284,0.981632,-0.492878,-0.019355,0.180649,1.070395,-0.482149,-0.028603,0.198042,-0.105269,-0.012642,0.429309,-0.227049,-0.044576,0.277116,-0.008564,0.561205,0.194132,-0.114259,1.074264,1.569099,0.000000,0.000000,0.299896,-0.261433,0.241169,1.045229,0.133618,0.000000,0.000000
1.032828,-0.011847,0.864108,0.053401,-0.168433,-0.074158,0.981468,-0.493997,-0.018433,0.181346,1.039823,-0.470724,-0.027861,0.199955,-0.106936,-0.008043,0.437344,-0.227864,-0.046040,0.279816,-0.008655,0.565301,0.192324,-0.112621,1.072574,1.569065,0.000000,0.000000,0.297942,-0.265148,0.243647,1.039309,0.134252,0.000000,0.000000
1.038419,-0.011477,0.863160,0.054186,-0.168273,-0.075748,0.981331,-0.494448,-0.018232,0.181599,1.009048,-0.456262,-0.027229,0.201448,-0.108883,-0.002884,0.445620,-0.229322,-0.047689,0.282345,-0.008729,0.568986,0.191325,-0.112495,1.070596,1.569039,0.000000,0.000000,0.295261,-0.270336,0.245491,1.033202,0.133911,0.000000,0.000000
1.043929,-0.011116,0.862265,0.055344,-0.168168,-0.076968,0.981189,-0.494219,-0.018835,0.181308,0.981527,-0.439253,-0.026837,0.202594,-0.111045,0.001763,0.453833,-0.230556,-0.049318,0.284208,-0.008758,0.571733,0.190202,-0.113886,1.068882,1.569001,0.000000,0.000000,0.292893,-0.273871,0.246808,1.029439,0.133886,0.000000,0.000000
1.049334,-0.010867,0.861329,0.056580,-0.167852,-0.078187,0.981076,-0.493717,-0.019669,0.180858,0.956371,-0.420069,-0.026613,0.203371,-0.113305,0.005531,0.462025,-0.230891,-0.050816,0.285640,-0.008819,0.574110,0.188425,-0.115608,1.066853,1.568959,0.000000,0.000000,0.291063,-0.276252,0.247928,1.027007,0.134517,0.000000,0.000000
1.054608,-0.010581,0.860047,0.057507,-0.167370,-0.079490,0.981000,-0.492674,-0.020549,0.180423,0.926404,-0.394528,-0.026440,0.203846,-0.116124,0.009182,0.472047,-0.230653,-0.052503,0.287750,-0.008843,0.577010,0.186989,-0.117186,1.064270,1.568923,0.000000,0.000000,0.289450,-0.279985,0.249696,1.022887,0.135590,0.000000,0.000000
1.059729,-0.010354,0.858909,0.058458,-0.167006,-0.080714,0.980906,-0.491237,-0.021221,0.180123,0.900360,-0.371283,-0.026370,0.203929,-0.118585,0.012249,0.481072,-0.230913,-0.053947,0.289480,-0.008840,0.579246,0.186357,-0.118981,1.062722,1.568892,0.000000,0.000000,0.288037,-0.282842,0.250940,1.018743,0.137880,0.000000,0.000000
1.064774,-0.009931,0.857601,0.059061,-0.166800,-0.081624,0.980830,-0.489291,-0.021814,0.179237,0.873890,-0.347195,-0.026178,0.203825,-0.121091,0.015083,0.490919,-0.231709,-0.055364,0.290590,-0.008826,0.581101,0.185169,-0.121585,1.061545,1.568858,0.000000,0.000000,0.286271,-0.283839,0.251129,1.014966,0.142423,0.000000,0.000000
1.069730,-0.009439,0.856019,0.058864,-0.166322,-0.081769,0.980911,-0.487052,-0.021904,0.177005,0.847430,-0.323627,-0.025540,0.203448,-0.122573,0.018173,0.501028,-0.232340,-0.056499,0.291161,-0.008817,0.582162,0.184332,-0.124732,1.060505,1.568831,0.000000,0.000000,0.284748,-0.285013,0.251552,1.011160,0.145731,0.000000,0.000000
1.074609,-0.009005,0.854327,0.058452,-0.165650,-0.081429,0.981077,-0.484674,-0.021537,0.173468,0.821376,-0.302392,-0.024498,0.202807,-0.122695,0.022436,0.511055,-0.233083,-0.057418,0.291319,-0.008816,0.582297,0.184552,-0.127995,1.059747,1.568811,0.000000,0.000000,0.283376,-0.287611,0.252968,1.007842,0.145511,0.000000,0.000000
1.079544,-0.008409,0.852518,0.058012,-0.165054,-0.080948,0.981244,-0.482279,-0.020881,0.168488,0.796313,-0.285003,-0.023032,0.202009,-0.122322,0.026689,0.521687,-0.234437,-0.058183,0.290927,-0.008778,0.582068,0.184885,-0.130180,1.059060,1.568801,0.000000,0.000000,0.281588,-0.289700,0.254449,1.005791,0.144810,0.000000,0.000000
1.084528,-0.007703,0.850251,0.057557,-0.164371,-0.080103,0.981455,-0.479686,-0.020150,0.161659,0.769317,-0.271440,-0.021077,0.200944,-0.121732,0.030369,0.534780,-0.236187,-0.058810,0.289734,-0.008698,0.581715,0.184863,-0.131790,1.058431,1.568793,0.000000,0.000000,0.279043,-0.290691,0.255116,1.004194,0.145912,0.000000,0.000000
1.089522,-0.006795,0.847868,0.057070,-0.163640,-0.079229,0.981676,-0.477459,-0.019778,0.154349,0.745220,-0.264363,-0.019079,0.199661,-0.121120,0.033300,0.548152,-0.237690,-0.059289,0.288262,-0.008645,0.581334,0.184392,-0.133753,1.057854,1.568784,0.000000,0.000000,0.277557,-0.291512,0.254762,1.001240,0.146220,0.000000,0.000000
1.094499,-0.005832,0.845512,0.056797,-0.163094,-0.078947,0.981805,-0.475264,-0.019819,0.147206,0.724312,-0.261123,-0.017211,0.198275,-0.121035,0.035756,0.561578,-0.239070,-0.059844,0.287115,-0.008611,0.580903,0.184394,-0.136597,1.056742,1.568769,0.000000,0.000000,0.276844,-0.292522,0.255319,0.999222,0.145870,0.000000,0.000000
1.099537,-0.005053,0.843326,0.056585,-0.162466,-0.078768,0.981936,-0.473520,-0.019939,0.141140,0.708080,-0.260042,-0.015657,0.196981,-0.121133,0.037745,0.573532,-0.239943,-0.060349,0.286518,-0.008559,0.580537,0.184861,-0.139028,1.055302,1.568764,0.000000,0.000000,0.276783,-0.293005,0.256501,0.997305,0.145839,0.000000,0.000000
1.104565,-0.004467,0.840985,0.056419,-0.161938,-0.078376,0.982064,-0.471685,-0.019889,0.135229,0.693144,-0.259703,-0.014119,0.195658,-0.121125,0.039779,0.586181,-0.240323,-0.060835,0.286123,-0.008531,0.580267,0.185566,-0.140932,1.054091,1.568763,0.000000,0.000000,0.276848,-0.293447,0.257125,0.994758,0.145321,0.000000,0.000000
1.109650,-0.003937,0.838819,0.056285,-0.161372,-0.077987,0.982196,-0.470185,-0.019751,0.130558,0.681590,-0.258971,-0.012901,0.194503,-0.120932,0.041843,0.597447,-0.240828,-0.061251,0.285580,-0.008516,0.580242,0.185922,-0.142719,1.052947,1.568759,0.000000,0.000000,0.276764,-0.293138,0.257872,0.991261,0.144415,0.000000,0.000000
1.114893,-0.003245,0.836359,0.056085,-0.160549,-0.077214,0.982403,-0.468743,-0.019878,0.125874,0.670788,-0.257000,-0.011796,0.193263,-0.120494,0.044521,0.609566,-0.241827,-0.061693,0.284678,-0.008459,0.580239,0.185705,-0.144628,1.051091,1.568747,0.000000,0.000000,0.277022,-0.291099,0.258951,0.986727,0.143734,0.000000,0.000000
1.120142,-0.002261,0.833727,0.055749,-0.159738,-0.076336,0.982623,-0.467481,-0.020470,0.121144,0.661130,-0.254004,-0.010840,0.192029,-0.120069,0.047443,0.622151,-0.243280,-0.062185,0.283836,-0.008413,0.580189,0.185357,-0.146341,1.048847,1.568736,0.000000,0.000000,0.277870,-0.288588,0.259821,0.982487,0.143556,0.000000,0.000000
1.125319,-0.001328,0.831448,0.055418,-0.159139,-0.075918,0.982772,-0.466451,-0.021041,0.117340,0.654569,-0.250759,-0.010125,0.191043,-0.119882,0.049698,0.632891,-0.244741,-0.062619,0.283400,-0.008415,0.580137,0.185149,-0.148522,1.046976,1.568724,0.000000,0.000000,0.278762,-0.287212,0.260322,0.979832,0.143238,0.000000,0.000000
1.130473,-0.000663,0.829030,0.055156,-0.158639,-0.075320,0.982913,-0.465340,-0.021616,0.112526,0.648345,-0.245788,-0.009238,0.190042,-0.119675,0.051960,0.646565,-0.246540,-0.063075,0.283234,-0.008452,0.579616,0.185155,-0.152260,1.044669,1.568706,0.000000,0.000000,0.279980,-0.286049,0.260590,0.977567,0.142228,0.000000,0.000000
1.135678,-0.000063,0.827328,0.054800,-0.157889,-0.074387,0.983125,-0.464668,-0.022189,0.108728,0.644911,-0.241628,-0.008605,0.189442,-0.119427,0.053148,0.657247,-0.247848,-0.063305,0.283471,-0.008458,0.578673,0.185967,-0.155086,1.042430,1.568700,0.000000,0.000000,0.281131,-0.285646,0.260770,0.975764,0.141647,0.000000,0.000000
1.141087,0.000431,0.825838,0.054363,-0.156804,-0.073569,0.983384,-0.464318,-0.022872,0.106352,0.643560,-0.238513,-0.008320,0.189148,-0.119117,0.053904,0.665060,-0.248839,-0.063410,0.283633,-0.008476,0.577904,0.187090,-0.157193,1.040247,1.568699,0.000000,0.000000,0.282052,-0.285635,0.261093,0.974100,0.141586,0.000000,0.000000
1.146626,0.000780,0.824393,0.053944,-0.155719,-0.072544,0.983656,-0.463957,-0.024395,0.103866,0.644679,-0.232040,-0.008313,0.188882,-0.118267,0.055303,0.677122,-0.250941,-0.063489,0.283430,-0.008492,0.577026,0.189383,-0.161066,1.036182,1.568699,0.000000,0.000000,0.283635,-0.285251,0.261451,0.971055,0.142013,0.000000,0.000000
1.152161,0.000922,0.823257,0.053763,-0.154824,-0.071691,0.983870,-0.463875,-0.026110,0.102882,0.650927,-0.221752,-0.008791,0.188876,-0.117226,0.056904,0.689362,-0.253723,-0.063542,0.282806,-0.008490,0.576358,0.192139,-0.165134,1.031495,1.568705,0.000000,0.000000,0.285562,-0.284234,0.260992,0.967566,0.142728,0.000000,0.000000
1.157535,0.001158,0.822406,0.053777,-0.154074,-0.070994,0.984037,-0.464543,-0.027670,0.102637,0.662133,-0.209024,-0.009498,0.189153,-0.116396,0.058667,0.701202,-0.256821,-0.063685,0.282528,-0.008476,0.575583,0.194910,-0.168022,1.026763,1.568724,0.000000,0.000000,0.288076,-0.283606,0.259952,0.963903,0.143233,0.000000,0.000000
1.162795,0.001456,0.821606,0.053909,-0.153267,-0.070258,0.984209,-0.465963,-0.028779,0.102716,0.674020,-0.199838,-0.010123,0.189515,-0.115834,0.060680,0.710105,-0.259501,-0.063930,0.282854,-0.008526,0.574889,0.196972,-0.169585,1.023416,1.568747,0.000000,0.000000,0.290655,-0.283871,0.259585,0.961198,0.142612,0.000000,0.000000
1.168089,0.001477,0.820622,0.054201,-0.152277,-0.069693,0.984387,-0.467944,-0.029496,0.103611,0.685994,-0.194992,-0.010791,0.189851,-0.115302,0.062775,0.717228,-0.261501,-0.064192,0.283236,-0.008561,0.574193,0.198949,-0.171531,1.020386,1.568753,0.000000,0.000000,0.293255,-0.284040,0.260144,0.959019,0.141079,0.000000,0.000000
1.173495,0.001488,0.819570,0.054496,-0.151090,-0.069569,0.984562,-0.470594,-0.030018,0.105337,0.699743,-0.193907,-0.011580,0.190343,-0.114858,0.064746,0.724015,-0.262920,-0.064461,0.283981,-0.008598,0.573124,0.201124,-0.173956,1.016840,1.568761,0.000000,0.000000,0.296186,-0.283764,0.261385,0.956629,0.139040,0.000000,0.000000
1.179156,0.002003,0.818744,0.054612,-0.149460,-0.070081,0.984768,-0.473717,-0.030635,0.107422,0.714546,-0.196307,-0.012427,0.190868,-0.114755,0.066811,0.730006,-0.264093,-0.064848,0.285592,-0.008628,0.571748,0.203036,-0.175610,1.012980,1.568779,0.000000,0.000000,0.299229,-0.283386,0.263229,0.954364,0.136903,0.000000,0.000000
1.185099,0.002863,0.818101,0.054853,-0.147388,-0.070931,0.985006,-0.476449,-0.031450,0.109040,0.727292,-0.200064,-0.013143,0.191281,-0.115041,0.068912,0.734188,-0.265129,-0.065357,0.287646,-0.008688,0.570546,0.204535,-0.175631,1.009668,1.568798,0.000000,0.000000,0.301655,-0.283101,0.264957,0.952572,0.135149,0.000000,0.000000
1.191156,0.003824,0.817759,0.055252,-0.145215,-0.071760,0.985246,-0.479991,-0.032694,0.110353,0.743355,-0.205661,-0.013884,0.191877,-0.115851,0.071789,0.738531,-0.266224,-0.066181,0.290710,-0.008768,0.568826,0.206634,-0.174349,1.005621,1.568831,0.000000,0.000000,0.304511,-0.282766,0.266976,0.950355,0.132961,0.000000,0.000000
1.197198,0.004856,0.817470,0.055436,-0.142906,-0.072842,0.985494,-0.482870,-0.033658,0.110957,0.755648,-0.210567,-0.014333,0.192491,-0.116852,0.073904,0.741035,-0.266719,-0.066927,0.293580,-0.008854,0.567172,0.208266,-0.172707,1.002387,1.568858,0.000000,0.000000,0.306559,-0.282729,0.268710,0.948827,0.131306,0.000000,0.000000
1.203675,0.005928,0.817256,0.055497,-0.139651,-0.075234,0.985778,-0.487005,-0.034442,0.112014,0.770192,-0.218461,-0.014822,0.193266,-0.119009,0.075736,0.742064,-0.265727,-0.067996,0.298129,-0.009018,0.565080,0.210187,-0.168980,0.998185,1.568905,0.000000,0.000000,0.308433,-0.282844,0.271094,0.947165,0.129048,0.000000,0.000000
1.210129,0.006770,0.818247,0.055723,-0.136014,-0.077643,0.986087,-0.490840,-0.034850,0.113247,0.782340,-0.227006,-0.015218,0.193848,-0.121926,0.076116,0.741314,-0.261449,-0.069037,0.303066,-0.009128,0.563160,0.212456,-0.164144,0.994160,1.568953,0.000000,0.000000,0.309524,-0.282678,0.273530,0.946068,0.127374,0.000000,0.000000
1.216661,0.007530,0.820603,0.055451,-0.132236,-0.078785,0.986525,-0.494195,-0.035091,0.114035,0.792441,-0.234027,-0.015445,0.194352,-0.124106,0.076666,0.739186,-0.254413,-0.069858,0.307310,-0.009248,0.560960,0.214206,-0.158728,0.990244,1.569003,0.000000,0.000000,0.309669,-0.282225,0.275611,0.945481,0.126504,0.000000,0.000000
1.223225,0.008221,0.824185,0.054744,-0.128310,-0.079403,0.987033,-0.496653,-0.035145,0.114225,0.799441,-0.237816,-0.015488,0.194778,-0.124994,0.077522,0.736243,-0.246711,-0.070316,0.310222,-0.009340,0.558744,0.214639,-0.153302,0.987390,1.569035,0.000000,0.000000,0.309477,-0.281300,0.277354,0.945687,0.125790,0.000000,0.000000
1.229606,0.008678,0.828498,0.054217,-0.124046,-0.081537,0.987433,-0.499682,-0.034159,0.115095,0.807973,-0.242160,-0.015467,0.195137,-0.127047,0.076882,0.729640,-0.233018,-0.070848,0.314742,-0.009494,0.555418,0.214286,-0.143248,0.983543,1.569077,0.000000,0.000000,0.309504,-0.278853,0.280368,0.947595,0.124971,0.000000,0.000000
1.235844,0.008896,0.833862,0.053813,-0.119343,-0.083063,0.987908,-0.502069,-0.032707,0.116322,0.814350,-0.246162,-0.015449,0.195135,-0.128580,0.076555,0.721409,-0.217380,-0.071249,0.318700,-0.009660,0.552067,0.213305,-0.133285,0.979968,1.567210,0.000000,0.000000,0.308971,-0.276849,0.283734,0.951139,0.125544,0.000000,0.000000
1.242107,0.009041,0.840448,0.053223,-0.114118,-0.084601,0.988427,-0.503989,-0.030863,0.117641,0.819111,-0.250804,-0.015355,0.194817,-0.129569,0.076703,0.711072,-0.198966,-0.071551,0.322168,-0.009833,0.548411,0.212273,-0.123536,0.977382,1.563691,0.000000,0.000000,0.307389,-0.275838,0.287816,0.955882,0.126432,0.000000,0.000000
1.248467,0.008836,0.843307,0.052434,-0.108365,-0.086366,0.988963,-0.505466,-0.028292,0.119231,0.822642,-0.256793,-0.015119,0.194171,-0.130153,0.076509,0.698310,-0.177135,-0.071647,0.325123,-0.009957,0.544332,0.211155,-0.113704,0.975789,1.559432,0.000000,0.000000,0.305186,-0.274178,0.291905,0.960865,0.128977,0.000000,0.000000
1.254838,0.008383,0.846645,0.051466,-0.102573,-0.088389,0.989453,-0.506589,-0.024569,0.121295,0.825805,-0.264429,-0.014717,0.193300,-0.130525,0.075302,0.681870,-0.148673,-0.071461,0.328525,-0.010042,0.539173,0.209777,-0.101939,0.974632,1.553752,0.000000,0.000000,0.302540,-0.270951,0.295747,0.966974,0.135704,0.000000,0.000000
1.261192,0.008104,0.850379,0.050132,-0.096788,-0.090744,0.989891,-0.507096,-0.020181,0.123568,0.828110,-0.272786,-0.014220,0.192242,-0.130830,0.072599,0.662727,-0.114309,-0.070953,0.333239,-0.010221,0.533477,0.208518,-0.089578,0.974413,1.546589,0.000000,0.000000,0.299361,-0.268145,0.300762,0.975230,0.142408,0.000000,0.000000
1.267511,0.008074,0.854544,0.048643,-0.090818,-0.092911,0.990330,-0.507149,-0.016165,0.125204,0.828382,-0.281502,-0.013642,0.190942,-0.130987,0.069312,0.643385,-0.076223,-0.070256,0.338425,-0.010476,0.528256,0.207243,-0.080650,0.975004,1.540333,0.000000,0.000000,0.295364,-0.267200,0.308067,0.985271,0.143255,0.000000,0.000000
1.273731,0.008217,0.859308,0.047247,-0.084708,-0.094938,0.990747,-0.506786,-0.012441,0.125924,0.826350,-0.292302,-0.012858,0.188989,-0.131331,0.065423,0.621692,-0.028831,-0.069454,0.343446,-0.010743,0.522886,0.205011,-0.074105,0.976418,1.533488,0.000000,0.000000,0.290045,-0.266320,0.316547,0.997599,0.141908,0.000000,0.000000
1.279919,0.008126,0.864638,0.045767,-0.078642,-0.096924,0.991124,-0.505851,-0.008952,0.126374,0.823871,-0.303069,-0.012031,0.186765,-0.131930,0.059464,0.599673,0.023978,-0.068285,0.347548,-0.010911,0.517559,0.202576,-0.069463,0.978048,1.525759,0.000000,0.000000,0.284161,-0.264396,0.323900,1.009100,0.141621,0.000000,0.000000
1.286220,0.007880,0.870297,0.043958,-0.072778,-0.098765,0.991472,-0.504167,-0.005143,0.126446,0.821880,-0.313397,-0.011046,0.184245,-0.132497,0.050458,0.575846,0.088216,-0.066430,0.351651,-0.011035,0.511683,0.201414,-0.066251,0.979215,1.518173,0.000000,0.000000,0.277675,-0.262262,0.332444,1.020052,0.141176,0.000000,0.000000
1.292411,0.007620,0.876575,0.041557,-0.066766,-0.101198,0.991753,-0.501464,-0.000022,0.126119,0.818558,-0.323918,-0.009700,0.181191,-0.133099,0.038287,0.546759,0.173794,-0.063757,0.355945,-0.011199,0.504292,0.201635,-0.063110,0.979322,1.509678,0.000000,0.000000,0.269009,-0.259383,0.344063,1.031987,0.142298,0.000000,0.000000
1.298712,0.007380,0.882662,0.039218,-0.061726,-0.103521,0.991935,-0.498565,0.004605,0.125714,0.816376,-0.330968,-0.008539,0.178758,-0.134142,0.026426,0.525943,0.238866,-0.061342,0.359312,-0.011315,0.499337,0.202300,-0.060970,0.978489,1.504255,0.000000,0.000000,0.263128,-0.256598,0.353610,1.039966,0.144440,0.000000,0.000000
1.304630,0.007389,0.889580,0.036617,-0.056159,-0.106056,0.992098,-0.494254,0.010575,0.123463,0.810975,-0.340384,-0.006688,0.175213,-0.135384,0.011852,0.500217,0.322382,-0.058228,0.362949,-0.011497,0.493618,0.203258,-0.059623,0.976310,1.499537,0.000000,0.000000,0.254184,-0.253808,0.365759,1.049704,0.145085,0.000000,0.000000
1.310712,0.007490,0.896023,0.034344,-0.050933,-0.107288,0.992328,-0.491005,0.014440,0.120509,0.806155,-0.347968,-0.005177,0.172232,-0.135183,0.003205,0.483295,0.377373,-0.055976,0.364461,-0.011618,0.489915,0.202994,-0.060844,0.973751,1.496480,0.000000,0.000000,0.248627,-0.252242,0.374504,1.056339,0.143358,0.000000,0.000000
1.316747,0.007728,0.902666,0.032062,-0.045873,-0.107263,0.992654,-0.487092,0.017462,0.117215,0.800180,-0.355179,-0.003810,0.168787,-0.133705,-0.002004,0.466863,0.427909,-0.053933,0.363631,-0.011671,0.486872,0.202156,-0.065942,0.971427,1.496215,0.000000,0.000000,0.243315,-0.250250,0.384997,1.063117,0.141591,0.000000,0.000000
1.322919,0.008664,0.909420,0.029904,-0.041506,-0.106965,0.992946,-0.482818,0.018560,0.112251,0.794039,-0.360275,-0.002526,0.165660,-0.132423,-0.003015,0.453436,0.465369,-0.052776,0.361081,-0.011672,0.484369,0.202119,-0.073814,0.969193,1.500100,0.000000,0.000000,0.237689,-0.248681,0.397217,1.070098,0.140069,0.000000,0.000000
1.328799,0.009069,0.915818,0.027692,-0.037829,-0.106209,0.993238,-0.478660,0.019711,0.109011,0.788688,-0.366084,-0.001596,0.162913,-0.131132,-0.003376,0.444124,0.489561,-0.051883,0.357447,-0.011600,0.482002,0.202806,-0.082393,0.966564,1.506075,0.000000,0.000000,0.232262,-0.247263,0.408635,1.074966,0.138546,0.000000,0.000000
1.335070,0.010007,0.922572,0.025264,-0.034196,-0.105296,0.993532,-0.473125,0.020772,0.103809,0.783426,-0.373262,-0.000265,0.159591,-0.130066,-0.003809,0.436515,0.511524,-0.051062,0.352171,-0.011446,0.479328,0.204310,-0.092511,0.962391,1.514773,0.000000,0.000000,0.225869,-0.243691,0.421997,1.077592,0.137531,0.000000,0.000000
1.341653,0.011475,0.929445,0.022450,-0.031099,-0.104379,0.993798,-0.467023,0.021902,0.096887,0.779403,-0.379898,0.001403,0.156257,-0.129901,-0.006117,0.432655,0.528569,-0.050272,0.346411,-0.011257,0.477554,0.207163,-0.101295,0.956907,1.521427,0.000000,0.000000,0.220386,-0.238146,0.434988,1.078229,0.137528,0.000000,0.000000
1.348280,0.013328,0.936528,0.021033,-0.028689,-0.105848,0.993746,-0.460641,0.021486,0.091501,0.776412,-0.386459,0.002336,0.152988,-0.133209,-0.012115,0.431911,0.539184,-0.049985,0.342646,-0.011188,0.476388,0.210501,-0.108794,0.950922,1.524128,0.000000,0.000000,0.215766,-0.233855,0.447312,1.079039,0.137100,0.000000,0.000000
1.354658,0.015293,0.943845,0.018982,-0.026499,-0.106794,0.993747,-0.452641,0.020987,0.085835,0.771101,-0.395482,0.003316,0.148857,-0.138702,-0.023038,0.434218,0.544986,-0.049602,0.338844,-0.011197,0.475342,0.214457,-0.117729,0.943688,1.526571,0.000000,0.000000,0.210302,-0.230343,0.461200,1.080053,0.134187,0.000000,0.000000
1.360576,0.016950,0.952094,0.017254,-0.024684,-0.107515,0.993747,-0.441223,0.020210,0.080203,0.761375,-0.406482,0.004246,0.142426,-0.146191,-0.042356,0.443273,0.539469,-0.048570,0.334047,-0.011258,0.474889,0.217864,-0.127775,0.934327,1.530987,0.000000,0.000000,0.202839,-0.227254,0.475848,1.081314,0.124934,0.000000,0.000000
1.366620,0.018571,0.959843,0.015697,-0.023362,-0.107691,0.993786,-0.430238,0.018974,0.075938,0.752603,-0.413897,0.004826,0.136144,-0.153638,-0.063796,0.457798,0.524526,-0.047276,0.329215,-0.011224,0.474881,0.219189,-0.135069,0.926010,1.537564,0.000000,0.000000,0.196522,-0.223604,0.483295,1.079802,0.116934,0.000000,0.000000
1.373252,0.019836,0.966592,0.014214,-0.021891,-0.106425,0.993978,-0.422286,0.017491,0.071185,0.747514,-0.418523,0.005454,0.131661,-0.157439,-0.075325,0.471731,0.514894,-0.046449,0.323870,-0.011133,0.474329,0.220427,-0.140582,0.919754,1.543664,0.000000,0.000000,0.192332,-0.221018,0.485975,1.076859,0.113513,0.000000,0.000000
1.379755,0.021296,0.973458,0.012331,-0.020916,-0.104909,0.994185,-0.412987,0.015667,0.064879,0.742380,-0.423973,0.006275,0.126458,-0.160371,-0.087004,0.490553,0.501271,-0.045295,0.317217,-0.011015,0.473580,0.223089,-0.148465,0.912317,1.551399,0.000000,0.000000,0.188829,-0.220347,0.490371,1.073652,0.105612,0.000000,0.000000
1.386326,0.022853,0.980250,0.010436,-0.020227,-0.102861,0.994435,-0.402893,0.013506,0.057701,0.737295,-0.430231,0.007146,0.120820,-0.162896,-0.099765,0.514583,0.486005,-0.043768,0.308882,-0.010839,0.473322,0.225332,-0.158250,0.905289,1.559073,0.000000,0.000000,0.185863,-0.219169,0.494640,1.069220,0.097548,0.000000,0.000000
1.393169,0.024659,0.986963,0.009119,-0.019675,-0.099783,0.994773,-0.392354,0.010050,0.048213,0.731930,-0.437256,0.008130,0.114959,-0.165775,-0.111968,0.543283,0.473764,-0.042297,0.298158,-0.010527,0.473009,0.227988,-0.167082,0.898665,1.564678,0.000000,0.000000,0.183524,-0.215474,0.494355,1.063261,0.097660,0.000000,0.000000
1.400010,0.026457,0.993553,0.008262,-0.019542,-0.096356,0.995121,-0.381986,0.005774,0.037519,0.726842,-0.443882,0.009121,0.109257,-0.168935,-0.124121,0.573967,0.465593,-0.040794,0.288105,-0.010252,0.471135,0.232872,-0.170352,0.891578,1.567174,0.000000,0.000000,0.182669,-0.212686,0.490375,1.057437,0.101180,0.000000,0.000000
1.406976,0.028467,1.000047,0.007106,-0.019676,-0.092986,0.995448,-0.371026,0.001225,0.025740,0.721772,-0.449918,0.010206,0.103317,-0.172234,-0.135745,0.609322,0.463861,-0.039205,0.278120,-0.010026,0.469532,0.235397,-0.171251,0.885701,1.566034,0.000000,0.000000,0.182745,-0.210363,0.484513,1.050451,0.105897,0.000000,0.000000
1.413920,0.030638,1.006519,0.005804,-0.020291,-0.089374,0.995774,-0.360138,-0.003551,0.014207,0.717003,-0.454915,0.011155,0.097482,-0.174773,-0.143030,0.646135,0.468284,-0.037937,0.267747,-0.009837,0.468442,0.235669,-0.172844,0.882086,1.563654,0.000000,0.000000,0.181688,-0.211115,0.478502,1.044655,0.108611,0.000000,0.000000
1.420917,0.032477,1.013105,0.004974,-0.021315,-0.085131,0.996129,-0.348452,-0.009020,0.002761,0.712470,-0.458895,0.011905,0.091408,-0.176609,-0.146439,0.685054,0.472448,-0.036934,0.256344,-0.009580,0.465692,0.240507,-0.172940,0.877950,1.561223,0.000000,0.000000,0.178521,-0.217330,0.473675,1.041878,0.104105,0.000000,0.000000
1.428169,0.034157,1.019832,0.004207,-0.022394,-0.080891,0.996462,-0.336601,-0.014039,-0.008094,0.708113,-0.462620,0.012640,0.085622,-0.178374,-0.149971,0.723457,0.471948,-0.035903,0.243877,-0.009175,0.463013,0.247974,-0.172219,0.873890,1.560448,0.000000,0.000000,0.175545,-0.221908,0.469840,1.040366,0.098029,0.000000,0.000000
1.435634,0.035652,1.026474,0.003210,-0.023608,-0.077018,0.996745,-0.324619,-0.018290,-0.019148,0.704391,-0.466363,0.013555,0.079807,-0.179394,-0.154223,0.762452,0.468695,-0.034592,0.230843,-0.008752,0.461783,0.251893,-0.170551,0.870481,1.562576,0.000000,0.000000,0.174665,-0.222280,0.464520,1.037602,0.096196,0.000000,0.000000
1.443615,0.037961,1.033039,0.002081,-0.025157,-0.073852,0.996950,-0.312475,-0.022903,-0.029507,0.702638,-0.468141,0.014269,0.074689,-0.182606,-0.160077,0.801105,0.461824,-0.033695,0.220032,-0.008444,0.460997,0.251891,-0.165839,0.866057,1.561882,0.000000,0.000000,0.176015,-0.221018,0.458463,1.033099,0.095069,0.000000,0.000000
1.451274,0.039283,1.039558,0.001553,-0.026370,-0.070169,0.997185,-0.300299,-0.027106,-0.039187,0.698692,-0.472432,0.014912,0.068992,-0.184598,-0.165172,0.840306,0.451167,-0.032625,0.208716,-0.008097,0.460412,0.250420,-0.158211,0.861101,1.559242,0.000000,0.000000,0.178379,-0.219215,0.449732,1.027685,0.087126,0.000000,0.000000
1.459047,0.040766,1.045851,0.000777,-0.028426,-0.066222,0.997400,-0.286920,-0.031272,-0.048518,0.695703,-0.475682,0.015485,0.063573,-0.186668,-0.169985,0.883023,0.436478,-0.031616,0.195588,-0.007717,0.460757,0.250664,-0.152205,0.856858,1.557462,0.000000,0.000000,0.180464,-0.216791,0.441727,1.023270,0.081181,0.000000,0.000000
1.467037,0.042164,1.051967,0.000124,-0.030316,-0.061995,0.997616,-0.273667,-0.035244,-0.058234,0.691179,-0.478755,0.016158,0.058404,-0.188153,-0.172389,0.924704,0.422908,-0.030838,0.181828,-0.007265,0.460807,0.251593,-0.145201,0.851837,1.556219,0.000000,0.000000,0.182799,-0.213591,0.433681,1.019270,0.086072,0.000000,0.000000
1.474905,0.043633,1.057913,-0.000595,-0.032310,-0.057725,0.997809,-0.260517,-0.039202,-0.069461,0.684178,-0.483323,0.017041,0.053129,-0.188774,-0.172923,0.964701,0.407882,-0.030150,0.169131,-0.006948,0.459813,0.252786,-0.139123,0.846441,1.552790,0.000000,0.000000,0.184877,-0.211864,0.428645,1.014478,0.096443,0.000000,0.000000
1.482805,0.045036,1.063674,-0.001768,-0.034259,-0.052877,0.998012,-0.247405,-0.042691,-0.081442,0.677147,-0.487937,0.018114,0.047953,-0.187602,-0.172950,1.003004,0.388199,-0.029239,0.155930,-0.006603,0.458678,0.254162,-0.133746,0.842613,1.547205,0.000000,0.000000,0.186210,-0.212198,0.424158,1.010512,0.104693,0.000000,0.000000
1.490772,0.046194,1.069521,-0.002498,-0.036565,-0.050231,0.998065,-0.234295,-0.045626,-0.090684,0.671636,-0.491794,0.018836,0.043157,-0.188616,-0.175728,1.038416,0.368527,-0.028556,0.144715,-0.006266,0.458188,0.254622,-0.126910,0.840747,1.540398,0.000000,0.000000,0.188058,-0.212264,0.420427,1.009076,0.109159,0.000000,0.000000
1.498572,0.046671,1.075329,-0.003053,-0.039019,-0.047436,0.998107,-0.220577,-0.048108,-0.099207,0.666345,-0.495201,0.019541,0.038094,-0.188286,-0.176632,1.072900,0.348645,-0.027862,0.133512,-0.005952,0.457599,0.253956,-0.119777,0.839918,1.533821,0.000000,0.000000,0.190643,-0.210553,0.417359,1.010069,0.110711,0.000000,0.000000
1.506273,0.046409,1.080984,-0.003953,-0.041547,-0.044101,0.998155,-0.206797,-0.049150,-0.107428,0.661052,-0.497928,0.020529,0.032783,-0.184502,-0.174556,1.105485,0.327996,-0.026872,0.121217,-0.005544,0.456457,0.254355,-0.111771,0.839165,1.529439,0.000000,0.000000,0.192221,-0.208482,0.413090,1.011113,0.109580,0.000000,0.000000
1.514063,0.045921,1.086604,-0.005134,-0.044098,-0.041089,0.998169,-0.193067,-0.049041,-0.115467,0.656095,-0.500700,0.021747,0.027355,-0.178472,-0.170140,1.136109,0.306786,-0.025785,0.108645,-0.005158,0.454922,0.255984,-0.103653,0.838086,1.526067,0.000000,0.000000,0.192578,-0.207001,0.408982,1.011120,0.108851,0.000000,0.000000
1.521965,0.045478,1.092126,-0.006306,-0.046802,-0.038884,0.998127,-0.179071,-0.048872,-0.122741,0.652296,-0.502441,0.022870,0.021918,-0.171920,-0.164660,1.164251,0.281885,-0.024864,0.097472,-0.004864,0.453350,0.257424,-0.097070,0.837521,1.524336,0.000000,0.000000,0.193543,-0.205547,0.407237,1.011427,0.108804,0.000000,0.000000
1.529685,0.044721,1.097378,-0.007512,-0.049666,-0.036875,0.998057,-0.164834,-0.048237,-0.128606,0.648390,-0.502926,0.023892,0.016425,-0.164682,-0.159842,1.190399,0.252748,-0.023845,0.087219,-0.004556,0.451774,0.258307,-0.090789,0.837796,1.523964,0.000000,0.000000,0.194752,-0.203240,0.405734,1.012156,0.106562,0.000000,0.000000
1.537159,0.043631,1.102455,-0.008977,-0.052504,-0.034590,0.997981,-0.150721,-0.046363,-0.134222,0.642758,-0.504086,0.025166,0.010668,-0.156254,-0.155820,1.214869,0.223584,-0.022520,0.077125,-0.004262,0.450044,0.260495,-0.082577,0.839087,1.516125,0.000000,0.000000,0.195526,-0.200700,0.402703,1.013989,0.104288,0.000000,0.000000
1.544814,0.042685,1.107328,-0.010614,-0.055335,-0.032806,0.997872,-0.136697,-0.044257,-0.140896,0.636744,-0.504121,0.026691,0.004867,-0.147727,-0.152047,1.237255,0.196346,-0.021157,0.068291,-0.004039,0.447873,0.265994,-0.071906,0.842439,1.494633,0.000000,0.000000,0.196015,-0.199363,0.399516,1.016079,0.105184,0.000000,0.000000
1.552275,0.041452,1.112229,-0.012270,-0.057876,-0.031500,0.997751,-0.122804,-0.040875,-0.144378,0.628113,-0.507123,0.027924,-0.001282,-0.139027,-0.148207,1.257431,0.170430,-0.019757,0.057779,-0.003780,0.445596,0.270156,-0.067733,0.844546,1.492935,0.000000,0.000000,0.196997,-0.197131,0.396615,1.017099,0.106907,0.000000,0.000000
1.559625,0.039616,1.117051,-0.013563,-0.060615,-0.030543,0.997602,-0.108865,-0.037318,-0.147298,0.619825,-0.510820,0.029106,-0.007846,-0.128531,-0.141545,1.275181,0.144183,-0.018386,0.048677,-0.003567,0.443201,0.272559,-0.063321,0.846854,1.496765,0.000000,0.000000,0.198504,-0.194911,0.392915,1.019137,0.107597,0.000000,0.000000
1.566836,0.037459,1.121711,-0.014920,-0.063628,-0.030082,0.997409,-0.094247,-0.033194,-0.149409,0.612709,-0.514117,0.030309,-0.015099,-0.115863,-0.132672,1.290958,0.117279,-0.016876,0.040659,-0.003353,0.440826,0.274009,-0.057999,0.849339,1.498053,0.000000,0.000000,0.200227,-0.190279,0.389009,1.021522,0.105992,0.000000,0.000000
1.574029,0.036222,1.126092,-0.016683,-0.066453,-0.030489,0.997184,-0.081461,-0.029818,-0.150661,0.607112,-0.515586,0.031278,-0.021707,-0.106477,-0.127599,1.303156,0.095637,-0.015491,0.035260,-0.003192,0.438783,0.275265,-0.053055,0.850865,1.497592,0.000000,0.000000,0.201551,-0.185084,0.385214,1.022611,0.104249,0.000000,0.000000
1.580988,0.035998,1.130300,-0.018575,-0.068963,-0.030943,0.996966,-0.068687,-0.027105,-0.151902,0.601226,-0.515935,0.032119,-0.028716,-0.099935,-0.125737,1.314573,0.074786,-0.014224,0.030466,-0.003093,0.436973,0.279612,-0.048552,0.852004,1.494409,0.000000,0.000000,0.203052,-0.183274,0.382511,1.024498,0.103138,0.000000,0.000000
1.587633,0.033291,1.134340,-0.020148,-0.071369,-0.031327,0.996754,-0.053343,-0.021730,-0.152771,0.591228,-0.513052,0.033565,-0.038526,-0.086060,-0.116423,1.326301,0.042605,-0.012447,0.023735,-0.003007,0.435589,0.286967,-0.044562,0.853863,1.487504,0.000000,0.000000,0.204479,-0.183545,0.381077,1.027769,0.105063,0.000000,0.000000
1.593983,0.031906,1.137997,-0.021496,-0.073796,-0.031666,0.996539,-0.042524,-0.018219,-0.152213,0.587849,-0.510107,0.034383,-0.046407,-0.076324,-0.109616,1.332053,0.021585,-0.011251,0.018096,-0.002901,0.434276,0.291442,-0.042921,0.854907,1.486473,0.000000,0.000000,0.205374,-0.181658,0.378937,1.030142,0.106730,0.000000,0.000000
1.599462,0.030524,1.141115,-0.022922,-0.076495,-0.034052,0.996225,-0.030778,-0.014546,-0.150346,0.580567,-0.506988,0.035045,-0.056446,-0.067614,-0.104210,1.339912,-0.000187,-0.009973,0.015131,-0.002835,0.431832,0.295364,-0.039329,0.856835,1.485092,0.000000,0.000000,0.205598,-0.177872,0.375610,1.034123,0.104718,0.000000,0.000000
1.604380,0.029914,1.143822,-0.024317,-0.078514,-0.034944,0.996004,-0.020432,-0.011613,-0.149435,0.571460,-0.507488,0.035590,-0.067610,-0.060005,-0.100284,1.345694,-0.023632,-0.008665,0.011742,-0.002802,0.427903,0.299583,-0.036693,0.858891,1.479957,0.000000,0.000000,0.204820,-0.174738,0.370758,1.038076,0.101690,0.000000,0.000000
1.608890,0.029400,1.146203,-0.025470,-0.080070,-0.034879,0.995853,-0.011180,-0.008792,-0.147780,0.562394,-0.508947,0.035925,-0.080300,-0.052555,-0.096601,1.349098,-0.050276,-0.007331,0.006944,-0.002730,0.423145,0.303090,-0.037263,0.861245,1.482369,0.000000,0.000000,0.204533,-0.172956,0.365059,1.041108,0.095941,0.000000,0.000000
1.613025,0.029233,1.148257,-0.026312,-0.081472,-0.035039,0.995712,-0.003531,-0.006966,-0.145548,0.555839,-0.509357,0.035932,-0.093442,-0.046839,-0.093907,1.350565,-0.071857,-0.006228,0.002478,-0.002665,0.417704,0.304442,-0.038314,0.864549,1.490343,0.000000,0.000000,0.204247,-0.172332,0.359090,1.042926,0.084164,0.000000,0.000000
1.616760,0.029363,1.149936,-0.026876,-0.083042,-0.035535,0.995550,0.002691,-0.006647,-0.144833,0.552578,-0.509247,0.035874,-0.106421,-0.043027,-0.092430,1.350556,-0.088778,-0.005349,-0.001616,-0.002554,0.411617,0.304621,-0.039018,0.868509,1.494197,0.000000,0.000000,0.203609,-0.170711,0.354213,1.043056,0.071049,0.000000,0.000000
1.620253,0.029458,1.151286,-0.027228,-0.084446,-0.035226,0.995433,0.008262,-0.006990,-0.145170,0.551156,-0.509594,0.035851,-0.120665,-0.039574,-0.091726,1.348302,-0.106536,-0.004367,-0.007001,-0.002395,0.404691,0.305055,-0.040021,0.872946,1.494936,0.000000,0.000000,0.203007,-0.168340,0.348662,1.043393,0.063477,0.000000,0.000000
1.623628,0.029451,1.152429,-0.027389,-0.085442,-0.033874,0.995390,0.012750,-0.007189,-0.145127,0.550691,-0.510007,0.035814,-0.134866,-0.036301,-0.091209,1.343357,-0.122527,-0.003382,-0.013697,-0.002147,0.397625,0.305957,-0.040625,0.877499,1.494694,0.000000,0.000000,0.201992,-0.166716,0.342204,1.043989,0.061939,0.000000,0.000000
1.626863,0.029529,1.153430,-0.027481,-0.086281,-0.032291,0.995368,0.016625,-0.007517,-0.145955,0.551046,-0.510544,0.035899,-0.149375,-0.033178,-0.090501,1.334990,-0.137163,-0.002476,-0.021059,-0.001922,0.390026,0.307070,-0.042083,0.881682,1.494612,0.000000,0.000000,0.200558,-0.166814,0.335729,1.044882,0.060922,0.000000,0.000000
1.630165,0.030085,1.154226,-0.027273,-0.086964,-0.031000,0.995355,0.019945,-0.009285,-0.148843,0.551328,-0.512457,0.035936,-0.163072,-0.032098,-0.091277,1.323391,-0.149925,-0.001817,-0.027671,-0.001709,0.382534,0.308810,-0.045477,0.884967,1.495770,0.000000,0.000000,0.198889,-0.171080,0.329914,1.047744,0.060931,0.000000,0.000000
1.633796,0.030595,1.154789,-0.026712,-0.087560,-0.029204,0.995373,0.023259,-0.011616,-0.151216,0.551558,-0.515154,0.035733,-0.175884,-0.032294,-0.094098,1.309040,-0.160603,-0.001039,-0.034977,-0.001440,0.375376,0.309708,-0.049491,0.887783,1.499622,0.000000,0.000000,0.196986,-0.177368,0.323299,1.053232,0.063638,0.000000,0.000000
1.637870,0.030778,1.155298,-0.026125,-0.088031,-0.026376,0.995426,0.026743,-0.013665,-0.153987,0.552007,-0.517952,0.035671,-0.187626,-0.031999,-0.098026,1.292089,-0.168818,0.000139,-0.043670,-0.001071,0.368576,0.309004,-0.053277,0.890121,1.501780,0.000000,0.000000,0.195109,-0.182043,0.316753,1.059412,0.065638,0.000000,0.000000
1.642382,0.031135,1.155795,-0.025608,-0.088337,-0.022894,0.995498,0.030349,-0.016084,-0.158578,0.553019,-0.519267,0.035839,-0.198280,-0.031865,-0.102750,1.272462,-0.176562,0.001440,-0.053237,-0.000650,0.361788,0.308628,-0.057163,0.891758,1.501854,0.000000,0.000000,0.194092,-0.184643,0.311517,1.060558,0.064160,0.000000,0.000000
1.647108,0.031577,1.156130,-0.025016,-0.088847,-0.019581,0.995539,0.034237,-0.019094,-0.163542,0.554906,-0.517939,0.035972,-0.207949,-0.032162,-0.107590,1.250285,-0.185768,0.002620,-0.063190,-0.000240,0.354268,0.308711,-0.060239,0.893905,1.502089,0.000000,0.000000,0.194115,-0.186408,0.304794,1.058727,0.062128,0.000000,0.000000
1.651978,0.031620,1.156601,-0.024193,-0.089182,-0.016235,0.995589,0.038438,-0.021788,-0.169286,0.553915,-0.522157,0.036227,-0.216741,-0.032487,-0.112361,1.224950,-0.194204,0.003749,-0.073139,0.000140,0.346518,0.308064,-0.065398,0.896546,1.500667,0.000000,0.000000,0.194320,-0.189021,0.297585,1.059279,0.065513,0.000000,0.000000
1.657321,0.031830,1.156909,-0.023482,-0.089432,-0.012694,0.995635,0.042965,-0.024230,-0.174138,0.553884,-0.524138,0.036414,-0.224185,-0.033553,-0.118480,1.197448,-0.199839,0.004964,-0.082676,0.000548,0.339892,0.307521,-0.072517,0.897984,1.497742,0.000000,0.000000,0.195086,-0.191678,0.292163,1.059612,0.072937,0.000000,0.000000
1.662877,0.031996,1.157093,-0.022865,-0.089693,-0.009408,0.995663,0.047824,-0.026300,-0.177948,0.554127,-0.525238,0.036548,-0.230429,-0.034523,-0.125240,1.167680,-0.201951,0.006333,-0.092109,0.000983,0.333371,0.306349,-0.077951,0.899245,1.496306,0.000000,0.000000,0.195812,-0.193269,0.286055,1.058577,0.078599,0.000000,0.000000
1.668649,0.032088,1.157186,-0.022282,-0.089873,-0.005991,0.995686,0.052874,-0.028123,-0.182102,0.553014,-0.528114,0.036771,-0.235510,-0.035025,-0.131133,1.136482,-0.201239,0.007586,-0.101211,0.001345,0.326312,0.305085,-0.083315,0.902313,1.497637,0.000000,0.000000,0.196337,-0.195303,0.278580,1.058358,0.081000,0.000000,0.000000
1.674693,0.032192,1.157145,-0.021605,-0.089782,-0.002188,0.995725,0.058434,-0.029800,-0.186493,0.550351,-0.530796,0.037044,-0.239998,-0.035838,-0.137959,1.101105,-0.199387,0.008912,-0.110597,0.001702,0.317778,0.303701,-0.089681,0.905324,1.500836,0.000000,0.000000,0.197074,-0.198380,0.270090,1.058639,0.081094,0.000000,0.000000
1.680858,0.032073,1.157001,-0.020707,-0.089411,0.001555,0.995778,0.063891,-0.031757,-0.192624,0.545867,-0.533572,0.037484,-0.243766,-0.036374,-0.144955,1.064028,-0.198365,0.010294,-0.118517,0.002067,0.308005,0.302883,-0.094890,0.903513,1.501912,0.000000,0.000000,0.197715,-0.201477,0.262250,1.058305,0.081487,0.000000,0.000000
1.687203,0.031728,1.156765,-0.019904,-0.088990,0.004679,0.995823,0.069260,-0.033814,-0.199461,0.541048,-0.538095,0.037983,-0.246619,-0.035815,-0.150627,1.026462,-0.196378,0.011602,-0.124591,0.002394,0.298876,0.301677,-0.097744,0.901131,1.499142,0.000000,0.000000,0.198278,-0.204476,0.255169,1.058144,0.083170,0.000000,0.000000
1.693900,0.031457,1.156390,-0.019452,-0.088632,0.007296,0.995848,0.074927,-0.034979,-0.202760,0.538162,-0.543769,0.038153,-0.248330,-0.034992,-0.156982,0.987063,-0.189450,0.013091,-0.130947,0.002702,0.291731,0.299852,-0.099562,0.903014,1.498514,0.000000,0.000000,0.199347,-0.207076,0.246217,1.056592,0.085779,0.000000,0.000000
1.700730,0.031174,1.155710,-0.019360,-0.088362,0.010017,0.995850,0.080335,-0.035153,-0.202930,0.538548,-0.547706,0.038127,-0.249035,-0.033728,-0.164943,0.945944,-0.181257,0.015021,-0.137960,0.003052,0.286029,0.295705,-0.106249,0.903307,1.515041,0.000000,0.000000,0.202769,-0.207381,0.235444,1.051579,0.088538,0.000000,0.000000
1.706967,0.028758,1.155256,-0.019503,-0.089054,0.015248,0.995719,0.084754,-0.029076,-0.199879,0.543452,-0.542388,0.039430,-0.247835,-0.029741,-0.176527,0.901258,-0.171242,0.018467,-0.146378,0.003553,0.275086,0.299215,-0.109765,0.915208,1.520434,0.000000,0.000000,0.205984,-0.206515,0.226923,1.051152,0.104650,0.000000,0.000000
1.713644,0.027921,1.154512,-0.019352,-0.088642,0.017907,0.995715,0.088828,-0.027162,-0.201474,0.543939,-0.547066,0.040235,-0.246506,-0.026737,-0.184738,0.858772,-0.157764,0.020759,-0.152001,0.003720,0.265497,0.300179,-0.112261,0.920881,1.514070,0.000000,0.000000,0.206507,-0.207782,0.221937,1.052065,0.117907,0.000000,0.000000
1.720714,0.027082,1.153463,-0.019018,-0.088086,0.020206,0.995726,0.093212,-0.026344,-0.203195,0.545295,-0.553104,0.040732,-0.244750,-0.023377,-0.191285,0.812803,-0.141034,0.022676,-0.156983,0.003865,0.257742,0.298844,-0.116916,0.924746,1.507901,0.000000,0.000000,0.206966,-0.209453,0.215685,1.053164,0.126851,0.000000,0.000000
1.727880,0.026449,1.152194,-0.018516,-0.087958,0.022204,0.995705,0.097746,-0.026396,-0.204386,0.548632,-0.558534,0.040932,-0.242280,-0.020304,-0.197395,0.766878,-0.121178,0.024384,-0.160620,0.004007,0.250860,0.296489,-0.123148,0.926166,1.502583,0.000000,0.000000,0.209192,-0.211020,0.209409,1.053288,0.131170,0.000000,0.000000
1.735200,0.026275,1.150670,-0.017709,-0.087972,0.023627,0.995685,0.102162,-0.027725,-0.204878,0.553654,-0.564878,0.040680,-0.239121,-0.018555,-0.204632,0.722368,-0.098013,0.026008,-0.163724,0.004289,0.243749,0.297598,-0.130115,0.921106,1.518117,0.000000,0.000000,0.211450,-0.212668,0.202796,1.053665,0.130629,0.000000,0.000000
1.742601,0.025813,1.148903,-0.016733,-0.087896,0.024919,0.995677,0.105822,-0.029282,-0.205641,0.560021,-0.571213,0.040426,-0.235665,-0.016889,-0.210499,0.679274,-0.073287,0.027354,-0.165157,0.004422,0.238022,0.299112,-0.134211,0.913416,1.529807,0.000000,0.000000,0.214490,-0.214786,0.196238,1.053427,0.133363,0.000000,0.000000
1.750090,0.025219,1.146824,-0.015985,-0.087728,0.026685,0.995659,0.109020,-0.030351,-0.206647,0.567772,-0.577327,0.040370,-0.231508,-0.014645,-0.215923,0.633726,-0.044168,0.028764,-0.165671,0.004500,0.234006,0.299732,-0.138086,0.906610,1.527897,0.000000,0.000000,0.218257,-0.217409,0.188314,1.053229,0.139481,0.000000,0.000000
1.757646,0.024820,1.144473,-0.015275,-0.087491,0.028543,0.995639,0.111772,-0.031107,-0.206996,0.575955,-0.584615,0.040281,-0.227078,-0.012656,-0.221849,0.590107,-0.013233,0.030298,-0.165670,0.004526,0.230558,0.298917,-0.141626,0.902479,1.517902,0.000000,0.000000,0.221986,-0.220485,0.180775,1.052293,0.141351,0.000000,0.000000
1.765103,0.024181,1.141857,-0.014316,-0.087541,0.030189,0.995600,0.114665,-0.031842,-0.206735,0.586369,-0.594947,0.040099,-0.221809,-0.010590,-0.227931,0.543475,0.023102,0.031881,-0.166932,0.004751,0.224547,0.300735,-0.150116,0.895299,1.532602,0.000000,0.000000,0.225892,-0.223478,0.173572,1.049855,0.134326,0.000000,0.000000
1.772660,0.023210,1.138996,-0.013422,-0.087815,0.031217,0.995557,0.117398,-0.032849,-0.207759,0.598482,-0.606503,0.040046,-0.216101,-0.007894,-0.230358,0.499058,0.060129,0.032867,-0.166828,0.004898,0.219150,0.301433,-0.158650,0.888471,1.549449,0.000000,0.000000,0.230470,-0.224119,0.164539,1.047513,0.132534,0.000000,0.000000
1.780381,0.022040,1.135878,-0.012607,-0.088196,0.031761,0.995517,0.119944,-0.033479,-0.207798,0.611353,-0.617897,0.039949,-0.210299,-0.004632,-0.230166,0.458190,0.095459,0.033513,-0.164253,0.004877,0.215227,0.299992,-0.165613,0.883387,1.547524,0.000000,0.000000,0.235726,-0.224025,0.155402,1.045657,0.138522,0.000000,0.000000
1.787977,0.021500,1.132439,-0.011594,-0.088862,0.033876,0.995400,0.122192,-0.034237,-0.206506,0.627193,-0.627076,0.039645,-0.203916,-0.002608,-0.231822,0.417636,0.131175,0.034275,-0.161718,0.004827,0.211637,0.298358,-0.171411,0.879771,1.531263,0.000000,0.000000,0.241362,-0.226017,0.147095,1.044667,0.144714,0.000000,0.000000
1.795506,0.021132,1.128691,-0.010609,-0.089703,0.035859,0.995266,0.124095,-0.035017,-0.203149,0.646337,-0.632367,0.039067,-0.196820,-0.001239,-0.235314,0.376532,0.168598,0.035278,-0.160307,0.004946,0.206809,0.299065,-0.180654,0.873140,1.533989,0.000000,0.000000,0.246657,-0.227185,0.138219,1.044475,0.145335,0.000000,0.000000
1.803249,0.020705,1.124777,-0.009670,-0.090310,0.037883,0.995146,0.125292,-0.035957,-0.200833,0.664679,-0.633764,0.038642,-0.190113,-0.000091,-0.237402,0.339919,0.202457,0.035946,-0.158098,0.004969,0.203570,0.298613,-0.187905,0.866960,1.534192,0.000000,0.000000,0.252006,-0.227497,0.128551,1.043186,0.145844,0.000000,0.000000
1.811135,0.020447,1.120835,-0.008621,-0.091219,0.040120,0.994985,0.126031,-0.037209,-0.198571,0.686644,-0.633936,0.038199,-0.182277,0.000486,-0.238616,0.301494,0.234974,0.036205,-0.155182,0.004975,0.200457,0.298584,-0.196910,0.860578,1.530571,0.000000,0.000000,0.259797,-0.228868,0.118675,1.040790,0.147246,0.000000,0.000000
1.819081,0.020713,1.116932,-0.007333,-0.092612,0.042338,0.994775,0.126293,-0.039183,-0.195578,0.712522,-0.633484,0.037458,-0.173708,-0.000560,-0.240892,0.264742,0.259249,0.036108,-0.152230,0.005027,0.197052,0.300072,-0.208417,0.852013,1.533959,0.000000,0.000000,0.268676,-0.231492,0.110547,1.039898,0.144892,0.000000,0.000000
1.826749,0.022672,1.112076,-0.006637,-0.094387,0.042886,0.994589,0.126979,-0.043993,-0.186975,0.740170,-0.632821,0.034894,-0.165528,-0.002045,-0.242973,0.232930,0.281994,0.035852,-0.145465,0.005009,0.196536,0.308455,-0.225053,0.827927,1.529157,0.000000,0.000000,0.281554,-0.233742,0.105412,1.033315,0.132368,0.000000,0.000000
1.834745,0.023554,1.107324,-0.005607,-0.096008,0.044396,0.994374,0.126841,-0.047325,-0.181328,0.769423,-0.631899,0.033206,-0.157799,-0.003737,-0.245543,0.207098,0.302107,0.035731,-0.138886,0.004860,0.197302,0.313785,-0.236029,0.814183,1.516424,0.000000,0.000000,0.292816,-0.234830,0.095536,1.028877,0.121277,0.000000,0.000000
1.842548,0.024347,1.102236,-0.004736,-0.097484,0.046949,0.994118,0.125751,-0.049980,-0.177932,0.802888,-0.630711,0.032112,-0.149539,-0.005884,-0.247712,0.181673,0.321361,0.035387,-0.134617,0.004864,0.195872,0.315774,-0.252349,0.802580,1.525256,0.000000,0.000000,0.305056,-0.233187,0.085909,1.023813,0.118393,0.000000,0.000000
1.850352,0.025166,1.096788,-0.003875,-0.098456,0.049319,0.993911,0.124696,-0.052202,-0.176297,0.832909,-0.629620,0.031404,-0.142973,-0.008487,-0.248237,0.161148,0.331802,0.034488,-0.131615,0.004873,0.194253,0.315397,-0.265121,0.794862,1.528836,0.000000,0.000000,0.314886,-0.230857,0.077791,1.019347,0.123120,0.000000,0.000000
1.857803,0.026453,1.091305,-0.002404,-0.099912,0.052685,0.993598,0.122625,-0.055723,-0.175801,0.866463,-0.628198,0.030477,-0.134985,-0.012431,-0.252828,0.139934,0.345563,0.034096,-0.125927,0.004713,0.191425,0.316322,-0.277109,0.789647,1.515390,0.000000,0.000000,0.326267,-0.230302,0.064988,1.015189,0.128121,0.000000,0.000000
1.865665,0.027838,1.085431,-0.001040,-0.100778,0.055146,0.993379,0.121437,-0.059073,-0.174314,0.897510,-0.626987,0.029381,-0.128327,-0.016916,-0.256708,0.123420,0.357135,0.033393,-0.122378,0.004768,0.186280,0.316855,-0.291110,0.782609,1.526978,0.000000,0.000000,0.335355,-0.228930,0.056190,1.013714,0.128602,0.000000,0.000000
1.873581,0.030692,1.079317,0.001026,-0.100468,0.058653,0.993209,0.119240,-0.068189,-0.178743,0.928842,-0.625526,0.027534,-0.121282,-0.023626,-0.261258,0.104173,0.372742,0.032187,-0.117720,0.004632,0.184395,0.303364,-0.304797,0.779862,1.554487,0.000000,0.000000,0.344155,-0.228246,0.038823,1.015118,0.123603,0.000000,0.000000
1.881470,0.032071,1.073049,0.002869,-0.101354,0.061348,0.992953,0.118357,-0.073886,-0.181360,0.956087,-0.624375,0.026368,-0.115502,-0.029374,-0.262051,0.092483,0.380329,0.030494,-0.115048,0.004731,0.181162,0.299195,-0.311323,0.777449,1.558856,0.000000,0.000000,0.350368,-0.226204,0.025297,1.016619,0.123221,0.000000,0.000000
1.889298,0.033326,1.066437,0.004549,-0.102438,0.063732,0.992685,0.117652,-0.078977,-0.182702,0.986921,-0.623119,0.025120,-0.108994,-0.035102,-0.262976,0.082557,0.388781,0.028868,-0.111776,0.004784,0.177139,0.297609,-0.317934,0.774166,1.557305,0.000000,0.000000,0.357163,-0.224267,0.012712,1.019461,0.123872,0.000000,0.000000
1.897055,0.034717,1.059360,0.005962,-0.103022,0.065501,0.992502,0.116862,-0.083284,-0.181580,1.017410,-0.621847,0.023596,-0.103255,-0.040076,-0.267645,0.074686,0.397461,0.028276,-0.107740,0.004800,0.173236,0.295976,-0.325136,0.770008,1.564234,0.000000,0.000000,0.364604,-0.224896,0.002837,1.020625,0.127640,0.000000,0.000000
1.904641,0.035974,1.052008,0.007299,-0.103522,0.066568,0.992370,0.116216,-0.087819,-0.180359,1.045861,-0.620627,0.021931,-0.098390,-0.044247,-0.273611,0.069058,0.405420,0.028211,-0.102751,0.004761,0.169481,0.295332,-0.332493,0.765457,1.569737,0.000000,0.000000,0.372420,-0.225829,-0.004259,1.020101,0.126632,0.000000,0.000000
1.912369,0.036743,1.044418,0.008076,-0.104004,0.065850,0.992362,0.116076,-0.092529,-0.178506,1.075626,-0.619410,0.020039,-0.093500,-0.046929,-0.275562,0.064766,0.414654,0.027786,-0.094115,0.004651,0.165299,0.296855,-0.336243,0.760782,1.570800,0.000000,0.000000,0.380209,-0.225023,-0.011579,1.019867,0.126564,0.000000,0.000000
1.920361,0.037342,1.036590,0.008940,-0.104074,0.065501,0.992370,0.116413,-0.096452,-0.176815,1.102216,-0.618350,0.018397,-0.089163,-0.048997,-0.275680,0.062567,0.424379,0.027210,-0.086381,0.004476,0.161706,0.297944,-0.340002,0.756034,1.570800,0.000000,0.000000,0.386270,-0.222861,-0.018961,1.020101,0.128089,0.000000,0.000000
1.928316,0.038144,1.028592,0.010430,-0.103816,0.066578,0.992311,0.116917,-0.100352,-0.175118,1.127626,-0.617344,0.016730,-0.085192,-0.052236,-0.279764,0.062499,0.434872,0.027127,-0.081039,0.004333,0.158587,0.298061,-0.346592,0.750703,1.570800,0.000000,0.000000,0.392132,-0.220434,-0.028343,1.019455,0.130445,0.000000,0.000000
1.936147,0.039295,1.020456,0.012280,-0.103561,0.068029,0.992218,0.117729,-0.105090,-0.173130,1.151825,-0.616387,0.014699,-0.081494,-0.056758,-0.286615,0.064976,0.446271,0.027257,-0.075882,0.004207,0.156055,0.297213,-0.348622,0.746186,1.570800,0.000000,0.000000,0.398127,-0.219267,-0.038137,1.019396,0.132373,0.000000,0.000000
1.943943,0.040585,1.012276,0.014243,-0.103604,0.069369,0.992094,0.119098,-0.111125,-0.170695,1.176916,-0.615398,0.012107,-0.077377,-0.062795,-0.291607,0.070457,0.458111,0.026539,-0.071310,0.004082,0.154661,0.295521,-0.347382,0.741676,1.570800,0.000000,0.000000,0.403515,-0.219600,-0.046131,1.021958,0.134809,0.000000,0.000000
1.951908,0.041457,1.004051,0.016273,-0.103506,0.071209,0.991943,0.120563,-0.116673,-0.168497,1.201922,-0.614408,0.009696,-0.072968,-0.069178,-0.293478,0.077545,0.469566,0.025066,-0.069147,0.004065,0.154595,0.293382,-0.348181,0.736317,1.570800,0.000000,0.000000,0.407422,-0.219437,-0.053106,1.025535,0.137549,0.000000,0.000000
1.960064,0.041779,0.995784,0.018365,-0.102758,0.074018,0.991779,0.121513,-0.120702,-0.166880,1.226951,-0.613381,0.007891,-0.068559,-0.075031,-0.295229,0.085087,0.481277,0.023728,-0.069064,0.004117,0.154571,0.290393,-0.347419,0.730327,1.570800,0.000000,0.000000,0.410736,-0.218178,-0.061131,1.028075,0.139557,0.000000,0.000000
1.968169,0.042199,0.987504,0.020497,-0.102077,0.077265,0.991560,0.122086,-0.124278,-0.165397,1.252225,-0.612314,0.006265,-0.064024,-0.080923,-0.296598,0.093846,0.492308,0.022268,-0.069331,0.004145,0.154814,0.286811,-0.340043,0.725099,1.570800,0.000000,0.000000,0.413861,-0.218099,-0.069242,1.031245,0.141585,0.000000,0.000000
1.976368,0.042249,0.979011,0.022255,-0.101766,0.079978,0.991338,0.122559,-0.125760,-0.161021,1.280626,-0.611125,0.004754,-0.059075,-0.086059,-0.295383,0.105086,0.504735,0.020505,-0.071594,0.004283,0.155864,0.283852,-0.338431,0.718261,1.570800,0.000000,0.000000,0.415672,-0.217234,-0.076056,1.034735,0.139648,0.000000,0.000000
1.984599,0.042394,0.970200,0.023619,-0.101472,0.082178,0.991157,0.122665,-0.125900,-0.154910,1.311544,-0.609809,0.003356,-0.054379,-0.090089,-0.293538,0.118779,0.517537,0.018950,-0.071648,0.004315,0.158734,0.279605,-0.331704,0.713091,1.570800,0.000000,0.000000,0.417573,-0.216191,-0.083965,1.037290,0.136535,0.000000,0.000000
1.992737,0.042386,0.961088,0.025070,-0.101115,0.083077,0.991083,0.122511,-0.126034,-0.146967,1.345647,-0.608341,0.001594,-0.050166,-0.093458,-0.291718,0.135852,0.529614,0.017618,-0.070746,0.004304,0.162346,0.275555,-0.321501,0.709407,1.570800,0.000000,0.000000,0.419131,-0.215044,-0.092323,1.039024,0.131044,0.000000,0.000000
2.000771,0.041990,0.951750,0.026291,-0.100600,0.083826,0.991041,0.121823,-0.125251,-0.138735,1.380639,-0.606815,0.000097,-0.046586,-0.095443,-0.287847,0.154115,0.539411,0.016277,-0.070389,0.004319,0.166201,0.272090,-0.313977,0.706886,1.570800,0.000000,0.000000,0.419600,-0.212651,-0.097916,1.041284,0.124330,0.000000,0.000000
2.008791,0.041547,0.942175,0.027187,-0.099820,0.084939,0.991001,0.120618,-0.123446,-0.130304,1.416198,-0.605261,-0.001072,-0.043723,-0.096273,-0.284235,0.174325,0.547748,0.015359,-0.070223,0.004315,0.170715,0.268302,-0.306978,0.703851,1.570800,0.000000,0.000000,0.420005,-0.209880,-0.102387,1.044647,0.123743,0.000000,0.000000
2.016765,0.041245,0.932385,0.028144,-0.098887,0.086193,0.990959,0.119171,-0.121779,-0.122062,1.451684,-0.603706,-0.002218,-0.041456,-0.096984,-0.279825,0.197303,0.552737,0.014299,-0.070085,0.004278,0.175766,0.264860,-0.299237,0.699079,1.570800,0.000000,0.000000,0.420757,-0.208062,-0.107531,1.047257,0.125547,0.000000,0.000000
2.024275,0.040649,0.922044,0.029741,-0.098262,0.086489,0.990949,0.117902,-0.120692,-0.112083,1.485793,-0.602207,-0.003851,-0.040090,-0.098039,-0.284024,0.222486,0.521832,0.014789,-0.068795,0.004213,0.182213,0.260802,-0.291854,0.695112,1.570800,0.000000,0.000000,0.421949,-0.205103,-0.116471,1.047549,0.120778,0.000000,0.000000
2.031065,0.039239,0.911745,0.031151,-0.097628,0.088589,0.990783,0.114528,-0.117259,-0.102146,1.528777,-0.600371,-0.004692,-0.037688,-0.098164,-0.257050,0.252786,0.432227,0.008919,-0.070396,0.004259,0.189747,0.255519,-0.282893,0.692141,1.570800,0.000000,0.000000,0.423437,-0.200181,-0.129884,1.047046,0.110941,0.000000,0.000000
2.038849,0.037868,0.888481,0.031481,-0.096839,0.089622,0.990757,0.112761,-0.111323,-0.092840,1.566733,-0.598932,-0.004599,-0.034869,-0.095439,-0.211109,0.280141,0.305887,-0.000114,-0.071654,0.004289,0.194930,0.252812,-0.273722,0.691120,1.570800,0.000000,0.000000,0.423768,-0.196137,-0.138484,1.048979,0.101368,0.000000,0.000000
2.047373,0.036891,0.872800,0.031362,-0.096649,0.088752,0.990857,0.113909,-0.105020,-0.082026,1.598866,-0.597860,-0.004674,-0.036179,-0.091594,-0.165150,0.318696,0.157578,-0.008552,-0.070380,0.004185,0.201478,0.254072,-0.261469,0.686576,1.570800,0.000000,0.000000,0.425136,-0.193300,-0.141879,1.051639,0.088850,0.000000,0.000000
2.054561,0.038285,0.862649,0.033049,-0.097710,0.084289,0.991088,0.117406,-0.106768,-0.067096,1.624756,-0.588005,-0.007913,-0.041466,-0.098761,-0.202888,0.368423,0.104007,-0.003528,-0.064475,0.003952,0.211815,0.254125,-0.248363,0.681748,1.570800,0.000000,0.000000,0.429966,-0.194687,-0.146434,1.054574,0.077377,0.000000,0.000000
2.061727,0.038174,0.860440,0.033547,-0.096708,0.084067,0.991189,0.117563,-0.106125,-0.060816,1.650446,-0.578985,-0.008780,-0.046079,-0.098932,-0.192317,0.398982,0.031841,-0.005598,-0.067326,0.003960,0.220426,0.251578,-0.238738,0.682961,1.570800,0.000000,0.000000,0.429382,-0.197550,-0.142588,1.059405,0.068746,0.000000,0.000000
2.068997,0.038529,0.859031,0.033776,-0.095771,0.082240,0.991425,0.118061,-0.105815,-0.054089,1.675560,-0.572866,-0.009769,-0.049676,-0.099176,-0.184958,0.427975,-0.036341,-0.007101,-0.070516,0.004024,0.227054,0.249218,-0.226189,0.687276,1.570800,0.000000,0.000000,0.425478,-0.201127,-0.136524,1.066714,0.065957,0.000000,0.000000
2.076508,0.038988,0.857622,0.034269,-0.094821,0.078978,0.991765,0.119369,-0.106360,-0.046935,1.698635,-0.563592,-0.011016,-0.051220,-0.100836,-0.183438,0.452472,-0.087925,-0.007905,-0.071894,0.004028,0.231926,0.246174,-0.212281,0.693913,1.570800,0.000000,0.000000,0.420429,-0.204385,-0.130348,1.075704,0.065482,0.000000,0.000000
2.083249,0.038781,0.855720,0.034681,-0.093920,0.074803,0.992160,0.120132,-0.107132,-0.038147,1.723813,-0.546753,-0.012408,-0.053953,-0.100594,-0.167633,0.479989,-0.154905,-0.010752,-0.076311,0.004106,0.237684,0.240091,-0.195160,0.708531,1.570800,0.000000,0.000000,0.409171,-0.209686,-0.116054,1.092404,0.062467,0.000000,0.000000
2.090184,0.037517,0.854134,0.033986,-0.092495,0.072288,0.992504,0.119961,-0.104768,-0.031792,1.745139,-0.528979,-0.012405,-0.056969,-0.092973,-0.126557,0.497929,-0.227677,-0.016028,-0.082439,0.004314,0.238617,0.236350,-0.179387,0.726317,1.570800,0.000000,0.000000,0.393476,-0.213687,-0.098726,1.112943,0.056291,0.000000,0.000000
2.096524,0.037791,0.851588,0.033756,-0.092705,0.067540,0.992827,0.121831,-0.105288,-0.021633,1.761278,-0.512759,-0.013781,-0.060943,-0.092702,-0.133192,0.524071,-0.256727,-0.014736,-0.083146,0.004265,0.240893,0.233071,-0.165976,0.743583,1.570800,0.000000,0.000000,0.382306,-0.216522,-0.089806,1.129688,0.053321,0.000000,0.000000
2.102463,0.037755,0.848390,0.033928,-0.092574,0.063084,0.993126,0.123392,-0.106656,-0.011323,1.778187,-0.495217,-0.015210,-0.065695,-0.094629,-0.150542,0.554835,-0.275745,-0.011983,-0.084314,0.004175,0.244481,0.226258,-0.153712,0.766568,1.570800,0.000000,0.000000,0.370660,-0.219254,-0.081951,1.146785,0.051430,0.000000,0.000000
2.108592,0.035114,0.846294,0.033262,-0.090987,0.060612,0.993449,0.122396,-0.102887,-0.006171,1.793534,-0.478785,-0.014512,-0.069900,-0.086753,-0.121270,0.572185,-0.318092,-0.015059,-0.088927,0.004293,0.244614,0.219053,-0.143433,0.792566,1.570800,0.000000,0.000000,0.356107,-0.220895,-0.069152,1.164107,0.052563,0.000000,0.000000
2.114871,0.033963,0.843482,0.033009,-0.090906,0.056321,0.993717,0.123431,-0.100866,0.001575,1.805254,-0.464270,-0.014656,-0.073024,-0.084634,-0.116797,0.595455,-0.331426,-0.015289,-0.088423,0.004219,0.246398,0.213612,-0.129675,0.815227,1.570752,0.000000,0.000000,0.347273,-0.222097,-0.063788,1.176522,0.060131,0.000000,0.000000
2.121065,0.031778,0.840903,0.032151,-0.089771,0.055095,0.993918,0.123368,-0.095978,0.006146,1.815493,-0.448527,-0.013647,-0.076291,-0.079488,-0.106051,0.614026,-0.348367,-0.015821,-0.089611,0.004207,0.247007,0.207147,-0.113296,0.839039,1.570658,0.000000,0.000000,0.338140,-0.221156,-0.061755,1.186811,0.067387,0.000000,0.000000
2.126879,0.030075,0.838233,0.031334,-0.088786,0.054306,0.994076,0.123229,-0.090201,0.011342,1.824436,-0.431965,-0.012495,-0.077772,-0.076563,-0.106554,0.631905,-0.349625,-0.014917,-0.091629,0.004176,0.246984,0.202105,-0.100563,0.863670,1.570571,0.000000,0.000000,0.328713,-0.220498,-0.063652,1.194256,0.069317,0.000000,0.000000
2.132296,0.026518,0.837035,0.029840,-0.086459,0.055117,0.994282,0.120815,-0.079597,0.014293,1.832191,-0.412476,-0.009947,-0.077612,-0.066281,-0.080504,0.636528,-0.368213,-0.016945,-0.095545,0.004260,0.243261,0.198471,-0.094994,0.890173,1.570509,0.000000,0.000000,0.317703,-0.219068,-0.065542,1.197590,0.073298,0.000000,0.000000
2.138150,0.023723,0.835842,0.028382,-0.084110,0.055155,0.994524,0.118913,-0.068719,0.018740,1.836161,-0.390448,-0.007652,-0.076179,-0.057421,-0.060076,0.640507,-0.393353,-0.018249,-0.096581,0.004243,0.239636,0.192913,-0.093703,0.914320,1.570428,0.000000,0.000000,0.309770,-0.217155,-0.068061,1.196831,0.083149,0.000000,0.000000
2.143865,0.021787,0.834776,0.027283,-0.081906,0.056027,0.994690,0.117233,-0.058690,0.023924,1.837586,-0.364302,-0.005706,-0.074142,-0.051500,-0.050691,0.643556,-0.411997,-0.018347,-0.096062,0.004172,0.237365,0.186397,-0.095003,0.936494,1.570331,0.000000,0.000000,0.303687,-0.215454,-0.073214,1.193501,0.094734,0.000000,0.000000
2.149673,0.019162,0.834092,0.026680,-0.079839,0.057530,0.994789,0.115399,-0.046048,0.028189,1.837717,-0.336642,-0.003223,-0.071539,-0.046590,-0.049697,0.644223,-0.423711,-0.017211,-0.094242,0.004130,0.235435,0.182775,-0.099900,0.956140,1.570260,0.000000,0.000000,0.300194,-0.212384,-0.082758,1.185102,0.106316,0.000000,0.000000
2.155300,0.016981,0.833775,0.026141,-0.077792,0.059164,0.994869,0.113262,-0.035716,0.031907,1.836685,-0.311018,-0.001262,-0.069090,-0.042266,-0.052350,0.642408,-0.431752,-0.015586,-0.091652,0.004095,0.232945,0.181699,-0.107046,0.972496,1.570211,0.000000,0.000000,0.299123,-0.208817,-0.093376,1.172440,0.119259,0.000000,0.000000
2.160842,0.014453,0.833772,0.025340,-0.075613,0.061185,0.994936,0.110263,-0.023953,0.035565,1.834946,-0.284176,0.000860,-0.066787,-0.036277,-0.056323,0.637776,-0.441041,-0.013306,-0.088568,0.003988,0.229254,0.182349,-0.118349,0.988931,1.570192,0.000000,0.000000,0.298751,-0.206347,-0.103348,1.157289,0.131827,0.000000,0.000000
2.166043,0.013485,0.833158,0.025769,-0.074523,0.061538,0.994985,0.107994,-0.015290,0.043238,1.833037,-0.252923,0.001981,-0.062502,-0.038883,-0.092087,0.638434,-0.425550,-0.007544,-0.081515,0.003731,0.227158,0.183768,-0.131831,1.004855,1.570170,0.000000,0.000000,0.302167,-0.205693,-0.117687,1.141070,0.138438,0.000000,0.000000
2.171166,0.010473,0.834127,0.025658,-0.071799,0.064596,0.994994,0.103537,-0.006491,0.044532,1.830136,-0.224171,0.003477,-0.058824,-0.033780,-0.086495,0.627243,-0.432467,-0.007345,-0.079098,0.003658,0.222588,0.183785,-0.144651,1.016572,1.570158,0.000000,0.000000,0.302781,-0.204167,-0.126858,1.129108,0.140915,0.000000,0.000000
2.176167,0.008226,0.834923,0.025906,-0.070275,0.065379,0.995046,0.099417,0.001790,0.048832,1.826397,-0.190397,0.004521,-0.053464,-0.031162,-0.087992,0.617832,-0.430271,-0.006468,-0.074304,0.003552,0.218275,0.185571,-0.160374,1.028055,1.570154,0.000000,0.000000,0.304003,-0.203431,-0.133442,1.115457,0.149572,0.000000,0.000000
2.181363,0.005092,0.836372,0.025469,-0.068163,0.067095,0.995090,0.093855,0.012855,0.052404,1.820977,-0.144245,0.005937,-0.047781,-0.023569,-0.073494,0.602324,-0.435805,-0.007131,-0.070464,0.003472,0.213959,0.189741,-0.176007,1.037937,1.570182,0.000000,0.000000,0.304350,-0.201835,-0.135948,1.098702,0.160748,0.000000,0.000000
2.186577,0.002976,0.837113,0.025313,-0.066792,0.067080,0.995188,0.089861,0.021079,0.058445,1.816741,-0.098529,0.006554,-0.042160,-0.020470,-0.074556,0.592385,-0.428971,-0.006184,-0.065545,0.003295,0.213601,0.193992,-0.187028,1.041580,1.570215,0.000000,0.000000,0.306145,-0.199540,-0.138842,1.083712,0.164554,0.000000,0.000000
2.191359,0.002061,0.837983,0.025988,-0.065930,0.066270,0.995282,0.086173,0.024804,0.067598,1.813254,-0.058697,0.006311,-0.035889,-0.021275,-0.080881,0.582998,-0.416349,-0.005312,-0.057724,0.002962,0.214510,0.197069,-0.196919,1.041527,1.570230,0.000000,0.000000,0.309099,-0.197959,-0.142898,1.069253,0.165780,0.000000,0.000000
2.195968,0.000997,0.840018,0.026384,-0.063985,0.066459,0.995386,0.080159,0.024854,0.074146,1.809843,-0.022463,0.005779,-0.031036,-0.016748,-0.056755,0.565580,-0.419022,-0.008413,-0.050490,0.002702,0.212736,0.200133,-0.207997,1.040808,1.570256,0.000000,0.000000,0.310092,-0.197933,-0.140426,1.054697,0.167652,0.000000,0.000000
2.200733,0.000666,0.840783,0.027980,-0.063639,0.063845,0.995536,0.076110,0.024115,0.083495,1.809617,0.003491,0.005030,-0.025035,-0.022041,-0.077882,0.558405,-0.392055,-0.006064,-0.040157,0.002345,0.214917,0.205675,-0.219274,1.040855,1.570287,0.000000,0.000000,0.314850,-0.199232,-0.141170,1.039918,0.163495,0.000000,0.000000
2.205084,0.000538,0.841763,0.029347,-0.062896,0.064180,0.995522,0.071373,0.021157,0.086220,1.811156,0.016643,0.004502,-0.020090,-0.024560,-0.083654,0.549685,-0.378407,-0.005757,-0.034563,0.002149,0.216954,0.209405,-0.227259,1.042789,1.570306,0.000000,0.000000,0.317431,-0.200018,-0.139481,1.030493,0.161236,0.000000,0.000000
2.209036,-0.000160,0.843347,0.030486,-0.061499,0.064583,0.995549,0.064124,0.018132,0.086437,1.814109,0.027320,0.004065,-0.013743,-0.025707,-0.079439,0.535244,-0.370328,-0.006863,-0.027959,0.001923,0.217544,0.210502,-0.230107,1.044468,1.570313,0.000000,0.000000,0.318965,-0.201009,-0.134962,1.021888,0.160571,0.000000,0.000000
2.212727,-0.001309,0.845427,0.031288,-0.059792,0.065369,0.995577,0.054040,0.016197,0.084966,1.818684,0.029608,0.003756,-0.005888,-0.025280,-0.066737,0.515570,-0.364350,-0.009030,-0.020533,0.001589,0.213764,0.207352,-0.223701,1.039564,1.570297,0.000000,0.000000,0.318071,-0.204062,-0.128115,1.014343,0.163323,0.000000,0.000000
2.217534,-0.005318,0.847361,0.031882,-0.058040,0.066348,0.995597,0.044456,0.024119,0.078388,1.826049,0.018557,0.004782,0.001077,-0.019409,-0.046210,0.495751,-0.360600,-0.011068,-0.016270,0.001482,0.212974,0.208253,-0.224396,1.034019,1.570291,0.000000,0.000000,0.316293,-0.207294,-0.117607,1.009123,0.163969,0.000000,0.000000
2.222277,-0.008508,0.848855,0.032380,-0.056895,0.065138,0.995727,0.035792,0.032022,0.074052,1.835114,-0.006481,0.005818,0.006501,-0.014370,-0.036266,0.479834,-0.354110,-0.011492,-0.007983,0.001270,0.213884,0.211858,-0.221916,1.027952,1.570326,0.000000,0.000000,0.317649,-0.211817,-0.106019,1.005579,0.157452,0.000000,0.000000
2.225789,-0.010383,0.849334,0.033683,-0.056798,0.062997,0.995827,0.025596,0.037093,0.072020,1.850745,-0.051772,0.006554,0.012407,-0.018187,-0.072811,0.471907,-0.320874,-0.006144,0.003708,0.000894,0.219455,0.213510,-0.214391,1.019624,1.570328,0.000000,0.000000,0.321969,-0.216699,-0.097233,1.000668,0.137550,0.000000,0.000000
2.229117,-0.013524,0.850452,0.034308,-0.055603,0.065325,0.995723,0.014007,0.043461,0.059587,1.864381,-0.096151,0.008545,0.016375,-0.013966,-0.070040,0.458748,-0.312482,-0.005564,0.006000,0.000791,0.220695,0.209984,-0.211676,1.015818,1.570289,0.000000,0.000000,0.320319,-0.217160,-0.086167,0.997427,0.119786,0.000000,0.000000
2.231802,-0.017405,0.851355,0.034729,-0.055082,0.065167,0.995748,0.001143,0.053587,0.046923,1.880555,-0.142325,0.011422,0.020613,-0.009206,-0.067847,0.447068,-0.302225,-0.004703,0.011544,0.000660,0.220953,0.208391,-0.207195,1.012633,1.570264,0.000000,0.000000,0.317522,-0.216842,-0.073622,0.997127,0.108306,0.000000,0.000000
2.234024,-0.021966,0.851812,0.035022,-0.054882,0.064721,0.995777,-0.011439,0.066819,0.034236,1.897219,-0.178559,0.015050,0.024596,-0.004393,-0.067316,0.438653,-0.291347,-0.003509,0.018310,0.000468,0.220187,0.210545,-0.200739,1.009794,1.570282,0.000000,0.000000,0.313245,-0.219006,-0.061155,1.000300,0.105810,0.000000,0.000000
2.235371,-0.024642,0.853069,0.035115,-0.053869,0.065646,0.995769,-0.026673,0.075575,0.023836,1.911277,-0.227310,0.018326,0.027716,-0.000073,-0.057958,0.428294,-0.286532,-0.004007,0.023553,0.000243,0.217265,0.211531,-0.194858,1.009123,1.570294,0.000000,0.000000,0.306589,-0.224092,-0.047694,1.004887,0.103762,0.000000,0.000000
2.237166,-0.028266,0.854465,0.034624,-0.052030,0.066732,0.995812,-0.043323,0.087785,0.009217,1.923475,-0.258745,0.022908,0.029311,0.008109,-0.031381,0.415383,-0.290747,-0.006433,0.027951,0.000081,0.213895,0.212745,-0.189055,1.006212,1.570318,0.000000,0.000000,0.299278,-0.227770,-0.032327,1.008022,0.103061,0.000000,0.000000
2.238731,-0.029938,0.855703,0.034861,-0.051488,0.065352,0.995923,-0.057190,0.093403,0.004199,1.931246,-0.288247,0.025260,0.029785,0.009849,-0.029483,0.410365,-0.283393,-0.006357,0.035556,-0.000168,0.213560,0.212526,-0.183751,0.999668,1.570319,0.000000,0.000000,0.295690,-0.229827,-0.020479,1.009346,0.103233,0.000000,0.000000
2.240778,-0.030714,0.857207,0.035402,-0.051243,0.064127,0.995996,-0.071213,0.094845,0.000095,1.936233,-0.314165,0.026874,0.029423,0.010351,-0.031097,0.406738,-0.276356,-0.005965,0.043775,-0.000434,0.212861,0.212462,-0.180610,0.993829,1.566365,0.000000,0.000000,0.292265,-0.232845,-0.006711,1.011475,0.104213,0.000000,0.000000
2.242027,-0.030444,0.857922,0.037184,-0.052114,0.059783,0.996156,-0.086377,0.091207,0.002081,1.941167,-0.342092,0.026850,0.029535,0.000082,-0.082084,0.413627,-0.237670,0.000390,0.058764,-0.000928,0.214346,0.212563,-0.173176,0.988615,1.563729,0.000000,0.000000,0.291425,-0.236696,0.002839,1.013512,0.101387,0.000000,0.000000
2.243570,-0.030588,0.858724,0.038288,-0.051978,0.059026,0.996167,-0.099994,0.088014,-0.002619,1.941251,-0.362824,0.027630,0.030090,-0.002107,-0.086418,0.411190,-0.228084,0.000539,0.065159,-0.001134,0.212824,0.212174,-0.167472,0.984640,1.562514,0.000000,0.000000,0.287099,-0.240045,0.016464,1.017762,0.100007,0.000000,0.000000
2.245070,-0.030178,0.859190,0.038945,-0.052230,0.057287,0.996230,-0.115066,0.083357,-0.005841,1.938254,-0.382110,0.027970,0.031686,-0.004427,-0.087100,0.409314,-0.219630,0.000035,0.071732,-0.001329,0.212898,0.212215,-0.161377,0.979474,1.563366,0.000000,0.000000,0.282324,-0.242927,0.034735,1.022426,0.102364,0.000000,0.000000
2.246913,-0.029228,0.859540,0.039556,-0.052445,0.055016,0.996322,-0.129480,0.076506,-0.005700,1.930848,-0.398017,0.027224,0.034066,-0.007518,-0.084809,0.407784,-0.217234,-0.001227,0.078359,-0.001561,0.214665,0.212407,-0.156039,0.973466,1.563252,0.000000,0.000000,0.277512,-0.244878,0.053629,1.026574,0.104454,0.000000,0.000000
2.249007,-0.027956,0.859732,0.040340,-0.052703,0.051256,0.996478,-0.143278,0.067689,-0.000951,1.918335,-0.410188,0.025151,0.037220,-0.012333,-0.080633,0.405960,-0.216075,-0.003321,0.086631,-0.001897,0.216611,0.212791,-0.150098,0.968031,1.562893,0.000000,0.000000,0.271928,-0.248874,0.072847,1.031316,0.100481,0.000000,0.000000
2.252198,-0.026919,0.860038,0.040567,-0.052490,0.047969,0.996643,-0.155895,0.059431,0.003733,1.899624,-0.419899,0.023135,0.040888,-0.012571,-0.051235,0.398697,-0.227530,-0.008582,0.093456,-0.002168,0.216747,0.214844,-0.144246,0.963596,1.558325,0.000000,0.000000,0.264432,-0.255678,0.096762,1.036501,0.098405,0.000000,0.000000
2.255692,-0.025882,0.860008,0.040712,-0.052848,0.042681,0.996859,-0.166152,0.052508,0.012056,1.877511,-0.431681,0.020515,0.044569,-0.015121,-0.043242,0.396250,-0.227203,-0.010769,0.101862,-0.002419,0.220049,0.219577,-0.136000,0.956775,1.551744,0.000000,0.000000,0.258068,-0.263469,0.119748,1.042169,0.103574,0.000000,0.000000
2.259678,-0.024763,0.859986,0.041068,-0.053210,0.037968,0.997016,-0.175789,0.044649,0.020368,1.849572,-0.441969,0.017552,0.048475,-0.018394,-0.040436,0.394455,-0.225938,-0.012205,0.110049,-0.002729,0.225515,0.223693,-0.127386,0.946201,1.549354,0.000000,0.000000,0.251177,-0.271277,0.143329,1.049236,0.103261,0.000000,0.000000
2.263674,-0.023408,0.859845,0.041340,-0.053862,0.032598,0.997160,-0.184378,0.035793,0.029073,1.817762,-0.448919,0.014013,0.052570,-0.022359,-0.042086,0.393345,-0.224935,-0.013037,0.119393,-0.003101,0.230598,0.224355,-0.120851,0.937377,1.550842,0.000000,0.000000,0.243296,-0.277674,0.163349,1.056392,0.086629,0.000000,0.000000
2.267811,-0.021848,0.859579,0.041594,-0.054601,0.026753,0.997283,-0.192302,0.026235,0.037764,1.782342,-0.456676,0.010085,0.056908,-0.026988,-0.045454,0.392431,-0.223244,-0.013756,0.129483,-0.003462,0.235760,0.223941,-0.112998,0.931118,1.551739,0.000000,0.000000,0.234827,-0.281982,0.178168,1.064158,0.064518,0.000000,0.000000
2.272311,-0.019955,0.859231,0.042023,-0.055191,0.021667,0.997356,-0.199890,0.015534,0.044970,1.743035,-0.463889,0.005996,0.061585,-0.032081,-0.048042,0.391316,-0.221738,-0.014746,0.138323,-0.003754,0.241139,0.224182,-0.101540,0.924354,1.555890,0.000000,0.000000,0.226074,-0.284474,0.191049,1.073238,0.049761,0.000000,0.000000
2.277120,-0.017917,0.858666,0.042389,-0.055771,0.017711,0.997386,-0.207260,0.004452,0.049788,1.700014,-0.468870,0.002195,0.066826,-0.036535,-0.048932,0.389928,-0.220856,-0.015865,0.145156,-0.003990,0.245716,0.225686,-0.092144,0.918473,1.562739,0.000000,0.000000,0.216628,-0.288358,0.206376,1.083507,0.045580,0.000000,0.000000
2.282176,-0.016102,0.857897,0.042605,-0.056427,0.014143,0.997397,-0.213881,-0.005161,0.053788,1.654729,-0.469353,-0.001160,0.072445,-0.040294,-0.050677,0.387988,-0.218848,-0.016651,0.150365,-0.004205,0.251112,0.227756,-0.085625,0.912851,1.564763,0.000000,0.000000,0.207212,-0.293413,0.220282,1.092953,0.044577,0.000000,0.000000
2.287387,-0.014757,0.857126,0.042883,-0.057132,0.010124,0.997394,-0.219520,-0.012958,0.058868,1.605306,-0.466327,-0.004347,0.078340,-0.044140,-0.053543,0.385712,-0.216232,-0.017276,0.155551,-0.004413,0.258085,0.228907,-0.079085,0.906318,1.561647,0.000000,0.000000,0.197472,-0.297160,0.231328,1.102028,0.044097,0.000000,0.000000
2.292797,-0.013545,0.856400,0.043148,-0.057803,0.005856,0.997378,-0.223982,-0.019970,0.062562,1.552525,-0.463329,-0.007005,0.084340,-0.047779,-0.055049,0.383487,-0.215535,-0.018083,0.161289,-0.004658,0.264056,0.229398,-0.073529,0.901221,1.557423,0.000000,0.000000,0.187090,-0.299092,0.243118,1.111349,0.048802,0.000000,0.000000
2.298540,-0.011976,0.855774,0.043218,-0.058012,0.002490,0.997377,-0.227913,-0.027884,0.062334,1.496230,-0.460389,-0.008949,0.090361,-0.050849,-0.055298,0.380573,-0.215898,-0.018949,0.165883,-0.004826,0.268403,0.230399,-0.069048,0.897588,1.551738,0.000000,0.000000,0.175752,-0.302075,0.253702,1.121357,0.053643,0.000000,0.000000
2.304471,-0.010777,0.855529,0.043244,-0.057728,-0.000091,0.997395,-0.231437,-0.034815,0.060794,1.434816,-0.458640,-0.010243,0.096532,-0.053205,-0.055836,0.376510,-0.215569,-0.019564,0.169161,-0.005003,0.272049,0.231630,-0.064124,0.895439,1.546092,0.000000,0.000000,0.162667,-0.306844,0.261335,1.133022,0.053837,0.000000,0.000000
2.310376,-0.010428,0.855266,0.043275,-0.057327,-0.002743,0.997413,-0.233835,-0.038643,0.060593,1.371297,-0.457049,-0.010955,0.102507,-0.054707,-0.056964,0.372105,-0.214572,-0.019836,0.172041,-0.005103,0.275894,0.232195,-0.057917,0.893864,1.545048,0.000000,0.000000,0.149043,-0.308989,0.266973,1.143449,0.052974,0.000000,0.000000
2.316140,-0.010633,0.854947,0.043224,-0.057037,-0.006910,0.997412,-0.234860,-0.039605,0.063154,1.305548,-0.452939,-0.011502,0.108118,-0.056394,-0.059696,0.368332,-0.212967,-0.019885,0.176471,-0.005262,0.280446,0.232088,-0.051238,0.893019,1.547063,0.000000,0.000000,0.135613,-0.309406,0.271018,1.152177,0.054025,0.000000,0.000000
2.321976,-0.010801,0.854610,0.043348,-0.056328,-0.010417,0.997416,-0.235154,-0.040635,0.064831,1.237039,-0.449200,-0.011779,0.113457,-0.057601,-0.059771,0.364148,-0.211767,-0.020260,0.180005,-0.005416,0.283644,0.230579,-0.045983,0.893672,1.547729,0.000000,0.000000,0.121039,-0.311595,0.274725,1.162201,0.057663,0.000000,0.000000
2.327827,-0.011068,0.854227,0.043435,-0.055124,-0.013869,0.997438,-0.234917,-0.041863,0.065740,1.165594,-0.445725,-0.011836,0.118360,-0.057892,-0.058709,0.359258,-0.209315,-0.020563,0.182771,-0.005542,0.285726,0.228874,-0.040139,0.894837,1.546703,0.000000,0.000000,0.105251,-0.313498,0.277790,1.175413,0.064654,0.000000,0.000000
2.333688,-0.011421,0.853737,0.043379,-0.053653,-0.017331,0.997466,-0.233887,-0.042297,0.066291,1.091570,-0.439103,-0.011510,0.122677,-0.057938,-0.057886,0.354638,-0.205329,-0.020768,0.184750,-0.005602,0.286972,0.227954,-0.033752,0.897004,1.547473,0.000000,0.000000,0.088357,-0.314874,0.279124,1.187342,0.074807,0.000000,0.000000
2.339694,-0.011515,0.853247,0.043490,-0.051889,-0.020653,0.997492,-0.231556,-0.042474,0.067448,1.013982,-0.431192,-0.011195,0.126276,-0.059754,-0.059020,0.350589,-0.203557,-0.021134,0.186141,-0.005695,0.287891,0.225881,-0.026865,0.900230,1.550681,0.000000,0.000000,0.071434,-0.315902,0.276430,1.195779,0.081724,0.000000,0.000000
2.345772,-0.011809,0.852511,0.043459,-0.049845,-0.022271,0.997562,-0.228093,-0.042661,0.067975,0.931502,-0.424330,-0.010612,0.129557,-0.060156,-0.057707,0.347620,-0.205262,-0.021487,0.185527,-0.005697,0.289205,0.221468,-0.022751,0.903679,1.551132,0.000000,0.000000,0.055776,-0.316824,0.272484,1.201457,0.088073,0.000000,0.000000
2.351312,-0.013116,0.851274,0.043119,-0.048064,-0.021699,0.997677,-0.224485,-0.041668,0.064128,0.849335,-0.413184,-0.008777,0.132797,-0.056350,-0.052714,0.347445,-0.208575,-0.021255,0.181172,-0.005600,0.288708,0.227736,-0.034476,0.908949,1.527923,0.000000,0.000000,0.037558,-0.323112,0.282469,1.201147,0.105473,0.000000,0.000000
2.356385,-0.015380,0.849987,0.042503,-0.045303,-0.027425,0.997692,-0.219927,-0.036725,0.071914,0.763389,-0.396773,-0.008379,0.133472,-0.054568,-0.056428,0.347186,-0.205716,-0.020140,0.183602,-0.005674,0.287843,0.231797,-0.035297,0.915137,1.515760,0.000000,0.000000,0.018763,-0.326257,0.286944,1.202060,0.122621,0.000000,0.000000
2.362121,-0.017628,0.848632,0.041905,-0.041842,-0.029595,0.997806,-0.213802,-0.030629,0.075064,0.671134,-0.366804,-0.006774,0.134062,-0.051282,-0.054605,0.345812,-0.205099,-0.019499,0.182877,-0.005672,0.277608,0.227869,-0.035090,0.939060,1.514163,0.000000,0.000000,-0.001808,-0.322878,0.292239,1.211998,0.151749,0.000000,0.000000
2.367589,-0.018275,0.847213,0.041191,-0.038428,-0.029789,0.997968,-0.208633,-0.028868,0.077678,0.581563,-0.346246,-0.006082,0.134880,-0.047490,-0.050181,0.344553,-0.206413,-0.019169,0.178683,-0.005630,0.271010,0.221081,-0.034707,0.952440,1.514410,0.000000,0.000000,-0.019378,-0.318646,0.297412,1.214826,0.159431,0.000000,0.000000
2.373743,-0.018484,0.845967,0.041191,-0.034823,-0.031517,0.998047,-0.199815,-0.030517,0.081682,0.484553,-0.323392,-0.006337,0.135971,-0.046357,-0.046426,0.342264,-0.207726,-0.019508,0.174451,-0.005515,0.266312,0.215010,-0.031161,0.962792,1.517566,0.000000,0.000000,-0.040169,-0.316180,0.293907,1.215466,0.171846,0.000000,0.000000
2.379438,-0.018744,0.846480,0.040982,-0.030972,-0.034948,0.998068,-0.191013,-0.032031,0.087159,0.388650,-0.302996,-0.006590,0.136083,-0.047128,-0.048177,0.339938,-0.206855,-0.019445,0.174021,-0.005521,0.260896,0.209017,-0.025310,0.972062,1.524268,0.000000,0.000000,-0.062533,-0.317866,0.290716,1.221467,0.163080,0.000000,0.000000
2.385006,-0.019218,0.850424,0.039765,-0.026510,-0.036539,0.998189,-0.184608,-0.031827,0.087489,0.297982,-0.288672,-0.005485,0.135509,-0.043932,-0.045012,0.338073,-0.208588,-0.019033,0.170723,-0.005300,0.259188,0.208353,-0.024239,0.974831,1.524053,0.000000,0.000000,-0.075617,-0.316262,0.285162,1.220971,0.181343,0.000000,0.000000
2.391009,-0.019111,0.851898,0.038952,-0.022589,-0.038908,0.998228,-0.176995,-0.032262,0.083366,0.208862,-0.269406,-0.003999,0.135259,-0.042030,-0.040439,0.337731,-0.209844,-0.019277,0.167999,-0.005237,0.257497,0.206001,-0.023337,0.980808,1.524728,0.000000,0.000000,-0.088302,-0.312779,0.287047,1.210212,0.188605,0.000000,0.000000
2.397165,-0.018629,0.851304,0.038139,-0.019374,-0.041898,0.998206,-0.168990,-0.032462,0.076752,0.126510,-0.246109,-0.002388,0.135624,-0.041839,-0.037858,0.338790,-0.209411,-0.019698,0.165833,-0.005319,0.256048,0.202560,-0.019827,0.990384,1.530339,0.000000,0.000000,-0.103355,-0.311991,0.289489,1.197916,0.177374,0.000000,0.000000
2.403501,-0.018234,0.849152,0.037164,-0.016218,-0.044468,0.998188,-0.161489,-0.031700,0.068289,0.050514,-0.223274,-0.000585,0.136134,-0.041702,-0.036468,0.340312,-0.209283,-0.019923,0.162669,-0.005256,0.254451,0.198793,-0.016098,0.999922,1.536712,0.000000,0.000000,-0.116059,-0.309323,0.290343,1.185856,0.167458,0.000000,0.000000
2.410126,-0.017938,0.846091,0.035919,-0.013094,-0.045665,0.998225,-0.154746,-0.030391,0.059742,-0.017450,-0.200054,0.001129,0.136777,-0.040077,-0.034087,0.342653,-0.210120,-0.019881,0.157344,-0.005115,0.251767,0.194327,-0.012403,1.010026,1.540588,0.000000,0.000000,-0.125308,-0.302744,0.290691,1.172813,0.168143,0.000000,0.000000
2.417080,-0.017384,0.847466,0.034469,-0.010722,-0.046115,0.998284,-0.154042,-0.030263,0.058832,-0.017450,-0.196936,0.001272,0.136948,-0.039828,-0.033891,0.343156,-0.210229,-0.019843,0.156598,-0.005094,0.251425,0.193863,-0.012137,1.011523,1.540982,0.000000,0.000000,-0.126178,-0.301999,0.290642,1.171195,0.168498,0.000000,0.000000
2.424255,-0.016757,0.848698,0.033168,-0.008883,-0.046707,0.998318,-0.152964,-0.030094,0.057425,-0.017450,-0.191787,0.001470,0.137296,-0.039507,-0.033792,0.344161,-0.210486,-0.019769,0.155329,-0.005049,0.251042,0.193150,-0.011830,1.014027,1.541619,0.000000,0.000000,-0.127493,-0.300948,0.290568,1.168509,0.168704,0.000000,0.000000
2.431324,-0.016469,0.849901,0.032019,-0.007058,-0.047688,0.998324,-0.151681,-0.029841,0.055720,-0.017450,-0.186226,0.001702,0.137721,-0.039111,-0.033644,0.345726,-0.210918,-0.019682,0.153537,-0.005004,0.250765,0.192108,-0.011290,1.017239,1.542314,0.000000,0.000000,-0.129248,-0.299663,0.290576,1.164781,0.168508,0.000000,0.000000
2.438396,-0.016004,0.851223,0.030977,-0.005526,-0.048338,0.998335,-0.149265,-0.029784,0.053899,-0.017450,-0.176018,0.001891,0.138640,-0.038196,-0.033015,0.349961,-0.212031,-0.019532,0.149296,-0.004913,0.250370,0.189561,-0.010005,1.024593,1.543813,0.000000,0.000000,-0.133134,-0.297126,0.290733,1.155875,0.166890,0.000000,0.000000
2.445618,-0.015069,0.852515,0.030095,-0.004341,-0.049208,0.998326,-0.146387,-0.030932,0.054279,-0.017450,-0.162895,0.001601,0.139950,-0.037102,-0.031700,0.357357,-0.213956,-0.019462,0.143419,-0.004839,0.249704,0.185642,-0.008594,1.036085,1.546485,0.000000,0.000000,-0.138462,-0.294092,0.290378,1.142698,0.162500,0.000000,0.000000
2.453021,-0.013998,0.853710,0.029200,-0.003461,-0.050081,0.998312,-0.143649,-0.033640,0.056821,-0.017450,-0.148731,0.000750,0.141420,-0.036206,-0.029954,0.368003,-0.216538,-0.019547,0.137197,-0.004732,0.248421,0.181005,-0.007487,1.051187,1.550744,0.000000,0.000000,-0.143989,-0.290745,0.288087,1.126436,0.156146,0.000000,0.000000
2.460395,-0.013231,0.854688,0.028121,-0.003023,-0.050163,0.998340,-0.141262,-0.037184,0.059525,-0.017450,-0.137182,-0.000321,0.142802,-0.035194,-0.028045,0.382009,-0.220021,-0.019645,0.131377,-0.004578,0.246446,0.176667,-0.007773,1.069088,1.555925,0.000000,0.000000,-0.147985,-0.287263,0.283653,1.107181,0.149440,0.000000,0.000000
2.467807,-0.012611,0.855586,0.026842,-0.002778,-0.049362,0.998416,-0.138675,-0.041743,0.062017,-0.017450,-0.129081,-0.001635,0.144095,-0.033311,-0.025515,0.402451,-0.226326,-0.019620,0.125334,-0.004435,0.243459,0.172850,-0.011910,1.092822,1.562146,0.000000,0.000000,-0.149889,-0.283594,0.275627,1.082980,0.141065,0.000000,0.000000
2.475319,-0.012093,0.856254,0.025665,-0.002408,-0.049251,0.998454,-0.136717,-0.044613,0.059830,-0.017450,-0.127157,-0.002075,0.144459,-0.031803,-0.024187,0.422228,-0.230804,-0.019500,0.122493,-0.004366,0.240326,0.171048,-0.020206,1.113853,1.566823,0.000000,0.000000,-0.148873,-0.281159,0.266135,1.064450,0.134796,0.000000,0.000000
2.483328,-0.011622,0.856761,0.024830,-0.002136,-0.049429,0.998467,-0.135006,-0.045912,0.054433,-0.017450,-0.125242,-0.001797,0.144560,-0.031247,-0.023225,0.438365,-0.231319,-0.019585,0.121226,-0.004327,0.238010,0.170064,-0.029377,1.129988,1.568499,0.000000,0.000000,-0.146474,-0.279440,0.258682,1.051393,0.132271,0.000000,0.000000
2.491565,-0.011366,0.857242,0.023834,-0.002121,-0.047977,0.998562,-0.133513,-0.046301,0.049119,-0.017450,-0.119417,-0.001341,0.144390,-0.029822,-0.021466,0.454890,-0.230706,-0.019542,0.119261,-0.004289,0.234541,0.169460,-0.040209,1.146205,1.569218,0.000000,0.000000,-0.141613,-0.278003,0.251288,1.039601,0.131974,0.000000,0.000000
2.499877,-0.011150,0.857664,0.022687,-0.002821,-0.046805,0.998642,-0.131682,-0.045117,0.042845,-0.017450,-0.109359,-0.000505,0.143496,-0.028297,-0.021200,0.477883,-0.221789,-0.019244,0.116551,-0.004233,0.230815,0.168549,-0.052479,1.164895,1.569568,0.000000,0.000000,-0.134441,-0.276411,0.243363,1.027943,0.131676,0.000000,0.000000
2.507812,-0.010582,0.857994,0.021467,-0.004047,-0.046008,0.998702,-0.129651,-0.042582,0.034590,-0.017450,-0.098528,0.000829,0.140992,-0.027198,-0.021871,0.505472,-0.199803,-0.018934,0.114728,-0.004159,0.225664,0.167330,-0.064682,1.186106,1.569702,0.000000,0.000000,-0.126030,-0.272939,0.234450,1.012089,0.127360,0.000000,0.000000
2.516512,-0.009953,0.858224,0.020498,-0.005406,-0.044426,0.998788,-0.127403,-0.040576,0.027039,-0.017450,-0.090207,0.002015,0.138997,-0.025368,-0.020467,0.531284,-0.182045,-0.018742,0.111307,-0.004035,0.221649,0.166819,-0.075081,1.203638,1.569735,0.000000,0.000000,-0.119532,-0.268103,0.226552,1.001216,0.127043,0.000000,0.000000
2.524935,-0.009219,0.858430,0.019522,-0.007297,-0.043598,0.998832,-0.124440,-0.038321,0.018273,-0.017450,-0.080147,0.003425,0.135422,-0.023773,-0.019735,0.562775,-0.165125,-0.018475,0.108503,-0.003927,0.217531,0.168679,-0.088868,1.222709,1.569760,0.000000,0.000000,-0.106624,-0.265910,0.214900,0.997907,0.139995,0.000000,0.000000
2.533991,-0.008454,0.858417,0.019179,-0.009797,-0.043691,0.998813,-0.120407,-0.037223,0.010210,-0.017450,-0.075192,0.004574,0.132354,-0.024644,-0.022026,0.593244,-0.142298,-0.018379,0.107128,-0.003950,0.216170,0.168800,-0.098419,1.237278,1.569773,0.000000,0.000000,-0.094178,-0.265598,0.209288,0.997093,0.139586,0.000000,0.000000
2.542414,-0.007461,0.858492,0.018875,-0.012624,-0.041213,0.998892,-0.116008,-0.037067,-0.002396,-0.014369,-0.076819,0.006192,0.127552,-0.025202,-0.026767,0.628745,-0.106558,-0.017675,0.104339,-0.003826,0.214338,0.166727,-0.109733,1.251661,1.569763,0.000000,0.000000,-0.077519,-0.258586,0.201852,0.988692,0.140056,0.000000,0.000000
2.551241,-0.006071,0.859450,0.018643,-0.014787,-0.036827,0.999038,-0.111883,-0.038153,-0.018904,0.000725,-0.084119,0.008122,0.122594,-0.024401,-0.029161,0.660638,-0.071799,-0.016930,0.097537,-0.003618,0.212361,0.165983,-0.120540,1.262104,1.569760,0.000000,0.000000,-0.064223,-0.258776,0.190788,0.993733,0.142806,0.000000,0.000000
2.560702,-0.004859,0.860320,0.019102,-0.016525,-0.033763,0.999111,-0.106608,-0.040457,-0.034952,0.014131,-0.091033,0.009764,0.117498,-0.026246,-0.031861,0.690637,-0.037198,-0.016912,0.091069,-0.003344,0.211248,0.163422,-0.128375,1.269058,1.569753,0.000000,0.000000,-0.053859,-0.256183,0.183012,0.995030,0.147878,0.000000,0.000000
2.569041,-0.004117,0.861038,0.019081,-0.019554,-0.031535,0.999129,-0.099405,-0.041979,-0.047895,0.025667,-0.095875,0.011179,0.110251,-0.029760,-0.038182,0.726514,0.009499,-0.016638,0.086643,-0.003110,0.210138,0.161557,-0.136038,1.275787,1.569743,0.000000,0.000000,-0.040982,-0.251569,0.176348,0.998107,0.153829,0.000000,0.000000
2.577177,-0.004049,0.861924,0.018022,-0.022752,-0.030509,0.999113,-0.090994,-0.041300,-0.052547,0.035716,-0.100043,0.011937,0.102486,-0.031518,-0.042954,0.763217,0.067333,-0.015992,0.082554,-0.002922,0.210684,0.163230,-0.141397,1.278390,1.569752,0.000000,0.000000,-0.028969,-0.248097,0.171062,1.007376,0.158483,0.000000,0.000000
2.585334,-0.003772,0.862721,0.016990,-0.025421,-0.029680,0.999092,-0.082179,-0.040543,-0.055374,0.041911,-0.103591,0.012484,0.094518,-0.033043,-0.045992,0.796344,0.117487,-0.015533,0.077931,-0.002736,0.211648,0.164930,-0.146790,1.277728,1.569762,0.000000,0.000000,-0.017607,-0.242388,0.169038,1.011142,0.165362,0.000000,0.000000
2.594083,-0.003127,0.863347,0.016518,-0.027618,-0.027729,0.999097,-0.073292,-0.041199,-0.061454,0.045579,-0.107635,0.013191,0.087714,-0.035457,-0.050884,0.825822,0.150761,-0.015025,0.071803,-0.002562,0.211227,0.165238,-0.152090,1.275285,1.569772,0.000000,0.000000,-0.006359,-0.232427,0.170958,1.006588,0.171022,0.000000,0.000000
2.602523,-0.002484,0.864008,0.015708,-0.030258,-0.025490,0.999094,-0.061938,-0.041413,-0.069975,0.045332,-0.109852,0.014338,0.078962,-0.036665,-0.053205,0.860625,0.190800,-0.014509,0.063010,-0.002360,0.212833,0.167971,-0.155737,1.268232,1.569796,0.000000,0.000000,0.007216,-0.227119,0.171637,1.014424,0.182597,0.000000,0.000000
2.611358,-0.001877,0.864720,0.014561,-0.032921,-0.023294,0.999080,-0.050956,-0.041074,-0.076509,0.046401,-0.112559,0.015333,0.071615,-0.036741,-0.053842,0.890771,0.229981,-0.013946,0.053934,-0.002148,0.213200,0.168791,-0.154688,1.261696,1.569814,0.000000,0.000000,0.012838,-0.221581,0.176257,1.022349,0.178496,0.000000,0.000000
2.620049,-0.000811,0.865400,0.013541,-0.035353,-0.022194,0.999037,-0.038906,-0.041120,-0.081103,0.044959,-0.115429,0.015962,0.063475,-0.038703,-0.053938,0.920155,0.270080,-0.013894,0.044278,-0.001861,0.214081,0.169995,-0.152964,1.253159,1.569822,0.000000,0.000000,0.019684,-0.215852,0.183874,1.031075,0.175845,0.000000,0.000000
2.628673,0.000682,0.865966,0.012752,-0.037649,-0.021849,0.998971,-0.026357,-0.041850,-0.084776,0.041490,-0.119625,0.016295,0.054897,-0.042921,-0.053348,0.948735,0.305760,-0.014454,0.034811,-0.001598,0.215706,0.172151,-0.152328,1.242718,1.569854,0.000000,0.000000,0.027643,-0.213055,0.193719,1.042540,0.175544,0.000000,0.000000
2.637362,0.002323,0.866469,0.011911,-0.039726,-0.021022,0.998918,-0.014577,-0.042658,-0.089114,0.037172,-0.122655,0.016708,0.046449,-0.047082,-0.051572,0.974516,0.330346,-0.015194,0.025082,-0.001319,0.217240,0.173723,-0.150981,1.232528,1.569843,0.000000,0.000000,0.034041,-0.209116,0.205643,1.054508,0.178238,0.000000,0.000000
2.645998,0.004200,0.866931,0.011201,-0.041805,-0.018787,0.998886,-0.003276,-0.043934,-0.092869,0.033791,-0.124380,0.016942,0.038028,-0.051185,-0.051917,0.998545,0.332724,-0.015729,0.013983,-0.000980,0.218711,0.176315,-0.150636,1.220870,1.566735,0.000000,0.000000,0.040725,-0.204727,0.216020,1.067702,0.183830,0.000000,0.000000
2.654347,0.006299,0.867267,0.010829,-0.044049,-0.015996,0.998843,0.007289,-0.045889,-0.096274,0.032044,-0.127353,0.016970,0.029672,-0.054948,-0.051618,1.021504,0.324994,-0.016410,0.003519,-0.000709,0.220000,0.179474,-0.152353,1.208469,1.561439,0.000000,0.000000,0.047527,-0.203926,0.222998,1.083420,0.185831,0.000000,0.000000
2.662051,0.008830,0.867536,0.010498,-0.046286,-0.013694,0.998779,0.017102,-0.048660,-0.098997,0.032241,-0.132986,0.016702,0.020647,-0.060075,-0.053043,1.042565,0.303060,-0.017324,-0.006017,-0.000402,0.220487,0.183170,-0.154283,1.195341,1.559479,0.000000,0.000000,0.053352,-0.204162,0.228785,1.097847,0.179722,0.000000,0.000000
2.667699,0.011255,0.867713,0.010395,-0.047957,-0.010911,0.998736,0.023042,-0.051889,-0.101787,0.038786,-0.142053,0.016330,0.008608,-0.066234,-0.056546,1.063342,0.274739,-0.018275,-0.016163,-0.000046,0.219291,0.187479,-0.157734,1.180411,1.563302,0.000000,0.000000,0.057329,-0.202536,0.235258,1.110980,0.169709,0.000000,0.000000
2.672704,0.013052,0.867858,0.010260,-0.049154,-0.007570,0.998710,0.027112,-0.054286,-0.105255,0.045976,-0.150393,0.016270,-0.005550,-0.071639,-0.060844,1.082883,0.243695,-0.018965,-0.026284,0.000307,0.216041,0.192129,-0.162255,1.165085,1.568701,0.000000,0.000000,0.060430,-0.199106,0.240929,1.125550,0.159531,0.000000,0.000000
2.676839,0.014851,0.868012,0.009897,-0.050001,-0.002681,0.998697,0.029777,-0.055949,-0.109839,0.051577,-0.155062,0.016554,-0.021556,-0.076271,-0.066016,1.102701,0.208914,-0.019322,-0.036785,0.000639,0.210852,0.196884,-0.166672,1.152173,1.569887,0.000000,0.000000,0.064458,-0.195731,0.243071,1.138186,0.147197,0.000000,0.000000
2.681973,0.017304,0.868124,0.009508,-0.051085,0.002808,0.998645,0.032785,-0.058461,-0.114593,0.057959,-0.160945,0.016665,-0.035288,-0.082842,-0.074682,1.116931,0.177767,-0.019568,-0.046393,0.000957,0.204091,0.201393,-0.169778,1.141415,1.570191,0.000000,0.000000,0.070771,-0.193371,0.242299,1.148520,0.134775,0.000000,0.000000
2.687425,0.019650,0.868164,0.009209,-0.052339,0.007518,0.998559,0.036024,-0.061209,-0.118995,0.064774,-0.168949,0.016667,-0.047128,-0.089919,-0.084325,1.125824,0.157349,-0.019651,-0.055151,0.001260,0.196959,0.205506,-0.170757,1.130478,1.570318,0.000000,0.000000,0.076205,-0.191650,0.241860,1.160384,0.127246,0.000000,0.000000
2.693267,0.021348,0.868263,0.008700,-0.053732,0.012315,0.998442,0.039700,-0.062890,-0.122698,0.072523,-0.176452,0.016830,-0.058126,-0.095231,-0.093174,1.130892,0.142351,-0.019327,-0.064724,0.001598,0.190200,0.209943,-0.173310,1.119468,1.568195,0.000000,0.000000,0.081551,-0.189500,0.240670,1.172186,0.124161,0.000000,0.000000
2.699352,0.023111,0.868331,0.008364,-0.055172,0.017941,0.998281,0.043702,-0.064653,-0.126593,0.080968,-0.183206,0.017004,-0.068538,-0.100620,-0.103262,1.133350,0.125000,-0.018779,-0.074587,0.001949,0.183484,0.214655,-0.178472,1.108468,1.565304,0.000000,0.000000,0.087116,-0.187123,0.235839,1.185722,0.123516,0.000000,0.000000
2.705307,0.024846,0.868286,0.008340,-0.056759,0.023646,0.998073,0.047570,-0.067094,-0.132068,0.089265,-0.189825,0.017239,-0.078313,-0.106212,-0.113894,1.133843,0.106197,-0.018161,-0.083589,0.002276,0.176617,0.218920,-0.185336,1.097861,1.560860,0.000000,0.000000,0.091170,-0.185624,0.232248,1.204666,0.124545,0.000000,0.000000
2.711275,0.026124,0.868250,0.008179,-0.058378,0.028822,0.997845,0.051369,-0.068922,-0.137625,0.097539,-0.195984,0.017645,-0.087838,-0.110699,-0.123820,1.130807,0.091294,-0.017315,-0.092126,0.002618,0.169459,0.223688,-0.194181,1.087403,1.558848,0.000000,0.000000,0.095110,-0.183733,0.230505,1.223600,0.127060,0.000000,0.000000
2.717759,0.027273,0.868288,0.007622,-0.059870,0.034450,0.997582,0.055291,-0.069739,-0.142471,0.106087,-0.201913,0.018197,-0.096658,-0.114163,-0.134687,1.124203,0.074950,-0.015979,-0.101052,0.003006,0.161646,0.228923,-0.202410,1.077785,1.562438,0.000000,0.000000,0.102451,-0.180095,0.221864,1.234001,0.128977,0.000000,0.000000
2.724575,0.028051,0.868347,0.006990,-0.061167,0.040913,0.997264,0.059163,-0.069844,-0.148344,0.114725,-0.207542,0.019077,-0.104929,-0.115924,-0.144788,1.114689,0.056976,-0.014329,-0.110344,0.003340,0.154222,0.233379,-0.209366,1.067893,1.561266,0.000000,0.000000,0.111950,-0.176335,0.209390,1.239599,0.130752,0.000000,0.000000
2.731261,0.028521,0.868388,0.006414,-0.062415,0.047249,0.996911,0.062930,-0.069360,-0.153739,0.123205,-0.213333,0.020038,-0.113064,-0.116690,-0.153007,1.102596,0.038778,-0.012768,-0.119069,0.003626,0.147278,0.237510,-0.216730,1.057238,1.553770,0.000000,0.000000,0.121123,-0.173882,0.199749,1.246160,0.133355,0.000000,0.000000
2.737751,0.028943,0.868442,0.005656,-0.063605,0.053355,0.996532,0.066671,-0.068250,-0.156913,0.131387,-0.219099,0.020828,-0.120965,-0.116962,-0.161415,1.087084,0.022787,-0.010981,-0.127360,0.003941,0.137830,0.242052,-0.223255,1.048040,1.550557,0.000000,0.000000,0.129088,-0.171910,0.191697,1.254597,0.131938,0.000000,0.000000
2.744288,0.029151,0.868440,0.005077,-0.064720,0.058955,0.996148,0.070386,-0.067092,-0.159705,0.139446,-0.224884,0.021569,-0.128486,-0.116781,-0.169588,1.067525,0.008082,-0.009089,-0.135052,0.004261,0.126642,0.247643,-0.229136,1.038193,1.550433,0.000000,0.000000,0.137280,-0.170298,0.184270,1.262012,0.129880,0.000000,0.000000
2.751093,0.029305,0.868348,0.004707,-0.065672,0.063602,0.995801,0.074306,-0.066122,-0.162296,0.147846,-0.231101,0.022238,-0.135797,-0.116814,-0.176999,1.043873,-0.007993,-0.007437,-0.142454,0.004544,0.116941,0.254227,-0.236557,1.024357,1.550679,0.000000,0.000000,0.147130,-0.168095,0.175826,1.267287,0.134442,0.000000,0.000000
2.757992,0.029328,0.868305,0.004004,-0.066480,0.068674,0.995414,0.078122,-0.064287,-0.164592,0.156122,-0.236072,0.023097,-0.142373,-0.115894,-0.184077,1.017367,-0.022556,-0.005577,-0.149031,0.004846,0.108040,0.259786,-0.247608,1.011741,1.553161,0.000000,0.000000,0.156781,-0.163761,0.164576,1.272895,0.142219,0.000000,0.000000
2.764780,0.029116,0.868236,0.003242,-0.067202,0.072682,0.995083,0.081872,-0.061889,-0.166106,0.164188,-0.241741,0.023981,-0.148832,-0.114019,-0.189844,0.988161,-0.036146,-0.003742,-0.153792,0.005021,0.098776,0.263840,-0.256866,1.002239,1.555128,0.000000,0.000000,0.166420,-0.158478,0.149722,1.275123,0.148293,0.000000,0.000000
2.771361,0.029092,0.868106,0.002619,-0.067418,0.076344,0.994796,0.084995,-0.059905,-0.168494,0.171089,-0.248749,0.024872,-0.155254,-0.112606,-0.195996,0.957043,-0.047505,-0.001947,-0.157572,0.005164,0.088198,0.268309,-0.262354,0.992001,1.552827,0.000000,0.000000,0.174472,-0.154743,0.136907,1.276974,0.153161,0.000000,0.000000
2.778150,0.028993,0.867958,0.001956,-0.067177,0.080403,0.994494,0.087791,-0.057515,-0.172216,0.177606,-0.256338,0.026057,-0.161610,-0.110746,-0.203522,0.920667,-0.060113,0.000234,-0.163552,0.005319,0.081280,0.266384,-0.273414,0.997364,1.537419,0.000000,0.000000,0.180084,-0.149546,0.128548,1.283463,0.161390,0.000000,0.000000
2.785173,0.029042,0.867620,0.001917,-0.067406,0.084142,0.994169,0.091167,-0.056245,-0.174441,0.184876,-0.264009,0.026743,-0.166464,-0.110350,-0.212313,0.882572,-0.070560,0.002164,-0.167927,0.005531,0.067539,0.270951,-0.279119,0.986290,1.538674,0.000000,0.000000,0.185553,-0.147093,0.121469,1.288770,0.165097,0.000000,0.000000
2.792584,0.028860,0.867206,0.001786,-0.067567,0.087111,0.993903,0.094798,-0.054852,-0.175469,0.192561,-0.271909,0.027292,-0.170199,-0.109440,-0.219722,0.842726,-0.080149,0.003840,-0.171281,0.005711,0.056707,0.276052,-0.285640,0.973562,1.544986,0.000000,0.000000,0.191359,-0.144422,0.116812,1.292800,0.165840,0.000000,0.000000
2.799920,0.028478,0.866725,0.001528,-0.067340,0.089617,0.993696,0.098400,-0.053106,-0.175692,0.200081,-0.281281,0.027794,-0.173916,-0.107489,-0.226646,0.798188,-0.089762,0.005577,-0.174783,0.005864,0.046330,0.281972,-0.292056,0.962058,1.552473,0.000000,0.000000,0.196651,-0.140910,0.113141,1.297401,0.165686,0.000000,0.000000
2.807054,0.028103,0.866208,0.001399,-0.066936,0.091879,0.993517,0.101587,-0.051676,-0.176336,0.206713,-0.290277,0.028260,-0.177338,-0.105512,-0.233292,0.753200,-0.095570,0.007184,-0.177312,0.005949,0.035621,0.287218,-0.295421,0.952595,1.555645,0.000000,0.000000,0.200394,-0.138200,0.110087,1.301614,0.164850,0.000000,0.000000
2.814209,0.027843,0.865609,0.001451,-0.066431,0.093873,0.993364,0.104716,-0.050455,-0.176945,0.213247,-0.298531,0.028675,-0.180077,-0.104026,-0.240552,0.704494,-0.099415,0.008638,-0.179717,0.006004,0.024661,0.291357,-0.299052,0.944003,1.556503,0.000000,0.000000,0.203097,-0.135762,0.108096,1.305794,0.163726,0.000000,0.000000
2.821543,0.027233,0.864961,0.001378,-0.065397,0.094882,0.993337,0.107604,-0.048760,-0.177098,0.219323,-0.305669,0.029146,-0.182243,-0.101085,-0.246339,0.649494,-0.104824,0.009941,-0.181486,0.006100,0.013591,0.295451,-0.305719,0.935864,1.560089,0.000000,0.000000,0.205881,-0.132764,0.110390,1.307723,0.160992,0.000000,0.000000
2.829004,0.026769,0.864251,0.001405,-0.064359,0.095805,0.993316,0.110440,-0.047450,-0.176811,0.225138,-0.311962,0.029459,-0.183667,-0.098225,-0.252845,0.593465,-0.111680,0.011157,-0.182335,0.006113,0.003618,0.297486,-0.312071,0.930069,1.561493,0.000000,0.000000,0.208991,-0.129964,0.111785,1.306966,0.155156,0.000000,0.000000
2.836472,0.026294,0.863433,0.001738,-0.063156,0.096638,0.993312,0.113101,-0.046773,-0.176672,0.230582,-0.318801,0.029620,-0.184726,-0.095688,-0.259738,0.536268,-0.116102,0.012168,-0.182500,0.006096,-0.005952,0.298780,-0.317201,0.924707,1.560541,0.000000,0.000000,0.210743,-0.127640,0.111774,1.307425,0.146915,0.000000,0.000000
2.843889,0.025695,0.862582,0.002146,-0.061445,0.097471,0.993338,0.115299,-0.045887,-0.175950,0.235019,-0.325706,0.029734,-0.185667,-0.092937,-0.266264,0.478456,-0.115235,0.013086,-0.183020,0.006142,-0.015606,0.301751,-0.321847,0.918196,1.561687,0.000000,0.000000,0.211356,-0.125897,0.113803,1.309425,0.141871,0.000000,0.000000
2.851345,0.025109,0.861702,0.002444,-0.059386,0.098488,0.993362,0.117269,-0.044453,-0.174987,0.238994,-0.332515,0.029940,-0.186188,-0.089365,-0.272749,0.414946,-0.113248,0.013916,-0.184464,0.006215,-0.025818,0.304771,-0.325373,0.911189,1.565526,0.000000,0.000000,0.211674,-0.124531,0.113704,1.308709,0.139961,0.000000,0.000000
2.858801,0.024493,0.860750,0.002955,-0.057526,0.099362,0.993383,0.119286,-0.043549,-0.174597,0.243098,-0.338411,0.030101,-0.185793,-0.085160,-0.278961,0.350322,-0.114007,0.014588,-0.185025,0.006252,-0.035899,0.306649,-0.329072,0.905018,1.568718,0.000000,0.000000,0.212024,-0.123787,0.113841,1.305611,0.134006,0.000000,0.000000
2.866183,0.023536,0.859713,0.003580,-0.055830,0.099983,0.993415,0.121525,-0.042793,-0.173724,0.247487,-0.342963,0.030180,-0.184263,-0.079863,-0.280580,0.283714,-0.110850,0.014541,-0.184037,0.006248,-0.046424,0.308967,-0.334725,0.899236,1.570102,0.000000,0.000000,0.212922,-0.123008,0.118730,1.302616,0.126701,0.000000,0.000000
2.873706,0.022713,0.858555,0.004317,-0.053891,0.100229,0.993494,0.123824,-0.041993,-0.169982,0.251653,-0.346835,0.029838,-0.182721,-0.074813,-0.283861,0.220777,-0.109565,0.014642,-0.182860,0.006263,-0.056455,0.311399,-0.341341,0.893437,1.570800,0.000000,0.000000,0.213503,-0.120706,0.117837,1.299052,0.125190,0.000000,0.000000
2.881279,0.021564,0.857284,0.005086,-0.051757,0.099525,0.993675,0.126116,-0.041281,-0.166061,0.255685,-0.351459,0.029426,-0.181383,-0.068950,-0.285231,0.158120,-0.106925,0.014470,-0.180733,0.006251,-0.066804,0.314914,-0.348675,0.887543,1.570800,0.000000,0.000000,0.212596,-0.117193,0.108345,1.295715,0.128322,0.000000,0.000000
2.888790,0.020144,0.856038,0.005694,-0.049892,0.099145,0.993805,0.128332,-0.040301,-0.163711,0.259864,-0.358106,0.029304,-0.180029,-0.062443,-0.285232,0.098040,-0.106446,0.014107,-0.176101,0.006105,-0.076975,0.319201,-0.356582,0.880884,1.570800,0.000000,0.000000,0.211365,-0.115663,0.108336,1.296163,0.128682,0.000000,0.000000
2.896379,0.018691,0.854814,0.006091,-0.048194,0.099276,0.993873,0.130604,-0.038454,-0.159960,0.264035,-0.365539,0.029193,-0.178587,-0.056042,-0.284976,0.043580,-0.106879,0.013717,-0.172658,0.005947,-0.084909,0.319122,-0.359803,0.877792,1.570800,0.000000,0.000000,0.210219,-0.112788,0.103291,1.292305,0.123965,0.000000,0.000000
2.903977,0.017408,0.853498,0.006378,-0.046566,0.098963,0.993981,0.133152,-0.036416,-0.154233,0.268493,-0.372073,0.028828,-0.176865,-0.049681,-0.283265,-0.007793,-0.106240,0.013098,-0.168857,0.005837,-0.091686,0.317562,-0.363353,0.876236,1.570800,0.000000,0.000000,0.209553,-0.109366,0.096085,1.285370,0.120416,0.000000,0.000000
2.911623,0.016051,0.852663,0.006792,-0.044919,0.097770,0.994172,0.134026,-0.035922,-0.152828,0.270075,-0.373923,0.028749,-0.176324,-0.047880,-0.280936,-0.017450,-0.106340,0.012791,-0.167123,0.005849,-0.094030,0.318737,-0.365222,0.874721,1.570800,0.000000,0.000000,0.210279,-0.108614,0.093757,1.283752,0.123602,0.000000,0.000000
2.919456,0.014670,0.851333,0.007052,-0.043179,0.097144,0.994308,0.136194,-0.034421,-0.150473,0.274161,-0.378377,0.028798,-0.174893,-0.043974,-0.272344,-0.017450,-0.107791,0.011884,-0.162770,0.005815,-0.100364,0.321616,-0.370002,0.871351,1.570800,0.000000,0.000000,0.210997,-0.106127,0.088334,1.278471,0.129529,0.000000,0.000000
2.927658,0.013372,0.849828,0.007107,-0.041536,0.097451,0.994348,0.138838,-0.031993,-0.147976,0.279306,-0.383345,0.029072,-0.173431,-0.039410,-0.263943,-0.017450,-0.111590,0.011250,-0.158220,0.005663,-0.107515,0.323393,-0.375383,0.867947,1.570800,0.000000,0.000000,0.211620,-0.103657,0.083904,1.273177,0.127876,0.000000,0.000000
2.936081,0.012335,0.848573,0.007054,-0.040385,0.098124,0.994329,0.141115,-0.029831,-0.146415,0.283840,-0.386886,0.029426,-0.172347,-0.036125,-0.258829,-0.017450,-0.113917,0.011003,-0.155642,0.005591,-0.112085,0.324754,-0.379685,0.865308,1.570800,0.000000,0.000000,0.212510,-0.101699,0.080200,1.269304,0.126714,0.000000,0.000000
2.944619,0.011782,0.846575,0.007018,-0.039676,0.098621,0.994309,0.145371,-0.026713,-0.145351,0.292391,-0.392088,0.030129,-0.170831,-0.031586,-0.252976,-0.017450,-0.120367,0.010772,-0.152133,0.005480,-0.117582,0.327032,-0.386828,0.861728,1.570800,0.000000,0.000000,0.214308,-0.098084,0.074103,1.263240,0.127846,0.000000,0.000000
2.953117,0.011454,0.844829,0.006949,-0.039370,0.099148,0.994269,0.149125,-0.024627,-0.145856,0.300118,-0.395468,0.030817,-0.169966,-0.028953,-0.249596,-0.017450,-0.125114,0.010631,-0.150315,0.005360,-0.120039,0.327762,-0.390101,0.860324,1.570800,0.000000,0.000000,0.215152,-0.095980,0.071418,1.258990,0.130664,0.000000,0.000000
2.961649,0.011174,0.843582,0.006789,-0.039522,0.099519,0.994227,0.152028,-0.023271,-0.146836,0.306163,-0.398233,0.031396,-0.169558,-0.027449,-0.248016,-0.017450,-0.127094,0.010662,-0.149633,0.005303,-0.120866,0.328142,-0.391144,0.860190,1.570800,0.000000,0.000000,0.215774,-0.095195,0.071200,1.256196,0.132612,0.000000,0.000000
2.970155,0.011098,0.842587,0.006442,-0.039560,0.099279,0.994252,0.155882,-0.022013,-0.149549,0.314381,-0.401358,0.032252,-0.169314,-0.025568,-0.246042,-0.017450,-0.128702,0.010780,-0.149033,0.005210,-0.120231,0.328003,-0.390888,0.860540,1.570800,0.000000,0.000000,0.216551,-0.094416,0.072300,1.252870,0.134532,0.000000,0.000000
2.978716,0.011109,0.842657,0.006234,-0.039271,0.098368,0.994355,0.160215,-0.021148,-0.152882,0.323677,-0.403042,0.033148,-0.169550,-0.023425,-0.244987,-0.017450,-0.129602,0.011126,-0.148213,0.005099,-0.117201,0.326254,-0.387675,0.861238,1.570800,0.000000,0.000000,0.216847,-0.093529,0.073455,1.249583,0.136771,0.000000,0.000000
2.987270,0.011032,0.842884,0.006283,-0.038735,0.097637,0.994448,0.163796,-0.020638,-0.154966,0.331353,-0.402643,0.033763,-0.169991,-0.021765,-0.245172,-0.017450,-0.128302,0.011601,-0.148020,0.005041,-0.114396,0.325641,-0.384280,0.861773,1.570800,0.000000,0.000000,0.216253,-0.093109,0.074071,1.247198,0.137509,0.000000,0.000000
2.995919,0.010984,0.843098,0.006263,-0.038314,0.097281,0.994500,0.167959,-0.020375,-0.156975,0.340145,-0.400292,0.034349,-0.170144,-0.020008,-0.244999,-0.017450,-0.127179,0.012128,-0.148644,0.005040,-0.111222,0.326590,-0.381162,0.863197,1.570800,0.000000,0.000000,0.214969,-0.092888,0.074123,1.244928,0.136922,0.000000,0.000000
3.004722,0.011185,0.844607,0.006129,-0.037579,0.097298,0.994527,0.172230,-0.020681,-0.159504,0.349204,-0.395679,0.034897,-0.169587,-0.018884,-0.241883,-0.008289,-0.128817,0.012202,-0.149069,0.005016,-0.107679,0.327132,-0.378796,0.866232,1.570800,0.000000,0.000000,0.212334,-0.093224,0.075376,1.243905,0.138220,0.000000,0.000000
3.013267,0.011253,0.847086,0.006500,-0.037163,0.097371,0.994533,0.176031,-0.021895,-0.162641,0.360780,-0.389016,0.035344,-0.168273,-0.018889,-0.237147,0.009527,-0.132385,0.012021,-0.148732,0.004964,-0.104301,0.327588,-0.378499,0.870001,1.570800,0.000000,0.000000,0.208313,-0.093726,0.077166,1.244612,0.141378,0.000000,0.000000
3.022061,0.011244,0.849531,0.007006,-0.036292,0.097210,0.994577,0.178294,-0.023497,-0.165640,0.372926,-0.381433,0.035650,-0.167105,-0.019449,-0.234522,0.025858,-0.130801,0.012112,-0.147393,0.004877,-0.100997,0.326616,-0.376803,0.873452,1.570800,0.000000,0.000000,0.203806,-0.093965,0.077244,1.245938,0.144627,0.000000,0.000000
3.030932,0.011263,0.851412,0.007522,-0.035210,0.096630,0.994669,0.179454,-0.025258,-0.167862,0.386373,-0.373060,0.035789,-0.166181,-0.020367,-0.233915,0.036615,-0.124652,0.012410,-0.144912,0.004694,-0.096492,0.322744,-0.371851,0.878329,1.570800,0.000000,0.000000,0.199564,-0.094723,0.076639,1.247374,0.148931,0.000000,0.000000
3.039712,0.011030,0.852756,0.008306,-0.034305,0.095607,0.994793,0.179791,-0.027164,-0.168954,0.401657,-0.363380,0.035706,-0.165185,-0.021510,-0.235773,0.042473,-0.118398,0.012923,-0.142369,0.004559,-0.091835,0.318467,-0.366382,0.885548,1.570800,0.000000,0.000000,0.195273,-0.096473,0.075688,1.248921,0.152428,0.000000,0.000000
3.048534,0.010410,0.853936,0.008761,-0.033625,0.094734,0.994896,0.179374,-0.028979,-0.171341,0.420139,-0.350051,0.035912,-0.163743,-0.022362,-0.236432,0.047115,-0.109015,0.013328,-0.140137,0.004448,-0.087310,0.313711,-0.359700,0.896361,1.570800,0.000000,0.000000,0.189988,-0.097883,0.073409,1.251277,0.155172,0.000000,0.000000
3.057382,0.009302,0.855124,0.008728,-0.033359,0.094215,0.994954,0.178392,-0.030174,-0.175736,0.441084,-0.332885,0.036701,-0.161602,-0.022496,-0.229851,0.052351,-0.092319,0.012964,-0.138091,0.004385,-0.083029,0.308551,-0.352293,0.910502,1.570800,0.000000,0.000000,0.184191,-0.098777,0.072265,1.255713,0.157875,0.000000,0.000000
3.066000,0.007859,0.856429,0.008834,-0.033797,0.092562,0.995094,0.176917,-0.031496,-0.178543,0.464719,-0.311444,0.037218,-0.158965,-0.021886,-0.216924,0.059959,-0.067350,0.012080,-0.135384,0.004298,-0.078696,0.303486,-0.345566,0.927964,1.570800,0.000000,0.000000,0.177814,-0.100533,0.076944,1.264072,0.161763,0.000000,0.000000
3.075129,0.006538,0.857744,0.008660,-0.034386,0.089660,0.995341,0.175965,-0.032850,-0.178983,0.487273,-0.291000,0.037234,-0.156361,-0.020288,-0.204235,0.071003,-0.046070,0.011443,-0.131986,0.004159,-0.071933,0.298763,-0.338462,0.943798,1.570800,0.000000,0.000000,0.172779,-0.101310,0.082053,1.271005,0.166673,0.000000,0.000000
3.084791,0.005686,0.859021,0.007936,-0.034617,0.086961,0.995578,0.174725,-0.033960,-0.179792,0.509436,-0.270243,0.037323,-0.153316,-0.018863,-0.190235,0.082943,-0.030070,0.010398,-0.128896,0.003992,-0.062763,0.294132,-0.330192,0.958618,1.570800,0.000000,0.000000,0.167853,-0.101615,0.083855,1.275638,0.168622,0.000000,0.000000
3.093984,0.005461,0.860013,0.007210,-0.035344,0.084211,0.995795,0.172434,-0.035290,-0.178394,0.533528,-0.245713,0.036895,-0.149574,-0.018794,-0.176382,0.094153,-0.020822,0.008848,-0.126008,0.003850,-0.052754,0.289626,-0.322092,0.974780,1.570800,0.000000,0.000000,0.162154,-0.102345,0.084585,1.281054,0.168559,0.000000,0.000000
3.102780,0.005634,0.860868,0.006995,-0.036659,0.081333,0.995988,0.169075,-0.037688,-0.174516,0.561219,-0.215001,0.035617,-0.145291,-0.019583,-0.168785,0.106199,-0.021080,0.007910,-0.122226,0.003630,-0.042490,0.283781,-0.311820,0.992650,1.570800,0.000000,0.000000,0.157116,-0.102509,0.081766,1.285081,0.172580,0.000000,0.000000
3.111039,0.005846,0.861788,0.007395,-0.037663,0.077617,0.996244,0.163285,-0.042311,-0.170932,0.592781,-0.175582,0.033582,-0.141103,-0.021087,-0.161949,0.118103,-0.027565,0.006709,-0.116087,0.003376,-0.031916,0.278532,-0.303050,1.008509,1.570800,0.000000,0.000000,0.154030,-0.105842,0.090439,1.287254,0.179928,0.000000,0.000000
3.119393,0.006359,0.862677,0.007869,-0.038265,0.074511,0.996455,0.156951,-0.047018,-0.167089,0.623794,-0.135230,0.031352,-0.136947,-0.023283,-0.156342,0.128815,-0.035917,0.005426,-0.111433,0.003210,-0.021953,0.273749,-0.297924,1.023081,1.570800,0.000000,0.000000,0.150070,-0.108883,0.092784,1.287025,0.184759,0.000000,0.000000
3.127800,0.006847,0.863528,0.008549,-0.038805,0.072118,0.996604,0.150167,-0.051279,-0.163774,0.653669,-0.096141,0.029268,-0.132261,-0.025601,-0.150169,0.137386,-0.044228,0.003963,-0.107221,0.003066,-0.012548,0.267816,-0.296373,1.037020,1.570800,0.000000,0.000000,0.146149,-0.111503,0.094955,1.286592,0.188513,0.000000,0.000000
3.136217,0.007388,0.864264,0.009103,-0.040399,0.069406,0.996729,0.143223,-0.056259,-0.161581,0.686064,-0.052157,0.027041,-0.125772,-0.027693,-0.140084,0.145954,-0.050494,0.001941,-0.100822,0.002838,-0.001066,0.257957,-0.293367,1.053100,1.570800,0.000000,0.000000,0.143207,-0.114441,0.101261,1.287209,0.198406,0.000000,0.000000
3.144913,0.007857,0.864998,0.009516,-0.041660,0.066539,0.996868,0.136365,-0.060809,-0.159559,0.715794,-0.007082,0.024892,-0.118845,-0.028922,-0.129335,0.152110,-0.053126,0.000009,-0.094347,0.002619,0.009561,0.250315,-0.290046,1.069465,1.557931,0.000000,0.000000,0.140661,-0.118472,0.106400,1.285542,0.207295,0.000000,0.000000
3.153576,0.008242,0.865652,0.009973,-0.043003,0.064237,0.996958,0.129598,-0.064399,-0.157288,0.743638,0.032658,0.022993,-0.111734,-0.029813,-0.122655,0.157227,-0.056843,-0.001208,-0.088038,0.002485,0.019035,0.246692,-0.290254,1.083433,1.555806,0.000000,0.000000,0.139072,-0.122648,0.108476,1.281803,0.208930,0.000000,0.000000
3.162641,0.008759,0.866288,0.010509,-0.044341,0.060669,0.997117,0.124119,-0.069684,-0.158339,0.767956,0.061388,0.021219,-0.104666,-0.030816,-0.118182,0.162988,-0.062635,-0.002131,-0.079965,0.002264,0.028903,0.243105,-0.293980,1.095397,1.557223,0.000000,0.000000,0.137599,-0.126070,0.112385,1.278592,0.209921,0.000000,0.000000
3.171751,0.009351,0.866940,0.011129,-0.045897,0.056639,0.997277,0.118403,-0.076747,-0.162596,0.792696,0.083181,0.019524,-0.096576,-0.032121,-0.112552,0.168133,-0.068359,-0.003338,-0.070560,0.001972,0.039413,0.237793,-0.299995,1.108341,1.553847,0.000000,0.000000,0.136116,-0.130157,0.119991,1.275327,0.214198,0.000000,0.000000
3.181421,0.009496,0.867657,0.011541,-0.046228,0.054180,0.997394,0.111761,-0.081104,-0.165506,0.815589,0.098778,0.018539,-0.088668,-0.032631,-0.106402,0.170419,-0.073966,-0.004457,-0.063846,0.001724,0.047510,0.233015,-0.300844,1.119720,1.556689,0.000000,0.000000,0.132495,-0.134961,0.124379,1.270480,0.213432,0.000000,0.000000
3.190401,0.009333,0.868128,0.012057,-0.048906,0.052426,0.997354,0.105052,-0.083445,-0.164327,0.842665,0.112319,0.017457,-0.078554,-0.033008,-0.101354,0.174339,-0.079771,-0.005364,-0.057113,0.001571,0.057101,0.228474,-0.306579,1.133037,1.562299,0.000000,0.000000,0.130557,-0.139955,0.129764,1.266538,0.210893,0.000000,0.000000
3.199481,0.008914,0.868652,0.012710,-0.051126,0.050766,0.997320,0.098512,-0.084011,-0.160536,0.866838,0.118908,0.016541,-0.068554,-0.033326,-0.098506,0.177071,-0.084447,-0.005911,-0.050559,0.001385,0.066069,0.224718,-0.314993,1.145420,1.568601,0.000000,0.000000,0.129111,-0.144831,0.133956,1.264299,0.206772,0.000000,0.000000
3.208570,0.008319,0.869173,0.013158,-0.052276,0.049825,0.997302,0.091555,-0.083538,-0.157807,0.886947,0.116593,0.016253,-0.059521,-0.033247,-0.096154,0.177664,-0.089515,-0.006287,-0.044894,0.001241,0.072831,0.222341,-0.322749,1.154916,1.570039,0.000000,0.000000,0.125760,-0.150148,0.136131,1.262045,0.201187,0.000000,0.000000
3.217050,0.007287,0.869585,0.013516,-0.054147,0.049695,0.997204,0.083587,-0.081089,-0.153940,0.908035,0.106463,0.016455,-0.049456,-0.032666,-0.094774,0.178737,-0.096489,-0.006391,-0.038964,0.001092,0.079219,0.220902,-0.332742,1.164704,1.570467,0.000000,0.000000,0.121357,-0.156585,0.138482,1.259085,0.194365,0.000000,0.000000
3.225356,0.005486,0.869942,0.013753,-0.055623,0.049216,0.997143,0.075367,-0.075691,-0.146796,0.925818,0.092365,0.017035,-0.040234,-0.030979,-0.093959,0.179908,-0.103362,-0.006132,-0.033775,0.000964,0.085474,0.220323,-0.342701,1.173995,1.570558,0.000000,0.000000,0.116178,-0.162064,0.140313,1.256370,0.186505,0.000000,0.000000
3.233557,0.003286,0.870218,0.013789,-0.056944,0.047421,0.997155,0.067076,-0.068960,-0.138191,0.940280,0.076002,0.017791,-0.031760,-0.028108,-0.091934,0.181053,-0.109461,-0.005777,-0.027787,0.000824,0.092832,0.219615,-0.349936,1.181518,1.570545,0.000000,0.000000,0.110542,-0.166294,0.143358,1.253666,0.179402,0.000000,0.000000
3.241755,0.000977,0.870515,0.014000,-0.058073,0.044786,0.997209,0.058414,-0.061668,-0.128712,0.952230,0.056527,0.018595,-0.023437,-0.024980,-0.088906,0.181967,-0.115698,-0.005523,-0.020663,0.000628,0.100547,0.218598,-0.353500,1.187812,1.570512,0.000000,0.000000,0.104100,-0.170996,0.148607,1.249990,0.171457,0.000000,0.000000
3.249922,-0.001317,0.870825,0.014395,-0.058911,0.042019,0.997275,0.049787,-0.054527,-0.119010,0.960911,0.036596,0.019310,-0.015715,-0.022245,-0.085478,0.182050,-0.121450,-0.005430,-0.013714,0.000388,0.107394,0.217553,-0.355085,1.193336,1.570473,0.000000,0.000000,0.096999,-0.176075,0.154737,1.246922,0.162766,0.000000,0.000000
3.257806,-0.003571,0.871136,0.014894,-0.059676,0.039147,0.997339,0.040695,-0.047391,-0.108125,0.967359,0.017036,0.019798,-0.008115,-0.019678,-0.082637,0.181551,-0.125729,-0.005278,-0.006252,0.000161,0.113805,0.216570,-0.354380,1.197829,1.570426,0.000000,0.000000,0.087816,-0.181082,0.161557,1.247672,0.155538,0.000000,0.000000
3.265193,-0.005976,0.871372,0.015392,-0.060628,0.036113,0.997388,0.031636,-0.039590,-0.095224,0.972284,-0.000822,0.020050,-0.001090,-0.017217,-0.081556,0.181777,-0.129259,-0.004856,0.000153,-0.000069,0.120392,0.215581,-0.351608,1.202255,1.570384,0.000000,0.000000,0.076395,-0.185497,0.168702,1.252043,0.149679,0.000000,0.000000
3.272065,-0.008131,0.871573,0.015826,-0.061195,0.033934,0.997423,0.021624,-0.033093,-0.086580,0.976664,-0.019081,0.020673,0.005193,-0.014849,-0.079010,0.181550,-0.132473,-0.004685,0.004566,-0.000264,0.126884,0.213440,-0.348396,1.206197,1.570344,0.000000,0.000000,0.065189,-0.189952,0.178101,1.254385,0.146401,0.000000,0.000000
3.278936,-0.010470,0.871671,0.016197,-0.062698,0.030161,0.997445,0.012125,-0.025227,-0.073848,0.978836,-0.039162,0.020896,0.012121,-0.012194,-0.074278,0.183141,-0.137379,-0.004798,0.011138,-0.000443,0.136208,0.210682,-0.340394,1.208061,1.570294,0.000000,0.000000,0.057382,-0.194055,0.188031,1.250730,0.144579,0.000000,0.000000
3.285920,-0.012825,0.871781,0.016457,-0.062726,0.026114,0.997553,0.002972,-0.017079,-0.059232,0.976251,-0.055255,0.020744,0.017546,-0.009333,-0.068313,0.183933,-0.141574,-0.005059,0.017347,-0.000638,0.144949,0.208033,-0.330378,1.208079,1.570243,0.000000,0.000000,0.049627,-0.197307,0.194152,1.242501,0.141679,0.000000,0.000000
3.292620,-0.014876,0.871846,0.016933,-0.062918,0.021309,0.997648,-0.005760,-0.010455,-0.045482,0.970917,-0.069609,0.020220,0.022086,-0.007329,-0.064282,0.186535,-0.145857,-0.005221,0.024771,-0.000917,0.152889,0.204813,-0.321640,1.208802,1.570190,0.000000,0.000000,0.041932,-0.201194,0.200770,1.234198,0.137131,0.000000,0.000000
3.299362,-0.016606,0.871896,0.017634,-0.063101,0.016894,0.997708,-0.014330,-0.005976,-0.035843,0.962858,-0.086313,0.019826,0.026329,-0.006066,-0.060874,0.189975,-0.150236,-0.005461,0.032884,-0.001206,0.160584,0.201953,-0.311218,1.206465,1.570146,0.000000,0.000000,0.033976,-0.206277,0.209761,1.227817,0.132930,0.000000,0.000000
3.306105,-0.018249,0.871928,0.018329,-0.063594,0.011094,0.997746,-0.022305,-0.001779,-0.023830,0.952815,-0.106748,0.018826,0.030663,-0.005292,-0.057468,0.193558,-0.155231,-0.005824,0.040995,-0.001467,0.169612,0.199399,-0.296616,1.203261,1.570095,0.000000,0.000000,0.023488,-0.210623,0.220222,1.225884,0.132736,0.000000,0.000000
3.312750,-0.019499,0.871950,0.019086,-0.064152,0.006033,0.997739,-0.029704,0.001098,-0.012856,0.940897,-0.125006,0.017565,0.034989,-0.005134,-0.054727,0.197110,-0.160831,-0.006236,0.048181,-0.001727,0.177712,0.195368,-0.286215,1.203026,1.570034,0.000000,0.000000,0.011183,-0.213723,0.229636,1.226020,0.133160,0.000000,0.000000
3.319428,-0.020766,0.871925,0.019874,-0.064589,0.000660,0.997714,-0.036638,0.003808,-0.001487,0.925983,-0.141423,0.016118,0.038898,-0.005230,-0.052444,0.201522,-0.166628,-0.006638,0.057177,-0.002014,0.185917,0.190908,-0.276656,1.201698,1.569979,0.000000,0.000000,0.000658,-0.217083,0.237894,1.222484,0.129449,0.000000,0.000000
3.326356,-0.021797,0.871823,0.020478,-0.064430,-0.004413,0.997702,-0.043518,0.006350,0.009639,0.907590,-0.156426,0.014626,0.042134,-0.005350,-0.048703,0.206316,-0.173168,-0.007281,0.064868,-0.002286,0.194732,0.186624,-0.259743,1.195988,1.569924,0.000000,0.000000,-0.008989,-0.221359,0.246409,1.217414,0.128628,0.000000,0.000000
3.333450,-0.022133,0.871580,0.020851,-0.064755,-0.004164,0.997675,-0.050345,0.007380,0.012860,0.887875,-0.168634,0.014309,0.046497,-0.005077,-0.042741,0.211496,-0.180389,-0.008178,0.064447,-0.002296,0.202603,0.181525,-0.244473,1.190014,1.569863,0.000000,0.000000,-0.018083,-0.225503,0.256038,1.212736,0.132841,0.000000,0.000000
3.340359,-0.023251,0.871406,0.021861,-0.065211,-0.010223,0.997580,-0.056069,0.009019,0.023582,0.864962,-0.181817,0.012573,0.050091,-0.006285,-0.040857,0.218563,-0.186421,-0.008814,0.071897,-0.002483,0.209584,0.177744,-0.230594,1.185719,1.569812,0.000000,0.000000,-0.027394,-0.229323,0.265994,1.206419,0.131702,0.000000,0.000000
3.347332,-0.024061,0.871089,0.022428,-0.065791,-0.014122,0.997481,-0.061240,0.010626,0.031667,0.840139,-0.192358,0.011382,0.053894,-0.006750,-0.036617,0.225651,-0.193554,-0.009626,0.078190,-0.002673,0.217018,0.175360,-0.222370,1.181143,1.569764,0.000000,0.000000,-0.035464,-0.233444,0.274924,1.199125,0.132307,0.000000,0.000000
3.354521,-0.024393,0.870749,0.022748,-0.065850,-0.016521,0.997433,-0.066179,0.011421,0.035708,0.812889,-0.199382,0.010787,0.057801,-0.006570,-0.030440,0.230810,-0.201095,-0.010587,0.081597,-0.002816,0.224328,0.172300,-0.215586,1.176448,1.569714,0.000000,0.000000,-0.044363,-0.237384,0.282113,1.192972,0.134600,0.000000,0.000000
3.361756,-0.024264,0.870433,0.023324,-0.065525,-0.017817,0.997419,-0.071159,0.010645,0.036642,0.781977,-0.206092,0.010376,0.061844,-0.007181,-0.024629,0.235293,-0.209738,-0.011701,0.083084,-0.002862,0.230351,0.168082,-0.207795,1.172506,1.569664,0.000000,0.000000,-0.054345,-0.241223,0.288006,1.186577,0.134865,0.000000,0.000000
3.368753,-0.024239,0.870158,0.024400,-0.065749,-0.020278,0.997332,-0.075164,0.008792,0.038774,0.748456,-0.212743,0.009409,0.066168,-0.009332,-0.021132,0.240853,-0.219484,-0.012846,0.085017,-0.002942,0.236884,0.164395,-0.201846,1.168035,1.569613,0.000000,0.000000,-0.063415,-0.246724,0.296219,1.179091,0.133426,0.000000,0.000000
3.375641,-0.024826,0.869925,0.025739,-0.065136,-0.027300,0.997171,-0.078425,0.007809,0.048871,0.712350,-0.220483,0.007097,0.068803,-0.012999,-0.022372,0.246632,-0.228548,-0.013609,0.093690,-0.003166,0.241989,0.161585,-0.193610,1.163605,1.569566,0.000000,0.000000,-0.072922,-0.251606,0.303381,1.171275,0.128125,0.000000,0.000000
3.382704,-0.024920,0.869471,0.026313,-0.064525,-0.031009,0.997087,-0.081641,0.007106,0.055258,0.676512,-0.228219,0.005684,0.071484,-0.015379,-0.021248,0.252542,-0.238762,-0.014393,0.100176,-0.003329,0.245301,0.157875,-0.185365,1.161252,1.569518,0.000000,0.000000,-0.081750,-0.254368,0.307615,1.163413,0.124324,0.000000,0.000000
3.389894,-0.024872,0.868939,0.026609,-0.063969,-0.033494,0.997035,-0.084619,0.006581,0.058311,0.638426,-0.232142,0.005028,0.074758,-0.016938,-0.017769,0.257763,-0.246197,-0.015355,0.103936,-0.003491,0.248993,0.153686,-0.178165,1.158803,1.569467,0.000000,0.000000,-0.090635,-0.257131,0.313472,1.154624,0.121775,0.000000,0.000000
3.396958,-0.025113,0.868400,0.027013,-0.063640,-0.036020,0.996957,-0.086814,0.006245,0.060156,0.597927,-0.232987,0.004687,0.078442,-0.017966,-0.014023,0.262596,-0.250949,-0.016244,0.106735,-0.003562,0.251971,0.150904,-0.173392,1.156483,1.569420,0.000000,0.000000,-0.098628,-0.260245,0.322829,1.145109,0.121337,0.000000,0.000000
3.404114,-0.025280,0.867712,0.027135,-0.062752,-0.038089,0.996933,-0.088593,0.006087,0.060034,0.554118,-0.232916,0.004797,0.081731,-0.018349,-0.009084,0.267329,-0.258325,-0.017154,0.108495,-0.003616,0.253532,0.149953,-0.169506,1.154810,1.569403,0.000000,0.000000,-0.106304,-0.263330,0.331703,1.135489,0.122280,0.000000,0.000000
3.411385,-0.025230,0.866849,0.026977,-0.060579,-0.039164,0.997030,-0.090940,0.006277,0.057840,0.506778,-0.231642,0.005398,0.083863,-0.018273,-0.004672,0.271533,-0.266228,-0.017846,0.109475,-0.003654,0.253757,0.148958,-0.164848,1.152878,1.569393,0.000000,0.000000,-0.114940,-0.265904,0.333973,1.126658,0.120636,0.000000,0.000000
3.418351,-0.024971,0.866031,0.027123,-0.059972,-0.039969,0.997031,-0.091805,0.005824,0.055715,0.460280,-0.227790,0.005782,0.086754,-0.019066,-0.003457,0.277391,-0.273323,-0.018268,0.111376,-0.003723,0.254426,0.146170,-0.162772,1.152851,1.569363,0.000000,0.000000,-0.121208,-0.267825,0.333546,1.119024,0.119927,0.000000,0.000000
3.425513,-0.024529,0.865144,0.027311,-0.059505,-0.040643,0.997026,-0.091362,0.004518,0.052960,0.410226,-0.219910,0.006048,0.090409,-0.020351,-0.003222,0.283214,-0.281512,-0.018654,0.113579,-0.003817,0.255054,0.143166,-0.162673,1.153628,1.569331,0.000000,0.000000,-0.126991,-0.269993,0.335238,1.109777,0.120023,0.000000,0.000000
3.432981,-0.024182,0.864082,0.027039,-0.056875,-0.040880,0.997177,-0.091571,0.003760,0.048422,0.352030,-0.209407,0.006773,0.092972,-0.020508,-0.000732,0.286247,-0.290542,-0.019070,0.114831,-0.003851,0.252819,0.141198,-0.160594,1.153633,1.569313,0.000000,0.000000,-0.136004,-0.271963,0.336226,1.097500,0.115691,0.000000,0.000000
3.440098,-0.023939,0.863175,0.026927,-0.056632,-0.041006,0.997189,-0.089830,0.003204,0.043457,0.298594,-0.203403,0.007559,0.096631,-0.020353,0.003475,0.290971,-0.300620,-0.019695,0.115975,-0.003886,0.251102,0.139758,-0.163751,1.156589,1.569283,0.000000,0.000000,-0.141626,-0.273097,0.337536,1.087073,0.114166,0.000000,0.000000
3.447721,-0.023816,0.861994,0.026610,-0.055245,-0.041502,0.997255,-0.088071,0.003331,0.041436,0.244777,-0.199676,0.007992,0.099941,-0.019955,0.004809,0.295495,-0.311844,-0.019791,0.116852,-0.003912,0.248750,0.138313,-0.164700,1.160206,1.569279,0.000000,0.000000,-0.146423,-0.274940,0.337912,1.075202,0.112641,0.000000,0.000000
3.455374,-0.023664,0.860692,0.026288,-0.054149,-0.041627,0.997318,-0.086104,0.003792,0.038605,0.191965,-0.194448,0.008597,0.103529,-0.020049,0.002239,0.300901,-0.320815,-0.019400,0.117621,-0.003946,0.247121,0.135998,-0.165661,1.162735,1.569263,0.000000,0.000000,-0.150640,-0.276317,0.337747,1.065138,0.112271,0.000000,0.000000
3.463184,-0.023755,0.859149,0.025079,-0.050092,-0.042025,0.997545,-0.086394,0.006536,0.035483,0.134994,-0.190438,0.009704,0.104855,-0.018146,0.002122,0.302510,-0.328161,-0.018839,0.115041,-0.003888,0.242974,0.133827,-0.157579,1.162989,1.569254,0.000000,0.000000,-0.159442,-0.275676,0.335767,1.053680,0.107420,0.000000,0.000000
3.470304,-0.023790,0.857869,0.024132,-0.047736,-0.042056,0.997682,-0.086231,0.008544,0.034914,0.082830,-0.187054,0.010201,0.106500,-0.016001,0.004424,0.304941,-0.334802,-0.018622,0.112741,-0.003833,0.237946,0.132371,-0.153114,1.164926,1.569254,0.000000,0.000000,-0.166176,-0.274791,0.334537,1.042730,0.106742,0.000000,0.000000
3.477524,-0.023571,0.856574,0.023545,-0.045616,-0.041890,0.997803,-0.085476,0.008908,0.036702,0.033495,-0.181575,0.010025,0.108381,-0.014760,0.006725,0.308018,-0.341564,-0.018663,0.112203,-0.003829,0.232634,0.130935,-0.151696,1.166458,1.569245,0.000000,0.000000,-0.170959,-0.274844,0.332725,1.032358,0.106208,0.000000,0.000000
3.485057,-0.023027,0.855242,0.023462,-0.043554,-0.041809,0.997900,-0.084295,0.007432,0.038701,-0.014191,-0.176126,0.009491,0.110402,-0.015305,0.007567,0.311920,-0.347899,-0.018946,0.113234,-0.003885,0.228158,0.129494,-0.153430,1.167520,1.569240,0.000000,0.000000,-0.175501,-0.275174,0.328986,1.024090,0.103823,0.000000,0.000000
3.492553,-0.022516,0.854719,0.023199,-0.042840,-0.042560,0.997905,-0.083862,0.007086,0.039295,-0.017450,-0.175358,0.009354,0.111073,-0.015548,0.007656,0.313425,-0.349101,-0.019030,0.113123,-0.003883,0.227755,0.128959,-0.153763,1.167971,1.569238,0.000000,0.000000,-0.176393,-0.275077,0.328913,1.022122,0.103712,0.000000,0.000000
3.500337,-0.022113,0.853861,0.022987,-0.041590,-0.043066,0.997941,-0.083336,0.006533,0.040420,-0.017450,-0.174452,0.009124,0.112088,-0.015891,0.007745,0.315927,-0.351467,-0.019143,0.112925,-0.003886,0.227014,0.128095,-0.154319,1.168823,1.569231,0.000000,0.000000,-0.177400,-0.275044,0.328684,1.018428,0.103315,0.000000,0.000000
3.508123,-0.021534,0.852429,0.023164,-0.040761,-0.042924,0.997978,-0.082372,0.004736,0.043592,-0.017450,-0.172816,0.008449,0.114489,-0.016945,0.007546,0.322492,-0.357980,-0.019407,0.112984,-0.003934,0.225324,0.126442,-0.157569,1.169848,1.569218,0.000000,0.000000,-0.178735,-0.275712,0.327548,1.009788,0.102151,0.000000,0.000000
3.516000,-0.020776,0.852362,0.022700,-0.037723,-0.044296,0.998048,-0.082335,0.001815,0.050348,-0.017450,-0.170471,0.007202,0.116867,-0.018604,0.007474,0.332931,-0.368450,-0.019842,0.112378,-0.003970,0.222581,0.123907,-0.157335,1.167324,1.569196,0.000000,0.000000,-0.183025,-0.276829,0.326082,0.996432,0.098032,0.000000,0.000000
3.523261,-0.019854,0.852699,0.022403,-0.037241,-0.046045,0.997994,-0.082457,-0.001594,0.056558,-0.017450,-0.170746,0.005898,0.119465,-0.020549,0.009620,0.345158,-0.379813,-0.020700,0.111720,-0.003955,0.220706,0.120882,-0.155031,1.164075,1.569170,0.000000,0.000000,-0.187858,-0.276581,0.326437,0.986711,0.095196,0.000000,0.000000
3.531032,-0.018974,0.852948,0.022240,-0.036611,-0.045584,0.998042,-0.082932,-0.004461,0.055328,-0.017450,-0.172296,0.005454,0.122519,-0.021639,0.014623,0.355734,-0.389758,-0.021798,0.110737,-0.003855,0.218347,0.119424,-0.157254,1.160989,1.569147,0.000000,0.000000,-0.191136,-0.275978,0.324857,0.979806,0.095801,0.000000,0.000000
3.539429,-0.018379,0.853047,0.022177,-0.036464,-0.045522,0.998051,-0.082937,-0.005484,0.051216,-0.017450,-0.172388,0.005681,0.125049,-0.022358,0.017180,0.362869,-0.393813,-0.022440,0.110882,-0.003803,0.217092,0.119087,-0.162135,1.159386,1.569133,0.000000,0.000000,-0.190794,-0.275903,0.323252,0.975105,0.098107,0.000000,0.000000
3.548890,-0.018116,0.854289,0.021234,-0.032395,-0.047730,0.998109,-0.084510,-0.004726,0.046709,-0.017450,-0.170797,0.006338,0.126689,-0.022525,0.021458,0.370771,-0.397130,-0.023227,0.109990,-0.003790,0.213670,0.118541,-0.160372,1.156312,1.569134,0.000000,0.000000,-0.192723,-0.275477,0.320234,0.966166,0.096383,0.000000,0.000000
3.557281,-0.017622,0.854386,0.021086,-0.032072,-0.049175,0.998052,-0.084916,-0.004644,0.045269,-0.017450,-0.169448,0.006521,0.127448,-0.022885,0.023164,0.375214,-0.398517,-0.023631,0.109997,-0.003789,0.212650,0.118310,-0.160706,1.155652,1.569130,0.000000,0.000000,-0.193040,-0.275092,0.318682,0.963870,0.095546,0.000000,0.000000
3.565500,-0.016873,0.854123,0.020886,-0.033387,-0.048426,0.998050,-0.085106,-0.005148,0.041498,-0.017450,-0.165396,0.006857,0.129628,-0.023505,0.025842,0.386331,-0.401958,-0.024316,0.110431,-0.003775,0.211105,0.118213,-0.164796,1.155440,1.569122,0.000000,0.000000,-0.191649,-0.274585,0.314619,0.960393,0.095648,0.000000,0.000000
3.573876,-0.016705,0.854057,0.020736,-0.034257,-0.050342,0.997929,-0.084722,-0.005423,0.038566,-0.017450,-0.160450,0.007148,0.131743,-0.024481,0.027430,0.399657,-0.405215,-0.024947,0.112227,-0.003775,0.209797,0.118263,-0.168608,1.156176,1.569115,0.000000,0.000000,-0.188403,-0.273567,0.310088,0.957003,0.094862,0.000000,0.000000
3.582876,-0.015671,0.854343,0.020663,-0.034483,-0.048946,0.997992,-0.084378,-0.006746,0.033384,-0.017450,-0.147690,0.007523,0.134188,-0.025451,0.028738,0.416711,-0.408924,-0.025570,0.113838,-0.003783,0.207876,0.118568,-0.175563,1.156667,1.569112,0.000000,0.000000,-0.182805,-0.272627,0.303607,0.953221,0.095987,0.000000,0.000000
3.591635,-0.015537,0.854600,0.020746,-0.035112,-0.052744,0.997775,-0.083427,-0.007437,0.033952,-0.017450,-0.129558,0.007270,0.135955,-0.027547,0.030140,0.436742,-0.410884,-0.026570,0.116168,-0.003823,0.206293,0.118247,-0.177361,1.157259,1.569110,0.000000,0.000000,-0.176160,-0.270564,0.298468,0.948941,0.096420,0.000000,0.000000
3.600372,-0.015293,0.855012,0.020467,-0.035882,-0.054154,0.997678,-0.082206,-0.007147,0.036873,-0.017450,-0.104472,0.006870,0.137090,-0.029337,0.031863,0.461071,-0.409818,-0.027606,0.117904,-0.003845,0.205041,0.118411,-0.178271,1.157166,1.569110,0.000000,0.000000,-0.168570,-0.267682,0.291931,0.945485,0.096878,0.000000,0.000000
3.608963,-0.015334,0.855781,0.019593,-0.035305,-0.057091,0.997552,-0.081578,-0.004487,0.040590,-0.017450,-0.078846,0.006847,0.135967,-0.029668,0.035321,0.485195,-0.404557,-0.028562,0.117363,-0.003887,0.203845,0.119125,-0.172406,1.156489,1.569130,0.000000,0.000000,-0.163888,-0.264807,0.287814,0.943510,0.093927,0.000000,0.000000
3.616579,-0.015143,0.855608,0.019895,-0.037522,-0.059160,0.997345,-0.079685,-0.002684,0.042041,-0.017450,-0.052312,0.006929,0.134308,-0.030580,0.039527,0.517032,-0.394024,-0.029979,0.117460,-0.003923,0.203702,0.119855,-0.172258,1.158318,1.569135,0.000000,0.000000,-0.156748,-0.261476,0.284595,0.946417,0.093851,0.000000,0.000000
3.625074,-0.014527,0.856242,0.019785,-0.037425,-0.057576,0.997443,-0.078878,-0.002157,0.035918,-0.013999,-0.035231,0.007873,0.131546,-0.029891,0.041905,0.545303,-0.382069,-0.030569,0.114896,-0.003846,0.201491,0.120165,-0.174244,1.160182,1.569141,0.000000,0.000000,-0.150283,-0.258534,0.276469,0.950781,0.097705,0.000000,0.000000
3.633072,-0.015128,0.857197,0.019612,-0.038484,-0.059172,0.997313,-0.076938,0.000100,0.029139,-0.000568,-0.030478,0.009310,0.127324,-0.029131,0.042544,0.577217,-0.362785,-0.030870,0.112401,-0.003758,0.200337,0.120085,-0.171695,1.163706,1.569156,0.000000,0.000000,-0.142948,-0.254965,0.272735,0.958488,0.101582,0.000000,0.000000
3.641020,-0.015822,0.858175,0.019335,-0.040505,-0.060230,0.997175,-0.073712,0.002097,0.021920,0.016893,-0.034532,0.010782,0.122427,-0.028196,0.042151,0.612606,-0.338756,-0.030933,0.109905,-0.003679,0.200488,0.120357,-0.169479,1.166637,1.569170,0.000000,0.000000,-0.134992,-0.250627,0.269797,0.969813,0.103706,0.000000,0.000000
3.648331,-0.016101,0.858979,0.019196,-0.042959,-0.059774,0.997102,-0.070468,0.002596,0.013311,0.035530,-0.042801,0.012164,0.116188,-0.027944,0.038836,0.651323,-0.308493,-0.030625,0.107627,-0.003603,0.200720,0.121425,-0.171984,1.169011,1.569179,0.000000,0.000000,-0.126054,-0.245774,0.263870,0.982894,0.106027,0.000000,0.000000
3.656486,-0.015741,0.859908,0.018956,-0.043796,-0.055478,0.997319,-0.068431,0.001376,0.003814,0.051757,-0.051499,0.013312,0.110082,-0.027164,0.031885,0.686076,-0.272488,-0.029352,0.100694,-0.003341,0.199741,0.123145,-0.176981,1.169293,1.569202,0.000000,0.000000,-0.116217,-0.242818,0.256994,0.993516,0.112637,0.000000,0.000000
3.664613,-0.015750,0.860602,0.018998,-0.044762,-0.053605,0.997378,-0.065143,0.000262,-0.000737,0.065599,-0.063293,0.013742,0.102989,-0.027262,0.026594,0.720897,-0.230905,-0.028558,0.094019,-0.003083,0.199147,0.124392,-0.178841,1.168746,1.569229,0.000000,0.000000,-0.107211,-0.239079,0.253196,1.006625,0.121810,0.000000,0.000000
3.672547,-0.015696,0.861316,0.018292,-0.046162,-0.053189,0.997349,-0.060283,0.000589,-0.003654,0.076266,-0.071833,0.014283,0.095451,-0.027753,0.021592,0.755030,-0.185223,-0.027817,0.086550,-0.002820,0.200055,0.124089,-0.175136,1.168988,1.569243,0.000000,0.000000,-0.099357,-0.233303,0.250737,1.021704,0.127768,0.000000,0.000000
3.680475,-0.015581,0.861875,0.017737,-0.048324,-0.052346,0.997301,-0.053531,0.000758,-0.009059,0.083438,-0.075754,0.015177,0.088285,-0.028719,0.016081,0.788747,-0.134835,-0.026989,0.079557,-0.002599,0.200961,0.124227,-0.175320,1.169710,1.569261,0.000000,0.000000,-0.091074,-0.227726,0.249039,1.039390,0.130957,0.000000,0.000000
