0.000000,0.000000,0.868097,-0.002003,-0.012957,0.696675,0.717267,0.020788,0.035747,0.101586,0.171350,-0.313588,0.006547,0.009192,-0.012398,-0.147967,0.140752,-0.290746,0.004989,0.032372,-0.000932,0.036515,0.269034,-0.450671,1.138761,1.560545,0.000000,0.000000,0.032840,-0.184365,0.344991,1.150591,-0.067915,0.000000,0.000000
-0.000864,-0.001363,0.867722,-0.002136,-0.011855,0.698695,0.715318,0.017700,0.034748,0.098242,0.176250,-0.315475,0.006820,0.006955,-0.014054,-0.151014,0.143844,-0.296042,0.004969,0.029391,-0.001233,0.034046,0.267647,-0.454759,1.146746,1.566109,0.000000,0.000000,0.030135,-0.184428,0.348585,1.156838,-0.065948,0.000000,0.000000
-0.000725,-0.002613,0.867656,-0.002645,-0.011779,0.699434,0.714595,0.015640,0.034680,0.096955,0.179518,-0.316964,0.007001,0.006167,-0.013989,-0.151522,0.144182,-0.297148,0.005039,0.028389,-0.001302,0.032927,0.267355,-0.456287,1.148854,1.567488,0.000000,0.000000,0.028721,-0.184436,0.350245,1.158587,-0.066285,0.000000,0.000000
0.001164,-0.004515,0.867549,-0.004324,-0.011789,0.700276,0.713762,0.008497,0.036865,0.093275,0.189470,-0.321349,0.008044,0.005759,-0.008317,-0.149024,0.136740,-0.284360,0.006002,0.026673,-0.001380,0.029213,0.268177,-0.459780,1.151926,1.569606,0.000000,0.000000,0.024586,-0.183911,0.352966,1.161485,-0.068520,0.000000,0.000000
0.000985,-0.004806,0.867255,-0.005001,-0.012068,0.700839,0.713200,0.002042,0.038117,0.090945,0.201160,-0.327108,0.008617,0.012438,-0.002728,-0.149004,0.115738,-0.265337,0.007366,0.026902,-0.001450,0.028132,0.271151,-0.463751,1.151187,1.570727,0.000000,0.000000,0.030571,-0.188216,0.332892,1.141903,-0.071629,0.000000,0.000000
-0.003640,-0.006030,0.868001,-0.008186,-0.008160,0.698962,0.715065,-0.007481,0.029124,0.064520,0.202207,-0.320999,0.010341,0.023536,-0.007139,-0.107855,0.049477,-0.215024,0.000365,0.051570,-0.002149,-0.003681,0.242979,-0.502713,1.161796,1.570800,0.000000,0.000000,0.039727,-0.167949,0.307434,1.089468,-0.144417,0.000000,0.000000
-0.005113,-0.008189,0.868165,-0.008306,-0.007655,0.698510,0.715511,-0.011814,0.027307,0.069043,0.208313,-0.318919,0.009282,0.023591,-0.008257,-0.103705,0.043248,-0.210260,-0.000504,0.056813,-0.002304,-0.007583,0.239322,-0.506283,1.163887,1.570800,0.000000,0.000000,0.040596,-0.166292,0.300700,1.084011,-0.154640,0.000000,0.000000
-0.005765,-0.007127,0.868139,-0.008601,-0.007505,0.698553,0.715467,-0.013769,0.026506,0.072759,0.212703,-0.319623,0.008570,0.023634,-0.008848,-0.102785,0.041270,-0.209855,-0.000778,0.058780,-0.002378,-0.008410,0.238062,-0.506557,1.164200,1.570800,0.000000,0.000000,0.041078,-0.166397,0.296810,1.078645,-0.160349,0.000000,0.000000
-0.005771,-0.003981,0.867985,-0.008813,-0.008175,0.699025,0.714996,-0.013664,0.026401,0.072993,0.213331,-0.320388,0.008512,0.023810,-0.008828,-0.102786,0.041316,-0.210318,-0.000772,0.058936,-0.002381,-0.008209,0.237930,-0.506457,1.164149,1.570800,0.000000,0.000000,0.041326,-0.166368,0.296282,1.077724,-0.161115,0.000000,0.000000
-0.006090,-0.000023,0.867605,-0.006838,-0.011018,0.699341,0.714671,-0.006859,0.026222,0.066331,0.216983,-0.331350,0.009392,0.027700,-0.009267,-0.105914,0.052849,-0.221802,-0.000396,0.059333,-0.002343,-0.002207,0.236546,-0.505986,1.165220,1.570800,0.000000,0.000000,0.047619,-0.165042,0.293958,1.074182,-0.162948,0.000000,0.000000
-0.006914,0.002510,0.867454,-0.006470,-0.011283,0.700005,0.714020,-0.004111,0.025899,0.064548,0.217777,-0.334628,0.009572,0.028963,-0.009885,-0.107099,0.057717,-0.227113,-0.000360,0.059547,-0.002353,0.000359,0.236492,-0.506904,1.164445,1.570800,0.000000,0.000000,0.050251,-0.165407,0.293609,1.073205,-0.162623,0.000000,0.000000
-0.007744,0.004140,0.867304,-0.005944,-0.011732,0.700448,0.713582,-0.002196,0.025741,0.063527,0.220360,-0.338058,0.009684,0.030200,-0.010771,-0.108579,0.062549,-0.231822,-0.000338,0.060083,-0.002382,0.003379,0.236272,-0.508487,1.163745,1.570800,0.000000,0.000000,0.053179,-0.165629,0.293515,1.071829,-0.161468,0.000000,0.000000
-0.008332,0.005701,0.867045,-0.004527,-0.013122,0.701205,0.712825,0.000339,0.024966,0.068367,0.229588,-0.338952,0.008815,0.033231,-0.012277,-0.113290,0.071225,-0.237520,0.000040,0.061849,-0.002428,0.008980,0.234984,-0.510718,1.165428,1.570800,0.000000,0.000000,0.059332,-0.164476,0.286732,1.071470,-0.164128,0.000000,0.000000
-0.008383,0.007143,0.866532,-0.006548,-0.012867,0.702299,0.711736,0.000729,0.025543,0.063204,0.230493,-0.343319,0.009695,0.033442,-0.011514,-0.112256,0.072875,-0.240044,0.000083,0.061727,-0.002399,0.010281,0.235431,-0.510486,1.164870,1.570800,0.000000,0.000000,0.060046,-0.164402,0.283988,1.070213,-0.161258,0.000000,0.000000
-0.008923,0.008624,0.866301,-0.006273,-0.013818,0.702934,0.711093,0.001798,0.025690,0.058632,0.231842,-0.347506,0.010380,0.033308,-0.010980,-0.112681,0.078308,-0.244453,0.000270,0.061095,-0.002360,0.012822,0.236345,-0.509430,1.163189,1.570800,0.000000,0.000000,0.061312,-0.164759,0.281101,1.068907,-0.158443,0.000000,0.000000
-0.009719,0.010184,0.865999,-0.006123,-0.014538,0.703247,0.710770,0.003186,0.025729,0.055180,0.233341,-0.351866,0.010877,0.032735,-0.010786,-0.112969,0.085852,-0.249680,0.000358,0.060479,-0.002339,0.015627,0.237001,-0.508642,1.161666,1.570800,0.000000,0.000000,0.062997,-0.164967,0.279421,1.067966,-0.155986,0.000000,0.000000
-0.010705,0.011750,0.865613,-0.006118,-0.015268,0.703470,0.710535,0.004640,0.025725,0.052428,0.235186,-0.355535,0.011264,0.031907,-0.010827,-0.112913,0.094512,-0.254773,0.000350,0.060171,-0.002346,0.018069,0.236836,-0.508192,1.161253,1.570800,0.000000,0.000000,0.064723,-0.165144,0.277735,1.067614,-0.153344,0.000000,0.000000
-0.011804,0.013328,0.865146,-0.006053,-0.015946,0.704010,0.709985,0.006303,0.025429,0.049582,0.237667,-0.358991,0.011603,0.030891,-0.011227,-0.112797,0.105177,-0.260449,0.000266,0.059732,-0.002342,0.020644,0.236373,-0.508974,1.160230,1.570800,0.000000,0.000000,0.066714,-0.166298,0.275132,1.066432,-0.149775,0.000000,0.000000
-0.013044,0.015208,0.864653,-0.005763,-0.016503,0.704920,0.709071,0.008470,0.024639,0.045908,0.240568,-0.362998,0.011950,0.029677,-0.012503,-0.112364,0.118909,-0.267671,-0.000043,0.058198,-0.002273,0.024391,0.235510,-0.509705,1.158712,1.570800,0.000000,0.000000,0.069378,-0.167550,0.270599,1.063952,-0.139486,0.000000,0.000000
-0.014037,0.017241,0.864366,-0.005479,-0.016991,0.705545,0.708440,0.010917,0.023793,0.041618,0.242633,-0.366403,0.012377,0.028250,-0.013825,-0.111369,0.132825,-0.275532,-0.000431,0.056239,-0.002131,0.028767,0.234062,-0.509920,1.156642,1.570795,0.000000,0.000000,0.072561,-0.166759,0.266823,1.060698,-0.120520,0.000000,0.000000
-0.015387,0.019401,0.864182,-0.005051,-0.017461,0.706144,0.707835,0.013446,0.022561,0.038046,0.243347,-0.368250,0.012614,0.026632,-0.015369,-0.110880,0.146024,-0.282812,-0.000809,0.054729,-0.002071,0.032701,0.232856,-0.510290,1.154172,1.570784,0.000000,0.000000,0.075542,-0.165692,0.265226,1.058677,-0.107852,0.000000,0.000000
-0.017227,0.021655,0.863931,-0.004118,-0.017812,0.708541,0.705433,0.016343,0.020304,0.032791,0.243868,-0.370208,0.012866,0.024782,-0.017975,-0.113008,0.162202,-0.292668,-0.001047,0.052895,-0.002004,0.036878,0.231977,-0.513460,1.151630,1.570766,0.000000,0.000000,0.079215,-0.165167,0.259888,1.059084,-0.105511,0.000000,0.000000
-0.018685,0.023877,0.863745,-0.003300,-0.018719,0.710951,0.702985,0.019102,0.018722,0.026618,0.245444,-0.372946,0.013411,0.022841,-0.019674,-0.115436,0.179553,-0.303466,-0.001021,0.049896,-0.001899,0.040430,0.232140,-0.517785,1.150189,1.570760,0.000000,0.000000,0.083244,-0.165931,0.254782,1.059750,-0.106140,0.000000,0.000000
-0.019916,0.026066,0.863574,-0.002685,-0.020034,0.712384,0.701499,0.021827,0.017903,0.021074,0.248188,-0.375570,0.014044,0.020431,-0.020403,-0.117259,0.198267,-0.313240,-0.000853,0.046673,-0.001759,0.044081,0.232672,-0.521535,1.148944,1.570761,0.000000,0.000000,0.087592,-0.167450,0.252066,1.059271,-0.105990,0.000000,0.000000
-0.021034,0.028228,0.863374,-0.001985,-0.021570,0.713077,0.700751,0.024865,0.017563,0.017153,0.251650,-0.377451,0.014558,0.017337,-0.020846,-0.118203,0.219326,-0.321051,-0.000738,0.043751,-0.001629,0.048481,0.233105,-0.523504,1.146975,1.570752,0.000000,0.000000,0.092120,-0.168500,0.251750,1.057348,-0.101548,0.000000,0.000000
-0.022014,0.030302,0.863127,-0.001082,-0.023213,0.712698,0.701086,0.028882,0.017289,0.015053,0.254886,-0.379622,0.014826,0.013115,-0.021313,-0.116661,0.244548,-0.328842,-0.000978,0.040339,-0.001497,0.054522,0.233982,-0.522221,1.144674,1.570751,0.000000,0.000000,0.097151,-0.169074,0.254054,1.054030,-0.094122,0.000000,0.000000
-0.022805,0.032351,0.862952,-0.000314,-0.024608,0.711277,0.702481,0.033465,0.016836,0.014121,0.255955,-0.381745,0.014879,0.007989,-0.021566,-0.111980,0.269958,-0.335342,-0.001646,0.036483,-0.001387,0.061231,0.235274,-0.517954,1.141782,1.570754,0.000000,0.000000,0.101173,-0.169957,0.261632,1.050620,-0.087122,0.000000,0.000000
-0.023694,0.034659,0.862863,0.000258,-0.025694,0.710872,0.702851,0.038119,0.016212,0.012331,0.255104,-0.383469,0.015008,0.002539,-0.021805,-0.108006,0.295358,-0.339887,-0.002201,0.032125,-0.001297,0.067971,0.236070,-0.513825,1.137873,1.570750,0.000000,0.000000,0.104684,-0.170894,0.268341,1.047789,-0.081937,0.000000,0.000000
-0.024936,0.037229,0.862808,0.000809,-0.026825,0.712674,0.700981,0.042371,0.015765,0.009029,0.254452,-0.385105,0.015400,-0.002508,-0.022301,-0.107999,0.321014,-0.344214,-0.002195,0.027482,-0.001154,0.073667,0.235957,-0.511727,1.133931,1.570743,0.000000,0.000000,0.109332,-0.171579,0.269774,1.045137,-0.079192,0.000000,0.000000
-0.026053,0.039816,0.862647,0.001534,-0.028176,0.713391,0.700197,0.046849,0.015465,0.006251,0.255289,-0.387164,0.015755,-0.007825,-0.022949,-0.108456,0.348346,-0.348503,-0.002146,0.022599,-0.001027,0.079806,0.235881,-0.508457,1.129257,1.570732,0.000000,0.000000,0.115500,-0.172271,0.273109,1.040160,-0.078003,0.000000,0.000000
-0.027021,0.042299,0.862471,0.002362,-0.029616,0.714230,0.699280,0.051122,0.015414,0.003301,0.256764,-0.389532,0.016195,-0.013152,-0.023379,-0.109035,0.375545,-0.351098,-0.002023,0.017111,-0.000869,0.085844,0.237175,-0.505370,1.123818,1.570737,0.000000,0.000000,0.122192,-0.173512,0.277764,1.034644,-0.077664,0.000000,0.000000
-0.027602,0.044615,0.862356,0.002935,-0.031006,0.715816,0.697594,0.054894,0.016065,-0.000567,0.258064,-0.391887,0.016933,-0.018592,-0.022567,-0.109331,0.401247,-0.351902,-0.001636,0.009805,-0.000606,0.091061,0.239420,-0.501317,1.120093,1.570755,0.000000,0.000000,0.127443,-0.175149,0.281283,1.032387,-0.075314,0.000000,0.000000
-0.028330,0.046730,0.862276,0.003452,-0.032024,0.716911,0.696420,0.057878,0.016470,-0.003247,0.258748,-0.393402,0.017434,-0.023560,-0.022073,-0.109032,0.419731,-0.353547,-0.001470,0.003905,-0.000438,0.094292,0.240780,-0.498187,1.118859,1.570774,0.000000,0.000000,0.131796,-0.176634,0.283410,1.030076,-0.074728,0.000000,0.000000
-0.029837,0.048680,0.862142,0.004129,-0.032598,0.719436,0.693781,0.060280,0.016027,-0.006545,0.259318,-0.394190,0.017822,-0.028246,-0.023012,-0.111028,0.433501,-0.359468,-0.001316,-0.001504,-0.000273,0.096569,0.241414,-0.498612,1.117455,1.570780,0.000000,0.000000,0.136776,-0.177978,0.282115,1.027201,-0.076930,0.000000,0.000000
-0.031210,0.050458,0.862012,0.004612,-0.032992,0.721353,0.691766,0.062544,0.015162,-0.010171,0.259396,-0.394794,0.018166,-0.033263,-0.024093,-0.113072,0.444332,-0.365340,-0.001205,-0.006989,-0.000084,0.098538,0.241891,-0.500964,1.114956,1.570790,0.000000,0.000000,0.141698,-0.179181,0.279992,1.025879,-0.078457,0.000000,0.000000
-0.032050,0.052301,0.862006,0.004484,-0.033487,0.721493,0.691597,0.064522,0.014913,-0.011679,0.258716,-0.394145,0.018351,-0.037808,-0.024058,-0.113247,0.450806,-0.366207,-0.001144,-0.010711,0.000033,0.099819,0.241486,-0.501208,1.113664,1.570788,0.000000,0.000000,0.145557,-0.179563,0.279411,1.024368,-0.078154,0.000000,0.000000
-0.032802,0.054386,0.861975,0.004345,-0.033916,0.723158,0.689836,0.067138,0.015269,-0.012703,0.257555,-0.393523,0.018613,-0.043951,-0.023554,-0.115015,0.457141,-0.366069,-0.000681,-0.015141,0.000250,0.101006,0.241226,-0.502901,1.111999,1.570792,0.000000,0.000000,0.152519,-0.179551,0.274427,1.019316,-0.079186,0.000000,0.000000
-0.033079,0.056440,0.861976,0.004726,-0.034446,0.723617,0.689326,0.069471,0.015442,-0.013609,0.256690,-0.393669,0.018803,-0.048848,-0.022854,-0.115296,0.460453,-0.366029,-0.000444,-0.018208,0.000371,0.101382,0.240538,-0.504278,1.110640,1.570788,0.000000,0.000000,0.156605,-0.179567,0.275101,1.018703,-0.077942,0.000000,0.000000
-0.033499,0.058582,0.861953,0.004608,-0.034865,0.725507,0.687316,0.072405,0.015967,-0.016920,0.255192,-0.392279,0.019439,-0.055746,-0.021479,-0.116072,0.462464,-0.365818,0.000043,-0.023028,0.000561,0.100928,0.238889,-0.508616,1.108371,1.570784,0.000000,0.000000,0.161782,-0.179058,0.274279,1.018616,-0.074055,0.000000,0.000000
-0.033821,0.060778,0.861941,0.004395,-0.035103,0.725764,0.687033,0.074652,0.016336,-0.018762,0.253636,-0.391464,0.019815,-0.061244,-0.020384,-0.115825,0.461685,-0.363558,0.000266,-0.026217,0.000676,0.100111,0.237755,-0.510489,1.107639,1.570783,0.000000,0.000000,0.165575,-0.179136,0.275377,1.018783,-0.069992,0.000000,0.000000
-0.034251,0.063034,0.861984,0.003849,-0.035453,0.728135,0.684506,0.077019,0.017792,-0.021075,0.251711,-0.391668,0.020515,-0.067821,-0.018472,-0.116012,0.457718,-0.359009,0.000758,-0.030336,0.000857,0.097486,0.236720,-0.513540,1.108108,1.570789,0.000000,0.000000,0.171439,-0.179055,0.272629,1.018508,-0.066896,0.000000,0.000000
-0.034796,0.065103,0.861950,0.003666,-0.035443,0.729193,0.683380,0.079133,0.018728,-0.021778,0.249694,-0.393724,0.020830,-0.073808,-0.017712,-0.117953,0.451828,-0.355899,0.001231,-0.033714,0.001032,0.094661,0.236703,-0.515152,1.108519,1.570796,0.000000,0.000000,0.175621,-0.179446,0.272897,1.020112,-0.066501,0.000000,0.000000
-0.035268,0.067617,0.861929,0.003353,-0.035431,0.731711,0.680685,0.081652,0.020395,-0.022455,0.247093,-0.396464,0.021297,-0.080335,-0.017045,-0.121473,0.442903,-0.350668,0.001921,-0.038445,0.001267,0.090725,0.237233,-0.518534,1.109460,1.570800,0.000000,0.000000,0.181161,-0.178144,0.269159,1.024454,-0.068510,0.000000,0.000000
-0.035652,0.070419,0.861948,0.003053,-0.035372,0.732889,0.679421,0.084317,0.021403,-0.023818,0.243822,-0.396553,0.021717,-0.085894,-0.016512,-0.124006,0.433291,-0.345121,0.002393,-0.042237,0.001435,0.088409,0.237368,-0.521213,1.108044,1.570800,0.000000,0.000000,0.186525,-0.175796,0.267055,1.029230,-0.068210,0.000000,0.000000
-0.036215,0.073238,0.861972,0.002744,-0.035173,0.734185,0.678033,0.087367,0.021902,-0.025945,0.239630,-0.395308,0.022136,-0.091751,-0.016437,-0.126877,0.420854,-0.340005,0.002774,-0.046330,0.001584,0.086280,0.237611,-0.523625,1.104165,1.570800,0.000000,0.000000,0.191566,-0.175193,0.264573,1.031121,-0.068379,0.000000,0.000000
-0.036970,0.075972,0.861989,0.002344,-0.035042,0.735828,0.676257,0.090206,0.022319,-0.027957,0.235801,-0.394102,0.022527,-0.097238,-0.016893,-0.130777,0.407116,-0.335738,0.003167,-0.050488,0.001723,0.083963,0.237739,-0.525093,1.100237,1.570800,0.000000,0.000000,0.195337,-0.176731,0.261122,1.030504,-0.070056,0.000000,0.000000
-0.037373,0.078842,0.861995,0.001591,-0.034844,0.737106,0.674876,0.092845,0.023152,-0.029784,0.231908,-0.393591,0.022990,-0.102857,-0.016468,-0.133467,0.391980,-0.329970,0.003544,-0.055192,0.001881,0.081641,0.237948,-0.525749,1.096541,1.570800,0.000000,0.000000,0.198202,-0.180383,0.258085,1.029540,-0.071398,0.000000,0.000000
-0.037510,0.081883,0.861974,0.001182,-0.034790,0.737944,0.673963,0.095733,0.024224,-0.031017,0.228502,-0.394139,0.023417,-0.108352,-0.015432,-0.133809,0.375874,-0.321534,0.003675,-0.059872,0.002061,0.079805,0.237825,-0.524883,1.092328,1.570800,0.000000,0.000000,0.201332,-0.184757,0.254752,1.029100,-0.069283,0.000000,0.000000
-0.037574,0.085090,0.861855,0.000937,-0.034579,0.739044,0.672768,0.098669,0.025264,-0.032193,0.225562,-0.395097,0.023823,-0.113510,-0.014503,-0.133632,0.358286,-0.313020,0.003691,-0.064669,0.002313,0.078084,0.239446,-0.525831,1.087035,1.570800,0.000000,0.000000,0.205286,-0.187675,0.252325,1.028049,-0.067575,0.000000,0.000000
-0.037753,0.088476,0.861707,0.000546,-0.034468,0.740270,0.671425,0.101585,0.026462,-0.032606,0.223044,-0.396665,0.024152,-0.118261,-0.013725,-0.135152,0.339863,-0.305380,0.003928,-0.069155,0.002590,0.075482,0.242118,-0.528324,1.081791,1.570800,0.000000,0.000000,0.210170,-0.189611,0.251661,1.026446,-0.069131,0.000000,0.000000
-0.037747,0.092048,0.861505,-0.000051,-0.034205,0.741768,0.669784,0.104534,0.027949,-0.033464,0.220372,-0.399014,0.024599,-0.123077,-0.012761,-0.137897,0.319290,-0.297514,0.004347,-0.073386,0.002813,0.071459,0.244847,-0.532078,1.076202,1.570800,0.000000,0.000000,0.215756,-0.191635,0.249710,1.022907,-0.073821,0.000000,0.000000
-0.037532,0.095944,0.861320,-0.000647,-0.033997,0.743120,0.668294,0.107489,0.029647,-0.034126,0.217665,-0.400708,0.025071,-0.127553,-0.011724,-0.140924,0.300921,-0.289516,0.004825,-0.077093,0.003012,0.068261,0.246798,-0.534948,1.070745,1.570800,0.000000,0.000000,0.220349,-0.190717,0.248751,1.022947,-0.076474,0.000000,0.000000
-0.037062,0.099942,0.861085,-0.001387,-0.033907,0.744106,0.667199,0.110535,0.031934,-0.034378,0.215524,-0.403386,0.025616,-0.132688,-0.009881,-0.143291,0.281241,-0.277588,0.005353,-0.081122,0.003241,0.065931,0.247754,-0.536925,1.066275,1.570800,0.000000,0.000000,0.223605,-0.182418,0.252119,1.034603,-0.073668,0.000000,0.000000
-0.037178,0.103196,0.860700,-0.001460,-0.033766,0.744404,0.666874,0.112208,0.032595,-0.034793,0.216654,-0.405491,0.025814,-0.137244,-0.009415,-0.144391,0.265752,-0.266276,0.005444,-0.084351,0.003277,0.064370,0.247899,-0.536664,1.062360,1.570800,0.000000,0.000000,0.224845,-0.180190,0.252577,1.038258,-0.075634,0.000000,0.000000
-0.037429,0.106512,0.859983,-0.001493,-0.032967,0.745759,0.665398,0.113831,0.032853,-0.035461,0.218758,-0.410228,0.025939,-0.143171,-0.010151,-0.146163,0.243884,-0.251462,0.005316,-0.088732,0.003417,0.061477,0.247234,-0.537894,1.057445,1.570800,0.000000,0.000000,0.228847,-0.177161,0.251457,1.048875,-0.071501,0.000000,0.000000
-0.037598,0.109942,0.859252,-0.001635,-0.032196,0.747255,0.663755,0.115149,0.033230,-0.035561,0.221023,-0.418348,0.025981,-0.148162,-0.011134,-0.147660,0.222504,-0.240751,0.005084,-0.093006,0.003560,0.057567,0.247239,-0.542371,1.052137,1.570800,0.000000,0.000000,0.232727,-0.176192,0.248214,1.054329,-0.070904,0.000000,0.000000
-0.037646,0.113511,0.858528,-0.001819,-0.031447,0.748177,0.662752,0.116347,0.033264,-0.036255,0.223366,-0.425413,0.026027,-0.152643,-0.012012,-0.147594,0.202673,-0.233731,0.004622,-0.097044,0.003709,0.053918,0.248175,-0.545778,1.046393,1.570800,0.000000,0.000000,0.235841,-0.176185,0.245675,1.058410,-0.072373,0.000000,0.000000
-0.037565,0.117371,0.857738,-0.002057,-0.030718,0.748876,0.661995,0.117709,0.033312,-0.037079,0.226097,-0.431059,0.026117,-0.157374,-0.012840,-0.146744,0.182896,-0.227591,0.004035,-0.101138,0.003892,0.050227,0.250127,-0.547553,1.041252,1.570800,0.000000,0.000000,0.238574,-0.176718,0.243603,1.062599,-0.073269,0.000000,0.000000
-0.037413,0.121456,0.856849,-0.002124,-0.029995,0.749389,0.661447,0.119315,0.033361,-0.036919,0.229327,-0.438233,0.026068,-0.162214,-0.013474,-0.146144,0.163473,-0.221951,0.003520,-0.104956,0.004048,0.046364,0.251723,-0.548415,1.037395,1.570800,0.000000,0.000000,0.238939,-0.177327,0.245248,1.071236,-0.072349,0.000000,0.000000
-0.037597,0.125845,0.855820,-0.001785,-0.029243,0.749923,0.660876,0.121297,0.032910,-0.035966,0.233278,-0.446430,0.025789,-0.166899,-0.014754,-0.147083,0.145557,-0.216905,0.003098,-0.108416,0.004183,0.043482,0.252968,-0.549975,1.033536,1.570800,0.000000,0.000000,0.240209,-0.179263,0.246894,1.078606,-0.073279,0.000000,0.000000
-0.038213,0.130271,0.854821,-0.001155,-0.028305,0.750798,0.659924,0.123268,0.031476,-0.036719,0.237321,-0.453330,0.025521,-0.171014,-0.017158,-0.149699,0.129985,-0.211733,0.002722,-0.111144,0.004302,0.040687,0.253410,-0.553131,1.029682,1.570800,0.000000,0.000000,0.241050,-0.181355,0.250463,1.088350,-0.075353,0.000000,0.000000
-0.038852,0.134701,0.853755,-0.000893,-0.027176,0.752243,0.658325,0.125187,0.029844,-0.039377,0.241355,-0.458752,0.025509,-0.175235,-0.020190,-0.154092,0.112294,-0.204757,0.002451,-0.114700,0.004493,0.037036,0.252692,-0.557295,1.025532,1.570800,0.000000,0.000000,0.242129,-0.181748,0.251708,1.097780,-0.075476,0.000000,0.000000
-0.038728,0.139269,0.852653,-0.001224,-0.026139,0.752271,0.658334,0.126795,0.029043,-0.041196,0.244765,-0.462451,0.025601,-0.179065,-0.021115,-0.155879,0.094430,-0.195721,0.002276,-0.118172,0.004672,0.033602,0.251811,-0.559299,1.023181,1.570800,0.000000,0.000000,0.242876,-0.181215,0.252203,1.104608,-0.073643,0.000000,0.000000
-0.038549,0.144066,0.851542,-0.001538,-0.025112,0.752202,0.658452,0.128388,0.028634,-0.041607,0.248041,-0.467079,0.025584,-0.182628,-0.021273,-0.157253,0.077426,-0.185944,0.002216,-0.120946,0.004831,0.030344,0.251729,-0.560490,1.021952,1.570800,0.000000,0.000000,0.242912,-0.181552,0.253276,1.111844,-0.073227,0.000000,0.000000
-0.038506,0.149197,0.850283,-0.001770,-0.024106,0.752492,0.658157,0.130232,0.028322,-0.041321,0.251772,-0.473368,0.025476,-0.186295,-0.021527,-0.159230,0.060657,-0.175832,0.002214,-0.123805,0.004936,0.026520,0.251417,-0.561203,1.021372,1.570800,0.000000,0.000000,0.242723,-0.182166,0.254792,1.119590,-0.073974,0.000000,0.000000
-0.038495,0.154593,0.849095,-0.001626,-0.023251,0.752337,0.658366,0.132284,0.027589,-0.041508,0.255906,-0.478758,0.025332,-0.189639,-0.021884,-0.161725,0.047032,-0.167125,0.002285,-0.126353,0.005048,0.023529,0.250750,-0.560663,1.020498,1.570800,0.000000,0.000000,0.242563,-0.182533,0.255904,1.126021,-0.073313,0.000000,0.000000
-0.038469,0.160159,0.847752,-0.001225,-0.022555,0.751458,0.659394,0.134842,0.026257,-0.041912,0.261054,-0.483687,0.025099,-0.193213,-0.022209,-0.164039,0.034511,-0.159666,0.002326,-0.128747,0.005152,0.021476,0.250305,-0.560477,1.019068,1.570800,0.000000,0.000000,0.242577,-0.183397,0.258921,1.132148,-0.074643,0.000000,0.000000
-0.038589,0.165719,0.846233,-0.000991,-0.021705,0.750811,0.660159,0.137755,0.024611,-0.041949,0.266969,-0.489601,0.024754,-0.197216,-0.022707,-0.166439,0.021620,-0.153844,0.002299,-0.131284,0.005258,0.019171,0.250115,-0.562141,1.018901,1.570800,0.000000,0.000000,0.242803,-0.184924,0.263937,1.139485,-0.076706,0.000000,0.000000
-0.038582,0.171401,0.844987,-0.000876,-0.020928,0.750436,0.660611,0.140350,0.023533,-0.041889,0.272262,-0.494929,0.024529,-0.200516,-0.022907,-0.168117,0.011429,-0.149711,0.002260,-0.133778,0.005421,0.016284,0.250959,-0.564176,1.020096,1.570800,0.000000,0.000000,0.242696,-0.186176,0.268002,1.146153,-0.076315,0.000000,0.000000
-0.038710,0.177563,0.843850,-0.001030,-0.020295,0.752115,0.658719,0.142941,0.023733,-0.042613,0.277599,-0.500192,0.024725,-0.203300,-0.023332,-0.171088,0.002305,-0.145434,0.002368,-0.136603,0.005576,0.012817,0.251898,-0.566883,1.021400,1.570800,0.000000,0.000000,0.243379,-0.186681,0.267500,1.151391,-0.075937,0.000000,0.000000
-0.038855,0.184446,0.842905,-0.001344,-0.019441,0.754808,0.655656,0.145720,0.024771,-0.045811,0.283442,-0.506422,0.025466,-0.205527,-0.024221,-0.176079,-0.006746,-0.140657,0.002641,-0.140244,0.005721,0.008623,0.252142,-0.572839,1.023315,1.570800,0.000000,0.000000,0.245162,-0.187179,0.263013,1.155105,-0.076673,0.000000,0.000000
-0.040096,0.190754,0.842136,0.000381,-0.018203,0.754229,0.656359,0.149050,0.020772,-0.050643,0.290380,-0.507447,0.025275,-0.207965,-0.027003,-0.182787,-0.011922,-0.139114,0.002762,-0.143986,0.005853,0.007116,0.251277,-0.576553,1.024124,1.570800,0.000000,0.000000,0.245832,-0.188633,0.263084,1.160987,-0.077876,0.000000,0.000000
-0.040015,0.197181,0.841647,0.000505,-0.017471,0.754367,0.656220,0.151600,0.018842,-0.053686,0.295755,-0.510037,0.025343,-0.210061,-0.028220,-0.185474,-0.014996,-0.138400,0.002723,-0.147418,0.005995,0.006182,0.250904,-0.578526,1.025252,1.570800,0.000000,0.000000,0.246001,-0.189304,0.263745,1.165372,-0.077168,0.000000,0.000000
-0.040029,0.203354,0.841159,0.000541,-0.017044,0.754592,0.655972,0.154377,0.017738,-0.056302,0.301584,-0.513549,0.025558,-0.212566,-0.028960,-0.187798,-0.016266,-0.137820,0.002736,-0.151128,0.006173,0.004857,0.250637,-0.579864,1.028121,1.570800,0.000000,0.000000,0.247314,-0.189153,0.260512,1.166461,-0.076771,0.000000,0.000000
-0.039063,0.210089,0.840967,-0.000494,-0.016831,0.755900,0.654471,0.156683,0.019185,-0.058719,0.306499,-0.518668,0.026345,-0.214654,-0.028349,-0.187986,-0.016483,-0.137336,0.002772,-0.153360,0.006305,0.002756,0.251317,-0.583343,1.031421,1.570800,0.000000,0.000000,0.249077,-0.188547,0.258202,1.166955,-0.079396,0.000000,0.000000
-0.038865,0.217180,0.840985,-0.000830,-0.016481,0.756058,0.654297,0.159408,0.020634,-0.060904,0.312196,-0.522765,0.027103,-0.216816,-0.027679,-0.187876,-0.014713,-0.136991,0.002818,-0.155086,0.006386,0.000702,0.251403,-0.587018,1.035711,1.570800,0.000000,0.000000,0.250665,-0.188041,0.256629,1.168514,-0.083526,0.000000,0.000000
-0.038498,0.224672,0.841324,-0.000842,-0.016144,0.755686,0.654735,0.162983,0.022124,-0.062706,0.319638,-0.526644,0.027849,-0.219212,-0.026948,-0.186462,-0.009475,-0.136793,0.002760,-0.157315,0.006464,-0.000545,0.250702,-0.590489,1.041016,1.570800,0.000000,0.000000,0.251431,-0.187633,0.254827,1.172021,-0.088968,0.000000,0.000000
-0.038047,0.232265,0.842071,-0.000724,-0.015961,0.755520,0.654930,0.167154,0.023565,-0.064770,0.328205,-0.529402,0.028656,-0.221698,-0.026331,-0.183818,0.000368,-0.137023,0.002627,-0.159787,0.006543,-0.001204,0.250479,-0.594548,1.047125,1.570800,0.000000,0.000000,0.251255,-0.187653,0.253059,1.176720,-0.094776,0.000000,0.000000
-0.037681,0.239843,0.843327,-0.000671,-0.015934,0.755948,0.654438,0.171493,0.025228,-0.067200,0.337229,-0.530897,0.029613,-0.224069,-0.026234,-0.179917,0.015386,-0.136260,0.002380,-0.162015,0.006611,-0.001719,0.250725,-0.598561,1.054114,1.570800,0.000000,0.000000,0.251350,-0.187522,0.250892,1.180709,-0.099229,0.000000,0.000000
-0.037378,0.247448,0.845161,-0.000696,-0.015994,0.756149,0.654204,0.176059,0.026821,-0.070784,0.346994,-0.532328,0.030768,-0.226517,-0.026654,-0.172958,0.036673,-0.132126,0.001870,-0.164533,0.006716,-0.002028,0.251293,-0.602169,1.062102,1.570800,0.000000,0.000000,0.251662,-0.187384,0.248445,1.183137,-0.100704,0.000000,0.000000
-0.037316,0.255123,0.847084,-0.000706,-0.015894,0.756097,0.654266,0.180125,0.027628,-0.074572,0.355616,-0.533163,0.031758,-0.228819,-0.027573,-0.165150,0.059850,-0.128057,0.001228,-0.166858,0.006762,-0.001881,0.251081,-0.604760,1.068858,1.570800,0.000000,0.000000,0.251698,-0.188014,0.246349,1.183579,-0.101665,0.000000,0.000000
-0.037425,0.263103,0.848932,-0.000795,-0.015536,0.755734,0.654694,0.183912,0.027562,-0.078125,0.363772,-0.533406,0.032497,-0.231386,-0.028840,-0.157235,0.084595,-0.127575,0.000477,-0.169145,0.006802,-0.000581,0.249754,-0.606141,1.075767,1.570800,0.000000,0.000000,0.251971,-0.188411,0.245471,1.184055,-0.101394,0.000000,0.000000
-0.037493,0.271449,0.850440,-0.000746,-0.015180,0.755303,0.655199,0.187658,0.026939,-0.081036,0.371599,-0.532345,0.033006,-0.234058,-0.030239,-0.150592,0.109277,-0.131682,-0.000252,-0.171311,0.006832,0.001445,0.248198,-0.607843,1.082132,1.570800,0.000000,0.000000,0.252318,-0.188468,0.245005,1.184825,-0.098160,0.000000,0.000000
-0.037724,0.279795,0.851627,-0.000337,-0.015426,0.755146,0.655375,0.192123,0.025957,-0.084336,0.381069,-0.529562,0.033558,-0.236954,-0.032190,-0.144908,0.138741,-0.140895,-0.000967,-0.173032,0.006886,0.003821,0.246838,-0.609927,1.089078,1.570800,0.000000,0.000000,0.252209,-0.189258,0.241269,1.185999,-0.093879,0.000000,0.000000
-0.037720,0.288193,0.852546,-0.000275,-0.015653,0.755208,0.655299,0.196317,0.025324,-0.088828,0.390195,-0.525241,0.034418,-0.239705,-0.033868,-0.140377,0.167510,-0.151080,-0.001543,-0.174345,0.006918,0.006462,0.246092,-0.611253,1.096230,1.570800,0.000000,0.000000,0.251627,-0.190672,0.235326,1.188001,-0.092385,0.000000,0.000000
-0.036800,0.296794,0.853315,-0.000670,-0.015470,0.753503,0.657263,0.200386,0.024720,-0.092269,0.398916,-0.520159,0.035136,-0.243175,-0.033709,-0.132993,0.195193,-0.158796,-0.002235,-0.175822,0.006949,0.009787,0.245695,-0.609875,1.104849,1.570800,0.000000,0.000000,0.250219,-0.192254,0.233771,1.189486,-0.093839,0.000000,0.000000
-0.035913,0.305877,0.853764,-0.001316,-0.015748,0.752549,0.658347,0.204260,0.026027,-0.091993,0.406919,-0.515741,0.035767,-0.245177,-0.032364,-0.126609,0.217914,-0.163318,-0.002582,-0.176821,0.006998,0.013081,0.245813,-0.609773,1.112973,1.570800,0.000000,0.000000,0.249287,-0.192430,0.232734,1.189366,-0.095360,0.000000,0.000000
-0.035234,0.315228,0.854105,-0.001710,-0.016295,0.751997,0.658963,0.208203,0.028415,-0.089234,0.417794,-0.509478,0.036327,-0.245810,-0.030467,-0.120202,0.240696,-0.167609,-0.002813,-0.176700,0.007022,0.016776,0.246617,-0.610122,1.122288,1.570800,0.000000,0.000000,0.249405,-0.191258,0.228919,1.188751,-0.092342,0.000000,0.000000
-0.035082,0.324209,0.854505,-0.001694,-0.016282,0.751668,0.659339,0.209752,0.029136,-0.087375,0.435804,-0.501219,0.036587,-0.245458,-0.029623,-0.113888,0.261958,-0.171168,-0.003293,-0.176050,0.006951,0.020928,0.247382,-0.610046,1.131314,1.570800,0.000000,0.000000,0.249183,-0.189628,0.223502,1.188210,-0.083055,0.000000,0.000000
-0.034978,0.333219,0.854824,-0.000865,-0.016044,0.749323,0.662009,0.209884,0.026389,-0.086040,0.458587,-0.492192,0.035986,-0.244713,-0.029023,-0.106611,0.281805,-0.174600,-0.004044,-0.174313,0.006788,0.026787,0.246461,-0.608092,1.137825,1.570800,0.000000,0.000000,0.248096,-0.188999,0.221207,1.188658,-0.077500,0.000000,0.000000
-0.035004,0.342365,0.855002,-0.000328,-0.015963,0.750396,0.660795,0.207513,0.026278,-0.084440,0.486330,-0.485870,0.036110,-0.242579,-0.029451,-0.100493,0.299823,-0.180190,-0.004872,-0.172748,0.006669,0.031893,0.245852,-0.611391,1.142072,1.570800,0.000000,0.000000,0.248471,-0.188516,0.216098,1.188420,-0.075395,0.000000,0.000000
-0.035392,0.351657,0.855098,0.000956,-0.015955,0.751797,0.659201,0.203245,0.026523,-0.082197,0.521157,-0.479004,0.036259,-0.238732,-0.031629,-0.096034,0.317905,-0.189524,-0.005851,-0.169975,0.006534,0.036447,0.243081,-0.616847,1.149338,1.570800,0.000000,0.000000,0.250701,-0.187663,0.206629,1.186421,-0.078586,0.000000,0.000000
-0.036296,0.360800,0.855072,0.003140,-0.016044,0.753156,0.657639,0.197446,0.025010,-0.080575,0.562856,-0.467447,0.036072,-0.233107,-0.036225,-0.093623,0.336949,-0.203130,-0.007066,-0.165434,0.006388,0.040078,0.238499,-0.624584,1.159870,1.570800,0.000000,0.000000,0.252075,-0.186218,0.193723,1.187902,-0.081787,0.000000,0.000000
-0.037416,0.369816,0.855042,0.005291,-0.015945,0.753065,0.657732,0.190968,0.020841,-0.078544,0.604192,-0.451133,0.034964,-0.227091,-0.040869,-0.090402,0.352701,-0.215909,-0.008486,-0.160194,0.006251,0.043442,0.233994,-0.631382,1.168990,1.570800,0.000000,0.000000,0.252815,-0.186150,0.183418,1.188582,-0.085486,0.000000,0.000000
-0.038553,0.378839,0.855054,0.007359,-0.015738,0.751298,0.659734,0.184175,0.015321,-0.071214,0.644949,-0.430476,0.032389,-0.220883,-0.044637,-0.083415,0.365241,-0.226404,-0.010363,-0.154564,0.006092,0.048020,0.229619,-0.635401,1.176241,1.570800,0.000000,0.000000,0.254267,-0.187276,0.178001,1.185882,-0.090205,0.000000,0.000000
-0.039067,0.388425,0.855122,0.009449,-0.015512,0.747872,0.663595,0.177041,0.009623,-0.059731,0.687132,-0.406199,0.028858,-0.214022,-0.046995,-0.071971,0.375767,-0.236552,-0.012657,-0.147836,0.005909,0.054272,0.226447,-0.632743,1.182345,1.570799,0.000000,0.000000,0.256568,-0.190125,0.175922,1.179432,-0.091415,0.000000,0.000000
-0.040132,0.397868,0.855034,0.012361,-0.015510,0.747042,0.664481,0.168681,0.004688,-0.051085,0.730937,-0.373379,0.025942,-0.205730,-0.051685,-0.065964,0.387815,-0.251372,-0.014586,-0.138932,0.005660,0.060309,0.223688,-0.635601,1.187891,1.570748,0.000000,0.000000,0.258573,-0.191246,0.166903,1.178883,-0.091945,0.000000,0.000000
-0.040470,0.407132,0.854913,0.014944,-0.015702,0.743885,0.667956,0.159805,0.000049,-0.040302,0.773244,-0.333402,0.022563,-0.197467,-0.054516,-0.057667,0.398167,-0.265088,-0.016508,-0.129372,0.005360,0.067302,0.220976,-0.636515,1.193461,1.570678,0.000000,0.000000,0.259232,-0.192569,0.162440,1.177502,-0.093409,0.000000,0.000000
-0.039650,0.416425,0.854850,0.016558,-0.016338,0.738550,0.673798,0.150644,-0.002200,-0.025599,0.812531,-0.288750,0.019051,-0.189671,-0.052908,-0.043224,0.404360,-0.274278,-0.018464,-0.120258,0.005092,0.075040,0.218580,-0.627806,1.199198,1.570617,0.000000,0.000000,0.258909,-0.194213,0.168527,1.173360,-0.094903,0.000000,0.000000
-0.038563,0.425996,0.854767,0.018178,-0.017248,0.735701,0.676843,0.140776,-0.000107,-0.011530,0.850117,-0.255931,0.016979,-0.180623,-0.051091,-0.032447,0.409597,-0.284070,-0.019791,-0.112865,0.004838,0.082777,0.217281,-0.618877,1.204154,1.570558,0.000000,0.000000,0.259599,-0.195106,0.170799,1.169951,-0.096646,0.000000,0.000000
-0.037476,0.435752,0.854686,0.020293,-0.018292,0.733305,0.679351,0.130287,0.001582,-0.000428,0.887520,-0.226157,0.015313,-0.170176,-0.050073,-0.025157,0.414918,-0.294896,-0.020757,-0.105292,0.004579,0.089913,0.217082,-0.617847,1.210020,1.570510,0.000000,0.000000,0.261007,-0.195713,0.172957,1.166563,-0.098225,0.000000,0.000000
-0.035907,0.445601,0.854603,0.022418,-0.019637,0.730648,0.682104,0.119590,0.003999,0.010108,0.924034,-0.198121,0.013956,-0.158753,-0.048246,-0.018658,0.419141,-0.306141,-0.021428,-0.096054,0.004262,0.097630,0.216663,-0.616900,1.215471,1.570462,0.000000,0.000000,0.263613,-0.195799,0.176543,1.162103,-0.098156,0.000000,0.000000
-0.034285,0.455645,0.854678,0.024536,-0.020833,0.727523,0.685328,0.109530,0.005805,0.019508,0.956131,-0.191968,0.012658,-0.147376,-0.046235,-0.011454,0.421011,-0.316863,-0.022166,-0.084400,0.003849,0.105928,0.216184,-0.611047,1.218767,1.570419,0.000000,0.000000,0.267174,-0.196134,0.177702,1.156811,-0.094358,0.000000,0.000000
-0.033217,0.465636,0.854907,0.026897,-0.021521,0.724905,0.687987,0.099043,0.007230,0.031626,0.984295,-0.197261,0.010728,-0.135287,-0.045906,-0.005394,0.421544,-0.328259,-0.023089,-0.071965,0.003350,0.115074,0.215089,-0.605187,1.220508,1.570356,0.000000,0.000000,0.271258,-0.197284,0.177053,1.147522,-0.092813,0.000000,0.000000
-0.032405,0.475888,0.855070,0.029267,-0.022294,0.723417,0.689431,0.088870,0.008299,0.041915,1.006359,-0.208996,0.009031,-0.122955,-0.046301,-0.001922,0.421901,-0.338856,-0.023757,-0.060912,0.002969,0.123741,0.214023,-0.600619,1.221149,1.570313,0.000000,0.000000,0.275323,-0.198757,0.175728,1.134732,-0.091848,0.000000,0.000000
-0.031571,0.486341,0.855206,0.031541,-0.023062,0.722645,0.690114,0.078647,0.008726,0.049946,1.022439,-0.219674,0.007547,-0.110272,-0.046834,-0.000521,0.421800,-0.348428,-0.024132,-0.051305,0.002621,0.132237,0.213363,-0.596198,1.220657,1.570270,0.000000,0.000000,0.279440,-0.199824,0.174796,1.125435,-0.088910,0.000000,0.000000
-0.029820,0.496738,0.855314,0.033762,-0.024037,0.722051,0.690597,0.067856,0.012247,0.061706,1.034245,-0.229543,0.006274,-0.096164,-0.046340,-0.000723,0.420982,-0.357889,-0.024025,-0.041766,0.002306,0.140233,0.213400,-0.595539,1.223393,1.570223,0.000000,0.000000,0.282079,-0.200210,0.176448,1.123902,-0.091275,0.000000,0.000000
-0.028184,0.507119,0.855476,0.035629,-0.024900,0.721129,0.691436,0.057231,0.015549,0.071950,1.039975,-0.239736,0.005198,-0.082137,-0.045462,-0.001088,0.418461,-0.366018,-0.023815,-0.031872,0.001976,0.146370,0.213500,-0.596764,1.229378,1.570183,0.000000,0.000000,0.281926,-0.199851,0.179116,1.126206,-0.099348,0.000000,0.000000
-0.027034,0.517443,0.855800,0.037365,-0.025239,0.720115,0.692388,0.046482,0.016789,0.079538,1.040028,-0.249793,0.003972,-0.068233,-0.045498,-0.002149,0.413911,-0.373197,-0.023703,-0.021912,0.001630,0.151408,0.213030,-0.596077,1.234865,1.570140,0.000000,0.000000,0.281524,-0.199763,0.179517,1.125318,-0.102097,0.000000,0.000000
-0.026023,0.527700,0.856216,0.039052,-0.025337,0.719020,0.693429,0.035295,0.016763,0.086410,1.034451,-0.260289,0.002464,-0.054058,-0.046065,-0.002725,0.407726,-0.379565,-0.023782,-0.011868,0.001253,0.157133,0.210904,-0.592093,1.238140,1.570097,0.000000,0.000000,0.281618,-0.199504,0.180937,1.121410,-0.096892,0.000000,0.000000
-0.024951,0.537690,0.856605,0.040678,-0.025497,0.717875,0.694515,0.023974,0.016372,0.093870,1.023735,-0.270836,0.000705,-0.040278,-0.046624,-0.002848,0.401164,-0.384977,-0.023929,-0.002736,0.000923,0.163334,0.208666,-0.588559,1.239666,1.570043,0.000000,0.000000,0.279911,-0.199775,0.185750,1.116067,-0.090903,0.000000,0.000000
-0.023826,0.547345,0.856935,0.042014,-0.025609,0.717035,0.695298,0.012373,0.015672,0.100256,1.009601,-0.281630,-0.000944,-0.027496,-0.046642,-0.002290,0.394556,-0.389236,-0.024054,0.005056,0.000633,0.169013,0.207874,-0.584535,1.239486,1.570012,0.000000,0.000000,0.277960,-0.200782,0.187248,1.108880,-0.085183,0.000000,0.000000
-0.022830,0.556534,0.857359,0.043213,-0.025409,0.715312,0.697004,0.000100,0.014037,0.107127,0.991697,-0.293025,-0.002990,-0.015397,-0.046898,-0.000126,0.386906,-0.392761,-0.024479,0.014338,0.000306,0.174540,0.207915,-0.581547,1.238829,1.569978,0.000000,0.000000,0.277996,-0.202879,0.190168,1.101777,-0.084132,0.000000,0.000000
-0.022082,0.565294,0.858077,0.044494,-0.024229,0.711966,0.700384,-0.012312,0.010682,0.116703,0.968276,-0.304128,-0.006116,-0.004734,-0.049406,0.002173,0.377661,-0.395651,-0.025432,0.027640,-0.000144,0.179992,0.206888,-0.578602,1.237326,1.569943,0.000000,0.000000,0.277166,-0.205713,0.194324,1.097352,-0.093536,0.000000,0.000000
-0.021116,0.573609,0.858787,0.045269,-0.022950,0.709797,0.702575,-0.025205,0.008119,0.125479,0.940620,-0.309017,-0.008791,0.004994,-0.051114,0.003825,0.367453,-0.397310,-0.026072,0.040507,-0.000542,0.183575,0.205608,-0.577413,1.235032,1.569901,0.000000,0.000000,0.273759,-0.206861,0.193728,1.092582,-0.098056,0.000000,0.000000
-0.020426,0.581659,0.859355,0.045718,-0.021553,0.708093,0.704308,-0.038591,0.004996,0.134484,0.907700,-0.311428,-0.011621,0.013761,-0.053008,0.003491,0.357989,-0.399890,-0.026432,0.050991,-0.000891,0.187604,0.205030,-0.576248,1.231269,1.569868,0.000000,0.000000,0.269525,-0.207987,0.194528,1.084981,-0.104132,0.000000,0.000000
-0.019686,0.589660,0.859664,0.045581,-0.020316,0.706295,0.706157,-0.052287,0.002693,0.144389,0.869483,-0.316042,-0.014273,0.021565,-0.054360,0.003908,0.349795,-0.401968,-0.026779,0.060980,-0.001213,0.192367,0.206360,-0.576620,1.225972,1.569848,0.000000,0.000000,0.266056,-0.209726,0.196742,1.075571,-0.111091,0.000000,0.000000
-0.018594,0.597538,0.859663,0.045192,-0.019810,0.704924,0.707565,-0.064842,0.002448,0.152217,0.830832,-0.317569,-0.015761,0.028775,-0.053778,0.005172,0.343852,-0.403510,-0.026824,0.070587,-0.001543,0.196147,0.207892,-0.577176,1.221375,1.569834,0.000000,0.000000,0.263275,-0.210892,0.198666,1.066744,-0.110901,0.000000,0.000000
-0.017351,0.605144,0.859571,0.044656,-0.019443,0.702452,0.710063,-0.076597,0.002731,0.160174,0.788095,-0.314826,-0.017025,0.035401,-0.052346,0.008910,0.338728,-0.403987,-0.027078,0.080671,-0.001898,0.199519,0.208940,-0.575536,1.217827,1.569825,0.000000,0.000000,0.257002,-0.212570,0.205910,1.062634,-0.105119,0.000000,0.000000
-0.015747,0.612552,0.859524,0.043605,-0.018706,0.696798,0.715696,-0.087991,0.003704,0.173167,0.738558,-0.311840,-0.018928,0.040610,-0.050431,0.018590,0.333189,-0.402318,-0.028138,0.092030,-0.002320,0.204090,0.210090,-0.565514,1.212948,1.569817,0.000000,0.000000,0.244643,-0.217199,0.228327,1.063595,-0.101220,0.000000,0.000000
-0.014821,0.620363,0.859457,0.042308,-0.017577,0.694190,0.718333,-0.099161,0.003325,0.182588,0.688506,-0.311203,-0.020282,0.046309,-0.049317,0.022490,0.326097,-0.403386,-0.028464,0.102916,-0.002734,0.208138,0.212201,-0.557833,1.204439,1.569811,0.000000,0.000000,0.236368,-0.219342,0.236202,1.060207,-0.097017,0.000000,0.000000
-0.014430,0.628403,0.859457,0.041141,-0.016229,0.692436,0.720122,-0.110264,0.001104,0.189637,0.635690,-0.309519,-0.021439,0.052629,-0.049340,0.023852,0.317633,-0.405661,-0.028634,0.112352,-0.003078,0.211469,0.214404,-0.552323,1.195572,1.569803,0.000000,0.000000,0.230167,-0.221665,0.240680,1.054464,-0.092644,0.000000,0.000000
-0.014001,0.636757,0.859258,0.040027,-0.015259,0.692011,0.720615,-0.120292,-0.000307,0.194906,0.583073,-0.305547,-0.021870,0.059544,-0.049044,0.024001,0.310135,-0.408120,-0.028548,0.119285,-0.003351,0.212841,0.217103,-0.551409,1.190296,1.569805,0.000000,0.000000,0.224809,-0.224087,0.244706,1.046246,-0.088488,0.000000,0.000000
-0.013134,0.645252,0.858803,0.039055,-0.014831,0.691301,0.721358,-0.129086,0.000116,0.194598,0.526834,-0.299336,-0.020591,0.066940,-0.048199,0.023280,0.304619,-0.410831,-0.028219,0.126220,-0.003596,0.214256,0.219753,-0.551739,1.187124,1.569812,0.000000,0.000000,0.220170,-0.226498,0.249997,1.035714,-0.087890,0.000000,0.000000
-0.012170,0.653955,0.858203,0.037422,-0.014008,0.690545,0.722185,-0.137044,0.001073,0.196286,0.466081,-0.292890,-0.019394,0.073949,-0.046945,0.021601,0.298587,-0.413506,-0.027647,0.132306,-0.003877,0.216307,0.222968,-0.551034,1.181068,1.569827,0.000000,0.000000,0.215177,-0.228991,0.255515,1.025378,-0.082516,0.000000,0.000000
-0.011641,0.662817,0.857473,0.035652,-0.013322,0.689823,0.722977,-0.144043,0.000919,0.200133,0.403188,-0.281885,-0.018772,0.081204,-0.045566,0.020511,0.292581,-0.416618,-0.027130,0.138413,-0.004095,0.218520,0.225559,-0.549464,1.175050,1.569833,0.000000,0.000000,0.209355,-0.231008,0.259058,1.017356,-0.073011,0.000000,0.000000
-0.011315,0.671819,0.856712,0.033792,-0.012603,0.688370,0.724463,-0.150010,0.000528,0.204236,0.338523,-0.267795,-0.018136,0.088509,-0.044718,0.019956,0.285984,-0.420283,-0.026812,0.144764,-0.004365,0.220878,0.227969,-0.545943,1.169674,1.569846,0.000000,0.000000,0.202406,-0.233021,0.264226,1.009673,-0.063938,0.000000,0.000000
-0.011133,0.681011,0.858333,0.031924,-0.011606,0.686780,0.726071,-0.155197,-0.000104,0.207661,0.272918,-0.252040,-0.017343,0.095658,-0.044445,0.019864,0.279323,-0.422085,-0.026717,0.150560,-0.004633,0.222550,0.229238,-0.540226,1.164374,1.569853,0.000000,0.000000,0.195000,-0.235359,0.269429,0.999331,-0.061382,0.000000,0.000000
-0.011009,0.690391,0.858444,0.030070,-0.010681,0.685256,0.727603,-0.159558,-0.000518,0.209230,0.209067,-0.234012,-0.016244,0.102522,-0.044451,0.018974,0.273910,-0.425575,-0.026563,0.156105,-0.004859,0.223929,0.230598,-0.535891,1.161069,1.569853,0.000000,0.000000,0.188483,-0.238673,0.273695,0.988587,-0.059595,0.000000,0.000000
-0.010821,0.699803,0.856901,0.028186,-0.010024,0.683607,0.729237,-0.163368,0.000144,0.206959,0.144811,-0.215337,-0.014333,0.109381,-0.044269,0.018002,0.269352,-0.430693,-0.026337,0.162125,-0.005131,0.225445,0.232935,-0.531959,1.157648,1.569867,0.000000,0.000000,0.182706,-0.242910,0.280212,0.978574,-0.056716,0.000000,0.000000
-0.010759,0.709248,0.853730,0.026373,-0.009649,0.682005,0.730809,-0.166789,0.001938,0.199804,0.082320,-0.198329,-0.011589,0.116333,-0.044070,0.016797,0.265553,-0.436064,-0.026079,0.167872,-0.005384,0.227894,0.235451,-0.528809,1.150383,1.569871,0.000000,0.000000,0.176682,-0.247190,0.287914,0.968668,-0.055861,0.000000,0.000000
-0.010736,0.718814,0.851287,0.024860,-0.009316,0.680322,0.732432,-0.169887,0.003793,0.193629,0.023661,-0.184137,-0.009127,0.123696,-0.044323,0.015090,0.261840,-0.441449,-0.025853,0.172963,-0.005608,0.229848,0.238228,-0.526808,1.142389,1.569887,0.000000,0.000000,0.169242,-0.251167,0.294932,0.960620,-0.057465,0.000000,0.000000
-0.010390,0.728651,0.850055,0.023273,-0.008710,0.678680,0.734014,-0.172606,0.006948,0.183833,-0.017450,-0.174554,-0.006458,0.130093,-0.044426,0.013701,0.258264,-0.445680,-0.025660,0.177277,-0.005765,0.231145,0.241140,-0.523856,1.137473,1.569910,0.000000,0.000000,0.163205,-0.254560,0.301322,0.954389,-0.055395,0.000000,0.000000
-0.009856,0.737568,0.848138,0.021201,-0.008839,0.677623,0.735051,-0.176585,0.011186,0.177246,-0.017450,-0.166506,-0.004480,0.134259,-0.042907,0.012345,0.261512,-0.451766,-0.025083,0.181327,-0.005929,0.232043,0.243433,-0.518048,1.135740,1.569937,0.000000,0.000000,0.157415,-0.256231,0.305993,0.949300,-0.053357,0.000000,0.000000
-0.009373,0.746803,0.845484,0.019112,-0.009420,0.675869,0.736714,-0.182471,0.018918,0.169425,-0.017450,-0.159458,-0.002018,0.139204,-0.040244,0.011541,0.269103,-0.461095,-0.024337,0.187556,-0.006177,0.233377,0.244724,-0.507960,1.136683,1.569950,0.000000,0.000000,0.149923,-0.258078,0.311033,0.943054,-0.050245,0.000000,0.000000
-0.009217,0.756679,0.844500,0.017535,-0.009676,0.673604,0.738821,-0.187779,0.027539,0.159808,-0.017450,-0.156944,0.000577,0.144075,-0.039164,0.011990,0.278396,-0.471016,-0.024191,0.193980,-0.006501,0.236406,0.244583,-0.497979,1.137962,1.569945,0.000000,0.000000,0.143379,-0.261382,0.316492,0.936412,-0.043196,0.000000,0.000000
-0.009348,0.766867,0.843778,0.016936,-0.009783,0.671654,0.740607,-0.191527,0.033909,0.150588,-0.017450,-0.156444,0.002652,0.148874,-0.040262,0.012214,0.287951,-0.479667,-0.024557,0.199123,-0.006737,0.238900,0.244513,-0.491019,1.137140,1.569928,0.000000,0.000000,0.138724,-0.264578,0.319656,0.931011,-0.036395,0.000000,0.000000
-0.009490,0.777109,0.843082,0.016225,-0.010091,0.670484,0.741678,-0.195336,0.039500,0.141460,-0.017450,-0.156105,0.004539,0.153886,-0.040810,0.013252,0.298080,-0.487860,-0.024918,0.203956,-0.006936,0.238930,0.245448,-0.484575,1.136390,1.569935,0.000000,0.000000,0.134825,-0.268755,0.324189,0.924722,-0.036085,0.000000,0.000000
-0.009526,0.787447,0.842221,0.015517,-0.010431,0.669273,0.742781,-0.199568,0.045078,0.132097,-0.017450,-0.157896,0.006424,0.159251,-0.040898,0.016110,0.309124,-0.495870,-0.025468,0.209190,-0.007171,0.237610,0.245766,-0.478270,1.136626,1.569946,0.000000,0.000000,0.129998,-0.273267,0.329940,0.920415,-0.038759,0.000000,0.000000
-0.009390,0.797868,0.841019,0.015271,-0.010888,0.667250,0.744597,-0.203757,0.050476,0.125232,-0.017450,-0.162842,0.008015,0.164819,-0.041637,0.020189,0.320625,-0.503575,-0.026401,0.215197,-0.007381,0.236864,0.245274,-0.472995,1.136477,1.569937,0.000000,0.000000,0.124633,-0.276903,0.334204,0.920176,-0.040053,0.000000,0.000000
-0.009212,0.808583,0.839869,0.015511,-0.011184,0.665133,0.746480,-0.206806,0.054240,0.121555,-0.017450,-0.168080,0.008996,0.170172,-0.043369,0.023582,0.331581,-0.508896,-0.027510,0.220627,-0.007547,0.237501,0.245027,-0.470126,1.134846,1.569930,0.000000,0.000000,0.121301,-0.280296,0.335555,0.919068,-0.038709,0.000000,0.000000
-0.009201,0.819676,0.838710,0.015882,-0.011521,0.662815,0.748526,-0.209593,0.057776,0.116825,-0.017450,-0.172414,0.009986,0.175720,-0.045395,0.028599,0.342970,-0.513324,-0.028975,0.226796,-0.007701,0.238691,0.245307,-0.465798,1.133643,1.569924,0.000000,0.000000,0.119735,-0.283957,0.334783,0.915825,-0.034784,0.000000,0.000000
-0.009788,0.830808,0.837425,0.016086,-0.012074,0.660828,0.750268,-0.213092,0.060373,0.110887,-0.017450,-0.179213,0.010938,0.181507,-0.047354,0.035123,0.355095,-0.517427,-0.030713,0.233955,-0.007938,0.240135,0.244430,-0.457832,1.133687,1.569915,0.000000,0.000000,0.120422,-0.287857,0.332857,0.911476,-0.032260,0.000000,0.000000
-0.010384,0.842058,0.836277,0.016616,-0.012487,0.659298,0.751594,-0.215903,0.060917,0.107799,-0.017450,-0.184169,0.011310,0.186820,-0.049573,0.039295,0.366013,-0.518363,-0.032195,0.237560,-0.008057,0.241411,0.244481,-0.454631,1.132354,1.569911,0.000000,0.000000,0.119630,-0.291611,0.332916,0.910680,-0.034487,0.000000,0.000000
-0.011199,0.853506,0.835129,0.017266,-0.013123,0.658436,0.752324,-0.218565,0.060819,0.104734,-0.017450,-0.187731,0.011585,0.192440,-0.051804,0.042573,0.377544,-0.517733,-0.033593,0.239807,-0.008125,0.243340,0.243328,-0.453181,1.132747,1.569885,0.000000,0.000000,0.117496,-0.293681,0.330967,0.914255,-0.037872,0.000000,0.000000
-0.012310,0.864730,0.833957,0.017760,-0.013497,0.657709,0.752942,-0.221759,0.060162,0.100622,-0.017450,-0.192639,0.011883,0.197220,-0.054252,0.045196,0.393062,-0.515116,-0.035036,0.242347,-0.008166,0.245478,0.239660,-0.452957,1.134869,1.569840,0.000000,0.000000,0.115371,-0.294771,0.327164,0.918268,-0.039963,0.000000,0.000000
-0.013368,0.875824,0.832939,0.018022,-0.013758,0.656528,0.753961,-0.224957,0.058841,0.100038,-0.017450,-0.197752,0.011732,0.200014,-0.056217,0.047747,0.409917,-0.511388,-0.036349,0.244984,-0.008194,0.246402,0.235703,-0.450991,1.137291,1.569803,0.000000,0.000000,0.116143,-0.296184,0.323963,0.919438,-0.038967,0.000000,0.000000
-0.014073,0.887009,0.835086,0.018536,-0.014249,0.654745,0.755488,-0.229015,0.055968,0.106753,0.007433,-0.199537,0.010540,0.202496,-0.058767,0.050594,0.434167,-0.505330,-0.038080,0.248357,-0.008264,0.246476,0.231052,-0.444152,1.140783,1.569764,0.000000,0.000000,0.119318,-0.298443,0.320684,0.919965,-0.037611,0.000000,0.000000
-0.014286,0.898065,0.838330,0.018354,-0.015194,0.652834,0.757126,-0.232221,0.056254,0.112825,0.038381,-0.193486,0.009875,0.203596,-0.059922,0.053068,0.459959,-0.497159,-0.039429,0.250500,-0.008201,0.245836,0.227530,-0.434779,1.144518,1.569729,0.000000,0.000000,0.120742,-0.298848,0.317869,0.921654,-0.038308,0.000000,0.000000
-0.015278,0.909361,0.841201,0.018273,-0.015996,0.651806,0.757997,-0.234187,0.056978,0.114885,0.065319,-0.179626,0.009645,0.203470,-0.061194,0.056879,0.487388,-0.486216,-0.041087,0.250560,-0.008154,0.246219,0.224669,-0.428500,1.146480,1.569703,0.000000,0.000000,0.121098,-0.298210,0.314793,0.923521,-0.041601,0.000000,0.000000
-0.016545,0.920774,0.843617,0.018304,-0.016466,0.651499,0.758250,-0.235033,0.057512,0.112753,0.087931,-0.163620,0.009839,0.202339,-0.062637,0.060127,0.516042,-0.474930,-0.042721,0.249566,-0.008104,0.246833,0.222530,-0.425831,1.146629,1.569674,0.000000,0.000000,0.122697,-0.298490,0.311406,0.925053,-0.047783,0.000000,0.000000
-0.017946,0.932287,0.845791,0.018728,-0.017110,0.651664,0.758084,-0.234718,0.057743,0.107891,0.110921,-0.150883,0.010300,0.200076,-0.063888,0.063496,0.550120,-0.457737,-0.044449,0.247859,-0.008018,0.246819,0.220439,-0.421179,1.146230,1.569660,0.000000,0.000000,0.125776,-0.299075,0.308102,0.928361,-0.055403,0.000000,0.000000
-0.018986,0.943890,0.847817,0.019515,-0.018073,0.651757,0.757961,-0.233516,0.057852,0.104450,0.137176,-0.145467,0.010557,0.196855,-0.064246,0.066454,0.587501,-0.435266,-0.045907,0.245009,-0.007854,0.246015,0.219049,-0.415571,1.146593,1.569654,0.000000,0.000000,0.129019,-0.298253,0.305478,0.936648,-0.057842,0.000000,0.000000
-0.020328,0.955799,0.849662,0.020542,-0.019292,0.652569,0.757205,-0.231749,0.056439,0.101753,0.165334,-0.143827,0.010474,0.193280,-0.064497,0.066146,0.625884,-0.408350,-0.046711,0.241176,-0.007662,0.245572,0.216811,-0.412225,1.149297,1.569647,0.000000,0.000000,0.133032,-0.296426,0.302680,0.947279,-0.057818,0.000000,0.000000
-0.022156,0.967993,0.851236,0.021954,-0.020793,0.654277,0.755650,-0.229152,0.053051,0.097907,0.194395,-0.144162,0.010198,0.189442,-0.067006,0.057724,0.666535,-0.377682,-0.046621,0.236946,-0.007449,0.245297,0.213087,-0.412338,1.154711,1.569621,0.000000,0.000000,0.138467,-0.293947,0.298374,0.956760,-0.058395,0.000000,0.000000
-0.024158,0.980317,0.852427,0.023765,-0.022318,0.656720,0.753430,-0.225483,0.048254,0.092158,0.222266,-0.147080,0.009952,0.184791,-0.070531,0.046896,0.709185,-0.338470,-0.046254,0.231055,-0.007215,0.244802,0.209186,-0.417181,1.161874,1.569589,0.000000,0.000000,0.145119,-0.291777,0.293951,0.962836,-0.060014,0.000000,0.000000
-0.026046,0.992353,0.853280,0.025728,-0.023995,0.659811,0.750607,-0.220862,0.043334,0.083992,0.248106,-0.151806,0.010086,0.179239,-0.074132,0.033600,0.753426,-0.282185,-0.045245,0.223699,-0.006901,0.243108,0.205391,-0.424832,1.170794,1.569567,0.000000,0.000000,0.152272,-0.290084,0.289953,0.969399,-0.061762,0.000000,0.000000
-0.027956,1.004277,0.853962,0.027399,-0.025974,0.663388,0.747322,-0.215269,0.039139,0.073304,0.270766,-0.159292,0.010803,0.172908,-0.076967,0.019580,0.795775,-0.224138,-0.043536,0.216257,-0.006554,0.240267,0.200551,-0.430532,1.180929,1.569545,0.000000,0.000000,0.159472,-0.287619,0.284746,0.976112,-0.060169,0.000000,0.000000
-0.029757,1.016197,0.854549,0.029004,-0.028162,0.666275,0.744609,-0.208136,0.035764,0.063591,0.291497,-0.168898,0.011566,0.165431,-0.079931,0.007559,0.837148,-0.169990,-0.041957,0.208033,-0.006188,0.237722,0.196094,-0.438610,1.191146,1.569518,0.000000,0.000000,0.166997,-0.283539,0.280405,0.982434,-0.053320,0.000000,0.000000
-0.031948,1.028445,0.855107,0.030593,-0.030452,0.668424,0.742527,-0.199222,0.032283,0.054826,0.309063,-0.179318,0.012188,0.157026,-0.082874,0.002576,0.876104,-0.129429,-0.041504,0.199287,-0.005831,0.236271,0.193029,-0.447155,1.199066,1.569503,0.000000,0.000000,0.175678,-0.279376,0.279076,0.989995,-0.046226,0.000000,0.000000
-0.033665,1.040417,0.855597,0.032057,-0.032648,0.670640,0.740370,-0.189518,0.029219,0.044328,0.324013,-0.189948,0.013217,0.147988,-0.085080,-0.004496,0.917115,-0.085228,-0.040226,0.189916,-0.005534,0.235846,0.190325,-0.452780,1.201847,1.569489,0.000000,0.000000,0.184157,-0.276352,0.279180,0.997170,-0.043961,0.000000,0.000000
-0.035936,1.052370,0.855959,0.033824,-0.034898,0.673288,0.737781,-0.178952,0.024942,0.032898,0.337493,-0.200428,0.014128,0.138980,-0.089733,-0.016456,0.958473,-0.037379,-0.038518,0.178659,-0.005087,0.236478,0.189381,-0.458815,1.198750,1.569485,0.000000,0.000000,0.192158,-0.274095,0.281743,1.002488,-0.042873,0.000000,0.000000
-0.038716,1.064545,0.856241,0.035695,-0.037153,0.675750,0.735328,-0.167741,0.020150,0.022991,0.348855,-0.211908,0.014675,0.130187,-0.096356,-0.028658,0.995469,-0.001316,-0.037364,0.167079,-0.004677,0.237673,0.188507,-0.461512,1.195560,1.569477,0.000000,0.000000,0.201451,-0.271382,0.285173,1.004309,-0.040633,0.000000,0.000000
-0.041630,1.076741,0.856447,0.037589,-0.039219,0.677651,0.733375,-0.156121,0.015272,0.015242,0.358375,-0.224403,0.014842,0.121483,-0.103703,-0.039499,1.027858,0.017932,-0.036831,0.155970,-0.004305,0.238704,0.187277,-0.461357,1.193310,1.569486,0.000000,0.000000,0.210020,-0.269559,0.288359,1.005223,-0.044691,0.000000,0.000000
-0.044468,1.089002,0.856630,0.039439,-0.040913,0.679081,0.731861,-0.144086,0.010173,0.009151,0.365830,-0.235429,0.014676,0.112808,-0.110343,-0.046882,1.054925,0.017837,-0.036959,0.145348,-0.003945,0.239380,0.187776,-0.461620,1.189708,1.569491,0.000000,0.000000,0.217254,-0.268437,0.291389,1.005337,-0.044855,0.000000,0.000000
-0.047239,1.101248,0.856939,0.040886,-0.042794,0.680353,0.730491,-0.130912,0.005476,0.004129,0.371830,-0.245212,0.014432,0.103739,-0.116239,-0.053979,1.077732,0.002925,-0.037174,0.134276,-0.003551,0.241366,0.190613,-0.464755,1.182677,1.569508,0.000000,0.000000,0.225408,-0.267547,0.296479,1.004996,-0.043244,0.000000,0.000000
-0.049568,1.113520,0.857332,0.041949,-0.044530,0.681734,0.729037,-0.117210,0.001756,0.000337,0.375433,-0.255151,0.014197,0.094518,-0.120271,-0.061478,1.094340,-0.018333,-0.037015,0.123598,-0.003217,0.242864,0.193726,-0.469259,1.174420,1.569529,0.000000,0.000000,0.233490,-0.266078,0.301389,1.005518,-0.042478,0.000000,0.000000
-0.051638,1.125871,0.857770,0.042923,-0.046331,0.682549,0.728106,-0.102884,-0.001106,-0.002785,0.376759,-0.263956,0.014042,0.085196,-0.123234,-0.068517,1.105555,-0.042714,-0.036749,0.113493,-0.002905,0.242002,0.195193,-0.469588,1.169637,1.569564,0.000000,0.000000,0.239958,-0.263906,0.304845,1.006869,-0.044335,0.000000,0.000000
-0.054235,1.138207,0.858240,0.043954,-0.048465,0.683185,0.727309,-0.087367,-0.004285,-0.005338,0.376670,-0.272045,0.013697,0.075905,-0.127918,-0.078072,1.113207,-0.067062,-0.036607,0.102209,-0.002570,0.237650,0.194124,-0.469462,1.173167,1.569596,0.000000,0.000000,0.244885,-0.262820,0.311086,1.008763,-0.048806,0.000000,0.000000
-0.056294,1.150329,0.858772,0.044582,-0.050693,0.684741,0.725653,-0.072363,-0.006222,-0.007722,0.375331,-0.280086,0.013619,0.066768,-0.129429,-0.085113,1.115367,-0.085771,-0.035925,0.089936,-0.002170,0.228215,0.190126,-0.468966,1.187078,1.569621,0.000000,0.000000,0.249088,-0.261502,0.316891,1.011255,-0.055235,0.000000,0.000000
-0.058486,1.162718,0.859260,0.045081,-0.052616,0.686911,0.723431,-0.057109,-0.008212,-0.010359,0.373216,-0.288448,0.013551,0.057906,-0.131068,-0.094411,1.112883,-0.102603,-0.034842,0.077556,-0.001753,0.222053,0.191856,-0.473032,1.188747,1.569659,0.000000,0.000000,0.255920,-0.259436,0.318837,1.012031,-0.060861,0.000000,0.000000
-0.059778,1.174984,0.859751,0.045434,-0.054664,0.689211,0.721066,-0.042388,-0.008959,-0.015052,0.370548,-0.295107,0.014124,0.049145,-0.128123,-0.099428,1.106163,-0.116371,-0.033121,0.066352,-0.001357,0.217631,0.196028,-0.477577,1.185953,1.569716,0.000000,0.000000,0.263768,-0.256625,0.316783,1.012625,-0.066554,0.000000,0.000000
-0.061347,1.187107,0.860192,0.045659,-0.056580,0.691083,0.719109,-0.027499,-0.009551,-0.018212,0.367333,-0.301334,0.014471,0.040452,-0.126066,-0.108626,1.095454,-0.132754,-0.030851,0.055931,-0.000986,0.213689,0.201385,-0.485521,1.181016,1.569789,0.000000,0.000000,0.271141,-0.253830,0.314690,1.013965,-0.064025,0.000000,0.000000
-0.062566,1.198777,0.860661,0.045577,-0.058347,0.693272,0.716863,-0.013612,-0.009214,-0.021034,0.363146,-0.307281,0.014990,0.031468,-0.122120,-0.116689,1.080479,-0.148264,-0.028150,0.045746,-0.000689,0.209075,0.204992,-0.492705,1.176552,1.569851,0.000000,0.000000,0.277344,-0.250835,0.312822,1.015624,-0.061134,0.000000,0.000000
-0.063847,1.210099,0.861147,0.045050,-0.059825,0.695785,0.714335,-0.000480,-0.008295,-0.023444,0.358161,-0.312952,0.015585,0.021831,-0.117902,-0.126755,1.060654,-0.169047,-0.024914,0.035503,-0.000376,0.203457,0.207207,-0.497689,1.171325,1.569900,0.000000,0.000000,0.283299,-0.247884,0.307916,1.015914,-0.061361,0.000000,0.000000
-0.064780,1.220920,0.861639,0.044066,-0.061225,0.698620,0.711506,0.011184,-0.006236,-0.025736,0.353382,-0.317676,0.016452,0.011589,-0.111835,-0.135171,1.037419,-0.187036,-0.021299,0.024774,-0.000035,0.196680,0.211385,-0.501178,1.166231,1.569976,0.000000,0.000000,0.288648,-0.244573,0.301183,1.015917,-0.062809,0.000000,0.000000
-0.065579,1.231116,0.862042,0.043115,-0.062331,0.701635,0.708495,0.021723,-0.004062,-0.028574,0.348782,-0.322418,0.017431,0.000600,-0.105093,-0.141597,1.011523,-0.198190,-0.017771,0.013773,0.000363,0.187637,0.218472,-0.506699,1.162297,1.570082,0.000000,0.000000,0.293627,-0.241171,0.294365,1.016223,-0.060374,0.000000,0.000000
-0.066320,1.240807,0.862427,0.041774,-0.062745,0.704664,0.705526,0.031049,-0.002100,-0.032067,0.343105,-0.327370,0.018454,-0.011418,-0.099060,-0.152273,0.981546,-0.215705,-0.013517,0.003353,0.000687,0.176869,0.225315,-0.513505,1.156693,1.570207,0.000000,0.000000,0.298197,-0.236896,0.284132,1.015382,-0.050768,0.000000,0.000000
-0.066783,1.250108,0.862768,0.040428,-0.062873,0.707544,0.702704,0.039409,-0.000065,-0.034898,0.337159,-0.331657,0.019387,-0.023810,-0.092672,-0.161387,0.949414,-0.229318,-0.009425,-0.007034,0.001008,0.166111,0.230960,-0.520298,1.150335,1.570320,0.000000,0.000000,0.301988,-0.232529,0.272668,1.014014,-0.040060,0.000000,0.000000
-0.067629,1.259350,0.862985,0.038933,-0.062465,0.710629,0.699706,0.047051,0.001342,-0.036637,0.331154,-0.337025,0.019973,-0.036150,-0.088184,-0.173006,0.915037,-0.239966,-0.005405,-0.017626,0.001330,0.155061,0.237378,-0.527201,1.143014,1.570449,0.000000,0.000000,0.304359,-0.229963,0.261960,1.014011,-0.036530,0.000000,0.000000
-0.068714,1.268587,0.862992,0.037422,-0.061631,0.714223,0.696194,0.053909,0.002047,-0.038935,0.326485,-0.341613,0.020476,-0.048101,-0.085068,-0.187175,0.877471,-0.251575,-0.001328,-0.028646,0.001669,0.144099,0.244852,-0.533650,1.133178,1.570591,0.000000,0.000000,0.306452,-0.229065,0.251309,1.014425,-0.038515,0.000000,0.000000
-0.069670,1.277745,0.862880,0.035818,-0.060653,0.717449,0.693041,0.060039,0.002305,-0.043936,0.322900,-0.342301,0.021334,-0.059870,-0.081654,-0.200096,0.836023,-0.263597,0.002471,-0.039136,0.002017,0.132926,0.252006,-0.539926,1.122840,1.570739,0.000000,0.000000,0.308170,-0.229198,0.239217,1.014414,-0.047572,0.000000,0.000000
-0.070508,1.286827,0.862851,0.034224,-0.059773,0.720217,0.690321,0.066522,0.003463,-0.045143,0.317639,-0.344602,0.021808,-0.071187,-0.078618,-0.213760,0.792770,-0.269400,0.006173,-0.048829,0.002390,0.121038,0.258681,-0.547528,1.112864,1.570800,0.000000,0.000000,0.310237,-0.229057,0.231893,1.012323,-0.052143,0.000000,0.000000
-0.071204,1.296030,0.862809,0.032580,-0.058624,0.722500,0.688111,0.073154,0.004777,-0.043906,0.311069,-0.347543,0.021917,-0.081778,-0.075676,-0.227597,0.747599,-0.269462,0.009724,-0.057224,0.002693,0.109391,0.264744,-0.555229,1.103084,1.570800,0.000000,0.000000,0.311979,-0.227489,0.227502,1.010605,-0.051155,0.000000,0.000000
-0.071907,1.305338,0.862653,0.030903,-0.056976,0.724612,0.686102,0.079794,0.005598,-0.042559,0.303794,-0.350411,0.021868,-0.092008,-0.072838,-0.242732,0.698474,-0.265896,0.013300,-0.065443,0.003004,0.096809,0.271298,-0.561814,1.093120,1.570800,0.000000,0.000000,0.311607,-0.224863,0.224084,1.013371,-0.051773,0.000000,0.000000
-0.072806,1.314752,0.862349,0.029167,-0.054881,0.726530,0.684319,0.086088,0.005286,-0.042821,0.296410,-0.353111,0.021778,-0.101877,-0.070180,-0.257020,0.646878,-0.261840,0.016396,-0.073785,0.003300,0.083574,0.278265,-0.566205,1.082242,1.570800,0.000000,0.000000,0.310743,-0.223155,0.222136,1.016265,-0.048435,0.000000,0.000000
-0.073367,1.324150,0.862025,0.027510,-0.052996,0.728283,0.682670,0.092230,0.004918,-0.045573,0.289462,-0.353325,0.022090,-0.111109,-0.066176,-0.267764,0.593242,-0.255832,0.018925,-0.081996,0.003565,0.070299,0.284301,-0.569649,1.071909,1.570800,0.000000,0.000000,0.311183,-0.222926,0.221540,1.014850,-0.041732,0.000000,0.000000
-0.073161,1.333718,0.861657,0.026054,-0.051454,0.729565,0.681475,0.098945,0.005908,-0.046870,0.282999,-0.352636,0.022554,-0.119272,-0.060342,-0.275659,0.537852,-0.248187,0.021147,-0.089590,0.003817,0.057367,0.291061,-0.572936,1.062019,1.570800,0.000000,0.000000,0.311582,-0.223794,0.219481,1.012571,-0.042696,0.000000,0.000000
-0.072783,1.343481,0.861151,0.024633,-0.049827,0.731027,0.680080,0.106030,0.007832,-0.044605,0.276676,-0.355190,0.022673,-0.126266,-0.054135,-0.280099,0.479218,-0.239538,0.022516,-0.096189,0.004078,0.043998,0.299191,-0.578334,1.051801,1.570800,0.000000,0.000000,0.311223,-0.224321,0.214903,1.011865,-0.044147,0.000000,0.000000
-0.072398,1.353428,0.860570,0.023028,-0.047885,0.733263,0.677866,0.112660,0.009945,-0.043756,0.270112,-0.358682,0.023029,-0.132385,-0.048014,-0.284641,0.417949,-0.231500,0.023561,-0.101733,0.004303,0.029039,0.306860,-0.585691,1.042576,1.570800,0.000000,0.000000,0.310921,-0.224370,0.208912,1.009546,-0.040866,0.000000,0.000000
-0.071871,1.363438,0.859812,0.021673,-0.045847,0.735626,0.675487,0.119164,0.011901,-0.043674,0.264581,-0.361374,0.023477,-0.137850,-0.041684,-0.291930,0.355959,-0.221813,0.024876,-0.106365,0.004516,0.014105,0.313750,-0.592898,1.032522,1.570800,0.000000,0.000000,0.311380,-0.223708,0.201496,1.007322,-0.039697,0.000000,0.000000
-0.070950,1.373487,0.858890,0.020383,-0.043651,0.737199,0.673956,0.125835,0.013790,-0.042588,0.259082,-0.368315,0.023726,-0.142877,-0.034431,-0.296201,0.293387,-0.210892,0.025675,-0.110179,0.004676,-0.000145,0.320749,-0.599829,1.020863,1.570800,0.000000,0.000000,0.311371,-0.222298,0.195316,1.008723,-0.043299,0.000000,0.000000
-0.069986,1.383079,0.857558,0.019329,-0.041298,0.738458,0.672756,0.131356,0.014985,-0.042630,0.257367,-0.380295,0.023926,-0.147678,-0.027395,-0.294437,0.225517,-0.197548,0.025042,-0.113721,0.004821,-0.015103,0.327469,-0.606030,1.010391,1.570800,0.000000,0.000000,0.310537,-0.220714,0.190586,1.011540,-0.051153,0.000000,0.000000
-0.069216,1.392113,0.855743,0.018342,-0.038352,0.740050,0.671207,0.134098,0.014842,-0.044100,0.260776,-0.391735,0.024021,-0.152593,-0.022103,-0.290772,0.156880,-0.184093,0.023518,-0.117964,0.004992,-0.030747,0.332112,-0.612606,1.003354,1.570800,0.000000,0.000000,0.308369,-0.220839,0.188150,1.014394,-0.058077,0.000000,0.000000
-0.068553,1.401351,0.853727,0.017774,-0.035389,0.741527,0.669753,0.136683,0.014132,-0.044035,0.265614,-0.400590,0.023797,-0.157029,-0.018617,-0.286231,0.091742,-0.172550,0.021485,-0.122040,0.005157,-0.045297,0.335810,-0.619415,0.998052,1.570800,0.000000,0.000000,0.307200,-0.221601,0.185915,1.015691,-0.058484,0.000000,0.000000
-0.068019,1.410892,0.851713,0.016916,-0.032860,0.744700,0.666375,0.139289,0.015218,-0.045155,0.270868,-0.410094,0.024220,-0.160612,-0.016250,-0.282805,0.028180,-0.160729,0.019366,-0.125654,0.005369,-0.061498,0.339907,-0.628781,0.991443,1.570800,0.000000,0.000000,0.307219,-0.220237,0.178304,1.016260,-0.058197,0.000000,0.000000
-0.067638,1.420640,0.849740,0.016124,-0.030665,0.746447,0.664542,0.141893,0.016034,-0.045801,0.276085,-0.418441,0.024512,-0.163367,-0.014821,-0.277583,-0.017450,-0.149874,0.017464,-0.127482,0.005485,-0.074367,0.342712,-0.632893,0.984933,1.570800,0.000000,0.000000,0.306722,-0.218589,0.173243,1.018566,-0.061716,0.000000,0.000000
-0.067719,1.430548,0.848137,0.015777,-0.028470,0.746729,0.664332,0.143627,0.015701,-0.045650,0.279464,-0.422991,0.024408,-0.164980,-0.014872,-0.272811,-0.017450,-0.143502,0.016384,-0.128012,0.005486,-0.080733,0.343669,-0.633482,0.981552,1.570800,0.000000,0.000000,0.306289,-0.218479,0.171841,1.020134,-0.064364,0.000000,0.000000
-0.068136,1.440663,0.845458,0.015969,-0.026517,0.747509,0.663530,0.147949,0.014168,-0.046477,0.288087,-0.433264,0.024159,-0.168328,-0.017360,-0.259579,-0.017450,-0.132179,0.013796,-0.128288,0.005508,-0.094882,0.345142,-0.636462,0.975154,1.570800,0.000000,0.000000,0.305820,-0.217938,0.166879,1.024005,-0.070200,0.000000,0.000000
-0.068352,1.451178,0.844246,0.016188,-0.024874,0.748125,0.662894,0.153621,0.012333,-0.048579,0.299723,-0.446364,0.024049,-0.172238,-0.021880,-0.242390,-0.017450,-0.124676,0.010658,-0.127988,0.005575,-0.110408,0.347211,-0.638243,0.967965,1.570800,0.000000,0.000000,0.305101,-0.216698,0.159455,1.030334,-0.079642,0.000000,0.000000
-0.068432,1.462071,0.844058,0.016596,-0.023709,0.747904,0.663176,0.158887,0.011057,-0.048883,0.310424,-0.456630,0.023835,-0.175592,-0.024903,-0.230581,-0.017450,-0.120210,0.008587,-0.127166,0.005597,-0.120031,0.349969,-0.636892,0.961320,1.570800,0.000000,0.000000,0.305876,-0.215968,0.154911,1.033547,-0.086620,0.000000,0.000000
-0.068469,1.473294,0.843690,0.017404,-0.022716,0.747757,0.663356,0.164891,0.009743,-0.048911,0.322590,-0.464988,0.023597,-0.179167,-0.027257,-0.223188,-0.017450,-0.116644,0.007142,-0.124603,0.005588,-0.127309,0.352616,-0.635215,0.953872,1.570800,0.000000,0.000000,0.308708,-0.212820,0.146775,1.035200,-0.092602,0.000000,0.000000
-0.068628,1.484649,0.843049,0.018177,-0.022380,0.747917,0.663166,0.171319,0.009270,-0.049060,0.335697,-0.472592,0.023619,-0.182453,-0.028203,-0.220703,-0.017450,-0.115675,0.006491,-0.123934,0.005592,-0.133486,0.355235,-0.635351,0.949381,1.570800,0.000000,0.000000,0.310778,-0.209725,0.139598,1.037645,-0.097098,0.000000,0.000000
-0.068835,1.496319,0.842571,0.018524,-0.022020,0.748420,0.662601,0.177481,0.009512,-0.050198,0.348418,-0.479868,0.023977,-0.185225,-0.028118,-0.220468,-0.017450,-0.116402,0.006318,-0.123757,0.005593,-0.139020,0.357487,-0.635042,0.945934,1.570800,0.000000,0.000000,0.311738,-0.208055,0.136294,1.042854,-0.099543,0.000000,0.000000
-0.069289,1.508113,0.842059,0.018544,-0.021775,0.749191,0.661736,0.183815,0.010022,-0.053266,0.361529,-0.486680,0.024722,-0.187828,-0.028395,-0.219161,-0.017450,-0.118866,0.006023,-0.124527,0.005590,-0.144155,0.358061,-0.630464,0.943660,1.570800,0.000000,0.000000,0.312339,-0.206030,0.134881,1.048089,-0.102511,0.000000,0.000000
-0.069953,1.520070,0.841460,0.018677,-0.021683,0.749988,0.660832,0.189831,0.009952,-0.057701,0.374076,-0.492368,0.025545,-0.190044,-0.029947,-0.214824,-0.017450,-0.122729,0.005234,-0.126830,0.005608,-0.147596,0.357773,-0.625118,0.942144,1.570800,0.000000,0.000000,0.313204,-0.203821,0.134172,1.050940,-0.103685,0.000000,0.000000
-0.070466,1.532201,0.840350,0.019132,-0.022097,0.750806,0.659876,0.196575,0.009962,-0.062613,0.388286,-0.496222,0.026538,-0.192857,-0.032137,-0.207094,-0.017450,-0.128651,0.003959,-0.130418,0.005715,-0.149205,0.358728,-0.619220,0.941082,1.570800,0.000000,0.000000,0.314545,-0.202870,0.134490,1.053534,-0.105124,0.000000,0.000000
-0.070632,1.544755,0.839183,0.019319,-0.023041,0.751821,0.658681,0.203112,0.011795,-0.065828,0.401850,-0.496998,0.027794,-0.195047,-0.032920,-0.199538,-0.017450,-0.134306,0.002975,-0.133845,0.005822,-0.149645,0.361844,-0.612730,0.940388,1.570800,0.000000,0.000000,0.316294,-0.201691,0.132034,1.054535,-0.106637,0.000000,0.000000
-0.070595,1.557600,0.838033,0.019516,-0.024100,0.752648,0.657693,0.209807,0.014050,-0.068931,0.415870,-0.494411,0.029194,-0.196826,-0.032729,-0.192382,-0.017450,-0.141588,0.002206,-0.136111,0.005870,-0.148743,0.365493,-0.607098,0.939684,1.570800,0.000000,0.000000,0.319035,-0.198663,0.132955,1.057384,-0.101254,0.000000,0.000000
-0.070314,1.570242,0.836964,0.019925,-0.025199,0.752841,0.657418,0.214829,0.015590,-0.071740,0.433945,-0.492445,0.030372,-0.198391,-0.031551,-0.184652,-0.017450,-0.146427,0.001573,-0.137456,0.005842,-0.146071,0.367060,-0.599676,0.939217,1.570800,0.000000,0.000000,0.320519,-0.196631,0.138420,1.063071,-0.095594,0.000000,0.000000
-0.069744,1.582813,0.836075,0.020649,-0.026247,0.752344,0.657923,0.218260,0.016451,-0.073523,0.456157,-0.491255,0.031201,-0.199762,-0.029892,-0.175786,-0.017450,-0.145199,0.000953,-0.139075,0.005796,-0.141874,0.367836,-0.591413,0.939219,1.570800,0.000000,0.000000,0.320712,-0.195738,0.142608,1.068333,-0.095372,0.000000,0.000000
-0.069468,1.595239,0.835406,0.021706,-0.026962,0.752296,0.657915,0.220607,0.016572,-0.075233,0.485010,-0.488639,0.031880,-0.201200,-0.029457,-0.166322,-0.017450,-0.136571,0.000147,-0.140823,0.005771,-0.137399,0.368226,-0.582108,0.941022,1.570800,0.000000,0.000000,0.320196,-0.194782,0.142421,1.074776,-0.098226,0.000000,0.000000
-0.069726,1.607369,0.836084,0.022976,-0.027860,0.751986,0.658189,0.221601,0.014988,-0.076351,0.519966,-0.482483,0.032042,-0.202744,-0.031138,-0.156158,-0.007375,-0.117728,-0.000898,-0.141432,0.005711,-0.132440,0.367141,-0.570560,0.945997,1.570800,0.000000,0.000000,0.319812,-0.193531,0.141994,1.081675,-0.098875,0.000000,0.000000
-0.069864,1.619560,0.838686,0.024289,-0.029163,0.751620,0.658504,0.221081,0.013450,-0.076357,0.559086,-0.473648,0.032057,-0.204037,-0.034149,-0.144430,0.019613,-0.096081,-0.002173,-0.140962,0.005611,-0.125522,0.363687,-0.559130,0.952681,1.570800,0.000000,0.000000,0.320479,-0.191503,0.141642,1.088376,-0.100468,0.000000,0.000000
-0.069727,1.631839,0.841331,0.025922,-0.030560,0.751481,0.658537,0.219110,0.012758,-0.075523,0.600652,-0.459991,0.032160,-0.204383,-0.038136,-0.130079,0.049756,-0.079203,-0.004086,-0.139669,0.005505,-0.118411,0.358269,-0.551044,0.959778,1.570800,0.000000,0.000000,0.321165,-0.189025,0.137888,1.095527,-0.103306,0.000000,0.000000
-0.069837,1.644133,0.843768,0.027985,-0.032056,0.751253,0.658641,0.216065,0.011934,-0.073235,0.643784,-0.441695,0.031898,-0.203505,-0.042317,-0.116170,0.080944,-0.068479,-0.006247,-0.136580,0.005367,-0.112184,0.351974,-0.544876,0.968321,1.570800,0.000000,0.000000,0.321916,-0.186526,0.132441,1.101742,-0.104637,0.000000,0.000000
-0.070169,1.656589,0.846135,0.030237,-0.033746,0.750188,0.659671,0.212078,0.010598,-0.068376,0.689393,-0.417635,0.030936,-0.201614,-0.045186,-0.103728,0.114692,-0.062617,-0.008156,-0.132174,0.005235,-0.105429,0.346119,-0.538584,0.979099,1.570800,0.000000,0.000000,0.322961,-0.185055,0.128173,1.107733,-0.107508,0.000000,0.000000
-0.070700,1.669274,0.848172,0.032388,-0.035396,0.748361,0.661554,0.207118,0.009215,-0.060515,0.735104,-0.387082,0.029269,-0.198982,-0.046685,-0.091838,0.147605,-0.062653,-0.009954,-0.128332,0.005048,-0.096859,0.340530,-0.530672,0.989803,1.570800,0.000000,0.000000,0.324030,-0.185093,0.128302,1.114284,-0.109740,0.000000,0.000000
-0.071213,1.682086,0.849866,0.034499,-0.037133,0.747383,0.662458,0.200537,0.009468,-0.051594,0.782196,-0.349087,0.027791,-0.195068,-0.047498,-0.081021,0.179270,-0.067880,-0.011624,-0.126439,0.004956,-0.085934,0.335490,-0.522978,0.998676,1.570800,0.000000,0.000000,0.324761,-0.185622,0.131456,1.121837,-0.110670,0.000000,0.000000
-0.071329,1.694929,0.851258,0.036594,-0.039045,0.747065,0.662593,0.192207,0.011808,-0.043109,0.831362,-0.304311,0.026933,-0.189459,-0.047400,-0.071443,0.209126,-0.077546,-0.013023,-0.125877,0.004907,-0.073235,0.330345,-0.514938,1.007204,1.570800,0.000000,0.000000,0.323090,-0.184737,0.132348,1.132900,-0.111967,0.000000,0.000000
-0.071627,1.707470,0.852367,0.038928,-0.040691,0.746240,0.663291,0.182774,0.012488,-0.035979,0.878803,-0.252920,0.025649,-0.182698,-0.047952,-0.063257,0.234845,-0.090758,-0.014452,-0.123650,0.004794,-0.060760,0.324046,-0.506627,1.016100,1.570800,0.000000,0.000000,0.320847,-0.184026,0.132342,1.142546,-0.112895,0.000000,0.000000
-0.072233,1.719795,0.853361,0.041364,-0.041909,0.744459,0.665067,0.172779,0.009845,-0.029912,0.922343,-0.198577,0.023363,-0.175037,-0.049253,-0.054423,0.256463,-0.104649,-0.016223,-0.118030,0.004572,-0.048927,0.316808,-0.498252,1.024983,1.570800,0.000000,0.000000,0.322331,-0.186050,0.133841,1.144033,-0.114667,0.000000,0.000000
-0.072235,1.732007,0.854284,0.044083,-0.042931,0.742059,0.667505,0.162926,0.008135,-0.020611,0.960888,-0.151271,0.020736,-0.166425,-0.050099,-0.043716,0.274015,-0.118056,-0.018234,-0.111276,0.004371,-0.038115,0.309419,-0.492338,1.035194,1.570800,0.000000,0.000000,0.324581,-0.188088,0.134836,1.143413,-0.113683,0.000000,0.000000
-0.071252,1.744218,0.855269,0.047078,-0.043749,0.739782,0.669770,0.152542,0.009340,-0.008673,0.997065,-0.111138,0.018554,-0.156405,-0.050255,-0.031653,0.288375,-0.131546,-0.020330,-0.102749,0.004148,-0.027353,0.301813,-0.492033,1.045144,1.570800,0.000000,0.000000,0.325153,-0.188048,0.132116,1.146315,-0.112450,0.000000,0.000000
-0.069788,1.756548,0.856089,0.049241,-0.044931,0.738124,0.671364,0.141794,0.014073,0.003203,1.030321,-0.078160,0.017515,-0.145551,-0.048587,-0.022226,0.299584,-0.146105,-0.021549,-0.094615,0.003904,-0.017932,0.295210,-0.493506,1.055491,1.570800,0.000000,0.000000,0.325094,-0.187327,0.130672,1.149534,-0.109448,0.000000,0.000000
-0.068233,1.768754,0.856853,0.051291,-0.046176,0.737440,0.671878,0.130712,0.019473,0.012343,1.060335,-0.057378,0.017229,-0.133756,-0.046571,-0.016591,0.308676,-0.161250,-0.022057,-0.086005,0.003665,-0.009987,0.289564,-0.498145,1.065923,1.570800,0.000000,0.000000,0.324716,-0.185163,0.125617,1.153495,-0.106827,0.000000,0.000000
-0.066752,1.780939,0.857518,0.053065,-0.047433,0.737212,0.671903,0.119959,0.024880,0.020193,1.085014,-0.053512,0.017269,-0.121763,-0.044441,-0.014263,0.316223,-0.176149,-0.021989,-0.077331,0.003396,-0.002522,0.283739,-0.504522,1.075868,1.570800,0.000000,0.000000,0.325837,-0.183102,0.121714,1.154630,-0.107217,0.000000,0.000000
-0.065266,1.793114,0.858233,0.054545,-0.048473,0.736955,0.671992,0.108568,0.030892,0.029172,1.105851,-0.062217,0.017366,-0.108735,-0.042185,-0.014404,0.322435,-0.191673,-0.021480,-0.067589,0.003076,0.005724,0.277282,-0.510083,1.085380,1.570800,0.000000,0.000000,0.328582,-0.180738,0.119519,1.152259,-0.105473,0.000000,0.000000
-0.063936,1.805045,0.859057,0.056041,-0.049072,0.736011,0.672859,0.096911,0.035472,0.038919,1.121284,-0.078783,0.016980,-0.095340,-0.040543,-0.015566,0.325753,-0.205900,-0.020952,-0.056566,0.002775,0.013537,0.273263,-0.516990,1.092908,1.570800,0.000000,0.000000,0.330898,-0.180654,0.120704,1.147766,-0.102193,0.000000,0.000000
-0.062740,1.816717,0.860048,0.057595,-0.049191,0.734846,0.673992,0.084562,0.038138,0.048665,1.131246,-0.099274,0.016046,-0.081226,-0.039661,-0.016376,0.325306,-0.218694,-0.020658,-0.044745,0.002376,0.021212,0.270191,-0.525360,1.098926,1.570800,0.000000,0.000000,0.331021,-0.181450,0.122836,1.143623,-0.101542,0.000000,0.000000
-0.061552,1.828272,0.861087,0.059246,-0.049034,0.733345,0.675493,0.072657,0.039286,0.058989,1.134935,-0.117950,0.014527,-0.067460,-0.039275,-0.015896,0.322242,-0.229441,-0.020682,-0.033462,0.002030,0.028032,0.264899,-0.531333,1.107767,1.570800,0.000000,0.000000,0.329720,-0.181468,0.123571,1.140568,-0.100508,0.000000,0.000000
-0.060355,1.839859,0.862067,0.060730,-0.048888,0.731165,0.677732,0.060890,0.039833,0.070943,1.132807,-0.134079,0.012466,-0.053874,-0.038883,-0.014629,0.318402,-0.239024,-0.020823,-0.021643,0.001668,0.035004,0.258933,-0.537540,1.118554,1.570800,0.000000,0.000000,0.328013,-0.181805,0.124645,1.136952,-0.098570,0.000000,0.000000
-0.058961,1.851494,0.862908,0.062078,-0.048773,0.728392,0.680597,0.049607,0.040285,0.084190,1.125192,-0.148950,0.010056,-0.041134,-0.038024,-0.011845,0.315503,-0.247420,-0.021094,-0.009436,0.001234,0.042657,0.253544,-0.542490,1.128563,1.570800,0.000000,0.000000,0.326005,-0.183039,0.128844,1.131579,-0.097935,0.000000,0.000000
-0.057658,1.863000,0.863636,0.063682,-0.048392,0.725219,0.683856,0.038952,0.039389,0.097402,1.113227,-0.162922,0.007157,-0.029765,-0.038000,-0.008193,0.314606,-0.255335,-0.021715,0.002782,0.000867,0.050822,0.248328,-0.545932,1.137644,1.570800,0.000000,0.000000,0.323494,-0.185480,0.134310,1.125067,-0.094821,0.000000,0.000000
-0.056553,1.874270,0.864228,0.065283,-0.047919,0.721886,0.687257,0.028227,0.037103,0.110360,1.097442,-0.175791,0.003790,-0.019205,-0.038429,-0.002541,0.315085,-0.262878,-0.022778,0.015088,0.000484,0.060175,0.244599,-0.549590,1.144576,1.570800,0.000000,0.000000,0.320597,-0.189619,0.141882,1.116654,-0.093912,0.000000,0.000000
-0.055247,1.885309,0.864583,0.066174,-0.047738,0.719422,0.689763,0.017571,0.036307,0.121555,1.078924,-0.188884,0.001146,-0.009493,-0.037196,0.002554,0.315811,-0.268484,-0.023344,0.024635,0.000202,0.070451,0.242883,-0.553360,1.147985,1.570782,0.000000,0.000000,0.317905,-0.192385,0.151591,1.107944,-0.091295,0.000000,0.000000
-0.054260,1.895783,0.865065,0.066758,-0.046761,0.716833,0.692464,0.005656,0.034370,0.133721,1.054150,-0.204579,-0.002136,-0.000190,-0.037183,0.005858,0.314353,-0.275224,-0.023903,0.033608,-0.000113,0.081471,0.241318,-0.555234,1.149112,1.570712,0.000000,0.000000,0.314137,-0.194526,0.162030,1.099982,-0.086287,0.000000,0.000000
-0.053438,1.905789,0.865549,0.066762,-0.045617,0.713979,0.695482,-0.006955,0.031124,0.143048,1.023962,-0.219101,-0.005304,0.008315,-0.037258,0.010207,0.310582,-0.281590,-0.024617,0.042668,-0.000450,0.091667,0.238855,-0.552568,1.151303,1.570634,0.000000,0.000000,0.308039,-0.196414,0.172108,1.094439,-0.083858,0.000000,0.000000
-0.052401,1.915362,0.865990,0.066232,-0.044410,0.710176,0.699494,-0.019342,0.028812,0.155228,0.990237,-0.230987,-0.008770,0.015115,-0.036293,0.018764,0.306133,-0.284961,-0.025744,0.051376,-0.000785,0.100347,0.236303,-0.545452,1.154872,1.570567,0.000000,0.000000,0.299550,-0.200027,0.184201,1.087680,-0.082495,0.000000,0.000000
-0.051770,1.924800,0.866226,0.065754,-0.043483,0.707777,0.702024,-0.031383,0.026584,0.165874,0.954281,-0.239743,-0.011857,0.021847,-0.035710,0.022993,0.303187,-0.288677,-0.026284,0.060851,-0.001130,0.108209,0.234118,-0.539974,1.158372,1.570500,0.000000,0.000000,0.292634,-0.203592,0.192457,1.077850,-0.087526,0.000000,0.000000
-0.050603,1.934134,0.866589,0.065224,-0.042200,0.700827,0.709088,-0.042370,0.023795,0.180590,0.913255,-0.247126,-0.015889,0.027425,-0.035270,0.031296,0.300252,-0.289781,-0.027525,0.069963,-0.001523,0.118544,0.230799,-0.524610,1.162284,1.570417,0.000000,0.000000,0.283138,-0.209711,0.212318,1.067289,-0.089795,0.000000,0.000000
-0.050429,1.943843,0.866623,0.063781,-0.041110,0.702184,0.707940,-0.054225,0.021164,0.183400,0.869151,-0.252956,-0.017230,0.035250,-0.034876,0.028538,0.294589,-0.297456,-0.026945,0.078192,-0.001796,0.124140,0.229831,-0.525481,1.164107,1.570365,0.000000,0.000000,0.277700,-0.210886,0.209504,1.054763,-0.090359,0.000000,0.000000
-0.049653,1.953552,0.866653,0.062133,-0.039866,0.701184,0.709148,-0.065291,0.019139,0.187922,0.820475,-0.257678,-0.018593,0.042346,-0.033587,0.028055,0.289118,-0.302437,-0.026496,0.084745,-0.002024,0.131123,0.229942,-0.523787,1.164257,1.570328,0.000000,0.000000,0.270505,-0.212521,0.211976,1.041967,-0.083172,0.000000,0.000000
-0.049216,1.963276,0.866505,0.060654,-0.038864,0.699685,0.710811,-0.075015,0.016118,0.191252,0.767808,-0.259107,-0.019829,0.048714,-0.032334,0.027559,0.286041,-0.305993,-0.026090,0.091066,-0.002317,0.139979,0.229154,-0.519355,1.163564,1.570286,0.000000,0.000000,0.263346,-0.215015,0.216121,1.029088,-0.074457,0.000000,0.000000
-0.049028,1.973016,0.866321,0.059419,-0.037812,0.697877,0.712747,-0.083563,0.012159,0.194328,0.711111,-0.257848,-0.021080,0.055050,-0.032014,0.024557,0.283329,-0.311478,-0.025518,0.097983,-0.002590,0.147667,0.227092,-0.512700,1.164451,1.570240,0.000000,0.000000,0.256058,-0.218635,0.220345,1.015024,-0.072634,0.000000,0.000000
-0.048634,1.983030,0.866138,0.057711,-0.036594,0.696498,0.714298,-0.091427,0.009427,0.199705,0.650899,-0.253492,-0.022228,0.061916,-0.031565,0.021942,0.278166,-0.317180,-0.024951,0.104539,-0.002862,0.153345,0.225505,-0.505872,1.166694,1.570192,0.000000,0.000000,0.248064,-0.222226,0.225425,1.001617,-0.071182,0.000000,0.000000
-0.047983,1.993195,0.865813,0.055492,-0.035608,0.695538,0.715458,-0.098394,0.008412,0.207006,0.587693,-0.250842,-0.023000,0.069025,-0.029637,0.023126,0.272248,-0.320957,-0.024618,0.109962,-0.003107,0.158210,0.225241,-0.503172,1.170490,1.570162,0.000000,0.000000,0.239055,-0.225647,0.229470,0.989727,-0.065930,0.000000,0.000000
-0.047701,2.003294,0.865347,0.053149,-0.034664,0.694438,0.716749,-0.104309,0.006784,0.213473,0.521017,-0.250677,-0.023453,0.075950,-0.027767,0.024805,0.267050,-0.324440,-0.024392,0.115071,-0.003319,0.163099,0.227200,-0.504672,1.172853,1.570142,0.000000,0.000000,0.230317,-0.229400,0.232076,0.976057,-0.061101,0.000000,0.000000
-0.047915,2.013550,0.864811,0.050813,-0.033517,0.693245,0.718127,-0.109304,0.003856,0.216999,0.451831,-0.248121,-0.023426,0.082988,-0.027031,0.025387,0.261774,-0.329727,-0.024272,0.120949,-0.003573,0.168164,0.229813,-0.504532,1.172741,1.570145,0.000000,0.000000,0.223794,-0.233858,0.235508,0.959330,-0.055327,0.000000,0.000000
-0.047771,2.024108,0.864206,0.048401,-0.032321,0.692284,0.719275,-0.113724,0.001867,0.219954,0.382636,-0.239922,-0.022921,0.090418,-0.025925,0.024849,0.255907,-0.333772,-0.023885,0.126267,-0.003807,0.173679,0.231971,-0.500120,1.172036,1.570151,0.000000,0.000000,0.217701,-0.238602,0.238372,0.943757,-0.051891,0.000000,0.000000
-0.047295,2.034677,0.863440,0.045675,-0.031431,0.691866,0.719894,-0.117512,0.001374,0.222261,0.312017,-0.230206,-0.021781,0.097852,-0.023340,0.022415,0.249951,-0.336716,-0.022846,0.130367,-0.004031,0.178353,0.233574,-0.495630,1.172149,1.570151,0.000000,0.000000,0.210421,-0.242787,0.239177,0.930318,-0.053173,0.000000,0.000000
-0.046991,2.045363,0.862510,0.042863,-0.030545,0.691719,0.720247,-0.120059,0.000769,0.223605,0.238616,-0.219504,-0.020384,0.105128,-0.020738,0.017703,0.244667,-0.341582,-0.021441,0.134358,-0.004248,0.182291,0.235513,-0.493839,1.171737,1.570144,0.000000,0.000000,0.203709,-0.247706,0.237773,0.914137,-0.052480,0.000000,0.000000
-0.046803,2.056206,0.861461,0.039934,-0.029340,0.691588,0.720590,-0.121412,-0.000047,0.222345,0.162692,-0.207381,-0.018518,0.112034,-0.018604,0.012724,0.239783,-0.347350,-0.020103,0.139098,-0.004455,0.185806,0.237524,-0.492754,1.170853,1.570150,0.000000,0.000000,0.196094,-0.252295,0.234471,0.897289,-0.044244,0.000000,0.000000
-0.046509,2.066770,0.860289,0.037017,-0.028583,0.690736,0.721593,-0.121710,0.000534,0.218359,0.086601,-0.195346,-0.015940,0.118503,-0.015868,0.010307,0.235968,-0.352289,-0.019012,0.142807,-0.004649,0.190417,0.239387,-0.489701,1.169669,1.570147,0.000000,0.000000,0.185287,-0.256722,0.238064,0.886028,-0.035776,0.000000,0.000000
-0.046175,2.076844,0.858746,0.034179,-0.027697,0.689387,0.723056,-0.122168,0.000843,0.217956,0.014856,-0.184800,-0.014012,0.122890,-0.013347,0.008739,0.237614,-0.360145,-0.018119,0.145417,-0.004789,0.196170,0.244628,-0.492826,1.165167,1.570159,0.000000,0.000000,0.173076,-0.260781,0.243816,0.878358,-0.034774,0.000000,0.000000
-0.045812,2.086736,0.857357,0.031500,-0.026853,0.687350,0.725146,-0.122858,0.001469,0.217450,-0.017450,-0.181269,-0.013073,0.124742,-0.012221,0.007894,0.240566,-0.365495,-0.017702,0.147554,-0.004838,0.198463,0.247846,-0.494654,1.164109,1.570172,0.000000,0.000000,0.166589,-0.262030,0.245396,0.874621,-0.033617,0.000000,0.000000
-0.045406,2.096635,0.855459,0.028913,-0.026641,0.685793,0.726734,-0.124822,0.003245,0.218180,-0.017450,-0.176310,-0.011966,0.127932,-0.009879,0.006257,0.246446,-0.374546,-0.016857,0.151123,-0.005001,0.201562,0.251494,-0.492636,1.164558,1.570193,0.000000,0.000000,0.158292,-0.264062,0.247693,0.867037,-0.028853,0.000000,0.000000
-0.045659,2.106766,0.853186,0.026683,-0.026703,0.685241,0.727338,-0.128127,0.004197,0.222065,-0.017450,-0.171679,-0.011580,0.132151,-0.007486,0.003658,0.254638,-0.386444,-0.015860,0.154219,-0.005243,0.206195,0.252949,-0.484296,1.166038,1.570218,0.000000,0.000000,0.150855,-0.267576,0.249863,0.855211,-0.023247,0.000000,0.000000
-0.046591,2.117399,0.851000,0.025239,-0.026662,0.685853,0.726813,-0.131175,0.002199,0.228091,-0.017450,-0.168333,-0.012195,0.136493,-0.006751,0.000071,0.263219,-0.397509,-0.015139,0.154653,-0.005404,0.211326,0.252908,-0.477213,1.167137,1.570212,0.000000,0.000000,0.145163,-0.271535,0.251319,0.845619,-0.019160,0.000000,0.000000
-0.047304,2.128345,0.850495,0.024213,-0.026828,0.685939,0.726761,-0.133819,-0.000568,0.235675,-0.017450,-0.165905,-0.013208,0.141340,-0.006618,-0.002607,0.272902,-0.407540,-0.014697,0.154510,-0.005523,0.216934,0.253391,-0.472769,1.168053,1.570199,0.000000,0.000000,0.139750,-0.275881,0.253390,0.837597,-0.018464,0.000000,0.000000
-0.047974,2.139518,0.850398,0.023336,-0.026952,0.686449,0.726303,-0.136383,-0.003816,0.241965,-0.017450,-0.164612,-0.014270,0.146806,-0.006575,-0.004184,0.283959,-0.418157,-0.014440,0.154493,-0.005610,0.222388,0.253224,-0.466921,1.169533,1.570183,0.000000,0.000000,0.134321,-0.280287,0.253181,0.830344,-0.018367,0.000000,0.000000
-0.048526,2.150815,0.850113,0.022665,-0.026963,0.686829,0.725965,-0.139282,-0.007534,0.247528,-0.017450,-0.164794,-0.015384,0.152754,-0.006469,-0.003359,0.296050,-0.428549,-0.014534,0.155920,-0.005668,0.227889,0.250659,-0.458397,1.172401,1.570155,0.000000,0.000000,0.129954,-0.283878,0.250091,0.823634,-0.016069,0.000000,0.000000
-0.048910,2.162281,0.849736,0.022296,-0.027118,0.686568,0.726218,-0.141808,-0.009667,0.248548,-0.017450,-0.165072,-0.015850,0.158344,-0.006494,0.000673,0.307542,-0.436325,-0.015183,0.158811,-0.005784,0.232377,0.248232,-0.453584,1.175828,1.570109,0.000000,0.000000,0.127044,-0.287398,0.248388,0.818489,-0.015895,0.000000,0.000000
-0.049421,2.173629,0.849084,0.022434,-0.027640,0.686297,0.726450,-0.144332,-0.011557,0.248236,-0.017450,-0.165526,-0.016140,0.163375,-0.006864,0.005713,0.322637,-0.444246,-0.016115,0.161951,-0.005874,0.236278,0.246615,-0.451203,1.180368,1.570077,0.000000,0.000000,0.125108,-0.291259,0.245640,0.813532,-0.017073,0.000000,0.000000
-0.049910,2.184732,0.848215,0.022527,-0.028639,0.686249,0.726453,-0.147407,-0.013317,0.249328,-0.017450,-0.167775,-0.016517,0.168036,-0.006730,0.009583,0.342620,-0.452101,-0.016786,0.165257,-0.005943,0.240402,0.245670,-0.447617,1.185000,1.570042,0.000000,0.000000,0.124267,-0.294308,0.241440,0.808838,-0.018395,0.000000,0.000000
-0.050111,2.195660,0.847297,0.022509,-0.029654,0.686014,0.726635,-0.150710,-0.013444,0.249255,-0.017450,-0.171752,-0.016483,0.171897,-0.005857,0.012456,0.364418,-0.460078,-0.017123,0.168885,-0.006000,0.244029,0.246155,-0.444195,1.188883,1.570033,0.000000,0.000000,0.123829,-0.296647,0.236600,0.805694,-0.019184,0.000000,0.000000
-0.050548,2.206661,0.846394,0.022851,-0.030008,0.685117,0.727456,-0.153633,-0.013770,0.248185,-0.017450,-0.175496,-0.016405,0.174599,-0.005980,0.017106,0.385687,-0.466453,-0.018008,0.173153,-0.006158,0.246823,0.246046,-0.442920,1.192249,1.570017,0.000000,0.000000,0.123608,-0.299916,0.232387,0.803192,-0.019370,0.000000,0.000000
-0.051290,2.217835,0.845531,0.023322,-0.030419,0.684183,0.728303,-0.156017,-0.013986,0.244414,-0.017450,-0.178826,-0.016069,0.176680,-0.006385,0.022500,0.407588,-0.470974,-0.019113,0.177880,-0.006302,0.249455,0.245536,-0.441713,1.195759,1.570001,0.000000,0.000000,0.124441,-0.303001,0.228232,0.801274,-0.016813,0.000000,0.000000
-0.052094,2.228699,0.844368,0.023587,-0.031180,0.683676,0.728738,-0.159905,-0.013780,0.238984,-0.017450,-0.182070,-0.015437,0.177808,-0.006523,0.025496,0.435040,-0.474941,-0.019813,0.183028,-0.006420,0.251964,0.245520,-0.440033,1.199748,1.569980,0.000000,0.000000,0.126341,-0.305306,0.223995,0.800812,-0.011765,0.000000,0.000000
-0.053110,2.239906,0.843459,0.024120,-0.032107,0.684139,0.728245,-0.162692,-0.013974,0.234376,-0.017450,-0.177865,-0.015109,0.178419,-0.006848,0.025284,0.460730,-0.474752,-0.020031,0.185288,-0.006466,0.254701,0.245232,-0.437950,1.202475,1.569974,0.000000,0.000000,0.128163,-0.306563,0.220684,0.801903,-0.011165,0.000000,0.000000
-0.054250,2.251065,0.842575,0.025189,-0.033233,0.685329,0.727038,-0.165246,-0.013422,0.225317,-0.017450,-0.163103,-0.014438,0.178354,-0.007721,0.023318,0.496329,-0.470622,-0.020179,0.185852,-0.006464,0.257786,0.244160,-0.436479,1.206963,1.569959,0.000000,0.000000,0.131222,-0.307267,0.216450,0.804818,-0.012692,0.000000,0.000000
-0.055498,2.262037,0.842104,0.026640,-0.034314,0.686510,0.725821,-0.166640,-0.011428,0.211695,-0.016070,-0.141597,-0.013224,0.176708,-0.009427,0.021122,0.537758,-0.463310,-0.020565,0.185186,-0.006429,0.260036,0.242344,-0.435567,1.212668,1.569937,0.000000,0.000000,0.135216,-0.306901,0.212061,0.808034,-0.013255,0.000000,0.000000
-0.056838,2.272813,0.843909,0.028445,-0.035545,0.688033,0.724250,-0.167048,-0.008467,0.193596,0.003511,-0.116263,-0.011655,0.173220,-0.010598,0.020488,0.583741,-0.450875,-0.021094,0.183503,-0.006319,0.261573,0.240278,-0.433920,1.218226,1.569911,0.000000,0.000000,0.139781,-0.306700,0.206885,0.811668,-0.013487,0.000000,0.000000
-0.058401,2.283560,0.846221,0.030768,-0.037013,0.690415,0.721810,-0.166956,-0.006897,0.174462,0.031529,-0.095341,-0.010241,0.168946,-0.012198,0.016109,0.631931,-0.432309,-0.021087,0.179865,-0.006139,0.263239,0.237826,-0.432316,1.224891,1.569895,0.000000,0.000000,0.144329,-0.306798,0.201162,0.818375,-0.016917,0.000000,0.000000
-0.059905,2.294712,0.848477,0.033157,-0.038928,0.693759,0.718389,-0.166794,-0.006959,0.160171,0.065801,-0.090955,-0.009434,0.164614,-0.013156,0.009588,0.679714,-0.410577,-0.020430,0.174484,-0.005895,0.264359,0.235015,-0.432164,1.233996,1.569878,0.000000,0.000000,0.150356,-0.305768,0.194459,0.826742,-0.020083,0.000000,0.000000
-0.060781,2.305906,0.850520,0.035797,-0.041533,0.696989,0.714983,-0.166542,-0.006453,0.146973,0.106160,-0.097980,-0.008315,0.159900,-0.013268,0.000019,0.729989,-0.372882,-0.018887,0.168330,-0.005618,0.265862,0.233348,-0.431592,1.242653,1.569864,0.000000,0.000000,0.157404,-0.303473,0.188613,0.837767,-0.019524,0.000000,0.000000
-0.062059,2.317615,0.852174,0.038494,-0.044122,0.699920,0.711817,-0.165488,-0.006609,0.131861,0.146630,-0.108927,-0.006813,0.154669,-0.014847,-0.009573,0.779327,-0.328391,-0.017697,0.163634,-0.005400,0.267479,0.231467,-0.430354,1.250434,1.569849,0.000000,0.000000,0.164795,-0.300348,0.183483,0.850311,-0.015226,0.000000,0.000000
-0.063782,2.329485,0.853394,0.041280,-0.046896,0.702937,0.708503,-0.163151,-0.007422,0.114657,0.184222,-0.117743,-0.004944,0.149025,-0.018036,-0.019370,0.826645,-0.277015,-0.016879,0.159758,-0.005221,0.269346,0.229158,-0.428753,1.257679,1.569837,0.000000,0.000000,0.173474,-0.298160,0.180307,0.863021,-0.015356,0.000000,0.000000
-0.065486,2.341378,0.854274,0.044192,-0.049574,0.706202,0.704889,-0.159228,-0.008829,0.097881,0.217959,-0.124174,-0.003130,0.142888,-0.021348,-0.026603,0.871528,-0.225839,-0.016506,0.154984,-0.005044,0.271142,0.228009,-0.428844,1.263465,1.569831,0.000000,0.000000,0.183460,-0.296908,0.180004,0.874414,-0.021506,0.000000,0.000000
-0.066887,2.353099,0.854974,0.046696,-0.052229,0.710037,0.700670,-0.153829,-0.009795,0.082646,0.245959,-0.132203,-0.001266,0.136148,-0.022612,-0.030714,0.911713,-0.182945,-0.016007,0.148500,-0.004761,0.272683,0.227684,-0.429837,1.267816,1.569832,0.000000,0.000000,0.193215,-0.294519,0.180471,0.884505,-0.025858,0.000000,0.000000
-0.068726,2.364668,0.855597,0.048868,-0.054777,0.713722,0.696572,-0.146646,-0.011131,0.067809,0.267024,-0.141464,0.000605,0.129023,-0.024107,-0.032533,0.947147,-0.159316,-0.015990,0.140909,-0.004469,0.273568,0.228337,-0.431884,1.271926,1.569844,0.000000,0.000000,0.202179,-0.291811,0.182533,0.894775,-0.026805,0.000000,0.000000
-0.070522,2.376295,0.856199,0.050773,-0.057148,0.716396,0.693494,-0.138138,-0.012369,0.055849,0.282984,-0.151378,0.002118,0.122205,-0.025481,-0.032612,0.977310,-0.149765,-0.016268,0.133329,-0.004180,0.274181,0.229813,-0.433398,1.274957,1.569855,0.000000,0.000000,0.210066,-0.288871,0.185837,0.905167,-0.026481,0.000000,0.000000
-0.071962,2.386720,0.856805,0.052383,-0.059427,0.718440,0.691063,-0.128922,-0.013135,0.046426,0.294738,-0.161019,0.003378,0.113056,-0.026479,-0.034423,1.007973,-0.147551,-0.016111,0.125381,-0.003915,0.274789,0.230249,-0.428742,1.275541,1.569873,0.000000,0.000000,0.216767,-0.284861,0.191585,0.913421,-0.021888,0.000000,0.000000
-0.074410,2.397808,0.857368,0.053859,-0.061392,0.720206,0.688936,-0.119304,-0.014820,0.040094,0.305603,-0.169703,0.003923,0.104627,-0.030669,-0.038321,1.031373,-0.153410,-0.016565,0.118545,-0.003704,0.275740,0.229470,-0.419039,1.273318,1.569888,0.000000,0.000000,0.223727,-0.281038,0.198997,0.918452,-0.019335,0.000000,0.000000
-0.077685,2.408818,0.857872,0.055613,-0.063485,0.721807,0.686929,-0.108004,-0.017474,0.035573,0.316230,-0.179073,0.003936,0.095374,-0.039054,-0.044280,1.052566,-0.166169,-0.017938,0.110613,-0.003518,0.278332,0.227919,-0.408595,1.269835,1.569892,0.000000,0.000000,0.231294,-0.278331,0.209308,0.924185,-0.026213,0.000000,0.000000
-0.080502,2.419335,0.858268,0.057541,-0.065446,0.723383,0.684925,-0.096378,-0.019989,0.032711,0.324518,-0.188806,0.003726,0.085654,-0.048025,-0.052028,1.070341,-0.177270,-0.019148,0.101350,-0.003293,0.281188,0.227034,-0.399906,1.265525,1.569902,0.000000,0.000000,0.237300,-0.276632,0.219300,0.932201,-0.033987,0.000000,0.000000
-0.084042,2.430107,0.858630,0.059098,-0.067360,0.725311,0.682564,-0.084981,-0.022889,0.028475,0.332343,-0.199218,0.003673,0.076823,-0.058085,-0.059067,1.079798,-0.189168,-0.020828,0.092837,-0.003010,0.282688,0.227613,-0.395126,1.260082,1.569914,0.000000,0.000000,0.243852,-0.274368,0.227379,0.938160,-0.034527,0.000000,0.000000
-0.086963,2.440786,0.859166,0.060370,-0.069177,0.727335,0.680113,-0.072747,-0.024828,0.022116,0.336259,-0.208400,0.004218,0.067545,-0.065870,-0.062979,1.084156,-0.204014,-0.022417,0.082658,-0.002679,0.284619,0.228213,-0.386872,1.252574,1.569927,0.000000,0.000000,0.249462,-0.271865,0.237300,0.943627,-0.034517,0.000000,0.000000
-0.088889,2.451376,0.859834,0.061086,-0.071055,0.729990,0.677004,-0.060650,-0.025001,0.014822,0.339017,-0.217905,0.005361,0.058168,-0.068694,-0.064403,1.081377,-0.218673,-0.022975,0.071558,-0.002338,0.285840,0.231041,-0.378707,1.242907,1.569965,0.000000,0.000000,0.254721,-0.268338,0.246233,0.949270,-0.035771,0.000000,0.000000
-0.090807,2.461869,0.860412,0.061682,-0.072922,0.733670,0.672761,-0.049286,-0.024962,0.007346,0.342313,-0.227825,0.006580,0.049608,-0.070069,-0.068973,1.072179,-0.231997,-0.022487,0.059586,-0.002009,0.285872,0.235331,-0.373127,1.231814,1.570025,0.000000,0.000000,0.260195,-0.264333,0.251593,0.955954,-0.036127,0.000000,0.000000
-0.092953,2.472265,0.860813,0.062244,-0.074821,0.737989,0.667757,-0.039005,-0.025152,0.000359,0.347228,-0.236912,0.007661,0.042078,-0.072186,-0.076133,1.057988,-0.243123,-0.021708,0.048471,-0.001692,0.284472,0.239745,-0.369641,1.221876,1.570087,0.000000,0.000000,0.265710,-0.260688,0.254515,0.964816,-0.043999,0.000000,0.000000
-0.095909,2.482692,0.860993,0.063150,-0.076651,0.742547,0.662390,-0.028548,-0.026576,-0.007425,0.353562,-0.245954,0.008558,0.034690,-0.075450,-0.076432,1.039712,-0.257158,-0.022640,0.036688,-0.001390,0.282139,0.244297,-0.369295,1.213373,1.570148,0.000000,0.000000,0.271440,-0.257896,0.258342,0.975290,-0.060703,0.000000,0.000000
-0.098549,2.492791,0.861069,0.063923,-0.078149,0.746852,0.657281,-0.018988,-0.027907,-0.016028,0.359915,-0.254239,0.009627,0.027797,-0.078705,-0.079015,1.018001,-0.267896,-0.023094,0.026603,-0.001105,0.279927,0.250006,-0.373105,1.203500,1.570218,0.000000,0.000000,0.278989,-0.255764,0.260932,0.982212,-0.074630,0.000000,0.000000
-0.100334,2.502568,0.861210,0.064173,-0.079376,0.751200,0.652135,-0.010572,-0.027902,-0.025994,0.365403,-0.260930,0.011279,0.020931,-0.078958,-0.084446,0.991630,-0.277146,-0.022016,0.018457,-0.000805,0.277291,0.256355,-0.378329,1.191459,1.570298,0.000000,0.000000,0.287289,-0.252872,0.260417,0.986119,-0.081445,0.000000,0.000000
-0.100679,2.511979,0.861441,0.064132,-0.080486,0.755182,0.647386,-0.002817,-0.025784,-0.035159,0.369741,-0.267659,0.013346,0.013340,-0.074241,-0.089328,0.960471,-0.287095,-0.019467,0.011541,-0.000578,0.272126,0.263049,-0.381508,1.179488,1.570397,0.000000,0.000000,0.293203,-0.248490,0.256199,0.992785,-0.084727,0.000000,0.000000
-0.103021,2.521021,0.861493,0.064324,-0.081123,0.759384,0.642352,0.004595,-0.026314,-0.043695,0.372894,-0.275645,0.014604,0.005988,-0.076082,-0.096215,0.928036,-0.299809,-0.018540,0.004574,-0.000377,0.265743,0.269161,-0.383237,1.167171,1.570504,0.000000,0.000000,0.298129,-0.245032,0.249019,0.999617,-0.086419,0.000000,0.000000
-0.106036,2.529775,0.861398,0.064382,-0.081596,0.764313,0.636413,0.011155,-0.027964,-0.053732,0.377039,-0.283143,0.015837,-0.000730,-0.081671,-0.106871,0.892883,-0.305948,-0.017973,-0.003091,-0.000150,0.259078,0.274495,-0.386248,1.155136,1.570603,0.000000,0.000000,0.305027,-0.242585,0.241923,1.004407,-0.091554,0.000000,0.000000
-0.108948,2.538268,0.861112,0.064375,-0.082018,0.769242,0.630393,0.016941,-0.029551,-0.062830,0.383358,-0.287453,0.016956,-0.006770,-0.087888,-0.118567,0.854632,-0.306904,-0.017367,-0.011322,0.000133,0.252463,0.280266,-0.391836,1.142614,1.570700,0.000000,0.000000,0.312413,-0.240093,0.235771,1.007426,-0.096958,0.000000,0.000000
-0.111137,2.546535,0.860842,0.063923,-0.082165,0.773821,0.624791,0.022065,-0.029991,-0.069309,0.388909,-0.292466,0.017940,-0.012835,-0.092341,-0.129469,0.813517,-0.307182,-0.016376,-0.019290,0.000405,0.245534,0.286238,-0.396583,1.129475,1.570800,0.000000,0.000000,0.319041,-0.237287,0.229540,1.009635,-0.100671,0.000000,0.000000
-0.112959,2.554629,0.860629,0.063048,-0.081910,0.778179,0.619479,0.026598,-0.029839,-0.074291,0.392763,-0.299465,0.018808,-0.019089,-0.095659,-0.139209,0.769820,-0.305423,-0.015281,-0.027335,0.000711,0.238357,0.292777,-0.398695,1.115284,1.570800,0.000000,0.000000,0.324597,-0.234446,0.221553,1.011666,-0.103760,0.000000,0.000000
-0.114585,2.562608,0.860414,0.062121,-0.081374,0.782430,0.614266,0.030755,-0.029756,-0.079618,0.395673,-0.305786,0.019713,-0.025275,-0.098487,-0.147129,0.723464,-0.303172,-0.014417,-0.034851,0.000966,0.231075,0.299890,-0.399412,1.098825,1.570800,0.000000,0.000000,0.330835,-0.231942,0.212105,1.011017,-0.105546,0.000000,0.000000
-0.116123,2.570550,0.860159,0.061378,-0.080777,0.786496,0.609206,0.034895,-0.029802,-0.085671,0.398322,-0.311975,0.020704,-0.030949,-0.101798,-0.154860,0.675470,-0.300227,-0.013764,-0.041866,0.001190,0.223410,0.306527,-0.400629,1.082488,1.570800,0.000000,0.000000,0.336966,-0.229662,0.202226,1.010630,-0.105626,0.000000,0.000000
-0.117262,2.578569,0.859877,0.060578,-0.080082,0.790074,0.604732,0.038922,-0.029074,-0.091286,0.400959,-0.318520,0.021824,-0.036192,-0.104967,-0.162266,0.624624,-0.293079,-0.013169,-0.047547,0.001418,0.215822,0.312580,-0.402594,1.066273,1.570800,0.000000,0.000000,0.341325,-0.227069,0.194266,1.013006,-0.104213,0.000000,0.000000
-0.117828,2.586731,0.859638,0.059465,-0.079458,0.793293,0.600696,0.042626,-0.027032,-0.096557,0.403524,-0.324591,0.023236,-0.041002,-0.106087,-0.166659,0.569839,-0.279766,-0.012604,-0.052315,0.001586,0.208062,0.318922,-0.403463,1.050118,1.570800,0.000000,0.000000,0.344840,-0.224880,0.189459,1.015117,-0.103707,0.000000,0.000000
-0.118379,2.595032,0.859366,0.058314,-0.078668,0.796930,0.596081,0.046150,-0.024669,-0.101924,0.405971,-0.330468,0.024752,-0.044813,-0.106660,-0.171017,0.512582,-0.260925,-0.011950,-0.056437,0.001753,0.199694,0.325363,-0.402758,1.033208,1.570800,0.000000,0.000000,0.349338,-0.223038,0.183651,1.014916,-0.102706,0.000000,0.000000
-0.119060,2.603301,0.858996,0.057213,-0.077469,0.800755,0.591200,0.049527,-0.022812,-0.107585,0.408193,-0.335517,0.026184,-0.047586,-0.107635,-0.174468,0.452294,-0.238005,-0.011632,-0.059568,0.001856,0.190294,0.330528,-0.401967,1.016115,1.570800,0.000000,0.000000,0.353483,-0.220579,0.175200,1.015003,-0.102864,0.000000,0.000000
-0.119280,2.611718,0.858642,0.055856,-0.075845,0.804506,0.586427,0.052666,-0.020696,-0.114091,0.409311,-0.340017,0.027829,-0.049853,-0.107760,-0.173230,0.388724,-0.208885,-0.011945,-0.062314,0.001996,0.180503,0.334565,-0.401769,0.997922,1.570800,0.000000,0.000000,0.356503,-0.217150,0.165203,1.015944,-0.104494,0.000000,0.000000
-0.119513,2.620398,0.858306,0.054663,-0.074271,0.808220,0.581615,0.056388,-0.018666,-0.120585,0.409366,-0.346137,0.029429,-0.051873,-0.108264,-0.169412,0.328777,-0.173503,-0.012800,-0.064730,0.002157,0.171410,0.339276,-0.402721,0.979748,1.570800,0.000000,0.000000,0.359814,-0.213824,0.156857,1.015743,-0.106257,0.000000,0.000000
-0.119444,2.629364,0.857978,0.053633,-0.072967,0.811730,0.576969,0.060700,-0.015745,-0.126635,0.409207,-0.352697,0.031193,-0.053628,-0.108346,-0.163880,0.271148,-0.132678,-0.013820,-0.066502,0.002262,0.162764,0.343515,-0.404360,0.962826,1.570800,0.000000,0.000000,0.363301,-0.209688,0.149750,1.015288,-0.108403,0.000000,0.000000
-0.119436,2.638453,0.857626,0.052908,-0.071788,0.815200,0.572272,0.065564,-0.012717,-0.133164,0.408799,-0.358715,0.033063,-0.054676,-0.108616,-0.153631,0.213486,-0.087513,-0.015667,-0.067701,0.002376,0.153217,0.348068,-0.407623,0.946926,1.570800,0.000000,0.000000,0.366867,-0.205563,0.141951,1.015544,-0.113248,0.000000,0.000000
-0.119535,2.647665,0.857120,0.052449,-0.070456,0.818497,0.567757,0.070715,-0.009796,-0.138279,0.408713,-0.364929,0.034670,-0.054843,-0.109944,-0.138976,0.156689,-0.042387,-0.018482,-0.067660,0.002406,0.143757,0.352754,-0.411380,0.930537,1.570800,0.000000,0.000000,0.370804,-0.201595,0.134006,1.016924,-0.117416,0.000000,0.000000
-0.119641,2.656984,0.856483,0.051888,-0.069055,0.821793,0.563201,0.075749,-0.006728,-0.143394,0.409158,-0.371267,0.036320,-0.054475,-0.112311,-0.121236,0.101570,0.003973,-0.022026,-0.066667,0.002427,0.133941,0.357747,-0.415149,0.914709,1.570800,0.000000,0.000000,0.375079,-0.197540,0.126009,1.017772,-0.119334,0.000000,0.000000
-0.119774,2.666362,0.855780,0.051401,-0.067931,0.825069,0.558574,0.080910,-0.003534,-0.149488,0.410154,-0.378090,0.038175,-0.054123,-0.115549,-0.101598,0.051403,0.048129,-0.026049,-0.065843,0.002475,0.123459,0.363600,-0.421692,0.900229,1.570800,0.000000,0.000000,0.378752,-0.192801,0.118083,1.018300,-0.119570,0.000000,0.000000
-0.119983,2.675757,0.855035,0.051144,-0.067001,0.828286,0.553929,0.086180,-0.000359,-0.155680,0.411375,-0.385352,0.040050,-0.054082,-0.119409,-0.082447,0.009057,0.086143,-0.030109,-0.064594,0.002473,0.113496,0.369722,-0.428876,0.886789,1.570800,0.000000,0.000000,0.382135,-0.187414,0.109358,1.019555,-0.121792,0.000000,0.000000
-0.120555,2.685095,0.854255,0.050937,-0.066104,0.831139,0.549767,0.090746,0.002023,-0.160088,0.412866,-0.390827,0.041447,-0.054261,-0.123530,-0.064055,-0.017450,0.113866,-0.034129,-0.062790,0.002469,0.105690,0.373048,-0.433449,0.876015,1.570800,0.000000,0.000000,0.385556,-0.182591,0.102639,1.020022,-0.123678,0.000000,0.000000
-0.121212,2.694376,0.853447,0.050746,-0.065301,0.833943,0.545619,0.094616,0.004167,-0.163410,0.414927,-0.395783,0.042616,-0.054558,-0.127317,-0.047770,-0.017450,0.135200,-0.037805,-0.061024,0.002415,0.099302,0.374947,-0.435554,0.866373,1.570800,0.000000,0.000000,0.388619,-0.178857,0.098533,1.019836,-0.125220,0.000000,0.000000
-0.121670,2.703510,0.852514,0.050655,-0.064847,0.836938,0.541076,0.098359,0.007099,-0.165406,0.418562,-0.401364,0.043797,-0.054891,-0.130892,-0.032899,-0.017450,0.153842,-0.041233,-0.059303,0.002410,0.093030,0.377188,-0.437355,0.856101,1.570800,0.000000,0.000000,0.392067,-0.174686,0.094985,1.019574,-0.125339,0.000000,0.000000
-0.122634,2.712984,0.851389,0.049621,-0.064741,0.841360,0.534284,0.102006,0.011401,-0.168959,0.423574,-0.417089,0.045504,-0.054910,-0.133918,-0.022331,-0.017450,0.183457,-0.044072,-0.059568,0.002442,0.086445,0.379266,-0.444643,0.845871,1.570800,0.000000,0.000000,0.399213,-0.167093,0.076839,1.020627,-0.130813,0.000000,0.000000
-0.123048,2.721830,0.850520,0.049352,-0.064764,0.844600,0.529170,0.104692,0.014835,-0.172306,0.427903,-0.426214,0.046969,-0.055487,-0.135577,-0.017227,-0.017450,0.201870,-0.045575,-0.059506,0.002499,0.080747,0.381778,-0.450109,0.838769,1.570800,0.000000,0.000000,0.404120,-0.161914,0.068306,1.020180,-0.134132,0.000000,0.000000
-0.123773,2.730657,0.849283,0.049347,-0.064713,0.847299,0.524844,0.108609,0.018935,-0.178092,0.433543,-0.436846,0.049035,-0.056846,-0.137443,-0.013102,-0.017450,0.222873,-0.047054,-0.059623,0.002562,0.072487,0.385872,-0.456204,0.830719,1.570800,0.000000,0.000000,0.410192,-0.156108,0.061788,1.019065,-0.137822,0.000000,0.000000
-0.124851,2.739399,0.847915,0.049496,-0.064595,0.849826,0.520744,0.112802,0.022382,-0.183906,0.439421,-0.445850,0.050974,-0.058538,-0.139310,-0.010510,-0.017450,0.240752,-0.048291,-0.060575,0.002634,0.064444,0.389424,-0.459859,0.824687,1.570800,0.000000,0.000000,0.415253,-0.151497,0.058307,1.018171,-0.139339,0.000000,0.000000
-0.126050,2.747967,0.846410,0.049681,-0.064431,0.852675,0.516067,0.116894,0.025480,-0.189120,0.445905,-0.453322,0.052769,-0.060180,-0.141469,-0.008288,-0.017450,0.256349,-0.049571,-0.062699,0.002702,0.057641,0.391752,-0.460178,0.818890,1.570800,0.000000,0.000000,0.418880,-0.147840,0.057638,1.017827,-0.138639,0.000000,0.000000
-0.127200,2.756457,0.844315,0.049777,-0.064220,0.855930,0.510667,0.121572,0.029428,-0.195787,0.455087,-0.462585,0.055079,-0.061784,-0.144744,-0.004385,-0.017450,0.273227,-0.051567,-0.066690,0.002765,0.051574,0.392940,-0.455500,0.809679,1.570800,0.000000,0.000000,0.421748,-0.142806,0.060153,1.019332,-0.135521,0.000000,0.000000
-0.128127,2.765643,0.841858,0.049133,-0.063849,0.859821,0.504200,0.125532,0.034774,-0.203625,0.465506,-0.472206,0.058023,-0.062668,-0.148264,0.009930,-0.017450,0.289981,-0.055604,-0.073840,0.002873,0.048256,0.393620,-0.446092,0.797545,1.570800,0.000000,0.000000,0.423286,-0.137554,0.065406,1.021631,-0.133225,0.000000,0.000000
-0.129479,2.774232,0.839481,0.049076,-0.063488,0.863089,0.498636,0.128668,0.039195,-0.209650,0.475980,-0.479079,0.060470,-0.062567,-0.152077,0.022882,-0.017450,0.291860,-0.059255,-0.080149,0.003017,0.044157,0.396152,-0.440642,0.790631,1.570800,0.000000,0.000000,0.424716,-0.135179,0.070349,1.022829,-0.131952,0.000000,0.000000
-0.130743,2.782637,0.837115,0.049161,-0.062866,0.866051,0.493545,0.131505,0.042377,-0.214765,0.485730,-0.485315,0.062448,-0.062185,-0.155657,0.033434,-0.017450,0.275694,-0.062035,-0.085721,0.003195,0.038498,0.402103,-0.440101,0.788312,1.570800,0.000000,0.000000,0.424472,-0.135232,0.075060,1.024576,-0.127226,0.000000,0.000000
-0.132097,2.791094,0.835078,0.049208,-0.062016,0.869167,0.488141,0.133829,0.044579,-0.218444,0.493249,-0.491908,0.063850,-0.062081,-0.158330,0.040411,-0.011680,0.247859,-0.063662,-0.088196,0.003180,0.036537,0.402738,-0.435334,0.783926,1.570800,0.000000,0.000000,0.424012,-0.134279,0.077345,1.024954,-0.119207,0.000000,0.000000
-0.133528,2.799565,0.832668,0.049031,-0.061190,0.872200,0.482825,0.136363,0.047258,-0.221371,0.502024,-0.497584,0.065315,-0.061794,-0.160984,0.049132,0.007971,0.209594,-0.065398,-0.089206,0.003011,0.043077,0.394814,-0.418922,0.769118,1.570800,0.000000,0.000000,0.424475,-0.130843,0.079643,1.022890,-0.111951,0.000000,0.000000
-0.134521,2.807679,0.831685,0.049425,-0.060437,0.875361,0.477124,0.138226,0.049469,-0.223172,0.510017,-0.499823,0.066472,-0.061209,-0.162765,0.057482,0.029256,0.174587,-0.066907,-0.092219,0.003157,0.044919,0.394004,-0.414939,0.763304,1.570800,0.000000,0.000000,0.423949,-0.129557,0.083102,1.023155,-0.110095,0.000000,0.000000
-0.135523,2.815516,0.833137,0.049673,-0.059853,0.878644,0.471099,0.139684,0.052515,-0.223622,0.519126,-0.501689,0.067683,-0.060273,-0.163741,0.064311,0.052847,0.139420,-0.067969,-0.094448,0.003214,0.044641,0.391862,-0.411563,0.761775,1.570800,0.000000,0.000000,0.422562,-0.127884,0.083140,1.025338,-0.111236,0.000000,0.000000
-0.136551,2.823007,0.834536,0.049518,-0.059011,0.881812,0.465267,0.140302,0.056230,-0.223162,0.528990,-0.503288,0.068927,-0.059098,-0.164180,0.070277,0.074869,0.105833,-0.068750,-0.095131,0.003162,0.043214,0.387013,-0.406109,0.763238,1.570800,0.000000,0.000000,0.420212,-0.126843,0.080324,1.029136,-0.115684,0.000000,0.000000
-0.137623,2.830167,0.836017,0.049513,-0.057590,0.884304,0.460692,0.140210,0.058768,-0.222327,0.540054,-0.504135,0.069784,-0.057671,-0.164670,0.075821,0.093850,0.073403,-0.069439,-0.095024,0.003144,0.041333,0.383730,-0.400017,0.766196,1.570345,0.000000,0.000000,0.416976,-0.126418,0.077009,1.033680,-0.120476,0.000000,0.000000
-0.138785,2.837089,0.837461,0.049609,-0.056002,0.886363,0.456907,0.139715,0.060126,-0.219763,0.551646,-0.504539,0.069990,-0.055783,-0.164801,0.078506,0.108496,0.045112,-0.069543,-0.093876,0.003125,0.040311,0.380453,-0.394220,0.769345,1.570800,0.000000,0.000000,0.413572,-0.125243,0.074069,1.037183,-0.122078,0.000000,0.000000
-0.139767,2.843713,0.838980,0.049857,-0.054275,0.888299,0.453314,0.138685,0.061057,-0.215174,0.564817,-0.504504,0.069734,-0.053174,-0.164704,0.077487,0.121080,0.017335,-0.068922,-0.092195,0.003145,0.038530,0.379736,-0.393290,0.773637,1.570800,0.000000,0.000000,0.410413,-0.124670,0.072464,1.039852,-0.123075,0.000000,0.000000
-0.140705,2.849918,0.840597,0.050287,-0.052347,0.890478,0.449199,0.136646,0.061577,-0.208908,0.581227,-0.502775,0.069151,-0.049363,-0.165065,0.070509,0.133518,-0.012371,-0.067333,-0.089604,0.003179,0.033879,0.382330,-0.399901,0.781102,1.570800,0.000000,0.000000,0.406951,-0.123442,0.069585,1.042055,-0.120268,0.000000,0.000000
-0.142033,2.855613,0.841936,0.050553,-0.050463,0.893246,0.443857,0.133719,0.062192,-0.202210,0.596923,-0.498699,0.068501,-0.045006,-0.166230,0.059287,0.143171,-0.037329,-0.065294,-0.085866,0.003039,0.027885,0.383556,-0.409225,0.789425,1.570800,0.000000,0.000000,0.404414,-0.122357,0.064305,1.042760,-0.115875,0.000000,0.000000
-0.143723,2.860896,0.843011,0.050579,-0.048646,0.895918,0.438641,0.130258,0.062950,-0.193582,0.611842,-0.492463,0.067541,-0.040332,-0.168091,0.048162,0.150423,-0.058215,-0.063533,-0.081425,0.002787,0.022994,0.380723,-0.413833,0.798022,1.570800,0.000000,0.000000,0.402156,-0.123405,0.057123,1.042043,-0.117153,0.000000,0.000000
-0.145124,2.865996,0.844042,0.050635,-0.046546,0.898342,0.433879,0.126333,0.064288,-0.181790,0.626734,-0.483988,0.066192,-0.035625,-0.170746,0.037642,0.156497,-0.077476,-0.062090,-0.077577,0.002591,0.019822,0.375609,-0.413061,0.807080,1.570800,0.000000,0.000000,0.399567,-0.125633,0.049123,1.039692,-0.119740,0.000000,0.000000
-0.146062,2.871046,0.845027,0.050495,-0.044200,0.900847,0.428919,0.122313,0.066477,-0.169574,0.639562,-0.475622,0.064932,-0.031908,-0.173361,0.029819,0.161060,-0.092247,-0.061174,-0.075291,0.002537,0.018332,0.369957,-0.411475,0.815931,1.570800,0.000000,0.000000,0.396620,-0.125512,0.041115,1.036991,-0.116039,0.000000,0.000000
-0.146719,2.876048,0.845867,0.050443,-0.042167,0.902964,0.424656,0.118241,0.068931,-0.157004,0.652457,-0.466662,0.063658,-0.028853,-0.175375,0.023946,0.166209,-0.105291,-0.060477,-0.072891,0.002516,0.017902,0.365762,-0.410936,0.824598,1.570800,0.000000,0.000000,0.393507,-0.124876,0.034461,1.035133,-0.108806,0.000000,0.000000
-0.147374,2.880755,0.846584,0.050823,-0.040403,0.904883,0.420680,0.114402,0.070762,-0.145105,0.665846,-0.456438,0.062317,-0.026006,-0.177128,0.020352,0.172043,-0.117834,-0.060134,-0.069746,0.002453,0.018179,0.362050,-0.411083,0.834702,1.570800,0.000000,0.000000,0.391172,-0.124875,0.031428,1.036976,-0.103635,0.000000,0.000000
-0.147977,2.885310,0.847228,0.051398,-0.038884,0.906967,0.416241,0.110327,0.072484,-0.133748,0.680542,-0.443755,0.061081,-0.022639,-0.178477,0.016791,0.178502,-0.130712,-0.059739,-0.066178,0.002337,0.019160,0.357077,-0.412221,0.847742,1.570800,0.000000,0.000000,0.389789,-0.125801,0.030157,1.039636,-0.101317,0.000000,0.000000
-0.148648,2.889590,0.847860,0.051802,-0.037408,0.909571,0.410606,0.105817,0.074583,-0.123088,0.694466,-0.429724,0.060059,-0.018741,-0.179571,0.011252,0.184271,-0.139754,-0.059086,-0.063276,0.002201,0.019793,0.350150,-0.413735,0.861051,1.570800,0.000000,0.000000,0.388787,-0.128512,0.029280,1.036984,-0.099731,0.000000,0.000000
-0.149581,2.893527,0.848590,0.052036,-0.035585,0.912406,0.404402,0.100685,0.075799,-0.113429,0.707353,-0.415553,0.058901,-0.014410,-0.181141,0.003725,0.188798,-0.144408,-0.058355,-0.061429,0.002125,0.020704,0.342824,-0.417104,0.872705,1.570800,0.000000,0.000000,0.387129,-0.132078,0.028647,1.033191,-0.096126,0.000000,0.000000
-0.150282,2.897201,0.849385,0.052395,-0.033736,0.914778,0.399122,0.095367,0.076626,-0.102236,0.719936,-0.402214,0.057288,-0.010087,-0.182643,-0.004225,0.191825,-0.148550,-0.057564,-0.059545,0.002112,0.022177,0.335735,-0.419253,0.884632,1.570800,0.000000,0.000000,0.384813,-0.135675,0.029439,1.031231,-0.091816,0.000000,0.000000
-0.150595,2.900636,0.850244,0.052487,-0.031735,0.916941,0.394282,0.089556,0.077679,-0.089705,0.731963,-0.388429,0.055435,-0.006196,-0.183874,-0.012125,0.193468,-0.153669,-0.056659,-0.057119,0.002079,0.023728,0.330766,-0.419653,0.897367,1.570800,0.000000,0.000000,0.382225,-0.140278,0.030147,1.030209,-0.093772,0.000000,0.000000
-0.150769,2.903804,0.851101,0.052040,-0.029614,0.919125,0.389390,0.083000,0.078734,-0.077311,0.742935,-0.373166,0.053554,-0.002817,-0.184805,-0.019437,0.193517,-0.158743,-0.055711,-0.054381,0.002059,0.024672,0.327923,-0.418968,0.910880,1.570800,0.000000,0.000000,0.379681,-0.146018,0.028796,1.028306,-0.097997,0.000000,0.000000
-0.150662,2.906790,0.852021,0.052210,-0.027575,0.921044,0.384957,0.076102,0.079761,-0.063528,0.754566,-0.357679,0.051377,0.000668,-0.185806,-0.027157,0.193200,-0.162600,-0.054714,-0.050645,0.002007,0.026562,0.324953,-0.421630,0.924948,1.570800,0.000000,0.000000,0.377334,-0.153232,0.028800,1.026215,-0.095809,0.000000,0.000000
-0.150436,2.909699,0.853020,0.052738,-0.025349,0.922855,0.380677,0.069545,0.080826,-0.047816,0.766620,-0.345675,0.048783,0.004085,-0.187136,-0.034153,0.192536,-0.166823,-0.053918,-0.046409,0.001908,0.030137,0.321330,-0.426030,0.937083,1.570800,0.000000,0.000000,0.375524,-0.161713,0.030403,1.027361,-0.092088,0.000000,0.000000
-0.150092,2.912593,0.854028,0.052740,-0.022739,0.924920,0.375797,0.062393,0.082524,-0.030055,0.778894,-0.334381,0.045923,0.006947,-0.188733,-0.040556,0.191482,-0.171426,-0.053241,-0.043060,0.001890,0.034808,0.317251,-0.430592,0.947146,1.570800,0.000000,0.000000,0.373087,-0.169110,0.031442,1.027710,-0.086830,0.000000,0.000000
-0.149847,2.915184,0.854854,0.052603,-0.020138,0.927278,0.370113,0.054728,0.083962,-0.013432,0.790988,-0.322134,0.043156,0.009162,-0.190874,-0.048669,0.192340,-0.175967,-0.052429,-0.040610,0.001890,0.040096,0.312592,-0.433987,0.956294,1.570800,0.000000,0.000000,0.370137,-0.173803,0.030405,1.019160,-0.082933,0.000000,0.000000
-0.149511,2.917587,0.855491,0.052483,-0.017836,0.929544,0.364521,0.046984,0.085348,0.002382,0.802958,-0.309013,0.040496,0.010795,-0.192963,-0.057240,0.194873,-0.180881,-0.051553,-0.037770,0.001855,0.044476,0.309102,-0.436841,0.964771,1.570800,0.000000,0.000000,0.367617,-0.178904,0.027419,1.008502,-0.084240,0.000000,0.000000
-0.148770,2.920257,0.856097,0.052188,-0.015861,0.931566,0.359456,0.039271,0.087898,0.018734,0.814486,-0.297507,0.038042,0.012019,-0.193983,-0.065261,0.197492,-0.184621,-0.050522,-0.034567,0.001799,0.048758,0.307167,-0.438502,0.972478,1.570800,0.000000,0.000000,0.366115,-0.185832,0.026331,1.001219,-0.091476,0.000000,0.000000
-0.147738,2.923051,0.856721,0.051731,-0.014097,0.933727,0.353947,0.031332,0.091956,0.035536,0.825831,-0.286938,0.035913,0.013159,-0.194131,-0.074744,0.199520,-0.186748,-0.049092,-0.031680,0.001767,0.054026,0.306272,-0.440872,0.977678,1.570800,0.000000,0.000000,0.364533,-0.192210,0.024876,0.994908,-0.097906,0.000000,0.000000
-0.146666,2.925673,0.857373,0.051278,-0.012296,0.936150,0.347624,0.023144,0.096226,0.051238,0.836467,-0.276197,0.034025,0.014375,-0.194088,-0.084812,0.201282,-0.188281,-0.047558,-0.028620,0.001753,0.059866,0.307205,-0.446070,0.979942,1.570800,0.000000,0.000000,0.363347,-0.198702,0.022573,0.987510,-0.099128,0.000000,0.000000
-0.145726,2.928279,0.857939,0.050834,-0.010765,0.938169,0.342255,0.015909,0.100269,0.066430,0.845109,-0.267736,0.032129,0.015318,-0.193636,-0.092714,0.203315,-0.189425,-0.046272,-0.025554,0.001709,0.066116,0.308716,-0.449495,0.982206,1.570800,0.000000,0.000000,0.363154,-0.205504,0.020597,0.978604,-0.100688,0.000000,0.000000
-0.145072,2.930969,0.858464,0.050135,-0.009244,0.940234,0.336691,0.008943,0.104602,0.081804,0.851766,-0.263549,0.030251,0.016278,-0.192967,-0.101067,0.205462,-0.191447,-0.044856,-0.022308,0.001644,0.072905,0.309088,-0.449176,0.984680,1.570800,0.000000,0.000000,0.363274,-0.211702,0.016715,0.969771,-0.099450,0.000000,0.000000
-0.144706,2.933467,0.859032,0.049380,-0.007600,0.942103,0.331582,0.002040,0.108486,0.098353,0.856009,-0.266505,0.027963,0.017178,-0.192533,-0.110944,0.207264,-0.193131,-0.043263,-0.018370,0.001503,0.080247,0.307083,-0.445310,0.989489,1.570800,0.000000,0.000000,0.363554,-0.218321,0.013395,0.960039,-0.098807,0.000000,0.000000
-0.144642,2.935600,0.859591,0.048722,-0.005856,0.943939,0.326451,-0.004372,0.110807,0.113481,0.857606,-0.272285,0.025453,0.018059,-0.192744,-0.121540,0.208592,-0.194297,-0.041727,-0.014508,0.001384,0.086735,0.303022,-0.438258,0.996248,1.570800,0.000000,0.000000,0.363032,-0.224264,0.007135,0.950234,-0.094075,0.000000,0.000000
-0.144813,2.937460,0.860092,0.048087,-0.004039,0.945695,0.321454,-0.010382,0.111955,0.128148,0.856817,-0.276746,0.022662,0.018765,-0.193635,-0.132609,0.210106,-0.195721,-0.040280,-0.010666,0.001303,0.092920,0.300020,-0.433622,1.002079,1.570800,0.000000,0.000000,0.361919,-0.230946,0.000098,0.942448,-0.090745,0.000000,0.000000
-0.145149,2.939162,0.860527,0.047380,-0.002162,0.947544,0.316087,-0.016144,0.112378,0.142065,0.853492,-0.280990,0.019802,0.019337,-0.194867,-0.143400,0.212037,-0.197470,-0.038958,-0.006168,0.001184,0.099127,0.298254,-0.430350,1.007048,1.570800,0.000000,0.000000,0.361409,-0.237733,-0.005084,0.936274,-0.095017,0.000000,0.000000
-0.145711,2.940493,0.860843,0.046637,-0.000358,0.949539,0.310161,-0.021859,0.111857,0.154474,0.847698,-0.287709,0.016971,0.019906,-0.196390,-0.154116,0.214515,-0.199690,-0.037722,-0.002250,0.001128,0.105374,0.295844,-0.424897,1.012632,1.570800,0.000000,0.000000,0.361992,-0.245544,-0.007596,0.928218,-0.098490,0.000000,0.000000
-0.146356,2.941580,0.861117,0.045601,0.001465,0.951482,0.304302,-0.027702,0.110681,0.166107,0.839708,-0.295816,0.014106,0.020271,-0.198047,-0.164914,0.216520,-0.201680,-0.036501,0.001065,0.001045,0.111515,0.294069,-0.419481,1.019001,1.570800,0.000000,0.000000,0.362972,-0.254497,-0.009180,0.918401,-0.099618,0.000000,0.000000
-0.147166,2.942335,0.861359,0.044570,0.003421,0.953283,0.298752,-0.033391,0.108585,0.177555,0.829692,-0.301915,0.011015,0.020520,-0.200512,-0.175550,0.218232,-0.204653,-0.035498,0.004410,0.001003,0.117369,0.292396,-0.415857,1.026471,1.570800,0.000000,0.000000,0.362942,-0.263232,-0.011862,0.911840,-0.101472,0.000000,0.000000
-0.148028,2.942968,0.861494,0.043667,0.005257,0.955048,0.293169,-0.038767,0.106227,0.187977,0.817533,-0.306163,0.008086,0.020928,-0.203466,-0.186136,0.220345,-0.207070,-0.034629,0.007366,0.000948,0.123315,0.290566,-0.411847,1.034412,1.570800,0.000000,0.000000,0.361540,-0.271824,-0.015355,0.907459,-0.098258,0.000000,0.000000
-0.148887,2.943405,0.861560,0.042675,0.007086,0.956977,0.286922,-0.044396,0.103581,0.198088,0.802412,-0.313430,0.005177,0.021506,-0.206723,-0.197590,0.222456,-0.210085,-0.033713,0.010206,0.000946,0.129428,0.289763,-0.408379,1.041386,1.570800,0.000000,0.000000,0.361533,-0.281536,-0.019994,0.900818,-0.084148,0.000000,0.000000
-0.149768,2.943600,0.861609,0.041638,0.008811,0.959091,0.279881,-0.049827,0.100794,0.206677,0.786410,-0.322229,0.002589,0.022294,-0.209625,-0.208649,0.224108,-0.213713,-0.032767,0.012502,0.000928,0.134870,0.290000,-0.407118,1.048847,1.570800,0.000000,0.000000,0.363462,-0.289941,-0.024331,0.897437,-0.077256,0.000000,0.000000
-0.150817,2.943669,0.861599,0.040376,0.010453,0.961116,0.272977,-0.055413,0.097698,0.214748,0.768415,-0.326674,0.000055,0.023163,-0.212506,-0.219543,0.225343,-0.216587,-0.031856,0.014159,0.000960,0.139761,0.288964,-0.404488,1.058166,1.570800,0.000000,0.000000,0.363922,-0.296424,-0.026257,0.895897,-0.070911,0.000000,0.000000
-0.151828,2.943707,0.861627,0.038971,0.012116,0.963007,0.266369,-0.061158,0.094534,0.222507,0.748588,-0.330029,-0.002381,0.023842,-0.215115,-0.229525,0.226074,-0.218704,-0.031027,0.016185,0.000927,0.143280,0.286295,-0.402494,1.068791,1.570800,0.000000,0.000000,0.362907,-0.302205,-0.027781,0.893000,-0.062095,0.000000,0.000000
-0.152928,2.943467,0.861659,0.037877,0.013784,0.964882,0.259571,-0.066775,0.090520,0.227450,0.727443,-0.333766,-0.004438,0.024645,-0.217980,-0.239069,0.227201,-0.221140,-0.030336,0.019275,0.000860,0.146100,0.283194,-0.402148,1.080576,1.570800,0.000000,0.000000,0.364256,-0.308576,-0.031278,0.888315,-0.054178,0.000000,0.000000
-0.154021,2.943367,0.861623,0.036860,0.015223,0.966890,0.252058,-0.072146,0.086979,0.230810,0.705477,-0.335119,-0.005987,0.025989,-0.220509,-0.249519,0.228463,-0.223373,-0.029445,0.022725,0.000797,0.149594,0.281515,-0.401897,1.090139,1.570800,0.000000,0.000000,0.368346,-0.314380,-0.037000,0.882806,-0.048449,0.000000,0.000000
-0.155047,2.943289,0.861491,0.035507,0.016381,0.968919,0.244269,-0.077575,0.084429,0.234441,0.682290,-0.336623,-0.007240,0.027560,-0.222400,-0.260711,0.229227,-0.226285,-0.028301,0.026030,0.000747,0.153822,0.281189,-0.400699,1.097526,1.570800,0.000000,0.000000,0.370344,-0.320919,-0.041597,0.880560,-0.048667,0.000000,0.000000
-0.156092,2.943007,0.861397,0.034049,0.017710,0.970936,0.236243,-0.083223,0.081734,0.238392,0.657961,-0.338820,-0.008529,0.029141,-0.224476,-0.272142,0.229716,-0.229081,-0.027184,0.029037,0.000674,0.158034,0.280925,-0.400783,1.104641,1.570800,0.000000,0.000000,0.370351,-0.327867,-0.044937,0.880989,-0.053583,0.000000,0.000000
-0.157358,2.943027,0.861345,0.033005,0.019222,0.973005,0.227603,-0.088595,0.079387,0.242098,0.633420,-0.340025,-0.009615,0.031483,-0.227048,-0.284279,0.230606,-0.231629,-0.026117,0.031698,0.000621,0.161861,0.279809,-0.402771,1.112212,1.570800,0.000000,0.000000,0.370756,-0.332684,-0.049364,0.882663,-0.060965,0.000000,0.000000
-0.158662,2.943235,0.861280,0.032304,0.020593,0.974901,0.219317,-0.093319,0.077886,0.246295,0.610113,-0.339438,-0.010532,0.034381,-0.229395,-0.294446,0.231409,-0.234153,-0.025299,0.034474,0.000601,0.164290,0.278710,-0.405925,1.120615,1.570800,0.000000,0.000000,0.371040,-0.337129,-0.052909,0.885478,-0.062944,0.000000,0.000000
-0.160079,2.943344,0.861104,0.031378,0.021709,0.976707,0.211159,-0.098208,0.076931,0.252338,0.586226,-0.337272,-0.011592,0.037577,-0.231306,-0.303491,0.231536,-0.237382,-0.024550,0.038037,0.000543,0.166074,0.276421,-0.409080,1.131524,1.570800,0.000000,0.000000,0.371625,-0.341872,-0.055726,0.888828,-0.060601,0.000000,0.000000
-0.161609,2.943666,0.860872,0.030099,0.022589,0.978452,0.203016,-0.103475,0.077005,0.261315,0.561275,-0.336580,-0.012819,0.040950,-0.232370,-0.312603,0.230848,-0.241533,-0.023575,0.042417,0.000468,0.168979,0.274075,-0.409976,1.142602,1.570800,0.000000,0.000000,0.373528,-0.346481,-0.057763,0.891133,-0.059389,0.000000,0.000000
-0.163145,2.944341,0.860716,0.028957,0.023323,0.980083,0.195077,-0.108244,0.078194,0.270704,0.538807,-0.338343,-0.013755,0.044116,-0.232597,-0.321572,0.230131,-0.246445,-0.022394,0.046198,0.000393,0.173285,0.273234,-0.410741,1.150613,1.570793,0.000000,0.000000,0.375317,-0.350654,-0.058315,0.893214,-0.057672,0.000000,0.000000
-0.164646,2.944835,0.860601,0.027953,0.024049,0.981561,0.187557,-0.113161,0.079298,0.280676,0.516036,-0.338345,-0.014763,0.047059,-0.232714,-0.331437,0.229729,-0.253152,-0.021056,0.049830,0.000342,0.177935,0.274340,-0.413405,1.156825,1.570769,0.000000,0.000000,0.376558,-0.354542,-0.060330,0.895061,-0.056199,0.000000,0.000000
-0.166464,2.945002,0.860456,0.026992,0.024865,0.983022,0.179782,-0.118139,0.079644,0.290961,0.493319,-0.335608,-0.015986,0.050238,-0.233211,-0.340975,0.229422,-0.258222,-0.019878,0.054092,0.000224,0.182541,0.275195,-0.418048,1.162302,1.570738,0.000000,0.000000,0.378818,-0.356875,-0.063687,0.896037,-0.054384,0.000000,0.000000
-0.168606,2.945078,0.860329,0.026200,0.025768,0.984379,0.172184,-0.122630,0.079551,0.300870,0.472090,-0.332252,-0.017255,0.053916,-0.234021,-0.349021,0.228507,-0.260817,-0.019015,0.058901,0.000079,0.187089,0.274218,-0.420470,1.167342,1.570701,0.000000,0.000000,0.381348,-0.358033,-0.067757,0.897553,-0.050410,0.000000,0.000000
-0.170889,2.945198,0.860138,0.025411,0.026571,0.985577,0.165183,-0.127043,0.079574,0.311612,0.450114,-0.328474,-0.018558,0.057921,-0.234882,-0.357798,0.227465,-0.263515,-0.018080,0.064191,-0.000063,0.191983,0.272795,-0.421304,1.172629,1.570663,0.000000,0.000000,0.384095,-0.359418,-0.070502,0.898674,-0.050843,0.000000,0.000000
-0.173315,2.945341,0.859803,0.024656,0.027294,0.986674,0.158496,-0.131254,0.079846,0.322040,0.427771,-0.321944,-0.019714,0.061880,-0.235986,-0.367976,0.227973,-0.267383,-0.017023,0.069885,-0.000233,0.196746,0.272204,-0.421844,1.177965,1.570619,0.000000,0.000000,0.386710,-0.361055,-0.070898,0.899935,-0.052069,0.000000,0.000000
-0.175916,2.945336,0.859308,0.023864,0.027940,0.987737,0.151741,-0.135410,0.080097,0.331284,0.405283,-0.313848,-0.020654,0.065796,-0.237256,-0.377777,0.229691,-0.272205,-0.016074,0.075405,-0.000375,0.201574,0.271918,-0.422116,1.183401,1.570579,0.000000,0.000000,0.389344,-0.362231,-0.071471,0.900313,-0.047302,0.000000,0.000000
-0.178487,2.945053,0.858776,0.023064,0.028406,0.988730,0.145170,-0.139431,0.080151,0.338629,0.384216,-0.305891,-0.021338,0.069408,-0.238313,-0.385804,0.231050,-0.277106,-0.015305,0.080537,-0.000533,0.206320,0.271622,-0.423049,1.188069,1.570547,0.000000,0.000000,0.392133,-0.364388,-0.071458,0.900500,-0.043983,0.000000,0.000000
-0.181002,2.944368,0.858237,0.022262,0.028826,0.989658,0.138745,-0.143834,0.079449,0.346268,0.362431,-0.295620,-0.022244,0.072976,-0.239518,-0.394320,0.231988,-0.281789,-0.014515,0.085759,-0.000709,0.211347,0.270924,-0.424275,1.193002,1.570509,0.000000,0.000000,0.394212,-0.366525,-0.071683,0.902907,-0.043724,0.000000,0.000000
-0.183626,2.943299,0.857716,0.021464,0.029395,0.990472,0.132815,-0.148303,0.077592,0.354161,0.339941,-0.282553,-0.023497,0.076394,-0.241337,-0.403180,0.232633,-0.287628,-0.013851,0.091533,-0.000884,0.216755,0.270320,-0.425320,1.196666,1.570473,0.000000,0.000000,0.395959,-0.367922,-0.072628,0.905280,-0.043347,0.000000,0.000000
-0.186450,2.942590,0.856900,0.021392,0.028725,0.991465,0.125357,-0.151798,0.077357,0.357130,0.319198,-0.270609,-0.023570,0.080617,-0.241857,-0.411916,0.233785,-0.294609,-0.012820,0.095589,-0.000936,0.223037,0.271879,-0.425238,1.198558,1.570458,0.000000,0.000000,0.398707,-0.367463,-0.072803,0.906517,-0.043188,0.000000,0.000000
-0.189471,2.941971,0.856108,0.021033,0.028442,0.992424,0.117660,-0.155693,0.077499,0.357949,0.295942,-0.257149,-0.023144,0.085983,-0.241987,-0.422586,0.234598,-0.301216,-0.011453,0.099499,-0.001039,0.231330,0.274485,-0.424286,1.199615,1.570444,0.000000,0.000000,0.402186,-0.366527,-0.073092,0.907194,-0.042981,0.000000,0.000000
-0.192636,2.941030,0.855311,0.020650,0.028172,0.993311,0.110056,-0.159368,0.077518,0.357353,0.272923,-0.243624,-0.022560,0.091544,-0.242300,-0.433787,0.234946,-0.304016,-0.010091,0.103338,-0.001188,0.239835,0.275489,-0.419738,1.200656,1.570432,0.000000,0.000000,0.405001,-0.364651,-0.073062,0.908361,-0.045717,0.000000,0.000000
-0.195641,2.939768,0.854421,0.020253,0.027605,0.994073,0.103186,-0.162847,0.077407,0.356171,0.249206,-0.231593,-0.021892,0.096670,-0.242638,-0.444981,0.235343,-0.305781,-0.008768,0.106460,-0.001325,0.248512,0.275530,-0.412500,1.200620,1.570415,0.000000,0.000000,0.407054,-0.362229,-0.072151,0.908395,-0.047326,0.000000,0.000000
-0.198474,2.938301,0.853471,0.019812,0.027014,0.994753,0.096665,-0.165908,0.077136,0.354762,0.226939,-0.220810,-0.021253,0.100633,-0.243190,-0.454649,0.237243,-0.308714,-0.007704,0.108820,-0.001451,0.256457,0.276714,-0.407887,1.199392,1.570397,0.000000,0.000000,0.407535,-0.360095,-0.070827,0.907679,-0.045036,0.000000,0.000000
-0.201199,2.936638,0.852637,0.019016,0.026778,0.995298,0.091123,-0.169347,0.076507,0.352723,0.201669,-0.208220,-0.020519,0.103714,-0.244441,-0.463778,0.241521,-0.313102,-0.006925,0.112372,-0.001609,0.265497,0.278759,-0.404545,1.196442,1.570382,0.000000,0.000000,0.407293,-0.358514,-0.068097,0.906138,-0.042239,0.000000,0.000000
-0.204204,2.934741,0.852028,0.018086,0.026675,0.995774,0.085996,-0.172471,0.075431,0.350260,0.176972,-0.195935,-0.019829,0.106089,-0.246431,-0.472124,0.246452,-0.317668,-0.006437,0.117441,-0.001877,0.274798,0.279402,-0.400412,1.193446,1.570369,0.000000,0.000000,0.407003,-0.357791,-0.065259,0.904757,-0.042320,0.000000,0.000000
-0.207251,2.932822,0.851209,0.017183,0.026297,0.996242,0.080711,-0.175480,0.074461,0.347998,0.152844,-0.187972,-0.019074,0.108124,-0.248227,-0.479232,0.251548,-0.322697,-0.006035,0.122800,-0.002127,0.283482,0.278756,-0.395350,1.192156,1.570346,0.000000,0.000000,0.406584,-0.357324,-0.060912,0.903357,-0.044663,0.000000,0.000000
-0.210375,2.931091,0.850107,0.016313,0.025790,0.996634,0.076094,-0.178367,0.074039,0.346486,0.129372,-0.184176,-0.018191,0.109946,-0.249516,-0.485010,0.256460,-0.327579,-0.005651,0.127798,-0.002320,0.291943,0.278529,-0.391246,1.190418,1.570319,0.000000,0.000000,0.405608,-0.356925,-0.055231,0.901527,-0.050172,0.000000,0.000000
-0.213766,2.929348,0.848787,0.015477,0.025262,0.996963,0.072018,-0.181127,0.073952,0.345456,0.106778,-0.180963,-0.017260,0.111744,-0.250618,-0.489653,0.261143,-0.332836,-0.005355,0.132660,-0.002516,0.300332,0.278488,-0.385674,1.188694,1.570300,0.000000,0.000000,0.404148,-0.355749,-0.051089,0.899673,-0.053871,0.000000,0.000000
-0.217457,2.927597,0.847293,0.014696,0.024810,0.997269,0.067987,-0.183569,0.073977,0.344666,0.084790,-0.176402,-0.016367,0.113689,-0.251995,-0.494400,0.266081,-0.339477,-0.005120,0.137861,-0.002709,0.309306,0.278084,-0.377789,1.187126,1.570280,0.000000,0.000000,0.402217,-0.353742,-0.049238,0.898089,-0.054350,0.000000,0.000000
-0.221300,2.925941,0.845854,0.013783,0.024353,0.997588,0.063521,-0.185804,0.074099,0.344062,0.064975,-0.171206,-0.015590,0.115607,-0.253240,-0.499221,0.271046,-0.343185,-0.004832,0.142791,-0.002923,0.317554,0.277388,-0.371009,1.185870,1.570262,0.000000,0.000000,0.399592,-0.351495,-0.046809,0.897703,-0.056171,0.000000,0.000000
-0.225288,2.924312,0.844057,0.012947,0.023927,0.997852,0.059589,-0.188154,0.074545,0.343817,0.044131,-0.166073,-0.014741,0.117881,-0.254691,-0.504380,0.276737,-0.344350,-0.004571,0.148703,-0.003202,0.326327,0.275972,-0.362911,1.185144,1.570231,0.000000,0.000000,0.396951,-0.350645,-0.041041,0.896339,-0.060888,0.000000,0.000000
-0.229485,2.922679,0.842388,0.012399,0.023425,0.998113,0.055397,-0.190132,0.075300,0.344042,0.027164,-0.162838,-0.013990,0.120301,-0.256046,-0.508560,0.282402,-0.345543,-0.004407,0.153664,-0.003396,0.334143,0.274023,-0.356122,1.185260,1.570195,0.000000,0.000000,0.394981,-0.349438,-0.035533,0.893571,-0.061624,0.000000,0.000000
-0.233953,2.920938,0.840769,0.011877,0.022666,0.998382,0.050784,-0.192327,0.076382,0.344556,0.011719,-0.159834,-0.013229,0.123090,-0.257437,-0.513249,0.288951,-0.348223,-0.004182,0.157951,-0.003550,0.341944,0.272561,-0.350438,1.185516,1.570162,0.000000,0.000000,0.392786,-0.346770,-0.031716,0.890258,-0.057466,0.000000,0.000000
-0.238659,2.919030,0.839459,0.011651,0.021289,0.998663,0.045653,-0.194416,0.077858,0.345556,-0.000862,-0.157666,-0.012546,0.126029,-0.258584,-0.518970,0.296280,-0.352118,-0.003739,0.160930,-0.003641,0.349353,0.272704,-0.346021,1.185156,1.570137,0.000000,0.000000,0.390934,-0.344407,-0.027824,0.886792,-0.053551,0.000000,0.000000
-0.243575,2.917261,0.838030,0.011721,0.019345,0.998911,0.040809,-0.196753,0.080724,0.348050,-0.013014,-0.155937,-0.011737,0.129712,-0.259484,-0.526939,0.306082,-0.357082,-0.002917,0.163310,-0.003797,0.359244,0.273472,-0.339145,1.184398,1.570123,0.000000,0.000000,0.389315,-0.341816,-0.021896,0.882440,-0.055935,0.000000,0.000000
-0.248534,2.915542,0.837630,0.011763,0.017083,0.999121,0.036435,-0.198867,0.084244,0.351353,-0.017450,-0.153782,-0.011057,0.133077,-0.259619,-0.533296,0.315083,-0.360991,-0.002084,0.164871,-0.003888,0.367991,0.273588,-0.331336,1.185672,1.570118,0.000000,0.000000,0.387276,-0.338493,-0.015322,0.878321,-0.059518,0.000000,0.000000
-0.253347,2.913848,0.837886,0.011646,0.014493,0.999343,0.031117,-0.201587,0.088236,0.354861,-0.017450,-0.148560,-0.010497,0.136578,-0.258641,-0.538736,0.324578,-0.365991,-0.001023,0.165735,-0.003950,0.376570,0.274306,-0.322355,1.187141,1.570119,0.000000,0.000000,0.384249,-0.334213,-0.008395,0.873702,-0.059073,0.000000,0.000000
-0.258228,2.911806,0.838181,0.011686,0.011590,0.999532,0.025776,-0.204653,0.092284,0.358167,-0.017450,-0.141243,-0.010060,0.140384,-0.257544,-0.544602,0.334749,-0.371083,0.000143,0.166435,-0.004035,0.385015,0.275312,-0.312781,1.188597,1.570122,0.000000,0.000000,0.380399,-0.329523,-0.001832,0.869547,-0.057842,0.000000,0.000000
-0.263155,2.909516,0.838334,0.011433,0.008987,0.999650,0.022106,-0.208017,0.096489,0.361409,-0.017450,-0.136876,-0.009614,0.144263,-0.256918,-0.551104,0.345026,-0.374969,0.001224,0.168355,-0.004242,0.394073,0.275992,-0.303448,1.189882,1.570116,0.000000,0.000000,0.376020,-0.324322,0.005021,0.864792,-0.056848,0.000000,0.000000
-0.268204,2.907197,0.838346,0.011197,0.006423,0.999745,0.018525,-0.211315,0.100487,0.364396,-0.017450,-0.139040,-0.009072,0.147898,-0.256583,-0.556831,0.354373,-0.377033,0.002107,0.170615,-0.004444,0.402505,0.276323,-0.295906,1.191650,1.570108,0.000000,0.000000,0.371703,-0.319250,0.012129,0.860559,-0.055282,0.000000,0.000000
-0.273664,2.905029,0.838051,0.011317,0.003720,0.999829,0.014147,-0.214929,0.105132,0.367965,-0.017450,-0.144777,-0.008363,0.152268,-0.256063,-0.561453,0.364837,-0.379423,0.002920,0.172963,-0.004685,0.411193,0.276551,-0.287707,1.194001,1.570099,0.000000,0.000000,0.367482,-0.313332,0.019221,0.856538,-0.053129,0.000000,0.000000
-0.279455,2.902646,0.837924,0.011506,0.001387,0.999884,0.009915,-0.217965,0.108441,0.370293,-0.017450,-0.146380,-0.007841,0.156301,-0.256186,-0.564400,0.373575,-0.380706,0.003315,0.175142,-0.004864,0.417881,0.276956,-0.281792,1.195653,1.570091,0.000000,0.000000,0.364374,-0.308302,0.023748,0.853485,-0.051858,0.000000,0.000000
-0.285293,2.900323,0.837731,0.011766,-0.001191,0.999916,0.005310,-0.221314,0.111889,0.372601,-0.017450,-0.150200,-0.007259,0.160861,-0.256324,-0.567556,0.383380,-0.381000,0.003742,0.177424,-0.005015,0.424348,0.278812,-0.276651,1.197600,1.570095,0.000000,0.000000,0.361093,-0.302782,0.027294,0.850768,-0.052705,0.000000,0.000000
-0.291478,2.897584,0.837610,0.011668,-0.003346,0.999925,0.001395,-0.224753,0.114790,0.374234,-0.016859,-0.154723,-0.006698,0.165632,-0.256932,-0.569541,0.392808,-0.379161,0.003816,0.179954,-0.005210,0.430927,0.281309,-0.274142,1.199548,1.570094,0.000000,0.000000,0.357678,-0.298004,0.031874,0.847000,-0.055769,0.000000,0.000000
-0.297607,2.894724,0.838378,0.011160,-0.005311,0.999922,-0.001754,-0.228015,0.117020,0.375180,-0.010871,-0.160639,-0.006220,0.169573,-0.257563,-0.570412,0.400212,-0.376274,0.003715,0.182908,-0.005435,0.436914,0.282928,-0.272592,1.201003,1.570088,0.000000,0.000000,0.354752,-0.294045,0.036246,0.843427,-0.058674,0.000000,0.000000
-0.303891,2.891233,0.839742,0.010429,-0.007278,0.999909,-0.004472,-0.232045,0.118894,0.375320,0.000080,-0.166699,-0.005805,0.173998,-0.258690,-0.570611,0.407926,-0.372037,0.003313,0.187326,-0.005703,0.443541,0.284102,-0.268753,1.201957,1.570083,0.000000,0.000000,0.351487,-0.289786,0.041219,0.839129,-0.061343,0.000000,0.000000
-0.310363,2.887288,0.841639,0.009477,-0.009352,0.999882,-0.007628,-0.236198,0.119804,0.374292,0.013338,-0.168952,-0.005621,0.178248,-0.259894,-0.570095,0.414987,-0.366624,0.002768,0.191670,-0.005980,0.449513,0.284836,-0.264119,1.202719,1.570079,0.000000,0.000000,0.348449,-0.285217,0.044961,0.834189,-0.062257,0.000000,0.000000
-0.316818,2.883436,0.843636,0.008534,-0.011291,0.999836,-0.011266,-0.240365,0.120175,0.372650,0.028053,-0.170758,-0.005614,0.182365,-0.261049,-0.569771,0.421910,-0.360207,0.002251,0.195868,-0.006218,0.454292,0.284896,-0.259966,1.204142,1.570076,0.000000,0.000000,0.345724,-0.279491,0.047829,0.829357,-0.061258,0.000000,0.000000
-0.323384,2.879553,0.845676,0.007552,-0.013035,0.999785,-0.014266,-0.244285,0.120399,0.370940,0.044098,-0.173124,-0.005735,0.186343,-0.262624,-0.569811,0.428430,-0.352349,0.001628,0.200722,-0.006481,0.457184,0.284124,-0.255644,1.206519,1.570068,0.000000,0.000000,0.343008,-0.274323,0.051128,0.825340,-0.061083,0.000000,0.000000
-0.330356,2.875076,0.847932,0.006116,-0.014549,0.999732,-0.016938,-0.248314,0.119871,0.368331,0.061993,-0.174919,-0.006032,0.190548,-0.265161,-0.569047,0.434461,-0.341635,0.000496,0.206282,-0.006785,0.458573,0.283186,-0.250779,1.209631,1.570064,0.000000,0.000000,0.340047,-0.269704,0.054676,0.821204,-0.062803,0.000000,0.000000
-0.337728,2.870206,0.850055,0.004670,-0.015823,0.999667,-0.019833,-0.251868,0.118537,0.365103,0.079047,-0.174929,-0.006481,0.194658,-0.268335,-0.567546,0.439678,-0.328968,-0.000985,0.211611,-0.007067,0.459116,0.281950,-0.247200,1.212686,1.570051,0.000000,0.000000,0.337398,-0.265556,0.057715,0.817333,-0.064379,0.000000,0.000000
-0.345566,2.865277,0.852059,0.003129,-0.016792,0.999592,-0.022890,-0.255140,0.116917,0.361728,0.096022,-0.173023,-0.007033,0.198769,-0.271778,-0.565702,0.444646,-0.313877,-0.002650,0.216494,-0.007351,0.459528,0.280447,-0.245508,1.215790,1.570025,0.000000,0.000000,0.334644,-0.261930,0.059853,0.814792,-0.065580,0.000000,0.000000
-0.353576,2.860224,0.853915,0.001807,-0.017776,0.999498,-0.026151,-0.258176,0.115567,0.358804,0.113677,-0.171231,-0.007637,0.202737,-0.275179,-0.562781,0.450068,-0.297210,-0.004488,0.220748,-0.007579,0.459712,0.278638,-0.244606,1.219174,1.570004,0.000000,0.000000,0.331885,-0.258631,0.061454,0.813151,-0.066776,0.000000,0.000000
-0.361349,2.854425,0.855672,0.000769,-0.018761,0.999395,-0.029276,-0.261174,0.113838,0.355456,0.133485,-0.170465,-0.008367,0.206243,-0.279698,-0.558154,0.458292,-0.277847,-0.007064,0.224922,-0.007788,0.459010,0.276521,-0.244492,1.223246,1.569977,0.000000,0.000000,0.329008,-0.255882,0.065119,0.812360,-0.068078,0.000000,0.000000
-0.369103,2.847952,0.857229,-0.000082,-0.019667,0.999261,-0.033032,-0.263748,0.111205,0.351401,0.153191,-0.171180,-0.009150,0.209119,-0.285191,-0.552294,0.468941,-0.256445,-0.010201,0.227990,-0.007964,0.457782,0.274940,-0.246695,1.226420,1.569957,0.000000,0.000000,0.325649,-0.253958,0.070257,0.813198,-0.070917,0.000000,0.000000
-0.377154,2.841091,0.858712,-0.000902,-0.020425,0.999088,-0.037487,-0.265913,0.107404,0.346318,0.174782,-0.173598,-0.010074,0.211556,-0.291592,-0.544620,0.482421,-0.231492,-0.014018,0.230536,-0.008087,0.455942,0.273924,-0.250738,1.229923,1.569926,0.000000,0.000000,0.322400,-0.252574,0.075403,0.815229,-0.076273,0.000000,0.000000
-0.385419,2.833869,0.859948,-0.001422,-0.021147,0.998879,-0.042317,-0.267152,0.102980,0.341042,0.195743,-0.178141,-0.011022,0.213286,-0.298202,-0.537057,0.497784,-0.205554,-0.017923,0.232024,-0.008175,0.453336,0.273375,-0.256063,1.233616,1.569915,0.000000,0.000000,0.319910,-0.250608,0.080077,0.817923,-0.080983,0.000000,0.000000
-0.393758,2.826011,0.860982,-0.001765,-0.021731,0.998622,-0.047739,-0.267338,0.097131,0.334730,0.216418,-0.185689,-0.012063,0.214411,-0.305750,-0.528919,0.516306,-0.176057,-0.022303,0.231682,-0.008191,0.450222,0.272445,-0.262493,1.237886,1.569902,0.000000,0.000000,0.317746,-0.247932,0.084749,0.822300,-0.086563,0.000000,0.000000
-0.401493,2.816786,0.861677,-0.002134,-0.021801,0.998280,-0.054385,-0.267092,0.087959,0.325266,0.235727,-0.195494,-0.013193,0.214191,-0.314280,-0.517150,0.537165,-0.140217,-0.027644,0.229128,-0.008169,0.445294,0.270220,-0.271342,1.244029,1.569877,0.000000,0.000000,0.314537,-0.245636,0.090144,0.829194,-0.089350,0.000000,0.000000
-0.409494,2.807628,0.862259,-0.002756,-0.021887,0.997846,-0.061784,-0.265842,0.077761,0.315125,0.250908,-0.203091,-0.014302,0.213412,-0.321377,-0.502752,0.557495,-0.104229,-0.032848,0.225514,-0.008072,0.439319,0.268044,-0.280669,1.249079,1.569863,0.000000,0.000000,0.311155,-0.244126,0.096957,0.835760,-0.086599,0.000000,0.000000
-0.417486,2.798564,0.862683,-0.002966,-0.022018,0.997362,-0.069099,-0.263190,0.067300,0.305187,0.264740,-0.209632,-0.015460,0.212094,-0.327852,-0.485944,0.579606,-0.064794,-0.038159,0.220181,-0.007916,0.433866,0.265953,-0.288573,1.252394,1.569852,0.000000,0.000000,0.308352,-0.242393,0.105139,0.841917,-0.081196,0.000000,0.000000
-0.425418,2.789245,0.862952,-0.003360,-0.021858,0.996694,-0.078183,-0.259735,0.055815,0.294357,0.275705,-0.215077,-0.016619,0.210471,-0.332976,-0.467862,0.602144,-0.028536,-0.043072,0.212846,-0.007702,0.427983,0.265721,-0.296100,1.252948,1.569855,0.000000,0.000000,0.305304,-0.241186,0.108614,0.848069,-0.076850,0.000000,0.000000
-0.433261,2.780044,0.863081,-0.003691,-0.021495,0.995980,-0.086875,-0.255254,0.043967,0.283281,0.284834,-0.219678,-0.017772,0.207873,-0.337196,-0.448735,0.625212,0.003269,-0.047650,0.205331,-0.007485,0.422320,0.265979,-0.302693,1.251641,1.569862,0.000000,0.000000,0.301841,-0.240716,0.111958,0.854185,-0.073806,0.000000,0.000000
-0.441181,2.771084,0.863125,-0.003822,-0.021424,0.995187,-0.095548,-0.250065,0.032920,0.273090,0.292764,-0.224967,-0.018839,0.204102,-0.340101,-0.429738,0.650228,0.033411,-0.051545,0.196820,-0.007214,0.417348,0.267159,-0.307923,1.248394,1.569875,0.000000,0.000000,0.297605,-0.240782,0.117230,0.860375,-0.071566,0.000000,0.000000
-0.449079,2.762037,0.862997,-0.003675,-0.021155,0.994335,-0.104104,-0.244343,0.022418,0.263420,0.299562,-0.232270,-0.019775,0.199617,-0.342405,-0.412117,0.675552,0.056274,-0.054812,0.188235,-0.006978,0.413017,0.268092,-0.314174,1.244879,1.569893,0.000000,0.000000,0.294149,-0.240890,0.121941,0.865209,-0.069418,0.000000,0.000000
-0.456877,2.753719,0.862698,-0.003430,-0.020633,0.993415,-0.112647,-0.238360,0.012265,0.253981,0.306701,-0.240546,-0.020619,0.193778,-0.341259,-0.389063,0.701364,0.071455,-0.057600,0.179369,-0.006706,0.408609,0.268697,-0.320831,1.241424,1.569908,0.000000,0.000000,0.291475,-0.240281,0.125966,0.868750,-0.068393,0.000000,0.000000
-0.464451,2.746811,0.862347,-0.003225,-0.020546,0.992345,-0.121733,-0.232868,0.004005,0.246360,0.314135,-0.251142,-0.021258,0.186373,-0.333775,-0.361678,0.726507,0.077749,-0.058868,0.171310,-0.006450,0.402533,0.270649,-0.326237,1.236392,1.569943,0.000000,0.000000,0.288950,-0.238594,0.128941,0.871015,-0.068608,0.000000,0.000000
-0.471977,2.740774,0.862081,-0.003031,-0.021365,0.991007,-0.132060,-0.227491,-0.001885,0.237945,0.322170,-0.263320,-0.021190,0.177499,-0.320053,-0.333984,0.752020,0.076224,-0.058104,0.163635,-0.006190,0.394498,0.275771,-0.332704,1.230049,1.570003,0.000000,0.000000,0.287057,-0.235157,0.128346,0.872470,-0.071395,0.000000,0.000000
-0.479492,2.735009,0.861980,-0.002467,-0.022764,0.989428,-0.143209,-0.222012,-0.005127,0.224755,0.330225,-0.272742,-0.019870,0.168067,-0.302564,-0.307611,0.775814,0.066773,-0.056071,0.155815,-0.005945,0.385297,0.283348,-0.338857,1.223153,1.570092,0.000000,0.000000,0.285822,-0.230117,0.125874,0.874278,-0.076392,0.000000,0.000000
-0.486811,2.729327,0.862054,-0.001196,-0.024986,0.987671,-0.154532,-0.215789,-0.005937,0.207386,0.338353,-0.281953,-0.017498,0.157540,-0.281190,-0.280202,0.799520,0.053358,-0.053127,0.145668,-0.005689,0.376000,0.291748,-0.342192,1.215904,1.570199,0.000000,0.000000,0.285228,-0.225152,0.125533,0.873046,-0.078903,0.000000,0.000000
-0.494351,2.723346,0.862097,-0.000055,-0.026771,0.985624,-0.166817,-0.209192,-0.006965,0.188340,0.345452,-0.291626,-0.014960,0.147367,-0.260352,-0.257723,0.821349,0.040959,-0.049758,0.134449,-0.005418,0.366500,0.299635,-0.346218,1.209064,1.570315,0.000000,0.000000,0.286246,-0.219351,0.123739,0.869933,-0.077380,0.000000,0.000000
-0.501954,2.716954,0.862123,0.001100,-0.028153,0.983445,-0.179005,-0.201761,-0.008777,0.167111,0.350832,-0.302186,-0.012253,0.137306,-0.240946,-0.239750,0.840919,0.028162,-0.046235,0.124006,-0.005194,0.355462,0.306907,-0.352134,1.202462,1.570428,0.000000,0.000000,0.287973,-0.214346,0.123338,0.868063,-0.074751,0.000000,0.000000
-0.509588,2.710153,0.862093,0.002423,-0.029026,0.981009,-0.191764,-0.193433,-0.011672,0.144596,0.354775,-0.311567,-0.009600,0.127672,-0.223176,-0.225888,0.859399,0.013581,-0.042642,0.113698,-0.004972,0.343838,0.314463,-0.358865,1.194446,1.570536,0.000000,0.000000,0.289977,-0.211250,0.122319,0.866882,-0.071505,0.000000,0.000000
-0.517199,2.703043,0.862006,0.003981,-0.029744,0.978329,-0.204873,-0.184301,-0.015101,0.122688,0.357847,-0.320709,-0.007167,0.118396,-0.206832,-0.216361,0.877201,-0.001939,-0.038843,0.101838,-0.004654,0.331344,0.320985,-0.364655,1.187123,1.570655,0.000000,0.000000,0.292258,-0.209301,0.119890,0.865377,-0.069061,0.000000,0.000000
-0.524855,2.695498,0.861842,0.005351,-0.030249,0.975631,-0.217255,-0.174155,-0.019284,0.101361,0.359986,-0.330002,-0.004999,0.108836,-0.191982,-0.208573,0.893351,-0.018211,-0.035243,0.087969,-0.004289,0.318183,0.327171,-0.370980,1.180084,1.570779,0.000000,0.000000,0.293801,-0.208328,0.120030,0.864596,-0.067358,0.000000,0.000000
-0.532527,2.687700,0.861645,0.006671,-0.030401,0.972934,-0.228978,-0.163795,-0.023912,0.081807,0.360658,-0.337338,-0.003184,0.099721,-0.179155,-0.200107,0.905674,-0.032571,-0.032461,0.074506,-0.003889,0.306124,0.332045,-0.375635,1.173451,1.570800,0.000000,0.000000,0.296228,-0.208137,0.120855,0.863438,-0.067456,0.000000,0.000000
-0.540091,2.679631,0.861400,0.008270,-0.030127,0.970118,-0.240614,-0.151727,-0.029576,0.061714,0.359779,-0.343423,-0.001532,0.090482,-0.167145,-0.191106,0.915187,-0.050493,-0.030078,0.061476,-0.003470,0.293801,0.336349,-0.379653,1.165693,1.570800,0.000000,0.000000,0.299512,-0.208595,0.120652,0.862625,-0.066611,0.000000,0.000000
-0.547674,2.671311,0.861121,0.009962,-0.029425,0.967088,-0.252537,-0.138820,-0.035709,0.043169,0.357361,-0.348762,-0.000221,0.081943,-0.157444,-0.184500,0.921047,-0.073047,-0.028052,0.048980,-0.003054,0.281377,0.340448,-0.387099,1.156898,1.570800,0.000000,0.000000,0.302506,-0.209520,0.121949,0.862582,-0.065580,0.000000,0.000000
-0.555308,2.662881,0.860917,0.011662,-0.028474,0.964001,-0.264112,-0.125099,-0.041590,0.023404,0.353375,-0.352893,0.001327,0.073780,-0.149571,-0.179135,0.923900,-0.094512,-0.026409,0.036443,-0.002613,0.268844,0.343627,-0.394883,1.150264,1.570800,0.000000,0.000000,0.305814,-0.210299,0.124651,0.863417,-0.067120,0.000000,0.000000
-0.563135,2.654493,0.860860,0.012752,-0.027636,0.960915,-0.275167,-0.110818,-0.047005,0.002190,0.346861,-0.355121,0.003171,0.065049,-0.141338,-0.171576,0.922199,-0.116722,-0.025070,0.023570,-0.002123,0.255394,0.346401,-0.399457,1.140991,1.570800,0.000000,0.000000,0.309163,-0.211454,0.126335,0.863562,-0.068187,0.000000,0.000000
-0.570828,2.645948,0.860833,0.013741,-0.026901,0.957617,-0.286456,-0.096563,-0.052012,-0.016885,0.338909,-0.357202,0.004771,0.056526,-0.134240,-0.166460,0.917035,-0.140081,-0.023649,0.010979,-0.001667,0.241876,0.349558,-0.404048,1.127875,1.570800,0.000000,0.000000,0.312925,-0.213032,0.126779,0.862497,-0.068324,0.000000,0.000000
-0.578417,2.637105,0.860781,0.014917,-0.026194,0.953992,-0.298314,-0.081829,-0.056899,-0.035418,0.330360,-0.357829,0.006304,0.048535,-0.128237,-0.164045,0.908887,-0.161839,-0.022063,-0.001986,-0.001115,0.228645,0.352342,-0.409756,1.114919,1.570800,0.000000,0.000000,0.318057,-0.213146,0.124591,0.861011,-0.069401,0.000000,0.000000
-0.586361,2.628325,0.860788,0.016018,-0.025498,0.950106,-0.310469,-0.066167,-0.060969,-0.055341,0.320538,-0.357641,0.008207,0.040388,-0.120729,-0.157362,0.897648,-0.181645,-0.020835,-0.015520,-0.000583,0.215958,0.354890,-0.416264,1.101546,1.570800,0.000000,0.000000,0.323057,-0.213459,0.123331,0.860720,-0.069036,0.000000,0.000000
-0.594339,2.619536,0.860882,0.017015,-0.024895,0.946256,-0.322010,-0.050716,-0.063980,-0.073756,0.309441,-0.357191,0.010118,0.032387,-0.114155,-0.150402,0.884569,-0.196412,-0.019975,-0.028244,-0.000112,0.204544,0.357706,-0.420850,1.087463,1.570800,0.000000,0.000000,0.326681,-0.214384,0.123022,0.860604,-0.069866,0.000000,0.000000
-0.602260,2.610847,0.860959,0.017776,-0.024214,0.942579,-0.332629,-0.034700,-0.066856,-0.090991,0.296659,-0.355990,0.011864,0.023792,-0.108477,-0.143514,0.867983,-0.211949,-0.019381,-0.040513,0.000393,0.192302,0.360315,-0.425749,1.072500,1.570800,0.000000,0.000000,0.330698,-0.214307,0.122607,0.860779,-0.071931,0.000000,0.000000
-0.610189,2.602497,0.860994,0.018389,-0.023733,0.939002,-0.342598,-0.019538,-0.068833,-0.105299,0.284194,-0.354323,0.013391,0.014751,-0.101757,-0.133923,0.848473,-0.226926,-0.019019,-0.051184,0.000844,0.180243,0.360075,-0.426306,1.057523,1.570800,0.000000,0.000000,0.334382,-0.214655,0.123964,0.861636,-0.074881,0.000000,0.000000
-0.617559,2.594237,0.860971,0.018981,-0.023569,0.935221,-0.352768,-0.005515,-0.070164,-0.117950,0.272743,-0.351698,0.014841,0.005424,-0.095705,-0.128208,0.826011,-0.240974,-0.018097,-0.063026,0.001296,0.167690,0.361323,-0.429460,1.044129,1.570800,0.000000,0.000000,0.336630,-0.215131,0.124220,0.861989,-0.079128,0.000000,0.000000
-0.624466,2.586318,0.860914,0.019202,-0.023510,0.931701,-0.361955,0.006809,-0.069655,-0.119946,0.262947,-0.338809,0.015230,-0.004763,-0.092634,-0.125551,0.801700,-0.251471,-0.017482,-0.069482,0.001672,0.157656,0.362881,-0.427270,1.028919,1.570800,0.000000,0.000000,0.333272,-0.210686,0.142187,0.864985,-0.077450,0.000000,0.000000
-0.631031,2.579522,0.860894,0.019436,-0.023633,0.928243,-0.370714,0.018541,-0.068646,-0.125339,0.252886,-0.334303,0.016215,-0.016806,-0.086746,-0.117919,0.775012,-0.260191,-0.016978,-0.078763,0.001980,0.144957,0.364711,-0.428746,1.015184,1.570800,0.000000,0.000000,0.332250,-0.208661,0.152000,0.869292,-0.071765,0.000000,0.000000
-0.637301,2.573244,0.860885,0.019298,-0.023988,0.924719,-0.379403,0.028926,-0.067191,-0.132677,0.243132,-0.331705,0.017581,-0.029876,-0.079814,-0.107365,0.747527,-0.265216,-0.016773,-0.088973,0.002319,0.131770,0.366230,-0.430890,1.001598,1.570800,0.000000,0.000000,0.331983,-0.208747,0.158828,0.872469,-0.072639,0.000000,0.000000
-0.643142,2.567277,0.860800,0.018854,-0.024139,0.921261,-0.387736,0.038239,-0.066251,-0.140962,0.233801,-0.329859,0.018965,-0.043855,-0.073864,-0.096753,0.718565,-0.266367,-0.016898,-0.099126,0.002690,0.117965,0.368231,-0.436456,0.987097,1.570800,0.000000,0.000000,0.331124,-0.210793,0.164283,0.874914,-0.074865,0.000000,0.000000
-0.648563,2.561419,0.860575,0.018077,-0.024155,0.917894,-0.395677,0.046589,-0.066110,-0.147883,0.224912,-0.328808,0.019958,-0.058338,-0.070285,-0.090719,0.687623,-0.267481,-0.016812,-0.107823,0.003114,0.102560,0.369890,-0.444939,0.974777,1.570800,0.000000,0.000000,0.329421,-0.213038,0.167739,0.878310,-0.071942,0.000000,0.000000
-0.653858,2.555506,0.860216,0.017129,-0.024183,0.914456,-0.403599,0.054343,-0.066815,-0.153555,0.216422,-0.326192,0.020580,-0.072959,-0.068381,-0.088373,0.655427,-0.268795,-0.016483,-0.115677,0.003492,0.087093,0.370060,-0.451688,0.962576,1.570800,0.000000,0.000000,0.328253,-0.215182,0.168317,0.880803,-0.068302,0.000000,0.000000
-0.659148,2.549572,0.859823,0.016300,-0.024303,0.910689,-0.412055,0.061958,-0.067543,-0.158570,0.208068,-0.323937,0.021105,-0.087346,-0.067320,-0.086783,0.622426,-0.270171,-0.016252,-0.124768,0.003886,0.071685,0.370950,-0.457629,0.950757,1.570800,0.000000,0.000000,0.328033,-0.217715,0.168825,0.881704,-0.067984,0.000000,0.000000
-0.665058,2.544092,0.859553,0.015173,-0.024403,0.906704,-0.420787,0.069540,-0.065835,-0.163066,0.199171,-0.328340,0.022097,-0.101795,-0.066350,-0.083737,0.586104,-0.274791,-0.016312,-0.135410,0.004401,0.055081,0.373684,-0.465787,0.937341,1.570800,0.000000,0.000000,0.327388,-0.219698,0.169990,0.883071,-0.070985,0.000000,0.000000
-0.670502,2.538076,0.858782,0.014175,-0.024484,0.902945,-0.428823,0.077134,-0.064689,-0.160945,0.194770,-0.329004,0.022046,-0.115444,-0.066449,-0.082117,0.550059,-0.276156,-0.016399,-0.145479,0.004852,0.039640,0.375159,-0.474380,0.922129,1.570800,0.000000,0.000000,0.325961,-0.221724,0.171437,0.884020,-0.069226,0.000000,0.000000
-0.676025,2.531814,0.857953,0.013446,-0.024527,0.899658,-0.435699,0.084820,-0.064069,-0.158897,0.190721,-0.329103,0.021889,-0.128167,-0.066759,-0.086251,0.513279,-0.268468,-0.015514,-0.153160,0.005208,0.024494,0.373052,-0.479831,0.913876,1.570800,0.000000,0.000000,0.325188,-0.224221,0.171657,0.886314,-0.066151,0.000000,0.000000
-0.682276,2.525702,0.857102,0.012582,-0.024531,0.896328,-0.442534,0.092009,-0.062370,-0.158543,0.187810,-0.332404,0.022227,-0.139882,-0.066327,-0.092399,0.471876,-0.260213,-0.014147,-0.160423,0.005559,0.012002,0.368245,-0.480205,0.899934,1.570800,0.000000,0.000000,0.324892,-0.226417,0.170392,0.887027,-0.063115,0.000000,0.000000
-0.688004,2.520516,0.855832,0.011598,-0.023957,0.892399,-0.450461,0.096119,-0.061219,-0.160477,0.192891,-0.337743,0.022768,-0.151912,-0.066718,-0.098444,0.425847,-0.254797,-0.013091,-0.171126,0.006193,-0.005442,0.372545,-0.497288,0.888725,1.570800,0.000000,0.000000,0.325191,-0.228855,0.167154,0.887344,-0.063274,0.000000,0.000000
-0.693947,2.514932,0.854396,0.010320,-0.023701,0.888462,-0.458222,0.099247,-0.060268,-0.164067,0.199263,-0.343083,0.023546,-0.162635,-0.067315,-0.105811,0.382518,-0.246833,-0.011957,-0.178357,0.006556,-0.020036,0.372433,-0.508761,0.878307,1.570800,0.000000,0.000000,0.325324,-0.230744,0.162900,0.888194,-0.060104,0.000000,0.000000
-0.700634,2.509436,0.852878,0.008962,-0.023420,0.884539,-0.465791,0.102428,-0.057854,-0.168581,0.206504,-0.350856,0.024830,-0.172737,-0.067279,-0.112165,0.335907,-0.232421,-0.010943,-0.186220,0.006951,-0.035958,0.371987,-0.519684,0.866401,1.570800,0.000000,0.000000,0.324489,-0.233962,0.161848,0.889766,-0.059860,0.000000,0.000000
-0.707859,2.503702,0.854890,0.007615,-0.023047,0.880862,-0.472751,0.106013,-0.054647,-0.172444,0.214676,-0.362071,0.026204,-0.181844,-0.066778,-0.115490,0.286481,-0.212973,-0.010391,-0.194739,0.007397,-0.051900,0.372487,-0.530964,0.855485,1.570800,0.000000,0.000000,0.323563,-0.238287,0.163213,0.890826,-0.060663,0.000000,0.000000
-0.714382,2.496938,0.856118,0.006449,-0.022383,0.877650,-0.478736,0.110251,-0.053569,-0.176171,0.223902,-0.376524,0.027006,-0.190128,-0.068455,-0.120141,0.236413,-0.193838,-0.010164,-0.201838,0.007794,-0.065997,0.372207,-0.541821,0.844277,1.570800,0.000000,0.000000,0.323665,-0.243250,0.163719,0.890765,-0.060348,0.000000,0.000000
-0.720860,2.489659,0.855933,0.005083,-0.021836,0.874505,-0.484497,0.114522,-0.053039,-0.179992,0.233216,-0.389773,0.027698,-0.197735,-0.070706,-0.128184,0.184482,-0.183036,-0.009644,-0.208500,0.008140,-0.077565,0.371560,-0.550102,0.829876,1.570800,0.000000,0.000000,0.325271,-0.248178,0.162458,0.887723,-0.058536,0.000000,0.000000
-0.727926,2.482368,0.854429,0.003769,-0.021291,0.871378,-0.490136,0.118773,-0.051365,-0.184588,0.242838,-0.401480,0.028815,-0.204277,-0.071970,-0.137650,0.131865,-0.174694,-0.008871,-0.214906,0.008511,-0.088531,0.370819,-0.556883,0.814119,1.570800,0.000000,0.000000,0.326047,-0.252496,0.158415,0.885097,-0.059307,0.000000,0.000000
-0.735116,2.474807,0.851841,0.002598,-0.020590,0.868294,-0.495615,0.123186,-0.049783,-0.189584,0.252762,-0.414480,0.029972,-0.209717,-0.073184,-0.146169,0.081671,-0.162107,-0.008326,-0.220563,0.008872,-0.100273,0.369852,-0.562671,0.800589,1.570800,0.000000,0.000000,0.325803,-0.256338,0.153836,0.884598,-0.059077,0.000000,0.000000
-0.742178,2.466858,0.848061,0.001367,-0.019590,0.865661,-0.500246,0.128105,-0.049852,-0.194765,0.263619,-0.426381,0.030774,-0.214640,-0.075291,-0.153043,0.031085,-0.148423,-0.008251,-0.225048,0.009196,-0.111032,0.369675,-0.568711,0.790271,1.570800,0.000000,0.000000,0.325148,-0.260942,0.148550,0.885570,-0.057473,0.000000,0.000000
-0.749186,2.458619,0.843285,0.000413,-0.018677,0.863502,-0.504000,0.133272,-0.050732,-0.200096,0.274887,-0.435559,0.031447,-0.219094,-0.077396,-0.158885,-0.016157,-0.137216,-0.008338,-0.226875,0.009386,-0.119096,0.367207,-0.574440,0.779813,1.570800,0.000000,0.000000,0.325701,-0.264994,0.142609,0.886034,-0.057971,0.000000,0.000000
-0.756826,2.450491,0.843133,-0.000158,-0.018165,0.861479,-0.507468,0.136558,-0.049829,-0.201735,0.281945,-0.442320,0.032011,-0.221861,-0.077670,-0.162469,-0.017450,-0.131835,-0.008155,-0.226748,0.009393,-0.122368,0.364456,-0.575625,0.772783,1.570800,0.000000,0.000000,0.326505,-0.266804,0.137897,0.886119,-0.058849,0.000000,0.000000
-0.764525,2.442410,0.842625,-0.000477,-0.017251,0.859085,-0.511542,0.142741,-0.047110,-0.203635,0.295174,-0.456351,0.033125,-0.226546,-0.078935,-0.167929,-0.017450,-0.125438,-0.008000,-0.227324,0.009574,-0.130137,0.363464,-0.581881,0.764367,1.570800,0.000000,0.000000,0.328202,-0.270230,0.128232,0.887925,-0.061822,0.000000,0.000000
-0.771598,2.433818,0.841639,-0.000391,-0.016679,0.857463,-0.514275,0.149921,-0.045257,-0.204453,0.310126,-0.470244,0.033848,-0.231351,-0.080757,-0.172114,-0.017450,-0.124200,-0.008038,-0.225295,0.009758,-0.140727,0.362831,-0.591006,0.757031,1.570800,0.000000,0.000000,0.330053,-0.273281,0.118601,0.889840,-0.062974,0.000000,0.000000
-0.778942,2.425148,0.840806,-0.000490,-0.015986,0.856544,-0.515826,0.156802,-0.044640,-0.204471,0.324144,-0.481198,0.034149,-0.235882,-0.081878,-0.175163,-0.017450,-0.125080,-0.008057,-0.220848,0.009843,-0.150237,0.362428,-0.600119,0.751021,1.570800,0.000000,0.000000,0.331499,-0.275669,0.109559,0.891854,-0.063791,0.000000,0.000000
-0.786460,2.416377,0.840207,-0.000813,-0.015271,0.856081,-0.516615,0.163164,-0.044518,-0.204247,0.336982,-0.489239,0.034305,-0.240106,-0.082385,-0.176834,-0.017450,-0.125010,-0.008093,-0.216146,0.009824,-0.156578,0.361128,-0.605898,0.745762,1.570800,0.000000,0.000000,0.332555,-0.277755,0.100839,0.893995,-0.065007,0.000000,0.000000
-0.793722,2.407350,0.839551,-0.001254,-0.014610,0.855672,-0.517311,0.169927,-0.044921,-0.203784,0.350599,-0.495505,0.034333,-0.244669,-0.082882,-0.178774,-0.017450,-0.126254,-0.008116,-0.210587,0.009765,-0.161257,0.358772,-0.608858,0.740593,1.570800,0.000000,0.000000,0.333431,-0.280054,0.091141,0.896572,-0.065782,0.000000,0.000000
-0.801158,2.398263,0.838898,-0.001508,-0.013792,0.855173,-0.518157,0.176537,-0.045119,-0.203409,0.364020,-0.499811,0.034448,-0.248807,-0.082775,-0.181793,-0.017450,-0.129080,-0.007949,-0.205311,0.009713,-0.164260,0.356251,-0.610224,0.737091,1.570800,0.000000,0.000000,0.334135,-0.282749,0.082496,0.899934,-0.066706,0.000000,0.000000
-0.808884,2.389052,0.838331,-0.001497,-0.013036,0.854499,-0.519287,0.182502,-0.044608,-0.203319,0.376154,-0.502713,0.034793,-0.252028,-0.082166,-0.184141,-0.017450,-0.130838,-0.007732,-0.201893,0.009713,-0.165713,0.354570,-0.610941,0.736982,1.570800,0.000000,0.000000,0.334695,-0.284595,0.075310,0.904036,-0.066811,0.000000,0.000000
-0.816867,2.379604,0.837684,-0.001220,-0.012680,0.854199,-0.519791,0.188920,-0.043634,-0.203346,0.389255,-0.504326,0.035316,-0.254983,-0.080453,-0.184529,-0.017450,-0.133353,-0.007491,-0.198925,0.009700,-0.165813,0.353489,-0.611433,0.738884,1.570800,0.000000,0.000000,0.335003,-0.286628,0.070412,0.908612,-0.068210,0.000000,0.000000
-0.825066,2.369819,0.837036,-0.000863,-0.012629,0.854370,-0.519511,0.195843,-0.042558,-0.203351,0.403588,-0.504278,0.035911,-0.257905,-0.076777,-0.184858,-0.017450,-0.138965,-0.006991,-0.195701,0.009641,-0.164356,0.352117,-0.609156,0.739821,1.570800,0.000000,0.000000,0.334602,-0.288599,0.066078,0.912475,-0.070675,0.000000,0.000000
-0.833428,2.359861,0.836265,-0.000157,-0.012418,0.854830,-0.518759,0.202829,-0.041784,-0.203211,0.417876,-0.501247,0.036425,-0.260277,-0.072858,-0.183955,-0.017450,-0.146773,-0.006570,-0.191992,0.009586,-0.160580,0.352177,-0.606014,0.741463,1.570800,0.000000,0.000000,0.334568,-0.288950,0.062616,0.916312,-0.070776,0.000000,0.000000
-0.841970,2.349798,0.835336,0.000906,-0.012302,0.855047,-0.518403,0.209827,-0.040418,-0.203203,0.432300,-0.493337,0.037174,-0.262004,-0.070491,-0.178831,-0.017450,-0.152486,-0.006687,-0.189442,0.009527,-0.155041,0.353492,-0.602603,0.744815,1.570800,0.000000,0.000000,0.334650,-0.288338,0.059739,0.921052,-0.070959,0.000000,0.000000
-0.850705,2.339516,0.834543,0.002203,-0.012335,0.855405,-0.517807,0.214831,-0.039499,-0.203130,0.442490,-0.485204,0.037693,-0.263011,-0.069322,-0.173093,-0.017450,-0.148853,-0.006962,-0.188165,0.009440,-0.149707,0.351601,-0.597353,0.749357,1.570800,0.000000,0.000000,0.334161,-0.287419,0.057960,0.925335,-0.071411,0.000000,0.000000
-0.859467,2.328945,0.834111,0.003047,-0.012263,0.855808,-0.517139,0.221010,-0.038993,-0.202805,0.454946,-0.472323,0.038122,-0.264505,-0.068695,-0.165600,-0.017450,-0.134750,-0.007456,-0.187208,0.009276,-0.142646,0.346805,-0.588422,0.758009,1.570800,0.000000,0.000000,0.332490,-0.286578,0.055990,0.931504,-0.072646,0.000000,0.000000
-0.868209,2.318469,0.833111,0.005012,-0.012054,0.856669,-0.515702,0.229774,-0.039082,-0.202092,0.472573,-0.450570,0.038459,-0.266732,-0.068386,-0.153880,-0.017450,-0.108182,-0.008310,-0.184726,0.009152,-0.132062,0.340681,-0.581162,0.770848,1.570800,0.000000,0.000000,0.331082,-0.285299,0.054250,0.939375,-0.073986,0.000000,0.000000
-0.876870,2.307936,0.831713,0.007096,-0.011763,0.857635,-0.514076,0.237717,-0.040107,-0.201116,0.492184,-0.425888,0.038432,-0.269428,-0.069201,-0.140284,-0.017450,-0.085581,-0.009547,-0.182184,0.009104,-0.119898,0.338439,-0.579966,0.782285,1.570800,0.000000,0.000000,0.330190,-0.283347,0.052818,0.947141,-0.074385,0.000000,0.000000
-0.885210,2.297578,0.831205,0.009610,-0.011100,0.858226,-0.513062,0.241995,-0.041759,-0.199947,0.521131,-0.401727,0.038112,-0.271730,-0.071041,-0.125662,-0.006940,-0.076017,-0.011145,-0.179877,0.009004,-0.108239,0.338284,-0.579499,0.795033,1.570800,0.000000,0.000000,0.330720,-0.281686,0.050975,0.954086,-0.073639,0.000000,0.000000
-0.894178,2.287023,0.834029,0.011180,-0.010741,0.858877,-0.511947,0.242867,-0.043325,-0.198883,0.552586,-0.379937,0.037719,-0.273396,-0.071604,-0.111401,0.026184,-0.080168,-0.012594,-0.178067,0.008813,-0.096669,0.336677,-0.571189,0.809254,1.570800,0.000000,0.000000,0.331141,-0.280460,0.048868,0.959734,-0.073127,0.000000,0.000000
-0.903013,2.276285,0.837197,0.013019,-0.010374,0.859035,-0.511646,0.241801,-0.044581,-0.197852,0.588216,-0.354523,0.037369,-0.273709,-0.070906,-0.101328,0.064891,-0.092259,-0.013384,-0.177043,0.008606,-0.080786,0.331223,-0.557371,0.824367,1.570800,0.000000,0.000000,0.330923,-0.279085,0.049983,0.968342,-0.073189,0.000000,0.000000
-0.911538,2.265260,0.840256,0.014992,-0.009802,0.858830,-0.511947,0.239066,-0.046035,-0.196688,0.626908,-0.321547,0.036826,-0.272411,-0.070093,-0.096908,0.104569,-0.103214,-0.013576,-0.179013,0.008541,-0.062548,0.325285,-0.544846,0.839509,1.570800,0.000000,0.000000,0.329312,-0.278678,0.056909,0.980406,-0.073043,0.000000,0.000000
-0.919543,2.253947,0.842954,0.016997,-0.008691,0.858309,-0.512778,0.234723,-0.048484,-0.195228,0.666773,-0.281150,0.035745,-0.269380,-0.070829,-0.096322,0.142724,-0.110226,-0.013672,-0.184066,0.008633,-0.046261,0.321077,-0.536002,0.856735,1.570800,0.000000,0.000000,0.326238,-0.279474,0.066025,0.992592,-0.069421,0.000000,0.000000
-0.927104,2.242608,0.845132,0.018895,-0.007131,0.857342,-0.514351,0.228263,-0.051509,-0.193616,0.707870,-0.235008,0.034260,-0.264262,-0.073111,-0.096347,0.176435,-0.119734,-0.014056,-0.189967,0.008716,-0.031288,0.315719,-0.530030,0.876812,1.570800,0.000000,0.000000,0.322387,-0.280877,0.073450,1.004982,-0.065064,0.000000,0.000000
-0.934518,2.231416,0.846779,0.020767,-0.005338,0.856820,-0.515169,0.220269,-0.054527,-0.190023,0.748820,-0.187512,0.032245,-0.257260,-0.075958,-0.091567,0.204100,-0.131318,-0.015302,-0.193531,0.008751,-0.016996,0.309560,-0.527928,0.898717,1.570800,0.000000,0.000000,0.318092,-0.281388,0.080316,1.018528,-0.065329,0.000000,0.000000
-0.941769,2.220297,0.848149,0.022768,-0.002787,0.857373,-0.514183,0.211609,-0.057816,-0.180780,0.789934,-0.139833,0.028956,-0.248600,-0.079532,-0.081820,0.228159,-0.142370,-0.017473,-0.191225,0.008634,-0.004659,0.302804,-0.530927,0.921691,1.570800,0.000000,0.000000,0.314059,-0.281359,0.084744,1.033255,-0.068519,0.000000,0.000000
-0.949136,2.208849,0.849361,0.024534,0.000112,0.858309,-0.512546,0.202318,-0.061455,-0.169654,0.830093,-0.091616,0.025154,-0.238945,-0.083303,-0.071582,0.249257,-0.157845,-0.019784,-0.184196,0.008336,0.007104,0.293773,-0.534070,0.945194,1.570800,0.000000,0.000000,0.310669,-0.280816,0.086788,1.047323,-0.072538,0.000000,0.000000
-0.956909,2.197297,0.850352,0.026284,0.002844,0.858700,-0.511796,0.191439,-0.062483,-0.156893,0.870951,-0.043788,0.021912,-0.228136,-0.086695,-0.062415,0.268813,-0.180702,-0.021857,-0.175833,0.008017,0.018622,0.283385,-0.538401,0.972030,1.570800,0.000000,0.000000,0.308807,-0.279229,0.086118,1.059790,-0.076804,0.000000,0.000000
-0.966184,2.188370,0.850707,0.029536,0.003300,0.856445,-0.515383,0.175769,-0.037982,-0.111652,0.920542,0.016617,0.020748,-0.215770,-0.080831,-0.055452,0.288961,-0.222928,-0.021558,-0.182624,0.008199,0.040720,0.284903,-0.532318,0.998731,1.570800,0.000000,0.000000,0.314939,-0.281684,0.084020,1.069176,-0.057118,0.000000,0.000000
-0.975658,2.178652,0.851355,0.031762,0.005144,0.856354,-0.515386,0.164261,-0.024328,-0.087425,0.956583,0.040923,0.020399,-0.205097,-0.077180,-0.048897,0.306317,-0.245519,-0.021848,-0.180338,0.008019,0.056190,0.280951,-0.525663,1.014307,1.570800,0.000000,0.000000,0.315992,-0.282365,0.090578,1.074743,-0.048040,0.000000,0.000000
-0.984535,2.169186,0.851983,0.033850,0.007056,0.857502,-0.513318,0.152522,-0.017315,-0.071427,0.990237,0.046014,0.019652,-0.193940,-0.073462,-0.039611,0.321180,-0.261729,-0.022584,-0.174274,0.007751,0.068778,0.277613,-0.524559,1.034343,1.570800,0.000000,0.000000,0.315242,-0.283403,0.100405,1.080159,-0.040136,0.000000,0.000000
-0.993473,2.159904,0.852666,0.035731,0.008905,0.858586,-0.511345,0.140800,-0.011274,-0.057061,1.019449,0.032101,0.019075,-0.182236,-0.069581,-0.031489,0.333009,-0.271176,-0.023155,-0.166243,0.007406,0.081215,0.274929,-0.525584,1.050764,1.570800,0.000000,0.000000,0.313090,-0.284160,0.110778,1.084390,-0.026399,0.000000,0.000000
-1.002904,2.150806,0.853369,0.037630,0.010291,0.859584,-0.509503,0.128069,-0.002036,-0.040435,1.046370,0.002371,0.019197,-0.168968,-0.064751,-0.023375,0.341671,-0.275659,-0.023584,-0.156885,0.007076,0.093674,0.273744,-0.531349,1.066982,1.570800,0.000000,0.000000,0.310619,-0.285075,0.119784,1.085974,-0.015246,0.000000,0.000000
-1.012296,2.141456,0.854039,0.039536,0.011456,0.860889,-0.507125,0.115286,0.008104,-0.022219,1.068928,-0.034959,0.019381,-0.154824,-0.059807,-0.015633,0.347110,-0.278973,-0.023939,-0.146194,0.006631,0.104872,0.273578,-0.539352,1.084921,1.570800,0.000000,0.000000,0.308422,-0.285676,0.127997,1.085515,-0.010733,0.000000,0.000000
-1.021490,2.131632,0.854833,0.040898,0.012980,0.862403,-0.504400,0.103164,0.015368,-0.006067,1.084988,-0.068936,0.018999,-0.140812,-0.056304,-0.010143,0.349466,-0.283475,-0.024210,-0.134469,0.006213,0.116516,0.274440,-0.547822,1.099678,1.570800,0.000000,0.000000,0.308079,-0.282902,0.132722,1.086265,-0.008186,0.000000,0.000000
-1.030796,2.121601,0.855854,0.041729,0.014876,0.863902,-0.501708,0.090665,0.020461,0.008592,1.095924,-0.100121,0.018140,-0.125751,-0.053259,-0.004424,0.348945,-0.289263,-0.024584,-0.120599,0.005672,0.130409,0.275607,-0.555290,1.110445,1.570800,0.000000,0.000000,0.308344,-0.277917,0.137071,1.087591,-0.005389,0.000000,0.000000
-1.039865,2.111310,0.856691,0.042815,0.016548,0.865089,-0.499514,0.078762,0.024342,0.020974,1.101008,-0.126852,0.017214,-0.110419,-0.050184,0.002449,0.347025,-0.297312,-0.025073,-0.106980,0.005066,0.144233,0.275545,-0.560612,1.121085,1.570800,0.000000,0.000000,0.308390,-0.275298,0.142037,1.085642,-0.004950,0.000000,0.000000
-1.048580,2.100703,0.857390,0.043873,0.018317,0.865795,-0.498134,0.067400,0.027338,0.032642,1.100385,-0.150249,0.016064,-0.094867,-0.048154,0.008730,0.345496,-0.304598,-0.025702,-0.094699,0.004518,0.156850,0.273973,-0.562115,1.132440,1.570800,0.000000,0.000000,0.309529,-0.274411,0.143531,1.079180,-0.005052,0.000000,0.000000
-1.057011,2.089965,0.858114,0.044530,0.020587,0.866665,-0.496473,0.056373,0.028129,0.044043,1.094581,-0.171905,0.014214,-0.079272,-0.048148,0.013603,0.343922,-0.311096,-0.026577,-0.082020,0.004009,0.169455,0.271611,-0.563880,1.142800,1.570800,0.000000,0.000000,0.311401,-0.272366,0.141748,1.073544,-0.005623,0.000000,0.000000
-1.065038,2.079316,0.858872,0.044786,0.023097,0.867949,-0.494091,0.044982,0.026246,0.055282,1.083882,-0.195345,0.011498,-0.063596,-0.050054,0.017239,0.340879,-0.319001,-0.027666,-0.066606,0.003450,0.182275,0.269748,-0.567240,1.151486,1.570728,0.000000,0.000000,0.313115,-0.269024,0.140722,1.067929,-0.005262,0.000000,0.000000
-1.072998,2.068939,0.859533,0.044983,0.025093,0.868717,-0.492623,0.032967,0.024545,0.064429,1.069444,-0.219591,0.009148,-0.047871,-0.051649,0.019875,0.335959,-0.326206,-0.028502,-0.051349,0.002849,0.194762,0.267890,-0.568298,1.161039,1.570619,0.000000,0.000000,0.314345,-0.266985,0.141252,1.059713,-0.005206,0.000000,0.000000
-1.080606,2.058706,0.860184,0.044768,0.026579,0.869066,-0.491950,0.020189,0.022644,0.071576,1.050592,-0.242270,0.007062,-0.032694,-0.053217,0.018786,0.328757,-0.332990,-0.028730,-0.038128,0.002332,0.206463,0.265134,-0.567352,1.172754,1.570520,0.000000,0.000000,0.314776,-0.265973,0.140387,1.050263,-0.003853,0.000000,0.000000
-1.087713,2.048740,0.860920,0.044157,0.027999,0.869975,-0.490316,0.006797,0.019020,0.078977,1.026877,-0.261208,0.004340,-0.018471,-0.055431,0.015590,0.319951,-0.336935,-0.028782,-0.025795,0.001844,0.218357,0.263132,-0.565505,1.182219,1.570423,0.000000,0.000000,0.314817,-0.266368,0.141648,1.038731,-0.002739,0.000000,0.000000
-1.094416,2.039287,0.861690,0.043351,0.029349,0.871382,-0.487804,-0.007133,0.014728,0.087414,0.998790,-0.274767,0.001179,-0.005333,-0.058105,0.011000,0.310045,-0.339206,-0.028729,-0.013324,0.001357,0.229559,0.261060,-0.561348,1.190446,1.570340,0.000000,0.000000,0.313838,-0.266750,0.143068,1.027307,-0.001762,0.000000,0.000000
-1.100896,2.030430,0.862332,0.042332,0.030205,0.872163,-0.486444,-0.021952,0.011923,0.096071,0.967517,-0.283552,-0.001565,0.006874,-0.060110,0.008076,0.299353,-0.343164,-0.028737,-0.001610,0.000910,0.239255,0.258956,-0.555798,1.197357,1.570263,0.000000,0.000000,0.312148,-0.265968,0.143097,1.014686,-0.000296,0.000000,0.000000
-1.107465,2.021973,0.862795,0.041018,0.030632,0.873415,-0.484278,-0.036656,0.010829,0.109819,0.933205,-0.288608,-0.004827,0.017436,-0.061432,0.006533,0.290170,-0.346306,-0.028782,0.010577,0.000446,0.248770,0.256877,-0.546654,1.201481,1.570203,0.000000,0.000000,0.310508,-0.264374,0.143037,0.999833,0.000570,0.000000,0.000000
-1.114293,2.013767,0.863047,0.039656,0.030694,0.875096,-0.481344,-0.051078,0.010623,0.124510,0.895317,-0.292328,-0.007964,0.026415,-0.061713,0.007706,0.283528,-0.344529,-0.029083,0.022874,-0.000048,0.259373,0.258216,-0.538233,1.201460,1.570165,0.000000,0.000000,0.308305,-0.264258,0.145448,0.983425,0.002499,0.000000,0.000000
-1.121068,2.005564,0.863127,0.038456,0.030525,0.877048,-0.477886,-0.065398,0.010338,0.136298,0.852575,-0.298472,-0.010404,0.034573,-0.061700,0.011614,0.278247,-0.339501,-0.029806,0.036381,-0.000601,0.271013,0.261202,-0.530567,1.201340,1.570139,0.000000,0.000000,0.306003,-0.264863,0.149145,0.967062,-0.001585,0.000000,0.000000
-1.127247,1.997699,0.863165,0.037088,0.030433,0.878942,-0.474510,-0.079491,0.008433,0.142739,0.805888,-0.304963,-0.012054,0.041511,-0.062436,0.012120,0.273620,-0.336923,-0.030165,0.050601,-0.001169,0.279669,0.267938,-0.535324,1.199121,1.570133,0.000000,0.000000,0.297101,-0.267866,0.162051,0.958865,-0.001040,0.000000,0.000000
-1.133286,1.989887,0.863044,0.035561,0.029747,0.880909,-0.471009,-0.092989,0.007401,0.150996,0.755433,-0.307313,-0.013648,0.047804,-0.062642,0.012924,0.268257,-0.341453,-0.030315,0.063004,-0.001692,0.287420,0.273929,-0.542634,1.198714,1.570123,0.000000,0.000000,0.288785,-0.270083,0.174517,0.947155,0.008058,0.000000,0.000000
-1.139233,1.981865,0.862857,0.033497,0.028665,0.882914,-0.467461,-0.105746,0.006228,0.159019,0.699474,-0.306557,-0.015015,0.053641,-0.062532,0.015866,0.262050,-0.346695,-0.030659,0.076160,-0.002283,0.296092,0.274644,-0.531102,1.195914,1.570110,0.000000,0.000000,0.281537,-0.271215,0.182374,0.932199,0.015706,0.000000,0.000000
-1.145416,1.973879,0.862551,0.031637,0.027680,0.885072,-0.463552,-0.117084,0.005488,0.167322,0.639816,-0.303023,-0.016092,0.059519,-0.062121,0.018689,0.257132,-0.351685,-0.030925,0.088366,-0.002818,0.306450,0.277453,-0.521459,1.189971,1.570107,0.000000,0.000000,0.274808,-0.272135,0.189053,0.916891,0.019915,0.000000,0.000000
-1.151875,1.965870,0.862047,0.029837,0.026472,0.887413,-0.459247,-0.127217,0.005609,0.175996,0.577094,-0.298105,-0.016754,0.065239,-0.061576,0.019880,0.253545,-0.354324,-0.030960,0.098875,-0.003307,0.315393,0.288613,-0.531329,1.184235,1.570115,0.000000,0.000000,0.268256,-0.274625,0.195778,0.899470,0.019778,0.000000,0.000000
-1.158466,1.957097,0.861307,0.028224,0.024679,0.890664,-0.453113,-0.135740,0.007563,0.186683,0.511126,-0.293628,-0.017021,0.071282,-0.061686,0.025713,0.249431,-0.353345,-0.031928,0.114179,-0.003984,0.327035,0.285216,-0.497426,1.179796,1.570122,0.000000,0.000000,0.261489,-0.275019,0.204540,0.882821,0.022776,0.000000,0.000000
-1.165373,1.948362,0.860700,0.026348,0.023043,0.892912,-0.448868,-0.143365,0.009662,0.196470,0.447055,-0.286453,-0.016984,0.078093,-0.061819,0.026043,0.242747,-0.353340,-0.032048,0.123608,-0.004402,0.336118,0.292758,-0.494982,1.176474,1.570122,0.000000,0.000000,0.253816,-0.277471,0.213566,0.866984,0.022142,0.000000,0.000000
-1.171827,1.939115,0.860036,0.024348,0.021033,0.895136,-0.444630,-0.150548,0.011261,0.205385,0.378678,-0.274199,-0.016705,0.085586,-0.062316,0.024976,0.233652,-0.352455,-0.032018,0.135420,-0.004930,0.345221,0.296078,-0.484320,1.171704,1.570133,0.000000,0.000000,0.246459,-0.278739,0.219033,0.850273,0.022711,0.000000,0.000000
-1.177924,1.929398,0.859490,0.022556,0.018830,0.896791,-0.441479,-0.156670,0.012458,0.209784,0.307380,-0.260290,-0.015593,0.093776,-0.062406,0.029831,0.225482,-0.353350,-0.032771,0.143171,-0.005381,0.355717,0.294261,-0.466879,1.166230,1.570115,0.000000,0.000000,0.237786,-0.280630,0.228057,0.834411,0.022791,0.000000,0.000000
-1.184513,1.920037,0.860675,0.020651,0.016473,0.898657,-0.437856,-0.161996,0.015237,0.211954,0.234072,-0.246635,-0.013645,0.101764,-0.061640,0.033659,0.217365,-0.355534,-0.033141,0.149792,-0.005755,0.365891,0.292468,-0.447879,1.161587,1.570096,0.000000,0.000000,0.227868,-0.282912,0.240198,0.819301,0.016993,0.000000,0.000000
-1.191430,1.910886,0.859606,0.018979,0.014340,0.900513,-0.434177,-0.166339,0.019644,0.211574,0.160816,-0.231789,-0.011003,0.109338,-0.060943,0.033779,0.211627,-0.358799,-0.032986,0.157205,-0.006092,0.376162,0.293645,-0.433717,1.158073,1.570082,0.000000,0.000000,0.219250,-0.282813,0.252873,0.805955,0.019806,0.000000,0.000000
-1.197579,1.902359,0.856385,0.017610,0.011956,0.902777,-0.429583,-0.170774,0.025579,0.210110,0.088899,-0.214895,-0.008061,0.113003,-0.060501,0.034066,0.215619,-0.367769,-0.032881,0.165830,-0.006505,0.385163,0.296700,-0.423205,1.156728,1.570078,0.000000,0.000000,0.209862,-0.283483,0.265506,0.792601,0.026245,0.000000,0.000000
-1.203834,1.893376,0.852570,0.016017,0.009500,0.905003,-0.424998,-0.175465,0.032052,0.208449,0.020625,-0.202025,-0.005139,0.116044,-0.060215,0.035938,0.221329,-0.378224,-0.033054,0.173919,-0.006994,0.394139,0.298689,-0.409505,1.152374,1.570088,0.000000,0.000000,0.198947,-0.287292,0.276731,0.777212,0.024700,0.000000,0.000000
-1.210448,1.884265,0.850370,0.014857,0.007128,0.906908,-0.421007,-0.179635,0.037982,0.209319,-0.017450,-0.196160,-0.003153,0.118992,-0.059480,0.036947,0.227279,-0.386673,-0.033028,0.179593,-0.007296,0.403277,0.298941,-0.392393,1.146802,1.570107,0.000000,0.000000,0.189856,-0.290683,0.285556,0.763658,0.020835,0.000000,0.000000
-1.217128,1.875024,0.847619,0.014386,0.004825,0.908810,-0.416933,-0.185215,0.046892,0.209736,-0.017450,-0.192794,-0.001023,0.123397,-0.058331,0.037921,0.236278,-0.398986,-0.032915,0.186424,-0.007640,0.415283,0.296803,-0.368424,1.145459,1.570093,0.000000,0.000000,0.179485,-0.293063,0.296551,0.747606,0.023184,0.000000,0.000000
-1.223487,1.865344,0.846904,0.014322,0.002815,0.910676,-0.412863,-0.190290,0.054904,0.209227,-0.017450,-0.189708,0.000655,0.128024,-0.058055,0.039249,0.245829,-0.411590,-0.033079,0.192532,-0.007983,0.425203,0.293386,-0.347938,1.148993,1.570069,0.000000,0.000000,0.170754,-0.294906,0.306856,0.733878,0.026245,0.000000,0.000000
-1.229571,1.855293,0.846415,0.014345,0.001455,0.912678,-0.408425,-0.194976,0.060139,0.211528,-0.017450,-0.184899,0.001486,0.132760,-0.059530,0.038386,0.255341,-0.425180,-0.033333,0.196825,-0.008292,0.434067,0.295735,-0.338767,1.143783,1.570066,0.000000,0.000000,0.161085,-0.298419,0.320061,0.722802,0.024600,0.000000,0.000000
-1.235587,1.844790,0.845749,0.014254,0.000687,0.914697,-0.403888,-0.199573,0.063884,0.214919,-0.017450,-0.180505,0.001936,0.138067,-0.062911,0.036453,0.265869,-0.438642,-0.033902,0.201207,-0.008612,0.445527,0.298121,-0.336585,1.137623,1.570035,0.000000,0.000000,0.150119,-0.303413,0.335208,0.713979,0.024648,0.000000,0.000000
-1.242579,1.834755,0.844624,0.014157,0.000164,0.917151,-0.398288,-0.204254,0.071388,0.218280,-0.017450,-0.180931,0.002961,0.144075,-0.066262,0.039242,0.278119,-0.447556,-0.035256,0.206931,-0.009005,0.457322,0.298897,-0.332682,1.134827,1.569998,0.000000,0.000000,0.137800,-0.310479,0.352855,0.705322,0.019554,0.000000,0.000000
-1.249832,1.824540,0.843387,0.014238,-0.000397,0.919135,-0.393686,-0.208586,0.078542,0.222696,-0.017450,-0.186651,0.003894,0.149994,-0.068284,0.044002,0.290356,-0.453706,-0.036718,0.212850,-0.009273,0.465413,0.296929,-0.323035,1.136368,1.569980,0.000000,0.000000,0.128660,-0.316451,0.363883,0.695467,0.014613,0.000000,0.000000
-1.256711,1.813383,0.842353,0.014235,-0.000831,0.920929,-0.389469,-0.212426,0.083159,0.225507,-0.017450,-0.191321,0.004527,0.155654,-0.072215,0.047861,0.301919,-0.464531,-0.038454,0.219454,-0.009445,0.473657,0.292431,-0.306878,1.135619,1.569951,0.000000,0.000000,0.123739,-0.318165,0.367149,0.685203,0.028858,0.000000,0.000000
-1.263585,1.802072,0.841236,0.014471,-0.001016,0.922787,-0.385036,-0.215646,0.087904,0.226524,-0.017450,-0.195898,0.005262,0.161699,-0.077400,0.052183,0.314295,-0.477105,-0.040568,0.226121,-0.009745,0.483427,0.288688,-0.289760,1.134792,1.569922,0.000000,0.000000,0.119247,-0.324674,0.374970,0.677482,0.015702,0.000000,0.000000
-1.270630,1.790885,0.840222,0.014587,-0.000772,0.924476,-0.380960,-0.217976,0.091452,0.226112,-0.017450,-0.199318,0.005873,0.167553,-0.082373,0.056028,0.326150,-0.484158,-0.042658,0.229587,-0.009840,0.489637,0.285510,-0.281643,1.138759,1.569878,0.000000,0.000000,0.115197,-0.326174,0.376783,0.672883,0.018119,0.000000,0.000000
-1.277948,1.780225,0.838717,0.015055,-0.000396,0.926366,-0.376324,-0.220935,0.096565,0.223897,-0.017450,-0.204686,0.006845,0.173886,-0.086189,0.062946,0.339456,-0.485261,-0.045153,0.233197,-0.009949,0.492116,0.283296,-0.281680,1.147223,1.569839,0.000000,0.000000,0.110869,-0.327719,0.378090,0.668631,0.032241,0.000000,0.000000
-1.285513,1.769826,0.837388,0.015004,-0.000179,0.927963,-0.372369,-0.224403,0.101269,0.220341,-0.017450,-0.207505,0.007841,0.179473,-0.087749,0.070147,0.351410,-0.477251,-0.047344,0.238837,-0.010150,0.491085,0.280842,-0.281753,1.157249,1.569812,0.000000,0.000000,0.107023,-0.330804,0.379797,0.667386,0.033860,0.000000,0.000000
-1.291156,1.757071,0.836732,0.015476,-0.000261,0.929097,-0.369511,-0.226368,0.101686,0.218993,-0.017450,-0.209762,0.007996,0.184490,-0.094842,0.073218,0.361784,-0.482398,-0.050120,0.244822,-0.010370,0.491730,0.276386,-0.274745,1.164249,1.569794,0.000000,0.000000,0.104823,-0.333644,0.380740,0.667026,0.026469,0.000000,0.000000
-1.297895,1.745406,0.835650,0.015782,0.000160,0.930121,-0.366913,-0.228313,0.103363,0.215248,-0.017450,-0.216307,0.008531,0.190795,-0.100980,0.078731,0.374849,-0.486846,-0.053089,0.248521,-0.010440,0.493351,0.270588,-0.267911,1.173568,1.569753,0.000000,0.000000,0.102850,-0.336603,0.381116,0.667616,0.020280,0.000000,0.000000
-1.305431,1.735355,0.833915,0.015829,0.000489,0.931081,-0.364470,-0.231938,0.108340,0.207057,-0.017450,-0.226621,0.009971,0.196028,-0.102031,0.085059,0.392818,-0.472487,-0.055353,0.249546,-0.010339,0.493575,0.265382,-0.263927,1.185417,1.569709,0.000000,0.000000,0.101105,-0.337227,0.380284,0.668890,0.026014,0.000000,0.000000
-1.311787,1.723905,0.833231,0.016034,0.000124,0.931446,-0.363525,-0.234776,0.110080,0.201716,-0.017450,-0.226600,0.010677,0.198655,-0.103464,0.088364,0.408978,-0.463576,-0.057021,0.249757,-0.010285,0.493105,0.263332,-0.263554,1.192779,1.569694,0.000000,0.000000,0.100643,-0.336772,0.377567,0.670330,0.032156,0.000000,0.000000
-1.318027,1.712399,0.832979,0.016213,-0.000324,0.931479,-0.363435,-0.238166,0.110917,0.194680,-0.017450,-0.211371,0.011340,0.200845,-0.104148,0.090802,0.431835,-0.449070,-0.058616,0.250611,-0.010296,0.491054,0.261512,-0.265606,1.199901,1.569668,0.000000,0.000000,0.101000,-0.337203,0.373795,0.673498,0.034475,0.000000,0.000000
-1.323892,1.700637,0.834588,0.016526,-0.000607,0.931197,-0.364140,-0.241796,0.110889,0.187761,-0.005229,-0.186588,0.011719,0.202397,-0.104892,0.093127,0.459550,-0.430466,-0.060469,0.250847,-0.010270,0.488341,0.258471,-0.267957,1.205997,1.569646,0.000000,0.000000,0.102177,-0.337693,0.368834,0.678468,0.035018,0.000000,0.000000
-1.329593,1.688651,0.837764,0.016648,-0.000468,0.930676,-0.365464,-0.244950,0.110948,0.179105,0.021009,-0.166413,0.012239,0.202704,-0.106645,0.094903,0.488218,-0.410413,-0.062525,0.249665,-0.010133,0.485432,0.255349,-0.270420,1.211813,1.569627,0.000000,0.000000,0.104015,-0.337401,0.360907,0.684609,0.035927,0.000000,0.000000
-1.335264,1.676442,0.841014,0.016978,-0.000143,0.929818,-0.367628,-0.247103,0.110846,0.167290,0.051323,-0.154172,0.013164,0.201995,-0.107113,0.096547,0.517814,-0.390414,-0.064057,0.245906,-0.009966,0.480187,0.252958,-0.281016,1.224849,1.569603,0.000000,0.000000,0.105987,-0.335968,0.351796,0.694652,0.027795,0.000000,0.000000
-1.340454,1.663491,0.844352,0.018121,0.000757,0.928914,-0.369850,-0.247935,0.108236,0.157898,0.087619,-0.147184,0.013379,0.200182,-0.109744,0.093506,0.555206,-0.362157,-0.065537,0.240867,-0.009686,0.473344,0.247103,-0.285060,1.239920,1.569595,0.000000,0.000000,0.109960,-0.330655,0.334436,0.709480,0.002151,0.000000,0.000000
-1.345839,1.650564,0.847376,0.019231,0.001839,0.928436,-0.370990,-0.247594,0.104032,0.154644,0.124229,-0.144183,0.012661,0.196737,-0.112435,0.089446,0.595876,-0.319920,-0.066807,0.235293,-0.009331,0.468723,0.238852,-0.285847,1.251067,1.569569,0.000000,0.000000,0.115964,-0.324464,0.319138,0.721411,-0.021965,0.000000,0.000000
-1.351345,1.637328,0.849889,0.020134,0.003087,0.927867,-0.372355,-0.246051,0.098411,0.154871,0.157875,-0.142987,0.011306,0.192396,-0.115875,0.083006,0.635267,-0.271289,-0.067591,0.231873,-0.009077,0.465501,0.232989,-0.289933,1.264644,1.569532,0.000000,0.000000,0.124909,-0.320415,0.307907,0.732967,-0.037173,0.000000,0.000000
-1.356705,1.623784,0.851884,0.021088,0.004577,0.926414,-0.375887,-0.242991,0.091129,0.153792,0.187278,-0.142997,0.009840,0.187982,-0.120578,0.071064,0.674060,-0.220441,-0.067366,0.230482,-0.008881,0.458465,0.230615,-0.298451,1.267323,1.569506,0.000000,0.000000,0.135157,-0.317769,0.297233,0.746327,-0.046192,0.000000,0.000000
-1.362036,1.610445,0.853490,0.022449,0.005980,0.924592,-0.380251,-0.237918,0.083776,0.150094,0.212733,-0.147612,0.008757,0.182847,-0.125226,0.056150,0.714411,-0.164738,-0.066120,0.226372,-0.008550,0.449852,0.229111,-0.307737,1.267234,1.569504,0.000000,0.000000,0.145433,-0.312990,0.284021,0.761236,-0.039544,0.000000,0.000000
-1.367491,1.597260,0.854858,0.023980,0.006915,0.922907,-0.384213,-0.231015,0.077783,0.144449,0.233604,-0.158441,0.008287,0.176327,-0.128819,0.043378,0.754337,-0.111496,-0.064502,0.217547,-0.008056,0.445315,0.227183,-0.318073,1.267101,1.569490,0.000000,0.000000,0.154452,-0.303509,0.269849,0.774896,-0.010874,0.000000,0.000000
-1.372701,1.584062,0.856025,0.025820,0.007688,0.921114,-0.388359,-0.222881,0.072231,0.136386,0.251866,-0.171062,0.008298,0.168858,-0.131747,0.032432,0.794351,-0.064200,-0.062677,0.208225,-0.007745,0.441583,0.226806,-0.324367,1.266181,1.569488,0.000000,0.000000,0.162644,-0.298906,0.262053,0.785993,0.001587,0.000000,0.000000
-1.377687,1.570922,0.856980,0.027831,0.008667,0.919341,-0.392380,-0.213602,0.066495,0.126612,0.268745,-0.183703,0.008542,0.160471,-0.135367,0.021844,0.835553,-0.017726,-0.060785,0.197286,-0.007361,0.437924,0.225872,-0.327999,1.264101,1.569502,0.000000,0.000000,0.171348,-0.295655,0.258994,0.798183,0.006369,0.000000,0.000000
-1.382717,1.557822,0.857766,0.029919,0.009901,0.917645,-0.396150,-0.203069,0.060691,0.118561,0.284876,-0.195086,0.008511,0.151459,-0.140460,0.010778,0.877121,0.029686,-0.058837,0.183462,-0.006876,0.435868,0.226059,-0.337960,1.259532,1.569495,0.000000,0.000000,0.179652,-0.291307,0.259277,0.811696,0.011319,0.000000,0.000000
-1.387670,1.544563,0.858367,0.031963,0.011256,0.915986,-0.399777,-0.191939,0.054643,0.111484,0.299233,-0.205833,0.008294,0.142480,-0.146841,-0.001037,0.916331,0.075059,-0.056907,0.170176,-0.006455,0.432462,0.229491,-0.351169,1.252950,1.569509,0.000000,0.000000,0.186152,-0.289215,0.262676,0.825656,0.005075,0.000000,0.000000
-1.392520,1.530992,0.858759,0.034010,0.012719,0.914491,-0.402975,-0.180887,0.047960,0.104581,0.310930,-0.217213,0.007907,0.134080,-0.152194,-0.010414,0.949749,0.096378,-0.055499,0.159325,-0.006087,0.428303,0.228427,-0.346420,1.242336,1.569538,0.000000,0.000000,0.192379,-0.287688,0.266434,0.837141,0.003086,0.000000,0.000000
-1.397513,1.517613,0.859085,0.036067,0.014131,0.912890,-0.406364,-0.168847,0.040956,0.096509,0.321894,-0.229762,0.007649,0.125606,-0.156275,-0.020397,0.981762,0.104125,-0.053909,0.146021,-0.005594,0.424650,0.228363,-0.348011,1.234682,1.569549,0.000000,0.000000,0.199766,-0.285963,0.269190,0.846946,0.003352,0.000000,0.000000
-1.402498,1.504290,0.859384,0.037831,0.015337,0.910918,-0.410562,-0.156830,0.033943,0.087144,0.330447,-0.240794,0.007588,0.117563,-0.158821,-0.031207,1.008838,0.093823,-0.052300,0.132358,-0.005107,0.418963,0.227689,-0.352353,1.228348,1.569549,0.000000,0.000000,0.207662,-0.283986,0.267546,0.855366,0.003676,0.000000,0.000000
-1.408148,1.491626,0.859706,0.039229,0.016277,0.909052,-0.414512,-0.144185,0.027891,0.078245,0.336689,-0.251401,0.007658,0.108288,-0.157639,-0.039177,1.031334,0.067748,-0.050618,0.117546,-0.004626,0.410990,0.227611,-0.357683,1.221681,1.569566,0.000000,0.000000,0.214542,-0.283208,0.268191,0.864079,-0.001613,0.000000,0.000000
-1.413809,1.479026,0.860057,0.041134,0.017053,0.907399,-0.417905,-0.130427,0.022823,0.070088,0.340542,-0.262267,0.007822,0.098237,-0.154184,-0.042146,1.047874,0.050448,-0.049187,0.104235,-0.004122,0.402000,0.228262,-0.364101,1.217852,1.569594,0.000000,0.000000,0.221494,-0.281993,0.270886,0.873937,-0.006256,0.000000,0.000000
-1.419831,1.466456,0.860548,0.042933,0.017306,0.905658,-0.421475,-0.115690,0.018603,0.060998,0.341812,-0.273740,0.008325,0.087780,-0.148085,-0.044224,1.058940,0.029053,-0.047322,0.092697,-0.003646,0.391451,0.230002,-0.371845,1.213040,1.569643,0.000000,0.000000,0.230353,-0.279540,0.272179,0.882133,-0.007321,0.000000,0.000000
-1.426206,1.454291,0.860977,0.044784,0.017605,0.903716,-0.425420,-0.100763,0.015355,0.052309,0.342202,-0.283470,0.008973,0.077712,-0.140331,-0.046881,1.065837,0.003483,-0.045023,0.081098,-0.003218,0.381544,0.237619,-0.391544,1.200498,1.569691,0.000000,0.000000,0.239667,-0.277905,0.272545,0.889032,-0.007782,0.000000,0.000000
-1.432756,1.442286,0.861358,0.046597,0.017800,0.901606,-0.429673,-0.085897,0.012965,0.045187,0.342103,-0.291488,0.009554,0.067945,-0.131705,-0.050001,1.068541,-0.025099,-0.042456,0.069896,-0.002815,0.370301,0.247370,-0.407407,1.186231,1.569798,0.000000,0.000000,0.249519,-0.277769,0.271323,0.895165,-0.014989,0.000000,0.000000
-1.439358,1.430344,0.861745,0.048369,0.017818,0.899673,-0.433510,-0.071139,0.011283,0.039144,0.340777,-0.297790,0.010121,0.058232,-0.122697,-0.052093,1.067368,-0.056442,-0.039921,0.059006,-0.002406,0.356798,0.257996,-0.419692,1.175281,1.569930,0.000000,0.000000,0.259251,-0.277598,0.269700,0.900805,-0.019651,0.000000,0.000000
-1.445876,1.418476,0.862170,0.050046,0.017564,0.897748,-0.437304,-0.056311,0.010589,0.034113,0.338195,-0.302474,0.010762,0.048429,-0.113680,-0.055424,1.062492,-0.084435,-0.037037,0.048251,-0.002001,0.341947,0.266205,-0.423593,1.168035,1.570079,0.000000,0.000000,0.269477,-0.275639,0.264392,0.906561,-0.018444,0.000000,0.000000
-1.452391,1.406832,0.862591,0.051640,0.017284,0.896117,-0.440464,-0.041338,0.010459,0.029038,0.334296,-0.305296,0.011542,0.038378,-0.104367,-0.059287,1.053433,-0.105816,-0.033792,0.037437,-0.001617,0.328722,0.269170,-0.416545,1.161966,1.570212,0.000000,0.000000,0.279398,-0.272277,0.257747,0.912658,-0.016479,0.000000,0.000000
-1.458693,1.395421,0.862969,0.053416,0.017128,0.894617,-0.443298,-0.026273,0.010161,0.023645,0.329681,-0.307846,0.012336,0.028428,-0.096065,-0.065835,1.040843,-0.123861,-0.030194,0.027300,-0.001258,0.315999,0.271589,-0.412570,1.154139,1.570303,0.000000,0.000000,0.288890,-0.270038,0.255059,0.919687,-0.015035,0.000000,0.000000
-1.464896,1.384199,0.863306,0.054757,0.016889,0.892944,-0.446507,-0.011774,0.009591,0.018134,0.324288,-0.308456,0.013092,0.018164,-0.090022,-0.076080,1.025143,-0.142297,-0.026439,0.017018,-0.000875,0.301946,0.276754,-0.416591,1.143815,1.570421,0.000000,0.000000,0.297285,-0.268319,0.251757,0.926698,-0.015584,0.000000,0.000000
-1.471521,1.373671,0.863746,0.054714,0.015851,0.890899,-0.450614,0.001041,0.010308,0.011714,0.316466,-0.307637,0.014308,0.006133,-0.082758,-0.086986,1.004288,-0.160405,-0.022030,0.004496,-0.000393,0.285449,0.283671,-0.419372,1.134397,1.570569,0.000000,0.000000,0.304797,-0.265465,0.243358,0.931066,-0.014496,0.000000,0.000000
-1.477941,1.363836,0.864227,0.054544,0.014491,0.888354,-0.455678,0.012189,0.012476,0.004819,0.308386,-0.306341,0.015951,-0.006459,-0.072946,-0.097103,0.978446,-0.177470,-0.016888,-0.008042,0.000066,0.267037,0.290182,-0.424300,1.126114,1.570734,0.000000,0.000000,0.312378,-0.261292,0.233709,0.935857,-0.012843,0.000000,0.000000
-1.483444,1.353750,0.864314,0.054206,0.013992,0.886406,-0.459510,0.022546,0.012298,0.002525,0.302338,-0.307386,0.016276,-0.018728,-0.064624,-0.102533,0.949418,-0.194693,-0.013115,-0.018947,0.000440,0.248987,0.295979,-0.426451,1.115474,1.570800,0.000000,0.000000,0.319067,-0.259384,0.226299,0.942128,-0.011355,0.000000,0.000000
-1.488441,1.343565,0.864067,0.053617,0.014124,0.885226,-0.461844,0.032406,0.010093,0.002664,0.297894,-0.309154,0.015716,-0.030972,-0.058360,-0.099182,0.918627,-0.210244,-0.011786,-0.028100,0.000809,0.233243,0.300921,-0.426790,1.102786,1.570800,0.000000,0.000000,0.324736,-0.259822,0.222749,0.949068,-0.010670,0.000000,0.000000
-1.493836,1.334133,0.863909,0.052752,0.013425,0.883424,-0.465402,0.041103,0.009613,-0.001186,0.293248,-0.312830,0.016211,-0.043620,-0.052074,-0.105628,0.883009,-0.224623,-0.008410,-0.038355,0.001271,0.215710,0.308284,-0.432481,1.090718,1.570800,0.000000,0.000000,0.329997,-0.257588,0.217253,0.956958,-0.013296,0.000000,0.000000
-1.499866,1.325362,0.863708,0.052291,0.012779,0.881229,-0.469614,0.049328,0.011065,-0.005537,0.289997,-0.315685,0.017272,-0.055806,-0.043212,-0.108947,0.844266,-0.230268,-0.004963,-0.048465,0.001677,0.197225,0.314647,-0.438533,1.080135,1.570800,0.000000,0.000000,0.335379,-0.255508,0.210802,0.964760,-0.013331,0.000000,0.000000
-1.506708,1.316830,0.863444,0.051537,0.012113,0.879319,-0.473282,0.057560,0.013470,-0.008422,0.286154,-0.318669,0.018336,-0.067977,-0.029951,-0.102037,0.799116,-0.229590,-0.002436,-0.058314,0.002041,0.178996,0.318420,-0.438909,1.069969,1.570800,0.000000,0.000000,0.340283,-0.254595,0.204644,0.971324,-0.012923,0.000000,0.000000
-1.510798,1.306384,0.862942,0.049447,0.011439,0.877598,-0.476702,0.064795,0.010917,-0.008847,0.281073,-0.322735,0.017740,-0.079418,-0.029816,-0.127551,0.753053,-0.247945,0.002717,-0.066706,0.002411,0.159105,0.322357,-0.440060,1.059019,1.570800,0.000000,0.000000,0.343983,-0.253723,0.195895,0.977292,-0.019742,0.000000,0.000000
-1.516556,1.297316,0.862469,0.047803,0.010876,0.875088,-0.481474,0.071602,0.010644,-0.012481,0.276796,-0.326780,0.018234,-0.089966,-0.023802,-0.140936,0.704691,-0.248744,0.006973,-0.077275,0.002856,0.139303,0.327858,-0.446433,1.048693,1.570800,0.000000,0.000000,0.347332,-0.252285,0.189711,0.984675,-0.023736,0.000000,0.000000
-1.522590,1.288391,0.861858,0.046034,0.010317,0.872715,-0.485946,0.078722,0.011514,-0.015799,0.272850,-0.329748,0.018970,-0.099957,-0.017495,-0.149122,0.652305,-0.246263,0.010009,-0.087325,0.003295,0.119009,0.333083,-0.453462,1.037672,1.570800,0.000000,0.000000,0.350331,-0.249650,0.182658,0.992536,-0.021938,0.000000,0.000000
-1.528690,1.279186,0.861094,0.044082,0.009833,0.870577,-0.489954,0.086128,0.012538,-0.017926,0.268897,-0.332175,0.019570,-0.109190,-0.012247,-0.153323,0.598511,-0.241271,0.011767,-0.096331,0.003693,0.099631,0.337901,-0.458053,1.024078,1.570800,0.000000,0.000000,0.353329,-0.247785,0.174649,0.998693,-0.015890,0.000000,0.000000
-1.534373,1.269411,0.860272,0.041928,0.009370,0.868705,-0.493463,0.093930,0.011681,-0.023463,0.263586,-0.335813,0.020204,-0.118136,-0.008705,-0.157209,0.540315,-0.238866,0.012731,-0.104488,0.004042,0.080178,0.341516,-0.461672,1.009980,1.570800,0.000000,0.000000,0.355695,-0.247476,0.168285,1.005224,-0.010954,0.000000,0.000000
-1.540501,1.259702,0.859286,0.039847,0.008770,0.866233,-0.497971,0.101632,0.012427,-0.027214,0.259654,-0.338928,0.020992,-0.125620,-0.004977,-0.164994,0.479573,-0.239950,0.014202,-0.113694,0.004477,0.059909,0.346427,-0.469579,0.997487,1.570800,0.000000,0.000000,0.358007,-0.246139,0.159547,1.011660,-0.009938,0.000000,0.000000
-1.547135,1.250083,0.858181,0.037654,0.008153,0.864105,-0.501835,0.109597,0.013950,-0.029930,0.255334,-0.343803,0.021795,-0.132068,-0.000387,-0.173478,0.416083,-0.237091,0.015728,-0.121516,0.004870,0.038312,0.352660,-0.479879,0.985433,1.570800,0.000000,0.000000,0.361754,-0.244122,0.151294,1.016403,-0.010799,0.000000,0.000000
-1.553823,1.240395,0.857425,0.035110,0.007450,0.862635,-0.504551,0.117558,0.014739,-0.032989,0.250180,-0.347234,0.022461,-0.138264,0.004167,-0.178816,0.351452,-0.230883,0.016461,-0.126683,0.005108,0.016389,0.356628,-0.486404,0.975353,1.570800,0.000000,0.000000,0.364660,-0.243978,0.147731,1.019148,-0.006918,0.000000,0.000000
-1.560418,1.230792,0.859964,0.032606,0.007201,0.861256,-0.507074,0.125429,0.014764,-0.035056,0.246088,-0.352990,0.022768,-0.144584,0.007956,-0.183346,0.286053,-0.221214,0.016651,-0.132011,0.005354,-0.005986,0.357712,-0.489284,0.967319,1.570800,0.000000,0.000000,0.366012,-0.245125,0.144312,1.023944,-0.007555,0.000000,0.000000
-1.566257,1.221924,0.860661,0.030290,0.007874,0.859101,-0.510848,0.129736,0.013778,-0.038055,0.251668,-0.364719,0.022950,-0.151367,0.009245,-0.190678,0.224841,-0.207025,0.016695,-0.138536,0.005662,-0.026640,0.357063,-0.492203,0.957794,1.570800,0.000000,0.000000,0.367780,-0.246083,0.137652,1.031068,-0.014809,0.000000,0.000000
-1.571897,1.212628,0.859592,0.027614,0.008197,0.856736,-0.514950,0.133307,0.012681,-0.041384,0.258540,-0.375276,0.023180,-0.158080,0.008670,-0.195210,0.158979,-0.192148,0.015656,-0.144091,0.006016,-0.048613,0.358452,-0.500461,0.946042,1.570800,0.000000,0.000000,0.369852,-0.247417,0.131031,1.037917,-0.022995,0.000000,0.000000
-1.577817,1.203052,0.856880,0.024952,0.008824,0.854754,-0.518358,0.137088,0.011109,-0.044920,0.266260,-0.386143,0.023334,-0.163823,0.007654,-0.200708,0.095692,-0.177845,0.014652,-0.150341,0.006392,-0.069701,0.360806,-0.510206,0.935259,1.570800,0.000000,0.000000,0.371112,-0.249083,0.126661,1.044253,-0.026865,0.000000,0.000000
-1.583727,1.193027,0.852400,0.022340,0.009301,0.852914,-0.521490,0.141275,0.009747,-0.044346,0.274743,-0.399060,0.022913,-0.169305,0.006925,-0.210014,0.031826,-0.163221,0.014065,-0.156014,0.006730,-0.090635,0.362501,-0.518818,0.924761,1.570800,0.000000,0.000000,0.372606,-0.249501,0.120489,1.049301,-0.025721,0.000000,0.000000
-1.590208,1.183067,0.848000,0.019826,0.009919,0.850926,-0.524818,0.145022,0.009193,-0.044847,0.282316,-0.411442,0.022842,-0.173310,0.005223,-0.212009,-0.017450,-0.152368,0.012627,-0.160272,0.006975,-0.107662,0.364926,-0.525577,0.913559,1.570800,0.000000,0.000000,0.374223,-0.250263,0.113946,1.053309,-0.025461,0.000000,0.000000
-1.596750,1.173049,0.848248,0.017754,0.010540,0.849075,-0.527869,0.149391,0.009001,-0.045591,0.291132,-0.423813,0.022908,-0.177479,0.001986,-0.210062,-0.017450,-0.143989,0.010984,-0.163814,0.007147,-0.123701,0.366823,-0.530753,0.901678,1.570800,0.000000,0.000000,0.375696,-0.251772,0.106771,1.058152,-0.029469,0.000000,0.000000
-1.602900,1.162933,0.847947,0.016384,0.010842,0.847365,-0.530647,0.154922,0.009522,-0.044400,0.302259,-0.437925,0.022877,-0.182569,-0.002077,-0.207935,-0.017450,-0.138008,0.009519,-0.167085,0.007366,-0.140321,0.368254,-0.536076,0.890179,1.570800,0.000000,0.000000,0.378071,-0.252726,0.098995,1.063096,-0.035482,0.000000,0.000000
-1.609058,1.152895,0.847435,0.014870,0.011672,0.846226,-0.532489,0.160985,0.009041,-0.043927,0.314626,-0.451088,0.022696,-0.188633,-0.006347,-0.207441,-0.017450,-0.134885,0.008286,-0.169770,0.007635,-0.157884,0.370890,-0.542928,0.878274,1.570800,0.000000,0.000000,0.384505,-0.253222,0.085359,1.061893,-0.042460,0.000000,0.000000
-1.615853,1.142771,0.846951,0.013004,0.012547,0.845388,-0.533846,0.166750,0.008666,-0.043093,0.326434,-0.462109,0.022516,-0.195103,-0.008344,-0.210194,-0.017450,-0.134076,0.007793,-0.170795,0.007759,-0.172869,0.374519,-0.548482,0.865530,1.570800,0.000000,0.000000,0.398947,-0.253047,0.062339,1.046280,-0.047416,0.000000,0.000000
-1.622521,1.132631,0.845556,0.013955,0.012924,0.844923,-0.534549,0.173436,0.010738,-0.039538,0.339757,-0.472687,0.022582,-0.199640,-0.005514,-0.216717,-0.017450,-0.133923,0.008587,-0.173161,0.007913,-0.184017,0.374132,-0.549009,0.860055,1.570800,0.000000,0.000000,0.395382,-0.254658,0.074725,1.068623,-0.059515,0.000000,0.000000
-1.629407,1.121654,0.844698,0.013157,0.013462,0.843638,-0.536583,0.180563,0.012801,-0.035731,0.354033,-0.482049,0.022589,-0.204815,-0.004202,-0.227538,-0.017450,-0.138696,0.009449,-0.178005,0.008139,-0.194049,0.374947,-0.546073,0.850244,1.570800,0.000000,0.000000,0.392698,-0.254784,0.071439,1.085182,-0.073299,0.000000,0.000000
-1.637007,1.110529,0.844293,0.010853,0.014641,0.841898,-0.539329,0.186675,0.013571,-0.036193,0.366634,-0.486681,0.022960,-0.210408,-0.005807,-0.237070,-0.017450,-0.148465,0.009580,-0.180056,0.008296,-0.204876,0.375761,-0.546126,0.837170,1.570800,0.000000,0.000000,0.392924,-0.253246,0.056315,1.093478,-0.077103,0.000000,0.000000
-1.644870,1.099462,0.843635,0.009786,0.015338,0.840518,-0.541478,0.192621,0.014623,-0.040301,0.378900,-0.489039,0.024037,-0.215050,-0.006181,-0.239915,-0.017450,-0.152572,0.009475,-0.181367,0.008373,-0.214880,0.376333,-0.547655,0.825578,1.570800,0.000000,0.000000,0.393753,-0.253351,0.048498,1.100548,-0.082059,0.000000,0.000000
-1.650956,1.087779,0.842544,0.009558,0.015369,0.839325,-0.543328,0.199041,0.015020,-0.044853,0.392385,-0.489630,0.025092,-0.218836,-0.011671,-0.239236,-0.017450,-0.167422,0.007989,-0.182841,0.008535,-0.222193,0.376867,-0.550150,0.815802,1.570800,0.000000,0.000000,0.396527,-0.252994,0.046468,1.106873,-0.086687,0.000000,0.000000
-1.657239,1.075646,0.841468,0.009601,0.015096,0.837543,-0.546079,0.205213,0.016708,-0.050782,0.405258,-0.488218,0.026756,-0.222100,-0.017195,-0.238841,-0.017450,-0.179438,0.006656,-0.185212,0.008654,-0.226611,0.377913,-0.553139,0.810088,1.570800,0.000000,0.000000,0.401035,-0.254144,0.045180,1.110248,-0.096005,0.000000,0.000000
-1.663390,1.063552,0.839208,0.012428,0.013836,0.836013,-0.548395,0.212627,0.021749,-0.053203,0.420549,-0.485196,0.028857,-0.225038,-0.018762,-0.236448,-0.017450,-0.186617,0.006031,-0.198752,0.009007,-0.225211,0.380906,-0.541210,0.810752,1.569885,0.000000,0.000000,0.402422,-0.254580,0.049604,1.116923,-0.097877,0.000000,0.000000
-1.671144,1.051366,0.838565,0.010787,0.015428,0.833385,-0.552373,0.218704,0.022522,-0.064296,0.433868,-0.478647,0.031231,-0.229501,-0.024951,-0.239188,-0.017450,-0.196175,0.005050,-0.202142,0.009093,-0.227782,0.381673,-0.541508,0.799174,1.570632,0.000000,0.000000,0.403751,-0.251927,0.035698,1.124459,-0.091104,0.000000,0.000000
-1.678542,1.039026,0.837156,0.011228,0.016262,0.832374,-0.553862,0.225323,0.022634,-0.072949,0.448156,-0.469126,0.033121,-0.233077,-0.028469,-0.239820,-0.017450,-0.203867,0.004452,-0.203625,0.009184,-0.227274,0.380925,-0.541155,0.793769,1.564878,0.000000,0.000000,0.405926,-0.250382,0.029683,1.130957,-0.079858,0.000000,0.000000
-1.685972,1.026484,0.835838,0.012063,0.016747,0.831954,-0.554461,0.231857,0.022414,-0.078103,0.461927,-0.458418,0.034325,-0.235982,-0.030180,-0.240139,-0.017450,-0.207408,0.004229,-0.205808,0.009226,-0.224453,0.381031,-0.535272,0.792425,1.563756,0.000000,0.000000,0.406070,-0.247924,0.021189,1.138434,-0.074639,0.000000,0.000000
-1.693692,1.013855,0.835135,0.012663,0.017037,0.832049,-0.554296,0.236621,0.021804,-0.082547,0.474940,-0.449399,0.035208,-0.238217,-0.030657,-0.241175,-0.017450,-0.200120,0.004483,-0.206011,0.009211,-0.221955,0.380366,-0.531288,0.791204,1.565031,0.000000,0.000000,0.407280,-0.246981,0.018862,1.143723,-0.074056,0.000000,0.000000
-1.700997,1.001604,0.834616,0.013415,0.017641,0.832032,-0.554285,0.241149,0.020432,-0.087624,0.499991,-0.435375,0.036156,-0.241064,-0.032227,-0.243264,-0.017450,-0.175125,0.005243,-0.205809,0.009231,-0.218027,0.379258,-0.527814,0.789415,1.565934,0.000000,0.000000,0.409219,-0.246276,0.023186,1.152217,-0.066346,0.000000,0.000000
-1.707409,0.989710,0.834846,0.016560,0.017212,0.832362,-0.553717,0.243968,0.021001,-0.086973,0.535429,-0.418755,0.036794,-0.242981,-0.034282,-0.241391,-0.005562,-0.143027,0.006117,-0.210856,0.009369,-0.211128,0.380551,-0.520828,0.791755,1.562141,0.000000,0.000000,0.409801,-0.247374,0.039576,1.164343,-0.050643,0.000000,0.000000
-1.715199,0.978079,0.838955,0.016864,0.018921,0.831852,-0.554418,0.242988,0.019190,-0.090654,0.572206,-0.400708,0.037344,-0.245194,-0.040855,-0.238155,0.030182,-0.125218,0.006174,-0.210651,0.009309,-0.203046,0.379168,-0.518004,0.792056,1.561941,0.000000,0.000000,0.408712,-0.245891,0.034174,1.174305,-0.039038,0.000000,0.000000
-1.723507,0.966749,0.842735,0.018607,0.019916,0.831990,-0.554120,0.240352,0.018073,-0.094320,0.613227,-0.378566,0.038095,-0.246258,-0.046530,-0.225714,0.072603,-0.115132,0.005186,-0.208260,0.009234,-0.193491,0.375988,-0.516475,0.794298,1.564389,0.000000,0.000000,0.409830,-0.246780,0.030707,1.174025,-0.034575,0.000000,0.000000
-1.732059,0.955401,0.845791,0.020536,0.020741,0.832436,-0.553352,0.236755,0.017983,-0.093243,0.654445,-0.350508,0.038217,-0.245996,-0.050582,-0.207883,0.112777,-0.112146,0.003411,-0.205597,0.009155,-0.182569,0.371640,-0.512948,0.795832,1.568629,0.000000,0.000000,0.412736,-0.243485,0.034736,1.183417,-0.032871,0.000000,0.000000
-1.740687,0.943798,0.847736,0.024781,0.020258,0.834406,-0.550221,0.234024,0.021177,-0.084342,0.697610,-0.315070,0.037817,-0.243682,-0.048431,-0.188178,0.153084,-0.111282,0.002356,-0.207577,0.009161,-0.168126,0.366701,-0.501699,0.806003,1.570252,0.000000,0.000000,0.412124,-0.241866,0.053058,1.196195,-0.029024,0.000000,0.000000
-1.749443,0.931518,0.850435,0.024932,0.022443,0.835731,-0.548113,0.229095,0.018341,-0.078007,0.736324,-0.272346,0.035719,-0.241771,-0.050310,-0.178987,0.188905,-0.114815,0.001527,-0.201298,0.008882,-0.155840,0.361858,-0.493324,0.810478,1.570800,0.000000,0.000000,0.410046,-0.239340,0.051544,1.207356,-0.025184,0.000000,0.000000
-1.757198,0.919486,0.851960,0.027269,0.024004,0.838108,-0.544293,0.223430,0.015403,-0.066991,0.779289,-0.220840,0.032513,-0.238071,-0.050800,-0.168875,0.224100,-0.121554,0.000624,-0.195354,0.008662,-0.141250,0.356999,-0.484423,0.815399,1.570800,0.000000,0.000000,0.407516,-0.240035,0.057318,1.216435,-0.026972,0.000000,0.000000
-1.765331,0.907896,0.853141,0.029400,0.025577,0.840438,-0.540505,0.216367,0.014817,-0.054224,0.821045,-0.167420,0.029573,-0.232750,-0.050224,-0.159569,0.254080,-0.132808,-0.000194,-0.190981,0.008532,-0.125243,0.354855,-0.478272,0.821842,1.570800,0.000000,0.000000,0.402911,-0.243542,0.061410,1.221604,-0.029052,0.000000,0.000000
-1.773591,0.896541,0.854204,0.031008,0.027194,0.842336,-0.537373,0.207851,0.015605,-0.042358,0.859948,-0.118629,0.027172,-0.225843,-0.049783,-0.152291,0.279062,-0.148226,-0.000937,-0.184141,0.008258,-0.108490,0.349445,-0.470705,0.832903,1.570800,0.000000,0.000000,0.397784,-0.247270,0.062951,1.225765,-0.023268,0.000000,0.000000
-1.782087,0.885412,0.855200,0.032225,0.029078,0.843992,-0.534597,0.198370,0.017281,-0.031418,0.897654,-0.072093,0.025189,-0.217792,-0.050044,-0.146182,0.300607,-0.164142,-0.001789,-0.175209,0.007966,-0.092396,0.341831,-0.464772,0.843792,1.562061,0.000000,0.000000,0.394680,-0.248282,0.068521,1.229046,-0.014039,0.000000,0.000000
-1.790993,0.874436,0.856014,0.033673,0.031083,0.845469,-0.532054,0.188789,0.020027,-0.021559,0.934209,-0.034774,0.023769,-0.208529,-0.050055,-0.140728,0.319782,-0.178476,-0.002542,-0.166489,0.007657,-0.077704,0.335232,-0.463789,0.850336,1.553511,0.000000,0.000000,0.391766,-0.246996,0.072231,1.232972,-0.012726,0.000000,0.000000
-1.800096,0.863542,0.856682,0.035262,0.033125,0.846993,-0.529398,0.178915,0.021755,-0.014795,0.969484,-0.015253,0.022700,-0.198091,-0.049618,-0.134835,0.336573,-0.194637,-0.003317,-0.155461,0.007360,-0.064631,0.329805,-0.467862,0.853863,1.550593,0.000000,0.000000,0.390575,-0.245425,0.075030,1.233893,-0.012755,0.000000,0.000000
-1.809318,0.852986,0.857253,0.036842,0.034882,0.848153,-0.527316,0.168460,0.024285,-0.008266,1.002702,-0.012912,0.022054,-0.186687,-0.048315,-0.128839,0.350272,-0.210779,-0.003959,-0.142740,0.007016,-0.052653,0.324310,-0.475333,0.860579,1.552871,0.000000,0.000000,0.391749,-0.242061,0.077274,1.231294,-0.005104,0.000000,0.000000
-1.818720,0.842843,0.857757,0.038509,0.035959,0.848949,-0.525842,0.156858,0.030062,0.000833,1.034193,-0.024425,0.022069,-0.173887,-0.045281,-0.122892,0.360433,-0.225390,-0.004224,-0.130065,0.006641,-0.042081,0.317445,-0.483374,0.877326,1.558192,0.000000,0.000000,0.393397,-0.239808,0.078156,1.223363,0.002829,0.000000,0.000000
-1.827960,0.832917,0.858232,0.040204,0.036921,0.849850,-0.524191,0.144656,0.035734,0.009401,1.062596,-0.042738,0.022241,-0.160358,-0.041623,-0.117072,0.367478,-0.238204,-0.004355,-0.116843,0.006192,-0.032904,0.308909,-0.490762,0.899408,1.563104,0.000000,0.000000,0.393519,-0.234287,0.080736,1.216510,0.008222,0.000000,0.000000
-1.837290,0.823095,0.858715,0.041756,0.037879,0.851160,-0.521870,0.132349,0.041134,0.017830,1.086729,-0.063172,0.022402,-0.146583,-0.037900,-0.111347,0.372093,-0.249154,-0.004468,-0.102781,0.005698,-0.024019,0.303266,-0.499844,0.918013,1.569504,0.000000,0.000000,0.392296,-0.233131,0.084114,1.205885,0.011789,0.000000,0.000000
-1.846619,0.813159,0.859264,0.042953,0.039140,0.852913,-0.518809,0.120571,0.045354,0.026636,1.105195,-0.081808,0.022160,-0.132720,-0.034963,-0.105406,0.375250,-0.258394,-0.004799,-0.088541,0.005205,-0.014147,0.299820,-0.506589,0.933865,1.570800,0.000000,0.000000,0.390848,-0.229866,0.088663,1.198762,0.017053,0.000000,0.000000
-1.855557,0.802796,0.859864,0.043780,0.040357,0.854816,-0.515504,0.108819,0.047414,0.034480,1.118385,-0.100396,0.021450,-0.118229,-0.032577,-0.099577,0.376648,-0.268250,-0.005239,-0.075211,0.004635,-0.003004,0.296784,-0.508298,0.948295,1.570800,0.000000,0.000000,0.385185,-0.229090,0.090882,1.190610,0.011887,0.000000,0.000000
-1.863763,0.791935,0.860742,0.043604,0.042563,0.857493,-0.510874,0.097383,0.042933,0.039050,1.126279,-0.118141,0.019379,-0.104332,-0.033693,-0.094345,0.376165,-0.278888,-0.006419,-0.061099,0.004102,0.008863,0.293465,-0.510906,0.959868,1.570800,0.000000,0.000000,0.381738,-0.231063,0.100381,1.179595,0.015352,0.000000,0.000000
-1.872250,0.781108,0.861349,0.043993,0.044099,0.859506,-0.507316,0.086008,0.038343,0.041715,1.130240,-0.131483,0.017560,-0.090304,-0.033760,-0.088723,0.375427,-0.287208,-0.007383,-0.048617,0.003641,0.021027,0.290412,-0.514188,0.972555,1.570800,0.000000,0.000000,0.378351,-0.233112,0.107189,1.165857,0.019649,0.000000,0.000000
-1.881603,0.770625,0.861657,0.044932,0.044779,0.861093,-0.504476,0.074398,0.036990,0.045314,1.129579,-0.142667,0.016499,-0.075642,-0.031166,-0.084096,0.374406,-0.293837,-0.007541,-0.036908,0.003216,0.034114,0.288133,-0.517491,0.989546,1.570800,0.000000,0.000000,0.374925,-0.235082,0.111555,1.149754,0.022461,0.000000,0.000000
-1.891909,0.761016,0.861765,0.045820,0.044490,0.862085,-0.502724,0.062394,0.041311,0.052857,1.123611,-0.152639,0.016376,-0.061510,-0.025909,-0.082366,0.371634,-0.299937,-0.006580,-0.028000,0.002870,0.047038,0.287874,-0.520530,1.004885,1.570800,0.000000,0.000000,0.371200,-0.236596,0.116193,1.130084,0.023428,0.000000,0.000000
-1.903352,0.752691,0.861642,0.046707,0.042926,0.862426,-0.502193,0.049469,0.053472,0.066432,1.112800,-0.165336,0.017446,-0.047753,-0.016253,-0.084163,0.366474,-0.303024,-0.003973,-0.022251,0.002589,0.059124,0.287661,-0.522359,1.018859,1.570800,0.000000,0.000000,0.363944,-0.228301,0.121438,1.120224,0.027441,0.000000,0.000000
-1.913642,0.744269,0.861368,0.047473,0.040728,0.863692,-0.500124,0.035852,0.060521,0.073005,1.097663,-0.176442,0.018260,-0.035983,-0.006575,-0.085479,0.361512,-0.298374,-0.001411,-0.015111,0.002131,0.070317,0.287477,-0.518888,1.035154,1.570800,0.000000,0.000000,0.356670,-0.225162,0.126867,1.100989,0.030829,0.000000,0.000000
-1.923247,0.735699,0.861154,0.047769,0.038933,0.864778,-0.498359,0.021845,0.064184,0.075525,1.079535,-0.184349,0.018797,-0.025090,0.000822,-0.085297,0.356638,-0.289877,0.000402,-0.009999,0.001715,0.083170,0.287346,-0.514016,1.049797,1.570800,0.000000,0.000000,0.349611,-0.224995,0.132397,1.078963,0.033936,0.000000,0.000000
-1.931834,0.726819,0.860924,0.048040,0.037342,0.865893,-0.496514,0.007434,0.066679,0.080018,1.059460,-0.193216,0.018553,-0.013619,0.008303,-0.084298,0.350775,-0.283812,0.002147,-0.004316,0.001322,0.097240,0.289170,-0.508983,1.063632,1.570800,0.000000,0.000000,0.342603,-0.225523,0.136803,1.057308,0.026235,0.000000,0.000000
-1.938634,0.717727,0.860957,0.047627,0.036443,0.867075,-0.494555,-0.007599,0.065494,0.084228,1.038724,-0.206218,0.017196,-0.002137,0.015692,-0.078612,0.342244,-0.276904,0.003114,0.000684,0.000913,0.108978,0.289245,-0.501269,1.077704,1.570800,0.000000,0.000000,0.335075,-0.235574,0.139506,1.027960,0.006980,0.000000,0.000000
-1.941130,0.705856,0.862939,0.044935,0.044548,0.873566,-0.482575,-0.017164,0.038220,0.094765,1.011079,-0.219190,0.006571,0.010210,-0.007869,-0.056816,0.339568,-0.300684,-0.006525,0.026517,0.000018,0.126011,0.277261,-0.498493,1.089496,1.570800,0.000000,0.000000,0.327044,-0.256457,0.154082,1.010534,0.007352,0.000000,0.000000
-1.946148,0.695552,0.864113,0.043216,0.047731,0.879096,-0.472276,-0.026354,0.021689,0.106398,0.977020,-0.229550,-0.000947,0.020421,-0.021019,-0.049219,0.332602,-0.304262,-0.011063,0.052479,-0.000669,0.139582,0.269400,-0.495048,1.102845,1.570800,0.000000,0.000000,0.320350,-0.264669,0.156675,0.992524,0.008624,0.000000,0.000000
-1.953066,0.686524,0.864163,0.042710,0.047401,0.881467,-0.467915,-0.037305,0.015822,0.109021,0.940262,-0.241019,-0.003291,0.029456,-0.021732,-0.040329,0.327249,-0.301533,-0.012675,0.065207,-0.001057,0.151777,0.266702,-0.489330,1.116034,1.570761,0.000000,0.000000,0.312127,-0.269729,0.159518,0.972793,0.011456,0.000000,0.000000
-1.960192,0.677855,0.863942,0.042543,0.047002,0.883920,-0.463321,-0.048166,0.012494,0.108983,0.899099,-0.246025,-0.004266,0.038078,-0.021220,-0.034241,0.324155,-0.295876,-0.013579,0.074866,-0.001471,0.165605,0.264720,-0.483243,1.128160,1.570671,0.000000,0.000000,0.302976,-0.274538,0.167123,0.951226,0.014086,0.000000,0.000000
-1.967338,0.669176,0.863581,0.041526,0.046465,0.886703,-0.458121,-0.058601,0.010177,0.111703,0.853701,-0.245370,-0.005471,0.045983,-0.021868,-0.034430,0.321748,-0.294140,-0.013754,0.085056,-0.001926,0.181441,0.264252,-0.474676,1.134304,1.570584,0.000000,0.000000,0.293401,-0.279361,0.173487,0.928976,0.015482,0.000000,0.000000
-1.974694,0.660582,0.863226,0.040064,0.045796,0.889562,-0.452744,-0.068372,0.009020,0.120729,0.805409,-0.247312,-0.007559,0.053503,-0.021986,-0.027484,0.318331,-0.294013,-0.014946,0.096484,-0.002439,0.196335,0.265063,-0.468829,1.138845,1.570519,0.000000,0.000000,0.282872,-0.284447,0.177752,0.906100,0.018569,0.000000,0.000000
-1.982269,0.652414,0.862733,0.038829,0.044335,0.892582,-0.447017,-0.078258,0.009441,0.129046,0.754936,-0.249554,-0.008901,0.061416,-0.020291,-0.021697,0.313239,-0.293129,-0.015479,0.105701,-0.002874,0.208802,0.266368,-0.465216,1.147311,1.570459,0.000000,0.000000,0.271000,-0.289307,0.184658,0.882557,0.023177,0.000000,0.000000
-1.989877,0.643803,0.862310,0.037146,0.042737,0.895076,-0.442303,-0.088121,0.008949,0.131647,0.700656,-0.245502,-0.009241,0.069792,-0.018507,-0.013242,0.305677,-0.290304,-0.016434,0.115217,-0.003351,0.219211,0.265476,-0.455609,1.159204,1.570407,0.000000,0.000000,0.258912,-0.293442,0.186210,0.861327,0.025756,0.000000,0.000000
-1.997913,0.634898,0.861611,0.035256,0.040818,0.897175,-0.438370,-0.097024,0.009732,0.140051,0.641741,-0.248890,-0.010194,0.077355,-0.014221,0.006038,0.299542,-0.282506,-0.018540,0.123065,-0.003775,0.230810,0.262134,-0.437581,1.172302,1.570333,0.000000,0.000000,0.247439,-0.298098,0.187524,0.840651,0.026342,0.000000,0.000000
-2.005282,0.626404,0.860842,0.033940,0.038873,0.899868,-0.433099,-0.104807,0.010673,0.147825,0.580104,-0.256733,-0.010726,0.084785,-0.013040,0.002553,0.293896,-0.279957,-0.017726,0.132973,-0.004263,0.241665,0.257834,-0.423631,1.186897,1.570251,0.000000,0.000000,0.235286,-0.301497,0.190567,0.821561,0.031132,0.000000,0.000000
-2.012142,0.617507,0.859991,0.032573,0.037014,0.902289,-0.428304,-0.111449,0.010297,0.152056,0.516889,-0.263160,-0.010764,0.091958,-0.012680,0.004080,0.288973,-0.274384,-0.017927,0.140664,-0.004606,0.251721,0.256386,-0.418158,1.197028,1.570187,0.000000,0.000000,0.221836,-0.306027,0.198268,0.804853,0.034738,0.000000,0.000000
-2.019164,0.608001,0.858958,0.030984,0.035069,0.904575,-0.423738,-0.117072,0.010311,0.155227,0.451527,-0.260312,-0.010401,0.099868,-0.012885,0.013338,0.284035,-0.274654,-0.019528,0.147668,-0.005004,0.260739,0.257140,-0.416754,1.205341,1.570149,0.000000,0.000000,0.208530,-0.311312,0.205225,0.786871,0.037564,0.000000,0.000000
-2.026316,0.598296,0.857688,0.029160,0.033083,0.906803,-0.419242,-0.122071,0.010838,0.159648,0.384794,-0.252639,-0.010058,0.107727,-0.012826,0.024069,0.280001,-0.280664,-0.021268,0.154894,-0.005388,0.268514,0.258022,-0.411208,1.212853,1.570133,0.000000,0.000000,0.196076,-0.318119,0.209301,0.764900,0.043911,0.000000,0.000000
-2.033409,0.588973,0.857640,0.027327,0.031280,0.909011,-0.414697,-0.126877,0.011049,0.164770,0.316796,-0.247841,-0.009722,0.114924,-0.012520,0.025947,0.276499,-0.285564,-0.021510,0.161434,-0.005772,0.279200,0.259668,-0.400757,1.215071,1.570114,0.000000,0.000000,0.185243,-0.327349,0.215607,0.741277,0.036645,0.000000,0.000000
-2.040161,0.579509,0.859233,0.025137,0.029820,0.910991,-0.410577,-0.130919,0.009410,0.166624,0.245408,-0.242943,-0.009108,0.121660,-0.015176,0.018284,0.272660,-0.294243,-0.020954,0.166967,-0.006152,0.289164,0.259491,-0.398403,1.220211,1.570075,0.000000,0.000000,0.171200,-0.337221,0.223777,0.723319,0.022470,0.000000,0.000000
-2.047441,0.570275,0.858901,0.023586,0.027862,0.912760,-0.406861,-0.133910,0.009726,0.168751,0.174490,-0.236315,-0.008042,0.127924,-0.016903,0.012035,0.271675,-0.300608,-0.020356,0.172631,-0.006422,0.298194,0.261269,-0.397158,1.223584,1.570061,0.000000,0.000000,0.157841,-0.344926,0.232851,0.706615,0.016301,0.000000,0.000000
-2.054247,0.560577,0.856699,0.022611,0.025362,0.913980,-0.404334,-0.136540,0.010584,0.170975,0.103730,-0.226963,-0.006836,0.134174,-0.016815,0.016146,0.270632,-0.296473,-0.021016,0.175858,-0.006658,0.308898,0.262910,-0.393660,1.226718,1.570041,0.000000,0.000000,0.145992,-0.352547,0.248411,0.690283,0.022224,0.000000,0.000000
-2.060529,0.550688,0.852659,0.021323,0.023310,0.915740,-0.400527,-0.138908,0.010524,0.174262,0.035344,-0.215055,-0.005963,0.139778,-0.019038,0.021435,0.272513,-0.304734,-0.022485,0.179053,-0.006959,0.320695,0.263530,-0.389172,1.227740,1.570018,0.000000,0.000000,0.134190,-0.363526,0.271816,0.674969,0.019523,0.000000,0.000000
-2.067636,0.542620,0.848312,0.020250,0.020833,0.917440,-0.396811,-0.142189,0.013040,0.177037,-0.017450,-0.205150,-0.004801,0.143622,-0.017317,0.018497,0.278772,-0.316898,-0.021545,0.179765,-0.006985,0.329791,0.264792,-0.384747,1.228354,1.570006,0.000000,0.000000,0.122173,-0.368792,0.282982,0.659029,0.043064,0.000000,0.000000
-2.074682,0.534160,0.848766,0.019080,0.018637,0.919107,-0.393104,-0.146313,0.015440,0.180068,-0.017450,-0.198309,-0.004107,0.147402,-0.016144,0.014135,0.285912,-0.325586,-0.020532,0.181431,-0.007211,0.337616,0.267202,-0.380264,1.232339,1.570004,0.000000,0.000000,0.110803,-0.375190,0.290282,0.644618,0.043061,0.000000,0.000000
-2.081527,0.524711,0.848931,0.017965,0.016777,0.921000,-0.388786,-0.151302,0.016700,0.187004,-0.017450,-0.192249,-0.004215,0.151887,-0.017350,0.011568,0.294805,-0.333371,-0.020459,0.183293,-0.007306,0.349267,0.269191,-0.371405,1.236882,1.570005,0.000000,0.000000,0.100049,-0.377931,0.289428,0.623957,0.066879,0.000000,0.000000
-2.087998,0.514654,0.848992,0.017164,0.014828,0.922909,-0.384348,-0.156631,0.016767,0.197077,-0.017450,-0.187781,-0.004914,0.156279,-0.019996,0.014894,0.303780,-0.346058,-0.021696,0.186139,-0.007643,0.360761,0.270172,-0.362152,1.240268,1.570003,0.000000,0.000000,0.089113,-0.385071,0.292502,0.604804,0.074745,0.000000,0.000000
-2.095050,0.504999,0.848477,0.017489,0.013116,0.924336,-0.380952,-0.162431,0.017560,0.207983,-0.017450,-0.187448,-0.005585,0.162098,-0.021185,0.017303,0.315649,-0.355622,-0.022458,0.188953,-0.007902,0.371435,0.269146,-0.352528,1.245718,1.569980,0.000000,0.000000,0.079132,-0.389894,0.296834,0.588850,0.086047,0.000000,0.000000
-2.102062,0.495022,0.847871,0.017322,0.011870,0.925261,-0.378750,-0.168382,0.016809,0.216167,-0.017450,-0.188105,-0.006249,0.167394,-0.022288,0.019692,0.326565,-0.365241,-0.023204,0.191435,-0.008141,0.380059,0.269542,-0.346682,1.248475,1.569960,0.000000,0.000000,0.070949,-0.395188,0.298767,0.577197,0.085816,0.000000,0.000000
-2.109129,0.484424,0.847604,0.016740,0.011127,0.926737,-0.375173,-0.172479,0.015588,0.220576,-0.017450,-0.185233,-0.006737,0.171801,-0.025425,0.022034,0.335494,-0.372887,-0.024505,0.193812,-0.008332,0.388196,0.269782,-0.339519,1.249643,1.569954,0.000000,0.000000,0.064888,-0.399781,0.299254,0.567018,0.083850,0.000000,0.000000
-2.116583,0.473826,0.847244,0.016694,0.010241,0.928424,-0.371007,-0.176255,0.015397,0.224878,-0.017450,-0.183799,-0.007102,0.177626,-0.029501,0.023574,0.347246,-0.378552,-0.025993,0.197105,-0.008447,0.397116,0.269119,-0.327444,1.252662,1.569947,0.000000,0.000000,0.056220,-0.404818,0.298805,0.556013,0.087890,0.000000,0.000000
-2.124569,0.463099,0.846290,0.016662,0.010510,0.929981,-0.367078,-0.179308,0.015270,0.223136,-0.017450,-0.194106,-0.006727,0.185014,-0.035262,0.024600,0.362292,-0.380635,-0.027961,0.201644,-0.008593,0.407859,0.267386,-0.318838,1.253041,1.569922,0.000000,0.000000,0.052715,-0.406284,0.296509,0.545946,0.103617,0.000000,0.000000
-2.132508,0.452076,0.845349,0.016570,0.010787,0.931324,-0.363655,-0.182270,0.015206,0.218419,-0.017450,-0.204429,-0.005977,0.191257,-0.039098,0.033844,0.375481,-0.383308,-0.030774,0.206068,-0.008855,0.416325,0.266200,-0.313624,1.252943,1.569888,0.000000,0.000000,0.049075,-0.412002,0.293221,0.537569,0.099774,0.000000,0.000000
-2.140263,0.441752,0.844227,0.017410,0.010865,0.932602,-0.360322,-0.185513,0.016378,0.216458,-0.017450,-0.210365,-0.005403,0.196348,-0.043195,0.034007,0.393147,-0.384317,-0.032236,0.211056,-0.008915,0.423673,0.263912,-0.309678,1.257242,1.569859,0.000000,0.000000,0.048830,-0.411171,0.286764,0.534137,0.108381,0.000000,0.000000
-2.147311,0.431059,0.843224,0.018339,0.010453,0.933492,-0.357975,-0.188751,0.018353,0.208419,-0.017450,-0.216408,-0.004239,0.200116,-0.045716,0.038308,0.413546,-0.385486,-0.033957,0.214398,-0.009060,0.429803,0.262456,-0.306608,1.261148,1.569839,0.000000,0.000000,0.048284,-0.412729,0.280819,0.529692,0.107716,0.000000,0.000000
-2.154248,0.419735,0.842447,0.018656,0.010251,0.933968,-0.356721,-0.191680,0.020286,0.190843,-0.017450,-0.219455,-0.002292,0.202700,-0.047146,0.046529,0.435031,-0.384715,-0.036085,0.217901,-0.009137,0.434846,0.261982,-0.308171,1.263441,1.569811,0.000000,0.000000,0.049040,-0.414591,0.275652,0.529020,0.108261,0.000000,0.000000
-2.161229,0.408720,0.841339,0.020336,0.010363,0.934737,-0.354606,-0.194034,0.023365,0.171325,-0.017450,-0.217288,-0.000041,0.204899,-0.050069,0.047021,0.460796,-0.376761,-0.037471,0.221065,-0.009251,0.439322,0.260801,-0.308752,1.267371,1.569791,0.000000,0.000000,0.050747,-0.417273,0.273117,0.529733,0.107428,0.000000,0.000000
-2.168820,0.396848,0.840758,0.020926,0.010760,0.935040,-0.353762,-0.196647,0.023090,0.163646,-0.017450,-0.204555,0.000543,0.206214,-0.053445,0.047677,0.482098,-0.371893,-0.038911,0.221027,-0.009186,0.443120,0.259690,-0.305150,1.270636,1.569780,0.000000,0.000000,0.052777,-0.417658,0.269590,0.530331,0.107972,0.000000,0.000000
-2.176742,0.386162,0.839907,0.022876,0.010889,0.934628,-0.354724,-0.201408,0.023791,0.158644,-0.017450,-0.168899,0.000581,0.207985,-0.054758,0.048896,0.519074,-0.355961,-0.040107,0.220612,-0.009085,0.449836,0.252808,-0.302316,1.281746,1.569736,0.000000,0.000000,0.058168,-0.416469,0.263992,0.534157,0.113230,0.000000,0.000000
-2.184352,0.375611,0.839849,0.025397,0.011380,0.934370,-0.355216,-0.205541,0.025827,0.151038,-0.007575,-0.140032,0.001034,0.208835,-0.054834,0.048144,0.557175,-0.335940,-0.040594,0.219454,-0.008919,0.450852,0.252339,-0.299845,1.291080,1.569730,0.000000,0.000000,0.062943,-0.415484,0.258677,0.540848,0.115521,0.000000,0.000000
-2.191355,0.364435,0.842658,0.027711,0.012365,0.934155,-0.355574,-0.208244,0.028077,0.138772,0.027359,-0.122690,0.002084,0.207795,-0.057526,0.046867,0.596294,-0.317924,-0.041690,0.216867,-0.008864,0.454012,0.245958,-0.309126,1.303185,1.569684,0.000000,0.000000,0.067692,-0.414506,0.258276,0.550560,0.114899,0.000000,0.000000
-2.198206,0.353426,0.845872,0.029858,0.013235,0.932428,-0.359876,-0.211022,0.028357,0.124521,0.069033,-0.106820,0.003062,0.205841,-0.059851,0.035116,0.639062,-0.289164,-0.040667,0.213063,-0.008600,0.454014,0.245718,-0.327725,1.311934,1.569653,0.000000,0.000000,0.074297,-0.411869,0.250356,0.563623,0.117147,0.000000,0.000000
-2.204817,0.342347,0.848409,0.031471,0.014392,0.932117,-0.360499,-0.212571,0.026819,0.116808,0.108255,-0.100262,0.003109,0.201666,-0.063035,0.030581,0.678122,-0.250441,-0.041090,0.205715,-0.008222,0.451202,0.241429,-0.325278,1.317890,1.569652,0.000000,0.000000,0.078294,-0.409862,0.248718,0.575279,0.123221,0.000000,0.000000
-2.211339,0.330704,0.850475,0.033334,0.016157,0.931146,-0.362761,-0.212922,0.021131,0.112354,0.148883,-0.096765,0.001968,0.197031,-0.067120,0.024177,0.718877,-0.203536,-0.041302,0.199202,-0.007905,0.444623,0.240393,-0.319989,1.321976,1.569675,0.000000,0.000000,0.084096,-0.407393,0.245419,0.589929,0.126647,0.000000,0.000000
-2.217875,0.318600,0.851995,0.035474,0.017465,0.929670,-0.366266,-0.211534,0.015469,0.101845,0.184527,-0.099217,0.001949,0.192172,-0.071825,0.013662,0.758591,-0.149945,-0.040709,0.193992,-0.007628,0.439444,0.237638,-0.325285,1.330846,1.569669,0.000000,0.000000,0.092715,-0.402741,0.240748,0.607609,0.125940,0.000000,0.000000
-2.225018,0.306986,0.853108,0.038188,0.018718,0.928875,-0.367943,-0.207620,0.012762,0.090263,0.217578,-0.109128,0.002862,0.186453,-0.076258,0.005978,0.799022,-0.096797,-0.040294,0.189027,-0.007398,0.437133,0.230725,-0.343533,1.343298,1.569631,0.000000,0.000000,0.101684,-0.396202,0.238546,0.626464,0.123455,0.000000,0.000000
-2.232515,0.295753,0.853879,0.041737,0.020208,0.927746,-0.370319,-0.201287,0.011066,0.078527,0.250504,-0.124355,0.004108,0.180518,-0.079900,-0.001485,0.841893,-0.049839,-0.039431,0.181686,-0.006992,0.433484,0.231991,-0.361297,1.348012,1.569630,0.000000,0.000000,0.109298,-0.387263,0.232600,0.649402,0.119940,0.000000,0.000000
-2.239712,0.285286,0.854477,0.044332,0.021468,0.926452,-0.373177,-0.193625,0.008845,0.065935,0.273014,-0.140316,0.005484,0.172036,-0.082742,-0.008306,0.885707,-0.002756,-0.038182,0.171143,-0.006563,0.422501,0.238561,-0.365416,1.346549,1.569691,0.000000,0.000000,0.110246,-0.374610,0.222677,0.682573,0.097491,0.000000,0.000000
-2.246316,0.273967,0.855123,0.047327,0.022176,0.925311,-0.375591,-0.184503,0.005811,0.058089,0.291785,-0.151790,0.005956,0.162288,-0.085305,-0.008248,0.926109,0.025091,-0.038068,0.161565,-0.006234,0.417695,0.236999,-0.363938,1.346925,1.569708,0.000000,0.000000,0.116617,-0.362832,0.218645,0.706425,0.079207,0.000000,0.000000
-2.252369,0.263253,0.855681,0.050312,0.022962,0.924906,-0.376152,-0.173924,0.003210,0.052280,0.309060,-0.163254,0.006229,0.151449,-0.093716,-0.017421,0.967681,0.076233,-0.037563,0.152331,-0.005877,0.413055,0.236669,-0.366068,1.346098,1.569718,0.000000,0.000000,0.125478,-0.351977,0.220064,0.727399,0.074233,0.000000,0.000000
-2.258860,0.254199,0.856406,0.053090,0.022494,0.923661,-0.378849,-0.163897,0.004017,0.045813,0.321688,-0.175681,0.007450,0.140809,-0.102079,-0.048724,1.004008,0.150369,-0.032967,0.144102,-0.005555,0.403924,0.238895,-0.372640,1.345958,1.569741,0.000000,0.000000,0.133732,-0.338209,0.218756,0.750639,0.083271,0.000000,0.000000
-2.264823,0.241429,0.856924,0.056054,0.023217,0.922626,-0.380895,-0.151553,0.000071,0.040167,0.330602,-0.186743,0.007399,0.132421,-0.115807,-0.061953,1.030976,0.162749,-0.033631,0.133293,-0.005265,0.398107,0.238135,-0.372419,1.343698,1.569762,0.000000,0.000000,0.141415,-0.331390,0.222851,0.769213,0.080812,0.000000,0.000000
-2.269364,0.229289,0.857756,0.058744,0.022509,0.922226,-0.381500,-0.138186,-0.003396,0.036900,0.338059,-0.200772,0.007100,0.121912,-0.135127,-0.093926,1.057802,0.166263,-0.033205,0.119144,-0.004835,0.390634,0.237409,-0.364917,1.339708,1.569793,0.000000,0.000000,0.141854,-0.323321,0.234293,0.794789,0.070923,0.000000,0.000000
-2.270633,0.216175,0.857558,0.062612,0.024660,0.921543,-0.382400,-0.124982,-0.015534,0.032326,0.347449,-0.209708,0.004921,0.114935,-0.155327,-0.123368,1.083837,0.178529,-0.033287,0.109121,-0.004418,0.380992,0.226921,-0.350445,1.346707,1.569785,0.000000,0.000000,0.153775,-0.316385,0.230073,0.815764,0.067179,0.000000,0.000000
-2.277837,0.205177,0.857404,0.061767,0.028066,0.920547,-0.384695,-0.111622,-0.025763,0.032815,0.352400,-0.218656,0.002377,0.103371,-0.139455,-0.070465,1.098571,0.119363,-0.037493,0.096285,-0.003932,0.370084,0.222491,-0.355810,1.338437,1.569771,0.000000,0.000000,0.161479,-0.317927,0.237756,0.841252,0.062457,0.000000,0.000000
-2.282086,0.192823,0.857446,0.061923,0.030840,0.919390,-0.387215,-0.098459,-0.037911,0.025617,0.350041,-0.223056,0.000605,0.094154,-0.141758,-0.058179,1.109367,0.090273,-0.040486,0.084967,-0.003388,0.357662,0.220156,-0.373603,1.327956,1.569757,0.000000,0.000000,0.171507,-0.312378,0.244552,0.863633,0.063910,0.000000,0.000000
-2.288358,0.181758,0.858125,0.064750,0.030357,0.917737,-0.390696,-0.083323,-0.040423,0.024033,0.349752,-0.230971,0.000214,0.085620,-0.140423,-0.058898,1.115839,0.066196,-0.040502,0.064843,-0.002660,0.369428,0.232386,-0.374109,1.290069,1.569822,0.000000,0.000000,0.178095,-0.310439,0.262078,0.881600,0.067020,0.000000,0.000000
-2.294410,0.170475,0.858881,0.067892,0.030092,0.915587,-0.395203,-0.067176,-0.042575,0.017015,0.346969,-0.237457,0.000774,0.078080,-0.138836,-0.062762,1.117333,0.041805,-0.039979,0.045803,-0.002064,0.369561,0.237992,-0.373426,1.268243,1.569867,0.000000,0.000000,0.187245,-0.303967,0.273467,0.901794,0.064956,0.000000,0.000000
-2.300658,0.159365,0.859478,0.072088,0.030284,0.913854,-0.398444,-0.050036,-0.043627,0.011612,0.345627,-0.241602,0.001289,0.071796,-0.137136,-0.067487,1.115802,0.017164,-0.039278,0.028803,-0.001534,0.364630,0.239326,-0.371513,1.254070,1.569904,0.000000,0.000000,0.197888,-0.294296,0.284899,0.926055,0.056564,0.000000,0.000000
-2.307624,0.148276,0.860166,0.072643,0.029244,0.911854,-0.402976,-0.036634,-0.044181,0.006846,0.342647,-0.247077,0.001855,0.063249,-0.132064,-0.070918,1.108384,-0.005351,-0.037789,0.011313,-0.000987,0.355306,0.244069,-0.372184,1.234836,1.569985,0.000000,0.000000,0.205349,-0.287431,0.288416,0.945330,0.047754,0.000000,0.000000
-2.312763,0.136321,0.860260,0.071451,0.030165,0.908724,-0.410128,-0.025079,-0.051122,-0.001951,0.338732,-0.252902,0.001495,0.053641,-0.137101,-0.084217,1.098515,-0.036412,-0.037473,0.001539,-0.000602,0.334673,0.251107,-0.395363,1.218902,1.570072,0.000000,0.000000,0.215310,-0.283288,0.279802,0.963792,0.042038,0.000000,0.000000
-2.318056,0.125642,0.860500,0.069544,0.030237,0.905233,-0.418093,-0.015504,-0.057596,-0.012602,0.332363,-0.255135,0.001579,0.042698,-0.138094,-0.096106,1.083468,-0.061944,-0.036031,-0.007714,-0.000193,0.319665,0.258862,-0.414135,1.200440,1.570169,0.000000,0.000000,0.229693,-0.275601,0.259845,0.977145,0.019141,0.000000,0.000000
-2.322716,0.116144,0.860933,0.069102,0.029533,0.901078,-0.427097,-0.006485,-0.060846,-0.026944,0.326948,-0.255613,0.003077,0.031601,-0.136776,-0.110619,1.064798,-0.084612,-0.033200,-0.019702,0.000307,0.304020,0.265300,-0.415087,1.173507,1.570324,0.000000,0.000000,0.243717,-0.268322,0.243957,0.990031,0.003012,0.000000,0.000000
-2.328123,0.109149,0.861471,0.069004,0.028906,0.898750,-0.432031,0.001774,-0.059377,-0.034401,0.321472,-0.255969,0.004626,0.017659,-0.131434,-0.117137,1.043055,-0.107027,-0.030431,-0.030325,0.000774,0.277292,0.283500,-0.431100,1.149485,1.570603,0.000000,0.000000,0.245381,-0.266131,0.250288,1.010354,0.002066,0.000000,0.000000
-2.332744,0.101567,0.861817,0.068222,0.028179,0.895211,-0.439487,0.008143,-0.059894,-0.044138,0.317436,-0.253282,0.006035,0.003848,-0.126946,-0.125711,1.019452,-0.124492,-0.027331,-0.044478,0.001303,0.252456,0.302349,-0.454564,1.118726,1.570800,0.000000,0.000000,0.250685,-0.265437,0.248653,1.024601,0.003193,0.000000,0.000000
-2.338422,0.093797,0.862216,0.064803,0.025897,0.893803,-0.442996,0.012739,-0.058501,-0.041055,0.310564,-0.251033,0.005847,-0.012491,-0.120919,-0.130377,0.989281,-0.144381,-0.024364,-0.060623,0.001822,0.235728,0.313555,-0.448941,1.086857,1.570800,0.000000,0.000000,0.256653,-0.263101,0.245708,1.034398,-0.004089,0.000000,0.000000
-2.343699,0.086867,0.862408,0.061199,0.024599,0.892396,-0.446407,0.016574,-0.057674,-0.038342,0.304126,-0.248618,0.005585,-0.028991,-0.116319,-0.136834,0.955160,-0.163537,-0.021371,-0.075873,0.002372,0.221054,0.324021,-0.441798,1.055891,1.570800,0.000000,0.000000,0.261007,-0.260755,0.239267,1.042919,-0.013811,0.000000,0.000000
-2.345917,0.080530,0.862482,0.069041,0.025845,0.888941,-0.452049,0.027922,-0.056775,-0.046555,0.310276,-0.250904,0.007091,-0.035079,-0.111520,-0.148322,0.928748,-0.181573,-0.017459,-0.067271,0.002334,0.185341,0.317476,-0.474457,1.064077,1.570800,0.000000,0.000000,0.280179,-0.250233,0.231648,1.062222,-0.002325,0.000000,0.000000
-2.351012,0.072612,0.862498,0.069253,0.025283,0.886774,-0.456287,0.036765,-0.056118,-0.051200,0.308775,-0.252518,0.007955,-0.043497,-0.106760,-0.156531,0.889687,-0.199177,-0.014195,-0.067947,0.002592,0.157046,0.320627,-0.490381,1.054601,1.570800,0.000000,0.000000,0.295307,-0.243841,0.217955,1.071863,-0.002412,0.000000,0.000000
-2.357034,0.065433,0.862512,0.069031,0.024746,0.884559,-0.460627,0.044112,-0.053878,-0.056421,0.307722,-0.256833,0.009352,-0.052414,-0.100429,-0.162052,0.845911,-0.213170,-0.011016,-0.074625,0.002936,0.133541,0.328802,-0.505316,1.044200,1.570800,0.000000,0.000000,0.305905,-0.239084,0.210906,1.084419,0.001099,0.000000,0.000000
-2.363872,0.058161,0.862652,0.068881,0.022950,0.884830,-0.460222,0.051986,-0.048888,-0.055378,0.305705,-0.263723,0.010450,-0.062144,-0.090936,-0.158603,0.797924,-0.231117,-0.008806,-0.079062,0.003121,0.116512,0.327697,-0.489622,1.024965,1.570800,0.000000,0.000000,0.314871,-0.233054,0.209166,1.094703,0.007995,0.000000,0.000000
-2.369952,0.050928,0.862461,0.067693,0.021954,0.883674,-0.462663,0.058585,-0.047718,-0.055120,0.303695,-0.264050,0.010665,-0.071685,-0.083980,-0.161943,0.750437,-0.233410,-0.006034,-0.085927,0.003457,0.097488,0.332746,-0.490874,1.004551,1.570800,0.000000,0.000000,0.322891,-0.230276,0.206851,1.103384,0.009333,0.000000,0.000000
-2.376341,0.044032,0.862532,0.066883,0.021438,0.882295,-0.465427,0.065755,-0.045978,-0.055823,0.298139,-0.270540,0.011194,-0.080339,-0.077375,-0.162354,0.702890,-0.232680,-0.004058,-0.092828,0.003771,0.078518,0.338543,-0.495540,0.986516,1.570800,0.000000,0.000000,0.331640,-0.229434,0.209113,1.112048,0.008546,0.000000,0.000000
-2.381927,0.036618,0.862839,0.064707,0.020300,0.880004,-0.470099,0.072044,-0.045785,-0.060603,0.287338,-0.272807,0.011967,-0.088750,-0.072180,-0.169891,0.647361,-0.229686,-0.001208,-0.100034,0.004104,0.057285,0.341756,-0.490838,0.962766,1.570800,0.000000,0.000000,0.339620,-0.228412,0.198514,1.116610,0.001599,0.000000,0.000000
-2.386479,0.028534,0.863054,0.062378,0.019320,0.878782,-0.472735,0.078549,-0.050335,-0.069586,0.274054,-0.262572,0.012191,-0.097037,-0.068733,-0.177317,0.590388,-0.223320,0.000959,-0.105649,0.004414,0.038930,0.342286,-0.485085,0.939549,1.570800,0.000000,0.000000,0.346919,-0.226421,0.182452,1.120471,-0.003341,0.000000,0.000000
-2.393934,0.022028,0.862309,0.061647,0.018660,0.875700,-0.478541,0.085479,-0.041190,-0.059074,0.280712,-0.265269,0.012937,-0.101297,-0.061851,-0.185910,0.531457,-0.217685,0.004084,-0.112995,0.004874,0.013203,0.347913,-0.498563,0.923429,1.570800,0.000000,0.000000,0.356373,-0.222379,0.174953,1.131436,-0.001807,0.000000,0.000000
-2.400248,0.014575,0.861695,0.059709,0.018186,0.874577,-0.480853,0.092525,-0.038953,-0.058123,0.278474,-0.270780,0.013310,-0.106281,-0.057219,-0.186604,0.471357,-0.206416,0.004925,-0.116461,0.005047,-0.010083,0.348017,-0.494975,0.902690,1.554702,0.000000,0.000000,0.364052,-0.220556,0.164123,1.137651,-0.003518,0.000000,0.000000
-2.407183,0.007102,0.861227,0.057566,0.017461,0.873354,-0.483358,0.099820,-0.037481,-0.059700,0.273039,-0.275405,0.013903,-0.111063,-0.051280,-0.190800,0.408515,-0.190709,0.006652,-0.120139,0.005290,-0.029781,0.351052,-0.493077,0.879252,1.540631,0.000000,0.000000,0.371391,-0.217787,0.150671,1.142305,-0.006613,0.000000,0.000000
-2.413774,-0.000484,0.860584,0.055625,0.016666,0.872178,-0.485730,0.106845,-0.035628,-0.058909,0.269415,-0.277885,0.014243,-0.115347,-0.045756,-0.196079,0.343148,-0.174158,0.008268,-0.123590,0.005650,-0.052891,0.355844,-0.501842,0.865285,1.551291,0.000000,0.000000,0.378595,-0.216257,0.146580,1.148281,-0.009351,0.000000,0.000000
-2.419946,-0.008148,0.859797,0.053950,0.015928,0.870417,-0.489092,0.113588,-0.032881,-0.055859,0.267628,-0.284741,0.014451,-0.118657,-0.041369,-0.202710,0.277328,-0.163227,0.009559,-0.126982,0.005863,-0.077599,0.358692,-0.510986,0.854207,1.550084,0.000000,0.000000,0.384784,-0.212789,0.135702,1.155665,-0.011352,0.000000,0.000000
-2.426570,-0.015774,0.858975,0.051701,0.015310,0.868943,-0.491966,0.120182,-0.030609,-0.053530,0.264000,-0.293526,0.014631,-0.121776,-0.036180,-0.212808,0.215152,-0.143977,0.011570,-0.129760,0.006058,-0.099777,0.362470,-0.518334,0.835611,1.553888,0.000000,0.000000,0.391594,-0.209600,0.126165,1.160168,-0.012912,0.000000,0.000000
-2.434416,-0.023558,0.858167,0.049374,0.014938,0.867405,-0.494922,0.127421,-0.028099,-0.051788,0.258787,-0.296532,0.014982,-0.124128,-0.030376,-0.206584,0.156065,-0.059145,0.011945,-0.133392,0.006294,-0.120206,0.365958,-0.522359,0.819809,1.562609,0.000000,0.000000,0.397049,-0.207512,0.118615,1.166402,-0.017802,0.000000,0.000000
-2.441630,-0.031279,0.856646,0.048081,0.015185,0.867608,-0.494686,0.133917,-0.027161,-0.051538,0.262192,-0.307485,0.015155,-0.126296,-0.025384,-0.210781,0.100503,0.011176,0.014160,-0.133426,0.006359,-0.141728,0.367186,-0.530221,0.810805,1.560197,0.000000,0.000000,0.401518,-0.206106,0.112611,1.173640,-0.020638,0.000000,0.000000
-2.448455,-0.038627,0.854561,0.046330,0.015620,0.867179,-0.495590,0.138919,-0.026209,-0.052106,0.270257,-0.322075,0.015470,-0.129063,-0.020568,-0.217254,0.047312,0.086577,0.016849,-0.133864,0.006491,-0.168295,0.366963,-0.547007,0.811486,1.551298,0.000000,0.000000,0.405224,-0.204458,0.106171,1.179985,-0.017063,0.000000,0.000000
-2.452077,-0.045753,0.852633,0.043831,0.016046,0.866185,-0.497539,0.141917,-0.028377,-0.043464,0.275371,-0.332148,0.013487,-0.133167,-0.019995,-0.226650,-0.017450,0.056192,0.016681,-0.136887,0.006636,-0.195833,0.367774,-0.559789,0.813656,1.543625,0.000000,0.000000,0.408228,-0.204429,0.095403,1.187456,-0.015982,0.000000,0.000000
-2.460780,-0.051840,0.851094,0.042570,0.016124,0.863526,-0.502245,0.145019,-0.024634,-0.047255,0.281887,-0.338887,0.015076,-0.134300,-0.016240,-0.193761,-0.017450,0.084047,0.012084,-0.138424,0.006722,-0.214549,0.366910,-0.568101,0.802421,1.542940,0.000000,0.000000,0.412193,-0.200530,0.082238,1.192370,-0.013715,0.000000,0.000000
-2.467476,-0.059592,0.849678,0.041087,0.016170,0.863569,-0.502293,0.147280,-0.023474,-0.047787,0.286455,-0.345409,0.015473,-0.135796,-0.013892,-0.190597,-0.017450,0.097377,0.012203,-0.136115,0.006635,-0.223411,0.367123,-0.568431,0.790876,1.534956,0.000000,0.000000,0.415329,-0.198187,0.075137,1.193956,-0.011216,0.000000,0.000000
-2.474759,-0.068390,0.849266,0.040791,0.015947,0.864876,-0.500071,0.151587,-0.021969,-0.049281,0.295065,-0.358044,0.016111,-0.137961,-0.009441,-0.194813,-0.017450,0.110744,0.013950,-0.131739,0.006556,-0.237099,0.368015,-0.570217,0.780054,1.522607,0.000000,0.000000,0.419746,-0.196020,0.070119,1.197344,-0.008763,0.000000,0.000000
-2.481467,-0.078263,0.848783,0.041268,0.017234,0.867708,-0.495058,0.160552,-0.023619,-0.048670,0.312819,-0.376569,0.015574,-0.140733,-0.002807,-0.211002,-0.017450,0.121817,0.017974,-0.121408,0.006351,-0.250691,0.373055,-0.576061,0.753678,1.502941,0.000000,0.000000,0.428444,-0.194904,0.065502,1.202285,-0.009546,0.000000,0.000000
-2.488285,-0.087078,0.848401,0.041001,0.017901,0.869377,-0.492121,0.168327,-0.024842,-0.044807,0.328359,-0.391375,0.014638,-0.143967,0.004984,-0.234662,-0.017450,0.126172,0.023308,-0.113521,0.006217,-0.262006,0.375994,-0.578637,0.738204,1.495664,0.000000,0.000000,0.434546,-0.191975,0.059590,1.210370,-0.014315,0.000000,0.000000
-2.495565,-0.095684,0.848311,0.040895,0.017830,0.869700,-0.491561,0.170856,-0.024637,-0.045092,0.333682,-0.395820,0.014739,-0.144847,0.007243,-0.237313,-0.017450,0.129423,0.024291,-0.112071,0.006161,-0.265999,0.375721,-0.576574,0.733636,1.495931,0.000000,0.000000,0.436440,-0.190887,0.056666,1.212234,-0.016887,0.000000,0.000000
-2.502151,-0.103888,0.847884,0.040519,0.019451,0.870797,-0.489584,0.179266,-0.025516,-0.043623,0.355741,-0.411466,0.014263,-0.147947,0.012312,-0.242639,-0.017450,0.133081,0.026402,-0.106802,0.005845,-0.281324,0.366140,-0.558936,0.736863,1.497378,0.000000,0.000000,0.441602,-0.190486,0.050278,1.220697,-0.021176,0.000000,0.000000
-2.508951,-0.112195,0.847589,0.039807,0.020662,0.871251,-0.488784,0.184987,-0.026180,-0.041120,0.376393,-0.424883,0.013670,-0.150674,0.015159,-0.242451,-0.017450,0.129431,0.027007,-0.107818,0.006012,-0.292093,0.362084,-0.552610,0.739347,1.500941,0.000000,0.000000,0.444216,-0.192354,0.048719,1.227112,-0.021258,0.000000,0.000000
-2.515390,-0.120375,0.846702,0.040524,0.021536,0.871607,-0.488053,0.189488,-0.026173,-0.039893,0.398758,-0.437497,0.013464,-0.152951,0.018425,-0.238685,-0.017450,0.122400,0.027033,-0.110098,0.006442,-0.307401,0.367166,-0.562396,0.736783,1.554492,0.000000,0.000000,0.447307,-0.194073,0.052014,1.234274,-0.019902,0.000000,0.000000
-2.522218,-0.128623,0.846191,0.040450,0.022474,0.872042,-0.487239,0.192314,-0.027198,-0.042121,0.418181,-0.443546,0.013554,-0.154861,0.022529,-0.233208,-0.017450,0.115411,0.026978,-0.112183,0.006532,-0.315453,0.375753,-0.572233,0.738791,1.570800,0.000000,0.000000,0.450287,-0.194033,0.046120,1.238657,-0.025219,0.000000,0.000000
-2.529079,-0.136911,0.845688,0.040392,0.024625,0.873554,-0.484422,0.195135,-0.030501,-0.042194,0.439357,-0.448247,0.012658,-0.156344,0.026493,-0.227810,-0.017450,0.110172,0.026954,-0.109730,0.006275,-0.316669,0.374907,-0.575068,0.740704,1.570800,0.000000,0.000000,0.452034,-0.194898,0.039791,1.244703,-0.029170,0.000000,0.000000
-2.536485,-0.145336,0.844646,0.041473,0.025685,0.874427,-0.482699,0.198271,-0.031845,-0.042060,0.469959,-0.455772,0.012300,-0.157262,0.032195,-0.220351,-0.017450,0.092770,0.026665,-0.105963,0.006047,-0.315113,0.361695,-0.567101,0.740896,1.570800,0.000000,0.000000,0.453921,-0.194595,0.036026,1.249943,-0.030405,0.000000,0.000000
-2.544123,-0.154811,0.843925,0.041680,0.024726,0.874357,-0.482858,0.199821,-0.031165,-0.046258,0.497996,-0.461960,0.013251,-0.158902,0.036472,-0.214658,-0.017450,0.071247,0.026033,-0.104785,0.005812,-0.299307,0.349253,-0.526818,0.731347,1.507141,0.000000,0.000000,0.452295,-0.195326,0.027035,1.248961,-0.032012,0.000000,0.000000
-2.546184,-0.166011,0.844611,0.040584,0.035251,0.879008,-0.473766,0.203159,-0.052294,-0.038068,0.524816,-0.459337,0.005538,-0.161035,0.019343,-0.234768,-0.017450,0.178441,0.028023,-0.092527,0.005386,-0.289803,0.338062,-0.509774,0.716613,1.502386,0.000000,0.000000,0.456965,-0.207417,0.020277,1.250186,-0.034994,0.000000,0.000000
-2.552193,-0.175827,0.844464,0.041116,0.035486,0.878911,-0.473884,0.203886,-0.057899,-0.037833,0.546903,-0.456590,0.003811,-0.161571,0.014795,-0.239773,-0.017450,0.195073,0.028865,-0.093330,0.005671,-0.285131,0.336904,-0.505731,0.719841,1.496689,0.000000,0.000000,0.456986,-0.211682,0.017521,1.251816,-0.032774,0.000000,0.000000
-2.557449,-0.185532,0.843659,0.042983,0.035471,0.878944,-0.473657,0.203818,-0.062128,-0.039124,0.585772,-0.449444,0.002698,-0.161400,0.012872,-0.241842,-0.017450,0.184355,0.029421,-0.096572,0.006109,-0.279935,0.335925,-0.508721,0.729661,1.489865,0.000000,0.000000,0.456032,-0.215448,0.017585,1.253600,-0.022484,0.000000,0.000000
-2.562569,-0.194907,0.843226,0.045308,0.034506,0.877995,-0.475269,0.201382,-0.060843,-0.038857,0.622437,-0.441516,0.002972,-0.162023,0.013603,-0.240826,-0.008984,0.154268,0.029206,-0.101101,0.006434,-0.278215,0.336923,-0.515880,0.736682,1.494024,0.000000,0.000000,0.454893,-0.216487,0.015584,1.251841,-0.012441,0.000000,0.000000
-2.567791,-0.204255,0.844906,0.047734,0.033187,0.876749,-0.477421,0.197304,-0.058097,-0.039414,0.662468,-0.426117,0.003825,-0.162768,0.013735,-0.240651,0.021044,0.115733,0.028817,-0.108918,0.006760,-0.273197,0.343766,-0.521150,0.737523,1.507211,0.000000,0.000000,0.453396,-0.216227,0.011528,1.248211,-0.005415,0.000000,0.000000
-2.573431,-0.213844,0.846746,0.051381,0.030672,0.875067,-0.480288,0.192200,-0.052642,-0.040567,0.703456,-0.404895,0.005672,-0.162892,0.014709,-0.239489,0.059501,0.080694,0.028801,-0.118171,0.006884,-0.262870,0.343473,-0.520299,0.754346,1.503198,0.000000,0.000000,0.454989,-0.209279,0.008082,1.249179,-0.002498,0.000000,0.000000
-2.578640,-0.223040,0.848511,0.055555,0.030900,0.874171,-0.481439,0.187146,-0.050636,-0.039927,0.745871,-0.382144,0.006118,-0.160369,0.010355,-0.228122,0.098016,0.047964,0.025914,-0.121815,0.006787,-0.254420,0.338404,-0.523575,0.773281,1.487174,0.000000,0.000000,0.457702,-0.205980,0.008309,1.249518,0.006509,0.000000,0.000000
-2.584798,-0.232833,0.850445,0.058210,0.031721,0.874076,-0.481246,0.182196,-0.049191,-0.034702,0.786814,-0.357843,0.005522,-0.156093,0.004944,-0.214507,0.129938,0.023419,0.022536,-0.122430,0.006678,-0.243748,0.332540,-0.522834,0.778228,1.477130,0.000000,0.000000,0.458342,-0.203264,0.004853,1.247270,0.013457,0.000000,0.000000
-2.589792,-0.241306,0.851921,0.061321,0.033375,0.875483,-0.478179,0.173883,-0.051114,-0.027615,0.834343,-0.316021,0.003453,-0.152107,-0.000899,-0.194656,0.162896,-0.001096,0.018025,-0.121639,0.006759,-0.225839,0.338624,-0.561696,0.772585,1.406030,0.000000,0.000000,0.458421,-0.205419,0.003370,1.243913,0.028004,0.000000,0.000000
-2.595274,-0.249730,0.852897,0.064031,0.034223,0.877183,-0.474636,0.165634,-0.051460,-0.019784,0.874106,-0.270456,0.001767,-0.148171,-0.004049,-0.178872,0.189391,-0.020961,0.014823,-0.115283,0.006667,-0.212217,0.338914,-0.580526,0.778602,1.375974,0.000000,0.000000,0.457555,-0.204715,0.000011,1.241611,0.035560,0.000000,0.000000
-2.601112,-0.258145,0.853620,0.066800,0.034362,0.878549,-0.471708,0.156912,-0.049808,-0.013575,0.911026,-0.219500,0.001066,-0.142988,-0.004836,-0.168273,0.212616,-0.040914,0.013028,-0.108548,0.006419,-0.200051,0.333427,-0.593094,0.793993,1.354992,0.000000,0.000000,0.456588,-0.202853,-0.003628,1.236951,0.044525,0.000000,0.000000
-2.607331,-0.266785,0.854373,0.069256,0.034837,0.879846,-0.468893,0.148089,-0.050176,-0.012577,0.944950,-0.174817,0.000757,-0.135980,-0.005100,-0.159228,0.230841,-0.058346,0.011550,-0.101916,0.006112,-0.189021,0.325698,-0.597664,0.809093,1.326908,0.000000,0.000000,0.453459,-0.201013,-0.007735,1.234173,0.048496,0.000000,0.000000
-2.615358,-0.275301,0.855274,0.071520,0.035511,0.881503,-0.465377,0.139876,-0.045868,-0.011598,0.979284,-0.143145,0.001913,-0.126707,-0.003852,-0.150750,0.245721,-0.074591,0.010505,-0.095779,0.005931,-0.174517,0.318687,-0.603626,0.823297,1.298546,0.000000,0.000000,0.449168,-0.199737,-0.010309,1.228479,0.052988,0.000000,0.000000
-2.621739,-0.282663,0.856190,0.073221,0.036308,0.882093,-0.463931,0.127939,-0.037053,-0.002613,1.015098,-0.098655,0.002987,-0.116678,-0.003635,-0.144626,0.255556,-0.090375,0.009533,-0.091786,0.005811,-0.163148,0.310400,-0.616082,0.845384,1.271679,0.000000,0.000000,0.444934,-0.198738,-0.016255,1.219343,0.067019,0.000000,0.000000
-2.628722,-0.289558,0.857084,0.074389,0.037037,0.883115,-0.461739,0.115271,-0.027281,0.007827,1.046221,-0.057200,0.004055,-0.107039,-0.002710,-0.138926,0.261400,-0.103233,0.008778,-0.087479,0.005769,-0.155782,0.304099,-0.637202,0.871669,1.259029,0.000000,0.000000,0.440112,-0.200529,-0.013392,1.212669,0.070471,0.000000,0.000000
-2.645920,-0.292287,0.858159,0.076461,0.037853,0.884625,-0.458432,0.103141,0.024475,0.038803,1.087953,-0.158276,0.014401,-0.090140,0.013285,-0.128001,0.260407,-0.122584,0.010832,-0.080696,0.005575,-0.143932,0.298032,-0.653064,0.897580,1.249730,0.000000,0.000000,0.435491,-0.198412,-0.012430,1.203390,0.080872,0.000000,0.000000
-2.652533,-0.301101,0.859329,0.077500,0.040450,0.886618,-0.454165,0.096703,0.042917,0.058052,1.111828,-0.197314,0.016477,-0.078310,0.011564,-0.120311,0.262364,-0.133525,0.009007,-0.075645,0.005381,-0.131388,0.291317,-0.668183,0.920301,1.243630,0.000000,0.000000,0.430176,-0.200748,-0.015485,1.194599,0.088291,0.000000,0.000000
-2.653330,-0.312981,0.860949,0.078360,0.045006,0.888701,-0.449494,0.093318,0.056191,0.077678,1.127467,-0.221555,0.016878,-0.065746,-0.002432,-0.118047,0.265626,-0.140528,0.005098,-0.067890,0.005122,-0.123095,0.273903,-0.690796,0.958884,1.238443,0.000000,0.000000,0.424330,-0.205843,-0.026405,1.184815,0.094272,0.000000,0.000000
-2.680832,-0.307866,0.863666,0.072454,0.052870,0.894761,-0.437445,0.101916,0.243701,0.353930,1.211333,-0.338685,0.024871,-0.052604,0.010412,-0.101970,0.258261,-0.155887,0.005536,-0.047000,0.004664,-0.104813,0.259431,-0.694606,0.985663,1.283605,0.000000,0.000000,0.416479,-0.216032,-0.052908,1.167691,0.074205,0.000000,0.000000
-2.684667,-0.313888,0.864432,0.072114,0.054325,0.898800,-0.428960,0.094239,0.257844,0.383493,1.227481,-0.345893,0.023312,-0.048027,0.008084,-0.089448,0.259250,-0.161350,0.002810,-0.034234,0.004450,-0.095843,0.255321,-0.717863,1.007329,1.311533,0.000000,0.000000,0.410164,-0.219598,-0.051250,1.154854,0.074235,0.000000,0.000000
-2.691270,-0.318490,0.864929,0.072177,0.054244,0.903011,-0.420022,0.083932,0.260104,0.397805,1.233507,-0.345398,0.020661,-0.042363,0.010635,-0.075553,0.258858,-0.167859,0.001153,-0.021723,0.004098,-0.081095,0.254124,-0.733949,1.023764,1.333857,0.000000,0.000000,0.401485,-0.221461,-0.047455,1.138309,0.075128,0.000000,0.000000
-2.697387,-0.323212,0.865429,0.072452,0.054418,0.906490,-0.412389,0.072311,0.255924,0.403470,1.230883,-0.341808,0.017414,-0.035815,0.013269,-0.061472,0.257600,-0.172783,-0.000519,-0.008148,0.003438,-0.058985,0.252541,-0.722468,1.022832,1.329851,0.000000,0.000000,0.394139,-0.220570,-0.048758,1.114018,0.077282,0.000000,0.000000
-2.703711,-0.327922,0.866008,0.072168,0.054399,0.910155,-0.404289,0.061133,0.254570,0.412138,1.224779,-0.337128,0.014483,-0.029375,0.015925,-0.049157,0.255475,-0.173644,-0.001878,0.001006,0.003162,-0.040053,0.252828,-0.724969,1.033546,1.360733,0.000000,0.000000,0.385629,-0.223200,-0.044735,1.089342,0.080390,0.000000,0.000000
-2.710280,-0.332083,0.866441,0.072294,0.054367,0.913941,-0.395638,0.050827,0.255311,0.421978,1.218333,-0.335475,0.012048,-0.022978,0.019222,-0.038308,0.253540,-0.174024,-0.002816,0.011255,0.002746,-0.027294,0.253949,-0.727547,1.034940,1.374645,0.000000,0.000000,0.375153,-0.224608,-0.042931,1.066685,0.082086,0.000000,0.000000
-2.716161,-0.336368,0.866909,0.072302,0.054166,0.917379,-0.387627,0.039680,0.255149,0.430854,1.208143,-0.330739,0.009413,-0.016570,0.021966,-0.024844,0.250927,-0.173058,-0.004332,0.020670,0.002428,-0.012851,0.252859,-0.742841,1.053374,1.402537,0.000000,0.000000,0.364827,-0.225843,-0.035762,1.044508,0.082092,0.000000,0.000000
-2.721285,-0.340736,0.867734,0.069666,0.053236,0.920302,-0.381257,0.024847,0.248170,0.429347,1.187047,-0.328190,0.006365,-0.012591,0.023705,-0.009287,0.243478,-0.162797,-0.006464,0.027548,0.001949,0.004157,0.251979,-0.742017,1.058798,1.398043,0.000000,0.000000,0.353610,-0.226909,-0.037032,1.021047,0.080189,0.000000,0.000000
-2.725906,-0.344186,0.868325,0.068560,0.053192,0.923287,-0.374180,0.011470,0.244293,0.431596,1.166354,-0.321363,0.003636,-0.008702,0.024446,0.004419,0.238557,-0.157224,-0.008523,0.033638,0.001637,0.018905,0.249129,-0.745309,1.068801,1.399170,0.000000,0.000000,0.342277,-0.228606,-0.034324,0.995742,0.081583,0.000000,0.000000
-2.729271,-0.347030,0.868778,0.067932,0.052968,0.926094,-0.367327,-0.003011,0.238692,0.429115,1.138437,-0.312962,0.001205,-0.005301,0.024593,0.018126,0.235760,-0.154544,-0.010733,0.039316,0.001524,0.042090,0.251234,-0.798796,1.083113,1.457475,0.000000,0.000000,0.328554,-0.234064,-0.029419,0.969032,0.079154,0.000000,0.000000
-2.732296,-0.351031,0.868970,0.068412,0.052878,0.927870,-0.362741,-0.017904,0.227750,0.421989,1.104213,-0.288665,-0.002060,-0.001939,0.021531,0.030515,0.240013,-0.174055,-0.013507,0.057052,0.000287,-0.005487,0.229808,-0.608002,1.213269,1.448760,0.000000,0.000000,0.324996,-0.241177,-0.039274,0.936840,0.075208,0.000000,0.000000
-2.747326,-0.356644,0.868704,0.067387,0.050966,0.928655,-0.361194,-0.024834,0.241409,0.447054,1.085574,-0.286919,-0.003229,0.006870,0.031786,0.043140,0.240387,-0.191228,-0.012872,0.062517,0.000149,0.003433,0.242562,-0.628190,1.217948,1.480416,0.000000,0.000000,0.315235,-0.235697,-0.048878,0.918815,0.077182,0.000000,0.000000
-2.734663,-0.372093,0.868504,0.076927,0.053008,0.950879,-0.295128,-0.030150,0.126134,0.319263,1.034175,-0.290907,-0.013636,-0.000353,0.012340,0.091056,0.282129,-0.194688,-0.026007,0.042007,-0.000390,0.071870,0.230929,-0.445110,1.231853,1.431696,0.000000,0.000000,0.283191,-0.274279,0.106002,0.885121,0.081658,0.000000,0.000000
-2.740858,-0.379392,0.868895,0.076122,0.053889,0.953982,-0.284990,-0.035221,0.117181,0.321707,1.011153,-0.301516,-0.016975,0.003055,0.007321,0.085438,0.287436,-0.197655,-0.026408,0.032287,-0.000227,0.099444,0.230057,-0.434029,1.227533,1.474780,0.000000,0.000000,0.270171,-0.282304,0.126691,0.860898,0.064032,0.000000,0.000000
-2.743367,-0.385566,0.869305,0.075752,0.053710,0.957945,-0.271511,-0.040435,0.105212,0.309399,0.969827,-0.297474,-0.018117,0.004913,0.002788,0.096356,0.289332,-0.200414,-0.029407,0.034563,-0.000466,0.118098,0.228313,-0.407326,1.231958,1.458726,0.000000,0.000000,0.256090,-0.288393,0.145670,0.833601,0.061244,0.000000,0.000000
-2.747962,-0.390973,0.869288,0.076766,0.052249,0.960975,-0.260584,-0.056209,0.095424,0.295079,0.896328,-0.255695,-0.018319,0.009553,0.003275,0.110166,0.290836,-0.204828,-0.031582,0.039269,-0.000837,0.132172,0.231331,-0.382399,1.237789,1.427477,0.000000,0.000000,0.245769,-0.293693,0.156275,0.798049,0.059524,0.000000,0.000000
-2.755801,-0.396919,0.868771,0.077482,0.047479,0.964408,-0.248314,-0.088515,0.088142,0.276102,0.764346,-0.136140,-0.017268,0.015935,0.012258,0.137444,0.289772,-0.210363,-0.033748,0.047628,-0.001505,0.148554,0.248950,-0.338814,1.237711,1.329690,0.000000,0.000000,0.242016,-0.313111,0.208769,0.747146,0.085561,0.000000,0.000000
-2.749471,-0.402733,0.869065,0.081795,0.052583,0.968355,-0.229855,-0.092679,0.039346,0.207651,0.417430,-0.191427,-0.013329,0.011500,-0.004074,0.149936,0.308230,-0.216942,-0.040302,0.055453,-0.002002,0.162975,0.228953,-0.326403,1.254607,1.370799,0.000000,0.000000,0.228878,-0.327530,0.236723,0.720164,0.094410,0.000000,0.000000
-2.753447,-0.412807,0.868888,0.083512,0.049250,0.970665,-0.220020,-0.085074,0.035632,0.197701,0.344669,-0.181234,-0.011244,0.018441,-0.005631,0.159512,0.306303,-0.223881,-0.042324,0.056408,-0.002083,0.177170,0.230002,-0.303108,1.258895,1.360577,0.000000,0.000000,0.221954,-0.332120,0.248341,0.689061,0.099437,0.000000,0.000000
-2.760295,-0.415629,0.869999,0.077979,0.049829,0.972135,-0.215384,-0.072804,0.045918,0.199483,0.369057,-0.189173,-0.008785,0.021872,-0.008170,0.164030,0.295913,-0.223538,-0.043617,0.047084,-0.002119,0.195911,0.232051,-0.312201,1.244646,1.341221,0.000000,0.000000,0.200284,-0.339388,0.258751,0.665572,0.092188,0.000000,0.000000
-2.764247,-0.422535,0.869627,0.080101,0.045124,0.973537,-0.209220,-0.046269,0.057069,0.191339,0.443575,-0.203450,-0.004944,0.030744,-0.002491,0.182459,0.289953,-0.205215,-0.045519,0.044197,-0.001637,0.282446,0.202899,-0.680737,1.209541,1.315202,0.000000,0.000000,0.186865,-0.334538,0.269533,0.632030,0.108165,0.000000,0.000000
-2.767723,-0.427719,0.869250,0.076160,0.039930,0.974284,-0.208268,-0.028609,0.059265,0.185384,0.470373,-0.208889,-0.003381,0.030871,0.001726,0.188946,0.283624,-0.192626,-0.045582,0.043238,-0.001324,0.289234,0.201785,-0.738974,1.219971,1.312061,0.000000,0.000000,0.175365,-0.329354,0.268178,0.609984,0.113899,0.000000,0.000000
-2.770394,-0.433345,0.868780,0.073043,0.035145,0.975195,-0.205973,-0.006292,0.059364,0.180215,0.488456,-0.221806,-0.002359,0.030446,0.004463,0.190976,0.277557,-0.209266,-0.044845,0.037903,-0.001246,0.291922,0.199945,-0.776067,1.238209,1.308312,0.000000,0.000000,0.159421,-0.328086,0.273675,0.586368,0.113422,0.000000,0.000000
-2.774536,-0.438473,0.868311,0.069842,0.031150,0.976309,-0.202414,0.016825,0.059714,0.173790,0.508761,-0.232311,-0.000921,0.030593,0.006877,0.193455,0.273936,-0.220450,-0.044287,0.028431,-0.001055,0.299564,0.203511,-0.820805,1.241840,1.312677,0.000000,0.000000,0.141409,-0.322357,0.277744,0.562404,0.125270,0.000000,0.000000
-2.777766,-0.443876,0.867609,0.068868,0.027223,0.977290,-0.198545,0.040690,0.059011,0.165892,0.527701,-0.241305,0.000537,0.031321,0.010220,0.206774,0.273705,-0.226097,-0.045458,0.018441,-0.001003,0.313343,0.209735,-0.882958,1.245515,1.305723,0.000000,0.000000,0.123470,-0.317130,0.286034,0.540576,0.123009,0.000000,0.000000
