0.000000,0.000000,0.871349,-0.010110,0.019972,0.415709,0.909222,0.000145,-0.006771,0.062518,-0.012162,-0.189834,0.003313,-0.012508,0.002155,-0.102935,0.028125,-0.181150,0.001456,0.034557,-0.000037,-0.019247,0.202825,-0.480674,1.157704,1.560222,0.000000,0.000000,0.038431,-0.179190,0.249478,1.090421,-0.116947,0.000000,0.000000
-0.000054,0.000170,0.871215,-0.009800,0.020570,0.416138,0.909016,0.000245,-0.006891,0.062424,-0.011981,-0.190350,0.003315,-0.012578,0.002022,-0.102558,0.027783,-0.181243,0.001356,0.034168,-0.000167,-0.019824,0.203082,-0.481209,1.158476,1.562212,0.000000,0.000000,0.038122,-0.179375,0.250381,1.091722,-0.118777,0.000000,0.000000
0.001467,0.000296,0.871248,-0.009705,0.020061,0.416221,0.908990,0.001140,-0.005649,0.060924,-0.010361,-0.189608,0.003797,-0.011877,0.002454,-0.101011,0.026246,-0.181226,0.001224,0.033929,-0.000369,-0.020623,0.203382,-0.482055,1.159884,1.565128,0.000000,0.000000,0.037821,-0.179374,0.251117,1.093444,-0.123128,0.000000,0.000000
0.001592,0.000409,0.871257,-0.009732,0.019959,0.416723,0.908762,0.001364,-0.005357,0.060709,-0.009942,-0.189548,0.003889,-0.011668,0.002561,-0.100723,0.025764,-0.181211,0.001204,0.033865,-0.000406,-0.020768,0.203411,-0.482264,1.159918,1.565685,0.000000,0.000000,0.037917,-0.179256,0.251457,1.093936,-0.123594,0.000000,0.000000
0.001556,0.000369,0.871235,-0.009760,0.020057,0.417034,0.908617,0.001768,-0.004815,0.060433,-0.009178,-0.189670,0.004041,-0.011309,0.002702,-0.100412,0.024967,-0.181354,0.001185,0.033727,-0.000448,-0.020832,0.203422,-0.482373,1.160088,1.566633,0.000000,0.000000,0.038475,-0.178631,0.252171,1.095335,-0.122158,0.000000,0.000000
0.001359,0.000123,0.871200,-0.009674,0.019784,0.416448,0.908893,0.003084,-0.002921,0.060398,-0.006533,-0.191482,0.004436,-0.010366,0.002588,-0.099731,0.023116,-0.185034,0.001010,0.034823,-0.000527,-0.022080,0.208663,-0.500580,1.164347,1.569453,0.000000,0.000000,0.043422,-0.172831,0.263210,1.099154,-0.126900,0.000000,0.000000
0.001151,0.000239,0.871203,-0.009691,0.019761,0.416268,0.908975,0.003151,-0.002865,0.060394,-0.006388,-0.191530,0.004446,-0.010330,0.002508,-0.099696,0.022978,-0.185362,0.000982,0.034900,-0.000549,-0.022114,0.208933,-0.501473,1.164482,1.569582,0.000000,0.000000,0.043639,-0.172554,0.263563,1.099302,-0.127393,0.000000,0.000000
0.001282,0.000233,0.871196,-0.009704,0.019821,0.415874,0.909154,0.003210,-0.002800,0.060416,-0.006259,-0.191676,0.004456,-0.010297,0.002407,-0.099590,0.022775,-0.185895,0.000939,0.035036,-0.000574,-0.022089,0.209202,-0.502314,1.164262,1.569700,0.000000,0.000000,0.043861,-0.172257,0.263926,1.099372,-0.127727,0.000000,0.000000
0.001525,0.000201,0.871219,-0.009758,0.019684,0.415899,0.909145,0.003276,-0.002687,0.060401,-0.006119,-0.191848,0.004480,-0.010238,0.002350,-0.099502,0.022646,-0.186411,0.000910,0.035239,-0.000599,-0.022100,0.209404,-0.503080,1.164341,1.569804,0.000000,0.000000,0.044053,-0.171981,0.264167,1.099461,-0.128021,0.000000,0.000000
0.001586,0.000221,0.871218,-0.009813,0.019731,0.415982,0.909106,0.003333,-0.002579,0.060381,-0.005998,-0.191984,0.004505,-0.010182,0.002306,-0.099425,0.022606,-0.186861,0.000885,0.035445,-0.000629,-0.022135,0.209587,-0.503824,1.164511,1.569897,0.000000,0.000000,0.044173,-0.171731,0.264363,1.099599,-0.128322,0.000000,0.000000
0.001892,-0.000110,0.871157,-0.009715,0.020010,0.415931,0.909124,0.003571,-0.001403,0.060345,-0.005403,-0.191943,0.004744,-0.010056,0.002531,-0.098971,0.023613,-0.188126,0.000838,0.035764,-0.000743,-0.021439,0.210603,-0.508440,1.166255,1.570593,0.000000,0.000000,0.046284,-0.167067,0.249803,1.055851,-0.075245,0.000000,0.000000
0.001720,-0.000150,0.871119,-0.009633,0.020199,0.415691,0.909231,0.003555,-0.001419,0.060364,-0.005426,-0.191918,0.004737,-0.010062,0.002491,-0.098977,0.023625,-0.188121,0.000829,0.035830,-0.000764,-0.021434,0.210655,-0.508743,1.166259,1.570609,0.000000,0.000000,0.046436,-0.166971,0.250032,1.054863,-0.074937,0.000000,0.000000
0.001673,-0.000083,0.871078,-0.009643,0.020509,0.416004,0.909081,0.003512,-0.001465,0.060339,-0.005503,-0.191982,0.004730,-0.010049,0.002412,-0.098608,0.023484,-0.187913,0.000759,0.035826,-0.000794,-0.021464,0.210664,-0.509036,1.166207,1.570624,0.000000,0.000000,0.046644,-0.166865,0.250360,1.053898,-0.074818,0.000000,0.000000
0.001986,0.000043,0.871079,-0.009599,0.020559,0.416494,0.908855,0.003446,-0.001511,0.060041,-0.005626,-0.192215,0.004760,-0.009831,0.002262,-0.096740,0.022751,-0.186671,0.000468,0.035766,-0.000851,-0.021501,0.210615,-0.509556,1.165850,1.570650,0.000000,0.000000,0.046909,-0.166776,0.250940,1.052000,-0.075681,0.000000,0.000000
0.002462,0.000332,0.871125,-0.009600,0.020644,0.416685,0.908766,0.003356,-0.001505,0.059196,-0.005816,-0.192649,0.004875,-0.008782,0.001827,-0.090706,0.019396,-0.183601,-0.000447,0.035437,-0.000960,-0.021238,0.210598,-0.510474,1.164493,1.570700,0.000000,0.000000,0.046654,-0.167067,0.248557,1.043933,-0.072954,0.000000,0.000000
0.002746,0.001597,0.871175,-0.009584,0.020909,0.422315,0.906157,0.003225,-0.001725,0.056682,-0.006144,-0.192300,0.005163,-0.006213,0.000907,-0.089443,0.013278,-0.184128,-0.000806,0.034744,-0.001005,-0.022203,0.210691,-0.516535,1.163257,1.570738,0.000000,0.000000,0.047750,-0.167842,0.238634,1.035830,-0.072329,0.000000,0.000000
0.002921,0.002108,0.871233,-0.009284,0.020803,0.422766,0.905952,0.003329,-0.001920,0.056075,-0.005970,-0.192340,0.005200,-0.005295,0.000501,-0.089707,0.011511,-0.184320,-0.000858,0.034545,-0.000998,-0.022218,0.210744,-0.518035,1.162924,1.570747,0.000000,0.000000,0.048014,-0.168132,0.235710,1.034591,-0.071143,0.000000,0.000000
0.003234,0.002383,0.871238,-0.009157,0.020629,0.422441,0.906109,0.003645,-0.002069,0.056424,-0.005362,-0.192324,0.005118,-0.003868,0.000054,-0.090784,0.009270,-0.184454,-0.000813,0.034996,-0.000949,-0.021937,0.210428,-0.520033,1.162903,1.570752,0.000000,0.000000,0.047219,-0.165392,0.232641,1.041257,-0.064466,0.000000,0.000000
0.003643,0.002753,0.871205,-0.009268,0.020520,0.422078,0.906280,0.003723,-0.002059,0.056625,-0.005209,-0.192312,0.005092,-0.003566,0.000031,-0.091064,0.008880,-0.184460,-0.000779,0.035244,-0.000956,-0.021968,0.210384,-0.520324,1.162974,1.570754,0.000000,0.000000,0.047198,-0.165084,0.232049,1.042153,-0.063531,0.000000,0.000000
0.004328,0.003139,0.871190,-0.009222,0.020104,0.421698,0.906466,0.003861,-0.002005,0.056815,-0.004944,-0.192427,0.005077,-0.003138,0.000048,-0.091324,0.008487,-0.184385,-0.000737,0.035570,-0.000958,-0.021960,0.210363,-0.520583,1.163078,1.570754,0.000000,0.000000,0.047266,-0.164732,0.231656,1.043004,-0.062579,0.000000,0.000000
0.004962,0.003469,0.871146,-0.009272,0.019760,0.421089,0.906757,0.004231,-0.001784,0.057167,-0.004226,-0.192903,0.005074,-0.002183,0.000100,-0.091433,0.007785,-0.184096,-0.000703,0.036169,-0.000973,-0.021685,0.210424,-0.520835,1.163258,1.570755,0.000000,0.000000,0.047353,-0.163935,0.231410,1.044722,-0.060768,0.000000,0.000000
0.005248,0.003965,0.871209,-0.008962,0.019906,0.421144,0.906731,0.004436,-0.001730,0.057175,-0.003833,-0.193288,0.005083,-0.001694,-0.000054,-0.091334,0.007420,-0.184156,-0.000747,0.036330,-0.000968,-0.021417,0.210608,-0.520936,1.163129,1.570757,0.000000,0.000000,0.047663,-0.163566,0.231618,1.045121,-0.060219,0.000000,0.000000
0.005438,0.004426,0.871208,-0.008906,0.019924,0.420697,0.906939,0.004659,-0.001681,0.057274,-0.003396,-0.193832,0.005080,-0.001193,-0.000291,-0.091233,0.007072,-0.184382,-0.000811,0.036496,-0.000970,-0.021079,0.210806,-0.520948,1.162964,1.570757,0.000000,0.000000,0.047901,-0.163261,0.231792,1.045694,-0.060275,0.000000,0.000000
0.005910,0.004896,0.871234,-0.008599,0.019622,0.420725,0.906935,0.005187,-0.001616,0.057411,-0.002363,-0.195044,0.005072,-0.000084,-0.000769,-0.091067,0.006597,-0.184700,-0.000933,0.036857,-0.000983,-0.020467,0.211090,-0.521419,1.162841,1.570759,0.000000,0.000000,0.048364,-0.162830,0.232454,1.046948,-0.060426,0.000000,0.000000
0.006458,0.005607,0.871199,-0.008393,0.019159,0.420293,0.907147,0.006291,-0.001683,0.056986,-0.000193,-0.197042,0.005104,0.002141,-0.001650,-0.090125,0.005884,-0.185178,-0.001243,0.037537,-0.001059,-0.019183,0.211268,-0.521771,1.162795,1.570761,0.000000,0.000000,0.049555,-0.162356,0.234302,1.048565,-0.061869,0.000000,0.000000
0.007000,0.006173,0.871159,-0.008371,0.018833,0.419893,0.907339,0.006809,-0.001724,0.056499,0.000830,-0.198068,0.005155,0.003187,-0.002051,-0.089259,0.005598,-0.185594,-0.001442,0.037841,-0.001088,-0.018372,0.211438,-0.521441,1.162089,1.570759,0.000000,0.000000,0.050208,-0.162131,0.234797,1.048946,-0.061931,0.000000,0.000000
0.007437,0.006523,0.871125,-0.008256,0.018523,0.419775,0.907402,0.007576,-0.001748,0.055645,0.002348,-0.199364,0.005257,0.004612,-0.002583,-0.087941,0.005663,-0.186108,-0.001730,0.038212,-0.001125,-0.017261,0.211762,-0.521021,1.159833,1.570760,0.000000,0.000000,0.051073,-0.161754,0.235173,1.049385,-0.062611,0.000000,0.000000
0.007688,0.007147,0.871079,-0.008176,0.018287,0.419255,0.907647,0.008345,-0.001854,0.055557,0.003895,-0.200473,0.005239,0.005893,-0.003226,-0.087020,0.006164,-0.186920,-0.001989,0.038700,-0.001168,-0.016253,0.212106,-0.520592,1.157897,1.570760,0.000000,0.000000,0.051783,-0.161510,0.235929,1.049901,-0.065193,0.000000,0.000000
0.007961,0.008005,0.871041,-0.007935,0.017991,0.419111,0.907722,0.009380,-0.002187,0.056018,0.006003,-0.202117,0.005096,0.007528,-0.004197,-0.086985,0.007525,-0.188125,-0.002194,0.039346,-0.001236,-0.014897,0.212308,-0.519762,1.156370,1.570761,0.000000,0.000000,0.052534,-0.161450,0.236978,1.050923,-0.069538,0.000000,0.000000
0.008545,0.008678,0.871000,-0.007761,0.017916,0.419078,0.907740,0.010190,-0.002548,0.057376,0.008209,-0.204253,0.004831,0.008925,-0.004790,-0.087500,0.009122,-0.189168,-0.002240,0.040039,-0.001289,-0.013663,0.212194,-0.518776,1.156343,1.570753,0.000000,0.000000,0.053170,-0.161419,0.237709,1.052053,-0.072937,0.000000,0.000000
0.009010,0.008898,0.870903,-0.007808,0.017412,0.418916,0.907825,0.010484,-0.002532,0.059350,0.011545,-0.207326,0.004573,0.010075,-0.004786,-0.087942,0.010681,-0.190221,-0.002162,0.040498,-0.001314,-0.012571,0.212154,-0.517856,1.157590,1.570750,0.000000,0.000000,0.053218,-0.161439,0.238949,1.053550,-0.076132,0.000000,0.000000
0.009331,0.009193,0.870851,-0.007738,0.016868,0.418583,0.907989,0.010338,-0.002433,0.060790,0.015053,-0.209853,0.004404,0.010856,-0.004694,-0.088041,0.011865,-0.191013,-0.002119,0.040830,-0.001339,-0.011764,0.212430,-0.517391,1.158026,1.570746,0.000000,0.000000,0.053141,-0.161537,0.239499,1.054579,-0.078700,0.000000,0.000000
0.009479,0.009509,0.870809,-0.007643,0.016399,0.418441,0.908064,0.009807,-0.002366,0.062054,0.019492,-0.212452,0.004250,0.011589,-0.004687,-0.087905,0.013049,-0.191751,-0.002127,0.041123,-0.001336,-0.010811,0.212632,-0.516586,1.158680,1.570745,0.000000,0.000000,0.053187,-0.161629,0.239710,1.055644,-0.080762,0.000000,0.000000
0.009412,0.009798,0.870776,-0.007671,0.016426,0.418899,0.907852,0.009041,-0.002386,0.062882,0.023117,-0.214453,0.004137,0.011975,-0.004860,-0.087984,0.013686,-0.192460,-0.002152,0.041470,-0.001350,-0.010267,0.212726,-0.516092,1.158855,1.570740,0.000000,0.000000,0.053410,-0.161575,0.239325,1.056084,-0.081488,0.000000,0.000000
0.009362,0.009970,0.870695,-0.007824,0.016251,0.418660,0.907964,0.007470,-0.002291,0.063846,0.029459,-0.218095,0.004034,0.012420,-0.005239,-0.087945,0.014419,-0.193806,-0.002240,0.042209,-0.001376,-0.009299,0.212829,-0.514935,1.157248,1.570743,0.000000,0.000000,0.053551,-0.161172,0.238799,1.056351,-0.082572,0.000000,0.000000
0.009500,0.010222,0.870602,-0.008030,0.016207,0.418385,0.908090,0.005169,-0.002078,0.064749,0.037982,-0.222877,0.003964,0.012857,-0.005602,-0.087309,0.015140,-0.195483,-0.002406,0.043083,-0.001401,-0.007968,0.213143,-0.513717,1.154738,1.570738,0.000000,0.000000,0.054073,-0.160684,0.239077,1.055830,-0.084901,0.000000,0.000000
0.009698,0.010400,0.870551,-0.008068,0.015883,0.418325,0.908123,0.003376,-0.001958,0.065562,0.044702,-0.226542,0.003880,0.013231,-0.005655,-0.086896,0.015812,-0.196528,-0.002470,0.043520,-0.001406,-0.007137,0.213543,-0.513790,1.153931,1.570741,0.000000,0.000000,0.054655,-0.160426,0.239328,1.055691,-0.086795,0.000000,0.000000
0.009806,0.010503,0.870420,-0.008452,0.015860,0.418473,0.908051,0.000183,-0.001678,0.067219,0.055552,-0.232384,0.003714,0.013676,-0.005408,-0.086949,0.016682,-0.197998,-0.002404,0.044687,-0.001453,-0.006737,0.214050,-0.514800,1.155190,1.570741,0.000000,0.000000,0.055580,-0.160799,0.239416,1.055905,-0.094056,0.000000,0.000000
0.009628,0.010527,0.870214,-0.009075,0.015203,0.418485,0.908051,-0.004149,-0.000596,0.070929,0.070303,-0.239448,0.003421,0.014150,-0.004673,-0.086768,0.017644,-0.199716,-0.002267,0.047699,-0.001609,-0.007942,0.213140,-0.516421,1.161763,1.570733,0.000000,0.000000,0.058088,-0.162311,0.238316,1.054822,-0.109501,0.000000,0.000000
0.009820,0.010738,0.870139,-0.009360,0.015329,0.417377,0.908556,-0.006509,-0.000063,0.072945,0.077853,-0.242848,0.003243,0.014233,-0.004329,-0.085642,0.017786,-0.200008,-0.002349,0.049735,-0.001661,-0.008588,0.212384,-0.516713,1.164437,1.570724,0.000000,0.000000,0.059281,-0.162008,0.238356,1.054126,-0.115266,0.000000,0.000000
0.009933,0.011223,0.870172,-0.009196,0.015396,0.416258,0.909070,-0.007017,-0.000033,0.073254,0.079588,-0.243731,0.003204,0.014264,-0.004347,-0.085451,0.017838,-0.200090,-0.002381,0.050111,-0.001660,-0.008464,0.212386,-0.516523,1.164060,1.570722,0.000000,0.000000,0.059346,-0.161758,0.238350,1.054026,-0.114774,0.000000,0.000000
0.009743,0.011856,0.870197,-0.008999,0.015346,0.416123,0.909134,-0.009126,-0.000248,0.073417,0.087022,-0.247636,0.003125,0.014487,-0.004748,-0.084906,0.018213,-0.200313,-0.002546,0.051221,-0.001672,-0.007744,0.212873,-0.515125,1.159676,1.570721,0.000000,0.000000,0.059155,-0.160946,0.238011,1.054022,-0.109889,0.000000,0.000000
0.009534,0.012354,0.870157,-0.009114,0.015491,0.415986,0.909193,-0.011136,-0.000566,0.073856,0.093732,-0.251319,0.002984,0.014611,-0.005217,-0.084569,0.018420,-0.200712,-0.002697,0.052163,-0.001671,-0.007205,0.213777,-0.513349,1.155140,1.570726,0.000000,0.000000,0.058474,-0.160650,0.237996,1.054842,-0.106055,0.000000,0.000000
0.009440,0.012810,0.870105,-0.009342,0.015800,0.415870,0.909239,-0.012709,-0.000822,0.074604,0.098634,-0.254129,0.002818,0.014602,-0.005559,-0.084587,0.018401,-0.201021,-0.002773,0.052996,-0.001709,-0.006891,0.214372,-0.511927,1.152517,1.570731,0.000000,0.000000,0.057627,-0.160342,0.237921,1.056013,-0.104601,0.000000,0.000000
0.009515,0.013327,0.870009,-0.009774,0.016079,0.415640,0.909334,-0.014837,-0.000982,0.075324,0.105026,-0.257634,0.002678,0.014491,-0.005861,-0.084308,0.018178,-0.201563,-0.002880,0.054461,-0.001756,-0.006715,0.215133,-0.510511,1.149613,1.570735,0.000000,0.000000,0.056985,-0.159958,0.238633,1.057152,-0.106202,0.000000,0.000000
0.009863,0.013919,0.869856,-0.010337,0.015969,0.415213,0.909525,-0.018027,-0.000477,0.076286,0.115723,-0.263728,0.002636,0.014484,-0.005694,-0.083718,0.018162,-0.203522,-0.002926,0.057598,-0.001911,-0.006970,0.215867,-0.508445,1.146155,1.570750,0.000000,0.000000,0.057658,-0.160230,0.243476,1.058369,-0.117237,0.000000,0.000000
0.010498,0.014636,0.869710,-0.010877,0.015690,0.414893,0.909670,-0.018371,-0.000277,0.076281,0.117151,-0.264688,0.002679,0.014553,-0.005544,-0.083499,0.018288,-0.203955,-0.002922,0.057943,-0.001922,-0.007014,0.215811,-0.508155,1.145921,1.570752,0.000000,0.000000,0.057750,-0.160103,0.243701,1.058628,-0.117073,0.000000,0.000000
0.012186,0.015548,0.869607,-0.010716,0.014552,0.409900,0.911951,-0.018858,0.001483,0.078097,0.128413,-0.272898,0.002767,0.016199,-0.003378,-0.078198,0.021317,-0.202966,-0.003146,0.060265,-0.002050,-0.003870,0.214421,-0.498561,1.143824,1.570736,0.000000,0.000000,0.056634,-0.159594,0.252131,1.062649,-0.111925,0.000000,0.000000
0.013286,0.016609,0.869529,-0.010482,0.014114,0.409723,0.912040,-0.019157,0.002376,0.078851,0.138131,-0.279800,0.002809,0.017849,-0.001686,-0.074906,0.024447,-0.203566,-0.003211,0.060846,-0.001968,-0.001063,0.213185,-0.493014,1.142759,1.570715,0.000000,0.000000,0.055842,-0.156736,0.249044,1.064376,-0.083167,0.000000,0.000000
0.013634,0.017792,0.869435,-0.010520,0.013979,0.410872,0.911525,-0.019885,0.002588,0.077629,0.144300,-0.284217,0.003008,0.018669,-0.001328,-0.074519,0.026067,-0.206089,-0.003185,0.061531,-0.001920,-0.001000,0.212473,-0.492226,1.143479,1.570708,0.000000,0.000000,0.056488,-0.154610,0.244487,1.063485,-0.066569,0.000000,0.000000
0.013372,0.019103,0.869327,-0.010804,0.013754,0.411374,0.911299,-0.020394,0.002478,0.077097,0.147432,-0.286119,0.003052,0.018924,-0.001600,-0.074385,0.026558,-0.207905,-0.003268,0.061919,-0.001944,-0.001023,0.212059,-0.492182,1.144025,1.570701,0.000000,0.000000,0.057007,-0.154092,0.242914,1.063083,-0.061664,0.000000,0.000000
0.013282,0.020714,0.869198,-0.011097,0.013924,0.411263,0.911343,-0.021192,0.002087,0.076089,0.152063,-0.289140,0.003099,0.019120,-0.002698,-0.073921,0.026904,-0.212178,-0.003586,0.062708,-0.001970,-0.000943,0.211828,-0.492770,1.144866,1.570695,0.000000,0.000000,0.057851,-0.153392,0.240427,1.062763,-0.056242,0.000000,0.000000
0.013730,0.022396,0.869043,-0.011352,0.013406,0.411004,0.911464,-0.021612,0.001924,0.075171,0.157077,-0.292399,0.003181,0.019545,-0.003785,-0.073312,0.027690,-0.216803,-0.003914,0.063795,-0.002003,-0.000366,0.211854,-0.493460,1.145378,1.570691,0.000000,0.000000,0.058881,-0.152548,0.238559,1.062599,-0.051764,0.000000,0.000000
0.014576,0.024285,0.868827,-0.011513,0.013340,0.410880,0.911519,-0.021653,0.001761,0.074465,0.163405,-0.297705,0.003222,0.020476,-0.005101,-0.075630,0.029606,-0.225661,-0.003906,0.065569,-0.002043,0.001003,0.212991,-0.493867,1.143847,1.570685,0.000000,0.000000,0.060367,-0.151455,0.234547,1.061655,-0.042300,0.000000,0.000000
0.015427,0.026590,0.868383,-0.011600,0.012947,0.410785,0.911566,-0.020502,0.001432,0.075003,0.170369,-0.305408,0.003043,0.022680,-0.006511,-0.089085,0.034753,-0.245072,-0.002468,0.067681,-0.002247,0.003813,0.214413,-0.492837,1.141894,1.570688,0.000000,0.000000,0.063073,-0.153212,0.233935,1.062928,-0.048043,0.000000,0.000000
0.016246,0.028382,0.868240,-0.011594,0.012479,0.411454,0.911271,-0.019834,0.001360,0.074983,0.172881,-0.307808,0.003019,0.023715,-0.006428,-0.092190,0.037074,-0.248749,-0.002019,0.068016,-0.002292,0.004943,0.214527,-0.492240,1.141450,1.570687,0.000000,0.000000,0.064010,-0.153712,0.234161,1.064203,-0.051568,0.000000,0.000000
0.017098,0.030473,0.868069,-0.011598,0.012062,0.411973,0.911043,-0.018889,0.001148,0.074011,0.175673,-0.310384,0.003096,0.025014,-0.006289,-0.094996,0.039902,-0.251946,-0.001593,0.068119,-0.002314,0.006290,0.214233,-0.490874,1.140878,1.570688,0.000000,0.000000,0.065260,-0.153577,0.233793,1.065189,-0.053064,0.000000,0.000000
0.018168,0.032640,0.867814,-0.011870,0.011814,0.412253,0.910916,-0.017817,0.001026,0.072399,0.178551,-0.313418,0.003285,0.026364,-0.006175,-0.097027,0.042797,-0.255742,-0.001279,0.068177,-0.002288,0.007756,0.214823,-0.490454,1.139278,1.570687,0.000000,0.000000,0.066898,-0.153491,0.233019,1.065026,-0.051800,0.000000,0.000000
0.019385,0.034856,0.867478,-0.012161,0.011068,0.412207,0.910942,-0.016149,0.001218,0.070980,0.182301,-0.317519,0.003508,0.028192,-0.005986,-0.098494,0.046635,-0.261027,-0.001022,0.068517,-0.002273,0.009687,0.215839,-0.491333,1.138160,1.570690,0.000000,0.000000,0.069058,-0.153264,0.232515,1.064756,-0.047286,0.000000,0.000000
0.020625,0.037386,0.867164,-0.012502,0.010707,0.412667,0.910733,-0.014650,0.001450,0.069823,0.185164,-0.320953,0.003708,0.029682,-0.005937,-0.099119,0.049723,-0.266028,-0.000915,0.068765,-0.002244,0.011884,0.216776,-0.491091,1.136661,1.570692,0.000000,0.000000,0.071260,-0.152927,0.232223,1.063472,-0.044019,0.000000,0.000000
0.021684,0.040497,0.866804,-0.012432,0.010228,0.414002,0.910134,-0.012036,0.001235,0.066928,0.189025,-0.325961,0.004041,0.032072,-0.006529,-0.101102,0.054684,-0.273722,-0.000766,0.067951,-0.002258,0.015844,0.218477,-0.489759,1.132692,1.570695,0.000000,0.000000,0.074557,-0.153486,0.232379,1.061443,-0.045443,0.000000,0.000000
0.022470,0.043676,0.866270,-0.012198,0.009523,0.415475,0.909473,-0.008423,0.000245,0.062166,0.193546,-0.331747,0.004466,0.034557,-0.008115,-0.105749,0.063404,-0.285751,-0.000482,0.066139,-0.002308,0.021002,0.219814,-0.489549,1.127095,1.570706,0.000000,0.000000,0.079841,-0.156108,0.234979,1.060194,-0.055978,0.000000,0.000000
0.023412,0.046499,0.865755,-0.012146,0.008387,0.417239,0.908677,-0.005526,-0.000145,0.057818,0.197250,-0.335779,0.004977,0.035716,-0.008866,-0.106972,0.073311,-0.292873,-0.000448,0.063428,-0.002260,0.025391,0.219730,-0.487575,1.123738,1.570705,0.000000,0.000000,0.083390,-0.157383,0.235291,1.060550,-0.067791,0.000000,0.000000
0.024259,0.049417,0.865275,-0.012123,0.007692,0.418772,0.907978,-0.003448,-0.000676,0.053815,0.199821,-0.339022,0.005412,0.036012,-0.009664,-0.107922,0.082506,-0.300568,-0.000472,0.061494,-0.002159,0.027896,0.219496,-0.486383,1.121969,1.570698,0.000000,0.000000,0.086600,-0.157673,0.234244,1.059290,-0.068956,0.000000,0.000000
0.024592,0.052575,0.864358,-0.011940,0.006836,0.425838,0.904695,-0.001063,-0.001525,0.043080,0.205592,-0.345254,0.006728,0.036489,-0.010821,-0.110877,0.099733,-0.313837,-0.000261,0.057628,-0.001872,0.028337,0.218961,-0.492695,1.121547,1.570701,0.000000,0.000000,0.093294,-0.156979,0.224480,1.056799,-0.056760,0.000000,0.000000
0.025046,0.055442,0.863699,-0.011305,0.005808,0.427371,0.903987,0.001106,-0.002947,0.036873,0.209648,-0.347880,0.007279,0.035538,-0.012368,-0.112953,0.115539,-0.322537,-0.000269,0.055082,-0.001736,0.029421,0.218658,-0.495304,1.123380,1.570702,0.000000,0.000000,0.097330,-0.156290,0.217820,1.054221,-0.050733,0.000000,0.000000
0.025714,0.058125,0.862741,-0.011113,0.004442,0.428788,0.903326,0.003886,-0.003708,0.031671,0.214289,-0.350292,0.007840,0.033625,-0.013410,-0.114915,0.135298,-0.331068,-0.000148,0.052127,-0.001574,0.032984,0.218357,-0.497231,1.123624,1.570698,0.000000,0.000000,0.100201,-0.153279,0.212025,1.053228,-0.040164,0.000000,0.000000
0.026260,0.060845,0.862419,-0.010956,0.003128,0.431220,0.902175,0.006488,-0.004144,0.026184,0.218530,-0.352604,0.008516,0.031170,-0.013996,-0.115627,0.154603,-0.337657,-0.000094,0.049931,-0.001551,0.034988,0.219052,-0.501673,1.120399,1.570701,0.000000,0.000000,0.105852,-0.154149,0.212873,1.051595,-0.040445,0.000000,0.000000
0.026893,0.063564,0.862071,-0.010899,0.001502,0.433249,0.901207,0.009885,-0.004220,0.019108,0.223049,-0.356955,0.009494,0.027365,-0.014218,-0.114712,0.179618,-0.346253,-0.000158,0.046090,-0.001479,0.038328,0.221007,-0.506069,1.117097,1.570712,0.000000,0.000000,0.111645,-0.156652,0.215473,1.050010,-0.047532,0.000000,0.000000
0.027691,0.066390,0.861706,-0.010149,-0.000554,0.429772,0.902880,0.015061,-0.005365,0.015451,0.226258,-0.361362,0.009746,0.022109,-0.016195,-0.111539,0.209520,-0.354386,-0.000927,0.042620,-0.001413,0.044842,0.222819,-0.502061,1.115475,1.570720,0.000000,0.000000,0.116666,-0.159840,0.226718,1.049115,-0.054658,0.000000,0.000000
0.028601,0.069689,0.861372,-0.009639,-0.002742,0.429160,0.903173,0.020146,-0.006489,0.013582,0.229542,-0.365612,0.009754,0.016716,-0.017557,-0.109959,0.239985,-0.362754,-0.001329,0.039245,-0.001347,0.050975,0.224299,-0.497699,1.108949,1.570723,0.000000,0.000000,0.121960,-0.162769,0.235219,1.048287,-0.061110,0.000000,0.000000
0.029753,0.073310,0.860775,-0.008704,-0.005085,0.430176,0.902689,0.025839,-0.009391,0.010558,0.234469,-0.371461,0.009528,0.010202,-0.018160,-0.111363,0.277594,-0.371923,-0.001074,0.034356,-0.001163,0.058283,0.225638,-0.494142,1.099215,1.570726,0.000000,0.000000,0.128387,-0.165094,0.239813,1.047442,-0.067423,0.000000,0.000000
0.030720,0.076365,0.860126,-0.007536,-0.007725,0.431258,0.902164,0.030894,-0.012960,0.006399,0.240968,-0.377202,0.009322,0.003000,-0.017783,-0.114265,0.316761,-0.379160,-0.000350,0.027411,-0.000892,0.066505,0.227699,-0.490174,1.090583,1.570737,0.000000,0.000000,0.135186,-0.166401,0.243938,1.045557,-0.070363,0.000000,0.000000
0.029287,0.080604,0.857268,-0.006613,-0.010607,0.434974,0.900356,0.036080,-0.015395,0.057925,0.267743,-0.386429,0.001193,-0.002336,-0.026159,-0.180177,0.367800,-0.400836,0.008219,0.018511,-0.000558,0.075712,0.230948,-0.486151,1.080909,1.570775,0.000000,0.000000,0.145503,-0.169063,0.242142,1.040622,-0.068820,0.000000,0.000000
0.031487,0.082709,0.858105,-0.006345,-0.011247,0.437660,0.899048,0.038666,-0.014086,-0.001336,0.260644,-0.389018,0.010173,-0.008028,-0.022723,-0.125999,0.388639,-0.395733,0.000702,0.013192,-0.000320,0.077403,0.231046,-0.489644,1.074051,1.570794,0.000000,0.000000,0.152648,-0.169429,0.243711,1.033323,-0.064727,0.000000,0.000000
0.032019,0.086335,0.858065,-0.005825,-0.013079,0.440439,0.897668,0.041981,-0.013601,-0.012423,0.262345,-0.390831,0.011926,-0.010892,-0.025048,-0.123807,0.409492,-0.397866,-0.000069,0.008856,-0.000180,0.079949,0.229879,-0.487891,1.070913,1.570786,0.000000,0.000000,0.158569,-0.168741,0.245509,1.030345,-0.058168,0.000000,0.000000
0.033181,0.089983,0.857865,-0.006056,-0.014988,0.443007,0.896372,0.046377,-0.012679,-0.018520,0.264767,-0.393930,0.013043,-0.015497,-0.025918,-0.125270,0.438059,-0.399987,0.000141,0.001860,0.000069,0.085233,0.229585,-0.478744,1.065471,1.570783,0.000000,0.000000,0.166016,-0.167522,0.246107,1.025852,-0.050662,0.000000,0.000000
0.034088,0.093446,0.857586,-0.005718,-0.017185,0.444471,0.895610,0.051165,-0.012865,-0.023001,0.267690,-0.396836,0.013664,-0.020862,-0.026887,-0.128317,0.467552,-0.399896,0.000597,-0.004562,0.000186,0.091584,0.228484,-0.468966,1.055997,1.570774,0.000000,0.000000,0.173743,-0.167616,0.244171,1.019205,-0.048647,0.000000,0.000000
0.034711,0.096826,0.857300,-0.005646,-0.018853,0.446400,0.894617,0.055245,-0.013081,-0.027233,0.270147,-0.398970,0.014248,-0.026635,-0.027647,-0.128663,0.492075,-0.402194,0.000612,-0.010414,0.000355,0.096615,0.228616,-0.463519,1.046087,1.570769,0.000000,0.000000,0.181571,-0.169872,0.239431,1.009859,-0.052749,0.000000,0.000000
0.035478,0.099588,0.857050,-0.005177,-0.020507,0.449267,0.893147,0.058830,-0.013018,-0.031287,0.272693,-0.401155,0.014874,-0.032787,-0.027550,-0.127148,0.513523,-0.405048,0.000505,-0.015770,0.000643,0.098742,0.230813,-0.465107,1.040348,1.570790,0.000000,0.000000,0.189018,-0.171091,0.242071,1.007340,-0.041779,0.000000,0.000000
0.036272,0.101853,0.856742,-0.004788,-0.021797,0.452343,0.891565,0.062295,-0.012559,-0.035673,0.275090,-0.403393,0.015645,-0.040799,-0.026704,-0.125965,0.535493,-0.407902,0.000668,-0.023740,0.001029,0.097782,0.237870,-0.474389,1.039131,1.570800,0.000000,0.000000,0.194364,-0.173484,0.245103,1.007507,-0.028942,0.000000,0.000000
0.037030,0.103843,0.856712,-0.004414,-0.023664,0.454673,0.890333,0.065389,-0.011827,-0.038799,0.276912,-0.404986,0.016297,-0.047921,-0.025329,-0.125979,0.551722,-0.407875,0.001138,-0.030412,0.001194,0.096803,0.240543,-0.479950,1.034493,1.570800,0.000000,0.000000,0.197518,-0.173206,0.243594,1.009373,-0.034550,0.000000,0.000000
0.038006,0.105894,0.856589,-0.004369,-0.024255,0.456991,0.889130,0.067664,-0.011377,-0.041375,0.277172,-0.406104,0.016790,-0.055133,-0.023749,-0.124205,0.561512,-0.408733,0.001288,-0.035437,0.001360,0.093881,0.239883,-0.477710,1.035092,1.570800,0.000000,0.000000,0.200176,-0.171675,0.239811,1.011686,-0.040406,0.000000,0.000000
0.039317,0.106969,0.856504,-0.004374,-0.024651,0.458979,0.888094,0.070299,-0.009754,-0.043510,0.276407,-0.408484,0.017485,-0.068091,-0.020057,-0.120762,0.574374,-0.408181,0.001743,-0.046403,0.001830,0.086898,0.252630,-0.500869,1.028678,1.570800,0.000000,0.000000,0.204492,-0.171955,0.238189,1.014677,-0.048337,0.000000,0.000000
0.040985,0.109306,0.856516,-0.004839,-0.025153,0.461715,0.886659,0.072128,-0.008200,-0.044635,0.275982,-0.410375,0.018015,-0.074825,-0.017508,-0.118208,0.577063,-0.408268,0.001966,-0.050717,0.001905,0.086814,0.253318,-0.501163,1.020893,1.570800,0.000000,0.000000,0.208600,-0.170150,0.236168,1.013928,-0.053134,0.000000,0.000000
0.042952,0.111242,0.856595,-0.004769,-0.026240,0.463360,0.885769,0.075240,-0.006154,-0.045332,0.275028,-0.412561,0.018605,-0.082684,-0.014215,-0.117477,0.580760,-0.402533,0.002713,-0.054497,0.001982,0.088477,0.254594,-0.500184,1.010920,1.570800,0.000000,0.000000,0.214838,-0.169655,0.236831,1.012637,-0.054925,0.000000,0.000000
0.044233,0.113350,0.856609,-0.005131,-0.026768,0.466149,0.884286,0.078598,-0.003968,-0.047845,0.273177,-0.412593,0.019487,-0.091716,-0.010480,-0.115458,0.576753,-0.395354,0.003307,-0.058674,0.002161,0.087001,0.255481,-0.502639,1.001937,1.570800,0.000000,0.000000,0.221536,-0.169534,0.236015,1.012120,-0.049535,0.000000,0.000000
0.045702,0.115400,0.856830,-0.006186,-0.027485,0.466906,0.883858,0.082372,-0.000809,-0.047522,0.269751,-0.412315,0.020186,-0.100606,-0.005526,-0.112041,0.565373,-0.387280,0.003907,-0.063022,0.002395,0.080166,0.255048,-0.503427,1.001467,1.570800,0.000000,0.000000,0.226439,-0.168566,0.231713,1.012142,-0.028004,0.000000,0.000000
0.046913,0.118329,0.856947,-0.006648,-0.027634,0.469365,0.882546,0.085796,0.000637,-0.048057,0.265547,-0.412739,0.020586,-0.107235,-0.003418,-0.113025,0.552252,-0.378796,0.004534,-0.067332,0.002465,0.076326,0.249438,-0.494395,1.000910,1.570800,0.000000,0.000000,0.230276,-0.167177,0.227159,1.012340,-0.024053,0.000000,0.000000
0.049182,0.121401,0.857077,-0.007890,-0.027369,0.469720,0.882356,0.090191,0.003407,-0.045750,0.259275,-0.412875,0.020877,-0.115060,0.000125,-0.111219,0.533148,-0.370334,0.004931,-0.071158,0.002555,0.074783,0.239713,-0.470553,1.002583,1.570800,0.000000,0.000000,0.234975,-0.163055,0.221851,1.011874,-0.023138,0.000000,0.000000
0.050995,0.124463,0.857044,-0.008079,-0.027249,0.471502,0.881407,0.093424,0.004305,-0.047588,0.255737,-0.411618,0.021339,-0.120800,0.001086,-0.111771,0.517142,-0.363578,0.005108,-0.075165,0.002797,0.071107,0.239649,-0.469902,1.004670,1.570800,0.000000,0.000000,0.238426,-0.162329,0.220826,1.013043,-0.019432,0.000000,0.000000
0.052331,0.127975,0.856838,-0.008182,-0.027054,0.479063,0.877325,0.095840,0.005833,-0.055975,0.254620,-0.410599,0.022935,-0.126537,-0.000014,-0.120999,0.495586,-0.356785,0.006205,-0.082035,0.003127,0.061371,0.242597,-0.484850,1.009803,1.570800,0.000000,0.000000,0.243630,-0.162952,0.217626,1.018066,-0.028710,0.000000,0.000000
0.053372,0.131899,0.856377,-0.007684,-0.026124,0.488849,0.871943,0.097083,0.006405,-0.068617,0.254850,-0.409219,0.024970,-0.132317,-0.004451,-0.136191,0.473051,-0.353605,0.007366,-0.089738,0.003520,0.047362,0.245282,-0.509260,1.011289,1.570800,0.000000,0.000000,0.251872,-0.162949,0.201839,1.020636,-0.038404,0.000000,0.000000
0.054908,0.135854,0.856112,-0.007394,-0.025952,0.492016,0.870168,0.099933,0.005888,-0.074879,0.253371,-0.406123,0.025845,-0.137793,-0.006889,-0.142514,0.455815,-0.344303,0.007607,-0.095592,0.003699,0.040368,0.244035,-0.511738,0.998884,1.570800,0.000000,0.000000,0.258329,-0.161896,0.195358,1.021272,-0.050355,0.000000,0.000000
0.056684,0.140070,0.855848,-0.006924,-0.025819,0.494715,0.868644,0.104006,0.004965,-0.079610,0.250285,-0.403888,0.026396,-0.143748,-0.009514,-0.148470,0.436966,-0.331707,0.007770,-0.101207,0.003987,0.042348,0.246385,-0.517417,0.977620,1.570800,0.000000,0.000000,0.265280,-0.161435,0.191518,1.021250,-0.049340,0.000000,0.000000
0.059020,0.143910,0.855480,-0.006414,-0.025650,0.495693,0.868095,0.108630,0.004123,-0.081003,0.247103,-0.404084,0.026452,-0.149531,-0.011083,-0.152254,0.413658,-0.319592,0.007775,-0.106732,0.004299,0.045458,0.253160,-0.525382,0.961739,1.570800,0.000000,0.000000,0.269654,-0.161852,0.190880,1.025460,-0.047474,0.000000,0.000000
0.061787,0.147582,0.855061,-0.006442,-0.025645,0.496283,0.867758,0.113632,0.005032,-0.078385,0.244215,-0.410493,0.026272,-0.154861,-0.011360,-0.156005,0.386358,-0.312349,0.007949,-0.113280,0.004607,0.044824,0.261776,-0.536313,0.955482,1.570800,0.000000,0.000000,0.272720,-0.163334,0.193770,1.031743,-0.050036,0.000000,0.000000
0.064794,0.151143,0.855145,-0.006659,-0.025464,0.497332,0.867161,0.118492,0.006561,-0.076941,0.241110,-0.417729,0.026353,-0.160109,-0.010647,-0.156639,0.360172,-0.300200,0.007837,-0.119690,0.004936,0.038147,0.272651,-0.555567,0.949164,1.570800,0.000000,0.000000,0.275292,-0.163094,0.201172,1.037525,-0.054219,0.000000,0.000000
0.067058,0.154848,0.856234,-0.007140,-0.024847,0.498352,0.866589,0.121538,0.007228,-0.076692,0.240423,-0.422349,0.026410,-0.165675,-0.010267,-0.157938,0.336551,-0.287080,0.007819,-0.122101,0.004952,0.034066,0.273762,-0.566270,0.944817,1.570800,0.000000,0.000000,0.276710,-0.163864,0.205541,1.042733,-0.039624,0.000000,0.000000
0.069191,0.158387,0.857088,-0.006854,-0.024098,0.499276,0.866081,0.123617,0.006779,-0.077140,0.242467,-0.427614,0.026320,-0.171730,-0.010807,-0.160881,0.314217,-0.274111,0.007860,-0.125075,0.005000,0.030420,0.271243,-0.568305,0.941412,1.570800,0.000000,0.000000,0.279137,-0.163983,0.206108,1.047137,-0.027733,0.000000,0.000000
0.071694,0.161854,0.857721,-0.006316,-0.023194,0.500124,0.865620,0.125635,0.005803,-0.077779,0.245747,-0.435288,0.026134,-0.178424,-0.011730,-0.163344,0.289100,-0.259963,0.007690,-0.129705,0.005186,0.026521,0.269859,-0.568696,0.937732,1.570800,0.000000,0.000000,0.281620,-0.163837,0.205565,1.052639,-0.020244,0.000000,0.000000
0.074590,0.165161,0.857885,-0.005931,-0.022741,0.500255,0.865559,0.127686,0.005241,-0.077817,0.249654,-0.442759,0.025980,-0.184288,-0.011981,-0.163120,0.265306,-0.246522,0.007278,-0.134006,0.005330,0.023525,0.268541,-0.566254,0.934364,1.570800,0.000000,0.000000,0.283021,-0.164065,0.204768,1.058839,-0.020724,0.000000,0.000000
0.077991,0.168390,0.857614,-0.006195,-0.022393,0.499737,0.865866,0.129888,0.006056,-0.076200,0.253973,-0.450362,0.025930,-0.190140,-0.010738,-0.160575,0.240356,-0.232342,0.006832,-0.137466,0.005438,0.020008,0.265934,-0.558637,0.933925,1.570800,0.000000,0.000000,0.284969,-0.163929,0.205881,1.065597,-0.024053,0.000000,0.000000
0.081024,0.172154,0.857079,-0.006110,-0.021423,0.501200,0.865045,0.132071,0.006914,-0.076115,0.258382,-0.459087,0.026076,-0.196372,-0.010120,-0.165225,0.211148,-0.217466,0.007256,-0.141630,0.005701,0.019874,0.265814,-0.564940,0.951417,1.570800,0.000000,0.000000,0.288586,-0.163348,0.204036,1.074000,-0.026689,0.000000,0.000000
0.083809,0.176188,0.856216,-0.005799,-0.021037,0.502858,0.864094,0.134200,0.007159,-0.077350,0.262743,-0.466058,0.026288,-0.200953,-0.010168,-0.167867,0.186334,-0.204008,0.007269,-0.145213,0.005837,0.017879,0.264053,-0.570499,0.962621,1.570800,0.000000,0.000000,0.291303,-0.162347,0.200216,1.080482,-0.028280,0.000000,0.000000
0.086567,0.180541,0.855071,-0.005274,-0.020338,0.504510,0.863150,0.136538,0.006854,-0.078887,0.267566,-0.473845,0.026419,-0.205239,-0.011209,-0.169364,0.160209,-0.192210,0.006861,-0.147897,0.005886,0.014996,0.260353,-0.571296,0.966403,1.570800,0.000000,0.000000,0.293919,-0.160882,0.197108,1.086406,-0.026124,0.000000,0.000000
0.089394,0.185300,0.853891,-0.004674,-0.018789,0.505843,0.862408,0.138711,0.005627,-0.080888,0.272158,-0.480370,0.026406,-0.209646,-0.012947,-0.174192,0.134308,-0.179489,0.006781,-0.148545,0.005865,0.014244,0.254179,-0.562569,0.969301,1.570800,0.000000,0.000000,0.298563,-0.160299,0.197026,1.089619,-0.018428,0.000000,0.000000
0.092450,0.189641,0.852148,-0.003845,-0.017717,0.507666,0.861363,0.141057,0.004366,-0.083923,0.277139,-0.486448,0.026559,-0.213981,-0.015281,-0.178149,0.107414,-0.165994,0.006415,-0.153816,0.006163,0.011529,0.259129,-0.572587,0.965290,1.570800,0.000000,0.000000,0.302800,-0.162298,0.200363,1.093532,-0.014016,0.000000,0.000000
0.095798,0.194246,0.850145,-0.003526,-0.017135,0.508627,0.860809,0.143530,0.003774,-0.085889,0.282295,-0.492301,0.026737,-0.217771,-0.016629,-0.180294,0.084044,-0.155905,0.006029,-0.158283,0.006358,0.007559,0.261131,-0.576436,0.962701,1.570800,0.000000,0.000000,0.305400,-0.163262,0.199792,1.096099,-0.015095,0.000000,0.000000
0.099276,0.199197,0.848001,-0.002858,-0.016271,0.508877,0.860681,0.146290,0.002153,-0.087959,0.288005,-0.500066,0.026669,-0.221523,-0.017726,-0.183438,0.060706,-0.146493,0.005803,-0.163677,0.006502,0.002730,0.258260,-0.577662,0.961272,1.570800,0.000000,0.000000,0.306226,-0.163000,0.198221,1.100376,-0.020107,0.000000,0.000000
0.102542,0.204289,0.845771,-0.002183,-0.015739,0.509431,0.860365,0.149066,0.000196,-0.090342,0.293811,-0.507142,0.026569,-0.224917,-0.018789,-0.187439,0.040338,-0.138371,0.005722,-0.167124,0.006561,-0.002853,0.253409,-0.573101,0.959754,1.570800,0.000000,0.000000,0.306044,-0.163192,0.196040,1.106600,-0.022435,0.000000,0.000000
0.106007,0.209312,0.843104,-0.001462,-0.014952,0.510430,0.859788,0.152307,-0.001719,-0.093157,0.300598,-0.515049,0.026564,-0.228623,-0.020074,-0.193296,0.017308,-0.128716,0.005737,-0.171209,0.006787,-0.014661,0.253461,-0.572480,0.952783,1.570800,0.000000,0.000000,0.306190,-0.165758,0.194048,1.113417,-0.028238,0.000000,0.000000
0.110066,0.214665,0.841171,-0.001262,-0.013981,0.510895,0.859529,0.154943,-0.001978,-0.093784,0.306006,-0.520606,0.026648,-0.231296,-0.020173,-0.198114,0.000046,-0.121358,0.005962,-0.173960,0.007029,-0.015396,0.253118,-0.578510,0.957644,1.570800,0.000000,0.000000,0.307027,-0.166206,0.193565,1.118194,-0.032247,0.000000,0.000000
0.113985,0.220164,0.838858,-0.000967,-0.013289,0.511194,0.859362,0.158286,-0.001875,-0.093040,0.312786,-0.525893,0.026641,-0.234139,-0.020155,-0.203490,-0.017450,-0.115657,0.006157,-0.175962,0.007182,-0.015908,0.252678,-0.585734,0.961013,1.570800,0.000000,0.000000,0.309336,-0.166377,0.191986,1.121911,-0.035428,0.000000,0.000000
0.117612,0.225771,0.838870,-0.000505,-0.012583,0.511958,0.858918,0.160583,-0.002128,-0.092959,0.317342,-0.529148,0.026608,-0.235864,-0.020616,-0.207263,-0.017450,-0.113841,0.006291,-0.177507,0.007270,-0.016887,0.253854,-0.590500,0.961077,1.570800,0.000000,0.000000,0.310490,-0.166567,0.189734,1.124278,-0.035370,0.000000,0.000000
0.121349,0.231591,0.838988,-0.000554,-0.011173,0.513533,0.857997,0.163545,-0.002515,-0.094880,0.323566,-0.533621,0.026849,-0.238480,-0.022134,-0.211758,-0.017450,-0.113368,0.006244,-0.179197,0.007326,-0.020057,0.252841,-0.593035,0.961593,1.570800,0.000000,0.000000,0.312184,-0.165881,0.184758,1.127450,-0.034780,0.000000,0.000000
0.125344,0.237338,0.839017,-0.000268,-0.009872,0.514468,0.857453,0.166414,-0.003202,-0.097382,0.329579,-0.537116,0.027115,-0.241276,-0.023256,-0.216749,-0.017450,-0.113037,0.006374,-0.180411,0.007376,-0.024042,0.251432,-0.592115,0.961593,1.570800,0.000000,0.000000,0.313482,-0.165518,0.181890,1.130342,-0.035376,0.000000,0.000000
0.129468,0.242730,0.838512,0.000644,-0.008894,0.515013,0.857136,0.170681,-0.004987,-0.101418,0.338680,-0.542290,0.027400,-0.245599,-0.024088,-0.224949,-0.017450,-0.113621,0.006844,-0.187161,0.007829,-0.037886,0.260349,-0.617923,0.963923,1.570800,0.000000,0.000000,0.315975,-0.167473,0.184405,1.135266,-0.048662,0.000000,0.000000
0.133526,0.249308,0.838374,-0.000242,-0.007760,0.514924,0.857201,0.173743,-0.005265,-0.102936,0.345246,-0.546227,0.027676,-0.249369,-0.021731,-0.236039,-0.017450,-0.111503,0.008339,-0.182751,0.007330,-0.032068,0.244726,-0.587138,0.970782,1.570800,0.000000,0.000000,0.317373,-0.166472,0.174288,1.139269,-0.040910,0.000000,0.000000
0.138095,0.255137,0.838787,0.000645,-0.006207,0.514867,0.857248,0.175433,-0.006447,-0.105228,0.348792,-0.547080,0.027762,-0.251170,-0.021835,-0.238996,-0.017450,-0.110845,0.008566,-0.184796,0.007477,-0.031325,0.243382,-0.583908,0.973963,1.570800,0.000000,0.000000,0.316882,-0.166697,0.173648,1.141806,-0.040319,0.000000,0.000000
0.142521,0.261163,0.838585,0.000809,-0.005239,0.515489,0.856880,0.178507,-0.008018,-0.109871,0.355444,-0.547817,0.028182,-0.254121,-0.022418,-0.242658,-0.017450,-0.111688,0.008726,-0.189424,0.007690,-0.033177,0.242695,-0.581913,0.978608,1.570800,0.000000,0.000000,0.315031,-0.167333,0.173531,1.147315,-0.038686,0.000000,0.000000
0.147209,0.267685,0.838499,0.000627,-0.004268,0.516127,0.856501,0.181333,-0.008725,-0.113746,0.361570,-0.548641,0.028720,-0.256514,-0.022892,-0.245298,-0.017450,-0.113509,0.008825,-0.192060,0.007769,-0.034436,0.240665,-0.576610,0.981607,1.570800,0.000000,0.000000,0.313677,-0.168412,0.173295,1.151198,-0.037957,0.000000,0.000000
0.151797,0.274146,0.837899,0.001315,-0.003381,0.516498,0.856281,0.185785,-0.011126,-0.120456,0.371452,-0.549553,0.029364,-0.260238,-0.024697,-0.248215,-0.017450,-0.120129,0.008598,-0.199999,0.008252,-0.045467,0.248064,-0.596797,0.986874,1.570800,0.000000,0.000000,0.313435,-0.171040,0.178662,1.153749,-0.055586,0.000000,0.000000
0.156799,0.281151,0.838174,0.001361,-0.002242,0.516814,0.856094,0.187733,-0.011728,-0.122756,0.375645,-0.548430,0.029670,-0.261371,-0.025441,-0.249260,-0.017450,-0.122411,0.008529,-0.201094,0.008307,-0.047685,0.249512,-0.599176,0.989597,1.570800,0.000000,0.000000,0.314019,-0.171151,0.177342,1.154119,-0.060840,0.000000,0.000000
0.161915,0.288062,0.838206,0.001467,-0.001477,0.517573,0.855637,0.190745,-0.011974,-0.125029,0.381998,-0.545795,0.030136,-0.262450,-0.026847,-0.248987,-0.017450,-0.126244,0.008196,-0.202287,0.008304,-0.049369,0.250389,-0.599234,0.992135,1.570800,0.000000,0.000000,0.314732,-0.170928,0.173766,1.154575,-0.065938,0.000000,0.000000
0.166826,0.295199,0.838553,0.001167,-0.000778,0.518615,0.855007,0.194058,-0.011946,-0.125789,0.388910,-0.540929,0.030474,-0.263369,-0.028575,-0.247283,-0.015002,-0.130286,0.007673,-0.203997,0.008327,-0.049700,0.250362,-0.598535,0.994981,1.570800,0.000000,0.000000,0.315046,-0.170387,0.169141,1.156730,-0.068268,0.000000,0.000000
0.171295,0.302574,0.840282,0.000983,-0.000383,0.519144,0.854686,0.198902,-0.013195,-0.126249,0.398706,-0.533137,0.030520,-0.265374,-0.031324,-0.244759,0.001765,-0.134196,0.007080,-0.205573,0.008321,-0.045768,0.246943,-0.599066,1.003532,1.570800,0.000000,0.000000,0.315487,-0.169126,0.164909,1.160416,-0.063283,0.000000,0.000000
0.177327,0.310017,0.842752,0.000399,0.000112,0.518780,0.854908,0.203443,-0.013118,-0.127697,0.408304,-0.524592,0.031095,-0.267432,-0.032212,-0.243368,0.024313,-0.134626,0.007321,-0.203952,0.008196,-0.039651,0.241737,-0.594589,1.014033,1.570800,0.000000,0.000000,0.316272,-0.169278,0.157337,1.164945,-0.054284,0.000000,0.000000
0.183001,0.317468,0.845003,0.000318,-0.000108,0.518058,0.855346,0.207941,-0.012924,-0.127366,0.417599,-0.517408,0.031388,-0.269039,-0.033011,-0.242928,0.048514,-0.132055,0.007910,-0.203622,0.008259,-0.039844,0.241682,-0.598996,1.022008,1.570800,0.000000,0.000000,0.317233,-0.170128,0.151012,1.166479,-0.054625,0.000000,0.000000
0.188707,0.325210,0.847043,0.000109,-0.000391,0.517170,0.855882,0.212511,-0.012768,-0.126879,0.426801,-0.508604,0.031632,-0.270353,-0.034131,-0.242336,0.072844,-0.130744,0.008482,-0.200864,0.008216,-0.040444,0.241090,-0.600396,1.032237,1.570800,0.000000,0.000000,0.318604,-0.169018,0.144465,1.166880,-0.058680,0.000000,0.000000
0.194643,0.333107,0.848892,-0.000137,-0.000570,0.516565,0.856248,0.216920,-0.012639,-0.127196,0.435888,-0.496192,0.032010,-0.271156,-0.035683,-0.240123,0.096661,-0.132794,0.008690,-0.198117,0.008108,-0.037858,0.240279,-0.598050,1.046063,1.570800,0.000000,0.000000,0.319132,-0.167706,0.138026,1.168301,-0.059025,0.000000,0.000000
0.200923,0.341139,0.850669,-0.000530,-0.000611,0.515172,0.857087,0.220894,-0.012615,-0.126725,0.446719,-0.481105,0.032257,-0.271523,-0.037347,-0.235022,0.121329,-0.138114,0.008455,-0.195118,0.007872,-0.025495,0.236735,-0.586907,1.052516,1.570800,0.000000,0.000000,0.319578,-0.165013,0.130385,1.167698,-0.057262,0.000000,0.000000
0.207328,0.348675,0.852107,-0.000668,-0.000831,0.512620,0.858615,0.222449,-0.013525,-0.124536,0.464050,-0.467303,0.031924,-0.271454,-0.037727,-0.228655,0.144279,-0.144455,0.008190,-0.192429,0.007699,-0.011889,0.234791,-0.578488,1.053193,1.570800,0.000000,0.000000,0.320203,-0.163686,0.127626,1.168527,-0.056059,0.000000,0.000000
0.214082,0.356070,0.853205,-0.001043,-0.001897,0.510015,0.860163,0.222357,-0.013114,-0.119971,0.488762,-0.453219,0.031607,-0.270510,-0.036220,-0.221619,0.168350,-0.151786,0.008200,-0.190655,0.007686,-0.004522,0.237846,-0.578881,1.056540,1.570800,0.000000,0.000000,0.319911,-0.163812,0.132502,1.171484,-0.052152,0.000000,0.000000
0.221016,0.363817,0.854075,-0.001725,-0.003115,0.507771,0.861485,0.220981,-0.011643,-0.115067,0.516478,-0.438041,0.031521,-0.268626,-0.033550,-0.214327,0.190864,-0.160240,0.008298,-0.190895,0.007705,-0.004015,0.241857,-0.585190,1.071313,1.570800,0.000000,0.000000,0.318149,-0.164243,0.142302,1.174613,-0.051892,0.000000,0.000000
0.227951,0.371912,0.855041,-0.001572,-0.003868,0.505478,0.862830,0.218359,-0.011241,-0.110421,0.547577,-0.420446,0.031137,-0.265701,-0.032210,-0.206721,0.212715,-0.169768,0.008009,-0.189452,0.007565,-0.002518,0.242910,-0.591496,1.086469,1.570800,0.000000,0.000000,0.315784,-0.163091,0.149031,1.178194,-0.055253,0.000000,0.000000
0.234701,0.380114,0.855984,-0.000887,-0.004271,0.503730,0.863850,0.214455,-0.011911,-0.106167,0.579872,-0.400173,0.030441,-0.261873,-0.032574,-0.200086,0.231917,-0.177817,0.007442,-0.186218,0.007317,0.003805,0.240552,-0.595430,1.100053,1.570800,0.000000,0.000000,0.312801,-0.161539,0.149626,1.183377,-0.058357,0.000000,0.000000
0.240909,0.388522,0.856828,0.000305,-0.004679,0.500557,0.865691,0.209498,-0.014181,-0.097224,0.614712,-0.375473,0.028339,-0.257221,-0.033961,-0.194885,0.249367,-0.185761,0.006840,-0.178948,0.006941,0.013896,0.233620,-0.588314,1.114293,1.570800,0.000000,0.000000,0.309260,-0.161275,0.146721,1.189991,-0.057646,0.000000,0.000000
0.246782,0.396831,0.857479,0.001923,-0.005539,0.498291,0.866990,0.203613,-0.016094,-0.085847,0.651254,-0.347311,0.025801,-0.251557,-0.036579,-0.189437,0.265804,-0.194826,0.005857,-0.173818,0.006775,0.017675,0.231356,-0.593716,1.125219,1.570800,0.000000,0.000000,0.307938,-0.163095,0.146340,1.192495,-0.058845,0.000000,0.000000
0.252989,0.405045,0.857948,0.003707,-0.006918,0.494653,0.869055,0.196658,-0.018142,-0.073708,0.692204,-0.313593,0.022971,-0.244765,-0.038986,-0.181593,0.282629,-0.206325,0.004511,-0.166314,0.006550,0.023259,0.229727,-0.597251,1.136586,1.570800,0.000000,0.000000,0.308496,-0.164982,0.147473,1.191975,-0.059940,0.000000,0.000000
0.259283,0.413330,0.858348,0.005606,-0.008226,0.490047,0.871639,0.188942,-0.021971,-0.063434,0.733409,-0.277299,0.019807,-0.237463,-0.041391,-0.171880,0.298425,-0.218760,0.002818,-0.156539,0.006201,0.031499,0.225905,-0.597845,1.146925,1.570800,0.000000,0.000000,0.307591,-0.166454,0.148181,1.191528,-0.065722,0.000000,0.000000
0.265457,0.421509,0.858741,0.007553,-0.009412,0.489114,0.872136,0.179510,-0.023453,-0.056304,0.774301,-0.239876,0.017920,-0.229139,-0.044922,-0.166585,0.311527,-0.230613,0.001503,-0.147575,0.005884,0.036334,0.218052,-0.601001,1.161486,1.570800,0.000000,0.000000,0.306562,-0.166639,0.142130,1.191535,-0.070546,0.000000,0.000000
0.272393,0.429152,0.859158,0.009389,-0.010512,0.485589,0.874074,0.169734,-0.024368,-0.047227,0.813379,-0.201459,0.015803,-0.220483,-0.046159,-0.158854,0.321408,-0.240278,0.000228,-0.138125,0.005622,0.041157,0.211516,-0.602757,1.175208,1.570755,0.000000,0.000000,0.306440,-0.167245,0.139283,1.189171,-0.073918,0.000000,0.000000
0.280053,0.436592,0.859514,0.010672,-0.011826,0.478943,0.877701,0.160537,-0.025137,-0.035434,0.847923,-0.177551,0.013246,-0.211628,-0.044198,-0.146588,0.328040,-0.247762,-0.001113,-0.126986,0.005329,0.047735,0.207645,-0.600594,1.187244,1.570665,0.000000,0.000000,0.307142,-0.168044,0.142873,1.183809,-0.071890,0.000000,0.000000
0.288070,0.443719,0.859678,0.011659,-0.013843,0.475739,0.879400,0.150091,-0.020383,-0.024244,0.886497,-0.148455,0.012526,-0.201005,-0.041389,-0.137043,0.335411,-0.256175,-0.001852,-0.115272,0.004947,0.055713,0.205226,-0.601724,1.198466,1.570579,0.000000,0.000000,0.308351,-0.168119,0.142991,1.176357,-0.063320,0.000000,0.000000
0.295908,0.450857,0.859682,0.012766,-0.016060,0.468949,0.882987,0.140343,-0.016764,-0.008653,0.924399,-0.108785,0.010614,-0.190719,-0.037957,-0.125003,0.344390,-0.264386,-0.002885,-0.102833,0.004481,0.067110,0.205412,-0.597175,1.196821,1.570513,0.000000,0.000000,0.309021,-0.169556,0.146903,1.167206,-0.059487,0.000000,0.000000
0.303100,0.458324,0.859723,0.013795,-0.017643,0.467761,0.883571,0.129793,-0.011868,0.002741,0.956693,-0.086248,0.009937,-0.180449,-0.037002,-0.118883,0.351304,-0.273731,-0.003553,-0.093348,0.004187,0.080151,0.208364,-0.599546,1.198640,1.570472,0.000000,0.000000,0.311650,-0.169878,0.145912,1.158355,-0.059479,0.000000,0.000000
0.310646,0.465574,0.859877,0.015315,-0.018858,0.469703,0.882490,0.119375,-0.005217,0.010457,0.982673,-0.088489,0.010534,-0.170407,-0.037417,-0.119011,0.355982,-0.283884,-0.003564,-0.087082,0.003914,0.087947,0.210253,-0.605011,1.196578,1.570446,0.000000,0.000000,0.314441,-0.170900,0.143560,1.151340,-0.060957,0.000000,0.000000
0.318930,0.472760,0.860005,0.016775,-0.020299,0.468787,0.882919,0.107782,0.001634,0.019237,1.009854,-0.101026,0.011011,-0.158334,-0.036707,-0.117157,0.360330,-0.296209,-0.003683,-0.079564,0.003655,0.098010,0.212418,-0.606552,1.193991,1.570420,0.000000,0.000000,0.316050,-0.171759,0.144227,1.143894,-0.059240,0.000000,0.000000
0.326970,0.480618,0.860125,0.018111,-0.021705,0.465520,0.884586,0.096386,0.003607,0.027034,1.032667,-0.122832,0.010182,-0.145759,-0.035497,-0.110281,0.363388,-0.309107,-0.004513,-0.070529,0.003321,0.109976,0.214755,-0.601975,1.191919,1.570390,0.000000,0.000000,0.316405,-0.172273,0.148795,1.135217,-0.055103,0.000000,0.000000
0.337207,0.487332,0.860175,0.019458,-0.023655,0.461823,0.886443,0.085734,0.014553,0.045844,1.053232,-0.176518,0.010097,-0.131273,-0.030826,-0.100875,0.365513,-0.323059,-0.004948,-0.061799,0.002952,0.123200,0.218280,-0.595346,1.181779,1.570371,0.000000,0.000000,0.316386,-0.174213,0.156602,1.125055,-0.051696,0.000000,0.000000
0.342454,0.496613,0.860222,0.021161,-0.025296,0.456077,0.889329,0.075445,0.003280,0.045598,1.063014,-0.162569,0.006609,-0.119627,-0.033045,-0.093294,0.368539,-0.329942,-0.006646,-0.050119,0.002479,0.136110,0.218365,-0.588052,1.179982,1.570326,0.000000,0.000000,0.315315,-0.177861,0.165355,1.116232,-0.053602,0.000000,0.000000
0.354201,0.502537,0.860220,0.022220,-0.027106,0.452205,0.891225,0.066713,0.016412,0.062390,1.071291,-0.169830,0.007315,-0.105938,-0.027349,-0.088463,0.368659,-0.340877,-0.006068,-0.039706,0.002127,0.147986,0.218332,-0.582341,1.182796,1.570263,0.000000,0.000000,0.315049,-0.179817,0.171944,1.104911,-0.054448,0.000000,0.000000
0.362857,0.510438,0.860361,0.023429,-0.028639,0.448375,0.893079,0.057682,0.021017,0.072767,1.072784,-0.179059,0.006656,-0.092010,-0.024879,-0.083170,0.366587,-0.350281,-0.006347,-0.027409,0.001670,0.157967,0.217609,-0.576027,1.187786,1.570210,0.000000,0.000000,0.315638,-0.181730,0.177028,1.094246,-0.054407,0.000000,0.000000
0.371106,0.518666,0.860624,0.025225,-0.029839,0.443337,0.895503,0.048843,0.021411,0.083607,1.068842,-0.190919,0.004583,-0.077967,-0.025286,-0.076061,0.364264,-0.358236,-0.007559,-0.015161,0.001166,0.169014,0.215550,-0.562673,1.189676,1.570143,0.000000,0.000000,0.314464,-0.185465,0.181184,1.086892,-0.056508,0.000000,0.000000
0.379200,0.526419,0.860849,0.026742,-0.030966,0.439473,0.897324,0.039754,0.021038,0.090822,1.062038,-0.202819,0.002944,-0.064463,-0.025252,-0.071136,0.360807,-0.366861,-0.008302,-0.004529,0.000778,0.178640,0.214334,-0.552926,1.189550,1.570083,0.000000,0.000000,0.311872,-0.190084,0.185210,1.078699,-0.060951,0.000000,0.000000
0.386996,0.533666,0.861059,0.027999,-0.032194,0.436270,0.898804,0.029853,0.020721,0.095072,1.051568,-0.217286,0.001874,-0.050742,-0.024266,-0.066287,0.355738,-0.376425,-0.008814,0.006996,0.000443,0.184123,0.213099,-0.548642,1.192794,1.570037,0.000000,0.000000,0.309090,-0.192319,0.187280,1.070506,-0.063694,0.000000,0.000000
0.394284,0.540873,0.861320,0.029133,-0.033139,0.432847,0.900387,0.019128,0.019558,0.098868,1.035392,-0.234587,0.000601,-0.036807,-0.023801,-0.061466,0.349435,-0.383192,-0.009452,0.021362,-0.000040,0.186569,0.209418,-0.545472,1.198713,1.569978,0.000000,0.000000,0.306765,-0.194371,0.187490,1.061098,-0.065698,0.000000,0.000000
0.401372,0.548025,0.861640,0.030255,-0.033595,0.428528,0.902397,0.008810,0.017655,0.104181,1.015051,-0.250947,-0.001201,-0.024474,-0.024247,-0.056261,0.343081,-0.386245,-0.010358,0.035105,-0.000490,0.192941,0.206798,-0.541346,1.199405,1.569925,0.000000,0.000000,0.304150,-0.199214,0.191273,1.051302,-0.066032,0.000000,0.000000
0.407913,0.555292,0.862076,0.031539,-0.032901,0.424572,0.904246,-0.002351,0.012756,0.107461,0.989424,-0.263424,-0.003510,-0.013762,-0.026865,-0.053395,0.336223,-0.388734,-0.011405,0.046226,-0.000815,0.206266,0.210519,-0.536716,1.190468,1.569891,0.000000,0.000000,0.299891,-0.205641,0.195881,1.041215,-0.054532,0.000000,0.000000
0.414258,0.562129,0.862353,0.032319,-0.032361,0.422413,0.905249,-0.014584,0.008739,0.107406,0.961150,-0.272934,-0.004820,-0.003543,-0.029001,-0.054162,0.329205,-0.392877,-0.011776,0.056308,-0.001158,0.214248,0.212481,-0.533782,1.186934,1.569864,0.000000,0.000000,0.296247,-0.209402,0.196882,1.029628,-0.040639,0.000000,0.000000
0.420425,0.568535,0.862607,0.032841,-0.031904,0.419822,0.906451,-0.027387,0.005383,0.107243,0.930250,-0.281479,-0.005852,0.005875,-0.030417,-0.051829,0.321978,-0.394496,-0.012455,0.066652,-0.001496,0.213050,0.209445,-0.531614,1.193533,1.569835,0.000000,0.000000,0.292081,-0.210736,0.197191,1.019094,-0.034964,0.000000,0.000000
0.426708,0.574380,0.862880,0.033445,-0.031642,0.417818,0.907363,-0.040232,0.003293,0.106353,0.898134,-0.284429,-0.006293,0.015036,-0.030829,-0.046462,0.315269,-0.387107,-0.013400,0.076456,-0.001846,0.212160,0.207701,-0.530254,1.198428,1.569815,0.000000,0.000000,0.287906,-0.213715,0.197977,1.007294,-0.034307,0.000000,0.000000
0.432616,0.579783,0.863163,0.033320,-0.030907,0.412939,0.909624,-0.053410,0.001741,0.108567,0.861171,-0.287129,-0.007160,0.022984,-0.030309,-0.038523,0.307064,-0.377922,-0.014540,0.086747,-0.002240,0.214538,0.207369,-0.521651,1.196992,1.569797,0.000000,0.000000,0.282199,-0.219271,0.204049,0.994723,-0.029578,0.000000,0.000000
0.437734,0.585474,0.863383,0.032735,-0.029734,0.410286,0.910884,-0.067036,0.000416,0.110983,0.820275,-0.290050,-0.007912,0.030146,-0.030022,-0.033276,0.297669,-0.373928,-0.015297,0.095111,-0.002495,0.217342,0.208403,-0.512363,1.192246,1.569789,0.000000,0.000000,0.275014,-0.222809,0.208345,0.984240,-0.023452,0.000000,0.000000
0.442433,0.591613,0.863658,0.032462,-0.027570,0.410643,0.910801,-0.081401,-0.003224,0.111676,0.773686,-0.284770,-0.008905,0.036824,-0.030734,-0.029808,0.287584,-0.371420,-0.016001,0.101788,-0.002750,0.216141,0.209472,-0.510612,1.190031,1.569792,0.000000,0.000000,0.266969,-0.226189,0.208626,0.974845,-0.029529,0.000000,0.000000
0.447904,0.599055,0.863699,0.033049,-0.025896,0.407832,0.912091,-0.093354,-0.008065,0.115214,0.730343,-0.284778,-0.010715,0.044304,-0.035042,-0.031748,0.281337,-0.377167,-0.016710,0.111957,-0.003136,0.220459,0.211559,-0.508857,1.182735,1.569784,0.000000,0.000000,0.261657,-0.234175,0.213423,0.964730,-0.035486,0.000000,0.000000
0.454106,0.605544,0.863431,0.032183,-0.024650,0.406651,0.912684,-0.104643,-0.008533,0.119209,0.684505,-0.283216,-0.011218,0.051957,-0.034868,-0.030940,0.274107,-0.378931,-0.016760,0.119765,-0.003382,0.224697,0.210750,-0.510487,1.176899,1.569751,0.000000,0.000000,0.256098,-0.238815,0.217485,0.955416,-0.037417,0.000000,0.000000
0.460278,0.611901,0.863218,0.031485,-0.022914,0.403956,0.913949,-0.115168,-0.009355,0.124235,0.633332,-0.278215,-0.011906,0.059611,-0.035029,-0.029462,0.265820,-0.380959,-0.017003,0.129577,-0.003655,0.226824,0.209524,-0.510597,1.172073,1.569722,0.000000,0.000000,0.248650,-0.242367,0.221729,0.946183,-0.030291,0.000000,0.000000
0.466466,0.618013,0.862824,0.030152,-0.021062,0.401694,0.915035,-0.124832,-0.008788,0.131915,0.577971,-0.274745,-0.012551,0.066752,-0.034130,-0.028971,0.257380,-0.383450,-0.016846,0.138676,-0.003928,0.226838,0.211218,-0.508298,1.168334,1.569718,0.000000,0.000000,0.240044,-0.245487,0.227273,0.936110,-0.018892,0.000000,0.000000
0.473284,0.624118,0.862384,0.028542,-0.019708,0.399232,0.916194,-0.133514,-0.005999,0.137011,0.521327,-0.269126,-0.011988,0.074179,-0.031211,-0.024659,0.248382,-0.383347,-0.016791,0.148142,-0.004280,0.228322,0.214227,-0.505265,1.164925,1.569726,0.000000,0.000000,0.230948,-0.247578,0.232943,0.927504,-0.009609,0.000000,0.000000
0.480458,0.630519,0.861958,0.027038,-0.018203,0.395101,0.918059,-0.140988,-0.002748,0.144082,0.462696,-0.261789,-0.011593,0.081434,-0.028730,-0.018022,0.239069,-0.382804,-0.017196,0.158287,-0.004724,0.231059,0.216028,-0.499641,1.162017,1.569725,0.000000,0.000000,0.220968,-0.249365,0.242226,0.921194,-0.012280,0.000000,0.000000
0.487969,0.636959,0.861298,0.025378,-0.016753,0.387967,0.921172,-0.146953,0.001522,0.161001,0.403204,-0.251937,-0.012580,0.088163,-0.027593,-0.013521,0.231623,-0.387443,-0.017574,0.168386,-0.005159,0.235177,0.216649,-0.490165,1.156868,1.569715,0.000000,0.000000,0.209712,-0.253985,0.253076,0.914559,-0.018157,0.000000,0.000000
0.494961,0.643983,0.860343,0.023576,-0.015579,0.384891,0.922529,-0.152464,0.004193,0.171616,0.343973,-0.239436,-0.012730,0.095468,-0.026587,-0.014391,0.225855,-0.392337,-0.017198,0.176590,-0.005483,0.236463,0.216988,-0.488899,1.152547,1.569693,0.000000,0.000000,0.201240,-0.257380,0.260437,0.906494,-0.016050,0.000000,0.000000
0.501695,0.651020,0.859610,0.021447,-0.014560,0.382444,0.923615,-0.157673,0.007032,0.177017,0.282917,-0.224703,-0.011864,0.103082,-0.024562,-0.014386,0.219596,-0.395214,-0.016708,0.185618,-0.005797,0.235463,0.216697,-0.490134,1.151641,1.569683,0.000000,0.000000,0.194659,-0.261444,0.266571,0.897049,-0.014280,0.000000,0.000000
0.508131,0.657973,0.860451,0.019740,-0.013178,0.379256,0.924987,-0.162472,0.008738,0.181830,0.220963,-0.209227,-0.011103,0.110022,-0.023242,-0.012386,0.213811,-0.398752,-0.016679,0.193805,-0.006087,0.236358,0.217755,-0.487168,1.148512,1.569674,0.000000,0.000000,0.186118,-0.264708,0.272881,0.888200,-0.011819,0.000000,0.000000
0.513262,0.664558,0.859819,0.017182,-0.010889,0.376575,0.926163,-0.168738,0.009906,0.183481,0.157637,-0.192415,-0.009871,0.112399,-0.022224,-0.009350,0.215170,-0.404259,-0.016866,0.199696,-0.006330,0.237283,0.220506,-0.482883,1.142849,1.569690,0.000000,0.000000,0.175149,-0.267634,0.278286,0.880372,-0.005557,0.000000,0.000000
0.518566,0.671235,0.857661,0.014750,-0.008763,0.373871,0.927322,-0.174709,0.011866,0.183122,0.098216,-0.178237,-0.008228,0.114160,-0.021377,-0.006328,0.218177,-0.410570,-0.017093,0.205565,-0.006626,0.237037,0.222378,-0.479492,1.139142,1.569707,0.000000,0.000000,0.163729,-0.271373,0.284666,0.873794,-0.003995,0.000000,0.000000
0.524571,0.677900,0.853962,0.012899,-0.007259,0.370718,0.928628,-0.179558,0.014699,0.184104,0.040749,-0.166507,-0.006614,0.116704,-0.020705,-0.004535,0.223154,-0.420317,-0.017178,0.211838,-0.006883,0.238134,0.225242,-0.476928,1.135336,1.569721,0.000000,0.000000,0.151700,-0.273680,0.293080,0.868788,-0.002528,0.000000,0.000000
0.530561,0.684965,0.850770,0.010557,-0.006131,0.370832,0.928620,-0.184375,0.017141,0.182412,-0.012328,-0.157099,-0.004821,0.119834,-0.018631,-0.006076,0.229438,-0.430435,-0.016458,0.217432,-0.007102,0.237171,0.228226,-0.479246,1.134345,1.569733,0.000000,0.000000,0.143498,-0.274838,0.296391,0.862962,0.002694,0.000000,0.000000
0.536943,0.691679,0.849155,0.008138,-0.005364,0.366954,0.930188,-0.188322,0.021173,0.184175,-0.017450,-0.154756,-0.003688,0.122284,-0.016840,-0.003796,0.234425,-0.436742,-0.016353,0.223251,-0.007343,0.236181,0.228539,-0.477441,1.134525,1.569741,0.000000,0.000000,0.136819,-0.275713,0.301339,0.857884,0.004784,0.000000,0.000000
0.543524,0.698796,0.849079,0.006025,-0.004011,0.362587,0.931922,-0.194186,0.027236,0.186241,-0.017450,-0.152660,-0.002386,0.125477,-0.015349,0.001100,0.241030,-0.445599,-0.016721,0.229529,-0.007655,0.236279,0.229772,-0.469411,1.133144,1.569755,0.000000,0.000000,0.124619,-0.277419,0.309794,0.852470,0.008934,0.000000,0.000000
0.549853,0.706860,0.849022,0.003991,-0.003272,0.359186,0.933252,-0.199135,0.031955,0.187276,-0.017450,-0.150665,-0.001444,0.128977,-0.015019,0.004437,0.248184,-0.454282,-0.017148,0.233959,-0.007892,0.236685,0.230413,-0.462775,1.132454,1.569767,0.000000,0.000000,0.114972,-0.281217,0.317371,0.849216,0.017500,0.000000,0.000000
0.556541,0.715282,0.848463,0.003027,-0.002734,0.355468,0.934680,-0.203603,0.036730,0.189183,-0.017450,-0.153704,-0.000592,0.133670,-0.016828,0.006901,0.257683,-0.463814,-0.017973,0.237461,-0.008089,0.240350,0.229576,-0.458684,1.131969,1.569744,0.000000,0.000000,0.104510,-0.283541,0.327298,0.847046,0.030356,0.000000,0.000000
0.563110,0.724086,0.847521,0.002758,-0.002935,0.356448,0.934307,-0.207976,0.037353,0.189640,-0.017450,-0.159668,-0.000264,0.139536,-0.018393,0.003327,0.269453,-0.474215,-0.017865,0.238890,-0.008211,0.242199,0.230766,-0.453901,1.130074,1.569746,0.000000,0.000000,0.099056,-0.289144,0.330487,0.846347,0.034140,0.000000,0.000000
0.569844,0.732464,0.846674,0.003060,-0.003472,0.353592,0.935388,-0.210560,0.037990,0.192052,-0.017450,-0.161871,-0.000228,0.145055,-0.021084,0.004965,0.280527,-0.480849,-0.018799,0.241739,-0.008356,0.245134,0.229416,-0.449388,1.129948,1.569728,0.000000,0.000000,0.094246,-0.293347,0.336809,0.846529,0.031345,0.000000,0.000000
0.576824,0.740479,0.846773,0.001943,-0.002390,0.352808,0.935691,-0.213297,0.038660,0.192637,-0.017450,-0.165350,0.000011,0.149631,-0.021961,0.006359,0.289892,-0.487070,-0.019259,0.240593,-0.008349,0.246492,0.228859,-0.443762,1.128781,1.569720,0.000000,0.000000,0.086250,-0.297516,0.344182,0.845222,0.031761,0.000000,0.000000
0.584222,0.748548,0.846368,0.002807,-0.002240,0.347715,0.937593,-0.213889,0.039917,0.189764,-0.017450,-0.162195,0.000438,0.152515,-0.023265,0.014874,0.295850,-0.488335,-0.020873,0.245536,-0.008528,0.246283,0.225876,-0.442813,1.130878,1.569705,0.000000,0.000000,0.083246,-0.297978,0.344464,0.844874,0.026528,0.000000,0.000000
0.592089,0.757980,0.846608,0.002470,-0.000079,0.346317,0.938114,-0.217058,0.037340,0.189151,-0.017450,-0.160187,0.000161,0.157452,-0.026080,0.022896,0.306005,-0.491676,-0.022898,0.250027,-0.008688,0.244888,0.223465,-0.440567,1.131905,1.569679,0.000000,0.000000,0.076252,-0.301291,0.344415,0.845842,0.026295,0.000000,0.000000
0.601071,0.765454,0.844135,0.002449,-0.004375,0.343544,0.939123,-0.219961,0.047799,0.185254,-0.017450,-0.171978,0.002201,0.167800,-0.023666,0.035482,0.327691,-0.494547,-0.024583,0.260143,-0.008832,0.247114,0.219633,-0.436731,1.139052,1.569611,0.000000,0.000000,0.078273,-0.299901,0.339526,0.845953,0.024547,0.000000,0.000000
0.608212,0.776043,0.843286,0.002750,-0.004748,0.342526,0.939493,-0.222377,0.045809,0.188268,-0.017450,-0.179947,0.001707,0.173930,-0.026570,0.037795,0.340387,-0.495224,-0.025950,0.263992,-0.008932,0.249584,0.217909,-0.432260,1.138899,1.569579,0.000000,0.000000,0.079124,-0.301821,0.337628,0.846579,0.027728,0.000000,0.000000
0.615069,0.786657,0.842925,0.002740,-0.004326,0.345219,0.938508,-0.224451,0.040814,0.190196,-0.017450,-0.190270,0.000911,0.180162,-0.030187,0.030330,0.352682,-0.495667,-0.025967,0.259518,-0.008825,0.251213,0.218545,-0.428407,1.137444,1.569584,0.000000,0.000000,0.077022,-0.306984,0.337700,0.849323,0.032336,0.000000,0.000000
0.622350,0.796949,0.842191,0.004223,-0.004409,0.345487,0.938404,-0.225299,0.037205,0.188946,-0.017450,-0.192134,0.000467,0.185479,-0.034591,0.027020,0.363084,-0.493041,-0.026795,0.255782,-0.008751,0.253642,0.216714,-0.425279,1.137176,1.569568,0.000000,0.000000,0.075104,-0.310023,0.337525,0.851874,0.030204,0.000000,0.000000
0.629691,0.806778,0.841827,0.004743,-0.004986,0.344399,0.938798,-0.226611,0.035382,0.187620,-0.017450,-0.182463,0.000148,0.190166,-0.038509,0.026815,0.376649,-0.488422,-0.028027,0.253127,-0.008659,0.255992,0.213448,-0.421032,1.138757,1.569544,0.000000,0.000000,0.074516,-0.312133,0.336589,0.853652,0.026076,0.000000,0.000000
0.636291,0.816184,0.841514,0.004733,-0.005818,0.343451,0.939141,-0.229134,0.034862,0.186256,-0.017450,-0.163288,-0.000194,0.193655,-0.042177,0.029489,0.400763,-0.480971,-0.029824,0.251380,-0.008544,0.257302,0.209017,-0.415296,1.141717,1.569514,0.000000,0.000000,0.075070,-0.314384,0.334078,0.856808,0.020593,0.000000,0.000000
0.642577,0.825565,0.843347,0.004915,-0.006554,0.343074,0.939273,-0.232097,0.035522,0.183354,0.002353,-0.146981,-0.000404,0.194643,-0.044875,0.034363,0.430413,-0.472457,-0.031863,0.251141,-0.008394,0.256398,0.204128,-0.410380,1.144609,1.569469,0.000000,0.000000,0.076677,-0.315406,0.328997,0.860793,0.019697,0.000000,0.000000
0.649132,0.834907,0.846009,0.005276,-0.007297,0.343031,0.939281,-0.234746,0.036882,0.179863,0.032651,-0.137011,-0.000572,0.193792,-0.046500,0.039668,0.462596,-0.461823,-0.033782,0.251270,-0.008220,0.254087,0.199132,-0.409146,1.149363,1.569429,0.000000,0.000000,0.079437,-0.313972,0.322548,0.865739,0.025152,0.000000,0.000000
0.655974,0.844491,0.848596,0.005640,-0.008171,0.343246,0.939193,-0.236489,0.038167,0.176836,0.065246,-0.132521,-0.000780,0.191798,-0.047216,0.045187,0.496252,-0.445916,-0.035562,0.250958,-0.008119,0.252013,0.195365,-0.408840,1.155395,1.569402,0.000000,0.000000,0.082726,-0.312170,0.315481,0.872681,0.027508,0.000000,0.000000
0.662907,0.854736,0.850969,0.006176,-0.009007,0.344912,0.938572,-0.237338,0.037669,0.173018,0.098733,-0.131793,-0.001170,0.189142,-0.047659,0.049103,0.532572,-0.423383,-0.037092,0.249697,-0.007986,0.249759,0.191492,-0.408370,1.163226,1.569381,0.000000,0.000000,0.086821,-0.309834,0.305646,0.882049,0.023471,0.000000,0.000000
0.669580,0.865636,0.852769,0.007786,-0.009854,0.348061,0.937388,-0.236721,0.033402,0.165116,0.130584,-0.130717,-0.001675,0.186576,-0.051628,0.042733,0.571703,-0.391172,-0.037906,0.247693,-0.007826,0.248256,0.188965,-0.413255,1.169083,1.569357,0.000000,0.000000,0.091261,-0.306649,0.293754,0.893136,0.016219,0.000000,0.000000
0.676199,0.877143,0.854321,0.008877,-0.011127,0.352667,0.935641,-0.234410,0.028352,0.155009,0.158413,-0.129611,-0.001907,0.183765,-0.055385,0.034575,0.609897,-0.363641,-0.038170,0.244377,-0.007613,0.245025,0.186125,-0.420022,1.176221,1.569344,0.000000,0.000000,0.098652,-0.303760,0.282406,0.901720,0.013806,0.000000,0.000000
0.682961,0.888015,0.855571,0.009539,-0.012815,0.357127,0.933919,-0.230758,0.024782,0.145429,0.183537,-0.134412,-0.001746,0.179793,-0.057798,0.024158,0.649252,-0.327172,-0.037477,0.240444,-0.007367,0.240568,0.182784,-0.425838,1.184227,1.569335,0.000000,0.000000,0.108300,-0.301849,0.274729,0.910054,0.016117,0.000000,0.000000
0.690294,0.897995,0.856647,0.009823,-0.014664,0.361639,0.932151,-0.226100,0.023261,0.136508,0.207243,-0.143206,-0.001130,0.174416,-0.056961,0.012897,0.689996,-0.278913,-0.035476,0.234155,-0.007060,0.236826,0.181025,-0.432071,1.191685,1.569340,0.000000,0.000000,0.117062,-0.298583,0.269142,0.918913,0.015883,0.000000,0.000000
0.697159,0.908658,0.857486,0.010343,-0.016890,0.367969,0.929627,-0.220104,0.020275,0.122926,0.229029,-0.152274,-0.000032,0.168452,-0.056317,-0.000441,0.732050,-0.223265,-0.032935,0.225134,-0.006689,0.233395,0.180294,-0.440666,1.197925,1.569350,0.000000,0.000000,0.125694,-0.295182,0.262231,0.929340,0.016742,0.000000,0.000000
0.703748,0.919940,0.858190,0.010921,-0.019534,0.373322,0.927432,-0.212315,0.016958,0.108422,0.248649,-0.162098,0.001214,0.161472,-0.057830,-0.010547,0.774826,-0.168707,-0.031469,0.214179,-0.006278,0.231107,0.179206,-0.448000,1.203665,1.569365,0.000000,0.000000,0.134293,-0.292225,0.259717,0.937813,0.018998,0.000000,0.000000
0.710309,0.931037,0.858776,0.011496,-0.022416,0.377485,0.925673,-0.203068,0.014326,0.095307,0.266259,-0.173768,0.002470,0.153316,-0.060148,-0.017696,0.817597,-0.117582,-0.030618,0.202817,-0.005888,0.229506,0.176717,-0.451023,1.208363,1.569374,0.000000,0.000000,0.142267,-0.288994,0.260750,0.944652,0.017963,0.000000,0.000000
0.716764,0.942008,0.859231,0.012144,-0.025150,0.381831,0.923810,-0.193265,0.011642,0.082780,0.282143,-0.185003,0.003683,0.144646,-0.062657,-0.025038,0.858601,-0.070175,-0.029625,0.191308,-0.005487,0.226707,0.174057,-0.454947,1.213401,1.569377,0.000000,0.000000,0.150566,-0.284154,0.262113,0.951460,0.016145,0.000000,0.000000
0.722746,0.953514,0.859523,0.013178,-0.027600,0.386903,0.921613,-0.182893,0.007122,0.068978,0.295144,-0.196080,0.004746,0.136187,-0.067102,-0.034544,0.896698,-0.029251,-0.028740,0.179810,-0.005063,0.222598,0.171906,-0.461912,1.218646,1.569387,0.000000,0.000000,0.159050,-0.278237,0.262708,0.957637,0.021004,0.000000,0.000000
0.728636,0.965153,0.859725,0.014555,-0.029878,0.391264,0.919678,-0.171197,0.001665,0.056283,0.305888,-0.207425,0.005448,0.127517,-0.073807,-0.046071,0.933050,0.005657,-0.028106,0.168000,-0.004631,0.219370,0.170428,-0.466925,1.221069,1.569403,0.000000,0.000000,0.165908,-0.274188,0.262140,0.963936,0.027996,0.000000,0.000000
0.734920,0.976685,0.859951,0.015724,-0.031994,0.395029,0.917977,-0.158983,-0.002998,0.046379,0.313749,-0.217901,0.005910,0.118866,-0.079201,-0.055453,0.964522,0.023209,-0.027564,0.156551,-0.004298,0.218393,0.171049,-0.464778,1.217526,1.569421,0.000000,0.000000,0.172191,-0.272349,0.262357,0.968473,0.027805,0.000000,0.000000
0.741499,0.987964,0.860373,0.015953,-0.033904,0.400352,0.915595,-0.146820,-0.006049,0.036085,0.318900,-0.229051,0.006816,0.109676,-0.080936,-0.064389,0.991598,0.021667,-0.026187,0.142813,-0.003829,0.217322,0.173786,-0.463672,1.212036,1.569453,0.000000,0.000000,0.179917,-0.270458,0.264424,0.971728,0.019813,0.000000,0.000000
0.748072,0.999695,0.860577,0.016836,-0.035566,0.404682,0.913611,-0.133734,-0.010750,0.028315,0.324080,-0.239142,0.006917,0.100325,-0.083463,-0.072465,1.014165,0.007288,-0.025313,0.129480,-0.003420,0.216711,0.177043,-0.468386,1.206569,1.569487,0.000000,0.000000,0.188451,-0.269793,0.267526,0.974847,0.005757,0.000000,0.000000
0.754772,1.011153,0.860814,0.017477,-0.037600,0.408757,0.911701,-0.120236,-0.014309,0.021691,0.327286,-0.249493,0.007110,0.091361,-0.085218,-0.079360,1.030894,-0.013646,-0.024527,0.117378,-0.003022,0.215978,0.179073,-0.472187,1.203673,1.569518,0.000000,0.000000,0.196096,-0.267737,0.270566,0.978606,-0.004718,0.000000,0.000000
0.761554,1.022674,0.861045,0.018262,-0.040164,0.412992,0.909665,-0.104251,-0.017573,0.015017,0.329840,-0.259562,0.007368,0.082191,-0.086986,-0.086537,1.044095,-0.042053,-0.023764,0.104668,-0.002563,0.214301,0.181024,-0.479273,1.200507,1.569557,0.000000,0.000000,0.204759,-0.263312,0.273769,0.982805,-0.011158,0.000000,0.000000
0.768420,1.034341,0.861387,0.018546,-0.042401,0.416598,0.907912,-0.088768,-0.019919,0.008949,0.329581,-0.268439,0.007737,0.073580,-0.088369,-0.092684,1.050745,-0.066118,-0.023065,0.093289,-0.002185,0.214431,0.181468,-0.481745,1.197331,1.569569,0.000000,0.000000,0.213210,-0.258527,0.275826,0.985070,-0.010605,0.000000,0.000000
0.775390,1.045915,0.861835,0.018326,-0.044489,0.420526,0.906004,-0.072693,-0.021300,0.001785,0.327495,-0.277567,0.008499,0.064516,-0.088497,-0.098576,1.052331,-0.087531,-0.022007,0.080943,-0.001778,0.214366,0.183267,-0.482699,1.191611,1.569598,0.000000,0.000000,0.221675,-0.254039,0.277246,0.986740,-0.008032,0.000000,0.000000
0.782684,1.056915,0.862255,0.017976,-0.046672,0.423786,0.904380,-0.057072,-0.021173,-0.003225,0.325066,-0.284854,0.009270,0.055477,-0.086918,-0.103132,1.049315,-0.105678,-0.020643,0.068819,-0.001393,0.211540,0.189854,-0.483959,1.184464,1.569672,0.000000,0.000000,0.228763,-0.250497,0.277971,0.989972,-0.008266,0.000000,0.000000
0.789863,1.067752,0.862608,0.017620,-0.048915,0.426871,0.902817,-0.041699,-0.020449,-0.007717,0.322685,-0.290745,0.010105,0.046419,-0.085227,-0.108299,1.042752,-0.123803,-0.019089,0.057226,-0.001046,0.207537,0.197573,-0.486001,1.178658,1.569769,0.000000,0.000000,0.235135,-0.246672,0.277612,0.994094,-0.010036,0.000000,0.000000
0.796732,1.078591,0.862957,0.016908,-0.050793,0.430599,0.900954,-0.026583,-0.019180,-0.012535,0.319607,-0.296562,0.011124,0.036834,-0.083565,-0.115222,1.031495,-0.143833,-0.017165,0.044269,-0.000716,0.203686,0.205232,-0.490554,1.173045,1.569874,0.000000,0.000000,0.241557,-0.242559,0.278458,0.996033,-0.013360,0.000000,0.000000
0.803482,1.088996,0.863233,0.016172,-0.052196,0.434684,0.898924,-0.012498,-0.017935,-0.017432,0.316006,-0.301310,0.012158,0.026850,-0.081116,-0.123208,1.015817,-0.160921,-0.014727,0.031695,-0.000395,0.198200,0.212679,-0.499324,1.167305,1.569973,0.000000,0.000000,0.248268,-0.238031,0.277443,0.998018,-0.014083,0.000000,0.000000
0.810159,1.098832,0.863473,0.015229,-0.053217,0.438533,0.897009,0.000033,-0.016458,-0.022569,0.312084,-0.306001,0.013295,0.016402,-0.077628,-0.130562,0.996620,-0.174671,-0.012022,0.020868,-0.000085,0.190268,0.218317,-0.508585,1.163180,1.570072,0.000000,0.000000,0.255507,-0.234244,0.274958,0.998734,-0.012467,0.000000,0.000000
0.816754,1.107927,0.863677,0.014118,-0.053959,0.442250,0.895156,0.011271,-0.014286,-0.026625,0.308155,-0.311109,0.014437,0.005216,-0.073010,-0.137108,0.973106,-0.191994,-0.009080,0.010292,0.000241,0.181415,0.224054,-0.515186,1.159075,1.570173,0.000000,0.000000,0.261410,-0.231482,0.271218,0.998642,-0.014899,0.000000,0.000000
0.823198,1.116342,0.863828,0.012959,-0.054293,0.446367,0.893107,0.021355,-0.011559,-0.029442,0.304220,-0.315321,0.015522,-0.006897,-0.067442,-0.144562,0.945149,-0.209413,-0.005622,-0.000829,0.000568,0.175506,0.232629,-0.519848,1.149142,1.570299,0.000000,0.000000,0.265534,-0.228520,0.263847,1.000754,-0.017444,0.000000,0.000000
0.828895,1.124750,0.863866,0.011939,-0.054112,0.452289,0.890149,0.029683,-0.009637,-0.034768,0.300933,-0.318347,0.016811,-0.019158,-0.063557,-0.153739,0.914499,-0.224725,-0.002333,-0.012689,0.000942,0.170353,0.241623,-0.525377,1.136170,1.570427,0.000000,0.000000,0.270126,-0.223879,0.253696,1.003346,-0.015849,0.000000,0.000000
0.834065,1.132939,0.863820,0.010768,-0.053645,0.459596,0.886441,0.036555,-0.007809,-0.042612,0.298679,-0.322757,0.018474,-0.031836,-0.060856,-0.167070,0.880914,-0.237743,0.001435,-0.025876,0.001350,0.160874,0.249530,-0.533616,1.127038,1.570575,0.000000,0.000000,0.274895,-0.218919,0.243824,1.005044,-0.012685,0.000000,0.000000
0.839420,1.140743,0.863691,0.009749,-0.053005,0.466003,0.883140,0.042789,-0.005964,-0.048875,0.296545,-0.327615,0.019890,-0.044403,-0.058465,-0.180473,0.846029,-0.245713,0.005067,-0.037197,0.001701,0.149302,0.255477,-0.541103,1.119999,1.570709,0.000000,0.000000,0.280033,-0.215608,0.234731,1.004333,-0.014437,0.000000,0.000000
0.845595,1.148181,0.863508,0.008851,-0.052168,0.469031,0.881595,0.049717,-0.003790,-0.050708,0.293110,-0.331310,0.020703,-0.057183,-0.054936,-0.189204,0.808211,-0.248607,0.007994,-0.046607,0.001991,0.139894,0.261666,-0.545328,1.110369,1.570800,0.000000,0.000000,0.282946,-0.213490,0.229267,1.005088,-0.020857,0.000000,0.000000
0.852016,1.155841,0.863251,0.007976,-0.051225,0.470591,0.880827,0.057618,-0.001470,-0.049337,0.288690,-0.334719,0.021046,-0.070018,-0.051368,-0.194053,0.765368,-0.252696,0.009978,-0.055597,0.002288,0.131837,0.269120,-0.548221,1.099294,1.570800,0.000000,0.000000,0.284319,-0.210555,0.228196,1.008814,-0.023564,0.000000,0.000000
0.858364,1.163825,0.862917,0.007025,-0.050303,0.473240,0.879468,0.065495,0.001494,-0.046300,0.284674,-0.339773,0.021276,-0.081521,-0.048620,-0.199124,0.720293,-0.257718,0.011578,-0.064373,0.002576,0.121650,0.275815,-0.551655,1.090920,1.570800,0.000000,0.000000,0.285907,-0.208295,0.223902,1.012393,-0.020124,0.000000,0.000000
0.864983,1.171847,0.862511,0.005978,-0.049461,0.476070,0.877995,0.073145,0.005073,-0.043499,0.281397,-0.344693,0.021703,-0.091647,-0.045432,-0.205095,0.673649,-0.259216,0.013333,-0.071917,0.002836,0.111374,0.281698,-0.554648,1.084026,1.570800,0.000000,0.000000,0.288840,-0.207059,0.216309,1.013113,-0.019790,0.000000,0.000000
0.871626,1.180115,0.861987,0.004920,-0.048043,0.479282,0.876331,0.080471,0.008031,-0.043313,0.277620,-0.347171,0.022389,-0.101355,-0.042658,-0.213060,0.623542,-0.258092,0.015156,-0.079096,0.003053,0.104340,0.287411,-0.557058,1.069396,1.570800,0.000000,0.000000,0.293285,-0.204914,0.207497,1.009307,-0.022522,0.000000,0.000000
0.878132,1.188460,0.861312,0.004166,-0.046245,0.482753,0.874525,0.087769,0.010013,-0.044627,0.273298,-0.351143,0.023052,-0.110952,-0.040692,-0.222615,0.570219,-0.256600,0.016795,-0.087740,0.003358,0.096723,0.293161,-0.559452,1.051966,1.570800,0.000000,0.000000,0.296189,-0.203590,0.197841,1.005376,-0.023393,0.000000,0.000000
0.884575,1.196856,0.860524,0.003678,-0.044678,0.485307,0.873194,0.095365,0.011229,-0.044409,0.269213,-0.358145,0.023282,-0.119782,-0.038896,-0.231054,0.518314,-0.250828,0.018044,-0.096048,0.003659,0.087934,0.298812,-0.560242,1.039553,1.570800,0.000000,0.000000,0.297771,-0.203568,0.191823,1.004083,-0.020709,0.000000,0.000000
0.891586,1.205119,0.859636,0.003098,-0.042898,0.488649,0.871420,0.102592,0.013652,-0.047629,0.265723,-0.361027,0.024373,-0.127765,-0.036403,-0.239081,0.462477,-0.245967,0.019123,-0.103498,0.003946,0.078679,0.305174,-0.563051,1.028976,1.570800,0.000000,0.000000,0.300455,-0.202518,0.186455,1.002692,-0.021588,0.000000,0.000000
0.897808,1.213593,0.858526,0.002688,-0.040902,0.491175,0.870096,0.109927,0.014319,-0.046902,0.262387,-0.365640,0.024412,-0.135746,-0.034766,-0.245270,0.404801,-0.239671,0.019388,-0.110146,0.004209,0.068562,0.311113,-0.566364,1.020318,1.570800,0.000000,0.000000,0.302483,-0.201845,0.182626,1.000897,-0.025587,0.000000,0.000000
0.904019,1.222005,0.857243,0.002629,-0.038605,0.493707,0.868767,0.117112,0.013822,-0.046954,0.258923,-0.372698,0.024251,-0.143463,-0.033893,-0.249741,0.345544,-0.229150,0.019017,-0.117214,0.004459,0.057338,0.317233,-0.570823,1.008057,1.570800,0.000000,0.000000,0.303456,-0.202299,0.179301,0.999239,-0.025041,0.000000,0.000000
0.911443,1.230219,0.857956,0.002484,-0.036397,0.496423,0.867314,0.124717,0.015825,-0.047032,0.254946,-0.381184,0.024713,-0.149955,-0.031692,-0.253083,0.284075,-0.217672,0.018621,-0.122304,0.004679,0.044553,0.324172,-0.576648,0.997416,1.570800,0.000000,0.000000,0.304520,-0.201164,0.173689,1.000156,-0.021995,0.000000,0.000000
0.918087,1.238194,0.858183,0.002679,-0.034252,0.498592,0.866156,0.130717,0.015946,-0.046775,0.255900,-0.388407,0.024666,-0.156338,-0.030388,-0.254299,0.221414,-0.206031,0.017494,-0.127150,0.004894,0.031720,0.330444,-0.581795,0.989559,1.570800,0.000000,0.000000,0.304054,-0.200545,0.167363,1.003936,-0.021403,0.000000,0.000000
0.924462,1.245752,0.856883,0.003163,-0.031345,0.500580,0.865117,0.134212,0.014816,-0.045780,0.260967,-0.399544,0.024183,-0.163113,-0.030454,-0.254569,0.159288,-0.192226,0.015891,-0.132160,0.005051,0.019101,0.333641,-0.585000,0.982853,1.570800,0.000000,0.000000,0.303147,-0.201052,0.162676,1.006963,-0.024573,0.000000,0.000000
0.930988,1.253641,0.853812,0.003601,-0.027881,0.503246,0.863686,0.137210,0.013543,-0.044856,0.266654,-0.410858,0.023682,-0.169819,-0.031504,-0.256446,0.093462,-0.178417,0.014118,-0.137938,0.005293,0.005215,0.337564,-0.587805,0.975059,1.570800,0.000000,0.000000,0.302206,-0.201936,0.157697,1.008803,-0.027576,0.000000,0.000000
0.937919,1.261542,0.849019,0.003783,-0.025299,0.506130,0.862078,0.140458,0.013810,-0.045796,0.273286,-0.420161,0.023883,-0.174778,-0.031796,-0.255638,0.029935,-0.165651,0.012211,-0.142721,0.005519,-0.008563,0.340119,-0.590056,0.965322,1.570800,0.000000,0.000000,0.301730,-0.201629,0.150946,1.008699,-0.028607,0.000000,0.000000
0.944938,1.269634,0.844508,0.004094,-0.023151,0.508421,0.860788,0.143714,0.014098,-0.046812,0.279811,-0.427760,0.024126,-0.178544,-0.032143,-0.254024,-0.017450,-0.156023,0.010611,-0.145222,0.005653,-0.021010,0.342126,-0.593624,0.957693,1.570800,0.000000,0.000000,0.302278,-0.201953,0.145791,1.009034,-0.031504,0.000000,0.000000
0.951855,1.278106,0.844862,0.004624,-0.021105,0.510104,0.859842,0.146738,0.013880,-0.047232,0.285884,-0.434569,0.024158,-0.182098,-0.033239,-0.253515,-0.017450,-0.149933,0.009643,-0.146484,0.005729,-0.029624,0.342391,-0.595772,0.952476,1.570800,0.000000,0.000000,0.302689,-0.202381,0.141857,1.010139,-0.033728,0.000000,0.000000
0.959039,1.286962,0.844739,0.004975,-0.019355,0.511705,0.858929,0.151680,0.014331,-0.046762,0.295825,-0.445753,0.024244,-0.187475,-0.035532,-0.253300,-0.017450,-0.142047,0.008605,-0.148283,0.005789,-0.039076,0.339914,-0.593085,0.944108,1.570800,0.000000,0.000000,0.303266,-0.201648,0.134810,1.012523,-0.038297,0.000000,0.000000
0.966468,1.296101,0.844578,0.005421,-0.017741,0.512796,0.858310,0.157126,0.015245,-0.045074,0.306727,-0.456540,0.024270,-0.192518,-0.038408,-0.252227,-0.017450,-0.134683,0.007627,-0.148640,0.005857,-0.045343,0.336298,-0.578358,0.935027,1.570800,0.000000,0.000000,0.305528,-0.199920,0.126022,1.013287,-0.044380,0.000000,0.000000
0.974028,1.305500,0.844238,0.005780,-0.016220,0.513584,0.857866,0.163564,0.016272,-0.043142,0.319811,-0.468582,0.024280,-0.197830,-0.041117,-0.251436,-0.017450,-0.130759,0.006755,-0.147761,0.005793,-0.042693,0.321420,-0.549828,0.909391,1.570800,0.000000,0.000000,0.308028,-0.196311,0.116954,1.014069,-0.051352,0.000000,0.000000
0.981684,1.314341,0.843902,0.006988,-0.015124,0.514612,0.857261,0.169342,0.016525,-0.042611,0.331465,-0.478196,0.024321,-0.202042,-0.042990,-0.252556,-0.017450,-0.130032,0.006239,-0.151695,0.006261,-0.048947,0.324184,-0.554143,0.902844,1.570800,0.000000,0.000000,0.307371,-0.197722,0.117225,1.019164,-0.048273,0.000000,0.000000
0.989236,1.323665,0.843590,0.007848,-0.013993,0.516365,0.856218,0.174922,0.017084,-0.043911,0.342974,-0.486600,0.024744,-0.206001,-0.045082,-0.255656,-0.017450,-0.129814,0.005913,-0.153729,0.006481,-0.059485,0.327386,-0.562312,0.902106,1.570800,0.000000,0.000000,0.307249,-0.198660,0.115025,1.023168,-0.045603,0.000000,0.000000
0.997026,1.333252,0.843104,0.008536,-0.013228,0.517969,0.855255,0.180869,0.018276,-0.046853,0.355250,-0.492877,0.025639,-0.209699,-0.047281,-0.257500,-0.017450,-0.130665,0.005524,-0.156131,0.006676,-0.069974,0.331424,-0.572462,0.902796,1.570800,0.000000,0.000000,0.308100,-0.198999,0.114645,1.026819,-0.044127,0.000000,0.000000
1.004942,1.343002,0.842212,0.009001,-0.012953,0.520019,0.854009,0.187524,0.020703,-0.050653,0.369115,-0.497583,0.027068,-0.213432,-0.049300,-0.260080,-0.017450,-0.137276,0.005154,-0.159289,0.006854,-0.086181,0.342850,-0.590386,0.909791,1.570800,0.000000,0.000000,0.309264,-0.199640,0.114071,1.032374,-0.044695,0.000000,0.000000
1.012841,1.352981,0.841294,0.009346,-0.012938,0.521749,0.852950,0.193797,0.023492,-0.052719,0.382074,-0.499607,0.028357,-0.216662,-0.050807,-0.263340,-0.017450,-0.143991,0.004956,-0.161038,0.006837,-0.097734,0.352048,-0.595556,0.910789,1.570800,0.000000,0.000000,0.310805,-0.200870,0.112356,1.035317,-0.051343,0.000000,0.000000
1.020730,1.363335,0.840217,0.009030,-0.013187,0.523690,0.851759,0.199990,0.026736,-0.057139,0.394982,-0.500043,0.030183,-0.219945,-0.051890,-0.266010,-0.017450,-0.150304,0.004842,-0.163553,0.006838,-0.105427,0.352407,-0.600010,0.907199,1.570800,0.000000,0.000000,0.312250,-0.199067,0.111583,1.037179,-0.053923,0.000000,0.000000
1.028679,1.373882,0.838672,0.008874,-0.013671,0.525716,0.850504,0.206522,0.030159,-0.062695,0.408812,-0.497639,0.032351,-0.224220,-0.053358,-0.269630,-0.017450,-0.160014,0.004724,-0.163970,0.006777,-0.104888,0.347073,-0.590021,0.919496,1.570800,0.000000,0.000000,0.315043,-0.194912,0.105690,1.043000,-0.046326,0.000000,0.000000
1.036661,1.384608,0.837191,0.008932,-0.014349,0.526824,0.849806,0.213050,0.032627,-0.066822,0.422609,-0.493293,0.034081,-0.227636,-0.054845,-0.271511,-0.017450,-0.169752,0.004486,-0.164840,0.006722,-0.105433,0.341264,-0.578302,0.917968,1.570800,0.000000,0.000000,0.316753,-0.193193,0.104190,1.047846,-0.044410,0.000000,0.000000
1.045043,1.395144,0.835918,0.009349,-0.015011,0.527663,0.849270,0.219416,0.035185,-0.068179,0.435627,-0.486709,0.035408,-0.230245,-0.056645,-0.269707,-0.017450,-0.177702,0.003955,-0.168556,0.006964,-0.108746,0.349640,-0.575403,0.923206,1.570800,0.000000,0.000000,0.316945,-0.193345,0.104074,1.056474,-0.050792,0.000000,0.000000
1.053768,1.405858,0.834683,0.009596,-0.015891,0.528176,0.848932,0.226122,0.038287,-0.068779,0.449413,-0.478341,0.036817,-0.232301,-0.058079,-0.265190,-0.017450,-0.184200,0.003282,-0.173101,0.007119,-0.109507,0.358442,-0.585543,0.931269,1.570800,0.000000,0.000000,0.317204,-0.192872,0.104025,1.062453,-0.060388,0.000000,0.000000
1.062651,1.417606,0.833889,0.008326,-0.016461,0.528106,0.848978,0.232665,0.041472,-0.071480,0.463811,-0.468459,0.038642,-0.234301,-0.057662,-0.259638,-0.017450,-0.183681,0.002937,-0.168374,0.006457,-0.099088,0.336846,-0.544542,0.934462,1.570800,0.000000,0.000000,0.318054,-0.185728,0.098860,1.065577,-0.057685,0.000000,0.000000
1.071533,1.428189,0.833107,0.009408,-0.017575,0.527895,0.849076,0.236243,0.042018,-0.074364,0.482372,-0.459810,0.039666,-0.235761,-0.058474,-0.255978,-0.017450,-0.174522,0.002718,-0.170202,0.006584,-0.093672,0.334384,-0.536750,0.936577,1.570800,0.000000,0.000000,0.317539,-0.186210,0.100327,1.068799,-0.058747,0.000000,0.000000
1.079917,1.438775,0.832943,0.010112,-0.018803,0.528375,0.848743,0.238882,0.042294,-0.078791,0.513644,-0.445198,0.041149,-0.237701,-0.061509,-0.250297,-0.012546,-0.155576,0.002327,-0.171163,0.006646,-0.085963,0.328470,-0.528524,0.940544,1.570800,0.000000,0.000000,0.316747,-0.185274,0.097991,1.076789,-0.056593,0.000000,0.000000
1.088836,1.449000,0.836230,0.011062,-0.020345,0.527188,0.849433,0.239961,0.041649,-0.082169,0.548483,-0.428713,0.042216,-0.239773,-0.064424,-0.241965,0.019319,-0.134542,0.002144,-0.169532,0.006546,-0.077220,0.319462,-0.514449,0.946653,1.570800,0.000000,0.000000,0.316875,-0.184086,0.094871,1.085674,-0.056236,0.000000,0.000000
1.098119,1.458653,0.839298,0.012023,-0.022056,0.526460,0.849829,0.239092,0.042047,-0.083589,0.584408,-0.408257,0.043204,-0.240596,-0.069002,-0.222736,0.053709,-0.124631,0.000184,-0.170469,0.006727,-0.076967,0.320799,-0.515069,0.958513,1.570800,0.000000,0.000000,0.316469,-0.185075,0.096164,1.094147,-0.058400,0.000000,0.000000
1.108056,1.468387,0.842201,0.012806,-0.024320,0.524715,0.850834,0.237270,0.043521,-0.081346,0.623654,-0.382154,0.043818,-0.240590,-0.070438,-0.202464,0.090745,-0.118311,-0.001455,-0.169667,0.006769,-0.082356,0.320913,-0.523214,0.983912,1.570800,0.000000,0.000000,0.315271,-0.185659,0.099332,1.105430,-0.055260,0.000000,0.000000
1.118305,1.478830,0.844972,0.013067,-0.026483,0.522241,0.852286,0.234148,0.045921,-0.075863,0.664979,-0.348216,0.044020,-0.239456,-0.068643,-0.185033,0.127412,-0.113336,-0.002368,-0.163214,0.006312,-0.075269,0.309272,-0.505637,0.994120,1.570800,0.000000,0.000000,0.315125,-0.182071,0.095846,1.113488,-0.061157,0.000000,0.000000
1.128543,1.489157,0.847376,0.013941,-0.028735,0.519424,0.853920,0.229849,0.048762,-0.067035,0.707926,-0.303901,0.043566,-0.237096,-0.065973,-0.170626,0.163402,-0.112162,-0.003040,-0.161684,0.006236,-0.064650,0.306256,-0.497450,1.003528,1.570800,0.000000,0.000000,0.314231,-0.182690,0.098922,1.121992,-0.066512,0.000000,0.000000
1.138509,1.499640,0.849338,0.014842,-0.031034,0.516460,0.855620,0.224445,0.051840,-0.055619,0.751179,-0.256583,0.042466,-0.233571,-0.062868,-0.158651,0.198148,-0.114917,-0.003539,-0.160523,0.006147,-0.053135,0.301976,-0.485183,1.013666,1.570800,0.000000,0.000000,0.312533,-0.183816,0.103554,1.131136,-0.067595,0.000000,0.000000
1.148226,1.509877,0.850879,0.016158,-0.033277,0.513709,0.857167,0.217863,0.054163,-0.044167,0.794737,-0.211220,0.040888,-0.228441,-0.060375,-0.147216,0.229028,-0.121182,-0.004314,-0.160935,0.006197,-0.043225,0.304057,-0.487943,1.025501,1.570800,0.000000,0.000000,0.310036,-0.185269,0.111419,1.140307,-0.066737,0.000000,0.000000
1.157674,1.520211,0.852093,0.017090,-0.035216,0.510653,0.858895,0.209818,0.056037,-0.033092,0.838097,-0.168563,0.039051,-0.221914,-0.057672,-0.137303,0.253977,-0.130211,-0.004983,-0.155216,0.005851,-0.030552,0.295861,-0.473913,1.033577,1.570800,0.000000,0.000000,0.307836,-0.185437,0.111914,1.147842,-0.059526,0.000000,0.000000
1.166933,1.530178,0.853121,0.018871,-0.037032,0.507193,0.860830,0.200834,0.055709,-0.024039,0.880360,-0.130103,0.036781,-0.214181,-0.056174,-0.127173,0.274138,-0.142343,-0.006115,-0.149700,0.005736,-0.020367,0.292381,-0.476697,1.042499,1.570800,0.000000,0.000000,0.306613,-0.187345,0.114753,1.150238,-0.060218,0.000000,0.000000
1.176396,1.539952,0.854035,0.020837,-0.038957,0.503903,0.862629,0.190115,0.056041,-0.014824,0.923063,-0.093245,0.034573,-0.205105,-0.054907,-0.117433,0.293278,-0.156589,-0.007300,-0.141033,0.005480,-0.011899,0.287290,-0.480575,1.052665,1.570800,0.000000,0.000000,0.307723,-0.188463,0.114470,1.150439,-0.062837,0.000000,0.000000
1.186871,1.549053,0.854831,0.022583,-0.041022,0.501262,0.864027,0.177420,0.061344,-0.003324,0.967024,-0.054675,0.033329,-0.194613,-0.051899,-0.107767,0.311736,-0.173295,-0.008131,-0.130556,0.005169,-0.003341,0.280650,-0.483769,1.061990,1.570800,0.000000,0.000000,0.310458,-0.187861,0.109982,1.149168,-0.063001,0.000000,0.000000
1.200200,1.555307,0.854708,0.020918,-0.045250,0.501962,0.863452,0.162928,0.097103,0.040076,1.017025,0.002805,0.035134,-0.181858,-0.034454,-0.096346,0.327698,-0.205369,-0.006068,-0.131011,0.005157,0.022462,0.291931,-0.469956,1.062661,1.570800,0.000000,0.000000,0.321611,-0.184035,0.109823,1.148435,-0.020934,0.000000,0.000000
1.211662,1.564232,0.855004,0.021575,-0.047792,0.498923,0.865059,0.153324,0.108696,0.053354,1.050452,0.028946,0.035478,-0.170551,-0.026229,-0.085498,0.340121,-0.222543,-0.006041,-0.124786,0.004806,0.034828,0.291366,-0.467752,1.066973,1.570800,0.000000,0.000000,0.323690,-0.185304,0.116844,1.145243,-0.009810,0.000000,0.000000
1.220425,1.574615,0.855363,0.023187,-0.049785,0.494644,0.867359,0.144340,0.104810,0.057654,1.075467,0.010128,0.033507,-0.159800,-0.023491,-0.076938,0.350082,-0.236953,-0.006833,-0.115742,0.004408,0.043083,0.287365,-0.468159,1.074734,1.570800,0.000000,0.000000,0.325118,-0.187589,0.121420,1.143042,-0.004193,0.000000,0.000000
1.230801,1.583763,0.855857,0.024490,-0.051295,0.491283,0.869143,0.133780,0.104665,0.063160,1.101822,0.000588,0.032314,-0.147150,-0.019555,-0.068812,0.359005,-0.251221,-0.007238,-0.104444,0.004055,0.049886,0.285096,-0.471769,1.079453,1.570800,0.000000,0.000000,0.327226,-0.191107,0.123558,1.136353,0.004443,0.000000,0.000000
1.240893,1.593177,0.856436,0.025609,-0.052381,0.487814,0.870998,0.122756,0.103350,0.068410,1.121338,-0.023980,0.031017,-0.133955,-0.015750,-0.063025,0.364281,-0.263966,-0.007291,-0.092025,0.003706,0.055088,0.284326,-0.476443,1.079867,1.570800,0.000000,0.000000,0.329912,-0.195054,0.124422,1.124533,0.015294,0.000000,0.000000
1.250754,1.602797,0.857098,0.026696,-0.053324,0.483446,0.873341,0.111183,0.099964,0.073674,1.136323,-0.050893,0.029252,-0.119674,-0.012536,-0.058179,0.366367,-0.275730,-0.007339,-0.077434,0.003291,0.060244,0.282429,-0.481193,1.082666,1.570800,0.000000,0.000000,0.332367,-0.197096,0.127239,1.112133,0.026895,0.000000,0.000000
1.259961,1.613088,0.857772,0.027933,-0.054187,0.479130,0.875625,0.099592,0.093955,0.079546,1.146248,-0.075802,0.026636,-0.104743,-0.011257,-0.055545,0.366591,-0.287414,-0.007479,-0.062220,0.002756,0.069106,0.274091,-0.483433,1.096396,1.570800,0.000000,0.000000,0.334366,-0.198512,0.129988,1.104020,0.033198,0.000000,0.000000
1.268605,1.623853,0.858436,0.029547,-0.054946,0.475467,0.877519,0.087831,0.084277,0.083683,1.151038,-0.100939,0.023216,-0.089168,-0.011937,-0.053490,0.366503,-0.297823,-0.007985,-0.049141,0.002292,0.082110,0.259308,-0.483389,1.125245,1.570800,0.000000,0.000000,0.335043,-0.200945,0.132807,1.099771,0.032379,0.000000,0.000000
1.277135,1.634256,0.859042,0.031378,-0.055519,0.471913,0.879336,0.076747,0.073591,0.085655,1.150734,-0.122939,0.019781,-0.074988,-0.013111,-0.049958,0.366076,-0.306071,-0.008832,-0.038274,0.001969,0.091878,0.249831,-0.485236,1.142835,1.570800,0.000000,0.000000,0.335000,-0.205349,0.138677,1.094110,0.029638,0.000000,0.000000
1.285975,1.644027,0.859635,0.033187,-0.055802,0.468297,0.881183,0.065778,0.065012,0.089323,1.145840,-0.141468,0.016565,-0.061561,-0.013989,-0.046627,0.364864,-0.312487,-0.009570,-0.027380,0.001710,0.099823,0.245827,-0.488738,1.145649,1.570798,0.000000,0.000000,0.334531,-0.209782,0.145131,1.086608,0.029495,0.000000,0.000000
1.294899,1.653615,0.860209,0.034841,-0.055905,0.464194,0.883280,0.054181,0.057230,0.093850,1.136251,-0.158827,0.013346,-0.047824,-0.014872,-0.043715,0.362675,-0.318115,-0.010250,-0.014944,0.001374,0.108440,0.242541,-0.492036,1.146915,1.570732,0.000000,0.000000,0.333165,-0.214591,0.151358,1.078810,0.031356,0.000000,0.000000
1.304646,1.662806,0.860766,0.036267,-0.055842,0.459482,0.885688,0.042924,0.053328,0.101263,1.123220,-0.173611,0.010664,-0.034389,-0.014841,-0.038800,0.359056,-0.323266,-0.011033,-0.001915,0.000987,0.117411,0.238720,-0.492462,1.148688,1.570647,0.000000,0.000000,0.332309,-0.220096,0.156825,1.067949,0.032381,0.000000,0.000000
1.315112,1.671512,0.861309,0.037124,-0.055613,0.454497,0.888235,0.031263,0.052891,0.111653,1.106447,-0.191305,0.008369,-0.020730,-0.012770,-0.028507,0.352771,-0.330011,-0.012172,0.009912,0.000665,0.127004,0.235594,-0.486565,1.149986,1.570564,0.000000,0.000000,0.330527,-0.223556,0.164034,1.056021,0.032939,0.000000,0.000000
1.324582,1.680384,0.861836,0.037904,-0.055137,0.449581,0.890730,0.018891,0.048938,0.120208,1.084650,-0.216187,0.005270,-0.007616,-0.011422,-0.018265,0.345649,-0.336037,-0.013474,0.021209,0.000300,0.137222,0.233874,-0.479498,1.151275,1.570490,0.000000,0.000000,0.328328,-0.226500,0.172179,1.043467,0.030303,0.000000,0.000000
1.332794,1.689444,0.862277,0.038466,-0.054409,0.444695,0.893200,0.006036,0.040948,0.125655,1.058230,-0.230220,0.001486,0.004175,-0.011844,-0.013417,0.338869,-0.339492,-0.014350,0.033406,-0.000160,0.147225,0.231637,-0.471012,1.151283,1.570418,0.000000,0.000000,0.327133,-0.231253,0.177786,1.027727,0.023172,0.000000,0.000000
1.340935,1.698215,0.862623,0.038845,-0.053371,0.440384,0.895380,-0.007023,0.033761,0.130413,1.028042,-0.236928,-0.001920,0.014995,-0.012567,-0.011401,0.332211,-0.343026,-0.014842,0.045293,-0.000541,0.156553,0.228305,-0.463358,1.150554,1.570340,0.000000,0.000000,0.324624,-0.235220,0.179358,1.014648,0.017680,0.000000,0.000000
1.350068,1.706221,0.862816,0.039038,-0.052164,0.435730,0.897716,-0.019394,0.031936,0.139634,0.996407,-0.245710,-0.004578,0.025032,-0.011761,-0.008083,0.326319,-0.346740,-0.015161,0.056051,-0.000910,0.165783,0.225116,-0.455775,1.149937,1.570265,0.000000,0.000000,0.320229,-0.237777,0.181504,1.004392,0.013467,0.000000,0.000000
1.357018,1.714792,0.862923,0.039128,-0.050803,0.430451,0.900333,-0.032429,0.024337,0.149696,0.958422,-0.255856,-0.009182,0.033546,-0.013003,-0.003467,0.321739,-0.347750,-0.016205,0.067388,-0.001289,0.173873,0.221419,-0.446541,1.150755,1.570185,0.000000,0.000000,0.314330,-0.241530,0.186154,0.992773,0.008060,0.000000,0.000000
1.364369,1.722605,0.862899,0.038977,-0.049535,0.425677,0.902677,-0.045799,0.018253,0.154457,0.917191,-0.268287,-0.012087,0.041444,-0.013135,0.002348,0.317561,-0.347981,-0.017168,0.078767,-0.001690,0.180248,0.217735,-0.436728,1.151389,1.570116,0.000000,0.000000,0.306507,-0.247515,0.193603,0.981834,0.007478,0.000000,0.000000
1.371194,1.730368,0.862731,0.038418,-0.048106,0.422207,0.904406,-0.059322,0.012452,0.157786,0.874255,-0.273994,-0.014483,0.048775,-0.013347,0.004829,0.313294,-0.349966,-0.017618,0.089359,-0.002015,0.185803,0.214668,-0.429941,1.151362,1.570053,0.000000,0.000000,0.298729,-0.253963,0.197848,0.971445,0.014341,0.000000,0.000000
1.378026,1.737925,0.862416,0.037679,-0.046448,0.420071,0.905518,-0.073061,0.007141,0.158571,0.827722,-0.277417,-0.016032,0.055698,-0.013182,0.004488,0.309460,-0.352010,-0.017527,0.098263,-0.002307,0.191188,0.213240,-0.427223,1.150147,1.570011,0.000000,0.000000,0.291240,-0.260277,0.200881,0.959845,0.017555,0.000000,0.000000
1.385297,1.745513,0.861969,0.036864,-0.044636,0.418818,0.906223,-0.085830,0.003711,0.158574,0.777867,-0.277133,-0.016697,0.062547,-0.012830,0.003138,0.305969,-0.354550,-0.017230,0.105050,-0.002514,0.197522,0.213299,-0.426139,1.147647,1.569976,0.000000,0.000000,0.284324,-0.265434,0.201931,0.946993,0.014497,0.000000,0.000000
1.392545,1.753326,0.861504,0.036239,-0.042577,0.415284,0.907972,-0.097087,0.000288,0.159789,0.723960,-0.271596,-0.017478,0.068948,-0.014255,0.001133,0.302939,-0.358704,-0.017265,0.113387,-0.002821,0.203082,0.215549,-0.430628,1.143502,1.569959,0.000000,0.000000,0.270459,-0.274237,0.213435,0.941309,0.013472,0.000000,0.000000
1.400046,1.761762,0.861026,0.035228,-0.040203,0.409193,0.910881,-0.106978,-0.003131,0.166599,0.664107,-0.271383,-0.019100,0.075424,-0.016362,0.002744,0.298356,-0.363142,-0.018012,0.123144,-0.003145,0.208624,0.216118,-0.431344,1.141316,1.569927,0.000000,0.000000,0.257178,-0.281099,0.226176,0.933001,0.025584,0.000000,0.000000
1.407696,1.770664,0.860568,0.033957,-0.037571,0.402741,0.913912,-0.115795,-0.006426,0.177658,0.602124,-0.275046,-0.021156,0.082044,-0.018457,0.004543,0.291767,-0.367297,-0.018775,0.133348,-0.003512,0.213116,0.215299,-0.425191,1.139444,1.569896,0.000000,0.000000,0.244481,-0.286847,0.235506,0.923676,0.034794,0.000000,0.000000
1.415797,1.779548,0.860020,0.032885,-0.035302,0.397538,0.916316,-0.123296,-0.007993,0.187435,0.541957,-0.276624,-0.022239,0.089407,-0.019857,0.006108,0.285197,-0.371869,-0.019329,0.143117,-0.003885,0.217397,0.215820,-0.418616,1.139890,1.569883,0.000000,0.000000,0.235093,-0.291954,0.240000,0.911288,0.039395,0.000000,0.000000
1.423753,1.788597,0.859352,0.032204,-0.032958,0.392376,0.918650,-0.129540,-0.010243,0.193512,0.479078,-0.272817,-0.022590,0.097258,-0.022466,0.006290,0.279456,-0.375973,-0.019983,0.154580,-0.004305,0.221202,0.214740,-0.412478,1.142476,1.569847,0.000000,0.000000,0.227792,-0.296263,0.239953,0.899107,0.047065,0.000000,0.000000
1.431661,1.797296,0.858131,0.030183,-0.031168,0.390397,0.919624,-0.135426,-0.009835,0.198100,0.411136,-0.264582,-0.021768,0.105695,-0.022323,0.002941,0.274441,-0.377344,-0.019432,0.159378,-0.004499,0.224068,0.213825,-0.406848,1.142774,1.569822,0.000000,0.000000,0.219002,-0.298644,0.240989,0.888372,0.056791,0.000000,0.000000
1.439506,1.806100,0.856905,0.028268,-0.028830,0.386717,0.921314,-0.140841,-0.009411,0.205693,0.342407,-0.257862,-0.021240,0.113540,-0.022688,0.001876,0.268852,-0.378249,-0.019362,0.165289,-0.004783,0.226975,0.213910,-0.403373,1.137565,1.569805,0.000000,0.000000,0.208163,-0.302787,0.244513,0.878258,0.061961,0.000000,0.000000
1.448128,1.814420,0.858517,0.026779,-0.027619,0.383359,0.922798,-0.145411,-0.005150,0.208232,0.279438,-0.241628,-0.019183,0.121933,-0.022177,0.000127,0.265615,-0.380518,-0.018980,0.170549,-0.005038,0.230824,0.216275,-0.402774,1.135658,1.569805,0.000000,0.000000,0.198604,-0.307373,0.249620,0.869366,0.054936,0.000000,0.000000
1.456436,1.822955,0.858821,0.025062,-0.026044,0.380867,0.923923,-0.149933,-0.001249,0.211530,0.214044,-0.227308,-0.017285,0.129828,-0.021595,-0.003096,0.263114,-0.384507,-0.018348,0.174508,-0.005234,0.233881,0.217834,-0.398621,1.137197,1.569814,0.000000,0.000000,0.189096,-0.311871,0.253481,0.860707,0.044492,0.000000,0.000000
1.464357,1.831266,0.857249,0.023212,-0.024285,0.377777,0.925287,-0.154392,0.002170,0.215051,0.147497,-0.216485,-0.015370,0.135814,-0.021285,-0.005604,0.264227,-0.391758,-0.017870,0.178731,-0.005421,0.236841,0.218680,-0.393615,1.138037,1.569819,0.000000,0.000000,0.179724,-0.314558,0.256926,0.852212,0.040902,0.000000,0.000000
1.471825,1.839228,0.853846,0.021154,-0.022491,0.374031,0.926902,-0.158918,0.005990,0.216774,0.081316,-0.206878,-0.013028,0.139542,-0.021180,-0.006432,0.269814,-0.402744,-0.017685,0.184234,-0.005660,0.239091,0.220070,-0.391273,1.137720,1.569820,0.000000,0.000000,0.169654,-0.317209,0.259840,0.843271,0.045564,0.000000,0.000000
1.479129,1.847358,0.848840,0.018937,-0.020882,0.370023,0.928595,-0.163185,0.010554,0.215169,0.016848,-0.195413,-0.010222,0.142929,-0.021031,-0.004995,0.276344,-0.412699,-0.017846,0.190754,-0.005971,0.239635,0.219911,-0.389458,1.139454,1.569807,0.000000,0.000000,0.158919,-0.320714,0.264356,0.834869,0.049867,0.000000,0.000000
1.486811,1.855524,0.845858,0.016844,-0.019292,0.365817,0.930334,-0.165990,0.014273,0.215052,-0.017450,-0.189949,-0.008637,0.145250,-0.021053,-0.003906,0.280976,-0.418754,-0.018015,0.194805,-0.006135,0.240032,0.219812,-0.387578,1.140903,1.569799,0.000000,0.000000,0.151290,-0.323010,0.267961,0.830793,0.049659,0.000000,0.000000
1.494720,1.864180,0.845912,0.015116,-0.018049,0.362220,0.931795,-0.170356,0.020184,0.214941,-0.017450,-0.186136,-0.006685,0.149533,-0.021795,-0.003746,0.289504,-0.428965,-0.018240,0.199733,-0.006366,0.241895,0.220658,-0.383614,1.142594,1.569801,0.000000,0.000000,0.139528,-0.325962,0.271796,0.825750,0.050723,0.000000,0.000000
1.502724,1.873394,0.845760,0.013544,-0.017139,0.359718,0.932805,-0.174834,0.025565,0.213801,-0.017450,-0.184160,-0.005141,0.154583,-0.022797,-0.004563,0.299718,-0.439033,-0.018388,0.202426,-0.006517,0.245264,0.222248,-0.379217,1.143297,1.569800,0.000000,0.000000,0.129141,-0.328844,0.275343,0.821032,0.052367,0.000000,0.000000
1.510875,1.882696,0.845350,0.012485,-0.016649,0.357405,0.933718,-0.178945,0.029908,0.214910,-0.017450,-0.183844,-0.004165,0.160216,-0.024284,-0.006622,0.311093,-0.446248,-0.018498,0.203632,-0.006643,0.248922,0.223029,-0.373139,1.144216,1.569808,0.000000,0.000000,0.120322,-0.331516,0.278469,0.817312,0.051218,0.000000,0.000000
1.518793,1.892278,0.844940,0.011904,-0.016244,0.354723,0.934755,-0.182280,0.032817,0.216365,-0.017450,-0.182634,-0.003583,0.165650,-0.026983,-0.008031,0.321972,-0.452815,-0.019030,0.204582,-0.006768,0.252331,0.222884,-0.366406,1.145818,1.569814,0.000000,0.000000,0.112040,-0.334360,0.281082,0.815846,0.050653,0.000000,0.000000
1.526618,1.902192,0.844665,0.011416,-0.015306,0.351640,0.935941,-0.185536,0.035303,0.216027,-0.017450,-0.181249,-0.002971,0.170974,-0.030584,-0.005956,0.332707,-0.460462,-0.020328,0.205975,-0.006878,0.255812,0.222645,-0.360718,1.146457,1.569805,0.000000,0.000000,0.102985,-0.338531,0.283551,0.815012,0.050414,0.000000,0.000000
1.535008,1.911928,0.844219,0.011007,-0.014352,0.348658,0.937075,-0.188818,0.039108,0.213883,-0.017450,-0.183080,-0.001982,0.176845,-0.034084,-0.001576,0.344706,-0.467446,-0.022002,0.207358,-0.006950,0.260390,0.223797,-0.354879,1.143622,1.569801,0.000000,0.000000,0.093700,-0.343064,0.285788,0.814327,0.048039,0.000000,0.000000
1.543897,1.921662,0.843546,0.010729,-0.013701,0.345952,0.938091,-0.191948,0.044056,0.209766,-0.017450,-0.187119,-0.000642,0.183106,-0.037022,0.003159,0.357389,-0.472015,-0.023662,0.209448,-0.007040,0.264544,0.222876,-0.349702,1.141209,1.569785,0.000000,0.000000,0.087063,-0.346005,0.286770,0.813594,0.049052,0.000000,0.000000
1.553008,1.931506,0.842547,0.010757,-0.013773,0.343205,0.939098,-0.194701,0.048877,0.205797,-0.017450,-0.193226,0.000625,0.189558,-0.039369,0.008800,0.370580,-0.473846,-0.025385,0.212313,-0.007125,0.269675,0.218133,-0.346725,1.141423,1.569722,0.000000,0.000000,0.083147,-0.347705,0.288409,0.815042,0.049864,0.000000,0.000000
1.561907,1.941571,0.841432,0.010905,-0.013872,0.340764,0.939983,-0.197803,0.052561,0.202445,-0.017450,-0.199956,0.001637,0.195839,-0.042072,0.014704,0.384742,-0.473730,-0.027322,0.215568,-0.007208,0.274058,0.214500,-0.344218,1.143698,1.569673,0.000000,0.000000,0.079907,-0.350331,0.288213,0.818895,0.046843,0.000000,0.000000
1.570531,1.951328,0.840001,0.010829,-0.013923,0.338424,0.940829,-0.202348,0.056726,0.197796,-0.017450,-0.209355,0.002849,0.201016,-0.044159,0.021368,0.402419,-0.471695,-0.029313,0.218739,-0.007204,0.276710,0.213966,-0.339351,1.147773,1.569659,0.000000,0.000000,0.075624,-0.351909,0.285065,0.825279,0.045228,0.000000,0.000000
1.579151,1.961078,0.838777,0.010693,-0.013779,0.335618,0.941837,-0.206468,0.060863,0.191758,-0.017450,-0.216314,0.004081,0.204424,-0.045540,0.029674,0.421436,-0.467174,-0.031432,0.221739,-0.007290,0.278420,0.214043,-0.337518,1.149597,1.569654,0.000000,0.000000,0.071750,-0.353372,0.283090,0.829690,0.046665,0.000000,0.000000
1.587586,1.971260,0.837648,0.010789,-0.013444,0.333154,0.942715,-0.210538,0.062695,0.186172,-0.017450,-0.222713,0.004905,0.207059,-0.046603,0.039914,0.441131,-0.460539,-0.033855,0.225492,-0.007389,0.279262,0.213173,-0.339033,1.148515,1.569622,0.000000,0.000000,0.069126,-0.355831,0.280141,0.833737,0.048333,0.000000,0.000000
1.595754,1.981946,0.836629,0.010933,-0.013415,0.332112,0.943081,-0.214337,0.062570,0.180229,-0.017450,-0.227264,0.005439,0.209295,-0.047750,0.047317,0.462155,-0.453943,-0.035865,0.229192,-0.007482,0.279409,0.212037,-0.339606,1.148309,1.569606,0.000000,0.000000,0.069386,-0.359191,0.272950,0.838055,0.048352,0.000000,0.000000
1.603747,1.993115,0.835808,0.011175,-0.013874,0.331632,0.943241,-0.217467,0.061582,0.175288,-0.017450,-0.224517,0.005706,0.211047,-0.050741,0.048968,0.484614,-0.449937,-0.037422,0.231518,-0.007473,0.279623,0.211683,-0.340162,1.149669,1.569597,0.000000,0.000000,0.071255,-0.361367,0.266143,0.841431,0.047579,0.000000,0.000000
1.611548,2.004506,0.835183,0.011767,-0.014619,0.332039,0.943079,-0.220625,0.059487,0.168928,-0.017450,-0.207187,0.005791,0.212467,-0.054390,0.050785,0.515369,-0.436583,-0.039396,0.232544,-0.007424,0.279377,0.211350,-0.343336,1.153166,1.569587,0.000000,0.000000,0.074277,-0.362611,0.259832,0.844806,0.046411,0.000000,0.000000
1.619348,2.015786,0.836999,0.012453,-0.014992,0.332932,0.942750,-0.223072,0.057898,0.158258,-0.002403,-0.179992,0.006189,0.212698,-0.057376,0.052784,0.548714,-0.419039,-0.041308,0.232575,-0.007358,0.277934,0.210696,-0.349305,1.155808,1.569573,0.000000,0.000000,0.077919,-0.363501,0.255323,0.845811,0.047595,0.000000,0.000000
1.626985,2.027170,0.839986,0.013444,-0.015281,0.334530,0.942165,-0.224582,0.056146,0.144918,0.022992,-0.154416,0.006723,0.211287,-0.060011,0.054244,0.584312,-0.394463,-0.043070,0.231350,-0.007244,0.276304,0.208530,-0.353264,1.157999,1.569560,0.000000,0.000000,0.083377,-0.363958,0.250652,0.850576,0.051713,0.000000,0.000000
1.634931,2.038307,0.842880,0.014678,-0.016068,0.336701,0.941360,-0.225131,0.054396,0.133495,0.052717,-0.137386,0.007162,0.208407,-0.061505,0.052606,0.622033,-0.363336,-0.043863,0.228329,-0.007037,0.274858,0.205166,-0.355694,1.162545,1.569531,0.000000,0.000000,0.090767,-0.362547,0.247089,0.861450,0.059939,0.000000,0.000000
1.643097,2.049625,0.845758,0.016161,-0.017819,0.339935,0.940141,-0.225059,0.051885,0.125093,0.089743,-0.126307,0.007195,0.204514,-0.063211,0.045613,0.665708,-0.325723,-0.043651,0.223139,-0.006781,0.273959,0.203005,-0.359184,1.168309,1.569522,0.000000,0.000000,0.098837,-0.361028,0.242607,0.873171,0.064291,0.000000,0.000000
1.651187,2.061470,0.848242,0.017954,-0.020205,0.343807,0.938651,-0.224255,0.047535,0.119696,0.130917,-0.123126,0.006591,0.199790,-0.066764,0.034183,0.713020,-0.278603,-0.043014,0.216803,-0.006485,0.273457,0.203017,-0.364130,1.174227,1.569522,0.000000,0.000000,0.107797,-0.360559,0.236132,0.882650,0.062292,0.000000,0.000000
1.659271,2.073578,0.850122,0.019969,-0.022796,0.347633,0.937141,-0.222066,0.042039,0.113714,0.171254,-0.125853,0.005955,0.194285,-0.071536,0.021515,0.760949,-0.220047,-0.042252,0.210479,-0.006147,0.272335,0.203383,-0.369949,1.181316,1.569536,0.000000,0.000000,0.118849,-0.357400,0.227864,0.891408,0.066420,0.000000,0.000000
1.667301,2.085658,0.851429,0.021899,-0.025393,0.351271,0.935673,-0.218037,0.036776,0.103585,0.206192,-0.130818,0.006089,0.188061,-0.076063,0.009935,0.807104,-0.156733,-0.041272,0.204758,-0.005904,0.271350,0.202187,-0.372634,1.187613,1.569546,0.000000,0.000000,0.130949,-0.353314,0.219432,0.900124,0.070978,0.000000,0.000000
1.675302,2.097450,0.852344,0.023651,-0.027755,0.354921,0.934185,-0.212285,0.032067,0.091497,0.234339,-0.137443,0.006739,0.180780,-0.079183,0.001782,0.851142,-0.099383,-0.040185,0.197909,-0.005665,0.270678,0.201698,-0.376433,1.191556,1.569554,0.000000,0.000000,0.142923,-0.351240,0.215289,0.909419,0.066947,0.000000,0.000000
1.683253,2.108926,0.853138,0.025195,-0.029965,0.359394,0.932364,-0.204603,0.027471,0.079871,0.257622,-0.145811,0.007408,0.172188,-0.080038,-0.002539,0.894538,-0.047098,-0.038828,0.188941,-0.005294,0.269720,0.202073,-0.381454,1.195186,1.569561,0.000000,0.000000,0.155138,-0.348599,0.214557,0.920259,0.061231,0.000000,0.000000
1.690985,2.120157,0.853866,0.026519,-0.032138,0.364517,0.930264,-0.195229,0.023040,0.067170,0.276114,-0.154640,0.008363,0.162391,-0.079648,-0.005675,0.936988,0.005596,-0.037036,0.178504,-0.004925,0.268950,0.203071,-0.385617,1.196214,1.569586,0.000000,0.000000,0.167311,-0.344315,0.215260,0.929724,0.063263,0.000000,0.000000
1.698171,2.131438,0.854508,0.027771,-0.034455,0.368669,0.928507,-0.184416,0.018194,0.054323,0.290734,-0.165455,0.009288,0.151846,-0.082170,-0.012581,0.978923,0.058008,-0.035220,0.167692,-0.004536,0.268052,0.203922,-0.386755,1.195767,1.569613,0.000000,0.000000,0.177881,-0.340291,0.218448,0.938193,0.065582,0.000000,0.000000
1.704663,2.143354,0.854998,0.029267,-0.037086,0.372355,0.926887,-0.172520,0.012208,0.041363,0.304370,-0.176581,0.010000,0.141902,-0.090716,-0.026636,1.018973,0.102728,-0.033862,0.155891,-0.004177,0.268360,0.204662,-0.390063,1.195083,1.569631,0.000000,0.000000,0.187657,-0.338399,0.223916,0.947015,0.058058,0.000000,0.000000
1.712145,2.155173,0.855346,0.030718,-0.038964,0.376000,0.925290,-0.161379,0.007086,0.030692,0.314780,-0.187054,0.010551,0.132354,-0.094275,-0.031950,1.048942,0.114159,-0.033160,0.143521,-0.003773,0.268311,0.204219,-0.391139,1.194446,1.569644,0.000000,0.000000,0.196391,-0.337285,0.229579,0.954172,0.052547,0.000000,0.000000
1.719478,2.167225,0.855600,0.032557,-0.041095,0.378611,0.924070,-0.148297,0.000997,0.023669,0.325059,-0.197878,0.010266,0.122191,-0.099404,-0.037943,1.077545,0.115333,-0.032948,0.130839,-0.003276,0.268440,0.203036,-0.390968,1.193836,1.569649,0.000000,0.000000,0.207194,-0.335559,0.237584,0.961475,0.051965,0.000000,0.000000
1.726723,2.179331,0.855926,0.034131,-0.042917,0.381041,0.922931,-0.134265,-0.005385,0.019019,0.332722,-0.208089,0.009520,0.111827,-0.104530,-0.045051,1.101083,0.102157,-0.032900,0.118828,-0.002883,0.267573,0.202146,-0.392687,1.191919,1.569659,0.000000,0.000000,0.217302,-0.334619,0.247838,0.969550,0.046464,0.000000,0.000000
1.733950,2.191272,0.856362,0.035321,-0.044417,0.384210,0.921500,-0.119721,-0.011395,0.013797,0.336490,-0.218040,0.008954,0.101353,-0.107576,-0.050163,1.118714,0.079031,-0.032933,0.106080,-0.002446,0.265581,0.201455,-0.396562,1.188768,1.569663,0.000000,0.000000,0.226334,-0.334341,0.256146,0.975753,0.036915,0.000000,0.000000
1.742015,2.202145,0.856992,0.035881,-0.045926,0.388130,0.919760,-0.104252,-0.015004,0.008267,0.336569,-0.227194,0.009000,0.090173,-0.103515,-0.048854,1.130961,0.047081,-0.032363,0.092741,-0.001912,0.261863,0.202108,-0.403670,1.185301,1.569686,0.000000,0.000000,0.236192,-0.332494,0.260682,0.978936,0.030947,0.000000,0.000000
1.750265,2.212595,0.857694,0.036147,-0.047276,0.391057,0.918441,-0.088289,-0.016979,0.003417,0.333558,-0.236427,0.009292,0.078390,-0.097615,-0.047349,1.137763,0.010028,-0.031506,0.078643,-0.001423,0.257225,0.205238,-0.411244,1.181068,1.569735,0.000000,0.000000,0.244942,-0.331583,0.267032,0.981723,0.020292,0.000000,0.000000
1.758136,2.223426,0.858498,0.035958,-0.048754,0.395288,0.916557,-0.072340,-0.018408,-0.000828,0.328858,-0.244772,0.009596,0.066932,-0.092591,-0.050572,1.139729,-0.027033,-0.030121,0.064668,-0.000913,0.251822,0.210373,-0.418158,1.175523,1.569811,0.000000,0.000000,0.254655,-0.329831,0.270045,0.984183,0.015332,0.000000,0.000000
1.766332,2.234041,0.859217,0.035860,-0.050203,0.399579,0.914621,-0.056617,-0.019091,-0.004061,0.323355,-0.253102,0.009909,0.055781,-0.086871,-0.053645,1.137401,-0.056048,-0.028384,0.051090,-0.000450,0.246993,0.214988,-0.425167,1.168504,1.569879,0.000000,0.000000,0.266142,-0.325942,0.268575,0.986067,0.019782,0.000000,0.000000
1.774923,2.244259,0.859830,0.035774,-0.051622,0.403624,0.912767,-0.041099,-0.018748,-0.007398,0.318011,-0.260715,0.010486,0.044706,-0.079764,-0.055728,1.130558,-0.079851,-0.026268,0.038614,-0.000009,0.241730,0.219120,-0.431592,1.160784,1.569948,0.000000,0.000000,0.278706,-0.320585,0.264643,0.986603,0.024128,0.000000,0.000000
1.783436,2.254230,0.860348,0.035543,-0.052886,0.407850,0.910823,-0.026348,-0.017904,-0.011409,0.313313,-0.266471,0.011297,0.033644,-0.072503,-0.059909,1.119584,-0.100923,-0.023594,0.027198,0.000322,0.235008,0.223881,-0.438452,1.153078,1.570039,0.000000,0.000000,0.290246,-0.316915,0.259068,0.988531,0.026678,0.000000,0.000000
1.791952,2.263708,0.860776,0.035191,-0.053843,0.411670,0.909060,-0.012479,-0.016490,-0.015173,0.308567,-0.272278,0.012212,0.021976,-0.064247,-0.062897,1.105353,-0.120755,-0.020730,0.015783,0.000734,0.228242,0.228881,-0.443677,1.144347,1.570129,0.000000,0.000000,0.300027,-0.314168,0.253435,0.992978,0.029563,0.000000,0.000000
1.800270,2.272713,0.861139,0.034796,-0.054504,0.415222,0.907419,0.000483,-0.014886,-0.018447,0.303371,-0.277198,0.013098,0.009572,-0.055444,-0.063423,1.088088,-0.139245,-0.018079,0.003897,0.001150,0.221744,0.234381,-0.448172,1.135286,1.570213,0.000000,0.000000,0.309983,-0.312059,0.250425,0.997145,0.028424,0.000000,0.000000
1.808336,2.281152,0.861433,0.034354,-0.054937,0.418306,0.905992,0.012766,-0.012951,-0.020339,0.297922,-0.281667,0.013844,-0.003814,-0.046714,-0.062355,1.066827,-0.158882,-0.015706,-0.008370,0.001562,0.214090,0.240759,-0.454051,1.126891,1.570328,0.000000,0.000000,0.318852,-0.310302,0.246895,1.002191,0.029879,0.000000,0.000000
1.816148,2.289114,0.861745,0.033484,-0.054919,0.422625,0.904019,0.023428,-0.010209,-0.022233,0.292221,-0.285889,0.014796,-0.017655,-0.037913,-0.063690,1.040788,-0.178703,-0.012778,-0.020019,0.001990,0.204171,0.246756,-0.461001,1.117853,1.570456,0.000000,0.000000,0.327444,-0.307155,0.237771,1.005848,0.036925,0.000000,0.000000
1.823715,2.296737,0.862027,0.032458,-0.054377,0.427411,0.901837,0.032533,-0.007223,-0.024604,0.286128,-0.289444,0.015890,-0.031624,-0.030059,-0.067981,1.010400,-0.197501,-0.009479,-0.031038,0.002374,0.194333,0.251707,-0.465843,1.106439,1.570572,0.000000,0.000000,0.336526,-0.303272,0.227758,1.008214,0.033821,0.000000,0.000000
1.831183,2.304059,0.862208,0.031463,-0.053481,0.431909,0.899780,0.040828,-0.004206,-0.026571,0.280279,-0.290791,0.016937,-0.045867,-0.022549,-0.072519,0.975863,-0.216743,-0.006210,-0.042656,0.002763,0.184990,0.256089,-0.468340,1.093467,1.570702,0.000000,0.000000,0.345359,-0.300581,0.219547,1.010618,0.020717,0.000000,0.000000
1.838437,2.311280,0.862267,0.030658,-0.052547,0.436008,0.897884,0.048904,-0.001656,-0.027979,0.274908,-0.291559,0.017786,-0.059900,-0.015872,-0.076485,0.938093,-0.234105,-0.003338,-0.054586,0.003190,0.174820,0.260348,-0.470133,1.082400,1.570800,0.000000,0.000000,0.353667,-0.298394,0.208944,1.013398,0.020738,0.000000,0.000000
1.845908,2.318341,0.862329,0.029627,-0.050936,0.440285,0.895922,0.056572,0.001156,-0.029198,0.267633,-0.294230,0.018655,-0.073960,-0.009150,-0.081344,0.894722,-0.248030,-0.000323,-0.067236,0.003684,0.164331,0.265501,-0.471450,1.070175,1.570800,0.000000,0.000000,0.361350,-0.296508,0.196727,1.015198,0.030378,0.000000,0.000000
1.853603,2.325375,0.862401,0.028417,-0.049089,0.444179,0.894141,0.063913,0.004351,-0.028361,0.259314,-0.296160,0.019291,-0.087148,-0.002710,-0.085587,0.849032,-0.256225,0.002377,-0.079056,0.004111,0.153942,0.269767,-0.468747,1.057194,1.570800,0.000000,0.000000,0.367689,-0.296229,0.187914,1.016515,0.030821,0.000000,0.000000
1.861485,2.332674,0.862372,0.027301,-0.047356,0.447877,0.892423,0.071797,0.007945,-0.024865,0.251092,-0.297712,0.019614,-0.099484,0.002755,-0.089626,0.800830,-0.260840,0.004615,-0.090984,0.004517,0.144211,0.270458,-0.461318,1.045119,1.570800,0.000000,0.000000,0.372312,-0.295722,0.181028,1.020804,0.022551,0.000000,0.000000
1.869362,2.340385,0.862175,0.026504,-0.045735,0.451268,0.890821,0.080112,0.010888,-0.019907,0.243511,-0.300090,0.019547,-0.110420,0.006207,-0.095352,0.752025,-0.263210,0.006502,-0.102356,0.004970,0.133869,0.270302,-0.455084,1.035506,1.570800,0.000000,0.000000,0.375836,-0.294167,0.173325,1.028013,0.016387,0.000000,0.000000
1.877422,2.348359,0.861882,0.025791,-0.043888,0.454634,0.889223,0.089108,0.013360,-0.015793,0.234769,-0.303942,0.019475,-0.120667,0.009189,-0.102426,0.698631,-0.266722,0.008344,-0.113312,0.005409,0.123040,0.272520,-0.453520,1.023254,1.570800,0.000000,0.000000,0.380925,-0.293536,0.164783,1.034186,0.016140,0.000000,0.000000
1.885670,2.356571,0.861524,0.024911,-0.041607,0.457968,0.887645,0.098289,0.015762,-0.012384,0.224624,-0.306974,0.019495,-0.129923,0.012116,-0.111979,0.642747,-0.269338,0.010462,-0.123828,0.005837,0.113889,0.276646,-0.452747,1.006340,1.570800,0.000000,0.000000,0.386226,-0.294437,0.156358,1.037431,0.015378,0.000000,0.000000
1.893760,2.365020,0.861044,0.024117,-0.039183,0.460983,0.886216,0.107428,0.017972,-0.008766,0.214357,-0.308975,0.019453,-0.138089,0.013876,-0.123128,0.585663,-0.268146,0.012377,-0.134364,0.006261,0.104572,0.280904,-0.451873,0.990971,1.570800,0.000000,0.000000,0.390225,-0.295889,0.147134,1.039832,0.011380,0.000000,0.000000
1.900858,2.372220,0.859851,0.023698,-0.036302,0.465087,0.884203,0.111619,0.020003,-0.006846,0.214596,-0.315064,0.019621,-0.146748,0.014046,-0.136918,0.524727,-0.260799,0.014137,-0.146051,0.006705,0.092881,0.283950,-0.452235,0.978369,1.570800,0.000000,0.000000,0.393979,-0.296401,0.136317,1.042641,0.010151,0.000000,0.000000
1.907848,2.379081,0.858357,0.023481,-0.032919,0.469545,0.881982,0.113767,0.021084,-0.007335,0.217649,-0.323516,0.019915,-0.155624,0.013748,-0.150195,0.459350,-0.253526,0.015331,-0.158053,0.007209,0.079557,0.284998,-0.453668,0.965067,1.570800,0.000000,0.000000,0.396639,-0.295518,0.127285,1.049869,0.013791,0.000000,0.000000
1.915130,2.385961,0.856673,0.023592,-0.029429,0.473375,0.880053,0.115683,0.021218,-0.008688,0.221389,-0.331599,0.020122,-0.163734,0.013118,-0.159118,0.394412,-0.247529,0.015428,-0.168409,0.007641,0.066671,0.286639,-0.457602,0.949375,1.570800,0.000000,0.000000,0.398705,-0.295979,0.120234,1.059227,0.013445,0.000000,0.000000
1.922559,2.393276,0.859608,0.023770,-0.026128,0.476719,0.878346,0.118131,0.021659,-0.008269,0.226259,-0.340193,0.020149,-0.171010,0.011797,-0.167158,0.328318,-0.236077,0.015076,-0.177266,0.008045,0.053638,0.287549,-0.462666,0.933707,1.570800,0.000000,0.000000,0.401245,-0.297459,0.113694,1.065980,0.009039,0.000000,0.000000
1.930006,2.401034,0.860901,0.024344,-0.022783,0.479408,0.876958,0.121060,0.021537,-0.007017,0.232165,-0.350745,0.019899,-0.177255,0.009621,-0.178004,0.261587,-0.222799,0.014842,-0.185027,0.008455,0.040219,0.288102,-0.467021,0.920333,1.570800,0.000000,0.000000,0.403584,-0.299414,0.106167,1.071240,0.002359,0.000000,0.000000
1.937317,2.409302,0.860519,0.025273,-0.019314,0.482567,0.875281,0.124186,0.020315,-0.006306,0.238458,-0.361959,0.019454,-0.182482,0.006624,-0.191380,0.195635,-0.207665,0.014722,-0.191901,0.008814,0.026566,0.288129,-0.471132,0.908456,1.570800,0.000000,0.000000,0.406185,-0.301243,0.095043,1.078169,-0.002525,0.000000,0.000000
1.944602,2.417933,0.858413,0.026399,-0.015908,0.485961,0.873437,0.127599,0.018272,-0.005509,0.245406,-0.373547,0.018799,-0.186833,0.003751,-0.206808,0.128682,-0.191748,0.014691,-0.197909,0.009173,0.012090,0.288153,-0.477795,0.896688,1.570800,0.000000,0.000000,0.410393,-0.302846,0.083121,1.084147,-0.004498,0.000000,0.000000
1.952136,2.426635,0.854448,0.027469,-0.012447,0.488550,0.872015,0.131207,0.015983,-0.004168,0.252706,-0.385110,0.018010,-0.190712,0.002689,-0.222273,0.061209,-0.181262,0.014600,-0.202673,0.009435,-0.001925,0.286574,-0.482352,0.885622,1.570800,0.000000,0.000000,0.414810,-0.304152,0.073370,1.089534,-0.006367,0.000000,0.000000
1.960011,2.435293,0.848808,0.028882,-0.009107,0.489934,0.871233,0.135225,0.013498,-0.002328,0.260863,-0.397737,0.017098,-0.194269,0.003253,-0.237804,-0.004940,-0.171758,0.014464,-0.205568,0.009682,-0.014864,0.283783,-0.483872,0.875577,1.570800,0.000000,0.000000,0.418840,-0.305750,0.063494,1.095736,-0.011694,0.000000,0.000000
1.968012,2.444045,0.848367,0.031343,-0.005663,0.490307,0.870968,0.138338,0.010781,-0.000842,0.267077,-0.406638,0.016182,-0.196766,0.001855,-0.245844,-0.017450,-0.165884,0.014151,-0.206215,0.009707,-0.022382,0.280594,-0.483672,0.868301,1.570800,0.000000,0.000000,0.421125,-0.307125,0.055088,1.101115,-0.016804,0.000000,0.000000
1.976225,2.452753,0.848959,0.034703,-0.002270,0.489159,0.871501,0.143927,0.005261,0.003770,0.278271,-0.421101,0.014091,-0.201064,-0.002646,-0.253957,-0.017450,-0.160028,0.013333,-0.205051,0.009755,-0.033198,0.274067,-0.481937,0.856524,1.570800,0.000000,0.000000,0.425691,-0.310582,0.041696,1.107685,-0.024944,0.000000,0.000000
1.985044,2.461195,0.849128,0.037784,0.000610,0.487249,0.872445,0.150279,0.000243,0.009426,0.291173,-0.435611,0.011964,-0.205782,-0.006174,-0.258192,-0.017450,-0.158071,0.012518,-0.202302,0.009917,-0.044272,0.267882,-0.480374,0.845431,1.568618,0.000000,0.000000,0.430761,-0.314586,0.027778,1.113900,-0.028682,0.000000,0.000000
1.994583,2.469316,0.848985,0.040892,0.002806,0.484394,0.873889,0.156617,-0.002863,0.015094,0.304032,-0.448281,0.010306,-0.209570,-0.006434,-0.257972,-0.017450,-0.158066,0.011967,-0.197373,0.009955,-0.053170,0.263191,-0.478248,0.836553,1.564926,0.000000,0.000000,0.435662,-0.318557,0.015118,1.119746,-0.030678,0.000000,0.000000
2.003346,2.477946,0.848549,0.043855,0.004552,0.480284,0.876004,0.164312,-0.006698,0.023215,0.319782,-0.462247,0.008042,-0.213493,-0.007234,-0.258005,-0.017450,-0.162804,0.011216,-0.188963,0.009984,-0.061408,0.258469,-0.475253,0.827730,1.559571,0.000000,0.000000,0.442039,-0.323405,0.003218,1.125985,-0.037686,0.000000,0.000000
2.011989,2.486683,0.848099,0.046936,0.006086,0.476134,0.878098,0.171270,-0.010540,0.029259,0.333894,-0.471689,0.006068,-0.216919,-0.008190,-0.258253,-0.017450,-0.167572,0.010562,-0.181890,0.009941,-0.067224,0.254080,-0.472752,0.822755,1.557454,0.000000,0.000000,0.447764,-0.327131,-0.003552,1.130908,-0.046516,0.000000,0.000000
2.021248,2.495697,0.847480,0.049697,0.007141,0.471341,0.880521,0.178809,-0.014197,0.032877,0.349284,-0.480881,0.004491,-0.219837,-0.007582,-0.256929,-0.017450,-0.172450,0.010109,-0.173984,0.009841,-0.072589,0.250193,-0.470569,0.819803,1.556819,0.000000,0.000000,0.453629,-0.330487,-0.009153,1.136220,-0.055049,0.000000,0.000000
2.030685,2.505253,0.846705,0.051816,0.007606,0.466579,0.882928,0.186926,-0.017004,0.035026,0.365655,-0.489441,0.003343,-0.222130,-0.006085,-0.254723,-0.017450,-0.179012,0.009776,-0.166440,0.009719,-0.076900,0.247187,-0.468047,0.817457,1.554024,0.000000,0.000000,0.458833,-0.332850,-0.013748,1.142164,-0.058420,0.000000,0.000000
2.040312,2.515172,0.845753,0.053712,0.007891,0.462013,0.885210,0.195448,-0.019707,0.035046,0.382913,-0.497490,0.002542,-0.224381,-0.004217,-0.252076,-0.017450,-0.188990,0.009386,-0.159801,0.009614,-0.079679,0.244948,-0.464049,0.815675,1.549991,0.000000,0.000000,0.463673,-0.334813,-0.016700,1.149010,-0.059472,0.000000,0.000000
2.049929,2.525308,0.844549,0.055630,0.007774,0.456907,0.887739,0.203908,-0.022820,0.034592,0.400016,-0.500993,0.001687,-0.226597,-0.002145,-0.249257,-0.017450,-0.200769,0.009033,-0.154123,0.009472,-0.079996,0.242509,-0.457958,0.814501,1.543913,0.000000,0.000000,0.467890,-0.337205,-0.016756,1.154908,-0.060963,0.000000,0.000000
2.059511,2.535438,0.842514,0.057503,0.006978,0.450114,0.891090,0.213530,-0.027176,0.035206,0.419562,-0.501338,0.000271,-0.230110,0.001226,-0.244719,-0.017450,-0.217275,0.008579,-0.147301,0.009352,-0.076767,0.240486,-0.448789,0.814312,1.537332,0.000000,0.000000,0.472596,-0.341055,-0.013118,1.162231,-0.065215,0.000000,0.000000
2.069193,2.545927,0.840812,0.058782,0.006294,0.443602,0.894272,0.222048,-0.030908,0.036321,0.436837,-0.497740,-0.001086,-0.232833,0.004619,-0.240360,-0.017450,-0.231697,0.008282,-0.142948,0.009218,-0.072211,0.238930,-0.437832,0.815060,1.534254,0.000000,0.000000,0.474108,-0.343663,-0.009592,1.169769,-0.064793,0.000000,0.000000
2.079071,2.556859,0.839268,0.059638,0.005570,0.437259,0.897339,0.230312,-0.034675,0.036370,0.453468,-0.490984,-0.002325,-0.235165,0.008128,-0.235991,-0.017450,-0.243968,0.008113,-0.140155,0.009142,-0.066796,0.237986,-0.425508,0.815980,1.533581,0.000000,0.000000,0.473888,-0.345649,-0.004199,1.176519,-0.063955,0.000000,0.000000
2.089108,2.567995,0.837888,0.060258,0.004467,0.431371,0.900149,0.237097,-0.037446,0.036042,0.470854,-0.481562,-0.003221,-0.237248,0.011168,-0.232168,-0.017450,-0.247930,0.008182,-0.138782,0.009081,-0.060967,0.237965,-0.414672,0.818825,1.534995,0.000000,0.000000,0.473505,-0.347536,0.002640,1.182544,-0.063252,0.000000,0.000000
2.098018,2.578847,0.836427,0.061666,0.002811,0.425543,0.902831,0.240761,-0.041494,0.037897,0.501848,-0.469679,-0.004938,-0.240213,0.012390,-0.230114,-0.017450,-0.237497,0.008576,-0.137656,0.008959,-0.053601,0.236694,-0.402410,0.824229,1.533197,0.000000,0.000000,0.472606,-0.350969,0.009890,1.189604,-0.060555,0.000000,0.000000
2.106368,2.589715,0.836586,0.063396,0.000924,0.420167,0.905229,0.241568,-0.046770,0.040292,0.545450,-0.453582,-0.007251,-0.244335,0.010342,-0.231330,-0.005965,-0.215588,0.009569,-0.136279,0.008853,-0.044266,0.234275,-0.390160,0.833202,1.528113,0.000000,0.000000,0.471733,-0.354872,0.014995,1.196015,-0.051527,0.000000,0.000000
2.114692,2.600355,0.840833,0.067027,-0.000913,0.413175,0.908181,0.239979,-0.055247,0.043362,0.594567,-0.431170,-0.010811,-0.247939,0.003534,-0.237626,0.038496,-0.195771,0.011307,-0.130783,0.008617,-0.033848,0.228447,-0.379112,0.843683,1.524748,0.000000,0.000000,0.473926,-0.360282,0.013915,1.197229,-0.042722,0.000000,0.000000
2.125618,2.610271,0.843485,0.060301,-0.005321,0.417655,0.906587,0.233559,-0.040270,0.033297,0.643569,-0.398657,-0.004426,-0.248994,0.007777,-0.232153,0.076048,-0.188107,0.013322,-0.142028,0.009127,-0.027314,0.236519,-0.376116,0.855086,1.521470,0.000000,0.000000,0.474936,-0.351130,0.020594,1.195016,-0.033299,0.000000,0.000000
2.136482,2.619900,0.845806,0.057710,-0.009715,0.417177,0.906939,0.225725,-0.027888,0.028697,0.698204,-0.357847,0.000273,-0.247603,0.011755,-0.227659,0.115522,-0.180923,0.015458,-0.150701,0.009168,-0.018799,0.240395,-0.373177,0.867767,1.515793,0.000000,0.000000,0.475238,-0.344600,0.034566,1.196824,-0.028182,0.000000,0.000000
2.147763,2.629231,0.848213,0.059370,-0.013565,0.412064,0.909117,0.218315,-0.024095,0.029281,0.753440,-0.311819,0.001327,-0.244743,0.010079,-0.208122,0.155740,-0.178088,0.014228,-0.153644,0.008974,-0.006510,0.235858,-0.364380,0.882595,1.505194,0.000000,0.000000,0.474662,-0.344942,0.047489,1.202863,-0.026137,0.000000,0.000000
2.158942,2.638897,0.850347,0.062240,-0.017109,0.404724,0.912158,0.211114,-0.025796,0.032743,0.808157,-0.257193,0.000092,-0.241423,0.007697,-0.187606,0.198412,-0.181916,0.012499,-0.152881,0.008787,0.007741,0.229264,-0.353020,0.899841,1.495385,0.000000,0.000000,0.472488,-0.349144,0.058802,1.209513,-0.025611,0.000000,0.000000
2.169495,2.648795,0.851748,0.064795,-0.020058,0.396426,0.915558,0.203431,-0.029523,0.038801,0.857700,-0.201507,-0.002227,-0.237245,0.006699,-0.178870,0.237181,-0.196327,0.012169,-0.149937,0.008646,0.020924,0.223357,-0.342162,0.917464,1.486373,0.000000,0.000000,0.467795,-0.354736,0.069594,1.214745,-0.027687,0.000000,0.000000
2.181195,2.657636,0.852979,0.066861,-0.022877,0.388473,0.918746,0.194563,-0.031302,0.041628,0.904537,-0.150394,-0.003229,-0.230705,0.007352,-0.161165,0.271040,-0.210975,0.010481,-0.146562,0.008542,0.033431,0.218837,-0.335902,0.935905,1.477503,0.000000,0.000000,0.462346,-0.360517,0.082758,1.219328,-0.029355,0.000000,0.000000
2.192970,2.665711,0.854035,0.068870,-0.025310,0.379575,0.922247,0.184212,-0.032440,0.045129,0.949640,-0.101415,-0.004050,-0.222361,0.008681,-0.141974,0.298406,-0.226471,0.008476,-0.140650,0.008360,0.045631,0.215135,-0.333229,0.954380,1.473918,0.000000,0.000000,0.457240,-0.365041,0.095744,1.220763,-0.027203,0.000000,0.000000
2.205285,2.672703,0.855063,0.070954,-0.027224,0.370535,0.925704,0.172396,-0.029722,0.051820,0.993855,-0.050732,-0.004157,-0.212548,0.010196,-0.121891,0.319152,-0.240339,0.006178,-0.132612,0.008091,0.058012,0.212049,-0.333909,0.971316,1.470412,0.000000,0.000000,0.451848,-0.368784,0.106884,1.218168,-0.019319,0.000000,0.000000
2.218027,2.679048,0.855952,0.073205,-0.029027,0.361283,0.929125,0.160137,-0.024904,0.059159,1.036367,-0.010717,-0.003713,-0.201406,0.011946,-0.104342,0.335265,-0.253194,0.004192,-0.121995,0.007750,0.069169,0.209108,-0.339395,0.988314,1.464571,0.000000,0.000000,0.446581,-0.370744,0.114266,1.213325,-0.006442,0.000000,0.000000
2.231214,2.685810,0.856623,0.075410,-0.030531,0.352146,0.932402,0.149866,-0.020839,0.066420,1.069470,-0.003301,-0.003563,-0.189879,0.013732,-0.092392,0.349369,-0.266113,0.002994,-0.110129,0.007359,0.078448,0.205143,-0.345162,1.004995,1.463017,0.000000,0.000000,0.443168,-0.371350,0.119020,1.206918,0.002657,0.000000,0.000000
2.244574,2.690547,0.857024,0.076393,-0.032200,0.341644,0.936166,0.136350,-0.011717,0.079087,1.107999,-0.014614,-0.002991,-0.176347,0.019952,-0.077004,0.357466,-0.280113,0.002150,-0.094656,0.006900,0.085635,0.200736,-0.352707,1.026224,1.469861,0.000000,0.000000,0.442114,-0.370793,0.125912,1.197596,0.011333,0.000000,0.000000
2.258540,2.695178,0.857317,0.076673,-0.033571,0.331533,0.939723,0.122685,-0.000342,0.089821,1.142134,-0.034811,-0.001614,-0.161873,0.028044,-0.060058,0.363069,-0.290306,0.001437,-0.078627,0.006412,0.091902,0.198651,-0.363858,1.047659,1.481847,0.000000,0.000000,0.441293,-0.369945,0.132806,1.182952,0.022264,0.000000,0.000000
2.272819,2.699599,0.857574,0.076769,-0.035067,0.320881,0.943352,0.110018,0.011401,0.098490,1.169547,-0.054852,0.000104,-0.146971,0.036507,-0.040369,0.366091,-0.295247,0.000386,-0.062467,0.005833,0.098158,0.197318,-0.374640,1.069224,1.491796,0.000000,0.000000,0.439288,-0.368958,0.140662,1.168243,0.031339,0.000000,0.000000
2.287070,2.704097,0.857844,0.077122,-0.036366,0.308998,0.947233,0.098168,0.021532,0.107173,1.189786,-0.074700,0.001314,-0.131764,0.044264,-0.019917,0.367159,-0.298347,-0.000917,-0.044802,0.005216,0.105187,0.194939,-0.383329,1.090868,1.500037,0.000000,0.000000,0.436788,-0.367733,0.147369,1.152791,0.039236,0.000000,0.000000
2.301333,2.708526,0.858171,0.078004,-0.037411,0.295674,0.951363,0.086829,0.029920,0.116588,1.203980,-0.092175,0.001865,-0.116251,0.050767,0.002311,0.367405,-0.299074,-0.002768,-0.025640,0.004500,0.114777,0.194258,-0.393371,1.108632,1.508500,0.000000,0.000000,0.433246,-0.367865,0.155400,1.137126,0.043043,0.000000,0.000000
2.315742,2.712996,0.858441,0.078709,-0.038323,0.280775,0.955773,0.076527,0.036468,0.125382,1.212393,-0.106213,0.001972,-0.101080,0.057007,0.026506,0.367230,-0.296587,-0.004986,-0.005360,0.003765,0.124405,0.193399,-0.402614,1.123189,1.518513,0.000000,0.000000,0.429487,-0.369556,0.163940,1.120990,0.042579,0.000000,0.000000
2.330366,2.717357,0.858485,0.079265,-0.038869,0.265480,0.960066,0.066800,0.042624,0.134352,1.215871,-0.119609,0.001907,-0.085762,0.063259,0.047120,0.366035,-0.294343,-0.006615,0.015022,0.003040,0.135175,0.191480,-0.407419,1.134353,1.525391,0.000000,0.000000,0.426087,-0.370565,0.172216,1.102886,0.043176,0.000000,0.000000
2.344866,2.721651,0.858346,0.079371,-0.039276,0.250661,0.964016,0.057168,0.048889,0.142206,1.215377,-0.133350,0.002027,-0.070269,0.069463,0.064985,0.363294,-0.296068,-0.007813,0.034352,0.002329,0.146857,0.189639,-0.409119,1.143919,1.532253,0.000000,0.000000,0.422945,-0.372278,0.181010,1.083123,0.039872,0.000000,0.000000
2.358918,2.725971,0.858228,0.079347,-0.039643,0.236430,0.967592,0.046981,0.052947,0.145642,1.210170,-0.148328,0.002268,-0.054727,0.075353,0.086412,0.359288,-0.297978,-0.009650,0.052088,0.001639,0.159490,0.188537,-0.409778,1.152698,1.539152,0.000000,0.000000,0.418798,-0.375332,0.189610,1.061242,0.037314,0.000000,0.000000
2.372503,2.730077,0.858020,0.079184,-0.039914,0.222752,0.970834,0.036699,0.055385,0.145446,1.200864,-0.162942,0.002708,-0.039845,0.080518,0.104148,0.354353,-0.297705,-0.011070,0.067969,0.001076,0.172193,0.186675,-0.409428,1.160433,1.546633,0.000000,0.000000,0.413979,-0.376950,0.194622,1.039928,0.034436,0.000000,0.000000
2.385335,2.733856,0.857681,0.078710,-0.039946,0.209747,0.973764,0.025392,0.057691,0.144313,1.187669,-0.177247,0.003279,-0.024919,0.084828,0.114153,0.347786,-0.298251,-0.011444,0.082895,0.000520,0.185327,0.183922,-0.407888,1.166854,1.555237,0.000000,0.000000,0.407927,-0.377882,0.199176,1.019327,0.030993,0.000000,0.000000
2.397357,2.737116,0.857359,0.078192,-0.039436,0.196577,0.976570,0.012459,0.059651,0.142592,1.170980,-0.192460,0.003846,-0.010640,0.088077,0.120990,0.339230,-0.299802,-0.011564,0.098200,-0.000096,0.197337,0.181606,-0.406032,1.173030,1.565922,0.000000,0.000000,0.399091,-0.379594,0.204939,1.000952,0.026180,0.000000,0.000000
2.408689,2.739783,0.857098,0.077635,-0.038341,0.183496,0.979200,-0.001846,0.061655,0.139612,1.151776,-0.207266,0.004684,0.001802,0.090957,0.128465,0.329260,-0.296685,-0.011893,0.113117,-0.000662,0.208103,0.179794,-0.408046,1.179696,1.569047,0.000000,0.000000,0.389827,-0.381400,0.210747,0.983819,0.022132,0.000000,0.000000
2.419029,2.742272,0.856856,0.076910,-0.036929,0.170720,0.981619,-0.017376,0.063470,0.135867,1.129066,-0.220894,0.005639,0.012317,0.093266,0.135349,0.319628,-0.289441,-0.012290,0.128190,-0.001227,0.216470,0.177848,-0.411421,1.186579,1.569462,0.000000,0.000000,0.381184,-0.382077,0.215472,0.967518,0.018737,0.000000,0.000000
2.428603,2.744560,0.856521,0.075933,-0.035257,0.157841,0.983909,-0.033402,0.066135,0.132811,1.102285,-0.231883,0.006747,0.020886,0.094902,0.141450,0.312387,-0.282786,-0.012751,0.142249,-0.001776,0.222809,0.175712,-0.412508,1.193063,1.569483,0.000000,0.000000,0.371226,-0.381878,0.219085,0.951964,0.015624,0.000000,0.000000
2.437744,2.746680,0.855961,0.074811,-0.033363,0.144755,0.986071,-0.049291,0.069532,0.130797,1.071570,-0.240298,0.007896,0.027777,0.096460,0.148773,0.308593,-0.276703,-0.013450,0.154451,-0.002273,0.230532,0.173057,-0.410217,1.197572,1.569435,0.000000,0.000000,0.359240,-0.382021,0.224589,0.937506,0.016478,0.000000,0.000000
2.446465,2.748973,0.855268,0.073720,-0.031258,0.131907,0.988023,-0.065047,0.072228,0.129562,1.037055,-0.252467,0.008698,0.033647,0.097773,0.157038,0.306568,-0.271887,-0.014375,0.165443,-0.002769,0.238862,0.169786,-0.406938,1.201551,1.569380,0.000000,0.000000,0.345717,-0.382716,0.230003,0.924455,0.021376,0.000000,0.000000
2.454981,2.751417,0.854600,0.072529,-0.028797,0.119585,0.989752,-0.080717,0.074544,0.127069,0.999186,-0.263730,0.009687,0.039008,0.098599,0.164953,0.303956,-0.267941,-0.015377,0.175386,-0.003192,0.245458,0.166790,-0.404651,1.205894,1.569314,0.000000,0.000000,0.331622,-0.383908,0.234696,0.911019,0.027695,0.000000,0.000000
2.463403,2.754482,0.854097,0.071314,-0.026054,0.107340,0.991319,-0.095842,0.075206,0.122647,0.956962,-0.270468,0.010620,0.044020,0.097815,0.171404,0.300814,-0.266110,-0.016572,0.185057,-0.003618,0.250428,0.164985,-0.404101,1.207893,1.569271,0.000000,0.000000,0.317501,-0.385394,0.239275,0.896921,0.030948,0.000000,0.000000
2.472062,2.757901,0.853619,0.069945,-0.023260,0.094551,0.992787,-0.109704,0.075557,0.119883,0.910538,-0.277342,0.011143,0.049067,0.096008,0.176207,0.297717,-0.265704,-0.017769,0.194606,-0.004031,0.255888,0.163144,-0.402418,1.208734,1.569233,0.000000,0.000000,0.303564,-0.386854,0.245152,0.882497,0.031628,0.000000,0.000000
2.481109,2.761269,0.853057,0.068473,-0.020593,0.082060,0.994059,-0.122172,0.076993,0.119632,0.861277,-0.281071,0.011487,0.054735,0.094414,0.180910,0.293865,-0.261456,-0.018906,0.203190,-0.004430,0.262514,0.159850,-0.397322,1.208985,1.569184,0.000000,0.000000,0.289901,-0.387678,0.252055,0.869319,0.033042,0.000000,0.000000
2.490555,2.764877,0.852557,0.067280,-0.017869,0.070958,0.995047,-0.133529,0.078268,0.118803,0.808974,-0.278364,0.011924,0.061273,0.091913,0.183815,0.288152,-0.255800,-0.020003,0.208965,-0.004717,0.270122,0.156317,-0.392290,1.208157,1.569130,0.000000,0.000000,0.276529,-0.388517,0.260112,0.856672,0.036152,0.000000,0.000000
2.500365,2.769122,0.852143,0.066235,-0.015219,0.060964,0.995824,-0.143682,0.077954,0.115942,0.752837,-0.275636,0.012352,0.068588,0.088230,0.185960,0.281486,-0.250964,-0.021294,0.212768,-0.004941,0.276564,0.151369,-0.383937,1.209390,1.569077,0.000000,0.000000,0.263544,-0.390272,0.268125,0.843428,0.038374,0.000000,0.000000
2.510620,2.773249,0.851518,0.065045,-0.012674,0.050800,0.996508,-0.152451,0.078308,0.115859,0.694571,-0.273911,0.012421,0.076309,0.084590,0.187802,0.275425,-0.245276,-0.022535,0.216207,-0.005145,0.282171,0.147431,-0.378430,1.210964,1.569029,0.000000,0.000000,0.250399,-0.392194,0.275544,0.830945,0.039153,0.000000,0.000000
2.521123,2.777224,0.850705,0.063688,-0.010029,0.039665,0.997131,-0.159773,0.079897,0.121164,0.636960,-0.266191,0.011789,0.083713,0.080648,0.189681,0.270438,-0.239724,-0.023885,0.220440,-0.005392,0.288318,0.144922,-0.375893,1.208509,1.568972,0.000000,0.000000,0.236603,-0.393922,0.285133,0.819295,0.039292,0.000000,0.000000
2.531710,2.781406,0.849838,0.062475,-0.007443,0.028651,0.997607,-0.166197,0.080897,0.128221,0.577198,-0.255115,0.010742,0.091086,0.075935,0.191862,0.266009,-0.238208,-0.025489,0.225432,-0.005657,0.294220,0.141567,-0.370650,1.204721,1.568924,0.000000,0.000000,0.223464,-0.395678,0.294907,0.806462,0.036452,0.000000,0.000000
2.542365,2.785404,0.848787,0.061183,-0.004945,0.018814,0.997937,-0.172222,0.081990,0.132429,0.515392,-0.244264,0.010361,0.098593,0.071692,0.193770,0.261809,-0.240990,-0.026904,0.229868,-0.005898,0.299722,0.138797,-0.364213,1.201555,1.568882,0.000000,0.000000,0.211879,-0.397658,0.301528,0.791298,0.035085,0.000000,0.000000
2.552999,2.789159,0.847487,0.059498,-0.002761,0.010053,0.998174,-0.177787,0.084127,0.134415,0.452229,-0.236646,0.010693,0.106511,0.068532,0.195106,0.257952,-0.243043,-0.027939,0.234065,-0.006095,0.304761,0.137044,-0.358184,1.200235,1.568843,0.000000,0.000000,0.199782,-0.399146,0.307874,0.778255,0.035575,0.000000,0.000000
2.563850,2.793074,0.846015,0.057624,-0.000441,0.001777,0.998337,-0.182597,0.086229,0.136265,0.387656,-0.234925,0.011048,0.114771,0.065599,0.196300,0.253432,-0.244292,-0.028901,0.237966,-0.006336,0.308494,0.135189,-0.350541,1.200015,1.568820,0.000000,0.000000,0.187105,-0.400770,0.315935,0.766429,0.035957,0.000000,0.000000
2.574465,2.797220,0.844138,0.055534,0.001906,-0.006245,0.998435,-0.186635,0.088023,0.136246,0.322552,-0.232283,0.011636,0.121553,0.062779,0.197057,0.253100,-0.248011,-0.029767,0.241609,-0.006591,0.311320,0.133224,-0.345087,1.199176,1.568795,0.000000,0.000000,0.175460,-0.403177,0.325260,0.753364,0.034028,0.000000,0.000000
2.584451,2.801154,0.841652,0.053056,0.004459,-0.013899,0.998485,-0.190999,0.091184,0.130647,0.257609,-0.226572,0.013281,0.125619,0.060654,0.196019,0.258784,-0.250989,-0.030198,0.244838,-0.006817,0.313973,0.132431,-0.345010,1.196144,1.568764,0.000000,0.000000,0.163519,-0.406950,0.337098,0.738413,0.032016,0.000000,0.000000
2.594517,2.804325,0.840011,0.050801,0.006915,-0.020888,0.998466,-0.195693,0.095961,0.122463,0.193454,-0.221807,0.015372,0.129543,0.059389,0.191637,0.265565,-0.250559,-0.029903,0.247196,-0.006996,0.315702,0.132692,-0.344849,1.193654,1.568751,0.000000,0.000000,0.151050,-0.410646,0.349070,0.723761,0.030092,0.000000,0.000000
2.604748,2.807506,0.838463,0.048966,0.009225,-0.027026,0.998392,-0.200345,0.100074,0.116634,0.129212,-0.215956,0.016743,0.133508,0.057677,0.186977,0.272811,-0.253448,-0.029677,0.248404,-0.007139,0.317091,0.133698,-0.344063,1.190863,1.568745,0.000000,0.000000,0.139584,-0.414810,0.360720,0.708907,0.031742,0.000000,0.000000
2.615344,2.810970,0.835713,0.046984,0.011323,-0.033357,0.998274,-0.204301,0.103976,0.114882,0.069401,-0.209928,0.017418,0.137221,0.055308,0.186829,0.280538,-0.261262,-0.030339,0.248963,-0.007272,0.319568,0.135145,-0.342574,1.187880,1.568753,0.000000,0.000000,0.131510,-0.419846,0.371638,0.689476,0.045964,0.000000,0.000000
2.626028,2.814520,0.831580,0.044979,0.013511,-0.040019,0.998095,-0.207852,0.108677,0.112651,0.011343,-0.207149,0.018140,0.140607,0.052517,0.191238,0.288459,-0.270636,-0.031856,0.250164,-0.007460,0.321827,0.136363,-0.340860,1.187467,1.568745,0.000000,0.000000,0.124333,-0.426503,0.379317,0.669109,0.059942,0.000000,0.000000
2.636749,2.817941,0.829398,0.043238,0.015634,-0.046168,0.997875,-0.210670,0.112436,0.110173,-0.017450,-0.207990,0.018745,0.142971,0.050708,0.197316,0.294498,-0.276524,-0.033390,0.251167,-0.007644,0.322306,0.137493,-0.340022,1.187457,1.568762,0.000000,0.000000,0.118076,-0.432924,0.383885,0.657749,0.053479,0.000000,0.000000
2.647817,2.821500,0.829344,0.042299,0.017424,-0.050239,0.997689,-0.215556,0.115208,0.108888,-0.017450,-0.209033,0.019032,0.146685,0.046932,0.201555,0.303371,-0.284959,-0.035245,0.249208,-0.007630,0.322953,0.137457,-0.340775,1.187148,1.568758,0.000000,0.000000,0.110808,-0.436704,0.387597,0.642431,0.059572,0.000000,0.000000
2.659298,2.825210,0.829639,0.041338,0.019003,-0.053715,0.997519,-0.220257,0.115921,0.110201,-0.017450,-0.207298,0.018905,0.150503,0.043026,0.203653,0.312057,-0.292746,-0.036795,0.246066,-0.007616,0.323488,0.138469,-0.344606,1.186334,1.568762,0.000000,0.000000,0.104821,-0.441341,0.393335,0.628639,0.061843,0.000000,0.000000
2.671256,2.829321,0.830141,0.040370,0.020251,-0.057194,0.997341,-0.224554,0.115122,0.112293,-0.017450,-0.204875,0.018556,0.154832,0.038290,0.205421,0.321725,-0.299384,-0.038552,0.242645,-0.007581,0.323817,0.139307,-0.347713,1.185926,1.568770,0.000000,0.000000,0.099232,-0.445779,0.398100,0.616153,0.063287,0.000000,0.000000
2.683523,2.833611,0.830763,0.039492,0.021336,-0.060873,0.997136,-0.228744,0.112573,0.115456,-0.017450,-0.205044,0.017905,0.159866,0.032299,0.207358,0.333085,-0.306456,-0.040732,0.238941,-0.007504,0.323582,0.139977,-0.346645,1.184741,1.568789,0.000000,0.000000,0.094122,-0.448888,0.401799,0.604273,0.069665,0.000000,0.000000
2.695786,2.837023,0.831258,0.038913,0.022373,-0.064916,0.996881,-0.232677,0.109649,0.120312,-0.017450,-0.207293,0.017114,0.165045,0.027023,0.208872,0.344487,-0.313010,-0.042648,0.234928,-0.007499,0.322515,0.142352,-0.342884,1.180271,1.568816,0.000000,0.000000,0.088431,-0.452915,0.407430,0.594500,0.066048,0.000000,0.000000
2.708092,2.839693,0.831523,0.038455,0.023098,-0.068056,0.996673,-0.236747,0.106597,0.125967,-0.017450,-0.209880,0.016268,0.170624,0.023218,0.209701,0.356347,-0.315080,-0.044093,0.230045,-0.007441,0.322613,0.145730,-0.339886,1.174097,1.568843,0.000000,0.000000,0.082085,-0.456858,0.412726,0.589085,0.057434,0.000000,0.000000
2.720619,2.842039,0.831819,0.037577,0.023524,-0.071327,0.996467,-0.240583,0.104125,0.132221,-0.017450,-0.212138,0.015488,0.176211,0.020521,0.210052,0.368024,-0.312239,-0.045197,0.226310,-0.007379,0.322841,0.149128,-0.337763,1.169697,1.568874,0.000000,0.000000,0.077060,-0.458289,0.417050,0.585949,0.052265,0.000000,0.000000
2.733466,2.844267,0.832186,0.036587,0.023865,-0.074468,0.996266,-0.244266,0.101505,0.138759,-0.017450,-0.213178,0.014676,0.181756,0.018267,0.210227,0.379636,-0.308156,-0.046170,0.223222,-0.007321,0.321647,0.152253,-0.334915,1.168160,1.568904,0.000000,0.000000,0.073188,-0.458582,0.419488,0.584185,0.048046,0.000000,0.000000
2.746537,2.846313,0.832609,0.035445,0.024278,-0.077780,0.996044,-0.248043,0.098647,0.146914,-0.017450,-0.215457,0.013714,0.187579,0.016104,0.210311,0.391745,-0.302565,-0.047137,0.220630,-0.007242,0.319549,0.155108,-0.331585,1.168184,1.568946,0.000000,0.000000,0.070548,-0.456977,0.419488,0.585024,0.047500,0.000000,0.000000
2.759742,2.848496,0.832856,0.034363,0.024453,-0.080466,0.995865,-0.251494,0.095554,0.152496,-0.017450,-0.221765,0.012870,0.193662,0.014054,0.210246,0.404437,-0.292969,-0.048088,0.219140,-0.007259,0.316072,0.158709,-0.330116,1.169132,1.569009,0.000000,0.000000,0.069077,-0.454664,0.418830,0.589212,0.048587,0.000000,0.000000
2.773245,2.851082,0.833151,0.033457,0.024611,-0.081743,0.995788,-0.254520,0.091410,0.154357,-0.017450,-0.228943,0.012179,0.199301,0.012359,0.210052,0.416230,-0.281094,-0.048891,0.217677,-0.007267,0.312190,0.162228,-0.329659,1.169429,1.569056,0.000000,0.000000,0.068789,-0.453633,0.417258,0.595772,0.045843,0.000000,0.000000
2.786935,2.853551,0.833541,0.032367,0.024637,-0.082157,0.995789,-0.257293,0.086716,0.155623,-0.017450,-0.235513,0.011488,0.205186,0.011746,0.209436,0.428160,-0.264806,-0.049294,0.215853,-0.007179,0.307786,0.165715,-0.330448,1.170270,1.569106,0.000000,0.000000,0.069585,-0.451857,0.412383,0.603810,0.044015,0.000000,0.000000
2.800778,2.855828,0.833852,0.031247,0.024337,-0.083373,0.995731,-0.259239,0.083119,0.153797,-0.017450,-0.240549,0.011153,0.211210,0.011223,0.208711,0.440381,-0.243524,-0.049652,0.215650,-0.007154,0.302230,0.169931,-0.334283,1.172852,1.569149,0.000000,0.000000,0.071024,-0.449398,0.405818,0.614074,0.042743,0.000000,0.000000
2.814944,2.858121,0.834200,0.029847,0.023864,-0.084017,0.995731,-0.260607,0.081465,0.147750,-0.017450,-0.240057,0.011370,0.216569,0.011097,0.207920,0.452575,-0.222914,-0.049807,0.215935,-0.007076,0.296236,0.175193,-0.340369,1.175746,1.569210,0.000000,0.000000,0.074615,-0.445635,0.398761,0.625424,0.043673,0.000000,0.000000
2.828972,2.860234,0.834560,0.028274,0.022912,-0.084767,0.995736,-0.261645,0.082204,0.137323,-0.017450,-0.225942,0.012272,0.220433,0.011897,0.206756,0.471628,-0.196835,-0.049568,0.217554,-0.007058,0.289238,0.181415,-0.345959,1.179974,1.569275,0.000000,0.000000,0.080380,-0.440780,0.390376,0.639224,0.044070,0.000000,0.000000
2.843077,2.862137,0.835053,0.026553,0.021784,-0.085434,0.995752,-0.262241,0.086295,0.121522,-0.017450,-0.193983,0.014138,0.222475,0.013992,0.205141,0.499337,-0.160271,-0.048763,0.220256,-0.007086,0.280561,0.189312,-0.352557,1.185472,1.569367,0.000000,0.000000,0.088480,-0.433879,0.379790,0.656135,0.045939,0.000000,0.000000
2.857319,2.863920,0.836508,0.024508,0.020419,-0.086709,0.995723,-0.261613,0.093364,0.104426,-0.008558,-0.160256,0.016707,0.221635,0.016365,0.203548,0.531678,-0.117008,-0.047672,0.224229,-0.007204,0.272133,0.196284,-0.359728,1.190952,1.569460,0.000000,0.000000,0.096848,-0.425454,0.368470,0.674353,0.044701,0.000000,0.000000
2.871904,2.865551,0.839322,0.023049,0.018492,-0.086850,0.995783,-0.260187,0.099344,0.086796,0.018280,-0.136091,0.019482,0.218888,0.017887,0.196988,0.566412,-0.066397,-0.045694,0.225971,-0.007267,0.265347,0.199999,-0.365043,1.196535,1.569521,0.000000,0.000000,0.104673,-0.415322,0.354470,0.694518,0.036172,0.000000,0.000000
2.886703,2.866880,0.842469,0.021781,0.015437,-0.085444,0.995985,-0.258546,0.102246,0.074545,0.056057,-0.117820,0.021543,0.215658,0.019428,0.185302,0.604257,-0.008886,-0.042437,0.224780,-0.007218,0.259993,0.203104,-0.367313,1.202364,1.569566,0.000000,0.000000,0.113650,-0.402931,0.337155,0.718705,0.019254,0.000000,0.000000
2.901700,2.868266,0.845375,0.020614,0.011673,-0.082286,0.996327,-0.257070,0.101528,0.067753,0.099568,-0.108657,0.022583,0.212347,0.021611,0.171980,0.643519,0.046184,-0.038434,0.222028,-0.007023,0.255116,0.206714,-0.368417,1.207163,1.569631,0.000000,0.000000,0.126494,-0.389745,0.320688,0.742909,0.006209,0.000000,0.000000
2.916857,2.870005,0.847695,0.019890,0.007903,-0.079790,0.996582,-0.254896,0.098183,0.063105,0.143796,-0.111934,0.022924,0.207753,0.022008,0.159610,0.684707,0.098857,-0.035013,0.218582,-0.006825,0.250463,0.209598,-0.371347,1.210965,1.569667,0.000000,0.000000,0.140518,-0.376803,0.306335,0.765569,0.006248,0.000000,0.000000
2.932095,2.872392,0.849413,0.019464,0.004284,-0.078778,0.996693,-0.251001,0.093590,0.056608,0.185339,-0.122168,0.023289,0.201015,0.018589,0.147776,0.727708,0.149412,-0.032784,0.215058,-0.006661,0.247613,0.211763,-0.378438,1.213578,1.569702,0.000000,0.000000,0.153659,-0.366268,0.295354,0.786768,0.013004,0.000000,0.000000
2.947166,2.875340,0.850521,0.019182,0.000553,-0.077978,0.996770,-0.244996,0.088327,0.046361,0.222094,-0.135636,0.024060,0.192306,0.012030,0.134799,0.773026,0.198678,-0.031201,0.211677,-0.006534,0.245476,0.214289,-0.385836,1.215161,1.569727,0.000000,0.000000,0.165898,-0.358748,0.288319,0.807526,0.016356,0.000000,0.000000
2.961911,2.878610,0.851162,0.019081,-0.003471,-0.076718,0.996864,-0.236682,0.082406,0.034482,0.253746,-0.149356,0.024953,0.181914,0.002580,0.119069,0.820640,0.242806,-0.029931,0.207352,-0.006348,0.242738,0.216959,-0.391018,1.215440,1.569759,0.000000,0.000000,0.177339,-0.352238,0.284255,0.829156,0.015064,0.000000,0.000000
2.976581,2.882626,0.851716,0.018951,-0.007413,-0.074901,0.996983,-0.226177,0.074908,0.020934,0.279030,-0.163020,0.025773,0.170077,-0.009389,0.103189,0.869371,0.278106,-0.029317,0.200244,-0.006092,0.239985,0.218933,-0.395285,1.215328,1.569795,0.000000,0.000000,0.186993,-0.345531,0.282536,0.852075,0.012380,0.000000,0.000000
2.991106,2.886130,0.852266,0.018306,-0.011306,-0.072617,0.997128,-0.214433,0.068131,0.007818,0.296446,-0.177921,0.026616,0.158287,-0.017377,0.089998,0.911734,0.276360,-0.028844,0.190632,-0.005730,0.237014,0.221119,-0.399065,1.216091,1.569823,0.000000,0.000000,0.194459,-0.339316,0.283449,0.872799,0.012639,0.000000,0.000000
3.005342,2.888837,0.852798,0.017476,-0.015137,-0.070513,0.997243,-0.200684,0.062250,-0.004787,0.311043,-0.193438,0.027557,0.145326,-0.022200,0.079546,0.952771,0.255615,-0.028424,0.178160,-0.005296,0.233024,0.224149,-0.402994,1.216540,1.569874,0.000000,0.000000,0.200572,-0.333540,0.288711,0.893710,0.015369,0.000000,0.000000
3.019584,2.890971,0.853255,0.016458,-0.018879,-0.068682,0.997324,-0.185916,0.057740,-0.014615,0.323729,-0.207584,0.028356,0.132176,-0.023637,0.073217,0.988129,0.221029,-0.028146,0.163718,-0.004833,0.228291,0.227746,-0.405006,1.215246,1.569934,0.000000,0.000000,0.204959,-0.327923,0.297507,0.916051,0.018029,0.000000,0.000000
3.034241,2.893361,0.853717,0.015439,-0.022173,-0.067342,0.997364,-0.170493,0.053302,-0.019789,0.334495,-0.222661,0.028380,0.119014,-0.025085,0.068674,1.016820,0.176247,-0.028477,0.148594,-0.004361,0.224432,0.231940,-0.405053,1.211633,1.570003,0.000000,0.000000,0.208973,-0.323121,0.307867,0.936470,0.018207,0.000000,0.000000
3.049041,2.896190,0.854199,0.014498,-0.025266,-0.066633,0.997352,-0.153824,0.048243,-0.021217,0.342801,-0.239660,0.027620,0.105305,-0.028480,0.063344,1.040334,0.124635,-0.029480,0.133269,-0.003938,0.219683,0.235956,-0.405867,1.208514,1.570069,0.000000,0.000000,0.213323,-0.319889,0.318993,0.954381,0.013443,0.000000,0.000000
3.063617,2.899330,0.854748,0.013627,-0.028290,-0.065380,0.997366,-0.136727,0.042698,-0.021865,0.347040,-0.254587,0.026600,0.091730,-0.033222,0.054875,1.057908,0.077201,-0.030361,0.118631,-0.003477,0.214202,0.240008,-0.408994,1.204625,1.570141,0.000000,0.000000,0.218972,-0.317681,0.327737,0.969418,0.006415,0.000000,0.000000
3.077937,2.902502,0.855357,0.012933,-0.031154,-0.063017,0.997442,-0.118887,0.036736,-0.023753,0.347352,-0.267092,0.025659,0.078165,-0.038798,0.042104,1.070188,0.035605,-0.030664,0.104131,-0.002986,0.208221,0.243824,-0.412710,1.199125,1.570210,0.000000,0.000000,0.226861,-0.314952,0.332671,0.982398,0.000876,0.000000,0.000000
3.092130,2.905558,0.855945,0.012482,-0.033913,-0.060456,0.997517,-0.100872,0.030800,-0.027497,0.344544,-0.277607,0.024974,0.065276,-0.044879,0.027962,1.077058,-0.003494,-0.030708,0.090530,-0.002516,0.201187,0.248365,-0.416702,1.192904,1.570300,0.000000,0.000000,0.235509,-0.313129,0.335027,0.993840,-0.006136,0.000000,0.000000
3.106417,2.908036,0.856577,0.011532,-0.036361,-0.058157,0.997578,-0.082715,0.026627,-0.030484,0.340533,-0.286682,0.024552,0.052927,-0.048647,0.015828,1.078524,-0.040579,-0.030287,0.076532,-0.002021,0.193591,0.254151,-0.419180,1.185530,1.570405,0.000000,0.000000,0.244166,-0.311738,0.337355,1.001467,-0.011543,0.000000,0.000000
3.120971,2.910135,0.857232,0.010020,-0.038336,-0.056139,0.997636,-0.064836,0.024192,-0.032285,0.335989,-0.294575,0.024327,0.040900,-0.049686,0.005508,1.074038,-0.074166,-0.029241,0.062558,-0.001562,0.186455,0.260216,-0.418408,1.177058,1.570516,0.000000,0.000000,0.252775,-0.309869,0.338244,1.007578,-0.015554,0.000000,0.000000
3.135688,2.912220,0.857729,0.008448,-0.040199,-0.053666,0.997714,-0.047229,0.022128,-0.034644,0.332021,-0.302303,0.024268,0.028921,-0.049381,-0.005797,1.063825,-0.107117,-0.027481,0.049299,-0.001087,0.179607,0.266586,-0.417305,1.167751,1.570633,0.000000,0.000000,0.262494,-0.308123,0.334853,1.013070,-0.019332,0.000000,0.000000
3.150236,2.914561,0.858038,0.007136,-0.042241,-0.050679,0.997796,-0.030466,0.019353,-0.038790,0.328709,-0.309780,0.024310,0.017315,-0.049095,-0.018264,1.049586,-0.139096,-0.025320,0.037011,-0.000670,0.172411,0.271584,-0.416179,1.160186,1.570740,0.000000,0.000000,0.273554,-0.306229,0.329491,1.017534,-0.015741,0.000000,0.000000
3.164272,2.916946,0.858253,0.005885,-0.044138,-0.046887,0.997907,-0.014263,0.016624,-0.042924,0.325427,-0.315231,0.024370,0.005590,-0.048917,-0.033231,1.031404,-0.169636,-0.022516,0.024078,-0.000206,0.164326,0.276617,-0.415967,1.152053,1.570800,0.000000,0.000000,0.285088,-0.304302,0.323939,1.021311,-0.007583,0.000000,0.000000
3.177606,2.918951,0.858534,0.004493,-0.045182,-0.042969,0.998044,0.000519,0.015227,-0.045801,0.320269,-0.319325,0.024531,-0.006698,-0.047860,-0.048980,1.007955,-0.198217,-0.019092,0.010962,0.000276,0.155027,0.281600,-0.416022,1.144561,1.570800,0.000000,0.000000,0.294984,-0.302129,0.316146,1.024744,0.001957,0.000000,0.000000
3.190271,2.920463,0.858882,0.003010,-0.045104,-0.039464,0.998198,0.013793,0.015230,-0.048265,0.312796,-0.322243,0.024945,-0.020326,-0.045283,-0.063294,0.978803,-0.220906,-0.015334,-0.001828,0.000695,0.145308,0.287000,-0.415408,1.135342,1.570800,0.000000,0.000000,0.303330,-0.301529,0.309076,1.027530,0.000096,0.000000,0.000000
3.202304,2.921988,0.859215,0.001725,-0.044540,-0.035644,0.998370,0.025635,0.015200,-0.052336,0.304352,-0.323906,0.025582,-0.034837,-0.042772,-0.078418,0.945978,-0.239756,-0.011335,-0.014242,0.001136,0.133824,0.292182,-0.414319,1.125592,1.570800,0.000000,0.000000,0.310067,-0.301767,0.301966,1.032165,-0.009443,0.000000,0.000000
3.213893,2.923899,0.859521,0.000541,-0.043666,-0.030798,0.998571,0.036238,0.014706,-0.055656,0.295848,-0.324881,0.025978,-0.049946,-0.041038,-0.095588,0.909639,-0.258893,-0.007108,-0.027578,0.001643,0.119806,0.296971,-0.415011,1.117650,1.570800,0.000000,0.000000,0.316584,-0.302550,0.292199,1.036188,-0.016264,0.000000,0.000000
3.225145,2.925802,0.859661,-0.000385,-0.042646,-0.024915,0.998779,0.045467,0.014417,-0.055871,0.288662,-0.326081,0.025939,-0.064584,-0.040094,-0.114202,0.870791,-0.278563,-0.002860,-0.041405,0.002195,0.104670,0.302138,-0.418652,1.109518,1.570800,0.000000,0.000000,0.322496,-0.301839,0.279070,1.039740,-0.021492,0.000000,0.000000
3.236246,2.927082,0.859548,-0.001125,-0.041297,-0.018938,0.998967,0.053639,0.014856,-0.055084,0.283159,-0.328931,0.025909,-0.078865,-0.037696,-0.131367,0.828281,-0.292900,0.001413,-0.054765,0.002745,0.089744,0.307161,-0.420537,1.099514,1.570800,0.000000,0.000000,0.328687,-0.300622,0.265449,1.041868,-0.023628,0.000000,0.000000
3.247269,2.927703,0.859253,-0.001927,-0.039901,-0.014213,0.999101,0.061397,0.015873,-0.055042,0.279089,-0.331787,0.026152,-0.092528,-0.032849,-0.144025,0.782857,-0.298801,0.005303,-0.067211,0.003170,0.075815,0.309362,-0.416512,1.089962,1.570800,0.000000,0.000000,0.334202,-0.299434,0.255852,1.044076,-0.022016,0.000000,0.000000
3.258351,2.928676,0.858891,-0.002472,-0.038401,-0.010519,0.999204,0.069263,0.015854,-0.055512,0.274206,-0.333532,0.026222,-0.105594,-0.029341,-0.157912,0.734648,-0.297878,0.008858,-0.078788,0.003601,0.062319,0.311421,-0.411486,1.080236,1.570800,0.000000,0.000000,0.338928,-0.299480,0.248945,1.047108,-0.021467,0.000000,0.000000
3.269559,2.929648,0.858447,-0.002801,-0.036741,-0.006492,0.999300,0.077334,0.015546,-0.057017,0.268535,-0.334319,0.026388,-0.118222,-0.026337,-0.173755,0.680483,-0.293991,0.012390,-0.090514,0.004092,0.047284,0.315335,-0.412241,1.070263,1.570800,0.000000,0.000000,0.342366,-0.300333,0.241900,1.050571,-0.021385,0.000000,0.000000
3.281130,2.930077,0.857797,-0.003094,-0.034988,-0.001843,0.999381,0.085401,0.016645,-0.058266,0.263733,-0.336227,0.026874,-0.129403,-0.022268,-0.187861,0.622406,-0.289486,0.015533,-0.102039,0.004537,0.032025,0.319122,-0.415022,1.060281,1.570800,0.000000,0.000000,0.346381,-0.301583,0.232560,1.053503,-0.018184,0.000000,0.000000
3.293053,2.930119,0.856907,-0.003308,-0.033200,0.002286,0.999441,0.093890,0.018806,-0.058354,0.259483,-0.341208,0.027421,-0.139321,-0.017414,-0.197558,0.560640,-0.289668,0.017581,-0.112950,0.004997,0.016825,0.322079,-0.414350,1.048792,1.570800,0.000000,0.000000,0.351018,-0.303518,0.224008,1.055607,-0.015703,0.000000,0.000000
3.305109,2.929815,0.855930,-0.003466,-0.031250,0.006179,0.999487,0.102499,0.021372,-0.060271,0.254534,-0.345619,0.028340,-0.148213,-0.011900,-0.204351,0.495373,-0.291686,0.018791,-0.123067,0.005437,0.000843,0.326389,-0.415731,1.037492,1.570800,0.000000,0.000000,0.355139,-0.305209,0.216007,1.056964,-0.016166,0.000000,0.000000
3.317242,2.929278,0.854912,-0.003583,-0.029152,0.010323,0.999515,0.111243,0.024503,-0.062504,0.248510,-0.348545,0.029463,-0.156237,-0.006019,-0.211717,0.427270,-0.289761,0.019813,-0.132258,0.005851,-0.016203,0.331456,-0.421895,1.027176,1.570800,0.000000,0.000000,0.358991,-0.305463,0.206552,1.056778,-0.018487,0.000000,0.000000
3.329370,2.928909,0.857560,-0.003556,-0.027156,0.014246,0.999523,0.120220,0.027476,-0.062331,0.242547,-0.351007,0.030192,-0.163311,-0.000797,-0.219046,0.358302,-0.284112,0.020388,-0.139951,0.006191,-0.033684,0.335304,-0.428983,1.019155,1.570800,0.000000,0.000000,0.362737,-0.305601,0.197074,1.057690,-0.017549,0.000000,0.000000
3.340255,2.928788,0.859746,-0.002816,-0.025015,0.018312,0.999515,0.125296,0.028239,-0.067696,0.245266,-0.356584,0.031207,-0.170780,0.002682,-0.226545,0.285808,-0.275388,0.020179,-0.146939,0.006528,-0.052945,0.338326,-0.437334,1.011051,1.570800,0.000000,0.000000,0.365807,-0.306613,0.189174,1.060987,-0.014745,0.000000,0.000000
3.351004,2.928877,0.859816,-0.001331,-0.022316,0.022969,0.999486,0.128399,0.027320,-0.074291,0.250842,-0.364833,0.031998,-0.178467,0.003853,-0.233859,0.211820,-0.262574,0.019180,-0.154587,0.006875,-0.072973,0.341834,-0.446328,1.000319,1.570800,0.000000,0.000000,0.368153,-0.308175,0.179898,1.064331,-0.015587,0.000000,0.000000
3.362188,2.928692,0.857705,0.000043,-0.019900,0.028351,0.999400,0.131617,0.027397,-0.078005,0.257583,-0.374379,0.032623,-0.185032,0.004625,-0.237880,0.138123,-0.241074,0.017700,-0.162751,0.007237,-0.092866,0.344373,-0.455062,0.989456,1.570800,0.000000,0.000000,0.370251,-0.309613,0.168832,1.067120,-0.015919,0.000000,0.000000
3.373951,2.928251,0.853590,0.001349,-0.017860,0.034293,0.999251,0.135222,0.028237,-0.081120,0.265175,-0.385250,0.033339,-0.190122,0.005202,-0.238657,0.066729,-0.218817,0.015880,-0.170105,0.007591,-0.111163,0.345987,-0.463160,0.978409,1.570800,0.000000,0.000000,0.373067,-0.309994,0.155229,1.071998,-0.015853,0.000000,0.000000
3.386168,2.928198,0.847331,0.002591,-0.016339,0.040019,0.999062,0.139634,0.029236,-0.081383,0.274142,-0.396162,0.033685,-0.194309,0.004268,-0.237635,-0.002975,-0.203922,0.013400,-0.176657,0.007899,-0.128538,0.346648,-0.470048,0.967226,1.570800,0.000000,0.000000,0.377213,-0.310538,0.142436,1.076535,-0.019046,0.000000,0.000000
3.398584,2.929036,0.845845,0.003898,-0.015544,0.044744,0.998870,0.143591,0.029180,-0.079803,0.281921,-0.403703,0.033495,-0.197139,0.001261,-0.237323,-0.017450,-0.197162,0.011795,-0.180164,0.008050,-0.140272,0.346321,-0.474659,0.961320,1.570800,0.000000,0.000000,0.381277,-0.311257,0.134315,1.079262,-0.021630,0.000000,0.000000
3.411245,2.930057,0.845713,0.005565,-0.015008,0.048985,0.998671,0.149383,0.027979,-0.079616,0.293593,-0.414823,0.033245,-0.201305,-0.004685,-0.237427,-0.017450,-0.188570,0.010109,-0.184032,0.008304,-0.156331,0.345810,-0.483914,0.956181,1.570800,0.000000,0.000000,0.386952,-0.312272,0.123484,1.083404,-0.023631,0.000000,0.000000
3.424243,2.930690,0.845285,0.007213,-0.014474,0.052594,0.998485,0.156386,0.026215,-0.081471,0.308032,-0.427964,0.033208,-0.206410,-0.012541,-0.234538,-0.017450,-0.182837,0.008059,-0.187797,0.008585,-0.174336,0.345023,-0.495671,0.950164,1.570800,0.000000,0.000000,0.394014,-0.313381,0.111642,1.086487,-0.026104,0.000000,0.000000
3.437248,2.931674,0.844349,0.008548,-0.014413,0.055549,0.998315,0.163929,0.024318,-0.079668,0.323440,-0.438270,0.032636,-0.211393,-0.022318,-0.227479,-0.017450,-0.185792,0.005333,-0.190913,0.008820,-0.190178,0.344442,-0.503419,0.942304,1.570800,0.000000,0.000000,0.401499,-0.314997,0.099957,1.088960,-0.031171,0.000000,0.000000
3.450302,2.932358,0.843238,0.009451,-0.014709,0.058486,0.998135,0.171233,0.023935,-0.074869,0.337953,-0.446222,0.031983,-0.215667,-0.030104,-0.220823,-0.017450,-0.190340,0.003054,-0.193166,0.009017,-0.202926,0.344461,-0.508421,0.935297,1.570800,0.000000,0.000000,0.408403,-0.314504,0.088307,1.091832,-0.036132,0.000000,0.000000
3.463327,2.932951,0.841938,0.010136,-0.014810,0.060775,0.997990,0.178510,0.023914,-0.072262,0.352653,-0.454858,0.031744,-0.220476,-0.036282,-0.218116,-0.017450,-0.198519,0.001319,-0.193761,0.009139,-0.214758,0.345329,-0.513504,0.927340,1.570800,0.000000,0.000000,0.414972,-0.313230,0.077058,1.095069,-0.041711,0.000000,0.000000
3.476507,2.933245,0.840775,0.010514,-0.014854,0.063080,0.997843,0.184969,0.024900,-0.072021,0.365754,-0.461761,0.032143,-0.224949,-0.039995,-0.217307,-0.017450,-0.203000,0.000335,-0.194832,0.009213,-0.223769,0.345730,-0.514596,0.920719,1.570800,0.000000,0.000000,0.419734,-0.313549,0.068064,1.097325,-0.046713,0.000000,0.000000
3.490085,2.933374,0.839479,0.010504,-0.015117,0.066183,0.997638,0.191877,0.027371,-0.073452,0.379954,-0.469696,0.033236,-0.229025,-0.043579,-0.216036,-0.017450,-0.207426,-0.000544,-0.197556,0.009361,-0.231305,0.345962,-0.515697,0.914227,1.570800,0.000000,0.000000,0.424929,-0.312919,0.059264,1.099373,-0.049985,0.000000,0.000000
3.503974,2.933328,0.838148,0.009960,-0.015537,0.069562,0.997407,0.198650,0.030951,-0.076719,0.394097,-0.475351,0.034975,-0.232395,-0.046764,-0.213436,-0.017450,-0.210968,-0.001341,-0.201350,0.009523,-0.236881,0.346114,-0.517515,0.909220,1.570800,0.000000,0.000000,0.430567,-0.310175,0.053137,1.101958,-0.050286,0.000000,0.000000
3.518112,2.933835,0.836708,0.008786,-0.016146,0.073099,0.997155,0.205440,0.034838,-0.080738,0.408296,-0.477566,0.037008,-0.235144,-0.051345,-0.208454,-0.017450,-0.212172,-0.002372,-0.205359,0.009661,-0.241015,0.346985,-0.519215,0.904664,1.570413,0.000000,0.000000,0.436274,-0.306557,0.049097,1.104689,-0.050410,0.000000,0.000000
3.532253,2.934340,0.834573,0.007762,-0.017124,0.076572,0.996887,0.213406,0.038555,-0.086625,0.425218,-0.478034,0.039448,-0.239186,-0.056643,-0.203267,-0.017450,-0.218809,-0.003614,-0.209394,0.009754,-0.244396,0.348277,-0.521295,0.897981,1.566394,0.000000,0.000000,0.442856,-0.302514,0.044626,1.107951,-0.049399,0.000000,0.000000
3.546774,2.934925,0.832679,0.006787,-0.017853,0.079636,0.996641,0.220679,0.041454,-0.091911,0.440787,-0.474553,0.041628,-0.242284,-0.061341,-0.197378,-0.017450,-0.228484,-0.004811,-0.213107,0.009850,-0.246895,0.348932,-0.521080,0.892995,1.560556,0.000000,0.000000,0.446316,-0.299668,0.040862,1.110914,-0.045638,0.000000,0.000000
3.561624,2.935540,0.831006,0.005932,-0.018653,0.082043,0.996437,0.227758,0.043316,-0.097739,0.456051,-0.466922,0.043673,-0.244307,-0.065784,-0.190311,-0.017450,-0.238286,-0.006016,-0.216318,0.009923,-0.248160,0.349925,-0.519930,0.889075,1.558498,0.000000,0.000000,0.449048,-0.297580,0.039107,1.115152,-0.044218,0.000000,0.000000
3.576630,2.935789,0.829675,0.005256,-0.019623,0.083609,0.996292,0.233551,0.044022,-0.104250,0.473509,-0.457794,0.045526,-0.245400,-0.068653,-0.183188,-0.017450,-0.244725,-0.006953,-0.218868,0.009999,-0.247700,0.350778,-0.517282,0.885339,1.557336,0.000000,0.000000,0.451167,-0.296138,0.037909,1.119043,-0.043410,0.000000,0.000000
3.591476,2.935649,0.828677,0.004635,-0.020593,0.085248,0.996136,0.237161,0.045241,-0.108426,0.497490,-0.447936,0.047202,-0.245691,-0.070543,-0.174502,-0.017450,-0.248515,-0.007846,-0.221997,0.010054,-0.245832,0.351787,-0.513133,0.881865,1.556576,0.000000,0.000000,0.452718,-0.295099,0.037220,1.123208,-0.041882,0.000000,0.000000
3.606186,2.935803,0.827982,0.004365,-0.021672,0.086307,0.996023,0.239200,0.045892,-0.108784,0.525951,-0.436987,0.048056,-0.246107,-0.071150,-0.170615,-0.017450,-0.244799,-0.008139,-0.224768,0.010103,-0.242522,0.351928,-0.507981,0.879224,1.556130,0.000000,0.000000,0.453337,-0.294761,0.036897,1.128838,-0.041215,0.000000,0.000000
3.620639,2.936495,0.828129,0.004293,-0.023217,0.086516,0.995971,0.240338,0.044996,-0.106690,0.562834,-0.421580,0.048090,-0.247304,-0.070763,-0.176072,-0.012440,-0.226814,-0.007251,-0.226576,0.010134,-0.236072,0.350722,-0.501686,0.877088,1.554141,0.000000,0.000000,0.453340,-0.294607,0.036817,1.137033,-0.039068,0.000000,0.000000
3.634878,2.936782,0.832274,0.004175,-0.025095,0.086968,0.995886,0.239797,0.044163,-0.104253,0.604918,-0.399567,0.048088,-0.248873,-0.071337,-0.183164,0.021605,-0.201221,-0.005973,-0.226584,0.010129,-0.226630,0.347380,-0.495706,0.874847,1.548381,0.000000,0.000000,0.453042,-0.293994,0.038241,1.146114,-0.035417,0.000000,0.000000
3.649276,2.935974,0.836304,0.003869,-0.027154,0.087152,0.995817,0.237768,0.044007,-0.104024,0.645631,-0.375116,0.048528,-0.249577,-0.072715,-0.180057,0.059254,-0.180202,-0.005782,-0.225328,0.010126,-0.217505,0.343879,-0.492188,0.875156,1.544691,0.000000,0.000000,0.452778,-0.292581,0.040919,1.153705,-0.033387,0.000000,0.000000
3.663937,2.934842,0.839634,0.003543,-0.029618,0.086196,0.995832,0.234644,0.042923,-0.104455,0.688092,-0.345572,0.048652,-0.248881,-0.074480,-0.167521,0.096687,-0.169016,-0.006832,-0.222622,0.010056,-0.207610,0.340839,-0.488283,0.876735,1.541826,0.000000,0.000000,0.453005,-0.291042,0.044301,1.161030,-0.033025,0.000000,0.000000
3.678801,2.933815,0.842579,0.003258,-0.032767,0.083964,0.995925,0.230602,0.042419,-0.098734,0.734693,-0.304762,0.047640,-0.246818,-0.075366,-0.151942,0.136077,-0.161753,-0.008226,-0.218661,0.009922,-0.194561,0.336739,-0.481888,0.880802,1.538883,0.000000,0.000000,0.452921,-0.289407,0.047854,1.169936,-0.031766,0.000000,0.000000
3.693837,2.932742,0.845213,0.002857,-0.036219,0.080942,0.996056,0.225512,0.044630,-0.084588,0.783667,-0.254116,0.045597,-0.243536,-0.073958,-0.138203,0.175785,-0.151554,-0.009150,-0.214434,0.009753,-0.178870,0.332037,-0.473591,0.886784,1.538396,0.000000,0.000000,0.451411,-0.289145,0.052954,1.180057,-0.031073,0.000000,0.000000
3.708842,2.931762,0.847248,0.002247,-0.039389,0.077638,0.996201,0.219223,0.048785,-0.065815,0.831145,-0.202295,0.043018,-0.239001,-0.070755,-0.128796,0.211117,-0.146211,-0.009385,-0.211210,0.009612,-0.162000,0.328314,-0.463520,0.893043,1.540162,0.000000,0.000000,0.448196,-0.289577,0.058713,1.189739,-0.029720,0.000000,0.000000
3.723739,2.930846,0.848871,0.001749,-0.042329,0.074226,0.996341,0.211568,0.052354,-0.048989,0.876730,-0.152368,0.040409,-0.232899,-0.067641,-0.120856,0.242073,-0.144734,-0.009639,-0.207942,0.009489,-0.144062,0.325531,-0.454343,0.898503,1.541943,0.000000,0.000000,0.444016,-0.290597,0.067090,1.199641,-0.026730,0.000000,0.000000
3.738407,2.929617,0.850226,0.001640,-0.045089,0.070155,0.996515,0.202688,0.054978,-0.034108,0.920908,-0.102788,0.037705,-0.225335,-0.064558,-0.113045,0.268319,-0.148655,-0.010027,-0.203507,0.009335,-0.125660,0.322087,-0.445931,0.904681,1.544167,0.000000,0.000000,0.438702,-0.291196,0.076866,1.209493,-0.023893,0.000000,0.000000
3.752907,2.927444,0.851401,0.001804,-0.047576,0.065776,0.996698,0.192688,0.058764,-0.020005,0.962560,-0.055086,0.035420,-0.216621,-0.060305,-0.104492,0.289166,-0.159327,-0.010384,-0.197645,0.009124,-0.107988,0.318530,-0.439195,0.911015,1.545216,0.000000,0.000000,0.433215,-0.292007,0.087188,1.216086,-0.020289,0.000000,0.000000
3.767292,2.924825,0.852459,0.001960,-0.049863,0.061950,0.996831,0.181241,0.064064,-0.007096,1.002774,-0.011461,0.033725,-0.206501,-0.055761,-0.093230,0.306209,-0.172914,-0.011183,-0.190024,0.008826,-0.091293,0.314627,-0.434767,0.916481,1.543078,0.000000,0.000000,0.428751,-0.291992,0.096364,1.218515,-0.012524,0.000000,0.000000
3.781233,2.921836,0.853041,0.001364,-0.052578,0.059136,0.996863,0.169166,0.075761,0.011267,1.043413,0.037525,0.032738,-0.195229,-0.051574,-0.073775,0.322294,-0.188119,-0.013421,-0.185170,0.008611,-0.070756,0.305026,-0.417632,0.925257,1.565952,0.000000,0.000000,0.429449,-0.285708,0.084630,1.216903,-0.027221,0.000000,0.000000
3.795381,2.920120,0.853558,0.001849,-0.055515,0.055328,0.996922,0.159232,0.079409,0.024454,1.076023,0.045012,0.031034,-0.184838,-0.048718,-0.064182,0.338456,-0.203594,-0.014330,-0.175358,0.008226,-0.054409,0.297868,-0.413908,0.932613,1.570800,0.000000,0.000000,0.430210,-0.283704,0.082860,1.215250,-0.038886,0.000000,0.000000
3.809598,2.918520,0.853976,0.001991,-0.058106,0.052115,0.996947,0.149412,0.081357,0.034238,1.104906,0.034191,0.029724,-0.173826,-0.045144,-0.057578,0.354715,-0.216929,-0.014626,-0.163282,0.007849,-0.041105,0.290730,-0.416293,0.941630,1.570800,0.000000,0.000000,0.430030,-0.282963,0.086015,1.210790,-0.043240,0.000000,0.000000
3.823738,2.917094,0.854440,0.002040,-0.060217,0.048745,0.996992,0.138576,0.080685,0.040435,1.129170,0.009703,0.028527,-0.161626,-0.040997,-0.050535,0.367128,-0.231693,-0.014884,-0.150600,0.007496,-0.029760,0.284283,-0.420269,0.952578,1.570800,0.000000,0.000000,0.428768,-0.282072,0.091228,1.203784,-0.038815,0.000000,0.000000
3.837726,2.915981,0.855004,0.002141,-0.062070,0.045757,0.997020,0.126676,0.078057,0.044322,1.148798,-0.019210,0.027297,-0.148078,-0.037401,-0.042804,0.374476,-0.245476,-0.015387,-0.138184,0.007126,-0.019526,0.280087,-0.425130,0.966429,1.570800,0.000000,0.000000,0.427424,-0.281299,0.096875,1.195782,-0.031901,0.000000,0.000000
3.851584,2.915315,0.855690,0.002402,-0.063747,0.043005,0.997036,0.113654,0.074115,0.047757,1.163538,-0.047163,0.025809,-0.133124,-0.035236,-0.037191,0.378344,-0.256370,-0.015876,-0.123996,0.006664,-0.010111,0.276682,-0.432694,0.984026,1.570800,0.000000,0.000000,0.426137,-0.279592,0.100206,1.186231,-0.025390,0.000000,0.000000
3.865361,2.914953,0.856445,0.002882,-0.065235,0.040581,0.997040,0.100734,0.069408,0.051409,1.171831,-0.071335,0.024037,-0.117889,-0.034417,-0.035277,0.379289,-0.265000,-0.016057,-0.108677,0.006113,-0.000798,0.272838,-0.440663,0.999747,1.570800,0.000000,0.000000,0.425143,-0.278346,0.101616,1.173791,-0.019842,0.000000,0.000000
3.879148,2.914769,0.857310,0.003792,-0.066562,0.038066,0.997049,0.087767,0.062794,0.054920,1.174318,-0.092898,0.021701,-0.102089,-0.034724,-0.033964,0.378442,-0.270659,-0.016424,-0.093052,0.005544,0.009233,0.268638,-0.447874,1.012827,1.570800,0.000000,0.000000,0.423828,-0.278214,0.102882,1.160998,-0.014208,0.000000,0.000000
3.893035,2.914411,0.858182,0.004986,-0.067809,0.035213,0.997064,0.075460,0.055625,0.058613,1.171238,-0.110656,0.019094,-0.086573,-0.035451,-0.031636,0.376247,-0.276212,-0.017056,-0.078192,0.005071,0.019824,0.264630,-0.454715,1.025730,1.570800,0.000000,0.000000,0.420874,-0.278191,0.105063,1.149536,-0.006469,0.000000,0.000000
3.907035,2.914069,0.859013,0.006254,-0.068914,0.032307,0.997080,0.063382,0.048296,0.063320,1.163024,-0.127768,0.016186,-0.070731,-0.036570,-0.030127,0.373102,-0.284014,-0.017627,-0.063925,0.004553,0.032108,0.260099,-0.458952,1.039701,1.570800,0.000000,0.000000,0.416285,-0.278291,0.106895,1.136207,-0.003172,0.000000,0.000000
3.921119,2.913733,0.859775,0.007369,-0.069760,0.029431,0.997102,0.051766,0.041126,0.067772,1.150145,-0.145737,0.013286,-0.055192,-0.037468,-0.029360,0.368914,-0.290958,-0.018021,-0.050486,0.004046,0.044794,0.254622,-0.460503,1.055119,1.570800,0.000000,0.000000,0.412669,-0.279313,0.109296,1.118622,-0.001005,0.000000,0.000000
3.934962,2.913581,0.860545,0.008416,-0.070240,0.026308,0.997148,0.039763,0.032582,0.070693,1.131717,-0.165901,0.010181,-0.039771,-0.038375,-0.027476,0.362707,-0.298129,-0.018590,-0.037026,0.003565,0.056801,0.248947,-0.461493,1.070681,1.570800,0.000000,0.000000,0.409073,-0.280719,0.113466,1.100762,0.001989,0.000000,0.000000
3.948402,2.913080,0.861294,0.009516,-0.070348,0.022697,0.997219,0.027645,0.024807,0.074084,1.109090,-0.185848,0.007136,-0.025532,-0.039065,-0.024569,0.355604,-0.305162,-0.019254,-0.023772,0.003093,0.068073,0.245516,-0.466173,1.084983,1.570800,0.000000,0.000000,0.403642,-0.282130,0.116864,1.084441,0.002111,0.000000,0.000000
3.961444,2.912187,0.861891,0.010490,-0.070282,0.017821,0.997313,0.015344,0.018630,0.081095,1.082381,-0.204257,0.003782,-0.012337,-0.039374,-0.020515,0.349643,-0.309123,-0.020025,-0.010333,0.002605,0.080005,0.244896,-0.472443,1.099007,1.570800,0.000000,0.000000,0.396825,-0.284806,0.121398,1.066530,0.005047,0.000000,0.000000
3.974131,2.911214,0.862401,0.011232,-0.069723,0.012870,0.997420,0.002835,0.013770,0.090444,1.052255,-0.218429,0.000288,-0.000337,-0.039465,-0.017152,0.343162,-0.311186,-0.020636,0.003241,0.002087,0.091846,0.243705,-0.475207,1.112528,1.570800,0.000000,0.000000,0.389870,-0.286656,0.124632,1.046737,0.011209,0.000000,0.000000
3.986516,2.910295,0.862951,0.011741,-0.068673,0.007470,0.997542,-0.010114,0.009517,0.101023,1.018487,-0.231900,-0.003320,0.010944,-0.039461,-0.012429,0.334274,-0.312721,-0.021424,0.018300,0.001522,0.103358,0.241333,-0.475611,1.125501,1.570718,0.000000,0.000000,0.382857,-0.287336,0.128055,1.027070,0.016384,0.000000,0.000000
3.998643,2.909389,0.863421,0.011813,-0.067156,0.001935,0.997671,-0.023525,0.006418,0.112271,0.979790,-0.244312,-0.006720,0.021524,-0.038730,-0.004946,0.324059,-0.313389,-0.022458,0.033173,0.000900,0.115502,0.238667,-0.471257,1.137542,1.570614,0.000000,0.000000,0.374768,-0.289513,0.133972,1.005199,0.021398,0.000000,0.000000
4.010406,2.908761,0.863693,0.011805,-0.065611,-0.003058,0.997771,-0.036661,0.002839,0.121026,0.937202,-0.253245,-0.009701,0.031115,-0.038200,0.000237,0.315505,-0.313891,-0.023177,0.047090,0.000350,0.127351,0.236446,-0.466145,1.147346,1.570520,0.000000,0.000000,0.366593,-0.292856,0.142440,0.982077,0.029233,0.000000,0.000000
4.021908,2.908088,0.863845,0.011930,-0.064088,-0.007973,0.997841,-0.049030,-0.000579,0.129552,0.892035,-0.258538,-0.012488,0.039985,-0.038201,0.003003,0.308248,-0.315347,-0.023636,0.060523,-0.000175,0.138317,0.235508,-0.463332,1.155972,1.570449,0.000000,0.000000,0.358666,-0.296530,0.150027,0.958955,0.036327,0.000000,0.000000
4.033276,2.907102,0.863961,0.012018,-0.062166,-0.013209,0.997906,-0.061396,-0.003289,0.139040,0.841657,-0.264805,-0.015107,0.048491,-0.037839,0.004974,0.300335,-0.316319,-0.023864,0.074092,-0.000767,0.149386,0.233751,-0.457684,1.165509,1.570366,0.000000,0.000000,0.349166,-0.298265,0.155443,0.936321,0.044132,0.000000,0.000000
4.044457,2.905998,0.864003,0.011915,-0.059701,-0.018885,0.997967,-0.073363,-0.005212,0.148923,0.787514,-0.270099,-0.017376,0.056076,-0.037208,0.005003,0.291931,-0.316471,-0.023713,0.086561,-0.001286,0.161018,0.232415,-0.451067,1.173751,1.570293,0.000000,0.000000,0.337450,-0.300209,0.161133,0.915172,0.054538,0.000000,0.000000
4.055365,2.905144,0.863975,0.011697,-0.056865,-0.024090,0.998023,-0.084917,-0.007318,0.159391,0.729056,-0.272504,-0.019583,0.062854,-0.036496,0.005055,0.283062,-0.317412,-0.023525,0.098364,-0.001848,0.171466,0.232225,-0.446906,1.181294,1.570231,0.000000,0.000000,0.323873,-0.303946,0.169140,0.896110,0.059460,0.000000,0.000000
4.066249,2.904581,0.863813,0.011217,-0.053863,-0.028820,0.998069,-0.095709,-0.009261,0.169734,0.666418,-0.276086,-0.021397,0.069030,-0.035701,0.007445,0.274395,-0.317348,-0.023682,0.109205,-0.002385,0.181671,0.232440,-0.441968,1.187337,1.570180,0.000000,0.000000,0.309649,-0.308786,0.180356,0.876332,0.053769,0.000000,0.000000
4.076923,2.903955,0.863456,0.010909,-0.050814,-0.033107,0.998100,-0.105933,-0.011208,0.174074,0.600232,-0.277817,-0.021686,0.074629,-0.035753,0.005682,0.267899,-0.317614,-0.023411,0.119452,-0.002887,0.190464,0.233868,-0.442837,1.189922,1.570145,0.000000,0.000000,0.289434,-0.315407,0.200093,0.861011,0.042454,0.000000,0.000000
4.088029,2.903052,0.862803,0.010236,-0.047888,-0.036784,0.998123,-0.115031,-0.011197,0.179397,0.532946,-0.278008,-0.021389,0.080987,-0.035381,0.003563,0.262305,-0.321613,-0.022960,0.128048,-0.003306,0.199561,0.234374,-0.442479,1.195394,1.570113,0.000000,0.000000,0.272031,-0.317592,0.215317,0.843035,0.051095,0.000000,0.000000
4.099416,2.902287,0.861969,0.009298,-0.044802,-0.040310,0.998139,-0.122954,-0.010859,0.188415,0.464265,-0.273879,-0.021528,0.087774,-0.034790,0.001243,0.256556,-0.322653,-0.022445,0.136552,-0.003716,0.208532,0.235751,-0.441534,1.199461,1.570085,0.000000,0.000000,0.256820,-0.318918,0.224790,0.824238,0.066117,0.000000,0.000000
4.110894,2.901671,0.860985,0.008087,-0.042069,-0.045194,0.998059,-0.129490,-0.010116,0.201265,0.392889,-0.266482,-0.021966,0.094873,-0.034481,0.000481,0.251303,-0.322443,-0.022270,0.145525,-0.004232,0.218469,0.237667,-0.439502,1.203800,1.570073,0.000000,0.000000,0.241743,-0.322776,0.234567,0.803425,0.077593,0.000000,0.000000
4.122529,2.900948,0.859933,0.006967,-0.039061,-0.050540,0.997934,-0.135060,-0.009030,0.212931,0.319699,-0.258885,-0.021782,0.101831,-0.034439,0.000215,0.245476,-0.324536,-0.022218,0.154039,-0.004730,0.227536,0.238620,-0.435519,1.209773,1.570040,0.000000,0.000000,0.226076,-0.326920,0.246364,0.782098,0.082302,0.000000,0.000000
4.134423,2.900304,0.860303,0.005781,-0.035735,-0.055131,0.997823,-0.140222,-0.007936,0.222099,0.246215,-0.251868,-0.020885,0.108739,-0.033971,-0.000251,0.239184,-0.327729,-0.022012,0.161041,-0.005165,0.236658,0.239953,-0.431175,1.214856,1.570027,0.000000,0.000000,0.210317,-0.331662,0.259532,0.762939,0.083847,0.000000,0.000000
4.146568,2.900292,0.859885,0.004562,-0.032729,-0.059288,0.997694,-0.144523,-0.007716,0.229048,0.174936,-0.245036,-0.019705,0.115813,-0.034315,-0.001359,0.233925,-0.333650,-0.021895,0.167485,-0.005579,0.246153,0.241175,-0.426532,1.219000,1.570005,0.000000,0.000000,0.195161,-0.338461,0.271941,0.743806,0.087287,0.000000,0.000000
4.158113,2.900070,0.857377,0.003237,-0.030195,-0.063389,0.997527,-0.148378,-0.005813,0.233617,0.103769,-0.237361,-0.017663,0.121482,-0.034578,-0.002063,0.234482,-0.341369,-0.021823,0.173786,-0.006027,0.256065,0.241956,-0.417943,1.222767,1.569989,0.000000,0.000000,0.179668,-0.347000,0.286120,0.724005,0.090003,0.000000,0.000000
4.168944,2.899726,0.853355,0.001632,-0.027403,-0.067673,0.997330,-0.152819,-0.002622,0.236983,0.033190,-0.229410,-0.015119,0.124803,-0.033982,-0.000422,0.239499,-0.349906,-0.021901,0.178910,-0.006366,0.265461,0.242828,-0.406206,1.226101,1.569977,0.000000,0.000000,0.161744,-0.353826,0.300881,0.707783,0.092075,0.000000,0.000000
4.179954,2.899415,0.851144,-0.000042,-0.024853,-0.072109,0.997087,-0.156876,0.000440,0.239363,-0.017450,-0.220485,-0.013197,0.127547,-0.033615,0.000527,0.244768,-0.358298,-0.021949,0.182580,-0.006620,0.273798,0.243691,-0.397849,1.229392,1.569964,0.000000,0.000000,0.146101,-0.359409,0.312731,0.694569,0.092993,0.000000,0.000000
4.191373,2.899099,0.848951,-0.001642,-0.022660,-0.076490,0.996811,-0.162018,0.004471,0.242498,-0.017450,-0.212257,-0.011766,0.131127,-0.033665,0.000752,0.251943,-0.369867,-0.021988,0.187617,-0.006953,0.283762,0.243944,-0.387669,1.233238,1.569945,0.000000,0.000000,0.130246,-0.365350,0.325215,0.677884,0.099651,0.000000,0.000000
4.203188,2.898823,0.848891,-0.003309,-0.020746,-0.081310,0.996467,-0.168065,0.009374,0.247730,-0.017450,-0.209413,-0.010780,0.135541,-0.033986,0.001650,0.260914,-0.381928,-0.022207,0.193575,-0.007358,0.295126,0.243303,-0.373836,1.238204,1.569921,0.000000,0.000000,0.114314,-0.370719,0.338113,0.659090,0.109715,0.000000,0.000000
4.215389,2.898929,0.848501,-0.004795,-0.019479,-0.085990,0.996094,-0.173645,0.012972,0.253610,-0.017450,-0.211736,-0.010147,0.140483,-0.035407,0.001672,0.270942,-0.393080,-0.022596,0.198419,-0.007732,0.306261,0.243453,-0.361520,1.242567,1.569904,0.000000,0.000000,0.099554,-0.375434,0.349241,0.642893,0.117005,0.000000,0.000000
4.227977,2.899451,0.848076,-0.005803,-0.018742,-0.089102,0.995829,-0.178200,0.015123,0.255028,-0.017450,-0.211328,-0.009513,0.145766,-0.038205,0.000140,0.281446,-0.404842,-0.023102,0.201767,-0.007993,0.316563,0.244321,-0.355210,1.245543,1.569887,0.000000,0.000000,0.087815,-0.380145,0.356007,0.630284,0.119219,0.000000,0.000000
4.240715,2.899856,0.847587,-0.006711,-0.018507,-0.092987,0.995473,-0.182105,0.017753,0.257223,-0.017450,-0.208656,-0.009015,0.151427,-0.041692,0.000850,0.292764,-0.415795,-0.024141,0.205185,-0.008239,0.327758,0.243707,-0.346755,1.248992,1.569875,0.000000,0.000000,0.076505,-0.384368,0.362558,0.620632,0.120324,0.000000,0.000000
4.253411,2.900054,0.847012,-0.007290,-0.017969,-0.095960,0.995196,-0.186601,0.020728,0.257035,-0.017450,-0.206750,-0.008298,0.157540,-0.045262,0.003876,0.305100,-0.426572,-0.025586,0.209451,-0.008513,0.339249,0.243395,-0.339151,1.252260,1.569844,0.000000,0.000000,0.065044,-0.388678,0.368064,0.611727,0.120376,0.000000,0.000000
4.266140,2.899921,0.846463,-0.007939,-0.017175,-0.100608,0.994746,-0.191053,0.025859,0.254075,-0.017450,-0.206781,-0.007012,0.163256,-0.048748,0.010536,0.316790,-0.435018,-0.027624,0.214427,-0.008771,0.349912,0.243450,-0.332930,1.255778,1.569820,0.000000,0.000000,0.053968,-0.392929,0.373640,0.603056,0.121549,0.000000,0.000000
4.279101,2.899745,0.845780,-0.008303,-0.016493,-0.104218,0.994383,-0.195224,0.030729,0.250006,-0.017450,-0.209855,-0.005631,0.168921,-0.052062,0.018339,0.328494,-0.440646,-0.029886,0.220206,-0.009007,0.358063,0.242283,-0.326122,1.260841,1.569797,0.000000,0.000000,0.044997,-0.396056,0.374653,0.596048,0.123695,0.000000,0.000000
4.292434,2.899719,0.844982,-0.008657,-0.016114,-0.106513,0.994143,-0.199241,0.034572,0.244943,-0.017450,-0.213636,-0.004375,0.174714,-0.054365,0.027239,0.340616,-0.445089,-0.032127,0.225969,-0.009226,0.364636,0.240595,-0.319420,1.266147,1.569781,0.000000,0.000000,0.038520,-0.399346,0.373556,0.590555,0.125500,0.000000,0.000000
4.305984,2.899721,0.844048,-0.008987,-0.016020,-0.108424,0.993935,-0.203162,0.037611,0.240877,-0.017450,-0.218417,-0.003357,0.180965,-0.056723,0.033474,0.353521,-0.447096,-0.034058,0.231119,-0.009443,0.371264,0.238968,-0.314174,1.271635,1.569753,0.000000,0.000000,0.033844,-0.402480,0.372392,0.586380,0.126250,0.000000,0.000000
4.319644,2.899806,0.843043,-0.009107,-0.016138,-0.109823,0.993778,-0.206834,0.039498,0.237217,-0.017450,-0.222996,-0.002610,0.187545,-0.059218,0.039046,0.367200,-0.444568,-0.036032,0.235342,-0.009573,0.376964,0.237687,-0.309939,1.277169,1.569735,0.000000,0.000000,0.029951,-0.405613,0.370001,0.583322,0.124804,0.000000,0.000000
4.333255,2.900146,0.841825,-0.009383,-0.016379,-0.110167,0.993734,-0.211372,0.040720,0.232169,-0.017450,-0.227661,-0.001878,0.194080,-0.060632,0.046053,0.380990,-0.437837,-0.038045,0.238527,-0.009665,0.381086,0.236628,-0.307585,1.283746,1.569716,0.000000,0.000000,0.028112,-0.407585,0.365366,0.581108,0.125133,0.000000,0.000000
4.347151,2.900547,0.841070,-0.009726,-0.016449,-0.110136,0.993733,-0.214705,0.042157,0.225938,-0.017450,-0.227913,-0.001153,0.199406,-0.061312,0.053435,0.394291,-0.433641,-0.039875,0.241012,-0.009730,0.384017,0.235986,-0.306385,1.288998,1.569720,0.000000,0.000000,0.027634,-0.409791,0.360668,0.579779,0.125987,0.000000,0.000000
4.360431,2.900562,0.839688,-0.009965,-0.016727,-0.110464,0.993689,-0.218268,0.043529,0.224306,-0.017450,-0.243901,-0.000579,0.203200,-0.061661,0.060401,0.418027,-0.428440,-0.041765,0.244222,-0.009783,0.387455,0.234917,-0.304229,1.294876,1.569712,0.000000,0.000000,0.027819,-0.411990,0.356083,0.581839,0.127067,0.000000,0.000000
4.373864,2.901021,0.839029,-0.010217,-0.017015,-0.111050,0.993617,-0.220265,0.044838,0.217979,-0.017450,-0.246207,0.000164,0.204803,-0.063193,0.062148,0.440695,-0.419719,-0.043026,0.247352,-0.009809,0.389641,0.233551,-0.299296,1.298791,1.569700,0.000000,0.000000,0.029487,-0.411589,0.351650,0.585092,0.130412,0.000000,0.000000
4.387352,2.901713,0.838896,-0.010562,-0.017009,-0.110994,0.993619,-0.222170,0.045460,0.207991,-0.017450,-0.237301,0.000984,0.205680,-0.064176,0.061954,0.466564,-0.406889,-0.043865,0.249661,-0.009858,0.390443,0.232490,-0.296894,1.304241,1.569695,0.000000,0.000000,0.030883,-0.411773,0.346024,0.587806,0.131680,0.000000,0.000000
4.401293,2.903223,0.839136,-0.011225,-0.017277,-0.109625,0.993759,-0.223792,0.044853,0.195652,-0.017450,-0.216178,0.001595,0.206290,-0.065143,0.061539,0.498460,-0.389727,-0.044816,0.249869,-0.009814,0.390259,0.232776,-0.298003,1.311823,1.569695,0.000000,0.000000,0.032956,-0.412346,0.340245,0.591779,0.130624,0.000000,0.000000
4.415287,2.904369,0.841494,-0.011776,-0.017807,-0.106989,0.994031,-0.225050,0.043910,0.189442,-0.002803,-0.184675,0.001114,0.206392,-0.065107,0.060888,0.533088,-0.368416,-0.045462,0.247889,-0.009702,0.389292,0.231658,-0.299166,1.320659,1.569701,0.000000,0.000000,0.037234,-0.410909,0.335118,0.598379,0.131012,0.000000,0.000000
4.429105,2.905637,0.844646,-0.011816,-0.018521,-0.104376,0.994295,-0.225065,0.044201,0.179814,0.018939,-0.150746,0.001113,0.205198,-0.065539,0.059233,0.568168,-0.345955,-0.045972,0.245510,-0.009550,0.387707,0.229062,-0.302113,1.328931,1.569693,0.000000,0.000000,0.042189,-0.409139,0.331379,0.607136,0.132894,0.000000,0.000000
4.442973,2.907391,0.847733,-0.011499,-0.019202,-0.101291,0.994605,-0.223974,0.044345,0.166278,0.042047,-0.121017,0.001711,0.202300,-0.067533,0.054876,0.604220,-0.319347,-0.046348,0.241325,-0.009370,0.385560,0.226264,-0.306107,1.335390,1.569687,0.000000,0.000000,0.046649,-0.407755,0.327828,0.617579,0.133725,0.000000,0.000000
4.456945,2.909240,0.850689,-0.011197,-0.020629,-0.097291,0.994979,-0.222158,0.043699,0.151412,0.070734,-0.101141,0.002528,0.198133,-0.070637,0.045097,0.644742,-0.282744,-0.045986,0.235320,-0.009073,0.383437,0.223957,-0.308078,1.340713,1.569687,0.000000,0.000000,0.051898,-0.405371,0.323487,0.631415,0.134352,0.000000,0.000000
4.471051,2.911375,0.853130,-0.010888,-0.023196,-0.092463,0.995386,-0.220007,0.040846,0.135059,0.105198,-0.096097,0.003433,0.193648,-0.075099,0.029980,0.689479,-0.236624,-0.044890,0.228432,-0.008748,0.382088,0.221505,-0.311202,1.345919,1.569685,0.000000,0.000000,0.058934,-0.400834,0.317836,0.647672,0.133037,0.000000,0.000000
4.485343,2.913687,0.855073,-0.010651,-0.025953,-0.086399,0.995866,-0.218043,0.035338,0.121028,0.142206,-0.102051,0.003761,0.189167,-0.079384,0.014211,0.735034,-0.181501,-0.043353,0.220610,-0.008352,0.380811,0.219227,-0.316289,1.351186,1.569678,0.000000,0.000000,0.067524,-0.394570,0.308499,0.664394,0.126924,0.000000,0.000000
4.499821,2.915891,0.856560,-0.010570,-0.028284,-0.079040,0.996414,-0.216177,0.028916,0.111672,0.177814,-0.111734,0.003437,0.184776,-0.081925,0.000525,0.775682,-0.125722,-0.041371,0.211907,-0.007944,0.377829,0.217490,-0.321521,1.355173,1.569676,0.000000,0.000000,0.075103,-0.385808,0.293648,0.684336,0.114101,0.000000,0.000000
4.514154,2.917930,0.857558,-0.009992,-0.030858,-0.072647,0.996830,-0.212594,0.022285,0.101766,0.212170,-0.123959,0.003253,0.179146,-0.084285,-0.009141,0.817695,-0.068539,-0.039781,0.202814,-0.007501,0.374975,0.214471,-0.327380,1.357765,1.569669,0.000000,0.000000,0.084435,-0.373577,0.276408,0.707464,0.100151,0.000000,0.000000
4.528374,2.919997,0.858294,-0.009681,-0.033271,-0.066779,0.997166,-0.207076,0.016713,0.090385,0.240612,-0.137226,0.003628,0.172014,-0.085581,-0.014827,0.858096,-0.011678,-0.038335,0.194424,-0.007127,0.372694,0.212603,-0.333444,1.356926,1.569668,0.000000,0.000000,0.096679,-0.363264,0.265458,0.727416,0.092875,0.000000,0.000000
4.542546,2.922134,0.858861,-0.009522,-0.035716,-0.060697,0.997472,-0.199594,0.011359,0.078479,0.264934,-0.152246,0.004185,0.163722,-0.087157,-0.021281,0.898210,0.041043,-0.036606,0.185329,-0.006726,0.370010,0.212656,-0.341905,1.355325,1.569668,0.000000,0.000000,0.109103,-0.355686,0.255902,0.744355,0.089579,0.000000,0.000000
4.556613,2.924969,0.859218,-0.009341,-0.038669,-0.054375,0.997728,-0.190007,0.005252,0.065361,0.285425,-0.167397,0.004811,0.155169,-0.092100,-0.031969,0.938436,0.083969,-0.035054,0.175954,-0.006372,0.365703,0.212622,-0.352289,1.355286,1.569674,0.000000,0.000000,0.121247,-0.348854,0.248073,0.760063,0.089672,0.000000,0.000000
4.570573,2.928368,0.859522,-0.009204,-0.041637,-0.047975,0.997938,-0.178806,-0.001530,0.051758,0.300886,-0.181155,0.005393,0.146506,-0.098399,-0.043099,0.976696,0.111200,-0.033958,0.165224,-0.005987,0.361568,0.211873,-0.361182,1.353722,1.569668,0.000000,0.000000,0.133092,-0.342595,0.244993,0.777496,0.089525,0.000000,0.000000
4.584334,2.931273,0.859833,-0.009081,-0.044443,-0.042544,0.998064,-0.166372,-0.007629,0.041207,0.312383,-0.192924,0.005641,0.137305,-0.102576,-0.050555,1.011094,0.120008,-0.033128,0.152670,-0.005490,0.358477,0.210122,-0.369096,1.350336,1.569660,0.000000,0.000000,0.142368,-0.336312,0.247873,0.798227,0.089938,0.000000,0.000000
4.597986,2.933867,0.860176,-0.009037,-0.047029,-0.038755,0.998101,-0.152875,-0.012816,0.034459,0.320389,-0.204352,0.005481,0.127389,-0.105674,-0.055200,1.040674,0.115466,-0.032703,0.139386,-0.004994,0.355473,0.208409,-0.376402,1.344613,1.569649,0.000000,0.000000,0.149179,-0.330519,0.255897,0.820673,0.091160,0.000000,0.000000
4.611722,2.936590,0.860553,-0.009040,-0.049269,-0.035128,0.998127,-0.138606,-0.017851,0.026883,0.325906,-0.215844,0.005499,0.116872,-0.109095,-0.060289,1.065971,0.103116,-0.032505,0.125852,-0.004502,0.350745,0.207042,-0.381510,1.337329,1.569644,0.000000,0.000000,0.156174,-0.324458,0.264768,0.842624,0.090355,0.000000,0.000000
4.625443,2.939196,0.860860,-0.009011,-0.051593,-0.031011,0.998146,-0.123984,-0.022605,0.018525,0.330366,-0.225673,0.005696,0.106568,-0.112061,-0.065839,1.086453,0.085851,-0.032297,0.112439,-0.004030,0.343643,0.205954,-0.384584,1.331893,1.569655,0.000000,0.000000,0.163057,-0.318787,0.274635,0.864868,0.082739,0.000000,0.000000
4.639138,2.941712,0.861180,-0.009054,-0.053731,-0.026692,0.998158,-0.108931,-0.026836,0.011440,0.332997,-0.233771,0.005786,0.096315,-0.114372,-0.071178,1.101776,0.064525,-0.032096,0.098720,-0.003546,0.335728,0.204978,-0.386220,1.324919,1.569674,0.000000,0.000000,0.169762,-0.312815,0.284554,0.886964,0.074841,0.000000,0.000000
4.652770,2.944272,0.861609,-0.009330,-0.055519,-0.022009,0.998171,-0.093195,-0.030858,0.003690,0.332509,-0.241578,0.006020,0.085655,-0.115777,-0.076823,1.112233,0.041994,-0.031692,0.084109,-0.003009,0.327187,0.204801,-0.388199,1.315724,1.569691,0.000000,0.000000,0.176975,-0.306313,0.293233,0.909441,0.070305,0.000000,0.000000
4.666334,2.946736,0.862054,-0.009809,-0.057287,-0.016056,0.998180,-0.077673,-0.034319,-0.004589,0.330616,-0.247259,0.006465,0.075588,-0.115995,-0.083862,1.117784,0.020997,-0.030754,0.069768,-0.002503,0.317023,0.206189,-0.390267,1.306310,1.569725,0.000000,0.000000,0.185099,-0.300317,0.300316,0.930183,0.060556,0.000000,0.000000
4.679849,2.948896,0.862481,-0.010389,-0.058901,-0.010197,0.998158,-0.062192,-0.037049,-0.011176,0.327867,-0.251741,0.006793,0.065612,-0.115056,-0.090768,1.119050,0.000079,-0.029494,0.055159,-0.001975,0.306747,0.207480,-0.390458,1.295468,1.569761,0.000000,0.000000,0.193919,-0.294325,0.306187,0.949226,0.047021,0.000000,0.000000
4.693258,2.950918,0.862857,-0.011011,-0.060361,-0.004774,0.998104,-0.046468,-0.039205,-0.015687,0.324459,-0.256293,0.006912,0.055174,-0.113630,-0.096927,1.116717,-0.020234,-0.028179,0.040324,-0.001411,0.296695,0.209470,-0.390523,1.282009,1.569803,0.000000,0.000000,0.204202,-0.287504,0.309924,0.964935,0.044224,0.000000,0.000000
4.706370,2.952898,0.863132,-0.011651,-0.061784,0.000720,0.998021,-0.031803,-0.040812,-0.019458,0.321328,-0.261055,0.007052,0.044992,-0.111957,-0.103093,1.111258,-0.035764,-0.026681,0.027266,-0.000944,0.286400,0.212639,-0.390806,1.267181,1.569866,0.000000,0.000000,0.214709,-0.281479,0.311037,0.978035,0.043267,0.000000,0.000000
4.719157,2.954780,0.863430,-0.012529,-0.062966,0.006417,0.997916,-0.017493,-0.041537,-0.025139,0.317859,-0.263961,0.007720,0.034086,-0.109216,-0.109318,1.101552,-0.050971,-0.024796,0.014492,-0.000465,0.274412,0.217264,-0.393361,1.252942,1.569936,0.000000,0.000000,0.225544,-0.274515,0.310504,0.992134,0.036740,0.000000,0.000000
4.731634,2.956506,0.863639,-0.013187,-0.063892,0.012519,0.997791,-0.004291,-0.042050,-0.032522,0.314705,-0.265320,0.008720,0.023036,-0.106502,-0.117466,1.088011,-0.067974,-0.022500,0.002370,-0.000053,0.262661,0.222665,-0.400990,1.236703,1.570009,0.000000,0.000000,0.237518,-0.267175,0.307963,1.005115,0.031349,0.000000,0.000000
4.743590,2.958069,0.863747,-0.013829,-0.064454,0.019362,0.997637,0.007422,-0.042054,-0.038061,0.312214,-0.267585,0.009557,0.011863,-0.103402,-0.126514,1.071049,-0.084825,-0.019812,-0.008990,0.000353,0.250979,0.228634,-0.409196,1.217267,1.570096,0.000000,0.000000,0.249720,-0.261351,0.304587,1.016003,0.028237,0.000000,0.000000
4.754775,2.959631,0.863881,-0.014538,-0.064432,0.026824,0.997456,0.017827,-0.041736,-0.043483,0.308667,-0.270390,0.010466,-0.000071,-0.100137,-0.136730,1.049482,-0.102027,-0.016724,-0.019971,0.000753,0.236653,0.233955,-0.413119,1.199217,1.570213,0.000000,0.000000,0.261103,-0.256628,0.300340,1.026275,0.016627,0.000000,0.000000
4.765287,2.961258,0.863993,-0.015149,-0.064119,0.033897,0.997251,0.027481,-0.041488,-0.048798,0.304492,-0.270611,0.011345,-0.012629,-0.097544,-0.148191,1.023797,-0.116718,-0.013456,-0.031030,0.001150,0.220913,0.239004,-0.417394,1.180740,1.570336,0.000000,0.000000,0.272047,-0.252803,0.294732,1.034117,0.003703,0.000000,0.000000
4.774978,2.964088,0.864020,-0.014227,-0.064714,0.039760,0.997010,0.038157,-0.046767,-0.067536,0.297130,-0.257118,0.013010,-0.025472,-0.099985,-0.155780,0.994514,-0.124171,-0.012406,-0.036994,0.001391,0.194469,0.228132,-0.426686,1.174406,1.570330,0.000000,0.000000,0.281167,-0.247577,0.272575,1.032507,-0.035205,0.000000,0.000000
4.785151,2.965168,0.864033,-0.014040,-0.063848,0.046224,0.996790,0.046855,-0.047939,-0.077437,0.291188,-0.254484,0.014296,-0.038212,-0.097957,-0.162511,0.961742,-0.133142,-0.010112,-0.045075,0.001937,0.175787,0.230039,-0.435444,1.158361,1.570397,0.000000,0.000000,0.291376,-0.243729,0.260785,1.038455,-0.044172,0.000000,0.000000
4.795329,2.965637,0.864025,-0.014168,-0.062364,0.052356,0.996579,0.054454,-0.046789,-0.083966,0.286212,-0.255033,0.015631,-0.051428,-0.093432,-0.166788,0.922927,-0.146413,-0.007579,-0.054145,0.002404,0.158748,0.234539,-0.440323,1.139147,1.570528,0.000000,0.000000,0.300719,-0.240080,0.251816,1.045222,-0.049104,0.000000,0.000000
4.805567,2.966137,0.863864,-0.014263,-0.060803,0.058422,0.996336,0.061275,-0.045123,-0.088794,0.282931,-0.256089,0.016826,-0.063695,-0.089389,-0.171455,0.881071,-0.158393,-0.005172,-0.063091,0.002796,0.142624,0.238927,-0.442462,1.117229,1.570672,0.000000,0.000000,0.309418,-0.236787,0.244123,1.051921,-0.052251,0.000000,0.000000
4.815803,2.966695,0.863545,-0.014247,-0.059283,0.064657,0.996043,0.067700,-0.043679,-0.093023,0.280817,-0.257652,0.017870,-0.075059,-0.085911,-0.175997,0.835803,-0.170485,-0.003049,-0.072328,0.003207,0.126032,0.243656,-0.447079,1.095851,1.570800,0.000000,0.000000,0.317949,-0.233419,0.237407,1.058987,-0.050208,0.000000,0.000000
4.826170,2.967374,0.863109,-0.014186,-0.057762,0.070633,0.995728,0.074220,-0.042519,-0.096832,0.278937,-0.260881,0.018768,-0.085587,-0.083230,-0.181256,0.787768,-0.179544,-0.001119,-0.081632,0.003593,0.111212,0.250506,-0.449866,1.070593,1.570800,0.000000,0.000000,0.326825,-0.231654,0.230313,1.063196,-0.047548,0.000000,0.000000
4.836710,2.967782,0.862680,-0.014104,-0.056205,0.075987,0.995424,0.081214,-0.040866,-0.100818,0.276015,-0.264901,0.019822,-0.095292,-0.080223,-0.186917,0.736224,-0.185523,0.000871,-0.091156,0.004006,0.095865,0.257673,-0.456298,1.047827,1.570800,0.000000,0.000000,0.334821,-0.230596,0.226825,1.068431,-0.050101,0.000000,0.000000
4.847528,2.968032,0.862146,-0.013870,-0.054284,0.080750,0.995158,0.088442,-0.038918,-0.104723,0.272565,-0.267155,0.020947,-0.104239,-0.076916,-0.192245,0.680336,-0.189919,0.002708,-0.100116,0.004381,0.080467,0.263373,-0.459609,1.024599,1.570800,0.000000,0.000000,0.341087,-0.229381,0.223289,1.074950,-0.050866,0.000000,0.000000
4.858659,2.968326,0.861484,-0.013458,-0.052045,0.085555,0.994882,0.095617,-0.037229,-0.109330,0.268744,-0.268759,0.022119,-0.112319,-0.073895,-0.198839,0.621226,-0.191313,0.004531,-0.107824,0.004744,0.064514,0.267043,-0.457812,1.000496,1.570800,0.000000,0.000000,0.347398,-0.228061,0.216874,1.080162,-0.049479,0.000000,0.000000
4.870033,2.968633,0.860744,-0.012978,-0.049773,0.090275,0.994588,0.102759,-0.035863,-0.114388,0.264609,-0.270994,0.023280,-0.119308,-0.071332,-0.205331,0.561193,-0.191397,0.006008,-0.115008,0.005107,0.049112,0.271639,-0.458208,0.975964,1.570800,0.000000,0.000000,0.353093,-0.227278,0.211107,1.085799,-0.048093,0.000000,0.000000
4.881489,2.968569,0.859909,-0.012626,-0.047573,0.094688,0.994289,0.110281,-0.033662,-0.116966,0.260629,-0.274313,0.024266,-0.125446,-0.067783,-0.210132,0.495932,-0.191315,0.007160,-0.121353,0.005451,0.031976,0.278651,-0.462121,0.952020,1.570800,0.000000,0.000000,0.358707,-0.225975,0.205103,1.091057,-0.047757,0.000000,0.000000
4.893000,2.968263,0.858940,-0.012127,-0.045165,0.098942,0.993994,0.117580,-0.031196,-0.117994,0.256685,-0.279706,0.025051,-0.130575,-0.063852,-0.213687,0.427964,-0.191544,0.007917,-0.126077,0.005716,0.013621,0.285119,-0.466627,0.929607,1.570800,0.000000,0.000000,0.363944,-0.223833,0.197195,1.094907,-0.048123,0.000000,0.000000
4.904644,2.968029,0.857835,-0.011505,-0.042618,0.103388,0.993661,0.124471,-0.028854,-0.119563,0.253128,-0.285411,0.025886,-0.134886,-0.060447,-0.216461,0.359724,-0.188167,0.008243,-0.130801,0.005972,-0.004843,0.290492,-0.472361,0.909738,1.570800,0.000000,0.000000,0.368675,-0.221304,0.189444,1.099164,-0.049666,0.000000,0.000000
4.915428,2.968351,0.857332,-0.010566,-0.040311,0.108254,0.993249,0.128999,-0.027700,-0.120854,0.256924,-0.292180,0.026380,-0.139058,-0.059088,-0.221083,0.289555,-0.182667,0.008182,-0.135771,0.006236,-0.023333,0.293393,-0.478002,0.891587,1.570800,0.000000,0.000000,0.373517,-0.218552,0.179641,1.104398,-0.053300,0.000000,0.000000
4.925954,2.968955,0.857855,-0.009208,-0.037869,0.112858,0.992847,0.132384,-0.027989,-0.123552,0.263185,-0.301095,0.026723,-0.143071,-0.059596,-0.225355,0.218063,-0.178210,0.007424,-0.139825,0.006455,-0.042014,0.294998,-0.482934,0.874208,1.570800,0.000000,0.000000,0.377812,-0.216552,0.169640,1.109813,-0.056768,0.000000,0.000000
4.936625,2.969156,0.856312,-0.007643,-0.035268,0.116437,0.992542,0.135578,-0.028336,-0.126022,0.269822,-0.313009,0.027015,-0.146965,-0.059743,-0.228691,0.145876,-0.173702,0.006466,-0.142966,0.006686,-0.060918,0.298883,-0.487726,0.854761,1.570800,0.000000,0.000000,0.381336,-0.215983,0.162034,1.115321,-0.058306,0.000000,0.000000
4.947454,2.969413,0.852734,-0.005974,-0.032765,0.119395,0.992288,0.139140,-0.028750,-0.126044,0.276997,-0.326129,0.026892,-0.150695,-0.059652,-0.231575,0.074966,-0.168575,0.005410,-0.145527,0.006912,-0.079424,0.302848,-0.490638,0.836008,1.570800,0.000000,0.000000,0.383737,-0.215500,0.153864,1.121413,-0.059012,0.000000,0.000000
4.958543,2.969835,0.847416,-0.004184,-0.030382,0.121803,0.992080,0.142975,-0.029778,-0.126750,0.284739,-0.337079,0.026729,-0.154485,-0.059542,-0.234418,0.007564,-0.163995,0.004322,-0.147264,0.007057,-0.095918,0.305311,-0.493219,0.818562,1.570800,0.000000,0.000000,0.386038,-0.215146,0.145519,1.126591,-0.062540,0.000000,0.000000
4.969864,2.970209,0.845452,-0.002357,-0.028157,0.123621,0.991927,0.146363,-0.030844,-0.128622,0.291670,-0.345674,0.026751,-0.158225,-0.059095,-0.237811,-0.017450,-0.161564,0.003829,-0.148492,0.007150,-0.108399,0.306074,-0.495482,0.801911,1.570800,0.000000,0.000000,0.388160,-0.215158,0.139857,1.131170,-0.067203,0.000000,0.000000
4.981324,2.970521,0.845695,-0.000723,-0.026308,0.125413,0.991756,0.150996,-0.031829,-0.131442,0.301369,-0.357701,0.026963,-0.163793,-0.058073,-0.243494,-0.017450,-0.160294,0.003890,-0.150040,0.007336,-0.123724,0.307441,-0.496010,0.782813,1.570800,0.000000,0.000000,0.391445,-0.215202,0.133338,1.136843,-0.072547,0.000000,0.000000
4.992899,2.970583,0.845686,0.000868,-0.024835,0.127535,0.991523,0.155920,-0.031845,-0.134321,0.311787,-0.370269,0.027455,-0.169493,-0.056330,-0.251167,-0.017450,-0.161948,0.004421,-0.151078,0.007522,-0.139467,0.309398,-0.498250,0.766321,1.570800,0.000000,0.000000,0.395298,-0.214751,0.125968,1.140950,-0.079059,0.000000,0.000000
5.004675,2.970302,0.845584,0.002378,-0.023642,0.128998,0.991360,0.161022,-0.030944,-0.136004,0.322488,-0.382203,0.028017,-0.174917,-0.053503,-0.257930,-0.017450,-0.165008,0.005083,-0.150820,0.007653,-0.153362,0.311854,-0.500835,0.751335,1.570800,0.000000,0.000000,0.399118,-0.213577,0.117361,1.145610,-0.088024,0.000000,0.000000
5.016518,2.970132,0.845376,0.003759,-0.022599,0.129391,0.991329,0.166433,-0.030301,-0.136900,0.333659,-0.393278,0.028385,-0.180199,-0.050298,-0.264023,-0.017450,-0.168960,0.005716,-0.148694,0.007675,-0.165575,0.313530,-0.501284,0.737729,1.570800,0.000000,0.000000,0.402324,-0.211823,0.110493,1.152723,-0.097689,0.000000,0.000000
5.028416,2.970333,0.845081,0.004939,-0.021746,0.128499,0.991459,0.171986,-0.031110,-0.138158,0.345052,-0.402458,0.028434,-0.185190,-0.047208,-0.269846,-0.017450,-0.171956,0.006344,-0.145711,0.007652,-0.176319,0.315018,-0.499800,0.726220,1.570800,0.000000,0.000000,0.403965,-0.210501,0.105580,1.159865,-0.102374,0.000000,0.000000
5.040972,2.970023,0.845119,0.005774,-0.020927,0.128204,0.991510,0.176388,-0.030810,-0.138676,0.354010,-0.408755,0.028681,-0.188570,-0.043842,-0.271859,-0.017450,-0.169795,0.006875,-0.144009,0.007600,-0.183113,0.316508,-0.497209,0.717915,1.570800,0.000000,0.000000,0.405032,-0.209942,0.101050,1.164267,-0.102060,0.000000,0.000000
5.053391,2.971256,0.844456,0.006256,-0.020199,0.129058,0.991412,0.184041,-0.030435,-0.139754,0.369823,-0.416872,0.029098,-0.192985,-0.043831,-0.267139,-0.017450,-0.176799,0.006136,-0.143724,0.007658,-0.194028,0.318744,-0.492572,0.705603,1.570800,0.000000,0.000000,0.407477,-0.208970,0.094276,1.170232,-0.100297,0.000000,0.000000
5.066273,2.972052,0.843492,0.006862,-0.020422,0.128593,0.991463,0.191170,-0.030691,-0.140980,0.384532,-0.421806,0.029374,-0.196824,-0.041717,-0.267412,-0.017450,-0.186971,0.006000,-0.142658,0.007642,-0.199577,0.319569,-0.487849,0.696282,1.570800,0.000000,0.000000,0.410637,-0.208596,0.091221,1.174905,-0.100784,0.000000,0.000000
5.079438,2.972800,0.842376,0.007201,-0.021039,0.129067,0.991387,0.198159,-0.030176,-0.142917,0.399046,-0.425325,0.030012,-0.200511,-0.038998,-0.269627,-0.017450,-0.194128,0.006284,-0.142832,0.007664,-0.202840,0.320346,-0.484016,0.689189,1.570800,0.000000,0.000000,0.414088,-0.208172,0.090244,1.178987,-0.102695,0.000000,0.000000
5.092956,2.973299,0.841431,0.007198,-0.021586,0.130076,0.991243,0.204433,-0.028819,-0.144422,0.412066,-0.427891,0.030817,-0.203741,-0.036790,-0.268372,-0.017450,-0.195079,0.006476,-0.144682,0.007743,-0.205251,0.322926,-0.479624,0.683399,1.570800,0.000000,0.000000,0.415799,-0.208098,0.090955,1.183180,-0.103709,0.000000,0.000000
5.106459,2.974580,0.840249,0.006865,-0.022444,0.130378,0.991187,0.212137,-0.027286,-0.144783,0.428019,-0.428278,0.031536,-0.206212,-0.036035,-0.266837,-0.017450,-0.201316,0.006385,-0.146611,0.007821,-0.207033,0.325109,-0.473752,0.678926,1.570800,0.000000,0.000000,0.417485,-0.208339,0.091931,1.187101,-0.104189,0.000000,0.000000
5.120259,2.975137,0.838667,0.006597,-0.023469,0.129995,0.991215,0.220296,-0.025587,-0.146517,0.445152,-0.426491,0.032564,-0.209415,-0.034301,-0.262084,-0.017450,-0.213980,0.005966,-0.149065,0.007850,-0.205206,0.327884,-0.465292,0.675324,1.570800,0.000000,0.000000,0.419110,-0.209139,0.093176,1.190544,-0.101299,0.000000,0.000000
5.134434,2.975428,0.837704,0.006370,-0.023872,0.128749,0.991369,0.227056,-0.025222,-0.150874,0.459605,-0.421184,0.033640,-0.211655,-0.031681,-0.254824,-0.017450,-0.223712,0.005519,-0.150658,0.007834,-0.202840,0.329992,-0.456446,0.674769,1.570800,0.000000,0.000000,0.418842,-0.210021,0.095610,1.195112,-0.100448,0.000000,0.000000
5.148076,2.976368,0.836659,0.006739,-0.024967,0.126884,0.991580,0.232588,-0.026829,-0.152798,0.478738,-0.414274,0.033732,-0.213251,-0.030985,-0.247733,-0.017450,-0.231481,0.004874,-0.151071,0.007820,-0.199136,0.330571,-0.448173,0.675442,1.570800,0.000000,0.000000,0.418106,-0.210659,0.097587,1.201491,-0.101807,0.000000,0.000000
5.161420,2.977617,0.835771,0.007275,-0.026394,0.125301,0.991741,0.235936,-0.028666,-0.151342,0.500773,-0.407657,0.033130,-0.214528,-0.031325,-0.242467,-0.017450,-0.230222,0.004435,-0.151264,0.007775,-0.194716,0.330127,-0.441296,0.677184,1.570800,0.000000,0.000000,0.417225,-0.211590,0.098210,1.206265,-0.102730,0.000000,0.000000
5.174773,2.978830,0.835262,0.007869,-0.027682,0.123906,0.991876,0.238296,-0.030558,-0.148156,0.526961,-0.399476,0.032185,-0.215894,-0.032168,-0.238046,-0.017450,-0.216809,0.004244,-0.151387,0.007726,-0.190044,0.328969,-0.434853,0.680111,1.570800,0.000000,0.000000,0.416076,-0.212913,0.098585,1.210652,-0.104992,0.000000,0.000000
5.187871,2.980081,0.835047,0.008309,-0.028859,0.123019,0.991950,0.239349,-0.032434,-0.143114,0.562613,-0.386074,0.030924,-0.217542,-0.034821,-0.232130,-0.017450,-0.188748,0.004060,-0.151348,0.007657,-0.184428,0.326198,-0.427713,0.685935,1.570800,0.000000,0.000000,0.414305,-0.214370,0.097401,1.215619,-0.107533,0.000000,0.000000
5.200418,2.981536,0.835223,0.008482,-0.030615,0.122119,0.992007,0.238432,-0.033783,-0.137099,0.601425,-0.367270,0.029577,-0.219126,-0.040298,-0.223708,-0.011851,-0.157854,0.003359,-0.150549,0.007627,-0.178776,0.322694,-0.422264,0.694472,1.570800,0.000000,0.000000,0.412875,-0.214882,0.095883,1.220239,-0.109931,0.000000,0.000000
5.213184,2.982280,0.838199,0.008718,-0.032925,0.120742,0.992099,0.236156,-0.034727,-0.133188,0.641913,-0.344918,0.028658,-0.220561,-0.046541,-0.211243,0.018841,-0.134920,0.002213,-0.148336,0.007564,-0.172582,0.319026,-0.419625,0.706635,1.570800,0.000000,0.000000,0.412098,-0.214086,0.094267,1.225256,-0.111117,0.000000,0.000000
5.226589,2.982589,0.841508,0.008936,-0.035618,0.118513,0.992273,0.233528,-0.036188,-0.131132,0.681900,-0.319327,0.027817,-0.221257,-0.050970,-0.196701,0.056222,-0.118337,0.000941,-0.144341,0.007409,-0.166111,0.314511,-0.418448,0.721990,1.570800,0.000000,0.000000,0.412010,-0.213195,0.092853,1.230192,-0.114555,0.000000,0.000000
5.240416,2.983029,0.844643,0.008932,-0.038637,0.116018,0.992455,0.230307,-0.037010,-0.125236,0.723959,-0.286491,0.026377,-0.220752,-0.053815,-0.181745,0.096479,-0.105990,-0.000316,-0.140048,0.007227,-0.158677,0.309844,-0.416004,0.739686,1.570800,0.000000,0.000000,0.411761,-0.213044,0.092545,1.234623,-0.118531,0.000000,0.000000
5.254435,2.983607,0.847245,0.008598,-0.041585,0.113790,0.992597,0.226271,-0.035903,-0.114691,0.765654,-0.245310,0.024575,-0.219106,-0.054564,-0.170482,0.135770,-0.100741,-0.001035,-0.137244,0.007086,-0.149166,0.306620,-0.411865,0.757180,1.570800,0.000000,0.000000,0.410187,-0.213465,0.093298,1.239096,-0.120378,0.000000,0.000000
5.268548,2.983887,0.849367,0.008061,-0.044129,0.111239,0.992781,0.221055,-0.033155,-0.102416,0.806239,-0.197969,0.022865,-0.216349,-0.053136,-0.161106,0.172153,-0.102919,-0.001377,-0.135849,0.006981,-0.137560,0.305069,-0.407075,0.774750,1.570800,0.000000,0.000000,0.406501,-0.214069,0.096170,1.244258,-0.119390,0.000000,0.000000
5.282826,2.983743,0.851092,0.007708,-0.046549,0.107052,0.993133,0.214465,-0.031327,-0.092254,0.845408,-0.151559,0.021194,-0.211985,-0.050243,-0.149880,0.204031,-0.110380,-0.001968,-0.133527,0.006796,-0.125074,0.304017,-0.400264,0.792174,1.570800,0.000000,0.000000,0.401685,-0.215579,0.101879,1.246843,-0.113700,0.000000,0.000000
5.297140,2.983363,0.852523,0.007538,-0.048826,0.102637,0.993491,0.205787,-0.029420,-0.082908,0.884913,-0.110251,0.019695,-0.205617,-0.046873,-0.137096,0.230232,-0.122740,-0.002916,-0.129425,0.006579,-0.111892,0.302226,-0.393748,0.811467,1.570800,0.000000,0.000000,0.397116,-0.217193,0.108280,1.247417,-0.103474,0.000000,0.000000
5.309568,2.980071,0.852850,0.004462,-0.052322,0.103113,0.993283,0.192181,0.001721,-0.031459,0.937181,-0.042784,0.019600,-0.196603,-0.032566,-0.127234,0.253326,-0.150743,-0.001175,-0.138218,0.006670,-0.087019,0.310275,-0.384125,0.831772,1.550439,0.000000,0.000000,0.396587,-0.213362,0.114120,1.257151,-0.082187,0.000000,0.000000
5.322873,2.979072,0.853721,0.004662,-0.054823,0.098563,0.993609,0.182384,0.011345,-0.012332,0.975648,0.006744,0.018808,-0.188592,-0.028247,-0.119644,0.273179,-0.166454,-0.001401,-0.133878,0.006312,-0.071731,0.309454,-0.382439,0.850361,1.545406,0.000000,0.000000,0.393426,-0.214200,0.121076,1.256429,-0.080598,0.000000,0.000000
5.335751,2.977603,0.854523,0.005334,-0.057170,0.094864,0.993833,0.172210,0.018713,0.000703,1.011915,0.051721,0.018249,-0.180165,-0.025675,-0.112015,0.291389,-0.181203,-0.001972,-0.125921,0.005979,-0.058846,0.305308,-0.385165,0.869835,1.546186,0.000000,0.000000,0.391144,-0.215194,0.124822,1.252829,-0.080406,0.000000,0.000000
5.348701,2.975457,0.855215,0.005768,-0.059537,0.091465,0.994010,0.161883,0.027852,0.012576,1.046985,0.085999,0.018328,-0.170452,-0.022008,-0.104518,0.307505,-0.195732,-0.002264,-0.115937,0.005617,-0.047701,0.299702,-0.391322,0.891839,1.547870,0.000000,0.000000,0.389338,-0.216060,0.128188,1.245961,-0.076962,0.000000,0.000000
5.361855,2.973412,0.855801,0.005880,-0.061642,0.087824,0.994209,0.152086,0.036191,0.023136,1.076936,0.099765,0.018550,-0.160133,-0.017786,-0.096915,0.319497,-0.209702,-0.002473,-0.105416,0.005296,-0.039404,0.293943,-0.399669,0.916683,1.549420,0.000000,0.000000,0.387502,-0.216893,0.132951,1.236708,-0.066742,0.000000,0.000000
5.374890,2.971284,0.856339,0.005640,-0.063593,0.084635,0.994365,0.141901,0.046385,0.036681,1.104458,0.096772,0.018963,-0.148651,-0.012724,-0.091180,0.329004,-0.222506,-0.002194,-0.094015,0.004886,-0.031756,0.286924,-0.408755,0.944924,1.553682,0.000000,0.000000,0.385316,-0.216797,0.137787,1.224300,-0.049700,0.000000,0.000000
5.387911,2.968731,0.856920,0.005319,-0.065288,0.081046,0.994556,0.131587,0.055946,0.047782,1.127698,0.077235,0.019762,-0.136428,-0.006697,-0.086880,0.335352,-0.230880,-0.001456,-0.081616,0.004472,-0.024538,0.279870,-0.418509,0.974276,1.560887,0.000000,0.000000,0.382350,-0.215667,0.140654,1.210785,-0.036475,0.000000,0.000000
5.400802,2.966360,0.857625,0.005244,-0.066581,0.076500,0.994830,0.121168,0.061792,0.055486,1.145615,0.046921,0.020259,-0.123864,-0.001000,-0.082214,0.338157,-0.235728,-0.000851,-0.067931,0.003983,-0.017237,0.273988,-0.426998,1.001782,1.569641,0.000000,0.000000,0.379144,-0.214882,0.142863,1.195320,-0.023458,0.000000,0.000000
5.413699,2.964133,0.858422,0.005391,-0.067733,0.070849,0.995170,0.110518,0.065306,0.062227,1.159246,0.013295,0.020351,-0.110646,0.004241,-0.075539,0.338208,-0.239323,-0.000680,-0.053085,0.003443,-0.009183,0.270125,-0.437898,1.028216,1.570800,0.000000,0.000000,0.374773,-0.215631,0.147969,1.179368,-0.009442,0.000000,0.000000
5.426617,2.961992,0.859135,0.005807,-0.069296,0.064562,0.995488,0.100764,0.068840,0.070997,1.168893,-0.016483,0.020096,-0.097290,0.008603,-0.067788,0.338138,-0.242945,-0.000875,-0.037863,0.002874,0.000150,0.267548,-0.449904,1.052835,1.570800,0.000000,0.000000,0.370033,-0.217513,0.155750,1.163990,0.001770,0.000000,0.000000
5.439384,2.960236,0.859730,0.006425,-0.071159,0.058246,0.995742,0.091653,0.071855,0.081584,1.174639,-0.043069,0.019340,-0.083791,0.012090,-0.059157,0.339253,-0.247440,-0.001404,-0.022518,0.002301,0.011343,0.265332,-0.460699,1.077073,1.570800,0.000000,0.000000,0.365768,-0.220252,0.163430,1.146614,0.009254,0.000000,0.000000
5.452299,2.959097,0.860277,0.007025,-0.072396,0.052153,0.995987,0.082725,0.070760,0.085340,1.173841,-0.071561,0.018533,-0.071067,0.014746,-0.050265,0.340110,-0.252813,-0.002170,-0.008619,0.001738,0.023059,0.263379,-0.469406,1.098589,1.570800,0.000000,0.000000,0.362211,-0.224917,0.169169,1.123371,0.015116,0.000000,0.000000
5.465110,2.957849,0.860744,0.007616,-0.073538,0.046376,0.996184,0.074023,0.069265,0.088335,1.167863,-0.097883,0.017701,-0.058602,0.017482,-0.040549,0.340511,-0.258166,-0.003047,0.004677,0.001223,0.035466,0.259278,-0.476608,1.120638,1.570800,0.000000,0.000000,0.358093,-0.229619,0.173860,1.100480,0.018847,0.000000,0.000000
5.477720,2.956431,0.861159,0.008362,-0.074653,0.040606,0.996347,0.065431,0.068192,0.093026,1.158264,-0.120285,0.016625,-0.046324,0.020028,-0.030366,0.340727,-0.263149,-0.004044,0.017195,0.000726,0.048910,0.253477,-0.482351,1.142993,1.570800,0.000000,0.000000,0.351371,-0.232063,0.180821,1.082969,0.022513,0.000000,0.000000
5.489965,2.955087,0.861568,0.009182,-0.075462,0.034457,0.996511,0.056377,0.066486,0.098718,1.144871,-0.140596,0.015106,-0.034200,0.021960,-0.021263,0.340267,-0.267220,-0.005014,0.028536,0.000283,0.063933,0.248622,-0.486487,1.163067,1.570800,0.000000,0.000000,0.342811,-0.235815,0.188749,1.064465,0.026928,0.000000,0.000000
5.501777,2.953727,0.862000,0.009906,-0.075672,0.027956,0.996692,0.046817,0.063919,0.103593,1.127235,-0.161157,0.013401,-0.022869,0.023665,-0.014303,0.337769,-0.270803,-0.005688,0.038974,-0.000169,0.079852,0.245840,-0.488989,1.178179,1.570747,0.000000,0.000000,0.334216,-0.241265,0.195801,1.041920,0.030448,0.000000,0.000000
5.513176,2.952351,0.862460,0.010615,-0.075447,0.020728,0.996878,0.036816,0.060815,0.108489,1.105525,-0.181160,0.011455,-0.012322,0.025130,-0.008301,0.333646,-0.273933,-0.006271,0.049577,-0.000609,0.095194,0.242679,-0.488381,1.192165,1.570629,0.000000,0.000000,0.325417,-0.247387,0.202877,1.017319,0.035726,0.000000,0.000000
5.524273,2.951115,0.862887,0.011230,-0.074787,0.012727,0.997055,0.026316,0.057406,0.114452,1.078816,-0.199216,0.009133,-0.002646,0.026138,-0.003533,0.328969,-0.276618,-0.006770,0.061173,-0.001079,0.109936,0.238548,-0.485399,1.206959,1.570497,0.000000,0.000000,0.316880,-0.253604,0.208752,0.989676,0.039176,0.000000,0.000000
5.535022,2.950319,0.863160,0.011443,-0.074135,0.006398,0.997162,0.015629,0.054754,0.119292,1.048986,-0.214121,0.007207,0.006344,0.026474,-0.002263,0.324837,-0.277589,-0.006865,0.072043,-0.001504,0.124623,0.234610,-0.483518,1.220707,1.570398,0.000000,0.000000,0.308815,-0.260333,0.210687,0.962487,0.043110,0.000000,0.000000
5.545341,2.949412,0.863283,0.011410,-0.073540,0.001245,0.997226,0.004870,0.053125,0.121532,1.016499,-0.227915,0.006099,0.014894,0.027095,-0.001637,0.321385,-0.277150,-0.006779,0.081587,-0.001893,0.138900,0.230691,-0.482055,1.233819,1.570297,0.000000,0.000000,0.299671,-0.267718,0.214536,0.937179,0.047678,0.000000,0.000000
5.555160,2.948484,0.863347,0.011588,-0.072734,-0.004100,0.997276,-0.005782,0.050790,0.122127,0.980234,-0.241339,0.005115,0.022458,0.027656,0.000839,0.318807,-0.275609,-0.007014,0.091026,-0.002283,0.153032,0.227688,-0.482286,1.243267,1.570209,0.000000,0.000000,0.289512,-0.276123,0.219935,0.911220,0.054655,0.000000,0.000000
5.564826,2.947737,0.863377,0.011954,-0.071670,-0.008917,0.997317,-0.016331,0.047700,0.121490,0.939620,-0.254615,0.004187,0.029334,0.027642,0.004953,0.316625,-0.275433,-0.007669,0.100034,-0.002634,0.167447,0.226677,-0.482175,1.249211,1.570139,0.000000,0.000000,0.279714,-0.282627,0.221251,0.885520,0.057073,0.000000,0.000000
5.574568,2.947267,0.863377,0.012160,-0.070383,-0.012839,0.997363,-0.026508,0.045052,0.122489,0.895230,-0.265889,0.003109,0.035984,0.027248,0.009455,0.313926,-0.274782,-0.008489,0.106928,-0.002934,0.181752,0.225068,-0.479671,1.255228,1.570071,0.000000,0.000000,0.270881,-0.286887,0.218053,0.858708,0.059370,0.000000,0.000000
5.584244,2.947084,0.863339,0.012247,-0.068873,-0.016203,0.997419,-0.036389,0.042131,0.123296,0.847075,-0.275468,0.002043,0.042436,0.026600,0.012910,0.310680,-0.273909,-0.009203,0.113863,-0.003263,0.194218,0.221839,-0.477134,1.262521,1.570011,0.000000,0.000000,0.261670,-0.292508,0.215189,0.831656,0.063049,0.000000,0.000000
5.593899,2.946598,0.863242,0.012093,-0.067057,-0.019252,0.997490,-0.046269,0.040164,0.121583,0.794706,-0.284720,0.001865,0.048813,0.026904,0.016971,0.306286,-0.273714,-0.009770,0.120501,-0.003556,0.206569,0.219441,-0.476627,1.269359,1.569952,0.000000,0.000000,0.251760,-0.298479,0.213031,0.803942,0.070442,0.000000,0.000000
5.603518,2.945851,0.862995,0.011651,-0.065194,-0.022619,0.997548,-0.055093,0.039966,0.121789,0.742320,-0.288594,0.001872,0.054832,0.028180,0.021715,0.302329,-0.274506,-0.010200,0.126127,-0.003845,0.218905,0.218051,-0.476236,1.273872,1.569898,0.000000,0.000000,0.242585,-0.304481,0.213554,0.776167,0.083938,0.000000,0.000000
5.613043,2.945453,0.862616,0.011102,-0.063300,-0.026550,0.997580,-0.063263,0.039693,0.125585,0.687915,-0.287759,0.001185,0.060585,0.029087,0.026116,0.299483,-0.274201,-0.010672,0.132037,-0.004163,0.231500,0.217399,-0.475892,1.276314,1.569844,0.000000,0.000000,0.232506,-0.313061,0.219520,0.748755,0.101941,0.000000,0.000000
5.622590,2.945152,0.862210,0.010908,-0.061461,-0.030411,0.997586,-0.070820,0.038808,0.131568,0.631219,-0.286386,-0.000011,0.066221,0.029059,0.030025,0.297388,-0.272333,-0.011314,0.138354,-0.004447,0.243990,0.216711,-0.474980,1.278002,1.569805,0.000000,0.000000,0.222273,-0.319453,0.231621,0.724785,0.125553,0.000000,0.000000
5.632191,2.944983,0.861755,0.010585,-0.059670,-0.034213,0.997576,-0.077763,0.038153,0.137438,0.572865,-0.284234,-0.000991,0.072036,0.028704,0.032986,0.294985,-0.270959,-0.011887,0.144304,-0.004767,0.256570,0.215896,-0.474004,1.278614,1.569753,0.000000,0.000000,0.211332,-0.327930,0.246841,0.700568,0.144127,0.000000,0.000000
5.641965,2.945438,0.861219,0.009857,-0.057838,-0.038324,0.997541,-0.083939,0.037176,0.142139,0.513175,-0.278962,-0.001725,0.078052,0.027977,0.035131,0.292092,-0.274512,-0.012412,0.148152,-0.005149,0.269290,0.215560,-0.468830,1.278373,1.569731,0.000000,0.000000,0.197676,-0.347524,0.246609,0.671690,0.139012,0.000000,0.000000
5.652079,2.946208,0.860677,0.009457,-0.055715,-0.042205,0.997509,-0.089241,0.034611,0.143395,0.450656,-0.272849,-0.002134,0.084305,0.026251,0.036834,0.288669,-0.276358,-0.013131,0.152148,-0.005315,0.281722,0.214327,-0.463556,1.278078,1.569685,0.000000,0.000000,0.188155,-0.359897,0.252312,0.643397,0.144927,0.000000,0.000000
5.662150,2.946877,0.860008,0.008988,-0.053491,-0.045979,0.997469,-0.094043,0.032121,0.143460,0.386456,-0.265823,-0.002200,0.090587,0.024700,0.037602,0.285389,-0.274437,-0.013663,0.156179,-0.005480,0.293324,0.212996,-0.459892,1.278125,1.569646,0.000000,0.000000,0.179161,-0.369878,0.256724,0.614793,0.159218,0.000000,0.000000
5.672314,2.947564,0.859306,0.008535,-0.051158,-0.049646,0.997419,-0.098254,0.029670,0.144281,0.322454,-0.258465,-0.002308,0.096713,0.023064,0.037811,0.281637,-0.278523,-0.014110,0.160016,-0.005654,0.304839,0.212559,-0.457340,1.275917,1.569600,0.000000,0.000000,0.170955,-0.378259,0.258326,0.589166,0.173045,0.000000,0.000000
5.682683,2.948413,0.860411,0.008098,-0.048988,-0.052991,0.997360,-0.101637,0.027340,0.147116,0.257725,-0.248881,-0.002608,0.103228,0.020418,0.036184,0.277773,-0.287487,-0.014512,0.163812,-0.005900,0.316018,0.212319,-0.455979,1.273471,1.569563,0.000000,0.000000,0.162050,-0.385218,0.257283,0.568136,0.180306,0.000000,0.000000
5.693213,2.949305,0.860571,0.007630,-0.046939,-0.055975,0.997299,-0.104270,0.025772,0.147149,0.192822,-0.237704,-0.002234,0.110036,0.017146,0.034574,0.273976,-0.296626,-0.015072,0.168149,-0.006097,0.325852,0.211777,-0.453650,1.272168,1.569534,0.000000,0.000000,0.152911,-0.391409,0.256110,0.549115,0.186258,0.000000,0.000000
5.703827,2.949890,0.859060,0.006990,-0.044884,-0.058810,0.997235,-0.106860,0.025126,0.143108,0.128535,-0.227365,-0.001058,0.116852,0.015242,0.035854,0.270577,-0.307432,-0.015716,0.171201,-0.006306,0.336280,0.211321,-0.449645,1.270615,1.569504,0.000000,0.000000,0.143199,-0.397510,0.256787,0.527294,0.190101,0.000000,0.000000
5.714385,2.950150,0.856047,0.006334,-0.043090,-0.061835,0.997136,-0.109966,0.024342,0.146054,0.069460,-0.220010,-0.000872,0.123448,0.013498,0.034846,0.269792,-0.309638,-0.016008,0.172905,-0.006496,0.346934,0.210794,-0.444059,1.267888,1.569471,0.000000,0.000000,0.133582,-0.402632,0.258574,0.506578,0.189766,0.000000,0.000000
5.725025,2.950207,0.854052,0.005422,-0.041773,-0.064891,0.997003,-0.113363,0.022823,0.159812,0.014158,-0.216576,-0.002024,0.130216,0.012013,0.033356,0.269917,-0.315516,-0.016146,0.174143,-0.006653,0.357740,0.210228,-0.437803,1.266168,1.569441,0.000000,0.000000,0.125277,-0.405903,0.258887,0.487880,0.188228,0.000000,0.000000
5.735705,2.950428,0.852716,0.004480,-0.040392,-0.067366,0.996900,-0.116164,0.021141,0.169741,-0.017450,-0.215045,-0.002843,0.135266,0.010744,0.031620,0.270635,-0.323039,-0.016197,0.175746,-0.006744,0.365202,0.209845,-0.433706,1.265637,1.569423,0.000000,0.000000,0.119913,-0.408072,0.257434,0.474780,0.187861,0.000000,0.000000
5.745820,2.950816,0.850816,0.003670,-0.038893,-0.069695,0.996803,-0.120244,0.019067,0.177833,-0.017450,-0.214051,-0.003514,0.140537,0.008734,0.028664,0.274956,-0.333446,-0.016240,0.178588,-0.006961,0.373749,0.209226,-0.429176,1.264866,1.569400,0.000000,0.000000,0.112687,-0.411230,0.255780,0.459380,0.188621,0.000000,0.000000
5.755514,2.951309,0.848859,0.002652,-0.037711,-0.072229,0.996671,-0.124823,0.017502,0.185626,-0.017450,-0.212205,-0.004203,0.145159,0.006434,0.025361,0.282290,-0.346332,-0.016290,0.181441,-0.007138,0.381726,0.208356,-0.425208,1.265204,1.569375,0.000000,0.000000,0.104511,-0.414917,0.255817,0.446081,0.191135,0.000000,0.000000
5.765043,2.951440,0.848686,0.001459,-0.036540,-0.074217,0.996571,-0.130191,0.016586,0.196159,-0.017450,-0.208894,-0.005122,0.149581,0.005250,0.022589,0.290656,-0.360410,-0.016111,0.183541,-0.007264,0.389281,0.208176,-0.422308,1.264926,1.569352,0.000000,0.000000,0.095026,-0.418894,0.257831,0.435709,0.195484,0.000000,0.000000
5.774887,2.951798,0.848377,0.000478,-0.035132,-0.076067,0.996484,-0.136372,0.014650,0.208312,-0.017450,-0.207103,-0.006388,0.153924,0.003951,0.021044,0.299355,-0.372587,-0.016170,0.185674,-0.007427,0.397272,0.208623,-0.418889,1.262340,1.569330,0.000000,0.000000,0.084584,-0.422467,0.258501,0.424653,0.196842,0.000000,0.000000
5.785272,2.952364,0.847956,-0.000342,-0.034113,-0.077997,0.996370,-0.142046,0.011227,0.221900,-0.017450,-0.206262,-0.008044,0.158214,0.002261,0.020554,0.308048,-0.383123,-0.016526,0.188058,-0.007556,0.403253,0.208294,-0.414678,1.261710,1.569315,0.000000,0.000000,0.077079,-0.424070,0.258716,0.418454,0.196049,0.000000,0.000000
5.795936,2.952678,0.847290,-0.001013,-0.033730,-0.079684,0.996249,-0.147312,0.007171,0.236896,-0.017450,-0.206104,-0.009988,0.163125,0.000833,0.021504,0.317958,-0.392816,-0.017055,0.190691,-0.007695,0.407037,0.207022,-0.412341,1.264673,1.569302,0.000000,0.000000,0.070896,-0.425680,0.259158,0.413850,0.193974,0.000000,0.000000
5.806881,2.952974,0.846726,-0.001745,-0.033266,-0.079998,0.996238,-0.151918,0.003723,0.246200,-0.017450,-0.207506,-0.011356,0.168168,0.000164,0.023866,0.328297,-0.401134,-0.017629,0.193320,-0.007815,0.409934,0.206010,-0.411238,1.268346,1.569289,0.000000,0.000000,0.066153,-0.426934,0.256659,0.410589,0.190514,0.000000,0.000000
5.818093,2.953099,0.846240,-0.002145,-0.032835,-0.081560,0.996125,-0.155437,0.002143,0.249244,-0.017450,-0.209170,-0.011846,0.173208,-0.001550,0.026696,0.338638,-0.410952,-0.018577,0.197027,-0.007942,0.412537,0.205122,-0.409643,1.271692,1.569278,0.000000,0.000000,0.061852,-0.428105,0.253967,0.409916,0.186862,0.000000,0.000000
5.829420,2.952819,0.845595,-0.002260,-0.032584,-0.086478,0.995718,-0.158528,0.002006,0.253917,-0.017450,-0.213815,-0.012171,0.178830,-0.004761,0.032203,0.350397,-0.420458,-0.020384,0.201592,-0.008102,0.415843,0.201760,-0.403996,1.275832,1.569259,0.000000,0.000000,0.056570,-0.429283,0.256632,0.409801,0.183676,0.000000,0.000000
5.840757,2.952569,0.844902,-0.002490,-0.032324,-0.086164,0.995753,-0.162088,0.000183,0.257378,-0.017450,-0.219059,-0.012609,0.184456,-0.004862,0.036035,0.361970,-0.425268,-0.021113,0.205135,-0.008137,0.417239,0.200940,-0.402135,1.279310,1.569254,0.000000,0.000000,0.054818,-0.429022,0.253146,0.412959,0.183116,0.000000,0.000000
5.851939,2.952363,0.844044,-0.003213,-0.032337,-0.088460,0.995549,-0.166270,-0.000074,0.261290,-0.017450,-0.222960,-0.012891,0.190151,-0.004967,0.039208,0.373729,-0.427943,-0.021777,0.208119,-0.008175,0.417023,0.197529,-0.390001,1.286584,1.569264,0.000000,0.000000,0.055004,-0.427269,0.250544,0.414399,0.180677,0.000000,0.000000
5.863168,2.952264,0.843423,-0.003719,-0.032128,-0.089094,0.995498,-0.169724,-0.000554,0.260719,-0.017450,-0.225585,-0.012865,0.194660,-0.004539,0.040049,0.385937,-0.430287,-0.021905,0.210409,-0.008214,0.414972,0.194650,-0.381584,1.293509,1.569274,0.000000,0.000000,0.056306,-0.424960,0.246409,0.417892,0.178144,0.000000,0.000000
5.874421,2.952467,0.842711,-0.003551,-0.031996,-0.089726,0.995446,-0.172754,-0.002223,0.258062,-0.017450,-0.228878,-0.012830,0.198099,-0.005265,0.040908,0.401834,-0.433377,-0.022371,0.213231,-0.008256,0.412221,0.191936,-0.378206,1.299679,1.569276,0.000000,0.000000,0.058084,-0.422263,0.241985,0.424065,0.180765,0.000000,0.000000
5.885700,2.953036,0.841880,-0.003016,-0.032250,-0.089145,0.995492,-0.175347,-0.004937,0.254071,-0.017450,-0.231276,-0.012864,0.200860,-0.007508,0.039974,0.420983,-0.434737,-0.022994,0.216478,-0.008298,0.408504,0.190078,-0.378522,1.304828,1.569277,0.000000,0.000000,0.059741,-0.419881,0.236229,0.433232,0.185391,0.000000,0.000000
5.896786,2.953172,0.841437,-0.002663,-0.032333,-0.089837,0.995428,-0.177462,-0.006419,0.251609,-0.017450,-0.226556,-0.012997,0.202241,-0.009160,0.040344,0.439526,-0.434052,-0.023654,0.219219,-0.008354,0.405035,0.188322,-0.378468,1.309198,1.569283,0.000000,0.000000,0.061020,-0.418475,0.233502,0.441976,0.186742,0.000000,0.000000
5.907831,2.953240,0.841149,-0.002124,-0.032621,-0.089762,0.995427,-0.179677,-0.007080,0.246944,-0.017450,-0.210166,-0.013099,0.202875,-0.011019,0.040486,0.464793,-0.429652,-0.024405,0.221952,-0.008383,0.400754,0.186815,-0.379541,1.313802,1.569293,0.000000,0.000000,0.063858,-0.417000,0.230844,0.454023,0.186037,0.000000,0.000000
5.919004,2.953920,0.841114,-0.001830,-0.033250,-0.088977,0.995477,-0.181290,-0.005831,0.234224,-0.017450,-0.183561,-0.012413,0.202417,-0.013271,0.041706,0.497697,-0.422784,-0.025549,0.223945,-0.008343,0.394760,0.184872,-0.377903,1.319153,1.569299,0.000000,0.000000,0.067607,-0.413724,0.228437,0.471702,0.184946,0.000000,0.000000
5.930113,2.954782,0.841207,-0.001349,-0.034169,-0.087490,0.995578,-0.182313,-0.004030,0.217149,-0.016193,-0.155141,-0.011306,0.200672,-0.015933,0.040526,0.533025,-0.413197,-0.026442,0.224631,-0.008236,0.388173,0.182568,-0.376060,1.324542,1.569313,0.000000,0.000000,0.069462,-0.409213,0.227686,0.493037,0.186451,0.000000,0.000000
5.941281,2.955740,0.843647,-0.000528,-0.035444,-0.085637,0.995696,-0.183673,-0.003051,0.198536,0.008097,-0.129632,-0.010386,0.198011,-0.019674,0.034850,0.571020,-0.397461,-0.026885,0.223865,-0.008107,0.381855,0.180307,-0.376148,1.328867,1.569338,0.000000,0.000000,0.070621,-0.404419,0.228875,0.516358,0.186427,0.000000,0.000000
5.952582,2.956260,0.846146,0.000550,-0.037336,-0.081713,0.995956,-0.185465,-0.004024,0.186083,0.042560,-0.123018,-0.010328,0.195381,-0.021558,0.028716,0.609500,-0.375564,-0.026646,0.220853,-0.007942,0.375860,0.179107,-0.378723,1.331999,1.569342,0.000000,0.000000,0.071838,-0.400075,0.230279,0.543726,0.182333,0.000000,0.000000
5.964354,2.956726,0.848582,0.001134,-0.039812,-0.075745,0.996332,-0.187219,-0.005306,0.171247,0.083208,-0.122251,-0.009765,0.193140,-0.021092,0.022408,0.649519,-0.346200,-0.025604,0.216682,-0.007687,0.369693,0.179524,-0.383435,1.334676,1.569356,0.000000,0.000000,0.072966,-0.393224,0.228533,0.576720,0.176185,0.000000,0.000000
5.976416,2.957568,0.850560,0.001445,-0.042659,-0.070406,0.996605,-0.187812,-0.007482,0.153950,0.123469,-0.123940,-0.008821,0.190693,-0.021377,0.013299,0.689679,-0.308117,-0.024195,0.212953,-0.007431,0.362412,0.179236,-0.386704,1.338591,1.569372,0.000000,0.000000,0.074363,-0.383811,0.225330,0.611352,0.169568,0.000000,0.000000
5.988649,2.958733,0.852050,0.001947,-0.045330,-0.066262,0.996770,-0.186579,-0.010729,0.136149,0.158506,-0.125413,-0.007772,0.187686,-0.023744,0.003231,0.728210,-0.261833,-0.023158,0.210053,-0.007193,0.354145,0.177999,-0.386087,1.342073,1.569398,0.000000,0.000000,0.077681,-0.372237,0.221408,0.646869,0.160013,0.000000,0.000000
6.001292,2.959849,0.853341,0.002508,-0.047220,-0.061737,0.996972,-0.183550,-0.013885,0.115430,0.186934,-0.127648,-0.006001,0.183567,-0.026459,-0.005307,0.765624,-0.208338,-0.022410,0.206689,-0.006974,0.344300,0.177198,-0.381876,1.344078,1.569426,0.000000,0.000000,0.082253,-0.355634,0.210575,0.684769,0.142321,0.000000,0.000000
