0.000000,0.000000,0.871269,-0.007926,-0.001260,0.710418,0.703734,0.019492,-0.001572,0.047432,0.064931,-0.239156,0.006187,0.008651,0.013163,-0.055738,0.070573,-0.232392,-0.002566,0.012959,-0.000133,0.047705,0.277301,-0.440228,1.120904,1.561788,0.000000,0.000000,0.091028,-0.180179,0.258085,1.091649,0.021372,0.000000,0.000000
-0.000992,0.000399,0.870984,-0.007459,-0.000221,0.712229,0.701908,0.018778,-0.002890,0.045699,0.066731,-0.240616,0.006164,0.008736,0.011709,-0.059604,0.071107,-0.233086,-0.002390,0.010516,-0.000430,0.045036,0.276178,-0.441672,1.127740,1.566270,0.000000,0.000000,0.089960,-0.180894,0.259092,1.096956,0.022190,0.000000,0.000000
-0.001595,0.000668,0.870896,-0.007491,0.000136,0.712247,0.701889,0.018379,-0.003400,0.045412,0.067692,-0.241253,0.006099,0.008714,0.011183,-0.060550,0.071254,-0.233204,-0.002383,0.009947,-0.000491,0.044368,0.275755,-0.441974,1.129335,1.567231,0.000000,0.000000,0.089516,-0.181097,0.259387,1.098732,0.022308,0.000000,0.000000
-0.002120,0.000877,0.870841,-0.007491,0.000331,0.712121,0.702016,0.018079,-0.003706,0.045367,0.068442,-0.241757,0.006042,0.008737,0.010864,-0.060730,0.071211,-0.233389,-0.002432,0.009685,-0.000519,0.044140,0.275561,-0.442026,1.129919,1.567641,0.000000,0.000000,0.089226,-0.181228,0.259691,1.099647,0.022236,0.000000,0.000000
-0.002611,0.000891,0.870822,-0.007433,0.000255,0.712689,0.701441,0.017651,-0.004029,0.045270,0.069565,-0.242698,0.005988,0.008882,0.010546,-0.060868,0.070981,-0.233517,-0.002485,0.009322,-0.000539,0.044010,0.275332,-0.441889,1.130411,1.568008,0.000000,0.000000,0.088965,-0.181308,0.259776,1.100361,0.022486,0.000000,0.000000
-0.003341,0.001918,0.870206,-0.006327,0.000858,0.708502,0.705680,0.015549,-0.009115,0.051387,0.081291,-0.252040,0.004068,0.011528,0.003409,-0.067574,0.064196,-0.230621,-0.003121,0.017825,-0.000867,0.044379,0.268969,-0.438846,1.133351,1.570630,0.000000,0.000000,0.102088,-0.171125,0.221081,1.081949,0.054565,0.000000,0.000000
-0.003785,0.003020,0.870148,-0.006245,0.000679,0.708821,0.705360,0.015467,-0.009657,0.051514,0.083341,-0.253321,0.003938,0.012291,0.002615,-0.068563,0.063414,-0.231161,-0.003149,0.019274,-0.000924,0.044154,0.268731,-0.439634,1.133785,1.570800,0.000000,0.000000,0.104374,-0.169576,0.217027,1.078858,0.058379,0.000000,0.000000
-0.003925,0.004214,0.870102,-0.006275,0.000529,0.708878,0.705303,0.015524,-0.009898,0.051079,0.085145,-0.254196,0.003947,0.012907,0.002187,-0.068988,0.063331,-0.232028,-0.003177,0.020153,-0.000941,0.043793,0.269184,-0.440761,1.134527,1.570800,0.000000,0.000000,0.105728,-0.168268,0.214115,1.076935,0.061341,0.000000,0.000000
-0.003786,0.005288,0.870066,-0.006367,0.000418,0.708914,0.705266,0.015589,-0.009902,0.050735,0.086591,-0.255237,0.003994,0.013400,0.002112,-0.069367,0.063485,-0.232536,-0.003135,0.020731,-0.000956,0.043598,0.269578,-0.441254,1.135154,1.570800,0.000000,0.000000,0.106427,-0.167387,0.212341,1.075905,0.062865,0.000000,0.000000
-0.003601,0.006245,0.870018,-0.006444,0.000496,0.708572,0.705609,0.015605,-0.009877,0.050551,0.087474,-0.256065,0.004026,0.013740,0.002138,-0.069719,0.063406,-0.232747,-0.003076,0.021153,-0.000964,0.043584,0.269710,-0.441450,1.135452,1.570800,0.000000,0.000000,0.106701,-0.167043,0.211784,1.075596,0.063167,0.000000,0.000000
-0.006050,0.007073,0.869896,-0.006194,-0.001243,0.714404,0.699705,0.015546,-0.011590,0.024438,0.098392,-0.256354,0.007265,0.021692,0.001741,-0.058989,0.058142,-0.220058,-0.004581,0.032798,-0.001492,0.021301,0.249870,-0.483562,1.147364,1.570800,0.000000,0.000000,0.119284,-0.150286,0.188644,1.047793,-0.045474,0.000000,0.000000
-0.006364,0.008424,0.869846,-0.006118,-0.001540,0.714471,0.699637,0.015670,-0.011818,0.022362,0.100397,-0.258029,0.007498,0.022588,0.001759,-0.057218,0.058402,-0.220225,-0.004815,0.033740,-0.001533,0.020115,0.248841,-0.486291,1.147913,1.570800,0.000000,0.000000,0.119773,-0.150378,0.188330,1.046837,-0.056525,0.000000,0.000000
-0.006759,0.009822,0.869820,-0.006042,-0.001971,0.714143,0.699971,0.015838,-0.011914,0.021814,0.102345,-0.260173,0.007549,0.023055,0.001738,-0.056076,0.059577,-0.221160,-0.004974,0.034386,-0.001555,0.019841,0.248375,-0.487188,1.148140,1.570800,0.000000,0.000000,0.120218,-0.150541,0.188601,1.046665,-0.061436,0.000000,0.000000
-0.007104,0.011116,0.869818,-0.005946,-0.002528,0.713551,0.700574,0.016032,-0.011886,0.021956,0.104260,-0.262288,0.007535,0.023338,0.001748,-0.055095,0.061053,-0.222195,-0.005105,0.035054,-0.001580,0.019771,0.247844,-0.487439,1.148740,1.570800,0.000000,0.000000,0.120901,-0.150353,0.188040,1.046335,-0.063220,0.000000,0.000000
-0.007594,0.012249,0.869688,-0.005926,-0.002795,0.714488,0.699617,0.016199,-0.011732,0.021821,0.107749,-0.265896,0.007587,0.023802,0.001770,-0.054512,0.063598,-0.224335,-0.005178,0.035977,-0.001592,0.019654,0.247017,-0.487600,1.149643,1.570800,0.000000,0.000000,0.122542,-0.149843,0.185124,1.044994,-0.065269,0.000000,0.000000
-0.007807,0.013119,0.869458,-0.006146,-0.003098,0.712840,0.701293,0.016518,-0.011339,0.021794,0.113480,-0.271362,0.007673,0.024022,0.002043,-0.051762,0.068617,-0.227553,-0.005495,0.038186,-0.001641,0.019959,0.246248,-0.486612,1.151185,1.570800,0.000000,0.000000,0.124310,-0.150121,0.187433,1.044332,-0.069426,0.000000,0.000000
-0.008272,0.014130,0.869299,-0.006298,-0.003163,0.712112,0.702030,0.016578,-0.011293,0.021914,0.116875,-0.274234,0.007662,0.023918,0.002037,-0.049788,0.071737,-0.229567,-0.005771,0.039560,-0.001666,0.020272,0.245893,-0.485968,1.151805,1.570800,0.000000,0.000000,0.125185,-0.149637,0.188856,1.044737,-0.070497,0.000000,0.000000
-0.008888,0.015345,0.869251,-0.006153,-0.003262,0.712364,0.701776,0.016562,-0.011365,0.021980,0.118005,-0.275267,0.007635,0.023905,0.001960,-0.049406,0.072711,-0.230254,-0.005842,0.039845,-0.001675,0.020434,0.245778,-0.485919,1.151826,1.570800,0.000000,0.000000,0.125415,-0.149484,0.188845,1.044981,-0.070624,0.000000,0.000000
-0.009560,0.016699,0.869033,-0.005909,-0.003349,0.712885,0.701248,0.016500,-0.011836,0.021638,0.122036,-0.278964,0.007572,0.023919,0.001500,-0.048568,0.076282,-0.232977,-0.006063,0.040316,-0.001684,0.021244,0.245455,-0.485838,1.151275,1.570800,0.000000,0.000000,0.126404,-0.149436,0.187738,1.044446,-0.071573,0.000000,0.000000
-0.010215,0.018108,0.868758,-0.005690,-0.003514,0.713003,0.701129,0.016577,-0.012657,0.020486,0.127056,-0.283489,0.007543,0.023875,0.000750,-0.047462,0.081411,-0.237175,-0.006384,0.040537,-0.001699,0.022559,0.244979,-0.485576,1.150231,1.570800,0.000000,0.000000,0.127925,-0.149426,0.186715,1.042643,-0.073085,0.000000,0.000000
-0.010734,0.019607,0.868546,-0.005530,-0.003915,0.712845,0.701289,0.016901,-0.013375,0.019006,0.131472,-0.287516,0.007585,0.023704,0.000157,-0.046132,0.087047,-0.241735,-0.006698,0.040670,-0.001708,0.023817,0.244325,-0.485357,1.149982,1.570800,0.000000,0.000000,0.129513,-0.149188,0.187109,1.041378,-0.075011,0.000000,0.000000
-0.011170,0.021242,0.868302,-0.005429,-0.004395,0.713251,0.700874,0.017436,-0.013970,0.016666,0.136441,-0.292036,0.007777,0.023385,-0.000170,-0.044587,0.094689,-0.247863,-0.006978,0.040578,-0.001671,0.025375,0.243958,-0.485930,1.149849,1.570800,0.000000,0.000000,0.131363,-0.149072,0.187885,1.040812,-0.077297,0.000000,0.000000
-0.011559,0.022984,0.868085,-0.005512,-0.004941,0.713869,0.700240,0.017953,-0.014065,0.014403,0.141344,-0.296363,0.008073,0.022931,-0.000043,-0.042844,0.102689,-0.254373,-0.007181,0.040125,-0.001643,0.027204,0.243785,-0.486077,1.149618,1.570800,0.000000,0.000000,0.132943,-0.148893,0.187924,1.040338,-0.076966,0.000000,0.000000
-0.012045,0.024714,0.867853,-0.005322,-0.005559,0.714164,0.699936,0.018545,-0.014030,0.012087,0.146488,-0.300734,0.008405,0.022347,0.000098,-0.041651,0.111433,-0.261079,-0.007309,0.039635,-0.001613,0.029380,0.243603,-0.485074,1.149263,1.570800,0.000000,0.000000,0.134578,-0.148738,0.188259,1.040205,-0.074380,0.000000,0.000000
-0.012720,0.026410,0.867510,-0.004605,-0.006196,0.714150,0.699950,0.019528,-0.014494,0.009174,0.152626,-0.305422,0.008705,0.021538,-0.000235,-0.040953,0.122642,-0.268910,-0.007476,0.039006,-0.001600,0.032250,0.243277,-0.484095,1.148995,1.570800,0.000000,0.000000,0.136707,-0.148932,0.189121,1.039620,-0.072831,0.000000,0.000000
-0.013315,0.028270,0.867152,-0.004235,-0.006916,0.713991,0.700108,0.020823,-0.014967,0.005976,0.158841,-0.310259,0.009045,0.020333,-0.000520,-0.039691,0.135556,-0.276953,-0.007708,0.038383,-0.001589,0.035550,0.243275,-0.483856,1.148867,1.570800,0.000000,0.000000,0.139587,-0.149634,0.190034,1.037459,-0.073972,0.000000,0.000000
-0.013950,0.030306,0.866839,-0.003813,-0.007835,0.714313,0.699772,0.022222,-0.015231,0.003266,0.164757,-0.314916,0.009364,0.019003,-0.000719,-0.038291,0.149101,-0.284457,-0.007943,0.037762,-0.001562,0.038357,0.243539,-0.484192,1.149520,1.570800,0.000000,0.000000,0.142751,-0.150111,0.190374,1.035636,-0.075591,0.000000,0.000000
-0.014588,0.032384,0.866493,-0.003183,-0.008703,0.715110,0.698950,0.023609,-0.015564,0.000080,0.170733,-0.320304,0.009735,0.017585,-0.001000,-0.036889,0.163177,-0.292442,-0.008195,0.036623,-0.001491,0.040737,0.244282,-0.485555,1.150071,1.570800,0.000000,0.000000,0.145722,-0.149904,0.191599,1.034920,-0.076443,0.000000,0.000000
-0.015085,0.034474,0.866117,-0.002588,-0.009516,0.716047,0.697983,0.024971,-0.015852,-0.003286,0.176826,-0.326003,0.010141,0.015963,-0.000957,-0.035776,0.177245,-0.301611,-0.008332,0.034694,-0.001408,0.043431,0.245639,-0.487440,1.149223,1.570800,0.000000,0.000000,0.148408,-0.149488,0.192054,1.034366,-0.074763,0.000000,0.000000
-0.015709,0.036698,0.865671,-0.001913,-0.010444,0.716870,0.697126,0.026951,-0.016190,-0.007168,0.183402,-0.332393,0.010610,0.013661,-0.000892,-0.038133,0.196268,-0.312615,-0.007963,0.032376,-0.001337,0.047730,0.247251,-0.489161,1.146090,1.570800,0.000000,0.000000,0.152071,-0.149333,0.191259,1.033447,-0.069989,0.000000,0.000000
-0.016405,0.038960,0.865370,-0.001309,-0.011327,0.717544,0.696420,0.028941,-0.016382,-0.010168,0.187686,-0.338044,0.010987,0.011097,-0.000894,-0.040965,0.214497,-0.321721,-0.007539,0.030132,-0.001298,0.052038,0.247765,-0.488719,1.142205,1.570800,0.000000,0.000000,0.155145,-0.149491,0.192935,1.032961,-0.066641,0.000000,0.000000
-0.017214,0.041359,0.864895,-0.000038,-0.012974,0.717954,0.695969,0.031958,-0.016575,-0.012175,0.195511,-0.343558,0.011233,0.008203,-0.001063,-0.043394,0.238545,-0.331746,-0.007199,0.027200,-0.001224,0.058422,0.247728,-0.486641,1.137841,1.570800,0.000000,0.000000,0.160265,-0.150040,0.196325,1.031465,-0.064147,0.000000,0.000000
-0.017877,0.043722,0.864448,0.000752,-0.013949,0.718371,0.695520,0.034906,-0.016859,-0.014041,0.200808,-0.348383,0.011434,0.004627,-0.001614,-0.046977,0.262289,-0.340292,-0.006772,0.023583,-0.001153,0.064533,0.247937,-0.483526,1.132904,1.570800,0.000000,0.000000,0.164989,-0.150843,0.196931,1.028818,-0.060779,0.000000,0.000000
-0.018393,0.046114,0.864147,0.001480,-0.014976,0.718972,0.694876,0.037870,-0.017043,-0.017295,0.204322,-0.352485,0.011854,0.000484,-0.002524,-0.052539,0.286997,-0.348208,-0.006118,0.019445,-0.000992,0.070756,0.249008,-0.481438,1.127450,1.570800,0.000000,0.000000,0.169138,-0.151738,0.195481,1.026388,-0.059576,0.000000,0.000000
-0.018598,0.048497,0.863935,0.002375,-0.016589,0.720502,0.693250,0.041199,-0.016088,-0.019354,0.208239,-0.357733,0.012367,-0.003801,-0.002586,-0.058199,0.314124,-0.355305,-0.005220,0.013694,-0.000796,0.077223,0.251459,-0.482494,1.121659,1.570800,0.000000,0.000000,0.173407,-0.151904,0.194970,1.025470,-0.059448,0.000000,0.000000
-0.018966,0.050880,0.863660,0.003370,-0.018098,0.721924,0.691728,0.044620,-0.015053,-0.021418,0.212580,-0.362655,0.012896,-0.007987,-0.002545,-0.062349,0.341251,-0.360966,-0.004510,0.007625,-0.000572,0.083838,0.254425,-0.486729,1.115165,1.570800,0.000000,0.000000,0.178068,-0.151775,0.195559,1.024307,-0.059066,0.000000,0.000000
-0.019576,0.053305,0.863329,0.004427,-0.019090,0.722495,0.691098,0.047583,-0.015442,-0.027627,0.216485,-0.364596,0.013697,-0.011979,-0.003311,-0.064413,0.365149,-0.365464,-0.004319,0.003605,-0.000455,0.090326,0.257298,-0.490913,1.108140,1.570800,0.000000,0.000000,0.183029,-0.152645,0.196790,1.021931,-0.060609,0.000000,0.000000
-0.020121,0.055600,0.863041,0.005429,-0.020332,0.723114,0.690408,0.050364,-0.015736,-0.033074,0.220752,-0.366102,0.014432,-0.015870,-0.003950,-0.066062,0.387874,-0.369893,-0.004155,0.000135,-0.000346,0.095875,0.259648,-0.493307,1.102759,1.570800,0.000000,0.000000,0.188047,-0.153520,0.197361,1.019723,-0.061420,0.000000,0.000000
-0.020390,0.057824,0.862790,0.006057,-0.021799,0.723568,0.689882,0.053052,-0.015304,-0.037500,0.225369,-0.367415,0.015199,-0.020203,-0.003599,-0.066262,0.410679,-0.374533,-0.003977,-0.004033,-0.000210,0.100420,0.261096,-0.494554,1.099816,1.570800,0.000000,0.000000,0.192041,-0.153878,0.197568,1.018815,-0.059535,0.000000,0.000000
-0.020898,0.059978,0.862575,0.006651,-0.023302,0.723673,0.689717,0.055705,-0.014941,-0.041131,0.229613,-0.367936,0.015842,-0.025004,-0.003315,-0.066780,0.433050,-0.378331,-0.003765,-0.008544,-0.000114,0.104470,0.261106,-0.494890,1.097678,1.570800,0.000000,0.000000,0.195043,-0.156677,0.196961,1.017209,-0.061009,0.000000,0.000000
-0.021698,0.062101,0.862346,0.007554,-0.024722,0.723569,0.689768,0.058532,-0.015127,-0.043110,0.233301,-0.369710,0.016113,-0.030107,-0.004016,-0.068473,0.454488,-0.380340,-0.003598,-0.012546,-0.000037,0.107875,0.260835,-0.495378,1.095143,1.570800,0.000000,0.000000,0.197930,-0.161427,0.194230,1.015415,-0.065491,0.000000,0.000000
-0.022438,0.064423,0.862086,0.008369,-0.025827,0.724616,0.688618,0.061062,-0.015231,-0.043590,0.236600,-0.372750,0.016178,-0.035044,-0.004735,-0.069133,0.472643,-0.383745,-0.003620,-0.017014,0.000170,0.111295,0.261539,-0.498020,1.091422,1.570800,0.000000,0.000000,0.201869,-0.163137,0.191387,1.014205,-0.066853,0.000000,0.000000
-0.023034,0.067062,0.861751,0.008836,-0.026763,0.726295,0.686805,0.063704,-0.015063,-0.044173,0.240028,-0.376677,0.016314,-0.040614,-0.004830,-0.069835,0.491523,-0.390293,-0.003470,-0.023513,0.000503,0.117162,0.264646,-0.501617,1.083196,1.570800,0.000000,0.000000,0.208319,-0.163385,0.188795,1.010250,-0.067052,0.000000,0.000000
-0.023850,0.069581,0.861504,0.009607,-0.027865,0.727522,0.685451,0.066280,-0.015266,-0.046554,0.243165,-0.378553,0.016627,-0.045775,-0.005332,-0.070382,0.507549,-0.395364,-0.003463,-0.029074,0.000722,0.122586,0.266709,-0.504858,1.076017,1.570800,0.000000,0.000000,0.212732,-0.163176,0.188633,1.009554,-0.066338,0.000000,0.000000
-0.024725,0.072038,0.861158,0.010677,-0.028710,0.729595,0.683193,0.069071,-0.015756,-0.050450,0.246542,-0.380544,0.017103,-0.051347,-0.006708,-0.073206,0.522817,-0.400080,-0.003282,-0.034545,0.000935,0.126423,0.267559,-0.510819,1.070827,1.570800,0.000000,0.000000,0.217361,-0.161611,0.188796,1.012285,-0.062427,0.000000,0.000000
-0.025332,0.074489,0.860853,0.011403,-0.029442,0.731971,0.680604,0.071448,-0.015723,-0.053774,0.249477,-0.384017,0.017615,-0.056562,-0.007252,-0.075140,0.533519,-0.403553,-0.003055,-0.039557,0.001107,0.127855,0.268010,-0.517167,1.067399,1.570800,0.000000,0.000000,0.222028,-0.161071,0.188050,1.013356,-0.060115,0.000000,0.000000
-0.025545,0.077092,0.860588,0.011781,-0.030375,0.733529,0.678876,0.074040,-0.014881,-0.057030,0.252304,-0.387757,0.018310,-0.062064,-0.006441,-0.075974,0.542328,-0.402483,-0.002670,-0.044616,0.001263,0.128832,0.268374,-0.522121,1.064824,1.570800,0.000000,0.000000,0.227148,-0.162708,0.183405,1.007890,-0.061156,0.000000,0.000000
-0.026162,0.079653,0.860242,0.012232,-0.030860,0.734686,0.677595,0.076583,-0.014641,-0.060971,0.254752,-0.390424,0.018960,-0.067707,-0.006881,-0.078968,0.547687,-0.400168,-0.002237,-0.049207,0.001456,0.130333,0.267581,-0.525549,1.061554,1.570800,0.000000,0.000000,0.233322,-0.162049,0.176582,1.003479,-0.057504,0.000000,0.000000
-0.026793,0.082022,0.859910,0.012537,-0.030963,0.736274,0.675859,0.078974,-0.014965,-0.065975,0.256026,-0.392274,0.019630,-0.074173,-0.008255,-0.083152,0.549574,-0.396625,-0.001848,-0.054636,0.001695,0.132139,0.264710,-0.528285,1.056808,1.570800,0.000000,0.000000,0.239946,-0.157965,0.172968,1.006094,-0.048693,0.000000,0.000000
-0.027262,0.084573,0.859722,0.012757,-0.031357,0.737553,0.674440,0.081283,-0.015085,-0.069275,0.256672,-0.392966,0.020110,-0.079784,-0.009243,-0.086315,0.547556,-0.393088,-0.001551,-0.059253,0.001861,0.132921,0.262870,-0.531355,1.052924,1.570800,0.000000,0.000000,0.245265,-0.155513,0.173467,1.009037,-0.043531,0.000000,0.000000
-0.027726,0.087057,0.859579,0.012963,-0.031811,0.739405,0.672383,0.083743,-0.014729,-0.072134,0.257002,-0.392863,0.020650,-0.085617,-0.010045,-0.089842,0.543646,-0.389678,-0.001157,-0.064284,0.002092,0.133150,0.263755,-0.536917,1.048924,1.570800,0.000000,0.000000,0.250686,-0.154342,0.173856,1.010408,-0.040125,0.000000,0.000000
-0.028299,0.089335,0.859340,0.013277,-0.031549,0.737359,0.674633,0.086658,-0.015939,-0.072322,0.255231,-0.393803,0.020398,-0.092224,-0.011602,-0.091172,0.538293,-0.385177,-0.001364,-0.068162,0.002231,0.134450,0.264924,-0.537096,1.044136,1.570800,0.000000,0.000000,0.253808,-0.155272,0.179910,1.012208,-0.030278,0.000000,0.000000
-0.028974,0.092011,0.859159,0.013124,-0.031442,0.738070,0.673863,0.089802,-0.016707,-0.073133,0.252883,-0.395357,0.020335,-0.099369,-0.013056,-0.093671,0.530243,-0.379240,-0.001331,-0.072604,0.002384,0.134714,0.265693,-0.537868,1.038919,1.570800,0.000000,0.000000,0.257861,-0.156256,0.183743,1.013853,-0.019211,0.000000,0.000000
-0.029182,0.094805,0.859063,0.012885,-0.031541,0.739189,0.672636,0.092924,-0.016541,-0.075117,0.250534,-0.395842,0.020669,-0.106319,-0.013497,-0.096275,0.518846,-0.373774,-0.001036,-0.077285,0.002545,0.133966,0.266174,-0.538757,1.033846,1.570800,0.000000,0.000000,0.262136,-0.156343,0.184543,1.014991,-0.010241,0.000000,0.000000
-0.029170,0.097743,0.859032,0.012268,-0.031598,0.740284,0.671439,0.095525,-0.015689,-0.078554,0.248101,-0.394591,0.021390,-0.112786,-0.012994,-0.097878,0.504477,-0.370574,-0.000725,-0.081620,0.002718,0.133001,0.266706,-0.538702,1.028157,1.570800,0.000000,0.000000,0.265634,-0.156128,0.185641,1.016498,-0.009051,0.000000,0.000000
-0.029656,0.100765,0.858903,0.012122,-0.031829,0.741056,0.670579,0.098534,-0.014665,-0.077947,0.246595,-0.396327,0.021556,-0.118749,-0.013755,-0.103064,0.489834,-0.364063,-0.000125,-0.085727,0.002867,0.132023,0.267155,-0.540497,1.022708,1.570800,0.000000,0.000000,0.269517,-0.156058,0.187698,1.018651,-0.013032,0.000000,0.000000
-0.030226,0.104019,0.858685,0.011843,-0.031843,0.741667,0.669907,0.101705,-0.013992,-0.076728,0.244820,-0.399522,0.021526,-0.124584,-0.014951,-0.109464,0.474123,-0.356811,0.000553,-0.089484,0.003032,0.130693,0.268137,-0.544513,1.016901,1.570800,0.000000,0.000000,0.273348,-0.155825,0.189527,1.021222,-0.014814,0.000000,0.000000
-0.030524,0.107632,0.858454,0.011730,-0.031715,0.742588,0.668895,0.105180,-0.013535,-0.076953,0.242582,-0.401651,0.021644,-0.130229,-0.015950,-0.115113,0.458043,-0.348529,0.001130,-0.093428,0.003208,0.129887,0.269053,-0.547799,1.010481,1.570800,0.000000,0.000000,0.277187,-0.155456,0.190682,1.024677,-0.013208,0.000000,0.000000
-0.030516,0.111466,0.858207,0.011657,-0.031582,0.743680,0.667687,0.108758,-0.012898,-0.077848,0.240401,-0.403659,0.021913,-0.135487,-0.016462,-0.119326,0.440356,-0.339983,0.001559,-0.097983,0.003392,0.129477,0.270349,-0.549548,1.003863,1.570800,0.000000,0.000000,0.280782,-0.155544,0.191460,1.028653,-0.014901,0.000000,0.000000
-0.030979,0.115086,0.858116,0.010896,-0.032213,0.748097,0.662718,0.111677,-0.009788,-0.081189,0.239849,-0.404003,0.023153,-0.140346,-0.016797,-0.128627,0.417389,-0.333805,0.002775,-0.104168,0.003660,0.124725,0.273093,-0.559498,0.998974,1.570800,0.000000,0.000000,0.286992,-0.153213,0.183705,1.031450,-0.028429,0.000000,0.000000
-0.031007,0.118582,0.857911,0.010460,-0.032013,0.748468,0.662315,0.114126,-0.009000,-0.083480,0.238376,-0.401613,0.023699,-0.144948,-0.016706,-0.132977,0.397869,-0.325712,0.003280,-0.107586,0.003796,0.120641,0.274611,-0.565665,0.995000,1.570800,0.000000,0.000000,0.291417,-0.152950,0.183641,1.034138,-0.035359,0.000000,0.000000
-0.030638,0.122232,0.857677,0.009877,-0.031683,0.748791,0.661975,0.116931,-0.007728,-0.082854,0.235993,-0.402696,0.023926,-0.150219,-0.015750,-0.135131,0.376229,-0.314409,0.003603,-0.111161,0.003955,0.117465,0.276284,-0.568974,0.989816,1.570800,0.000000,0.000000,0.295491,-0.152808,0.185770,1.037996,-0.034987,0.000000,0.000000
-0.030123,0.125880,0.857208,0.009631,-0.031408,0.748849,0.661926,0.119622,-0.006239,-0.080391,0.235980,-0.409441,0.023892,-0.155838,-0.014439,-0.136612,0.352380,-0.302345,0.003868,-0.115582,0.004142,0.114883,0.279541,-0.570592,0.983541,1.570800,0.000000,0.000000,0.299045,-0.153544,0.189214,1.042755,-0.031831,0.000000,0.000000
-0.029981,0.129655,0.856586,0.009515,-0.031225,0.750335,0.660252,0.121710,-0.004785,-0.080243,0.238478,-0.415938,0.024167,-0.160925,-0.013903,-0.140581,0.329296,-0.292283,0.004336,-0.120478,0.004336,0.111899,0.282495,-0.574341,0.977468,1.570800,0.000000,0.000000,0.303195,-0.153370,0.187493,1.046973,-0.028794,0.000000,0.000000
-0.029892,0.133520,0.856604,0.009438,-0.030765,0.751980,0.658400,0.123448,-0.003588,-0.081759,0.241566,-0.421944,0.024636,-0.165864,-0.013902,-0.145329,0.305810,-0.281011,0.004774,-0.125551,0.004529,0.107588,0.283885,-0.580232,0.973339,1.570800,0.000000,0.000000,0.307531,-0.151772,0.181079,1.049156,-0.027046,0.000000,0.000000
-0.029926,0.137497,0.856963,0.009393,-0.029847,0.753793,0.656367,0.124984,-0.002683,-0.083631,0.244652,-0.428926,0.025082,-0.170941,-0.014926,-0.151229,0.280510,-0.269425,0.005106,-0.130945,0.004752,0.100730,0.285758,-0.590814,0.970680,1.570800,0.000000,0.000000,0.312290,-0.150138,0.175041,1.050312,-0.023915,0.000000,0.000000
-0.029976,0.141428,0.856959,0.009775,-0.029109,0.752872,0.657451,0.126713,-0.003577,-0.083310,0.248026,-0.433809,0.024807,-0.175637,-0.015878,-0.153246,0.258484,-0.260042,0.004883,-0.133559,0.004901,0.095872,0.286474,-0.597486,0.968246,1.570800,0.000000,0.000000,0.316355,-0.149168,0.174580,1.052020,-0.019677,0.000000,0.000000
-0.030011,0.145627,0.856590,0.009620,-0.028395,0.754037,0.656148,0.128435,-0.003767,-0.084140,0.251568,-0.438861,0.024881,-0.180331,-0.016906,-0.155421,0.232926,-0.249866,0.004630,-0.136009,0.005013,0.090958,0.287380,-0.604344,0.963508,1.570800,0.000000,0.000000,0.320943,-0.148141,0.173277,1.054389,-0.016444,0.000000,0.000000
-0.029898,0.150179,0.856075,0.009456,-0.027461,0.755053,0.655020,0.130023,-0.003844,-0.085621,0.254911,-0.444142,0.025074,-0.184462,-0.017502,-0.159404,0.209179,-0.239738,0.004755,-0.138941,0.005126,0.086641,0.287778,-0.608847,0.960054,1.570800,0.000000,0.000000,0.323839,-0.147891,0.172047,1.058750,-0.018760,0.000000,0.000000
-0.029565,0.155050,0.855200,0.009503,-0.026854,0.755864,0.654108,0.132043,-0.003359,-0.086563,0.259076,-0.450539,0.025332,-0.188401,-0.017574,-0.164663,0.186107,-0.230426,0.005130,-0.142658,0.005286,0.082876,0.288349,-0.612147,0.956138,1.570800,0.000000,0.000000,0.326807,-0.147980,0.172525,1.064178,-0.023917,0.000000,0.000000
-0.029429,0.159875,0.853997,0.009628,-0.026461,0.756187,0.653750,0.134349,-0.002986,-0.086569,0.263746,-0.457456,0.025426,-0.192128,-0.017855,-0.168005,0.163658,-0.221770,0.005152,-0.146305,0.005436,0.079327,0.289077,-0.614312,0.952031,1.570800,0.000000,0.000000,0.329306,-0.147970,0.173358,1.069372,-0.029626,0.000000,0.000000
-0.029381,0.164614,0.852576,0.009595,-0.025814,0.756859,0.652998,0.136529,-0.002779,-0.086704,0.268200,-0.464004,0.025489,-0.195765,-0.018639,-0.169618,0.140733,-0.214185,0.004807,-0.149626,0.005594,0.075166,0.290399,-0.616247,0.947945,1.570800,0.000000,0.000000,0.332069,-0.147604,0.171307,1.073641,-0.029411,0.000000,0.000000
-0.029487,0.169433,0.851006,0.009393,-0.024906,0.758175,0.651507,0.138467,-0.002682,-0.088034,0.272267,-0.470473,0.025692,-0.199269,-0.019689,-0.173230,0.117685,-0.206585,0.004670,-0.152349,0.005727,0.070141,0.292019,-0.619875,0.945506,1.570800,0.000000,0.000000,0.335119,-0.147237,0.167739,1.077932,-0.027486,0.000000,0.000000
-0.029752,0.174570,0.849312,0.009135,-0.023904,0.759669,0.649806,0.140339,-0.002898,-0.091023,0.276306,-0.476586,0.026064,-0.202651,-0.020694,-0.179834,0.095263,-0.198149,0.004926,-0.154825,0.005867,0.064585,0.292977,-0.625929,0.943724,1.570800,0.000000,0.000000,0.337904,-0.146626,0.164951,1.082491,-0.027848,0.000000,0.000000
-0.029794,0.180042,0.847564,0.009225,-0.023085,0.760160,0.649260,0.142431,-0.003504,-0.093964,0.280768,-0.480930,0.026366,-0.205692,-0.021234,-0.185560,0.075373,-0.190141,0.005171,-0.156967,0.005958,0.059810,0.293018,-0.630790,0.941553,1.570800,0.000000,0.000000,0.339960,-0.145821,0.164995,1.086752,-0.031131,0.000000,0.000000
-0.029679,0.185635,0.845733,0.009630,-0.022488,0.759221,0.650373,0.144888,-0.004662,-0.095346,0.285791,-0.484144,0.026339,-0.208680,-0.021362,-0.188432,0.058058,-0.183534,0.005136,-0.158605,0.006004,0.056717,0.292352,-0.631914,0.939866,1.570800,0.000000,0.000000,0.342328,-0.145747,0.167253,1.090038,-0.036087,0.000000,0.000000
-0.029286,0.191364,0.843778,0.009582,-0.021799,0.758889,0.650785,0.147481,-0.005104,-0.095165,0.290997,-0.488223,0.026272,-0.211650,-0.020944,-0.190105,0.039930,-0.176676,0.005035,-0.160751,0.006100,0.054126,0.291637,-0.631190,0.938953,1.570800,0.000000,0.000000,0.344731,-0.146097,0.168046,1.093052,-0.037609,0.000000,0.000000
-0.028942,0.197318,0.841762,0.009335,-0.020970,0.759686,0.649885,0.149942,-0.004711,-0.095461,0.296100,-0.492777,0.026468,-0.214348,-0.020512,-0.192861,0.021474,-0.170389,0.005063,-0.163280,0.006216,0.051035,0.291286,-0.632502,0.937927,1.570800,0.000000,0.000000,0.346555,-0.145779,0.166726,1.097342,-0.036176,0.000000,0.000000
-0.029079,0.203434,0.839537,0.009352,-0.020167,0.761291,0.648029,0.152722,-0.004043,-0.095809,0.301822,-0.499353,0.026721,-0.216864,-0.020838,-0.198402,0.003028,-0.164757,0.005224,-0.165739,0.006346,0.046653,0.291047,-0.637025,0.937062,1.570800,0.000000,0.000000,0.348483,-0.145266,0.163494,1.103341,-0.036239,0.000000,0.000000
-0.029224,0.209726,0.837633,0.009502,-0.019540,0.762366,0.646781,0.155497,-0.003503,-0.095950,0.307481,-0.506220,0.026902,-0.218843,-0.021339,-0.203873,-0.011485,-0.160701,0.005388,-0.167656,0.006460,0.042068,0.291599,-0.642024,0.937660,1.570800,0.000000,0.000000,0.350938,-0.145306,0.159365,1.107021,-0.038111,0.000000,0.000000
-0.028955,0.216249,0.836946,0.009447,-0.018919,0.762756,0.646340,0.157239,-0.003301,-0.097390,0.311134,-0.509690,0.027178,-0.220073,-0.021406,-0.206383,-0.017450,-0.158651,0.005456,-0.168324,0.006513,0.039209,0.292075,-0.644725,0.938815,1.570800,0.000000,0.000000,0.352880,-0.145021,0.156469,1.107939,-0.037945,0.000000,0.000000
-0.028616,0.222884,0.836895,0.009359,-0.018238,0.762944,0.646139,0.160181,-0.003274,-0.101111,0.317437,-0.514564,0.027774,-0.222135,-0.021451,-0.209341,-0.017450,-0.156128,0.005516,-0.169115,0.006587,0.034349,0.292385,-0.649248,0.940883,1.570800,0.000000,0.000000,0.355976,-0.144553,0.152766,1.109067,-0.038464,0.000000,0.000000
-0.028348,0.229598,0.836793,0.009428,-0.017643,0.761781,0.647525,0.163018,-0.003757,-0.103147,0.323254,-0.518755,0.028015,-0.224068,-0.021124,-0.210445,-0.017450,-0.154485,0.005524,-0.169526,0.006586,0.030680,0.291844,-0.651085,0.943304,1.570800,0.000000,0.000000,0.358022,-0.145069,0.152564,1.112399,-0.043978,0.000000,0.000000
-0.028172,0.236479,0.836689,0.009331,-0.016893,0.761677,0.647669,0.166357,-0.004142,-0.105252,0.330231,-0.522713,0.028323,-0.226433,-0.020810,-0.211663,-0.017450,-0.153078,0.005551,-0.170507,0.006644,0.026500,0.290902,-0.652300,0.947626,1.570800,0.000000,0.000000,0.359480,-0.144816,0.151293,1.116639,-0.046385,0.000000,0.000000
-0.027878,0.243566,0.836534,0.009282,-0.016255,0.762063,0.647232,0.169560,-0.003939,-0.107923,0.337052,-0.525132,0.028881,-0.228643,-0.020597,-0.212845,-0.017450,-0.152278,0.005596,-0.171207,0.006705,0.022422,0.290089,-0.655092,0.952610,1.570800,0.000000,0.000000,0.360515,-0.144352,0.149996,1.121284,-0.048875,0.000000,0.000000
-0.027641,0.250777,0.836277,0.009318,-0.015732,0.762915,0.646240,0.173093,-0.003107,-0.111363,0.344705,-0.528019,0.029746,-0.230869,-0.020740,-0.214135,-0.017450,-0.151853,0.005610,-0.171999,0.006757,0.018095,0.289054,-0.659799,0.958607,1.570800,0.000000,0.000000,0.361523,-0.143250,0.148457,1.126911,-0.052433,0.000000,0.000000
-0.027450,0.258143,0.836066,0.009407,-0.015161,0.763163,0.645960,0.176515,-0.002782,-0.115507,0.352195,-0.530664,0.030589,-0.232849,-0.021176,-0.214389,-0.017450,-0.152088,0.005485,-0.172344,0.006782,0.014721,0.287780,-0.664408,0.964211,1.570800,0.000000,0.000000,0.362459,-0.142199,0.148831,1.132312,-0.055000,0.000000,0.000000
-0.027217,0.265716,0.835921,0.009290,-0.014526,0.762338,0.646950,0.180007,-0.003365,-0.119287,0.359703,-0.531826,0.031168,-0.234773,-0.021414,-0.212698,-0.017450,-0.153359,0.005182,-0.171958,0.006768,0.012568,0.286679,-0.666737,0.969175,1.570800,0.000000,0.000000,0.365206,-0.142678,0.150885,1.132987,-0.055114,0.000000,0.000000
-0.026815,0.273359,0.835700,0.009164,-0.014043,0.761460,0.647995,0.183619,-0.004198,-0.121940,0.367353,-0.531965,0.031537,-0.236631,-0.021265,-0.209651,-0.017450,-0.155674,0.004796,-0.171501,0.006735,0.010509,0.286029,-0.666689,0.975222,1.570800,0.000000,0.000000,0.368302,-0.143884,0.153829,1.133008,-0.053697,0.000000,0.000000
-0.026430,0.281184,0.835443,0.008834,-0.013722,0.761798,0.647609,0.187206,-0.004161,-0.124195,0.375020,-0.531469,0.032094,-0.238271,-0.021323,-0.206046,-0.017450,-0.159262,0.004314,-0.172339,0.006786,0.007859,0.285972,-0.666762,0.982240,1.570800,0.000000,0.000000,0.369592,-0.144935,0.154310,1.135000,-0.053246,0.000000,0.000000
-0.025997,0.289222,0.835180,0.008705,-0.013365,0.761722,0.647707,0.190820,-0.004035,-0.126543,0.382766,-0.530572,0.032697,-0.239788,-0.021489,-0.201846,-0.017450,-0.163295,0.003752,-0.173769,0.006816,0.006099,0.285267,-0.667557,0.989866,1.570800,0.000000,0.000000,0.369362,-0.145396,0.152943,1.138368,-0.052659,0.000000,0.000000
-0.025272,0.297560,0.835163,0.008388,-0.012751,0.762074,0.647310,0.193961,-0.003325,-0.128511,0.389511,-0.529982,0.033376,-0.241028,-0.021549,-0.198027,-0.017450,-0.166946,0.003277,-0.174741,0.006827,0.005005,0.284241,-0.669370,0.997427,1.570800,0.000000,0.000000,0.369009,-0.145426,0.153094,1.141788,-0.052326,0.000000,0.000000
-0.024503,0.306063,0.835947,0.008230,-0.012158,0.762079,0.647318,0.197361,-0.002510,-0.130008,0.396732,-0.528897,0.034027,-0.242219,-0.021571,-0.194066,-0.011344,-0.170427,0.002839,-0.175340,0.006856,0.004161,0.282890,-0.670278,1.006017,1.570800,0.000000,0.000000,0.368422,-0.145211,0.154108,1.146262,-0.053780,0.000000,0.000000
-0.023622,0.314627,0.838011,0.008122,-0.011717,0.761738,0.647728,0.202200,-0.001563,-0.131354,0.406952,-0.525702,0.034794,-0.244242,-0.021280,-0.188774,0.006373,-0.171399,0.002529,-0.175700,0.006830,0.003677,0.280270,-0.669448,1.018946,1.570800,0.000000,0.000000,0.366578,-0.144713,0.153578,1.153192,-0.057254,0.000000,0.000000
-0.023340,0.323257,0.840770,0.007765,-0.011184,0.761457,0.648072,0.206625,-0.001535,-0.132536,0.416276,-0.520805,0.035281,-0.246478,-0.021434,-0.185775,0.028958,-0.163649,0.002739,-0.175262,0.006790,0.003443,0.277712,-0.670311,1.030360,1.570800,0.000000,0.000000,0.364426,-0.144285,0.152525,1.158791,-0.058858,0.000000,0.000000
-0.023318,0.331974,0.843447,0.007659,-0.010898,0.760512,0.649187,0.211081,-0.002553,-0.132936,0.425382,-0.513494,0.035370,-0.248976,-0.022339,-0.183651,0.054649,-0.154398,0.003121,-0.174221,0.006730,0.003990,0.274846,-0.670764,1.041634,1.570800,0.000000,0.000000,0.362380,-0.143973,0.152184,1.163512,-0.058652,0.000000,0.000000
-0.023552,0.340788,0.845468,0.007586,-0.011001,0.760741,0.648918,0.214727,-0.002693,-0.132510,0.434043,-0.505893,0.035548,-0.250506,-0.024451,-0.182104,0.077769,-0.151395,0.003230,-0.173358,0.006688,0.005210,0.273801,-0.670858,1.051230,1.570800,0.000000,0.000000,0.361262,-0.143247,0.150276,1.166942,-0.058113,0.000000,0.000000
-0.023309,0.349331,0.847297,0.007858,-0.010953,0.760914,0.648712,0.217139,-0.002725,-0.132625,0.446655,-0.497635,0.035849,-0.252767,-0.026853,-0.180572,0.103760,-0.154269,0.003184,-0.172491,0.006643,0.006669,0.272828,-0.671239,1.062071,1.570800,0.000000,0.000000,0.360163,-0.143207,0.148406,1.171113,-0.061775,0.000000,0.000000
-0.022667,0.358212,0.849027,0.007831,-0.010666,0.760879,0.648759,0.218251,-0.002647,-0.133534,0.462042,-0.490651,0.036314,-0.254789,-0.028407,-0.179136,0.129112,-0.158176,0.003263,-0.172786,0.006597,0.008802,0.270199,-0.670877,1.073357,1.570800,0.000000,0.000000,0.357763,-0.142644,0.146708,1.175940,-0.066918,0.000000,0.000000
-0.022134,0.367388,0.850461,0.007645,-0.010762,0.761243,0.648332,0.218476,-0.002072,-0.134397,0.479915,-0.482699,0.036945,-0.255805,-0.029251,-0.177835,0.153130,-0.162986,0.003445,-0.174250,0.006570,0.010840,0.266603,-0.668967,1.086745,1.570800,0.000000,0.000000,0.353918,-0.141675,0.143143,1.182160,-0.072325,0.000000,0.000000
-0.021548,0.376896,0.851790,0.007533,-0.010785,0.760683,0.648990,0.218276,-0.002241,-0.134386,0.500241,-0.473170,0.037250,-0.255880,-0.029148,-0.175064,0.176000,-0.168803,0.003585,-0.175650,0.006561,0.013033,0.263745,-0.664599,1.101295,1.570800,0.000000,0.000000,0.348791,-0.142420,0.139263,1.189203,-0.073051,0.000000,0.000000
-0.020691,0.386612,0.852918,0.007902,-0.010710,0.759200,0.650721,0.217980,-0.003250,-0.133336,0.521501,-0.460962,0.037123,-0.255099,-0.028293,-0.171578,0.196543,-0.175773,0.003679,-0.175855,0.006530,0.016711,0.261140,-0.659826,1.114084,1.570800,0.000000,0.000000,0.344255,-0.143639,0.139278,1.195218,-0.069428,0.000000,0.000000
-0.019879,0.396260,0.853960,0.008443,-0.010685,0.758396,0.651652,0.216765,-0.003466,-0.130415,0.546020,-0.444480,0.036936,-0.253451,-0.027856,-0.167495,0.217050,-0.182151,0.003587,-0.175374,0.006517,0.021128,0.260107,-0.658112,1.125957,1.570800,0.000000,0.000000,0.339849,-0.145100,0.141642,1.202016,-0.073163,0.000000,0.000000
-0.019727,0.405750,0.854788,0.008937,-0.010814,0.757171,0.653066,0.214714,-0.004143,-0.124587,0.572144,-0.423968,0.036049,-0.251353,-0.028119,-0.162956,0.235830,-0.186421,0.003249,-0.175318,0.006498,0.026634,0.259010,-0.655922,1.135907,1.570800,0.000000,0.000000,0.334544,-0.145580,0.143866,1.205745,-0.073826,0.000000,0.000000
-0.019805,0.415282,0.855586,0.009698,-0.010666,0.755941,0.654481,0.211515,-0.005421,-0.117410,0.600338,-0.400495,0.034676,-0.248627,-0.029331,-0.159207,0.254143,-0.191103,0.002828,-0.173078,0.006368,0.032863,0.257015,-0.653826,1.143985,1.570800,0.000000,0.000000,0.329262,-0.146156,0.147020,1.209898,-0.074175,0.000000,0.000000
-0.019809,0.425024,0.856323,0.011031,-0.010302,0.754433,0.656204,0.207622,-0.007240,-0.110051,0.629119,-0.377773,0.032999,-0.245046,-0.031241,-0.156451,0.271142,-0.197757,0.002353,-0.168869,0.006182,0.039088,0.254466,-0.652534,1.151114,1.570800,0.000000,0.000000,0.325619,-0.147418,0.149460,1.212710,-0.073959,0.000000,0.000000
-0.019879,0.434858,0.856970,0.012952,-0.009999,0.752731,0.658125,0.203152,-0.009922,-0.102361,0.660006,-0.353680,0.030907,-0.240268,-0.034007,-0.151767,0.287130,-0.207357,0.001319,-0.162978,0.005990,0.044908,0.250699,-0.652505,1.159817,1.570800,0.000000,0.000000,0.323367,-0.148732,0.147990,1.213250,-0.074992,0.000000,0.000000
-0.019997,0.444902,0.857546,0.014878,-0.009811,0.750282,0.660878,0.197740,-0.013475,-0.093161,0.694243,-0.323428,0.028176,-0.234416,-0.036927,-0.144723,0.303401,-0.218698,-0.000124,-0.155073,0.005725,0.050807,0.245135,-0.649747,1.170600,1.570800,0.000000,0.000000,0.321573,-0.150293,0.145405,1.212178,-0.079003,0.000000,0.000000
-0.020198,0.454820,0.857976,0.017269,-0.009691,0.746954,0.664581,0.192363,-0.018506,-0.083817,0.726758,-0.288592,0.024823,-0.228548,-0.039966,-0.137280,0.318817,-0.229437,-0.001702,-0.145500,0.005428,0.057375,0.239313,-0.644600,1.179343,1.570800,0.000000,0.000000,0.320510,-0.152337,0.145128,1.209103,-0.081472,0.000000,0.000000
-0.020211,0.464431,0.858255,0.019428,-0.009842,0.745085,0.666614,0.185546,-0.021277,-0.074542,0.759950,-0.251734,0.022122,-0.222127,-0.042676,-0.131643,0.332785,-0.240569,-0.002965,-0.136704,0.005178,0.063671,0.236982,-0.645704,1.183862,1.570800,0.000000,0.000000,0.320070,-0.154735,0.144262,1.204414,-0.078822,0.000000,0.000000
-0.019707,0.473872,0.858394,0.021218,-0.010424,0.743712,0.668082,0.177334,-0.021313,-0.065546,0.794268,-0.216532,0.020309,-0.214975,-0.043938,-0.125670,0.344823,-0.251779,-0.004021,-0.129253,0.005017,0.069196,0.236526,-0.651591,1.185446,1.570799,0.000000,0.000000,0.318802,-0.156026,0.140251,1.199301,-0.075844,0.000000,0.000000
-0.018551,0.483482,0.858455,0.022701,-0.011236,0.742355,0.669527,0.168317,-0.018717,-0.056213,0.828783,-0.184214,0.019251,-0.207117,-0.043558,-0.118027,0.355361,-0.263468,-0.005041,-0.121914,0.004782,0.075046,0.235159,-0.654059,1.188467,1.570753,0.000000,0.000000,0.316252,-0.155053,0.133604,1.195422,-0.079628,0.000000,0.000000
-0.017417,0.493261,0.858518,0.024356,-0.011903,0.740571,0.671431,0.159157,-0.016946,-0.047505,0.862342,-0.151739,0.018030,-0.198825,-0.042966,-0.109956,0.365284,-0.275154,-0.006108,-0.113896,0.004512,0.081933,0.234195,-0.656206,1.191061,1.570708,0.000000,0.000000,0.314246,-0.155154,0.131359,1.191257,-0.085550,0.000000,0.000000
-0.016560,0.503155,0.858582,0.026472,-0.012356,0.738448,0.673678,0.150019,-0.017621,-0.040512,0.895203,-0.119488,0.016340,-0.190250,-0.043435,-0.103428,0.375250,-0.286344,-0.007177,-0.105496,0.004192,0.090780,0.234894,-0.657681,1.187340,1.570664,0.000000,0.000000,0.314284,-0.157669,0.132510,1.181958,-0.085737,0.000000,0.000000
-0.014643,0.513250,0.858554,0.028381,-0.013180,0.736469,0.675747,0.140514,-0.014024,-0.029905,0.929017,-0.090267,0.015292,-0.180697,-0.042447,-0.096260,0.384290,-0.296412,-0.008038,-0.096328,0.003873,0.102348,0.236057,-0.648160,1.177048,1.570635,0.000000,0.000000,0.316300,-0.160947,0.134763,1.167374,-0.085313,0.000000,0.000000
-0.012096,0.523547,0.858465,0.030057,-0.014454,0.734145,0.678173,0.132010,-0.008050,-0.017738,0.958854,-0.082900,0.014808,-0.170988,-0.039361,-0.087881,0.390633,-0.306716,-0.008646,-0.088688,0.003644,0.113389,0.237147,-0.637710,1.170612,1.570610,0.000000,0.000000,0.316572,-0.163268,0.138336,1.157705,-0.084743,0.000000,0.000000
-0.009298,0.533631,0.858411,0.031649,-0.015707,0.732289,0.680077,0.123203,-0.000387,-0.005241,0.987240,-0.085961,0.014831,-0.160626,-0.035672,-0.079838,0.395228,-0.317620,-0.009078,-0.081684,0.003403,0.123457,0.238920,-0.629808,1.166066,1.570587,0.000000,0.000000,0.315193,-0.165128,0.141222,1.149876,-0.083804,0.000000,0.000000
-0.006521,0.543393,0.858439,0.033026,-0.016768,0.730619,0.681780,0.113496,0.008140,0.007633,1.014085,-0.096636,0.015069,-0.149606,-0.031820,-0.073272,0.397815,-0.328225,-0.009251,-0.073206,0.003118,0.132305,0.240906,-0.625951,1.162723,1.570556,0.000000,0.000000,0.314618,-0.167031,0.142322,1.138687,-0.083080,0.000000,0.000000
-0.003148,0.553263,0.858599,0.034106,-0.017619,0.726136,0.686478,0.103285,0.016096,0.023934,1.038719,-0.112478,0.014510,-0.138149,-0.026010,-0.062227,0.398204,-0.336153,-0.009713,-0.062124,0.002687,0.142319,0.242188,-0.616488,1.160412,1.570530,0.000000,0.000000,0.313203,-0.170482,0.151255,1.126101,-0.082123,0.000000,0.000000
-0.000214,0.563367,0.858667,0.035556,-0.018614,0.722811,0.689880,0.094149,0.022293,0.037029,1.057039,-0.125713,0.013960,-0.127000,-0.021640,-0.053519,0.399168,-0.342977,-0.010106,-0.051076,0.002297,0.152236,0.243714,-0.609295,1.156409,1.570502,0.000000,0.000000,0.311560,-0.174086,0.160280,1.112239,-0.081399,0.000000,0.000000
0.002646,0.573763,0.858716,0.037288,-0.019646,0.720717,0.691947,0.085070,0.028374,0.047307,1.071285,-0.139638,0.013860,-0.114814,-0.018389,-0.047899,0.399798,-0.350652,-0.010253,-0.040323,0.001886,0.161229,0.246284,-0.607506,1.151439,1.570472,0.000000,0.000000,0.309352,-0.177848,0.167074,1.096885,-0.087114,0.000000,0.000000
0.005284,0.584195,0.858792,0.039109,-0.020665,0.718945,0.693658,0.076159,0.034146,0.057078,1.081638,-0.153338,0.013742,-0.102029,-0.016132,-0.044665,0.399366,-0.358798,-0.010247,-0.029269,0.001483,0.169455,0.246794,-0.603957,1.149087,1.570444,0.000000,0.000000,0.305978,-0.180060,0.171630,1.089247,-0.098030,0.000000,0.000000
0.007996,0.594620,0.858927,0.040927,-0.021555,0.717206,0.695324,0.067474,0.039742,0.066381,1.087796,-0.167643,0.013635,-0.088926,-0.014147,-0.042193,0.397608,-0.366470,-0.010184,-0.017592,0.001084,0.177433,0.246600,-0.598537,1.146734,1.570406,0.000000,0.000000,0.302078,-0.180089,0.174210,1.083900,-0.096556,0.000000,0.000000
0.010081,0.604923,0.859155,0.042615,-0.022051,0.715477,0.696986,0.058749,0.042287,0.072210,1.088691,-0.179875,0.013232,-0.075864,-0.013059,-0.040072,0.394524,-0.372933,-0.010272,-0.006026,0.000692,0.184054,0.246902,-0.594916,1.145197,1.570368,0.000000,0.000000,0.299200,-0.179778,0.180776,1.072027,-0.094746,0.000000,0.000000
0.011379,0.615012,0.859534,0.044423,-0.021993,0.714251,0.698132,0.049658,0.040952,0.073891,1.084409,-0.191410,0.012430,-0.062852,-0.013993,-0.039426,0.390116,-0.378957,-0.010591,0.005504,0.000262,0.188742,0.248454,-0.595959,1.145126,1.570339,0.000000,0.000000,0.296891,-0.181035,0.186448,1.059491,-0.095082,0.000000,0.000000
0.012296,0.625072,0.860035,0.046379,-0.021599,0.712886,0.699412,0.040231,0.036872,0.073462,1.076067,-0.205126,0.011192,-0.049427,-0.016843,-0.041593,0.384459,-0.384246,-0.010914,0.018570,-0.000246,0.193860,0.249656,-0.596086,1.142959,1.570318,0.000000,0.000000,0.294825,-0.185829,0.185313,1.052639,-0.092047,0.000000,0.000000
0.013540,0.635156,0.860467,0.047947,-0.021463,0.710430,0.701805,0.031119,0.032650,0.073869,1.064772,-0.219012,0.009749,-0.036315,-0.018811,-0.041618,0.378123,-0.388925,-0.011366,0.031047,-0.000682,0.200535,0.248255,-0.587652,1.139267,1.570276,0.000000,0.000000,0.290637,-0.190473,0.179228,1.036492,-0.094443,0.000000,0.000000
0.015248,0.645350,0.860751,0.049012,-0.021584,0.707397,0.704785,0.022484,0.029942,0.074469,1.050856,-0.231992,0.008735,-0.023990,-0.018926,-0.038010,0.371825,-0.392984,-0.011950,0.042677,-0.001053,0.206948,0.246022,-0.577340,1.137996,1.570224,0.000000,0.000000,0.288100,-0.192867,0.173935,1.018688,-0.093854,0.000000,0.000000
0.016436,0.655201,0.861034,0.049945,-0.021541,0.704590,0.707527,0.013437,0.025702,0.072245,1.033113,-0.243383,0.007816,-0.012377,-0.019259,-0.032842,0.365344,-0.395673,-0.012829,0.054588,-0.001461,0.212144,0.243613,-0.567049,1.138933,1.570172,0.000000,0.000000,0.285377,-0.195767,0.175179,1.001265,-0.091824,0.000000,0.000000
0.017260,0.664287,0.861346,0.050692,-0.021101,0.702160,0.709899,0.003658,0.021377,0.074916,1.010150,-0.251861,0.005875,-0.001603,-0.020332,-0.029543,0.358468,-0.396907,-0.013597,0.064749,-0.001857,0.218103,0.241943,-0.554971,1.137505,1.570119,0.000000,0.000000,0.279819,-0.201112,0.180633,0.986613,-0.094636,0.000000,0.000000
0.018517,0.672966,0.861737,0.051039,-0.020205,0.699776,0.712250,-0.007024,0.017991,0.076737,0.984876,-0.260930,0.004401,0.008160,-0.021198,-0.026668,0.350223,-0.396501,-0.014253,0.073649,-0.002161,0.223976,0.241646,-0.543852,1.133206,1.570106,0.000000,0.000000,0.271237,-0.208649,0.190061,0.976253,-0.097954,0.000000,0.000000
0.018543,0.680974,0.862295,0.051179,-0.018920,0.697767,0.714244,-0.018581,0.010986,0.076642,0.953701,-0.264891,0.002217,0.016917,-0.023946,-0.025157,0.340416,-0.395092,-0.015143,0.082815,-0.002468,0.227375,0.240470,-0.535629,1.129482,1.570072,0.000000,0.000000,0.263911,-0.214961,0.194042,0.963907,-0.092402,0.000000,0.000000
0.019098,0.688909,0.862738,0.051270,-0.017833,0.695421,0.716549,-0.029788,0.005201,0.076401,0.920244,-0.268457,0.000490,0.025156,-0.026308,-0.023794,0.331433,-0.394437,-0.015908,0.092838,-0.002777,0.230742,0.238162,-0.528900,1.126262,1.570029,0.000000,0.000000,0.256612,-0.219581,0.197402,0.950828,-0.082451,0.000000,0.000000
0.019777,0.696799,0.863042,0.051002,-0.016643,0.692166,0.719742,-0.040756,0.000215,0.077872,0.883182,-0.272214,-0.001290,0.032445,-0.028230,-0.020990,0.323411,-0.393589,-0.016788,0.101899,-0.003080,0.236379,0.235115,-0.517037,1.121810,1.569975,0.000000,0.000000,0.246688,-0.225655,0.204465,0.938652,-0.076217,0.000000,0.000000
0.021215,0.704536,0.863153,0.050634,-0.015870,0.687493,0.724250,-0.050731,-0.002036,0.082603,0.845317,-0.274491,-0.002864,0.038814,-0.028286,-0.014658,0.317242,-0.392679,-0.017769,0.110597,-0.003412,0.243315,0.232193,-0.502130,1.117389,1.569922,0.000000,0.000000,0.235386,-0.232154,0.218041,0.927050,-0.072925,0.000000,0.000000
0.023018,0.712165,0.863097,0.049703,-0.015140,0.684626,0.727040,-0.061049,-0.001115,0.089270,0.806147,-0.279629,-0.003822,0.045314,-0.026706,-0.010330,0.310392,-0.393304,-0.018049,0.120123,-0.003723,0.248104,0.231764,-0.493803,1.113214,1.569886,0.000000,0.000000,0.225530,-0.236550,0.227249,0.914474,-0.068326,0.000000,0.000000
0.024573,0.719700,0.863077,0.048778,-0.014195,0.681996,0.729589,-0.071418,-0.000584,0.094765,0.765477,-0.285644,-0.004605,0.052038,-0.025601,-0.006328,0.302748,-0.393124,-0.018400,0.128778,-0.004040,0.252210,0.232158,-0.488391,1.109105,1.569865,0.000000,0.000000,0.215465,-0.240357,0.236053,0.902673,-0.061319,0.000000,0.000000
0.025471,0.727342,0.863142,0.047461,-0.012625,0.680302,0.731284,-0.082275,-0.002569,0.094058,0.721212,-0.285667,-0.004792,0.058687,-0.025229,-0.003166,0.293043,-0.391386,-0.018794,0.136591,-0.004404,0.255521,0.232688,-0.481777,1.103142,1.569857,0.000000,0.000000,0.204647,-0.244371,0.242758,0.890788,-0.057798,0.000000,0.000000
0.026198,0.735195,0.863138,0.045730,-0.010925,0.679454,0.732210,-0.092816,-0.004870,0.091417,0.674742,-0.279069,-0.004640,0.065107,-0.024631,-0.002139,0.282509,-0.389989,-0.018796,0.143201,-0.004700,0.257883,0.234088,-0.476425,1.097145,1.569856,0.000000,0.000000,0.194734,-0.248878,0.247862,0.878494,-0.057537,0.000000,0.000000
0.026830,0.743161,0.863005,0.044468,-0.009800,0.678461,0.733224,-0.101980,-0.007187,0.090248,0.625690,-0.270749,-0.004745,0.071778,-0.024278,-0.002675,0.273891,-0.389072,-0.018629,0.149376,-0.004945,0.260027,0.234561,-0.474610,1.093737,1.569844,0.000000,0.000000,0.185426,-0.253539,0.254115,0.865452,-0.054921,0.000000,0.000000
0.027820,0.751256,0.862640,0.043344,-0.008876,0.676979,0.734672,-0.109877,-0.008332,0.091653,0.575419,-0.265342,-0.004944,0.078187,-0.023804,-0.003322,0.267786,-0.389693,-0.018415,0.155579,-0.005214,0.262910,0.233134,-0.471316,1.090396,1.569813,0.000000,0.000000,0.175446,-0.258522,0.262167,0.851697,-0.050877,0.000000,0.000000
0.028737,0.759674,0.862102,0.042140,-0.007865,0.675249,0.736343,-0.116991,-0.009026,0.093680,0.524484,-0.260016,-0.005067,0.084523,-0.023925,-0.003615,0.262915,-0.391265,-0.018400,0.161890,-0.005466,0.266965,0.230109,-0.463828,1.087184,1.569765,0.000000,0.000000,0.164687,-0.263577,0.270203,0.838856,-0.049616,0.000000,0.000000
0.029395,0.768373,0.861502,0.040828,-0.006975,0.673788,0.737763,-0.123423,-0.009471,0.095280,0.473206,-0.252480,-0.004995,0.091331,-0.024548,-0.003105,0.257693,-0.391238,-0.018636,0.167394,-0.005699,0.271664,0.228086,-0.457519,1.084877,1.569721,0.000000,0.000000,0.153168,-0.268519,0.276934,0.828434,-0.050551,0.000000,0.000000
0.030506,0.776834,0.860842,0.039165,-0.006162,0.672775,0.738784,-0.129538,-0.008508,0.097482,0.420072,-0.243981,-0.004623,0.098210,-0.023488,-0.001378,0.251312,-0.390197,-0.018650,0.171742,-0.005878,0.274892,0.229902,-0.456148,1.080002,1.569707,0.000000,0.000000,0.141432,-0.273717,0.283080,0.818588,-0.052231,0.000000,0.000000
0.031648,0.785152,0.860109,0.037280,-0.005152,0.671394,0.740144,-0.135164,-0.007391,0.101776,0.364475,-0.235269,-0.004512,0.104782,-0.021826,0.001539,0.244603,-0.390246,-0.018694,0.175457,-0.006074,0.276237,0.233494,-0.454909,1.072956,1.569735,0.000000,0.000000,0.129489,-0.278800,0.291668,0.807850,-0.050957,0.000000,0.000000
0.032316,0.793817,0.859286,0.035190,-0.003923,0.669764,0.741730,-0.140264,-0.007267,0.107277,0.307909,-0.224771,-0.004761,0.111354,-0.021243,0.002437,0.237552,-0.392892,-0.018684,0.179643,-0.006307,0.277124,0.234269,-0.448346,1.068611,1.569747,0.000000,0.000000,0.116991,-0.283454,0.301425,0.798049,-0.048761,0.000000,0.000000
0.032914,0.802670,0.858823,0.033111,-0.002885,0.668372,0.743084,-0.144887,-0.007216,0.109977,0.252756,-0.211282,-0.004547,0.117926,-0.020850,0.001679,0.230841,-0.395461,-0.018461,0.183272,-0.006516,0.279436,0.232437,-0.441159,1.066525,1.569732,0.000000,0.000000,0.104239,-0.287143,0.310081,0.789054,-0.045398,0.000000,0.000000
0.033746,0.810088,0.859261,0.030649,-0.002337,0.666765,0.744634,-0.150398,-0.005614,0.112593,0.196694,-0.194627,-0.003937,0.120799,-0.018995,0.001712,0.232602,-0.399892,-0.018002,0.186652,-0.006712,0.281558,0.230437,-0.436964,1.064647,1.569698,0.000000,0.000000,0.090155,-0.289679,0.319821,0.780047,-0.042676,0.000000,0.000000
0.034566,0.817514,0.858411,0.027838,-0.001814,0.665034,0.746292,-0.156156,-0.003589,0.116504,0.140867,-0.178223,-0.003406,0.122740,-0.016449,0.003357,0.235818,-0.404470,-0.017628,0.190038,-0.006934,0.281963,0.230839,-0.436756,1.061617,1.569688,0.000000,0.000000,0.075099,-0.293265,0.331287,0.771826,-0.045348,0.000000,0.000000
0.035030,0.825276,0.856309,0.025019,-0.001312,0.663085,0.748125,-0.161521,-0.002332,0.119031,0.085543,-0.162083,-0.002809,0.124699,-0.014220,0.006757,0.239696,-0.410188,-0.017600,0.194038,-0.007149,0.281568,0.232333,-0.436082,1.060355,1.569696,0.000000,0.000000,0.060658,-0.297683,0.343635,0.765100,-0.049631,0.000000,0.000000
0.035771,0.833272,0.853148,0.022013,-0.000863,0.660927,0.750127,-0.166332,-0.000333,0.121828,0.031589,-0.146691,-0.002092,0.126687,-0.011734,0.010301,0.243824,-0.416919,-0.017533,0.198434,-0.007333,0.280910,0.233113,-0.433708,1.062528,1.569710,0.000000,0.000000,0.045794,-0.301380,0.355625,0.760349,-0.050117,0.000000,0.000000
0.036894,0.841484,0.849291,0.018987,-0.000343,0.659367,0.751581,-0.170776,0.002177,0.125934,-0.017450,-0.135218,-0.001435,0.128770,-0.008680,0.012665,0.248106,-0.423841,-0.017151,0.202280,-0.007565,0.280315,0.233253,-0.430982,1.064252,1.569717,0.000000,0.000000,0.030918,-0.304008,0.364866,0.756212,-0.050051,0.000000,0.000000
0.037904,0.850047,0.850018,0.016223,-0.000023,0.657823,0.752998,-0.173932,0.003834,0.129967,-0.017450,-0.129848,-0.001313,0.130535,-0.006475,0.014352,0.251673,-0.428911,-0.016866,0.205122,-0.007717,0.279688,0.232657,-0.429303,1.065982,1.569707,0.000000,0.000000,0.021012,-0.305307,0.369827,0.751527,-0.049971,0.000000,0.000000
0.038488,0.859064,0.850510,0.013620,0.000188,0.656189,0.754474,-0.177921,0.005531,0.134704,-0.017450,-0.124576,-0.001287,0.133318,-0.003999,0.016632,0.257340,-0.435956,-0.016617,0.209349,-0.007915,0.278396,0.233135,-0.430089,1.068580,1.569707,0.000000,0.000000,0.008522,-0.307363,0.375889,0.744825,-0.049102,0.000000,0.000000
0.039174,0.868303,0.850988,0.011277,0.000370,0.654134,0.756295,-0.181135,0.007346,0.138185,-0.017450,-0.120878,-0.001160,0.136385,-0.002086,0.019287,0.263575,-0.442617,-0.016573,0.213306,-0.008127,0.277692,0.234897,-0.432684,1.069764,1.569711,0.000000,0.000000,-0.003724,-0.310137,0.383032,0.740226,-0.049091,0.000000,0.000000
0.040072,0.877543,0.851359,0.009240,0.000487,0.652103,0.758074,-0.184081,0.009861,0.140780,-0.017450,-0.117215,-0.000855,0.139805,-0.000176,0.023381,0.270624,-0.448884,-0.016749,0.216443,-0.008307,0.277403,0.236678,-0.436091,1.071258,1.569719,0.000000,0.000000,-0.017152,-0.312488,0.391157,0.737284,-0.051242,0.000000,0.000000
0.040698,0.887068,0.851749,0.007495,0.000693,0.651039,0.759007,-0.186371,0.011421,0.141416,-0.017450,-0.113607,-0.000572,0.142844,0.001025,0.026568,0.276822,-0.453767,-0.016962,0.218106,-0.008421,0.277449,0.238109,-0.438082,1.072455,1.569728,0.000000,0.000000,-0.026977,-0.313660,0.396681,0.735084,-0.051594,0.000000,0.000000
0.041133,0.896836,0.851813,0.006103,0.000856,0.650271,0.759678,-0.189543,0.012759,0.141240,-0.017450,-0.111031,-0.000235,0.147431,0.002240,0.030564,0.286270,-0.460415,-0.017327,0.220169,-0.008549,0.277555,0.238744,-0.439629,1.074695,1.569740,0.000000,0.000000,-0.037521,-0.315438,0.403953,0.732062,-0.048130,0.000000,0.000000
0.041607,0.906743,0.851714,0.004963,0.001124,0.648784,0.760955,-0.192628,0.013272,0.141852,-0.017450,-0.113859,-0.000057,0.152093,0.002663,0.034355,0.296006,-0.466564,-0.017876,0.222952,-0.008721,0.276008,0.235722,-0.436880,1.079959,1.569720,0.000000,0.000000,-0.046020,-0.317771,0.410907,0.729812,-0.042980,0.000000,0.000000
0.042474,0.916766,0.851494,0.004337,0.001039,0.647178,0.762326,-0.195187,0.012563,0.148963,-0.017450,-0.115617,-0.000697,0.156523,0.002649,0.036533,0.305130,-0.469375,-0.018293,0.224961,-0.008827,0.274466,0.229927,-0.430693,1.087694,1.569674,0.000000,0.000000,-0.053212,-0.319233,0.416768,0.730458,-0.044007,0.000000,0.000000
0.043085,0.927181,0.851165,0.003779,0.001062,0.646220,0.763141,-0.198152,0.010228,0.156545,-0.017450,-0.119596,-0.001724,0.161527,0.002499,0.038923,0.315388,-0.471295,-0.018795,0.225759,-0.008840,0.273566,0.225803,-0.427510,1.095807,1.569641,0.000000,0.000000,-0.060984,-0.320546,0.420759,0.732897,-0.048816,0.000000,0.000000
0.043513,0.937857,0.850824,0.003114,0.001208,0.645115,0.764078,-0.201150,0.008110,0.160934,-0.017450,-0.126053,-0.002408,0.166397,0.002274,0.044051,0.325643,-0.473124,-0.019746,0.226341,-0.008818,0.272782,0.223365,-0.428313,1.103395,1.569609,0.000000,0.000000,-0.067760,-0.320896,0.421712,0.735764,-0.052473,0.000000,0.000000
0.043872,0.948637,0.850360,0.002563,0.001493,0.643245,0.765654,-0.204241,0.006503,0.163272,-0.017450,-0.135335,-0.002733,0.171300,0.000966,0.049464,0.335965,-0.472263,-0.021072,0.228144,-0.008844,0.272793,0.220119,-0.427951,1.109381,1.569578,0.000000,0.000000,-0.072719,-0.320400,0.421028,0.738153,-0.054752,0.000000,0.000000
0.044231,0.959511,0.849853,0.001924,0.001664,0.641585,0.767048,-0.207684,0.004737,0.165864,-0.017450,-0.144052,-0.003077,0.175915,-0.000231,0.053309,0.345657,-0.468264,-0.022153,0.231124,-0.008914,0.273273,0.217404,-0.426645,1.112585,1.569536,0.000000,0.000000,-0.075542,-0.320346,0.419279,0.741960,-0.057198,0.000000,0.000000
0.044514,0.970589,0.849250,0.001297,0.001522,0.641233,0.767344,-0.211363,0.001784,0.170250,-0.017450,-0.152421,-0.003791,0.180690,-0.000185,0.055966,0.355505,-0.462069,-0.022752,0.233267,-0.008935,0.272518,0.216122,-0.427186,1.116150,1.569519,0.000000,0.000000,-0.076320,-0.321322,0.415729,0.745862,-0.059486,0.000000,0.000000
0.045434,0.981638,0.848392,0.001167,0.001295,0.640219,0.768191,-0.214814,-0.000390,0.175770,-0.017450,-0.163000,-0.004481,0.185810,-0.000339,0.054701,0.365800,-0.452748,-0.022812,0.235366,-0.008957,0.271625,0.215416,-0.429123,1.120756,1.569511,0.000000,0.000000,-0.076053,-0.321844,0.413078,0.749684,-0.063621,0.000000,0.000000
0.045859,0.993183,0.847765,0.001012,0.001288,0.640399,0.768041,-0.217749,-0.002054,0.175402,-0.017450,-0.168589,-0.004646,0.190592,-0.000729,0.054757,0.375470,-0.444137,-0.023113,0.236651,-0.008955,0.271632,0.215092,-0.434961,1.123194,1.569498,0.000000,0.000000,-0.074427,-0.321711,0.408649,0.753275,-0.066318,0.000000,0.000000
0.046028,1.004856,0.847332,0.000970,0.001126,0.640995,0.767544,-0.220168,-0.003182,0.173843,-0.017450,-0.166260,-0.004732,0.194878,-0.001212,0.055547,0.384204,-0.434555,-0.023543,0.237476,-0.008947,0.272035,0.214063,-0.438000,1.124314,1.569481,0.000000,0.000000,-0.071233,-0.321275,0.402930,0.756131,-0.064833,0.000000,0.000000
0.046292,1.016378,0.847039,0.000918,0.000872,0.640833,0.767679,-0.222437,-0.003338,0.173156,-0.017450,-0.158153,-0.004851,0.199089,-0.002040,0.056777,0.392741,-0.423339,-0.024158,0.237670,-0.008894,0.272049,0.212415,-0.439155,1.126431,1.569473,0.000000,0.000000,-0.068036,-0.320756,0.397759,0.759984,-0.063828,0.000000,0.000000
0.046634,1.027347,0.846737,0.000757,0.000659,0.640681,0.767806,-0.225697,-0.002057,0.172238,-0.017450,-0.143264,-0.004927,0.203131,-0.002617,0.060116,0.408345,-0.406291,-0.025159,0.236984,-0.008792,0.271049,0.209648,-0.441194,1.131511,1.569450,0.000000,0.000000,-0.063624,-0.319764,0.391525,0.766789,-0.065453,0.000000,0.000000
0.046554,1.038335,0.846545,0.000547,0.000526,0.640796,0.767711,-0.228455,0.000116,0.169129,-0.017450,-0.128718,-0.004677,0.204425,-0.003091,0.064800,0.429566,-0.388835,-0.026407,0.236466,-0.008730,0.268890,0.205607,-0.439923,1.137026,1.569424,0.000000,0.000000,-0.058503,-0.318511,0.385514,0.773608,-0.068445,0.000000,0.000000
0.046564,1.049504,0.847075,0.000354,0.000400,0.640355,0.768079,-0.230254,0.003084,0.164695,-0.012073,-0.117208,-0.004179,0.203470,-0.004131,0.068322,0.454859,-0.371394,-0.027656,0.235986,-0.008601,0.266353,0.200165,-0.434604,1.142259,1.569388,0.000000,0.000000,-0.053310,-0.315837,0.379284,0.781339,-0.067905,0.000000,0.000000
0.046499,1.060934,0.849517,0.000476,-0.000128,0.640671,0.767815,-0.231147,0.005712,0.161025,0.012684,-0.111995,-0.003999,0.200934,-0.004917,0.070824,0.486000,-0.349993,-0.028705,0.234176,-0.008410,0.263653,0.195186,-0.431937,1.149098,1.569354,0.000000,0.000000,-0.046787,-0.312744,0.372346,0.792296,-0.065824,0.000000,0.000000
0.046394,1.072478,0.852079,0.000925,-0.000755,0.641666,0.766983,-0.231421,0.006678,0.159368,0.042759,-0.112858,-0.004397,0.197529,-0.005717,0.069141,0.519587,-0.321308,-0.029024,0.232246,-0.008229,0.260633,0.192317,-0.433197,1.156677,1.569344,0.000000,0.000000,-0.038413,-0.310284,0.363336,0.804786,-0.067219,0.000000,0.000000
0.046271,1.084157,0.854344,0.001335,-0.001396,0.642874,0.765969,-0.230953,0.006552,0.158157,0.071635,-0.113713,-0.004972,0.193538,-0.005803,0.066340,0.551686,-0.288603,-0.028840,0.230264,-0.008071,0.256645,0.189394,-0.435547,1.164880,1.569338,0.000000,0.000000,-0.029591,-0.307136,0.353323,0.814923,-0.070129,0.000000,0.000000
0.045624,1.095981,0.856265,0.001933,-0.002060,0.645136,0.764063,-0.229394,0.004721,0.154596,0.098545,-0.112977,-0.005548,0.188954,-0.006812,0.059034,0.585390,-0.244396,-0.028051,0.227211,-0.007848,0.252377,0.186662,-0.438563,1.173162,1.569337,0.000000,0.000000,-0.019420,-0.303992,0.342926,0.824532,-0.071184,0.000000,0.000000
0.044773,1.108082,0.857848,0.002528,-0.002637,0.648047,0.761591,-0.226251,0.002673,0.147243,0.121612,-0.116243,-0.005509,0.183762,-0.008693,0.049602,0.618990,-0.195672,-0.027019,0.222687,-0.007570,0.248211,0.184466,-0.443798,1.180700,1.569330,0.000000,0.000000,-0.006676,-0.300309,0.333432,0.835365,-0.067133,0.000000,0.000000
0.044034,1.120355,0.859098,0.003170,-0.003284,0.651528,0.758611,-0.221839,0.000910,0.137290,0.140653,-0.123351,-0.004855,0.178443,-0.010293,0.039801,0.651156,-0.150627,-0.025700,0.216784,-0.007313,0.243273,0.183959,-0.451394,1.187130,1.569348,0.000000,0.000000,0.006624,-0.296444,0.325406,0.847404,-0.060307,0.000000,0.000000
0.043682,1.132562,0.860260,0.003823,-0.004522,0.655104,0.755516,-0.216138,0.000089,0.126987,0.159528,-0.131979,-0.003904,0.172290,-0.010894,0.029667,0.686561,-0.106647,-0.023893,0.208495,-0.006927,0.238098,0.185976,-0.460637,1.194694,1.569394,0.000000,0.000000,0.020021,-0.292150,0.318095,0.859589,-0.055243,0.000000,0.000000
0.043445,1.144791,0.861286,0.004558,-0.006344,0.658520,0.752523,-0.209377,-0.000051,0.117744,0.177489,-0.139402,-0.002921,0.165418,-0.010759,0.021766,0.723913,-0.067581,-0.022197,0.198620,-0.006542,0.234185,0.189293,-0.471640,1.202729,1.569454,0.000000,0.000000,0.033498,-0.287264,0.310721,0.870041,-0.051686,0.000000,0.000000
0.043088,1.157115,0.862190,0.005344,-0.008388,0.662080,0.749367,-0.201524,-0.000137,0.107835,0.193819,-0.147397,-0.001769,0.157815,-0.010191,0.015980,0.761954,-0.031654,-0.020701,0.188648,-0.006204,0.231483,0.191747,-0.479032,1.207301,1.569500,0.000000,0.000000,0.046992,-0.281849,0.303972,0.880254,-0.048511,0.000000,0.000000
0.041966,1.169662,0.862948,0.006269,-0.010390,0.665545,0.746259,-0.192549,-0.001119,0.096851,0.207451,-0.156422,-0.000566,0.149796,-0.012000,0.010423,0.798772,-0.001942,-0.019977,0.178250,-0.005835,0.229647,0.193340,-0.482453,1.208338,1.569529,0.000000,0.000000,0.059520,-0.276176,0.298020,0.890429,-0.044249,0.000000,0.000000
0.041059,1.181439,0.863508,0.007512,-0.011933,0.668346,0.743717,-0.183022,-0.002785,0.085584,0.220330,-0.166804,0.000575,0.140728,-0.017245,-0.005365,0.840200,0.045807,-0.018310,0.167930,-0.005485,0.228005,0.189986,-0.473608,1.205110,1.569536,0.000000,0.000000,0.072248,-0.269618,0.292193,0.900376,-0.031894,0.000000,0.000000
0.038978,1.193891,0.863829,0.009276,-0.013495,0.671411,0.740904,-0.172764,-0.006499,0.075563,0.230906,-0.176962,0.001140,0.132189,-0.023879,-0.014952,0.874819,0.072339,-0.018264,0.155952,-0.005055,0.227061,0.188282,-0.475735,1.202800,1.569526,0.000000,0.000000,0.084588,-0.264469,0.291287,0.908820,-0.022883,0.000000,0.000000
0.036842,1.206273,0.864082,0.011082,-0.014714,0.674644,0.737914,-0.161629,-0.011238,0.066170,0.239893,-0.185968,0.001412,0.123461,-0.031904,-0.028179,0.908252,0.093161,-0.018001,0.144226,-0.004625,0.225441,0.188815,-0.483768,1.200036,1.569532,0.000000,0.000000,0.097559,-0.258949,0.291992,0.917717,-0.017137,0.000000,0.000000
0.034656,1.218713,0.864275,0.012769,-0.015800,0.678193,0.734603,-0.150094,-0.016237,0.057292,0.247241,-0.194825,0.001571,0.114750,-0.040199,-0.043001,0.937919,0.106168,-0.017580,0.132355,-0.004181,0.222079,0.191596,-0.490963,1.198363,1.569568,0.000000,0.000000,0.110690,-0.253880,0.290013,0.923275,-0.017018,0.000000,0.000000
0.032531,1.231311,0.864495,0.014019,-0.017194,0.681417,0.731559,-0.138610,-0.020047,0.049790,0.252761,-0.204320,0.001798,0.106444,-0.046999,-0.054720,0.961366,0.108281,-0.017342,0.121051,-0.003854,0.217542,0.194609,-0.495898,1.199816,1.569624,0.000000,0.000000,0.123218,-0.251518,0.285885,0.924804,-0.025364,0.000000,0.000000
0.030729,1.243991,0.864726,0.015242,-0.019140,0.684773,0.728346,-0.125833,-0.023000,0.042845,0.258150,-0.213866,0.002124,0.098059,-0.051657,-0.063738,0.981969,0.099336,-0.017011,0.109490,-0.003456,0.213317,0.197874,-0.502406,1.198605,1.569677,0.000000,0.000000,0.137094,-0.250221,0.281872,0.928977,-0.033007,0.000000,0.000000
0.028887,1.256940,0.864915,0.016404,-0.020872,0.688415,0.724831,-0.112074,-0.026236,0.034307,0.262503,-0.223288,0.002627,0.089471,-0.055152,-0.071085,0.999315,0.080710,-0.016690,0.096936,-0.003000,0.209230,0.201922,-0.506024,1.192595,1.569746,0.000000,0.000000,0.151814,-0.248264,0.278519,0.936250,-0.035074,0.000000,0.000000
0.026877,1.270107,0.864982,0.017672,-0.022380,0.692213,0.721130,-0.098349,-0.030058,0.024638,0.265894,-0.232022,0.003167,0.081309,-0.058149,-0.076912,1.011998,0.058579,-0.016518,0.084168,-0.002534,0.205377,0.205161,-0.505924,1.186050,1.569809,0.000000,0.000000,0.166340,-0.244767,0.275736,0.944223,-0.036020,0.000000,0.000000
0.024933,1.283332,0.865011,0.018885,-0.024150,0.695295,0.718070,-0.084333,-0.033388,0.014969,0.268773,-0.239563,0.003813,0.073191,-0.060293,-0.079751,1.020370,0.034464,-0.016641,0.071408,-0.002067,0.201581,0.207900,-0.506758,1.180648,1.569864,0.000000,0.000000,0.180930,-0.241072,0.274825,0.950729,-0.037853,0.000000,0.000000
0.022978,1.296444,0.865016,0.020043,-0.026284,0.698180,0.715159,-0.069706,-0.036014,0.005229,0.271345,-0.246802,0.004625,0.064968,-0.062557,-0.083306,1.025601,0.008559,-0.016686,0.058306,-0.001591,0.196432,0.211328,-0.510339,1.176714,1.569933,0.000000,0.000000,0.195764,-0.237948,0.276088,0.957141,-0.037188,0.000000,0.000000
0.020671,1.309497,0.864936,0.021269,-0.028395,0.701791,0.711499,-0.055222,-0.038609,-0.003961,0.273386,-0.254549,0.005355,0.057385,-0.067169,-0.092595,1.028553,-0.018437,-0.016384,0.045524,-0.001147,0.190818,0.216833,-0.516268,1.172685,1.570009,0.000000,0.000000,0.210228,-0.235273,0.276030,0.962916,-0.035210,0.000000,0.000000
0.020090,1.322178,0.864933,0.022095,-0.030452,0.705357,0.707853,-0.041133,-0.038546,-0.011557,0.274487,-0.263448,0.006476,0.048849,-0.065127,-0.094970,1.027652,-0.041360,-0.015323,0.033441,-0.000720,0.186147,0.223536,-0.522182,1.164649,1.570104,0.000000,0.000000,0.224843,-0.231709,0.274156,0.968444,-0.035945,0.000000,0.000000
0.019702,1.334471,0.864990,0.022566,-0.032541,0.707718,0.705384,-0.027260,-0.037062,-0.016876,0.274280,-0.272262,0.007581,0.039397,-0.061767,-0.095351,1.023071,-0.062994,-0.014203,0.022561,-0.000383,0.181119,0.229963,-0.524265,1.155328,1.570210,0.000000,0.000000,0.238346,-0.227549,0.274185,0.974396,-0.038891,0.000000,0.000000
0.018117,1.346588,0.864921,0.023153,-0.034428,0.709566,0.703416,-0.013398,-0.037084,-0.020955,0.273322,-0.279533,0.008134,0.029760,-0.062709,-0.097720,1.015746,-0.084774,-0.013973,0.012083,-0.000044,0.175408,0.235689,-0.523400,1.146821,1.570313,0.000000,0.000000,0.251009,-0.222587,0.275185,0.981777,-0.040437,0.000000,0.000000
0.017626,1.358180,0.864773,0.023675,-0.035924,0.711541,0.701326,0.000006,-0.036494,-0.023404,0.272212,-0.285651,0.008595,0.019007,-0.060669,-0.096993,1.003174,-0.108936,-0.013419,0.001671,0.000268,0.169486,0.242556,-0.521618,1.136405,1.570436,0.000000,0.000000,0.262966,-0.216471,0.274022,0.991508,-0.039743,0.000000,0.000000
0.016654,1.369338,0.864588,0.023798,-0.037041,0.713401,0.699372,0.012286,-0.036086,-0.024020,0.270407,-0.290191,0.008735,0.007631,-0.059799,-0.097166,0.987355,-0.131984,-0.013033,-0.008194,0.000545,0.164434,0.248956,-0.519138,1.124166,1.570551,0.000000,0.000000,0.274144,-0.211385,0.273004,0.999734,-0.041416,0.000000,0.000000
0.015858,1.379876,0.864478,0.023457,-0.038032,0.715703,0.696974,0.023319,-0.034750,-0.025021,0.267935,-0.293415,0.009174,-0.004559,-0.058291,-0.099957,0.968665,-0.152931,-0.011888,-0.018417,0.000868,0.159145,0.255825,-0.517123,1.111508,1.570678,0.000000,0.000000,0.285481,-0.207691,0.271747,1.004820,-0.047412,0.000000,0.000000
0.015281,1.389766,0.864393,0.023056,-0.038817,0.718746,0.693805,0.033208,-0.032799,-0.028407,0.265255,-0.296839,0.010137,-0.017700,-0.055862,-0.103889,0.946746,-0.175088,-0.010194,-0.029250,0.001206,0.151356,0.263592,-0.518351,1.099433,1.570800,0.000000,0.000000,0.296020,-0.203895,0.268816,1.011639,-0.055050,0.000000,0.000000
0.014924,1.399108,0.864273,0.022482,-0.039319,0.721702,0.690721,0.041627,-0.030646,-0.032108,0.262883,-0.301645,0.011207,-0.031117,-0.052869,-0.107709,0.921795,-0.194186,-0.008333,-0.039630,0.001546,0.142481,0.272349,-0.521996,1.085742,1.570800,0.000000,0.000000,0.305129,-0.199873,0.267775,1.020052,-0.063736,0.000000,0.000000
0.014925,1.408173,0.864095,0.021630,-0.039436,0.724273,0.688045,0.048974,-0.028302,-0.034542,0.260620,-0.306545,0.012135,-0.044603,-0.049231,-0.111786,0.892479,-0.208299,-0.006225,-0.049174,0.001844,0.133143,0.280511,-0.522373,1.071583,1.570800,0.000000,0.000000,0.312742,-0.195769,0.267198,1.028836,-0.069923,0.000000,0.000000
0.014781,1.417354,0.863764,0.020876,-0.039163,0.726699,0.685521,0.055931,-0.026650,-0.036726,0.258811,-0.310530,0.012853,-0.057714,-0.046924,-0.116007,0.859827,-0.221927,-0.004539,-0.058619,0.002121,0.123767,0.285883,-0.519570,1.059501,1.570800,0.000000,0.000000,0.319148,-0.191808,0.264429,1.036817,-0.065171,0.000000,0.000000
0.013940,1.426695,0.863260,0.020278,-0.038919,0.729362,0.682719,0.062808,-0.026138,-0.040116,0.258268,-0.312897,0.013490,-0.069999,-0.047379,-0.122883,0.824973,-0.236882,-0.003189,-0.068716,0.002480,0.115028,0.291390,-0.517038,1.046106,1.570800,0.000000,0.000000,0.326001,-0.188599,0.258861,1.042074,-0.050954,0.000000,0.000000
0.013622,1.436137,0.862765,0.019625,-0.038497,0.732198,0.679720,0.069714,-0.025074,-0.043058,0.256749,-0.316950,0.014197,-0.081814,-0.047125,-0.131766,0.786963,-0.244835,-0.001248,-0.078259,0.002798,0.105718,0.298184,-0.516253,1.031687,1.570800,0.000000,0.000000,0.332421,-0.185919,0.253050,1.049284,-0.045124,0.000000,0.000000
0.013911,1.445771,0.862167,0.018919,-0.038047,0.734541,0.677233,0.076788,-0.022888,-0.042056,0.255753,-0.321921,0.014578,-0.093026,-0.044924,-0.140203,0.746935,-0.245921,0.001100,-0.087884,0.003120,0.096708,0.304829,-0.514440,1.017521,1.570800,0.000000,0.000000,0.338809,-0.184176,0.252026,1.056390,-0.049727,0.000000,0.000000
0.014324,1.455478,0.861597,0.018100,-0.037527,0.736376,0.675289,0.084076,-0.020214,-0.041931,0.253644,-0.326797,0.015202,-0.104129,-0.042096,-0.148190,0.703536,-0.244812,0.003405,-0.097681,0.003460,0.088400,0.311729,-0.512418,1.002144,1.570800,0.000000,0.000000,0.345436,-0.182321,0.252930,1.061790,-0.047594,0.000000,0.000000
0.014461,1.465165,0.861024,0.017289,-0.036927,0.738358,0.673175,0.091563,-0.017766,-0.043001,0.250586,-0.330480,0.015956,-0.114591,-0.039848,-0.155910,0.657634,-0.243530,0.005335,-0.106297,0.003769,0.079924,0.318737,-0.512767,0.985605,1.570800,0.000000,0.000000,0.352007,-0.180284,0.252087,1.066702,-0.040777,0.000000,0.000000
0.014368,1.474973,0.860374,0.016449,-0.035846,0.740994,0.670353,0.099098,-0.016322,-0.047133,0.246319,-0.332189,0.016935,-0.124279,-0.038789,-0.163662,0.608932,-0.242057,0.006767,-0.114666,0.004048,0.070745,0.324655,-0.512545,0.968644,1.570800,0.000000,0.000000,0.357286,-0.177588,0.250879,1.074341,-0.047629,0.000000,0.000000
0.014803,1.485119,0.859664,0.015400,-0.034196,0.743787,0.667364,0.106704,-0.015035,-0.053403,0.240439,-0.331685,0.018225,-0.133301,-0.037143,-0.172228,0.555202,-0.238163,0.008327,-0.123445,0.004341,0.061109,0.331661,-0.512595,0.950042,1.570800,0.000000,0.000000,0.362045,-0.175112,0.249270,1.081567,-0.061051,0.000000,0.000000
0.014757,1.495454,0.858794,0.014628,-0.032730,0.746383,0.664550,0.114482,-0.014272,-0.056170,0.235533,-0.333926,0.018844,-0.140976,-0.036740,-0.179956,0.501961,-0.235395,0.009212,-0.130713,0.004615,0.051290,0.338044,-0.515249,0.932387,1.570800,0.000000,0.000000,0.368298,-0.173417,0.244186,1.084520,-0.065823,0.000000,0.000000
0.014624,1.505196,0.857441,0.014193,-0.031067,0.749142,0.661528,0.120624,-0.013822,-0.056537,0.235959,-0.341125,0.019001,-0.148649,-0.037256,-0.189698,0.446889,-0.228382,0.010069,-0.137694,0.004915,0.040954,0.343503,-0.519725,0.915478,1.570800,0.000000,0.000000,0.375025,-0.172150,0.236016,1.085988,-0.066768,0.000000,0.000000
0.014938,1.514301,0.855640,0.013737,-0.028728,0.751373,0.659109,0.124116,-0.014045,-0.058091,0.240965,-0.351357,0.019155,-0.157082,-0.037547,-0.198907,0.389428,-0.214727,0.010756,-0.144765,0.005210,0.029290,0.348095,-0.522612,0.900312,1.570800,0.000000,0.000000,0.379910,-0.171746,0.228754,1.088811,-0.068572,0.000000,0.000000
0.015652,1.523627,0.857814,0.013183,-0.026315,0.753714,0.656543,0.127050,-0.013731,-0.060785,0.246783,-0.361344,0.019635,-0.164922,-0.036956,-0.207285,0.329440,-0.197987,0.011379,-0.151364,0.005505,0.016108,0.353036,-0.525612,0.885305,1.570800,0.000000,0.000000,0.383482,-0.170945,0.222898,1.092958,-0.069249,0.000000,0.000000
0.016210,1.533192,0.859417,0.012356,-0.023702,0.756363,0.653606,0.129761,-0.013065,-0.062882,0.252387,-0.371890,0.020108,-0.171743,-0.036460,-0.215340,0.266116,-0.184952,0.011636,-0.158192,0.005807,0.002979,0.357859,-0.527914,0.870532,1.570800,0.000000,0.000000,0.386254,-0.169522,0.215824,1.096997,-0.064773,0.000000,0.000000
0.016846,1.543195,0.859319,0.011775,-0.021247,0.758653,0.651042,0.132941,-0.012309,-0.064230,0.258927,-0.382935,0.020489,-0.177500,-0.035598,-0.222684,0.202684,-0.169515,0.011699,-0.164079,0.006085,-0.009701,0.362625,-0.529986,0.856449,1.570800,0.000000,0.000000,0.389426,-0.168610,0.208544,1.100130,-0.063427,0.000000,0.000000
0.017569,1.553574,0.857554,0.011301,-0.018898,0.760709,0.648720,0.136512,-0.011407,-0.064772,0.266158,-0.392607,0.020803,-0.182138,-0.034679,-0.227091,0.139496,-0.156226,0.011183,-0.168717,0.006311,-0.022333,0.367168,-0.533770,0.843539,1.570800,0.000000,0.000000,0.392718,-0.167095,0.201516,1.103766,-0.067517,0.000000,0.000000
0.017848,1.564215,0.854052,0.010810,-0.016505,0.762743,0.646401,0.140250,-0.011223,-0.065774,0.273767,-0.402390,0.021002,-0.186210,-0.034566,-0.231418,0.074802,-0.143424,0.010303,-0.172758,0.006501,-0.034395,0.370691,-0.538131,0.830177,1.570800,0.000000,0.000000,0.396351,-0.165493,0.193431,1.106555,-0.072545,0.000000,0.000000
0.018024,1.575078,0.848905,0.010226,-0.014067,0.764866,0.643955,0.143933,-0.010974,-0.067163,0.281416,-0.412065,0.021284,-0.189888,-0.034532,-0.236847,0.010292,-0.131925,0.009397,-0.176826,0.006686,-0.046023,0.373362,-0.541590,0.817394,1.570800,0.000000,0.000000,0.399651,-0.164750,0.185627,1.108959,-0.078411,0.000000,0.000000
0.018043,1.585961,0.846670,0.009938,-0.011612,0.767041,0.641416,0.146434,-0.010879,-0.067325,0.286405,-0.417711,0.021351,-0.192248,-0.034986,-0.241658,-0.017450,-0.126822,0.009067,-0.179575,0.006767,-0.052975,0.374749,-0.542596,0.809669,1.570800,0.000000,0.000000,0.401503,-0.164932,0.180257,1.110988,-0.083588,0.000000,0.000000
0.017968,1.596765,0.847050,0.010046,-0.009214,0.769103,0.638979,0.150709,-0.011113,-0.067340,0.295002,-0.427310,0.021317,-0.196324,-0.036764,-0.249935,-0.017450,-0.119799,0.008829,-0.183541,0.006948,-0.063892,0.377300,-0.544537,0.797197,1.570800,0.000000,0.000000,0.404777,-0.166274,0.172688,1.114736,-0.095387,0.000000,0.000000
0.018777,1.607832,0.847273,0.009733,-0.007362,0.769013,0.639117,0.155084,-0.010877,-0.065617,0.303683,-0.437027,0.021145,-0.200328,-0.036694,-0.252862,-0.017450,-0.114495,0.008674,-0.185257,0.007096,-0.072495,0.379616,-0.544104,0.786997,1.570800,0.000000,0.000000,0.407264,-0.166671,0.169941,1.118523,-0.105041,0.000000,0.000000
0.019589,1.619172,0.847224,0.009461,-0.005689,0.769207,0.638905,0.160695,-0.009893,-0.063329,0.314891,-0.447209,0.021075,-0.205126,-0.036083,-0.255184,-0.017450,-0.110701,0.008590,-0.186227,0.007278,-0.082271,0.382717,-0.542609,0.775568,1.570800,0.000000,0.000000,0.409664,-0.164689,0.165514,1.123132,-0.111193,0.000000,0.000000
0.019979,1.630667,0.847092,0.009549,-0.004036,0.770167,0.637758,0.166330,-0.008869,-0.062402,0.326373,-0.456318,0.021225,-0.209558,-0.036364,-0.259873,-0.017450,-0.109802,0.008619,-0.186683,0.007365,-0.091965,0.386459,-0.543903,0.764835,1.570800,0.000000,0.000000,0.412667,-0.162366,0.159041,1.126424,-0.112428,0.000000,0.000000
0.020087,1.642290,0.846874,0.009932,-0.002434,0.771154,0.636567,0.171992,-0.008732,-0.063201,0.337983,-0.464566,0.021426,-0.213701,-0.037101,-0.266228,-0.017450,-0.111668,0.008749,-0.186743,0.007377,-0.100095,0.387995,-0.545066,0.756172,1.570800,0.000000,0.000000,0.415751,-0.161474,0.151480,1.129207,-0.113518,0.000000,0.000000
0.020215,1.654022,0.846592,0.010244,-0.001068,0.771671,0.635938,0.177346,-0.008735,-0.064813,0.348978,-0.470294,0.021748,-0.217547,-0.037995,-0.269598,-0.017450,-0.114180,0.008628,-0.187204,0.007452,-0.105947,0.388426,-0.545604,0.749450,1.570800,0.000000,0.000000,0.417505,-0.160934,0.147955,1.131999,-0.112398,0.000000,0.000000
0.020180,1.666137,0.846251,0.010427,-0.000163,0.772813,0.634549,0.182789,-0.007440,-0.068006,0.360383,-0.475500,0.022690,-0.220669,-0.039354,-0.272575,-0.017450,-0.116243,0.008465,-0.187729,0.007535,-0.111377,0.389990,-0.548071,0.743716,1.570800,0.000000,0.000000,0.419498,-0.159455,0.145965,1.135442,-0.107529,0.000000,0.000000
0.019734,1.678512,0.845776,0.010535,0.000307,0.774825,0.632088,0.188424,-0.004925,-0.072514,0.372273,-0.478846,0.024208,-0.223283,-0.041276,-0.277497,-0.017450,-0.119446,0.008427,-0.188618,0.007558,-0.115862,0.390682,-0.549679,0.739397,1.570800,0.000000,0.000000,0.422435,-0.157119,0.140479,1.139026,-0.104226,0.000000,0.000000
0.019228,1.691079,0.845129,0.010802,0.000467,0.776490,0.630037,0.194486,-0.002533,-0.077906,0.385188,-0.479608,0.025901,-0.225618,-0.043613,-0.280615,-0.017450,-0.124515,0.008213,-0.190424,0.007619,-0.119267,0.390214,-0.550435,0.736259,1.570800,0.000000,0.000000,0.425046,-0.154664,0.133616,1.142672,-0.102761,0.000000,0.000000
0.018974,1.703972,0.844385,0.011121,0.000362,0.777372,0.628942,0.200591,-0.000909,-0.084018,0.398222,-0.478214,0.027557,-0.227824,-0.045392,-0.280847,-0.017450,-0.129504,0.007855,-0.191689,0.007667,-0.121266,0.389812,-0.551704,0.734294,1.570800,0.000000,0.000000,0.427390,-0.152241,0.128863,1.146213,-0.101883,0.000000,0.000000
0.018945,1.717213,0.843442,0.011361,-0.000227,0.777750,0.628471,0.207208,0.001439,-0.088453,0.412221,-0.475297,0.029210,-0.229845,-0.046078,-0.280023,-0.017450,-0.136310,0.007575,-0.192126,0.007634,-0.121064,0.389339,-0.549545,0.734051,1.570800,0.000000,0.000000,0.429190,-0.149841,0.125181,1.150479,-0.100912,0.000000,0.000000
0.018978,1.730578,0.842002,0.011746,-0.001254,0.777924,0.628247,0.214548,0.004603,-0.091164,0.427631,-0.469364,0.030895,-0.232411,-0.046697,-0.277006,-0.017450,-0.148344,0.006970,-0.192506,0.007613,-0.118216,0.387984,-0.543883,0.735999,1.570800,0.000000,0.000000,0.429901,-0.147585,0.121647,1.156296,-0.098059,0.000000,0.000000
0.019121,1.744290,0.840980,0.011882,-0.002152,0.778208,0.627890,0.220801,0.007659,-0.092898,0.440728,-0.460587,0.032371,-0.233880,-0.047117,-0.272129,-0.017450,-0.156812,0.006328,-0.192887,0.007598,-0.115840,0.387298,-0.539520,0.739528,1.570800,0.000000,0.000000,0.429685,-0.145922,0.118929,1.161413,-0.094703,0.000000,0.000000
0.019340,1.758195,0.840115,0.012148,-0.003295,0.777916,0.628242,0.226712,0.009786,-0.094243,0.452868,-0.450801,0.033512,-0.234838,-0.047112,-0.265822,-0.017450,-0.157742,0.005781,-0.192912,0.007593,-0.113586,0.387574,-0.536787,0.744752,1.570800,0.000000,0.000000,0.429585,-0.145321,0.120636,1.167081,-0.096851,0.000000,0.000000
0.019419,1.772315,0.839347,0.012375,-0.004725,0.776248,0.630289,0.233291,0.010619,-0.095241,0.466354,-0.438615,0.034254,-0.236075,-0.046022,-0.259817,-0.017450,-0.148023,0.005654,-0.191445,0.007531,-0.110647,0.388057,-0.533365,0.751585,1.570800,0.000000,0.000000,0.429872,-0.146820,0.129570,1.174086,-0.115063,0.000000,0.000000
0.019323,1.785852,0.838651,0.012846,-0.006056,0.774547,0.632358,0.238556,0.010596,-0.095164,0.487708,-0.424385,0.034606,-0.237715,-0.045844,-0.254036,-0.017450,-0.129707,0.005671,-0.189822,0.007381,-0.105113,0.385773,-0.525625,0.760464,1.570800,0.000000,0.000000,0.428685,-0.146129,0.131704,1.180191,-0.120023,0.000000,0.000000
0.019243,1.798809,0.837673,0.013821,-0.007556,0.773477,0.633628,0.240865,0.009940,-0.095108,0.520946,-0.406913,0.034836,-0.239522,-0.047987,-0.247348,-0.017450,-0.109111,0.005415,-0.187262,0.007221,-0.098179,0.381180,-0.518211,0.771498,1.570800,0.000000,0.000000,0.427417,-0.144082,0.132487,1.186331,-0.122947,0.000000,0.000000
0.019751,1.811759,0.840087,0.015050,-0.009516,0.772960,0.634204,0.240083,0.010396,-0.094886,0.560101,-0.387261,0.035382,-0.240941,-0.050640,-0.239141,0.011442,-0.092918,0.005210,-0.184625,0.007044,-0.091680,0.375518,-0.515595,0.784572,1.570800,0.000000,0.000000,0.426783,-0.141666,0.131061,1.192430,-0.126363,0.000000,0.000000
0.020605,1.824966,0.843199,0.016297,-0.011532,0.773055,0.634025,0.237192,0.012192,-0.095027,0.599934,-0.366454,0.036344,-0.241121,-0.053243,-0.228339,0.047961,-0.082463,0.004702,-0.182329,0.006912,-0.086081,0.369661,-0.517498,0.799074,1.570800,0.000000,0.000000,0.425711,-0.139267,0.127635,1.198941,-0.128014,0.000000,0.000000
0.021494,1.838440,0.846140,0.017714,-0.013572,0.772371,0.634780,0.233061,0.013669,-0.093269,0.642640,-0.339987,0.036798,-0.240073,-0.055085,-0.213850,0.086145,-0.078679,0.003692,-0.179607,0.006775,-0.079292,0.363194,-0.517823,0.815316,1.570800,0.000000,0.000000,0.423614,-0.137319,0.127215,1.206856,-0.130476,0.000000,0.000000
0.022360,1.852077,0.848514,0.019198,-0.015786,0.770907,0.636462,0.228210,0.015783,-0.086398,0.686383,-0.306268,0.036402,-0.238002,-0.055070,-0.199675,0.122820,-0.081865,0.002742,-0.177272,0.006651,-0.070350,0.357045,-0.514114,0.832701,1.570800,0.000000,0.000000,0.420815,-0.136684,0.129736,1.213951,-0.133374,0.000000,0.000000
0.023274,1.865750,0.850556,0.020701,-0.017888,0.769078,0.638569,0.222390,0.018637,-0.075609,0.731197,-0.264015,0.035340,-0.234947,-0.053713,-0.186847,0.158566,-0.089249,0.002000,-0.175582,0.006519,-0.059233,0.351753,-0.507939,0.850590,1.570800,0.000000,0.000000,0.416778,-0.137107,0.132879,1.220336,-0.133475,0.000000,0.000000
0.024191,1.879370,0.852158,0.022093,-0.019765,0.766678,0.641347,0.215783,0.020664,-0.064089,0.773919,-0.216744,0.033683,-0.230923,-0.051554,-0.174091,0.189830,-0.097802,0.001142,-0.173126,0.006382,-0.047243,0.346483,-0.500094,0.868476,1.570800,0.000000,0.000000,0.411670,-0.137870,0.137216,1.225883,-0.130509,0.000000,0.000000
0.025235,1.892911,0.853400,0.023616,-0.021567,0.763694,0.644786,0.208447,0.021828,-0.052979,0.814800,-0.170389,0.031683,-0.225644,-0.048724,-0.160875,0.216491,-0.107358,0.000158,-0.168510,0.006187,-0.035136,0.340116,-0.492687,0.886948,1.570800,0.000000,0.000000,0.405829,-0.139633,0.143836,1.229710,-0.128563,0.000000,0.000000
0.026233,1.906296,0.854442,0.025623,-0.023098,0.760585,0.648322,0.200514,0.022399,-0.042236,0.853298,-0.131382,0.029505,-0.219048,-0.046639,-0.149818,0.239309,-0.119104,-0.000824,-0.161829,0.005899,-0.023421,0.333848,-0.489245,0.905052,1.570800,0.000000,0.000000,0.400397,-0.141889,0.149881,1.231746,-0.130105,0.000000,0.000000
0.027170,1.919339,0.855416,0.028037,-0.024448,0.757471,0.651809,0.191398,0.023139,-0.029319,0.892781,-0.092666,0.026913,-0.210951,-0.045530,-0.139316,0.260798,-0.133026,-0.002033,-0.152730,0.005580,-0.012264,0.326223,-0.488442,0.924884,1.570800,0.000000,0.000000,0.395821,-0.143635,0.153321,1.232787,-0.131470,0.000000,0.000000
0.028807,1.932296,0.856216,0.030374,-0.025827,0.754552,0.655027,0.181842,0.025830,-0.016446,0.930062,-0.056720,0.024960,-0.201947,-0.043641,-0.127633,0.278637,-0.147676,-0.003353,-0.142886,0.005236,-0.002795,0.317261,-0.488969,0.944765,1.570800,0.000000,0.000000,0.391698,-0.144304,0.153289,1.231195,-0.127719,0.000000,0.000000
0.031055,1.945427,0.856962,0.032480,-0.027239,0.751629,0.658222,0.171615,0.030111,-0.004574,0.966419,-0.031462,0.023719,-0.191691,-0.040227,-0.115949,0.294270,-0.163048,-0.004379,-0.131675,0.004875,0.005931,0.307650,-0.491484,0.965414,1.570800,0.000000,0.000000,0.387649,-0.145234,0.156090,1.227673,-0.128963,0.000000,0.000000
0.033349,1.958468,0.857564,0.034503,-0.028713,0.749134,0.660896,0.161362,0.035065,0.007064,0.999979,-0.022342,0.022868,-0.180880,-0.036478,-0.106751,0.308003,-0.178026,-0.004969,-0.120068,0.004527,0.013838,0.299146,-0.497243,0.984923,1.570800,0.000000,0.000000,0.384301,-0.145429,0.160057,1.223162,-0.139598,0.000000,0.000000
0.035652,1.971425,0.858066,0.036096,-0.030241,0.747065,0.663081,0.150856,0.040363,0.017510,1.029803,-0.025513,0.022444,-0.169461,-0.032358,-0.099464,0.319132,-0.191184,-0.005186,-0.108125,0.004155,0.021062,0.292175,-0.504768,1.003370,1.570800,0.000000,0.000000,0.381577,-0.145216,0.161470,1.216022,-0.155789,0.000000,0.000000
0.037632,1.984304,0.858566,0.037511,-0.031660,0.745057,0.665192,0.140043,0.043855,0.024334,1.054845,-0.037134,0.022193,-0.157321,-0.028721,-0.093863,0.326925,-0.202682,-0.005253,-0.095726,0.003749,0.027183,0.285602,-0.512314,1.022796,1.570800,0.000000,0.000000,0.378162,-0.144827,0.157647,1.206587,-0.157093,0.000000,0.000000
0.039173,1.997046,0.859236,0.038846,-0.032695,0.743018,0.667342,0.127912,0.044931,0.028786,1.076643,-0.053113,0.021691,-0.143542,-0.025910,-0.088794,0.331214,-0.213261,-0.005446,-0.082311,0.003347,0.032871,0.279249,-0.523008,1.043568,1.570800,0.000000,0.000000,0.373510,-0.143680,0.148483,1.192877,-0.134333,0.000000,0.000000
0.040697,2.009713,0.859989,0.040215,-0.033366,0.740487,0.670036,0.115876,0.044942,0.034442,1.093067,-0.070120,0.020712,-0.129589,-0.023705,-0.084226,0.332146,-0.223440,-0.005704,-0.067973,0.002885,0.038791,0.273392,-0.535042,1.061428,1.570800,0.000000,0.000000,0.368743,-0.142832,0.141991,1.178285,-0.115039,0.000000,0.000000
0.042604,2.022462,0.860746,0.041621,-0.033995,0.737252,0.673477,0.104023,0.045595,0.042926,1.104916,-0.088775,0.019444,-0.115091,-0.020952,-0.079689,0.331533,-0.233337,-0.005831,-0.052786,0.002365,0.045633,0.267804,-0.545341,1.078261,1.570800,0.000000,0.000000,0.363193,-0.144176,0.140026,1.163413,-0.105595,0.000000,0.000000
0.044299,2.035261,0.861447,0.043143,-0.034547,0.733680,0.677244,0.092947,0.044960,0.050995,1.111321,-0.106332,0.017850,-0.100979,-0.018706,-0.074320,0.330341,-0.241623,-0.006207,-0.038892,0.001900,0.053160,0.263308,-0.553708,1.093417,1.570800,0.000000,0.000000,0.357060,-0.147366,0.139795,1.146689,-0.097731,0.000000,0.000000
0.045546,2.048123,0.862076,0.044757,-0.035017,0.730358,0.680696,0.082057,0.042254,0.056833,1.112782,-0.122886,0.016003,-0.087029,-0.017538,-0.068642,0.329137,-0.249680,-0.006877,-0.025951,0.001469,0.060921,0.259529,-0.561146,1.108116,1.570800,0.000000,0.000000,0.350703,-0.150357,0.140700,1.131098,-0.093571,0.000000,0.000000
0.046597,2.061012,0.862601,0.046696,-0.035682,0.727596,0.683484,0.071168,0.038147,0.060467,1.110334,-0.137065,0.014096,-0.072400,-0.016911,-0.062925,0.328419,-0.258166,-0.007668,-0.012346,0.001007,0.069215,0.254136,-0.567353,1.123231,1.570800,0.000000,0.000000,0.345338,-0.152616,0.143363,1.116300,-0.092965,0.000000,0.000000
0.047657,2.073944,0.863062,0.048446,-0.036169,0.724783,0.686319,0.060640,0.034135,0.064323,1.104033,-0.149361,0.012140,-0.058198,-0.016416,-0.057066,0.327396,-0.266070,-0.008507,-0.000178,0.000592,0.079529,0.248671,-0.570116,1.135393,1.570800,0.000000,0.000000,0.339718,-0.156122,0.147992,1.098807,-0.091996,0.000000,0.000000
0.048841,2.086668,0.863542,0.050163,-0.036340,0.721324,0.689822,0.050023,0.029868,0.069420,1.093337,-0.163730,0.009837,-0.044193,-0.016247,-0.050414,0.325580,-0.273473,-0.009553,0.011883,0.000163,0.090740,0.243659,-0.570296,1.145962,1.570737,0.000000,0.000000,0.332097,-0.161240,0.152099,1.081376,-0.091409,0.000000,0.000000
0.049987,2.099084,0.864009,0.051668,-0.036228,0.717337,0.693863,0.039461,0.024980,0.075121,1.077930,-0.177626,0.007181,-0.031184,-0.016554,-0.043927,0.322984,-0.280144,-0.010684,0.023976,-0.000249,0.102174,0.239288,-0.569876,1.154822,1.570618,0.000000,0.000000,0.324327,-0.167481,0.158696,1.066196,-0.096855,0.000000,0.000000
0.051402,2.111317,0.864392,0.052630,-0.036071,0.713101,0.698152,0.028405,0.020856,0.081574,1.057801,-0.191077,0.004558,-0.018669,-0.016256,-0.037346,0.319518,-0.285490,-0.011677,0.035810,-0.000644,0.115039,0.237132,-0.567223,1.160050,1.570512,0.000000,0.000000,0.317666,-0.173951,0.163896,1.046565,-0.094427,0.000000,0.000000
0.053089,2.123263,0.864651,0.053310,-0.036014,0.709259,0.702007,0.017175,0.018734,0.088536,1.035222,-0.204964,0.002403,-0.006859,-0.015401,-0.031803,0.315951,-0.290042,-0.012367,0.047140,-0.000989,0.127445,0.236319,-0.564631,1.164047,1.570437,0.000000,0.000000,0.310119,-0.178668,0.165971,1.024640,-0.082948,0.000000,0.000000
0.054441,2.134782,0.864891,0.053863,-0.035577,0.705172,0.706092,0.005580,0.016200,0.096643,1.009271,-0.217954,-0.000147,0.003840,-0.015496,-0.026607,0.312447,-0.294350,-0.013238,0.058943,-0.001448,0.139584,0.235581,-0.561676,1.167923,1.570365,0.000000,0.000000,0.301442,-0.184028,0.168992,1.002878,-0.073429,0.000000,0.000000
0.055568,2.145906,0.865053,0.054315,-0.035131,0.700769,0.710449,-0.006249,0.013063,0.104415,0.979250,-0.228905,-0.002831,0.013841,-0.015858,-0.020083,0.309326,-0.298146,-0.014386,0.070746,-0.001903,0.152342,0.234532,-0.556642,1.171386,1.570282,0.000000,0.000000,0.293968,-0.191124,0.177470,0.978187,-0.067276,0.000000,0.000000
0.056725,2.156642,0.865151,0.054454,-0.034626,0.696683,0.714470,-0.017859,0.010444,0.110343,0.946666,-0.237895,-0.004950,0.022739,-0.015636,-0.013230,0.305996,-0.300792,-0.015438,0.080429,-0.002281,0.164271,0.232750,-0.549980,1.174990,1.570222,0.000000,0.000000,0.283325,-0.197825,0.186509,0.958211,-0.062294,0.000000,0.000000
0.057925,2.166979,0.865180,0.054108,-0.033948,0.693128,0.717979,-0.030088,0.008682,0.116107,0.909049,-0.244704,-0.006731,0.031013,-0.014825,-0.008033,0.301856,-0.304149,-0.016070,0.089103,-0.002645,0.175100,0.230151,-0.541518,1.179378,1.570145,0.000000,0.000000,0.270032,-0.204033,0.195026,0.940347,-0.057727,0.000000,0.000000
0.059154,2.177167,0.865023,0.053591,-0.033278,0.689393,0.721636,-0.041690,0.007429,0.121432,0.867501,-0.251963,-0.008193,0.038439,-0.014127,-0.005316,0.299451,-0.307745,-0.016337,0.097717,-0.003002,0.185678,0.227265,-0.529899,1.182096,1.570072,0.000000,0.000000,0.259347,-0.210560,0.202868,0.919508,-0.054145,0.000000,0.000000
0.060542,2.187402,0.864719,0.053101,-0.032400,0.684937,0.725942,-0.052313,0.006639,0.128324,0.822030,-0.258871,-0.009736,0.045193,-0.014101,-0.001159,0.299139,-0.310055,-0.017013,0.108124,-0.003414,0.196100,0.224185,-0.518152,1.184641,1.570007,0.000000,0.000000,0.249935,-0.216677,0.211399,0.896568,-0.048380,0.000000,0.000000
0.061467,2.197809,0.864431,0.052382,-0.031163,0.681183,0.729572,-0.062634,0.005255,0.136036,0.773469,-0.263951,-0.011502,0.051832,-0.015165,0.004793,0.297686,-0.312690,-0.018246,0.119270,-0.003853,0.205168,0.221203,-0.509877,1.187596,1.569945,0.000000,0.000000,0.239622,-0.222166,0.218575,0.874849,-0.041643,0.000000,0.000000
0.062282,2.208243,0.864087,0.051357,-0.030449,0.677721,0.732891,-0.072644,0.004670,0.144891,0.723622,-0.267317,-0.013115,0.058804,-0.015240,0.011093,0.294756,-0.314952,-0.019284,0.128676,-0.004243,0.215115,0.219630,-0.503682,1.188165,1.569890,0.000000,0.000000,0.227677,-0.228012,0.225996,0.854673,-0.035837,0.000000,0.000000
0.063788,2.218626,0.863579,0.050250,-0.030168,0.674134,0.736280,-0.081901,0.006735,0.156418,0.674161,-0.268020,-0.014385,0.066139,-0.013754,0.013884,0.292229,-0.315301,-0.019382,0.136470,-0.004597,0.226575,0.221246,-0.498079,1.184719,1.569849,0.000000,0.000000,0.216077,-0.234120,0.234372,0.834801,-0.025934,0.000000,0.000000
0.065484,2.228884,0.863016,0.048740,-0.029392,0.670770,0.739478,-0.091170,0.009628,0.167013,0.619064,-0.265922,-0.015049,0.073516,-0.011760,0.015843,0.288516,-0.315505,-0.019217,0.144492,-0.004981,0.236891,0.222820,-0.490441,1.181342,1.569825,0.000000,0.000000,0.204543,-0.241006,0.242352,0.812179,-0.019629,0.000000,0.000000
0.066204,2.239279,0.862495,0.046961,-0.028149,0.667605,0.742500,-0.099788,0.009982,0.173031,0.560753,-0.263293,-0.015355,0.080447,-0.011196,0.019712,0.283524,-0.317109,-0.019702,0.151952,-0.005362,0.245426,0.223217,-0.482931,1.178804,1.569795,0.000000,0.000000,0.191677,-0.248699,0.250113,0.790500,-0.021523,0.000000,0.000000
0.066466,2.249898,0.861856,0.045529,-0.027078,0.664395,0.745502,-0.106985,0.008935,0.177496,0.502070,-0.261048,-0.015585,0.087486,-0.012388,0.021033,0.279992,-0.320980,-0.020223,0.158604,-0.005696,0.253789,0.223883,-0.478948,1.176341,1.569761,0.000000,0.000000,0.177883,-0.255820,0.257604,0.772691,-0.021092,0.000000,0.000000
0.066884,2.260720,0.860966,0.044148,-0.026378,0.661210,0.748436,-0.113042,0.008662,0.183188,0.441930,-0.257063,-0.015656,0.095093,-0.014077,0.017620,0.277815,-0.327513,-0.020104,0.165406,-0.005994,0.262587,0.224609,-0.474172,1.174540,1.569726,0.000000,0.000000,0.164440,-0.262104,0.265436,0.755795,-0.014535,0.000000,0.000000
0.067344,2.271556,0.859939,0.042416,-0.025772,0.658027,0.751357,-0.118347,0.009376,0.185888,0.379414,-0.251564,-0.014794,0.102708,-0.015044,0.015702,0.275293,-0.332334,-0.020028,0.171682,-0.006343,0.271265,0.224302,-0.467232,1.172771,1.569694,0.000000,0.000000,0.150790,-0.268892,0.275048,0.738493,-0.011705,0.000000,0.000000
0.067633,2.282485,0.858859,0.040414,-0.024883,0.655169,0.753990,-0.123150,0.010146,0.185298,0.313484,-0.243158,-0.013283,0.109972,-0.015684,0.017264,0.272074,-0.336050,-0.020425,0.177053,-0.006639,0.279452,0.223580,-0.460990,1.170221,1.569656,0.000000,0.000000,0.136947,-0.276367,0.284733,0.721704,-0.006999,0.000000,0.000000
0.067885,2.293558,0.859192,0.038497,-0.023855,0.652853,0.756129,-0.127340,0.010486,0.186383,0.245885,-0.230428,-0.012130,0.117140,-0.016660,0.017739,0.269363,-0.342744,-0.020735,0.182547,-0.006896,0.286263,0.223524,-0.454707,1.167895,1.569635,0.000000,0.000000,0.122274,-0.283219,0.293518,0.708259,-0.002490,0.000000,0.000000
0.068465,2.304588,0.858573,0.036689,-0.023075,0.650628,0.758159,-0.131060,0.011530,0.188969,0.180281,-0.215964,-0.011086,0.124087,-0.017164,0.016660,0.268194,-0.350530,-0.020672,0.187368,-0.007162,0.292333,0.223978,-0.449160,1.165631,1.569613,0.000000,0.000000,0.105851,-0.288225,0.301986,0.698819,-0.003577,0.000000,0.000000
0.069266,2.315592,0.856167,0.034867,-0.022526,0.647701,0.760763,-0.134417,0.013850,0.191248,0.115204,-0.201676,-0.009676,0.130998,-0.017479,0.015434,0.268545,-0.357713,-0.020543,0.191158,-0.007384,0.299992,0.225657,-0.445413,1.161711,1.569602,0.000000,0.000000,0.089203,-0.294071,0.313375,0.687110,-0.002076,0.000000,0.000000
0.069986,2.326519,0.852868,0.033007,-0.022170,0.645427,0.762786,-0.137857,0.016566,0.192136,0.052513,-0.188938,-0.007999,0.137899,-0.017212,0.014982,0.269447,-0.364752,-0.020395,0.194921,-0.007650,0.306923,0.226627,-0.442063,1.159748,1.569590,0.000000,0.000000,0.074341,-0.300001,0.322734,0.672747,0.000181,0.000000,0.000000
0.070400,2.336774,0.850472,0.030468,-0.021999,0.644233,0.763906,-0.142567,0.019690,0.192916,-0.007942,-0.177902,-0.006223,0.142175,-0.015731,0.015148,0.275795,-0.375630,-0.020021,0.198672,-0.007896,0.313565,0.229851,-0.437712,1.156616,1.569584,0.000000,0.000000,0.058798,-0.306121,0.330556,0.660930,0.005546,0.000000,0.000000
0.070931,2.347304,0.848361,0.028197,-0.021737,0.642024,0.765858,-0.146201,0.022640,0.194907,-0.017450,-0.171528,-0.005285,0.145185,-0.015151,0.015961,0.281559,-0.383528,-0.020000,0.201108,-0.008079,0.318860,0.230855,-0.430721,1.154304,1.569593,0.000000,0.000000,0.046680,-0.311143,0.337411,0.651685,0.009810,0.000000,0.000000
0.071593,2.358091,0.845960,0.026346,-0.021480,0.639677,0.767892,-0.150847,0.026671,0.199336,-0.017450,-0.164830,-0.004617,0.149542,-0.015046,0.016479,0.290203,-0.393904,-0.020070,0.204110,-0.008291,0.326187,0.231242,-0.419472,1.150807,1.569591,0.000000,0.000000,0.031938,-0.317704,0.348080,0.637172,0.018972,0.000000,0.000000
0.072118,2.369098,0.845854,0.024693,-0.021314,0.636843,0.770303,-0.155031,0.030300,0.205504,-0.017450,-0.161330,-0.004325,0.154130,-0.015715,0.017418,0.299522,-0.404378,-0.020412,0.206984,-0.008489,0.334300,0.230659,-0.407514,1.147034,1.569571,0.000000,0.000000,0.018105,-0.322761,0.358790,0.623743,0.028235,0.000000,0.000000
0.072355,2.380109,0.845676,0.023143,-0.021291,0.634149,0.772571,-0.159347,0.032782,0.214310,-0.017450,-0.158662,-0.004517,0.158814,-0.016849,0.018612,0.309084,-0.413839,-0.020922,0.208985,-0.008704,0.342455,0.228863,-0.395926,1.144836,1.569548,0.000000,0.000000,0.004188,-0.327486,0.367882,0.613255,0.030049,0.000000,0.000000
0.072300,2.391304,0.845434,0.021829,-0.021102,0.631964,0.774403,-0.163988,0.033180,0.225329,-0.017450,-0.155386,-0.005318,0.163383,-0.018960,0.019029,0.318340,-0.422249,-0.021579,0.209965,-0.008856,0.350007,0.227306,-0.384728,1.142325,1.569516,0.000000,0.000000,-0.007923,-0.332877,0.374724,0.602939,0.027578,0.000000,0.000000
0.072190,2.402991,0.845161,0.020656,-0.020900,0.630198,0.775878,-0.168567,0.032280,0.236611,-0.017450,-0.153056,-0.006379,0.167872,-0.021100,0.020965,0.327547,-0.430211,-0.022483,0.211053,-0.008945,0.356758,0.226064,-0.374567,1.140204,1.569497,0.000000,0.000000,-0.017121,-0.337270,0.378996,0.591950,0.023090,0.000000,0.000000
0.072161,2.415409,0.844691,0.019812,-0.020888,0.628697,0.777117,-0.173017,0.030563,0.249118,-0.017450,-0.153407,-0.007705,0.173250,-0.023446,0.024062,0.338549,-0.438283,-0.023663,0.212540,-0.009057,0.363476,0.224546,-0.364243,1.138911,1.569480,0.000000,0.000000,-0.025198,-0.341474,0.381768,0.581722,0.020554,0.000000,0.000000
0.069025,2.429282,0.843250,0.019301,-0.023584,0.626338,0.778956,-0.177005,0.020504,0.280986,-0.017450,-0.182260,-0.011631,0.182199,-0.034617,0.009799,0.356074,-0.463666,-0.024328,0.214168,-0.009136,0.376162,0.229284,-0.330774,1.140326,1.569547,0.000000,0.000000,-0.028465,-0.368408,0.390456,0.561971,0.060432,0.000000,0.000000
0.069108,2.441968,0.842627,0.018641,-0.024899,0.625615,0.779512,-0.179262,0.021379,0.284513,-0.017450,-0.189954,-0.011621,0.188856,-0.036832,0.006488,0.369329,-0.467427,-0.024457,0.212725,-0.009134,0.383472,0.228813,-0.320274,1.139279,1.569544,0.000000,0.000000,-0.033049,-0.373908,0.393273,0.553764,0.066456,0.000000,0.000000
0.069382,2.454330,0.841860,0.018004,-0.025988,0.624917,0.780051,-0.182297,0.023427,0.286509,-0.017450,-0.196072,-0.011195,0.195217,-0.037803,0.006113,0.383015,-0.469123,-0.024811,0.211290,-0.009090,0.389976,0.227930,-0.311945,1.139143,1.569533,0.000000,0.000000,-0.036651,-0.375239,0.393076,0.546690,0.068636,0.000000,0.000000
0.069919,2.466599,0.840911,0.017644,-0.026817,0.623662,0.781035,-0.185626,0.025958,0.288509,-0.017450,-0.202198,-0.010716,0.200567,-0.038998,0.007812,0.398044,-0.470644,-0.025605,0.211590,-0.009144,0.395046,0.227265,-0.306496,1.140070,1.569522,0.000000,0.000000,-0.039623,-0.375059,0.392644,0.543318,0.069789,0.000000,0.000000
0.070651,2.478873,0.839698,0.017502,-0.027648,0.622258,0.782128,-0.189329,0.028912,0.290817,-0.017450,-0.209827,-0.010195,0.205344,-0.040350,0.010767,0.416396,-0.468635,-0.026738,0.213451,-0.009215,0.399760,0.227276,-0.303013,1.140294,1.569514,0.000000,0.000000,-0.042583,-0.374660,0.393297,0.543080,0.071924,0.000000,0.000000
0.071494,2.491029,0.838473,0.017387,-0.028385,0.620782,0.783276,-0.192972,0.031794,0.293024,-0.017450,-0.217611,-0.009715,0.209059,-0.040976,0.015083,0.434929,-0.463464,-0.027941,0.216441,-0.009328,0.403221,0.226966,-0.299066,1.140759,1.569500,0.000000,0.000000,-0.044624,-0.375171,0.393389,0.543673,0.072569,0.000000,0.000000
0.072269,2.502916,0.837008,0.016706,-0.029351,0.618567,0.785006,-0.198074,0.035999,0.296265,-0.017450,-0.227404,-0.009044,0.211740,-0.041594,0.017878,0.455125,-0.458809,-0.028919,0.220634,-0.009443,0.405446,0.226507,-0.291950,1.142831,1.569503,0.000000,0.000000,-0.045337,-0.373763,0.390765,0.545343,0.071177,0.000000,0.000000
0.072489,2.515442,0.836110,0.016289,-0.029486,0.619099,0.784590,-0.201931,0.036420,0.295568,-0.017450,-0.232851,-0.008779,0.214053,-0.042442,0.016803,0.473700,-0.453642,-0.029250,0.223910,-0.009513,0.405091,0.227084,-0.292190,1.144539,1.569497,0.000000,0.000000,-0.043748,-0.373091,0.383595,0.549302,0.070456,0.000000,0.000000
0.072860,2.528115,0.835041,0.016292,-0.029449,0.617661,0.785724,-0.205144,0.037394,0.295610,-0.017450,-0.241536,-0.008471,0.215679,-0.044589,0.018973,0.496677,-0.440307,-0.030627,0.228767,-0.009668,0.404896,0.225907,-0.289776,1.146604,1.569493,0.000000,0.000000,-0.041040,-0.374059,0.378770,0.553679,0.063064,0.000000,0.000000
0.072837,2.540982,0.834223,0.016151,-0.030065,0.616616,0.786524,-0.207574,0.038422,0.295995,-0.017450,-0.245458,-0.008308,0.216726,-0.046514,0.022088,0.520359,-0.424864,-0.032135,0.232476,-0.009690,0.405210,0.224754,-0.286211,1.148915,1.569492,0.000000,0.000000,-0.036352,-0.372785,0.373468,0.557744,0.060833,0.000000,0.000000
0.072768,2.553747,0.833974,0.016172,-0.030617,0.615871,0.787086,-0.209571,0.039272,0.296234,-0.017450,-0.231307,-0.008608,0.217090,-0.048687,0.022937,0.543584,-0.408409,-0.033311,0.235140,-0.009695,0.405236,0.224367,-0.285999,1.151438,1.569483,0.000000,0.000000,-0.031867,-0.370703,0.368602,0.563021,0.062895,0.000000,0.000000
0.073008,2.566258,0.833992,0.016644,-0.030688,0.615053,0.787713,-0.211556,0.040839,0.297194,-0.017450,-0.201985,-0.009510,0.215967,-0.052063,0.022078,0.574116,-0.385040,-0.034655,0.238029,-0.009795,0.405253,0.222684,-0.286419,1.154717,1.569461,0.000000,0.000000,-0.027435,-0.369404,0.365210,0.570833,0.059700,0.000000,0.000000
0.073144,2.578759,0.834915,0.018356,-0.029892,0.613496,0.788918,-0.212677,0.041849,0.297572,-0.010747,-0.162882,-0.011202,0.212566,-0.058592,0.021055,0.610572,-0.352407,-0.037029,0.241223,-0.009908,0.405413,0.217132,-0.284166,1.157969,1.569421,0.000000,0.000000,-0.023048,-0.370246,0.365601,0.581331,0.051793,0.000000,0.000000
0.072644,2.591392,0.837963,0.019798,-0.030412,0.614672,0.787947,-0.212265,0.044340,0.284797,0.012280,-0.128588,-0.011326,0.208456,-0.063156,0.016608,0.650320,-0.312729,-0.038124,0.242594,-0.009768,0.405852,0.214229,-0.285983,1.160945,1.569373,0.000000,0.000000,-0.016309,-0.368563,0.361295,0.595096,0.046029,0.000000,0.000000
0.071510,2.604142,0.841085,0.021432,-0.031683,0.615512,0.787198,-0.210986,0.046311,0.269561,0.041058,-0.107520,-0.010947,0.203625,-0.068814,0.008719,0.690830,-0.268780,-0.038789,0.241187,-0.009537,0.406767,0.211813,-0.288555,1.164284,1.569344,0.000000,0.000000,-0.009354,-0.362914,0.357160,0.611995,0.045567,0.000000,0.000000
0.070141,2.617056,0.844065,0.023472,-0.033494,0.617252,0.785702,-0.209626,0.046470,0.255188,0.075862,-0.097771,-0.010701,0.198651,-0.075012,-0.002288,0.731964,-0.216135,-0.038865,0.237082,-0.009273,0.407212,0.208836,-0.289676,1.169605,1.569320,0.000000,0.000000,-0.002479,-0.354217,0.353107,0.633205,0.047788,0.000000,0.000000
0.065868,2.631700,0.846782,0.026321,-0.035702,0.620296,0.783113,-0.206485,0.040996,0.240379,0.113029,-0.094778,-0.011173,0.194925,-0.088869,-0.012139,0.769764,-0.181780,-0.041438,0.231335,-0.009024,0.408447,0.204883,-0.290571,1.176398,1.569297,0.000000,0.000000,0.005868,-0.346093,0.347181,0.656854,0.045455,0.000000,0.000000
0.066682,2.644385,0.849078,0.028581,-0.037970,0.623896,0.780061,-0.204323,0.040755,0.224886,0.152417,-0.094587,-0.010192,0.190540,-0.087163,-0.021657,0.809616,-0.121043,-0.038858,0.224893,-0.008622,0.407669,0.202432,-0.293220,1.183909,1.569282,0.000000,0.000000,0.015787,-0.332416,0.333357,0.682429,0.045251,0.000000,0.000000
0.065460,2.657449,0.850703,0.030627,-0.040220,0.627324,0.777116,-0.201058,0.039530,0.206636,0.185836,-0.101886,-0.008532,0.185605,-0.090149,-0.034303,0.848019,-0.065790,-0.036924,0.220050,-0.008411,0.406547,0.201382,-0.296113,1.189395,1.569283,0.000000,0.000000,0.027516,-0.320931,0.318358,0.705675,0.022123,0.000000,0.000000
0.063669,2.670635,0.852029,0.032592,-0.042322,0.632074,0.773064,-0.196503,0.036169,0.187936,0.215604,-0.113176,-0.006979,0.179904,-0.093416,-0.045969,0.886547,-0.016887,-0.035123,0.213794,-0.008108,0.405622,0.201099,-0.302835,1.192734,1.569286,0.000000,0.000000,0.043778,-0.310295,0.304002,0.721704,0.019292,0.000000,0.000000
0.061515,2.683645,0.853067,0.034768,-0.044330,0.636971,0.768826,-0.190473,0.031258,0.171619,0.242231,-0.124600,-0.005964,0.173482,-0.098089,-0.057454,0.924589,0.027921,-0.033668,0.206184,-0.007760,0.404457,0.202138,-0.313293,1.195101,1.569279,0.000000,0.000000,0.060787,-0.301046,0.291757,0.736250,0.032024,0.000000,0.000000
0.058941,2.696348,0.853901,0.037036,-0.046433,0.641946,0.764446,-0.182963,0.025725,0.155806,0.265473,-0.135013,-0.005024,0.166683,-0.105006,-0.071123,0.961978,0.070628,-0.032407,0.197411,-0.007453,0.401984,0.204098,-0.324617,1.197761,1.569289,0.000000,0.000000,0.076562,-0.293935,0.282307,0.751977,0.038653,0.000000,0.000000
0.055817,2.709054,0.854606,0.039147,-0.048538,0.646922,0.760003,-0.174322,0.019702,0.140450,0.283877,-0.144599,-0.004154,0.160011,-0.113605,-0.085487,0.996555,0.105660,-0.031534,0.186938,-0.007085,0.399365,0.205732,-0.333586,1.199656,1.569325,0.000000,0.000000,0.090414,-0.287952,0.278316,0.767180,0.035164,0.000000,0.000000
0.052597,2.721980,0.855275,0.041028,-0.050712,0.651773,0.755604,-0.164486,0.013528,0.128539,0.298251,-0.154753,-0.003812,0.153313,-0.120713,-0.096189,1.027134,0.122063,-0.031019,0.174864,-0.006697,0.397104,0.205372,-0.338480,1.200365,1.569337,0.000000,0.000000,0.102692,-0.281538,0.278261,0.783460,0.031847,0.000000,0.000000
0.049333,2.734972,0.855858,0.042798,-0.052762,0.656750,0.751042,-0.154104,0.007226,0.119524,0.309538,-0.165916,-0.003918,0.146586,-0.125625,-0.103747,1.052466,0.119816,-0.030711,0.162906,-0.006261,0.394074,0.204683,-0.342334,1.199892,1.569342,0.000000,0.000000,0.113991,-0.276383,0.278317,0.798569,0.031586,0.000000,0.000000
0.045894,2.747815,0.856389,0.044764,-0.054562,0.660960,0.747095,-0.142280,0.000587,0.110678,0.319711,-0.178078,-0.004102,0.139038,-0.131757,-0.111275,1.075105,0.105337,-0.030930,0.150908,-0.005845,0.389929,0.204148,-0.345450,1.198611,1.569360,0.000000,0.000000,0.125011,-0.272622,0.280154,0.813257,0.029098,0.000000,0.000000
0.042379,2.760375,0.856834,0.046886,-0.056212,0.664774,0.743450,-0.129714,-0.006082,0.100481,0.328369,-0.189195,-0.004051,0.130947,-0.138771,-0.118743,1.093935,0.083113,-0.031584,0.138899,-0.005433,0.386083,0.203766,-0.350284,1.195548,1.569374,0.000000,0.000000,0.135409,-0.269543,0.284103,0.828960,0.023924,0.000000,0.000000
0.039027,2.772650,0.857260,0.048943,-0.057698,0.669023,0.739380,-0.116494,-0.013040,0.090133,0.335192,-0.199113,-0.004055,0.122383,-0.144805,-0.125510,1.108920,0.055512,-0.032246,0.125870,-0.004954,0.381742,0.204258,-0.357111,1.190421,1.569388,0.000000,0.000000,0.145393,-0.266038,0.288397,0.846325,0.018524,0.000000,0.000000
0.035655,2.784761,0.857711,0.050637,-0.059009,0.673506,0.735081,-0.103429,-0.019813,0.079901,0.339099,-0.207411,-0.004043,0.113762,-0.149577,-0.131576,1.119046,0.023890,-0.032798,0.112562,-0.004439,0.376441,0.205866,-0.364262,1.184529,1.569419,0.000000,0.000000,0.154372,-0.262515,0.292437,0.864303,0.012498,0.000000,0.000000
0.032629,2.796634,0.858214,0.051940,-0.060267,0.678163,0.730593,-0.090231,-0.026088,0.068506,0.340957,-0.216605,-0.003704,0.104382,-0.151386,-0.134668,1.125005,-0.009813,-0.033065,0.098607,-0.003923,0.370185,0.207538,-0.370324,1.177835,1.569452,0.000000,0.000000,0.162493,-0.257924,0.296152,0.884806,0.008778,0.000000,0.000000
0.030255,2.808214,0.858648,0.053106,-0.061666,0.683217,0.725666,-0.077872,-0.030931,0.057578,0.342630,-0.225747,-0.003100,0.094933,-0.149617,-0.135402,1.126642,-0.040051,-0.032691,0.084665,-0.003401,0.363757,0.210828,-0.375725,1.170034,1.569504,0.000000,0.000000,0.170290,-0.253153,0.300247,0.905825,0.006231,0.000000,0.000000
0.027870,2.819786,0.859037,0.054086,-0.063127,0.689184,0.719802,-0.065700,-0.035063,0.047546,0.344922,-0.234080,-0.002496,0.085992,-0.147637,-0.139767,1.123902,-0.072160,-0.031642,0.070523,-0.002877,0.356358,0.216405,-0.380719,1.160222,1.569592,0.000000,0.000000,0.179450,-0.248373,0.302660,0.924429,0.005831,0.000000,0.000000
0.025693,2.831308,0.859373,0.055045,-0.064652,0.695560,0.713433,-0.053761,-0.038036,0.039245,0.347464,-0.241218,-0.001920,0.077995,-0.145743,-0.146978,1.116792,-0.103267,-0.030049,0.057375,-0.002458,0.349154,0.222339,-0.385445,1.148772,1.569676,0.000000,0.000000,0.190226,-0.243703,0.302712,0.939731,-0.001150,0.000000,0.000000
0.022549,2.842092,0.859746,0.057259,-0.066820,0.700566,0.708142,-0.039963,-0.043720,0.020597,0.346032,-0.235427,-0.000345,0.070319,-0.144728,-0.147362,1.105613,-0.125587,-0.029811,0.050721,-0.002252,0.327413,0.202199,-0.389363,1.159968,1.569595,0.000000,0.000000,0.204363,-0.229633,0.282687,0.944419,-0.058220,0.000000,0.000000
0.021044,2.853257,0.860183,0.058087,-0.067974,0.705327,0.703220,-0.028242,-0.046213,0.009185,0.344508,-0.238415,0.000836,0.061988,-0.140269,-0.144999,1.090646,-0.145475,-0.028946,0.043626,-0.001814,0.315514,0.201901,-0.394046,1.155002,1.569598,0.000000,0.000000,0.216703,-0.224421,0.275354,0.954939,-0.082516,0.000000,0.000000
0.019522,2.864156,0.860512,0.058493,-0.069132,0.710049,0.698305,-0.017045,-0.047634,0.000715,0.344829,-0.244737,0.001815,0.052716,-0.135450,-0.143927,1.070846,-0.169038,-0.027710,0.035063,-0.001403,0.306782,0.206635,-0.395951,1.142726,1.569673,0.000000,0.000000,0.228920,-0.220616,0.270218,0.967149,-0.092587,0.000000,0.000000
0.018038,2.874712,0.860703,0.058867,-0.070178,0.715245,0.692845,-0.006768,-0.048700,-0.008164,0.346470,-0.252578,0.002962,0.043471,-0.131671,-0.147358,1.046992,-0.192674,-0.025873,0.025482,-0.001013,0.299511,0.211752,-0.396794,1.127748,1.569761,0.000000,0.000000,0.240570,-0.215051,0.264402,0.980580,-0.098402,0.000000,0.000000
0.016960,2.884919,0.860803,0.059064,-0.071086,0.720810,0.686943,0.002162,-0.048743,-0.016792,0.349432,-0.259810,0.004340,0.034466,-0.127374,-0.152420,1.020087,-0.213657,-0.023466,0.015611,-0.000656,0.292304,0.217834,-0.398388,1.110965,1.569851,0.000000,0.000000,0.251180,-0.209194,0.258375,0.993129,-0.107143,0.000000,0.000000
0.015613,2.894910,0.860767,0.059150,-0.071983,0.726153,0.681191,0.010243,-0.048613,-0.023517,0.353613,-0.265089,0.005443,0.025794,-0.123872,-0.158161,0.990625,-0.235577,-0.021102,0.005575,-0.000320,0.285906,0.224703,-0.397369,1.092019,1.569969,0.000000,0.000000,0.261570,-0.205623,0.254837,1.004128,-0.116961,0.000000,0.000000
0.014500,2.904627,0.860741,0.058846,-0.072436,0.731280,0.675663,0.017335,-0.048118,-0.028944,0.356688,-0.269772,0.006433,0.016705,-0.119571,-0.162107,0.957469,-0.257945,-0.018784,-0.005421,0.000063,0.279873,0.233102,-0.397403,1.071618,1.570118,0.000000,0.000000,0.271990,-0.202494,0.252814,1.011640,-0.121850,0.000000,0.000000
0.013794,2.913968,0.860751,0.058371,-0.072601,0.736531,0.669958,0.023879,-0.046913,-0.034230,0.358715,-0.276266,0.007592,0.007084,-0.114097,-0.164918,0.919317,-0.274972,-0.016287,-0.016271,0.000422,0.272452,0.241831,-0.398645,1.051174,1.570278,0.000000,0.000000,0.281943,-0.197142,0.247835,1.019005,-0.117360,0.000000,0.000000
0.013085,2.923120,0.860661,0.058211,-0.072669,0.741338,0.664641,0.030250,-0.045855,-0.040820,0.361066,-0.283521,0.008933,-0.001914,-0.110198,-0.168210,0.879076,-0.286824,-0.014210,-0.023837,0.000693,0.263408,0.248799,-0.401007,1.032983,1.570420,0.000000,0.000000,0.291098,-0.190691,0.239518,1.027678,-0.106525,0.000000,0.000000
0.011881,2.932283,0.860350,0.058160,-0.072489,0.745925,0.659514,0.036464,-0.046434,-0.052225,0.364790,-0.289965,0.010650,-0.010657,-0.108535,-0.172049,0.835372,-0.298205,-0.012736,-0.030689,0.000936,0.254293,0.257322,-0.404975,1.012129,1.570601,0.000000,0.000000,0.299912,-0.184344,0.228341,1.037405,-0.094013,0.000000,0.000000
0.010569,2.941291,0.859935,0.057674,-0.072105,0.750212,0.654719,0.041524,-0.047579,-0.063713,0.368877,-0.296974,0.012242,-0.018985,-0.107502,-0.176960,0.790864,-0.305560,-0.011281,-0.037973,0.001160,0.245913,0.266501,-0.407615,0.990521,1.570791,0.000000,0.000000,0.308532,-0.181055,0.220944,1.044362,-0.089985,0.000000,0.000000
0.010121,2.950177,0.859530,0.056858,-0.071722,0.754598,0.649773,0.045639,-0.046836,-0.073581,0.373643,-0.304527,0.014073,-0.027034,-0.104712,-0.182492,0.743270,-0.309571,-0.009234,-0.045925,0.001417,0.237111,0.274506,-0.406987,0.969159,1.570800,0.000000,0.000000,0.316462,-0.180805,0.216674,1.048631,-0.101360,0.000000,0.000000
0.010544,2.959041,0.859049,0.056281,-0.071518,0.759318,0.644325,0.049421,-0.044256,-0.081964,0.380103,-0.309496,0.016163,-0.034328,-0.100064,-0.185429,0.693972,-0.311848,-0.007253,-0.053201,0.001698,0.228157,0.281107,-0.405636,0.948319,1.570800,0.000000,0.000000,0.324232,-0.178671,0.211849,1.053724,-0.111013,0.000000,0.000000
0.011064,2.967877,0.858470,0.055737,-0.071224,0.763810,0.639074,0.053274,-0.041437,-0.088688,0.386587,-0.316217,0.018036,-0.041315,-0.095483,-0.186319,0.643915,-0.314624,-0.005800,-0.059834,0.001970,0.219623,0.288591,-0.406007,0.926895,1.570800,0.000000,0.000000,0.332491,-0.174471,0.207149,1.060859,-0.113723,0.000000,0.000000
0.011747,2.976619,0.857892,0.054911,-0.070812,0.768098,0.634031,0.056887,-0.038046,-0.094570,0.392272,-0.327645,0.019897,-0.048076,-0.090780,-0.185675,0.592234,-0.314187,-0.004706,-0.066335,0.002222,0.210765,0.297719,-0.407088,0.904830,1.570800,0.000000,0.000000,0.339899,-0.170683,0.202104,1.066958,-0.112660,0.000000,0.000000
0.012538,2.985432,0.857245,0.054012,-0.070395,0.772274,0.629063,0.060066,-0.034618,-0.102940,0.398521,-0.337078,0.022190,-0.053985,-0.085910,-0.182288,0.537989,-0.309197,-0.004158,-0.072084,0.002418,0.201837,0.305333,-0.406416,0.882971,1.570800,0.000000,0.000000,0.346680,-0.167283,0.195675,1.071235,-0.111244,0.000000,0.000000
0.013398,2.994508,0.856430,0.053213,-0.069732,0.776529,0.623947,0.062874,-0.031529,-0.113405,0.405667,-0.343418,0.024779,-0.058745,-0.081466,-0.175911,0.480297,-0.303450,-0.004333,-0.076540,0.002610,0.191941,0.311498,-0.406466,0.862577,1.570800,0.000000,0.000000,0.354724,-0.163358,0.188169,1.073693,-0.112065,0.000000,0.000000
0.013765,3.003887,0.855389,0.053082,-0.068887,0.780537,0.619031,0.066407,-0.029325,-0.121638,0.413022,-0.349990,0.026784,-0.062430,-0.079973,-0.168892,0.424226,-0.294597,-0.005386,-0.079407,0.002770,0.181729,0.317022,-0.408664,0.844178,1.570800,0.000000,0.000000,0.362774,-0.158985,0.179166,1.076395,-0.110401,0.000000,0.000000
0.013928,3.013244,0.854223,0.052915,-0.067953,0.783885,0.614904,0.070203,-0.027964,-0.129497,0.420120,-0.354331,0.028525,-0.065711,-0.079295,-0.160928,0.365171,-0.283750,-0.006749,-0.080702,0.002862,0.170882,0.323096,-0.412678,0.825907,1.570800,0.000000,0.000000,0.370239,-0.155522,0.171567,1.078691,-0.109089,0.000000,0.000000
0.013599,3.022701,0.852930,0.052985,-0.067064,0.786861,0.611183,0.074446,-0.027868,-0.137914,0.427151,-0.357832,0.030039,-0.068473,-0.080155,-0.153607,0.308198,-0.270195,-0.008296,-0.081198,0.002893,0.161946,0.327540,-0.413633,0.804746,1.570800,0.000000,0.000000,0.378395,-0.152963,0.163963,1.079484,-0.112056,0.000000,0.000000
0.013580,3.032268,0.851562,0.052963,-0.066129,0.790029,0.607188,0.078548,-0.026842,-0.145710,0.434305,-0.367074,0.031669,-0.070629,-0.081094,-0.144163,0.251553,-0.256965,-0.010077,-0.082121,0.002977,0.154590,0.329947,-0.410765,0.783088,1.570800,0.000000,0.000000,0.386216,-0.149555,0.154465,1.079761,-0.114579,0.000000,0.000000
0.013725,3.042057,0.850105,0.053131,-0.065295,0.792925,0.603476,0.082809,-0.025290,-0.153129,0.441758,-0.378267,0.033361,-0.072315,-0.082402,-0.131926,0.198551,-0.241732,-0.012221,-0.083063,0.003064,0.147662,0.331120,-0.407205,0.765452,1.570800,0.000000,0.000000,0.393681,-0.146373,0.147182,1.080250,-0.116804,0.000000,0.000000
0.013535,3.051877,0.848434,0.053576,-0.064481,0.795528,0.600089,0.087584,-0.024110,-0.158356,0.449773,-0.388363,0.034601,-0.073990,-0.085286,-0.119761,0.147772,-0.226961,-0.014537,-0.083813,0.003170,0.140692,0.333113,-0.405423,0.748543,1.570800,0.000000,0.000000,0.401143,-0.144039,0.141804,1.081034,-0.117293,0.000000,0.000000
0.012886,3.061560,0.846588,0.054078,-0.063713,0.798510,0.596153,0.092350,-0.023113,-0.160835,0.458445,-0.397302,0.035352,-0.075445,-0.089994,-0.108698,0.099059,-0.217173,-0.016874,-0.084118,0.003269,0.133107,0.335628,-0.405064,0.732364,1.570800,0.000000,0.000000,0.408900,-0.141680,0.135306,1.080458,-0.118126,0.000000,0.000000
0.012189,3.071255,0.844696,0.054496,-0.062821,0.802048,0.591441,0.096852,-0.021854,-0.163626,0.466896,-0.405291,0.036228,-0.076583,-0.095842,-0.098010,0.051718,-0.210847,-0.019153,-0.084404,0.003348,0.124672,0.338165,-0.406843,0.716487,1.570800,0.000000,0.000000,0.417156,-0.139051,0.126195,1.079167,-0.121071,0.000000,0.000000
0.011470,3.080993,0.842801,0.054872,-0.061749,0.805596,0.586678,0.101192,-0.020722,-0.167428,0.474630,-0.413526,0.037236,-0.077590,-0.102004,-0.088233,0.007454,-0.204783,-0.021172,-0.084449,0.003437,0.116115,0.340428,-0.409422,0.701103,1.570800,0.000000,0.000000,0.425131,-0.136034,0.116163,1.078836,-0.122768,0.000000,0.000000
0.010928,3.090821,0.841223,0.055326,-0.060672,0.808345,0.582954,0.104919,-0.019908,-0.170497,0.480294,-0.420142,0.038034,-0.078709,-0.106539,-0.079601,-0.017450,-0.200365,-0.022738,-0.083706,0.003441,0.110056,0.341824,-0.409878,0.690159,1.570800,0.000000,0.000000,0.431333,-0.133586,0.109107,1.077925,-0.123375,0.000000,0.000000
0.010398,3.100530,0.839134,0.055767,-0.059746,0.810925,0.579415,0.109930,-0.018455,-0.173826,0.488002,-0.427599,0.039085,-0.080633,-0.112426,-0.067820,-0.017450,-0.197407,-0.024836,-0.082349,0.003460,0.102261,0.343631,-0.410070,0.676745,1.570800,0.000000,0.000000,0.439611,-0.130495,0.102057,1.075134,-0.125142,0.000000,0.000000
0.009958,3.110198,0.837009,0.056228,-0.058918,0.813371,0.576016,0.114929,-0.016559,-0.175644,0.495574,-0.433916,0.040021,-0.082870,-0.117687,-0.058209,-0.017450,-0.195267,-0.026624,-0.080846,0.003484,0.094996,0.345203,-0.410399,0.664604,1.570800,0.000000,0.000000,0.447295,-0.127423,0.097117,1.072574,-0.125166,0.000000,0.000000
0.009619,3.119944,0.834921,0.056590,-0.058133,0.816065,0.572238,0.119461,-0.014068,-0.176069,0.502863,-0.439837,0.040890,-0.084991,-0.122044,-0.051133,-0.017450,-0.192809,-0.028007,-0.079632,0.003499,0.089142,0.345768,-0.410243,0.653565,1.570800,0.000000,0.000000,0.454056,-0.124050,0.091788,1.070930,-0.125039,0.000000,0.000000
0.009127,3.129639,0.832493,0.056844,-0.057461,0.819058,0.567988,0.124318,-0.011047,-0.177339,0.511557,-0.447139,0.042059,-0.087247,-0.126865,-0.044475,-0.017450,-0.191722,-0.029416,-0.079165,0.003514,0.082844,0.347207,-0.411119,0.641873,1.570800,0.000000,0.000000,0.461564,-0.120449,0.086751,1.068795,-0.123426,0.000000,0.000000
0.008614,3.139070,0.829938,0.056915,-0.056912,0.822156,0.563543,0.128568,-0.007730,-0.180080,0.521127,-0.453773,0.043567,-0.089676,-0.131462,-0.039814,-0.017450,-0.193675,-0.030537,-0.080110,0.003591,0.076353,0.348116,-0.411383,0.631880,1.570800,0.000000,0.000000,0.468010,-0.116691,0.084443,1.067126,-0.120713,0.000000,0.000000
0.007810,3.148535,0.827324,0.057103,-0.056331,0.825471,0.558715,0.132427,-0.005180,-0.184427,0.530996,-0.459287,0.045174,-0.091566,-0.136166,-0.037867,-0.017450,-0.198108,-0.031346,-0.081503,0.003627,0.070459,0.347758,-0.412146,0.624202,1.570800,0.000000,0.000000,0.473711,-0.113542,0.083878,1.065062,-0.120833,0.000000,0.000000
0.007108,3.158154,0.825322,0.057401,-0.055800,0.828926,0.553600,0.135951,-0.002499,-0.188383,0.540849,-0.463502,0.046795,-0.093008,-0.140600,-0.036318,-0.017450,-0.201894,-0.032067,-0.083759,0.003722,0.066214,0.347258,-0.415141,0.619763,1.570800,0.000000,0.000000,0.479164,-0.111411,0.084137,1.063088,-0.123600,0.000000,0.000000
0.006597,3.167896,0.824308,0.057693,-0.055443,0.832581,0.548093,0.139520,0.001242,-0.191656,0.550871,-0.468166,0.048634,-0.094387,-0.144781,-0.034339,-0.017450,-0.206442,-0.032785,-0.087100,0.003847,0.062625,0.347489,-0.418142,0.617398,1.570800,0.000000,0.000000,0.484582,-0.109436,0.084500,1.061667,-0.127870,0.000000,0.000000
0.005878,3.177458,0.823086,0.058216,-0.055134,0.836182,0.542559,0.143218,0.004698,-0.195475,0.561527,-0.473224,0.050495,-0.095656,-0.149854,-0.031185,-0.017450,-0.212290,-0.033749,-0.090430,0.003976,0.057874,0.348130,-0.416935,0.613937,1.570800,0.000000,0.000000,0.489805,-0.108080,0.086381,1.060591,-0.131305,0.000000,0.000000
0.004975,3.187097,0.821928,0.058694,-0.054694,0.839494,0.537414,0.146709,0.007348,-0.199121,0.571870,-0.478060,0.052104,-0.096682,-0.155502,-0.024823,-0.017450,-0.218174,-0.035120,-0.094124,0.004053,0.054594,0.347691,-0.412765,0.609806,1.570800,0.000000,0.000000,0.493743,-0.107766,0.089363,1.059474,-0.131598,0.000000,0.000000
0.004075,3.197069,0.820625,0.059403,-0.054097,0.842493,0.532681,0.150388,0.009703,-0.202169,0.584061,-0.482890,0.053564,-0.097624,-0.162365,-0.013933,-0.017450,-0.226555,-0.037100,-0.098844,0.004172,0.054399,0.345960,-0.405879,0.605356,1.570800,0.000000,0.000000,0.497481,-0.108586,0.094158,1.057869,-0.132318,0.000000,0.000000
0.003222,3.207406,0.819488,0.059994,-0.053624,0.845698,0.527561,0.153144,0.012630,-0.204172,0.597270,-0.487096,0.055024,-0.097859,-0.168535,-0.002910,-0.017450,-0.234349,-0.039014,-0.102285,0.004272,0.054625,0.345094,-0.397854,0.602866,1.570800,0.000000,0.000000,0.500110,-0.108783,0.097778,1.057219,-0.136242,0.000000,0.000000
0.004737,3.219197,0.818292,0.060168,-0.054703,0.852041,0.517121,0.155140,0.033385,-0.182358,0.617703,-0.506184,0.057463,-0.096771,-0.164893,-0.003095,-0.017450,-0.262743,-0.037631,-0.117600,0.004556,0.064920,0.348637,-0.376101,0.601338,1.569805,0.000000,0.000000,0.510552,-0.091444,0.073599,1.073745,-0.173838,0.000000,0.000000
0.004076,3.228754,0.817617,0.060294,-0.054425,0.855846,0.510813,0.156247,0.039412,-0.180031,0.629298,-0.509375,0.058929,-0.096835,-0.167341,0.002347,-0.017450,-0.269958,-0.038329,-0.122954,0.004623,0.068363,0.350068,-0.373284,0.598830,1.566948,0.000000,0.000000,0.511500,-0.088110,0.070459,1.077053,-0.183707,0.000000,0.000000
0.003792,3.238392,0.817670,0.060620,-0.053607,0.858494,0.506398,0.157811,0.042668,-0.179438,0.636634,-0.509589,0.059935,-0.097373,-0.168650,0.006305,-0.017450,-0.269250,-0.038970,-0.125603,0.004637,0.070381,0.350578,-0.370784,0.597609,1.562230,0.000000,0.000000,0.512289,-0.088043,0.071217,1.076413,-0.183185,0.000000,0.000000
0.004198,3.248514,0.818052,0.060997,-0.053025,0.860381,0.503202,0.160558,0.047037,-0.177876,0.644564,-0.508937,0.061187,-0.098491,-0.167879,0.007769,-0.017450,-0.259478,-0.039305,-0.127610,0.004603,0.073509,0.349878,-0.366422,0.597733,1.554559,0.000000,0.000000,0.513824,-0.088659,0.074486,1.075086,-0.181431,0.000000,0.000000
0.004455,3.258426,0.818958,0.061265,-0.052592,0.862069,0.500317,0.165530,0.053981,-0.175103,0.656484,-0.507176,0.063150,-0.100749,-0.164364,0.005363,-0.017450,-0.233504,-0.039450,-0.129386,0.004595,0.077265,0.347764,-0.362862,0.601836,1.536079,0.000000,0.000000,0.513946,-0.092833,0.086708,1.074744,-0.173341,0.000000,0.000000
0.004423,3.267620,0.821832,0.061802,-0.052029,0.863737,0.497426,0.169792,0.059094,-0.173324,0.667362,-0.505004,0.064693,-0.103250,-0.161521,0.000976,-0.000651,-0.210321,-0.039877,-0.129787,0.004603,0.077394,0.347176,-0.365083,0.609723,1.511224,0.000000,0.000000,0.510167,-0.101502,0.105768,1.076237,-0.156533,0.000000,0.000000
0.004565,3.276446,0.824926,0.062502,-0.051335,0.865369,0.494566,0.172671,0.063129,-0.170978,0.677301,-0.501198,0.065783,-0.105856,-0.159918,-0.003121,0.021314,-0.191859,-0.040486,-0.129699,0.004699,0.077561,0.346955,-0.368484,0.619141,1.496840,0.000000,0.000000,0.505811,-0.107421,0.118829,1.080234,-0.141641,0.000000,0.000000
0.005013,3.285152,0.828131,0.063169,-0.050837,0.866852,0.491927,0.175020,0.067789,-0.167360,0.688335,-0.495852,0.066864,-0.109074,-0.157781,-0.008399,0.047357,-0.172118,-0.040944,-0.128462,0.004737,0.079467,0.344912,-0.369807,0.631235,1.491731,0.000000,0.000000,0.500979,-0.109850,0.126416,1.085868,-0.129420,0.000000,0.000000
0.005483,3.293769,0.831124,0.063591,-0.050438,0.868535,0.488936,0.176595,0.072820,-0.163420,0.699184,-0.490681,0.067972,-0.112288,-0.155248,-0.014495,0.073603,-0.150887,-0.041125,-0.125621,0.004626,0.082381,0.340887,-0.368441,0.643617,1.491296,0.000000,0.000000,0.496749,-0.109666,0.129920,1.091238,-0.122432,0.000000,0.000000
0.006176,3.302481,0.834013,0.063704,-0.049923,0.870026,0.486318,0.177479,0.078230,-0.159756,0.710186,-0.483271,0.069264,-0.115468,-0.151963,-0.021313,0.098856,-0.127380,-0.040925,-0.123407,0.004508,0.086238,0.336070,-0.365106,0.655659,1.491188,0.000000,0.000000,0.492199,-0.109786,0.131867,1.096993,-0.123157,0.000000,0.000000
0.006733,3.310750,0.836609,0.063638,-0.049431,0.871580,0.483586,0.177596,0.084463,-0.154004,0.721769,-0.471837,0.070446,-0.118337,-0.148474,-0.029763,0.122714,-0.102456,-0.040331,-0.123240,0.004492,0.090082,0.332915,-0.363729,0.670534,1.493732,0.000000,0.000000,0.485495,-0.110686,0.133730,1.105755,-0.124498,0.000000,0.000000
0.006992,3.318457,0.838447,0.063171,-0.048984,0.873318,0.480548,0.176599,0.090652,-0.147203,0.732304,-0.460202,0.071360,-0.120402,-0.145532,-0.038517,0.141402,-0.090610,-0.039217,-0.124088,0.004504,0.092654,0.330686,-0.363914,0.688690,1.496947,0.000000,0.000000,0.477447,-0.112509,0.135029,1.115943,-0.124506,0.000000,0.000000
0.007158,3.325820,0.840069,0.062725,-0.048442,0.874870,0.477829,0.174881,0.096842,-0.139742,0.743797,-0.448093,0.072132,-0.122259,-0.142533,-0.046842,0.159283,-0.087832,-0.037842,-0.124869,0.004470,0.093815,0.328072,-0.364567,0.711328,1.498666,0.000000,0.000000,0.468210,-0.115978,0.137206,1.126059,-0.126664,0.000000,0.000000
0.007123,3.332936,0.841605,0.062789,-0.047644,0.876153,0.475546,0.172940,0.101745,-0.131869,0.756252,-0.435327,0.072420,-0.123840,-0.140098,-0.053362,0.177030,-0.088010,-0.036697,-0.125348,0.004432,0.095069,0.324754,-0.365623,0.735764,1.498269,0.000000,0.000000,0.459348,-0.120513,0.140835,1.135482,-0.130307,0.000000,0.000000
0.006699,3.339705,0.843027,0.063466,-0.046598,0.877504,0.473063,0.170963,0.105126,-0.123337,0.769436,-0.421501,0.072084,-0.124924,-0.139133,-0.059672,0.195110,-0.087752,-0.035845,-0.125011,0.004374,0.097659,0.320694,-0.369050,0.759575,1.496985,0.000000,0.000000,0.451420,-0.125066,0.142315,1.144061,-0.129003,0.000000,0.000000
0.006032,3.346150,0.844380,0.064682,-0.045293,0.879079,0.470091,0.168867,0.107320,-0.114123,0.783358,-0.405613,0.071228,-0.125307,-0.139973,-0.066298,0.213923,-0.083192,-0.035397,-0.123093,0.004299,0.101135,0.315634,-0.374165,0.784205,1.499120,0.000000,0.000000,0.444603,-0.129798,0.141142,1.149891,-0.122649,0.000000,0.000000
0.005069,3.352156,0.845499,0.066015,-0.043860,0.880953,0.466519,0.166653,0.108764,-0.104257,0.796354,-0.388880,0.069958,-0.124709,-0.142322,-0.071281,0.230530,-0.077275,-0.035569,-0.119821,0.004239,0.103671,0.308947,-0.377249,0.810213,1.505570,0.000000,0.000000,0.439363,-0.133695,0.138894,1.152371,-0.112845,0.000000,0.000000
0.004502,3.358265,0.846557,0.066893,-0.042391,0.882898,0.462839,0.164113,0.111546,-0.093086,0.807017,-0.375590,0.068791,-0.123307,-0.143714,-0.073116,0.243355,-0.074745,-0.035924,-0.116387,0.004148,0.104997,0.302517,-0.381680,0.836089,1.509521,0.000000,0.000000,0.435353,-0.137663,0.137476,1.152197,-0.102131,0.000000,0.000000
0.004234,3.364366,0.847653,0.067747,-0.040852,0.884557,0.459674,0.161354,0.115414,-0.079126,0.817123,-0.364312,0.067388,-0.121289,-0.144257,-0.073370,0.254360,-0.077152,-0.036242,-0.112517,0.004038,0.107380,0.296294,-0.388805,0.862787,1.511202,0.000000,0.000000,0.431567,-0.142894,0.137702,1.151127,-0.093858,0.000000,0.000000
0.004002,3.370153,0.848617,0.068513,-0.039293,0.886377,0.456177,0.158020,0.119532,-0.063675,0.827479,-0.352709,0.065739,-0.118850,-0.145140,-0.073198,0.264060,-0.084428,-0.036625,-0.108656,0.003960,0.109854,0.290877,-0.398237,0.891148,1.512102,0.000000,0.000000,0.426924,-0.147899,0.138186,1.150970,-0.084650,0.000000,0.000000
0.004481,3.375991,0.849358,0.069063,-0.038178,0.888855,0.451343,0.153967,0.126205,-0.047636,0.837702,-0.343149,0.064761,-0.116141,-0.145317,-0.074877,0.273765,-0.094884,-0.036450,-0.105490,0.003928,0.111607,0.286333,-0.410256,0.919361,1.514590,0.000000,0.000000,0.421085,-0.152165,0.139127,1.150979,-0.077922,0.000000,0.000000
0.005939,3.382230,0.849995,0.069153,-0.037590,0.891848,0.445435,0.149134,0.137791,-0.029714,0.847113,-0.336620,0.064955,-0.113452,-0.143369,-0.078785,0.284529,-0.106280,-0.035350,-0.102617,0.003894,0.112993,0.282271,-0.423565,0.947366,1.519549,0.000000,0.000000,0.415792,-0.155306,0.138329,1.147349,-0.069547,0.000000,0.000000
0.007582,3.388462,0.850634,0.069040,-0.037023,0.894959,0.439217,0.144064,0.150504,-0.012399,0.854105,-0.333262,0.065599,-0.110890,-0.140505,-0.084214,0.294777,-0.117514,-0.033778,-0.100202,0.003835,0.115315,0.279766,-0.436673,0.972170,1.524661,0.000000,0.000000,0.411558,-0.157607,0.135893,1.141217,-0.058733,0.000000,0.000000
0.009058,3.394457,0.851343,0.068801,-0.036204,0.898224,0.432608,0.138637,0.162913,0.005358,0.858854,-0.332079,0.066022,-0.108056,-0.137789,-0.091367,0.303441,-0.127023,-0.031975,-0.098066,0.003783,0.118042,0.278033,-0.449604,0.995127,1.529765,0.000000,0.000000,0.408056,-0.160504,0.133960,1.133673,-0.052965,0.000000,0.000000
0.010470,3.400056,0.852077,0.068309,-0.035246,0.901737,0.425396,0.132369,0.174720,0.023311,0.861292,-0.331742,0.066177,-0.104756,-0.135302,-0.099844,0.309253,-0.135650,-0.030002,-0.095683,0.003690,0.118343,0.276663,-0.464277,1.018087,1.536157,0.000000,0.000000,0.404693,-0.165352,0.131751,1.122903,-0.045564,0.000000,0.000000
0.011900,3.405239,0.852858,0.067839,-0.034138,0.904839,0.418926,0.125810,0.185294,0.042932,0.861757,-0.329804,0.065581,-0.101271,-0.133221,-0.108218,0.312361,-0.143014,-0.028153,-0.091952,0.003580,0.118216,0.273643,-0.476259,1.041220,1.545174,0.000000,0.000000,0.401330,-0.171439,0.129463,1.108725,-0.042021,0.000000,0.000000
0.013464,3.410397,0.853711,0.067309,-0.032954,0.907274,0.413807,0.119803,0.194604,0.064403,0.860268,-0.329302,0.064220,-0.097995,-0.130809,-0.115985,0.313617,-0.148955,-0.026313,-0.088313,0.003470,0.120572,0.270082,-0.483828,1.063135,1.553413,0.000000,0.000000,0.397548,-0.176330,0.129883,1.094644,-0.040975,0.000000,0.000000
0.014681,3.415348,0.854608,0.066703,-0.031439,0.909484,0.409147,0.114370,0.200742,0.083827,0.857080,-0.330566,0.062237,-0.095119,-0.129051,-0.123795,0.313889,-0.154418,-0.024625,-0.085204,0.003399,0.124839,0.267680,-0.488497,1.080319,1.561600,0.000000,0.000000,0.393961,-0.179183,0.132860,1.084592,-0.032760,0.000000,0.000000
0.015400,3.419892,0.855469,0.066156,-0.029717,0.911694,0.404420,0.108897,0.203789,0.101429,0.852287,-0.331147,0.059611,-0.092233,-0.128357,-0.131242,0.313772,-0.159887,-0.023269,-0.081981,0.003268,0.130260,0.266347,-0.490468,1.095565,1.568420,0.000000,0.000000,0.389852,-0.183080,0.135538,1.076173,-0.020408,0.000000,0.000000
0.015708,3.424054,0.856253,0.065727,-0.027951,0.913681,0.400108,0.103559,0.203968,0.117227,0.846088,-0.330418,0.056422,-0.089367,-0.128635,-0.137915,0.313452,-0.164502,-0.022287,-0.077998,0.003068,0.135539,0.265748,-0.490618,1.108961,1.570302,0.000000,0.000000,0.385574,-0.190496,0.137362,1.063437,-0.012615,0.000000,0.000000
0.015914,3.428059,0.856977,0.065411,-0.026268,0.915791,0.395421,0.098253,0.203021,0.131892,0.838515,-0.327331,0.053094,-0.086398,-0.129223,-0.145355,0.313029,-0.167685,-0.021254,-0.074042,0.002931,0.140732,0.266967,-0.493693,1.119816,1.570796,0.000000,0.000000,0.381443,-0.199233,0.138741,1.048410,-0.009580,0.000000,0.000000
0.015910,3.431749,0.857685,0.065034,-0.024486,0.917880,0.390728,0.092899,0.201062,0.147380,0.829565,-0.322543,0.049297,-0.083567,-0.130198,-0.153380,0.312554,-0.171002,-0.020224,-0.070201,0.002803,0.146545,0.269561,-0.496818,1.128838,1.570800,0.000000,0.000000,0.377685,-0.207475,0.139171,1.032849,-0.008553,0.000000,0.000000
0.015713,3.435065,0.858404,0.064580,-0.022517,0.919706,0.386605,0.087340,0.197264,0.164383,0.819317,-0.318323,0.044623,-0.081020,-0.131723,-0.161047,0.311744,-0.174395,-0.019398,-0.066169,0.002696,0.153267,0.271745,-0.495054,1.137426,1.570800,0.000000,0.000000,0.373993,-0.216341,0.140131,1.016249,-0.008313,0.000000,0.000000
0.015733,3.438532,0.859079,0.063949,-0.020739,0.921360,0.382852,0.082098,0.193806,0.182070,0.809726,-0.314201,0.039949,-0.078779,-0.132577,-0.167950,0.310539,-0.176965,-0.018522,-0.062464,0.002543,0.160640,0.274220,-0.486873,1.144195,1.570800,0.000000,0.000000,0.370233,-0.225637,0.140593,1.000117,-0.002630,0.000000,0.000000
0.016141,3.442409,0.859701,0.063185,-0.019253,0.922959,0.379188,0.077047,0.192746,0.202530,0.802018,-0.310411,0.035523,-0.076636,-0.132214,-0.174290,0.309330,-0.180431,-0.017429,-0.058994,0.002390,0.168718,0.277761,-0.474325,1.149054,1.570800,0.000000,0.000000,0.365936,-0.235406,0.140682,0.984212,0.007536,0.000000,0.000000
0.016545,3.446460,0.860272,0.062365,-0.017859,0.924606,0.375361,0.072135,0.193318,0.224592,0.795628,-0.308473,0.031314,-0.074455,-0.131427,-0.179531,0.308397,-0.185632,-0.016420,-0.056005,0.002269,0.178862,0.280700,-0.459333,1.150700,1.570800,0.000000,0.000000,0.361820,-0.244436,0.140765,0.968127,0.016533,0.000000,0.000000
0.017030,3.451004,0.860771,0.061614,-0.016797,0.926195,0.371596,0.067925,0.196584,0.249569,0.791090,-0.305627,0.027440,-0.071928,-0.129779,-0.184580,0.307891,-0.190976,-0.015227,-0.053281,0.002120,0.191393,0.282232,-0.443200,1.150257,1.570800,0.000000,0.000000,0.357963,-0.251970,0.141108,0.952489,0.022058,0.000000,0.000000
0.017561,3.455835,0.861221,0.060901,-0.016120,0.927732,0.367891,0.064345,0.201843,0.276060,0.787874,-0.300181,0.023944,-0.068914,-0.127067,-0.189213,0.307313,-0.194009,-0.013850,-0.050581,0.001999,0.203466,0.285873,-0.430604,1.148563,1.559524,0.000000,0.000000,0.354341,-0.259504,0.142372,0.937090,0.024486,0.000000,0.000000
0.017883,3.460587,0.861644,0.060164,-0.015594,0.929587,0.363326,0.060763,0.207653,0.301509,0.785206,-0.293661,0.020849,-0.065279,-0.124072,-0.194531,0.306160,-0.196332,-0.012305,-0.047689,0.001867,0.213352,0.290520,-0.420200,1.148065,1.548964,0.000000,0.000000,0.351283,-0.266993,0.142113,0.921572,0.024421,0.000000,0.000000
0.017975,3.465365,0.862036,0.059331,-0.015085,0.931636,0.358199,0.057391,0.213922,0.325840,0.783062,-0.288240,0.018144,-0.061416,-0.121201,-0.200165,0.304561,-0.198932,-0.010741,-0.044796,0.001725,0.221363,0.296602,-0.409409,1.145840,1.543358,0.000000,0.000000,0.348708,-0.274060,0.138385,0.907527,0.026032,0.000000,0.000000
0.017866,3.470118,0.862359,0.058730,-0.014732,0.933591,0.353189,0.054559,0.220791,0.350084,0.781473,-0.282785,0.015684,-0.057279,-0.118187,-0.205659,0.303502,-0.203031,-0.009174,-0.041838,0.001558,0.229700,0.303057,-0.398508,1.141075,1.540179,0.000000,0.000000,0.345983,-0.280776,0.133452,0.894432,0.028471,0.000000,0.000000
0.017552,3.475038,0.862612,0.058379,-0.014509,0.935687,0.347665,0.052664,0.227785,0.370667,0.779842,-0.278760,0.014013,-0.052739,-0.115184,-0.210512,0.302805,-0.207518,-0.007706,-0.039483,0.001435,0.238216,0.308581,-0.390735,1.137259,1.541889,0.000000,0.000000,0.343242,-0.285980,0.127220,0.883311,0.032642,0.000000,0.000000
0.016990,3.479740,0.862850,0.057897,-0.014162,0.938065,0.341294,0.051048,0.234089,0.388294,0.777290,-0.275263,0.012715,-0.048014,-0.112535,-0.215388,0.301770,-0.212298,-0.006324,-0.037586,0.001357,0.246506,0.314256,-0.385840,1.133421,1.547112,0.000000,0.000000,0.340991,-0.290443,0.119576,0.873233,0.039385,0.000000,0.000000
0.016286,3.484010,0.863096,0.057214,-0.013637,0.940588,0.334417,0.049182,0.239277,0.403840,0.773403,-0.270327,0.011449,-0.043253,-0.110205,-0.220458,0.300424,-0.216263,-0.005002,-0.035580,0.001265,0.253872,0.320442,-0.383146,1.128606,1.553068,0.000000,0.000000,0.339042,-0.294109,0.109675,0.863325,0.047772,0.000000,0.000000
0.015416,3.488147,0.863303,0.056527,-0.013098,0.942900,0.327984,0.047680,0.243735,0.417945,0.769165,-0.265851,0.010241,-0.038934,-0.108284,-0.225505,0.299226,-0.219221,-0.003772,-0.033088,0.001151,0.259177,0.326003,-0.381467,1.125235,1.558226,0.000000,0.000000,0.337600,-0.297817,0.099993,0.853171,0.051072,0.000000,0.000000
0.014397,3.492221,0.863432,0.056021,-0.012733,0.945166,0.321498,0.046619,0.248899,0.433230,0.764876,-0.261917,0.009081,-0.034366,-0.106399,-0.230432,0.298323,-0.223287,-0.002574,-0.030129,0.000991,0.263717,0.331846,-0.380857,1.122659,1.564315,0.000000,0.000000,0.337365,-0.302652,0.091455,0.841585,0.052230,0.000000,0.000000
0.013318,3.496126,0.863526,0.055490,-0.012339,0.947443,0.314835,0.045854,0.254337,0.448700,0.759779,-0.257575,0.008017,-0.029743,-0.104673,-0.235291,0.297618,-0.227328,-0.001427,-0.027189,0.000866,0.267789,0.337681,-0.380792,1.120899,1.568666,0.000000,0.000000,0.337665,-0.307246,0.081761,0.830997,0.053752,0.000000,0.000000
0.012434,3.499594,0.863595,0.054827,-0.011867,0.949647,0.308260,0.044944,0.259151,0.463399,0.752856,-0.253336,0.006926,-0.025596,-0.103083,-0.240319,0.297111,-0.231323,-0.000287,-0.024422,0.000749,0.270929,0.343512,-0.381082,1.118855,1.570381,0.000000,0.000000,0.336442,-0.311415,0.069751,0.823323,0.054889,0.000000,0.000000
0.011466,3.503208,0.863607,0.054248,-0.011521,0.951677,0.302051,0.044491,0.263695,0.476352,0.745793,-0.250137,0.006106,-0.021887,-0.101506,-0.243998,0.296821,-0.235036,0.000647,-0.022137,0.000625,0.274333,0.349605,-0.381549,1.116093,1.570800,0.000000,0.000000,0.335299,-0.315978,0.058224,0.817855,0.055773,0.000000,0.000000
0.010389,3.506891,0.863613,0.053888,-0.011176,0.953475,0.296408,0.044650,0.268364,0.488891,0.738534,-0.247491,0.005456,-0.018094,-0.099841,-0.246850,0.296913,-0.238397,0.001479,-0.019860,0.000552,0.278587,0.356295,-0.381519,1.112274,1.570800,0.000000,0.000000,0.335068,-0.320191,0.046702,0.811925,0.061142,0.000000,0.000000
0.009213,3.509568,0.863601,0.053523,-0.010577,0.955278,0.290632,0.044846,0.271729,0.501421,0.730741,-0.245612,0.004413,-0.014895,-0.099085,-0.249850,0.297756,-0.241208,0.002098,-0.017527,0.000459,0.282545,0.361673,-0.380042,1.108265,1.570800,0.000000,0.000000,0.334801,-0.323332,0.035474,0.804282,0.070000,0.000000,0.000000
0.008130,3.511776,0.863504,0.052848,-0.009945,0.957098,0.284730,0.044898,0.274409,0.514569,0.722556,-0.243373,0.003053,-0.012536,-0.098806,-0.253117,0.299213,-0.243978,0.002644,-0.015568,0.000399,0.285639,0.366642,-0.377098,1.105037,1.570800,0.000000,0.000000,0.333910,-0.326724,0.024296,0.797658,0.077923,0.000000,0.000000
0.007280,3.513364,0.863370,0.051954,-0.009160,0.959020,0.278384,0.044297,0.275624,0.525250,0.713516,-0.241719,0.001655,-0.011086,-0.099059,-0.257283,0.301159,-0.247797,0.003199,-0.013714,0.000313,0.287709,0.372243,-0.374029,1.101602,1.570800,0.000000,0.000000,0.332823,-0.331654,0.012378,0.793135,0.083986,0.000000,0.000000
0.006552,3.515281,0.863271,0.051408,-0.008286,0.960880,0.272027,0.043779,0.276088,0.530384,0.705101,-0.242805,0.000996,-0.009832,-0.099557,-0.261281,0.303304,-0.251670,0.003684,-0.011698,0.000207,0.288991,0.377078,-0.371337,1.098750,1.570800,0.000000,0.000000,0.332043,-0.336486,0.001526,0.789698,0.087528,0.000000,0.000000
0.006083,3.517013,0.863132,0.050844,-0.007545,0.962554,0.266174,0.043371,0.276664,0.534473,0.697782,-0.243288,0.000543,-0.008873,-0.100031,-0.264082,0.305540,-0.254952,0.003993,-0.010038,0.000152,0.290562,0.381019,-0.367623,1.095841,1.570800,0.000000,0.000000,0.330805,-0.339993,-0.007261,0.787002,0.091804,0.000000,0.000000
0.005924,3.518530,0.862987,0.050185,-0.006793,0.964110,0.260627,0.042887,0.277118,0.537524,0.690002,-0.242163,0.000233,-0.008201,-0.100422,-0.265265,0.307748,-0.257508,0.004065,-0.008352,0.000077,0.291706,0.385109,-0.364029,1.092899,1.570800,0.000000,0.000000,0.328926,-0.344094,-0.015486,0.784611,0.096889,0.000000,0.000000
0.005706,3.519977,0.862812,0.049475,-0.006176,0.965586,0.255261,0.042549,0.277584,0.539374,0.681692,-0.239881,0.000134,-0.007681,-0.100768,-0.265326,0.309702,-0.259882,0.003969,-0.006079,0.000005,0.292343,0.388739,-0.359112,1.090081,1.570800,0.000000,0.000000,0.327518,-0.349215,-0.023509,0.781677,0.101065,0.000000,0.000000
0.005445,3.521310,0.862658,0.048832,-0.005522,0.967079,0.249686,0.042389,0.277894,0.540018,0.674163,-0.237767,0.000189,-0.007323,-0.101215,-0.265417,0.311531,-0.262132,0.003860,-0.003961,-0.000071,0.292923,0.391793,-0.354364,1.087305,1.570800,0.000000,0.000000,0.326690,-0.352983,-0.030426,0.779573,0.104263,0.000000,0.000000
0.005258,3.522329,0.862470,0.048226,-0.004684,0.968714,0.243403,0.042148,0.277592,0.538387,0.664359,-0.235801,0.000456,-0.007033,-0.102198,-0.266364,0.314190,-0.265324,0.003747,-0.001654,-0.000103,0.293692,0.395795,-0.350218,1.083406,1.570800,0.000000,0.000000,0.325582,-0.356076,-0.039397,0.777752,0.107585,0.000000,0.000000
0.005127,3.523080,0.862274,0.047578,-0.003691,0.970446,0.236552,0.041661,0.276507,0.533884,0.654299,-0.234224,0.000949,-0.006856,-0.103617,-0.267437,0.317084,-0.268866,0.003543,0.000154,-0.000177,0.294231,0.400046,-0.347311,1.078914,1.570800,0.000000,0.000000,0.324868,-0.359415,-0.047650,0.775987,0.105579,0.000000,0.000000
0.005152,3.523613,0.862086,0.046941,-0.002564,0.972159,0.229557,0.040708,0.274754,0.527206,0.644573,-0.232503,0.001574,-0.006815,-0.105382,-0.267930,0.320124,-0.272235,0.003159,0.001310,-0.000251,0.294461,0.403568,-0.344720,1.074675,1.570800,0.000000,0.000000,0.323631,-0.363765,-0.054155,0.776443,0.096123,0.000000,0.000000
0.005213,3.524123,0.861844,0.046569,-0.001539,0.973746,0.222816,0.039337,0.272660,0.518399,0.634995,-0.230553,0.002433,-0.006733,-0.107619,-0.267800,0.323642,-0.276343,0.002558,0.002395,-0.000307,0.294347,0.406750,-0.340185,1.070588,1.570800,0.000000,0.000000,0.321094,-0.369317,-0.060323,0.779836,0.084528,0.000000,0.000000
0.005324,3.524717,0.861669,0.046348,-0.000575,0.975188,0.216470,0.038057,0.270968,0.510295,0.628073,-0.228595,0.003273,-0.006566,-0.109540,-0.266799,0.326408,-0.280125,0.001904,0.003382,-0.000297,0.293744,0.409260,-0.335381,1.067678,1.570800,0.000000,0.000000,0.318403,-0.373300,-0.065751,0.782836,0.083634,0.000000,0.000000
0.005500,3.525371,0.861436,0.046004,0.000464,0.976589,0.210135,0.036262,0.268714,0.499203,0.619871,-0.226197,0.004412,-0.006394,-0.111723,-0.264767,0.329568,-0.285329,0.001020,0.004772,-0.000242,0.292573,0.410870,-0.329098,1.065003,1.570800,0.000000,0.000000,0.314509,-0.376027,-0.074746,0.785866,0.101333,0.000000,0.000000
0.005660,3.525764,0.861228,0.045713,0.001492,0.977974,0.203655,0.034670,0.266417,0.488662,0.612922,-0.224745,0.005435,-0.006345,-0.113595,-0.263503,0.332703,-0.290735,0.000339,0.006595,-0.000322,0.291177,0.411975,-0.323823,1.062794,1.568899,0.000000,0.000000,0.311680,-0.379737,-0.080214,0.790086,0.102644,0.000000,0.000000
0.005729,3.525924,0.860965,0.045664,0.002647,0.979319,0.197085,0.033242,0.263870,0.478084,0.605979,-0.223093,0.006376,-0.006326,-0.115994,-0.263050,0.337144,-0.296455,-0.000347,0.007621,-0.000367,0.289577,0.413076,-0.319116,1.060394,1.560939,0.000000,0.000000,0.308085,-0.383607,-0.084036,0.795921,0.099477,0.000000,0.000000
0.005775,3.525954,0.860660,0.045606,0.003929,0.980639,0.190401,0.031843,0.261162,0.467645,0.599342,-0.221566,0.007249,-0.006361,-0.118769,-0.262936,0.342341,-0.300757,-0.001068,0.008036,-0.000349,0.287683,0.414431,-0.314961,1.057496,1.553518,0.000000,0.000000,0.304853,-0.387444,-0.086356,0.800474,0.099325,0.000000,0.000000
0.005981,3.526100,0.860439,0.045479,0.005204,0.981859,0.184002,0.030443,0.258805,0.458347,0.594006,-0.220281,0.008052,-0.006488,-0.121115,-0.263205,0.346701,-0.303595,-0.001612,0.008586,-0.000337,0.286239,0.416191,-0.311121,1.054227,1.550167,0.000000,0.000000,0.302721,-0.391163,-0.087888,0.803362,0.100010,0.000000,0.000000
0.006260,3.526448,0.860268,0.045421,0.006432,0.982949,0.178065,0.028962,0.256645,0.449203,0.589048,-0.218803,0.008890,-0.006580,-0.123296,-0.263012,0.350498,-0.306167,-0.002185,0.009401,-0.000332,0.285202,0.418619,-0.307109,1.050828,1.549356,0.000000,0.000000,0.300681,-0.394971,-0.088096,0.806890,0.099538,0.000000,0.000000
0.006507,3.526640,0.860136,0.045351,0.007655,0.984022,0.172004,0.027440,0.254286,0.439592,0.583688,-0.217661,0.009744,-0.006598,-0.125521,-0.262496,0.353667,-0.308420,-0.002819,0.010311,-0.000350,0.284187,0.421033,-0.304003,1.047335,1.547783,0.000000,0.000000,0.298867,-0.398726,-0.087030,0.810462,0.096506,0.000000,0.000000
0.006603,3.526661,0.859979,0.045198,0.008809,0.985074,0.165860,0.025829,0.251496,0.428886,0.577239,-0.215479,0.010647,-0.006506,-0.128078,-0.261685,0.356439,-0.311104,-0.003582,0.011291,-0.000358,0.283309,0.423246,-0.299923,1.042539,1.543718,0.000000,0.000000,0.297447,-0.402960,-0.084690,0.813515,0.095056,0.000000,0.000000
0.006421,3.526500,0.859854,0.044983,0.009795,0.986069,0.159839,0.024644,0.249137,0.420089,0.571584,-0.213231,0.011378,-0.006272,-0.130300,-0.261197,0.358284,-0.314627,-0.004216,0.012121,-0.000364,0.282232,0.424101,-0.295017,1.038931,1.541015,0.000000,0.000000,0.296349,-0.406475,-0.081848,0.815819,0.095768,0.000000,0.000000
0.006170,3.526340,0.859757,0.045009,0.010909,0.986970,0.154098,0.023733,0.246731,0.411498,0.565954,-0.211866,0.012065,-0.005855,-0.132787,-0.261573,0.360494,-0.318582,-0.004781,0.012562,-0.000393,0.280933,0.424142,-0.290297,1.036033,1.539807,0.000000,0.000000,0.294858,-0.409874,-0.077939,0.818140,0.094559,0.000000,0.000000
0.006035,3.526244,0.859636,0.045148,0.012048,0.987801,0.148547,0.023030,0.244353,0.403086,0.560402,-0.210996,0.012743,-0.005338,-0.135336,-0.262820,0.363281,-0.321962,-0.005226,0.013056,-0.000394,0.279703,0.423871,-0.286277,1.033532,1.539903,0.000000,0.000000,0.293524,-0.412816,-0.073313,0.820457,0.091822,0.000000,0.000000
0.006097,3.526011,0.859506,0.045028,0.013307,0.988650,0.142709,0.022145,0.241754,0.395044,0.554604,-0.209611,0.013299,-0.004984,-0.137987,-0.265825,0.366277,-0.324714,-0.005421,0.013814,-0.000402,0.278279,0.423626,-0.283138,1.031020,1.539939,0.000000,0.000000,0.292436,-0.415562,-0.069533,0.822610,0.088159,0.000000,0.000000
0.006412,3.525698,0.859353,0.044639,0.014712,0.989491,0.136742,0.020778,0.238422,0.386303,0.547467,-0.207410,0.013745,-0.005033,-0.140970,-0.270881,0.369784,-0.327230,-0.005378,0.014957,-0.000410,0.275877,0.423320,-0.279807,1.028303,1.540460,0.000000,0.000000,0.291102,-0.418428,-0.066157,0.824965,0.083671,0.000000,0.000000
0.006765,3.525352,0.859240,0.044406,0.016160,0.990269,0.130897,0.019398,0.235055,0.378434,0.540429,-0.205354,0.014030,-0.005293,-0.143962,-0.277477,0.373630,-0.328753,-0.005094,0.016376,-0.000429,0.273310,0.422888,-0.276081,1.026034,1.541288,0.000000,0.000000,0.289636,-0.421172,-0.062308,0.827648,0.077214,0.000000,0.000000
0.007188,3.525054,0.859130,0.044116,0.017518,0.990929,0.125720,0.017927,0.231562,0.370969,0.533030,-0.203629,0.014202,-0.005707,-0.146974,-0.284823,0.377338,-0.329754,-0.004695,0.017895,-0.000455,0.270899,0.422133,-0.271402,1.023767,1.539702,0.000000,0.000000,0.287491,-0.424374,-0.055658,0.831462,0.068680,0.000000,0.000000
0.007685,3.524795,0.859156,0.043566,0.018804,0.991512,0.121048,0.016487,0.228684,0.365419,0.526911,-0.202459,0.014244,-0.006202,-0.149247,-0.290922,0.379273,-0.330412,-0.004312,0.019141,-0.000493,0.269079,0.421190,-0.266849,1.021407,1.535867,0.000000,0.000000,0.285453,-0.427145,-0.048922,0.834562,0.064250,0.000000,0.000000
0.008127,3.524518,0.859244,0.042987,0.020003,0.992156,0.115666,0.014804,0.225945,0.360401,0.520801,-0.200137,0.014240,-0.006644,-0.151458,-0.297751,0.380285,-0.331921,-0.003806,0.020137,-0.000521,0.267136,0.420373,-0.262503,1.018148,1.532931,0.000000,0.000000,0.284467,-0.429923,-0.042418,0.835384,0.062022,0.000000,0.000000
0.008478,3.524264,0.859342,0.042508,0.021160,0.992542,0.112272,0.013673,0.223511,0.357459,0.515408,-0.197415,0.013972,-0.007274,-0.153458,-0.302346,0.381410,-0.334011,-0.003610,0.021145,-0.000512,0.266387,0.419111,-0.257338,1.015300,1.530862,0.000000,0.000000,0.282629,-0.432068,-0.035203,0.835728,0.062209,0.000000,0.000000
0.008584,3.523706,0.859374,0.042226,0.022360,0.993102,0.107078,0.012578,0.220704,0.354280,0.509387,-0.194789,0.013645,-0.007728,-0.156045,-0.307780,0.383221,-0.337121,-0.003435,0.022232,-0.000510,0.265942,0.417730,-0.253920,1.012558,1.529007,0.000000,0.000000,0.280459,-0.433569,-0.028576,0.837256,0.064131,0.000000,0.000000
0.008509,3.523000,0.859401,0.042189,0.023732,0.993704,0.101043,0.011601,0.217449,0.349889,0.502947,-0.192800,0.013402,-0.007731,-0.159409,-0.314771,0.385487,-0.339907,-0.003215,0.023347,-0.000536,0.265513,0.416907,-0.251778,1.010074,1.527531,0.000000,0.000000,0.278862,-0.435184,-0.022734,0.839340,0.063280,0.000000,0.000000
0.008505,3.522557,0.859325,0.042167,0.024970,0.994214,0.095583,0.010752,0.213684,0.343889,0.494729,-0.190825,0.013297,-0.007459,-0.163449,-0.323266,0.388274,-0.341798,-0.002933,0.024820,-0.000578,0.264474,0.416141,-0.248131,1.007599,1.526248,0.000000,0.000000,0.278040,-0.437786,-0.015007,0.840215,0.053894,0.000000,0.000000
0.008706,3.522070,0.859277,0.041697,0.026158,0.994701,0.090264,0.009914,0.210298,0.337804,0.486652,-0.188498,0.013337,-0.007468,-0.166717,-0.330443,0.390299,-0.342527,-0.002668,0.026288,-0.000611,0.262649,0.415123,-0.245037,1.005627,1.526980,0.000000,0.000000,0.277932,-0.439957,-0.008540,0.839720,0.039708,0.000000,0.000000
0.009027,3.521551,0.859273,0.041125,0.027271,0.995151,0.085090,0.009136,0.207949,0.334444,0.480523,-0.185806,0.013216,-0.007669,-0.169098,-0.335178,0.391760,-0.343052,-0.002560,0.027114,-0.000634,0.261651,0.414036,-0.242749,1.003854,1.528004,0.000000,0.000000,0.277619,-0.440824,-0.003761,0.839363,0.030579,0.000000,0.000000
0.009658,3.520982,0.859274,0.040613,0.028475,0.995545,0.080187,0.008135,0.205138,0.330370,0.473541,-0.183485,0.013080,-0.008113,-0.171710,-0.339149,0.393570,-0.343231,-0.002634,0.027548,-0.000639,0.261390,0.412434,-0.239561,1.001680,1.528059,0.000000,0.000000,0.276338,-0.441045,0.001766,0.839613,0.023566,0.000000,0.000000
0.010373,3.520622,0.859237,0.040055,0.029625,0.995887,0.075672,0.007090,0.202383,0.326542,0.466354,-0.180303,0.012921,-0.008747,-0.174348,-0.342014,0.395583,-0.343225,-0.002886,0.027566,-0.000618,0.262264,0.410674,-0.235494,0.998624,1.527801,0.000000,0.000000,0.274715,-0.441314,0.008886,0.839716,0.017281,0.000000,0.000000
0.011153,3.520312,0.859142,0.039620,0.030447,0.996201,0.071315,0.006247,0.200354,0.323834,0.460083,-0.177918,0.012783,-0.009368,-0.176401,-0.343044,0.397531,-0.342873,-0.003264,0.027595,-0.000627,0.263482,0.409062,-0.231660,0.996077,1.527837,0.000000,0.000000,0.273443,-0.441902,0.015639,0.840006,0.012495,0.000000,0.000000
0.011802,3.519975,0.858928,0.039482,0.031009,0.996503,0.066798,0.005453,0.198325,0.320298,0.452795,-0.175814,0.012795,-0.009881,-0.178610,-0.342025,0.400067,-0.342864,-0.003991,0.028115,-0.000656,0.264718,0.407175,-0.227523,0.994046,1.527061,0.000000,0.000000,0.272478,-0.442403,0.023154,0.840732,0.008823,0.000000,0.000000
0.012352,3.519492,0.858719,0.039289,0.031707,0.996814,0.061743,0.004774,0.196467,0.315939,0.446922,-0.173704,0.013008,-0.010138,-0.180601,-0.339746,0.402483,-0.343550,-0.004854,0.028380,-0.000638,0.265983,0.406096,-0.224517,0.991837,1.525849,0.000000,0.000000,0.271600,-0.442605,0.029031,0.841484,0.007295,0.000000,0.000000
0.012942,3.518965,0.858482,0.038874,0.032548,0.997106,0.056639,0.003827,0.194214,0.309935,0.441253,-0.169140,0.013406,-0.010315,-0.182943,-0.336830,0.404893,-0.344093,-0.005908,0.028385,-0.000595,0.267730,0.405500,-0.221538,0.988442,1.524323,0.000000,0.000000,0.270284,-0.442528,0.034337,0.841600,0.009664,0.000000,0.000000
0.013548,3.518564,0.858206,0.038491,0.033311,0.997386,0.051292,0.002509,0.191676,0.301697,0.435087,-0.159921,0.014128,-0.010160,-0.185917,-0.333862,0.406993,-0.344277,-0.007123,0.028474,-0.000557,0.270018,0.404869,-0.218376,0.983626,1.523774,0.000000,0.000000,0.268950,-0.441474,0.038943,0.840175,0.017176,0.000000,0.000000
0.014292,3.518346,0.857979,0.037958,0.033897,0.997671,0.045416,0.000957,0.189723,0.293701,0.428937,-0.151455,0.014952,-0.009577,-0.188407,-0.330668,0.407729,-0.343366,-0.008244,0.028621,-0.000571,0.271578,0.404641,-0.217276,0.979565,1.523929,0.000000,0.000000,0.268832,-0.440752,0.042888,0.836954,0.020397,0.000000,0.000000
0.015175,3.517941,0.857787,0.037299,0.034566,0.997946,0.038955,-0.001097,0.187388,0.283527,0.421070,-0.147285,0.016000,-0.008627,-0.190967,-0.326699,0.407760,-0.339498,-0.009518,0.028465,-0.000619,0.272135,0.404530,-0.217863,0.976358,1.523870,0.000000,0.000000,0.269740,-0.440523,0.048153,0.833188,0.014643,0.000000,0.000000
0.016290,3.517571,0.857619,0.036560,0.035138,0.998176,0.032751,-0.003579,0.184826,0.272570,0.412023,-0.148856,0.017070,-0.007783,-0.193060,-0.321108,0.407172,-0.336433,-0.010925,0.028576,-0.000638,0.271927,0.404655,-0.219873,0.973784,1.524514,0.000000,0.000000,0.270145,-0.439199,0.052279,0.830226,0.008860,0.000000,0.000000
0.017303,3.517269,0.857545,0.035925,0.035786,0.998364,0.026412,-0.005935,0.182816,0.263637,0.405006,-0.151379,0.017960,-0.006925,-0.194757,-0.315411,0.406153,-0.336492,-0.012241,0.028574,-0.000635,0.271585,0.404354,-0.221417,0.971798,1.523723,0.000000,0.000000,0.270368,-0.436898,0.053457,0.828483,0.006534,0.000000,0.000000
0.018060,3.517126,0.857466,0.035382,0.036355,0.998504,0.020420,-0.008079,0.181537,0.256785,0.400081,-0.151383,0.018725,-0.005836,-0.196264,-0.309624,0.404962,-0.338282,-0.013520,0.028544,-0.000633,0.271708,0.403993,-0.221417,0.969691,1.521053,0.000000,0.000000,0.271005,-0.435021,0.053137,0.826274,0.006143,0.000000,0.000000
0.018903,3.517114,0.857369,0.034790,0.036792,0.998612,0.014466,-0.010704,0.180407,0.249118,0.394914,-0.150443,0.019664,-0.004378,-0.197535,-0.301748,0.402945,-0.341765,-0.015046,0.029090,-0.000641,0.271974,0.403589,-0.220986,0.967809,1.520672,0.000000,0.000000,0.272504,-0.433265,0.053474,0.822271,0.006614,0.000000,0.000000
0.019779,3.516935,0.857285,0.034228,0.037226,0.998686,0.008322,-0.013280,0.179208,0.241060,0.389962,-0.149419,0.020641,-0.002801,-0.198639,-0.293454,0.400766,-0.344510,-0.016595,0.030103,-0.000680,0.271976,0.402824,-0.221749,0.966543,1.521917,0.000000,0.000000,0.274321,-0.431842,0.055610,0.818285,0.007912,0.000000,0.000000
0.020652,3.516572,0.857193,0.033587,0.037757,0.998720,0.001961,-0.015812,0.177644,0.232607,0.384662,-0.148204,0.021579,-0.001176,-0.199990,-0.285745,0.398685,-0.346781,-0.018121,0.031007,-0.000719,0.271797,0.401813,-0.223306,0.965260,1.520673,0.000000,0.000000,0.275977,-0.430384,0.058144,0.815089,0.008730,0.000000,0.000000
0.021577,3.516370,0.857109,0.032818,0.038229,0.998722,-0.004071,-0.018356,0.176100,0.224935,0.379153,-0.146161,0.022391,0.000302,-0.201062,-0.278173,0.396428,-0.348554,-0.019546,0.031508,-0.000760,0.271773,0.400896,-0.224297,0.964117,1.517192,0.000000,0.000000,0.276998,-0.428769,0.060680,0.813279,0.009396,0.000000,0.000000
0.022440,3.516191,0.857028,0.032002,0.038571,0.998691,-0.010214,-0.020811,0.174861,0.218838,0.374240,-0.144107,0.023026,0.001620,-0.201626,-0.271735,0.394236,-0.350128,-0.020659,0.031600,-0.000745,0.272370,0.400573,-0.225058,0.962300,1.516172,0.000000,0.000000,0.277143,-0.427116,0.062097,0.811644,0.012687,0.000000,0.000000
0.023145,3.515856,0.856962,0.031487,0.038845,0.998615,-0.016355,-0.023391,0.173693,0.213224,0.369643,-0.142177,0.023589,0.003324,-0.202195,-0.265549,0.391900,-0.351725,-0.021735,0.032327,-0.000755,0.272981,0.399932,-0.226581,0.961111,1.516892,0.000000,0.000000,0.277498,-0.425052,0.062865,0.809250,0.017375,0.000000,0.000000
0.023758,3.515363,0.856890,0.030983,0.039172,0.998505,-0.022193,-0.025950,0.172322,0.207738,0.365262,-0.140299,0.024071,0.005292,-0.202993,-0.259566,0.389475,-0.352876,-0.022844,0.033573,-0.000820,0.273314,0.398754,-0.229079,0.961400,1.517264,0.000000,0.000000,0.278258,-0.423118,0.064579,0.807168,0.018549,0.000000,0.000000
0.024495,3.514926,0.856836,0.030578,0.039551,0.998365,-0.027700,-0.028396,0.170717,0.202455,0.361129,-0.138365,0.024456,0.007316,-0.203915,-0.254180,0.387193,-0.353226,-0.023903,0.034694,-0.000901,0.273575,0.397256,-0.231318,0.962749,1.517161,0.000000,0.000000,0.278404,-0.421350,0.067315,0.806446,0.015530,0.000000,0.000000
0.025347,3.514678,0.856815,0.030144,0.039964,0.998198,-0.033092,-0.030452,0.169252,0.198152,0.357488,-0.136242,0.024732,0.009010,-0.204656,-0.250231,0.385259,-0.353622,-0.024699,0.035405,-0.000931,0.273643,0.396222,-0.233559,0.964274,1.518115,0.000000,0.000000,0.277934,-0.419995,0.070061,0.806310,0.014069,0.000000,0.000000
0.026173,3.514546,0.856795,0.029592,0.040349,0.998012,-0.038317,-0.032583,0.167779,0.194041,0.353510,-0.134118,0.024969,0.010716,-0.205318,-0.247098,0.383165,-0.354638,-0.025339,0.036281,-0.000961,0.273515,0.395319,-0.236084,0.966287,1.519928,0.000000,0.000000,0.277168,-0.418381,0.072882,0.806101,0.015061,0.000000,0.000000
0.026939,3.514503,0.856814,0.028910,0.040642,0.997805,-0.043572,-0.034901,0.166402,0.190208,0.349589,-0.132184,0.025185,0.012521,-0.205630,-0.244520,0.380415,-0.355886,-0.025802,0.037318,-0.000981,0.273563,0.394086,-0.237519,0.968636,1.520381,0.000000,0.000000,0.276556,-0.416146,0.075449,0.804985,0.016871,0.000000,0.000000
0.027683,3.514348,0.856927,0.028194,0.040947,0.997613,-0.047915,-0.037577,0.164763,0.186814,0.345319,-0.129828,0.025236,0.014535,-0.205799,-0.241598,0.376661,-0.356825,-0.026280,0.039161,-0.001035,0.274678,0.392232,-0.237963,0.970377,1.520224,0.000000,0.000000,0.276576,-0.413322,0.079824,0.802217,0.017843,0.000000,0.000000
0.028362,3.513970,0.857043,0.027376,0.041181,0.997418,-0.052086,-0.040122,0.162997,0.184301,0.341332,-0.127810,0.025101,0.016261,-0.205993,-0.239937,0.372903,-0.357929,-0.026570,0.041186,-0.001149,0.276929,0.390140,-0.237940,0.970985,1.520724,0.000000,0.000000,0.276286,-0.410385,0.084025,0.799728,0.019479,0.000000,0.000000
0.029124,3.513442,0.857131,0.026795,0.041319,0.997206,-0.056164,-0.042183,0.161339,0.182705,0.338039,-0.126115,0.024858,0.017519,-0.206273,-0.240444,0.370193,-0.358901,-0.026554,0.043161,-0.001211,0.278958,0.388140,-0.236796,0.972115,1.523006,0.000000,0.000000,0.275474,-0.408012,0.087380,0.798789,0.021730,0.000000,0.000000
0.029915,3.512903,0.857266,0.026203,0.041413,0.996983,-0.060186,-0.044771,0.159077,0.180693,0.333636,-0.123200,0.024508,0.018912,-0.206563,-0.242936,0.367043,-0.359964,-0.026243,0.045747,-0.001350,0.281860,0.384797,-0.233321,0.974494,1.527725,0.000000,0.000000,0.274195,-0.405425,0.093517,0.797012,0.019809,0.000000,0.000000
0.030721,3.512271,0.857485,0.025469,0.041674,0.996781,-0.063582,-0.047083,0.156510,0.178051,0.329028,-0.120472,0.024196,0.019884,-0.207011,-0.246488,0.363899,-0.360235,-0.025822,0.048155,-0.001555,0.284982,0.381198,-0.229955,0.976900,1.525424,0.000000,0.000000,0.272983,-0.403726,0.101390,0.793426,0.011407,0.000000,0.000000
0.031470,3.511612,0.857737,0.024872,0.041851,0.996604,-0.066406,-0.048920,0.154175,0.176159,0.324824,-0.118890,0.023826,0.020567,-0.207608,-0.251262,0.360800,-0.359758,-0.025267,0.050963,-0.001720,0.288527,0.377393,-0.226597,0.978510,1.511953,0.000000,0.000000,0.271514,-0.402178,0.109495,0.791145,0.003892,0.000000,0.000000
0.032204,3.510916,0.857906,0.024538,0.041898,0.996436,-0.068979,-0.049964,0.152740,0.174786,0.321847,-0.118692,0.023637,0.021115,-0.208185,-0.256408,0.358655,-0.359580,-0.024647,0.053396,-0.001832,0.291608,0.374938,-0.224890,0.980365,1.504288,0.000000,0.000000,0.269084,-0.401346,0.115996,0.791860,0.001707,0.000000,0.000000
0.032930,3.509998,0.858046,0.024213,0.041796,0.996279,-0.071385,-0.050853,0.151378,0.173603,0.318757,-0.117504,0.023448,0.021848,-0.208950,-0.262928,0.356191,-0.359497,-0.023880,0.056093,-0.001941,0.295241,0.373316,-0.224289,0.982883,1.504807,0.000000,0.000000,0.266596,-0.401304,0.123289,0.792188,0.002663,0.000000,0.000000
0.033749,3.509012,0.858188,0.023429,0.041601,0.996152,-0.073501,-0.051860,0.149754,0.172871,0.314934,-0.116209,0.023107,0.022433,-0.209550,-0.269484,0.352846,-0.359236,-0.023071,0.058426,-0.002053,0.299663,0.371352,-0.222727,0.984412,1.507411,0.000000,0.000000,0.263753,-0.401086,0.130155,0.791025,0.004027,0.000000,0.000000
0.034644,3.508265,0.858427,0.022835,0.041464,0.995998,-0.075814,-0.052788,0.148125,0.171333,0.310616,-0.115676,0.022908,0.022996,-0.209894,-0.275685,0.349226,-0.358457,-0.022256,0.060438,-0.002158,0.304371,0.369326,-0.221504,0.985900,1.508900,0.000000,0.000000,0.259891,-0.400372,0.136191,0.790048,0.004036,0.000000,0.000000
0.035372,3.507521,0.858705,0.022384,0.041541,0.995850,-0.077820,-0.053321,0.146448,0.169310,0.306135,-0.115948,0.022782,0.023616,-0.210560,-0.281728,0.345909,-0.357661,-0.021552,0.062558,-0.002280,0.309735,0.367875,-0.220811,0.987194,1.512008,0.000000,0.000000,0.256041,-0.400192,0.141085,0.788413,0.000430,0.000000,0.000000
0.036046,3.506693,0.858880,0.021583,0.041515,0.995753,-0.079287,-0.053739,0.144795,0.167410,0.301583,-0.116331,0.022641,0.023976,-0.211291,-0.286446,0.342596,-0.356982,-0.021063,0.064971,-0.002443,0.315906,0.366861,-0.219144,0.987094,1.514910,0.000000,0.000000,0.252345,-0.400944,0.145696,0.784797,-0.003815,0.000000,0.000000
0.036727,3.505494,0.859045,0.020781,0.041384,0.995651,-0.080835,-0.054160,0.142751,0.165969,0.297006,-0.115614,0.022322,0.024321,-0.212097,-0.290175,0.338788,-0.356298,-0.020736,0.066979,-0.002539,0.322738,0.364777,-0.216937,0.986738,1.516636,0.000000,0.000000,0.248558,-0.399948,0.153587,0.781345,-0.004492,0.000000,0.000000
0.037706,3.504087,0.859203,0.020078,0.041030,0.995538,-0.082566,-0.054907,0.140264,0.166341,0.292354,-0.113564,0.021578,0.024549,-0.212841,-0.293566,0.334471,-0.355772,-0.020437,0.069013,-0.002664,0.329333,0.361536,-0.215039,0.987449,1.517355,0.000000,0.000000,0.243998,-0.397330,0.164667,0.777840,-0.005159,0.000000,0.000000
0.038552,3.503238,0.859278,0.019345,0.040565,0.995411,-0.084479,-0.055614,0.139041,0.166163,0.288198,-0.112693,0.021278,0.024639,-0.212879,-0.296319,0.331021,-0.355351,-0.020044,0.070180,-0.002780,0.335302,0.359149,-0.214077,0.988180,1.518559,0.000000,0.000000,0.239490,-0.395703,0.174142,0.774213,-0.008257,0.000000,0.000000
0.039400,3.502688,0.859362,0.018712,0.040098,0.995285,-0.086315,-0.056255,0.138760,0.164501,0.283800,-0.113361,0.021477,0.024642,-0.212546,-0.299647,0.328048,-0.355302,-0.019473,0.071517,-0.002913,0.340213,0.357644,-0.214628,0.990612,1.518665,0.000000,0.000000,0.234705,-0.395317,0.182203,0.770179,-0.012356,0.000000,0.000000
0.040381,3.501760,0.859421,0.017979,0.039556,0.995150,-0.088255,-0.057019,0.138398,0.161963,0.279030,-0.114043,0.021781,0.024542,-0.212235,-0.303879,0.325060,-0.355328,-0.018781,0.073178,-0.003096,0.344182,0.355772,-0.216179,0.995591,1.516136,0.000000,0.000000,0.229409,-0.395788,0.190156,0.766132,-0.018272,0.000000,0.000000
0.041539,3.500695,0.859445,0.017199,0.038982,0.994980,-0.090546,-0.058085,0.137730,0.158754,0.274618,-0.115881,0.022102,0.024295,-0.211900,-0.308455,0.322467,-0.354882,-0.018044,0.074602,-0.003258,0.348186,0.353267,-0.217712,1.000474,1.512731,0.000000,0.000000,0.224496,-0.396828,0.198441,0.762326,-0.028108,0.000000,0.000000
0.042827,3.499861,0.859488,0.016427,0.038297,0.994814,-0.092784,-0.059540,0.137395,0.154907,0.269994,-0.119151,0.022591,0.023717,-0.211077,-0.313397,0.320039,-0.354184,-0.017133,0.076140,-0.003395,0.353849,0.351812,-0.219641,1.001931,1.517325,0.000000,0.000000,0.218656,-0.398978,0.207567,0.756733,-0.039453,0.000000,0.000000
0.044120,3.498682,0.859470,0.015528,0.037717,0.994639,-0.095020,-0.061015,0.136823,0.152616,0.266149,-0.121372,0.022756,0.022852,-0.210679,-0.318052,0.318333,-0.353926,-0.016375,0.077210,-0.003508,0.360887,0.349253,-0.217569,0.999547,1.529063,0.000000,0.000000,0.213578,-0.400258,0.214076,0.749888,-0.048320,0.000000,0.000000
0.045322,3.497318,0.859335,0.014735,0.037094,0.994414,-0.097710,-0.062373,0.136195,0.151284,0.262639,-0.122229,0.022755,0.022047,-0.210711,-0.322463,0.317446,-0.353543,-0.015759,0.077921,-0.003565,0.366438,0.346459,-0.216678,1.000550,1.533440,0.000000,0.000000,0.209465,-0.400775,0.219565,0.742611,-0.051701,0.000000,0.000000
0.046809,3.495656,0.859152,0.013957,0.036478,0.994123,-0.100967,-0.064244,0.135014,0.149351,0.258623,-0.122714,0.022707,0.020938,-0.211291,-0.327972,0.317180,-0.353439,-0.015124,0.078355,-0.003669,0.371599,0.342554,-0.215863,1.002877,1.527832,0.000000,0.000000,0.205620,-0.401722,0.227950,0.733485,-0.056135,0.000000,0.000000
0.048376,3.493859,0.858923,0.013217,0.035954,0.993797,-0.104407,-0.066041,0.133527,0.147388,0.254691,-0.123711,0.022588,0.019788,-0.212182,-0.332934,0.317559,-0.353306,-0.014647,0.078479,-0.003744,0.375504,0.339572,-0.217070,1.005209,1.524702,0.000000,0.000000,0.201893,-0.402552,0.235163,0.726051,-0.060866,0.000000,0.000000
0.049722,3.492104,0.858659,0.012475,0.035398,0.993457,-0.107864,-0.067718,0.132102,0.145411,0.250233,-0.125034,0.022487,0.018613,-0.213098,-0.337895,0.318205,-0.352972,-0.014173,0.078760,-0.003775,0.379318,0.336983,-0.219281,1.007705,1.524189,0.000000,0.000000,0.197944,-0.403172,0.241107,0.718429,-0.064088,0.000000,0.000000
0.050973,3.490283,0.858337,0.011643,0.034764,0.993071,-0.111653,-0.069404,0.130946,0.143337,0.245514,-0.125746,0.022473,0.017382,-0.213908,-0.342697,0.319142,-0.352596,-0.013693,0.078926,-0.003838,0.383163,0.334656,-0.221735,1.010223,1.524794,0.000000,0.000000,0.194276,-0.404514,0.246643,0.709730,-0.068757,0.000000,0.000000
0.052201,3.488189,0.857969,0.010825,0.034136,0.992639,-0.115698,-0.071143,0.129766,0.142111,0.240838,-0.125990,0.022316,0.016130,-0.214919,-0.347785,0.320506,-0.352568,-0.013225,0.079103,-0.003908,0.386906,0.332188,-0.223916,1.012770,1.526531,0.000000,0.000000,0.191388,-0.406156,0.251718,0.700064,-0.074390,0.000000,0.000000
0.053618,3.485751,0.857589,0.010063,0.033681,0.992190,-0.119679,-0.072950,0.127930,0.142334,0.236167,-0.127218,0.021749,0.014748,-0.216551,-0.353506,0.322539,-0.352805,-0.012825,0.079296,-0.003953,0.390525,0.329504,-0.226637,1.015655,1.529088,0.000000,0.000000,0.188823,-0.407781,0.256375,0.690838,-0.077873,0.000000,0.000000
0.055095,3.483494,0.857203,0.009130,0.033305,0.991752,-0.123432,-0.075006,0.125687,0.143069,0.230911,-0.128620,0.020998,0.012950,-0.218523,-0.359826,0.324958,-0.353026,-0.012428,0.079702,-0.004001,0.393981,0.326403,-0.230230,1.018919,1.533341,0.000000,0.000000,0.185719,-0.410072,0.262110,0.681652,-0.082033,0.000000,0.000000
0.056549,3.481333,0.856817,0.008193,0.032917,0.991299,-0.127180,-0.076827,0.123757,0.143795,0.226094,-0.129730,0.020349,0.011267,-0.220202,-0.364754,0.327236,-0.352738,-0.012152,0.079983,-0.004072,0.396342,0.323338,-0.233173,1.021993,1.538343,0.000000,0.000000,0.182650,-0.412122,0.267693,0.674192,-0.088483,0.000000,0.000000
0.057966,3.479131,0.856410,0.007307,0.032516,0.990802,-0.131151,-0.079046,0.121584,0.145384,0.220711,-0.133977,0.019493,0.009367,-0.222090,-0.370183,0.329948,-0.352389,-0.011851,0.080209,-0.004138,0.398392,0.319423,-0.236160,1.025953,1.544840,0.000000,0.000000,0.178948,-0.413773,0.273580,0.666319,-0.094751,0.000000,0.000000
0.059317,3.476781,0.855998,0.006690,0.032123,0.990272,-0.135221,-0.081162,0.119609,0.148645,0.217520,-0.139697,0.018430,0.007882,-0.223953,-0.375311,0.332686,-0.352532,-0.011586,0.080413,-0.004145,0.400134,0.315968,-0.238579,1.029445,1.547613,0.000000,0.000000,0.175877,-0.415136,0.278321,0.659381,-0.097111,0.000000,0.000000
0.060879,3.474274,0.855502,0.005948,0.031711,0.989672,-0.139674,-0.084371,0.117142,0.154925,0.216576,-0.145992,0.016778,0.006079,-0.226350,-0.381816,0.336155,-0.353121,-0.011263,0.080450,-0.004151,0.402158,0.312588,-0.242089,1.032885,1.548179,0.000000,0.000000,0.173686,-0.417753,0.283657,0.649420,-0.095323,0.000000,0.000000
0.062180,3.471740,0.854940,0.005223,0.031075,0.989057,-0.144127,-0.087969,0.114989,0.163471,0.216918,-0.152602,0.014874,0.004515,-0.228583,-0.388202,0.339211,-0.354128,-0.010914,0.081301,-0.004180,0.403957,0.309241,-0.245130,1.036751,1.550665,0.000000,0.000000,0.172461,-0.420128,0.288343,0.639128,-0.092524,0.000000,0.000000
0.063352,3.469182,0.854389,0.004544,0.030495,0.988411,-0.148640,-0.091739,0.112983,0.173424,0.217232,-0.161996,0.012823,0.003191,-0.230932,-0.395205,0.342265,-0.354509,-0.010513,0.082511,-0.004203,0.405614,0.305990,-0.247485,1.039777,1.554486,0.000000,0.000000,0.172030,-0.421855,0.293288,0.629310,-0.089239,0.000000,0.000000
0.064566,3.466432,0.853790,0.003927,0.029971,0.987762,-0.153013,-0.095894,0.110585,0.185583,0.217485,-0.174001,0.010383,0.001936,-0.233849,-0.403199,0.345779,-0.354398,-0.010127,0.083880,-0.004244,0.407635,0.302433,-0.249811,1.042230,1.557565,0.000000,0.000000,0.172408,-0.423496,0.299061,0.620341,-0.087015,0.000000,0.000000
0.065757,3.463561,0.853140,0.003375,0.029324,0.987064,-0.157586,-0.099645,0.108456,0.197026,0.217762,-0.183370,0.008159,0.001160,-0.236461,-0.409726,0.348801,-0.354542,-0.009879,0.085246,-0.004310,0.409320,0.299049,-0.251752,1.045102,1.559168,0.000000,0.000000,0.173218,-0.425051,0.303256,0.613873,-0.082698,0.000000,0.000000
0.066689,3.461040,0.853639,0.002890,0.028482,0.986291,-0.162511,-0.103587,0.107136,0.210032,0.217824,-0.193180,0.005948,0.000842,-0.238437,-0.416006,0.351540,-0.355196,-0.009499,0.086871,-0.004333,0.410673,0.295787,-0.253496,1.048647,1.563152,0.000000,0.000000,0.173606,-0.426697,0.305563,0.607679,-0.073858,0.000000,0.000000
0.067278,3.458774,0.854157,0.002336,0.027418,0.985457,-0.167680,-0.108187,0.106839,0.227199,0.218260,-0.203503,0.003408,0.001084,-0.239530,-0.422552,0.353830,-0.355398,-0.008857,0.088778,-0.004373,0.411924,0.293088,-0.255025,1.051891,1.567712,0.000000,0.000000,0.173910,-0.429419,0.305767,0.597979,-0.067079,0.000000,0.000000
0.067706,3.456335,0.854706,0.001660,0.026084,0.984573,-0.173012,-0.113105,0.107198,0.246523,0.219545,-0.211186,0.000723,0.001724,-0.239886,-0.429232,0.355430,-0.355086,-0.008013,0.090896,-0.004456,0.412739,0.290197,-0.254535,1.054089,1.569458,0.000000,0.000000,0.174575,-0.432538,0.303276,0.584977,-0.065465,0.000000,0.000000
0.068045,3.453716,0.855170,0.001082,0.024900,0.983663,-0.178288,-0.118558,0.107612,0.268318,0.221897,-0.217072,-0.002287,0.002826,-0.240238,-0.436524,0.356432,-0.354352,-0.007105,0.093136,-0.004524,0.413786,0.287583,-0.253716,1.054853,1.570094,0.000000,0.000000,0.174776,-0.435064,0.298775,0.571369,-0.069014,0.000000,0.000000
0.067982,3.450979,0.855550,0.000452,0.023874,0.982746,-0.183414,-0.123546,0.107954,0.289126,0.224468,-0.222465,-0.005153,0.004256,-0.240801,-0.443864,0.356794,-0.353126,-0.006249,0.095955,-0.004599,0.414831,0.284980,-0.254089,1.055363,1.570327,0.000000,0.000000,0.177173,-0.434619,0.297752,0.566887,-0.069086,0.000000,0.000000
0.067533,3.448213,0.855930,-0.000229,0.022765,0.981796,-0.188570,-0.128734,0.108462,0.311765,0.227386,-0.227680,-0.008222,0.006272,-0.241271,-0.451455,0.356681,-0.351714,-0.005343,0.098989,-0.004633,0.415524,0.282648,-0.254412,1.056444,1.570393,0.000000,0.000000,0.180011,-0.433932,0.296402,0.560946,-0.069550,0.000000,0.000000
0.066866,3.445392,0.856322,-0.000751,0.021548,0.980833,-0.193653,-0.134352,0.109158,0.336782,0.230890,-0.232121,-0.011580,0.009047,-0.241511,-0.459368,0.356152,-0.349586,-0.004349,0.102825,-0.004755,0.416265,0.280234,-0.254409,1.057689,1.570399,0.000000,0.000000,0.183475,-0.433459,0.294201,0.553184,-0.073987,0.000000,0.000000
0.065887,3.442539,0.856705,-0.001289,0.020298,0.979903,-0.198436,-0.139558,0.109993,0.361066,0.234776,-0.235037,-0.014848,0.012102,-0.241463,-0.466322,0.354600,-0.347529,-0.003413,0.106922,-0.004861,0.417021,0.278124,-0.254130,1.057996,1.570383,0.000000,0.000000,0.186496,-0.432582,0.292025,0.547666,-0.079201,0.000000,0.000000
0.064428,3.439671,0.857034,-0.001971,0.018997,0.978967,-0.203121,-0.145113,0.111517,0.388784,0.239914,-0.237134,-0.018504,0.016040,-0.241038,-0.474154,0.351605,-0.345166,-0.002277,0.111909,-0.004970,0.417797,0.276814,-0.254990,1.057969,1.570356,0.000000,0.000000,0.189269,-0.430362,0.288689,0.543504,-0.081639,0.000000,0.000000
0.061854,3.437295,0.857803,-0.000567,0.015475,0.977454,-0.210582,-0.148217,0.117927,0.405745,0.245954,-0.239328,-0.019427,0.021842,-0.237711,-0.483111,0.349698,-0.344366,-0.000078,0.114089,-0.004904,0.419789,0.278522,-0.254653,1.058341,1.570349,0.000000,0.000000,0.192720,-0.425363,0.285930,0.540565,-0.082978,0.000000,0.000000
0.058981,3.434652,0.858382,0.001044,0.011749,0.975741,-0.218610,-0.151016,0.127004,0.420033,0.253813,-0.243452,-0.019324,0.029878,-0.232606,-0.493441,0.346867,-0.343891,0.002814,0.114575,-0.004848,0.422702,0.280667,-0.251942,1.058638,1.570368,0.000000,0.000000,0.197443,-0.419299,0.284306,0.538062,-0.082956,0.000000,0.000000
0.056025,3.431837,0.858679,0.002490,0.008281,0.974034,-0.226237,-0.154185,0.137775,0.433494,0.263782,-0.247959,-0.018748,0.039660,-0.226510,-0.505247,0.343025,-0.342708,0.006146,0.113703,-0.004794,0.426309,0.283213,-0.248642,1.059200,1.570398,0.000000,0.000000,0.203087,-0.412723,0.284156,0.535904,-0.078055,0.000000,0.000000
0.053037,3.428811,0.859006,0.004169,0.004951,0.972224,-0.233961,-0.157249,0.147512,0.444209,0.274085,-0.250683,-0.018084,0.048983,-0.221085,-0.515858,0.339740,-0.341102,0.009151,0.112346,-0.004825,0.430038,0.285453,-0.245037,1.059213,1.570422,0.000000,0.000000,0.207941,-0.407241,0.283517,0.534226,-0.074782,0.000000,0.000000
0.050099,3.425611,0.859213,0.006278,0.001817,0.970410,-0.241376,-0.160348,0.157415,0.454432,0.286164,-0.253622,-0.017370,0.058881,-0.215886,-0.527076,0.337000,-0.339381,0.012222,0.111407,-0.004890,0.434535,0.287005,-0.241685,1.058230,1.570440,0.000000,0.000000,0.212556,-0.401569,0.282538,0.533423,-0.075871,0.000000,0.000000
0.047335,3.422293,0.859290,0.008381,-0.000974,0.968620,-0.248402,-0.163362,0.166805,0.463714,0.299026,-0.257708,-0.016668,0.068657,-0.211341,-0.539298,0.335189,-0.337531,0.015281,0.111375,-0.004959,0.438778,0.287854,-0.238601,1.057771,1.570462,0.000000,0.000000,0.217034,-0.395274,0.281398,0.533484,-0.078892,0.000000,0.000000
0.044851,3.418622,0.859335,0.009914,-0.003231,0.967038,-0.254419,-0.165981,0.173984,0.470398,0.310837,-0.260771,-0.016128,0.076815,-0.208335,-0.550630,0.334216,-0.335506,0.017797,0.112798,-0.005036,0.442211,0.288638,-0.236512,1.058100,1.570464,0.000000,0.000000,0.221525,-0.389397,0.279477,0.534436,-0.078740,0.000000,0.000000
0.042529,3.414667,0.859428,0.011031,-0.005358,0.965758,-0.259154,-0.168377,0.179806,0.475548,0.321910,-0.262651,-0.015702,0.083611,-0.206276,-0.559817,0.333322,-0.334328,0.019737,0.115742,-0.005137,0.444908,0.289687,-0.235838,1.058126,1.570458,0.000000,0.000000,0.225291,-0.384411,0.277475,0.535778,-0.076285,0.000000,0.000000
0.039930,3.410754,0.859279,0.012507,-0.007637,0.964545,-0.263510,-0.171294,0.187815,0.482712,0.337155,-0.265810,-0.015175,0.092188,-0.203887,-0.569828,0.332594,-0.334325,0.021884,0.118391,-0.005268,0.448400,0.299285,-0.249204,1.058585,1.570461,0.000000,0.000000,0.229256,-0.379620,0.276340,0.537814,-0.077828,0.000000,0.000000
0.037736,3.406544,0.859480,0.013528,-0.009963,0.963409,-0.267509,-0.173277,0.192733,0.486934,0.347295,-0.267408,-0.014832,0.097395,-0.202516,-0.575593,0.332368,-0.333637,0.023147,0.121946,-0.005405,0.449691,0.304254,-0.254812,1.059197,1.570490,0.000000,0.000000,0.231564,-0.376630,0.275138,0.540008,-0.079757,0.000000,0.000000
0.036252,3.401444,0.859640,0.014202,-0.012554,0.962362,-0.271110,-0.175885,0.197797,0.490814,0.359385,-0.268805,-0.014473,0.103414,-0.201337,-0.581445,0.332190,-0.331156,0.024368,0.128348,-0.005679,0.450842,0.304946,-0.251710,1.059306,1.570529,0.000000,0.000000,0.234143,-0.372770,0.273582,0.543537,-0.079780,0.000000,0.000000
0.035297,3.395574,0.859742,0.014627,-0.015094,0.961187,-0.275097,-0.178965,0.201781,0.492949,0.372118,-0.270433,-0.014250,0.109874,-0.201092,-0.587096,0.333349,-0.328490,0.025228,0.136314,-0.006009,0.452457,0.300113,-0.238547,1.057108,1.570541,0.000000,0.000000,0.237545,-0.367757,0.271765,0.547685,-0.077841,0.000000,0.000000
0.034560,3.389487,0.860098,0.014587,-0.017442,0.959919,-0.279354,-0.181123,0.202962,0.492633,0.379619,-0.271859,-0.014206,0.113528,-0.201957,-0.591163,0.336463,-0.327798,0.025512,0.141143,-0.006227,0.454143,0.295690,-0.228723,1.053928,1.570529,0.000000,0.000000,0.239358,-0.364590,0.271402,0.550637,-0.074861,0.000000,0.000000
0.033550,3.383377,0.860548,0.014515,-0.019895,0.958635,-0.283571,-0.182789,0.203377,0.491825,0.385758,-0.274175,-0.014203,0.116372,-0.203114,-0.594988,0.340554,-0.327305,0.025722,0.144885,-0.006348,0.454904,0.292403,-0.220680,1.051833,1.570512,0.000000,0.000000,0.240151,-0.362904,0.271982,0.553119,-0.071611,0.000000,0.000000
0.032578,3.376974,0.860929,0.014206,-0.022139,0.957674,-0.286649,-0.184100,0.202969,0.490342,0.391609,-0.277388,-0.014281,0.119094,-0.204668,-0.597777,0.344751,-0.325747,0.025662,0.148887,-0.006492,0.454708,0.289920,-0.213564,1.050377,1.570493,0.000000,0.000000,0.240525,-0.362298,0.273180,0.556024,-0.067926,0.000000,0.000000
0.031890,3.369977,0.861030,0.013358,-0.023614,0.956969,-0.288919,-0.185282,0.200551,0.486698,0.398301,-0.282228,-0.014548,0.122059,-0.207611,-0.598960,0.348579,-0.321795,0.024897,0.153850,-0.006682,0.453845,0.287187,-0.206542,1.048549,1.570465,0.000000,0.000000,0.240446,-0.363088,0.275581,0.560313,-0.065088,0.000000,0.000000
0.031709,3.362615,0.861029,0.012617,-0.024815,0.956254,-0.291209,-0.186269,0.196659,0.481571,0.405292,-0.288438,-0.014922,0.124275,-0.211682,-0.598194,0.352997,-0.317286,0.023440,0.158533,-0.006882,0.453372,0.283957,-0.200667,1.047027,1.570437,0.000000,0.000000,0.239857,-0.364709,0.278493,0.565708,-0.065756,0.000000,0.000000
0.031557,3.355164,0.860820,0.012411,-0.025998,0.955496,-0.293595,-0.187337,0.191995,0.475574,0.414835,-0.298739,-0.015313,0.126162,-0.217041,-0.595643,0.359926,-0.312662,0.021302,0.163322,-0.007051,0.453282,0.279310,-0.194702,1.046677,1.570391,0.000000,0.000000,0.238952,-0.366590,0.282427,0.572932,-0.068855,0.000000,0.000000
0.031171,3.347533,0.860310,0.012535,-0.026897,0.954696,-0.296100,-0.188428,0.187685,0.470002,0.426405,-0.311250,-0.015629,0.127683,-0.222819,-0.591709,0.368981,-0.308139,0.018847,0.167664,-0.007161,0.453080,0.274443,-0.189595,1.047332,1.570336,0.000000,0.000000,0.238269,-0.367865,0.286046,0.581034,-0.070811,0.000000,0.000000
0.031011,3.339343,0.859599,0.012716,-0.027654,0.953687,-0.299258,-0.189744,0.182767,0.463655,0.439147,-0.323683,-0.015956,0.128884,-0.229418,-0.587837,0.380577,-0.303055,0.016153,0.171552,-0.007203,0.452544,0.270069,-0.185971,1.048465,1.569928,0.000000,0.000000,0.238463,-0.368044,0.288048,0.589860,-0.068475,0.000000,0.000000
0.031398,3.330448,0.858716,0.012821,-0.028348,0.952505,-0.302929,-0.191172,0.175859,0.454976,0.452728,-0.335801,-0.016465,0.129594,-0.237872,-0.584432,0.395867,-0.296825,0.012936,0.175042,-0.007196,0.451633,0.265837,-0.184024,1.050053,1.570063,0.000000,0.000000,0.239392,-0.367745,0.287678,0.600056,-0.063447,0.000000,0.000000
0.032118,3.321390,0.857806,0.012894,-0.028749,0.951048,-0.307432,-0.192252,0.167732,0.445172,0.464457,-0.346785,-0.017083,0.129527,-0.246720,-0.581889,0.412794,-0.289415,0.009729,0.177451,-0.007163,0.449882,0.262463,-0.184883,1.052153,1.570092,0.000000,0.000000,0.240840,-0.367148,0.284975,0.610801,-0.059554,0.000000,0.000000
0.032670,3.312234,0.856812,0.013013,-0.029193,0.949226,-0.312966,-0.192729,0.158685,0.434673,0.475758,-0.358900,-0.017803,0.128891,-0.256354,-0.580422,0.433221,-0.280116,0.006464,0.178824,-0.007085,0.447160,0.259948,-0.188309,1.054673,1.570077,0.000000,0.000000,0.243507,-0.365519,0.280539,0.623342,-0.057779,0.000000,0.000000
0.032942,3.302534,0.855815,0.013105,-0.029717,0.946983,-0.319637,-0.192228,0.149999,0.425118,0.485726,-0.371965,-0.018505,0.128385,-0.265990,-0.579851,0.455382,-0.269400,0.003326,0.178682,-0.006973,0.444028,0.258283,-0.192705,1.056884,1.570054,0.000000,0.000000,0.247536,-0.363059,0.274779,0.635081,-0.056564,0.000000,0.000000
0.033382,3.292133,0.854652,0.013656,-0.029959,0.944461,-0.326969,-0.190341,0.140380,0.415230,0.495571,-0.387051,-0.019308,0.128578,-0.277173,-0.578574,0.481062,-0.256448,-0.000478,0.176510,-0.006780,0.440618,0.256608,-0.198222,1.059528,1.570028,0.000000,0.000000,0.252306,-0.360107,0.267164,0.647503,-0.055836,0.000000,0.000000
0.034073,3.281270,0.853393,0.014605,-0.029841,0.941667,-0.334904,-0.186821,0.129765,0.404961,0.504424,-0.402679,-0.020200,0.129438,-0.289127,-0.575013,0.508325,-0.244452,-0.004990,0.171752,-0.006510,0.436402,0.255376,-0.204958,1.063754,1.570007,0.000000,0.000000,0.257028,-0.356660,0.258416,0.662188,-0.055286,0.000000,0.000000
0.034666,3.270233,0.852171,0.015451,-0.029645,0.938563,-0.343485,-0.182296,0.119314,0.395236,0.511478,-0.417138,-0.021086,0.130455,-0.300364,-0.570994,0.535542,-0.232960,-0.009419,0.165714,-0.006176,0.431662,0.254441,-0.212199,1.068773,1.570008,0.000000,0.000000,0.262190,-0.352587,0.250780,0.677616,-0.052298,0.000000,0.000000
0.035377,3.259026,0.850896,0.016421,-0.029383,0.935148,-0.352653,-0.176541,0.108343,0.385327,0.517513,-0.431466,-0.022005,0.131370,-0.311609,-0.566870,0.565431,-0.217931,-0.013937,0.158439,-0.005828,0.426391,0.253964,-0.219288,1.073466,1.570010,0.000000,0.000000,0.268283,-0.348866,0.243260,0.694793,-0.050581,0.000000,0.000000
0.036446,3.247687,0.849661,0.017450,-0.028920,0.931462,-0.362267,-0.170170,0.097003,0.375000,0.521884,-0.445005,-0.022915,0.131762,-0.321765,-0.561589,0.594917,-0.202398,-0.018305,0.150249,-0.005484,0.421412,0.254357,-0.226088,1.076738,1.570020,0.000000,0.000000,0.275022,-0.346844,0.235967,0.710705,-0.052168,0.000000,0.000000
0.037713,3.236236,0.848388,0.018188,-0.028208,0.927586,-0.372098,-0.162918,0.084190,0.363038,0.524477,-0.458266,-0.023861,0.131288,-0.330785,-0.551813,0.625371,-0.185535,-0.022984,0.141113,-0.005101,0.416887,0.254850,-0.231410,1.078352,1.570032,0.000000,0.000000,0.283077,-0.345911,0.229199,0.725584,-0.054546,0.000000,0.000000
0.039024,3.225252,0.847220,0.018954,-0.027455,0.923518,-0.382102,-0.155516,0.071926,0.351366,0.525684,-0.469246,-0.024724,0.129683,-0.336641,-0.537257,0.654681,-0.170435,-0.027253,0.131376,-0.004681,0.413188,0.255216,-0.234715,1.077986,1.570058,0.000000,0.000000,0.291679,-0.344543,0.223818,0.739213,-0.054115,0.000000,0.000000
0.039976,3.215350,0.846405,0.020545,-0.027578,0.918968,-0.392830,-0.147840,0.063287,0.336955,0.526527,-0.477716,-0.024310,0.127068,-0.336575,-0.517858,0.682993,-0.161104,-0.030155,0.120192,-0.004205,0.409728,0.256781,-0.237920,1.077400,1.570100,0.000000,0.000000,0.300060,-0.341267,0.218464,0.752747,-0.050512,0.000000,0.000000
0.040742,3.206277,0.845762,0.022061,-0.028086,0.913967,-0.404213,-0.140890,0.056774,0.321088,0.527177,-0.484697,-0.023206,0.123320,-0.330756,-0.494550,0.708841,-0.160214,-0.031625,0.108812,-0.003722,0.405405,0.260015,-0.242352,1.076293,1.570154,0.000000,0.000000,0.308066,-0.336500,0.211738,0.766262,-0.045513,0.000000,0.000000
0.042022,3.198197,0.845311,0.023457,-0.028871,0.908466,-0.416300,-0.134844,0.050721,0.302255,0.526843,-0.492448,-0.021507,0.116729,-0.319370,-0.465293,0.735878,-0.169161,-0.032077,0.097417,-0.003281,0.399158,0.266296,-0.249163,1.073921,1.570238,0.000000,0.000000,0.315481,-0.330823,0.204109,0.781965,-0.044040,0.000000,0.000000
0.042788,3.190812,0.845021,0.024325,-0.030400,0.903201,-0.427447,-0.130373,0.046658,0.284624,0.526219,-0.500810,-0.019506,0.108326,-0.302929,-0.433317,0.757322,-0.182971,-0.031331,0.087245,-0.002956,0.391090,0.272284,-0.252004,1.071125,1.570358,0.000000,0.000000,0.321817,-0.325468,0.197058,0.796235,-0.045800,0.000000,0.000000
0.043340,3.183759,0.844791,0.025115,-0.032110,0.897706,-0.438705,-0.126553,0.043794,0.268252,0.525730,-0.507752,-0.017474,0.098882,-0.283604,-0.401979,0.775707,-0.197612,-0.029679,0.077868,-0.002605,0.381787,0.277667,-0.253055,1.067215,1.570474,0.000000,0.000000,0.329160,-0.319498,0.189517,0.808720,-0.044407,0.000000,0.000000
0.043635,3.176870,0.844503,0.026005,-0.033523,0.891932,-0.450175,-0.122510,0.041539,0.253189,0.525720,-0.513526,-0.015590,0.088770,-0.262243,-0.371494,0.792692,-0.209646,-0.027417,0.068411,-0.002293,0.372815,0.284432,-0.256850,1.060668,1.570589,0.000000,0.000000,0.337221,-0.312391,0.182860,0.821460,-0.040064,0.000000,0.000000
0.043767,3.169754,0.844182,0.027153,-0.034396,0.886408,-0.460825,-0.117684,0.039637,0.239416,0.525900,-0.517957,-0.013906,0.079339,-0.242851,-0.346524,0.807388,-0.217577,-0.025081,0.060051,-0.001997,0.365314,0.291966,-0.262284,1.053066,1.570713,0.000000,0.000000,0.345031,-0.305155,0.178866,0.833950,-0.033998,0.000000,0.000000
0.043805,3.162343,0.843976,0.028183,-0.035003,0.881168,-0.470663,-0.111692,0.037573,0.225019,0.524474,-0.520949,-0.012194,0.069807,-0.224323,-0.325053,0.820429,-0.223818,-0.022533,0.051914,-0.001756,0.357886,0.299530,-0.268264,1.044758,1.570605,0.000000,0.000000,0.353149,-0.298764,0.176379,0.845793,-0.032056,0.000000,0.000000
0.043931,3.154593,0.843996,0.028942,-0.035693,0.875564,-0.480912,-0.104927,0.035168,0.210579,0.520344,-0.523499,-0.010546,0.060281,-0.206428,-0.306734,0.831375,-0.230197,-0.019718,0.043668,-0.001528,0.348181,0.306166,-0.273814,1.038204,1.562577,0.000000,0.000000,0.361513,-0.292972,0.174953,0.856785,-0.032089,0.000000,0.000000
0.044106,3.146397,0.844087,0.029549,-0.036054,0.869390,-0.491922,-0.097326,0.032043,0.195678,0.514561,-0.525134,-0.008981,0.051128,-0.189534,-0.289986,0.840292,-0.236756,-0.017049,0.034929,-0.001261,0.336294,0.311858,-0.279491,1.033238,1.555978,0.000000,0.000000,0.370478,-0.286718,0.171731,0.867414,-0.030033,0.000000,0.000000
0.044144,3.137991,0.844213,0.029971,-0.036098,0.862775,-0.503407,-0.088796,0.028494,0.179347,0.507521,-0.525305,-0.007299,0.042006,-0.172847,-0.275268,0.847344,-0.242289,-0.014150,0.024620,-0.000915,0.324771,0.319042,-0.288842,1.026209,1.568142,0.000000,0.000000,0.380512,-0.281451,0.167015,0.877855,-0.034863,0.000000,0.000000
0.044139,3.129545,0.844341,0.029968,-0.035612,0.855559,-0.515610,-0.079795,0.023998,0.161344,0.499130,-0.525685,-0.005576,0.033036,-0.157077,-0.264214,0.851639,-0.247771,-0.010917,0.012209,-0.000511,0.312130,0.328033,-0.302946,1.018365,1.570800,0.000000,0.000000,0.390775,-0.275762,0.162405,0.888770,-0.042248,0.000000,0.000000
0.043747,3.121096,0.844573,0.030299,-0.035525,0.849534,-0.525463,-0.070301,0.021415,0.149179,0.490172,-0.528470,-0.004312,0.024101,-0.141110,-0.249988,0.851072,-0.255308,-0.008340,0.002279,-0.000165,0.300064,0.333388,-0.307939,1.012244,1.570800,0.000000,0.000000,0.400447,-0.269930,0.161392,0.896970,-0.041850,0.000000,0.000000
0.043606,3.112463,0.844904,0.030733,-0.035522,0.843824,-0.534560,-0.059857,0.019067,0.138032,0.479762,-0.529748,-0.003151,0.015003,-0.125626,-0.234475,0.846692,-0.264702,-0.006257,-0.006473,0.000105,0.287491,0.337534,-0.310222,1.006433,1.570800,0.000000,0.000000,0.409239,-0.266359,0.161814,0.904328,-0.040187,0.000000,0.000000
0.043949,3.103604,0.845351,0.030918,-0.035238,0.838151,-0.543420,-0.048858,0.015270,0.124487,0.467206,-0.527166,-0.001966,0.005955,-0.112556,-0.220980,0.839489,-0.273519,-0.004622,-0.015760,0.000457,0.274578,0.344022,-0.319760,0.999989,1.570800,0.000000,0.000000,0.416891,-0.263774,0.164145,0.913294,-0.039290,0.000000,0.000000
0.044381,3.094607,0.845933,0.030860,-0.034754,0.832417,-0.552197,-0.037171,0.010461,0.109041,0.452230,-0.522809,-0.000728,-0.003504,-0.100301,-0.207761,0.828980,-0.281853,-0.003257,-0.025002,0.000787,0.261506,0.349222,-0.329113,0.992173,1.570800,0.000000,0.000000,0.424536,-0.259354,0.167606,0.923630,-0.037220,0.000000,0.000000
0.044664,3.085546,0.846580,0.030850,-0.034443,0.826911,-0.560429,-0.025635,0.006399,0.094644,0.436762,-0.518496,0.000505,-0.013003,-0.088752,-0.196204,0.817004,-0.287432,-0.001857,-0.033582,0.001069,0.249706,0.351019,-0.331310,0.984353,1.570800,0.000000,0.000000,0.431760,-0.254811,0.170211,0.932862,-0.036139,0.000000,0.000000
0.044781,3.076568,0.847241,0.031027,-0.034346,0.821793,-0.567902,-0.013548,0.003559,0.082169,0.420923,-0.514055,0.001719,-0.023020,-0.078052,-0.189266,0.804479,-0.291047,0.000160,-0.042633,0.001412,0.237731,0.354526,-0.333496,0.977852,1.570800,0.000000,0.000000,0.439275,-0.251228,0.173062,0.940387,-0.037767,0.000000,0.000000
0.045045,3.067578,0.847809,0.030903,-0.034484,0.816531,-0.575442,-0.001112,0.001167,0.071392,0.404237,-0.509396,0.002780,-0.033911,-0.067965,-0.181001,0.788624,-0.301033,0.001651,-0.051805,0.001727,0.224913,0.358365,-0.337223,0.971299,1.570800,0.000000,0.000000,0.447183,-0.247645,0.177284,0.947265,-0.042331,0.000000,0.000000
0.045552,3.058709,0.848264,0.030712,-0.034409,0.811091,-0.583099,0.010938,-0.001623,0.061055,0.387850,-0.505648,0.003678,-0.044891,-0.059358,-0.171765,0.771727,-0.308509,0.002411,-0.060881,0.002043,0.213596,0.360100,-0.337423,0.962471,1.570800,0.000000,0.000000,0.453670,-0.244075,0.180778,0.954407,-0.046700,0.000000,0.000000
0.045847,3.050141,0.848656,0.030238,-0.034216,0.805866,-0.590334,0.022341,-0.004671,0.050033,0.371609,-0.500388,0.004613,-0.056389,-0.050624,-0.160074,0.752157,-0.312113,0.002650,-0.069949,0.002338,0.202076,0.362217,-0.337444,0.952872,1.570800,0.000000,0.000000,0.459361,-0.241267,0.183923,0.960935,-0.048658,0.000000,0.000000
0.045934,3.041857,0.848964,0.029475,-0.033992,0.800693,-0.597383,0.032980,-0.007385,0.040670,0.355854,-0.493460,0.005382,-0.068497,-0.041766,-0.148862,0.729977,-0.312279,0.002962,-0.078802,0.002665,0.190340,0.365291,-0.339867,0.943586,1.570800,0.000000,0.000000,0.464832,-0.238843,0.186814,0.966736,-0.048711,0.000000,0.000000
0.046500,3.033431,0.849148,0.028539,-0.033785,0.795415,-0.604449,0.043028,-0.010363,0.031921,0.340463,-0.488469,0.005990,-0.080961,-0.035312,-0.143392,0.707346,-0.312677,0.003661,-0.087816,0.002959,0.179272,0.368293,-0.341511,0.932973,1.570800,0.000000,0.000000,0.469790,-0.236243,0.187376,0.971947,-0.050218,0.000000,0.000000
0.047007,3.025152,0.849166,0.027513,-0.033898,0.789716,-0.611918,0.052143,-0.012234,0.024084,0.326720,-0.486340,0.006715,-0.093657,-0.029182,-0.139712,0.682251,-0.313004,0.004543,-0.097863,0.003361,0.167718,0.371411,-0.343622,0.923045,1.570800,0.000000,0.000000,0.474622,-0.234194,0.187575,0.976616,-0.056532,0.000000,0.000000
0.047911,3.017055,0.848887,0.026558,-0.033784,0.784264,-0.618937,0.060656,-0.014307,0.018320,0.315573,-0.484613,0.007088,-0.106555,-0.024688,-0.137095,0.655661,-0.312066,0.005091,-0.108197,0.003734,0.156508,0.373618,-0.345534,0.913829,1.570800,0.000000,0.000000,0.478968,-0.232192,0.187516,0.982041,-0.057639,0.000000,0.000000
0.048775,3.009158,0.848460,0.025643,-0.033491,0.778946,-0.625671,0.068645,-0.016638,0.010142,0.306370,-0.478062,0.007747,-0.119529,-0.021163,-0.134492,0.627939,-0.310842,0.005311,-0.118204,0.004071,0.144964,0.375284,-0.348956,0.904249,1.570800,0.000000,0.000000,0.482727,-0.230152,0.186886,0.986834,-0.054345,0.000000,0.000000
0.048762,3.001134,0.848070,0.024459,-0.033378,0.773003,-0.633052,0.076333,-0.017216,-0.001258,0.297374,-0.471440,0.009279,-0.131885,-0.017084,-0.131290,0.598364,-0.305295,0.005522,-0.128695,0.004463,0.133036,0.377328,-0.353428,0.893639,1.570800,0.000000,0.000000,0.486479,-0.228501,0.187118,0.991046,-0.053553,0.000000,0.000000
0.048502,2.992816,0.847616,0.023120,-0.033201,0.766454,-0.641024,0.084137,-0.016939,-0.010370,0.288078,-0.470996,0.010662,-0.143265,-0.013185,-0.131014,0.566567,-0.299358,0.006178,-0.140189,0.004904,0.122147,0.379425,-0.359202,0.882119,1.570800,0.000000,0.000000,0.490211,-0.227469,0.186364,0.995537,-0.059100,0.000000,0.000000
0.048476,2.984376,0.847105,0.021858,-0.032855,0.760401,-0.648254,0.092013,-0.018114,-0.020263,0.278860,-0.459974,0.011857,-0.154486,-0.009857,-0.134649,0.533435,-0.298881,0.007249,-0.150294,0.005292,0.111410,0.382482,-0.367508,0.871242,1.569405,0.000000,0.000000,0.493731,-0.225999,0.183659,1.000975,-0.061657,0.000000,0.000000
0.047955,2.975789,0.846597,0.020435,-0.032679,0.754033,-0.655704,0.100157,-0.017932,-0.028494,0.268607,-0.457719,0.013104,-0.165735,-0.005701,-0.141510,0.498621,-0.298904,0.008920,-0.160119,0.005682,0.099359,0.385745,-0.376506,0.861361,1.565554,0.000000,0.000000,0.496573,-0.223803,0.179072,1.007741,-0.062014,0.000000,0.000000
0.047624,2.967012,0.845974,0.019290,-0.032340,0.747707,-0.662960,0.108377,-0.016913,-0.036431,0.259945,-0.457762,0.014492,-0.176342,-0.002783,-0.147069,0.464400,-0.289024,0.010014,-0.169810,0.006058,0.088069,0.387893,-0.384652,0.850789,1.564941,0.000000,0.000000,0.499672,-0.221845,0.174068,1.013505,-0.067932,0.000000,0.000000
0.047425,2.958118,0.845912,0.017843,-0.032083,0.741606,-0.669830,0.116399,-0.016933,-0.046769,0.252066,-0.452950,0.016003,-0.186949,-0.000630,-0.152130,0.427686,-0.275901,0.010771,-0.178950,0.006404,0.076738,0.389487,-0.393339,0.837998,1.569277,0.000000,0.000000,0.503627,-0.220139,0.170104,1.016256,-0.078133,0.000000,0.000000
0.047177,2.949183,0.849797,0.016457,-0.031847,0.735789,-0.676261,0.123904,-0.017737,-0.057997,0.246107,-0.447168,0.017496,-0.197162,0.001265,-0.156227,0.388736,-0.263315,0.011183,-0.187238,0.006769,0.065091,0.391020,-0.401670,0.825130,1.570800,0.000000,0.000000,0.508337,-0.219006,0.167403,1.017713,-0.087014,0.000000,0.000000
0.046569,2.941124,0.853042,0.014947,-0.031611,0.729327,-0.683271,0.127754,-0.017853,-0.069033,0.249678,-0.447763,0.019139,-0.207658,0.003753,-0.160967,0.345364,-0.250718,0.011639,-0.196512,0.007127,0.052054,0.391885,-0.409725,0.814101,1.570800,0.000000,0.000000,0.513073,-0.217179,0.160195,1.019983,-0.086666,0.000000,0.000000
0.046047,2.932750,0.855268,0.013176,-0.031344,0.722326,-0.690717,0.130668,-0.017579,-0.078133,0.255341,-0.451299,0.020599,-0.217670,0.005779,-0.170037,0.301812,-0.237588,0.012538,-0.206845,0.007554,0.038046,0.392945,-0.419229,0.804106,1.570800,0.000000,0.000000,0.516114,-0.214954,0.149800,1.024263,-0.082444,0.000000,0.000000
0.045638,2.924151,0.856488,0.011173,-0.030791,0.715208,-0.698144,0.133519,-0.017389,-0.084542,0.261505,-0.456648,0.021638,-0.227095,0.006780,-0.181488,0.257815,-0.226129,0.013347,-0.218603,0.008036,0.024288,0.394964,-0.430481,0.794247,1.570800,0.000000,0.000000,0.517810,-0.214125,0.141644,1.029179,-0.082625,0.000000,0.000000
0.044864,2.915192,0.856692,0.008956,-0.030258,0.708217,-0.705290,0.136562,-0.016553,-0.089146,0.268048,-0.463486,0.022563,-0.235694,0.007863,-0.192369,0.212018,-0.216538,0.013816,-0.230766,0.008517,0.012077,0.396314,-0.440649,0.783472,1.570800,0.000000,0.000000,0.520072,-0.214917,0.136651,1.032745,-0.085025,0.000000,0.000000
0.044014,2.905948,0.855872,0.006675,-0.029700,0.701949,-0.711576,0.139797,-0.015788,-0.092485,0.274976,-0.469720,0.023287,-0.243495,0.009143,-0.203028,0.166336,-0.206513,0.014128,-0.242949,0.008947,0.001376,0.397284,-0.448108,0.772505,1.570800,0.000000,0.000000,0.521052,-0.215794,0.130626,1.037269,-0.085836,0.000000,0.000000
0.043458,2.896501,0.853950,0.004354,-0.029177,0.696272,-0.717171,0.143368,-0.015811,-0.095526,0.282444,-0.474699,0.023793,-0.251048,0.010340,-0.214430,0.119297,-0.195080,0.014295,-0.254874,0.009411,-0.009968,0.398351,-0.454473,0.762249,1.570800,0.000000,0.000000,0.521088,-0.217513,0.124705,1.042638,-0.084772,0.000000,0.000000
0.043151,2.886816,0.850979,0.001994,-0.028582,0.690774,-0.722503,0.147104,-0.016503,-0.099443,0.290387,-0.479252,0.024284,-0.258158,0.010435,-0.224214,0.072128,-0.182358,0.013877,-0.265801,0.009862,-0.021296,0.398408,-0.460457,0.752579,1.570800,0.000000,0.000000,0.521650,-0.219708,0.120517,1.046758,-0.083015,0.000000,0.000000
0.042829,2.876883,0.847327,-0.000668,-0.027035,0.686355,-0.726764,0.151372,-0.018791,-0.103390,0.299248,-0.483869,0.024406,-0.264443,0.007846,-0.228301,0.027954,-0.169563,0.012352,-0.274521,0.010214,-0.030847,0.397174,-0.466247,0.743390,1.570800,0.000000,0.000000,0.522472,-0.223397,0.115606,1.049990,-0.081022,0.000000,0.000000
0.042520,2.866712,0.842942,-0.003222,-0.025172,0.682980,-0.729996,0.156065,-0.022044,-0.107454,0.308980,-0.489306,0.024317,-0.270425,0.004815,-0.231034,-0.013293,-0.158736,0.010678,-0.281049,0.010528,-0.039434,0.396329,-0.472007,0.734898,1.570800,0.000000,0.000000,0.522962,-0.228233,0.108697,1.054011,-0.079323,0.000000,0.000000
0.042326,2.856308,0.842526,-0.005694,-0.023195,0.680069,-0.732759,0.160001,-0.025073,-0.111082,0.317018,-0.494870,0.024173,-0.275075,0.002138,-0.233057,-0.017450,-0.152142,0.009673,-0.284748,0.010696,-0.045863,0.395717,-0.477140,0.728764,1.570800,0.000000,0.000000,0.523202,-0.232426,0.103546,1.057840,-0.079139,0.000000,0.000000
0.042274,2.845681,0.842120,-0.008087,-0.021324,0.677377,-0.735283,0.165739,-0.029427,-0.116283,0.328903,-0.503883,0.023974,-0.281702,-0.002094,-0.236021,-0.017450,-0.144118,0.008684,-0.288644,0.010968,-0.055022,0.394958,-0.485174,0.721027,1.570647,0.000000,0.000000,0.523736,-0.237701,0.096541,1.062534,-0.076377,0.000000,0.000000
0.042306,2.834859,0.841659,-0.010308,-0.019614,0.674551,-0.737896,0.171550,-0.033170,-0.121528,0.341058,-0.512180,0.023952,-0.287892,-0.006481,-0.239025,-0.017450,-0.138409,0.007892,-0.291418,0.011253,-0.064209,0.394984,-0.495212,0.713490,1.569138,0.000000,0.000000,0.524694,-0.242601,0.090216,1.066030,-0.076275,0.000000,0.000000
0.042468,2.823832,0.841200,-0.012152,-0.018169,0.671673,-0.740525,0.177106,-0.035985,-0.127385,0.352919,-0.518868,0.024262,-0.293169,-0.010422,-0.241680,-0.017450,-0.134400,0.007223,-0.293471,0.011522,-0.072688,0.395845,-0.506468,0.706996,1.567255,0.000000,0.000000,0.526351,-0.247004,0.085326,1.068281,-0.082251,0.000000,0.000000
0.042802,2.812582,0.840724,-0.013572,-0.017080,0.668985,-0.742956,0.182693,-0.037981,-0.133327,0.364884,-0.524062,0.024812,-0.297619,-0.013754,-0.243858,-0.017450,-0.132247,0.006624,-0.294694,0.011710,-0.080619,0.395339,-0.517107,0.702908,1.563958,0.000000,0.000000,0.529083,-0.249891,0.081751,1.069139,-0.088524,0.000000,0.000000
0.043229,2.801109,0.840111,-0.014828,-0.016340,0.666167,-0.745476,0.188783,-0.039660,-0.139761,0.378124,-0.527995,0.025564,-0.302203,-0.016629,-0.245563,-0.017450,-0.133555,0.005974,-0.296486,0.011924,-0.088610,0.395057,-0.527491,0.700675,1.560906,0.000000,0.000000,0.531599,-0.251886,0.075115,1.069545,-0.092491,0.000000,0.000000
0.043478,2.789447,0.839530,-0.015811,-0.015533,0.663208,-0.748107,0.194445,-0.040846,-0.145731,0.390386,-0.529128,0.026373,-0.305865,-0.017929,-0.245972,-0.017450,-0.136739,0.005435,-0.297999,0.012098,-0.096214,0.395448,-0.539114,0.700579,1.558890,0.000000,0.000000,0.532615,-0.253735,0.068628,1.071425,-0.092411,0.000000,0.000000
0.043883,2.777586,0.838949,-0.017044,-0.013980,0.661259,-0.749834,0.200685,-0.043391,-0.150418,0.403518,-0.527500,0.026660,-0.309260,-0.019631,-0.246778,-0.017450,-0.140441,0.004886,-0.297372,0.012160,-0.103571,0.394927,-0.552320,0.702073,1.557938,0.000000,0.000000,0.533119,-0.256822,0.062543,1.074855,-0.092325,0.000000,0.000000
0.044072,2.765391,0.838410,-0.018116,-0.012935,0.659181,-0.751655,0.206642,-0.045066,-0.155076,0.416138,-0.522511,0.027187,-0.312309,-0.020735,-0.247138,-0.017450,-0.146040,0.004404,-0.296189,0.012241,-0.109890,0.394005,-0.564590,0.704487,1.558195,0.000000,0.000000,0.533141,-0.258728,0.056072,1.077537,-0.089632,0.000000,0.000000
0.044106,2.752836,0.837807,-0.018634,-0.012617,0.656633,-0.753875,0.212267,-0.044969,-0.160113,0.428500,-0.514390,0.028298,-0.315005,-0.020818,-0.246645,-0.017450,-0.152509,0.004016,-0.295635,0.012287,-0.115305,0.393578,-0.576608,0.707827,1.560199,0.000000,0.000000,0.532595,-0.258850,0.049433,1.080420,-0.084489,0.000000,0.000000
0.044186,2.739882,0.837177,-0.018693,-0.012829,0.654077,-0.756088,0.217630,-0.043299,-0.164610,0.440433,-0.504559,0.029779,-0.317229,-0.020208,-0.245618,-0.017450,-0.159867,0.003711,-0.295072,0.012335,-0.119788,0.393363,-0.588105,0.713779,1.564415,0.000000,0.000000,0.531993,-0.258732,0.045125,1.083640,-0.086522,0.000000,0.000000
0.044530,2.726563,0.836420,-0.018383,-0.013117,0.651908,-0.757962,0.223525,-0.041220,-0.168244,0.453412,-0.491079,0.031298,-0.319153,-0.019039,-0.244144,-0.017450,-0.168482,0.003452,-0.294383,0.012360,-0.122839,0.392940,-0.598346,0.722433,1.567787,0.000000,0.000000,0.530880,-0.258833,0.041929,1.087721,-0.091916,0.000000,0.000000
0.044965,2.712923,0.835620,-0.017887,-0.013073,0.650368,-0.759296,0.229533,-0.040082,-0.171346,0.466328,-0.475843,0.032463,-0.320494,-0.017404,-0.242395,-0.017450,-0.177685,0.003286,-0.294149,0.012357,-0.123692,0.392839,-0.605652,0.731547,1.568725,0.000000,0.000000,0.528813,-0.258591,0.039764,1.093215,-0.095127,0.000000,0.000000
0.045522,2.698946,0.834889,-0.017216,-0.013307,0.648658,-0.760769,0.235469,-0.038840,-0.174023,0.479106,-0.458145,0.033602,-0.321381,-0.015475,-0.240475,-0.017450,-0.187346,0.003187,-0.295668,0.012409,-0.122734,0.393491,-0.611035,0.740962,1.569571,0.000000,0.000000,0.525945,-0.256797,0.038236,1.098620,-0.092969,0.000000,0.000000
0.046249,2.684541,0.834213,-0.016364,-0.013999,0.647168,-0.762043,0.241413,-0.037481,-0.177915,0.492064,-0.436038,0.035009,-0.321985,-0.013443,-0.238528,-0.017450,-0.197906,0.003098,-0.297362,0.012434,-0.119982,0.394219,-0.615321,0.751810,1.570800,0.000000,0.000000,0.522561,-0.254478,0.036925,1.102770,-0.087421,0.000000,0.000000
0.047399,2.669768,0.833686,-0.015613,-0.014553,0.646191,-0.762877,0.246935,-0.036973,-0.180703,0.503930,-0.410382,0.035951,-0.322766,-0.012277,-0.237381,-0.017450,-0.201569,0.003146,-0.297763,0.012383,-0.116043,0.394148,-0.617903,0.762539,1.570800,0.000000,0.000000,0.519926,-0.253464,0.037696,1.106172,-0.085636,0.000000,0.000000
0.048719,2.654760,0.833363,-0.015235,-0.014074,0.646186,-0.762898,0.253108,-0.038147,-0.181663,0.516508,-0.378911,0.036027,-0.323788,-0.012794,-0.237756,-0.017450,-0.192866,0.003477,-0.296734,0.012287,-0.109867,0.391899,-0.620032,0.775086,1.570800,0.000000,0.000000,0.517899,-0.252559,0.039557,1.108989,-0.082948,0.000000,0.000000
0.050377,2.639832,0.833868,-0.014635,-0.013148,0.646883,-0.762336,0.259299,-0.041252,-0.181166,0.532046,-0.341057,0.035156,-0.325373,-0.015923,-0.240433,-0.010504,-0.174543,0.004246,-0.293798,0.012077,-0.101269,0.387856,-0.622484,0.789810,1.570513,0.000000,0.000000,0.515997,-0.251772,0.040811,1.112299,-0.077177,0.000000,0.000000
0.052281,2.625474,0.837407,-0.012602,-0.012015,0.647107,-0.762201,0.262224,-0.043916,-0.179171,0.558157,-0.301110,0.034037,-0.327121,-0.021774,-0.244415,0.026723,-0.157734,0.005558,-0.289364,0.011860,-0.091941,0.384692,-0.626414,0.805317,1.567316,0.000000,0.000000,0.515281,-0.251473,0.042992,1.116983,-0.075029,0.000000,0.000000
0.053195,2.611141,0.841324,-0.010592,-0.009735,0.646871,-0.762464,0.262011,-0.045541,-0.175905,0.591360,-0.260881,0.032886,-0.327564,-0.033287,-0.232817,0.073016,-0.147122,0.004489,-0.286430,0.011728,-0.081566,0.382142,-0.629664,0.821131,1.563427,0.000000,0.000000,0.514405,-0.250642,0.042337,1.121697,-0.065042,0.000000,0.000000
0.053677,2.596559,0.844589,-0.008848,-0.007130,0.647549,-0.761939,0.259881,-0.046747,-0.169583,0.627589,-0.218711,0.031159,-0.327461,-0.041007,-0.224492,0.118965,-0.143905,0.004257,-0.283024,0.011525,-0.069972,0.377791,-0.629423,0.838449,1.560850,0.000000,0.000000,0.512771,-0.250195,0.038732,1.125713,-0.049831,0.000000,0.000000
0.053843,2.581603,0.847128,-0.006741,-0.004996,0.647757,-0.761801,0.256194,-0.046318,-0.163912,0.665181,-0.172741,0.029932,-0.325969,-0.046474,-0.212680,0.162626,-0.145580,0.003490,-0.279855,0.011379,-0.058108,0.373444,-0.627922,0.857107,1.560380,0.000000,0.000000,0.511089,-0.251428,0.038918,1.130647,-0.042976,0.000000,0.000000
0.053885,2.566422,0.849110,-0.004561,-0.003162,0.648710,-0.761015,0.251407,-0.046356,-0.159407,0.702732,-0.125910,0.028622,-0.323000,-0.049423,-0.200534,0.203492,-0.150683,0.002739,-0.276530,0.011226,-0.045698,0.369648,-0.625329,0.875416,1.560098,0.000000,0.000000,0.508238,-0.253227,0.042397,1.135721,-0.034886,0.000000,0.000000
0.053767,2.551257,0.850641,-0.002628,-0.001046,0.650422,-0.759568,0.245429,-0.046722,-0.153004,0.741248,-0.079243,0.026749,-0.318499,-0.051511,-0.189433,0.241127,-0.158827,0.001926,-0.272496,0.011010,-0.031628,0.364407,-0.620788,0.891650,1.556013,0.000000,0.000000,0.503693,-0.253342,0.047084,1.141096,-0.017964,0.000000,0.000000
0.053838,2.536468,0.851773,-0.000988,0.001628,0.652508,-0.757779,0.237809,-0.046395,-0.141270,0.782007,-0.031460,0.024087,-0.312426,-0.053938,-0.183367,0.275381,-0.171348,0.001450,-0.266481,0.010793,-0.016674,0.357998,-0.617659,0.905522,1.554964,0.000000,0.000000,0.497847,-0.253622,0.054601,1.147343,-0.007680,0.000000,0.000000
0.053353,2.521947,0.852642,0.000353,0.004516,0.655423,-0.755249,0.228423,-0.045191,-0.126659,0.823967,0.015658,0.021203,-0.304692,-0.055478,-0.179121,0.304840,-0.189148,0.001095,-0.258608,0.010561,-0.002489,0.351760,-0.615482,0.918399,1.559936,0.000000,0.000000,0.490666,-0.255168,0.064873,1.154781,-0.007099,0.000000,0.000000
0.051663,2.508139,0.853238,0.001874,0.007112,0.657178,-0.753700,0.216398,-0.034790,-0.100423,0.868232,0.072739,0.019094,-0.295213,-0.057153,-0.168492,0.330776,-0.210184,-0.000509,-0.256195,0.010361,0.014152,0.343544,-0.603200,0.933677,1.570800,0.000000,0.000000,0.483829,-0.251877,0.059011,1.160431,-0.019616,0.000000,0.000000
0.049670,2.494334,0.853856,0.002550,0.010599,0.659017,-0.752049,0.204096,-0.024205,-0.076160,0.909706,0.119572,0.017574,-0.284944,-0.059766,-0.161189,0.354315,-0.230675,-0.001885,-0.249533,0.010094,0.028951,0.337646,-0.597380,0.945862,1.570800,0.000000,0.000000,0.476419,-0.252121,0.058335,1.165253,-0.020186,0.000000,0.000000
0.047091,2.480494,0.854237,0.003467,0.013794,0.660546,-0.750651,0.191939,-0.010989,-0.051996,0.948512,0.147334,0.017053,-0.273900,-0.060687,-0.157945,0.375105,-0.250957,-0.002368,-0.239720,0.009794,0.041955,0.332517,-0.595309,0.955591,1.570800,0.000000,0.000000,0.469561,-0.252857,0.063505,1.167043,-0.012685,0.000000,0.000000
0.043940,2.466763,0.854411,0.004936,0.016359,0.662324,-0.749022,0.179810,0.003553,-0.028829,0.984908,0.153603,0.017294,-0.261683,-0.058518,-0.155435,0.391947,-0.271428,-0.002196,-0.227616,0.009431,0.053692,0.329318,-0.597500,0.965489,1.570800,0.000000,0.000000,0.463523,-0.250667,0.073488,1.165799,-0.007011,0.000000,0.000000
0.040476,2.453037,0.854542,0.006646,0.018182,0.664771,-0.746797,0.167669,0.016816,-0.009263,1.017413,0.140053,0.017940,-0.248618,-0.053814,-0.149974,0.403660,-0.290598,-0.002042,-0.213798,0.009004,0.063790,0.327420,-0.601970,0.977607,1.570800,0.000000,0.000000,0.456916,-0.247614,0.084524,1.162180,-0.003285,0.000000,0.000000
0.037127,2.439204,0.854701,0.008347,0.019675,0.668380,-0.743512,0.155094,0.027848,0.007820,1.047252,0.110111,0.018529,-0.234325,-0.047804,-0.143100,0.412517,-0.307944,-0.001878,-0.196282,0.008336,0.074218,0.323909,-0.603100,0.990819,1.570800,0.000000,0.000000,0.449114,-0.245442,0.096868,1.155892,0.001737,0.000000,0.000000
0.033906,2.425190,0.854937,0.009726,0.021068,0.673600,-0.738732,0.142412,0.035091,0.023175,1.072946,0.070617,0.018450,-0.219416,-0.041432,-0.136359,0.418889,-0.322171,-0.001622,-0.175179,0.007534,0.087195,0.318362,-0.595163,1.002602,1.570800,0.000000,0.000000,0.440622,-0.242363,0.110457,1.147555,0.000032,0.000000,0.000000
0.030606,2.410983,0.855154,0.011125,0.022241,0.679529,-0.733227,0.130413,0.039392,0.035262,1.092289,0.029756,0.018029,-0.204839,-0.034831,-0.126765,0.422441,-0.333173,-0.001735,-0.155043,0.006744,0.102401,0.313647,-0.580110,1.012183,1.570800,0.000000,0.000000,0.431573,-0.238527,0.123638,1.138907,-0.003314,0.000000,0.000000
0.027133,2.396708,0.855321,0.012830,0.023502,0.684848,-0.728194,0.118707,0.043745,0.044854,1.107342,-0.009597,0.017929,-0.189693,-0.027815,-0.113055,0.424274,-0.342334,-0.002363,-0.137348,0.006019,0.118308,0.311277,-0.565278,1.021752,1.570800,0.000000,0.000000,0.421515,-0.237730,0.135646,1.130252,0.003481,0.000000,0.000000
0.024524,2.382422,0.855492,0.014200,0.025570,0.689628,-0.723573,0.107305,0.045688,0.053199,1.118530,-0.053222,0.017319,-0.173818,-0.023161,-0.103864,0.426600,-0.351362,-0.002752,-0.117976,0.005293,0.132669,0.309906,-0.557570,1.031700,1.570800,0.000000,0.000000,0.407142,-0.244422,0.155479,1.124061,0.013824,0.000000,0.000000
0.022500,2.368229,0.855543,0.015401,0.027723,0.693675,-0.719590,0.096304,0.046800,0.061481,1.125417,-0.085360,0.016339,-0.158410,-0.020875,-0.097669,0.429464,-0.360174,-0.003178,-0.101121,0.004637,0.146863,0.309348,-0.551755,1.038621,1.570800,0.000000,0.000000,0.394942,-0.250904,0.172352,1.111424,0.020174,0.000000,0.000000
0.020445,2.353913,0.855623,0.016446,0.029697,0.697518,-0.715763,0.085021,0.048067,0.069794,1.127293,-0.112031,0.015288,-0.142281,-0.019006,-0.090303,0.430600,-0.368700,-0.003881,-0.085121,0.004025,0.163019,0.308186,-0.544600,1.044131,1.570800,0.000000,0.000000,0.383772,-0.255094,0.185329,1.098226,0.024201,0.000000,0.000000
0.018050,2.339588,0.855845,0.017249,0.031337,0.701248,-0.712020,0.073195,0.050100,0.078749,1.124364,-0.136230,0.014259,-0.125285,-0.016651,-0.079895,0.428226,-0.378088,-0.004961,-0.069139,0.003388,0.180572,0.304927,-0.532795,1.050631,1.570800,0.000000,0.000000,0.374703,-0.256944,0.196497,1.082115,0.029365,0.000000,0.000000
0.015715,2.325460,0.856156,0.017918,0.032810,0.704993,-0.708229,0.061477,0.051570,0.087712,1.116658,-0.159414,0.012987,-0.108299,-0.014810,-0.070798,0.423424,-0.386521,-0.005947,-0.052396,0.002703,0.196860,0.302251,-0.522701,1.058294,1.570800,0.000000,0.000000,0.367139,-0.259529,0.205162,1.062080,0.033212,0.000000,0.000000
0.013511,2.311492,0.856492,0.018612,0.033827,0.708614,-0.704540,0.049514,0.052106,0.094504,1.104063,-0.181323,0.011767,-0.090925,-0.013081,-0.063978,0.416318,-0.392623,-0.006600,-0.033781,0.001970,0.212205,0.299318,-0.512839,1.066099,1.570800,0.000000,0.000000,0.359648,-0.262907,0.211597,1.039589,0.032876,0.000000,0.000000
0.011326,2.297718,0.856953,0.018890,0.034703,0.711971,-0.701097,0.037578,0.051670,0.099562,1.086899,-0.202205,0.010529,-0.073973,-0.011902,-0.058206,0.407141,-0.396021,-0.007219,-0.016959,0.001287,0.227917,0.297767,-0.502047,1.072056,1.570800,0.000000,0.000000,0.351243,-0.267534,0.217472,1.017636,0.022875,0.000000,0.000000
0.009791,2.284168,0.857479,0.018634,0.035673,0.714564,-0.698412,0.025202,0.048863,0.102136,1.064800,-0.221685,0.009011,-0.057477,-0.012599,-0.055844,0.397311,-0.396096,-0.007740,-0.001737,0.000678,0.242597,0.296661,-0.491544,1.076488,1.570800,0.000000,0.000000,0.342819,-0.272332,0.220141,0.994113,0.020350,0.000000,0.000000
0.008851,2.270806,0.857991,0.018108,0.036592,0.716558,-0.696332,0.012312,0.043813,0.101451,1.038079,-0.238301,0.007434,-0.041588,-0.014742,-0.058048,0.386952,-0.396040,-0.007890,0.013047,0.000109,0.255980,0.294320,-0.483088,1.078532,1.570787,0.000000,0.000000,0.335376,-0.274598,0.213350,0.965834,0.049778,0.000000,0.000000
0.007692,2.257588,0.858511,0.017594,0.037616,0.719035,-0.693732,-0.000412,0.038916,0.101540,1.007988,-0.254681,0.005761,-0.026273,-0.016856,-0.060275,0.375953,-0.397159,-0.008040,0.028570,-0.000504,0.269885,0.290381,-0.476405,1.081992,1.570689,0.000000,0.000000,0.328589,-0.278649,0.210497,0.940322,0.054912,0.000000,0.000000
0.006096,2.244649,0.858931,0.017120,0.038240,0.721591,-0.691051,-0.013288,0.036000,0.103843,0.974822,-0.269309,0.004266,-0.011679,-0.017892,-0.060050,0.364615,-0.396926,-0.008324,0.043810,-0.001094,0.283414,0.286158,-0.470917,1.086162,1.570573,0.000000,0.000000,0.321027,-0.281757,0.208486,0.915590,0.051878,0.000000,0.000000
0.004667,2.232279,0.859223,0.016589,0.038358,0.724974,-0.687508,-0.026602,0.033514,0.109513,0.937772,-0.279736,0.002222,0.001811,-0.019111,-0.058900,0.353652,-0.393881,-0.008807,0.059017,-0.001675,0.295934,0.284697,-0.463649,1.087331,1.570471,0.000000,0.000000,0.311087,-0.287591,0.210047,0.890333,0.051149,0.000000,0.000000
0.003399,2.220585,0.859416,0.015962,0.037849,0.728407,-0.683912,-0.040239,0.030925,0.116256,0.897443,-0.285897,-0.000039,0.013585,-0.019609,-0.055278,0.342672,-0.390054,-0.009501,0.073904,-0.002262,0.307170,0.285258,-0.456984,1.088623,1.570405,0.000000,0.000000,0.299505,-0.295407,0.214979,0.866271,0.047247,0.000000,0.000000
0.001722,2.209281,0.859465,0.015264,0.036724,0.731995,-0.680148,-0.054147,0.029697,0.122885,0.853943,-0.291125,-0.001790,0.024212,-0.018525,-0.050385,0.331558,-0.386221,-0.010011,0.088529,-0.002852,0.318012,0.284747,-0.450024,1.093943,1.570335,0.000000,0.000000,0.286583,-0.302835,0.221036,0.842708,0.039068,0.000000,0.000000
-0.000164,2.198171,0.859407,0.014327,0.035136,0.735680,-0.676266,-0.068082,0.029744,0.129781,0.806977,-0.298577,-0.003114,0.033983,-0.016902,-0.046741,0.320216,-0.382688,-0.010203,0.101995,-0.003399,0.328157,0.283058,-0.442039,1.099920,1.570276,0.000000,0.000000,0.272688,-0.306828,0.226027,0.818771,0.045858,0.000000,0.000000
-0.001451,2.187150,0.859286,0.013256,0.033514,0.739116,-0.672613,-0.081603,0.028735,0.135212,0.756497,-0.305338,-0.004319,0.043091,-0.016366,-0.043736,0.309387,-0.378961,-0.010556,0.114215,-0.003948,0.338053,0.280680,-0.434040,1.104169,1.570196,0.000000,0.000000,0.256762,-0.310987,0.232651,0.799084,0.054285,0.000000,0.000000
-0.001809,2.176087,0.859106,0.012043,0.032048,0.741575,-0.669996,-0.094609,0.025128,0.136312,0.702207,-0.307484,-0.005251,0.051904,-0.017512,-0.041389,0.299264,-0.375597,-0.011214,0.125034,-0.004452,0.348103,0.278122,-0.427572,1.105779,1.570121,0.000000,0.000000,0.239705,-0.317774,0.241690,0.781511,0.053797,0.000000,0.000000
-0.002702,2.164966,0.858759,0.010875,0.030592,0.745352,-0.665880,-0.106226,0.022959,0.141799,0.645271,-0.307212,-0.006472,0.060234,-0.018487,-0.035827,0.290649,-0.370670,-0.012324,0.136023,-0.004918,0.358453,0.276240,-0.420372,1.106786,1.570057,0.000000,0.000000,0.221772,-0.323474,0.253565,0.762538,0.059421,0.000000,0.000000
-0.004257,2.153968,0.858148,0.009864,0.028938,0.749051,-0.661807,-0.117144,0.023465,0.150135,0.587261,-0.305889,-0.007323,0.068481,-0.018174,-0.031783,0.283263,-0.364712,-0.012903,0.146213,-0.005422,0.368250,0.276070,-0.413793,1.109120,1.570006,0.000000,0.000000,0.202081,-0.332549,0.260368,0.743463,0.059332,0.000000,0.000000
-0.005416,2.142857,0.857393,0.008564,0.027240,0.751416,-0.659211,-0.127773,0.023018,0.157363,0.528573,-0.300187,-0.008087,0.076992,-0.018633,-0.034071,0.275828,-0.361793,-0.012689,0.154547,-0.005866,0.377631,0.277451,-0.414939,1.109152,1.569955,0.000000,0.000000,0.183763,-0.339524,0.267580,0.725699,0.054416,0.000000,0.000000
-0.005586,2.131351,0.856570,0.007250,0.025379,0.752871,-0.657639,-0.137932,0.020350,0.161086,0.466342,-0.292414,-0.008581,0.086170,-0.020115,-0.035854,0.267092,-0.361424,-0.012788,0.162354,-0.006249,0.385795,0.279546,-0.417989,1.108875,1.569930,0.000000,0.000000,0.166384,-0.347095,0.274812,0.707185,0.049077,0.000000,0.000000
-0.005709,2.119444,0.855662,0.006007,0.023416,0.755367,-0.654855,-0.146594,0.018105,0.164451,0.401548,-0.283851,-0.008709,0.095582,-0.021970,-0.032970,0.257818,-0.362724,-0.013678,0.171023,-0.006659,0.394464,0.280052,-0.415466,1.109262,1.569898,0.000000,0.000000,0.149518,-0.355539,0.283085,0.687281,0.056778,0.000000,0.000000
-0.006040,2.107392,0.858066,0.004665,0.021345,0.758342,-0.651491,-0.154033,0.016491,0.169863,0.334327,-0.274145,-0.008828,0.104947,-0.023489,-0.028570,0.248460,-0.363502,-0.014725,0.180281,-0.007066,0.403417,0.280516,-0.414325,1.108902,1.569849,0.000000,0.000000,0.133348,-0.363792,0.295071,0.667355,0.076592,0.000000,0.000000
-0.006024,2.095193,0.860416,0.003230,0.019390,0.761078,-0.648363,-0.160599,0.014018,0.173790,0.266938,-0.263029,-0.008749,0.114223,-0.025667,-0.026244,0.239645,-0.364087,-0.015626,0.190070,-0.007533,0.411237,0.279869,-0.412524,1.109099,1.569784,0.000000,0.000000,0.117542,-0.371348,0.310130,0.650118,0.086704,0.000000,0.000000
-0.005894,2.083488,0.860769,0.002038,0.017547,0.764301,-0.644617,-0.166854,0.011891,0.177885,0.198585,-0.248709,-0.008466,0.121659,-0.028376,-0.023096,0.236374,-0.366131,-0.016789,0.198981,-0.008034,0.419844,0.278799,-0.406271,1.108981,1.569754,0.000000,0.000000,0.098575,-0.383108,0.318146,0.630606,0.085270,0.000000,0.000000
-0.005931,2.072574,0.859155,0.000780,0.015196,0.767650,-0.640688,-0.173778,0.011024,0.183473,0.130019,-0.231756,-0.007991,0.125426,-0.030455,-0.019864,0.240975,-0.372082,-0.017802,0.208262,-0.008379,0.427988,0.279158,-0.402469,1.108017,1.569708,0.000000,0.000000,0.080723,-0.391262,0.324860,0.611215,0.091578,0.000000,0.000000
-0.005974,2.061430,0.855544,-0.000252,0.012880,0.770549,-0.637250,-0.180536,0.010675,0.188785,0.062861,-0.215951,-0.007246,0.128926,-0.032255,-0.018143,0.247529,-0.380344,-0.018521,0.217154,-0.008802,0.435259,0.281342,-0.401838,1.107170,1.569682,0.000000,0.000000,0.063060,-0.398648,0.332443,0.595063,0.092143,0.000000,0.000000
-0.006104,2.050045,0.850341,-0.001023,0.010464,0.773636,-0.633544,-0.186772,0.010970,0.195533,-0.000655,-0.203129,-0.006463,0.132506,-0.033987,-0.018178,0.254652,-0.390438,-0.018941,0.226155,-0.009237,0.442311,0.283593,-0.400132,1.106281,1.569661,0.000000,0.000000,0.044259,-0.405823,0.341430,0.581777,0.084933,0.000000,0.000000
-0.006298,2.038420,0.848883,-0.001617,0.007976,0.776657,-0.629871,-0.192401,0.012023,0.201494,-0.017450,-0.195020,-0.005946,0.135871,-0.035510,-0.019393,0.261317,-0.399938,-0.019131,0.234837,-0.009640,0.448287,0.283469,-0.397978,1.105919,1.569636,0.000000,0.000000,0.026525,-0.410975,0.349581,0.573442,0.081475,0.000000,0.000000
-0.006475,2.026594,0.848661,-0.002126,0.005759,0.779229,-0.626709,-0.199542,0.014158,0.205362,-0.017450,-0.189943,-0.005301,0.140474,-0.037718,-0.022755,0.270507,-0.411418,-0.019162,0.244404,-0.009978,0.455597,0.282752,-0.395522,1.106061,1.569584,0.000000,0.000000,0.007720,-0.415486,0.354849,0.560960,0.081178,0.000000,0.000000
-0.006487,2.014574,0.848201,-0.002646,0.003798,0.781469,-0.623927,-0.206950,0.015659,0.208156,-0.017450,-0.188297,-0.004791,0.145409,-0.040218,-0.024888,0.280345,-0.421674,-0.019458,0.252609,-0.010332,0.462571,0.283275,-0.390142,1.106473,1.569562,0.000000,0.000000,-0.008920,-0.419518,0.356915,0.547676,0.086822,0.000000,0.000000
-0.006591,2.002231,0.847661,-0.003179,0.002095,0.784340,-0.620320,-0.214050,0.016455,0.215053,-0.017450,-0.188086,-0.004792,0.150312,-0.043689,-0.024387,0.290163,-0.430631,-0.020421,0.259185,-0.010614,0.470398,0.284892,-0.380493,1.104527,1.569560,0.000000,0.000000,-0.024986,-0.423419,0.359695,0.536471,0.093392,0.000000,0.000000
-0.006713,1.989499,0.846994,-0.003290,0.000821,0.786850,-0.617135,-0.220332,0.017243,0.221992,-0.017450,-0.188673,-0.004844,0.155687,-0.047683,-0.022590,0.300802,-0.438872,-0.021755,0.265037,-0.010880,0.478578,0.285908,-0.372967,1.102818,1.569551,0.000000,0.000000,-0.038760,-0.426394,0.363561,0.527241,0.102757,0.000000,0.000000
-0.006900,1.976285,0.846282,-0.003114,-0.000203,0.789063,-0.614305,-0.225842,0.018475,0.226800,-0.017450,-0.189749,-0.004706,0.161662,-0.051939,-0.020396,0.312683,-0.446991,-0.023259,0.270513,-0.011177,0.486972,0.284496,-0.368459,1.104295,1.569502,0.000000,0.000000,-0.050624,-0.429753,0.369595,0.517870,0.110804,0.000000,0.000000
-0.007328,1.962787,0.845591,-0.002999,-0.000916,0.791826,-0.610739,-0.230325,0.020100,0.231329,-0.017450,-0.192103,-0.004510,0.167493,-0.056740,-0.017018,0.324260,-0.451892,-0.025143,0.276745,-0.011488,0.494050,0.281662,-0.363938,1.107145,1.569448,0.000000,0.000000,-0.061828,-0.434386,0.378508,0.511874,0.108469,0.000000,0.000000
-0.007764,1.949114,0.844695,-0.003106,-0.001233,0.794894,-0.606740,-0.234767,0.021387,0.236270,-0.017450,-0.197193,-0.004376,0.173796,-0.062999,-0.011101,0.336775,-0.455787,-0.027884,0.283466,-0.011756,0.500857,0.276776,-0.355477,1.111632,1.569392,0.000000,0.000000,-0.073620,-0.441282,0.389251,0.508278,0.092852,0.000000,0.000000
-0.008375,1.935418,0.843773,-0.003419,-0.001540,0.798061,-0.602564,-0.239252,0.022904,0.240609,-0.017450,-0.203365,-0.004155,0.179814,-0.069114,-0.002416,0.348745,-0.458079,-0.031099,0.289359,-0.011937,0.506306,0.270970,-0.343808,1.118386,1.569341,0.000000,0.000000,-0.085471,-0.448304,0.399731,0.507125,0.070045,0.000000,0.000000
-0.009080,1.921558,0.843066,-0.003426,-0.001827,0.799952,-0.600051,-0.242840,0.024134,0.242223,-0.017450,-0.205578,-0.003946,0.185526,-0.073453,0.003762,0.360179,-0.458651,-0.033510,0.293532,-0.011991,0.509448,0.267994,-0.334915,1.124917,1.569321,0.000000,0.000000,-0.093934,-0.453445,0.403691,0.506343,0.059124,0.000000,0.000000
-0.009875,1.907369,0.842244,-0.003252,-0.002003,0.801707,-0.597704,-0.246462,0.026050,0.242672,-0.017450,-0.207487,-0.003621,0.191810,-0.077894,0.009735,0.372893,-0.456516,-0.036046,0.297407,-0.012059,0.512301,0.264409,-0.325611,1.131917,1.569314,0.000000,0.000000,-0.100315,-0.457516,0.405926,0.505902,0.054622,0.000000,0.000000
-0.010889,1.893083,0.840968,-0.002809,-0.002117,0.804292,-0.594224,-0.250744,0.030584,0.241519,-0.017450,-0.214657,-0.002731,0.198546,-0.082648,0.017010,0.386676,-0.448909,-0.039078,0.301085,-0.012043,0.515498,0.258242,-0.312417,1.141137,1.569290,0.000000,0.000000,-0.105140,-0.460269,0.410484,0.505180,0.059755,0.000000,0.000000
-0.011899,1.878387,0.839747,-0.002458,-0.001850,0.806746,-0.590891,-0.253748,0.034876,0.238298,-0.017450,-0.223006,-0.001738,0.204992,-0.087476,0.022279,0.399795,-0.436535,-0.041923,0.303679,-0.012067,0.518347,0.251534,-0.300542,1.150238,1.569260,0.000000,0.000000,-0.109243,-0.460658,0.415354,0.507888,0.065210,0.000000,0.000000
-0.012527,1.863298,0.838501,-0.002079,-0.001176,0.808060,-0.589095,-0.256191,0.037119,0.232776,-0.017450,-0.230649,-0.000901,0.211594,-0.092145,0.025872,0.413225,-0.420053,-0.044560,0.305142,-0.011991,0.520456,0.244999,-0.288392,1.159605,1.569240,0.000000,0.000000,-0.111110,-0.458282,0.417913,0.514297,0.073736,0.000000,0.000000
-0.012909,1.848033,0.837346,-0.001661,-0.000463,0.808809,-0.588069,-0.258588,0.037697,0.226133,-0.017450,-0.235715,-0.000265,0.218251,-0.096368,0.028272,0.426615,-0.400622,-0.046941,0.305617,-0.011960,0.521261,0.240075,-0.277852,1.169130,1.569233,0.000000,0.000000,-0.110483,-0.457372,0.418834,0.520161,0.089410,0.000000,0.000000
-0.013305,1.832902,0.836471,-0.000896,0.000032,0.809226,-0.587497,-0.260988,0.037406,0.222479,-0.017450,-0.232780,-0.000121,0.223521,-0.099408,0.030211,0.441921,-0.381278,-0.048876,0.304584,-0.011922,0.521853,0.238130,-0.273654,1.176714,1.569234,0.000000,0.000000,-0.109018,-0.459151,0.421053,0.524932,0.100580,0.000000,0.000000
-0.013637,1.818079,0.835939,-0.000024,0.000342,0.809004,-0.587803,-0.263922,0.036436,0.221102,-0.017450,-0.216035,-0.000604,0.227071,-0.101691,0.032182,0.466406,-0.355818,-0.050783,0.302133,-0.011867,0.522248,0.235879,-0.271211,1.183677,1.569234,0.000000,0.000000,-0.106412,-0.460803,0.423122,0.532150,0.104534,0.000000,0.000000
-0.013977,1.803338,0.836493,0.001145,0.000241,0.807641,-0.589674,-0.266771,0.036268,0.219846,-0.012410,-0.188455,-0.001427,0.228603,-0.101696,0.034236,0.498138,-0.324041,-0.052146,0.298227,-0.011654,0.521684,0.231870,-0.268188,1.190281,1.569222,0.000000,0.000000,-0.101409,-0.459663,0.421277,0.542086,0.105579,0.000000,0.000000
-0.014042,1.788622,0.839940,0.002188,0.000681,0.806068,-0.591818,-0.268462,0.037424,0.212027,0.015895,-0.162012,-0.001816,0.227560,-0.101243,0.036048,0.534419,-0.287702,-0.053285,0.293472,-0.011393,0.519638,0.227417,-0.267434,1.197750,1.569210,0.000000,0.000000,-0.095161,-0.455957,0.418576,0.553844,0.108661,0.000000,0.000000
-0.013755,1.773787,0.843599,0.003632,0.001596,0.804148,-0.594415,-0.268804,0.038422,0.200505,0.050895,-0.143399,-0.001914,0.224558,-0.101917,0.032562,0.574063,-0.244878,-0.053619,0.287126,-0.011100,0.516695,0.224530,-0.270193,1.206695,1.569207,0.000000,0.000000,-0.087950,-0.452446,0.416449,0.567762,0.109670,0.000000,0.000000
-0.013186,1.758799,0.846945,0.005631,0.003080,0.801864,-0.597472,-0.268018,0.037797,0.190000,0.090488,-0.133539,-0.002240,0.220544,-0.104970,0.020893,0.617087,-0.192135,-0.052932,0.279717,-0.010803,0.513316,0.221698,-0.273153,1.214673,1.569208,0.000000,0.000000,-0.077771,-0.448460,0.412795,0.583520,0.106142,0.000000,0.000000
-0.012065,1.743341,0.849655,0.007709,0.004881,0.798433,-0.602015,-0.266534,0.034182,0.179042,0.130802,-0.132428,-0.002686,0.216492,-0.108496,0.007234,0.660026,-0.135564,-0.051672,0.272226,-0.010461,0.509534,0.220162,-0.279040,1.221407,1.569205,0.000000,0.000000,-0.062860,-0.441232,0.408346,0.600120,0.104048,0.000000,0.000000
-0.010434,1.727486,0.851799,0.009996,0.006577,0.794140,-0.607618,-0.264161,0.028914,0.166084,0.170122,-0.137503,-0.002859,0.212440,-0.110571,-0.003198,0.701563,-0.082525,-0.050188,0.263612,-0.010131,0.505468,0.221427,-0.290512,1.227717,1.569222,0.000000,0.000000,-0.046055,-0.437658,0.397291,0.615865,0.100224,0.000000,0.000000
-0.008721,1.711588,0.853367,0.012265,0.008525,0.789659,-0.613364,-0.260080,0.022868,0.152324,0.206717,-0.146286,-0.002847,0.207806,-0.112558,-0.011994,0.743162,-0.030214,-0.048647,0.254611,-0.009711,0.501028,0.223283,-0.307451,1.232990,1.569224,0.000000,0.000000,-0.026103,-0.431936,0.385928,0.631475,0.101424,0.000000,0.000000
-0.007212,1.696034,0.854521,0.014343,0.010523,0.785056,-0.619169,-0.253998,0.016876,0.138439,0.238641,-0.157072,-0.002605,0.201563,-0.113792,-0.018911,0.785876,0.022931,-0.046864,0.244508,-0.009308,0.494336,0.223642,-0.320012,1.238719,1.569250,0.000000,0.000000,-0.006862,-0.424598,0.374210,0.649078,0.104860,0.000000,0.000000
-0.005448,1.680942,0.855399,0.016468,0.012538,0.780496,-0.624818,-0.245478,0.010842,0.124519,0.264593,-0.169735,-0.002182,0.193332,-0.116728,-0.027460,0.830379,0.076618,-0.044967,0.232748,-0.008794,0.485677,0.223031,-0.324274,1.243156,1.569278,0.000000,0.000000,0.010397,-0.415598,0.363858,0.669011,0.106012,0.000000,0.000000
-0.003104,1.666221,0.856123,0.018924,0.014564,0.775774,-0.630559,-0.234561,0.004406,0.109569,0.285160,-0.184188,-0.001547,0.183762,-0.123053,-0.041301,0.876980,0.129005,-0.042851,0.217207,-0.008185,0.476707,0.221922,-0.327386,1.246267,1.569314,0.000000,0.000000,0.023318,-0.402788,0.351739,0.695455,0.097773,0.000000,0.000000
-0.000401,1.651602,0.856797,0.021373,0.016390,0.770958,-0.636316,-0.222266,-0.001962,0.093987,0.299811,-0.196798,-0.000694,0.173670,-0.129805,-0.054779,0.920821,0.172399,-0.040901,0.199660,-0.007575,0.468438,0.219619,-0.331745,1.248440,1.569332,0.000000,0.000000,0.034332,-0.387354,0.338635,0.723586,0.076114,0.000000,0.000000
0.002151,1.636954,0.857460,0.023395,0.017979,0.766896,-0.641093,-0.208992,-0.008201,0.081764,0.310069,-0.208898,-0.000298,0.162879,-0.135545,-0.065174,0.960283,0.199717,-0.039343,0.182755,-0.006906,0.461247,0.219285,-0.339389,1.247043,1.569349,0.000000,0.000000,0.049631,-0.373065,0.329498,0.744260,0.069648,0.000000,0.000000
0.004193,1.622219,0.858050,0.024875,0.019500,0.763722,-0.644771,-0.195149,-0.014057,0.073459,0.317415,-0.221204,-0.000397,0.151429,-0.139052,-0.071000,0.993734,0.204977,-0.038344,0.167572,-0.006370,0.455214,0.219420,-0.346121,1.241120,1.569366,0.000000,0.000000,0.066658,-0.361624,0.321930,0.759826,0.067879,0.000000,0.000000
0.006151,1.607479,0.858541,0.026629,0.021049,0.759230,-0.649936,-0.181118,-0.019779,0.063695,0.324036,-0.230794,-0.000224,0.140517,-0.139409,-0.075607,1.022470,0.190294,-0.037273,0.153291,-0.005892,0.448112,0.219696,-0.352277,1.233787,1.569387,0.000000,0.000000,0.084247,-0.353064,0.316952,0.775779,0.066452,0.000000,0.000000
0.008083,1.592697,0.859021,0.028410,0.022574,0.754468,-0.655333,-0.165804,-0.025806,0.051987,0.329204,-0.239634,0.000165,0.129279,-0.138772,-0.080148,1.047261,0.165174,-0.036330,0.137680,-0.005305,0.438797,0.220099,-0.356537,1.225350,1.569413,0.000000,0.000000,0.102193,-0.342919,0.313565,0.794624,0.071063,0.000000,0.000000
0.009733,1.577942,0.859644,0.030185,0.023541,0.750448,-0.659820,-0.149589,-0.030633,0.040356,0.330969,-0.247805,0.000801,0.117442,-0.137169,-0.083737,1.065769,0.135398,-0.035538,0.120818,-0.004684,0.428939,0.220470,-0.357874,1.216625,1.569447,0.000000,0.000000,0.118467,-0.330693,0.313886,0.814938,0.076158,0.000000,0.000000
0.011240,1.563297,0.860303,0.031984,0.024295,0.746284,-0.664414,-0.133313,-0.034478,0.028042,0.330146,-0.255110,0.001761,0.105601,-0.134881,-0.087689,1.078918,0.104751,-0.034621,0.103322,-0.004136,0.418975,0.222896,-0.361355,1.205729,1.569503,0.000000,0.000000,0.132275,-0.320666,0.316578,0.837510,0.067143,0.000000,0.000000
0.012695,1.548782,0.860887,0.033782,0.025296,0.741034,-0.670139,-0.116625,-0.038395,0.013886,0.328317,-0.260816,0.002980,0.094005,-0.132132,-0.093346,1.088382,0.074610,-0.033326,0.085670,-0.003557,0.405770,0.227151,-0.366665,1.194325,1.569571,0.000000,0.000000,0.146147,-0.312745,0.316765,0.863192,0.045081,0.000000,0.000000
0.014152,1.534286,0.861409,0.035602,0.026333,0.735610,-0.675957,-0.099982,-0.041951,0.000264,0.325797,-0.264492,0.004178,0.083067,-0.129562,-0.099930,1.093706,0.046657,-0.031847,0.069445,-0.002956,0.389145,0.230648,-0.369431,1.186008,1.569666,0.000000,0.000000,0.161039,-0.304744,0.315524,0.887475,0.029818,0.000000,0.000000
0.015537,1.519683,0.861972,0.037394,0.026892,0.730219,-0.681659,-0.083408,-0.044213,-0.011808,0.322200,-0.268324,0.005433,0.072313,-0.126348,-0.107285,1.094514,0.019178,-0.029980,0.053335,-0.002307,0.374581,0.235224,-0.370118,1.175449,1.569782,0.000000,0.000000,0.178188,-0.296102,0.314636,0.906811,0.024867,0.000000,0.000000
0.016828,1.504834,0.862482,0.038920,0.027378,0.725527,-0.686546,-0.066604,-0.046050,-0.021402,0.317296,-0.271780,0.006389,0.061520,-0.122616,-0.111568,1.091170,-0.008768,-0.028407,0.037554,-0.001748,0.366446,0.241440,-0.368074,1.158798,1.569897,0.000000,0.000000,0.196130,-0.287942,0.312725,0.924522,0.023023,0.000000,0.000000
0.018188,1.490004,0.862855,0.040483,0.028003,0.721679,-0.690475,-0.049485,-0.048142,-0.028324,0.312127,-0.274113,0.006864,0.050608,-0.119378,-0.113398,1.084079,-0.037108,-0.027328,0.022299,-0.001238,0.358037,0.246064,-0.362278,1.142451,1.570009,0.000000,0.000000,0.212334,-0.280679,0.310553,0.944209,0.019743,0.000000,0.000000
0.019106,1.475809,0.863193,0.042396,0.028404,0.717890,-0.694284,-0.032954,-0.048784,-0.033526,0.307443,-0.276445,0.007424,0.039404,-0.115062,-0.116234,1.073147,-0.060861,-0.025653,0.008247,-0.000696,0.340290,0.249540,-0.355814,1.134437,1.570147,0.000000,0.000000,0.228091,-0.272270,0.307859,0.965170,0.019088,0.000000,0.000000
0.019577,1.461912,0.863509,0.043859,0.028201,0.712472,-0.699761,-0.017772,-0.047642,-0.039039,0.303206,-0.279723,0.008481,0.027802,-0.108726,-0.121164,1.057299,-0.080929,-0.022875,-0.006400,-0.000200,0.330093,0.258738,-0.357376,1.115340,1.570298,0.000000,0.000000,0.246319,-0.263592,0.302851,0.981697,0.015602,0.000000,0.000000
0.020262,1.448696,0.863777,0.044998,0.028092,0.707457,-0.704763,-0.003662,-0.046633,-0.045778,0.298000,-0.282186,0.009709,0.015644,-0.103314,-0.124867,1.038279,-0.100221,-0.020483,-0.020048,0.000290,0.318078,0.267337,-0.355714,1.095262,1.570487,0.000000,0.000000,0.262854,-0.254324,0.297272,0.999004,0.009506,0.000000,0.000000
0.021141,1.436320,0.864039,0.045691,0.027820,0.702475,-0.709695,0.009494,-0.045957,-0.052615,0.291221,-0.283186,0.010881,0.002338,-0.098893,-0.128818,1.016010,-0.119244,-0.018230,-0.033277,0.000725,0.302108,0.276122,-0.355061,1.075933,1.570688,0.000000,0.000000,0.276820,-0.246647,0.290890,1.018458,0.003381,0.000000,0.000000
0.021751,1.424592,0.864332,0.045916,0.027147,0.698010,-0.714099,0.021706,-0.045068,-0.057736,0.282656,-0.282954,0.011844,-0.012307,-0.093884,-0.131796,0.989402,-0.136538,-0.015896,-0.046119,0.001128,0.285834,0.284003,-0.355562,1.055362,1.570800,0.000000,0.000000,0.289667,-0.242182,0.285907,1.036434,-0.005794,0.000000,0.000000
0.023802,1.413409,0.864557,0.046175,0.027628,0.694800,-0.717187,0.034543,-0.048374,-0.071708,0.271964,-0.271128,0.013188,-0.027213,-0.093956,-0.131703,0.959906,-0.146339,-0.015697,-0.051172,0.001356,0.256563,0.275112,-0.364493,1.054441,1.570800,0.000000,0.000000,0.305045,-0.236388,0.265593,1.037857,-0.046990,0.000000,0.000000
0.024413,1.402195,0.864512,0.045879,0.027398,0.691106,-0.720775,0.045432,-0.049188,-0.079055,0.264950,-0.268966,0.014111,-0.042299,-0.091592,-0.132359,0.927462,-0.157436,-0.014562,-0.058863,0.001877,0.235364,0.277965,-0.370404,1.043038,1.570800,0.000000,0.000000,0.321696,-0.230167,0.258624,1.047040,-0.062894,0.000000,0.000000
0.024992,1.391382,0.864346,0.045241,0.026559,0.686209,-0.725511,0.054195,-0.048585,-0.086367,0.260407,-0.270452,0.015384,-0.057670,-0.088433,-0.133809,0.890287,-0.171361,-0.013029,-0.069486,0.002362,0.217405,0.282397,-0.374079,1.026200,1.570800,0.000000,0.000000,0.338221,-0.221120,0.261844,1.061281,-0.063030,0.000000,0.000000
0.025556,1.380791,0.864047,0.044090,0.025744,0.681158,-0.730354,0.061790,-0.048143,-0.093428,0.256477,-0.271896,0.016584,-0.072407,-0.086535,-0.137271,0.849363,-0.182748,-0.011495,-0.081228,0.002767,0.200184,0.286612,-0.373780,1.003817,1.570800,0.000000,0.000000,0.351357,-0.213866,0.264179,1.077368,-0.063127,0.000000,0.000000
0.025353,1.370030,0.863729,0.042701,0.024878,0.676754,-0.734548,0.069388,-0.046959,-0.097541,0.251663,-0.273234,0.017514,-0.086184,-0.083732,-0.141466,0.804421,-0.189683,-0.009583,-0.092803,0.003175,0.182157,0.292000,-0.370931,0.982142,1.570800,0.000000,0.000000,0.359909,-0.208419,0.260767,1.095543,-0.070619,0.000000,0.000000
0.024725,1.358687,0.863402,0.041400,0.023799,0.673670,-0.737488,0.077919,-0.044654,-0.098343,0.245661,-0.275421,0.018202,-0.099126,-0.080215,-0.146615,0.755019,-0.194932,-0.007356,-0.103288,0.003580,0.165639,0.297469,-0.369603,0.963036,1.570800,0.000000,0.000000,0.367865,-0.202332,0.254051,1.114088,-0.074200,0.000000,0.000000
0.024283,1.346976,0.862986,0.040111,0.022605,0.670342,-0.740622,0.086614,-0.042104,-0.101071,0.239917,-0.276558,0.019256,-0.110674,-0.077162,-0.152788,0.701931,-0.197892,-0.005192,-0.112137,0.003973,0.150071,0.302432,-0.371749,0.941027,1.570800,0.000000,0.000000,0.380356,-0.191356,0.251723,1.119816,-0.069584,0.000000,0.000000
0.024167,1.335266,0.862410,0.038755,0.021426,0.665332,-0.745233,0.094861,-0.039886,-0.106535,0.235444,-0.276275,0.020671,-0.120704,-0.074173,-0.158162,0.644705,-0.198887,-0.003382,-0.121006,0.004288,0.132197,0.308587,-0.378435,0.918491,1.570800,0.000000,0.000000,0.393497,-0.187140,0.245453,1.124290,-0.070791,0.000000,0.000000
0.024089,1.323483,0.861692,0.036875,0.020207,0.659936,-0.750144,0.102759,-0.038331,-0.113302,0.230362,-0.277091,0.022125,-0.129904,-0.071749,-0.163374,0.584393,-0.199904,-0.001944,-0.130688,0.004657,0.112735,0.314805,-0.385884,0.897301,1.570800,0.000000,0.000000,0.404772,-0.185386,0.236676,1.134728,-0.076291,0.000000,0.000000
0.023855,1.311642,0.860826,0.035023,0.019220,0.655385,-0.754237,0.110989,-0.036657,-0.117555,0.225630,-0.279434,0.023221,-0.138361,-0.069783,-0.169004,0.523405,-0.197909,-0.000710,-0.140763,0.005091,0.093755,0.321058,-0.391641,0.876308,1.570800,0.000000,0.000000,0.414417,-0.182570,0.229190,1.146448,-0.078421,0.000000,0.000000
0.023315,1.300799,0.859404,0.033000,0.018199,0.650687,-0.758410,0.115655,-0.034565,-0.120344,0.229398,-0.286766,0.024196,-0.147022,-0.067793,-0.175987,0.460492,-0.192022,0.000624,-0.151313,0.005553,0.074155,0.326219,-0.396351,0.855789,1.570800,0.000000,0.000000,0.422903,-0.180564,0.221814,1.154581,-0.077489,0.000000,0.000000
0.023238,1.289528,0.857911,0.030057,0.016155,0.639153,-0.768322,0.117529,-0.030164,-0.132661,0.234155,-0.296847,0.027244,-0.154074,-0.067993,-0.195005,0.391738,-0.187785,0.003228,-0.165696,0.006174,0.046753,0.331925,-0.413861,0.837730,1.570800,0.000000,0.000000,0.432077,-0.176536,0.204407,1.161059,-0.075603,0.000000,0.000000
0.022372,1.278351,0.856867,0.027824,0.016067,0.640494,-0.767290,0.121776,-0.031268,-0.129944,0.242123,-0.306594,0.026564,-0.162086,-0.066388,-0.197842,0.326566,-0.183426,0.003222,-0.172926,0.006494,0.027107,0.335964,-0.415311,0.823476,1.570800,0.000000,0.000000,0.438822,-0.179222,0.203636,1.167227,-0.082139,0.000000,0.000000
0.021787,1.266759,0.858321,0.024916,0.015082,0.636259,-0.770925,0.125173,-0.030662,-0.131437,0.249276,-0.318387,0.026943,-0.168988,-0.065951,-0.204159,0.257495,-0.174904,0.003363,-0.180809,0.006909,0.006957,0.341452,-0.422747,0.803040,1.570800,0.000000,0.000000,0.446902,-0.177174,0.198251,1.172630,-0.085098,0.000000,0.000000
0.021416,1.255063,0.857783,0.021771,0.014136,0.632387,-0.774217,0.128444,-0.030316,-0.133863,0.256222,-0.329706,0.027400,-0.175112,-0.066114,-0.211956,0.186985,-0.163338,0.003412,-0.188412,0.007237,-0.012637,0.347003,-0.426564,0.779968,1.570800,0.000000,0.000000,0.454311,-0.172350,0.189430,1.179059,-0.089791,0.000000,0.000000
0.021329,1.243300,0.855065,0.018911,0.013717,0.629743,-0.776452,0.132478,-0.030854,-0.134263,0.264345,-0.340650,0.027329,-0.180547,-0.066479,-0.219108,0.116906,-0.153061,0.003130,-0.195457,0.007534,-0.030708,0.354319,-0.429773,0.757031,1.570800,0.000000,0.000000,0.460802,-0.170045,0.179171,1.185506,-0.095158,0.000000,0.000000
0.021614,1.231190,0.850327,0.016126,0.013354,0.625696,-0.779786,0.136734,-0.031132,-0.135838,0.273173,-0.353270,0.027510,-0.184928,-0.067296,-0.229363,0.047542,-0.145460,0.002954,-0.202168,0.007844,-0.048218,0.359686,-0.438625,0.736282,1.570800,0.000000,0.000000,0.468356,-0.168005,0.165783,1.189007,-0.101638,0.000000,0.000000
0.022009,1.218794,0.843998,0.013729,0.013001,0.622742,-0.782199,0.141495,-0.031223,-0.135367,0.282751,-0.365022,0.027440,-0.188709,-0.067830,-0.236948,-0.017450,-0.138750,0.002364,-0.205692,0.008035,-0.066385,0.362679,-0.448067,0.719394,1.570800,0.000000,0.000000,0.476944,-0.165786,0.154359,1.189899,-0.108838,0.000000,0.000000
0.022503,1.206148,0.844444,0.011527,0.012716,0.620703,-0.783858,0.145806,-0.031502,-0.134741,0.291298,-0.374469,0.027307,-0.192327,-0.068412,-0.243115,-0.017450,-0.135904,0.002267,-0.207057,0.008143,-0.080633,0.363588,-0.452312,0.705768,1.570800,0.000000,0.000000,0.484352,-0.164527,0.144458,1.190051,-0.113107,0.000000,0.000000
0.022825,1.193252,0.844466,0.009114,0.012692,0.618688,-0.785481,0.151761,-0.032190,-0.135569,0.303400,-0.387622,0.027288,-0.197925,-0.069475,-0.252635,-0.017450,-0.136005,0.002466,-0.210061,0.008318,-0.098160,0.366084,-0.456970,0.686582,1.570800,0.000000,0.000000,0.493449,-0.164069,0.126545,1.189840,-0.117178,0.000000,0.000000
0.022846,1.180133,0.844324,0.006846,0.013063,0.616552,-0.787176,0.157533,-0.032630,-0.138717,0.315570,-0.399638,0.027716,-0.203297,-0.071119,-0.260168,-0.017450,-0.138039,0.002470,-0.214110,0.008563,-0.113300,0.371258,-0.461053,0.668311,1.570800,0.000000,0.000000,0.501231,-0.164095,0.106280,1.189481,-0.123264,0.000000,0.000000
0.023045,1.167116,0.843824,0.005423,0.013553,0.614776,-0.788567,0.163504,-0.032533,-0.141855,0.328063,-0.409308,0.028337,-0.208503,-0.071804,-0.269593,-0.017450,-0.139415,0.002861,-0.216407,0.008786,-0.126339,0.376658,-0.468747,0.656194,1.570800,0.000000,0.000000,0.509197,-0.162556,0.090987,1.189822,-0.130485,0.000000,0.000000
0.023647,1.154279,0.842926,0.004532,0.014144,0.613219,-0.789773,0.170106,-0.032427,-0.144140,0.341961,-0.417497,0.028864,-0.213558,-0.074244,-0.272631,-0.017450,-0.141910,0.002431,-0.216437,0.008889,-0.142267,0.383329,-0.479827,0.644563,1.570800,0.000000,0.000000,0.518147,-0.160061,0.078256,1.190545,-0.136421,0.000000,0.000000
0.023280,1.140975,0.842254,0.003742,0.015043,0.612663,-0.790192,0.176571,-0.031593,-0.143745,0.354989,-0.424444,0.029171,-0.218835,-0.070746,-0.284451,-0.017450,-0.141554,0.003755,-0.214100,0.008859,-0.155322,0.389851,-0.489435,0.634105,1.570800,0.000000,0.000000,0.526272,-0.159365,0.067303,1.190408,-0.141155,0.000000,0.000000
0.022785,1.126993,0.841569,0.003184,0.015326,0.612382,-0.790407,0.183785,-0.029416,-0.143721,0.369906,-0.431425,0.029922,-0.223132,-0.068787,-0.282806,-0.017450,-0.144778,0.003797,-0.213084,0.008855,-0.167519,0.398100,-0.495992,0.620915,1.570800,0.000000,0.000000,0.534391,-0.159578,0.056610,1.189479,-0.140665,0.000000,0.000000
0.023248,1.112684,0.840765,0.003051,0.015399,0.611413,-0.791156,0.191025,-0.026793,-0.144182,0.384963,-0.435952,0.030902,-0.226188,-0.069528,-0.280014,-0.017450,-0.150329,0.003197,-0.213342,0.008821,-0.175936,0.399412,-0.492899,0.608367,1.570800,0.000000,0.000000,0.540717,-0.159463,0.045330,1.189627,-0.137547,0.000000,0.000000
0.023824,1.097989,0.839831,0.003290,0.015578,0.610106,-0.792160,0.198359,-0.023954,-0.146244,0.400465,-0.438228,0.032246,-0.228582,-0.071079,-0.276551,-0.017450,-0.156328,0.002428,-0.214602,0.008825,-0.178511,0.395887,-0.487563,0.597595,1.570800,0.000000,0.000000,0.547032,-0.158512,0.036399,1.189355,-0.132429,0.000000,0.000000
0.023738,1.083322,0.838437,0.003802,0.016668,0.608936,-0.793035,0.206315,-0.021532,-0.151023,0.417605,-0.439162,0.033992,-0.231456,-0.071994,-0.273099,-0.017450,-0.164954,0.001752,-0.216707,0.008991,-0.183095,0.401486,-0.487006,0.589374,1.570800,0.000000,0.000000,0.554938,-0.158551,0.028713,1.188654,-0.128683,0.000000,0.000000
0.023785,1.068566,0.837063,0.004573,0.017458,0.607911,-0.793800,0.213956,-0.019432,-0.157057,0.434435,-0.437078,0.035929,-0.233605,-0.073159,-0.266507,-0.017450,-0.174456,0.000826,-0.218956,0.009121,-0.189302,0.411067,-0.491208,0.585221,1.570800,0.000000,0.000000,0.561654,-0.158471,0.023831,1.188914,-0.128362,0.000000,0.000000
0.023987,1.053478,0.835812,0.005642,0.017730,0.607506,-0.794098,0.221307,-0.017043,-0.161059,0.450314,-0.431747,0.037655,-0.234781,-0.074621,-0.254203,-0.017450,-0.184177,-0.000580,-0.220254,0.009094,-0.189934,0.413550,-0.489711,0.582565,1.570800,0.000000,0.000000,0.565970,-0.157999,0.019785,1.190148,-0.123352,0.000000,0.000000
0.023972,1.037997,0.834779,0.006730,0.017928,0.607861,-0.793812,0.228715,-0.014634,-0.162644,0.465886,-0.422811,0.039008,-0.235625,-0.074792,-0.240423,-0.017450,-0.191194,-0.001877,-0.221045,0.009061,-0.187301,0.414115,-0.484483,0.580052,1.570800,0.000000,0.000000,0.568766,-0.158316,0.015669,1.192502,-0.119138,0.000000,0.000000
0.024202,1.022394,0.833730,0.008271,0.018697,0.609305,-0.792673,0.235421,-0.013589,-0.162639,0.479614,-0.411874,0.039636,-0.236454,-0.073612,-0.231589,-0.017450,-0.188550,-0.002434,-0.221127,0.009114,-0.186434,0.418643,-0.483693,0.579935,1.570800,0.000000,0.000000,0.571378,-0.159509,0.014180,1.195185,-0.121142,0.000000,0.000000
0.025086,1.007142,0.833136,0.009285,0.019538,0.610423,-0.791780,0.241187,-0.014062,-0.162946,0.500683,-0.398424,0.039870,-0.238084,-0.072216,-0.227868,-0.017450,-0.172062,-0.002269,-0.221051,0.009103,-0.185668,0.423583,-0.484784,0.583172,1.570800,0.000000,0.000000,0.574203,-0.161057,0.011124,1.197385,-0.122375,0.000000,0.000000
0.026234,0.992540,0.832469,0.010543,0.020973,0.611239,-0.791098,0.245196,-0.016492,-0.163841,0.536139,-0.380557,0.039671,-0.240372,-0.072090,-0.227570,-0.017450,-0.138398,-0.001474,-0.219361,0.008912,-0.181998,0.421873,-0.483022,0.586291,1.570800,0.000000,0.000000,0.577183,-0.162106,0.005860,1.199250,-0.119316,0.000000,0.000000
0.027128,0.978541,0.833963,0.012626,0.023337,0.612440,-0.790072,0.246486,-0.020121,-0.163403,0.577838,-0.361195,0.038783,-0.241957,-0.075420,-0.222661,0.003133,-0.105973,-0.001503,-0.218083,0.008863,-0.178080,0.419405,-0.482941,0.596924,1.570800,0.000000,0.000000,0.579302,-0.163431,0.002098,1.203517,-0.119605,0.000000,0.000000
0.027559,0.964234,0.837369,0.014726,0.025084,0.613950,-0.788809,0.245466,-0.022235,-0.159326,0.621196,-0.338884,0.037598,-0.243615,-0.079385,-0.212706,0.042398,-0.089482,-0.002253,-0.216201,0.008794,-0.172933,0.416170,-0.481441,0.610699,1.570800,0.000000,0.000000,0.580871,-0.165484,0.000895,1.207284,-0.120729,0.000000,0.000000
0.028052,0.949607,0.840708,0.017381,0.026692,0.615467,-0.787518,0.242990,-0.022540,-0.151271,0.667108,-0.310277,0.036106,-0.244677,-0.082284,-0.201749,0.088311,-0.082681,-0.003074,-0.211659,0.008501,-0.158883,0.402114,-0.466701,0.625886,1.570800,0.000000,0.000000,0.581655,-0.166536,-0.000541,1.211277,-0.115791,0.000000,0.000000
0.027768,0.934964,0.843580,0.019961,0.029362,0.617406,-0.785843,0.239415,-0.022669,-0.141036,0.714324,-0.274624,0.034082,-0.244294,-0.083775,-0.189394,0.134368,-0.079750,-0.004101,-0.212087,0.008692,-0.154091,0.404254,-0.470736,0.635581,1.570800,0.000000,0.000000,0.580750,-0.170464,0.003009,1.217247,-0.120794,0.000000,0.000000
0.027159,0.919989,0.845816,0.022922,0.030997,0.619822,-0.783795,0.233791,-0.019214,-0.126181,0.761735,-0.232270,0.032195,-0.242162,-0.081011,-0.177049,0.175559,-0.081697,-0.004540,-0.209427,0.008580,-0.144640,0.399223,-0.471096,0.647385,1.570800,0.000000,0.000000,0.576576,-0.171841,0.005485,1.225491,-0.124772,0.000000,0.000000
0.024028,0.905581,0.847370,0.027242,0.031578,0.619593,-0.783814,0.223545,0.002353,-0.086422,0.816053,-0.174830,0.031351,-0.237439,-0.067315,-0.165446,0.212146,-0.098634,-0.002832,-0.214686,0.008590,-0.123386,0.404232,-0.458731,0.663560,1.545131,0.000000,0.000000,0.568615,-0.167848,0.010496,1.250115,-0.116552,0.000000,0.000000
0.023526,0.890097,0.848929,0.029030,0.032854,0.620587,-0.782911,0.215599,0.010225,-0.070424,0.856521,-0.126868,0.030470,-0.231788,-0.062326,-0.161895,0.240814,-0.113439,-0.002092,-0.214966,0.008608,-0.110427,0.411894,-0.459737,0.676075,1.544089,0.000000,0.000000,0.561281,-0.171805,0.020274,1.257747,-0.106678,0.000000,0.000000
0.022357,0.874935,0.849946,0.031808,0.035233,0.626266,-0.778163,0.209045,0.014948,-0.051341,0.897011,-0.077546,0.027907,-0.224598,-0.056843,-0.148723,0.271966,-0.134741,-0.002845,-0.212061,0.008439,-0.093693,0.414918,-0.459437,0.692493,1.535317,0.000000,0.000000,0.553009,-0.179651,0.038013,1.265105,-0.096887,0.000000,0.000000
0.020910,0.860065,0.851023,0.033264,0.037874,0.633838,-0.771821,0.202089,0.017469,-0.028771,0.935442,-0.028970,0.024062,-0.216970,-0.052521,-0.131639,0.298878,-0.156943,-0.004526,-0.201493,0.007862,-0.066245,0.407226,-0.439373,0.703789,1.495586,0.000000,0.000000,0.543819,-0.186221,0.052463,1.269780,-0.091162,0.000000,0.000000
0.019453,0.846106,0.851751,0.034768,0.040431,0.637948,-0.768231,0.193280,0.023314,-0.008688,0.973075,0.010654,0.021805,-0.208453,-0.049795,-0.121241,0.320926,-0.176572,-0.005507,-0.191936,0.007607,-0.047345,0.400961,-0.432344,0.713829,1.479374,0.000000,0.000000,0.536193,-0.189279,0.063075,1.271140,-0.086522,0.000000,0.000000
0.017906,0.832647,0.852363,0.036264,0.042198,0.636815,-0.769006,0.181251,0.034460,0.006003,1.012361,0.039386,0.022005,-0.198176,-0.047944,-0.120032,0.338966,-0.194824,-0.005216,-0.182866,0.007420,-0.037667,0.397174,-0.440598,0.728007,1.478676,0.000000,0.000000,0.530011,-0.188884,0.063770,1.270090,-0.082316,0.000000,0.000000
0.015317,0.818816,0.852901,0.037826,0.043778,0.638489,-0.767453,0.169442,0.044990,0.019219,1.047880,0.050743,0.022427,-0.187547,-0.043470,-0.117956,0.354686,-0.210878,-0.004522,-0.172872,0.007117,-0.029962,0.392195,-0.449246,0.747061,1.479324,0.000000,0.000000,0.524021,-0.189407,0.066486,1.266318,-0.080521,0.000000,0.000000
0.012345,0.804898,0.853397,0.039444,0.044883,0.641397,-0.764879,0.157972,0.055542,0.033450,1.078735,0.044341,0.022881,-0.176124,-0.036982,-0.112261,0.367543,-0.224631,-0.003990,-0.161125,0.006727,-0.021971,0.383310,-0.455589,0.770603,1.477366,0.000000,0.000000,0.517271,-0.190032,0.072313,1.258495,-0.075666,0.000000,0.000000
0.009899,0.791073,0.853969,0.040715,0.045626,0.642829,-0.763565,0.145924,0.064347,0.042519,1.104512,0.022125,0.023838,-0.163644,-0.030877,-0.107515,0.375330,-0.237785,-0.003394,-0.147959,0.006302,-0.014606,0.372846,-0.465850,0.795822,1.480144,0.000000,0.000000,0.511699,-0.188679,0.076358,1.245686,-0.065127,0.000000,0.000000
0.008415,0.777291,0.854685,0.041557,0.046729,0.645642,-0.761076,0.133649,0.067172,0.046547,1.125549,-0.005368,0.024056,-0.150424,-0.026447,-0.103316,0.379696,-0.249354,-0.003104,-0.133097,0.005878,-0.006307,0.364202,-0.476065,0.822137,1.490067,0.000000,0.000000,0.507136,-0.187138,0.080493,1.229568,-0.054114,0.000000,0.000000
0.007034,0.763737,0.855433,0.042505,0.048039,0.649187,-0.757920,0.121054,0.069117,0.051886,1.143312,-0.031275,0.023834,-0.136163,-0.022320,-0.097013,0.381851,-0.257440,-0.003220,-0.117160,0.005316,0.001669,0.356293,-0.485231,0.850030,1.500567,0.000000,0.000000,0.500241,-0.187739,0.087801,1.214224,-0.043905,0.000000,0.000000
0.005811,0.750504,0.856255,0.043093,0.049381,0.650683,-0.756516,0.107684,0.071284,0.055596,1.156751,-0.054678,0.023897,-0.121633,-0.019272,-0.092115,0.381214,-0.263009,-0.003331,-0.103048,0.004812,0.008015,0.347282,-0.494701,0.880395,1.511572,0.000000,0.000000,0.491956,-0.189156,0.091986,1.200232,-0.034879,0.000000,0.000000
0.004662,0.737257,0.857111,0.043266,0.051227,0.653741,-0.753742,0.094809,0.070496,0.059868,1.164986,-0.077209,0.023040,-0.107499,-0.017391,-0.086774,0.380457,-0.268236,-0.003782,-0.089259,0.004336,0.015067,0.337466,-0.500836,0.913452,1.524333,0.000000,0.000000,0.482986,-0.192227,0.096112,1.183789,-0.023631,0.000000,0.000000
0.003582,0.723780,0.857817,0.043520,0.053164,0.658740,-0.749227,0.082828,0.067579,0.067673,1.166923,-0.099547,0.020971,-0.093334,-0.015624,-0.078602,0.381273,-0.273926,-0.004721,-0.073577,0.003800,0.024740,0.329091,-0.506427,0.944241,1.535121,0.000000,0.000000,0.473108,-0.197554,0.105301,1.164774,-0.016225,0.000000,0.000000
0.002290,0.710216,0.858326,0.043928,0.055008,0.665749,-0.742847,0.072770,0.064621,0.080235,1.163177,-0.117898,0.017968,-0.080302,-0.013178,-0.065996,0.383084,-0.280513,-0.006218,-0.056561,0.003225,0.038255,0.323153,-0.506078,0.966026,1.545953,0.000000,0.000000,0.462869,-0.204311,0.118575,1.145393,-0.013937,0.000000,0.000000
0.001835,0.696843,0.858775,0.044091,0.056348,0.666440,-0.742117,0.061151,0.061641,0.080784,1.156035,-0.133727,0.016976,-0.066438,-0.012445,-0.061403,0.382447,-0.287660,-0.006783,-0.043638,0.002818,0.050409,0.315519,-0.508315,0.983999,1.563618,0.000000,0.000000,0.454140,-0.206252,0.118515,1.123878,-0.004735,0.000000,0.000000
0.001024,0.683514,0.859335,0.044017,0.057816,0.670323,-0.738504,0.049969,0.057318,0.084954,1.143776,-0.150179,0.014905,-0.052538,-0.011899,-0.054365,0.380465,-0.293746,-0.007819,-0.030507,0.002301,0.065119,0.307295,-0.507262,1.003773,1.570760,0.000000,0.000000,0.443646,-0.207994,0.118984,1.101676,0.012259,0.000000,0.000000
-0.000222,0.670006,0.859956,0.043630,0.058970,0.676396,-0.732876,0.039762,0.053190,0.094879,1.125811,-0.166934,0.011752,-0.039272,-0.010935,-0.044914,0.376946,-0.298913,-0.009146,-0.015883,0.001778,0.081619,0.301068,-0.502155,1.022243,1.570800,0.000000,0.000000,0.432867,-0.212323,0.123102,1.075828,0.025523,0.000000,0.000000
-0.001574,0.656674,0.860634,0.042969,0.059902,0.682095,-0.727538,0.029372,0.049773,0.104605,1.104423,-0.185149,0.008748,-0.026353,-0.010368,-0.037137,0.371560,-0.302054,-0.010292,-0.000842,0.001220,0.097593,0.297274,-0.500634,1.039162,1.570800,0.000000,0.000000,0.421149,-0.217619,0.131800,1.048630,0.031285,0.000000,0.000000
-0.002663,0.643969,0.861275,0.042303,0.060707,0.686636,-0.723226,0.017705,0.046107,0.111234,1.080910,-0.206058,0.006168,-0.013734,-0.010353,-0.033111,0.365190,-0.302914,-0.010958,0.012995,0.000724,0.111523,0.294429,-0.505396,1.059860,1.570800,0.000000,0.000000,0.408114,-0.220485,0.143855,1.026757,0.039860,0.000000,0.000000
-0.003779,0.631631,0.861774,0.041656,0.060794,0.691069,-0.719022,0.005217,0.043796,0.118449,1.054096,-0.225052,0.003818,-0.002095,-0.009605,-0.030187,0.358274,-0.302868,-0.011262,0.024990,0.000146,0.128053,0.289663,-0.499686,1.075819,1.570800,0.000000,0.000000,0.396011,-0.225106,0.151243,1.002861,0.047854,0.000000,0.000000
-0.004371,0.619866,0.862060,0.041276,0.060603,0.695745,-0.714537,-0.007380,0.041235,0.126035,1.022446,-0.235762,0.001277,0.008618,-0.009336,-0.026648,0.352578,-0.304371,-0.011786,0.037251,-0.000409,0.145252,0.285047,-0.492723,1.090822,1.570800,0.000000,0.000000,0.382975,-0.237974,0.153872,0.972548,0.043053,0.000000,0.000000
-0.004462,0.608697,0.862255,0.040690,0.060573,0.700363,-0.710047,-0.019573,0.036801,0.132170,0.986707,-0.239693,-0.001535,0.018024,-0.010505,-0.022850,0.348449,-0.306798,-0.012716,0.050015,-0.000882,0.160524,0.283639,-0.489024,1.103679,1.570800,0.000000,0.000000,0.367719,-0.256075,0.157843,0.938676,0.033488,0.000000,0.000000
-0.004777,0.597586,0.862403,0.039576,0.060375,0.704579,-0.705944,-0.031676,0.032704,0.138069,0.946750,-0.242052,-0.004157,0.026486,-0.012041,-0.019885,0.344722,-0.307726,-0.013602,0.061959,-0.001304,0.175249,0.279999,-0.483740,1.116176,1.570800,0.000000,0.000000,0.353029,-0.270751,0.162737,0.906224,0.028768,0.000000,0.000000
-0.005804,0.586368,0.862427,0.038505,0.059827,0.708554,-0.702060,-0.043280,0.031190,0.144341,0.904066,-0.245376,-0.005993,0.034572,-0.012044,-0.015368,0.340868,-0.307070,-0.014355,0.073812,-0.001706,0.190296,0.272432,-0.479628,1.132939,1.570674,0.000000,0.000000,0.339676,-0.276279,0.168679,0.884566,0.033056,0.000000,0.000000
-0.006606,0.575279,0.862367,0.037432,0.058964,0.711370,-0.699339,-0.055127,0.029710,0.148373,0.856012,-0.250864,-0.007261,0.042897,-0.011783,-0.011169,0.336099,-0.307150,-0.014993,0.084956,-0.002128,0.205434,0.265666,-0.479399,1.148118,1.570504,0.000000,0.000000,0.325688,-0.276598,0.174709,0.865951,0.044940,0.000000,0.000000
-0.007229,0.564438,0.862279,0.036302,0.057799,0.715151,-0.695630,-0.066345,0.027825,0.151905,0.804516,-0.255823,-0.008423,0.050509,-0.011620,-0.006170,0.330933,-0.305694,-0.015790,0.094812,-0.002592,0.219105,0.262996,-0.476836,1.159666,1.570389,0.000000,0.000000,0.310223,-0.280191,0.183785,0.839780,0.052208,0.000000,0.000000
-0.007840,0.553666,0.862092,0.035133,0.056517,0.719305,-0.691500,-0.076704,0.026451,0.155222,0.749662,-0.255564,-0.009258,0.057754,-0.011719,-0.001435,0.326228,-0.303131,-0.016620,0.104287,-0.003091,0.231645,0.260271,-0.469328,1.170455,1.570312,0.000000,0.000000,0.292886,-0.287002,0.194944,0.812323,0.054031,0.000000,0.000000
-0.008555,0.542751,0.861743,0.033907,0.055170,0.722719,-0.688102,-0.086077,0.026296,0.160363,0.692046,-0.253132,-0.009975,0.065158,-0.012045,0.000822,0.322037,-0.302543,-0.017099,0.113342,-0.003558,0.243828,0.257015,-0.462079,1.181040,1.570218,0.000000,0.000000,0.274797,-0.293325,0.202650,0.786582,0.057169,0.000000,0.000000
-0.009280,0.531795,0.861325,0.032503,0.053313,0.725469,-0.685416,-0.095065,0.026764,0.166904,0.630991,-0.254131,-0.010596,0.072364,-0.011679,0.003403,0.316533,-0.303210,-0.017432,0.122534,-0.004023,0.255185,0.255560,-0.462426,1.190871,1.570139,0.000000,0.000000,0.257474,-0.300043,0.207929,0.760649,0.062106,0.000000,0.000000
-0.009961,0.520843,0.860871,0.031242,0.051237,0.730222,-0.680569,-0.102702,0.027910,0.178120,0.567967,-0.254353,-0.011744,0.078844,-0.011299,0.011195,0.311077,-0.305266,-0.018601,0.131390,-0.004479,0.268387,0.252669,-0.457121,1.200650,1.570060,0.000000,0.000000,0.239608,-0.308652,0.220572,0.735171,0.067202,0.000000,0.000000
-0.010249,0.509633,0.860294,0.030025,0.048924,0.735075,-0.675551,-0.109359,0.029233,0.191218,0.503865,-0.252553,-0.012961,0.085254,-0.011904,0.018042,0.305659,-0.310594,-0.019855,0.139924,-0.004947,0.282439,0.249759,-0.448438,1.207923,1.569989,0.000000,0.000000,0.220435,-0.319442,0.234694,0.709993,0.069089,0.000000,0.000000
-0.009913,0.498319,0.859427,0.029142,0.046831,0.737460,-0.673135,-0.115599,0.028948,0.196388,0.439252,-0.247459,-0.012968,0.092503,-0.012721,0.019226,0.301768,-0.315783,-0.020254,0.147500,-0.005398,0.295285,0.248631,-0.447224,1.214053,1.569925,0.000000,0.000000,0.204344,-0.332149,0.247333,0.681912,0.073894,0.000000,0.000000
-0.009715,0.486736,0.858524,0.028097,0.045019,0.740738,-0.669695,-0.120928,0.028259,0.203049,0.372571,-0.245009,-0.013098,0.100169,-0.014525,0.018583,0.297869,-0.322479,-0.020603,0.153931,-0.005764,0.308483,0.247386,-0.443465,1.219958,1.569869,0.000000,0.000000,0.188976,-0.344796,0.260621,0.651612,0.080355,0.000000,0.000000
-0.009659,0.474790,0.857462,0.026911,0.043128,0.741960,-0.668514,-0.126164,0.026971,0.210774,0.305635,-0.242102,-0.013298,0.108781,-0.016026,0.013475,0.293124,-0.329529,-0.020137,0.158851,-0.006051,0.319132,0.250072,-0.440299,1.221132,1.569850,0.000000,0.000000,0.174996,-0.354177,0.261237,0.621911,0.084682,0.000000,0.000000
-0.009394,0.463011,0.857969,0.025670,0.041076,0.743818,-0.666624,-0.130711,0.025372,0.214092,0.238548,-0.234178,-0.012769,0.116822,-0.017496,0.011450,0.288803,-0.332620,-0.020178,0.164496,-0.006360,0.329358,0.251522,-0.434641,1.221633,1.569835,0.000000,0.000000,0.161047,-0.361986,0.259744,0.594549,0.090398,0.000000,0.000000
-0.009226,0.451459,0.856689,0.024303,0.038912,0.746401,-0.663913,-0.134798,0.024458,0.217354,0.169958,-0.225826,-0.011912,0.124169,-0.019280,0.011246,0.285159,-0.335388,-0.020604,0.171936,-0.006780,0.340868,0.249878,-0.430144,1.224299,1.569791,0.000000,0.000000,0.146199,-0.369887,0.262616,0.570391,0.094614,0.000000,0.000000
-0.009179,0.440102,0.853685,0.023422,0.036322,0.749628,-0.660447,-0.138766,0.025062,0.223186,0.103155,-0.217706,-0.010974,0.130872,-0.020225,0.013406,0.282556,-0.339200,-0.021185,0.177984,-0.007166,0.352510,0.246773,-0.421740,1.228609,1.569738,0.000000,0.000000,0.128690,-0.378807,0.273995,0.548820,0.101105,0.000000,0.000000
-0.008781,0.428661,0.851820,0.022810,0.034253,0.752788,-0.656976,-0.142243,0.025117,0.223517,0.040225,-0.204068,-0.009552,0.137432,-0.022095,0.015400,0.281777,-0.343905,-0.022007,0.183592,-0.007466,0.363449,0.244433,-0.414023,1.233527,1.569688,0.000000,0.000000,0.111133,-0.386413,0.284425,0.529165,0.111823,0.000000,0.000000
-0.009042,0.417211,0.849924,0.022274,0.032242,0.755180,-0.654345,-0.146150,0.025383,0.229978,-0.017450,-0.200176,-0.008680,0.143923,-0.023167,0.015818,0.282569,-0.349828,-0.022364,0.188037,-0.007739,0.374848,0.244289,-0.408488,1.235263,1.569654,0.000000,0.000000,0.094760,-0.393250,0.291314,0.511151,0.121034,0.000000,0.000000
-0.009218,0.406297,0.847688,0.022204,0.030153,0.758029,-0.651145,-0.150465,0.026698,0.236650,-0.017450,-0.198432,-0.008355,0.148086,-0.023761,0.016339,0.288177,-0.356815,-0.022617,0.191824,-0.007985,0.385120,0.247418,-0.407870,1.235202,1.569638,0.000000,0.000000,0.080079,-0.399030,0.296643,0.495640,0.123708,0.000000,0.000000
-0.009037,0.395136,0.844989,0.022055,0.027883,0.760166,-0.648755,-0.155617,0.028308,0.240634,-0.017450,-0.193610,-0.008004,0.152235,-0.024321,0.016148,0.295804,-0.367008,-0.022748,0.194750,-0.008250,0.395522,0.251315,-0.407587,1.236246,1.569633,0.000000,0.000000,0.064950,-0.404083,0.299094,0.478916,0.124245,0.000000,0.000000
-0.008752,0.383636,0.843426,0.021780,0.026160,0.762953,-0.645557,-0.160424,0.030152,0.244505,-0.017450,-0.189666,-0.007734,0.156725,-0.026611,0.015967,0.304634,-0.376770,-0.023353,0.198714,-0.008525,0.407120,0.250103,-0.398272,1.238782,1.569624,0.000000,0.000000,0.051091,-0.408476,0.304697,0.463917,0.121250,0.000000,0.000000
-0.007996,0.371809,0.843190,0.021498,0.024726,0.764798,-0.643437,-0.165049,0.031248,0.243029,-0.017450,-0.187682,-0.007121,0.161602,-0.030031,0.016184,0.314498,-0.386021,-0.024336,0.204039,-0.008865,0.418843,0.246366,-0.385276,1.240161,1.569581,0.000000,0.000000,0.038815,-0.412389,0.310434,0.451770,0.119054,0.000000,0.000000
-0.007367,0.359773,0.842784,0.021531,0.023673,0.767648,-0.640072,-0.168727,0.033063,0.238376,-0.017450,-0.189542,-0.006071,0.166705,-0.034013,0.019274,0.324852,-0.392622,-0.025966,0.208288,-0.009099,0.431068,0.242160,-0.370389,1.239646,1.569540,0.000000,0.000000,0.026489,-0.416155,0.317065,0.440890,0.122405,0.000000,0.000000
-0.007478,0.347652,0.842372,0.021604,0.022653,0.769650,-0.637698,-0.172475,0.035084,0.238706,-0.017450,-0.190017,-0.005483,0.171809,-0.036453,0.022521,0.335215,-0.398196,-0.027250,0.211128,-0.009233,0.441396,0.238208,-0.355738,1.240132,1.569500,0.000000,0.000000,0.014657,-0.421613,0.319818,0.428622,0.123486,0.000000,0.000000
-0.006990,0.334936,0.841871,0.021525,0.021856,0.771644,-0.635315,-0.175932,0.036771,0.231218,-0.017450,-0.193183,-0.004299,0.177436,-0.039620,0.028007,0.346829,-0.404000,-0.029139,0.215717,-0.009401,0.450510,0.234521,-0.344375,1.241664,1.569464,0.000000,0.000000,0.004566,-0.426315,0.321617,0.418854,0.124412,0.000000,0.000000
-0.007286,0.322092,0.841152,0.021256,0.021596,0.773111,-0.633547,-0.179238,0.036264,0.234901,-0.017450,-0.200278,-0.004354,0.183228,-0.042224,0.032412,0.358776,-0.406504,-0.030776,0.220102,-0.009574,0.457792,0.233039,-0.343143,1.243628,1.569428,0.000000,0.000000,-0.003489,-0.430392,0.321526,0.412995,0.123019,0.000000,0.000000
-0.007563,0.309284,0.840006,0.021022,0.021659,0.776684,-0.629167,-0.182033,0.039125,0.227348,-0.017450,-0.214865,-0.002872,0.188917,-0.045910,0.044241,0.371131,-0.408408,-0.034008,0.227874,-0.009826,0.465514,0.232401,-0.341937,1.244969,1.569401,0.000000,0.000000,-0.010943,-0.434856,0.325495,0.408567,0.118835,0.000000,0.000000
-0.008034,0.296829,0.839470,0.021837,0.021131,0.778334,-0.627114,-0.185142,0.039632,0.235202,-0.017450,-0.213030,-0.003338,0.192628,-0.046394,0.050079,0.383014,-0.410057,-0.035305,0.230626,-0.009890,0.470161,0.232321,-0.337334,1.247545,1.569398,0.000000,0.000000,-0.014304,-0.436466,0.327239,0.404399,0.119963,0.000000,0.000000
-0.008169,0.284570,0.839002,0.022459,0.020574,0.779668,-0.625452,-0.188491,0.039914,0.240329,-0.017450,-0.208323,-0.003851,0.195713,-0.047013,0.054045,0.398138,-0.408557,-0.036410,0.233899,-0.009950,0.473974,0.231032,-0.332027,1.252132,1.569400,0.000000,0.000000,-0.016337,-0.437246,0.326804,0.400870,0.123186,0.000000,0.000000
-0.007910,0.272210,0.838258,0.022718,0.020324,0.780836,-0.623991,-0.192224,0.040308,0.239637,-0.017450,-0.206570,-0.003936,0.198986,-0.048598,0.059047,0.421331,-0.404347,-0.038172,0.238663,-0.010096,0.477990,0.228915,-0.325801,1.257616,1.569385,0.000000,0.000000,-0.018490,-0.437668,0.324182,0.399515,0.126909,0.000000,0.000000
-0.007166,0.259368,0.837655,0.022687,0.020110,0.781600,-0.623042,-0.194847,0.039807,0.233253,-0.017450,-0.211246,-0.003490,0.201535,-0.050090,0.066047,0.444325,-0.400122,-0.040280,0.242687,-0.010217,0.481282,0.227745,-0.320322,1.258245,1.569374,0.000000,0.000000,-0.020347,-0.438490,0.321198,0.400299,0.128937,0.000000,0.000000
-0.006105,0.245989,0.837270,0.022292,0.019744,0.781398,-0.623322,-0.196957,0.038275,0.219750,-0.017450,-0.219106,-0.002395,0.203844,-0.050535,0.072252,0.466084,-0.394474,-0.041957,0.245669,-0.010301,0.483157,0.228520,-0.320376,1.258095,1.569365,0.000000,0.000000,-0.020575,-0.440361,0.316960,0.403013,0.133463,0.000000,0.000000
-0.004401,0.232277,0.836658,0.022629,0.019754,0.778173,-0.627331,-0.199031,0.035733,0.196135,-0.017450,-0.225836,-0.000446,0.207172,-0.050243,0.070063,0.489659,-0.384369,-0.042009,0.249269,-0.010354,0.482320,0.230361,-0.321947,1.261366,1.569373,0.000000,0.000000,-0.015585,-0.442423,0.305619,0.408402,0.137039,0.000000,0.000000
-0.003136,0.218751,0.835969,0.023376,0.020446,0.777619,-0.627969,-0.200098,0.034918,0.175801,-0.017450,-0.224853,0.001359,0.209407,-0.053201,0.063528,0.516409,-0.369532,-0.042257,0.251947,-0.010445,0.482899,0.230400,-0.321670,1.264117,1.569372,0.000000,0.000000,-0.009033,-0.445048,0.299339,0.414268,0.131012,0.000000,0.000000
-0.002335,0.205364,0.836546,0.024263,0.021019,0.777524,-0.628033,-0.200673,0.035288,0.161741,-0.013603,-0.200579,0.002416,0.210137,-0.056549,0.057396,0.548153,-0.350533,-0.042699,0.252542,-0.010374,0.483981,0.229723,-0.318841,1.266883,1.569376,0.000000,0.000000,-0.002866,-0.446359,0.298297,0.421257,0.123126,0.000000,0.000000
-0.001205,0.192243,0.839246,0.024766,0.021767,0.776665,-0.629050,-0.200787,0.035282,0.148208,0.003944,-0.165573,0.003077,0.208997,-0.060091,0.050952,0.583928,-0.327533,-0.043128,0.250982,-0.010267,0.483720,0.227693,-0.314078,1.271269,1.569388,0.000000,0.000000,0.002514,-0.446745,0.298838,0.430349,0.117937,0.000000,0.000000
0.000139,0.179233,0.842071,0.025439,0.022874,0.775231,-0.630750,-0.200291,0.034978,0.132444,0.025323,-0.132612,0.004039,0.206387,-0.063225,0.044732,0.621528,-0.299934,-0.043400,0.248229,-0.010086,0.482243,0.225260,-0.311545,1.275955,1.569386,0.000000,0.000000,0.008327,-0.446142,0.298804,0.441680,0.114315,0.000000,0.000000
0.001446,0.166207,0.844831,0.026408,0.024554,0.773103,-0.633254,-0.199699,0.032966,0.118576,0.052432,-0.107145,0.004690,0.202903,-0.067286,0.034005,0.661296,-0.267054,-0.043021,0.243419,-0.009823,0.481239,0.223362,-0.310809,1.279530,1.569382,0.000000,0.000000,0.015385,-0.442745,0.296843,0.454950,0.117910,0.000000,0.000000
0.002326,0.153405,0.847604,0.028555,0.026262,0.770334,-0.636460,-0.199578,0.030310,0.112710,0.088524,-0.094388,0.004311,0.198950,-0.070812,0.017350,0.704310,-0.222854,-0.041206,0.235834,-0.009438,0.479757,0.222817,-0.310454,1.284913,1.569400,0.000000,0.000000,0.023371,-0.437225,0.295123,0.471021,0.122375,0.000000,0.000000
0.003528,0.140495,0.850005,0.031002,0.027976,0.767156,-0.640100,-0.199690,0.027141,0.106065,0.128998,-0.091962,0.004137,0.194346,-0.074599,-0.001334,0.748423,-0.167952,-0.038864,0.227865,-0.009162,0.476531,0.222487,-0.307575,1.293060,1.569445,0.000000,0.000000,0.031921,-0.430797,0.292902,0.487731,0.119978,0.000000,0.000000
0.005062,0.127248,0.851769,0.032948,0.030124,0.764588,-0.642972,-0.198441,0.023463,0.092376,0.167305,-0.093612,0.005054,0.189044,-0.078854,-0.013772,0.791090,-0.110250,-0.037605,0.221012,-0.008849,0.475243,0.221438,-0.310042,1.298407,1.569452,0.000000,0.000000,0.042501,-0.424395,0.292801,0.510294,0.122654,0.000000,0.000000
0.006652,0.113622,0.853042,0.034602,0.032237,0.762262,-0.645538,-0.195327,0.019331,0.076339,0.200105,-0.100291,0.006381,0.183327,-0.083031,-0.022313,0.830016,-0.057595,-0.036833,0.215203,-0.008579,0.472434,0.220801,-0.311126,1.300511,1.569459,0.000000,0.000000,0.053301,-0.418483,0.292511,0.531864,0.122553,0.000000,0.000000
0.008071,0.099868,0.854076,0.036417,0.034137,0.759193,-0.648949,-0.190382,0.014839,0.062317,0.229194,-0.112277,0.007422,0.177231,-0.086225,-0.030519,0.867908,-0.006353,-0.035613,0.208828,-0.008288,0.467709,0.221494,-0.314177,1.302517,1.569479,0.000000,0.000000,0.064675,-0.411796,0.292664,0.556565,0.117988,0.000000,0.000000
0.009336,0.086542,0.854805,0.038612,0.036285,0.756756,-0.651546,-0.183614,0.010727,0.052920,0.256212,-0.127737,0.007893,0.170267,-0.090125,-0.038265,0.906679,0.047141,-0.034443,0.201381,-0.007951,0.463018,0.221207,-0.315785,1.306240,1.569500,0.000000,0.000000,0.074710,-0.402616,0.295492,0.584620,0.114201,0.000000,0.000000
0.011342,0.073582,0.855305,0.040647,0.038636,0.754891,-0.653449,-0.175257,0.005311,0.042763,0.279153,-0.142942,0.008252,0.161790,-0.095962,-0.043470,0.945894,0.093626,-0.034060,0.193476,-0.007625,0.458816,0.220256,-0.316435,1.307937,1.569515,0.000000,0.000000,0.081853,-0.392332,0.301206,0.615836,0.105348,0.000000,0.000000
0.014515,0.060704,0.855768,0.042658,0.040796,0.750314,-0.658441,-0.166116,-0.002676,0.026315,0.297221,-0.152997,0.009087,0.153508,-0.102016,-0.051137,0.984320,0.128630,-0.033305,0.181838,-0.007198,0.451359,0.219192,-0.323204,1.311765,1.569522,0.000000,0.000000,0.087064,-0.379321,0.300774,0.654286,0.093230,0.000000,0.000000
0.016792,0.047962,0.856217,0.044855,0.042830,0.747637,-0.661206,-0.155140,-0.008207,0.016087,0.311737,-0.164541,0.009452,0.144897,-0.110037,-0.062744,1.020982,0.157174,-0.032468,0.168404,-0.006609,0.444129,0.214493,-0.324467,1.314893,1.569526,0.000000,0.000000,0.093177,-0.359416,0.293950,0.692722,0.079271,0.000000,0.000000
0.018752,0.035182,0.856711,0.046878,0.044527,0.745731,-0.663103,-0.143216,-0.012067,0.010917,0.321482,-0.178011,0.009365,0.136259,-0.118584,-0.076256,1.051559,0.171372,-0.031765,0.156005,-0.006128,0.439633,0.212633,-0.325952,1.309617,1.569519,0.000000,0.000000,0.101667,-0.344501,0.296130,0.720455,0.081464,0.000000,0.000000
0.021039,0.022464,0.857239,0.048599,0.046118,0.744002,-0.664810,-0.130485,-0.016895,0.004591,0.327600,-0.189520,0.009239,0.126922,-0.125213,-0.084862,1.076593,0.166770,-0.031653,0.144547,-0.005749,0.434620,0.210739,-0.329381,1.300032,1.569518,0.000000,0.000000,0.109415,-0.333254,0.302995,0.748031,0.080387,0.000000,0.000000
0.023162,0.010096,0.857726,0.050789,0.047693,0.741882,-0.666901,-0.117017,-0.021598,-0.000243,0.333478,-0.201176,0.008882,0.117375,-0.128534,-0.090156,1.097597,0.150824,-0.031495,0.132058,-0.005396,0.427482,0.210584,-0.335402,1.294409,1.569524,0.000000,0.000000,0.117268,-0.323981,0.314988,0.777539,0.066043,0.000000,0.000000
0.025497,-0.002260,0.858253,0.052668,0.049038,0.738624,-0.670265,-0.103053,-0.026656,-0.007380,0.337414,-0.212433,0.008811,0.107798,-0.130867,-0.096918,1.114087,0.128337,-0.031106,0.118329,-0.004912,0.417719,0.211834,-0.339904,1.289670,1.569555,0.000000,0.000000,0.126170,-0.313980,0.325754,0.809118,0.054402,0.000000,0.000000
0.027703,-0.014725,0.858857,0.053819,0.050241,0.735938,-0.673034,-0.088752,-0.031680,-0.015766,0.336874,-0.220410,0.008933,0.097801,-0.132940,-0.101383,1.124844,0.103673,-0.031119,0.104136,-0.004428,0.409206,0.211798,-0.340165,1.279494,1.569570,0.000000,0.000000,0.132880,-0.304911,0.335672,0.841181,0.048250,0.000000,0.000000
0.029861,-0.027259,0.859605,0.054879,0.051001,0.731875,-0.677308,-0.074046,-0.036287,-0.024112,0.333721,-0.225924,0.009123,0.087703,-0.133713,-0.107536,1.131393,0.074435,-0.030673,0.088312,-0.003880,0.399150,0.213670,-0.342335,1.267643,1.569605,0.000000,0.000000,0.139240,-0.297553,0.341985,0.872758,0.039539,0.000000,0.000000
0.031631,-0.039661,0.860286,0.056309,0.051788,0.727650,-0.681670,-0.059491,-0.039561,-0.031738,0.330534,-0.232515,0.009505,0.078063,-0.133188,-0.114596,1.134481,0.042334,-0.029766,0.073258,-0.003355,0.386856,0.217088,-0.345049,1.259801,1.569659,0.000000,0.000000,0.146561,-0.290353,0.346318,0.902324,0.023769,0.000000,0.000000
0.033189,-0.051991,0.860926,0.057314,0.052586,0.724205,-0.685183,-0.045091,-0.042645,-0.040083,0.325724,-0.237897,0.010034,0.068138,-0.132596,-0.120111,1.133160,0.014699,-0.028984,0.060096,-0.002863,0.375118,0.220953,-0.351279,1.247214,1.569715,0.000000,0.000000,0.155118,-0.282170,0.350562,0.930133,0.008626,0.000000,0.000000
0.034687,-0.064305,0.861493,0.058654,0.053263,0.721133,-0.688252,-0.030565,-0.045240,-0.046560,0.321495,-0.244568,0.010363,0.058101,-0.131434,-0.126018,1.127904,-0.022022,-0.028003,0.047650,-0.002414,0.364662,0.225834,-0.355851,1.230548,1.569788,0.000000,0.000000,0.165417,-0.275523,0.354625,0.957134,-0.003751,0.000000,0.000000
0.036028,-0.076003,0.861886,0.059992,0.053845,0.717032,-0.692363,-0.017698,-0.047424,-0.053355,0.319535,-0.250886,0.010851,0.048210,-0.129101,-0.133541,1.119670,-0.053112,-0.026245,0.035200,-0.001953,0.348154,0.241438,-0.358756,1.206536,1.569975,0.000000,0.000000,0.174530,-0.271748,0.354304,0.978192,-0.018713,0.000000,0.000000
0.037100,-0.087030,0.862243,0.061753,0.053986,0.712734,-0.696622,-0.005989,-0.047789,-0.058788,0.319699,-0.254993,0.011589,0.038003,-0.123924,-0.138819,1.107897,-0.077237,-0.023873,0.023860,-0.001563,0.331258,0.248431,-0.366070,1.197189,1.570080,0.000000,0.000000,0.186288,-0.264799,0.354291,0.997595,-0.029924,0.000000,0.000000
0.037975,-0.097764,0.862607,0.063079,0.053897,0.708357,-0.700961,0.005074,-0.047460,-0.063899,0.318870,-0.257233,0.012452,0.027394,-0.118494,-0.143938,1.092079,-0.098722,-0.021302,0.013150,-0.001158,0.315705,0.249166,-0.374400,1.192746,1.570149,0.000000,0.000000,0.202025,-0.251338,0.355737,1.022616,-0.031189,0.000000,0.000000
0.038730,-0.108041,0.863036,0.063421,0.053411,0.704713,-0.704631,0.015082,-0.047394,-0.069583,0.314393,-0.260913,0.013334,0.015341,-0.113613,-0.147276,1.071385,-0.117250,-0.019091,0.002626,-0.000817,0.298984,0.249702,-0.378637,1.178278,1.570220,0.000000,0.000000,0.214153,-0.244639,0.352104,1.040860,-0.041713,0.000000,0.000000
0.039864,-0.117908,0.863419,0.063591,0.052805,0.698802,-0.710524,0.024224,-0.047491,-0.072997,0.310147,-0.261815,0.013813,0.003505,-0.110188,-0.157655,1.046676,-0.134990,-0.015844,-0.008862,-0.000317,0.280465,0.255978,-0.388096,1.162003,1.570341,0.000000,0.000000,0.228211,-0.238433,0.341024,1.055938,-0.052522,0.000000,0.000000
0.040455,-0.127279,0.863863,0.063646,0.051821,0.693503,-0.715763,0.032686,-0.046648,-0.075711,0.305109,-0.259128,0.014438,-0.008531,-0.105031,-0.166300,1.017447,-0.151600,-0.012309,-0.020255,0.000162,0.262950,0.262798,-0.397794,1.146794,1.570481,0.000000,0.000000,0.242475,-0.232310,0.330464,1.067029,-0.060284,0.000000,0.000000
0.041856,-0.136027,0.864367,0.063590,0.051708,0.689365,-0.719762,0.041956,-0.048691,-0.088213,0.296377,-0.247251,0.015930,-0.020699,-0.102231,-0.167836,0.983580,-0.158638,-0.010887,-0.024049,0.000335,0.235128,0.250321,-0.397077,1.134184,1.570486,0.000000,0.000000,0.255072,-0.225069,0.306487,1.062143,-0.094242,0.000000,0.000000
0.041585,-0.144922,0.864786,0.063042,0.050765,0.685100,-0.723938,0.049705,-0.047473,-0.093349,0.289299,-0.248084,0.017050,-0.032883,-0.096897,-0.172218,0.945465,-0.171012,-0.008085,-0.030621,0.000821,0.207193,0.251254,-0.415803,1.135044,1.570567,0.000000,0.000000,0.266566,-0.219257,0.295625,1.073854,-0.103766,0.000000,0.000000
0.041239,-0.153941,0.865011,0.062499,0.049599,0.680934,-0.727986,0.056313,-0.045375,-0.095923,0.285322,-0.251985,0.017974,-0.044459,-0.091688,-0.179926,0.903567,-0.184680,-0.004673,-0.037695,0.001240,0.185905,0.257236,-0.427575,1.116876,1.570706,0.000000,0.000000,0.277188,-0.214276,0.285062,1.086445,-0.106557,0.000000,0.000000
0.040913,-0.163176,0.865200,0.061888,0.047964,0.676929,-0.731871,0.062307,-0.042482,-0.097705,0.281967,-0.256752,0.018977,-0.055161,-0.086039,-0.187995,0.857308,-0.195016,-0.001135,-0.046716,0.001656,0.166893,0.263962,-0.432821,1.095972,1.570800,0.000000,0.000000,0.286624,-0.209778,0.275426,1.098341,-0.105653,0.000000,0.000000
0.040604,-0.172498,0.865405,0.060965,0.045858,0.672212,-0.736418,0.067497,-0.039051,-0.100301,0.278318,-0.258688,0.020262,-0.064981,-0.079313,-0.194834,0.806197,-0.200031,0.002344,-0.058132,0.002122,0.147496,0.272697,-0.438108,1.072617,1.570800,0.000000,0.000000,0.296043,-0.206862,0.268481,1.106941,-0.100139,0.000000,0.000000
0.040555,-0.181904,0.865355,0.059687,0.044276,0.667259,-0.741109,0.072459,-0.036710,-0.102887,0.276163,-0.258861,0.021278,-0.073679,-0.074020,-0.200584,0.752123,-0.203257,0.004995,-0.069866,0.002588,0.128986,0.280621,-0.441743,1.048493,1.570800,0.000000,0.000000,0.305822,-0.205177,0.260707,1.112835,-0.095518,0.000000,0.000000
0.040707,-0.191343,0.864919,0.057877,0.043704,0.663613,-0.744552,0.078007,-0.036899,-0.106995,0.275060,-0.263294,0.021863,-0.081728,-0.072210,-0.205005,0.696275,-0.207344,0.006158,-0.078469,0.002988,0.111094,0.284313,-0.451907,1.031990,1.570800,0.000000,0.000000,0.315163,-0.203283,0.251093,1.120734,-0.093304,0.000000,0.000000
0.040124,-0.200848,0.864659,0.055983,0.042291,0.659664,-0.748279,0.083289,-0.035342,-0.112373,0.271839,-0.270714,0.023090,-0.089373,-0.068946,-0.211973,0.636560,-0.207498,0.008118,-0.085386,0.003356,0.090207,0.290975,-0.461059,1.011286,1.570800,0.000000,0.000000,0.323950,-0.200665,0.238531,1.128472,-0.091616,0.000000,0.000000
0.039618,-0.210443,0.864425,0.053817,0.041081,0.655917,-0.751790,0.089096,-0.034399,-0.117713,0.266306,-0.274540,0.024146,-0.096058,-0.066165,-0.218097,0.573393,-0.202549,0.009567,-0.091351,0.003705,0.068016,0.298130,-0.472169,0.988464,1.570800,0.000000,0.000000,0.333267,-0.198616,0.227080,1.134967,-0.091693,0.000000,0.000000
0.038906,-0.220531,0.864110,0.051704,0.039991,0.652118,-0.755294,0.095695,-0.032608,-0.121255,0.260760,-0.277770,0.025150,-0.101223,-0.063002,-0.219663,0.506682,-0.198376,0.010013,-0.097287,0.004049,0.045771,0.304376,-0.484296,0.968626,1.570800,0.000000,0.000000,0.342696,-0.196777,0.217678,1.140297,-0.092134,0.000000,0.000000
0.038554,-0.230999,0.863578,0.049109,0.039352,0.648424,-0.758674,0.102805,-0.032226,-0.126583,0.255085,-0.277380,0.026085,-0.105517,-0.062213,-0.223572,0.439028,-0.192423,0.010085,-0.102981,0.004380,0.024425,0.310570,-0.496878,0.948478,1.570800,0.000000,0.000000,0.352345,-0.196291,0.209266,1.143142,-0.090130,0.000000,0.000000
0.038117,-0.241716,0.862996,0.047048,0.038164,0.645120,-0.761676,0.109781,-0.030864,-0.132065,0.250706,-0.275989,0.027344,-0.108981,-0.060606,-0.230948,0.372230,-0.185276,0.010887,-0.106873,0.004649,0.005127,0.315441,-0.504658,0.930917,1.570800,0.000000,0.000000,0.363176,-0.194283,0.197507,1.143083,-0.090272,0.000000,0.000000
0.037579,-0.252190,0.862389,0.045003,0.036871,0.642123,-0.764391,0.116610,-0.029467,-0.138473,0.245755,-0.279234,0.028717,-0.111889,-0.058646,-0.229713,0.300995,-0.177653,0.010055,-0.110640,0.004857,-0.013997,0.319084,-0.509486,0.909616,1.570800,0.000000,0.000000,0.372802,-0.191599,0.185255,1.143970,-0.091241,0.000000,0.000000
0.037023,-0.261808,0.861337,0.042854,0.036047,0.640163,-0.766196,0.121777,-0.028555,-0.141301,0.245958,-0.288436,0.029369,-0.114776,-0.057763,-0.227011,0.228547,-0.169882,0.008622,-0.113890,0.005109,-0.033486,0.322271,-0.514186,0.890472,1.570800,0.000000,0.000000,0.379876,-0.188898,0.175039,1.148420,-0.093327,0.000000,0.000000
0.036708,-0.270935,0.859790,0.040064,0.035398,0.638324,-0.767909,0.124872,-0.028976,-0.142694,0.250660,-0.299737,0.029421,-0.118421,-0.058543,-0.226160,0.157501,-0.158058,0.007115,-0.116620,0.005302,-0.054366,0.324064,-0.518962,0.873803,1.570800,0.000000,0.000000,0.385128,-0.186686,0.165292,1.154192,-0.094851,0.000000,0.000000
0.036572,-0.280276,0.858076,0.037053,0.034903,0.636021,-0.769991,0.127545,-0.030022,-0.144392,0.255994,-0.312809,0.029354,-0.122223,-0.060505,-0.227367,0.088477,-0.145368,0.005694,-0.118874,0.005516,-0.075389,0.325244,-0.523033,0.855049,1.570800,0.000000,0.000000,0.390853,-0.185264,0.157290,1.157981,-0.095609,0.000000,0.000000
0.036339,-0.289868,0.856228,0.034208,0.034677,0.634162,-0.771665,0.130510,-0.031003,-0.144786,0.261911,-0.329491,0.029086,-0.126273,-0.062225,-0.231711,0.024963,-0.134193,0.004817,-0.121399,0.005723,-0.094134,0.327326,-0.526294,0.835840,1.570800,0.000000,0.000000,0.397138,-0.185234,0.151936,1.161754,-0.098075,0.000000,0.000000
0.036143,-0.299700,0.854428,0.031629,0.034606,0.633754,-0.772112,0.133404,-0.032066,-0.142562,0.267314,-0.345901,0.028407,-0.130129,-0.062862,-0.236534,-0.017450,-0.126127,0.004552,-0.123439,0.005821,-0.106613,0.328357,-0.525806,0.822610,1.570800,0.000000,0.000000,0.401912,-0.185428,0.147217,1.165020,-0.099745,0.000000,0.000000
0.035930,-0.309759,0.852358,0.029636,0.034816,0.633613,-0.772298,0.137355,-0.033761,-0.142258,0.274987,-0.358536,0.027871,-0.134742,-0.063341,-0.241072,-0.017450,-0.118194,0.004441,-0.124480,0.005954,-0.120115,0.328324,-0.526254,0.812173,1.570800,0.000000,0.000000,0.407691,-0.184467,0.140506,1.169382,-0.103477,0.000000,0.000000
0.035665,-0.319767,0.849708,0.027824,0.035489,0.633214,-0.772662,0.142782,-0.035652,-0.140618,0.285614,-0.376925,0.027082,-0.140581,-0.064088,-0.247348,-0.017450,-0.109635,0.004677,-0.123978,0.006084,-0.140833,0.331869,-0.526261,0.786118,1.570800,0.000000,0.000000,0.414320,-0.184533,0.132396,1.173744,-0.110185,0.000000,0.000000
0.034777,-0.330295,0.847215,0.026213,0.035651,0.633536,-0.772447,0.147569,-0.036026,-0.139435,0.295121,-0.384054,0.026834,-0.145901,-0.062212,-0.254607,-0.017450,-0.104625,0.005633,-0.122885,0.006209,-0.154567,0.334781,-0.524901,0.769197,1.570800,0.000000,0.000000,0.419925,-0.183605,0.127524,1.176874,-0.115961,0.000000,0.000000
0.033621,-0.340702,0.844482,0.025116,0.035958,0.634222,-0.771906,0.153102,-0.035489,-0.137559,0.306191,-0.393979,0.026741,-0.152089,-0.058320,-0.263470,-0.017450,-0.101508,0.007149,-0.121780,0.006251,-0.166906,0.336890,-0.520983,0.753132,1.570800,0.000000,0.000000,0.426840,-0.182757,0.125020,1.179176,-0.118538,0.000000,0.000000
0.032627,-0.351178,0.844177,0.023935,0.036062,0.635283,-0.771066,0.157986,-0.035088,-0.135439,0.315895,-0.406038,0.026539,-0.157366,-0.055068,-0.268234,-0.017450,-0.097658,0.008146,-0.120934,0.006255,-0.176752,0.338299,-0.511825,0.741506,1.570800,0.000000,0.000000,0.433194,-0.182638,0.124876,1.180388,-0.117913,0.000000,0.000000
0.031746,-0.362018,0.843941,0.022636,0.036314,0.636372,-0.770195,0.163175,-0.035353,-0.134595,0.326216,-0.418641,0.026345,-0.162148,-0.052541,-0.270606,-0.017450,-0.094388,0.008778,-0.120876,0.006255,-0.185546,0.340446,-0.503057,0.731598,1.570800,0.000000,0.000000,0.438554,-0.183176,0.126691,1.182649,-0.114949,0.000000,0.000000
0.031595,-0.373150,0.843272,0.022249,0.036726,0.636571,-0.770022,0.169699,-0.035328,-0.133196,0.339231,-0.431153,0.026172,-0.165790,-0.052035,-0.268121,-0.017450,-0.095549,0.008529,-0.120890,0.006311,-0.193984,0.341407,-0.497696,0.719349,1.570800,0.000000,0.000000,0.443941,-0.182080,0.127564,1.186172,-0.113191,0.000000,0.000000
0.031746,-0.384554,0.842670,0.021973,0.037406,0.636444,-0.770102,0.175739,-0.036101,-0.134489,0.351494,-0.441476,0.026216,-0.168548,-0.053099,-0.265056,-0.017450,-0.094598,0.007953,-0.122512,0.006410,-0.203048,0.342948,-0.493839,0.703081,1.570800,0.000000,0.000000,0.448169,-0.181974,0.127495,1.188538,-0.114821,0.000000,0.000000
0.032217,-0.396077,0.841798,0.022184,0.037956,0.635939,-0.770486,0.181859,-0.036852,-0.137239,0.364152,-0.450811,0.026526,-0.171407,-0.054765,-0.262366,-0.017450,-0.092929,0.007345,-0.125180,0.006485,-0.206496,0.343575,-0.486691,0.691024,1.570800,0.000000,0.000000,0.453159,-0.181828,0.126291,1.189331,-0.116032,0.000000,0.000000
0.032523,-0.407668,0.840568,0.022587,0.038706,0.635642,-0.770682,0.189129,-0.037603,-0.140617,0.379318,-0.459148,0.026989,-0.174978,-0.055873,-0.263815,-0.017450,-0.094751,0.007267,-0.129032,0.006672,-0.210069,0.345508,-0.479626,0.675693,1.570800,0.000000,0.000000,0.459481,-0.182353,0.127688,1.189541,-0.121737,0.000000,0.000000
0.032708,-0.419275,0.839210,0.023248,0.039649,0.635728,-0.770543,0.196291,-0.038484,-0.144248,0.394385,-0.465618,0.027476,-0.178076,-0.055963,-0.269304,-0.017450,-0.100896,0.007820,-0.131843,0.006796,-0.213834,0.348239,-0.475212,0.660792,1.570800,0.000000,0.000000,0.465525,-0.183831,0.132238,1.190477,-0.134425,0.000000,0.000000
0.032717,-0.431346,0.838401,0.023700,0.039917,0.636009,-0.770284,0.201935,-0.038434,-0.146099,0.406083,-0.470617,0.027922,-0.180009,-0.056505,-0.268364,-0.017450,-0.103385,0.007686,-0.135218,0.006883,-0.212140,0.349181,-0.464864,0.653493,1.570800,0.000000,0.000000,0.467723,-0.183857,0.132631,1.191060,-0.135814,0.000000,0.000000
0.032697,-0.443558,0.837548,0.024389,0.040324,0.636629,-0.769729,0.208206,-0.037864,-0.145664,0.418789,-0.473847,0.028168,-0.181656,-0.056878,-0.266180,-0.017450,-0.104361,0.007477,-0.138717,0.006927,-0.206445,0.347838,-0.451909,0.648111,1.570800,0.000000,0.000000,0.469121,-0.183050,0.130359,1.190564,-0.125884,0.000000,0.000000
0.032996,-0.455557,0.836446,0.025362,0.041263,0.637187,-0.769186,0.214381,-0.037687,-0.144694,0.431125,-0.474237,0.028206,-0.183715,-0.057428,-0.266005,-0.017450,-0.100090,0.007534,-0.141304,0.006966,-0.200620,0.345276,-0.442999,0.647915,1.570800,0.000000,0.000000,0.470851,-0.183685,0.129743,1.191002,-0.119453,0.000000,0.000000
0.033556,-0.467338,0.835803,0.025859,0.042210,0.636561,-0.769636,0.220519,-0.037812,-0.144279,0.451667,-0.473981,0.028283,-0.186289,-0.059534,-0.271360,-0.017450,-0.076213,0.008478,-0.142972,0.007006,-0.184118,0.344045,-0.433872,0.666454,1.570800,0.000000,0.000000,0.474484,-0.182666,0.126763,1.195386,-0.121899,0.000000,0.000000
0.034972,-0.478313,0.834788,0.026967,0.043702,0.636144,-0.769860,0.224736,-0.040483,-0.146085,0.477111,-0.473943,0.027977,-0.188567,-0.063919,-0.280634,-0.017450,-0.046411,0.009853,-0.143241,0.006853,-0.186061,0.336396,-0.421573,0.656261,1.570800,0.000000,0.000000,0.476857,-0.181680,0.121364,1.193660,-0.126206,0.000000,0.000000
0.034854,-0.489355,0.836662,0.028108,0.045256,0.636276,-0.769620,0.227146,-0.042508,-0.148538,0.506119,-0.470808,0.028018,-0.190403,-0.068435,-0.282874,0.004853,-0.024985,0.010356,-0.144666,0.006917,-0.179216,0.328566,-0.413637,0.654054,1.570800,0.000000,0.000000,0.477438,-0.181039,0.119312,1.192517,-0.122962,0.000000,0.000000
0.034883,-0.500228,0.839461,0.029398,0.046279,0.634689,-0.770821,0.227389,-0.042659,-0.151854,0.538071,-0.464319,0.028802,-0.191845,-0.073907,-0.282256,0.036855,-0.008692,0.010442,-0.145846,0.007050,-0.173750,0.322168,-0.409626,0.656037,1.570800,0.000000,0.000000,0.478535,-0.180108,0.113619,1.191354,-0.123447,0.000000,0.000000
0.034145,-0.511583,0.842316,0.030608,0.046980,0.633862,-0.771411,0.226057,-0.042492,-0.157926,0.572621,-0.454683,0.030204,-0.192985,-0.078373,-0.275421,0.071912,-0.000656,0.009766,-0.147363,0.007107,-0.154271,0.311460,-0.419408,0.700566,1.570800,0.000000,0.000000,0.479550,-0.174761,0.105310,1.196126,-0.122947,0.000000,0.000000
0.032183,-0.523313,0.844619,0.032295,0.047464,0.634530,-0.770763,0.224014,-0.039309,-0.157495,0.610709,-0.439554,0.031446,-0.193729,-0.079908,-0.250542,0.106706,-0.004081,0.006659,-0.149259,0.007053,-0.142036,0.296209,-0.453928,0.817134,1.570800,0.000000,0.000000,0.477071,-0.164023,0.094406,1.212143,-0.125650,0.000000,0.000000
0.032794,-0.535275,0.847350,0.031674,0.047219,0.636786,-0.768942,0.221375,-0.044284,-0.155344,0.643697,-0.424976,0.029650,-0.197107,-0.082966,-0.239885,0.142390,0.004692,0.005352,-0.148093,0.006945,-0.177544,0.308309,-0.429498,0.706097,1.570800,0.000000,0.000000,0.469474,-0.174539,0.084560,1.195945,-0.140817,0.000000,0.000000
0.032287,-0.547853,0.848787,0.033296,0.048129,0.639190,-0.766819,0.219955,-0.045471,-0.149915,0.675143,-0.408791,0.028408,-0.196633,-0.081800,-0.230235,0.171118,0.006421,0.004684,-0.150014,0.007146,-0.168255,0.310520,-0.414743,0.696720,1.570800,0.000000,0.000000,0.466586,-0.178014,0.086320,1.193811,-0.143023,0.000000,0.000000
0.031611,-0.560149,0.850324,0.034650,0.049235,0.641723,-0.764570,0.216876,-0.044448,-0.137182,0.712830,-0.385379,0.026451,-0.194540,-0.079071,-0.221590,0.200193,-0.000205,0.004476,-0.152332,0.007197,-0.153021,0.309898,-0.400240,0.708012,1.570800,0.000000,0.000000,0.461165,-0.180685,0.086834,1.195977,-0.140643,0.000000,0.000000
0.031278,-0.572006,0.851487,0.036412,0.050594,0.644558,-0.762010,0.212218,-0.043248,-0.122892,0.753490,-0.354372,0.024143,-0.190451,-0.076280,-0.211652,0.225595,-0.010751,0.003840,-0.151359,0.007107,-0.138227,0.305006,-0.393403,0.725612,1.570800,0.000000,0.000000,0.455699,-0.181028,0.084417,1.198174,-0.143556,0.000000,0.000000
0.031536,-0.583176,0.852488,0.037885,0.052424,0.647032,-0.759715,0.205667,-0.042859,-0.107665,0.796397,-0.311657,0.021281,-0.184780,-0.075886,-0.200926,0.246645,-0.021842,0.002292,-0.147943,0.006943,-0.125743,0.296539,-0.390392,0.743328,1.570800,0.000000,0.000000,0.451138,-0.181814,0.082552,1.198354,-0.151433,0.000000,0.000000
0.032120,-0.594210,0.853444,0.038846,0.054160,0.649974,-0.757028,0.197864,-0.043972,-0.091991,0.837458,-0.262980,0.017767,-0.178626,-0.076999,-0.190617,0.264150,-0.033008,0.000335,-0.144236,0.006776,-0.112179,0.286136,-0.384195,0.762721,1.570800,0.000000,0.000000,0.446030,-0.184098,0.079744,1.196520,-0.155324,0.000000,0.000000
0.032482,-0.605636,0.854268,0.040215,0.056362,0.652888,-0.754283,0.190178,-0.046471,-0.082496,0.877765,-0.216035,0.014933,-0.170926,-0.078521,-0.182278,0.281694,-0.044875,-0.001422,-0.138885,0.006583,-0.096026,0.277448,-0.377439,0.779292,1.570800,0.000000,0.000000,0.441714,-0.184686,0.075223,1.192973,-0.151375,0.000000,0.000000
0.032812,-0.616775,0.855146,0.041146,0.058774,0.656081,-0.751273,0.181850,-0.049144,-0.070773,0.916692,-0.170257,0.011643,-0.162507,-0.080850,-0.172616,0.297096,-0.055861,-0.003684,-0.130570,0.006378,-0.082871,0.259149,-0.399323,0.810968,1.570800,0.000000,0.000000,0.439071,-0.181580,0.068446,1.188247,-0.138497,0.000000,0.000000
0.032242,-0.628101,0.855982,0.041824,0.060721,0.657675,-0.749685,0.172260,-0.047461,-0.058129,0.950035,-0.137100,0.009699,-0.153831,-0.081949,-0.167240,0.310550,-0.068136,-0.004908,-0.121523,0.006159,-0.075295,0.246261,-0.412078,0.838698,1.570800,0.000000,0.000000,0.437359,-0.179791,0.055860,1.170396,-0.122727,0.000000,0.000000
0.031525,-0.638682,0.856255,0.044462,0.062698,0.657881,-0.749189,0.160950,-0.043643,-0.049285,0.991670,-0.089697,0.009076,-0.142795,-0.081161,-0.160039,0.325121,-0.081457,-0.006042,-0.112652,0.005909,-0.067222,0.235871,-0.422065,0.870833,1.570800,0.000000,0.000000,0.436671,-0.176660,0.042155,1.160026,-0.126051,0.000000,0.000000
0.029273,-0.649562,0.856932,0.045831,0.064201,0.658070,-0.748814,0.149278,-0.037049,-0.042097,1.026906,-0.050603,0.009613,-0.131725,-0.078332,-0.149214,0.332774,-0.089705,-0.007347,-0.105346,0.005706,-0.062407,0.229408,-0.436024,0.898762,1.570800,0.000000,0.000000,0.434427,-0.174847,0.029799,1.142120,-0.129336,0.000000,0.000000
0.026525,-0.660664,0.857935,0.046258,0.064832,0.659097,-0.747829,0.137880,-0.027974,-0.032013,1.054943,-0.018174,0.010386,-0.120848,-0.073784,-0.137801,0.333433,-0.095537,-0.008333,-0.097322,0.005466,-0.059004,0.222821,-0.453207,0.925568,1.570800,0.000000,0.000000,0.431893,-0.173368,0.019257,1.120941,-0.131032,0.000000,0.000000
0.024708,-0.671734,0.858812,0.047008,0.066216,0.660535,-0.746391,0.127998,-0.022186,-0.022501,1.078336,-0.009366,0.010419,-0.109505,-0.070785,-0.130083,0.333878,-0.104168,-0.009054,-0.089130,0.005234,-0.055020,0.217402,-0.466026,0.954762,1.570800,0.000000,0.000000,0.427712,-0.167725,0.011893,1.131900,-0.116488,0.000000,0.000000
0.019096,-0.683135,0.860117,0.048086,0.066795,0.662901,-0.744170,0.116936,-0.005229,-0.001573,1.104908,-0.009849,0.011710,-0.095755,-0.058468,-0.107832,0.325966,-0.071574,-0.010041,-0.078593,0.004827,-0.049128,0.206341,-0.487109,0.991667,1.570800,0.000000,0.000000,0.420872,-0.162185,0.000682,1.123197,-0.111766,0.000000,0.000000
0.019777,-0.693853,0.860366,0.049494,0.068515,0.665544,-0.741557,0.107839,-0.000491,0.014332,1.126847,-0.024466,0.010489,-0.083511,-0.063133,-0.126738,0.338030,-0.093500,-0.007939,-0.068769,0.004476,-0.041516,0.203247,-0.505602,1.033412,1.570800,0.000000,0.000000,0.416927,-0.162547,-0.005020,1.109911,-0.114485,0.000000,0.000000
0.017610,-0.704764,0.860758,0.050645,0.069913,0.669287,-0.737971,0.098709,0.002682,0.023237,1.144365,-0.041812,0.009926,-0.072362,-0.062534,-0.130018,0.344013,-0.105298,-0.007296,-0.059401,0.004073,-0.035115,0.196200,-0.518413,1.067231,1.570800,0.000000,0.000000,0.412424,-0.160526,-0.009327,1.094226,-0.103369,0.000000,0.000000
0.014726,-0.715895,0.861283,0.051665,0.071122,0.673127,-0.734284,0.089363,0.008000,0.033939,1.158616,-0.058582,0.009628,-0.061026,-0.059728,-0.127842,0.345821,-0.114255,-0.007054,-0.049932,0.003684,-0.026463,0.192568,-0.514410,1.088517,1.570800,0.000000,0.000000,0.407235,-0.160003,-0.011747,1.080880,-0.095720,0.000000,0.000000
0.011794,-0.727283,0.861871,0.052467,0.072153,0.676844,-0.730700,0.079771,0.014737,0.047265,1.167682,-0.076485,0.009254,-0.048826,-0.056579,-0.124761,0.346162,-0.121829,-0.006899,-0.041517,0.003267,-0.016718,0.189912,-0.503533,1.106759,1.570715,0.000000,0.000000,0.400745,-0.160601,-0.013198,1.066421,-0.089407,0.000000,0.000000
0.009554,-0.738509,0.862426,0.053300,0.073632,0.682120,-0.725569,0.071269,0.019089,0.062658,1.172245,-0.093034,0.007798,-0.036493,-0.055483,-0.122821,0.347048,-0.129113,-0.007094,-0.031238,0.002811,-0.006888,0.182857,-0.493527,1.135937,1.570577,0.000000,0.000000,0.393609,-0.161552,-0.013077,1.051535,-0.086349,0.000000,0.000000
0.006923,-0.749327,0.863122,0.053711,0.074907,0.687883,-0.719945,0.063020,0.021611,0.076244,1.173109,-0.108890,0.006061,-0.025007,-0.053538,-0.116370,0.344909,-0.136663,-0.007842,-0.020175,0.002385,0.004787,0.181788,-0.480145,1.152055,1.570467,0.000000,0.000000,0.386300,-0.163629,-0.010748,1.038517,-0.085160,0.000000,0.000000
0.003894,-0.759824,0.863816,0.053742,0.075231,0.691252,-0.716675,0.053034,0.026944,0.088168,1.170141,-0.127273,0.005340,-0.013914,-0.050145,-0.111238,0.339690,-0.144809,-0.007938,-0.013833,0.002078,0.018115,0.182360,-0.469787,1.162352,1.570392,0.000000,0.000000,0.377918,-0.166217,-0.008712,1.024362,-0.083615,0.000000,0.000000
0.001834,-0.769869,0.864459,0.054106,0.076564,0.697691,-0.710238,0.043142,0.026475,0.097853,1.164600,-0.146544,0.003266,-0.003307,-0.048955,-0.105357,0.336784,-0.151991,-0.008770,-0.004936,0.001651,0.032546,0.181051,-0.449539,1.174347,1.570308,0.000000,0.000000,0.367975,-0.169601,-0.003254,1.009897,-0.075458,0.000000,0.000000
-0.000358,-0.779697,0.865006,0.054232,0.077646,0.705161,-0.702694,0.033446,0.026349,0.111099,1.156492,-0.159295,0.000538,0.005972,-0.048689,-0.098600,0.335156,-0.155311,-0.009978,0.005783,0.001203,0.041427,0.178997,-0.434124,1.193098,1.570228,0.000000,0.000000,0.358970,-0.174079,0.001800,0.992789,-0.072885,0.000000,0.000000
-0.004117,-0.789835,0.865574,0.053895,0.077911,0.712622,-0.695123,0.023254,0.030539,0.122885,1.145541,-0.172641,-0.000716,0.014765,-0.046172,-0.089835,0.331684,-0.159107,-0.010901,0.016437,0.000748,0.060825,0.182569,-0.415472,1.197099,1.570186,0.000000,0.000000,0.349408,-0.181223,0.010399,0.973583,-0.071292,0.000000,0.000000
-0.005685,-0.798796,0.866031,0.053341,0.078288,0.719341,-0.688168,0.013143,0.029601,0.134312,1.127989,-0.183153,-0.003498,0.022025,-0.047197,-0.084872,0.329749,-0.163209,-0.012123,0.025299,0.000331,0.080216,0.181606,-0.400206,1.206942,1.568273,0.000000,0.000000,0.338916,-0.187083,0.019528,0.955861,-0.065944,0.000000,0.000000
-0.007276,-0.806626,0.866404,0.052506,0.077949,0.724157,-0.683201,0.001885,0.029748,0.142798,1.105042,-0.194435,-0.005437,0.027854,-0.047406,-0.080957,0.326676,-0.164761,-0.012906,0.030253,0.000066,0.098265,0.186602,-0.381533,1.205310,1.564868,0.000000,0.000000,0.328457,-0.194176,0.029707,0.939458,-0.059340,0.000000,0.000000
-0.007795,-0.813272,0.866756,0.052001,0.078106,0.728472,-0.678619,-0.009519,0.028614,0.148349,1.078102,-0.199081,-0.007207,0.033468,-0.049379,-0.080227,0.323902,-0.162705,-0.013630,0.038159,-0.000313,0.106033,0.181291,-0.381157,1.229389,1.564636,0.000000,0.000000,0.318695,-0.196655,0.032397,0.921098,-0.059103,0.000000,0.000000
-0.009260,-0.819950,0.867328,0.050254,0.077084,0.727869,-0.679514,-0.023320,0.030786,0.159480,1.043072,-0.208646,-0.009171,0.039088,-0.048627,-0.081675,0.314822,-0.165948,-0.013188,0.043335,-0.000507,0.111242,0.180829,-0.391123,1.247898,1.567781,0.000000,0.000000,0.309643,-0.198859,0.026252,0.901931,-0.061385,0.000000,0.000000
-0.012280,-0.828962,0.867956,0.049253,0.076236,0.739841,-0.666632,-0.030756,0.031089,0.176095,1.010394,-0.205754,-0.012781,0.044228,-0.048323,-0.074468,0.308304,-0.162988,-0.014397,0.056012,-0.001084,0.134627,0.183739,-0.362628,1.237760,1.569667,0.000000,0.000000,0.297247,-0.206479,0.044202,0.879528,-0.064997,0.000000,0.000000
-0.012263,-0.837190,0.868088,0.049415,0.074300,0.746882,-0.658942,-0.038271,0.022477,0.169758,0.969963,-0.178980,-0.014179,0.049334,-0.048429,-0.066544,0.302443,-0.160570,-0.015841,0.068383,-0.001575,0.143472,0.177575,-0.353723,1.258408,1.567524,0.000000,0.000000,0.287147,-0.204905,0.050037,0.859948,-0.071177,0.000000,0.000000
-0.014772,-0.844764,0.868157,0.049289,0.072670,0.754421,-0.650491,-0.045443,0.021470,0.172500,0.926464,-0.156054,-0.015163,0.054025,-0.046337,-0.057563,0.298154,-0.153316,-0.016881,0.078975,-0.002042,0.149811,0.176431,-0.342699,1.273252,1.569457,0.000000,0.000000,0.274762,-0.207117,0.059994,0.842357,-0.080058,0.000000,0.000000
-0.018100,-0.851918,0.867955,0.049615,0.069686,0.759120,-0.645305,-0.054763,0.027821,0.175892,0.878079,-0.142281,-0.014015,0.058595,-0.038746,-0.042006,0.291985,-0.152549,-0.017499,0.086765,-0.002402,0.151722,0.182072,-0.337038,1.288829,1.569815,0.000000,0.000000,0.261673,-0.208200,0.067880,0.819773,-0.078275,0.000000,0.000000
-0.018225,-0.859955,0.868222,0.049285,0.068892,0.770869,-0.631336,-0.061314,0.022039,0.168436,0.822363,-0.129524,-0.014195,0.062094,-0.040600,-0.026354,0.288918,-0.147879,-0.020821,0.099750,-0.003175,0.175431,0.188757,-0.312534,1.275107,1.569892,0.000000,0.000000,0.248606,-0.216244,0.089778,0.799473,-0.079363,0.000000,0.000000
-0.018911,-0.868295,0.868203,0.048604,0.067390,0.774467,-0.627134,-0.066391,0.023983,0.166745,0.768324,-0.121891,-0.013103,0.067588,-0.042435,-0.026143,0.284144,-0.146122,-0.021422,0.105563,-0.003543,0.186952,0.186161,-0.310296,1.286264,1.569865,0.000000,0.000000,0.240252,-0.220869,0.101039,0.777992,-0.076124,0.000000,0.000000
-0.020405,-0.877305,0.868365,0.045738,0.064830,0.776603,-0.624974,-0.071014,0.029483,0.181090,0.709538,-0.112093,-0.014265,0.072746,-0.043670,-0.029110,0.274718,-0.141599,-0.021279,0.107758,-0.003707,0.206357,0.196811,-0.316417,1.266077,1.569870,0.000000,0.000000,0.238808,-0.228211,0.094667,0.739061,-0.068178,0.000000,0.000000
-0.020769,-0.885581,0.868229,0.044703,0.062914,0.779407,-0.621746,-0.074105,0.033940,0.186890,0.650417,-0.099080,-0.013858,0.078303,-0.046047,-0.034391,0.268812,-0.137723,-0.021066,0.113961,-0.004019,0.210401,0.195611,-0.309478,1.273981,1.569866,0.000000,0.000000,0.222483,-0.230128,0.094055,0.733885,-0.070006,0.000000,0.000000
-0.022428,-0.894022,0.867979,0.042914,0.060399,0.779248,-0.622321,-0.077642,0.042588,0.204365,0.586158,-0.085984,-0.014505,0.084278,-0.045862,-0.043080,0.261193,-0.133128,-0.019540,0.115424,-0.004154,0.216532,0.200772,-0.323081,1.272033,1.569871,0.000000,0.000000,0.212807,-0.236200,0.096175,0.713338,-0.067673,0.000000,0.000000
-0.024212,-0.902162,0.867517,0.041763,0.058119,0.783256,-0.617567,-0.078491,0.052135,0.226356,0.518791,-0.071792,-0.015637,0.088639,-0.045891,-0.046106,0.257903,-0.127836,-0.019058,0.117482,-0.004377,0.220309,0.196628,-0.304961,1.277844,1.569869,0.000000,0.000000,0.194502,-0.240814,0.106505,0.707529,-0.076768,0.000000,0.000000
-0.029296,-0.912714,0.866815,0.039974,0.054352,0.785725,-0.614886,-0.077158,0.069744,0.280388,0.450007,-0.065716,-0.020355,0.095562,-0.040892,-0.050341,0.250214,-0.126524,-0.016939,0.118909,-0.004498,0.229499,0.200384,-0.312751,1.280895,1.569862,0.000000,0.000000,0.194005,-0.251399,0.127087,0.677016,-0.055097,0.000000,0.000000
-0.027798,-0.920706,0.866484,0.038956,0.052661,0.792319,-0.606581,-0.074868,0.065501,0.258403,0.360115,-0.054484,-0.016185,0.097988,-0.045337,-0.046937,0.248022,-0.124030,-0.018820,0.126341,-0.004879,0.239928,0.202614,-0.314310,1.277782,1.569851,0.000000,0.000000,0.182891,-0.260212,0.143872,0.667147,-0.051269,0.000000,0.000000
-0.028009,-0.929441,0.865696,0.037526,0.049840,0.793587,-0.605250,-0.074812,0.066091,0.261044,0.284521,-0.038139,-0.015472,0.101398,-0.045712,-0.046730,0.244626,-0.113451,-0.019022,0.123102,-0.004936,0.246117,0.207602,-0.304683,1.273103,1.569891,0.000000,0.000000,0.162741,-0.273502,0.140919,0.650784,-0.061336,0.000000,0.000000
-0.030867,-0.938890,0.864595,0.035946,0.046027,0.795827,-0.602701,-0.075687,0.074977,0.305087,0.222333,-0.029613,-0.019832,0.105599,-0.042654,-0.047770,0.240611,-0.105942,-0.018020,0.119313,-0.004934,0.260890,0.210168,-0.299668,1.262780,1.569887,0.000000,0.000000,0.157942,-0.282512,0.150709,0.612798,-0.064680,0.000000,0.000000
-0.031336,-0.945969,0.863548,0.035858,0.044519,0.797566,-0.600517,-0.076692,0.077650,0.318023,0.164640,-0.023806,-0.020240,0.108073,-0.042612,-0.047703,0.244283,-0.102895,-0.018076,0.119782,-0.005063,0.270857,0.210447,-0.306800,1.255983,1.569858,0.000000,0.000000,0.155085,-0.289268,0.163556,0.591979,-0.068267,0.000000,0.000000
-0.032192,-0.953413,0.861740,0.035761,0.041341,0.795835,-0.603041,-0.082032,0.078149,0.346965,0.093653,-0.022425,-0.022935,0.110670,-0.038238,-0.051638,0.249650,-0.100392,-0.016183,0.115292,-0.005286,0.278043,0.218967,-0.381448,1.264042,1.569832,0.000000,0.000000,0.137989,-0.317725,0.243691,0.654682,-0.271741,0.000000,0.000000
-0.032009,-0.961312,0.860688,0.036324,0.041868,0.801397,-0.595558,-0.082935,0.075739,0.336392,0.048683,-0.008945,-0.020932,0.112637,-0.044113,-0.048982,0.259307,-0.099570,-0.018416,0.120345,-0.005329,0.289378,0.218205,-0.387861,1.261625,1.569799,0.000000,0.000000,0.130281,-0.327068,0.268660,0.653070,-0.317488,0.000000,0.000000
