0.000000,0.000000,0.872661,-0.005679,-0.003548,0.952424,0.304703,0.013863,0.015461,0.080946,0.016464,-0.170902,0.005232,-0.008053,-0.003920,-0.083462,0.014430,-0.128323,-0.002255,0.040980,-0.000295,-0.111436,0.210968,-0.697578,1.181460,1.562388,0.000000,0.000000,-0.055711,-0.157206,0.382687,1.131522,-0.191068,0.000000,0.000000
-0.000682,-0.000295,0.872445,-0.005487,-0.002584,0.953263,0.302081,0.013841,0.014485,0.078602,0.016378,-0.171010,0.005360,-0.007630,-0.005010,-0.085926,0.014045,-0.128640,-0.002178,0.039549,-0.000565,-0.113450,0.209151,-0.700225,1.187195,1.566004,0.000000,0.000000,-0.056337,-0.157708,0.383086,1.134992,-0.191379,0.000000,0.000000
-0.001149,-0.000009,0.872346,-0.005364,-0.002151,0.953533,0.301234,0.014035,0.012782,0.074796,0.016599,-0.171271,0.005542,-0.006604,-0.007071,-0.089184,0.013379,-0.129871,-0.002208,0.036859,-0.000662,-0.114386,0.206363,-0.704253,1.192913,1.570098,0.000000,0.000000,-0.057463,-0.153747,0.369340,1.133492,-0.133215,0.000000,0.000000
-0.001453,0.000340,0.872348,-0.005020,-0.002240,0.953522,0.301274,0.014147,0.012741,0.074837,0.016806,-0.171564,0.005530,-0.006484,-0.007165,-0.089644,0.013628,-0.130239,-0.002164,0.036679,-0.000680,-0.114003,0.206102,-0.704035,1.193489,1.570296,0.000000,0.000000,-0.056678,-0.153191,0.368027,1.132873,-0.131370,0.000000,0.000000
-0.001659,0.000711,0.872634,-0.004417,-0.003786,0.953488,0.301376,0.014658,0.013752,0.075428,0.017741,-0.172847,0.005681,-0.005887,-0.006464,-0.090459,0.014554,-0.132438,-0.001882,0.037537,-0.000772,-0.113957,0.203836,-0.702353,1.196234,1.570577,0.000000,0.000000,-0.055228,-0.152004,0.366660,1.132373,-0.126370,0.000000,0.000000
-0.002720,0.001773,0.872662,-0.004592,-0.004139,0.955324,0.295497,0.015318,0.016697,0.072821,0.018799,-0.175378,0.006709,-0.003299,-0.005186,-0.096175,0.013597,-0.139966,-0.000793,0.036913,-0.000845,-0.114465,0.200096,-0.696686,1.198448,1.570800,0.000000,0.000000,-0.052212,-0.148269,0.356632,1.130742,-0.127431,0.000000,0.000000
-0.003070,0.002078,0.872621,-0.004448,-0.004095,0.955402,0.295246,0.015682,0.017604,0.071972,0.019470,-0.176574,0.007022,-0.002142,-0.004799,-0.098482,0.013072,-0.143843,-0.000400,0.036773,-0.000899,-0.114071,0.198300,-0.691398,1.198495,1.570800,0.000000,0.000000,-0.051344,-0.146742,0.353009,1.130459,-0.127350,0.000000,0.000000
-0.003413,0.002132,0.872615,-0.004288,-0.004158,0.955413,0.295211,0.015961,0.017875,0.072011,0.020026,-0.177102,0.007070,-0.001560,-0.004708,-0.099504,0.013062,-0.145450,-0.000247,0.036627,-0.000915,-0.113479,0.197456,-0.688419,1.198263,1.570800,0.000000,0.000000,-0.050805,-0.146071,0.350971,1.130250,-0.125390,0.000000,0.000000
-0.003679,0.002080,0.872637,-0.004176,-0.004323,0.955456,0.295074,0.016166,0.017973,0.072314,0.020450,-0.177501,0.007046,-0.001213,-0.004663,-0.100155,0.013230,-0.146118,-0.000151,0.036579,-0.000911,-0.112963,0.197069,-0.686956,1.197968,1.570800,0.000000,0.000000,-0.050253,-0.145738,0.349669,1.129907,-0.123808,0.000000,0.000000
-0.003815,0.002163,0.872668,-0.004086,-0.004501,0.955458,0.295063,0.016277,0.018049,0.072387,0.020673,-0.177690,0.007051,-0.001036,-0.004613,-0.100410,0.013329,-0.146322,-0.000106,0.036593,-0.000920,-0.112691,0.196944,-0.686405,1.197826,1.570800,0.000000,0.000000,-0.049884,-0.145642,0.349180,1.129636,-0.123183,0.000000,0.000000
-0.004001,0.002161,0.872686,-0.003867,-0.004641,0.955459,0.295062,0.016405,0.018127,0.072463,0.020933,-0.177798,0.007056,-0.000841,-0.004579,-0.100705,0.013478,-0.146473,-0.000057,0.036631,-0.000926,-0.112373,0.196816,-0.685834,1.197713,1.570800,0.000000,0.000000,-0.049467,-0.145574,0.348670,1.129377,-0.122465,0.000000,0.000000
-0.004168,0.002131,0.872710,-0.003743,-0.004818,0.955483,0.294984,0.016661,0.018287,0.072750,0.021454,-0.177961,0.007048,-0.000465,-0.004497,-0.101424,0.013875,-0.146639,0.000062,0.036693,-0.000941,-0.111749,0.196474,-0.684573,1.197700,1.570800,0.000000,0.000000,-0.048791,-0.145372,0.347572,1.129165,-0.121103,0.000000,0.000000
-0.004180,0.002073,0.872706,-0.003772,-0.004817,0.955593,0.294627,0.016751,0.018364,0.072760,0.021637,-0.178057,0.007062,-0.000312,-0.004459,-0.101808,0.014032,-0.146747,0.000124,0.036723,-0.000940,-0.111540,0.196278,-0.684218,1.197774,1.570800,0.000000,0.000000,-0.048603,-0.145219,0.347045,1.129266,-0.120611,0.000000,0.000000
-0.004091,0.002012,0.872682,-0.003729,-0.004733,0.955727,0.294193,0.016809,0.018448,0.072535,0.021751,-0.178176,0.007112,-0.000186,-0.004440,-0.102136,0.014200,-0.146905,0.000173,0.036764,-0.000938,-0.111427,0.195978,-0.684038,1.197948,1.570800,0.000000,0.000000,-0.048499,-0.145075,0.346578,1.129487,-0.120286,0.000000,0.000000
-0.004128,0.002002,0.872671,-0.003545,-0.004724,0.955786,0.294003,0.016875,0.018534,0.072241,0.021875,-0.178296,0.007172,-0.000061,-0.004446,-0.102344,0.014423,-0.147070,0.000201,0.036845,-0.000937,-0.111321,0.195624,-0.683949,1.198197,1.570800,0.000000,0.000000,-0.048268,-0.144962,0.346079,1.129569,-0.119948,0.000000,0.000000
-0.004232,0.002002,0.872669,-0.003500,-0.004740,0.955774,0.294044,0.016947,0.018613,0.072016,0.022011,-0.178409,0.007219,0.000065,-0.004456,-0.102466,0.014625,-0.147224,0.000214,0.036957,-0.000940,-0.111208,0.195362,-0.683816,1.198358,1.570800,0.000000,0.000000,-0.047881,-0.144910,0.345518,1.129369,-0.119667,0.000000,0.000000
-0.004429,0.001931,0.872681,-0.003558,-0.004803,0.955829,0.293864,0.017018,0.018675,0.071826,0.022150,-0.178484,0.007259,0.000194,-0.004463,-0.102601,0.014781,-0.147350,0.000231,0.037056,-0.000943,-0.111095,0.195232,-0.683805,1.198428,1.570800,0.000000,0.000000,-0.047449,-0.144931,0.344854,1.129080,-0.119543,0.000000,0.000000
-0.004617,0.001821,0.872695,-0.003531,-0.004884,0.955848,0.293801,0.017099,0.018720,0.071677,0.022310,-0.178565,0.007287,0.000326,-0.004477,-0.102753,0.014931,-0.147475,0.000250,0.037147,-0.000941,-0.110957,0.195141,-0.683814,1.198455,1.570800,0.000000,0.000000,-0.047043,-0.144970,0.344215,1.128837,-0.119441,0.000000,0.000000
-0.004856,0.001699,0.872702,-0.003475,-0.004945,0.955875,0.293711,0.017192,0.018731,0.071565,0.022495,-0.178654,0.007305,0.000457,-0.004508,-0.102912,0.015106,-0.147629,0.000265,0.037217,-0.000944,-0.110752,0.195087,-0.683826,1.198412,1.570800,0.000000,0.000000,-0.046653,-0.145013,0.343620,1.128643,-0.119334,0.000000,0.000000
-0.005284,0.001458,0.872709,-0.003328,-0.005021,0.955995,0.293322,0.017308,0.018669,0.071500,0.022727,-0.178836,0.007297,0.000607,-0.004605,-0.103165,0.015339,-0.147992,0.000277,0.037207,-0.000942,-0.110370,0.195070,-0.683826,1.198092,1.570800,0.000000,0.000000,-0.046254,-0.145094,0.342961,1.128491,-0.119159,0.000000,0.000000
-0.005481,0.001381,0.872707,-0.003258,-0.005044,0.956080,0.293045,0.017420,0.018594,0.071389,0.022954,-0.179047,0.007294,0.000762,-0.004713,-0.103414,0.015545,-0.148401,0.000287,0.037179,-0.000941,-0.109990,0.195062,-0.683825,1.197774,1.570800,0.000000,0.000000,-0.045858,-0.145182,0.342362,1.128346,-0.118970,0.000000,0.000000
-0.005760,0.001315,0.872718,-0.003085,-0.005147,0.956331,0.292225,0.017540,0.018524,0.071152,0.023188,-0.179240,0.007310,0.000959,-0.004809,-0.103662,0.015723,-0.148774,0.000300,0.037125,-0.000944,-0.109642,0.194958,-0.683720,1.197597,1.570800,0.000000,0.000000,-0.045428,-0.145258,0.341816,1.128231,-0.118825,0.000000,0.000000
-0.006072,0.001274,0.872741,-0.002874,-0.005305,0.956528,0.291578,0.017672,0.018465,0.070803,0.023443,-0.179405,0.007344,0.001206,-0.004884,-0.103903,0.015908,-0.149016,0.000318,0.037029,-0.000949,-0.109303,0.194792,-0.683564,1.197501,1.570800,0.000000,0.000000,-0.045040,-0.145302,0.341248,1.128268,-0.118787,0.000000,0.000000
-0.006342,0.001218,0.872745,-0.002662,-0.005385,0.956666,0.291126,0.017808,0.018415,0.070370,0.023702,-0.179636,0.007391,0.001482,-0.004966,-0.104169,0.016122,-0.149228,0.000339,0.036918,-0.000939,-0.108988,0.194554,-0.683484,1.197486,1.570800,0.000000,0.000000,-0.044767,-0.145260,0.340611,1.128507,-0.118717,0.000000,0.000000
-0.006583,0.001252,0.872722,-0.002380,-0.005375,0.956745,0.290870,0.018093,0.018345,0.069291,0.024231,-0.180053,0.007523,0.002048,-0.005169,-0.104623,0.016617,-0.149663,0.000363,0.036712,-0.000943,-0.108393,0.194180,-0.683430,1.197363,1.570800,0.000000,0.000000,-0.044236,-0.145166,0.339358,1.128941,-0.118830,0.000000,0.000000
-0.006992,0.001191,0.872708,-0.002092,-0.005416,0.956885,0.290410,0.018404,0.018244,0.068206,0.024811,-0.180408,0.007650,0.002630,-0.005428,-0.104965,0.017107,-0.149968,0.000358,0.036480,-0.000935,-0.107803,0.193945,-0.683641,1.197180,1.570800,0.000000,0.000000,-0.043441,-0.145230,0.338176,1.128819,-0.118940,0.000000,0.000000
-0.007472,0.001049,0.872730,-0.001813,-0.005614,0.957014,0.289981,0.018763,0.018115,0.067380,0.025494,-0.180657,0.007733,0.003240,-0.005688,-0.105351,0.017574,-0.150195,0.000361,0.036262,-0.000934,-0.107282,0.193735,-0.684046,1.197255,1.570800,0.000000,0.000000,-0.042445,-0.145423,0.337043,1.128433,-0.119020,0.000000,0.000000
-0.007969,0.000799,0.872747,-0.001370,-0.005831,0.957151,0.289528,0.019176,0.017922,0.066655,0.026288,-0.181019,0.007788,0.003886,-0.005977,-0.105795,0.018080,-0.150428,0.000366,0.036108,-0.000923,-0.106761,0.193401,-0.684440,1.197541,1.570800,0.000000,0.000000,-0.041338,-0.145725,0.336129,1.128047,-0.119190,0.000000,0.000000
-0.008437,0.000584,0.872759,-0.000769,-0.006062,0.957171,0.289459,0.019660,0.017685,0.065919,0.027224,-0.181533,0.007834,0.004558,-0.006292,-0.106122,0.018757,-0.150753,0.000349,0.035942,-0.000916,-0.106138,0.193016,-0.684510,1.197857,1.570800,0.000000,0.000000,-0.040221,-0.146029,0.335388,1.127693,-0.119016,0.000000,0.000000
-0.008850,0.000436,0.872754,-0.000249,-0.006257,0.957179,0.289427,0.020401,0.017358,0.065074,0.028672,-0.182271,0.007875,0.005520,-0.006749,-0.106455,0.019939,-0.151498,0.000304,0.035624,-0.000896,-0.105199,0.192608,-0.684985,1.198443,1.570800,0.000000,0.000000,-0.038708,-0.146504,0.334789,1.127305,-0.118203,0.000000,0.000000
-0.009206,0.000322,0.872756,0.000138,-0.006406,0.957180,0.289423,0.020865,0.017180,0.064499,0.029581,-0.182659,0.007914,0.006118,-0.007055,-0.106497,0.020736,-0.151954,0.000247,0.035358,-0.000875,-0.104585,0.192500,-0.685527,1.198807,1.570800,0.000000,0.000000,-0.037823,-0.146905,0.334789,1.127150,-0.117572,0.000000,0.000000
-0.009501,0.000337,0.872763,0.000448,-0.006570,0.957119,0.289620,0.021317,0.017086,0.063925,0.030466,-0.183055,0.007972,0.006691,-0.007339,-0.106310,0.021549,-0.152318,0.000163,0.035045,-0.000856,-0.103890,0.192618,-0.686066,1.198973,1.570800,0.000000,0.000000,-0.037001,-0.147362,0.334876,1.126930,-0.116535,0.000000,0.000000
-0.010016,0.000197,0.872782,0.000908,-0.006822,0.957083,0.289734,0.021816,0.016951,0.063404,0.031443,-0.183427,0.008014,0.007273,-0.007660,-0.106033,0.022500,-0.152762,0.000060,0.034878,-0.000829,-0.103225,0.192668,-0.686532,1.199140,1.570800,0.000000,0.000000,-0.036214,-0.147663,0.334876,1.126958,-0.115073,0.000000,0.000000
-0.010737,-0.000073,0.872783,0.001640,-0.007097,0.957055,0.289816,0.022686,0.016565,0.063026,0.033170,-0.184064,0.007977,0.008179,-0.008285,-0.105522,0.024174,-0.153935,-0.000144,0.034843,-0.000808,-0.102298,0.192407,-0.687318,1.199758,1.570800,0.000000,0.000000,-0.035198,-0.147844,0.334942,1.127626,-0.113238,0.000000,0.000000
-0.011338,-0.000459,0.872765,0.002336,-0.007309,0.957120,0.289590,0.023428,0.016050,0.062764,0.035254,-0.185089,0.007895,0.008991,-0.009015,-0.104859,0.025975,-0.155518,-0.000395,0.034715,-0.000793,-0.101451,0.192107,-0.688143,1.200414,1.570800,0.000000,0.000000,-0.034187,-0.147947,0.334963,1.128170,-0.112262,0.000000,0.000000
-0.011869,-0.000736,0.872760,0.002907,-0.007569,0.957164,0.289433,0.023961,0.015590,0.061950,0.037799,-0.185940,0.007907,0.009670,-0.009711,-0.104241,0.027956,-0.156961,-0.000632,0.034530,-0.000782,-0.100411,0.191855,-0.688541,1.200635,1.570800,0.000000,0.000000,-0.032720,-0.148116,0.334772,1.127587,-0.111855,0.000000,0.000000
-0.012289,-0.000934,0.872787,0.003460,-0.008002,0.957251,0.289128,0.024348,0.015334,0.061081,0.040442,-0.187359,0.007972,0.010184,-0.010184,-0.103836,0.030394,-0.158135,-0.000787,0.034151,-0.000762,-0.099123,0.191673,-0.688424,1.200687,1.570800,0.000000,0.000000,-0.030892,-0.148221,0.334377,1.126286,-0.111189,0.000000,0.000000
-0.012776,-0.001206,0.872752,0.004241,-0.008359,0.957309,0.288914,0.024771,0.014925,0.059474,0.045071,-0.189959,0.008110,0.010805,-0.010865,-0.103282,0.035069,-0.159596,-0.000999,0.033267,-0.000722,-0.096693,0.191294,-0.687724,1.200934,1.570800,0.000000,0.000000,-0.028344,-0.148094,0.333631,1.125301,-0.110368,0.000000,0.000000
-0.013175,-0.001398,0.872703,0.005158,-0.008693,0.957442,0.288449,0.024922,0.014692,0.057891,0.050109,-0.192602,0.008283,0.011331,-0.011508,-0.102735,0.039679,-0.161293,-0.001201,0.032135,-0.000669,-0.094218,0.191458,-0.688604,1.200919,1.570800,0.000000,0.000000,-0.026195,-0.147884,0.333484,1.125369,-0.110045,0.000000,0.000000
-0.013553,-0.001745,0.872666,0.006050,-0.009137,0.957505,0.288208,0.024769,0.014461,0.056522,0.055899,-0.195038,0.008428,0.011788,-0.012101,-0.102129,0.044085,-0.162747,-0.001398,0.031164,-0.000622,-0.091727,0.192165,-0.690652,1.200393,1.570800,0.000000,0.000000,-0.023853,-0.147838,0.333645,1.125180,-0.109540,0.000000,0.000000
-0.014021,-0.002307,0.872628,0.007062,-0.009781,0.957579,0.287919,0.024279,0.014154,0.055264,0.063889,-0.197412,0.008539,0.012330,-0.012731,-0.101521,0.049183,-0.164052,-0.001598,0.030517,-0.000580,-0.088553,0.192911,-0.691837,1.199185,1.570800,0.000000,0.000000,-0.020899,-0.147914,0.332998,1.124971,-0.107900,0.000000,0.000000
-0.014520,-0.003004,0.872605,0.007972,-0.010442,0.957662,0.287594,0.023577,0.013877,0.053879,0.071086,-0.199430,0.008676,0.012742,-0.013186,-0.100815,0.053214,-0.165036,-0.001778,0.030323,-0.000585,-0.085900,0.193474,-0.692396,1.197376,1.570800,0.000000,0.000000,-0.018195,-0.148211,0.332300,1.124538,-0.106757,0.000000,0.000000
-0.014960,-0.003734,0.872507,0.009018,-0.010992,0.957631,0.287646,0.022578,0.013404,0.052058,0.079853,-0.202196,0.008829,0.013136,-0.013783,-0.100048,0.058082,-0.166300,-0.001999,0.029870,-0.000588,-0.082951,0.194396,-0.693886,1.195316,1.570800,0.000000,0.000000,-0.014964,-0.148871,0.332318,1.123470,-0.106276,0.000000,0.000000
-0.015367,-0.004382,0.872406,0.010176,-0.011601,0.957607,0.287664,0.021542,0.012948,0.050598,0.088594,-0.204944,0.008933,0.013461,-0.014313,-0.099383,0.063024,-0.167380,-0.002189,0.029050,-0.000542,-0.079822,0.194968,-0.694479,1.194104,1.570800,0.000000,0.000000,-0.011730,-0.149577,0.332454,1.121839,-0.106209,0.000000,0.000000
-0.015746,-0.004963,0.872326,0.011345,-0.012373,0.957614,0.287564,0.020509,0.012657,0.049681,0.097275,-0.207230,0.008998,0.013731,-0.014673,-0.098437,0.068193,-0.168429,-0.002383,0.028016,-0.000529,-0.076305,0.194763,-0.693175,1.193795,1.570800,0.000000,0.000000,-0.008465,-0.149968,0.331989,1.120204,-0.105026,0.000000,0.000000
-0.016031,-0.005540,0.872242,0.012515,-0.013140,0.957513,0.287820,0.019546,0.012430,0.049197,0.105431,-0.209568,0.009015,0.013838,-0.014979,-0.097452,0.073778,-0.169928,-0.002571,0.027042,-0.000491,-0.072946,0.194469,-0.692051,1.194071,1.570800,0.000000,0.000000,-0.005219,-0.150034,0.331178,1.118593,-0.102657,0.000000,0.000000
-0.016197,-0.006101,0.872176,0.013639,-0.013825,0.957340,0.288312,0.018798,0.012289,0.048854,0.111808,-0.212227,0.009031,0.013746,-0.015198,-0.096114,0.078791,-0.171512,-0.002798,0.026393,-0.000469,-0.070374,0.195009,-0.693307,1.193590,1.570800,0.000000,0.000000,-0.002139,-0.150145,0.331633,1.116599,-0.102005,0.000000,0.000000
-0.016371,-0.006719,0.872065,0.014790,-0.014543,0.957087,0.289058,0.018046,0.012205,0.048294,0.119221,-0.216002,0.009090,0.013478,-0.015410,-0.093957,0.085079,-0.174005,-0.003143,0.025960,-0.000425,-0.067318,0.196522,-0.695970,1.191943,1.570800,0.000000,0.000000,0.001720,-0.150620,0.332608,1.113912,-0.102237,0.000000,0.000000
-0.016673,-0.007554,0.871979,0.015892,-0.015279,0.956766,0.290023,0.017498,0.012046,0.047566,0.125701,-0.218785,0.009156,0.013152,-0.015688,-0.091931,0.090542,-0.176221,-0.003490,0.025822,-0.000419,-0.064277,0.197989,-0.697037,1.189846,1.570800,0.000000,0.000000,0.004942,-0.151488,0.333196,1.111274,-0.102086,0.000000,0.000000
-0.016971,-0.008500,0.871826,0.016861,-0.015971,0.956451,0.290966,0.016813,0.011695,0.046911,0.133619,-0.221456,0.009167,0.012642,-0.016109,-0.089442,0.096985,-0.178629,-0.003940,0.025603,-0.000444,-0.059903,0.200038,-0.696887,1.186483,1.570800,0.000000,0.000000,0.008887,-0.153111,0.333742,1.107499,-0.101379,0.000000,0.000000
-0.017132,-0.009369,0.871643,0.017876,-0.016702,0.956078,0.292090,0.016066,0.011303,0.046582,0.142212,-0.223792,0.009123,0.011928,-0.016501,-0.086311,0.104170,-0.180268,-0.004476,0.025288,-0.000479,-0.054692,0.202768,-0.695209,1.182154,1.570800,0.000000,0.000000,0.013558,-0.155037,0.335338,1.102803,-0.100554,0.000000,0.000000
-0.017188,-0.010223,0.871479,0.019050,-0.017517,0.955573,0.293616,0.015428,0.010904,0.046625,0.150350,-0.224969,0.009019,0.011083,-0.016814,-0.083522,0.111487,-0.180865,-0.004944,0.025165,-0.000483,-0.049642,0.205387,-0.692097,1.178102,1.570800,0.000000,0.000000,0.018304,-0.156514,0.338234,1.098751,-0.100138,0.000000,0.000000
-0.017153,-0.011083,0.871365,0.020174,-0.018503,0.955112,0.294977,0.014872,0.010838,0.047318,0.157828,-0.225526,0.008900,0.010083,-0.016904,-0.080945,0.118874,-0.181192,-0.005329,0.025039,-0.000512,-0.044281,0.207358,-0.686496,1.174337,1.570800,0.000000,0.000000,0.022834,-0.157268,0.340579,1.094610,-0.098565,0.000000,0.000000
-0.017073,-0.011995,0.871288,0.021181,-0.019471,0.954651,0.296335,0.014469,0.011056,0.048285,0.164001,-0.226369,0.008805,0.008891,-0.016822,-0.078829,0.126065,-0.181569,-0.005605,0.024929,-0.000543,-0.038369,0.208985,-0.678574,1.170226,1.570800,0.000000,0.000000,0.026905,-0.157584,0.342525,1.090033,-0.095985,0.000000,0.000000
-0.016915,-0.012881,0.871233,0.022199,-0.020396,0.954090,0.297998,0.014342,0.011467,0.049387,0.169150,-0.227184,0.008736,0.007557,-0.016533,-0.076513,0.133134,-0.181296,-0.005867,0.024881,-0.000539,-0.032491,0.210937,-0.671521,1.165746,1.570800,0.000000,0.000000,0.030707,-0.157412,0.344217,1.085327,-0.090699,0.000000,0.000000
-0.016645,-0.013855,0.871187,0.023133,-0.021309,0.953423,0.299992,0.014390,0.011944,0.050982,0.173853,-0.227541,0.008602,0.006052,-0.016150,-0.074219,0.140093,-0.180370,-0.006106,0.024987,-0.000546,-0.026846,0.213704,-0.667035,1.160420,1.570800,0.000000,0.000000,0.034277,-0.157337,0.344905,1.080355,-0.084012,0.000000,0.000000
-0.016254,-0.014953,0.871171,0.023900,-0.022325,0.952742,0.302015,0.014429,0.012518,0.052759,0.178302,-0.227020,0.008465,0.004367,-0.015715,-0.072467,0.146943,-0.178971,-0.006250,0.025592,-0.000620,-0.020546,0.217490,-0.662245,1.153129,1.570800,0.000000,0.000000,0.038281,-0.157855,0.345702,1.074168,-0.080046,0.000000,0.000000
-0.015609,-0.015988,0.871144,0.024732,-0.023413,0.951764,0.304935,0.014587,0.013359,0.054907,0.183126,-0.225831,0.008333,0.002233,-0.015017,-0.070498,0.154744,-0.175289,-0.006360,0.026616,-0.000752,-0.011352,0.221868,-0.651049,1.143527,1.570800,0.000000,0.000000,0.043214,-0.159451,0.348867,1.064808,-0.077698,0.000000,0.000000
-0.014750,-0.016969,0.871208,0.025340,-0.024554,0.950918,0.307426,0.014651,0.014554,0.057148,0.186460,-0.223882,0.008273,0.000389,-0.014036,-0.069007,0.160655,-0.170103,-0.006328,0.027237,-0.000869,-0.002515,0.226120,-0.639963,1.134695,1.570800,0.000000,0.000000,0.047178,-0.161262,0.353192,1.055469,-0.075019,0.000000,0.000000
-0.013734,-0.017881,0.871348,0.025720,-0.025664,0.950095,0.309836,0.014608,0.016046,0.059443,0.188331,-0.220905,0.008276,-0.001061,-0.012825,-0.067349,0.164256,-0.165423,-0.006271,0.027760,-0.000952,0.005008,0.230367,-0.631361,1.126874,1.570800,0.000000,0.000000,0.049805,-0.162398,0.356842,1.047121,-0.072402,0.000000,0.000000
-0.012942,-0.019035,0.871496,0.025904,-0.026644,0.949212,0.312436,0.014512,0.017268,0.062019,0.189397,-0.217907,0.008168,-0.002408,-0.011843,-0.065316,0.166689,-0.162542,-0.006336,0.028533,-0.001013,0.013013,0.234987,-0.622593,1.117773,1.570800,0.000000,0.000000,0.051830,-0.163069,0.359706,1.038208,-0.067218,0.000000,0.000000
-0.012201,-0.020213,0.871679,0.026065,-0.027703,0.948410,0.314756,0.014463,0.018553,0.065545,0.190028,-0.214899,0.007926,-0.003636,-0.010812,-0.063826,0.169083,-0.161425,-0.006307,0.029501,-0.001117,0.022477,0.239578,-0.611108,1.106485,1.570800,0.000000,0.000000,0.053406,-0.163360,0.361764,1.028426,-0.057643,0.000000,0.000000
-0.011342,-0.021359,0.871902,0.026122,-0.028808,0.947649,0.316938,0.014457,0.019831,0.069203,0.189899,-0.212666,0.007663,-0.004549,-0.009712,-0.062756,0.170956,-0.161622,-0.006197,0.029991,-0.001216,0.031417,0.243105,-0.600417,1.096607,1.570800,0.000000,0.000000,0.054456,-0.163749,0.363093,1.019116,-0.047999,0.000000,0.000000
-0.010273,-0.022374,0.872149,0.026019,-0.029825,0.946859,0.319205,0.014429,0.021299,0.073084,0.189013,-0.210249,0.007414,-0.005365,-0.008305,-0.061370,0.172368,-0.163720,-0.006067,0.030126,-0.001317,0.040649,0.246958,-0.589992,1.087430,1.570800,0.000000,0.000000,0.054932,-0.164294,0.363971,1.009264,-0.040176,0.000000,0.000000
-0.009078,-0.023302,0.872418,0.025714,-0.030776,0.946233,0.320991,0.014202,0.022950,0.076658,0.187679,-0.207782,0.007260,-0.005949,-0.006532,-0.059538,0.172880,-0.168753,-0.005921,0.030055,-0.001408,0.049970,0.251103,-0.580634,1.078849,1.570800,0.000000,0.000000,0.055006,-0.164908,0.365460,0.998994,-0.035631,0.000000,0.000000
-0.007672,-0.024194,0.872727,0.025258,-0.031691,0.945858,0.322042,0.013574,0.024970,0.080228,0.185925,-0.204415,0.007193,-0.006264,-0.004019,-0.057634,0.172387,-0.179031,-0.005620,0.029482,-0.001508,0.059913,0.256453,-0.572933,1.069070,1.570800,0.000000,0.000000,0.054496,-0.165919,0.367993,0.988343,-0.034599,0.000000,0.000000
-0.006290,-0.025327,0.872965,0.024837,-0.032266,0.945643,0.322646,0.012705,0.026374,0.082802,0.184243,-0.201375,0.007131,-0.006199,-0.002172,-0.056574,0.171346,-0.188112,-0.005363,0.029225,-0.001586,0.067165,0.261284,-0.569007,1.061610,1.570800,0.000000,0.000000,0.053246,-0.167088,0.369116,0.979388,-0.034386,0.000000,0.000000
-0.004971,-0.026518,0.873226,0.024407,-0.032951,0.945540,0.322912,0.011685,0.027847,0.085437,0.182543,-0.198900,0.007078,-0.005733,-0.000605,-0.056446,0.171280,-0.197856,-0.005037,0.029505,-0.001664,0.074073,0.265580,-0.564172,1.054466,1.570800,0.000000,0.000000,0.051565,-0.168171,0.368263,0.970590,-0.031781,0.000000,0.000000
-0.003711,-0.027927,0.873472,0.024184,-0.033656,0.945453,0.323112,0.010775,0.028931,0.087358,0.180899,-0.197112,0.007040,-0.004997,0.000273,-0.056650,0.173192,-0.208720,-0.004826,0.030094,-0.001746,0.079503,0.269203,-0.559727,1.049271,1.570800,0.000000,0.000000,0.049469,-0.169600,0.366992,0.963584,-0.027164,0.000000,0.000000
-0.002449,-0.029365,0.873722,0.023917,-0.034288,0.945336,0.323407,0.009716,0.029851,0.089277,0.178850,-0.194457,0.006960,-0.003973,0.000777,-0.057344,0.177808,-0.222558,-0.004632,0.031114,-0.001862,0.085163,0.273434,-0.555834,1.044119,1.570800,0.000000,0.000000,0.046699,-0.171191,0.365222,0.955104,-0.021569,0.000000,0.000000
-0.001254,-0.030815,0.873952,0.023768,-0.034893,0.945167,0.323846,0.008793,0.030462,0.091231,0.176856,-0.190949,0.006797,-0.002810,0.000785,-0.059249,0.185565,-0.235782,-0.004365,0.032648,-0.001961,0.091347,0.276597,-0.554172,1.039589,1.570800,0.000000,0.000000,0.044569,-0.171939,0.363951,0.944967,-0.017345,0.000000,0.000000
-0.000223,-0.032453,0.874147,0.023951,-0.035422,0.945053,0.324110,0.008116,0.030592,0.093244,0.174809,-0.187439,0.006506,-0.001364,-0.000102,-0.062958,0.198643,-0.250012,-0.004022,0.034575,-0.002141,0.098233,0.278953,-0.553818,1.037300,1.570800,0.000000,0.000000,0.042783,-0.172670,0.363216,0.932884,-0.016759,0.000000,0.000000
0.000813,-0.034109,0.874291,0.024218,-0.035763,0.945016,0.324158,0.007665,0.030328,0.094382,0.172803,-0.183836,0.006255,0.000106,-0.001563,-0.066450,0.215563,-0.263400,-0.003822,0.036128,-0.002284,0.104256,0.281178,-0.552769,1.036788,1.570800,0.000000,0.000000,0.040774,-0.173515,0.362115,0.922101,-0.015866,0.000000,0.000000
0.001955,-0.035816,0.874435,0.024573,-0.036059,0.945017,0.324098,0.007256,0.029880,0.095236,0.170327,-0.180209,0.006010,0.001791,-0.003355,-0.070882,0.237010,-0.275178,-0.003518,0.037992,-0.002441,0.110040,0.283363,-0.551376,1.035085,1.570800,0.000000,0.000000,0.038036,-0.175240,0.362492,0.913187,-0.012947,0.000000,0.000000
0.003199,-0.037664,0.874568,0.024793,-0.036263,0.945026,0.324033,0.006548,0.029250,0.097165,0.167552,-0.177351,0.005555,0.003464,-0.005535,-0.077034,0.261792,-0.286259,-0.003009,0.039644,-0.002618,0.116405,0.284655,-0.547529,1.033239,1.570800,0.000000,0.000000,0.034063,-0.177675,0.363744,0.905951,-0.011333,0.000000,0.000000
0.004120,-0.039402,0.874639,0.024741,-0.036245,0.945028,0.324032,0.005638,0.028369,0.099317,0.165288,-0.175694,0.005007,0.005795,-0.008355,-0.082357,0.285179,-0.295264,-0.002769,0.041488,-0.002758,0.122334,0.284983,-0.541996,1.032756,1.570800,0.000000,0.000000,0.029570,-0.178947,0.363550,0.899077,-0.008849,0.000000,0.000000
0.005096,-0.041366,0.874664,0.024742,-0.036061,0.945065,0.323945,0.004487,0.026837,0.099672,0.162996,-0.174702,0.004582,0.008448,-0.011915,-0.085468,0.310219,-0.303271,-0.003046,0.043183,-0.002881,0.127482,0.286200,-0.537803,1.033146,1.570800,0.000000,0.000000,0.024267,-0.181522,0.363415,0.892591,-0.006657,0.000000,0.000000
0.006174,-0.043525,0.874694,0.025084,-0.036015,0.945162,0.323640,0.003380,0.025077,0.097544,0.160782,-0.172338,0.004495,0.011186,-0.015666,-0.087898,0.337029,-0.311343,-0.003484,0.045131,-0.003042,0.131717,0.288203,-0.535633,1.034164,1.570800,0.000000,0.000000,0.018823,-0.186517,0.364590,0.887420,-0.012349,0.000000,0.000000
0.007713,-0.045749,0.874682,0.025525,-0.035729,0.945561,0.322469,0.001769,0.023134,0.096308,0.158614,-0.168076,0.004220,0.013574,-0.019491,-0.091423,0.367904,-0.319758,-0.003760,0.046361,-0.003162,0.136353,0.290002,-0.533354,1.034894,1.570800,0.000000,0.000000,0.013251,-0.191633,0.365928,0.882794,-0.021033,0.000000,0.000000
0.009391,-0.047846,0.874653,0.025623,-0.035352,0.945870,0.321597,-0.000246,0.021406,0.097716,0.156535,-0.165434,0.003584,0.015687,-0.022885,-0.094923,0.397975,-0.326031,-0.003939,0.047040,-0.003190,0.141407,0.290525,-0.530212,1.035866,1.570800,0.000000,0.000000,0.007610,-0.195020,0.366922,0.878807,-0.021705,0.000000,0.000000
0.010583,-0.050071,0.874586,0.025840,-0.035087,0.945976,0.321295,-0.001951,0.019290,0.099363,0.155384,-0.162229,0.002811,0.018454,-0.027062,-0.098441,0.427380,-0.331884,-0.004337,0.048685,-0.003279,0.146485,0.289950,-0.524984,1.038139,1.570800,0.000000,0.000000,0.002303,-0.197590,0.367216,0.874991,-0.020944,0.000000,0.000000
0.011916,-0.052464,0.874461,0.026333,-0.034838,0.946216,0.320576,-0.003671,0.016882,0.100344,0.155712,-0.156820,0.002059,0.021665,-0.031397,-0.101341,0.457376,-0.336737,-0.004901,0.050088,-0.003362,0.151939,0.289132,-0.518716,1.040467,1.570800,0.000000,0.000000,-0.003278,-0.200328,0.368418,0.871247,-0.020965,0.000000,0.000000
0.014067,-0.054748,0.874340,0.026646,-0.034432,0.946461,0.319867,-0.005998,0.014963,0.100671,0.155743,-0.151922,0.001531,0.024468,-0.034644,-0.103098,0.487538,-0.340536,-0.005394,0.051110,-0.003466,0.157288,0.288203,-0.511738,1.043490,1.570800,0.000000,0.000000,-0.009635,-0.202713,0.370339,0.867907,-0.020594,0.000000,0.000000
0.016368,-0.056704,0.874268,0.026791,-0.034035,0.946554,0.319624,-0.008274,0.013609,0.100394,0.154568,-0.148493,0.001245,0.027426,-0.036996,-0.103068,0.516538,-0.342036,-0.005984,0.052933,-0.003545,0.162907,0.287943,-0.504522,1.045201,1.570800,0.000000,0.000000,-0.015582,-0.203392,0.372800,0.862903,-0.015874,0.000000,0.000000
0.018945,-0.058350,0.874273,0.026805,-0.033809,0.946593,0.319531,-0.010602,0.013154,0.099926,0.152514,-0.144364,0.001211,0.030668,-0.038098,-0.100343,0.544748,-0.339664,-0.006745,0.055551,-0.003681,0.168447,0.288855,-0.499861,1.046923,1.570800,0.000000,0.000000,-0.020419,-0.202160,0.380586,0.854592,-0.011056,0.000000,0.000000
0.021833,-0.060007,0.874317,0.026576,-0.033603,0.946673,0.319335,-0.013315,0.013162,0.098938,0.149757,-0.140414,0.001377,0.033780,-0.038340,-0.097779,0.570559,-0.334928,-0.007260,0.058424,-0.003898,0.173112,0.289362,-0.495295,1.050157,1.570800,0.000000,0.000000,-0.026535,-0.201127,0.388425,0.850377,-0.007410,0.000000,0.000000
0.024837,-0.061962,0.874295,0.026331,-0.033155,0.946829,0.318939,-0.016456,0.012800,0.098262,0.147411,-0.135991,0.001401,0.036928,-0.039486,-0.098703,0.594074,-0.327906,-0.007415,0.061184,-0.004085,0.176624,0.289304,-0.490252,1.053928,1.570800,0.000000,0.000000,-0.032950,-0.201215,0.393701,0.846797,0.001651,0.000000,0.000000
0.027479,-0.064245,0.874232,0.026103,-0.032687,0.946927,0.318716,-0.019664,0.011968,0.098260,0.145669,-0.130526,0.001193,0.040360,-0.041931,-0.099563,0.617478,-0.322273,-0.007976,0.063985,-0.004302,0.180819,0.287658,-0.481692,1.058509,1.570800,0.000000,0.000000,-0.039230,-0.202376,0.397600,0.842296,0.009596,0.000000,0.000000
0.031103,-0.065919,0.874158,0.025915,-0.032243,0.946868,0.318951,-0.023537,0.012105,0.098472,0.144837,-0.125003,0.001188,0.043524,-0.041804,-0.096443,0.640825,-0.312431,-0.008551,0.066866,-0.004525,0.185677,0.286567,-0.470587,1.062914,1.570800,0.000000,0.000000,-0.047498,-0.204148,0.402646,0.840454,0.010664,0.000000,0.000000
0.034337,-0.068088,0.873981,0.026029,-0.031666,0.946739,0.319383,-0.027469,0.011442,0.098248,0.145096,-0.120344,0.001045,0.046923,-0.043751,-0.095535,0.663237,-0.301312,-0.009342,0.070297,-0.004745,0.190422,0.285632,-0.460706,1.066727,1.570800,0.000000,0.000000,-0.055829,-0.205788,0.407944,0.841253,0.007864,0.000000,0.000000
0.037367,-0.070374,0.873753,0.026034,-0.030929,0.946555,0.319998,-0.031545,0.010050,0.096977,0.145571,-0.116366,0.000893,0.050566,-0.046856,-0.094748,0.683358,-0.291741,-0.010474,0.074784,-0.004978,0.195823,0.284373,-0.452069,1.069239,1.570800,0.000000,0.000000,-0.063970,-0.208037,0.412181,0.843785,0.001389,0.000000,0.000000
0.040879,-0.072386,0.873556,0.025820,-0.030221,0.946453,0.320386,-0.035783,0.009173,0.095988,0.145640,-0.113241,0.000837,0.053992,-0.048123,-0.092398,0.700050,-0.283909,-0.011363,0.079213,-0.005157,0.201238,0.283206,-0.443321,1.070589,1.570800,0.000000,0.000000,-0.072428,-0.209990,0.414885,0.846739,-0.005128,0.000000,0.000000
0.044912,-0.074294,0.873395,0.025366,-0.029539,0.946241,0.321111,-0.040283,0.009008,0.096547,0.145122,-0.110045,0.000716,0.057041,-0.048187,-0.091334,0.714621,-0.276302,-0.011633,0.082957,-0.005277,0.206381,0.282494,-0.433663,1.071396,1.570800,0.000000,0.000000,-0.080386,-0.211482,0.418961,0.847135,-0.005274,0.000000,0.000000
0.049392,-0.076194,0.873242,0.024788,-0.028930,0.946152,0.321472,-0.045479,0.009483,0.098309,0.144865,-0.106098,0.000557,0.060022,-0.047284,-0.092176,0.728108,-0.270391,-0.011229,0.087001,-0.005441,0.210700,0.282600,-0.424980,1.071705,1.570800,0.000000,0.000000,-0.088314,-0.212611,0.422712,0.846739,-0.002950,0.000000,0.000000
0.053777,-0.078547,0.873001,0.024561,-0.028244,0.946202,0.321405,-0.050894,0.009342,0.099256,0.145156,-0.101495,0.000365,0.063197,-0.046973,-0.093500,0.740828,-0.262581,-0.010919,0.090868,-0.005622,0.214459,0.282265,-0.417858,1.072317,1.570800,0.000000,0.000000,-0.098666,-0.213328,0.424946,0.851635,-0.007309,0.000000,0.000000
0.057950,-0.081080,0.872734,0.024404,-0.027502,0.946120,0.321721,-0.055980,0.008678,0.098995,0.144724,-0.096817,0.000236,0.066399,-0.047391,-0.092778,0.752318,-0.252839,-0.011241,0.094643,-0.005846,0.218327,0.280067,-0.411091,1.075259,1.570782,0.000000,0.000000,-0.109255,-0.214059,0.427936,0.857296,-0.015699,0.000000,0.000000
0.062149,-0.083416,0.872474,0.024282,-0.026670,0.945944,0.322317,-0.060221,0.007976,0.098498,0.142980,-0.092749,0.000145,0.069553,-0.048207,-0.091730,0.761830,-0.243441,-0.011749,0.098843,-0.006008,0.221656,0.278104,-0.406696,1.078408,1.570743,0.000000,0.000000,-0.117943,-0.214572,0.431623,0.859802,-0.019427,0.000000,0.000000
0.066896,-0.085832,0.872212,0.023914,-0.025818,0.945720,0.323070,-0.065089,0.007640,0.098418,0.140895,-0.088075,0.000085,0.072401,-0.049090,-0.092016,0.769561,-0.230324,-0.012016,0.103259,-0.006166,0.224752,0.277426,-0.402800,1.080608,1.570719,0.000000,0.000000,-0.127282,-0.214931,0.436189,0.863067,-0.022755,0.000000,0.000000
0.071782,-0.088170,0.871975,0.023402,-0.025192,0.945326,0.324309,-0.070154,0.007830,0.099838,0.138729,-0.083396,-0.000090,0.075014,-0.049124,-0.091731,0.775216,-0.217176,-0.012128,0.108488,-0.006349,0.228115,0.276330,-0.396525,1.083010,1.570689,0.000000,0.000000,-0.135687,-0.215103,0.439268,0.866328,-0.027456,0.000000,0.000000
0.076512,-0.090494,0.871663,0.023293,-0.024389,0.944830,0.325821,-0.074525,0.007784,0.101871,0.136681,-0.079139,-0.000424,0.077718,-0.049229,-0.090147,0.778901,-0.208117,-0.012510,0.113745,-0.006532,0.231582,0.275179,-0.390816,1.084985,1.570663,0.000000,0.000000,-0.142891,-0.214637,0.440948,0.869507,-0.027123,0.000000,0.000000
0.081171,-0.093018,0.871307,0.023287,-0.023568,0.944388,0.327160,-0.078933,0.007475,0.103582,0.134645,-0.074674,-0.000767,0.080765,-0.049850,-0.088140,0.781118,-0.198535,-0.013141,0.118835,-0.006694,0.234998,0.274045,-0.384629,1.086290,1.570632,0.000000,0.000000,-0.150868,-0.214135,0.443153,0.873555,-0.026148,0.000000,0.000000
0.085984,-0.095494,0.870973,0.023182,-0.023002,0.943914,0.328572,-0.083490,0.007570,0.105216,0.132478,-0.070594,-0.000991,0.083864,-0.050354,-0.086042,0.781441,-0.188737,-0.013755,0.123703,-0.006911,0.238601,0.273157,-0.378924,1.087946,1.570601,0.000000,0.000000,-0.158933,-0.214673,0.447641,0.877813,-0.028004,0.000000,0.000000
0.091109,-0.097798,0.870624,0.023211,-0.022525,0.943443,0.329954,-0.087860,0.008079,0.106355,0.130639,-0.067352,-0.001031,0.086786,-0.050071,-0.083370,0.779856,-0.180538,-0.014224,0.128038,-0.007104,0.242203,0.272597,-0.374217,1.089124,1.570583,0.000000,0.000000,-0.166116,-0.215673,0.452738,0.881639,-0.033363,0.000000,0.000000
0.096285,-0.100129,0.870205,0.023452,-0.022046,0.942982,0.331284,-0.092463,0.008663,0.107312,0.129358,-0.063743,-0.001028,0.089892,-0.049596,-0.080623,0.776833,-0.173066,-0.014645,0.132463,-0.007270,0.245482,0.271805,-0.370520,1.091300,1.570556,0.000000,0.000000,-0.173001,-0.215595,0.456895,0.886137,-0.037841,0.000000,0.000000
0.101416,-0.102656,0.869759,0.023743,-0.021457,0.942535,0.332571,-0.096779,0.008888,0.107947,0.128275,-0.059892,-0.001072,0.092753,-0.049551,-0.079024,0.772703,-0.168065,-0.014977,0.136881,-0.007420,0.248131,0.271107,-0.367490,1.094041,1.570531,0.000000,0.000000,-0.179263,-0.215383,0.459685,0.890300,-0.040458,0.000000,0.000000
0.106533,-0.105422,0.869239,0.024111,-0.020773,0.942153,0.333668,-0.101267,0.008710,0.108878,0.126946,-0.056088,-0.001262,0.095698,-0.050122,-0.078338,0.766862,-0.164387,-0.015322,0.141613,-0.007616,0.250910,0.269661,-0.363266,1.096909,1.570501,0.000000,0.000000,-0.185402,-0.215835,0.462983,0.893663,-0.044601,0.000000,0.000000
0.111796,-0.108142,0.868668,0.024411,-0.020110,0.941701,0.334960,-0.106144,0.008537,0.111182,0.125318,-0.052433,-0.001669,0.098774,-0.050733,-0.077214,0.758171,-0.162982,-0.015769,0.146328,-0.007793,0.253854,0.267529,-0.356860,1.100237,1.570470,0.000000,0.000000,-0.191939,-0.216050,0.466721,0.897974,-0.050199,0.000000,0.000000
0.117240,-0.110784,0.868081,0.024764,-0.019495,0.941164,0.336478,-0.110838,0.008474,0.115199,0.124008,-0.049003,-0.002327,0.101600,-0.051071,-0.075623,0.747501,-0.165301,-0.016208,0.150202,-0.007902,0.257208,0.266011,-0.351389,1.102723,1.570439,0.000000,0.000000,-0.198147,-0.215779,0.469357,0.902919,-0.052885,0.000000,0.000000
0.122480,-0.113560,0.867444,0.025292,-0.018840,0.940690,0.337798,-0.115386,0.007881,0.119792,0.123225,-0.045116,-0.003207,0.104476,-0.051484,-0.073020,0.734744,-0.172181,-0.016855,0.153809,-0.008022,0.260880,0.265188,-0.346760,1.104083,1.570411,0.000000,0.000000,-0.203668,-0.216045,0.471460,0.906407,-0.053805,0.000000,0.000000
0.127749,-0.116283,0.866764,0.025810,-0.018434,0.940165,0.339241,-0.120404,0.007536,0.123857,0.122214,-0.040675,-0.003929,0.107704,-0.051364,-0.068027,0.718016,-0.184707,-0.017786,0.157909,-0.008157,0.265022,0.264477,-0.341147,1.105258,1.570383,0.000000,0.000000,-0.208989,-0.216668,0.473944,0.908810,-0.055332,0.000000,0.000000
0.133466,-0.118763,0.866082,0.026501,-0.018230,0.939593,0.340780,-0.125050,0.008410,0.126602,0.121152,-0.036556,-0.004141,0.110626,-0.050041,-0.061675,0.700753,-0.197984,-0.018584,0.161816,-0.008280,0.268841,0.263642,-0.337284,1.108227,1.570357,0.000000,0.000000,-0.213547,-0.216788,0.475702,0.913714,-0.057963,0.000000,0.000000
0.139514,-0.121093,0.865365,0.027367,-0.018113,0.939138,0.341968,-0.129697,0.009932,0.128930,0.120915,-0.032360,-0.004151,0.113504,-0.046882,-0.053084,0.682764,-0.211619,-0.019210,0.165371,-0.008403,0.272310,0.263370,-0.335641,1.111385,1.570330,0.000000,0.000000,-0.218221,-0.217365,0.477191,0.920120,-0.061198,0.000000,0.000000
0.145457,-0.123302,0.864633,0.028372,-0.018206,0.938770,0.342891,-0.134500,0.011914,0.131881,0.122103,-0.028221,-0.004182,0.117004,-0.042179,-0.041935,0.663640,-0.230304,-0.019816,0.168554,-0.008469,0.275474,0.263169,-0.334202,1.115219,1.570304,0.000000,0.000000,-0.222592,-0.217196,0.479478,0.926428,-0.061710,0.000000,0.000000
0.151109,-0.126025,0.863857,0.029655,-0.018175,0.938321,0.344013,-0.138235,0.012951,0.135012,0.122356,-0.023931,-0.004488,0.119783,-0.039466,-0.033561,0.649459,-0.249075,-0.020539,0.171178,-0.008538,0.278256,0.263198,-0.334202,1.118835,1.570293,0.000000,0.000000,-0.225339,-0.216582,0.480465,0.930215,-0.061182,0.000000,0.000000
0.156525,-0.128896,0.863046,0.031145,-0.018114,0.937740,0.345465,-0.141227,0.013500,0.138268,0.121919,-0.018855,-0.004938,0.122275,-0.038335,-0.027579,0.639116,-0.266958,-0.021296,0.173964,-0.008613,0.280790,0.262712,-0.333302,1.123001,1.570285,0.000000,0.000000,-0.227438,-0.216074,0.480270,0.933375,-0.060898,0.000000,0.000000
0.161698,-0.132052,0.862141,0.032993,-0.017930,0.937189,0.346794,-0.143525,0.013352,0.140814,0.120727,-0.013095,-0.005434,0.124484,-0.038806,-0.023873,0.631905,-0.284757,-0.022119,0.176632,-0.008692,0.283616,0.260905,-0.330382,1.126882,1.570252,0.000000,0.000000,-0.228427,-0.215774,0.480367,0.935997,-0.058627,0.000000,0.000000
0.166976,-0.135265,0.861142,0.035044,-0.017695,0.936615,0.348155,-0.145481,0.012842,0.142824,0.118602,-0.006279,-0.005935,0.126467,-0.039896,-0.020861,0.625795,-0.302895,-0.022977,0.178905,-0.008770,0.287280,0.259716,-0.329111,1.129440,1.570226,0.000000,0.000000,-0.228668,-0.215806,0.481620,0.938187,-0.054715,0.000000,0.000000
0.172696,-0.138290,0.860121,0.037226,-0.017718,0.936032,0.349491,-0.147101,0.012743,0.145161,0.116086,0.001762,-0.006399,0.128286,-0.040086,-0.018371,0.619884,-0.319160,-0.023439,0.180669,-0.008826,0.290727,0.259294,-0.328557,1.131970,1.570197,0.000000,0.000000,-0.228654,-0.215821,0.483824,0.939930,-0.053640,0.000000,0.000000
0.178487,-0.141443,0.859073,0.039236,-0.017801,0.935390,0.350984,-0.148760,0.012781,0.149428,0.112554,0.011960,-0.007185,0.130203,-0.039972,-0.016565,0.611869,-0.336434,-0.023658,0.182316,-0.008899,0.294430,0.258691,-0.327395,1.135089,1.570178,0.000000,0.000000,-0.227990,-0.215412,0.486083,0.941795,-0.055646,0.000000,0.000000
0.184162,-0.144768,0.857984,0.041092,-0.017697,0.934744,0.352494,-0.150037,0.012596,0.154284,0.107194,0.024314,-0.008140,0.131936,-0.039871,-0.014299,0.601854,-0.355640,-0.023924,0.183291,-0.008933,0.297506,0.257820,-0.327643,1.138915,1.570157,0.000000,0.000000,-0.227212,-0.214323,0.488086,0.944620,-0.057799,0.000000,0.000000
0.189757,-0.148370,0.856828,0.043066,-0.017534,0.934324,0.353379,-0.150556,0.011978,0.158030,0.100106,0.038352,-0.009020,0.133468,-0.040366,-0.013113,0.591721,-0.375886,-0.024151,0.184077,-0.008947,0.299079,0.255892,-0.328278,1.144496,1.570128,0.000000,0.000000,-0.225821,-0.212869,0.487835,0.948029,-0.055763,0.000000,0.000000
0.195729,-0.152113,0.855629,0.044990,-0.017328,0.933757,0.354647,-0.150602,0.011357,0.161158,0.091875,0.052310,-0.009801,0.134335,-0.041363,-0.014057,0.583820,-0.388872,-0.024180,0.184684,-0.008924,0.299683,0.254758,-0.330218,1.149093,1.570106,0.000000,0.000000,-0.224220,-0.212101,0.486862,0.950321,-0.050810,0.000000,0.000000
0.202195,-0.155826,0.854322,0.046909,-0.017154,0.933140,0.356026,-0.150391,0.010938,0.164362,0.082201,0.067501,-0.010545,0.134755,-0.042083,-0.016309,0.577124,-0.395113,-0.023912,0.185340,-0.008952,0.299930,0.254315,-0.333428,1.152843,1.570090,0.000000,0.000000,-0.222300,-0.211921,0.486733,0.951984,-0.049425,0.000000,0.000000
0.208406,-0.159686,0.852875,0.048579,-0.016959,0.932807,0.356685,-0.149735,0.010238,0.168288,0.068868,0.086957,-0.011516,0.134991,-0.042886,-0.019912,0.569135,-0.401375,-0.023411,0.185627,-0.008971,0.299706,0.253207,-0.334551,1.157119,1.570081,0.000000,0.000000,-0.219634,-0.211844,0.487239,0.953935,-0.050592,0.000000,0.000000
0.214338,-0.163746,0.851288,0.050159,-0.016756,0.932692,0.356777,-0.148399,0.009149,0.172242,0.052820,0.108683,-0.012596,0.135199,-0.044004,-0.024850,0.559693,-0.410218,-0.022740,0.185022,-0.008935,0.298355,0.251496,-0.334549,1.161758,1.570067,0.000000,0.000000,-0.216185,-0.210936,0.486206,0.956388,-0.048582,0.000000,0.000000
0.220427,-0.167886,0.849619,0.051735,-0.016506,0.932620,0.356751,-0.146766,0.008027,0.176058,0.036532,0.130695,-0.013657,0.135399,-0.044976,-0.030340,0.549947,-0.418378,-0.021920,0.184091,-0.008842,0.296061,0.250146,-0.336652,1.165281,1.570052,0.000000,0.000000,-0.211978,-0.209770,0.483532,0.958593,-0.043366,0.000000,0.000000
0.226740,-0.172045,0.847824,0.052985,-0.016204,0.932975,0.355651,-0.145109,0.006720,0.180371,0.018331,0.155403,-0.014881,0.135547,-0.045454,-0.038089,0.538541,-0.426788,-0.020548,0.182614,-0.008742,0.293509,0.250347,-0.342827,1.166811,1.570043,0.000000,0.000000,-0.205966,-0.209098,0.481097,0.959164,-0.037798,0.000000,0.000000
0.233194,-0.176373,0.845866,0.054074,-0.015893,0.933635,0.353764,-0.143384,0.005299,0.183133,-0.001151,0.181092,-0.015863,0.135360,-0.045324,-0.045979,0.527088,-0.434760,-0.018981,0.180133,-0.008643,0.290053,0.251329,-0.350372,1.167957,1.570049,0.000000,0.000000,-0.199102,-0.209749,0.479948,0.958356,-0.035840,0.000000,0.000000
0.239605,-0.180859,0.844213,0.055179,-0.015432,0.934108,0.352362,-0.141042,0.004037,0.183940,-0.017450,0.206610,-0.016470,0.134639,-0.045398,-0.051204,0.516904,-0.440335,-0.017956,0.177228,-0.008583,0.285989,0.251745,-0.355589,1.169349,1.570054,0.000000,0.000000,-0.192757,-0.211075,0.480067,0.958948,-0.035367,0.000000,0.000000
0.245906,-0.185384,0.844204,0.056128,-0.014752,0.934635,0.350840,-0.139081,0.003241,0.183593,-0.017450,0.223213,-0.016761,0.133802,-0.045782,-0.054120,0.510318,-0.443184,-0.017492,0.174915,-0.008514,0.283029,0.251734,-0.359143,1.169769,1.570065,0.000000,0.000000,-0.187949,-0.212243,0.479340,0.959174,-0.033564,0.000000,0.000000
0.252213,-0.189843,0.844246,0.056998,-0.014010,0.935104,0.349479,-0.136903,0.002609,0.183514,-0.017450,0.237587,-0.017084,0.132706,-0.046277,-0.056724,0.504045,-0.445362,-0.017131,0.172362,-0.008411,0.280189,0.251155,-0.360496,1.169437,1.570069,0.000000,0.000000,-0.182737,-0.213480,0.478220,0.959165,-0.031665,0.000000,0.000000
0.258415,-0.194413,0.844260,0.057833,-0.013193,0.935427,0.348508,-0.134769,0.002134,0.183470,-0.017450,0.246952,-0.017339,0.131508,-0.046865,-0.058816,0.498473,-0.446818,-0.016897,0.169764,-0.008339,0.277901,0.250527,-0.361169,1.168219,1.570070,0.000000,0.000000,-0.177663,-0.214621,0.477612,0.958886,-0.030420,0.000000,0.000000
0.264529,-0.199057,0.844661,0.058590,-0.012201,0.935670,0.347764,-0.130751,0.001639,0.180986,-0.017450,0.254565,-0.017206,0.129150,-0.048250,-0.062513,0.488543,-0.448897,-0.016577,0.165215,-0.008190,0.273948,0.250081,-0.363684,1.164786,1.570078,0.000000,0.000000,-0.168358,-0.217022,0.476710,0.958054,-0.028984,0.000000,0.000000
0.270890,-0.203413,0.845617,0.059327,-0.011256,0.935858,0.347164,-0.123722,0.002400,0.171154,-0.017450,0.247439,-0.015353,0.124855,-0.050451,-0.069035,0.471243,-0.451896,-0.015869,0.157768,-0.007816,0.266944,0.249440,-0.367736,1.157500,1.570098,0.000000,0.000000,-0.151961,-0.221464,0.475081,0.957467,-0.027269,0.000000,0.000000
0.277378,-0.207440,0.846220,0.060158,-0.010400,0.935896,0.346946,-0.117705,0.004979,0.159890,-0.017450,0.213078,-0.012210,0.120913,-0.051710,-0.073859,0.456950,-0.453608,-0.015163,0.151668,-0.007418,0.261175,0.248341,-0.367288,1.149533,1.570137,0.000000,0.000000,-0.137384,-0.224760,0.473942,0.958069,-0.024710,0.000000,0.000000
0.283841,-0.211331,0.846271,0.061169,-0.009569,0.935713,0.347286,-0.113401,0.007566,0.152266,-0.017450,0.168807,-0.009566,0.117581,-0.052585,-0.076751,0.448525,-0.452856,-0.014813,0.147750,-0.007153,0.258208,0.247458,-0.367858,1.142743,1.570138,0.000000,0.000000,-0.125759,-0.226428,0.473025,0.958278,-0.017772,0.000000,0.000000
0.290210,-0.215273,0.846037,0.062338,-0.008764,0.935484,0.347716,-0.109484,0.009484,0.147832,-0.017450,0.120349,-0.007675,0.114125,-0.053467,-0.078649,0.442315,-0.449780,-0.014682,0.144367,-0.006968,0.254874,0.246771,-0.368307,1.136739,1.570157,0.000000,0.000000,-0.113398,-0.228854,0.474117,0.957007,-0.014247,0.000000,0.000000
0.296498,-0.219413,0.845609,0.063685,-0.008008,0.935332,0.347899,-0.105735,0.010580,0.144651,-0.017450,0.074721,-0.006341,0.110805,-0.054361,-0.080036,0.437195,-0.445174,-0.014668,0.140863,-0.006779,0.251161,0.246543,-0.370078,1.130625,1.570169,0.000000,0.000000,-0.101813,-0.232307,0.474013,0.958998,-0.014162,0.000000,0.000000
0.302794,-0.223677,0.845088,0.064858,-0.007290,0.935805,0.346423,-0.102829,0.010752,0.142749,-0.017450,0.033595,-0.005552,0.107960,-0.054670,-0.082880,0.431246,-0.440482,-0.014263,0.137342,-0.006584,0.246410,0.246554,-0.375211,1.125262,1.570185,0.000000,0.000000,-0.089980,-0.236317,0.470103,0.963916,-0.017215,0.000000,0.000000
0.309476,-0.227763,0.845722,0.065700,-0.006501,0.935317,0.347598,-0.100292,0.011563,0.145020,-0.006823,-0.001806,-0.005413,0.104595,-0.054873,-0.082706,0.425708,-0.435365,-0.014328,0.134996,-0.006436,0.241993,0.245188,-0.376434,1.121127,1.570195,0.000000,0.000000,-0.079802,-0.238925,0.469064,0.968014,-0.018824,0.000000,0.000000
0.316307,-0.231880,0.848227,0.066678,-0.005916,0.935166,0.347828,-0.097553,0.012489,0.149508,0.024392,-0.042894,-0.005665,0.100410,-0.054416,-0.081161,0.419493,-0.427888,-0.014444,0.132017,-0.006222,0.236113,0.243087,-0.378696,1.116625,1.568008,0.000000,0.000000,-0.066647,-0.241427,0.468490,0.970984,-0.022659,0.000000,0.000000
0.323171,-0.235969,0.851324,0.067550,-0.005516,0.935100,0.347842,-0.094655,0.013755,0.156039,0.066865,-0.083642,-0.006321,0.095745,-0.053343,-0.078747,0.413150,-0.419505,-0.014544,0.128241,-0.005969,0.229362,0.241824,-0.382846,1.112130,1.568972,0.000000,0.000000,-0.051316,-0.244424,0.468653,0.973220,-0.030999,0.000000,0.000000
0.329882,-0.239986,0.853995,0.068170,-0.005144,0.935091,0.347752,-0.091837,0.015437,0.163317,0.111738,-0.117760,-0.007186,0.091353,-0.052322,-0.077335,0.407075,-0.409943,-0.014509,0.125072,-0.005733,0.221209,0.241643,-0.388586,1.108145,1.569942,0.000000,0.000000,-0.035299,-0.247411,0.466995,0.974613,-0.041705,0.000000,0.000000
0.336335,-0.244061,0.856037,0.068501,-0.004703,0.935157,0.347515,-0.088960,0.017304,0.169784,0.159435,-0.150602,-0.008009,0.087047,-0.051278,-0.076242,0.399814,-0.398690,-0.014425,0.122426,-0.005433,0.211711,0.241435,-0.395089,1.102904,1.569641,0.000000,0.000000,-0.019052,-0.249325,0.461010,0.976790,-0.041576,0.000000,0.000000
0.342512,-0.248412,0.857163,0.068602,-0.004047,0.935392,0.346870,-0.086118,0.018457,0.175735,0.206137,-0.180697,-0.008991,0.083006,-0.050713,-0.076399,0.391376,-0.387351,-0.014261,0.119621,-0.005166,0.202654,0.241611,-0.401994,1.095975,1.567629,0.000000,0.000000,-0.003932,-0.251230,0.454119,0.980096,-0.036244,0.000000,0.000000
0.348591,-0.252891,0.857419,0.068469,-0.003143,0.935609,0.346321,-0.082862,0.019355,0.183210,0.252101,-0.205804,-0.010368,0.078841,-0.051057,-0.078503,0.382127,-0.375354,-0.014013,0.116300,-0.004909,0.193579,0.241801,-0.409906,1.088546,1.569776,0.000000,0.000000,0.011022,-0.253330,0.446957,0.983620,-0.035377,0.000000,0.000000
0.354808,-0.257247,0.856954,0.068300,-0.002328,0.935771,0.345924,-0.078995,0.020989,0.190017,0.298174,-0.227655,-0.011550,0.074586,-0.051246,-0.080134,0.372297,-0.362114,-0.013801,0.112781,-0.004610,0.183259,0.242619,-0.419563,1.081353,1.570260,0.000000,0.000000,0.026126,-0.254885,0.438539,0.987738,-0.036512,0.000000,0.000000
0.361130,-0.261601,0.858615,0.067954,-0.001722,0.936106,0.345087,-0.074754,0.023292,0.195356,0.345596,-0.248572,-0.012398,0.070145,-0.050455,-0.079979,0.361711,-0.347761,-0.013622,0.108957,-0.004329,0.171921,0.244431,-0.428161,1.074132,1.570416,0.000000,0.000000,0.040933,-0.256771,0.431018,0.994979,-0.045453,0.000000,0.000000
0.367482,-0.265982,0.860089,0.067383,-0.001268,0.936543,0.344013,-0.070436,0.026240,0.200029,0.391924,-0.266119,-0.013002,0.065789,-0.049190,-0.080274,0.351329,-0.334797,-0.013245,0.104852,-0.004075,0.161077,0.246633,-0.434051,1.065668,1.570509,0.000000,0.000000,0.054828,-0.259510,0.428176,1.002718,-0.068083,0.000000,0.000000
0.373763,-0.270393,0.861495,0.066600,-0.000859,0.936822,0.343406,-0.065771,0.029531,0.202088,0.437201,-0.278460,-0.013100,0.061415,-0.047783,-0.080277,0.340472,-0.322007,-0.012880,0.100929,-0.003781,0.150242,0.247737,-0.439446,1.057849,1.570582,0.000000,0.000000,0.069161,-0.262160,0.427363,1.010188,-0.094465,0.000000,0.000000
0.379864,-0.274799,0.862878,0.065658,-0.000477,0.936947,0.343248,-0.060531,0.032798,0.202498,0.480947,-0.287763,-0.012902,0.057067,-0.046485,-0.080781,0.328773,-0.309543,-0.012464,0.096954,-0.003459,0.140779,0.248576,-0.445698,1.048418,1.570641,0.000000,0.000000,0.083438,-0.264376,0.424537,1.016491,-0.113626,0.000000,0.000000
0.385752,-0.279196,0.864213,0.064664,0.000024,0.937137,0.342919,-0.054626,0.035565,0.202498,0.522193,-0.296352,-0.012696,0.052810,-0.045592,-0.082698,0.316744,-0.298023,-0.011917,0.092358,-0.003089,0.132017,0.249990,-0.450494,1.036526,1.570704,0.000000,0.000000,0.096652,-0.264796,0.418751,1.022329,-0.114204,0.000000,0.000000
0.391567,-0.283542,0.865425,0.063775,0.000482,0.937360,0.342475,-0.048033,0.038076,0.202250,0.561250,-0.303477,-0.012435,0.048640,-0.044720,-0.085326,0.305315,-0.286481,-0.011261,0.087204,-0.002736,0.122540,0.251274,-0.453893,1.024364,1.570785,0.000000,0.000000,0.108678,-0.264281,0.409720,1.030766,-0.109043,0.000000,0.000000
0.397397,-0.287769,0.866429,0.062796,0.000660,0.937612,0.341964,-0.040889,0.041032,0.202036,0.598268,-0.309309,-0.011970,0.044386,-0.043283,-0.088006,0.294825,-0.275209,-0.010452,0.082171,-0.002395,0.112922,0.253024,-0.459385,1.010579,1.570800,0.000000,0.000000,0.121643,-0.263596,0.400473,1.039569,-0.109294,0.000000,0.000000
0.403453,-0.291762,0.867267,0.061686,0.000542,0.937964,0.341200,-0.033347,0.045025,0.201025,0.633475,-0.312816,-0.010978,0.039943,-0.040669,-0.089770,0.284819,-0.262490,-0.009496,0.076954,-0.001997,0.103381,0.256932,-0.468464,0.994960,1.570800,0.000000,0.000000,0.135320,-0.261617,0.389860,1.046994,-0.104422,0.000000,0.000000
0.409387,-0.296142,0.868046,0.060587,0.000395,0.938302,0.340467,-0.025448,0.048445,0.198273,0.666229,-0.314048,-0.009728,0.035260,-0.038458,-0.091597,0.274826,-0.252194,-0.008640,0.071807,-0.001627,0.092887,0.261645,-0.477810,0.981508,1.570800,0.000000,0.000000,0.147982,-0.259832,0.378762,1.055324,-0.100366,0.000000,0.000000
0.415074,-0.301240,0.868771,0.059370,0.000487,0.938606,0.339844,-0.017523,0.049762,0.193736,0.696072,-0.310727,-0.008667,0.029985,-0.037441,-0.093374,0.265423,-0.243727,-0.008098,0.066092,-0.001347,0.081567,0.265696,-0.484505,0.970537,1.570800,0.000000,0.000000,0.159448,-0.259699,0.370621,1.064963,-0.106152,0.000000,0.000000
0.420727,-0.306613,0.869394,0.058110,0.000617,0.938797,0.339534,-0.009326,0.050222,0.189687,0.723354,-0.301437,-0.007894,0.024186,-0.036817,-0.093669,0.257078,-0.234645,-0.007893,0.059647,-0.001018,0.071104,0.268852,-0.488064,0.960432,1.570800,0.000000,0.000000,0.170195,-0.260236,0.362670,1.074088,-0.112706,0.000000,0.000000
0.426331,-0.311960,0.869946,0.056651,0.000737,0.938951,0.339354,-0.000690,0.050570,0.185401,0.747157,-0.290813,-0.007022,0.018021,-0.036114,-0.092293,0.248758,-0.226079,-0.007934,0.052777,-0.000681,0.062104,0.269979,-0.488633,0.950469,1.570800,0.000000,0.000000,0.179928,-0.260579,0.354068,1.083157,-0.120585,0.000000,0.000000
0.431923,-0.317326,0.870343,0.055062,0.000748,0.939167,0.339018,0.008071,0.051019,0.181201,0.767049,-0.283597,-0.006060,0.011578,-0.035305,-0.092904,0.241563,-0.218732,-0.007627,0.045896,-0.000339,0.053197,0.270482,-0.485553,0.941241,1.570800,0.000000,0.000000,0.189067,-0.260496,0.346283,1.092999,-0.126195,0.000000,0.000000
0.437734,-0.322764,0.870597,0.053745,0.000614,0.939432,0.338495,0.017273,0.051739,0.177172,0.785460,-0.279764,-0.004987,0.004672,-0.034380,-0.095821,0.236124,-0.212819,-0.006922,0.038810,0.000059,0.042801,0.274214,-0.484719,0.930513,1.570800,0.000000,0.000000,0.198087,-0.260810,0.337575,1.104681,-0.129593,0.000000,0.000000
0.443655,-0.328258,0.870757,0.052447,0.000409,0.939892,0.337420,0.026484,0.052575,0.171656,0.802202,-0.275562,-0.003531,-0.002471,-0.033263,-0.097649,0.231344,-0.207205,-0.006348,0.031318,0.000447,0.031838,0.278745,-0.486770,0.920251,1.570800,0.000000,0.000000,0.207219,-0.261349,0.330566,1.117235,-0.137726,0.000000,0.000000
0.449522,-0.334141,0.870857,0.051190,0.000264,0.940372,0.336274,0.035619,0.052371,0.164618,0.816889,-0.268219,-0.002069,-0.009984,-0.032685,-0.098978,0.227379,-0.201036,-0.005991,0.023024,0.000843,0.021344,0.281833,-0.487064,0.911483,1.570800,0.000000,0.000000,0.214902,-0.261844,0.325449,1.130678,-0.148805,0.000000,0.000000
0.455368,-0.340366,0.870892,0.049975,0.000218,0.940692,0.335562,0.044745,0.051214,0.158195,0.829716,-0.260601,-0.001013,-0.018063,-0.032835,-0.100909,0.224660,-0.195025,-0.005716,0.015148,0.001206,0.011574,0.284546,-0.485404,0.901817,1.570800,0.000000,0.000000,0.222332,-0.262460,0.317935,1.142739,-0.156958,0.000000,0.000000
0.461362,-0.346619,0.870797,0.048569,0.000040,0.941164,0.334442,0.053288,0.050546,0.152793,0.840444,-0.255883,-0.000011,-0.026481,-0.032581,-0.101711,0.222979,-0.190479,-0.005521,0.007316,0.001597,0.002698,0.288793,-0.484708,0.890992,1.570800,0.000000,0.000000,0.230186,-0.263336,0.306730,1.151360,-0.159643,0.000000,0.000000
0.467512,-0.352957,0.870591,0.047147,-0.000218,0.941798,0.332857,0.061971,0.050028,0.146673,0.849941,-0.253256,0.001191,-0.035950,-0.031905,-0.100145,0.222142,-0.187420,-0.005598,-0.001557,0.002037,-0.007327,0.294288,-0.486379,0.880928,1.570800,0.000000,0.000000,0.237759,-0.263765,0.291539,1.160404,-0.154374,0.000000,0.000000
0.473671,-0.359421,0.870304,0.046008,-0.000467,0.942199,0.331879,0.070572,0.049067,0.140651,0.856925,-0.251926,0.002223,-0.045570,-0.031469,-0.098461,0.222737,-0.185584,-0.005753,-0.010489,0.002406,-0.015977,0.298957,-0.487100,0.872351,1.570800,0.000000,0.000000,0.244198,-0.264869,0.278967,1.169104,-0.147843,0.000000,0.000000
0.479681,-0.365997,0.869900,0.044964,-0.001018,0.942889,0.330056,0.079509,0.048711,0.134400,0.862332,-0.253004,0.003489,-0.055235,-0.030934,-0.098183,0.223689,-0.182279,-0.005650,-0.020153,0.002789,-0.024086,0.301665,-0.484538,0.864905,1.570800,0.000000,0.000000,0.251564,-0.266265,0.268609,1.176917,-0.145638,0.000000,0.000000
0.485534,-0.373029,0.869431,0.044146,-0.001419,0.943659,0.327958,0.088350,0.047230,0.126881,0.865314,-0.255235,0.004631,-0.065083,-0.031339,-0.099696,0.226530,-0.178889,-0.005491,-0.029274,0.003112,-0.031580,0.302303,-0.481457,0.859376,1.570800,0.000000,0.000000,0.258834,-0.267765,0.261056,1.186356,-0.152115,0.000000,0.000000
0.491439,-0.380312,0.868907,0.043400,-0.001609,0.944412,0.325884,0.097203,0.044146,0.117182,0.866480,-0.257277,0.005678,-0.075677,-0.032546,-0.102329,0.230714,-0.175382,-0.005339,-0.038770,0.003530,-0.039430,0.303922,-0.480721,0.854532,1.570800,0.000000,0.000000,0.265766,-0.268654,0.251142,1.197268,-0.154572,0.000000,0.000000
0.497608,-0.387815,0.868241,0.042570,-0.001673,0.945300,0.323410,0.105902,0.040084,0.105731,0.865525,-0.259257,0.006744,-0.087794,-0.034304,-0.104559,0.237129,-0.173271,-0.005367,-0.048848,0.003998,-0.048461,0.307467,-0.481518,0.848983,1.570800,0.000000,0.000000,0.271653,-0.270075,0.236820,1.209001,-0.151193,0.000000,0.000000
0.503836,-0.395062,0.867480,0.041881,-0.002370,0.946082,0.321199,0.113901,0.037418,0.095458,0.864257,-0.261532,0.007991,-0.098504,-0.035149,-0.105944,0.242144,-0.169845,-0.005302,-0.058800,0.004367,-0.055156,0.309890,-0.480141,0.843435,1.570800,0.000000,0.000000,0.275714,-0.271766,0.226441,1.221691,-0.150093,0.000000,0.000000
0.510066,-0.402257,0.866654,0.041465,-0.002985,0.946772,0.319210,0.122278,0.034514,0.084987,0.861268,-0.262978,0.009182,-0.109479,-0.036090,-0.107168,0.248221,-0.165168,-0.005276,-0.069596,0.004814,-0.061271,0.313590,-0.479191,0.838013,1.570800,0.000000,0.000000,0.279444,-0.274131,0.218225,1.233455,-0.148737,0.000000,0.000000
0.516197,-0.409425,0.865819,0.041165,-0.003476,0.947535,0.316970,0.130555,0.030906,0.073625,0.856886,-0.263569,0.010304,-0.120196,-0.037311,-0.108570,0.253983,-0.159879,-0.005276,-0.080772,0.005270,-0.068146,0.318741,-0.480634,0.834015,1.570800,0.000000,0.000000,0.284789,-0.276976,0.207834,1.239791,-0.144853,0.000000,0.000000
0.522213,-0.416789,0.864975,0.041064,-0.003931,0.948275,0.314758,0.138598,0.026097,0.060888,0.851245,-0.266271,0.011274,-0.130383,-0.038958,-0.110130,0.258880,-0.154138,-0.005341,-0.091000,0.005668,-0.075480,0.322862,-0.482663,0.831588,1.570800,0.000000,0.000000,0.291208,-0.279907,0.197345,1.242901,-0.141156,0.000000,0.000000
0.528174,-0.424357,0.864181,0.040849,-0.004316,0.949155,0.312117,0.145821,0.020919,0.047170,0.844655,-0.270542,0.012278,-0.139726,-0.040873,-0.111850,0.261983,-0.147724,-0.005447,-0.099512,0.005973,-0.081555,0.326018,-0.483891,0.826784,1.570800,0.000000,0.000000,0.297169,-0.283042,0.187851,1.244761,-0.142105,0.000000,0.000000
0.534094,-0.432031,0.863410,0.040420,-0.004520,0.949997,0.309600,0.152722,0.015537,0.033176,0.837219,-0.274800,0.013261,-0.149176,-0.043074,-0.113757,0.263506,-0.140211,-0.005582,-0.108052,0.006266,-0.084930,0.327070,-0.480863,0.819758,1.570800,0.000000,0.000000,0.302108,-0.285550,0.176976,1.248409,-0.141589,0.000000,0.000000
0.540027,-0.439539,0.862597,0.040318,-0.004669,0.950450,0.308217,0.159443,0.009151,0.018164,0.829318,-0.281053,0.014092,-0.158423,-0.045329,-0.114609,0.264537,-0.132881,-0.005902,-0.116246,0.006554,-0.085707,0.325123,-0.473604,0.814463,1.570800,0.000000,0.000000,0.306854,-0.285348,0.167163,1.257313,-0.133518,0.000000,0.000000
0.546039,-0.446800,0.861713,0.040488,-0.005168,0.950685,0.307461,0.165657,0.002991,0.003345,0.821076,-0.289333,0.014929,-0.166585,-0.046969,-0.114850,0.265028,-0.125225,-0.006171,-0.122639,0.006708,-0.084913,0.320789,-0.461849,0.810402,1.570800,0.000000,0.000000,0.310475,-0.288637,0.158064,1.257774,-0.127213,0.000000,0.000000
0.552897,-0.453555,0.860883,0.040857,-0.005381,0.951675,0.304330,0.171082,-0.000144,-0.009754,0.812548,-0.297820,0.016427,-0.173962,-0.048597,-0.115425,0.263486,-0.115822,-0.006374,-0.131003,0.007156,-0.088179,0.321792,-0.461478,0.807985,1.570800,0.000000,0.000000,0.316239,-0.289467,0.151711,1.260774,-0.122593,0.000000,0.000000
0.559848,-0.460620,0.860068,0.041300,-0.005626,0.951987,0.303288,0.175986,-0.002626,-0.017819,0.803093,-0.304326,0.017203,-0.180554,-0.049942,-0.116699,0.260024,-0.106310,-0.006402,-0.137637,0.007460,-0.091347,0.322365,-0.461958,0.807172,1.570800,0.000000,0.000000,0.321193,-0.289517,0.146277,1.263860,-0.116783,0.000000,0.000000
0.566709,-0.467554,0.859177,0.041375,-0.006156,0.952725,0.300939,0.180353,-0.004166,-0.027263,0.791975,-0.314332,0.018497,-0.186596,-0.050823,-0.119135,0.253998,-0.095965,-0.006129,-0.142503,0.007633,-0.093665,0.319826,-0.461732,0.807367,1.570800,0.000000,0.000000,0.326134,-0.289590,0.140112,1.264845,-0.113214,0.000000,0.000000
0.573614,-0.474804,0.858257,0.041424,-0.006652,0.953381,0.298837,0.184033,-0.005819,-0.037334,0.779323,-0.327453,0.019864,-0.192060,-0.051612,-0.122888,0.245796,-0.085292,-0.005632,-0.146496,0.007791,-0.095812,0.316806,-0.460415,0.807360,1.570800,0.000000,0.000000,0.331358,-0.289925,0.134015,1.265501,-0.110653,0.000000,0.000000
0.580645,-0.482618,0.857273,0.041432,-0.006810,0.954244,0.296068,0.187649,-0.007888,-0.047331,0.763093,-0.342210,0.021100,-0.197574,-0.053161,-0.128847,0.235156,-0.073808,-0.004968,-0.151294,0.007998,-0.099839,0.315455,-0.462377,0.807674,1.570800,0.000000,0.000000,0.337108,-0.290421,0.126001,1.264584,-0.105755,0.000000,0.000000
0.587889,-0.490497,0.856189,0.041190,-0.006976,0.954512,0.295231,0.190479,-0.013250,-0.061379,0.743067,-0.357013,0.021995,-0.202684,-0.054156,-0.131755,0.221223,-0.063363,-0.004743,-0.154235,0.008207,-0.106094,0.315924,-0.468319,0.808596,1.570800,0.000000,0.000000,0.341576,-0.289928,0.119692,1.261668,-0.102875,0.000000,0.000000
0.594868,-0.499015,0.855019,0.041097,-0.007138,0.955312,0.292642,0.192015,-0.018420,-0.072978,0.723367,-0.365940,0.022520,-0.206400,-0.056035,-0.135306,0.206280,-0.056762,-0.004645,-0.155622,0.008251,-0.110822,0.312149,-0.471275,0.810244,1.570800,0.000000,0.000000,0.346083,-0.288332,0.113542,1.258034,-0.098979,0.000000,0.000000
0.602302,-0.506696,0.853677,0.041347,-0.007193,0.956084,0.290071,0.192947,-0.021835,-0.083553,0.703306,-0.382189,0.023410,-0.208810,-0.057505,-0.138784,0.187870,-0.052342,-0.004510,-0.157136,0.008413,-0.116761,0.311123,-0.480469,0.814803,1.570800,0.000000,0.000000,0.351298,-0.286119,0.108179,1.253450,-0.094345,0.000000,0.000000
0.609743,-0.514221,0.852072,0.041815,-0.007490,0.956452,0.288781,0.193201,-0.026069,-0.094935,0.685679,-0.402654,0.024164,-0.209785,-0.058011,-0.141165,0.166680,-0.051977,-0.004408,-0.156673,0.008525,-0.124297,0.312939,-0.493941,0.822095,1.570800,0.000000,0.000000,0.356320,-0.283327,0.105351,1.248280,-0.089937,0.000000,0.000000
0.617608,-0.521272,0.850257,0.042158,-0.008158,0.956643,0.288081,0.192659,-0.027122,-0.099624,0.671786,-0.422021,0.024721,-0.209453,-0.057052,-0.140794,0.144277,-0.057432,-0.004482,-0.155167,0.008460,-0.130201,0.312931,-0.502567,0.830303,1.570800,0.000000,0.000000,0.359522,-0.279546,0.105436,1.244126,-0.086643,0.000000,0.000000
0.625624,-0.528398,0.848024,0.042176,-0.008880,0.956899,0.287206,0.190928,-0.025842,-0.098848,0.657869,-0.440464,0.024984,-0.208138,-0.055652,-0.138684,0.117488,-0.068371,-0.004827,-0.154040,0.008396,-0.134186,0.312491,-0.509353,0.838710,1.570800,0.000000,0.000000,0.361432,-0.275466,0.107438,1.239900,-0.083414,0.000000,0.000000
0.633577,-0.536017,0.845503,0.042122,-0.009469,0.957276,0.285934,0.188394,-0.024258,-0.094813,0.644236,-0.455614,0.024682,-0.206147,-0.054677,-0.138735,0.089534,-0.081397,-0.004990,-0.153400,0.008322,-0.137360,0.312671,-0.516711,0.846079,1.570800,0.000000,0.000000,0.363077,-0.272228,0.111756,1.234545,-0.077649,0.000000,0.000000
0.641628,-0.543779,0.842641,0.042028,-0.010148,0.957523,0.285097,0.185423,-0.022236,-0.087129,0.630714,-0.467125,0.023824,-0.203444,-0.053676,-0.140087,0.060619,-0.095923,-0.005009,-0.152410,0.008216,-0.138976,0.311164,-0.521346,0.854100,1.570800,0.000000,0.000000,0.363412,-0.268665,0.116783,1.228946,-0.072992,0.000000,0.000000
0.649523,-0.551561,0.839329,0.041612,-0.010858,0.957487,0.285252,0.182202,-0.020313,-0.076829,0.615081,-0.478232,0.022421,-0.199917,-0.052819,-0.140994,0.029168,-0.114234,-0.005209,-0.149897,0.007959,-0.137287,0.304883,-0.517233,0.863523,1.570800,0.000000,0.000000,0.361734,-0.264045,0.120914,1.223500,-0.069343,0.000000,0.000000
0.657480,-0.559309,0.835841,0.041169,-0.011086,0.957167,0.286381,0.179074,-0.020153,-0.067485,0.598008,-0.487771,0.020632,-0.195898,-0.052242,-0.141526,-0.002855,-0.133523,-0.005527,-0.148246,0.007950,-0.139338,0.305230,-0.523582,0.871727,1.570800,0.000000,0.000000,0.358072,-0.259677,0.127705,1.216827,-0.070456,0.000000,0.000000
0.665388,-0.566814,0.834831,0.040308,-0.011102,0.956831,0.287621,0.175787,-0.020147,-0.058588,0.581661,-0.494208,0.018929,-0.191977,-0.050393,-0.145176,-0.017450,-0.148732,-0.005169,-0.145205,0.007818,-0.139757,0.305298,-0.528378,0.879336,1.570800,0.000000,0.000000,0.353592,-0.254940,0.134107,1.209881,-0.071976,0.000000,0.000000
0.673288,-0.574274,0.836113,0.039395,-0.010771,0.956791,0.287895,0.171757,-0.020002,-0.049676,0.564952,-0.498296,0.017283,-0.187765,-0.047910,-0.154439,-0.017450,-0.161301,-0.004030,-0.141732,0.007604,-0.138928,0.304454,-0.531479,0.887941,1.570800,0.000000,0.000000,0.348258,-0.250287,0.138805,1.203140,-0.075457,0.000000,0.000000
0.681106,-0.581432,0.837473,0.038217,-0.010767,0.956290,0.289712,0.167637,-0.019913,-0.040173,0.548035,-0.501648,0.015546,-0.183519,-0.043628,-0.165657,-0.017450,-0.171705,-0.002395,-0.137108,0.007299,-0.137302,0.301969,-0.528998,0.898512,1.570800,0.000000,0.000000,0.341750,-0.248777,0.142967,1.194664,-0.084359,0.000000,0.000000
0.688570,-0.588507,0.838805,0.037083,-0.010968,0.955661,0.291919,0.163658,-0.020271,-0.031605,0.531029,-0.504861,0.013863,-0.179358,-0.038555,-0.178498,-0.017450,-0.178176,-0.000445,-0.131384,0.006915,-0.132832,0.296311,-0.520862,0.909333,1.570800,0.000000,0.000000,0.335303,-0.250032,0.148219,1.182494,-0.094052,0.000000,0.000000
0.696060,-0.595224,0.839788,0.036686,-0.010998,0.954961,0.294250,0.160843,-0.020775,-0.025712,0.518349,-0.507078,0.012661,-0.176284,-0.034764,-0.189258,-0.017450,-0.178009,0.001222,-0.127569,0.006791,-0.127521,0.293955,-0.518471,0.916365,1.570800,0.000000,0.000000,0.331346,-0.250113,0.154258,1.171681,-0.098920,0.000000,0.000000
0.703510,-0.601786,0.840500,0.036999,-0.011044,0.954266,0.296456,0.158420,-0.021088,-0.020292,0.507686,-0.508672,0.011630,-0.173429,-0.031917,-0.199346,-0.017450,-0.174642,0.002798,-0.124177,0.006731,-0.121931,0.293266,-0.520493,0.921375,1.570800,0.000000,0.000000,0.328757,-0.248389,0.159317,1.161673,-0.101080,0.000000,0.000000
0.710801,-0.608441,0.841173,0.037412,-0.011311,0.953642,0.298394,0.155583,-0.021457,-0.014967,0.496643,-0.509366,0.010601,-0.170140,-0.029638,-0.209323,-0.017450,-0.170689,0.004392,-0.119691,0.006616,-0.115440,0.293017,-0.525359,0.927392,1.570800,0.000000,0.000000,0.326740,-0.245552,0.163893,1.149504,-0.101451,0.000000,0.000000
0.717914,-0.615082,0.841795,0.037772,-0.011996,0.953257,0.299551,0.152268,-0.021684,-0.011005,0.485858,-0.509487,0.009836,-0.166327,-0.028347,-0.216691,-0.017450,-0.165905,0.005664,-0.114285,0.006466,-0.109460,0.292648,-0.532355,0.935745,1.570800,0.000000,0.000000,0.325849,-0.242052,0.167170,1.135900,-0.099502,0.000000,0.000000
0.724873,-0.621602,0.842584,0.038286,-0.012366,0.953216,0.299602,0.148512,-0.022264,-0.009477,0.475179,-0.508942,0.009376,-0.161856,-0.028894,-0.220805,-0.017450,-0.159976,0.006361,-0.109225,0.006284,-0.102598,0.292372,-0.540118,0.945185,1.570800,0.000000,0.000000,0.324806,-0.238515,0.169257,1.122268,-0.096342,0.000000,0.000000
0.731658,-0.627690,0.843457,0.038675,-0.013150,0.953242,0.299433,0.144113,-0.022532,-0.009260,0.463608,-0.506508,0.009232,-0.156330,-0.030662,-0.221500,-0.017450,-0.152779,0.006553,-0.104017,0.006022,-0.093702,0.291646,-0.547309,0.956671,1.570800,0.000000,0.000000,0.323784,-0.234887,0.170823,1.105826,-0.091642,0.000000,0.000000
0.738424,-0.633489,0.844289,0.039152,-0.014327,0.953051,0.299926,0.139303,-0.021981,-0.007493,0.451718,-0.501190,0.009087,-0.150004,-0.032755,-0.219332,-0.017450,-0.145319,0.006418,-0.098551,0.005700,-0.083371,0.291610,-0.552777,0.970601,1.570800,0.000000,0.000000,0.322688,-0.231013,0.174261,1.085350,-0.085263,0.000000,0.000000
0.745182,-0.639207,0.844885,0.039584,-0.015849,0.952873,0.300359,0.134445,-0.020524,-0.004307,0.441381,-0.492578,0.008964,-0.143780,-0.034199,-0.215969,-0.017450,-0.141424,0.006201,-0.093632,0.005312,-0.071472,0.291723,-0.557615,0.985240,1.570800,0.000000,0.000000,0.321319,-0.227476,0.180779,1.063742,-0.082683,0.000000,0.000000
0.751946,-0.645183,0.845217,0.039964,-0.017388,0.952763,0.300570,0.129813,-0.019264,-0.001659,0.433167,-0.481447,0.008877,-0.138447,-0.035160,-0.212728,-0.017450,-0.141162,0.005949,-0.090058,0.004944,-0.059614,0.290313,-0.561380,0.999442,1.570800,0.000000,0.000000,0.318455,-0.224619,0.187532,1.047325,-0.083889,0.000000,0.000000
0.758809,-0.651199,0.846922,0.040146,-0.018622,0.952378,0.301690,0.124906,-0.018435,0.001063,0.424108,-0.468427,0.008662,-0.133574,-0.036211,-0.208133,-0.005668,-0.142574,0.005508,-0.087076,0.004645,-0.047511,0.290674,-0.564406,1.013516,1.570800,0.000000,0.000000,0.313027,-0.222859,0.195200,1.033898,-0.083196,0.000000,0.000000
0.765761,-0.656975,0.849691,0.040278,-0.019766,0.951663,0.303851,0.119947,-0.017476,0.004509,0.413895,-0.454662,0.008369,-0.128975,-0.037171,-0.201286,0.017891,-0.146065,0.004917,-0.084172,0.004348,-0.034577,0.293704,-0.566719,1.028707,1.570800,0.000000,0.000000,0.304636,-0.221897,0.205290,1.022020,-0.079834,0.000000,0.000000
0.772764,-0.662422,0.852351,0.040443,-0.020824,0.950975,0.305904,0.115492,-0.016043,0.007881,0.404103,-0.441700,0.008216,-0.124567,-0.037979,-0.192991,0.043877,-0.149948,0.004178,-0.081957,0.004087,-0.022751,0.298038,-0.568080,1.043401,1.570800,0.000000,0.000000,0.294905,-0.220643,0.214723,1.013223,-0.073573,0.000000,0.000000
0.779747,-0.667769,0.854828,0.040450,-0.021666,0.950390,0.307658,0.111151,-0.014723,0.010586,0.393887,-0.427779,0.008136,-0.120123,-0.038802,-0.184510,0.070591,-0.152856,0.003377,-0.079917,0.003802,-0.011108,0.302653,-0.567814,1.058041,1.570800,0.000000,0.000000,0.284613,-0.219415,0.223196,1.006239,-0.065122,0.000000,0.000000
0.786512,-0.673286,0.857074,0.040175,-0.022505,0.949736,0.309646,0.106718,-0.014003,0.012720,0.382367,-0.411555,0.007990,-0.115645,-0.039752,-0.176678,0.099431,-0.155902,0.002616,-0.077024,0.003430,0.002808,0.304591,-0.566777,1.074851,1.570800,0.000000,0.000000,0.273732,-0.218101,0.232649,1.000112,-0.059612,0.000000,0.000000
0.793174,-0.678815,0.858805,0.040064,-0.023444,0.948957,0.311970,0.102835,-0.013483,0.014950,0.370685,-0.394803,0.007781,-0.111072,-0.041077,-0.167619,0.130122,-0.162723,0.001481,-0.073707,0.003041,0.017695,0.302399,-0.566818,1.093513,1.570800,0.000000,0.000000,0.262941,-0.216121,0.243664,0.994912,-0.055557,0.000000,0.000000
0.799857,-0.684096,0.860033,0.039854,-0.024341,0.948155,0.314359,0.099058,-0.012517,0.017639,0.359016,-0.377598,0.007619,-0.106264,-0.042319,-0.156717,0.161884,-0.174238,-0.000022,-0.069977,0.002702,0.032571,0.300043,-0.566162,1.110610,1.570800,0.000000,0.000000,0.252149,-0.214023,0.256215,0.989084,-0.050638,0.000000,0.000000
0.806512,-0.689252,0.860781,0.039284,-0.025009,0.947432,0.316549,0.095024,-0.011316,0.020723,0.347124,-0.359194,0.007449,-0.101450,-0.043310,-0.145933,0.193254,-0.187433,-0.001560,-0.066650,0.002419,0.047410,0.298856,-0.564786,1.125724,1.570800,0.000000,0.000000,0.239559,-0.211671,0.270028,0.984440,-0.046887,0.000000,0.000000
0.813049,-0.694542,0.861023,0.038658,-0.025497,0.946708,0.318746,0.090831,-0.010731,0.023104,0.335022,-0.340310,0.007227,-0.096698,-0.044228,-0.138495,0.224720,-0.200253,-0.002650,-0.063613,0.002093,0.061735,0.297898,-0.563791,1.141074,1.570800,0.000000,0.000000,0.225274,-0.209894,0.284110,0.980984,-0.046018,0.000000,0.000000
0.819654,-0.699693,0.860763,0.038089,-0.025899,0.945951,0.321021,0.086702,-0.010234,0.025233,0.322667,-0.322793,0.007026,-0.091936,-0.044679,-0.133629,0.256426,-0.209437,-0.003286,-0.059965,0.001748,0.074820,0.297445,-0.561979,1.156495,1.570800,0.000000,0.000000,0.211856,-0.209614,0.294754,0.976202,-0.047522,0.000000,0.000000
0.826326,-0.704732,0.859919,0.037670,-0.026294,0.945259,0.323071,0.082745,-0.009705,0.027074,0.310230,-0.306991,0.006880,-0.087017,-0.044935,-0.129585,0.288846,-0.215859,-0.003784,-0.056024,0.001414,0.087695,0.297394,-0.561244,1.170500,1.570800,0.000000,0.000000,0.199892,-0.209817,0.301815,0.970226,-0.052019,0.000000,0.000000
0.832802,-0.709775,0.858465,0.037332,-0.026628,0.944586,0.325045,0.078948,-0.009411,0.029173,0.297549,-0.291527,0.006623,-0.081749,-0.046029,-0.128437,0.324063,-0.223690,-0.004036,-0.051561,0.001084,0.102116,0.297519,-0.558490,1.182775,1.570800,0.000000,0.000000,0.188711,-0.209712,0.307866,0.962261,-0.056203,0.000000,0.000000
0.839088,-0.714882,0.860130,0.036792,-0.026800,0.944090,0.326531,0.075327,-0.009275,0.031559,0.285148,-0.277791,0.006281,-0.076362,-0.048169,-0.128752,0.358440,-0.233266,-0.004356,-0.047797,0.000761,0.115336,0.297837,-0.555428,1.193409,1.570800,0.000000,0.000000,0.177405,-0.210141,0.312418,0.953677,-0.059508,0.000000,0.000000
0.845321,-0.720133,0.861712,0.036007,-0.026819,0.943698,0.327748,0.071430,-0.009376,0.034070,0.272256,-0.263816,0.005858,-0.070569,-0.050929,-0.127453,0.392049,-0.244188,-0.005151,-0.044297,0.000493,0.127718,0.297895,-0.554810,1.204032,1.570800,0.000000,0.000000,0.165531,-0.211758,0.317408,0.944239,-0.065874,0.000000,0.000000
0.851559,-0.725402,0.863247,0.035250,-0.026957,0.943380,0.328733,0.067588,-0.009450,0.036436,0.259153,-0.249028,0.005468,-0.064337,-0.053646,-0.126075,0.425471,-0.254862,-0.005984,-0.040242,0.000221,0.139970,0.298582,-0.555927,1.212886,1.570800,0.000000,0.000000,0.154199,-0.212712,0.321768,0.935677,-0.070365,0.000000,0.000000
0.857740,-0.730452,0.864728,0.034450,-0.027139,0.943062,0.329714,0.063716,-0.009244,0.039308,0.245747,-0.234590,0.005068,-0.057597,-0.056275,-0.126295,0.460300,-0.264526,-0.006546,-0.035525,-0.000071,0.153354,0.300463,-0.555920,1.220412,1.570800,0.000000,0.000000,0.143064,-0.212791,0.325201,0.926544,-0.069954,0.000000,0.000000
0.863863,-0.735425,0.866011,0.033739,-0.027387,0.942710,0.330772,0.059841,-0.008731,0.043383,0.233877,-0.222771,0.004556,-0.050506,-0.058894,-0.127994,0.494193,-0.272442,-0.006880,-0.030586,-0.000427,0.166333,0.301663,-0.554229,1.227852,1.570800,0.000000,0.000000,0.132352,-0.214494,0.326389,0.916272,-0.070370,0.000000,0.000000
0.869958,-0.740488,0.867058,0.033499,-0.027357,0.942313,0.331926,0.056070,-0.008998,0.046465,0.223403,-0.214552,0.004002,-0.042790,-0.062549,-0.130513,0.527930,-0.277297,-0.007385,-0.025493,-0.000763,0.178087,0.301710,-0.552866,1.235913,1.570800,0.000000,0.000000,0.121403,-0.217896,0.325559,0.905540,-0.071787,0.000000,0.000000
0.876019,-0.745477,0.867921,0.033377,-0.026956,0.941945,0.333016,0.052277,-0.010143,0.045629,0.213367,-0.208635,0.003864,-0.034610,-0.067352,-0.134501,0.561212,-0.277202,-0.007970,-0.020285,-0.001027,0.188870,0.301643,-0.554231,1.243294,1.570774,0.000000,0.000000,0.110257,-0.221684,0.326868,0.895830,-0.074362,0.000000,0.000000
0.882248,-0.750368,0.868758,0.032844,-0.026571,0.941743,0.333668,0.048016,-0.010996,0.043261,0.202946,-0.201216,0.004058,-0.026389,-0.071760,-0.140479,0.592460,-0.272126,-0.008105,-0.015099,-0.001299,0.199698,0.302929,-0.554817,1.247812,1.570726,0.000000,0.000000,0.098775,-0.225200,0.329330,0.887965,-0.074186,0.000000,0.000000
0.888397,-0.755457,0.869526,0.032338,-0.026319,0.941783,0.333625,0.043527,-0.011540,0.044874,0.192963,-0.195278,0.003701,-0.018223,-0.075957,-0.146218,0.622997,-0.272335,-0.008266,-0.010163,-0.001528,0.210198,0.304662,-0.552531,1.251379,1.570692,0.000000,0.000000,0.088463,-0.228345,0.330252,0.878711,-0.074564,0.000000,0.000000
0.894562,-0.760594,0.870148,0.031995,-0.026032,0.941951,0.333207,0.038870,-0.012122,0.046498,0.184357,-0.189400,0.003329,-0.009876,-0.079767,-0.149547,0.651640,-0.276131,-0.008813,-0.005379,-0.001800,0.220132,0.305805,-0.551674,1.254414,1.570656,0.000000,0.000000,0.078886,-0.230632,0.329235,0.867804,-0.071701,0.000000,0.000000
0.900766,-0.765664,0.870637,0.031727,-0.025720,0.942181,0.332605,0.033584,-0.012755,0.046072,0.177473,-0.184462,0.003273,-0.000605,-0.083293,-0.151196,0.678712,-0.277590,-0.009648,-0.000378,-0.002054,0.230524,0.307194,-0.550689,1.256284,1.570620,0.000000,0.000000,0.069393,-0.233679,0.328311,0.856008,-0.069179,0.000000,0.000000
0.907225,-0.770579,0.870937,0.031438,-0.025101,0.942260,0.332457,0.027466,-0.013760,0.045595,0.172437,-0.181048,0.003136,0.008904,-0.086513,-0.152280,0.703305,-0.276559,-0.010543,0.005350,-0.002366,0.240941,0.308598,-0.543968,1.256516,1.570604,0.000000,0.000000,0.060526,-0.238060,0.327078,0.845234,-0.071198,0.000000,0.000000
0.913914,-0.775621,0.871073,0.031451,-0.024318,0.942062,0.333074,0.020696,-0.015326,0.046265,0.169139,-0.177185,0.002680,0.018566,-0.090404,-0.153194,0.727009,-0.269232,-0.011723,0.012354,-0.002689,0.250816,0.309801,-0.538983,1.257328,1.570583,0.000000,0.000000,0.051810,-0.242841,0.324759,0.835665,-0.070751,0.000000,0.000000
0.920998,-0.780677,0.871128,0.031447,-0.023595,0.941754,0.333996,0.013774,-0.016480,0.047524,0.167090,-0.173929,0.002235,0.027362,-0.093756,-0.153139,0.748218,-0.258091,-0.012953,0.020482,-0.002991,0.258878,0.312008,-0.537841,1.258849,1.570560,0.000000,0.000000,0.044460,-0.247038,0.322942,0.825191,-0.067946,0.000000,0.000000
0.928630,-0.785681,0.871160,0.031186,-0.022862,0.941430,0.334985,0.005954,-0.017155,0.047691,0.165308,-0.171351,0.002092,0.035688,-0.095913,-0.152236,0.767819,-0.245476,-0.013995,0.028862,-0.003355,0.267029,0.314596,-0.533388,1.258185,1.570547,0.000000,0.000000,0.037442,-0.250633,0.323072,0.812782,-0.069138,0.000000,0.000000
0.936535,-0.790744,0.871092,0.031014,-0.022053,0.941028,0.336181,-0.002593,-0.017618,0.046754,0.164843,-0.169733,0.002176,0.043880,-0.097939,-0.151460,0.785619,-0.232290,-0.014987,0.037026,-0.003703,0.275147,0.317176,-0.526905,1.255962,1.570541,0.000000,0.000000,0.030179,-0.254348,0.322629,0.801023,-0.071002,0.000000,0.000000
0.944806,-0.795714,0.870938,0.031045,-0.021444,0.940432,0.337882,-0.011781,-0.017338,0.046843,0.166811,-0.167523,0.002278,0.052002,-0.098672,-0.148293,0.800529,-0.217167,-0.016058,0.046424,-0.004067,0.282435,0.320262,-0.519636,1.254168,1.570552,0.000000,0.000000,0.022529,-0.258613,0.320670,0.791566,-0.071130,0.000000,0.000000
0.953477,-0.800513,0.870734,0.030789,-0.020857,0.939928,0.339341,-0.022029,-0.016277,0.047553,0.170165,-0.164974,0.002463,0.059584,-0.096903,-0.141690,0.812495,-0.198549,-0.017022,0.055858,-0.004464,0.288896,0.323453,-0.509377,1.252776,1.570560,0.000000,0.000000,0.013951,-0.263070,0.317918,0.783117,-0.070304,0.000000,0.000000
0.962465,-0.805403,0.870403,0.030642,-0.020141,0.939660,0.340139,-0.033244,-0.015394,0.047799,0.174790,-0.162758,0.002672,0.066768,-0.093693,-0.133698,0.822555,-0.181022,-0.017773,0.064960,-0.004833,0.293792,0.325735,-0.500817,1.252792,1.570561,0.000000,0.000000,0.005236,-0.268048,0.313962,0.776479,-0.070482,0.000000,0.000000
0.971500,-0.810586,0.869948,0.030762,-0.019547,0.939334,0.341062,-0.044631,-0.014871,0.048511,0.180991,-0.161413,0.002715,0.073693,-0.090902,-0.125977,0.831270,-0.169664,-0.018556,0.074355,-0.005186,0.297089,0.328148,-0.491633,1.253203,1.570569,0.000000,0.000000,-0.002617,-0.274204,0.309838,0.770790,-0.074660,0.000000,0.000000
0.980571,-0.815805,0.869404,0.030790,-0.018951,0.938877,0.342349,-0.056620,-0.014327,0.048825,0.187950,-0.160635,0.002829,0.080572,-0.087939,-0.116507,0.838397,-0.161951,-0.019604,0.084314,-0.005551,0.301166,0.332301,-0.479014,1.249723,1.570603,0.000000,0.000000,-0.010077,-0.280187,0.307679,0.763394,-0.081439,0.000000,0.000000
0.990078,-0.820729,0.868833,0.030907,-0.018550,0.938358,0.343780,-0.068667,-0.012790,0.049198,0.195107,-0.159022,0.003166,0.087246,-0.082799,-0.104038,0.843726,-0.153265,-0.020531,0.094408,-0.005897,0.305572,0.337583,-0.467790,1.244331,1.570637,0.000000,0.000000,-0.016674,-0.284178,0.307400,0.755030,-0.079649,0.000000,0.000000
1.000043,-0.825390,0.868255,0.030997,-0.018314,0.937406,0.346373,-0.080546,-0.010113,0.050615,0.201610,-0.156517,0.003594,0.093256,-0.075743,-0.089303,0.847658,-0.145093,-0.021251,0.104635,-0.006256,0.309988,0.341766,-0.452615,1.239781,1.570691,0.000000,0.000000,-0.023186,-0.286646,0.307737,0.747379,-0.076813,0.000000,0.000000
1.009836,-0.830247,0.867572,0.031159,-0.017975,0.936489,0.348848,-0.092425,-0.007674,0.053035,0.208007,-0.154053,0.003792,0.099133,-0.069326,-0.075498,0.849749,-0.140152,-0.021956,0.114550,-0.006660,0.314207,0.344684,-0.434644,1.236566,1.570730,0.000000,0.000000,-0.030640,-0.288979,0.307857,0.742628,-0.074776,0.000000,0.000000
1.019153,-0.835349,0.866769,0.031492,-0.017410,0.935975,0.350222,-0.103962,-0.006395,0.055184,0.214513,-0.150867,0.003755,0.105115,-0.064559,-0.063879,0.849481,-0.135481,-0.022748,0.123655,-0.007020,0.317252,0.348414,-0.418083,1.233077,1.570780,0.000000,0.000000,-0.037680,-0.292150,0.307227,0.739066,-0.071549,0.000000,0.000000
1.028104,-0.840508,0.865850,0.031928,-0.016752,0.935749,0.350818,-0.115725,-0.005912,0.056256,0.221441,-0.146764,0.003701,0.111651,-0.060400,-0.053754,0.847089,-0.126159,-0.023427,0.133022,-0.007430,0.319936,0.353131,-0.402029,1.227545,1.570800,0.000000,0.000000,-0.043534,-0.296966,0.304860,0.735198,-0.068195,0.000000,0.000000
1.036759,-0.845693,0.864932,0.032329,-0.016275,0.935525,0.351402,-0.126972,-0.005463,0.057631,0.227598,-0.142121,0.003584,0.118422,-0.056713,-0.044731,0.842790,-0.114907,-0.024019,0.143063,-0.007835,0.322374,0.355191,-0.384913,1.223039,1.570800,0.000000,0.000000,-0.047672,-0.302477,0.301824,0.730602,-0.069109,0.000000,0.000000
1.045730,-0.850575,0.864053,0.032727,-0.015781,0.935162,0.352351,-0.137088,-0.004438,0.059371,0.231592,-0.136837,0.003546,0.124654,-0.052045,-0.034734,0.836886,-0.104708,-0.024456,0.152562,-0.008172,0.325059,0.357235,-0.369688,1.218298,1.570800,0.000000,0.000000,-0.052330,-0.307916,0.299670,0.727810,-0.070561,0.000000,0.000000
1.055009,-0.855327,0.863165,0.033119,-0.015346,0.934706,0.353543,-0.146804,-0.002717,0.061454,0.233408,-0.130405,0.003609,0.130558,-0.045804,-0.022158,0.828813,-0.098636,-0.024855,0.161095,-0.008464,0.327772,0.360576,-0.352929,1.213184,1.570800,0.000000,0.000000,-0.057619,-0.312658,0.298918,0.725503,-0.071347,0.000000,0.000000
1.064430,-0.860316,0.862281,0.033358,-0.015110,0.934110,0.355102,-0.156381,-0.000371,0.064127,0.232825,-0.122113,0.003712,0.136074,-0.038742,-0.007587,0.818056,-0.096490,-0.025358,0.169513,-0.008760,0.330516,0.362747,-0.330509,1.208158,1.570800,0.000000,0.000000,-0.063310,-0.317410,0.300603,0.723113,-0.079129,0.000000,0.000000
1.073943,-0.865637,0.861386,0.033616,-0.014847,0.933272,0.357286,-0.164937,0.001891,0.067467,0.229697,-0.112369,0.003678,0.140790,-0.032646,0.007250,0.805292,-0.099709,-0.026213,0.177220,-0.009100,0.333254,0.363026,-0.307400,1.203358,1.570800,0.000000,0.000000,-0.069534,-0.321482,0.303834,0.721989,-0.085805,0.000000,0.000000
1.083516,-0.871023,0.860453,0.033839,-0.014565,0.932435,0.359454,-0.172739,0.004078,0.071941,0.224216,-0.102387,0.003442,0.145038,-0.026632,0.023274,0.789143,-0.111475,-0.027332,0.184017,-0.009301,0.335560,0.363471,-0.288394,1.198842,1.570800,0.000000,0.000000,-0.076219,-0.324284,0.308087,0.722580,-0.085319,0.000000,0.000000
1.092888,-0.876481,0.859511,0.033682,-0.014298,0.931843,0.361013,-0.180236,0.006210,0.076241,0.215956,-0.092895,0.003250,0.149099,-0.020204,0.040095,0.767507,-0.132724,-0.028525,0.190404,-0.009521,0.337015,0.364357,-0.271544,1.192882,1.570800,0.000000,0.000000,-0.083649,-0.327045,0.312763,0.724450,-0.080920,0.000000,0.000000
1.101823,-0.882280,0.858480,0.033563,-0.014016,0.931462,0.362015,-0.186894,0.007378,0.078161,0.205476,-0.084569,0.003242,0.153133,-0.014760,0.055521,0.741977,-0.162179,-0.029829,0.195648,-0.009692,0.338314,0.364603,-0.254524,1.185532,1.570800,0.000000,0.000000,-0.091675,-0.330199,0.318496,0.726953,-0.076508,0.000000,0.000000
1.110692,-0.888199,0.857371,0.033603,-0.013714,0.930778,0.363779,-0.191960,0.008234,0.079915,0.192867,-0.079660,0.003213,0.156612,-0.011077,0.069158,0.716224,-0.196593,-0.031348,0.199874,-0.009892,0.340736,0.364856,-0.239225,1.177009,1.570800,0.000000,0.000000,-0.099802,-0.332837,0.326254,0.729434,-0.076529,0.000000,0.000000
1.119916,-0.893983,0.856203,0.033500,-0.013521,0.929767,0.366372,-0.195780,0.010086,0.083164,0.177374,-0.077621,0.003211,0.159151,-0.007855,0.081450,0.692282,-0.231868,-0.032714,0.204118,-0.010057,0.342640,0.364841,-0.225406,1.170085,1.570800,0.000000,0.000000,-0.108899,-0.334056,0.333903,0.733193,-0.078229,0.000000,0.000000
1.129223,-0.899932,0.854902,0.033480,-0.013351,0.928950,0.368446,-0.198447,0.011830,0.086806,0.160042,-0.077944,0.003162,0.160782,-0.005393,0.089842,0.672496,-0.262886,-0.033540,0.207656,-0.010181,0.343684,0.364947,-0.213923,1.163978,1.570800,0.000000,0.000000,-0.118203,-0.334033,0.340029,0.737439,-0.077432,0.000000,0.000000
1.138361,-0.906178,0.853365,0.033717,-0.013115,0.928351,0.369941,-0.200238,0.012526,0.091816,0.141416,-0.080016,0.002713,0.161871,-0.004536,0.093190,0.655838,-0.290586,-0.033891,0.210605,-0.010285,0.344458,0.365222,-0.203590,1.157098,1.570800,0.000000,0.000000,-0.126932,-0.335071,0.346275,0.743078,-0.072387,0.000000,0.000000
1.147451,-0.912539,0.851453,0.034165,-0.012747,0.927678,0.371596,-0.200947,0.012749,0.097905,0.119472,-0.084391,0.002101,0.162492,-0.005101,0.092562,0.639250,-0.319350,-0.033879,0.213710,-0.010372,0.344727,0.364761,-0.193249,1.150301,1.570800,0.000000,0.000000,-0.135713,-0.336878,0.352595,0.750492,-0.061632,0.000000,0.000000
1.156358,-0.919105,0.849364,0.034593,-0.012325,0.927119,0.372963,-0.200509,0.012707,0.102426,0.095903,-0.089820,0.001735,0.162648,-0.006542,0.088421,0.622936,-0.343819,-0.033438,0.216804,-0.010474,0.344148,0.363877,-0.186111,1.144757,1.570800,0.000000,0.000000,-0.142926,-0.337701,0.358716,0.756310,-0.052694,0.000000,0.000000
1.165060,-0.925831,0.846932,0.034811,-0.011896,0.926697,0.374005,-0.198892,0.012183,0.107032,0.068284,-0.097117,0.001369,0.162793,-0.009051,0.079132,0.603319,-0.369735,-0.032295,0.219685,-0.010614,0.342966,0.363077,-0.179932,1.137988,1.570800,0.000000,0.000000,-0.149220,-0.338787,0.366073,0.759738,-0.055229,0.000000,0.000000
1.173731,-0.932427,0.844100,0.034546,-0.011317,0.926416,0.374742,-0.196342,0.011219,0.112418,0.036800,-0.108984,0.000989,0.162839,-0.011867,0.065699,0.579458,-0.401426,-0.030349,0.221275,-0.010712,0.341605,0.362699,-0.172849,1.128579,1.570800,0.000000,0.000000,-0.155269,-0.341235,0.374518,0.764260,-0.068384,0.000000,0.000000
1.182293,-0.938972,0.841099,0.034190,-0.010634,0.926484,0.374626,-0.193416,0.009693,0.117653,0.006264,-0.122549,0.000620,0.162907,-0.014640,0.051119,0.554788,-0.429313,-0.028131,0.221098,-0.010654,0.340708,0.362820,-0.167432,1.117403,1.570800,0.000000,0.000000,-0.160678,-0.343456,0.380561,0.770784,-0.075045,0.000000,0.000000
1.190614,-0.945709,0.838621,0.034039,-0.010060,0.927034,0.373294,-0.190421,0.007089,0.123507,-0.017450,-0.134461,-0.000067,0.163052,-0.017165,0.037423,0.533379,-0.444823,-0.026159,0.220208,-0.010583,0.338970,0.363283,-0.166645,1.108398,1.570800,0.000000,0.000000,-0.163421,-0.345010,0.382972,0.775473,-0.073645,0.000000,0.000000
1.198808,-0.952456,0.839314,0.033792,-0.009517,0.927871,0.371244,-0.186740,0.003357,0.130785,-0.017450,-0.147901,-0.001113,0.163128,-0.019395,0.022487,0.509640,-0.457003,-0.023845,0.218180,-0.010441,0.335264,0.363561,-0.168515,1.100444,1.570800,0.000000,0.000000,-0.165498,-0.346483,0.384202,0.779508,-0.066461,0.000000,0.000000
1.207116,-0.959020,0.840172,0.033428,-0.008840,0.928787,0.368997,-0.182651,-0.000533,0.138668,-0.017450,-0.159436,-0.002310,0.162353,-0.020401,0.009910,0.487514,-0.467818,-0.021622,0.214939,-0.010284,0.330624,0.363160,-0.171970,1.092627,1.570800,0.000000,0.000000,-0.167520,-0.347449,0.387111,0.784313,-0.055914,0.000000,0.000000
1.215513,-0.965615,0.840935,0.033458,-0.008314,0.929517,0.367163,-0.178457,-0.004027,0.147354,-0.017450,-0.166687,-0.003612,0.160779,-0.020737,0.000596,0.470172,-0.476914,-0.019874,0.211220,-0.010188,0.326843,0.363077,-0.174556,1.083253,1.570800,0.000000,0.000000,-0.169042,-0.349169,0.393126,0.790375,-0.051501,0.000000,0.000000
1.223652,-0.972408,0.841556,0.033756,-0.007854,0.930261,0.365258,-0.174694,-0.007406,0.155626,-0.017450,-0.169786,-0.004954,0.158766,-0.021102,-0.005817,0.457359,-0.483101,-0.018727,0.207368,-0.010096,0.324207,0.362975,-0.175642,1.074319,1.570800,0.000000,0.000000,-0.169394,-0.351257,0.398465,0.794997,-0.051413,0.000000,0.000000
1.231712,-0.979075,0.842022,0.034259,-0.007316,0.931402,0.362303,-0.171469,-0.010781,0.163118,-0.017450,-0.169887,-0.006308,0.156605,-0.021165,-0.010264,0.446503,-0.487436,-0.017874,0.203080,-0.009973,0.322075,0.362114,-0.176608,1.066529,1.570800,0.000000,0.000000,-0.168109,-0.353127,0.402049,0.797362,-0.048921,0.000000,0.000000
1.239877,-0.985501,0.842246,0.035382,-0.006782,0.932437,0.359531,-0.168069,-0.014335,0.170936,-0.017450,-0.168890,-0.007839,0.154061,-0.021196,-0.013490,0.435315,-0.491029,-0.017210,0.197754,-0.009772,0.319814,0.360609,-0.177875,1.057972,1.570800,0.000000,0.000000,-0.164863,-0.354820,0.405088,0.799191,-0.044773,0.000000,0.000000
1.247918,-0.991942,0.842390,0.036851,-0.006339,0.933330,0.357066,-0.164324,-0.017997,0.178106,-0.017450,-0.167268,-0.009454,0.151016,-0.021506,-0.015442,0.423267,-0.493330,-0.016812,0.191659,-0.009547,0.317569,0.359153,-0.181534,1.047141,1.570800,0.000000,0.000000,-0.159536,-0.356792,0.407795,0.800839,-0.045031,0.000000,0.000000
1.255783,-0.998516,0.842505,0.038329,-0.005921,0.934286,0.354409,-0.160627,-0.021173,0.182153,-0.017450,-0.166046,-0.010742,0.147780,-0.022091,-0.016797,0.410635,-0.493807,-0.016598,0.185775,-0.009325,0.315153,0.358506,-0.187744,1.034847,1.570800,0.000000,0.000000,-0.152507,-0.360091,0.412080,0.801581,-0.046182,0.000000,0.000000
1.263518,-1.005075,0.842551,0.039759,-0.005202,0.935049,0.352245,-0.157021,-0.023376,0.182163,-0.017450,-0.167006,-0.011415,0.144330,-0.023280,-0.018693,0.397957,-0.492094,-0.016486,0.180544,-0.009081,0.312856,0.357773,-0.193442,1.022399,1.570800,0.000000,0.000000,-0.144090,-0.364602,0.418484,0.801620,-0.049294,0.000000,0.000000
1.271007,-1.011716,0.842563,0.041184,-0.004275,0.935730,0.350279,-0.153359,-0.024663,0.177571,-0.017450,-0.169353,-0.011369,0.140736,-0.025434,-0.022549,0.385757,-0.487790,-0.016344,0.175440,-0.008827,0.311047,0.356969,-0.198399,1.010124,1.570800,0.000000,0.000000,-0.134865,-0.369001,0.422136,0.802263,-0.056303,0.000000,0.000000
1.278374,-1.018349,0.843604,0.042541,-0.003292,0.936398,0.348337,-0.149622,-0.025502,0.171258,-0.008580,-0.173433,-0.011097,0.136954,-0.028113,-0.027895,0.374310,-0.481111,-0.016114,0.170237,-0.008523,0.309323,0.356689,-0.204565,0.997264,1.570800,0.000000,0.000000,-0.124348,-0.372775,0.422768,0.801556,-0.059769,0.000000,0.000000
1.285728,-1.025026,0.847051,0.044115,-0.002474,0.936920,0.346739,-0.145343,-0.025767,0.163518,0.024076,-0.180659,-0.010886,0.132534,-0.031107,-0.033191,0.364084,-0.471080,-0.015974,0.165209,-0.008171,0.306695,0.356067,-0.212694,0.984321,1.570800,0.000000,0.000000,-0.111744,-0.376932,0.424079,0.799296,-0.059958,0.000000,0.000000
1.293034,-1.031691,0.850491,0.045775,-0.001643,0.937369,0.345315,-0.141245,-0.025770,0.155477,0.063283,-0.188451,-0.010745,0.128086,-0.033856,-0.037044,0.356501,-0.459121,-0.016043,0.161437,-0.007912,0.302339,0.354833,-0.221067,0.975752,1.570800,0.000000,0.000000,-0.100069,-0.379775,0.421894,0.799970,-0.062118,0.000000,0.000000
1.300298,-1.038271,0.853544,0.047261,-0.000721,0.937926,0.343601,-0.137144,-0.025897,0.146847,0.106342,-0.196849,-0.010614,0.123237,-0.036308,-0.040270,0.349278,-0.445410,-0.016155,0.158202,-0.007642,0.295655,0.353376,-0.230892,0.970218,1.570800,0.000000,0.000000,-0.086700,-0.381546,0.415547,0.800942,-0.065941,0.000000,0.000000
1.307417,-1.044974,0.855802,0.048584,0.000195,0.938591,0.341594,-0.132847,-0.026328,0.137646,0.148787,-0.205693,-0.010356,0.118287,-0.038509,-0.042483,0.342097,-0.432196,-0.016374,0.155368,-0.007388,0.286978,0.352921,-0.243418,0.966679,1.570800,0.000000,0.000000,-0.073413,-0.383218,0.409315,0.802666,-0.067195,0.000000,0.000000
1.314449,-1.051674,0.857339,0.049622,0.001055,0.939185,0.339806,-0.127903,-0.026531,0.128715,0.190289,-0.215214,-0.009962,0.113113,-0.040493,-0.043339,0.334483,-0.417852,-0.016752,0.152574,-0.007115,0.277207,0.353180,-0.256845,0.963123,1.570800,0.000000,0.000000,-0.061086,-0.384659,0.402950,0.805801,-0.065040,0.000000,0.000000
1.321436,-1.058008,0.858198,0.050323,0.001834,0.939701,0.338268,-0.121944,-0.025938,0.122632,0.229804,-0.223693,-0.009728,0.108039,-0.041768,-0.042900,0.326091,-0.402911,-0.017158,0.148966,-0.006876,0.267686,0.352947,-0.268999,0.959095,1.570800,0.000000,0.000000,-0.049812,-0.386543,0.399646,0.808972,-0.068320,0.000000,0.000000
1.328502,-1.064430,0.858277,0.050770,0.002553,0.940368,0.336339,-0.115927,-0.025085,0.118403,0.269218,-0.231264,-0.009624,0.103093,-0.043029,-0.044276,0.316911,-0.387159,-0.017286,0.145496,-0.006633,0.257012,0.351451,-0.279682,0.954775,1.570800,0.000000,0.000000,-0.037843,-0.388439,0.396096,0.811801,-0.074456,0.000000,0.000000
1.335755,-1.070992,0.858070,0.050775,0.003418,0.941239,0.333884,-0.110585,-0.024366,0.114339,0.310253,-0.239913,-0.009503,0.097964,-0.044422,-0.047038,0.305384,-0.369684,-0.017225,0.142436,-0.006332,0.244418,0.350619,-0.292559,0.950264,1.570800,0.000000,0.000000,-0.023623,-0.390206,0.389904,0.813306,-0.077517,0.000000,0.000000
1.343174,-1.077044,0.860092,0.050346,0.004236,0.941975,0.331859,-0.105331,-0.022559,0.114962,0.348674,-0.247818,-0.009786,0.093023,-0.044919,-0.048358,0.292606,-0.352139,-0.017154,0.139122,-0.006024,0.232931,0.351157,-0.303365,0.945206,1.570800,0.000000,0.000000,-0.010168,-0.391112,0.383496,0.813158,-0.078879,0.000000,0.000000
1.350705,-1.082858,0.862084,0.049839,0.004859,0.942520,0.330377,-0.099272,-0.019259,0.118416,0.388727,-0.257081,-0.010168,0.087616,-0.044558,-0.048552,0.279208,-0.331766,-0.017050,0.135670,-0.005729,0.221322,0.352676,-0.312687,0.937576,1.570800,0.000000,0.000000,0.003318,-0.391958,0.376513,0.812344,-0.082877,0.000000,0.000000
1.357838,-1.088742,0.863783,0.049312,0.005320,0.942973,0.329154,-0.092227,-0.015443,0.122080,0.426697,-0.264727,-0.010412,0.082292,-0.044276,-0.049543,0.267157,-0.314502,-0.016841,0.131649,-0.005493,0.211637,0.351779,-0.318309,0.926745,1.570800,0.000000,0.000000,0.015034,-0.392398,0.371209,0.813463,-0.085201,0.000000,0.000000
1.364812,-1.094810,0.865322,0.048575,0.005912,0.943455,0.327870,-0.084972,-0.011702,0.125441,0.462130,-0.271289,-0.010555,0.076987,-0.044493,-0.051896,0.255314,-0.299198,-0.016531,0.127430,-0.005230,0.203848,0.349707,-0.321578,0.915833,1.570800,0.000000,0.000000,0.025529,-0.392438,0.366458,0.815590,-0.088456,0.000000,0.000000
1.371847,-1.100843,0.866783,0.047580,0.006547,0.943975,0.326503,-0.077492,-0.007608,0.127891,0.496323,-0.279420,-0.010369,0.071342,-0.044621,-0.054683,0.243014,-0.283527,-0.016122,0.122323,-0.004893,0.195855,0.349282,-0.324233,0.905600,1.570800,0.000000,0.000000,0.035534,-0.392853,0.361588,0.817123,-0.094537,0.000000,0.000000
1.378835,-1.106776,0.868118,0.046435,0.007111,0.944377,0.325494,-0.069807,-0.003034,0.131687,0.529127,-0.288007,-0.010249,0.065491,-0.044732,-0.057643,0.230719,-0.268840,-0.015672,0.117191,-0.004576,0.187900,0.347438,-0.322392,0.893756,1.570800,0.000000,0.000000,0.045332,-0.392911,0.355230,0.818584,-0.095150,0.000000,0.000000
1.385974,-1.112596,0.869480,0.045737,0.007885,0.944698,0.324640,-0.061245,0.001568,0.137276,0.562139,-0.290134,-0.010473,0.059370,-0.045197,-0.059895,0.218616,-0.253318,-0.015424,0.111321,-0.004091,0.174966,0.358196,-0.336109,0.881297,1.570800,0.000000,0.000000,0.056489,-0.393617,0.351905,0.820747,-0.104571,0.000000,0.000000
1.392742,-1.118322,0.870475,0.044915,0.008223,0.945274,0.323065,-0.052613,0.006795,0.141634,0.591583,-0.288178,-0.010222,0.053977,-0.045003,-0.062983,0.208152,-0.241022,-0.014873,0.105921,-0.003859,0.165639,0.362474,-0.340816,0.872225,1.570800,0.000000,0.000000,0.066567,-0.393956,0.348687,0.822010,-0.112792,0.000000,0.000000
1.399354,-1.124018,0.871288,0.044050,0.008391,0.945932,0.321250,-0.043300,0.012680,0.143262,0.619839,-0.286538,-0.009185,0.048603,-0.044479,-0.067870,0.198734,-0.227904,-0.013965,0.099961,-0.003578,0.158839,0.361969,-0.341702,0.860176,1.570800,0.000000,0.000000,0.077026,-0.393809,0.343259,0.821023,-0.117441,0.000000,0.000000
1.406109,-1.129729,0.872000,0.043354,0.008526,0.946388,0.319997,-0.033227,0.019050,0.145953,0.646500,-0.286723,-0.008123,0.043029,-0.044018,-0.072488,0.190247,-0.217270,-0.013117,0.093551,-0.003220,0.150518,0.366574,-0.341242,0.847200,1.570800,0.000000,0.000000,0.086408,-0.394611,0.338434,0.820574,-0.119969,0.000000,0.000000
1.412724,-1.135525,0.872503,0.042481,0.008319,0.946662,0.319307,-0.022687,0.025945,0.149696,0.670236,-0.286903,-0.007009,0.037199,-0.043293,-0.074506,0.182918,-0.209657,-0.012601,0.087237,-0.002989,0.145751,0.365183,-0.343246,0.831551,1.570800,0.000000,0.000000,0.094478,-0.394396,0.336020,0.820534,-0.123833,0.000000,0.000000
1.419308,-1.141467,0.872955,0.041767,0.008172,0.946808,0.318972,-0.011405,0.032582,0.153000,0.692008,-0.285010,-0.005800,0.030933,-0.043047,-0.075190,0.176344,-0.202605,-0.012414,0.080546,-0.002611,0.140487,0.366507,-0.343501,0.816637,1.570800,0.000000,0.000000,0.101976,-0.394864,0.333824,0.820278,-0.130888,0.000000,0.000000
1.425991,-1.147377,0.873298,0.040919,0.007871,0.946749,0.319266,0.000163,0.039467,0.156582,0.711795,-0.277915,-0.004500,0.024252,-0.042493,-0.075779,0.170046,-0.196518,-0.012162,0.074320,-0.002277,0.135093,0.369957,-0.340130,0.802200,1.570800,0.000000,0.000000,0.109182,-0.395724,0.331719,0.819917,-0.137540,0.000000,0.000000
1.432544,-1.153555,0.873525,0.040076,0.007460,0.946972,0.318720,0.012057,0.046159,0.159402,0.730614,-0.266222,-0.003021,0.017149,-0.041879,-0.076880,0.164518,-0.191481,-0.011810,0.067187,-0.001913,0.130438,0.373420,-0.334625,0.786998,1.570800,0.000000,0.000000,0.116184,-0.395217,0.327156,0.820643,-0.137122,0.000000,0.000000
1.438967,-1.160210,0.873632,0.039311,0.007196,0.947458,0.317375,0.023260,0.050877,0.159025,0.746567,-0.256388,-0.001430,0.009843,-0.041931,-0.077864,0.161174,-0.188994,-0.011644,0.058874,-0.001536,0.126107,0.377385,-0.329788,0.772186,1.570800,0.000000,0.000000,0.121722,-0.393718,0.319182,0.822896,-0.129931,0.000000,0.000000
1.445426,-1.167333,0.873647,0.038480,0.007082,0.947988,0.315892,0.034659,0.054045,0.154940,0.761021,-0.244475,0.000489,0.001289,-0.042794,-0.077829,0.159626,-0.188993,-0.011819,0.049606,-0.001141,0.120323,0.381711,-0.326433,0.756590,1.570800,0.000000,0.000000,0.127235,-0.392653,0.310076,0.823619,-0.125245,0.000000,0.000000
1.452230,-1.174504,0.873442,0.037564,0.006579,0.948624,0.314100,0.045409,0.058320,0.151399,0.773505,-0.234109,0.002673,-0.007853,-0.043015,-0.077368,0.160758,-0.190082,-0.011899,0.040755,-0.000806,0.114300,0.386132,-0.324027,0.743235,1.570800,0.000000,0.000000,0.133055,-0.393397,0.303014,0.821549,-0.124502,0.000000,0.000000
1.459494,-1.181059,0.873046,0.036866,0.005640,0.949223,0.312387,0.056121,0.065184,0.147527,0.785107,-0.231108,0.005761,-0.017485,-0.041956,-0.075872,0.164390,-0.191749,-0.011832,0.031548,-0.000397,0.108878,0.392049,-0.321509,0.732270,1.570800,0.000000,0.000000,0.138944,-0.395913,0.296741,0.819034,-0.121537,0.000000,0.000000
1.466404,-1.190016,0.872547,0.036671,0.004943,0.949800,0.310661,0.066395,0.066406,0.142712,0.794575,-0.223743,0.007285,-0.029305,-0.043451,-0.077211,0.172079,-0.193124,-0.011946,0.021507,-0.000050,0.103240,0.396998,-0.317591,0.721180,1.570800,0.000000,0.000000,0.143964,-0.399882,0.288417,0.817583,-0.122108,0.000000,0.000000
1.473860,-1.198101,0.871867,0.036968,0.004111,0.950450,0.308644,0.076617,0.068589,0.135816,0.803071,-0.218831,0.009523,-0.041979,-0.044697,-0.080542,0.183560,-0.194137,-0.011680,0.012154,0.000335,0.097570,0.400937,-0.314716,0.709815,1.570800,0.000000,0.000000,0.149302,-0.402810,0.280794,0.816348,-0.127474,0.000000,0.000000
1.481673,-1.205389,0.871013,0.037361,0.003057,0.951135,0.306492,0.086738,0.073252,0.127742,0.811837,-0.217209,0.012772,-0.054982,-0.044884,-0.081428,0.197010,-0.195091,-0.011537,0.002965,0.000769,0.091132,0.405529,-0.313973,0.700858,1.570800,0.000000,0.000000,0.155274,-0.404071,0.275681,0.816774,-0.132009,0.000000,0.000000
1.489483,-1.213413,0.870047,0.037759,0.002082,0.951715,0.304645,0.096338,0.076099,0.117963,0.819881,-0.214976,0.015769,-0.068744,-0.045607,-0.079425,0.211379,-0.196003,-0.011967,-0.006293,0.001196,0.083481,0.409796,-0.314117,0.695643,1.570800,0.000000,0.000000,0.159178,-0.404263,0.270690,0.819808,-0.131888,0.000000,0.000000
1.497333,-1.221856,0.868990,0.037987,0.001101,0.952485,0.302205,0.105123,0.077843,0.107803,0.825851,-0.214137,0.018458,-0.082550,-0.046506,-0.077097,0.225274,-0.196690,-0.012477,-0.016559,0.001580,0.076837,0.412308,-0.312519,0.690333,1.570800,0.000000,0.000000,0.160516,-0.403496,0.264702,0.824075,-0.128778,0.000000,0.000000
1.505181,-1.230147,0.867816,0.038002,0.000155,0.953552,0.298820,0.113982,0.080067,0.096135,0.829666,-0.216845,0.021571,-0.097012,-0.047208,-0.076429,0.238953,-0.198132,-0.012656,-0.029417,0.002079,0.071693,0.415257,-0.309773,0.681869,1.570800,0.000000,0.000000,0.162690,-0.402980,0.258683,0.827104,-0.120724,0.000000,0.000000
1.512913,-1.238265,0.866651,0.037769,-0.000929,0.954570,0.295582,0.121987,0.081860,0.083712,0.831657,-0.220585,0.024656,-0.110220,-0.047184,-0.076724,0.249925,-0.199296,-0.012526,-0.042669,0.002586,0.066831,0.419956,-0.308118,0.674683,1.570800,0.000000,0.000000,0.166231,-0.404893,0.257596,0.828389,-0.114739,0.000000,0.000000
1.520533,-1.246578,0.865498,0.037912,-0.001832,0.955480,0.292604,0.129876,0.082008,0.069876,0.833369,-0.225262,0.027476,-0.122975,-0.047884,-0.076933,0.259508,-0.198674,-0.012588,-0.055501,0.003053,0.060174,0.423833,-0.307108,0.672086,1.570800,0.000000,0.000000,0.166242,-0.405488,0.255109,0.834926,-0.114760,0.000000,0.000000
1.527953,-1.255138,0.864477,0.038120,-0.002264,0.956170,0.290310,0.137113,0.079472,0.055514,0.834108,-0.231298,0.029505,-0.134841,-0.049778,-0.076559,0.266838,-0.196467,-0.013024,-0.066877,0.003457,0.053473,0.426539,-0.305150,0.670916,1.570800,0.000000,0.000000,0.165164,-0.405706,0.251690,0.841920,-0.114525,0.000000,0.000000
1.535059,-1.264045,0.863416,0.038320,-0.002471,0.957156,0.287015,0.144249,0.074689,0.037656,0.833737,-0.238072,0.031466,-0.146839,-0.053215,-0.077194,0.272935,-0.193400,-0.013623,-0.078525,0.003889,0.046666,0.428940,-0.305138,0.668872,1.570800,0.000000,0.000000,0.165221,-0.407359,0.246172,0.848649,-0.113756,0.000000,0.000000
1.542169,-1.272777,0.862420,0.038470,-0.002590,0.958001,0.284159,0.150517,0.069473,0.020685,0.832395,-0.245699,0.033086,-0.157515,-0.056787,-0.076557,0.276608,-0.190698,-0.014448,-0.088587,0.004259,0.041224,0.431381,-0.306639,0.665214,1.570800,0.000000,0.000000,0.166934,-0.409762,0.241451,0.852678,-0.110805,0.000000,0.000000
1.549204,-1.281436,0.861391,0.038764,-0.002681,0.958854,0.281229,0.156515,0.063619,0.003292,0.830045,-0.257506,0.034564,-0.167666,-0.060674,-0.075881,0.279058,-0.186932,-0.015329,-0.098048,0.004637,0.036363,0.434733,-0.309325,0.660393,1.570800,0.000000,0.000000,0.169063,-0.412206,0.235695,0.857070,-0.106950,0.000000,0.000000
1.556239,-1.290188,0.860289,0.039106,-0.002824,0.959730,0.278173,0.162300,0.056986,-0.014673,0.825789,-0.276327,0.035889,-0.177480,-0.065064,-0.076016,0.280022,-0.181368,-0.016165,-0.106842,0.005054,0.029812,0.437752,-0.313694,0.657290,1.570800,0.000000,0.000000,0.170191,-0.413766,0.226335,0.864785,-0.102318,0.000000,0.000000
1.563781,-1.298643,0.859235,0.039336,-0.003049,0.960602,0.275113,0.166902,0.051926,-0.030403,0.821075,-0.294052,0.037294,-0.185958,-0.068739,-0.076793,0.278427,-0.175548,-0.016746,-0.113762,0.005402,0.020726,0.439937,-0.320700,0.658382,1.570800,0.000000,0.000000,0.171235,-0.414317,0.215811,0.872409,-0.099281,0.000000,0.000000
1.571955,-1.306969,0.858041,0.039622,-0.003611,0.961602,0.271547,0.170605,0.048721,-0.044871,0.817034,-0.302394,0.039084,-0.193863,-0.071504,-0.079220,0.274285,-0.169822,-0.016855,-0.120179,0.005768,0.009459,0.442528,-0.331261,0.663067,1.570800,0.000000,0.000000,0.173471,-0.413747,0.204537,0.879118,-0.096382,0.000000,0.000000
1.580289,-1.315504,0.856680,0.039996,-0.004737,0.962563,0.268050,0.173502,0.046165,-0.058139,0.812108,-0.304081,0.040837,-0.200551,-0.073158,-0.082737,0.267850,-0.164813,-0.016564,-0.125604,0.006050,-0.002185,0.443263,-0.342349,0.668648,1.570800,0.000000,0.000000,0.176479,-0.412592,0.194518,0.885713,-0.095559,0.000000,0.000000
1.588546,-1.324131,0.855231,0.040263,-0.005837,0.963426,0.264868,0.176039,0.043376,-0.070868,0.804460,-0.306630,0.042385,-0.206586,-0.074703,-0.086024,0.258226,-0.160789,-0.016311,-0.130530,0.006265,-0.013800,0.442447,-0.352549,0.674694,1.570800,0.000000,0.000000,0.179623,-0.411364,0.184615,0.892586,-0.096352,0.000000,0.000000
1.596791,-1.332682,0.853782,0.040100,-0.006582,0.964189,0.262085,0.177847,0.040528,-0.082368,0.794359,-0.310954,0.043663,-0.212141,-0.076613,-0.087591,0.245487,-0.157959,-0.016417,-0.135152,0.006524,-0.024857,0.442456,-0.361800,0.681136,1.570800,0.000000,0.000000,0.182604,-0.410625,0.174130,0.898763,-0.097537,0.000000,0.000000
1.605064,-1.341326,0.852087,0.039836,-0.007366,0.964815,0.259791,0.178888,0.036671,-0.095251,0.781282,-0.317567,0.044860,-0.217366,-0.078690,-0.088416,0.229956,-0.156264,-0.016644,-0.139196,0.006764,-0.036687,0.443507,-0.372459,0.688738,1.570800,0.000000,0.000000,0.184640,-0.410491,0.163216,0.906893,-0.098455,0.000000,0.000000
1.613406,-1.350111,0.850153,0.040223,-0.008290,0.965622,0.256685,0.179766,0.034792,-0.103574,0.765849,-0.331622,0.045845,-0.221069,-0.080895,-0.092163,0.214108,-0.157677,-0.016447,-0.142313,0.006970,-0.050162,0.442819,-0.385439,0.698307,1.570800,0.000000,0.000000,0.185481,-0.408867,0.153005,0.915062,-0.093787,0.000000,0.000000
1.621498,-1.358993,0.848031,0.040630,-0.009037,0.966088,0.254834,0.180304,0.031771,-0.110015,0.747137,-0.358479,0.046052,-0.223688,-0.083152,-0.096613,0.195290,-0.162769,-0.016175,-0.144604,0.007164,-0.061653,0.440970,-0.394584,0.706093,1.570800,0.000000,0.000000,0.186641,-0.404656,0.143213,0.918836,-0.073943,0.000000,0.000000
1.629529,-1.367739,0.845890,0.041040,-0.009540,0.966410,0.253530,0.180410,0.028560,-0.112715,0.729656,-0.390511,0.045415,-0.224901,-0.085358,-0.099845,0.175254,-0.169995,-0.016097,-0.146083,0.007264,-0.070267,0.440341,-0.400802,0.711031,1.570800,0.000000,0.000000,0.188640,-0.401568,0.135519,0.920906,-0.053906,0.000000,0.000000
1.637898,-1.376192,0.843525,0.041531,-0.010370,0.966758,0.252083,0.179641,0.028470,-0.108269,0.715611,-0.418899,0.044407,-0.224940,-0.086632,-0.102905,0.154264,-0.177817,-0.015871,-0.147409,0.007312,-0.076645,0.439587,-0.406303,0.716522,1.570800,0.000000,0.000000,0.191886,-0.399182,0.129056,0.922392,-0.039506,0.000000,0.000000
1.646411,-1.384795,0.840824,0.041859,-0.011411,0.967094,0.250693,0.177820,0.030858,-0.096500,0.703686,-0.444001,0.042756,-0.224088,-0.087320,-0.106433,0.130859,-0.187429,-0.015491,-0.148892,0.007365,-0.080341,0.437838,-0.410959,0.721631,1.570800,0.000000,0.000000,0.195359,-0.396883,0.123027,0.922665,-0.027837,0.000000,0.000000
1.654959,-1.393538,0.837858,0.042118,-0.012127,0.967130,0.250475,0.175237,0.031753,-0.084657,0.691689,-0.464911,0.040511,-0.222567,-0.087875,-0.109014,0.104941,-0.199278,-0.015237,-0.149285,0.007387,-0.081766,0.437058,-0.415889,0.723843,1.570800,0.000000,0.000000,0.197650,-0.395744,0.118592,0.921773,-0.019060,0.000000,0.000000
1.663698,-1.402105,0.834406,0.042263,-0.012812,0.967112,0.250489,0.171750,0.033086,-0.071194,0.678991,-0.482328,0.038064,-0.219998,-0.088011,-0.110322,0.075471,-0.213906,-0.015060,-0.149206,0.007433,-0.082539,0.437972,-0.420532,0.724720,1.570800,0.000000,0.000000,0.198655,-0.395044,0.115340,0.920183,-0.009019,0.000000,0.000000
1.672469,-1.410445,0.830726,0.042085,-0.013509,0.967074,0.250626,0.167574,0.035358,-0.057571,0.666199,-0.498348,0.035879,-0.216650,-0.087269,-0.113379,0.044506,-0.229125,-0.014552,-0.147898,0.007378,-0.083003,0.439642,-0.425221,0.725386,1.570800,0.000000,0.000000,0.200005,-0.394774,0.113660,0.917345,-0.005694,0.000000,0.000000
1.681390,-1.418453,0.826866,0.041896,-0.014105,0.966863,0.251440,0.162769,0.037668,-0.044999,0.654266,-0.512547,0.033898,-0.212578,-0.085416,-0.117655,0.012441,-0.243004,-0.013806,-0.145476,0.007277,-0.082224,0.441209,-0.429907,0.726705,1.570800,0.000000,0.000000,0.201570,-0.394188,0.114022,0.914060,-0.011044,0.000000,0.000000
1.690329,-1.426176,0.823375,0.041624,-0.014585,0.966234,0.253863,0.157997,0.038801,-0.033712,0.643525,-0.524386,0.031850,-0.208275,-0.082037,-0.122585,-0.017450,-0.252731,-0.012860,-0.142636,0.007222,-0.079542,0.442557,-0.430641,0.727865,1.570800,0.000000,0.000000,0.201390,-0.391384,0.112843,0.907611,0.006377,0.000000,0.000000
1.698984,-1.433992,0.824300,0.041444,-0.015164,0.965353,0.257190,0.153753,0.038612,-0.024573,0.634567,-0.534265,0.029901,-0.204466,-0.078222,-0.128615,-0.017450,-0.258703,-0.011816,-0.138791,0.007037,-0.076047,0.444254,-0.431743,0.728632,1.570800,0.000000,0.000000,0.201279,-0.390804,0.116817,0.900913,0.017154,0.000000,0.000000
1.707397,-1.441828,0.825240,0.041444,-0.015737,0.964535,0.260205,0.149170,0.037833,-0.015979,0.625513,-0.542681,0.027886,-0.200407,-0.073796,-0.138413,-0.017450,-0.264537,-0.010424,-0.134164,0.006832,-0.071178,0.446940,-0.432567,0.728342,1.570800,0.000000,0.000000,0.201318,-0.391126,0.121502,0.893515,0.022479,0.000000,0.000000
1.715818,-1.449134,0.826024,0.041659,-0.016282,0.963998,0.262120,0.145423,0.037364,-0.010607,0.618424,-0.548429,0.026617,-0.197240,-0.069480,-0.148976,-0.017450,-0.264433,-0.008962,-0.130631,0.006698,-0.066496,0.449506,-0.434007,0.727207,1.570800,0.000000,0.000000,0.202240,-0.391356,0.123455,0.886562,0.026542,0.000000,0.000000
1.723984,-1.456712,0.827047,0.042015,-0.016613,0.963720,0.263063,0.141210,0.036086,-0.006360,0.609876,-0.554928,0.025302,-0.193738,-0.065071,-0.162908,-0.017450,-0.260117,-0.007151,-0.126960,0.006534,-0.060879,0.451710,-0.438604,0.726370,1.570537,0.000000,0.000000,0.204302,-0.391550,0.125700,0.877211,0.030162,0.000000,0.000000
1.731883,-1.464384,0.828135,0.042332,-0.016631,0.963701,0.263080,0.137064,0.034109,-0.004254,0.601216,-0.560458,0.024182,-0.190405,-0.062232,-0.176207,-0.017450,-0.253402,-0.005516,-0.123964,0.006372,-0.055701,0.452248,-0.444850,0.726178,1.568751,0.000000,0.000000,0.206568,-0.391074,0.126491,0.866928,0.034165,0.000000,0.000000
1.739712,-1.471585,0.829200,0.042996,-0.016737,0.963660,0.263119,0.132565,0.032018,-0.003584,0.592424,-0.564581,0.023286,-0.186635,-0.060266,-0.189663,-0.017450,-0.243043,-0.003835,-0.120574,0.006258,-0.050974,0.452787,-0.452359,0.726482,1.568203,0.000000,0.000000,0.209714,-0.390053,0.125924,0.853990,0.042804,0.000000,0.000000
1.747395,-1.478542,0.830142,0.043773,-0.017250,0.963421,0.263829,0.128076,0.029865,-0.003509,0.583651,-0.567134,0.022505,-0.182537,-0.058845,-0.201153,-0.017450,-0.230649,-0.002267,-0.116806,0.006170,-0.045811,0.453815,-0.459193,0.727492,1.569439,0.000000,0.000000,0.213777,-0.388209,0.123444,0.839110,0.053157,0.000000,0.000000
1.755076,-1.485205,0.831126,0.044697,-0.018129,0.963096,0.264802,0.123251,0.027834,-0.002854,0.574028,-0.568052,0.021684,-0.177645,-0.057535,-0.211340,-0.017450,-0.215246,-0.000667,-0.112256,0.006027,-0.039007,0.455598,-0.466513,0.729338,1.570800,0.000000,0.000000,0.218869,-0.385659,0.120168,0.821326,0.058067,0.000000,0.000000
1.762884,-1.491461,0.832154,0.045569,-0.019410,0.962719,0.265931,0.117965,0.026631,-0.000742,0.563746,-0.566786,0.020865,-0.171931,-0.055733,-0.219096,-0.017450,-0.200051,0.000905,-0.106346,0.005720,-0.030687,0.459370,-0.474733,0.732232,1.570800,0.000000,0.000000,0.224370,-0.384450,0.122300,0.804063,0.052058,0.000000,0.000000
1.770676,-1.497428,0.833028,0.046444,-0.020998,0.962212,0.267487,0.112824,0.026753,0.003579,0.554332,-0.562532,0.020071,-0.166001,-0.053180,-0.223780,-0.017450,-0.188258,0.002341,-0.100680,0.005399,-0.020691,0.463091,-0.479241,0.737126,1.570800,0.000000,0.000000,0.228457,-0.382148,0.126318,0.790819,0.045317,0.000000,0.000000
1.778180,-1.503563,0.835839,0.047495,-0.022544,0.961504,0.269716,0.108172,0.026695,0.008514,0.545897,-0.554869,0.019165,-0.160230,-0.051133,-0.226347,-0.001423,-0.180095,0.003612,-0.095479,0.005053,-0.009509,0.465782,-0.481145,0.744780,1.570800,0.000000,0.000000,0.230470,-0.378998,0.132879,0.781849,0.040022,0.000000,0.000000
1.785392,-1.509797,0.840039,0.048461,-0.023669,0.960605,0.272634,0.104070,0.025683,0.013986,0.537745,-0.544590,0.017959,-0.155037,-0.050473,-0.227464,0.028576,-0.177163,0.004634,-0.091149,0.004695,0.003164,0.467274,-0.479060,0.752834,1.570800,0.000000,0.000000,0.229451,-0.375779,0.140044,0.776723,0.037212,0.000000,0.000000
1.792441,-1.515888,0.844446,0.049242,-0.024432,0.959505,0.276276,0.100316,0.024237,0.020747,0.528839,-0.532555,0.016454,-0.150310,-0.050678,-0.227258,0.064828,-0.175882,0.005482,-0.087513,0.004355,0.018303,0.467994,-0.473305,0.759935,1.570800,0.000000,0.000000,0.225860,-0.372457,0.146427,0.773593,0.036250,0.000000,0.000000
1.799514,-1.521969,0.848312,0.049958,-0.025148,0.958395,0.279912,0.096846,0.022647,0.026013,0.519255,-0.518715,0.015174,-0.145791,-0.051521,-0.223624,0.102979,-0.174660,0.005762,-0.083953,0.004010,0.033408,0.467550,-0.466300,0.768191,1.570800,0.000000,0.000000,0.220780,-0.369138,0.155465,0.773407,0.035997,0.000000,0.000000
1.806727,-1.527970,0.851449,0.050565,-0.025959,0.957292,0.283479,0.093393,0.021301,0.029679,0.508778,-0.503180,0.014235,-0.141236,-0.052188,-0.217402,0.142249,-0.177471,0.005629,-0.080094,0.003671,0.047958,0.465976,-0.457740,0.780043,1.570800,0.000000,0.000000,0.213855,-0.367197,0.165594,0.776402,0.039250,0.000000,0.000000
1.814004,-1.533802,0.853845,0.051089,-0.026735,0.956092,0.287339,0.089997,0.020109,0.032870,0.497702,-0.486810,0.013421,-0.136699,-0.052618,-0.211822,0.183166,-0.186275,0.005503,-0.076656,0.003331,0.062332,0.464784,-0.449249,0.795757,1.570800,0.000000,0.000000,0.205045,-0.366476,0.174459,0.779922,0.046184,0.000000,0.000000
1.821209,-1.539484,0.855464,0.051398,-0.027468,0.954673,0.291895,0.086610,0.018937,0.036513,0.485961,-0.469353,0.012539,-0.132041,-0.053052,-0.207191,0.224557,-0.198406,0.005386,-0.072337,0.002928,0.078906,0.461424,-0.437453,0.809241,1.570800,0.000000,0.000000,0.195714,-0.365166,0.185367,0.782353,0.048647,0.000000,0.000000
1.828414,-1.544994,0.856283,0.051619,-0.028177,0.953339,0.296119,0.083065,0.018075,0.040199,0.473196,-0.450636,0.011732,-0.126777,-0.053744,-0.201448,0.266983,-0.211911,0.004956,-0.068434,0.002545,0.096076,0.457554,-0.427248,0.823558,1.570800,0.000000,0.000000,0.186368,-0.361927,0.198768,0.784690,0.047480,0.000000,0.000000
1.835424,-1.550483,0.856243,0.051685,-0.028824,0.952337,0.299254,0.079292,0.017531,0.043045,0.460722,-0.430238,0.011150,-0.120885,-0.055114,-0.195652,0.308893,-0.223470,0.004275,-0.064981,0.002222,0.110446,0.453884,-0.420466,0.839255,1.570800,0.000000,0.000000,0.178315,-0.358233,0.209859,0.786795,0.047188,0.000000,0.000000
1.842047,-1.556224,0.855329,0.051414,-0.029284,0.951616,0.301539,0.075109,0.016583,0.045269,0.448536,-0.408739,0.010565,-0.114589,-0.057664,-0.195428,0.350799,-0.231929,0.004182,-0.061441,0.001898,0.123360,0.449253,-0.412883,0.855184,1.570800,0.000000,0.000000,0.170636,-0.354318,0.217313,0.788530,0.049460,0.000000,0.000000
1.848581,-1.561937,0.853482,0.051208,-0.029605,0.951016,0.303430,0.070871,0.015535,0.047841,0.436806,-0.389582,0.009884,-0.107853,-0.061050,-0.200276,0.392490,-0.240114,0.004688,-0.058266,0.001586,0.136346,0.443482,-0.405583,0.871272,1.570800,0.000000,0.000000,0.162681,-0.348810,0.225253,0.791197,0.049109,0.000000,0.000000
1.855351,-1.567266,0.850659,0.051061,-0.030060,0.950491,0.305051,0.066760,0.015135,0.049840,0.425062,-0.372083,0.009467,-0.100590,-0.063743,-0.202675,0.433730,-0.247892,0.004877,-0.055449,0.001292,0.148382,0.436816,-0.399878,0.887909,1.570800,0.000000,0.000000,0.154831,-0.342164,0.235413,0.794179,0.046787,0.000000,0.000000
1.862102,-1.572425,0.849568,0.050871,-0.030473,0.950212,0.305910,0.062665,0.015078,0.050800,0.413196,-0.354849,0.009312,-0.092769,-0.066557,-0.203985,0.474957,-0.255041,0.004795,-0.053150,0.001019,0.158733,0.430451,-0.395175,0.905745,1.570800,0.000000,0.000000,0.146809,-0.336291,0.243271,0.796529,0.044550,0.000000,0.000000
1.868796,-1.577285,0.851678,0.050637,-0.030868,0.950151,0.306099,0.058682,0.015562,0.051343,0.401336,-0.338644,0.009366,-0.084271,-0.069517,-0.205353,0.515936,-0.260543,0.004638,-0.051274,0.000747,0.168991,0.425053,-0.390002,0.923632,1.570800,0.000000,0.000000,0.138718,-0.332191,0.248335,0.798577,0.042042,0.000000,0.000000
1.875546,-1.582029,0.853749,0.050188,-0.031137,0.950212,0.305955,0.054605,0.016185,0.052015,0.388674,-0.322956,0.009431,-0.075270,-0.072402,-0.207161,0.554774,-0.265716,0.004506,-0.049445,0.000540,0.179062,0.421375,-0.386582,0.940637,1.570800,0.000000,0.000000,0.131302,-0.329669,0.252143,0.799007,0.037956,0.000000,0.000000
1.882014,-1.587211,0.855709,0.049659,-0.031003,0.950252,0.305930,0.050599,0.015533,0.052974,0.375023,-0.307467,0.009105,-0.065881,-0.077325,-0.213294,0.591713,-0.272283,0.004534,-0.046839,0.000317,0.187500,0.419307,-0.388657,0.957208,1.570800,0.000000,0.000000,0.124570,-0.328339,0.254706,0.797230,0.029178,0.000000,0.000000
1.888333,-1.592514,0.857498,0.049221,-0.030632,0.950229,0.306110,0.046877,0.013923,0.054198,0.361188,-0.292941,0.008481,-0.056124,-0.083605,-0.220441,0.627411,-0.275898,0.004297,-0.043038,0.000043,0.194661,0.416056,-0.391782,0.973479,1.570800,0.000000,0.000000,0.117929,-0.327369,0.256543,0.795378,0.019512,0.000000,0.000000
1.894661,-1.597746,0.859188,0.048562,-0.030275,0.950305,0.306016,0.043124,0.012337,0.055415,0.347166,-0.279612,0.007871,-0.046232,-0.089909,-0.226430,0.661425,-0.275048,0.003762,-0.038853,-0.000215,0.200590,0.413094,-0.396194,0.988438,1.570800,0.000000,0.000000,0.111512,-0.327017,0.256886,0.793583,0.013061,0.000000,0.000000
1.900914,-1.602901,0.860727,0.047990,-0.030128,0.950333,0.306034,0.039700,0.011290,0.057220,0.333960,-0.268392,0.007307,-0.036121,-0.096303,-0.230982,0.693972,-0.275899,0.002823,-0.034502,-0.000389,0.205785,0.411307,-0.400908,1.003674,1.570800,0.000000,0.000000,0.106225,-0.326010,0.254532,0.790299,0.011368,0.000000,0.000000
1.907367,-1.607776,0.862164,0.047524,-0.029948,0.950093,0.306868,0.036199,0.010201,0.058467,0.320857,-0.256889,0.006827,-0.024899,-0.102723,-0.234951,0.726977,-0.275440,0.001661,-0.028754,-0.000663,0.211425,0.409126,-0.405736,1.021173,1.570800,0.000000,0.000000,0.101354,-0.325204,0.249900,0.782563,0.004900,0.000000,0.000000
1.915245,-1.611501,0.863513,0.047348,-0.029564,0.949586,0.308498,0.032115,0.010044,0.057536,0.308037,-0.243810,0.006959,-0.013102,-0.105335,-0.237844,0.760123,-0.253505,0.001387,-0.021246,-0.001021,0.217606,0.408777,-0.414766,1.038643,1.570800,0.000000,0.000000,0.096195,-0.326187,0.245625,0.773176,-0.009585,0.000000,0.000000
1.922576,-1.616307,0.864529,0.046303,-0.028967,0.949380,0.309345,0.027380,0.009854,0.066276,0.297053,-0.236114,0.005471,-0.002195,-0.109017,-0.238688,0.778428,-0.241131,0.000242,-0.014349,-0.001308,0.220756,0.408528,-0.423755,1.053974,1.570800,0.000000,0.000000,0.090798,-0.327070,0.242916,0.766866,-0.020510,0.000000,0.000000
1.929794,-1.621133,0.865464,0.045449,-0.028352,0.948939,0.310879,0.022235,0.009170,0.072020,0.286416,-0.226901,0.004356,0.009685,-0.114001,-0.239982,0.796002,-0.230895,-0.001314,-0.006071,-0.001690,0.224686,0.406381,-0.428895,1.069541,1.570800,0.000000,0.000000,0.084420,-0.327121,0.242043,0.763013,-0.025670,0.000000,0.000000
1.938066,-1.625524,0.866303,0.044544,-0.027591,0.948503,0.312404,0.016140,0.009319,0.074615,0.276507,-0.217537,0.003989,0.021146,-0.116225,-0.236054,0.812702,-0.216145,-0.003123,0.001497,-0.001985,0.229823,0.403259,-0.431922,1.083092,1.570800,0.000000,0.000000,0.077477,-0.324872,0.242294,0.758864,-0.024320,0.000000,0.000000
1.947234,-1.629894,0.867020,0.043055,-0.026323,0.947994,0.314262,0.007876,0.009836,0.077140,0.266824,-0.209499,0.003733,0.032137,-0.118907,-0.241508,0.830768,-0.180793,-0.003205,0.009433,-0.002304,0.234864,0.399531,-0.434783,1.093609,1.570800,0.000000,0.000000,0.070472,-0.320548,0.242919,0.752414,-0.015685,0.000000,0.000000
1.956021,-1.634713,0.867539,0.042006,-0.025528,0.947502,0.315948,0.000396,0.010147,0.079781,0.259771,-0.203400,0.003403,0.040826,-0.120650,-0.241408,0.844610,-0.167517,-0.004083,0.016558,-0.002623,0.239598,0.397413,-0.436588,1.101316,1.570800,0.000000,0.000000,0.064735,-0.318604,0.242840,0.747269,-0.004703,0.000000,0.000000
1.965268,-1.639357,0.868010,0.041354,-0.025152,0.946819,0.318105,-0.007065,0.011253,0.083336,0.253578,-0.198284,0.003128,0.048475,-0.118961,-0.230282,0.856530,-0.176340,-0.006013,0.024341,-0.002894,0.245321,0.395688,-0.435330,1.109590,1.570800,0.000000,0.000000,0.058893,-0.316966,0.240846,0.744871,0.014437,0.000000,0.000000
1.974219,-1.644793,0.868370,0.040456,-0.024449,0.945995,0.320716,-0.015445,0.011508,0.087082,0.246947,-0.193192,0.002603,0.056647,-0.119528,-0.218264,0.867843,-0.177098,-0.008868,0.033790,-0.003280,0.249805,0.392733,-0.435106,1.119605,1.570800,0.000000,0.000000,0.053114,-0.316186,0.240252,0.741089,0.032569,0.000000,0.000000
1.983891,-1.650188,0.868641,0.039338,-0.023794,0.944972,0.323905,-0.024865,0.012454,0.090703,0.241106,-0.187563,0.002283,0.064427,-0.119607,-0.205947,0.876742,-0.166098,-0.011613,0.044821,-0.003815,0.252693,0.389673,-0.435540,1.129095,1.570800,0.000000,0.000000,0.047936,-0.318785,0.243110,0.731504,0.024888,0.000000,0.000000
1.994034,-1.655509,0.868766,0.038269,-0.023164,0.943816,0.327431,-0.034872,0.014075,0.092565,0.236804,-0.182206,0.002416,0.071483,-0.118963,-0.194854,0.883419,-0.153483,-0.013830,0.055872,-0.004306,0.256073,0.387499,-0.431948,1.135366,1.570800,0.000000,0.000000,0.041382,-0.322356,0.243660,0.720368,0.005234,0.000000,0.000000
2.004210,-1.660947,0.868709,0.037372,-0.022415,0.942550,0.331212,-0.045136,0.015402,0.092434,0.233898,-0.178444,0.002790,0.078236,-0.119234,-0.186157,0.888391,-0.143351,-0.015811,0.065953,-0.004709,0.261348,0.387269,-0.426292,1.139041,1.570800,0.000000,0.000000,0.033833,-0.325206,0.245107,0.712664,-0.007946,0.000000,0.000000
2.014543,-1.666288,0.868534,0.036463,-0.021770,0.941299,0.334892,-0.056174,0.016968,0.093541,0.232204,-0.175077,0.003012,0.084992,-0.119013,-0.175835,0.891564,-0.135354,-0.017934,0.076372,-0.005075,0.266834,0.387779,-0.422064,1.144164,1.570800,0.000000,0.000000,0.026437,-0.327156,0.248725,0.708406,-0.016475,0.000000,0.000000
2.024799,-1.671389,0.868258,0.035831,-0.021146,0.940232,0.337982,-0.066579,0.018492,0.096910,0.230976,-0.171272,0.002847,0.091484,-0.118218,-0.163778,0.893659,-0.130523,-0.020180,0.086056,-0.005440,0.271527,0.387224,-0.418625,1.149696,1.570800,0.000000,0.000000,0.019585,-0.328199,0.250929,0.705679,-0.023004,0.000000,0.000000
2.035160,-1.676694,0.867798,0.035491,-0.020690,0.938951,0.341589,-0.077999,0.020261,0.103320,0.231884,-0.167456,0.002243,0.098388,-0.117961,-0.151036,0.895130,-0.124326,-0.022706,0.096947,-0.005861,0.276890,0.385170,-0.411621,1.155402,1.570800,0.000000,0.000000,0.011515,-0.328334,0.253617,0.704406,-0.029830,0.000000,0.000000
2.046335,-1.681931,0.867217,0.034791,-0.020538,0.937276,0.346240,-0.091144,0.023671,0.110099,0.235718,-0.163546,0.001969,0.104366,-0.114453,-0.133693,0.894654,-0.115103,-0.025039,0.108610,-0.006309,0.282867,0.381027,-0.394654,1.160797,1.570800,0.000000,0.000000,0.002215,-0.327712,0.259112,0.703775,-0.037584,0.000000,0.000000
2.057838,-1.686769,0.866574,0.034008,-0.020245,0.935890,0.350063,-0.104267,0.028046,0.113391,0.239200,-0.157578,0.002462,0.109647,-0.106717,-0.112185,0.892106,-0.105681,-0.026764,0.119215,-0.006730,0.287538,0.376876,-0.376020,1.165126,1.570800,0.000000,0.000000,-0.006479,-0.327142,0.264094,0.703944,-0.043531,0.000000,0.000000
2.068827,-1.691784,0.865852,0.033535,-0.019454,0.934808,0.353030,-0.115912,0.031217,0.114750,0.240313,-0.149389,0.002944,0.115015,-0.100395,-0.093653,0.888266,-0.098015,-0.028327,0.129357,-0.007147,0.291326,0.375032,-0.364076,1.168147,1.570800,0.000000,0.000000,-0.013793,-0.328965,0.267223,0.705076,-0.052753,0.000000,0.000000
2.079841,-1.696991,0.865062,0.033092,-0.018697,0.933585,0.356336,-0.127301,0.034259,0.116503,0.240968,-0.141186,0.003324,0.120190,-0.095257,-0.076526,0.882276,-0.092100,-0.029971,0.139188,-0.007515,0.295368,0.374328,-0.354688,1.170587,1.570800,0.000000,0.000000,-0.021769,-0.330556,0.271322,0.707910,-0.065807,0.000000,0.000000
2.090736,-1.702364,0.864173,0.032835,-0.018129,0.932469,0.359298,-0.138801,0.037300,0.118605,0.241115,-0.132606,0.003634,0.125403,-0.090703,-0.060100,0.874343,-0.088606,-0.031658,0.148378,-0.007819,0.298936,0.373549,-0.344811,1.173527,1.570800,0.000000,0.000000,-0.029714,-0.331343,0.275482,0.711610,-0.075355,0.000000,0.000000
2.101399,-1.707824,0.863237,0.032828,-0.017487,0.931389,0.362119,-0.149000,0.039640,0.121495,0.240836,-0.123998,0.003648,0.130519,-0.088483,-0.048484,0.865597,-0.087373,-0.033178,0.156987,-0.008097,0.301588,0.373552,-0.335729,1.176473,1.570800,0.000000,0.000000,-0.036384,-0.332563,0.276274,0.715772,-0.080863,0.000000,0.000000
2.112142,-1.713211,0.862203,0.032929,-0.017130,0.930349,0.364791,-0.159464,0.042473,0.126638,0.240364,-0.115234,0.003397,0.136263,-0.086530,-0.038027,0.855128,-0.088107,-0.034579,0.166001,-0.008409,0.304458,0.374338,-0.329264,1.179040,1.570800,0.000000,0.000000,-0.043324,-0.335088,0.275572,0.719767,-0.086860,0.000000,0.000000
2.123021,-1.718336,0.861088,0.032675,-0.016630,0.929472,0.367066,-0.170383,0.045915,0.131909,0.238429,-0.105810,0.003265,0.141791,-0.081303,-0.021251,0.841504,-0.099364,-0.036126,0.174011,-0.008678,0.307593,0.375822,-0.325423,1.180766,1.570800,0.000000,0.000000,-0.050525,-0.336848,0.276842,0.722277,-0.092998,0.000000,0.000000
2.133645,-1.724100,0.859845,0.032551,-0.015933,0.928287,0.370094,-0.180733,0.048815,0.136699,0.234659,-0.094982,0.003072,0.146718,-0.077290,-0.004265,0.825672,-0.120223,-0.038171,0.182449,-0.008975,0.310299,0.376427,-0.320900,1.182039,1.570800,0.000000,0.000000,-0.055915,-0.336213,0.282076,0.724170,-0.097168,0.000000,0.000000
2.143849,-1.730622,0.858554,0.032494,-0.014974,0.926878,0.373654,-0.189769,0.050298,0.140510,0.228057,-0.083551,0.002720,0.150567,-0.076661,0.010710,0.808791,-0.136933,-0.040956,0.190902,-0.009247,0.312141,0.374827,-0.315508,1.184026,1.570800,0.000000,0.000000,-0.058677,-0.334904,0.292534,0.728738,-0.090786,0.000000,0.000000
2.154373,-1.736909,0.857235,0.032559,-0.014248,0.925783,0.376380,-0.197423,0.051679,0.143888,0.218911,-0.074922,0.002469,0.153892,-0.075024,0.024921,0.789637,-0.150491,-0.043262,0.197238,-0.009491,0.312927,0.372364,-0.309795,1.186652,1.570800,0.000000,0.000000,-0.064664,-0.334043,0.300086,0.735940,-0.082756,0.000000,0.000000
2.165382,-1.741744,0.855769,0.032123,-0.014045,0.925206,0.377841,-0.205596,0.055244,0.148007,0.206329,-0.068931,0.002663,0.158256,-0.064766,0.048429,0.760027,-0.176935,-0.044536,0.202262,-0.009694,0.312896,0.371517,-0.303932,1.188483,1.570800,0.000000,0.000000,-0.073887,-0.333658,0.308250,0.746558,-0.077963,0.000000,0.000000
2.176300,-1.746917,0.854163,0.032138,-0.013746,0.924472,0.379645,-0.211595,0.058413,0.152504,0.191993,-0.064608,0.002726,0.161649,-0.055976,0.066955,0.733754,-0.207150,-0.045379,0.206306,-0.009824,0.312777,0.371343,-0.298515,1.189580,1.570800,0.000000,0.000000,-0.081060,-0.333281,0.315477,0.755975,-0.079041,0.000000,0.000000
2.187220,-1.752453,0.852415,0.032327,-0.013423,0.923452,0.382113,-0.215801,0.061068,0.158326,0.175029,-0.062839,0.002533,0.163884,-0.050415,0.078569,0.712240,-0.236671,-0.045900,0.210006,-0.009983,0.313210,0.370467,-0.292783,1.189445,1.570800,0.000000,0.000000,-0.087167,-0.332380,0.322621,0.763076,-0.079140,0.000000,0.000000
2.197820,-1.758244,0.850406,0.032499,-0.013305,0.922362,0.384728,-0.218335,0.063760,0.164030,0.153361,-0.065714,0.002509,0.165356,-0.046642,0.085994,0.691312,-0.276183,-0.046099,0.213353,-0.010070,0.314139,0.369870,-0.286277,1.188326,1.570800,0.000000,0.000000,-0.093040,-0.331377,0.330138,0.768630,-0.075288,0.000000,0.000000
2.207096,-1.764941,0.848241,0.032935,-0.013121,0.921652,0.386394,-0.218931,0.064043,0.167557,0.129476,-0.071139,0.002386,0.166116,-0.046185,0.092322,0.670964,-0.317672,-0.046982,0.215309,-0.010156,0.314370,0.369008,-0.280407,1.187688,1.570800,0.000000,0.000000,-0.097777,-0.330327,0.336958,0.774536,-0.073434,0.000000,0.000000
2.216458,-1.771748,0.845764,0.033936,-0.012757,0.921000,0.387872,-0.218221,0.062838,0.171173,0.105738,-0.080212,0.002022,0.166935,-0.051556,0.082672,0.654532,-0.356322,-0.046720,0.217516,-0.010265,0.314593,0.368272,-0.275679,1.186602,1.570800,0.000000,0.000000,-0.101385,-0.330006,0.343742,0.782122,-0.073451,0.000000,0.000000
2.226343,-1.778002,0.843032,0.034683,-0.012561,0.921073,0.387640,-0.216991,0.061738,0.173810,0.080199,-0.092002,0.001956,0.167447,-0.053894,0.072242,0.636916,-0.388130,-0.045108,0.217670,-0.010280,0.315446,0.368492,-0.271080,1.181812,1.570800,0.000000,0.000000,-0.104461,-0.330251,0.350066,0.790250,-0.075432,0.000000,0.000000
2.236393,-1.784080,0.840030,0.035537,-0.012594,0.921436,0.386696,-0.214994,0.060780,0.176460,0.053681,-0.102490,0.001962,0.167745,-0.055559,0.057082,0.619976,-0.412455,-0.042390,0.216465,-0.010231,0.317710,0.369812,-0.267438,1.174330,1.570800,0.000000,0.000000,-0.105686,-0.330088,0.355732,0.796387,-0.077383,0.000000,0.000000
2.246355,-1.790074,0.836851,0.036136,-0.012737,0.921951,0.385407,-0.212283,0.059560,0.180649,0.025790,-0.113429,0.001777,0.167725,-0.056102,0.041300,0.601644,-0.432949,-0.039195,0.214237,-0.010145,0.319100,0.371913,-0.264229,1.167083,1.570800,0.000000,0.000000,-0.105811,-0.329582,0.360224,0.800888,-0.077218,0.000000,0.000000
2.256134,-1.796124,0.833577,0.036295,-0.013046,0.922266,0.384626,-0.208814,0.057973,0.189480,-0.003415,-0.126382,0.001082,0.167126,-0.055708,0.027350,0.581507,-0.450207,-0.036040,0.211840,-0.010077,0.319307,0.374218,-0.260579,1.160024,1.570800,0.000000,0.000000,-0.105427,-0.329665,0.363745,0.804718,-0.074684,0.000000,0.000000
2.265385,-1.802510,0.832386,0.036440,-0.013202,0.922895,0.383096,-0.204729,0.055233,0.197925,-0.017450,-0.139518,0.000227,0.166170,-0.055582,0.014351,0.563087,-0.463410,-0.033275,0.209425,-0.010006,0.318417,0.376130,-0.258486,1.153207,1.570800,0.000000,0.000000,-0.103725,-0.329738,0.366312,0.807831,-0.071552,0.000000,0.000000
2.274323,-1.809120,0.833259,0.036951,-0.013083,0.924064,0.380223,-0.199632,0.051315,0.203291,-0.017450,-0.151527,-0.000623,0.165007,-0.055967,-0.000547,0.545687,-0.474579,-0.030379,0.205618,-0.009940,0.316327,0.378113,-0.257773,1.146525,1.570800,0.000000,0.000000,-0.100804,-0.331300,0.369739,0.812173,-0.078499,0.000000,0.000000
2.283361,-1.815687,0.834195,0.037497,-0.012951,0.925877,0.375738,-0.194801,0.046780,0.207498,-0.017450,-0.158578,-0.001600,0.163512,-0.055432,-0.014204,0.531470,-0.483379,-0.027543,0.200225,-0.009842,0.313649,0.380733,-0.259767,1.140386,1.570800,0.000000,0.000000,-0.097162,-0.334965,0.373160,0.816972,-0.092970,0.000000,0.000000
2.292670,-1.822079,0.835119,0.038098,-0.013181,0.927245,0.372278,-0.190411,0.042337,0.215465,-0.017450,-0.160568,-0.003071,0.161277,-0.053798,-0.023362,0.520190,-0.490997,-0.025233,0.194294,-0.009612,0.311807,0.382978,-0.263439,1.133862,1.570800,0.000000,0.000000,-0.092884,-0.336771,0.374981,0.819342,-0.095862,0.000000,0.000000
2.302170,-1.828397,0.835818,0.039189,-0.013521,0.928465,0.369100,-0.186113,0.037766,0.226922,-0.017450,-0.159562,-0.005058,0.158252,-0.051642,-0.030312,0.511615,-0.497573,-0.023209,0.187515,-0.009271,0.310464,0.384627,-0.267203,1.126572,1.570800,0.000000,0.000000,-0.087749,-0.337249,0.375327,0.819800,-0.088290,0.000000,0.000000
2.311371,-1.834833,0.836428,0.040390,-0.013866,0.929457,0.366451,-0.181955,0.033532,0.239096,-0.017450,-0.157076,-0.007207,0.154641,-0.049616,-0.035804,0.505479,-0.503284,-0.021528,0.181317,-0.009037,0.309040,0.385084,-0.267681,1.118739,1.570800,0.000000,0.000000,-0.082416,-0.338061,0.375937,0.820440,-0.080965,0.000000,0.000000
2.320210,-1.841112,0.837125,0.041591,-0.014069,0.930209,0.364394,-0.177174,0.030480,0.248636,-0.017450,-0.154094,-0.009024,0.150154,-0.047220,-0.038571,0.500171,-0.508956,-0.020200,0.175014,-0.008776,0.308004,0.383761,-0.265971,1.109772,1.570800,0.000000,0.000000,-0.075391,-0.337430,0.376599,0.821910,-0.067597,0.000000,0.000000
2.328493,-1.847619,0.837397,0.043492,-0.013729,0.930833,0.362587,-0.172199,0.027779,0.254334,-0.017450,-0.152171,-0.010468,0.145529,-0.045401,-0.038727,0.495252,-0.514035,-0.019489,0.169117,-0.008583,0.307393,0.382224,-0.265008,1.100487,1.570800,0.000000,0.000000,-0.066413,-0.336873,0.379053,0.824966,-0.060696,0.000000,0.000000
2.336382,-1.854266,0.837975,0.045435,-0.012995,0.931662,0.360239,-0.165664,0.023366,0.258922,-0.017450,-0.152417,-0.012252,0.139538,-0.044586,-0.039819,0.487047,-0.519283,-0.018873,0.161545,-0.008224,0.306217,0.379845,-0.265563,1.087747,1.570800,0.000000,0.000000,-0.052189,-0.334898,0.377520,0.831149,-0.046787,0.000000,0.000000
2.344265,-1.861045,0.838141,0.047102,-0.012161,0.932082,0.358967,-0.161039,0.019636,0.261154,-0.017450,-0.155422,-0.013523,0.134952,-0.045567,-0.042506,0.479449,-0.520539,-0.018567,0.156468,-0.008007,0.305048,0.378106,-0.266682,1.077517,1.570800,0.000000,0.000000,-0.041684,-0.335115,0.375880,0.836196,-0.041870,0.000000,0.000000
2.352296,-1.867738,0.838291,0.049009,-0.011469,0.932510,0.357620,-0.156359,0.016023,0.262352,-0.016287,-0.160811,-0.014647,0.130421,-0.047175,-0.046809,0.471618,-0.518309,-0.018183,0.151439,-0.007778,0.303734,0.376651,-0.268843,1.066976,1.570800,0.000000,0.000000,-0.031242,-0.335819,0.372998,0.843186,-0.033743,0.000000,0.000000
2.360453,-1.874376,0.841765,0.050522,-0.010930,0.933134,0.355793,-0.151674,0.013216,0.261886,0.011186,-0.169572,-0.015716,0.125592,-0.048319,-0.052679,0.461483,-0.511756,-0.017426,0.146486,-0.007525,0.300748,0.376531,-0.274541,1.056337,1.570800,0.000000,0.000000,-0.018294,-0.340242,0.371479,0.853066,-0.039246,0.000000,0.000000
2.368622,-1.881009,0.845755,0.051515,-0.010121,0.933868,0.353743,-0.147931,0.011436,0.261279,0.047830,-0.181379,-0.016873,0.121110,-0.048924,-0.057951,0.449421,-0.503002,-0.016652,0.142105,-0.007219,0.295696,0.376214,-0.281042,1.049280,1.570800,0.000000,0.000000,-0.008310,-0.343424,0.367803,0.866127,-0.049410,0.000000,0.000000
2.376503,-1.887848,0.849309,0.052354,-0.009132,0.934676,0.351505,-0.144492,0.009828,0.259446,0.086527,-0.192116,-0.017995,0.116890,-0.049905,-0.062126,0.437115,-0.494042,-0.016176,0.138465,-0.006900,0.288037,0.375871,-0.291056,1.044138,1.570800,0.000000,0.000000,0.002374,-0.345539,0.363553,0.873616,-0.058173,0.000000,0.000000
2.384238,-1.894735,0.852380,0.053464,-0.008149,0.935409,0.349407,-0.140519,0.008412,0.254007,0.128184,-0.200696,-0.018768,0.112668,-0.051256,-0.065000,0.425234,-0.485132,-0.016010,0.136161,-0.006641,0.277495,0.375560,-0.304737,1.040331,1.570800,0.000000,0.000000,0.016134,-0.347728,0.360531,0.878289,-0.068958,0.000000,0.000000
2.392197,-1.901445,0.854615,0.054756,-0.007243,0.935921,0.347852,-0.136340,0.007539,0.249311,0.170736,-0.210908,-0.019519,0.108385,-0.052373,-0.066414,0.414794,-0.473636,-0.016046,0.134808,-0.006455,0.266082,0.375843,-0.317927,1.036306,1.570800,0.000000,0.000000,0.030973,-0.350683,0.361229,0.882814,-0.091199,0.000000,0.000000
2.400013,-1.907924,0.856191,0.055583,-0.006305,0.936444,0.346328,-0.132132,0.007292,0.242490,0.214187,-0.220186,-0.019764,0.104047,-0.053125,-0.066807,0.403753,-0.459527,-0.016172,0.133637,-0.006152,0.254956,0.374110,-0.329632,1.034821,1.570800,0.000000,0.000000,0.046437,-0.350343,0.350881,0.888864,-0.095879,0.000000,0.000000
2.407881,-1.914226,0.856955,0.055812,-0.005477,0.937281,0.344034,-0.128168,0.007709,0.241829,0.258359,-0.232659,-0.020730,0.099636,-0.053054,-0.068230,0.391306,-0.443988,-0.015933,0.131843,-0.005862,0.242771,0.371244,-0.342531,1.037140,1.570800,0.000000,0.000000,0.059466,-0.347798,0.341182,0.901184,-0.098980,0.000000,0.000000
2.415620,-1.920692,0.856727,0.056380,-0.004735,0.937988,0.342018,-0.123463,0.008754,0.237449,0.304612,-0.244236,-0.020952,0.095240,-0.053343,-0.069973,0.378675,-0.426588,-0.015750,0.129736,-0.005563,0.230043,0.369011,-0.354745,1.039981,1.570800,0.000000,0.000000,0.072123,-0.345046,0.331783,0.920299,-0.100736,0.000000,0.000000
2.423272,-1.927251,0.855520,0.056980,-0.003991,0.938642,0.340130,-0.118216,0.009900,0.232644,0.349677,-0.254477,-0.021001,0.090741,-0.054010,-0.072407,0.367023,-0.409177,-0.015560,0.126482,-0.005240,0.218590,0.369033,-0.364778,1.040197,1.570800,0.000000,0.000000,0.084966,-0.343788,0.320432,0.941226,-0.096373,0.000000,0.000000
2.430574,-1.933988,0.854455,0.057346,-0.003205,0.939321,0.338197,-0.112511,0.010400,0.226502,0.392793,-0.262673,-0.020896,0.085901,-0.055249,-0.074897,0.356083,-0.392405,-0.015501,0.122687,-0.004920,0.207463,0.368457,-0.374095,1.037926,1.570800,0.000000,0.000000,0.098909,-0.343473,0.310669,0.954815,-0.088639,0.000000,0.000000
2.437805,-1.940654,0.856453,0.057608,-0.002588,0.940434,0.335049,-0.106592,0.010644,0.218541,0.434355,-0.270162,-0.020396,0.081065,-0.055768,-0.076620,0.345446,-0.375561,-0.015375,0.117498,-0.004555,0.195607,0.367861,-0.382889,1.035024,1.570800,0.000000,0.000000,0.111932,-0.343363,0.303210,0.964229,-0.081870,0.000000,0.000000
2.445136,-1.946685,0.858294,0.057554,-0.002083,0.941290,0.332649,-0.100074,0.012441,0.216162,0.473366,-0.278846,-0.020341,0.076239,-0.055526,-0.078126,0.334502,-0.359702,-0.015087,0.111493,-0.004182,0.184509,0.367945,-0.388923,1.031613,1.570800,0.000000,0.000000,0.122650,-0.340881,0.300506,0.969276,-0.080185,0.000000,0.000000
2.452356,-1.952853,0.860243,0.057544,-0.001710,0.941460,0.332173,-0.092601,0.014852,0.214145,0.514814,-0.286261,-0.020166,0.071017,-0.055795,-0.078892,0.321973,-0.344596,-0.015035,0.106213,-0.003922,0.175397,0.364749,-0.394022,1.025873,1.570800,0.000000,0.000000,0.134203,-0.335881,0.300414,0.970787,-0.083013,0.000000,0.000000
2.459497,-1.959437,0.862023,0.057643,-0.001489,0.942189,0.330082,-0.085135,0.017191,0.209340,0.556016,-0.291517,-0.019388,0.066282,-0.056207,-0.081475,0.309216,-0.332905,-0.014711,0.100640,-0.003640,0.166799,0.361161,-0.398119,1.020742,1.570800,0.000000,0.000000,0.146057,-0.336843,0.289269,0.984947,-0.086309,0.000000,0.000000
2.466766,-1.965824,0.863646,0.057552,-0.001023,0.942628,0.328844,-0.076949,0.019843,0.203621,0.594580,-0.294447,-0.018245,0.061429,-0.056666,-0.084323,0.297046,-0.319963,-0.014358,0.095751,-0.003250,0.154999,0.365119,-0.396079,1.018208,1.570800,0.000000,0.000000,0.155096,-0.339918,0.280400,0.992526,-0.092480,0.000000,0.000000
2.473675,-1.972512,0.865035,0.056841,-0.000703,0.942798,0.328483,-0.068522,0.022277,0.197940,0.630709,-0.297180,-0.017027,0.056101,-0.057079,-0.086167,0.285153,-0.304333,-0.014165,0.090576,-0.003034,0.149627,0.356697,-0.399118,1.010503,1.570800,0.000000,0.000000,0.163566,-0.339397,0.278753,1.001260,-0.098448,0.000000,0.000000
2.480732,-1.979146,0.866373,0.056282,-0.000233,0.942975,0.328071,-0.059949,0.024526,0.193500,0.665839,-0.297897,-0.015989,0.050783,-0.057488,-0.087554,0.273301,-0.288866,-0.014045,0.085395,-0.002616,0.140631,0.355264,-0.399437,1.002793,1.570800,0.000000,0.000000,0.170986,-0.339425,0.277697,1.012586,-0.106753,0.000000,0.000000
2.488063,-1.985293,0.867599,0.055907,0.000029,0.943010,0.328035,-0.051094,0.028380,0.190205,0.701149,-0.296226,-0.014620,0.045645,-0.057474,-0.090262,0.261362,-0.276078,-0.013598,0.081852,-0.002298,0.128398,0.363370,-0.395476,0.996889,1.570800,0.000000,0.000000,0.178564,-0.339651,0.272011,1.020197,-0.117626,0.000000,0.000000
2.495249,-1.991237,0.868569,0.055317,-0.000058,0.943235,0.327488,-0.041838,0.033320,0.186357,0.734925,-0.294152,-0.012693,0.040640,-0.056379,-0.090228,0.249808,-0.267206,-0.013300,0.077275,-0.002058,0.118355,0.370559,-0.391482,0.990161,1.570800,0.000000,0.000000,0.185973,-0.340414,0.266310,1.022496,-0.120335,0.000000,0.000000
2.502142,-1.997673,0.869357,0.054894,-0.000155,0.943496,0.326805,-0.031990,0.037161,0.180778,0.766725,-0.292753,-0.010618,0.035451,-0.055990,-0.089639,0.239811,-0.259426,-0.013268,0.071017,-0.001822,0.110630,0.373771,-0.390069,0.978660,1.570800,0.000000,0.000000,0.193218,-0.340654,0.262293,1.026125,-0.117132,0.000000,0.000000
2.508911,-2.004368,0.869964,0.054354,-0.000341,0.943773,0.326095,-0.021805,0.040673,0.174178,0.795972,-0.288507,-0.008316,0.029835,-0.055949,-0.088590,0.231132,-0.250578,-0.013399,0.066431,-0.001628,0.102611,0.376222,-0.390643,0.966146,1.570800,0.000000,0.000000,0.201606,-0.341629,0.258802,1.029877,-0.121969,0.000000,0.000000
2.515744,-2.011018,0.870395,0.053991,-0.000580,0.944259,0.324745,-0.011303,0.045220,0.169317,0.823325,-0.281120,-0.005968,0.024162,-0.056152,-0.089440,0.224206,-0.243546,-0.013288,0.060906,-0.001325,0.095200,0.379101,-0.391730,0.954714,1.570800,0.000000,0.000000,0.210283,-0.342298,0.255118,1.033202,-0.132690,0.000000,0.000000
2.522497,-2.017771,0.870619,0.053591,-0.001046,0.944441,0.324280,-0.000154,0.049957,0.165840,0.847928,-0.274193,-0.003753,0.018013,-0.056665,-0.091296,0.219070,-0.239769,-0.013088,0.054689,-0.001016,0.089003,0.382688,-0.391193,0.943314,1.570800,0.000000,0.000000,0.218468,-0.342688,0.251665,1.036117,-0.139966,0.000000,0.000000
2.528905,-2.024771,0.870533,0.053277,-0.001944,0.944093,0.325340,0.011943,0.053422,0.161789,0.868862,-0.267630,-0.001725,0.011163,-0.057631,-0.090337,0.217302,-0.240954,-0.013422,0.048256,-0.000697,0.084840,0.386369,-0.386276,0.931864,1.570800,0.000000,0.000000,0.225572,-0.342750,0.250052,1.039127,-0.140220,0.000000,0.000000
2.536169,-2.031216,0.870355,0.052827,-0.002775,0.944112,0.325352,0.024173,0.057407,0.157015,0.887945,-0.260125,0.000677,0.002805,-0.056174,-0.086470,0.217903,-0.237678,-0.013617,0.040699,-0.000392,0.080822,0.392894,-0.382700,0.919158,1.570800,0.000000,0.000000,0.231764,-0.342806,0.248271,1.043510,-0.142526,0.000000,0.000000
2.543190,-2.038739,0.870004,0.052552,-0.003562,0.944463,0.324368,0.036245,0.060108,0.152053,0.904555,-0.254889,0.002742,-0.006881,-0.056273,-0.086423,0.221365,-0.235400,-0.013605,0.032921,-0.000087,0.076955,0.397682,-0.377895,0.905433,1.570800,0.000000,0.000000,0.238333,-0.342250,0.243895,1.047016,-0.142405,0.000000,0.000000
2.550297,-2.046996,0.869497,0.052544,-0.004161,0.945117,0.322453,0.047744,0.061323,0.144500,0.919246,-0.250286,0.004873,-0.017798,-0.058006,-0.089418,0.227907,-0.234022,-0.013507,0.024285,0.000291,0.070618,0.403622,-0.379635,0.895062,1.570800,0.000000,0.000000,0.244779,-0.342710,0.238924,1.050916,-0.131320,0.000000,0.000000
2.557503,-2.055697,0.868762,0.052596,-0.004929,0.945810,0.320394,0.058942,0.060974,0.132243,0.931753,-0.235156,0.007461,-0.030138,-0.060202,-0.092645,0.237299,-0.232345,-0.013468,0.015721,0.000599,0.064981,0.406182,-0.378028,0.884817,1.570800,0.000000,0.000000,0.250879,-0.342096,0.233340,1.059162,-0.128950,0.000000,0.000000
2.565317,-2.063494,0.868000,0.052016,-0.005510,0.946717,0.317790,0.068937,0.063146,0.121181,0.941683,-0.232822,0.010523,-0.042762,-0.060788,-0.094576,0.246331,-0.231131,-0.013236,0.004068,0.001040,0.059983,0.410932,-0.374266,0.876764,1.570800,0.000000,0.000000,0.254741,-0.341403,0.231442,1.074277,-0.138150,0.000000,0.000000
2.573495,-2.071591,0.867089,0.051221,-0.006548,0.947500,0.315560,0.078190,0.065047,0.109578,0.948868,-0.234907,0.013569,-0.055991,-0.059908,-0.094186,0.254423,-0.230895,-0.013018,-0.007536,0.001476,0.054107,0.416460,-0.370606,0.870373,1.570800,0.000000,0.000000,0.258122,-0.340891,0.232030,1.086080,-0.147060,0.000000,0.000000
2.581934,-2.079836,0.866134,0.050321,-0.007584,0.948275,0.313344,0.087156,0.066074,0.096733,0.954032,-0.234958,0.016559,-0.069976,-0.058092,-0.088731,0.260340,-0.232128,-0.013357,-0.019647,0.001895,0.047684,0.421324,-0.366281,0.863977,1.570800,0.000000,0.000000,0.260752,-0.341955,0.230502,1.088328,-0.148169,0.000000,0.000000
2.589624,-2.089031,0.865152,0.050056,-0.008228,0.948846,0.311639,0.096714,0.064922,0.085062,0.957521,-0.232281,0.018615,-0.083489,-0.059705,-0.092574,0.268868,-0.227693,-0.013049,-0.031758,0.002281,0.041693,0.424851,-0.362299,0.857748,1.570800,0.000000,0.000000,0.263177,-0.344935,0.226854,1.084215,-0.140965,0.000000,0.000000
2.597919,-2.097206,0.864297,0.049288,-0.008513,0.949700,0.309142,0.105515,0.065059,0.074192,0.958297,-0.234760,0.020868,-0.096440,-0.059764,-0.089886,0.272828,-0.227823,-0.013407,-0.043722,0.002684,0.035779,0.427600,-0.358363,0.852701,1.570800,0.000000,0.000000,0.265237,-0.346876,0.221391,1.082128,-0.138103,0.000000,0.000000
2.605531,-2.106245,0.863460,0.048508,-0.008627,0.950285,0.307458,0.114140,0.063306,0.064053,0.956096,-0.237899,0.022364,-0.108930,-0.061672,-0.091938,0.276799,-0.223161,-0.013446,-0.053697,0.003052,0.029968,0.429568,-0.355937,0.848684,1.570800,0.000000,0.000000,0.266954,-0.348125,0.217057,1.084524,-0.138376,0.000000,0.000000
2.613057,-2.115512,0.862570,0.047521,-0.008743,0.950755,0.306155,0.122757,0.059919,0.053023,0.951108,-0.240336,0.023501,-0.121742,-0.064090,-0.095042,0.279488,-0.216384,-0.013427,-0.063185,0.003413,0.023920,0.431892,-0.353103,0.845306,1.570800,0.000000,0.000000,0.267320,-0.350751,0.211067,1.093135,-0.141459,0.000000,0.000000
2.620628,-2.124984,0.861572,0.047023,-0.009043,0.951208,0.304812,0.131373,0.055300,0.040819,0.944253,-0.242748,0.024438,-0.133941,-0.066652,-0.097482,0.280952,-0.208737,-0.013545,-0.072333,0.003706,0.018368,0.433016,-0.351252,0.843428,1.570800,0.000000,0.000000,0.266378,-0.354200,0.204653,1.109328,-0.146866,0.000000,0.000000
2.628178,-2.134289,0.860659,0.045930,-0.009060,0.951964,0.302611,0.139307,0.050631,0.027357,0.935022,-0.240592,0.025580,-0.145553,-0.069363,-0.099936,0.279655,-0.201419,-0.013683,-0.081219,0.004067,0.012993,0.433116,-0.350876,0.841492,1.570800,0.000000,0.000000,0.265676,-0.356595,0.198364,1.123366,-0.152004,0.000000,0.000000
2.635786,-2.143759,0.859733,0.044731,-0.008965,0.952772,0.300240,0.146551,0.045195,0.012658,0.922899,-0.236416,0.026675,-0.156559,-0.072290,-0.101889,0.275509,-0.195499,-0.013942,-0.089987,0.004431,0.006464,0.432367,-0.350845,0.840942,1.570800,0.000000,0.000000,0.265195,-0.358101,0.191965,1.132650,-0.152740,0.000000,0.000000
2.643367,-2.153173,0.858713,0.043670,-0.008744,0.953528,0.297995,0.153728,0.038417,-0.004702,0.907153,-0.239516,0.027810,-0.167523,-0.075482,-0.104013,0.269856,-0.189919,-0.014210,-0.099015,0.004865,-0.001868,0.433946,-0.354403,0.842484,1.570800,0.000000,0.000000,0.265221,-0.359933,0.184693,1.139098,-0.147825,0.000000,0.000000
2.651084,-2.162637,0.857585,0.043107,-0.008561,0.954426,0.295194,0.160772,0.031401,-0.023512,0.890589,-0.244307,0.029143,-0.177652,-0.079047,-0.106883,0.265173,-0.183815,-0.014445,-0.107092,0.005287,-0.012019,0.437773,-0.363776,0.846920,1.570800,0.000000,0.000000,0.266500,-0.361874,0.177657,1.142860,-0.142643,0.000000,0.000000
2.658811,-2.172484,0.856381,0.042447,-0.008303,0.955396,0.292144,0.167285,0.023339,-0.042317,0.872308,-0.246984,0.030146,-0.187089,-0.083371,-0.109276,0.258902,-0.178760,-0.014920,-0.113578,0.005514,-0.022812,0.438556,-0.372997,0.850819,1.570800,0.000000,0.000000,0.268649,-0.362897,0.169293,1.144292,-0.139135,0.000000,0.000000
2.666182,-2.182399,0.855136,0.040744,-0.008097,0.956610,0.288395,0.173522,0.015223,-0.059027,0.847363,-0.256789,0.030738,-0.195910,-0.087275,-0.113653,0.247259,-0.175441,-0.014971,-0.120996,0.005836,-0.035387,0.437645,-0.381793,0.856678,1.570800,0.000000,0.000000,0.270831,-0.363770,0.160168,1.144235,-0.129989,0.000000,0.000000
2.674814,-2.191152,0.853922,0.039714,-0.008185,0.957608,0.285206,0.177469,0.013445,-0.071409,0.826152,-0.264314,0.032573,-0.201557,-0.089521,-0.119009,0.230311,-0.167661,-0.014558,-0.126304,0.006093,-0.046185,0.434897,-0.391289,0.864156,1.570800,0.000000,0.000000,0.271574,-0.360886,0.145512,1.145796,-0.111484,0.000000,0.000000
2.683316,-2.200186,0.852710,0.038297,-0.007494,0.958193,0.283451,0.180687,0.008427,-0.088445,0.799008,-0.274817,0.034222,-0.206534,-0.092296,-0.124076,0.205849,-0.155262,-0.014363,-0.127804,0.006200,-0.059646,0.429435,-0.404640,0.874392,1.570800,0.000000,0.000000,0.270805,-0.356503,0.124585,1.148059,-0.084116,0.000000,0.000000
2.692345,-2.208760,0.850940,0.035807,-0.008274,0.959515,0.279248,0.182733,0.008390,-0.104112,0.768486,-0.286359,0.037236,-0.210368,-0.091677,-0.126364,0.180619,-0.155807,-0.013897,-0.131370,0.006392,-0.072168,0.427426,-0.415956,0.883420,1.570800,0.000000,0.000000,0.271421,-0.351696,0.110869,1.148766,-0.063608,0.000000,0.000000
2.701325,-2.217885,0.848846,0.033466,-0.008357,0.960171,0.277276,0.184437,0.006152,-0.118032,0.735799,-0.305703,0.039176,-0.213733,-0.091704,-0.126951,0.152623,-0.166594,-0.013853,-0.132826,0.006483,-0.084013,0.426198,-0.426687,0.891060,1.570800,0.000000,0.000000,0.272383,-0.348634,0.106088,1.148648,-0.055085,0.000000,0.000000
2.710044,-2.227666,0.846280,0.031823,-0.007193,0.960275,0.277141,0.185844,-0.000657,-0.129845,0.703794,-0.332013,0.039191,-0.216819,-0.095450,-0.125263,0.121471,-0.178701,-0.014807,-0.131014,0.006438,-0.096211,0.422320,-0.437138,0.900020,1.570800,0.000000,0.000000,0.272585,-0.346968,0.101637,1.148396,-0.049988,0.000000,0.000000
2.719169,-2.236342,0.843570,0.029687,-0.008010,0.961268,0.273895,0.185794,0.000620,-0.135621,0.677992,-0.355348,0.040633,-0.218773,-0.094469,-0.128315,0.094948,-0.186617,-0.014221,-0.133366,0.006586,-0.105727,0.421054,-0.446906,0.907973,1.570800,0.000000,0.000000,0.272758,-0.343311,0.099223,1.148160,-0.042172,0.000000,0.000000
2.728327,-2.245218,0.840492,0.027974,-0.008197,0.961914,0.271795,0.184609,0.003811,-0.137253,0.652323,-0.379192,0.041806,-0.219555,-0.094049,-0.131491,0.064624,-0.195962,-0.013814,-0.135846,0.006620,-0.113435,0.417763,-0.456805,0.915629,1.570800,0.000000,0.000000,0.272002,-0.339094,0.097970,1.147942,-0.034633,0.000000,0.000000
2.737648,-2.253689,0.837030,0.026230,-0.008432,0.962188,0.270991,0.182545,0.006875,-0.138761,0.626378,-0.401799,0.042757,-0.218722,-0.092258,-0.131118,0.031831,-0.211843,-0.013604,-0.136630,0.006631,-0.118908,0.414934,-0.464391,0.923081,1.570800,0.000000,0.000000,0.271158,-0.334924,0.097526,1.147418,-0.028773,0.000000,0.000000
2.746477,-2.263080,0.833238,0.024996,-0.007392,0.962140,0.271308,0.180674,0.006605,-0.133717,0.599496,-0.422582,0.041392,-0.216785,-0.092990,-0.131253,-0.003885,-0.228522,-0.013744,-0.135966,0.006579,-0.123125,0.410223,-0.470915,0.930769,1.570800,0.000000,0.000000,0.269193,-0.332381,0.098509,1.146099,-0.024980,0.000000,0.000000
2.755042,-2.272470,0.832252,0.023889,-0.006268,0.962145,0.271415,0.179024,0.005152,-0.125384,0.573754,-0.437537,0.039066,-0.214799,-0.094015,-0.135514,-0.017450,-0.243026,-0.013523,-0.134445,0.006506,-0.124566,0.405056,-0.475851,0.935256,1.570800,0.000000,0.000000,0.267971,-0.329386,0.100797,1.143294,-0.020620,0.000000,0.000000
2.763600,-2.281273,0.833223,0.022357,-0.005699,0.962223,0.271284,0.176955,0.005668,-0.113062,0.545674,-0.450167,0.036572,-0.212826,-0.093308,-0.143871,-0.017450,-0.255004,-0.012755,-0.133611,0.006476,-0.123940,0.401183,-0.479508,0.936882,1.570800,0.000000,0.000000,0.266832,-0.325668,0.104842,1.139010,-0.016720,0.000000,0.000000
2.771960,-2.289847,0.834047,0.020751,-0.006087,0.962085,0.271891,0.174818,0.008059,-0.098743,0.519425,-0.461393,0.034291,-0.210862,-0.089511,-0.155740,-0.017450,-0.264525,-0.011361,-0.133347,0.006456,-0.119627,0.397133,-0.483489,0.938087,1.570800,0.000000,0.000000,0.264533,-0.321012,0.112829,1.135285,-0.014874,0.000000,0.000000
2.779585,-2.299226,0.835301,0.020680,-0.004195,0.961315,0.274642,0.173083,0.004133,-0.087182,0.498069,-0.470320,0.030741,-0.209446,-0.089426,-0.171126,-0.017450,-0.264854,-0.010220,-0.130161,0.006214,-0.113206,0.385409,-0.489551,0.942198,1.570800,0.000000,0.000000,0.262129,-0.318240,0.123275,1.130948,-0.026619,0.000000,0.000000
2.787616,-2.307222,0.835741,0.019276,-0.006051,0.962418,0.270819,0.169774,0.006562,-0.082964,0.480506,-0.474478,0.030363,-0.207376,-0.084610,-0.188621,-0.017450,-0.262754,-0.008188,-0.133971,0.006413,-0.107332,0.382098,-0.495863,0.943667,1.570800,0.000000,0.000000,0.262749,-0.314693,0.140314,1.120954,-0.051485,0.000000,0.000000
2.795920,-2.315389,0.836716,0.018733,-0.006023,0.962837,0.269364,0.166414,0.006950,-0.081511,0.468941,-0.477002,0.029996,-0.205054,-0.082591,-0.198167,-0.017450,-0.258323,-0.007077,-0.136570,0.006579,-0.102689,0.381304,-0.497780,0.944711,1.570800,0.000000,0.000000,0.260841,-0.308881,0.141507,1.114393,-0.042753,0.000000,0.000000
2.804407,-2.323935,0.837884,0.018476,-0.005954,0.963008,0.268773,0.161651,0.006067,-0.080609,0.457066,-0.479234,0.029350,-0.201489,-0.080691,-0.208037,-0.017450,-0.253544,-0.005876,-0.136917,0.006664,-0.097577,0.379533,-0.501690,0.945708,1.570800,0.000000,0.000000,0.261304,-0.301696,0.147690,1.101565,-0.034665,0.000000,0.000000
2.812892,-2.332293,0.839970,0.020445,-0.003008,0.961222,0.274999,0.154777,-0.002364,-0.075298,0.441931,-0.484068,0.025818,-0.195431,-0.082056,-0.212508,-0.017450,-0.249737,-0.005510,-0.124196,0.006059,-0.090468,0.371894,-0.511885,0.949342,1.570800,0.000000,0.000000,0.267608,-0.295973,0.164718,1.078618,-0.056952,0.000000,0.000000
2.820664,-2.340032,0.840692,0.021729,-0.002347,0.960554,0.277234,0.151006,-0.006591,-0.073278,0.435190,-0.486296,0.024194,-0.192271,-0.082690,-0.216356,-0.017450,-0.243525,-0.005115,-0.116748,0.005735,-0.086438,0.368640,-0.518378,0.951958,1.570800,0.000000,0.000000,0.271131,-0.293948,0.168511,1.069941,-0.067417,0.000000,0.000000
2.828345,-2.346729,0.840456,0.022322,-0.004581,0.960838,0.276171,0.146361,-0.007295,-0.072054,0.429284,-0.487343,0.023691,-0.188694,-0.081011,-0.220724,-0.017450,-0.240160,-0.004250,-0.111834,0.005593,-0.079921,0.367738,-0.523204,0.954480,1.570800,0.000000,0.000000,0.275297,-0.290464,0.171977,1.060684,-0.071512,0.000000,0.000000
2.835773,-2.353727,0.841032,0.023057,-0.005331,0.960348,0.277798,0.140601,-0.009039,-0.072397,0.423063,-0.485295,0.023155,-0.184597,-0.079840,-0.223013,-0.017450,-0.233617,-0.003588,-0.106921,0.005410,-0.071144,0.367161,-0.528375,0.958062,1.570800,0.000000,0.000000,0.278585,-0.287067,0.176800,1.049949,-0.072006,0.000000,0.000000
2.843374,-2.360696,0.841654,0.024060,-0.007027,0.960746,0.276295,0.132722,-0.008604,-0.069605,0.416810,-0.480245,0.022741,-0.178473,-0.078814,-0.224844,-0.017450,-0.220474,-0.002801,-0.103305,0.005163,-0.059145,0.370431,-0.539500,0.964201,1.570800,0.000000,0.000000,0.282432,-0.286588,0.189736,1.041335,-0.101181,0.000000,0.000000
2.850621,-2.367810,0.842949,0.025080,-0.007732,0.960010,0.278733,0.126213,-0.010655,-0.066306,0.411519,-0.472560,0.021627,-0.173387,-0.078502,-0.227986,-0.014697,-0.201905,-0.001899,-0.099439,0.004851,-0.046935,0.370250,-0.542979,0.972560,1.570800,0.000000,0.000000,0.281612,-0.286165,0.197738,1.045129,-0.125302,0.000000,0.000000
2.858349,-2.373795,0.846419,0.025808,-0.009322,0.959294,0.281071,0.120369,-0.010822,-0.062907,0.405664,-0.462819,0.021034,-0.168578,-0.075733,-0.224835,0.011044,-0.192760,-0.001142,-0.096880,0.004650,-0.032766,0.368739,-0.540533,0.981867,1.570800,0.000000,0.000000,0.278893,-0.281410,0.211706,1.037376,-0.133655,0.000000,0.000000
2.865645,-2.380128,0.850262,0.026418,-0.010576,0.958472,0.283763,0.115421,-0.011359,-0.060056,0.398311,-0.452511,0.020437,-0.164242,-0.074026,-0.219730,0.045810,-0.189856,-0.000703,-0.095399,0.004439,-0.018799,0.367106,-0.537398,0.991883,1.570800,0.000000,0.000000,0.275144,-0.278047,0.228532,1.031168,-0.133778,0.000000,0.000000
2.872851,-2.386519,0.853339,0.026434,-0.011953,0.957633,0.286527,0.110802,-0.011389,-0.057232,0.389767,-0.440948,0.019978,-0.160649,-0.072366,-0.214201,0.081205,-0.194530,-0.000437,-0.093206,0.004190,-0.005615,0.366770,-0.535754,1.000258,1.570800,0.000000,0.000000,0.270572,-0.276612,0.244625,1.028708,-0.135654,0.000000,0.000000
2.880239,-2.392813,0.855914,0.026518,-0.013489,0.956807,0.289199,0.106114,-0.010677,-0.054597,0.379968,-0.427500,0.019745,-0.157071,-0.070573,-0.206583,0.122016,-0.206517,-0.000467,-0.092116,0.003959,0.010220,0.365669,-0.529100,1.009157,1.570800,0.000000,0.000000,0.264206,-0.274600,0.262494,1.027666,-0.136965,0.000000,0.000000
2.887443,-2.399403,0.858016,0.026867,-0.013895,0.955420,0.293698,0.101976,-0.012506,-0.052133,0.368868,-0.412418,0.018880,-0.154287,-0.071132,-0.198368,0.165003,-0.215715,-0.001118,-0.089187,0.003607,0.026137,0.361405,-0.519288,1.020257,1.570800,0.000000,0.000000,0.257071,-0.273641,0.279193,1.026342,-0.140442,0.000000,0.000000
2.895127,-2.405101,0.859079,0.025994,-0.016212,0.955211,0.294337,0.096953,-0.008403,-0.048493,0.356852,-0.395043,0.019389,-0.150874,-0.066818,-0.192438,0.211181,-0.221547,-0.000363,-0.091671,0.003527,0.043945,0.362513,-0.507885,1.030359,1.570800,0.000000,0.000000,0.249432,-0.271275,0.294716,1.025170,-0.141674,0.000000,0.000000
2.902413,-2.412277,0.859672,0.025738,-0.016082,0.954185,0.297676,0.091822,-0.010879,-0.049814,0.343972,-0.376061,0.018961,-0.147196,-0.068165,-0.185893,0.249976,-0.224074,-0.001099,-0.090705,0.003235,0.057768,0.357546,-0.499996,1.042801,1.570800,0.000000,0.000000,0.240286,-0.270439,0.307214,1.025702,-0.145704,0.000000,0.000000
2.910137,-2.418426,0.859481,0.025226,-0.016397,0.953011,0.301438,0.086366,-0.012059,-0.047695,0.331732,-0.358465,0.018341,-0.142553,-0.067825,-0.181960,0.286882,-0.227333,-0.001104,-0.087191,0.002972,0.071535,0.352407,-0.491405,1.054562,1.570800,0.000000,0.000000,0.230356,-0.268694,0.316927,1.026945,-0.149091,0.000000,0.000000
2.917906,-2.424090,0.858604,0.024331,-0.016882,0.951877,0.305047,0.080512,-0.011718,-0.044386,0.320680,-0.342202,0.017923,-0.136933,-0.066212,-0.178761,0.321834,-0.229782,-0.000792,-0.082024,0.002706,0.084781,0.348485,-0.483810,1.065942,1.570800,0.000000,0.000000,0.220285,-0.265582,0.324065,1.027616,-0.148751,0.000000,0.000000
2.925952,-2.429030,0.856930,0.023532,-0.017523,0.950773,0.308497,0.074948,-0.009618,-0.042059,0.310417,-0.327707,0.018105,-0.130824,-0.062743,-0.168946,0.356165,-0.240467,-0.001253,-0.075575,0.002395,0.098209,0.345715,-0.477457,1.077943,1.570800,0.000000,0.000000,0.210832,-0.261001,0.327383,1.026169,-0.136793,0.000000,0.000000
2.933416,-2.434140,0.855324,0.022864,-0.017995,0.949723,0.311735,0.070299,-0.007625,-0.038807,0.298099,-0.313810,0.018092,-0.124423,-0.060150,-0.160626,0.393899,-0.254764,-0.001731,-0.068673,0.002038,0.111817,0.342445,-0.471451,1.090792,1.570800,0.000000,0.000000,0.201638,-0.254406,0.323747,1.021552,-0.105544,0.000000,0.000000
2.940170,-2.439602,0.857251,0.022084,-0.018117,0.948731,0.314792,0.066480,-0.007229,-0.035373,0.284595,-0.299959,0.017627,-0.118176,-0.060155,-0.157649,0.431247,-0.266972,-0.001999,-0.061608,0.001631,0.123147,0.338407,-0.466352,1.101667,1.570800,0.000000,0.000000,0.193736,-0.249595,0.321733,1.017054,-0.080706,0.000000,0.000000
2.946364,-2.445168,0.859060,0.021583,-0.018267,0.947854,0.317447,0.062993,-0.007562,-0.032289,0.271308,-0.286997,0.017033,-0.110821,-0.062153,-0.158141,0.472674,-0.273611,-0.002144,-0.054667,0.001188,0.134849,0.334171,-0.462632,1.112781,1.570800,0.000000,0.000000,0.186211,-0.248104,0.324321,1.013146,-0.068015,0.000000,0.000000
2.952628,-2.450683,0.860676,0.021266,-0.018176,0.947030,0.319924,0.059675,-0.008208,-0.028768,0.258438,-0.273839,0.016299,-0.102937,-0.064338,-0.157192,0.514980,-0.274319,-0.002613,-0.048651,0.000851,0.147237,0.329925,-0.459487,1.123694,1.570800,0.000000,0.000000,0.177009,-0.246180,0.326122,1.011039,-0.058157,0.000000,0.000000
2.958326,-2.456951,0.862106,0.021175,-0.017706,0.946575,0.321301,0.056636,-0.010439,-0.024736,0.245331,-0.259455,0.015087,-0.094928,-0.069044,-0.161217,0.559141,-0.271266,-0.002857,-0.044479,0.000597,0.158304,0.325641,-0.455654,1.137173,1.570800,0.000000,0.000000,0.167438,-0.244990,0.325234,1.009583,-0.048687,0.000000,0.000000
2.964403,-2.462447,0.863449,0.020791,-0.017295,0.946101,0.322740,0.053181,-0.011728,-0.026812,0.232703,-0.246047,0.015095,-0.086283,-0.072088,-0.163171,0.598698,-0.272265,-0.003143,-0.039546,0.000351,0.167645,0.322187,-0.452974,1.158544,1.570800,0.000000,0.000000,0.159076,-0.244993,0.324144,1.007076,-0.042818,0.000000,0.000000
2.970649,-2.467405,0.864727,0.019813,-0.016979,0.945735,0.323891,0.049532,-0.011474,-0.025721,0.219759,-0.235502,0.014982,-0.077205,-0.072971,-0.161770,0.630993,-0.273143,-0.003579,-0.034388,0.000044,0.177571,0.317108,-0.451665,1.170142,1.570800,0.000000,0.000000,0.151339,-0.246189,0.323874,0.997809,-0.045036,0.000000,0.000000
2.976868,-2.472112,0.865897,0.018941,-0.016455,0.945721,0.324009,0.045653,-0.011207,-0.024014,0.206969,-0.226367,0.014762,-0.067036,-0.074080,-0.160247,0.663240,-0.272466,-0.004163,-0.030957,-0.000170,0.187479,0.315037,-0.453010,1.179079,1.570800,0.000000,0.000000,0.141975,-0.249310,0.324316,0.986355,-0.053729,0.000000,0.000000
2.983474,-2.476764,0.866966,0.017901,-0.016002,0.945212,0.325574,0.041743,-0.010432,-0.016968,0.194273,-0.221921,0.013820,-0.056813,-0.075523,-0.160943,0.693136,-0.273234,-0.004458,-0.026556,-0.000329,0.198054,0.314297,-0.453811,1.186906,1.570800,0.000000,0.000000,0.130323,-0.250145,0.324578,0.991290,-0.047849,0.000000,0.000000
2.990627,-2.481097,0.867937,0.017221,-0.015714,0.944196,0.328558,0.037853,-0.009142,-0.010546,0.182810,-0.216868,0.013105,-0.045947,-0.076140,-0.159604,0.720834,-0.271436,-0.004976,-0.019134,-0.000588,0.208567,0.312178,-0.455556,1.194560,1.570800,0.000000,0.000000,0.120366,-0.248365,0.325196,0.991780,-0.028414,0.000000,0.000000
2.997497,-2.485760,0.868775,0.015918,-0.015010,0.943454,0.330781,0.033032,-0.008708,-0.009146,0.171321,-0.206699,0.012972,-0.035313,-0.077547,-0.160250,0.743749,-0.270527,-0.005368,-0.013395,-0.000872,0.218850,0.310472,-0.457024,1.199167,1.570800,0.000000,0.000000,0.110104,-0.247855,0.328243,0.990940,-0.014712,0.000000,0.000000
3.004232,-2.490348,0.869557,0.014316,-0.014497,0.943061,0.331996,0.027220,-0.007690,-0.009040,0.161163,-0.197511,0.013195,-0.024147,-0.078138,-0.160830,0.764300,-0.269032,-0.005568,-0.004865,-0.001215,0.226731,0.309477,-0.462817,1.203445,1.570800,0.000000,0.000000,0.102031,-0.248406,0.328252,0.991075,-0.009690,0.000000,0.000000
3.011419,-2.494524,0.870170,0.013322,-0.013985,0.942348,0.334078,0.021263,-0.006288,-0.006008,0.153338,-0.192754,0.013052,-0.012591,-0.077888,-0.159583,0.782744,-0.266363,-0.005925,0.004849,-0.001561,0.235288,0.309589,-0.473033,1.206956,1.570800,0.000000,0.000000,0.094727,-0.246742,0.327973,0.995552,-0.006064,0.000000,0.000000
3.017947,-2.499428,0.870543,0.012802,-0.013312,0.942042,0.334987,0.014891,-0.006476,-0.003834,0.148423,-0.191121,0.012649,-0.000141,-0.080765,-0.158834,0.800110,-0.262376,-0.007177,0.013009,-0.001918,0.243423,0.309973,-0.483176,1.210395,1.570768,0.000000,0.000000,0.087020,-0.249112,0.324091,0.989547,-0.007036,0.000000,0.000000
3.025715,-2.504192,0.870877,0.012219,-0.012919,0.941809,0.335679,0.006539,-0.005850,-0.003841,0.146402,-0.189365,0.012788,0.012688,-0.080774,-0.155856,0.813072,-0.252876,-0.008037,0.021061,-0.002299,0.249187,0.309503,-0.489226,1.215234,1.570719,0.000000,0.000000,0.077832,-0.260620,0.311929,0.956612,-0.025971,0.000000,0.000000
3.033932,-2.508988,0.871058,0.011844,-0.012439,0.941633,0.336204,-0.001746,-0.004888,-0.003087,0.146396,-0.188730,0.012890,0.024185,-0.080156,-0.155181,0.821950,-0.240524,-0.008208,0.028715,-0.002502,0.253036,0.307095,-0.494846,1.221759,1.570669,0.000000,0.000000,0.072612,-0.264673,0.307156,0.945369,-0.025758,0.000000,0.000000
3.041176,-2.514652,0.871117,0.011509,-0.011492,0.941192,0.337481,-0.010009,-0.006145,-0.000943,0.145278,-0.186452,0.012254,0.035518,-0.082334,-0.151215,0.833743,-0.236585,-0.009930,0.037477,-0.002757,0.257306,0.303727,-0.497448,1.227139,1.570600,0.000000,0.000000,0.068198,-0.268737,0.305515,0.941819,-0.012922,0.000000,0.000000
3.050220,-2.519655,0.871148,0.010746,-0.010605,0.940716,0.338859,-0.020191,-0.005865,0.003000,0.145862,-0.184246,0.011728,0.045826,-0.079291,-0.141745,0.840761,-0.227871,-0.011109,0.046571,-0.003074,0.260821,0.301393,-0.497992,1.231823,1.570550,0.000000,0.000000,0.061224,-0.274601,0.304847,0.934883,-0.016280,0.000000,0.000000
3.059597,-2.525122,0.871198,0.009850,-0.010032,0.939875,0.341230,-0.032206,-0.004577,0.006184,0.146811,-0.183602,0.011555,0.055667,-0.075663,-0.130947,0.845759,-0.215846,-0.012354,0.056929,-0.003520,0.265232,0.299690,-0.497260,1.235224,1.570498,0.000000,0.000000,0.049842,-0.285123,0.307103,0.916286,-0.058942,0.000000,0.000000
3.069466,-2.529969,0.871056,0.009112,-0.009154,0.938927,0.343875,-0.043309,-0.002918,0.007604,0.149770,-0.184004,0.011725,0.063437,-0.071319,-0.119756,0.848074,-0.204251,-0.013367,0.066835,-0.003566,0.267948,0.298068,-0.498636,1.238092,1.570451,0.000000,0.000000,0.043553,-0.281968,0.303708,0.919719,-0.021269,0.000000,0.000000
3.079432,-2.535002,0.870897,0.008675,-0.008887,0.937683,0.347270,-0.055194,-0.000449,0.011765,0.154752,-0.183907,0.011664,0.071130,-0.066039,-0.105800,0.849120,-0.189823,-0.014614,0.077962,-0.003900,0.271796,0.297775,-0.497395,1.240365,1.570423,0.000000,0.000000,0.036650,-0.281002,0.302288,0.920354,0.005160,0.000000,0.000000
3.089533,-2.540135,0.870619,0.008175,-0.008343,0.936978,0.349193,-0.067945,0.002197,0.013908,0.160444,-0.182185,0.011948,0.078598,-0.059485,-0.090741,0.847283,-0.174849,-0.015630,0.088731,-0.004331,0.275033,0.297845,-0.496078,1.242144,1.570396,0.000000,0.000000,0.029529,-0.282766,0.300406,0.918477,0.013141,0.000000,0.000000
3.099885,-2.545311,0.870262,0.007701,-0.007840,0.936277,0.351092,-0.080941,0.005245,0.015813,0.166849,-0.179554,0.012350,0.085839,-0.052010,-0.075995,0.841303,-0.162593,-0.016243,0.099189,-0.004741,0.277000,0.297414,-0.495412,1.244563,1.570369,0.000000,0.000000,0.022136,-0.283679,0.301508,0.923070,0.014833,0.000000,0.000000
3.110975,-2.550166,0.869754,0.007283,-0.007400,0.935260,0.353810,-0.095772,0.009422,0.020465,0.175412,-0.175960,0.012578,0.093560,-0.042246,-0.062144,0.834664,-0.146262,-0.015940,0.111761,-0.005184,0.278936,0.295717,-0.490043,1.248726,1.570334,0.000000,0.000000,0.012847,-0.283025,0.311734,0.944188,0.004899,0.000000,0.000000
3.119913,-2.557368,0.869130,0.007511,-0.007559,0.933746,0.357777,-0.110942,0.010978,0.025539,0.186076,-0.170271,0.012150,0.101565,-0.038533,-0.043145,0.827319,-0.145626,-0.018489,0.124723,-0.005921,0.278765,0.294414,-0.469998,1.251511,1.570326,0.000000,0.000000,-0.011666,-0.319028,0.295057,0.882288,-0.102385,0.000000,0.000000
3.129690,-2.562768,0.868526,0.007377,-0.006739,0.932460,0.361135,-0.121396,0.012735,0.028226,0.192488,-0.167840,0.012143,0.107243,-0.034488,-0.030808,0.820909,-0.141381,-0.019617,0.134274,-0.005961,0.280009,0.293341,-0.461504,1.253148,1.570315,0.000000,0.000000,-0.015596,-0.322985,0.288324,0.871731,-0.104445,0.000000,0.000000
3.138864,-2.568202,0.867784,0.007636,-0.005622,0.931335,0.364040,-0.132216,0.013617,0.031347,0.197061,-0.163342,0.011861,0.113767,-0.030528,-0.016021,0.813618,-0.140594,-0.021219,0.144040,-0.006130,0.282437,0.292408,-0.454276,1.253466,1.570307,0.000000,0.000000,-0.020256,-0.324671,0.284568,0.870002,-0.090338,0.000000,0.000000
3.147682,-2.574271,0.866970,0.007775,-0.005010,0.930416,0.366388,-0.145100,0.014074,0.034961,0.204070,-0.157115,0.011412,0.121645,-0.027512,-0.002006,0.802948,-0.140173,-0.022982,0.155682,-0.006642,0.284261,0.292061,-0.447960,1.253985,1.570287,0.000000,0.000000,-0.028642,-0.332886,0.282003,0.861772,-0.117664,0.000000,0.000000
3.156618,-2.580179,0.866259,0.008113,-0.004337,0.929452,0.368829,-0.154657,0.014483,0.036866,0.207599,-0.150397,0.011223,0.128139,-0.025550,0.009516,0.792967,-0.140238,-0.024575,0.164678,-0.006663,0.284758,0.291219,-0.444350,1.254237,1.570271,0.000000,0.000000,-0.030919,-0.329439,0.281513,0.863684,-0.087894,0.000000,0.000000
3.165889,-2.586261,0.865633,0.007964,-0.003648,0.928403,0.371471,-0.163806,0.015615,0.037805,0.205276,-0.143832,0.011333,0.134025,-0.022806,0.023408,0.780476,-0.143101,-0.026349,0.174357,-0.007092,0.284566,0.290090,-0.438374,1.253569,1.570258,0.000000,0.000000,-0.038687,-0.331318,0.287731,0.863880,-0.080078,0.000000,0.000000
3.175547,-2.592538,0.865000,0.007330,-0.002804,0.927265,0.374322,-0.172714,0.017422,0.039110,0.199065,-0.139375,0.011519,0.138855,-0.021020,0.033360,0.765965,-0.134645,-0.027709,0.182906,-0.007457,0.284057,0.289958,-0.432087,1.251873,1.570251,0.000000,0.000000,-0.050338,-0.334919,0.296028,0.865615,-0.079832,0.000000,0.000000
3.184564,-2.598905,0.864187,0.007157,-0.001802,0.926248,0.376842,-0.181009,0.018165,0.041728,0.192126,-0.135603,0.011254,0.143257,-0.019119,0.047127,0.747123,-0.129093,-0.029697,0.189150,-0.007680,0.284219,0.289297,-0.423609,1.251914,1.570246,0.000000,0.000000,-0.061974,-0.337151,0.303105,0.868027,-0.078599,0.000000,0.000000
3.193524,-2.605082,0.863288,0.007088,-0.000772,0.924952,0.380017,-0.189022,0.018401,0.045212,0.185704,-0.130418,0.010767,0.147644,-0.017166,0.062426,0.725898,-0.122832,-0.031961,0.195858,-0.007953,0.284502,0.288406,-0.417346,1.249677,1.570248,0.000000,0.000000,-0.072604,-0.340811,0.309694,0.870897,-0.077997,0.000000,0.000000
3.202819,-2.611087,0.862307,0.007439,-0.000031,0.923209,0.384226,-0.196083,0.019169,0.049781,0.179364,-0.125398,0.010250,0.151946,-0.015994,0.075859,0.703136,-0.124623,-0.034133,0.203900,-0.008242,0.285174,0.288477,-0.413854,1.246342,1.570239,0.000000,0.000000,-0.082146,-0.344069,0.317715,0.872352,-0.082545,0.000000,0.000000
3.212436,-2.616709,0.861365,0.007047,0.000356,0.921274,0.388850,-0.202931,0.022061,0.056038,0.169260,-0.122105,0.009958,0.156477,-0.013772,0.090314,0.673446,-0.135150,-0.036193,0.212521,-0.008464,0.285096,0.288876,-0.405007,1.242045,1.570245,0.000000,0.000000,-0.093220,-0.345780,0.327343,0.872714,-0.088651,0.000000,0.000000
3.222239,-2.622474,0.860347,0.006402,0.000791,0.919522,0.392986,-0.208284,0.025764,0.061853,0.154214,-0.119474,0.009908,0.159659,-0.011312,0.102666,0.642339,-0.153130,-0.037796,0.221054,-0.008734,0.283824,0.286494,-0.395393,1.237691,1.570231,0.000000,0.000000,-0.100262,-0.339009,0.342147,0.878100,-0.080973,0.000000,0.000000
3.231796,-2.628607,0.859229,0.005827,0.001342,0.918024,0.396479,-0.212437,0.028781,0.067208,0.137642,-0.116173,0.009783,0.162115,-0.008825,0.114175,0.612006,-0.172576,-0.039170,0.226503,-0.008932,0.282063,0.285508,-0.385604,1.234397,1.570244,0.000000,0.000000,-0.109189,-0.336219,0.349354,0.880116,-0.079718,0.000000,0.000000
3.240705,-2.635100,0.857838,0.005214,0.002418,0.917760,0.397094,-0.216195,0.029326,0.070231,0.118445,-0.114832,0.009514,0.164644,-0.006181,0.123233,0.583177,-0.197242,-0.039992,0.228869,-0.009122,0.280013,0.284833,-0.379241,1.229765,1.570241,0.000000,0.000000,-0.116815,-0.336410,0.354590,0.879911,-0.079425,0.000000,0.000000
3.250067,-2.641445,0.856112,0.005199,0.003384,0.916350,0.400331,-0.218221,0.030536,0.074909,0.097270,-0.116056,0.009181,0.165631,-0.005511,0.128814,0.563262,-0.227841,-0.040747,0.231109,-0.009281,0.279389,0.283492,-0.370781,1.223594,1.570240,0.000000,0.000000,-0.124986,-0.338009,0.365093,0.879749,-0.078567,0.000000,0.000000
3.259754,-2.648198,0.853933,0.006009,0.004625,0.914369,0.404811,-0.218469,0.031130,0.080670,0.075031,-0.122202,0.008635,0.164697,-0.010972,0.119010,0.554601,-0.252160,-0.040669,0.234543,-0.009384,0.280227,0.282741,-0.361656,1.217097,1.570251,0.000000,0.000000,-0.133881,-0.339865,0.376844,0.881039,-0.074963,0.000000,0.000000
3.268459,-2.655241,0.851622,0.006551,0.005679,0.913559,0.406613,-0.217656,0.029982,0.085914,0.049672,-0.127090,0.007907,0.163393,-0.018026,0.104797,0.543655,-0.283780,-0.040067,0.236942,-0.009495,0.280352,0.283029,-0.355222,1.210593,1.570263,0.000000,0.000000,-0.142170,-0.342349,0.386586,0.881630,-0.072778,0.000000,0.000000
3.277733,-2.661575,0.849081,0.006801,0.006462,0.913470,0.406798,-0.216437,0.029644,0.090683,0.023184,-0.133797,0.007477,0.162803,-0.021234,0.091023,0.528462,-0.309268,-0.038198,0.237553,-0.009537,0.278410,0.282878,-0.348395,1.205526,1.570274,0.000000,0.000000,-0.148874,-0.343632,0.394306,0.883258,-0.069430,0.000000,0.000000
3.287072,-2.667666,0.846216,0.006785,0.006832,0.913965,0.405679,-0.215004,0.029887,0.097050,-0.004214,-0.145499,0.007047,0.162648,-0.021956,0.075362,0.510235,-0.330205,-0.035215,0.235576,-0.009463,0.275493,0.283580,-0.340344,1.201799,1.570318,0.000000,0.000000,-0.155316,-0.344940,0.401667,0.888300,-0.063707,0.000000,0.000000
3.295619,-2.673902,0.844650,0.006987,0.007647,0.914651,0.404112,-0.213169,0.028938,0.102465,-0.017450,-0.158316,0.006544,0.161860,-0.023232,0.062134,0.493541,-0.347588,-0.032886,0.232657,-0.009379,0.273859,0.285671,-0.336820,1.196112,1.570342,0.000000,0.000000,-0.160047,-0.347384,0.410043,0.892391,-0.061786,0.000000,0.000000
3.303714,-2.679919,0.844435,0.007951,0.008921,0.914862,0.403589,-0.209755,0.026406,0.109868,-0.017450,-0.175254,0.005601,0.159932,-0.028480,0.043990,0.479068,-0.366103,-0.030838,0.230613,-0.009335,0.273755,0.287519,-0.337801,1.184974,1.570369,0.000000,0.000000,-0.161216,-0.350111,0.419743,0.889758,-0.059172,0.000000,0.000000
3.312396,-2.684858,0.844470,0.008833,0.008687,0.917534,0.397465,-0.206042,0.024504,0.107759,-0.017450,-0.190404,0.005699,0.159310,-0.020742,0.044333,0.466676,-0.384049,-0.028149,0.217371,-0.008946,0.273443,0.289815,-0.336955,1.173337,1.570413,0.000000,0.000000,-0.163371,-0.351515,0.428362,0.886782,-0.053558,0.000000,0.000000
3.320874,-2.689565,0.845345,0.007489,0.007838,0.920226,0.391238,-0.203151,0.023983,0.111104,-0.017450,-0.207654,0.005539,0.158961,-0.011119,0.038877,0.443114,-0.390897,-0.024138,0.206112,-0.008542,0.268608,0.294721,-0.338785,1.163282,1.570507,0.000000,0.000000,-0.164263,-0.350797,0.427893,0.885460,-0.051455,0.000000,0.000000
3.330172,-2.694884,0.845506,0.008079,0.007648,0.921322,0.388640,-0.199366,0.023980,0.115315,-0.017450,-0.219935,0.005292,0.156394,-0.006134,0.034282,0.432339,-0.399149,-0.021771,0.199483,-0.008330,0.265567,0.297247,-0.339030,1.155786,1.570566,0.000000,0.000000,-0.163690,-0.350008,0.430339,0.886198,-0.044350,0.000000,0.000000
3.338894,-2.701307,0.844923,0.010382,0.008430,0.921808,0.387416,-0.196286,0.021758,0.119083,-0.017450,-0.223528,0.004664,0.153660,-0.006148,0.030653,0.432405,-0.408040,-0.021121,0.195578,-0.008272,0.264526,0.297967,-0.339796,1.152446,1.570588,0.000000,0.000000,-0.163267,-0.350763,0.435469,0.887045,-0.041016,0.000000,0.000000
3.347654,-2.707311,0.845004,0.011323,0.008702,0.922586,0.385527,-0.193842,0.020269,0.122267,-0.017450,-0.222381,0.004149,0.150871,-0.005723,0.027986,0.432009,-0.414652,-0.020516,0.192198,-0.008168,0.262993,0.299172,-0.341495,1.149737,1.570602,0.000000,0.000000,-0.162399,-0.350759,0.440458,0.888097,-0.037961,0.000000,0.000000
3.356117,-2.713125,0.845763,0.011635,0.008749,0.923399,0.383566,-0.189770,0.018484,0.128450,-0.017450,-0.219587,0.003277,0.145357,-0.004375,0.023351,0.429509,-0.425347,-0.019276,0.186506,-0.007991,0.259742,0.300483,-0.342070,1.143924,1.570633,0.000000,0.000000,-0.159839,-0.349476,0.449488,0.889631,-0.032239,0.000000,0.000000
3.362732,-2.719698,0.845417,0.014394,0.009545,0.923808,0.382465,-0.185772,0.013748,0.136919,-0.017450,-0.216178,0.001638,0.140814,-0.005291,0.019164,0.426668,-0.435158,-0.018736,0.181420,-0.007922,0.258176,0.301576,-0.342195,1.136990,1.570666,0.000000,0.000000,-0.156835,-0.350785,0.456682,0.890323,-0.030809,0.000000,0.000000
3.370750,-2.725312,0.845541,0.015972,0.009798,0.924501,0.380720,-0.181846,0.010689,0.142215,-0.017450,-0.215110,0.000502,0.136299,-0.005438,0.015271,0.423075,-0.441574,-0.018020,0.176301,-0.007820,0.256343,0.302795,-0.341214,1.130744,1.570710,0.000000,0.000000,-0.154256,-0.352954,0.460680,0.891249,-0.032681,0.000000,0.000000
3.378347,-2.731220,0.845910,0.017391,0.009988,0.925914,0.377201,-0.176975,0.007106,0.145806,-0.017450,-0.214930,-0.000643,0.129763,-0.004960,0.009860,0.417861,-0.449494,-0.016836,0.167919,-0.007560,0.253386,0.303696,-0.339504,1.121302,1.570764,0.000000,0.000000,-0.146907,-0.355241,0.466802,0.892295,-0.035040,0.000000,0.000000
3.385499,-2.737183,0.845769,0.019474,0.010497,0.926764,0.374991,-0.173165,0.004189,0.145605,-0.017450,-0.212836,-0.001323,0.124628,-0.005461,0.003841,0.414569,-0.452162,-0.015875,0.161508,-0.007273,0.252936,0.302574,-0.337915,1.112254,1.570789,0.000000,0.000000,-0.135635,-0.352293,0.470558,0.892961,-0.040025,0.000000,0.000000
3.392808,-2.743419,0.845470,0.021857,0.010813,0.927394,0.373290,-0.169563,0.002276,0.142606,-0.017450,-0.209697,-0.001580,0.119805,-0.006436,-0.002005,0.411614,-0.450768,-0.015094,0.156780,-0.007140,0.250476,0.301942,-0.335055,1.104123,1.570800,0.000000,0.000000,-0.130051,-0.356859,0.466524,0.894587,-0.049489,0.000000,0.000000
3.399558,-2.749280,0.848855,0.023631,0.011499,0.928062,0.371496,-0.165423,0.001236,0.132520,0.014937,-0.204070,-0.001253,0.114492,-0.007841,-0.007136,0.405820,-0.446300,-0.014539,0.153420,-0.006850,0.245965,0.298998,-0.336417,1.096891,1.570800,0.000000,0.000000,-0.116042,-0.354477,0.468786,0.902031,-0.052181,0.000000,0.000000
3.405773,-2.755331,0.852250,0.025213,0.012072,0.928514,0.370244,-0.161925,0.000581,0.121895,0.055078,-0.201683,-0.000884,0.111304,-0.009187,-0.010174,0.397507,-0.440398,-0.014355,0.151471,-0.006636,0.241312,0.296721,-0.339678,1.093444,1.570800,0.000000,0.000000,-0.104616,-0.351690,0.469863,0.911013,-0.052674,0.000000,0.000000
3.411161,-2.761588,0.855034,0.026352,0.012523,0.928891,0.369201,-0.157937,-0.001849,0.119474,0.094462,-0.205609,-0.001783,0.109308,-0.010760,-0.008547,0.387341,-0.431879,-0.015002,0.149417,-0.006456,0.236179,0.295057,-0.341032,1.091636,1.570800,0.000000,0.000000,-0.093961,-0.350255,0.465430,0.915879,-0.053828,0.000000,0.000000
3.415768,-2.767654,0.857222,0.026581,0.014557,0.929519,0.367527,-0.154104,-0.006951,0.114846,0.136075,-0.210124,-0.002852,0.107415,-0.015422,-0.004700,0.370075,-0.424306,-0.016782,0.149495,-0.006379,0.227533,0.292632,-0.347575,1.089576,1.570800,0.000000,0.000000,-0.083177,-0.352284,0.457044,0.917995,-0.057477,0.000000,0.000000
3.422172,-2.772844,0.858290,0.028516,0.014985,0.930305,0.365370,-0.149866,-0.008897,0.110264,0.182634,-0.217874,-0.003266,0.105465,-0.017032,-0.006223,0.360241,-0.412168,-0.016949,0.149343,-0.006289,0.220522,0.291141,-0.357933,1.087055,1.570800,0.000000,0.000000,-0.072747,-0.354584,0.459781,0.922297,-0.063850,0.000000,0.000000
3.428852,-2.777346,0.858641,0.029685,0.015349,0.930797,0.364006,-0.144284,-0.009089,0.109650,0.226599,-0.225477,-0.003882,0.102252,-0.017541,-0.008344,0.353178,-0.401587,-0.016742,0.146577,-0.006041,0.214734,0.292280,-0.363288,1.085128,1.570800,0.000000,0.000000,-0.065261,-0.354399,0.459239,0.927132,-0.065865,0.000000,0.000000
3.435642,-2.781900,0.858184,0.030145,0.015633,0.931287,0.362700,-0.138505,-0.008240,0.107146,0.269049,-0.232454,-0.003914,0.098576,-0.017024,-0.008654,0.344384,-0.389818,-0.016561,0.143991,-0.005849,0.207724,0.292120,-0.367868,1.083796,1.570800,0.000000,0.000000,-0.056630,-0.353555,0.455519,0.931217,-0.068060,0.000000,0.000000
3.442860,-2.786336,0.856973,0.029723,0.015369,0.931649,0.361816,-0.132865,-0.004386,0.101539,0.309845,-0.240105,-0.002678,0.094831,-0.014211,-0.005527,0.331733,-0.376640,-0.016332,0.142257,-0.005673,0.198287,0.291780,-0.373349,1.083374,1.570800,0.000000,0.000000,-0.047861,-0.350323,0.448541,0.934938,-0.070770,0.000000,0.000000
3.449351,-2.791343,0.854749,0.029449,0.015749,0.932242,0.360291,-0.126926,-0.002859,0.100480,0.350223,-0.245603,-0.002686,0.091628,-0.013416,-0.006448,0.317640,-0.360421,-0.016007,0.140411,-0.005542,0.188936,0.292446,-0.380064,1.082171,1.570800,0.000000,0.000000,-0.039859,-0.349005,0.444981,0.940839,-0.076168,0.000000,0.000000
3.455471,-2.796559,0.853587,0.028412,0.016856,0.932443,0.359803,-0.120716,-0.002602,0.097359,0.386905,-0.251346,-0.002535,0.087574,-0.015310,-0.012408,0.301073,-0.341658,-0.015564,0.139278,-0.005447,0.179031,0.291465,-0.384464,1.081592,1.570800,0.000000,0.000000,-0.030884,-0.346607,0.439642,0.947144,-0.084402,0.000000,0.000000
3.461498,-2.801710,0.855948,0.028978,0.018373,0.932458,0.359645,-0.112451,-0.004113,0.101972,0.425051,-0.258322,-0.004155,0.083191,-0.019868,-0.019001,0.290597,-0.325535,-0.015692,0.139480,-0.005434,0.169395,0.289231,-0.390803,1.082225,1.570800,0.000000,0.000000,-0.021963,-0.346837,0.436240,0.960895,-0.116249,0.000000,0.000000
3.468048,-2.806025,0.857744,0.029134,0.018523,0.931285,0.362651,-0.103476,-0.001846,0.105681,0.463309,-0.263636,-0.004625,0.078446,-0.021502,-0.020379,0.282241,-0.313038,-0.015874,0.141823,-0.005202,0.161558,0.289230,-0.390845,1.080377,1.570800,0.000000,0.000000,-0.012680,-0.346156,0.413470,0.963202,-0.120300,0.000000,0.000000
3.474601,-2.810478,0.859350,0.028368,0.018105,0.931972,0.360964,-0.095941,0.002524,0.110228,0.502259,-0.268964,-0.004695,0.074452,-0.019195,-0.021038,0.270694,-0.299518,-0.015166,0.139238,-0.005159,0.155260,0.291646,-0.394557,1.078264,1.570800,0.000000,0.000000,-0.006010,-0.345593,0.410059,0.980006,-0.176380,0.000000,0.000000
3.480683,-2.815680,0.861289,0.027030,0.018327,0.932891,0.358675,-0.089271,0.004756,0.111151,0.540394,-0.270657,-0.004661,0.070204,-0.017571,-0.021327,0.254757,-0.284554,-0.014708,0.130166,-0.004469,0.145948,0.295138,-0.393520,1.072836,1.570800,0.000000,0.000000,-0.002347,-0.349754,0.382056,0.999049,-0.096814,0.000000,0.000000
3.486961,-2.820211,0.862470,0.026456,0.018116,0.933208,0.357902,-0.081917,0.007976,0.115439,0.572020,-0.270936,-0.004900,0.065966,-0.015795,-0.022922,0.246474,-0.275183,-0.014003,0.124905,-0.004272,0.140113,0.296418,-0.393810,1.068224,1.570800,0.000000,0.000000,0.000805,-0.353022,0.377704,1.002755,-0.091213,0.000000,0.000000
3.492936,-2.824561,0.863423,0.025450,0.018031,0.933973,0.355980,-0.073715,0.010430,0.114670,0.603088,-0.269784,-0.004337,0.060460,-0.013078,-0.021335,0.240070,-0.265810,-0.013565,0.116331,-0.003979,0.135152,0.299095,-0.391663,1.061622,1.570800,0.000000,0.000000,0.004295,-0.355757,0.376732,0.996294,-0.107111,0.000000,0.000000
3.499284,-2.828607,0.864122,0.024128,0.017092,0.934767,0.354028,-0.064871,0.015670,0.117334,0.634683,-0.269134,-0.003634,0.054120,-0.008517,-0.019912,0.234736,-0.258690,-0.012641,0.107956,-0.003718,0.129277,0.302712,-0.389290,1.055623,1.570800,0.000000,0.000000,0.009786,-0.358366,0.374558,0.986146,-0.139131,0.000000,0.000000
3.505792,-2.832379,0.864592,0.023202,0.015852,0.935218,0.352957,-0.055302,0.022102,0.121524,0.665217,-0.268418,-0.002817,0.047846,-0.003864,-0.022464,0.231812,-0.249037,-0.011086,0.101553,-0.003514,0.123630,0.306668,-0.389866,1.050314,1.570800,0.000000,0.000000,0.013189,-0.359418,0.379924,0.979940,-0.178831,0.000000,0.000000
