0.000000,0.000000,0.866378,-0.005430,-0.016084,0.844849,0.534736,0.063736,0.106446,0.533863,0.369605,-0.144584,-0.051983,-0.021918,0.062541,0.181188,0.106732,0.130120,-0.028914,0.081568,-0.003593,0.300682,0.528290,-0.509413,0.565677,0.923566,0.000000,0.000000,0.280677,-0.292438,0.394615,0.568939,-0.196307,0.000000,0.000000
-0.036290,-0.020626,0.865802,0.001552,-0.011248,0.914887,0.403551,0.080840,0.027595,0.200000,0.311089,-0.398564,-0.012190,0.009428,-0.003852,-0.083884,0.114579,0.158670,0.000097,0.018698,-0.000698,-0.053031,0.233525,-0.810189,1.229713,1.563289,0.000000,0.000000,0.014334,-0.123508,0.228713,1.091844,-0.279929,0.000000,0.000000
-0.035026,-0.022949,0.866386,0.001425,-0.009510,0.916372,0.400213,0.077245,0.028775,0.200716,0.317613,-0.397851,-0.011320,0.008428,-0.005628,-0.099614,0.110137,0.157863,0.002419,0.016188,-0.000610,-0.058539,0.225094,-0.812646,1.240692,1.568313,0.000000,0.000000,0.011266,-0.124044,0.222455,1.098214,-0.278153,0.000000,0.000000
-0.033871,-0.022316,0.866721,-0.000125,-0.007564,0.917847,0.396862,0.072975,0.038774,0.201039,0.322210,-0.412240,-0.008482,0.005523,-0.005498,-0.088955,0.108402,0.153469,0.000492,0.007343,-0.000388,-0.062781,0.217310,-0.785901,1.246718,1.570323,0.000000,0.000000,-0.006581,-0.123959,0.208265,1.117869,-0.281286,0.000000,0.000000
-0.032296,-0.022820,0.867040,0.000502,-0.007094,0.918162,0.396141,0.069642,0.046636,0.208333,0.324116,-0.421133,-0.007495,0.003794,-0.004750,-0.085958,0.108093,0.153320,0.000151,0.004079,-0.000265,-0.063136,0.217374,-0.780941,1.247692,1.570719,0.000000,0.000000,-0.013388,-0.128896,0.215702,1.130465,-0.292340,0.000000,0.000000
-0.030102,-0.023301,0.867607,0.001644,-0.007036,0.918403,0.395581,0.066395,0.052148,0.219160,0.328336,-0.424033,-0.007754,0.003141,-0.003558,-0.095203,0.103689,0.149330,0.002143,0.003339,-0.000145,-0.062393,0.216842,-0.776042,1.248498,1.570800,0.000000,0.000000,-0.015927,-0.131036,0.219328,1.137450,-0.291803,0.000000,0.000000
-0.028596,-0.023677,0.867814,0.002731,-0.006418,0.919437,0.393176,0.068750,0.052853,0.214542,0.328879,-0.440254,-0.006973,0.001047,-0.005293,-0.087835,0.108995,0.141959,0.000274,-0.000342,0.000045,-0.063462,0.221373,-0.784359,1.247173,1.570800,0.000000,0.000000,-0.019813,-0.135791,0.230286,1.143011,-0.296963,0.000000,0.000000
-0.024975,-0.028245,0.868230,0.001445,-0.006949,0.915971,0.401182,0.082786,0.049638,0.224653,0.337435,-0.453930,-0.009486,-0.006888,-0.006920,-0.119568,0.108272,0.118442,0.005343,-0.001193,0.000163,-0.063193,0.233327,-0.803070,1.250218,1.570800,0.000000,0.000000,-0.036554,-0.136624,0.253625,1.158379,-0.318851,0.000000,0.000000
-0.022300,-0.029058,0.868046,-0.003817,-0.005365,0.919980,0.391911,0.103232,0.060349,0.235631,0.349392,-0.466267,-0.008698,-0.015159,-0.004415,-0.121726,0.109636,0.107816,0.006380,-0.017522,0.000608,-0.071045,0.239736,-0.821038,1.254367,1.570800,0.000000,0.000000,-0.061155,-0.133687,0.256329,1.176659,-0.318923,0.000000,0.000000
-0.019520,-0.030638,0.868207,-0.008411,-0.004492,0.921360,0.388593,0.119514,0.067930,0.229825,0.356578,-0.476085,-0.006038,-0.022748,-0.000167,-0.118135,0.103613,0.095741,0.006770,-0.028736,0.000932,-0.077200,0.243236,-0.834017,1.259712,1.570800,0.000000,0.000000,-0.077362,-0.128762,0.258280,1.184275,-0.310283,0.000000,0.000000
-0.017734,-0.029142,0.868637,-0.012064,-0.004570,0.922039,0.386883,0.130863,0.082230,0.234350,0.353667,-0.492756,-0.002990,-0.027608,0.008352,-0.119848,0.091018,0.070962,0.009053,-0.037992,0.001146,-0.083664,0.248471,-0.853360,1.267620,1.570800,0.000000,0.000000,-0.087965,-0.123605,0.270026,1.188948,-0.301307,0.000000,0.000000
-0.020293,-0.030573,0.868243,-0.009448,-0.007383,0.920465,0.390642,0.130858,0.083820,0.237537,0.350966,-0.494459,-0.003010,-0.027396,0.007085,-0.118000,0.097843,0.071803,0.008337,-0.032495,0.000850,-0.080756,0.249883,-0.847051,1.269265,1.570800,0.000000,0.000000,-0.086622,-0.123468,0.267435,1.192808,-0.302924,0.000000,0.000000
-0.022887,-0.015098,0.867460,-0.007293,-0.011587,0.918089,0.396139,0.090423,0.097549,0.287842,0.372394,-0.444218,-0.007271,-0.004619,0.023104,-0.137289,0.081829,0.097080,0.016508,0.000568,-0.000328,-0.060374,0.224781,-0.766565,1.275438,1.570800,0.000000,0.000000,-0.011755,-0.116791,0.249033,1.125294,-0.154752,0.000000,0.000000
-0.022632,-0.004916,0.869921,0.004960,0.001388,0.921155,0.389162,-0.063680,-0.017885,0.225630,0.371319,-0.330065,-0.026076,0.013564,-0.005784,-0.157489,0.082252,0.158099,0.012720,0.024187,-0.000679,-0.034514,0.207049,-0.757109,1.242740,1.570724,0.000000,0.000000,0.052165,-0.146793,0.185181,1.084570,-0.160574,0.000000,0.000000
-0.014712,-0.020407,0.861801,0.024696,-0.024963,0.931177,0.362873,-0.287912,-0.179099,0.050168,0.244650,-0.059996,-0.029557,0.024144,-0.003338,-0.276206,0.142435,0.337162,0.039394,0.038896,-0.000368,-0.065457,0.254261,-0.957868,1.275412,1.570800,0.000000,0.000000,0.148899,-0.115201,0.085095,1.067307,-0.172810,0.000000,0.000000
-0.027596,-0.033894,0.846209,0.045799,-0.065063,0.915328,0.394770,-0.366910,-0.251135,0.000209,-0.005276,0.064267,-0.028226,0.048978,-0.015234,-0.356645,0.228290,0.512494,0.052327,0.168511,-0.004827,-0.113699,0.346925,-1.128606,1.277543,1.570800,0.000000,0.000000,0.238331,-0.050038,-0.004248,1.066797,-0.181906,0.000000,0.000000
-0.044245,-0.103336,0.825732,0.044904,-0.093729,0.896837,0.429979,-0.288393,-0.253233,-0.021478,-0.017450,0.045417,-0.027630,-0.004841,-0.059873,-0.405966,0.370396,0.582202,0.048775,0.336194,-0.010105,-0.207978,0.422356,-1.226540,1.219130,1.570800,0.000000,0.000000,0.288746,0.017292,-0.106180,1.047727,-0.144086,0.000000,0.000000
0.001104,-0.035474,0.870282,0.014759,0.000845,0.925741,0.377869,-0.157591,-0.063002,0.182878,0.378019,-0.350169,-0.026366,-0.029054,-0.021230,-0.246426,0.116688,0.216642,0.027102,0.053181,-0.002175,-0.071382,0.228985,-0.920881,1.257069,1.570800,0.000000,0.000000,0.082185,-0.171008,0.142705,1.094456,-0.275685,0.000000,0.000000
-0.017800,-0.032460,0.868898,0.009342,-0.007107,0.917801,0.396867,-0.036228,0.018689,0.209365,0.325012,-0.391871,-0.013855,-0.019867,-0.015263,-0.173008,0.115265,0.164914,0.013664,0.060836,-0.001289,-0.057532,0.245590,-0.882976,1.252689,1.570800,0.000000,0.000000,0.067146,-0.159649,0.181035,1.095138,-0.255024,0.000000,0.000000
-0.020791,-0.030840,0.869617,0.016999,-0.008042,0.914263,0.404685,-0.015543,0.027922,0.239793,0.288355,-0.395743,-0.015779,-0.009248,-0.020412,-0.205925,0.110948,0.168888,0.018120,0.078535,-0.002031,-0.041814,0.241437,-0.857097,1.252450,1.570800,0.000000,0.000000,0.081859,-0.158718,0.173440,1.097028,-0.255649,0.000000,0.000000
-0.021276,-0.023944,0.871188,0.020411,-0.003481,0.916656,0.399140,-0.013951,0.031169,0.253953,0.283556,-0.388717,-0.016962,0.000467,-0.023936,-0.212082,0.098315,0.161928,0.018047,0.076853,-0.002061,-0.032215,0.237147,-0.859980,1.247298,1.570800,0.000000,0.000000,0.087536,-0.162956,0.168910,1.099150,-0.251695,0.000000,0.000000
-0.021893,-0.025244,0.871206,0.021139,-0.002673,0.918179,0.395592,-0.005892,0.037050,0.254527,0.278227,-0.395999,-0.015676,0.004105,-0.028464,-0.210482,0.100678,0.164555,0.016338,0.074966,-0.001951,-0.026709,0.233510,-0.857901,1.244683,1.570798,0.000000,0.000000,0.090745,-0.165895,0.165190,1.100152,-0.246004,0.000000,0.000000
-0.022022,-0.021963,0.871344,0.018382,-0.001651,0.920092,0.391267,0.008350,0.047760,0.249749,0.280343,-0.411361,-0.012457,0.007575,-0.024325,-0.194712,0.088672,0.166739,0.014529,0.070549,-0.001759,-0.026464,0.214961,-0.798680,1.243813,1.570702,0.000000,0.000000,0.088873,-0.163863,0.155764,1.102033,-0.223879,0.000000,0.000000
-0.022806,-0.019628,0.871227,0.017061,-0.001511,0.920855,0.389529,0.016721,0.051919,0.266912,0.292269,-0.403928,-0.014346,0.010801,-0.020485,-0.203369,0.079479,0.182574,0.017264,0.065715,-0.001427,-0.023176,0.200564,-0.727686,1.248422,1.570574,0.000000,0.000000,0.087927,-0.152728,0.139621,1.100351,-0.160512,0.000000,0.000000
-0.022115,-0.018542,0.871241,0.017604,-0.001660,0.921097,0.388932,0.018406,0.050358,0.267186,0.294145,-0.402539,-0.014858,0.012268,-0.019539,-0.203483,0.078149,0.185205,0.017589,0.064748,-0.001370,-0.022293,0.200778,-0.720635,1.248675,1.570564,0.000000,0.000000,0.088807,-0.151983,0.140289,1.101050,-0.155153,0.000000,0.000000
-0.021365,-0.018156,0.871195,0.019847,-0.002487,0.919693,0.392128,0.023115,0.044003,0.252781,0.295448,-0.401672,-0.014385,0.016552,-0.018232,-0.183548,0.079048,0.189240,0.014329,0.064970,-0.001357,-0.016481,0.204191,-0.712977,1.247172,1.570556,0.000000,0.000000,0.092153,-0.150599,0.150307,1.101492,-0.142663,0.000000,0.000000
-0.022009,-0.019713,0.870933,0.018268,-0.001747,0.922320,0.385990,0.023189,0.041474,0.246179,0.295246,-0.396267,-0.014001,0.016909,-0.019089,-0.171580,0.079824,0.196944,0.011865,0.060698,-0.001280,-0.016342,0.205688,-0.713936,1.244181,1.570571,0.000000,0.000000,0.094472,-0.151003,0.153319,1.098065,-0.134611,0.000000,0.000000
-0.019779,-0.022810,0.871260,0.018610,0.000254,0.924798,0.380004,0.020312,0.042928,0.265858,0.299110,-0.382942,-0.016814,0.015017,-0.022337,-0.196864,0.077387,0.209842,0.015705,0.058338,-0.001285,-0.016837,0.202219,-0.716634,1.241612,1.570563,0.000000,0.000000,0.099202,-0.152580,0.144375,1.096360,-0.132043,0.000000,0.000000
-0.017927,-0.022708,0.871744,0.017569,0.003186,0.928681,0.370448,0.015550,0.046697,0.272967,0.304693,-0.384490,-0.017029,0.012420,-0.025523,-0.211385,0.075793,0.209008,0.017471,0.050665,-0.000859,-0.028127,0.218098,-0.788706,1.231345,1.570714,0.000000,0.000000,0.102235,-0.169160,0.149282,1.100582,-0.204709,0.000000,0.000000
-0.016647,-0.023796,0.871934,0.018327,0.001590,0.926219,0.376538,0.015042,0.043794,0.261246,0.314278,-0.381603,-0.016151,0.010249,-0.023567,-0.211079,0.073869,0.193692,0.017879,0.052279,-0.000672,-0.026036,0.228128,-0.819929,1.231969,1.570795,0.000000,0.000000,0.100750,-0.169722,0.166176,1.103789,-0.229325,0.000000,0.000000
-0.014276,-0.023295,0.872517,0.021158,0.001766,0.923023,0.384159,0.018712,0.036177,0.225541,0.298756,-0.397015,-0.012360,0.008682,-0.020956,-0.179152,0.072004,0.184741,0.012647,0.059036,-0.001039,-0.019317,0.232418,-0.824052,1.230049,1.570800,0.000000,0.000000,0.102839,-0.171609,0.192130,1.103800,-0.240429,0.000000,0.000000
-0.013368,-0.022610,0.872322,0.019203,0.000937,0.924461,0.380791,0.013743,0.038487,0.238062,0.298437,-0.388675,-0.013506,0.009094,-0.015218,-0.190807,0.066082,0.181406,0.016371,0.059728,-0.001080,-0.018753,0.232756,-0.821476,1.230303,1.570800,0.000000,0.000000,0.104199,-0.169045,0.194486,1.102771,-0.239249,0.000000,0.000000
-0.015109,-0.022246,0.872544,0.022778,0.001691,0.926248,0.376222,0.006111,0.036989,0.233741,0.294922,-0.389766,-0.012981,0.014339,-0.019508,-0.171272,0.074157,0.179015,0.011527,0.058833,-0.001143,-0.013003,0.231135,-0.819009,1.226437,1.570798,0.000000,0.000000,0.111766,-0.169285,0.192410,1.102483,-0.233184,0.000000,0.000000
-0.015516,-0.022978,0.872624,0.026237,0.001727,0.925796,0.377108,-0.001826,0.034908,0.236314,0.294218,-0.386283,-0.013712,0.018395,-0.024380,-0.165662,0.082334,0.179091,0.009089,0.061505,-0.001232,-0.004418,0.229141,-0.817476,1.224542,1.570758,0.000000,0.000000,0.120045,-0.169196,0.189047,1.101758,-0.229476,0.000000,0.000000
-0.015292,-0.023505,0.872660,0.028089,0.002505,0.925910,0.376689,-0.007266,0.033926,0.238473,0.290504,-0.384492,-0.014166,0.020176,-0.028354,-0.162569,0.088787,0.183615,0.007392,0.064856,-0.001384,0.001638,0.226368,-0.809437,1.222145,1.570720,0.000000,0.000000,0.127500,-0.170793,0.187683,1.100332,-0.227975,0.000000,0.000000
-0.014297,-0.024937,0.872937,0.029906,0.002720,0.926632,0.374769,-0.007720,0.034414,0.240619,0.288044,-0.390700,-0.014307,0.020741,-0.029873,-0.165119,0.089263,0.179359,0.007410,0.067522,-0.001392,0.002814,0.225422,-0.812935,1.222968,1.570703,0.000000,0.000000,0.130424,-0.171898,0.190837,1.101865,-0.225241,0.000000,0.000000
-0.014571,-0.025527,0.872985,0.029790,0.003358,0.928731,0.369540,-0.006893,0.035582,0.241182,0.285968,-0.395453,-0.014066,0.021473,-0.030560,-0.160403,0.089391,0.179549,0.006356,0.067151,-0.001420,0.003288,0.222690,-0.811349,1.223550,1.570684,0.000000,0.000000,0.133021,-0.172847,0.193104,1.102727,-0.225096,0.000000,0.000000
-0.014475,-0.025346,0.873001,0.029485,0.004271,0.929689,0.367139,-0.005943,0.037459,0.240458,0.283394,-0.399254,-0.013432,0.022494,-0.031179,-0.152186,0.090018,0.182749,0.004680,0.065340,-0.001363,0.003150,0.219497,-0.808106,1.224207,1.570657,0.000000,0.000000,0.135252,-0.174293,0.197403,1.105045,-0.227889,0.000000,0.000000
-0.014560,-0.024488,0.872942,0.029500,0.004735,0.929667,0.367188,-0.006183,0.037478,0.235166,0.281754,-0.400794,-0.012543,0.023566,-0.031274,-0.141520,0.091290,0.187067,0.002714,0.063285,-0.001239,0.003625,0.219377,-0.808245,1.224002,1.570646,0.000000,0.000000,0.137011,-0.176581,0.207335,1.107591,-0.236849,0.000000,0.000000
-0.014014,-0.025143,0.873006,0.031009,0.004415,0.929110,0.368474,-0.007542,0.034022,0.230791,0.282233,-0.400083,-0.012646,0.024228,-0.031327,-0.136635,0.091544,0.190421,0.001820,0.063218,-0.001176,0.006532,0.221458,-0.810426,1.222444,1.570640,0.000000,0.000000,0.139951,-0.178440,0.215985,1.108575,-0.247262,0.000000,0.000000
-0.014218,-0.025615,0.873006,0.031696,0.004108,0.929242,0.368086,-0.008644,0.032140,0.229027,0.284562,-0.401740,-0.012795,0.024605,-0.031199,-0.133875,0.091807,0.191111,0.001361,0.063860,-0.001174,0.008823,0.222204,-0.809426,1.220756,1.570636,0.000000,0.000000,0.142146,-0.179307,0.220021,1.108106,-0.251923,0.000000,0.000000
-0.015153,-0.026192,0.873011,0.032041,0.004226,0.929546,0.367288,-0.010663,0.032325,0.227226,0.292801,-0.403193,-0.012483,0.025088,-0.031526,-0.128457,0.092948,0.191015,0.000275,0.063446,-0.001163,0.011933,0.222471,-0.808878,1.220210,1.570632,0.000000,0.000000,0.144579,-0.179927,0.224647,1.107400,-0.255203,0.000000,0.000000
-0.013636,-0.025077,0.873304,0.034751,0.005123,0.928526,0.369602,-0.013114,0.039236,0.229090,0.308995,-0.412333,-0.011231,0.026226,-0.032336,-0.120315,0.097282,0.190803,-0.001459,0.066521,-0.001318,0.019910,0.217183,-0.802520,1.218466,1.570582,0.000000,0.000000,0.150424,-0.181515,0.230285,1.106257,-0.248098,0.000000,0.000000
-0.014001,-0.025796,0.873277,0.036099,0.005213,0.927819,0.371243,-0.015560,0.043041,0.231904,0.328431,-0.417889,-0.010972,0.027067,-0.034153,-0.116271,0.102035,0.191951,-0.002740,0.069967,-0.001420,0.026794,0.213188,-0.796356,1.217179,1.570523,0.000000,0.000000,0.155037,-0.183336,0.234243,1.105871,-0.246531,0.000000,0.000000
-0.013239,-0.026298,0.873303,0.037507,0.005133,0.928140,0.370301,-0.017715,0.045933,0.237722,0.347923,-0.426688,-0.011371,0.027764,-0.034617,-0.109486,0.105982,0.188574,-0.004115,0.069045,-0.001324,0.031491,0.214443,-0.799496,1.216787,1.570492,0.000000,0.000000,0.156846,-0.186053,0.240182,1.109223,-0.255253,0.000000,0.000000
-0.013273,-0.026951,0.873107,0.037576,0.004957,0.929707,0.366345,-0.020770,0.049264,0.247600,0.369424,-0.432925,-0.012337,0.028512,-0.034608,-0.106840,0.110140,0.185780,-0.004601,0.067178,-0.001217,0.035186,0.215279,-0.803568,1.215398,1.570475,0.000000,0.000000,0.159367,-0.187895,0.239722,1.114356,-0.270055,0.000000,0.000000
-0.012180,-0.028420,0.872917,0.037536,0.005142,0.932437,0.359341,-0.024032,0.051235,0.254802,0.378844,-0.439959,-0.013046,0.027517,-0.033845,-0.106465,0.113059,0.190309,-0.004438,0.064117,-0.001123,0.036359,0.214848,-0.805300,1.214315,1.570469,0.000000,0.000000,0.162388,-0.189057,0.234362,1.117915,-0.287805,0.000000,0.000000
-0.011402,-0.029951,0.872792,0.037375,0.004721,0.930726,0.363771,-0.025645,0.050781,0.251937,0.385719,-0.444174,-0.012824,0.024025,-0.032787,-0.108249,0.114513,0.195986,-0.003771,0.066253,-0.001197,0.038452,0.213179,-0.789140,1.212181,1.570461,0.000000,0.000000,0.163965,-0.189734,0.235879,1.119369,-0.298468,0.000000,0.000000
-0.009608,-0.030241,0.872779,0.037839,0.004015,0.931066,0.362860,-0.026545,0.052465,0.253396,0.393930,-0.447145,-0.012746,0.021855,-0.029762,-0.110227,0.113360,0.197397,-0.002469,0.065629,-0.001116,0.041357,0.211054,-0.774209,1.210458,1.570438,0.000000,0.000000,0.165412,-0.188818,0.237074,1.119958,-0.296216,0.000000,0.000000
-0.011029,-0.032128,0.872663,0.038175,0.003702,0.928998,0.368092,-0.025427,0.050991,0.257802,0.403096,-0.449675,-0.014008,0.020217,-0.033971,-0.137197,0.122762,0.184052,0.001233,0.071357,-0.001257,0.046927,0.210302,-0.754161,1.208529,1.570409,0.000000,0.000000,0.168330,-0.188562,0.238097,1.118393,-0.292070,0.000000,0.000000
-0.012666,-0.032031,0.871548,0.038655,0.003218,0.933198,0.357263,-0.024601,0.047640,0.231015,0.405156,-0.464890,-0.010627,0.020834,-0.032843,-0.092522,0.140742,0.194138,-0.006679,0.061399,-0.000949,0.049423,0.204505,-0.741583,1.205099,1.570358,0.000000,0.000000,0.174910,-0.188214,0.233507,1.111949,-0.267760,0.000000,0.000000
-0.011809,-0.032535,0.871621,0.039269,0.002841,0.931138,0.362536,-0.024238,0.046443,0.226300,0.407877,-0.464998,-0.010191,0.019900,-0.032584,-0.095883,0.141685,0.191519,-0.005945,0.063687,-0.000991,0.051783,0.203482,-0.737066,1.204489,1.570340,0.000000,0.000000,0.176130,-0.187897,0.235073,1.110630,-0.264544,0.000000,0.000000
-0.011165,-0.032161,0.871491,0.039981,0.001321,0.928819,0.368368,-0.022516,0.046975,0.224356,0.413836,-0.465867,-0.009854,0.018138,-0.030697,-0.103689,0.144250,0.186497,-0.003894,0.068875,-0.001120,0.057395,0.202336,-0.728425,1.204987,1.570313,0.000000,0.000000,0.179215,-0.186090,0.243213,1.105948,-0.258981,0.000000,0.000000
-0.011303,-0.032488,0.871032,0.040624,-0.000641,0.926805,0.373338,-0.019734,0.048156,0.218339,0.415146,-0.470061,-0.008705,0.016923,-0.027706,-0.095403,0.150247,0.184553,-0.004517,0.073977,-0.001322,0.062872,0.201599,-0.713119,1.206631,1.570285,0.000000,0.000000,0.181804,-0.186491,0.252637,1.105856,-0.253482,0.000000,0.000000
-0.012135,-0.033857,0.870618,0.041042,-0.001545,0.928414,0.369271,-0.018199,0.049381,0.214169,0.411412,-0.474469,-0.007739,0.017061,-0.025393,-0.080485,0.156382,0.181909,-0.006608,0.072391,-0.001324,0.065910,0.200364,-0.708607,1.205450,1.570255,0.000000,0.000000,0.185062,-0.186183,0.253710,1.103544,-0.249442,0.000000,0.000000
-0.012778,-0.035204,0.869742,0.040739,-0.001442,0.932439,0.359021,-0.018014,0.052063,0.214574,0.402459,-0.479527,-0.006990,0.017265,-0.022191,-0.050143,0.166771,0.192925,-0.011407,0.060176,-0.000990,0.066947,0.196316,-0.707024,1.204417,1.570227,0.000000,0.000000,0.187083,-0.186578,0.246567,1.108330,-0.245556,0.000000,0.000000
-0.012475,-0.035343,0.868781,0.039470,-0.001631,0.937138,0.346715,-0.020260,0.060305,0.248823,0.402249,-0.476271,-0.010146,0.017774,-0.020097,-0.059291,0.173634,0.204607,-0.008995,0.049245,-0.000529,0.065291,0.193070,-0.707127,1.203485,1.570212,0.000000,0.000000,0.189172,-0.185523,0.226238,1.112217,-0.239735,0.000000,0.000000
-0.011720,-0.035985,0.868727,0.040812,-0.002713,0.934339,0.354030,-0.017961,0.058003,0.232175,0.399546,-0.487276,-0.008119,0.015695,-0.019124,-0.044560,0.180364,0.192806,-0.011483,0.047755,-0.000318,0.068173,0.207377,-0.734770,1.203052,1.570269,0.000000,0.000000,0.187819,-0.189754,0.237666,1.116442,-0.259349,0.000000,0.000000
-0.013116,-0.037874,0.868670,0.041067,-0.003806,0.930915,0.362900,-0.014709,0.052316,0.219865,0.397052,-0.486540,-0.007595,0.013547,-0.023210,-0.056483,0.187223,0.172755,-0.010527,0.056635,-0.000700,0.075475,0.208174,-0.725234,1.201753,1.570272,0.000000,0.000000,0.188925,-0.189816,0.239815,1.118856,-0.268243,0.000000,0.000000
-0.013456,-0.037835,0.868142,0.042304,-0.005593,0.931974,0.360005,-0.012380,0.051967,0.213138,0.396392,-0.492570,-0.006656,0.012924,-0.021074,-0.046813,0.195587,0.165200,-0.011669,0.054909,-0.000702,0.079254,0.208777,-0.723333,1.201989,1.570266,0.000000,0.000000,0.191256,-0.190669,0.242794,1.118584,-0.268635,0.000000,0.000000
-0.013141,-0.037883,0.867560,0.043382,-0.007554,0.932178,0.359311,-0.009667,0.053784,0.208858,0.396040,-0.503480,-0.005536,0.012203,-0.015956,-0.032548,0.204111,0.156906,-0.012813,0.052522,-0.000666,0.083142,0.208634,-0.720103,1.203531,1.570253,0.000000,0.000000,0.194554,-0.190777,0.247386,1.116644,-0.263197,0.000000,0.000000
-0.012365,-0.037423,0.867196,0.043135,-0.008843,0.931150,0.361969,-0.008231,0.056001,0.209624,0.396516,-0.505941,-0.005090,0.011113,-0.010907,-0.021690,0.207752,0.152243,-0.013356,0.050435,-0.000578,0.087217,0.211329,-0.718338,1.202734,1.570257,0.000000,0.000000,0.195243,-0.190575,0.249878,1.114651,-0.259591,0.000000,0.000000
-0.012118,-0.037803,0.866488,0.043271,-0.010144,0.930250,0.364224,-0.006532,0.056448,0.198410,0.394497,-0.509779,-0.003310,0.008847,-0.004764,-0.000212,0.217900,0.146820,-0.015629,0.048119,-0.000511,0.091013,0.218409,-0.723227,1.202239,1.570273,0.000000,0.000000,0.194506,-0.191717,0.254216,1.112295,-0.256852,0.000000,0.000000
-0.011407,-0.039381,0.866123,0.043829,-0.011242,0.930179,0.364307,-0.006073,0.056517,0.188164,0.391728,-0.514318,-0.001751,0.006722,-0.000412,0.016257,0.225047,0.136983,-0.017478,0.044922,-0.000463,0.091762,0.227261,-0.742412,1.203351,1.570318,0.000000,0.000000,0.193267,-0.194406,0.257830,1.110669,-0.255901,0.000000,0.000000
-0.010756,-0.041062,0.865849,0.043395,-0.011869,0.932280,0.358929,-0.007272,0.059889,0.198101,0.390587,-0.515354,-0.002365,0.005454,0.002097,0.017028,0.227268,0.133231,-0.016917,0.040830,-0.000409,0.092206,0.229122,-0.751941,1.204705,1.570351,0.000000,0.000000,0.194603,-0.194596,0.246428,1.109383,-0.249394,0.000000,0.000000
-0.009885,-0.042452,0.865446,0.042356,-0.012399,0.934618,0.352904,-0.009260,0.066049,0.224114,0.389990,-0.514345,-0.004683,0.003769,0.004688,0.007734,0.228778,0.136223,-0.014417,0.035076,-0.000296,0.094729,0.225369,-0.748869,1.203688,1.570332,0.000000,0.000000,0.195467,-0.191927,0.224574,1.111090,-0.236206,0.000000,0.000000
-0.008757,-0.044020,0.864843,0.041320,-0.013531,0.934892,0.352260,-0.009452,0.068680,0.229687,0.384257,-0.514940,-0.004832,0.000946,0.007790,0.011656,0.231773,0.145383,-0.014258,0.032797,-0.000248,0.096501,0.221670,-0.737486,1.202812,1.570313,0.000000,0.000000,0.193621,-0.190543,0.220715,1.114332,-0.226211,0.000000,0.000000
-0.006911,-0.046346,0.864830,0.041387,-0.014719,0.934792,0.352470,-0.009497,0.071282,0.237668,0.379127,-0.511714,-0.005349,-0.001679,0.009896,0.010143,0.230282,0.147166,-0.013339,0.029488,-0.000071,0.096695,0.223436,-0.743456,1.205098,1.570307,0.000000,0.000000,0.191033,-0.191666,0.224241,1.117030,-0.220731,0.000000,0.000000
-0.005426,-0.046226,0.864421,0.041266,-0.016237,0.935693,0.350017,-0.008595,0.077787,0.258706,0.378492,-0.512381,-0.006849,-0.003730,0.014592,0.007032,0.232092,0.149301,-0.011354,0.023022,0.000215,0.098759,0.227806,-0.757626,1.205215,1.570323,0.000000,0.000000,0.189781,-0.191813,0.225371,1.115773,-0.205227,0.000000,0.000000
-0.004081,-0.044164,0.863728,0.040782,-0.018746,0.936617,0.347469,-0.005851,0.082647,0.265416,0.380995,-0.521473,-0.006689,-0.003520,0.020982,0.009780,0.235497,0.143885,-0.009964,0.022098,0.000275,0.100145,0.231130,-0.752050,1.203010,1.570351,0.000000,0.000000,0.191786,-0.190622,0.219868,1.111591,-0.194885,0.000000,0.000000
-0.008396,-0.049029,0.862849,0.041787,-0.022580,0.932088,0.359104,0.005738,0.049505,0.069572,0.349203,-0.532623,0.013222,-0.002848,0.020464,0.034203,0.249671,0.111999,-0.014861,0.041221,-0.000581,0.106519,0.234739,-0.723856,1.201245,1.570364,0.000000,0.000000,0.201033,-0.188603,0.224248,1.093576,-0.163869,0.000000,0.000000
-0.007195,-0.048053,0.862249,0.042117,-0.024684,0.932058,0.359004,0.008964,0.050691,0.062621,0.347697,-0.537154,0.014457,-0.000969,0.023949,0.039467,0.254591,0.102344,-0.014810,0.036744,-0.000467,0.109065,0.239748,-0.726710,1.199471,1.570383,0.000000,0.000000,0.201057,-0.190016,0.228177,1.091508,-0.162614,0.000000,0.000000
-0.006663,-0.048295,0.861300,0.041624,-0.025880,0.931223,0.361139,0.012540,0.052520,0.056011,0.340112,-0.543719,0.015681,-0.000077,0.027631,0.056674,0.265042,0.092614,-0.016994,0.032154,-0.000364,0.112043,0.247204,-0.730109,1.195961,1.570427,0.000000,0.000000,0.198914,-0.191649,0.231943,1.090289,-0.157047,0.000000,0.000000
-0.005643,-0.048847,0.860715,0.041212,-0.026831,0.930697,0.362470,0.014089,0.054978,0.057112,0.334408,-0.544919,0.016007,-0.000031,0.029912,0.067297,0.270004,0.091201,-0.018361,0.030030,-0.000347,0.114601,0.250814,-0.731872,1.194029,1.570455,0.000000,0.000000,0.198034,-0.191781,0.231297,1.087585,-0.146717,0.000000,0.000000
-0.004395,-0.049820,0.860425,0.041079,-0.028190,0.929202,0.366198,0.015265,0.057721,0.065578,0.331190,-0.541960,0.015429,-0.000097,0.030884,0.068926,0.271372,0.089999,-0.018396,0.031495,-0.000407,0.117516,0.254691,-0.736134,1.190638,1.570469,0.000000,0.000000,0.198055,-0.192932,0.231758,1.083813,-0.140083,0.000000,0.000000
-0.003165,-0.051098,0.860093,0.041635,-0.029654,0.927839,0.369463,0.016721,0.060607,0.076500,0.330136,-0.537122,0.014569,0.000064,0.031240,0.068419,0.274601,0.086320,-0.018215,0.034635,-0.000538,0.121318,0.258093,-0.737794,1.187096,1.570480,0.000000,0.000000,0.198062,-0.193715,0.232132,1.080221,-0.135172,0.000000,0.000000
-0.002111,-0.052416,0.859749,0.041779,-0.031311,0.926963,0.371503,0.018969,0.063523,0.083596,0.326414,-0.536614,0.014237,-0.000281,0.031929,0.070307,0.283979,0.085349,-0.018402,0.039419,-0.000767,0.127559,0.259587,-0.723800,1.180364,1.570502,0.000000,0.000000,0.198020,-0.192297,0.229537,1.074616,-0.116319,0.000000,0.000000
-0.000504,-0.054067,0.860266,0.042321,-0.032734,0.926350,0.372845,0.020328,0.064942,0.084831,0.323145,-0.536514,0.014358,-0.001020,0.032469,0.071891,0.290452,0.082823,-0.018563,0.040280,-0.000801,0.131894,0.263118,-0.721902,1.175501,1.570511,0.000000,0.000000,0.196862,-0.192287,0.230680,1.070404,-0.099566,0.000000,0.000000
0.002447,-0.056229,0.860832,0.043150,-0.033860,0.925862,0.373859,0.020922,0.067466,0.089178,0.319639,-0.530759,0.014313,-0.002504,0.033518,0.067204,0.292266,0.070438,-0.017375,0.039929,-0.000839,0.135381,0.278267,-0.756264,1.168370,1.570537,0.000000,0.000000,0.194189,-0.196575,0.240671,1.065401,-0.090438,0.000000,0.000000
0.005063,-0.057994,0.861226,0.044252,-0.034877,0.925177,0.375331,0.021203,0.069342,0.094262,0.317825,-0.526445,0.014042,-0.004097,0.034346,0.061827,0.298298,0.061440,-0.016137,0.042445,-0.000988,0.135406,0.292424,-0.792544,1.162630,1.570605,0.000000,0.000000,0.192530,-0.200942,0.247911,1.062332,-0.092893,0.000000,0.000000
0.007596,-0.059274,0.861657,0.043897,-0.035981,0.923626,0.379068,0.021015,0.071660,0.101267,0.315496,-0.524107,0.013600,-0.005428,0.035681,0.054952,0.304986,0.050151,-0.014468,0.047593,-0.001175,0.137576,0.300124,-0.795876,1.155314,1.570685,0.000000,0.000000,0.190482,-0.200851,0.247838,1.057647,-0.090728,0.000000,0.000000
0.009112,-0.060672,0.862254,0.043696,-0.037340,0.923355,0.379620,0.020915,0.073685,0.101554,0.311258,-0.524482,0.013969,-0.006264,0.037143,0.051515,0.320438,0.039621,-0.013418,0.051004,-0.001322,0.140559,0.307025,-0.792741,1.148128,1.570761,0.000000,0.000000,0.189275,-0.200950,0.248675,1.048752,-0.086385,0.000000,0.000000
0.010581,-0.061589,0.862661,0.044292,-0.038788,0.923303,0.379533,0.021911,0.076781,0.104093,0.308107,-0.528210,0.014223,-0.006444,0.039298,0.052919,0.348732,0.030279,-0.013111,0.052055,-0.001540,0.146070,0.314306,-0.792082,1.141753,1.570800,0.000000,0.000000,0.188807,-0.203367,0.253823,1.037262,-0.087495,0.000000,0.000000
0.012460,-0.062542,0.863354,0.043626,-0.040124,0.922534,0.381337,0.023259,0.079290,0.098315,0.298529,-0.536130,0.015357,-0.007104,0.042830,0.058390,0.377472,0.021958,-0.013173,0.052414,-0.001703,0.152193,0.318758,-0.791313,1.138033,1.570800,0.000000,0.000000,0.185275,-0.205137,0.261376,1.028125,-0.085592,0.000000,0.000000
0.014744,-0.063504,0.863914,0.043832,-0.041786,0.921861,0.382760,0.024372,0.082487,0.097817,0.293351,-0.538354,0.015999,-0.005948,0.046546,0.060666,0.397300,0.012004,-0.012527,0.053685,-0.001817,0.158670,0.320987,-0.788320,1.134636,1.570800,0.000000,0.000000,0.182280,-0.205333,0.266831,1.022084,-0.080560,0.000000,0.000000
0.014185,-0.062812,0.864588,0.042965,-0.042349,0.922205,0.381966,0.027534,0.087118,0.102154,0.286136,-0.526263,0.016390,-0.004648,0.050157,0.060713,0.445535,0.036341,-0.011507,0.054633,-0.002084,0.179442,0.300548,-0.700699,1.135819,1.570726,0.000000,0.000000,0.185061,-0.192951,0.250200,0.999985,-0.002027,0.000000,0.000000
0.015089,-0.064587,0.864969,0.043034,-0.042966,0.923004,0.379955,0.027372,0.087871,0.103422,0.283246,-0.524012,0.016383,-0.003887,0.050085,0.048946,0.458615,0.038191,-0.009185,0.052681,-0.002198,0.185531,0.297902,-0.685756,1.132373,1.570690,0.000000,0.000000,0.182826,-0.193668,0.250953,0.993289,0.002513,0.000000,0.000000
0.016953,-0.067681,0.865468,0.043497,-0.043863,0.923633,0.378266,0.025872,0.088525,0.107377,0.282214,-0.514220,0.016061,-0.002126,0.047464,0.026068,0.469605,0.037715,-0.005441,0.051053,-0.002229,0.192743,0.295776,-0.680854,1.131960,1.570633,0.000000,0.000000,0.179130,-0.195669,0.252183,0.986489,-0.004383,0.000000,0.000000
0.018415,-0.069199,0.865720,0.044370,-0.044089,0.924416,0.376222,0.025392,0.087974,0.102355,0.279934,-0.509758,0.016644,0.000438,0.045391,0.017802,0.503906,0.039227,-0.004396,0.051254,-0.002217,0.200466,0.291049,-0.674621,1.133402,1.570562,0.000000,0.000000,0.177372,-0.195161,0.250820,0.973866,0.007575,0.000000,0.000000
0.021037,-0.070067,0.865896,0.044941,-0.044929,0.923736,0.377721,0.025277,0.089690,0.100918,0.277640,-0.512677,0.017147,0.003070,0.046721,0.022322,0.548297,0.033943,-0.004850,0.052154,-0.002305,0.207863,0.291441,-0.671874,1.132666,1.570521,0.000000,0.000000,0.172348,-0.197330,0.258233,0.966315,0.009521,0.000000,0.000000
0.023278,-0.072622,0.866028,0.046114,-0.045655,0.922985,0.379325,0.024497,0.089437,0.100755,0.277515,-0.510976,0.017107,0.006152,0.042896,0.015569,0.587361,0.016909,-0.004656,0.053383,-0.002358,0.212336,0.297394,-0.682204,1.131913,1.570509,0.000000,0.000000,0.166562,-0.199695,0.266037,0.959228,0.005202,0.000000,0.000000
0.024790,-0.073830,0.866439,0.045740,-0.046100,0.923773,0.377395,0.023606,0.090434,0.097942,0.273702,-0.507058,0.017679,0.008484,0.042334,0.017583,0.632227,0.011941,-0.005187,0.053876,-0.002444,0.217021,0.295968,-0.672268,1.135039,1.570508,0.000000,0.000000,0.162515,-0.199373,0.268322,0.943663,0.019326,0.000000,0.000000
0.026991,-0.075782,0.867425,0.043562,-0.046775,0.924170,0.376595,0.020862,0.093117,0.093075,0.262051,-0.499491,0.018790,0.009441,0.043880,0.010546,0.664708,0.037505,-0.003160,0.059166,-0.002867,0.225958,0.268633,-0.536018,1.087100,1.570551,0.000000,0.000000,0.154896,-0.200576,0.274736,0.927825,0.033867,0.000000,0.000000
0.028551,-0.077920,0.867744,0.043455,-0.046926,0.924586,0.375566,0.019705,0.092990,0.092227,0.259133,-0.493158,0.018889,0.011513,0.041282,0.001338,0.683682,0.036733,-0.002071,0.056435,-0.002728,0.233347,0.265332,-0.520851,1.087922,1.570453,0.000000,0.000000,0.149077,-0.201024,0.276067,0.924626,0.036347,0.000000,0.000000
0.029558,-0.081505,0.867837,0.044520,-0.046386,0.925182,0.374037,0.017852,0.088043,0.078501,0.253287,-0.495015,0.019572,0.014929,0.030921,-0.018417,0.713077,0.027304,-0.001283,0.059373,-0.002823,0.238556,0.263616,-0.511152,1.089914,1.570395,0.000000,0.000000,0.144387,-0.203364,0.273508,0.917713,0.032795,0.000000,0.000000
0.031270,-0.084494,0.867724,0.045893,-0.046134,0.925584,0.372906,0.015765,0.084351,0.077286,0.255058,-0.492498,0.018999,0.019481,0.021009,-0.035786,0.744736,0.019126,-0.000832,0.062994,-0.002971,0.243692,0.260936,-0.499425,1.090102,1.570351,0.000000,0.000000,0.140267,-0.205789,0.272842,0.912312,0.028234,0.000000,0.000000
0.034200,-0.086503,0.867530,0.045616,-0.046247,0.925608,0.372868,0.014596,0.084893,0.076803,0.257119,-0.500346,0.019122,0.022984,0.018400,-0.039043,0.771486,0.012385,-0.000973,0.064169,-0.003013,0.249157,0.255435,-0.492498,1.087910,1.570278,0.000000,0.000000,0.133382,-0.205459,0.275714,0.907249,0.042088,0.000000,0.000000
0.037722,-0.088320,0.866877,0.044748,-0.045913,0.925740,0.372687,0.014710,0.089291,0.080058,0.266482,-0.509881,0.019538,0.025994,0.017185,-0.038421,0.799828,0.016421,-0.001456,0.063611,-0.003079,0.255500,0.253443,-0.483934,1.091148,1.570229,0.000000,0.000000,0.123988,-0.208686,0.281069,0.901725,0.039303,0.000000,0.000000
0.024634,-0.099823,0.869901,0.042923,-0.039441,0.925178,0.375030,0.012800,0.021371,-0.209449,0.219555,-0.393441,0.046670,0.030485,-0.037801,-0.060232,0.832220,-0.000017,-0.014060,0.080389,-0.003510,0.249769,0.245034,-0.489024,1.099089,1.570105,0.000000,0.000000,0.113524,-0.223143,0.275746,0.888534,0.044202,0.000000,0.000000
0.026111,-0.101417,0.870122,0.044219,-0.039368,0.926544,0.371499,0.014513,0.019996,-0.221545,0.220544,-0.371477,0.048716,0.036227,-0.045110,-0.069093,0.845928,-0.000287,-0.014571,0.080351,-0.003461,0.255681,0.242286,-0.479144,1.098794,1.570079,0.000000,0.000000,0.109195,-0.224928,0.275453,0.883320,0.051121,0.000000,0.000000
0.028244,-0.102969,0.870666,0.044875,-0.039234,0.925880,0.373086,0.015978,0.018762,-0.233481,0.214703,-0.338286,0.051151,0.041204,-0.051674,-0.077593,0.854615,0.004701,-0.014930,0.082986,-0.003560,0.264672,0.239474,-0.468003,1.094960,1.570027,0.000000,0.000000,0.103541,-0.226554,0.280838,0.875027,0.062414,0.000000,0.000000
0.028242,-0.103206,0.872139,0.044195,-0.041368,0.925268,0.374452,0.021953,0.019914,-0.244554,0.198198,-0.298087,0.054491,0.043311,-0.050829,-0.065105,0.857965,-0.451697,-0.017154,0.085375,-0.003930,0.264128,0.256551,-0.439744,1.114757,1.570231,0.000000,0.000000,0.088411,-0.231478,0.295804,0.861229,0.060526,0.000000,0.000000
0.030358,-0.105778,0.872837,0.042185,-0.042342,0.921869,0.382864,0.021939,0.021302,-0.245419,0.191747,-0.274113,0.055505,0.044425,-0.056435,-0.057952,0.873214,-0.423161,-0.020463,0.102820,-0.004637,0.265655,0.265650,-0.429918,1.112307,1.570313,0.000000,0.000000,0.078891,-0.233865,0.301600,0.854939,0.042159,0.000000,0.000000
0.033189,-0.108134,0.873587,0.040399,-0.043144,0.918738,0.390420,0.018434,0.022554,-0.246654,0.178537,-0.252713,0.056241,0.047219,-0.061904,-0.046503,0.884039,-0.370113,-0.024678,0.129250,-0.005572,0.265442,0.271145,-0.430135,1.111980,1.570338,0.000000,0.000000,0.069889,-0.230352,0.300676,0.850818,0.038267,0.000000,0.000000
0.036866,-0.108987,0.874001,0.036674,-0.042160,0.915772,0.397793,0.009886,0.024118,-0.249426,0.152011,-0.258452,0.055866,0.049557,-0.067489,-0.042328,0.886609,-0.325046,-0.027373,0.156223,-0.006520,0.262645,0.280091,-0.428085,1.110315,1.570400,0.000000,0.000000,0.069042,-0.227618,0.279448,0.840820,0.012500,0.000000,0.000000
0.055357,-0.112436,0.867618,0.044416,-0.039061,0.930655,0.361084,-0.010832,0.060047,0.025185,0.218716,-0.484845,0.021325,0.061799,-0.064442,-0.118130,0.897617,-0.238573,-0.011429,0.087093,-0.004505,0.276193,0.267305,-0.424217,1.116425,1.570328,0.000000,0.000000,0.062142,-0.245978,0.284603,0.852185,-0.037716,0.000000,0.000000
0.053855,-0.122418,0.871769,0.041818,-0.035693,0.930351,0.362524,-0.026091,0.029627,-0.032675,0.202925,-0.154648,0.026172,0.060639,-0.090817,-0.121469,0.906235,-0.210338,-0.019114,0.094357,-0.004746,0.286333,0.269956,-0.412390,1.100569,1.570351,0.000000,0.000000,0.040509,-0.247729,0.315910,0.860868,-0.111584,0.000000,0.000000
0.058068,-0.125640,0.871622,0.041825,-0.034803,0.929305,0.365282,-0.029657,0.028078,-0.024555,0.200667,-0.132964,0.024584,0.063561,-0.098154,-0.124475,0.911897,-0.207572,-0.020880,0.098472,-0.004900,0.290637,0.270992,-0.404726,1.097021,1.570368,0.000000,0.000000,0.031702,-0.250479,0.321455,0.856455,-0.116850,0.000000,0.000000
0.062635,-0.128227,0.871544,0.040834,-0.033639,0.930234,0.363132,-0.034744,0.028445,-0.021819,0.197211,-0.121973,0.024316,0.066787,-0.098935,-0.119589,0.916471,-0.201986,-0.022161,0.100779,-0.005058,0.293660,0.269012,-0.399821,1.099266,1.570340,0.000000,0.000000,0.023721,-0.252954,0.323782,0.855226,-0.124489,0.000000,0.000000
0.067385,-0.131010,0.871082,0.042172,-0.032999,0.930675,0.361908,-0.040353,0.028124,-0.019111,0.198472,-0.111748,0.023872,0.072471,-0.099058,-0.111955,0.921451,-0.194666,-0.023805,0.103797,-0.005201,0.297849,0.264940,-0.399577,1.104759,1.570280,0.000000,0.000000,0.013901,-0.256130,0.330302,0.855007,-0.128517,0.000000,0.000000
0.071994,-0.133559,0.870913,0.040424,-0.031840,0.930543,0.362549,-0.046413,0.028996,-0.011664,0.199218,-0.106157,0.022882,0.076224,-0.101523,-0.112420,0.921885,-0.189279,-0.024548,0.106735,-0.005286,0.300260,0.265362,-0.392710,1.104519,1.570274,0.000000,0.000000,0.003214,-0.260393,0.333074,0.851372,-0.134700,0.000000,0.000000
0.075480,-0.137500,0.870331,0.040178,-0.029952,0.930106,0.363856,-0.054031,0.023187,-0.034002,0.197675,-0.107345,0.025064,0.080319,-0.107230,-0.111366,0.919942,-0.183328,-0.026622,0.113249,-0.005517,0.303067,0.269710,-0.387521,1.095334,1.570307,0.000000,0.000000,-0.010463,-0.266526,0.337449,0.849949,-0.148246,0.000000,0.000000
0.080977,-0.139610,0.869969,0.040799,-0.029629,0.929971,0.364159,-0.058731,0.024269,-0.026276,0.199156,-0.099307,0.024062,0.084666,-0.108832,-0.111523,0.918299,-0.175972,-0.027176,0.117605,-0.005698,0.304912,0.262286,-0.380901,1.104514,1.570246,0.000000,0.000000,-0.019306,-0.266461,0.340936,0.850440,-0.148460,0.000000,0.000000
0.086746,-0.141607,0.869651,0.040977,-0.029146,0.928648,0.367538,-0.062396,0.026660,-0.018810,0.199855,-0.092202,0.023471,0.088059,-0.108553,-0.105874,0.915537,-0.166033,-0.028248,0.123471,-0.005871,0.307417,0.258560,-0.378391,1.111801,1.570179,0.000000,0.000000,-0.029933,-0.266156,0.346519,0.849330,-0.149904,0.000000,0.000000
0.091155,-0.145332,0.869268,0.041174,-0.028021,0.929467,0.365527,-0.065435,0.025675,-0.023822,0.202554,-0.093331,0.024078,0.091712,-0.111155,-0.106432,0.911911,-0.163739,-0.029019,0.128426,-0.006098,0.307934,0.258343,-0.381631,1.114319,1.570141,0.000000,0.000000,-0.037991,-0.269320,0.345586,0.845090,-0.160739,0.000000,0.000000
0.096335,-0.147481,0.868857,0.039956,-0.026562,0.926468,0.373303,-0.069650,0.025720,-0.048507,0.202087,-0.107277,0.027996,0.094053,-0.113053,-0.093574,0.901445,-0.157461,-0.032117,0.136766,-0.006340,0.311846,0.262320,-0.371810,1.106073,1.570172,0.000000,0.000000,-0.054162,-0.272876,0.357481,0.837443,-0.153324,0.000000,0.000000
0.099166,-0.150324,0.868318,0.039280,-0.024758,0.926812,0.372643,-0.077013,0.020405,-0.091835,0.194757,-0.109544,0.033510,0.098778,-0.115098,-0.088064,0.886411,-0.151518,-0.033925,0.144998,-0.006714,0.313293,0.258076,-0.369986,1.113787,1.570110,0.000000,0.000000,-0.062334,-0.277230,0.356672,0.832894,-0.159417,0.000000,0.000000
0.109541,-0.151346,0.867741,0.041857,-0.026875,0.927954,0.369361,-0.084102,0.033078,-0.004279,0.195947,-0.100949,0.022194,0.104672,-0.107703,-0.092998,0.876178,-0.138938,-0.030792,0.142992,-0.006584,0.319006,0.257237,-0.364830,1.118103,1.570080,0.000000,0.000000,-0.069176,-0.274551,0.358444,0.835090,-0.152052,0.000000,0.000000
0.115300,-0.153615,0.867286,0.041939,-0.026905,0.926744,0.372375,-0.089801,0.035730,0.007916,0.194713,-0.094715,0.020920,0.106256,-0.105536,-0.086137,0.867447,-0.135857,-0.031418,0.146635,-0.006730,0.321645,0.257129,-0.359375,1.121414,1.570078,0.000000,0.000000,-0.075918,-0.274385,0.361852,0.835918,-0.155073,0.000000,0.000000
0.120601,-0.156445,0.866624,0.042305,-0.026476,0.926264,0.373557,-0.096371,0.037215,0.015176,0.195431,-0.089431,0.020138,0.108626,-0.105607,-0.081134,0.854997,-0.139437,-0.032431,0.151268,-0.006981,0.323949,0.258272,-0.356851,1.125964,1.570077,0.000000,0.000000,-0.083427,-0.276066,0.366147,0.835622,-0.165361,0.000000,0.000000
0.127261,-0.158658,0.865932,0.043161,-0.026439,0.925430,0.375523,-0.102345,0.041134,0.038917,0.200575,-0.081667,0.017181,0.111270,-0.105878,-0.078117,0.841153,-0.147374,-0.033175,0.154391,-0.007134,0.326475,0.260199,-0.350309,1.126188,1.570097,0.000000,0.000000,-0.091994,-0.276529,0.373050,0.833311,-0.169564,0.000000,0.000000
0.132271,-0.161884,0.865089,0.043686,-0.025516,0.923369,0.380566,-0.107902,0.041211,0.032723,0.204064,-0.086404,0.018293,0.112713,-0.107460,-0.068248,0.826436,-0.155808,-0.035599,0.159749,-0.007350,0.329957,0.262278,-0.342643,1.121578,1.570115,0.000000,0.000000,-0.102177,-0.276764,0.379738,0.828972,-0.170669,0.000000,0.000000
0.137989,-0.164631,0.864132,0.045988,-0.025592,0.923313,0.380424,-0.112499,0.041644,0.032272,0.210539,-0.086341,0.018462,0.116220,-0.106326,-0.060232,0.812309,-0.162621,-0.036866,0.165597,-0.007763,0.331885,0.258936,-0.341675,1.131392,1.570078,0.000000,0.000000,-0.108195,-0.280703,0.392044,0.829381,-0.180804,0.000000,0.000000
0.143516,-0.167279,0.863377,0.047492,-0.025746,0.922470,0.382271,-0.116353,0.042887,0.034801,0.213381,-0.083959,0.018330,0.118764,-0.104891,-0.051719,0.800062,-0.172099,-0.038091,0.168713,-0.007904,0.335205,0.255590,-0.334806,1.133996,1.570040,0.000000,0.000000,-0.114248,-0.283313,0.402056,0.826579,-0.183002,0.000000,0.000000
0.149132,-0.169875,0.862509,0.049248,-0.025771,0.921338,0.384768,-0.119755,0.044357,0.038984,0.213038,-0.079145,0.017976,0.120890,-0.103719,-0.042562,0.789226,-0.187841,-0.039494,0.170413,-0.007899,0.339577,0.253385,-0.328182,1.138723,1.570006,0.000000,0.000000,-0.120791,-0.283344,0.408704,0.827075,-0.185534,0.000000,0.000000
0.156226,-0.171887,0.861709,0.051212,-0.026531,0.920897,0.385516,-0.122767,0.049337,0.061536,0.211459,-0.064308,0.015367,0.123031,-0.100745,-0.037095,0.781366,-0.208527,-0.039670,0.170770,-0.007784,0.343329,0.250477,-0.321385,1.147280,1.569973,0.000000,0.000000,-0.126121,-0.276651,0.403869,0.829057,-0.182914,0.000000,0.000000
0.162288,-0.175286,0.860717,0.053315,-0.026450,0.919695,0.388097,-0.124498,0.051571,0.068295,0.205371,-0.051722,0.014852,0.123514,-0.101556,-0.033759,0.778674,-0.226041,-0.040588,0.171804,-0.007863,0.346097,0.249102,-0.317563,1.152143,1.569956,0.000000,0.000000,-0.129733,-0.275461,0.401698,0.806914,-0.177535,0.000000,0.000000
0.169124,-0.178318,0.859754,0.054975,-0.026582,0.918554,0.390551,-0.125265,0.054853,0.071182,0.194150,-0.041030,0.015219,0.122928,-0.101245,-0.030007,0.777258,-0.240215,-0.041185,0.172239,-0.007939,0.349231,0.247478,-0.308681,1.155524,1.569946,0.000000,0.000000,-0.132878,-0.274688,0.399878,0.806345,-0.169829,0.000000,0.000000
0.175633,-0.181622,0.858802,0.056650,-0.026689,0.917995,0.391617,-0.126008,0.057275,0.073721,0.185442,-0.031409,0.015392,0.122531,-0.099924,-0.025525,0.774233,-0.254882,-0.041585,0.171222,-0.008047,0.352073,0.246547,-0.303844,1.160119,1.569942,0.000000,0.000000,-0.136907,-0.272320,0.410323,0.815781,-0.174286,0.000000,0.000000
0.182613,-0.185256,0.857806,0.058626,-0.026507,0.917704,0.392019,-0.126678,0.058250,0.075974,0.179986,-0.023313,0.015242,0.122159,-0.097369,-0.019885,0.769738,-0.269961,-0.041799,0.168936,-0.008050,0.354507,0.246903,-0.301918,1.164205,1.569938,0.000000,0.000000,-0.142343,-0.271242,0.417696,0.826045,-0.181964,0.000000,0.000000
0.189740,-0.186049,0.857393,0.060347,-0.027706,0.917320,0.392573,-0.125459,0.062934,0.080705,0.179761,-0.015245,0.015610,0.123115,-0.081572,-0.006611,0.757489,-0.502801,-0.037880,0.165226,-0.008024,0.363315,0.251293,-0.296001,1.167711,1.569969,0.000000,0.000000,-0.146186,-0.269493,0.426495,0.833472,-0.205017,0.000000,0.000000
0.198034,-0.189291,0.856611,0.061592,-0.028298,0.913565,0.401005,-0.124729,0.067827,0.090916,0.174222,-0.002684,0.015075,0.119338,-0.076483,0.007881,0.758459,-0.503452,-0.038880,0.164146,-0.007967,0.364525,0.249754,-0.287003,1.171694,1.569983,0.000000,0.000000,-0.150639,-0.263597,0.439217,0.834808,-0.195535,0.000000,0.000000
0.203012,-0.193351,0.855454,0.063877,-0.026840,0.915688,0.395871,-0.125004,0.066656,0.090052,0.169045,0.006431,0.014947,0.119061,-0.076789,0.004717,0.757442,-0.502891,-0.038411,0.164286,-0.008049,0.364169,0.251031,-0.291359,1.173136,1.569975,0.000000,0.000000,-0.149007,-0.264395,0.436452,0.836481,-0.200747,0.000000,0.000000
0.208237,-0.197378,0.854108,0.066103,-0.025852,0.915374,0.396300,-0.123928,0.064559,0.089431,0.155235,0.025394,0.014550,0.118826,-0.080315,-0.004257,0.753804,-0.504508,-0.037806,0.164474,-0.008074,0.362271,0.250816,-0.295349,1.178128,1.569974,0.000000,0.000000,-0.145457,-0.264257,0.431644,0.838674,-0.206925,0.000000,0.000000
0.214746,-0.201697,0.852790,0.068020,-0.025636,0.915063,0.396706,-0.121373,0.063801,0.089493,0.136100,0.047617,0.014395,0.117937,-0.083008,-0.013701,0.749245,-0.505386,-0.036787,0.163933,-0.008050,0.359218,0.248729,-0.302171,1.185929,1.569954,0.000000,0.000000,-0.143026,-0.262391,0.430167,0.843927,-0.207146,0.000000,0.000000
0.222281,-0.205871,0.850960,0.069793,-0.024594,0.915032,0.396536,-0.116905,0.062827,0.089076,0.106659,0.082460,0.014302,0.115783,-0.084490,-0.024694,0.740626,-0.500898,-0.035014,0.161367,-0.007514,0.355467,0.244464,-0.310667,1.191611,1.569906,0.000000,0.000000,-0.138414,-0.250587,0.407084,0.839595,-0.097518,0.000000,0.000000
0.229076,-0.211576,0.849518,0.071797,-0.024222,0.914873,0.396567,-0.115479,0.060981,0.077514,0.094658,0.090907,0.015890,0.114499,-0.084606,-0.027096,0.735012,-0.496595,-0.034548,0.161373,-0.007628,0.350447,0.242696,-0.313003,1.194883,1.569900,0.000000,0.000000,-0.136034,-0.248867,0.402763,0.843440,-0.080330,0.000000,0.000000
0.237788,-0.215629,0.848263,0.070940,-0.023854,0.914884,0.396718,-0.114493,0.063143,0.086022,0.071266,0.124452,0.014923,0.110583,-0.081085,-0.030345,0.723965,-0.494099,-0.032755,0.156629,-0.007492,0.343270,0.244861,-0.318579,1.198821,1.569915,0.000000,0.000000,-0.134122,-0.245887,0.400901,0.848778,-0.059605,0.000000,0.000000
0.245396,-0.220663,0.845907,0.071826,-0.022703,0.915261,0.395757,-0.112620,0.062701,0.091537,0.044267,0.163148,0.013866,0.107640,-0.079741,-0.033486,0.712525,-0.493608,-0.031632,0.154089,-0.007461,0.338274,0.248955,-0.324617,1.198332,1.569956,0.000000,0.000000,-0.127876,-0.244386,0.393967,0.852284,-0.049408,0.000000,0.000000
0.252662,-0.226126,0.843682,0.071540,-0.021208,0.915943,0.394310,-0.111577,0.061947,0.092586,0.017610,0.196230,0.013537,0.104928,-0.079695,-0.038197,0.698471,-0.490917,-0.030616,0.152013,-0.007489,0.331860,0.247222,-0.326986,1.198467,1.569976,0.000000,0.000000,-0.122018,-0.244610,0.388105,0.856081,-0.047590,0.000000,0.000000
0.259504,-0.231891,0.840440,0.071705,-0.019536,0.916583,0.392876,-0.110405,0.061755,0.078489,-0.013787,0.231307,0.016067,0.102373,-0.080429,-0.041940,0.678908,-0.494223,-0.029895,0.150860,-0.007415,0.320954,0.246079,-0.338746,1.199128,1.569976,0.000000,0.000000,-0.115670,-0.245450,0.381887,0.863768,-0.044237,0.000000,0.000000
0.261474,-0.239746,0.840865,0.074109,-0.019949,0.916719,0.392091,-0.106193,0.044395,0.131063,-0.017450,0.298263,0.001529,0.102801,-0.089614,-0.043862,0.663335,-0.545509,-0.031450,0.140649,-0.006969,0.323583,0.255590,-0.338917,1.190595,1.570064,0.000000,0.000000,-0.103901,-0.265722,0.380995,0.864667,0.011850,0.000000,0.000000
0.266841,-0.244608,0.840913,0.075840,-0.018592,0.917760,0.389382,-0.102173,0.040375,0.137224,-0.017450,0.293678,-0.000430,0.102359,-0.093521,-0.051175,0.655248,-0.556397,-0.030988,0.137010,-0.006794,0.321966,0.259563,-0.346518,1.184045,1.570088,0.000000,0.000000,-0.094752,-0.271495,0.377244,0.867456,0.015799,0.000000,0.000000
0.277098,-0.244962,0.836609,0.074210,-0.015666,0.918431,0.388243,-0.093357,0.067376,0.022411,-0.017450,-0.139885,0.022532,0.096233,-0.089595,-0.069439,0.634800,-0.573682,-0.025929,0.134138,-0.006454,0.314320,0.265753,-0.349812,1.167038,1.570201,0.000000,0.000000,-0.078526,-0.274027,0.360010,0.869714,0.003156,0.000000,0.000000
0.283883,-0.248979,0.834762,0.075502,-0.014982,0.917704,0.389736,-0.088417,0.070886,0.009546,-0.017450,-0.213214,0.023735,0.093658,-0.092737,-0.082359,0.623715,-0.578059,-0.024359,0.135967,-0.006468,0.311359,0.272228,-0.349207,1.153436,1.570279,0.000000,0.000000,-0.066767,-0.273245,0.353507,0.874408,0.000646,0.000000,0.000000
0.288821,-0.253847,0.834765,0.076369,-0.013438,0.918892,0.386814,-0.086424,0.066411,0.001832,-0.017450,-0.218206,0.023745,0.092778,-0.092895,-0.080652,0.616018,-0.576336,-0.024610,0.131345,-0.006339,0.308966,0.270232,-0.347237,1.146059,1.570281,0.000000,0.000000,-0.059220,-0.274444,0.351516,0.879344,0.005159,0.000000,0.000000
0.292446,-0.259441,0.836157,0.077231,-0.012175,0.917489,0.390001,-0.082948,0.057273,-0.013432,-0.017450,-0.192956,0.024383,0.091028,-0.096200,-0.076889,0.604318,-0.571738,-0.026035,0.130060,-0.006293,0.306994,0.264568,-0.336902,1.135814,1.570269,0.000000,0.000000,-0.050356,-0.275321,0.352165,0.887219,0.007612,0.000000,0.000000
0.297812,-0.264465,0.838301,0.078349,-0.011072,0.916964,0.391046,-0.079836,0.049250,-0.020162,-0.008085,-0.169209,0.024352,0.088909,-0.098467,-0.074556,0.592390,-0.563623,-0.026940,0.126834,-0.006073,0.306330,0.258732,-0.327154,1.123810,1.570240,0.000000,0.000000,-0.041378,-0.276825,0.355330,0.896073,0.006729,0.000000,0.000000
0.305507,-0.268667,0.839944,0.079914,-0.010046,0.917189,0.390227,-0.078290,0.046229,-0.012263,0.012459,-0.178470,0.023046,0.086686,-0.097731,-0.076218,0.582500,-0.554399,-0.026416,0.122903,-0.005835,0.306398,0.257682,-0.321985,1.109668,1.570247,0.000000,0.000000,-0.030857,-0.278241,0.356135,0.903319,0.002293,0.000000,0.000000
0.315875,-0.271910,0.841706,0.081168,-0.007635,0.917271,0.389830,-0.077656,0.046967,0.020185,0.050662,-0.227272,0.019161,0.081585,-0.093513,-0.074827,0.571604,-0.539487,-0.025503,0.117133,-0.005523,0.300161,0.262146,-0.327119,1.092987,1.550052,0.000000,0.000000,-0.025827,-0.280505,0.371130,0.925625,-0.001750,0.000000,0.000000
0.323600,-0.276588,0.844634,0.081953,-0.006566,0.916927,0.390494,-0.077325,0.044962,0.039454,0.094807,-0.250479,0.016409,0.076402,-0.091368,-0.071895,0.563531,-0.524958,-0.025446,0.114216,-0.005261,0.293623,0.263727,-0.329386,1.082343,1.533912,0.000000,0.000000,-0.018322,-0.278658,0.379961,0.945145,0.005415,0.000000,0.000000
0.330432,-0.281629,0.847623,0.083432,-0.005818,0.916719,0.390680,-0.076086,0.040380,0.050432,0.146493,-0.262217,0.014276,0.072003,-0.090866,-0.069790,0.556622,-0.506554,-0.025753,0.112274,-0.005087,0.287500,0.264749,-0.333826,1.074616,1.525661,0.000000,0.000000,-0.006066,-0.277156,0.385016,0.963464,0.010211,0.000000,0.000000
0.336923,-0.286690,0.849767,0.083629,-0.004894,0.916384,0.391437,-0.074570,0.035668,0.051038,0.191916,-0.272509,0.013423,0.067117,-0.090538,-0.066697,0.547427,-0.493341,-0.026197,0.109865,-0.004884,0.280471,0.266113,-0.336571,1.067120,1.524581,0.000000,0.000000,0.005945,-0.276580,0.387776,0.977365,0.013345,0.000000,0.000000
0.343089,-0.291777,0.851002,0.084852,-0.004062,0.916245,0.391507,-0.071780,0.029405,0.054393,0.243924,-0.282869,0.011727,0.063213,-0.091455,-0.065635,0.538126,-0.481208,-0.026613,0.108165,-0.004688,0.272836,0.267835,-0.341605,1.057366,1.519893,0.000000,0.000000,0.020878,-0.276653,0.387152,0.989555,0.015125,0.000000,0.000000
0.348841,-0.296983,0.851221,0.085438,-0.002990,0.915716,0.392625,-0.068780,0.022257,0.053317,0.292651,-0.289939,0.010389,0.059004,-0.092878,-0.065485,0.527621,-0.464070,-0.027034,0.108524,-0.004613,0.263681,0.269517,-0.347461,1.048485,1.512509,0.000000,0.000000,0.034633,-0.278230,0.387200,0.999831,0.005679,0.000000,0.000000
0.354996,-0.301348,0.850376,0.085904,-0.002825,0.916780,0.390034,-0.067423,0.019478,0.062430,0.341202,-0.296640,0.008338,0.056375,-0.090507,-0.065044,0.516846,-0.447275,-0.026522,0.103967,-0.004304,0.255306,0.270383,-0.354924,1.042365,1.512551,0.000000,0.000000,0.048489,-0.278031,0.383279,1.011869,-0.001749,0.000000,0.000000
0.360596,-0.305800,0.848605,0.085984,-0.002011,0.917492,0.388343,-0.067604,0.016389,0.074538,0.386424,-0.296195,0.005570,0.054017,-0.089443,-0.064758,0.504275,-0.430362,-0.026337,0.100037,-0.004006,0.246977,0.271109,-0.360173,1.035655,1.514388,0.000000,0.000000,0.063657,-0.277457,0.378606,1.023414,-0.003904,0.000000,0.000000
0.375943,-0.299082,0.848592,0.084810,-0.003760,0.918405,0.386426,-0.065584,0.069805,0.239793,0.477996,-0.339618,-0.009265,0.053103,-0.065078,-0.069231,0.486551,-0.409427,-0.019196,0.094906,-0.003655,0.238609,0.275100,-0.350170,1.027547,1.533326,0.000000,0.000000,0.081690,-0.268161,0.366327,1.034867,-0.020937,0.000000,0.000000
0.379400,-0.308036,0.850441,0.083758,-0.003199,0.918904,0.385474,-0.064235,0.055198,0.213767,0.518035,-0.313901,-0.009123,0.047537,-0.066417,-0.064118,0.475970,-0.391509,-0.020487,0.095057,-0.003617,0.229623,0.280451,-0.355239,1.012581,1.544035,0.000000,0.000000,0.095689,-0.268245,0.359478,1.044189,-0.029288,0.000000,0.000000
0.385796,-0.314050,0.852495,0.082949,-0.002003,0.919860,0.383369,-0.060438,0.048816,0.206998,0.560978,-0.315107,-0.010258,0.042334,-0.069034,-0.079354,0.463970,-0.375193,-0.018588,0.091432,-0.003381,0.220323,0.283023,-0.357970,0.997106,1.553602,0.000000,0.000000,0.107576,-0.266874,0.350760,1.055852,-0.027933,0.000000,0.000000
0.393185,-0.317342,0.854339,0.081527,-0.001803,0.920695,0.381667,-0.055702,0.053701,0.216053,0.609427,-0.324921,-0.011127,0.037815,-0.064265,-0.080842,0.450120,-0.356495,-0.017062,0.085292,-0.003115,0.213005,0.285366,-0.358428,0.988398,1.558276,0.000000,0.000000,0.119828,-0.266874,0.349840,1.067695,-0.045621,0.000000,0.000000
0.399890,-0.320333,0.855941,0.081293,-0.001863,0.921559,0.379628,-0.049758,0.061655,0.229148,0.659736,-0.339120,-0.011828,0.035938,-0.060491,-0.085960,0.437550,-0.345071,-0.015197,0.078926,-0.002797,0.203632,0.287309,-0.356421,0.983084,1.548331,0.000000,0.000000,0.133675,-0.265749,0.347965,1.077868,-0.052637,0.000000,0.000000
0.405510,-0.324809,0.857326,0.080851,-0.001665,0.922114,0.378373,-0.043736,0.063034,0.227456,0.696041,-0.345700,-0.011409,0.032995,-0.058122,-0.083939,0.426990,-0.333390,-0.014923,0.074237,-0.002512,0.194440,0.292262,-0.360101,0.971188,1.540328,0.000000,0.000000,0.146337,-0.265722,0.345125,1.087140,-0.056308,0.000000,0.000000
0.411276,-0.328051,0.858569,0.079581,-0.001840,0.923155,0.376097,-0.036310,0.068503,0.228637,0.733261,-0.331156,-0.010425,0.029862,-0.053588,-0.078733,0.415187,-0.319282,-0.014617,0.068199,-0.002178,0.185538,0.300463,-0.364003,0.951182,1.536617,0.000000,0.000000,0.161852,-0.265053,0.337554,1.094332,-0.063532,0.000000,0.000000
0.416843,-0.332307,0.859741,0.079214,-0.002004,0.923565,0.375165,-0.028637,0.070147,0.225702,0.763736,-0.327271,-0.009562,0.027098,-0.051042,-0.077901,0.405107,-0.304385,-0.014107,0.063640,-0.001901,0.178090,0.305471,-0.369830,0.940681,1.543162,0.000000,0.000000,0.175627,-0.263896,0.332281,1.103454,-0.072069,0.000000,0.000000
0.421782,-0.338797,0.860995,0.077816,-0.001687,0.924351,0.373520,-0.021593,0.065549,0.223137,0.790568,-0.318158,-0.010594,0.022206,-0.050887,-0.080290,0.393894,-0.290365,-0.013666,0.057023,-0.001569,0.170373,0.306587,-0.376374,0.933269,1.563330,0.000000,0.000000,0.189081,-0.261888,0.324616,1.111287,-0.066467,0.000000,0.000000
0.427388,-0.344617,0.862199,0.076521,-0.001286,0.924959,0.372283,-0.014052,0.061682,0.215425,0.818959,-0.311983,-0.010278,0.016820,-0.050530,-0.081245,0.383024,-0.279753,-0.013393,0.051166,-0.001269,0.160896,0.310687,-0.381308,0.920458,1.570242,0.000000,0.000000,0.201102,-0.262700,0.320529,1.119728,-0.070462,0.000000,0.000000
0.433206,-0.350210,0.863164,0.075530,-0.001125,0.925975,0.369952,-0.005865,0.060211,0.208992,0.845066,-0.311736,-0.009428,0.011681,-0.049788,-0.083379,0.373710,-0.270597,-0.012809,0.043470,-0.000947,0.151936,0.314121,-0.382720,0.905945,1.558248,0.000000,0.000000,0.211324,-0.262157,0.315818,1.130486,-0.072908,0.000000,0.000000
0.438815,-0.355533,0.863904,0.073139,-0.001126,0.927690,0.366116,0.001062,0.061902,0.207143,0.868564,-0.313074,-0.008498,0.005958,-0.047707,-0.088507,0.363614,-0.259940,-0.011370,0.036296,-0.000437,0.142208,0.322448,-0.390018,0.890214,1.569602,0.000000,0.000000,0.227464,-0.259476,0.299805,1.134242,-0.078614,0.000000,0.000000
0.444781,-0.361100,0.864679,0.071662,-0.000859,0.928465,0.364439,0.008669,0.063708,0.208062,0.888961,-0.304836,-0.008070,0.000028,-0.046625,-0.090432,0.354939,-0.249982,-0.010751,0.027843,-0.000140,0.134410,0.326500,-0.391119,0.878141,1.570800,0.000000,0.000000,0.236806,-0.258310,0.292183,1.142441,-0.083727,0.000000,0.000000
0.450985,-0.366097,0.865232,0.070520,-0.001014,0.929392,0.362293,0.018510,0.068222,0.211207,0.909876,-0.292939,-0.007166,-0.005893,-0.044424,-0.091910,0.347717,-0.241438,-0.009906,0.017815,0.000174,0.128033,0.324171,-0.384446,0.868367,1.558469,0.000000,0.000000,0.246368,-0.256491,0.285783,1.154404,-0.090832,0.000000,0.000000
0.456042,-0.373450,0.865739,0.069133,-0.000459,0.930305,0.360213,0.026367,0.059724,0.191721,0.929378,-0.289077,-0.005684,-0.013624,-0.045586,-0.093555,0.342648,-0.234595,-0.009917,0.009916,0.000560,0.118071,0.329191,-0.382639,0.853165,1.550173,0.000000,0.000000,0.255440,-0.257774,0.279756,1.164124,-0.092962,0.000000,0.000000
0.462070,-0.379494,0.865975,0.068391,-0.000559,0.931281,0.357825,0.035263,0.056344,0.178655,0.946407,-0.287601,-0.003921,-0.020823,-0.045454,-0.096648,0.339553,-0.228244,-0.009323,0.001367,0.000996,0.109259,0.334728,-0.386408,0.841468,1.546295,0.000000,0.000000,0.264682,-0.258151,0.275523,1.173719,-0.092896,0.000000,0.000000
0.468021,-0.385150,0.866061,0.067047,-0.000651,0.932158,0.355789,0.044469,0.054931,0.167799,0.959987,-0.290315,-0.001988,-0.028794,-0.044307,-0.100379,0.337227,-0.221735,-0.008363,-0.007732,0.001428,0.100764,0.340639,-0.387138,0.828940,1.541385,0.000000,0.000000,0.274276,-0.258584,0.269219,1.182028,-0.096110,0.000000,0.000000
0.473450,-0.393099,0.866015,0.065456,-0.000470,0.933293,0.353100,0.052992,0.050701,0.162832,0.968924,-0.285237,-0.002145,-0.038823,-0.045424,-0.103720,0.337175,-0.217823,-0.008060,-0.017237,0.001761,0.093182,0.344719,-0.384310,0.816457,1.535230,0.000000,0.000000,0.281981,-0.260574,0.259140,1.188085,-0.098982,0.000000,0.000000
0.477837,-0.401836,0.865944,0.063851,-0.000175,0.934276,0.350786,0.060727,0.036625,0.140304,0.973844,-0.269960,-0.001864,-0.050165,-0.048688,-0.106416,0.337613,-0.214223,-0.008385,-0.026252,0.002102,0.084207,0.345441,-0.381021,0.806681,1.508813,0.000000,0.000000,0.290314,-0.264064,0.249265,1.192364,-0.099509,0.000000,0.000000
0.486225,-0.402666,0.865452,0.062950,-0.001731,0.935185,0.348515,0.071319,0.052601,0.141895,0.990153,-0.302516,0.003030,-0.056859,-0.040442,-0.107663,0.337405,-0.214460,-0.006000,-0.036009,0.002680,0.077542,0.353825,-0.380039,0.795015,1.506105,0.000000,0.000000,0.299557,-0.263727,0.242499,1.200538,-0.103728,0.000000,0.000000
0.493231,-0.407212,0.864784,0.061952,-0.003556,0.936171,0.346025,0.080007,0.058970,0.136274,1.005206,-0.344796,0.006256,-0.064363,-0.033618,-0.109422,0.338705,-0.214626,-0.003985,-0.046291,0.002945,0.069969,0.359993,-0.375409,0.782871,1.453277,0.000000,0.000000,0.306595,-0.263058,0.240290,1.206975,-0.099178,0.000000,0.000000
0.498675,-0.416004,0.863961,0.061213,-0.005618,0.938068,0.340954,0.086911,0.047402,0.104554,1.009567,-0.350150,0.008953,-0.073541,-0.032201,-0.112591,0.342124,-0.211089,-0.003108,-0.058734,0.003465,0.060968,0.364392,-0.382974,0.776175,1.436038,0.000000,0.000000,0.313494,-0.261338,0.232149,1.215601,-0.092148,0.000000,0.000000
0.504412,-0.424772,0.863429,0.059789,-0.005773,0.939897,0.336132,0.094855,0.041675,0.086113,1.003883,-0.337104,0.010922,-0.084409,-0.034295,-0.118495,0.345772,-0.205565,-0.002612,-0.072018,0.003980,0.050836,0.367593,-0.384874,0.772186,1.437938,0.000000,0.000000,0.319434,-0.262561,0.218632,1.223453,-0.097243,0.000000,0.000000
0.511392,-0.431607,0.863028,0.058751,-0.005599,0.941004,0.333211,0.105064,0.053096,0.088693,1.002743,-0.323339,0.014181,-0.094798,-0.035181,-0.122132,0.347952,-0.200097,-0.002172,-0.082943,0.004417,0.044024,0.370565,-0.386626,0.772802,1.439018,0.000000,0.000000,0.324938,-0.265357,0.205493,1.228258,-0.092115,0.000000,0.000000
0.518186,-0.439749,0.863138,0.056877,-0.002017,0.943099,0.327605,0.113045,0.072868,0.132084,0.991970,-0.314575,0.012254,-0.109435,-0.042828,-0.133326,0.350125,-0.195179,-0.002104,-0.101377,0.005056,0.036567,0.373297,-0.390365,0.773882,1.443711,0.000000,0.000000,0.326706,-0.273531,0.188018,1.238573,-0.093004,0.000000,0.000000
0.523698,-0.447863,0.862411,0.057007,-0.003037,0.943076,0.327641,0.118797,0.065539,0.120365,0.992985,-0.322566,0.012211,-0.118519,-0.044566,-0.132624,0.353622,-0.194891,-0.002621,-0.106075,0.005353,0.029315,0.377096,-0.391004,0.766949,1.454107,0.000000,0.000000,0.334216,-0.277396,0.180433,1.244387,-0.106194,0.000000,0.000000
0.530741,-0.453527,0.861506,0.056239,-0.004413,0.943650,0.326101,0.125436,0.058440,0.103829,0.994279,-0.330653,0.013195,-0.128455,-0.042279,-0.131777,0.356466,-0.194302,-0.002129,-0.112889,0.005767,0.021452,0.385709,-0.393554,0.758663,1.471059,0.000000,0.000000,0.342097,-0.281762,0.169078,1.243434,-0.109752,0.000000,0.000000
0.534546,-0.463086,0.860234,0.055264,-0.007067,0.944374,0.324120,0.132729,0.025033,0.044530,0.987025,-0.345011,0.013917,-0.139377,-0.042225,-0.132472,0.359277,-0.190431,-0.001911,-0.119206,0.005992,0.011553,0.391692,-0.394679,0.753339,1.453372,0.000000,0.000000,0.350795,-0.280779,0.160735,1.246768,-0.100509,0.000000,0.000000
0.540865,-0.470948,0.859511,0.055418,-0.007451,0.944907,0.322527,0.140370,0.012323,0.020071,0.981253,-0.339757,0.014671,-0.148185,-0.043809,-0.135479,0.361404,-0.186396,-0.001731,-0.123748,0.006272,0.003717,0.397077,-0.398628,0.748753,1.474004,0.000000,0.000000,0.357792,-0.281013,0.148361,1.249549,-0.082952,0.000000,0.000000
0.547625,-0.478456,0.858929,0.054330,-0.007395,0.946496,0.318023,0.147561,0.010935,0.009968,0.966399,-0.341219,0.016223,-0.158067,-0.045298,-0.143145,0.359931,-0.179053,-0.000697,-0.134131,0.006764,-0.010284,0.408429,-0.407991,0.749150,1.521417,0.000000,0.000000,0.362763,-0.283053,0.135094,1.251322,-0.073990,0.000000,0.000000
0.554738,-0.486792,0.858380,0.053777,-0.007197,0.947406,0.315400,0.153812,0.010151,0.007787,0.953289,-0.328380,0.016446,-0.167255,-0.047267,-0.149885,0.357931,-0.170695,0.000030,-0.141333,0.007000,-0.024624,0.416795,-0.415497,0.755474,1.551620,0.000000,0.000000,0.367059,-0.287466,0.125207,1.251743,-0.070100,0.000000,0.000000
0.562710,-0.494229,0.857543,0.052803,-0.008325,0.948013,0.313709,0.160390,0.011068,0.002419,0.942819,-0.293589,0.017774,-0.176289,-0.046354,-0.153831,0.354174,-0.161777,0.000977,-0.145700,0.007111,-0.037320,0.423500,-0.418819,0.762021,1.560708,0.000000,0.000000,0.371937,-0.291386,0.117099,1.250444,-0.064778,0.000000,0.000000
0.570524,-0.501422,0.857005,0.051606,-0.008723,0.949277,0.310055,0.165827,0.013884,0.001298,0.928797,-0.307719,0.018899,-0.184002,-0.045419,-0.158611,0.346814,-0.152771,0.002050,-0.151035,0.007176,-0.043584,0.424101,-0.429008,0.758324,1.551256,0.000000,0.000000,0.375705,-0.292553,0.108503,1.249384,-0.060195,0.000000,0.000000
0.578377,-0.508670,0.856285,0.050846,-0.009676,0.949930,0.308147,0.171151,0.013232,-0.009689,0.912486,-0.334513,0.020744,-0.191571,-0.043443,-0.161483,0.336192,-0.139664,0.003018,-0.154484,0.007348,-0.049742,0.422828,-0.444510,0.743582,1.543279,0.000000,0.000000,0.380224,-0.289874,0.101368,1.248647,-0.052755,0.000000,0.000000
0.586092,-0.515952,0.855766,0.049965,-0.010014,0.950942,0.305142,0.174322,0.012247,-0.022895,0.890349,-0.356317,0.022967,-0.197877,-0.042584,-0.166593,0.322378,-0.123675,0.004107,-0.159236,0.007668,-0.053385,0.424152,-0.466476,0.743786,1.534130,0.000000,0.000000,0.383899,-0.286002,0.099529,1.246971,-0.041251,0.000000,0.000000
0.593588,-0.523867,0.855002,0.049985,-0.011136,0.951594,0.303061,0.176895,0.007613,-0.042142,0.869348,-0.359657,0.025137,-0.202153,-0.041683,-0.171084,0.308924,-0.106375,0.005120,-0.159978,0.007711,-0.062424,0.427868,-0.480510,0.751839,1.528121,0.000000,0.000000,0.388110,-0.288708,0.093233,1.243349,-0.031374,0.000000,0.000000
0.601434,-0.531550,0.854359,0.049916,-0.011319,0.952240,0.301030,0.179899,0.004339,-0.059062,0.841599,-0.359878,0.027399,-0.206234,-0.041459,-0.175649,0.288557,-0.081840,0.005976,-0.157147,0.007323,-0.072866,0.417749,-0.471263,0.767053,1.460455,0.000000,0.000000,0.394431,-0.285687,0.073918,1.245521,-0.009823,0.000000,0.000000
0.609377,-0.539390,0.853877,0.048619,-0.011542,0.953135,0.298391,0.181640,0.003195,-0.071059,0.814862,-0.369495,0.029296,-0.209009,-0.040736,-0.180027,0.267448,-0.058805,0.006933,-0.158579,0.007527,-0.084276,0.416587,-0.475685,0.781358,1.444269,0.000000,0.000000,0.396529,-0.286353,0.069125,1.238727,-0.010070,0.000000,0.000000
0.617025,-0.547547,0.853086,0.047016,-0.011962,0.954115,0.295484,0.183425,-0.000661,-0.091661,0.780196,-0.388520,0.031896,-0.210991,-0.039905,-0.185204,0.237149,-0.028388,0.008016,-0.159301,0.007626,-0.099415,0.414033,-0.485911,0.793297,1.432101,0.000000,0.000000,0.396526,-0.289589,0.064760,1.233361,-0.011703,0.000000,0.000000
0.623920,-0.558473,0.852111,0.046536,-0.011378,0.954345,0.294839,0.185620,-0.009422,-0.097316,0.754905,-0.388566,0.030230,-0.212896,-0.042658,-0.193808,0.209361,0.002653,0.008876,-0.156733,0.007656,-0.112678,0.410662,-0.497309,0.802686,1.437845,0.000000,0.000000,0.395501,-0.290191,0.058407,1.231286,-0.010393,0.000000,0.000000
0.632295,-0.566888,0.850781,0.046021,-0.011733,0.955440,0.291341,0.186658,-0.008613,-0.095536,0.733670,-0.393500,0.030195,-0.212614,-0.043325,-0.200903,0.179493,0.034525,0.010007,-0.156281,0.007672,-0.122961,0.404326,-0.504258,0.810726,1.435842,0.000000,0.000000,0.394456,-0.285254,0.051452,1.225549,-0.006385,0.000000,0.000000
0.640961,-0.574701,0.849240,0.044233,-0.011813,0.956591,0.287815,0.185771,-0.003071,-0.089515,0.708973,-0.407575,0.030790,-0.210596,-0.042114,-0.208585,0.138724,0.075647,0.011677,-0.157100,0.007762,-0.133759,0.398070,-0.511950,0.819337,1.439013,0.000000,0.000000,0.392177,-0.278322,0.047528,1.218581,0.000798,0.000000,0.000000
0.649946,-0.582689,0.846713,0.042316,-0.011989,0.957542,0.284920,0.183357,0.004262,-0.078947,0.680757,-0.423348,0.030950,-0.206138,-0.039149,-0.217353,0.084767,0.134403,0.014002,-0.158276,0.008130,-0.149030,0.402515,-0.541058,0.830481,1.531765,0.000000,0.000000,0.389856,-0.274546,0.048130,1.203596,0.005029,0.000000,0.000000
0.659131,-0.590683,0.844424,0.040921,-0.011844,0.957970,0.283687,0.181385,0.008211,-0.071099,0.657791,-0.434080,0.030543,-0.202999,-0.036760,-0.223386,0.045149,0.179452,0.015772,-0.156465,0.007810,-0.154355,0.398096,-0.548776,0.836323,1.546490,0.000000,0.000000,0.385618,-0.274993,0.043907,1.198172,0.005448,0.000000,0.000000
0.668278,-0.598470,0.841320,0.039491,-0.011451,0.957938,0.284015,0.179344,0.010515,-0.064123,0.631046,-0.443732,0.029710,-0.199030,-0.033270,-0.232077,-0.001091,0.234143,0.018423,-0.153714,0.007614,-0.156432,0.389702,-0.553800,0.842019,1.548777,0.000000,0.000000,0.378713,-0.270803,0.041754,1.191113,0.007477,0.000000,0.000000
0.678040,-0.604987,0.841175,0.037785,-0.010959,0.957539,0.285605,0.177440,0.014259,-0.057100,0.611357,-0.450791,0.029415,-0.195799,-0.028164,-0.242063,-0.017450,0.279288,0.021943,-0.149739,0.007615,-0.158720,0.387499,-0.555538,0.851721,1.551802,0.000000,0.000000,0.373251,-0.264021,0.043371,1.183171,0.012136,0.000000,0.000000
0.687417,-0.612128,0.842326,0.036556,-0.010694,0.957129,0.287148,0.175812,0.017298,-0.049509,0.594681,-0.454106,0.028857,-0.193145,-0.024251,-0.250436,-0.017450,0.315925,0.025044,-0.146205,0.007540,-0.159459,0.386843,-0.557494,0.858624,1.553471,0.000000,0.000000,0.368806,-0.258767,0.046583,1.173919,0.016989,0.000000,0.000000
0.696344,-0.619879,0.842955,0.035864,-0.010927,0.956872,0.288079,0.174279,0.019368,-0.043463,0.579872,-0.456030,0.028302,-0.190736,-0.022355,-0.253669,-0.017450,0.339759,0.026500,-0.143374,0.007458,-0.159454,0.385689,-0.559442,0.864144,1.557129,0.000000,0.000000,0.364828,-0.255573,0.049736,1.165889,0.018908,0.000000,0.000000
0.704913,-0.627790,0.843632,0.036034,-0.011112,0.956064,0.290721,0.172034,0.020672,-0.034040,0.551500,-0.456518,0.026769,-0.186612,-0.020523,-0.254273,-0.017450,0.364034,0.027562,-0.137507,0.006984,-0.155580,0.380207,-0.555084,0.875637,1.531355,0.000000,0.000000,0.358074,-0.250737,0.057122,1.151674,0.024381,0.000000,0.000000
0.713578,-0.635161,0.844175,0.036577,-0.012092,0.955436,0.292675,0.169716,0.021954,-0.023194,0.517750,-0.453193,0.024843,-0.181605,-0.019193,-0.248035,-0.017450,0.363784,0.027011,-0.132521,0.006653,-0.148346,0.378230,-0.554002,0.889482,1.510423,0.000000,0.000000,0.350864,-0.245908,0.070102,1.130763,0.034728,0.000000,0.000000
0.722009,-0.641536,0.845269,0.036052,-0.013372,0.955157,0.293591,0.165383,0.025173,-0.012900,0.486999,-0.447828,0.023471,-0.175859,-0.017721,-0.232696,-0.017450,0.317322,0.023547,-0.129475,0.006257,-0.138004,0.381748,-0.551796,0.900742,1.520834,0.000000,0.000000,0.343755,-0.241583,0.078324,1.101389,0.042429,0.000000,0.000000
0.730263,-0.647380,0.845749,0.036258,-0.014968,0.954784,0.294702,0.160841,0.027385,-0.010941,0.475626,-0.446292,0.023578,-0.170691,-0.017964,-0.213953,-0.017450,0.280126,0.019280,-0.127341,0.005904,-0.126794,0.379170,-0.540106,0.906371,1.500182,0.000000,0.000000,0.340817,-0.237566,0.083949,1.078099,0.041888,0.000000,0.000000
0.738877,-0.653311,0.845504,0.038351,-0.018023,0.954506,0.295167,0.155940,0.031071,-0.013655,0.477882,-0.443305,0.025043,-0.163156,-0.018170,-0.193622,-0.017450,0.241955,0.015010,-0.125737,0.005800,-0.113802,0.381362,-0.538835,0.914396,1.511031,0.000000,0.000000,0.342630,-0.232643,0.091954,1.055251,0.037568,0.000000,0.000000
0.747318,-0.660001,0.845564,0.039643,-0.019906,0.954089,0.296219,0.150804,0.032407,-0.012068,0.475081,-0.438663,0.025118,-0.156607,-0.020697,-0.168810,-0.017450,0.200838,0.009496,-0.123387,0.005540,-0.100401,0.382548,-0.531552,0.923553,1.518830,0.000000,0.000000,0.341919,-0.232862,0.099410,1.032269,0.034681,0.000000,0.000000
0.755553,-0.667077,0.845352,0.040325,-0.021985,0.953724,0.297153,0.146334,0.033367,-0.010944,0.467160,-0.430905,0.025150,-0.151259,-0.023641,-0.141232,-0.017450,0.159122,0.003703,-0.121108,0.005265,-0.086274,0.384762,-0.523860,0.927356,1.520261,0.000000,0.000000,0.338797,-0.234830,0.110832,1.008858,0.033291,0.000000,0.000000
0.763734,-0.673766,0.844978,0.040742,-0.024063,0.953235,0.298504,0.142463,0.035118,-0.009281,0.456371,-0.422198,0.025308,-0.147143,-0.024140,-0.119075,-0.017450,0.122255,-0.000322,-0.119983,0.005164,-0.072505,0.388465,-0.520251,0.929470,1.528073,0.000000,0.000000,0.333988,-0.236791,0.122615,0.989821,0.031261,0.000000,0.000000
0.771725,-0.680212,0.847238,0.041107,-0.026278,0.952378,0.300991,0.138821,0.036431,-0.009707,0.444060,-0.410938,0.025694,-0.143810,-0.021819,-0.101252,0.009477,0.084464,-0.002772,-0.118566,0.005015,-0.056630,0.392310,-0.516683,0.935530,1.536153,0.000000,0.000000,0.327495,-0.238118,0.136629,0.971707,0.029102,0.000000,0.000000
0.779514,-0.686638,0.850972,0.040996,-0.027942,0.951297,0.304258,0.135413,0.034173,-0.019236,0.425638,-0.392691,0.026639,-0.141610,-0.017373,-0.086605,0.055485,0.044071,-0.004083,-0.115762,0.004744,-0.039609,0.396175,-0.511286,0.943581,1.542124,0.000000,0.000000,0.318387,-0.238936,0.151188,0.953219,0.028953,0.000000,0.000000
0.787505,-0.692660,0.854161,0.041018,-0.029511,0.950680,0.306031,0.132565,0.035205,-0.020610,0.407313,-0.381580,0.027113,-0.139731,-0.013029,-0.077132,0.107724,0.006342,-0.004527,-0.115821,0.004497,-0.023353,0.400159,-0.504998,0.951175,1.544796,0.000000,0.000000,0.307810,-0.241269,0.166035,0.936845,0.028574,0.000000,0.000000
0.795202,-0.699302,0.856181,0.041502,-0.031733,0.950291,0.306949,0.129861,0.036902,-0.019190,0.392286,-0.371562,0.027276,-0.137597,-0.008875,-0.072253,0.165276,-0.026910,-0.004228,-0.115734,0.004269,-0.006791,0.402658,-0.497862,0.960281,1.546254,0.000000,0.000000,0.298221,-0.242533,0.179596,0.921285,0.026198,0.000000,0.000000
0.803159,-0.705941,0.857110,0.041657,-0.033366,0.949941,0.307837,0.126747,0.038813,-0.016608,0.375952,-0.359507,0.027286,-0.135584,-0.005445,-0.068186,0.225648,-0.057761,-0.003951,-0.116332,0.004066,0.010299,0.404738,-0.494139,0.970853,1.557221,0.000000,0.000000,0.287301,-0.242533,0.192734,0.908157,0.027394,0.000000,0.000000
0.811177,-0.712418,0.856680,0.041001,-0.034803,0.949344,0.309603,0.123477,0.040354,-0.017047,0.357371,-0.342079,0.027716,-0.133601,-0.001565,-0.065433,0.284486,-0.087745,-0.003323,-0.114080,0.003559,0.029056,0.398293,-0.474160,0.977526,1.502425,0.000000,0.000000,0.277562,-0.240007,0.206847,0.894271,0.032538,0.000000,0.000000
0.819684,-0.718902,0.855003,0.040411,-0.035855,0.948716,0.311479,0.120181,0.041741,-0.017179,0.338370,-0.327071,0.028045,-0.131193,0.001840,-0.066027,0.339901,-0.112528,-0.002213,-0.112251,0.003357,0.045114,0.400152,-0.466869,0.984367,1.484102,0.000000,0.000000,0.264061,-0.242365,0.219078,0.882776,0.034518,0.000000,0.000000
0.828007,-0.725729,0.854817,0.039970,-0.037122,0.948404,0.312335,0.115915,0.043061,-0.015511,0.323763,-0.312963,0.028064,-0.127464,0.004647,-0.066551,0.394746,-0.134705,-0.001226,-0.109275,0.003083,0.060158,0.402478,-0.462797,0.991962,1.465615,0.000000,0.000000,0.250596,-0.244359,0.226528,0.872420,0.037053,0.000000,0.000000
0.836071,-0.732758,0.857308,0.038976,-0.038062,0.948341,0.312540,0.110487,0.044593,-0.010992,0.310464,-0.298888,0.027671,-0.123141,0.006250,-0.068544,0.447638,-0.146099,-0.000210,-0.106871,0.002863,0.073763,0.404399,-0.462019,0.999665,1.463032,0.000000,0.000000,0.236501,-0.245696,0.231569,0.859992,0.038260,0.000000,0.000000
0.844472,-0.739866,0.859806,0.038291,-0.038363,0.948268,0.312811,0.103710,0.045323,-0.007649,0.296383,-0.282648,0.027241,-0.118777,0.006280,-0.071175,0.503384,-0.146039,0.000628,-0.104303,0.002781,0.084249,0.416990,-0.488938,1.017222,1.561404,0.000000,0.000000,0.223053,-0.248533,0.231837,0.843663,0.031528,0.000000,0.000000
0.851789,-0.746824,0.861797,0.037583,-0.038785,0.948073,0.313434,0.098167,0.045218,-0.006374,0.284481,-0.270998,0.026935,-0.113412,0.004945,-0.071225,0.549944,-0.139978,0.000557,-0.098076,0.002261,0.093943,0.420119,-0.495625,1.027011,1.570800,0.000000,0.000000,0.213274,-0.249980,0.232098,0.829527,0.026446,0.000000,0.000000
0.858824,-0.754297,0.863594,0.037253,-0.039461,0.947656,0.314646,0.092646,0.044630,-0.003164,0.274408,-0.260204,0.026191,-0.107811,0.002048,-0.072183,0.595659,-0.147839,0.000156,-0.090736,0.001796,0.105629,0.418817,-0.494560,1.036938,1.570800,0.000000,0.000000,0.202471,-0.252404,0.233318,0.817247,0.026588,0.000000,0.000000
0.866083,-0.761716,0.865173,0.036832,-0.039817,0.947408,0.315398,0.086782,0.043501,0.001804,0.264836,-0.249669,0.025023,-0.102160,-0.000751,-0.078535,0.639811,-0.170226,0.000808,-0.084621,0.001477,0.114867,0.422237,-0.501876,1.045732,1.570800,0.000000,0.000000,0.189413,-0.256134,0.234908,0.808431,0.024776,0.000000,0.000000
0.873568,-0.767893,0.866770,0.035695,-0.039905,0.947569,0.315033,0.080399,0.043693,0.004177,0.253204,-0.240119,0.024601,-0.095058,-0.000618,-0.085919,0.682936,-0.169456,0.002591,-0.078027,0.001130,0.123853,0.421423,-0.501811,1.052706,1.570800,0.000000,0.000000,0.176700,-0.257783,0.233670,0.798516,0.029917,0.000000,0.000000
0.880524,-0.774371,0.868181,0.035168,-0.039737,0.947518,0.315268,0.074991,0.043085,0.003712,0.241437,-0.234400,0.024406,-0.087084,-0.003251,-0.089629,0.721647,-0.186635,0.002675,-0.071059,0.000780,0.133441,0.419413,-0.502599,1.060825,1.570800,0.000000,0.000000,0.165523,-0.259436,0.232796,0.789244,0.035290,0.000000,0.000000
0.887232,-0.780831,0.869348,0.034455,-0.039302,0.947526,0.315377,0.069333,0.041492,0.003848,0.230568,-0.223886,0.023898,-0.077699,-0.006594,-0.089611,0.759328,-0.192074,0.001781,-0.064267,0.000436,0.143320,0.419147,-0.506355,1.069680,1.570800,0.000000,0.000000,0.152911,-0.262417,0.232662,0.781784,0.034341,0.000000,0.000000
0.893970,-0.786545,0.870383,0.032785,-0.038755,0.947230,0.316510,0.063044,0.040964,0.003371,0.219668,-0.216493,0.023753,-0.067959,-0.008711,-0.087266,0.791118,-0.183296,0.000749,-0.056942,0.000071,0.153278,0.420386,-0.505987,1.075996,1.570800,0.000000,0.000000,0.139647,-0.266092,0.231768,0.772086,0.035916,0.000000,0.000000
0.900560,-0.792695,0.871153,0.032511,-0.038366,0.947337,0.316267,0.056467,0.040107,0.005078,0.213154,-0.213269,0.023159,-0.056277,-0.012741,-0.088905,0.821430,-0.165288,-0.000031,-0.046667,-0.000347,0.162729,0.422763,-0.511269,1.079066,1.570800,0.000000,0.000000,0.132075,-0.268265,0.225847,0.760525,0.041459,0.000000,0.000000
0.907171,-0.799251,0.871641,0.032708,-0.037816,0.947503,0.315813,0.049719,0.038052,0.005490,0.209397,-0.214122,0.022455,-0.043667,-0.018588,-0.096028,0.849643,-0.141611,-0.000256,-0.036537,-0.000778,0.171884,0.423604,-0.517484,1.082189,1.570800,0.000000,0.000000,0.123426,-0.272192,0.220816,0.752499,0.042172,0.000000,0.000000
0.913871,-0.805908,0.872034,0.032496,-0.037063,0.947734,0.315230,0.042267,0.035510,0.002264,0.205747,-0.214877,0.022214,-0.030892,-0.024772,-0.103911,0.874755,-0.116209,-0.000522,-0.027903,-0.001181,0.180596,0.422984,-0.520608,1.087661,1.570800,0.000000,0.000000,0.110724,-0.278234,0.218992,0.747303,0.040202,0.000000,0.000000
0.920664,-0.812279,0.872254,0.031961,-0.035703,0.947943,0.314814,0.034138,0.032238,-0.003449,0.202295,-0.213186,0.022204,-0.018655,-0.030445,-0.108828,0.895292,-0.099326,-0.001350,-0.019219,-0.001510,0.188157,0.422490,-0.523816,1.092604,1.570800,0.000000,0.000000,0.100560,-0.283915,0.217540,0.741688,0.041084,0.000000,0.000000
0.927491,-0.818558,0.872295,0.032213,-0.034439,0.947915,0.315013,0.026047,0.028448,-0.007745,0.201301,-0.211264,0.021875,-0.005682,-0.035448,-0.108564,0.914082,-0.084290,-0.003110,-0.009721,-0.001898,0.195547,0.422113,-0.529401,1.097255,1.570800,0.000000,0.000000,0.089810,-0.290878,0.218183,0.737179,0.033744,0.000000,0.000000
0.934254,-0.824370,0.872171,0.032225,-0.033140,0.947723,0.315730,0.017674,0.025339,-0.009060,0.202501,-0.211243,0.021261,0.007196,-0.039241,-0.104941,0.929191,-0.074128,-0.005196,0.000412,-0.002210,0.203274,0.422137,-0.532274,1.101604,1.570800,0.000000,0.000000,0.080513,-0.296213,0.214913,0.730820,0.048712,0.000000,0.000000
0.941441,-0.830288,0.871942,0.032398,-0.031922,0.947173,0.317482,0.008342,0.022536,-0.006815,0.205421,-0.212073,0.020170,0.020429,-0.043089,-0.101029,0.942019,-0.065243,-0.007349,0.014355,-0.002788,0.210397,0.422971,-0.531169,1.104833,1.570800,0.000000,0.000000,0.072922,-0.305959,0.215983,0.722737,0.035240,0.000000,0.000000
0.949314,-0.836616,0.871568,0.033039,-0.030573,0.946947,0.318220,-0.001520,0.019377,-0.006976,0.209784,-0.214071,0.019376,0.033218,-0.046158,-0.097087,0.952587,-0.052618,-0.009236,0.026300,-0.003165,0.217303,0.423645,-0.532253,1.107473,1.570800,0.000000,0.000000,0.061467,-0.313238,0.216415,0.723089,0.031301,0.000000,0.000000
0.957429,-0.843396,0.871127,0.032675,-0.028867,0.946804,0.318843,-0.013261,0.015633,-0.008462,0.214077,-0.216523,0.018646,0.045102,-0.049360,-0.092606,0.960272,-0.026659,-0.011203,0.037827,-0.003525,0.222458,0.424838,-0.532779,1.109079,1.570800,0.000000,0.000000,0.049808,-0.319993,0.217411,0.721294,0.037343,0.000000,0.000000
0.966297,-0.849985,0.870667,0.031734,-0.027200,0.946586,0.319731,-0.025773,0.012916,-0.009198,0.218545,-0.220520,0.018049,0.055073,-0.050735,-0.088270,0.964335,-0.027785,-0.012564,0.047940,-0.003919,0.227804,0.425873,-0.524460,1.109735,1.570800,0.000000,0.000000,0.036850,-0.327048,0.217957,0.720200,0.040958,0.000000,0.000000
0.976254,-0.856559,0.869957,0.031785,-0.025454,0.946099,0.321306,-0.039712,0.010485,-0.010048,0.225965,-0.223326,0.017559,0.065873,-0.051311,-0.082330,0.967302,-0.021246,-0.013982,0.059770,-0.004354,0.233978,0.424823,-0.518440,1.114413,1.570800,0.000000,0.000000,0.021262,-0.333348,0.219656,0.722017,0.047573,0.000000,0.000000
0.986374,-0.863193,0.869241,0.030948,-0.023988,0.945492,0.323282,-0.054557,0.008889,-0.008833,0.234267,-0.227639,0.016952,0.075838,-0.050732,-0.076333,0.967340,-0.017431,-0.015031,0.073322,-0.004853,0.241003,0.423182,-0.506610,1.119549,1.570800,0.000000,0.000000,0.006736,-0.338593,0.220141,0.723688,0.053553,0.000000,0.000000
0.996556,-0.870187,0.868460,0.030156,-0.022594,0.945078,0.324666,-0.069837,0.007026,-0.008112,0.242575,-0.231245,0.016371,0.085167,-0.049432,-0.069091,0.965742,-0.019597,-0.016078,0.085463,-0.005319,0.248024,0.422077,-0.491805,1.121474,1.570800,0.000000,0.000000,-0.008085,-0.345124,0.223858,0.728242,0.049457,0.000000,0.000000
1.006546,-0.877203,0.867851,0.028038,-0.021402,0.945058,0.324994,-0.085830,0.005842,-0.006892,0.249382,-0.232080,0.015887,0.092996,-0.046788,-0.062541,0.961305,-0.022162,-0.016577,0.095337,-0.005679,0.252376,0.422720,-0.477924,1.122622,1.570800,0.000000,0.000000,-0.020951,-0.352982,0.220539,0.731273,0.043550,0.000000,0.000000
1.016670,-0.884449,0.866818,0.028633,-0.020008,0.945161,0.324732,-0.099957,0.003322,-0.004473,0.258389,-0.230156,0.014934,0.101775,-0.046501,-0.058357,0.957222,-0.023383,-0.017341,0.103679,-0.005915,0.257837,0.422635,-0.471620,1.124929,1.570800,0.000000,0.000000,-0.031135,-0.355983,0.227260,0.737757,0.053003,0.000000,0.000000
1.026201,-0.891271,0.865952,0.027071,-0.019381,0.944799,0.325955,-0.117126,0.002705,0.002559,0.268794,-0.228131,0.013740,0.110980,-0.045032,-0.052895,0.948533,-0.024078,-0.017987,0.114752,-0.006299,0.264513,0.420480,-0.455867,1.137829,1.570800,0.000000,0.000000,-0.041832,-0.361679,0.231978,0.743094,0.057925,0.000000,0.000000
1.036090,-0.898108,0.865007,0.026246,-0.018689,0.943971,0.328453,-0.133711,0.003012,0.004443,0.276759,-0.223295,0.013577,0.119554,-0.042766,-0.045217,0.938174,-0.024302,-0.018772,0.127518,-0.006795,0.269099,0.421494,-0.441787,1.142146,1.570800,0.000000,0.000000,-0.051808,-0.369768,0.234419,0.745116,0.058728,0.000000,0.000000
1.045871,-0.904643,0.863962,0.025513,-0.017987,0.943173,0.330832,-0.150273,0.003442,0.007406,0.285131,-0.215641,0.013250,0.128422,-0.038193,-0.033287,0.925111,-0.015097,-0.019573,0.141731,-0.007298,0.274323,0.423269,-0.417031,1.137083,1.570800,0.000000,0.000000,-0.062673,-0.380755,0.232303,0.744585,0.054043,0.000000,0.000000
1.055391,-0.911530,0.862850,0.025991,-0.017508,0.942305,0.333286,-0.163501,0.003109,0.011491,0.292137,-0.209005,0.012562,0.137255,-0.036099,-0.023253,0.911601,-0.019270,-0.020778,0.154561,-0.007677,0.279588,0.423330,-0.403809,1.136854,1.570800,0.000000,0.000000,-0.070434,-0.384979,0.241089,0.751435,0.056039,0.000000,0.000000
1.065266,-0.918410,0.861510,0.027473,-0.016749,0.941082,0.336644,-0.175351,0.002362,0.016234,0.297543,-0.203546,0.011681,0.146577,-0.036205,-0.014292,0.896729,-0.030681,-0.022515,0.166870,-0.008126,0.284677,0.424150,-0.396665,1.139619,1.570800,0.000000,0.000000,-0.079563,-0.389314,0.256694,0.760735,0.059968,0.000000,0.000000
1.074867,-0.925117,0.860387,0.027777,-0.016065,0.939838,0.340110,-0.187088,0.001863,0.022233,0.300182,-0.196811,0.010666,0.155347,-0.035993,-0.005437,0.878672,-0.042332,-0.024197,0.179543,-0.008584,0.290841,0.425943,-0.381014,1.138542,1.570800,0.000000,0.000000,-0.088497,-0.396739,0.271429,0.765301,0.061676,0.000000,0.000000
1.084746,-0.931513,0.859522,0.027279,-0.015407,0.938601,0.343579,-0.197796,0.002601,0.028667,0.297893,-0.189325,0.009861,0.162403,-0.033874,0.004413,0.858246,-0.053370,-0.025476,0.190154,-0.008947,0.298970,0.426129,-0.359180,1.133741,1.570800,0.000000,0.000000,-0.098300,-0.402303,0.281326,0.768734,0.064704,0.000000,0.000000
1.095118,-0.937863,0.858705,0.027264,-0.015209,0.937116,0.347618,-0.206616,0.004772,0.035972,0.291749,-0.181095,0.009228,0.168320,-0.030032,0.016668,0.837156,-0.069046,-0.026655,0.198502,-0.009282,0.308314,0.425968,-0.337060,1.128626,1.570800,0.000000,0.000000,-0.109348,-0.406559,0.292667,0.772661,0.064095,0.000000,0.000000
1.105705,-0.944467,0.857881,0.027479,-0.015308,0.935506,0.351908,-0.213741,0.007796,0.043601,0.280696,-0.174459,0.008732,0.173582,-0.026377,0.028625,0.814778,-0.091739,-0.027901,0.206301,-0.009552,0.317606,0.425935,-0.313350,1.123178,1.570800,0.000000,0.000000,-0.120421,-0.409886,0.306253,0.779093,0.061813,0.000000,0.000000
1.115991,-0.951457,0.857073,0.027083,-0.014935,0.933810,0.356430,-0.219779,0.010077,0.051301,0.265368,-0.168920,0.008073,0.177550,-0.025353,0.037641,0.790386,-0.115313,-0.029476,0.213629,-0.009871,0.325267,0.421683,-0.286092,1.118770,1.570800,0.000000,0.000000,-0.132264,-0.412183,0.319833,0.786291,0.056151,0.000000,0.000000
1.126028,-0.958395,0.856106,0.026742,-0.014189,0.932012,0.361161,-0.225067,0.010987,0.063196,0.249521,-0.163055,0.006500,0.180679,-0.025386,0.046601,0.763327,-0.139601,-0.031372,0.220716,-0.010156,0.333848,0.416172,-0.259771,1.112870,1.570800,0.000000,0.000000,-0.145005,-0.414391,0.332633,0.792963,0.048704,0.000000,0.000000
1.135904,-0.965356,0.854989,0.026552,-0.013424,0.929937,0.366512,-0.229169,0.011796,0.073360,0.231332,-0.158200,0.005275,0.182751,-0.024852,0.058512,0.735262,-0.165411,-0.033593,0.226955,-0.010316,0.344402,0.411702,-0.233024,1.105061,1.570800,0.000000,0.000000,-0.157733,-0.414347,0.343376,0.802170,0.043803,0.000000,0.000000
1.145855,-0.972812,0.853737,0.026940,-0.013404,0.927688,0.372142,-0.231130,0.014311,0.076192,0.209868,-0.151733,0.005551,0.184110,-0.024092,0.069520,0.709286,-0.193082,-0.035569,0.230774,-0.010466,0.356781,0.407174,-0.204660,1.097126,1.570800,0.000000,0.000000,-0.170524,-0.412783,0.358916,0.812714,0.036729,0.000000,0.000000
1.156301,-0.979865,0.852225,0.027184,-0.013191,0.925793,0.376822,-0.231402,0.017215,0.083331,0.183849,-0.150378,0.005258,0.184762,-0.022875,0.076025,0.685983,-0.222902,-0.036527,0.232181,-0.010560,0.368554,0.401078,-0.176727,1.088924,1.570800,0.000000,0.000000,-0.183857,-0.410114,0.378254,0.822963,0.025751,0.000000,0.000000
1.165875,-0.987085,0.850515,0.026946,-0.012445,0.923743,0.381861,-0.229825,0.018695,0.092032,0.153217,-0.152859,0.004575,0.184059,-0.023877,0.081776,0.665509,-0.257692,-0.037964,0.231711,-0.010582,0.381258,0.393441,-0.146666,1.079449,1.570800,0.000000,0.000000,-0.197555,-0.406409,0.399527,0.835545,0.012900,0.000000,0.000000
1.175750,-0.994519,0.848375,0.027465,-0.012005,0.922047,0.385915,-0.226947,0.019379,0.100157,0.123525,-0.160316,0.003925,0.182772,-0.027041,0.077733,0.651976,-0.283880,-0.038248,0.231586,-0.010620,0.392511,0.386547,-0.124145,1.071115,1.570800,0.000000,0.000000,-0.208388,-0.403135,0.415392,0.845850,0.006068,0.000000,0.000000
1.185939,-1.002006,0.845625,0.028303,-0.011642,0.920593,0.389322,-0.222760,0.019784,0.109080,0.091091,-0.173461,0.003313,0.180958,-0.032400,0.063962,0.639761,-0.310655,-0.037322,0.231770,-0.010569,0.404046,0.378678,-0.102505,1.061156,1.570800,0.000000,0.000000,-0.218313,-0.399511,0.425402,0.855767,0.001288,0.000000,0.000000
1.196228,-1.009459,0.842595,0.028881,-0.011564,0.919214,0.392527,-0.217696,0.019938,0.121055,0.057941,-0.190831,0.002493,0.178714,-0.038043,0.046201,0.626806,-0.341198,-0.035569,0.231720,-0.010524,0.415095,0.370633,-0.080953,1.051561,1.570067,0.000000,0.000000,-0.224736,-0.395637,0.436156,0.868136,-0.005227,0.000000,0.000000
1.206849,-1.016865,0.839321,0.029194,-0.011754,0.918301,0.394630,-0.212347,0.020270,0.132627,0.024680,-0.208533,0.001909,0.176349,-0.041619,0.027787,0.612207,-0.365393,-0.032982,0.230520,-0.010433,0.423730,0.365425,-0.064965,1.042044,1.564558,0.000000,0.000000,-0.228287,-0.391029,0.447407,0.880262,-0.008676,0.000000,0.000000
1.217276,-1.024230,0.835709,0.028869,-0.011635,0.918106,0.395110,-0.206579,0.020094,0.141975,-0.010799,-0.228505,0.001695,0.173856,-0.044095,0.007552,0.593188,-0.379044,-0.029707,0.228805,-0.010329,0.429562,0.361532,-0.052966,1.031624,1.556847,0.000000,0.000000,-0.229551,-0.384992,0.451493,0.890481,-0.008695,0.000000,0.000000
1.226581,-1.032024,0.835999,0.028335,-0.011161,0.917862,0.395729,-0.200625,0.018942,0.146135,-0.017450,-0.246180,0.001688,0.171689,-0.048293,-0.011198,0.571880,-0.388476,-0.027300,0.227978,-0.010306,0.433608,0.358638,-0.044482,1.021368,1.550310,0.000000,0.000000,-0.228956,-0.381601,0.453817,0.896002,-0.012440,0.000000,0.000000
1.235572,-1.039752,0.837374,0.027759,-0.010726,0.918236,0.394913,-0.194984,0.015859,0.154301,-0.017450,-0.256474,0.000806,0.169838,-0.051772,-0.028116,0.550078,-0.398748,-0.025015,0.225198,-0.010255,0.436413,0.355645,-0.039095,1.012056,1.547079,0.000000,0.000000,-0.227749,-0.381004,0.454468,0.894932,-0.018738,0.000000,0.000000
1.244806,-1.047309,0.838344,0.027945,-0.010776,0.919059,0.392981,-0.190678,0.012269,0.166390,-0.017450,-0.256684,-0.000712,0.168515,-0.053178,-0.039287,0.533907,-0.406038,-0.023245,0.221471,-0.010139,0.439173,0.353726,-0.037535,1.005225,1.544104,0.000000,0.000000,-0.223983,-0.381117,0.453161,0.891941,-0.019264,0.000000,0.000000
1.254746,-1.054234,0.839665,0.027698,-0.010720,0.920027,0.390729,-0.186537,0.008461,0.185487,-0.017450,-0.250502,-0.003084,0.165914,-0.052296,-0.047541,0.517091,-0.412077,-0.021275,0.215205,-0.009902,0.442967,0.352017,-0.034363,0.995683,1.541215,0.000000,0.000000,-0.217626,-0.380418,0.451782,0.890602,-0.014990,0.000000,0.000000
1.264390,-1.061851,0.840271,0.028503,-0.011089,0.920485,0.389579,-0.183071,0.006525,0.195995,-0.017450,-0.244026,-0.004549,0.163156,-0.051372,-0.050560,0.506988,-0.416623,-0.020304,0.210352,-0.009781,0.446911,0.351356,-0.032283,0.987657,1.540069,0.000000,0.000000,-0.212885,-0.380445,0.454123,0.890700,-0.015476,0.000000,0.000000
1.273778,-1.069496,0.841175,0.029688,-0.011468,0.921010,0.388236,-0.177690,0.004068,0.210320,-0.017450,-0.235325,-0.006747,0.158443,-0.049526,-0.051749,0.494047,-0.423893,-0.019308,0.203347,-0.009645,0.452803,0.350122,-0.029185,0.975659,1.537715,0.000000,0.000000,-0.205390,-0.382784,0.457041,0.888709,-0.020950,0.000000,0.000000
1.282771,-1.076722,0.842264,0.030476,-0.011308,0.920775,0.388738,-0.171768,0.000877,0.232470,-0.017450,-0.229904,-0.010082,0.151714,-0.047610,-0.049058,0.479666,-0.431780,-0.018915,0.195405,-0.009390,0.460168,0.347150,-0.022742,0.961095,1.535346,0.000000,0.000000,-0.195385,-0.386801,0.459297,0.885499,-0.022514,0.000000,0.000000
1.291302,-1.083980,0.842706,0.031642,-0.011305,0.921542,0.386821,-0.167513,-0.001264,0.243643,-0.017450,-0.228023,-0.012107,0.146171,-0.045192,-0.045074,0.470839,-0.436885,-0.018719,0.189011,-0.009115,0.465822,0.344869,-0.018710,0.949092,1.535819,0.000000,0.000000,-0.184991,-0.388410,0.459944,0.879122,-0.022207,0.000000,0.000000
1.299629,-1.091275,0.842914,0.033247,-0.010829,0.922372,0.384716,-0.163094,-0.003016,0.245464,-0.017450,-0.227004,-0.013099,0.140484,-0.042377,-0.037852,0.463837,-0.441216,-0.018996,0.181038,-0.008867,0.471019,0.341770,-0.017107,0.938023,1.538609,0.000000,0.000000,-0.172799,-0.389427,0.462786,0.872891,-0.023856,0.000000,0.000000
1.307921,-1.098695,0.845732,0.034878,-0.010419,0.922495,0.384290,-0.158037,-0.003093,0.240165,0.004626,-0.226619,-0.013356,0.134217,-0.040533,-0.031472,0.456103,-0.443098,-0.019463,0.173073,-0.008614,0.475785,0.337931,-0.016963,0.928502,1.539196,0.000000,0.000000,-0.157677,-0.391469,0.466079,0.867780,-0.024961,0.000000,0.000000
1.315714,-1.106612,0.849616,0.036764,-0.009500,0.923265,0.382282,-0.153119,-0.004348,0.228238,0.042580,-0.229373,-0.013452,0.128882,-0.040728,-0.028367,0.448325,-0.441366,-0.019979,0.165472,-0.008349,0.477232,0.334618,-0.022899,0.923320,1.536886,0.000000,0.000000,-0.140677,-0.396470,0.466420,0.865272,-0.025127,0.000000,0.000000
1.323588,-1.114709,0.853072,0.037955,-0.008310,0.923871,0.380726,-0.148854,-0.006219,0.215738,0.082391,-0.234358,-0.013573,0.123682,-0.042685,-0.032437,0.438978,-0.437234,-0.019777,0.160375,-0.008088,0.474540,0.332792,-0.029884,0.920927,1.532060,0.000000,0.000000,-0.124744,-0.402948,0.462108,0.863097,-0.026110,0.000000,0.000000
1.331446,-1.122807,0.855834,0.039411,-0.007224,0.924773,0.378403,-0.144247,-0.008468,0.205905,0.124531,-0.241000,-0.014052,0.119040,-0.045002,-0.038429,0.429377,-0.431115,-0.019334,0.156863,-0.007835,0.469308,0.332037,-0.042014,0.920650,1.530371,0.000000,0.000000,-0.106733,-0.407503,0.456261,0.862922,-0.023221,0.000000,0.000000
1.339235,-1.130473,0.857910,0.040369,-0.005941,0.925926,0.375494,-0.139571,-0.011012,0.202706,0.168685,-0.250184,-0.015448,0.114890,-0.046725,-0.044925,0.416914,-0.423345,-0.018640,0.154314,-0.007580,0.460133,0.332203,-0.059012,0.922912,1.530502,0.000000,0.000000,-0.086702,-0.408558,0.449800,0.864283,-0.019255,0.000000,0.000000
1.347370,-1.137904,0.859065,0.041716,-0.005312,0.927226,0.372134,-0.134506,-0.011728,0.196961,0.213339,-0.258087,-0.016006,0.111884,-0.045727,-0.047593,0.402528,-0.414760,-0.017857,0.155155,-0.007448,0.446543,0.335444,-0.083566,0.929120,1.527695,0.000000,0.000000,-0.064411,-0.411089,0.438668,0.864024,-0.014229,0.000000,0.000000
1.355711,-1.144749,0.859560,0.041691,-0.004900,0.928665,0.368536,-0.130077,-0.010062,0.189135,0.256666,-0.266818,-0.015585,0.108394,-0.041846,-0.047186,0.385708,-0.402452,-0.016844,0.154420,-0.007275,0.432597,0.339505,-0.104440,0.935378,1.526288,0.000000,0.000000,-0.041574,-0.413635,0.423414,0.862707,-0.009964,0.000000,0.000000
1.363639,-1.151577,0.859174,0.040860,-0.004234,0.930093,0.365020,-0.125824,-0.008411,0.183781,0.299071,-0.276859,-0.015410,0.104150,-0.038943,-0.049087,0.368528,-0.387085,-0.015762,0.150936,-0.006977,0.420386,0.342272,-0.118436,0.938577,1.528851,0.000000,0.000000,-0.019271,-0.414578,0.406256,0.861508,-0.004989,0.000000,0.000000
1.371325,-1.158489,0.858041,0.038663,-0.003689,0.931637,0.361309,-0.122183,-0.006334,0.179594,0.339711,-0.287006,-0.015155,0.098822,-0.036062,-0.052858,0.349964,-0.371402,-0.014384,0.147078,-0.006688,0.407330,0.343699,-0.127482,0.941262,1.535763,0.000000,0.000000,0.004142,-0.415567,0.386862,0.858066,-0.003289,0.000000,0.000000
1.379504,-1.165524,0.855742,0.037607,-0.003014,0.933005,0.357880,-0.117844,-0.004108,0.176208,0.381001,-0.296039,-0.014934,0.093481,-0.034539,-0.060226,0.332965,-0.358480,-0.012786,0.143401,-0.006448,0.393051,0.345602,-0.141724,0.946092,1.544735,0.000000,0.000000,0.025367,-0.415171,0.369066,0.860156,-0.004800,0.000000,0.000000
1.387815,-1.172676,0.853151,0.037482,-0.002299,0.934215,0.354727,-0.112327,-0.001747,0.173988,0.423689,-0.304603,-0.014863,0.088079,-0.034330,-0.069136,0.318663,-0.346782,-0.011280,0.138981,-0.006185,0.377578,0.348630,-0.158544,0.951506,1.549774,0.000000,0.000000,0.044436,-0.415443,0.355789,0.867219,-0.023006,0.000000,0.000000
1.395539,-1.180315,0.855488,0.037513,-0.001342,0.935097,0.352399,-0.105629,-0.000916,0.172859,0.463633,-0.310561,-0.015287,0.082228,-0.035725,-0.073240,0.306855,-0.331554,-0.010976,0.134268,-0.006028,0.361189,0.349599,-0.171886,0.956856,1.539907,0.000000,0.000000,0.059114,-0.420162,0.353360,0.878754,-0.077895,0.000000,0.000000
1.402795,-1.187594,0.857649,0.038100,-0.000417,0.936011,0.349902,-0.097110,-0.000269,0.171185,0.502347,-0.316284,-0.015587,0.077162,-0.037630,-0.074763,0.296108,-0.315658,-0.011222,0.128844,-0.005469,0.347395,0.348976,-0.185814,0.960803,1.527596,0.000000,0.000000,0.076502,-0.416654,0.344116,0.890365,-0.073265,0.000000,0.000000
1.409935,-1.194362,0.859348,0.037754,-0.000151,0.937410,0.346176,-0.088305,0.002563,0.167478,0.539136,-0.321889,-0.014827,0.072369,-0.037381,-0.078314,0.285126,-0.304921,-0.010576,0.122209,-0.004951,0.334635,0.349333,-0.198797,0.964105,1.529769,0.000000,0.000000,0.096659,-0.410749,0.329026,0.898690,-0.047544,0.000000,0.000000
1.417224,-1.201166,0.861010,0.037528,0.000166,0.938278,0.343841,-0.078964,0.005696,0.163434,0.574035,-0.325824,-0.013834,0.067249,-0.037234,-0.083637,0.274358,-0.295877,-0.009680,0.115721,-0.004563,0.322508,0.350500,-0.209507,0.966962,1.532158,0.000000,0.000000,0.114886,-0.406040,0.317104,0.906669,-0.031316,0.000000,0.000000
1.424299,-1.208247,0.862580,0.037008,0.000465,0.938797,0.342478,-0.069577,0.008093,0.160951,0.606142,-0.327589,-0.013212,0.061619,-0.037230,-0.087666,0.263331,-0.284275,-0.009032,0.111874,-0.004341,0.309839,0.351906,-0.217774,0.969870,1.535418,0.000000,0.000000,0.132568,-0.402593,0.308879,0.916084,-0.033824,0.000000,0.000000
1.431231,-1.215437,0.864105,0.036921,0.000815,0.939343,0.340985,-0.058853,0.010500,0.161272,0.638104,-0.328198,-0.013078,0.055929,-0.037984,-0.091093,0.252926,-0.272870,-0.008675,0.108318,-0.004121,0.296176,0.353796,-0.226570,0.972019,1.538282,0.000000,0.000000,0.149993,-0.400672,0.304285,0.928875,-0.052049,0.000000,0.000000
1.438317,-1.222287,0.865306,0.036162,0.000963,0.940143,0.338854,-0.048489,0.014681,0.161338,0.666496,-0.331020,-0.012234,0.050187,-0.037650,-0.093583,0.242956,-0.263787,-0.008189,0.101568,-0.003748,0.283864,0.354583,-0.231356,0.974198,1.540825,0.000000,0.000000,0.163448,-0.397962,0.299490,0.942652,-0.066165,0.000000,0.000000
1.445837,-1.229071,0.866368,0.035340,0.000980,0.941053,0.336407,-0.038128,0.019922,0.159757,0.693635,-0.333862,-0.010663,0.044001,-0.036213,-0.095964,0.233554,-0.257454,-0.007446,0.093392,-0.003299,0.271703,0.355697,-0.235965,0.975697,1.539978,0.000000,0.000000,0.175340,-0.392282,0.291904,0.960016,-0.060275,0.000000,0.000000
1.453377,-1.236012,0.867270,0.034570,0.001005,0.941677,0.334736,-0.027366,0.025230,0.158367,0.718811,-0.333120,-0.009043,0.037175,-0.035169,-0.099050,0.225888,-0.251433,-0.006704,0.086023,-0.002905,0.260006,0.357336,-0.240604,0.975880,1.538061,0.000000,0.000000,0.188405,-0.387006,0.285518,0.974277,-0.049187,0.000000,0.000000
1.460787,-1.243067,0.868018,0.033691,0.000990,0.942200,0.333352,-0.016129,0.030446,0.156895,0.740874,-0.330024,-0.007342,0.029654,-0.034547,-0.101077,0.219476,-0.246191,-0.006238,0.079004,-0.002613,0.248559,0.359197,-0.243839,0.973730,1.536885,0.000000,0.000000,0.201390,-0.384898,0.283229,0.984939,-0.058587,0.000000,0.000000
1.468170,-1.250105,0.868575,0.032829,0.000703,0.942779,0.331797,-0.004493,0.035880,0.154915,0.760263,-0.326491,-0.005372,0.021727,-0.033447,-0.103756,0.214431,-0.242523,-0.005557,0.071346,-0.002275,0.237426,0.361146,-0.245964,0.971705,1.535770,0.000000,0.000000,0.213159,-0.382578,0.281980,0.996959,-0.074447,0.000000,0.000000
1.475307,-1.257293,0.869004,0.032139,0.000522,0.943529,0.329726,0.007586,0.040852,0.153191,0.777531,-0.324299,-0.003510,0.013675,-0.032701,-0.106374,0.210982,-0.240713,-0.004978,0.062498,-0.001813,0.226352,0.362792,-0.248698,0.972721,1.538947,0.000000,0.000000,0.223147,-0.375524,0.274908,1.015768,-0.071044,0.000000,0.000000
1.482218,-1.264990,0.869352,0.031586,0.000548,0.944485,0.327032,0.020109,0.045133,0.151769,0.793229,-0.322479,-0.001845,0.005100,-0.033308,-0.108795,0.208767,-0.242595,-0.004768,0.052948,-0.001385,0.214237,0.364974,-0.254164,0.974464,1.545803,0.000000,0.000000,0.229850,-0.364894,0.257940,1.043595,-0.070242,0.000000,0.000000
1.489166,-1.273108,0.869445,0.031204,0.000164,0.945605,0.323818,0.032164,0.049520,0.149200,0.807039,-0.318298,0.000128,-0.003832,-0.034016,-0.111367,0.209229,-0.244816,-0.004558,0.043929,-0.001019,0.202443,0.368696,-0.259633,0.973559,1.547711,0.000000,0.000000,0.240559,-0.361436,0.247307,1.056696,-0.068916,0.000000,0.000000
1.496211,-1.281344,0.869369,0.030918,-0.000251,0.946498,0.321226,0.043977,0.053366,0.145101,0.819039,-0.315576,0.002275,-0.013651,-0.034792,-0.113348,0.212468,-0.247109,-0.004451,0.034267,-0.000687,0.192452,0.371468,-0.261513,0.970721,1.544086,0.000000,0.000000,0.250504,-0.359726,0.240210,1.068278,-0.067854,0.000000,0.000000
1.503415,-1.289352,0.869035,0.030952,-0.000913,0.947445,0.318416,0.056278,0.058116,0.139791,0.829461,-0.311117,0.004987,-0.024719,-0.035418,-0.115610,0.219977,-0.250006,-0.004253,0.023214,-0.000252,0.183882,0.373610,-0.261925,0.968243,1.539659,0.000000,0.000000,0.259453,-0.357020,0.232849,1.084089,-0.070999,0.000000,0.000000
1.511018,-1.297653,0.868429,0.030822,-0.001538,0.948394,0.315588,0.068398,0.063720,0.137815,0.838138,-0.307685,0.007330,-0.038164,-0.036191,-0.118769,0.232258,-0.253884,-0.003943,0.011222,0.000227,0.176056,0.376241,-0.263110,0.965525,1.536563,0.000000,0.000000,0.266580,-0.353380,0.223570,1.102205,-0.077220,0.000000,0.000000
1.518661,-1.306434,0.867526,0.031549,-0.002389,0.949594,0.311882,0.080883,0.069143,0.135214,0.847350,-0.304640,0.009775,-0.052646,-0.038003,-0.120827,0.249698,-0.256767,-0.004002,-0.002236,0.000742,0.169851,0.379878,-0.265168,0.961359,1.533892,0.000000,0.000000,0.274670,-0.350043,0.214032,1.120325,-0.079171,0.000000,0.000000
1.526156,-1.315531,0.866594,0.031870,-0.003424,0.950886,0.307877,0.092226,0.073383,0.129446,0.854299,-0.300361,0.012461,-0.066308,-0.039888,-0.122095,0.264473,-0.255841,-0.004179,-0.015805,0.001259,0.163398,0.384314,-0.266613,0.956949,1.535894,0.000000,0.000000,0.281769,-0.348434,0.206318,1.136436,-0.082261,0.000000,0.000000
1.534027,-1.324386,0.865612,0.032101,-0.004234,0.951993,0.304402,0.103403,0.077177,0.120555,0.857936,-0.299004,0.015607,-0.080777,-0.041562,-0.122180,0.279228,-0.254939,-0.004478,-0.029612,0.001771,0.155697,0.388817,-0.266580,0.953375,1.537722,0.000000,0.000000,0.288187,-0.347975,0.201075,1.151681,-0.086845,0.000000,0.000000
1.542003,-1.333397,0.864586,0.032313,-0.005207,0.953027,0.301113,0.113963,0.080347,0.111537,0.859362,-0.296759,0.018560,-0.094818,-0.042666,-0.121452,0.292481,-0.252280,-0.004762,-0.043498,0.002256,0.148408,0.393063,-0.267085,0.950693,1.535598,0.000000,0.000000,0.293957,-0.348098,0.197362,1.165923,-0.087986,0.000000,0.000000
1.549847,-1.342803,0.863534,0.032561,-0.006197,0.954329,0.296912,0.124275,0.083037,0.101793,0.859103,-0.291932,0.021496,-0.108513,-0.044244,-0.120573,0.304138,-0.248423,-0.005173,-0.058653,0.002767,0.140409,0.396112,-0.268107,0.949477,1.523016,0.000000,0.000000,0.298650,-0.347688,0.191527,1.180023,-0.081338,0.000000,0.000000
1.557453,-1.352147,0.862555,0.032263,-0.006946,0.955756,0.292302,0.134046,0.085946,0.091484,0.856749,-0.288148,0.024591,-0.122073,-0.046330,-0.120176,0.313027,-0.243223,-0.005604,-0.074962,0.003371,0.131209,0.399537,-0.271325,0.948488,1.518673,0.000000,0.000000,0.303275,-0.346909,0.183216,1.192264,-0.071641,0.000000,0.000000
1.564979,-1.361617,0.861714,0.032267,-0.007347,0.956961,0.288324,0.142858,0.088061,0.082455,0.854205,-0.285624,0.027154,-0.134263,-0.049289,-0.121952,0.319753,-0.237422,-0.005900,-0.088499,0.003855,0.122220,0.402726,-0.276056,0.946586,1.522476,0.000000,0.000000,0.308226,-0.347205,0.173098,1.202732,-0.068039,0.000000,0.000000
1.572432,-1.371407,0.860878,0.032397,-0.007730,0.957823,0.285422,0.151143,0.088449,0.073714,0.851565,-0.281863,0.029087,-0.145941,-0.052751,-0.123539,0.325095,-0.229905,-0.006351,-0.100180,0.004249,0.113391,0.405383,-0.278284,0.945051,1.520458,0.000000,0.000000,0.312736,-0.349463,0.164541,1.213354,-0.068698,0.000000,0.000000
1.580001,-1.381398,0.859982,0.032748,-0.008125,0.959111,0.281013,0.159007,0.088502,0.062800,0.847346,-0.277956,0.031293,-0.157206,-0.057077,-0.125892,0.329377,-0.220427,-0.006852,-0.111430,0.004716,0.103698,0.409417,-0.284536,0.943764,1.516643,0.000000,0.000000,0.317866,-0.352931,0.157870,1.224749,-0.072980,0.000000,0.000000
1.587830,-1.391241,0.859121,0.033302,-0.008353,0.960400,0.276500,0.166429,0.088307,0.050643,0.841594,-0.276781,0.033631,-0.167691,-0.061737,-0.129516,0.332120,-0.210089,-0.007203,-0.122383,0.005160,0.093548,0.413064,-0.293120,0.942599,1.512039,0.000000,0.000000,0.323077,-0.354596,0.148685,1.235783,-0.076891,0.000000,0.000000
1.595686,-1.401034,0.858366,0.033531,-0.008465,0.961621,0.272195,0.173075,0.087095,0.037440,0.833570,-0.280312,0.035796,-0.177169,-0.066255,-0.133580,0.331908,-0.199626,-0.007460,-0.131938,0.005561,0.083097,0.416186,-0.302797,0.941207,1.508760,0.000000,0.000000,0.327773,-0.356587,0.138300,1.243502,-0.080712,0.000000,0.000000
1.603530,-1.410527,0.857640,0.033319,-0.008486,0.962835,0.267892,0.179315,0.085077,0.021302,0.822788,-0.287351,0.038237,-0.186687,-0.070994,-0.138260,0.328478,-0.187952,-0.007661,-0.140030,0.005951,0.071832,0.417999,-0.307040,0.938875,1.518125,0.000000,0.000000,0.334393,-0.356889,0.124461,1.250922,-0.084848,0.000000,0.000000
1.611559,-1.419940,0.856809,0.033120,-0.008941,0.964180,0.263021,0.184587,0.083566,0.004778,0.811151,-0.296832,0.040913,-0.195153,-0.074912,-0.143514,0.322692,-0.176502,-0.007582,-0.148528,0.006349,0.061154,0.419911,-0.316786,0.939716,1.523313,0.000000,0.000000,0.341108,-0.355385,0.111490,1.259557,-0.083334,0.000000,0.000000
1.619910,-1.429043,0.855905,0.032814,-0.009739,0.965422,0.258435,0.189055,0.082572,-0.012481,0.798282,-0.308842,0.043882,-0.202818,-0.077382,-0.147937,0.314629,-0.164928,-0.007336,-0.156767,0.006683,0.049517,0.422138,-0.330141,0.943028,1.518669,0.000000,0.000000,0.346597,-0.353029,0.100885,1.265998,-0.075835,0.000000,0.000000
1.628319,-1.438191,0.854972,0.032197,-0.010658,0.966762,0.253417,0.192614,0.082208,-0.029981,0.782950,-0.321891,0.047084,-0.209646,-0.079211,-0.153228,0.303722,-0.154284,-0.006829,-0.163713,0.006991,0.035338,0.426194,-0.345446,0.945451,1.514833,0.000000,0.000000,0.351637,-0.351394,0.091900,1.271303,-0.070459,0.000000,0.000000
1.636515,-1.447597,0.853982,0.031460,-0.011421,0.968279,0.247618,0.195749,0.081365,-0.049777,0.763125,-0.334281,0.050541,-0.215636,-0.081847,-0.159208,0.289106,-0.144031,-0.006453,-0.169065,0.007277,0.015355,0.430480,-0.366001,0.950024,1.516016,0.000000,0.000000,0.356377,-0.348081,0.080476,1.278675,-0.063720,0.000000,0.000000
1.644872,-1.457201,0.852960,0.030904,-0.012072,0.969276,0.243727,0.197797,0.079402,-0.065761,0.743273,-0.343933,0.052918,-0.220128,-0.084263,-0.162401,0.271881,-0.135567,-0.006539,-0.172218,0.007442,-0.002121,0.432173,-0.381852,0.954988,1.518195,0.000000,0.000000,0.360510,-0.344267,0.070452,1.283757,-0.059572,0.000000,0.000000
1.653314,-1.466840,0.851837,0.030186,-0.012572,0.970249,0.239891,0.198881,0.077109,-0.080293,0.721125,-0.357113,0.054827,-0.223678,-0.086440,-0.166171,0.250978,-0.129248,-0.006522,-0.174407,0.007529,-0.019181,0.432846,-0.395885,0.959183,1.520107,0.000000,0.000000,0.364499,-0.340295,0.061569,1.285634,-0.055680,0.000000,0.000000
1.661999,-1.476248,0.850406,0.029741,-0.013013,0.970945,0.237089,0.199426,0.075473,-0.090209,0.696838,-0.378138,0.056007,-0.226172,-0.088094,-0.168827,0.226043,-0.127714,-0.006657,-0.176377,0.007582,-0.036144,0.432751,-0.409400,0.965350,1.521969,0.000000,0.000000,0.368229,-0.337374,0.056359,1.286175,-0.054362,0.000000,0.000000
1.670786,-1.485682,0.848516,0.029368,-0.013879,0.971669,0.234103,0.199193,0.075473,-0.095693,0.674046,-0.402154,0.056743,-0.227181,-0.089273,-0.169920,0.199319,-0.133576,-0.007019,-0.178104,0.007702,-0.051661,0.432860,-0.423729,0.971926,1.527303,0.000000,0.000000,0.371144,-0.333822,0.052516,1.287803,-0.055602,0.000000,0.000000
1.679548,-1.495320,0.846248,0.029227,-0.014621,0.972243,0.231681,0.198238,0.075940,-0.095914,0.652569,-0.425733,0.056533,-0.227084,-0.090766,-0.170887,0.171394,-0.145183,-0.007530,-0.179356,0.007792,-0.064999,0.432788,-0.437340,0.977517,1.536766,0.000000,0.000000,0.373007,-0.328682,0.050923,1.290152,-0.057501,0.000000,0.000000
1.688121,-1.504998,0.843755,0.029166,-0.015358,0.972567,0.230276,0.196953,0.076776,-0.090781,0.631596,-0.447280,0.055332,-0.226128,-0.091952,-0.173453,0.143688,-0.157452,-0.007782,-0.179547,0.007739,-0.076019,0.430124,-0.444294,0.982849,1.540555,0.000000,0.000000,0.373781,-0.323085,0.052195,1.293122,-0.060414,0.000000,0.000000
1.696764,-1.514647,0.841143,0.029317,-0.015917,0.972738,0.229495,0.195306,0.078036,-0.080845,0.612120,-0.464690,0.053361,-0.224197,-0.092948,-0.176733,0.116372,-0.169866,-0.007910,-0.179489,0.007635,-0.084251,0.426705,-0.446680,0.986629,1.535053,0.000000,0.000000,0.372950,-0.317702,0.054055,1.297070,-0.060239,0.000000,0.000000
1.705667,-1.524027,0.838119,0.029279,-0.016260,0.972809,0.229175,0.192852,0.079764,-0.067504,0.592121,-0.480498,0.050795,-0.221002,-0.093107,-0.181097,0.084245,-0.184497,-0.007848,-0.178701,0.007539,-0.091434,0.423581,-0.448008,0.988796,1.526464,0.000000,0.000000,0.370129,-0.311968,0.057527,1.301590,-0.054320,0.000000,0.000000
1.714540,-1.533356,0.834732,0.029008,-0.016489,0.972611,0.230032,0.190135,0.080553,-0.052412,0.573088,-0.492915,0.047655,-0.217027,-0.091843,-0.187235,0.049334,-0.200394,-0.007431,-0.176813,0.007489,-0.097543,0.421302,-0.448533,0.990235,1.523676,0.000000,0.000000,0.365046,-0.306511,0.064875,1.306073,-0.050519,0.000000,0.000000
1.722818,-1.543398,0.830987,0.028318,-0.016323,0.972052,0.232479,0.187244,0.076991,-0.036996,0.553407,-0.497017,0.043278,-0.213052,-0.090410,-0.195632,0.012285,-0.214891,-0.006892,-0.173650,0.007346,-0.100966,0.418425,-0.448171,0.991141,1.522489,0.000000,0.000000,0.357837,-0.300538,0.076652,1.309135,-0.050213,0.000000,0.000000
1.731109,-1.552467,0.828097,0.027629,-0.015990,0.971467,0.235016,0.184520,0.074294,-0.024345,0.535078,-0.503794,0.039814,-0.209126,-0.088061,-0.206420,-0.017450,-0.224987,-0.005962,-0.170439,0.007242,-0.102619,0.416295,-0.447996,0.991182,1.522968,0.000000,0.000000,0.350107,-0.294962,0.085260,1.311866,-0.050383,0.000000,0.000000
1.739474,-1.561210,0.829628,0.027082,-0.015764,0.970901,0.237423,0.181029,0.071376,-0.011436,0.515007,-0.511177,0.036210,-0.204640,-0.084127,-0.220471,-0.017450,-0.232215,-0.004462,-0.166115,0.007074,-0.103351,0.414693,-0.447340,0.989954,1.524891,0.000000,0.000000,0.341698,-0.288958,0.094012,1.313289,-0.052005,0.000000,0.000000
1.747975,-1.569876,0.830955,0.026990,-0.015499,0.970214,0.240243,0.177759,0.068178,-0.002172,0.499837,-0.515682,0.033337,-0.201241,-0.079934,-0.234441,-0.017450,-0.232341,-0.002709,-0.161444,0.006935,-0.102173,0.414420,-0.448911,0.988080,1.527965,0.000000,0.000000,0.335623,-0.283802,0.102789,1.313146,-0.057267,0.000000,0.000000
1.756522,-1.578447,0.832176,0.027088,-0.015475,0.969528,0.242986,0.174046,0.064927,0.006143,0.486686,-0.519189,0.030700,-0.198124,-0.075176,-0.249878,-0.017450,-0.228158,-0.000587,-0.156510,0.006790,-0.099467,0.414755,-0.450972,0.985702,1.533836,0.000000,0.000000,0.328982,-0.278258,0.111957,1.313487,-0.068267,0.000000,0.000000
1.765181,-1.586623,0.833314,0.027476,-0.015474,0.968957,0.245209,0.169935,0.061970,0.012222,0.475832,-0.522764,0.028582,-0.195072,-0.070733,-0.264221,-0.017450,-0.220572,0.001580,-0.151873,0.006647,-0.095832,0.414949,-0.452333,0.982562,1.538504,0.000000,0.000000,0.321949,-0.272427,0.120476,1.313811,-0.080190,0.000000,0.000000
1.773780,-1.594592,0.834208,0.028289,-0.015700,0.968285,0.247743,0.165755,0.059122,0.016296,0.467232,-0.525390,0.026887,-0.191782,-0.067208,-0.275916,-0.017450,-0.211405,0.003540,-0.146948,0.006423,-0.091333,0.414942,-0.452800,0.979483,1.539075,0.000000,0.000000,0.316318,-0.267268,0.127446,1.311385,-0.089698,0.000000,0.000000
1.782275,-1.602044,0.835136,0.028802,-0.016088,0.967717,0.249871,0.161472,0.056793,0.018614,0.460241,-0.527219,0.025677,-0.188252,-0.064473,-0.284377,-0.017450,-0.201396,0.005200,-0.141901,0.006246,-0.087150,0.415886,-0.454709,0.975887,1.539694,0.000000,0.000000,0.312715,-0.262849,0.133806,1.305542,-0.097378,0.000000,0.000000
1.790461,-1.609553,0.836313,0.029240,-0.016802,0.967314,0.251329,0.155690,0.054020,0.020463,0.452561,-0.527490,0.024416,-0.183228,-0.062098,-0.291006,-0.017450,-0.188248,0.006853,-0.135765,0.006037,-0.082122,0.417297,-0.457750,0.971353,1.542502,0.000000,0.000000,0.309658,-0.257702,0.143552,1.293932,-0.105849,0.000000,0.000000
1.798286,-1.617050,0.837645,0.029801,-0.017902,0.966947,0.252595,0.148593,0.050926,0.022058,0.443892,-0.524827,0.023122,-0.176338,-0.060478,-0.294378,-0.017450,-0.173318,0.008274,-0.129274,0.005720,-0.074458,0.419284,-0.460574,0.965454,1.545194,0.000000,0.000000,0.307016,-0.252857,0.155409,1.274107,-0.112666,0.000000,0.000000
1.805939,-1.624516,0.838553,0.030762,-0.019233,0.966643,0.253544,0.142325,0.048678,0.023580,0.436843,-0.519624,0.022158,-0.169451,-0.059952,-0.295524,-0.017450,-0.161303,0.009266,-0.123738,0.005394,-0.066029,0.420302,-0.462054,0.960524,1.543450,0.000000,0.000000,0.305438,-0.248468,0.164577,1.254803,-0.111266,0.000000,0.000000
1.813600,-1.631814,0.839750,0.031705,-0.020531,0.966079,0.255470,0.135377,0.046097,0.025263,0.429094,-0.510685,0.021126,-0.160986,-0.059746,-0.292753,-0.017450,-0.150017,0.009850,-0.117643,0.005012,-0.055066,0.421616,-0.462227,0.955642,1.538362,0.000000,0.000000,0.302821,-0.243587,0.176631,1.234629,-0.105926,0.000000,0.000000
1.821178,-1.638971,0.841973,0.032258,-0.021677,0.965196,0.258625,0.129073,0.043046,0.026464,0.421315,-0.499180,0.020110,-0.153125,-0.059695,-0.284110,-0.008044,-0.144333,0.009604,-0.112213,0.004621,-0.043113,0.422999,-0.459138,0.952515,1.535593,0.000000,0.000000,0.299055,-0.239994,0.194530,1.216655,-0.102122,0.000000,0.000000
1.828664,-1.646039,0.845704,0.032832,-0.022703,0.964348,0.261608,0.123548,0.040085,0.027060,0.413670,-0.486028,0.019261,-0.146212,-0.059978,-0.273874,0.019186,-0.145418,0.009149,-0.107981,0.004285,-0.030498,0.424429,-0.452223,0.950288,1.536451,0.000000,0.000000,0.294023,-0.237533,0.210928,1.200124,-0.096322,0.000000,0.000000
1.836003,-1.653180,0.849371,0.033557,-0.023716,0.963510,0.264501,0.118733,0.037249,0.027665,0.405615,-0.472170,0.018466,-0.139733,-0.060647,-0.263535,0.053007,-0.150199,0.008600,-0.104738,0.004002,-0.017036,0.425516,-0.443590,0.948907,1.536796,0.000000,0.000000,0.287574,-0.236111,0.224451,1.184701,-0.086586,0.000000,0.000000
1.843262,-1.660288,0.852752,0.034183,-0.024442,0.962420,0.268295,0.114174,0.033687,0.028375,0.396351,-0.456998,0.017474,-0.133404,-0.061713,-0.250969,0.090752,-0.157179,0.007607,-0.101192,0.003691,-0.001737,0.427040,-0.433252,0.947156,1.537288,0.000000,0.000000,0.278543,-0.235587,0.240232,1.172501,-0.080086,0.000000,0.000000
1.850497,-1.667158,0.855430,0.034595,-0.025061,0.961102,0.272869,0.110026,0.030361,0.030249,0.386438,-0.441550,0.016362,-0.127626,-0.062320,-0.239930,0.129330,-0.165596,0.006772,-0.096633,0.003351,0.014375,0.427649,-0.420767,0.946053,1.541029,0.000000,0.000000,0.268134,-0.235343,0.254429,1.162600,-0.078648,0.000000,0.000000
1.857676,-1.674009,0.857332,0.034924,-0.025560,0.959867,0.277097,0.105852,0.027048,0.032372,0.376084,-0.426256,0.015206,-0.121938,-0.063149,-0.229909,0.169009,-0.177279,0.005870,-0.092415,0.003049,0.030776,0.426833,-0.408974,0.947077,1.542476,0.000000,0.000000,0.256883,-0.234375,0.267304,1.153567,-0.077092,0.000000,0.000000
1.864870,-1.680909,0.858450,0.035043,-0.025986,0.958784,0.280767,0.101254,0.023745,0.034970,0.365361,-0.411167,0.013970,-0.116058,-0.064144,-0.219506,0.210750,-0.190208,0.004754,-0.089329,0.002750,0.047805,0.426045,-0.397967,0.948751,1.542566,0.000000,0.000000,0.243751,-0.233556,0.280773,1.143367,-0.075544,0.000000,0.000000
1.872113,-1.687871,0.858642,0.035128,-0.026455,0.957736,0.284267,0.096610,0.020659,0.037535,0.354874,-0.394976,0.012798,-0.110055,-0.064959,-0.210532,0.252315,-0.201871,0.003775,-0.086471,0.002480,0.064286,0.426168,-0.388051,0.950605,1.550532,0.000000,0.000000,0.229216,-0.232950,0.292113,1.133885,-0.077123,0.000000,0.000000
1.879180,-1.694955,0.857950,0.034965,-0.026820,0.956810,0.287354,0.091753,0.017466,0.039029,0.343561,-0.379465,0.011766,-0.103660,-0.065884,-0.204149,0.293089,-0.214345,0.003059,-0.082687,0.002165,0.078551,0.424794,-0.380383,0.954191,1.553912,0.000000,0.000000,0.215851,-0.232114,0.303269,1.122787,-0.074232,0.000000,0.000000
1.885956,-1.702092,0.856454,0.034861,-0.026853,0.955609,0.291334,0.087128,0.013488,0.041314,0.331996,-0.365807,0.010397,-0.096817,-0.067529,-0.198750,0.332948,-0.225801,0.002218,-0.077562,0.001766,0.092376,0.421636,-0.372852,0.958748,1.545336,0.000000,0.000000,0.204081,-0.232108,0.315673,1.109718,-0.065698,0.000000,0.000000
1.892633,-1.709260,0.855449,0.034591,-0.026715,0.954601,0.294665,0.082207,0.009487,0.044072,0.320892,-0.351011,0.008956,-0.089571,-0.069727,-0.194941,0.372246,-0.235950,0.001418,-0.071387,0.001407,0.104622,0.418089,-0.366392,0.963207,1.537321,0.000000,0.000000,0.190679,-0.232272,0.324384,1.099565,-0.061469,0.000000,0.000000
1.899482,-1.716129,0.857206,0.034169,-0.026639,0.953919,0.296921,0.076877,0.006652,0.046174,0.310144,-0.336721,0.007923,-0.081848,-0.071623,-0.192239,0.411831,-0.247000,0.000799,-0.065295,0.001076,0.116849,0.414943,-0.358609,0.967054,1.533526,0.000000,0.000000,0.178104,-0.231826,0.328140,1.086189,-0.056135,0.000000,0.000000
1.906549,-1.722896,0.858881,0.034134,-0.026414,0.953518,0.298229,0.071506,0.003969,0.045720,0.299670,-0.322172,0.007338,-0.073465,-0.073851,-0.191244,0.451912,-0.257180,0.000322,-0.059527,0.000746,0.128356,0.412396,-0.355762,0.971030,1.530121,0.000000,0.000000,0.169070,-0.232628,0.333159,1.068475,-0.046918,0.000000,0.000000
1.913572,-1.729640,0.860362,0.034266,-0.026098,0.952936,0.300095,0.066457,0.000707,0.046398,0.289591,-0.306692,0.006418,-0.064789,-0.076588,-0.190721,0.492059,-0.265581,-0.000270,-0.054028,0.000438,0.139842,0.409780,-0.353199,0.975724,1.534441,0.000000,0.000000,0.155897,-0.232796,0.335695,1.056889,-0.046147,0.000000,0.000000
1.920505,-1.736113,0.861683,0.034263,-0.025812,0.952148,0.302611,0.061841,-0.002186,0.051339,0.279480,-0.293765,0.004911,-0.055956,-0.079436,-0.191539,0.531456,-0.274582,-0.000711,-0.048649,0.000108,0.151561,0.406885,-0.348699,0.980946,1.537159,0.000000,0.000000,0.142255,-0.234125,0.338825,1.045805,-0.048296,0.000000,0.000000
1.927019,-1.742664,0.862907,0.034081,-0.025600,0.951569,0.304466,0.057504,-0.004753,0.057258,0.269016,-0.288864,0.003349,-0.046587,-0.082964,-0.191377,0.569502,-0.286191,-0.001613,-0.043542,-0.000205,0.163545,0.404281,-0.344040,0.985080,1.528381,0.000000,0.000000,0.129554,-0.236751,0.342747,1.032155,-0.047235,0.000000,0.000000
1.933411,-1.749220,0.863971,0.033928,-0.025203,0.951378,0.305111,0.052953,-0.007637,0.059778,0.259184,-0.284787,0.002266,-0.036425,-0.086720,-0.191574,0.605967,-0.297748,-0.002584,-0.037691,-0.000504,0.173793,0.401091,-0.342819,0.990542,1.522464,0.000000,0.000000,0.117136,-0.238797,0.343804,1.019834,-0.040538,0.000000,0.000000
1.939973,-1.755660,0.864885,0.033896,-0.024505,0.951151,0.305878,0.047874,-0.011181,0.059582,0.249997,-0.277546,0.001457,-0.025681,-0.090700,-0.191948,0.641558,-0.307984,-0.003662,-0.032078,-0.000689,0.183174,0.399094,-0.345351,0.997448,1.531561,0.000000,0.000000,0.102069,-0.239164,0.339525,1.003363,-0.013345,0.000000,0.000000
1.946503,-1.762159,0.865649,0.033976,-0.023731,0.950772,0.307106,0.042781,-0.014826,0.061192,0.241480,-0.269456,0.000340,-0.014894,-0.095610,-0.194423,0.673915,-0.310964,-0.004676,-0.025880,-0.001025,0.191608,0.397182,-0.348858,1.004130,1.542439,0.000000,0.000000,0.089843,-0.241423,0.338563,0.986225,0.002214,0.000000,0.000000
1.953227,-1.768754,0.866302,0.033971,-0.022979,0.950474,0.308087,0.036921,-0.018284,0.067706,0.233681,-0.263441,-0.001476,-0.003347,-0.100632,-0.197567,0.705493,-0.310112,-0.005672,-0.018600,-0.001505,0.199220,0.393982,-0.352393,1.010637,1.547456,0.000000,0.000000,0.079898,-0.249262,0.346323,0.972692,-0.025382,0.000000,0.000000
1.960810,-1.775144,0.866737,0.033746,-0.022118,0.950195,0.309035,0.029979,-0.020878,0.077058,0.228431,-0.259894,-0.003501,0.007312,-0.102993,-0.197661,0.732876,-0.310909,-0.006517,-0.011031,-0.001764,0.205293,0.390734,-0.355284,1.016892,1.551245,0.000000,0.000000,0.068252,-0.253828,0.345616,0.956853,-0.019640,0.000000,0.000000
1.969471,-1.780898,0.867178,0.033173,-0.021213,0.949677,0.310746,0.021509,-0.022043,0.080648,0.224099,-0.254493,-0.004256,0.017187,-0.101652,-0.194269,0.756900,-0.305704,-0.006959,-0.001939,-0.002035,0.210690,0.387822,-0.357724,1.023265,1.554449,0.000000,0.000000,0.055309,-0.256493,0.341674,0.940537,-0.004982,0.000000,0.000000
1.977417,-1.787233,0.867634,0.032383,-0.020383,0.949415,0.311683,0.012718,-0.023413,0.077133,0.219037,-0.248621,-0.003945,0.027159,-0.101749,-0.191538,0.778207,-0.297373,-0.007739,0.006775,-0.002406,0.215437,0.385430,-0.359650,1.030111,1.559078,0.000000,0.000000,0.042516,-0.260881,0.338307,0.925119,0.003756,0.000000,0.000000
1.985932,-1.793765,0.868013,0.031658,-0.019510,0.949366,0.311962,0.003372,-0.024899,0.073181,0.214098,-0.243490,-0.003585,0.036952,-0.101018,-0.189107,0.797459,-0.288310,-0.008219,0.014153,-0.002741,0.218511,0.383273,-0.364656,1.038464,1.569913,0.000000,0.000000,0.029795,-0.267086,0.338038,0.909777,0.004330,0.000000,0.000000
1.995545,-1.799983,0.868242,0.031021,-0.018298,0.948825,0.313742,-0.006247,-0.026146,0.072316,0.209530,-0.238175,-0.003643,0.045335,-0.098187,-0.182781,0.814947,-0.283043,-0.008795,0.021835,-0.003014,0.221028,0.383509,-0.374709,1.047132,1.570800,0.000000,0.000000,0.018251,-0.273742,0.340461,0.894972,0.012065,0.000000,0.000000
2.005548,-1.806236,0.868395,0.030214,-0.017156,0.948023,0.316299,-0.017038,-0.027074,0.073000,0.205345,-0.233113,-0.003847,0.052992,-0.093924,-0.172386,0.831340,-0.273950,-0.009730,0.031327,-0.003400,0.224541,0.382643,-0.380068,1.055149,1.570800,0.000000,0.000000,0.006641,-0.282239,0.345505,0.878130,0.023730,0.000000,0.000000
2.015496,-1.812813,0.868390,0.029366,-0.016183,0.947256,0.318718,-0.028415,-0.028102,0.074565,0.203041,-0.229510,-0.004200,0.059990,-0.089918,-0.160885,0.845349,-0.258818,-0.010949,0.040472,-0.003796,0.226995,0.380871,-0.381460,1.064042,1.570800,0.000000,0.000000,-0.007481,-0.289733,0.348977,0.863818,0.031468,0.000000,0.000000
2.025553,-1.819476,0.868210,0.028625,-0.015311,0.946443,0.321236,-0.040349,-0.029113,0.079866,0.203072,-0.226036,-0.005129,0.066870,-0.086089,-0.150279,0.857483,-0.237542,-0.012036,0.050086,-0.004153,0.229190,0.379442,-0.384028,1.073213,1.570800,0.000000,0.000000,-0.021640,-0.295802,0.350266,0.852576,0.035701,0.000000,0.000000
2.035898,-1.825912,0.867933,0.027876,-0.014427,0.945565,0.323917,-0.052771,-0.029737,0.085172,0.204077,-0.221626,-0.005966,0.073609,-0.080335,-0.137700,0.866869,-0.217331,-0.012871,0.060135,-0.004543,0.231241,0.376830,-0.385817,1.082599,1.570800,0.000000,0.000000,-0.035103,-0.301560,0.353467,0.839102,0.031982,0.000000,0.000000
2.046413,-1.832145,0.867631,0.027048,-0.013606,0.944829,0.326162,-0.065371,-0.029681,0.087883,0.204939,-0.217064,-0.006237,0.080179,-0.073091,-0.125176,0.873639,-0.207518,-0.013168,0.069729,-0.004899,0.232830,0.375149,-0.389537,1.091201,1.570800,0.000000,0.000000,-0.047597,-0.306625,0.358539,0.822636,0.023581,0.000000,0.000000
2.057129,-1.838445,0.867217,0.026599,-0.012979,0.944020,0.328558,-0.078465,-0.029068,0.090233,0.206669,-0.212018,-0.006336,0.087133,-0.065277,-0.112721,0.878158,-0.197707,-0.013258,0.079555,-0.005317,0.233706,0.373470,-0.392051,1.101358,1.570800,0.000000,0.000000,-0.061557,-0.311888,0.363033,0.813224,0.012792,0.000000,0.000000
2.067608,-1.844884,0.866682,0.026130,-0.012019,0.942949,0.331693,-0.091219,-0.028807,0.092877,0.208099,-0.206302,-0.006581,0.093689,-0.058650,-0.099743,0.879320,-0.185630,-0.013795,0.089088,-0.005696,0.234692,0.370330,-0.389338,1.112859,1.570800,0.000000,0.000000,-0.077319,-0.315827,0.365618,0.812536,0.003820,0.000000,0.000000
2.077854,-1.851386,0.866036,0.025784,-0.011046,0.941741,0.335167,-0.104047,-0.028536,0.096554,0.209535,-0.199985,-0.006990,0.100297,-0.052211,-0.085524,0.877779,-0.175153,-0.014598,0.098889,-0.006062,0.236060,0.366219,-0.385552,1.125292,1.570800,0.000000,0.000000,-0.092843,-0.319943,0.369601,0.811586,-0.000237,0.000000,0.000000
2.087798,-1.857797,0.865339,0.025543,-0.010300,0.940618,0.338348,-0.116515,-0.028052,0.101257,0.211292,-0.191964,-0.007535,0.107294,-0.045353,-0.070572,0.873530,-0.165099,-0.015383,0.109282,-0.006425,0.238990,0.362414,-0.380667,1.134909,1.570800,0.000000,0.000000,-0.103933,-0.325836,0.373834,0.803799,0.001042,0.000000,0.000000
2.097746,-1.863991,0.864559,0.025665,-0.009518,0.939439,0.341623,-0.127877,-0.027596,0.107134,0.213010,-0.183349,-0.008301,0.114652,-0.039169,-0.056234,0.867005,-0.155893,-0.016229,0.119075,-0.006757,0.242765,0.360143,-0.376788,1.143201,1.570800,0.000000,0.000000,-0.112072,-0.332010,0.376241,0.793950,0.004264,0.000000,0.000000
2.107729,-1.870158,0.863777,0.025547,-0.008802,0.938385,0.344535,-0.139038,-0.027066,0.113556,0.213280,-0.173434,-0.009142,0.122278,-0.033136,-0.042619,0.856881,-0.149976,-0.016955,0.128808,-0.007101,0.246298,0.357571,-0.370393,1.151366,1.570800,0.000000,0.000000,-0.120965,-0.337530,0.377583,0.785714,0.005014,0.000000,0.000000
2.117673,-1.876635,0.863019,0.025326,-0.008113,0.937348,0.347377,-0.149308,-0.026807,0.119626,0.211483,-0.160859,-0.010014,0.129500,-0.028618,-0.032887,0.843925,-0.142335,-0.017411,0.137656,-0.007376,0.249423,0.354203,-0.362829,1.159389,1.570800,0.000000,0.000000,-0.131971,-0.340677,0.378220,0.783308,0.003632,0.000000,0.000000
2.127277,-1.883471,0.862148,0.025294,-0.007100,0.936144,0.350634,-0.158813,-0.027514,0.125732,0.206547,-0.145728,-0.011139,0.136467,-0.025585,-0.023286,0.828762,-0.131973,-0.018290,0.146040,-0.007644,0.251687,0.350319,-0.353122,1.168676,1.570800,0.000000,0.000000,-0.145402,-0.342025,0.379932,0.787842,0.000557,0.000000,0.000000
2.136640,-1.890365,0.861210,0.025226,-0.006043,0.934647,0.354631,-0.167459,-0.028706,0.132490,0.197720,-0.128589,-0.012478,0.143126,-0.022572,-0.010159,0.810487,-0.122070,-0.019811,0.153730,-0.007966,0.255161,0.346583,-0.341668,1.177104,1.570800,0.000000,0.000000,-0.157827,-0.346682,0.388993,0.785450,-0.000730,0.000000,0.000000
2.146115,-1.897322,0.860191,0.025606,-0.005355,0.933046,0.358804,-0.174613,-0.029430,0.138314,0.186889,-0.111378,-0.013541,0.149296,-0.019534,0.004171,0.790618,-0.115991,-0.021540,0.160365,-0.008238,0.260037,0.342179,-0.331754,1.184512,1.570800,0.000000,0.000000,-0.169632,-0.351258,0.400827,0.782055,0.001907,0.000000,0.000000
2.155943,-1.904392,0.859118,0.026131,-0.004974,0.931374,0.363092,-0.180680,-0.029338,0.144658,0.174845,-0.094102,-0.014512,0.154764,-0.017410,0.015521,0.769014,-0.114075,-0.023008,0.166356,-0.008445,0.264312,0.337669,-0.323506,1.192324,1.570800,0.000000,0.000000,-0.180409,-0.353848,0.412894,0.781352,0.007225,0.000000,0.000000
2.165785,-1.911613,0.857954,0.026263,-0.004673,0.930020,0.366539,-0.186732,-0.029034,0.150813,0.159975,-0.073017,-0.015422,0.160097,-0.014947,0.025856,0.741236,-0.119507,-0.024205,0.172308,-0.008620,0.267869,0.332681,-0.313367,1.199589,1.570800,0.000000,0.000000,-0.191353,-0.355152,0.422836,0.781645,0.010696,0.000000,0.000000
2.175230,-1.919139,0.856722,0.025875,-0.004113,0.928512,0.370377,-0.192048,-0.029059,0.156092,0.141245,-0.047842,-0.016305,0.164714,-0.013488,0.037067,0.708772,-0.135824,-0.025906,0.177917,-0.008836,0.271724,0.327457,-0.300642,1.205545,1.570800,0.000000,0.000000,-0.202909,-0.357292,0.432196,0.781002,0.010324,0.000000,0.000000
2.184890,-1.926511,0.855231,0.025545,-0.003601,0.926794,0.374682,-0.196367,-0.028352,0.160854,0.118414,-0.019927,-0.016951,0.168866,-0.011774,0.049500,0.673949,-0.166085,-0.027792,0.182707,-0.009002,0.275976,0.320818,-0.290663,1.215027,1.570789,0.000000,0.000000,-0.216353,-0.358528,0.442455,0.780613,0.008754,0.000000,0.000000
2.194428,-1.933910,0.853546,0.025666,-0.003027,0.925188,0.378629,-0.199115,-0.028040,0.165333,0.095551,0.006932,-0.017672,0.172510,-0.011735,0.056296,0.644030,-0.199513,-0.029143,0.186941,-0.009143,0.280297,0.314314,-0.281511,1.223839,1.570731,0.000000,0.000000,-0.227860,-0.358553,0.451395,0.781237,0.008238,0.000000,0.000000
2.203826,-1.941333,0.851656,0.026182,-0.002460,0.923326,0.383116,-0.200500,-0.027827,0.172615,0.072176,0.034617,-0.018924,0.175733,-0.015223,0.055332,0.619461,-0.231497,-0.030142,0.191576,-0.009260,0.284752,0.309323,-0.267401,1.225096,1.570689,0.000000,0.000000,-0.236378,-0.359042,0.460425,0.780384,0.009858,0.000000,0.000000
2.213020,-1.948920,0.849466,0.026913,-0.002029,0.921601,0.387200,-0.200655,-0.027383,0.179639,0.046351,0.063054,-0.020067,0.178458,-0.021699,0.046255,0.598297,-0.263584,-0.030508,0.195382,-0.009388,0.290302,0.305221,-0.256113,1.221756,1.570645,0.000000,0.000000,-0.243446,-0.359258,0.469069,0.779942,0.010424,0.000000,0.000000
2.222207,-1.956461,0.847124,0.027596,-0.001801,0.920254,0.390342,-0.200112,-0.026586,0.185779,0.020098,0.091487,-0.020993,0.180479,-0.027911,0.033574,0.579504,-0.293529,-0.030008,0.197396,-0.009476,0.295749,0.301590,-0.250170,1.219711,1.570608,0.000000,0.000000,-0.249129,-0.359013,0.477808,0.779396,0.007283,0.000000,0.000000
2.231217,-1.964222,0.844425,0.028669,-0.001646,0.919165,0.392824,-0.198866,-0.026141,0.192751,-0.006528,0.118438,-0.022128,0.182344,-0.034651,0.018167,0.560303,-0.319560,-0.029075,0.198925,-0.009528,0.300651,0.297285,-0.246161,1.219129,1.570565,0.000000,0.000000,-0.253035,-0.358415,0.486021,0.779002,0.003332,0.000000,0.000000
2.239983,-1.972101,0.843219,0.029712,-0.001485,0.918269,0.394838,-0.197475,-0.026154,0.201066,-0.017450,0.140406,-0.023634,0.183914,-0.040694,0.003692,0.540392,-0.340280,-0.028080,0.200265,-0.009564,0.304294,0.293187,-0.242115,1.218642,1.570525,0.000000,0.000000,-0.255228,-0.357902,0.490422,0.779968,0.002121,0.000000,0.000000
2.248704,-1.980001,0.843336,0.030305,-0.001249,0.917575,0.396403,-0.196103,-0.025495,0.206045,-0.017450,0.156797,-0.024517,0.184840,-0.044362,-0.006364,0.519174,-0.355618,-0.027121,0.201107,-0.009615,0.307271,0.289893,-0.241051,1.216365,1.570496,0.000000,0.000000,-0.257070,-0.358553,0.494412,0.781101,0.001646,0.000000,0.000000
2.257580,-1.987930,0.843268,0.031318,-0.001124,0.917049,0.397540,-0.194389,-0.024902,0.213027,-0.017450,0.164729,-0.025682,0.185225,-0.047337,-0.017186,0.496952,-0.366974,-0.025805,0.201544,-0.009657,0.310066,0.286856,-0.242635,1.213276,1.570448,0.000000,0.000000,-0.257482,-0.359783,0.499661,0.781701,-0.000612,0.000000,0.000000
2.266222,-1.995850,0.843110,0.032846,-0.001154,0.916657,0.398322,-0.191648,-0.023718,0.219581,-0.017450,0.161582,-0.026416,0.184565,-0.050295,-0.027283,0.476619,-0.378061,-0.024567,0.201139,-0.009618,0.312315,0.283076,-0.244857,1.212423,1.570406,0.000000,0.000000,-0.255901,-0.360885,0.503959,0.782606,-0.004035,0.000000,0.000000
2.274130,-2.003967,0.842880,0.035037,-0.000860,0.916821,0.397758,-0.187363,-0.023266,0.223104,-0.017450,0.147246,-0.026551,0.182381,-0.053320,-0.030552,0.460871,-0.391574,-0.024431,0.198249,-0.009410,0.314080,0.278555,-0.250655,1.214685,1.570365,0.000000,0.000000,-0.253327,-0.361570,0.506606,0.787231,-0.006255,0.000000,0.000000
2.281348,-2.012352,0.842254,0.038102,0.000350,0.916706,0.397741,-0.182771,-0.024059,0.220520,-0.017450,0.132335,-0.025987,0.179015,-0.057675,-0.026103,0.454118,-0.399379,-0.026164,0.195221,-0.009258,0.316021,0.274269,-0.257240,1.216393,1.570305,0.000000,0.000000,-0.250511,-0.363696,0.507421,0.792807,-0.010557,0.000000,0.000000
2.289734,-2.019910,0.841689,0.041405,0.001167,0.916273,0.398406,-0.176817,-0.021709,0.213333,-0.017450,0.109742,-0.023782,0.173827,-0.060741,-0.023431,0.451029,-0.408695,-0.027270,0.193520,-0.009091,0.318435,0.269670,-0.267388,1.217144,1.570245,0.000000,0.000000,-0.244061,-0.365753,0.508409,0.798686,-0.016129,0.000000,0.000000
2.299186,-2.026630,0.840991,0.044032,0.001704,0.915848,0.399100,-0.172291,-0.015661,0.203799,-0.017450,0.083655,-0.020306,0.168487,-0.059973,-0.022718,0.445704,-0.419385,-0.026924,0.192078,-0.008881,0.320455,0.266523,-0.279924,1.216441,1.570194,0.000000,0.000000,-0.236160,-0.366868,0.509937,0.805549,-0.018051,0.000000,0.000000
2.307903,-2.033493,0.839991,0.046745,0.002026,0.915681,0.399173,-0.168408,-0.009871,0.194183,-0.017450,0.054783,-0.016997,0.163764,-0.059101,-0.018326,0.440438,-0.427424,-0.027202,0.190317,-0.008707,0.322267,0.264668,-0.289443,1.214515,1.570156,0.000000,0.000000,-0.222401,-0.371732,0.513306,0.807633,-0.016374,0.000000,0.000000
2.315809,-2.040430,0.838849,0.049786,0.002892,0.915462,0.399303,-0.164180,-0.006575,0.185796,-0.017450,0.027710,-0.014625,0.159904,-0.060688,-0.013921,0.435365,-0.430565,-0.028242,0.188342,-0.008603,0.324453,0.262404,-0.296342,1.211773,1.570122,0.000000,0.000000,-0.210507,-0.374908,0.514646,0.811956,-0.018759,0.000000,0.000000
2.324296,-2.047291,0.839337,0.053068,0.003762,0.915443,0.398915,-0.161304,-0.004436,0.179288,0.001131,-0.006528,-0.012902,0.156561,-0.062309,-0.015529,0.430197,-0.431040,-0.028334,0.187585,-0.008495,0.326567,0.258605,-0.302114,1.208809,1.570082,0.000000,0.000000,-0.197567,-0.376921,0.512719,0.817821,-0.020287,0.000000,0.000000
2.333133,-2.053911,0.842259,0.056092,0.004564,0.915852,0.397551,-0.158574,-0.002028,0.173920,0.044210,-0.046924,-0.011526,0.152953,-0.062713,-0.017766,0.422845,-0.427381,-0.027959,0.185915,-0.008261,0.327094,0.254764,-0.309632,1.204883,1.570030,0.000000,0.000000,-0.184017,-0.377716,0.508640,0.827865,-0.021056,0.000000,0.000000
2.341925,-2.060510,0.845647,0.058207,0.005036,0.916127,0.396607,-0.156089,0.001015,0.170215,0.095502,-0.083840,-0.010577,0.149132,-0.062555,-0.023644,0.413623,-0.419667,-0.026854,0.185917,-0.008126,0.326140,0.253371,-0.318037,1.200889,1.570006,0.000000,0.000000,-0.167070,-0.382313,0.504672,0.831436,-0.025460,0.000000,0.000000
2.350311,-2.067228,0.848266,0.059897,0.006493,0.916824,0.394719,-0.153373,0.001677,0.166089,0.146399,-0.116990,-0.010235,0.145175,-0.062908,-0.028990,0.402989,-0.409867,-0.025988,0.185399,-0.007921,0.320646,0.251236,-0.332754,1.202405,1.569974,0.000000,0.000000,-0.154422,-0.381422,0.492507,0.842974,-0.036142,0.000000,0.000000
2.358660,-2.074132,0.850171,0.061088,0.007514,0.917602,0.392707,-0.150023,0.002703,0.159775,0.197229,-0.149434,-0.009499,0.140585,-0.062665,-0.033597,0.391316,-0.398099,-0.025087,0.186750,-0.007756,0.311942,0.251268,-0.347969,1.203745,1.569965,0.000000,0.000000,-0.137751,-0.382954,0.479779,0.850878,-0.042046,0.000000,0.000000
2.367459,-2.080783,0.851069,0.062163,0.008228,0.918573,0.390246,-0.146389,0.005143,0.154157,0.246720,-0.178016,-0.008548,0.135841,-0.061399,-0.037795,0.380055,-0.385282,-0.024000,0.186783,-0.007545,0.302837,0.251442,-0.361094,1.206508,1.569977,0.000000,0.000000,-0.120109,-0.384351,0.466885,0.856897,-0.042189,0.000000,0.000000
2.376074,-2.087566,0.851060,0.063054,0.008894,0.919817,0.387147,-0.142581,0.006896,0.150770,0.296489,-0.202823,-0.008134,0.131086,-0.059956,-0.041186,0.368712,-0.372631,-0.023011,0.184446,-0.007325,0.293024,0.250681,-0.372328,1.208905,1.569985,0.000000,0.000000,-0.102154,-0.385801,0.454197,0.864118,-0.038791,0.000000,0.000000
2.384669,-2.094217,0.852640,0.063545,0.009594,0.920880,0.384513,-0.138316,0.008744,0.151918,0.347459,-0.222802,-0.008506,0.125825,-0.058592,-0.043580,0.356588,-0.359713,-0.022207,0.180544,-0.007051,0.282951,0.249490,-0.380714,1.209721,1.569991,0.000000,0.000000,-0.084713,-0.387445,0.443399,0.873839,-0.034956,0.000000,0.000000
2.393383,-2.100685,0.855153,0.063989,0.010226,0.921759,0.382309,-0.133369,0.011140,0.155536,0.397351,-0.236877,-0.009194,0.120338,-0.057210,-0.046176,0.345349,-0.346451,-0.021379,0.176931,-0.006782,0.272894,0.249280,-0.387643,1.210086,1.570014,0.000000,0.000000,-0.067376,-0.388735,0.434598,0.884481,-0.033059,0.000000,0.000000
2.402003,-2.107186,0.857440,0.064114,0.010672,0.922395,0.380740,-0.127369,0.014136,0.158377,0.446529,-0.246972,-0.009632,0.113929,-0.055523,-0.047710,0.334905,-0.332731,-0.020649,0.174674,-0.006529,0.262511,0.249218,-0.391221,1.210155,1.570042,0.000000,0.000000,-0.043525,-0.392450,0.426487,0.888258,-0.027581,0.000000,0.000000
2.410696,-2.113536,0.859537,0.064311,0.011628,0.923446,0.378122,-0.120635,0.016426,0.160672,0.492059,-0.256079,-0.010090,0.107353,-0.054438,-0.051362,0.325633,-0.318922,-0.019743,0.170322,-0.006197,0.250653,0.248836,-0.395641,1.210589,1.570076,0.000000,0.000000,-0.029147,-0.388793,0.409727,0.904919,-0.028674,0.000000,0.000000
2.419393,-2.119665,0.861330,0.064421,0.012154,0.924345,0.375883,-0.113094,0.020337,0.164605,0.536207,-0.265456,-0.010358,0.100763,-0.053230,-0.056193,0.317500,-0.305165,-0.018614,0.165804,-0.005819,0.239676,0.248549,-0.399109,1.210510,1.570109,0.000000,0.000000,-0.013709,-0.384927,0.395513,0.918736,-0.017752,0.000000,0.000000
2.427786,-2.125954,0.862957,0.064356,0.012592,0.925122,0.373963,-0.105423,0.023887,0.165788,0.578648,-0.273576,-0.010113,0.094390,-0.051975,-0.059520,0.309290,-0.290147,-0.017728,0.161550,-0.005563,0.229400,0.246838,-0.399074,1.210684,1.570126,0.000000,0.000000,0.000453,-0.382614,0.386434,0.930307,-0.007061,0.000000,0.000000
2.436002,-2.132588,0.864613,0.063941,0.013087,0.925717,0.372542,-0.097685,0.026410,0.167210,0.620540,-0.278761,-0.010166,0.087591,-0.050596,-0.061106,0.299622,-0.275604,-0.017088,0.156624,-0.005339,0.219067,0.245162,-0.395990,1.209707,1.570157,0.000000,0.000000,0.014474,-0.383352,0.382309,0.939392,-0.005161,0.000000,0.000000
2.444365,-2.138962,0.866204,0.063604,0.013468,0.926450,0.370760,-0.089305,0.030214,0.171533,0.661795,-0.283394,-0.010384,0.080691,-0.048700,-0.061973,0.289623,-0.263454,-0.016415,0.149591,-0.005001,0.209545,0.243716,-0.389245,1.206445,1.570186,0.000000,0.000000,0.028755,-0.383388,0.378798,0.949313,-0.004813,0.000000,0.000000
2.452424,-2.145252,0.867544,0.063124,0.013874,0.927210,0.368922,-0.080464,0.034092,0.174985,0.698337,-0.286416,-0.010298,0.074202,-0.047140,-0.061901,0.280513,-0.253921,-0.015983,0.142074,-0.004648,0.200904,0.242049,-0.380160,1.201125,1.570214,0.000000,0.000000,0.041327,-0.382546,0.375463,0.959085,-0.008978,0.000000,0.000000
2.460290,-2.151556,0.868713,0.062283,0.014209,0.927929,0.367243,-0.070709,0.037818,0.177881,0.733223,-0.283010,-0.010097,0.067195,-0.045429,-0.063056,0.271736,-0.245325,-0.015303,0.133993,-0.004297,0.192125,0.241230,-0.372168,1.195111,1.570232,0.000000,0.000000,0.054559,-0.382448,0.372305,0.969486,-0.020169,0.000000,0.000000
2.468191,-2.157884,0.869688,0.061415,0.014371,0.928715,0.365390,-0.060473,0.041342,0.179885,0.764804,-0.271475,-0.009709,0.060077,-0.043328,-0.064499,0.263894,-0.237754,-0.014477,0.126156,-0.003874,0.183372,0.242297,-0.367647,1.188629,1.570299,0.000000,0.000000,0.067201,-0.381564,0.368259,0.982371,-0.024107,0.000000,0.000000
2.476201,-2.164266,0.870429,0.060745,0.014222,0.929458,0.363613,-0.049528,0.045081,0.181328,0.793811,-0.260479,-0.009024,0.052720,-0.040794,-0.066661,0.257939,-0.230968,-0.013429,0.118032,-0.003453,0.175210,0.242885,-0.363814,1.182206,1.570343,0.000000,0.000000,0.080135,-0.380309,0.364748,0.994999,-0.023592,0.000000,0.000000
2.484091,-2.170862,0.870959,0.060121,0.014067,0.930220,0.361771,-0.038317,0.048026,0.182034,0.819183,-0.252185,-0.008311,0.045173,-0.038674,-0.069863,0.254038,-0.228278,-0.012327,0.109670,-0.003121,0.167564,0.243663,-0.360559,1.175870,1.570394,0.000000,0.000000,0.091882,-0.378952,0.361515,1.008296,-0.025060,0.000000,0.000000
2.491495,-2.177884,0.871469,0.059359,0.014143,0.931394,0.358862,-0.026544,0.049268,0.179713,0.842302,-0.242039,-0.007387,0.037172,-0.037747,-0.073838,0.250261,-0.227192,-0.011407,0.100458,-0.002663,0.159084,0.245179,-0.360151,1.168008,1.570446,0.000000,0.000000,0.103005,-0.377293,0.354761,1.023224,-0.028162,0.000000,0.000000
2.498756,-2.184978,0.871940,0.058872,0.014319,0.932290,0.356601,-0.014409,0.049760,0.177433,0.862105,-0.229628,-0.006644,0.029433,-0.037754,-0.077788,0.247108,-0.226110,-0.010738,0.092137,-0.002265,0.150315,0.245851,-0.359667,1.161364,1.570495,0.000000,0.000000,0.112537,-0.375488,0.347234,1.039220,-0.037440,0.000000,0.000000
2.505898,-2.192365,0.872347,0.058049,0.014448,0.933262,0.354181,-0.002106,0.049526,0.174072,0.879214,-0.218800,-0.005837,0.021126,-0.037632,-0.081489,0.243576,-0.224966,-0.010077,0.083459,-0.001903,0.141099,0.247454,-0.359491,1.153078,1.567105,0.000000,0.000000,0.122228,-0.375335,0.341596,1.053808,-0.058781,0.000000,0.000000
2.512999,-2.200252,0.872601,0.057383,0.014464,0.934536,0.350913,0.010104,0.047996,0.167768,0.893720,-0.210815,-0.004789,0.012383,-0.037685,-0.085769,0.241615,-0.225798,-0.009373,0.073314,-0.001448,0.131679,0.250187,-0.362506,1.142688,1.559658,0.000000,0.000000,0.131581,-0.375416,0.335784,1.067313,-0.069954,0.000000,0.000000
2.520012,-2.208607,0.872703,0.056923,0.014618,0.936017,0.347014,0.022246,0.044795,0.159587,0.906045,-0.203241,-0.003874,0.002998,-0.038702,-0.090655,0.242331,-0.229149,-0.008817,0.062005,-0.000941,0.123458,0.253039,-0.367437,1.130935,1.556162,0.000000,0.000000,0.140916,-0.375919,0.328682,1.082178,-0.073902,0.000000,0.000000
2.527072,-2.217104,0.872638,0.056585,0.014632,0.937453,0.343171,0.034493,0.041181,0.150754,0.916670,-0.195603,-0.002966,-0.006928,-0.040270,-0.094402,0.245081,-0.235861,-0.008575,0.050234,-0.000406,0.115477,0.256092,-0.372452,1.120544,1.551660,0.000000,0.000000,0.150453,-0.377071,0.320583,1.097684,-0.075955,0.000000,0.000000
2.534314,-2.225500,0.872418,0.055902,0.014591,0.938882,0.339357,0.046260,0.037342,0.139724,0.925571,-0.191964,-0.001716,-0.017625,-0.041345,-0.099056,0.248583,-0.244378,-0.008072,0.039598,0.000111,0.106802,0.259455,-0.377246,1.110249,1.549192,0.000000,0.000000,0.160423,-0.377212,0.309839,1.112288,-0.080974,0.000000,0.000000
2.541672,-2.234392,0.872069,0.055466,0.014573,0.940355,0.335325,0.057630,0.032144,0.127502,0.933227,-0.189106,-0.000696,-0.029167,-0.042809,-0.103159,0.254131,-0.251932,-0.007752,0.028121,0.000641,0.097327,0.262889,-0.382146,1.099308,1.548689,0.000000,0.000000,0.169762,-0.376418,0.300452,1.124561,-0.086010,0.000000,0.000000
2.548959,-2.243711,0.871541,0.055197,0.014331,0.941679,0.331644,0.068708,0.026412,0.115817,0.939380,-0.186381,-0.000005,-0.041339,-0.044865,-0.105007,0.262069,-0.258829,-0.007924,0.016548,0.001114,0.088810,0.266191,-0.386854,1.088282,1.546738,0.000000,0.000000,0.178785,-0.377008,0.292160,1.134311,-0.089853,0.000000,0.000000
2.556440,-2.253046,0.870790,0.055274,0.013901,0.942982,0.327928,0.080484,0.020716,0.103224,0.944774,-0.184882,0.000846,-0.054928,-0.047227,-0.107788,0.273307,-0.261467,-0.007992,0.004769,0.001637,0.080040,0.270734,-0.394791,1.078106,1.541405,0.000000,0.000000,0.188651,-0.379949,0.281521,1.146351,-0.089850,0.000000,0.000000
2.564266,-2.262367,0.869822,0.055800,0.013233,0.944224,0.324271,0.092090,0.015228,0.090558,0.948822,-0.183858,0.001718,-0.068735,-0.049424,-0.110439,0.286916,-0.262307,-0.008032,-0.005634,0.002136,0.071243,0.275375,-0.402306,1.069653,1.539896,0.000000,0.000000,0.198728,-0.383317,0.271154,1.158789,-0.089851,0.000000,0.000000
2.572422,-2.271659,0.868620,0.056635,0.012440,0.945262,0.321119,0.104310,0.009356,0.078965,0.951296,-0.182092,0.002227,-0.083542,-0.051638,-0.112297,0.302932,-0.261709,-0.008176,-0.016342,0.002608,0.061846,0.279880,-0.409266,1.061359,1.537750,0.000000,0.000000,0.208037,-0.385878,0.263009,1.169675,-0.086827,0.000000,0.000000
2.580696,-2.280386,0.867285,0.056838,0.011426,0.946313,0.318011,0.116347,0.005407,0.069357,0.951886,-0.182898,0.002909,-0.098568,-0.052637,-0.113830,0.318041,-0.260040,-0.008066,-0.028740,0.003186,0.053725,0.284833,-0.414296,1.051070,1.536281,0.000000,0.000000,0.215768,-0.387311,0.253877,1.178535,-0.077114,0.000000,0.000000
2.588832,-2.289124,0.865992,0.056800,0.010373,0.947434,0.314697,0.127290,0.001786,0.059223,0.951070,-0.184149,0.003752,-0.112591,-0.053301,-0.114770,0.330464,-0.257980,-0.007976,-0.041408,0.003688,0.045291,0.289939,-0.417323,1.042087,1.538572,0.000000,0.000000,0.222173,-0.388430,0.245206,1.190843,-0.071491,0.000000,0.000000
2.597001,-2.298091,0.864743,0.056775,0.009414,0.948408,0.311785,0.137913,-0.002295,0.049356,0.948458,-0.183191,0.004375,-0.126346,-0.054196,-0.115470,0.340542,-0.255066,-0.007977,-0.054033,0.004203,0.035997,0.295373,-0.419109,1.033960,1.541190,0.000000,0.000000,0.228175,-0.390193,0.236948,1.205425,-0.070726,0.000000,0.000000
2.605261,-2.306890,0.863653,0.056277,0.008571,0.949401,0.308865,0.147703,-0.006459,0.038589,0.942797,-0.180798,0.005095,-0.139171,-0.054456,-0.117701,0.346615,-0.249647,-0.007580,-0.066227,0.004653,0.026382,0.299799,-0.420658,1.026313,1.542046,0.000000,0.000000,0.233505,-0.392321,0.230272,1.216114,-0.070145,0.000000,0.000000
2.613803,-2.315507,0.862595,0.055792,0.007747,0.950557,0.305400,0.157532,-0.010096,0.026469,0.934605,-0.178713,0.006204,-0.151818,-0.054283,-0.123361,0.349615,-0.241057,-0.006520,-0.078847,0.005173,0.016339,0.304040,-0.423733,1.019676,1.545979,0.000000,0.000000,0.239219,-0.393193,0.222070,1.224924,-0.067225,0.000000,0.000000
2.622463,-2.323988,0.861677,0.055306,0.006950,0.951639,0.302120,0.166383,-0.014361,0.011881,0.925069,-0.179102,0.007529,-0.162779,-0.054119,-0.129660,0.349450,-0.230487,-0.005383,-0.089419,0.005645,0.006002,0.309130,-0.430950,1.014545,1.556533,0.000000,0.000000,0.245650,-0.393733,0.214715,1.230930,-0.066566,0.000000,0.000000
2.631459,-2.332376,0.860834,0.054824,0.006301,0.952558,0.299312,0.174951,-0.019338,-0.004002,0.913391,-0.181806,0.008847,-0.173171,-0.054011,-0.135289,0.345762,-0.219819,-0.004398,-0.098556,0.006018,-0.004987,0.313970,-0.438468,1.010285,1.566631,0.000000,0.000000,0.251510,-0.394236,0.207978,1.237927,-0.070418,0.000000,0.000000
2.640665,-2.341037,0.860033,0.054302,0.005762,0.953421,0.296658,0.182936,-0.025028,-0.019585,0.899432,-0.188647,0.009875,-0.182878,-0.054105,-0.140210,0.338475,-0.209396,-0.003612,-0.106576,0.006301,-0.016773,0.318165,-0.445160,1.006712,1.570800,0.000000,0.000000,0.255769,-0.395205,0.200659,1.244909,-0.070681,0.000000,0.000000
2.650055,-2.349632,0.859256,0.053530,0.005160,0.954295,0.293990,0.189975,-0.030720,-0.035791,0.883486,-0.200202,0.011011,-0.191515,-0.053680,-0.143507,0.327347,-0.198640,-0.002997,-0.112405,0.006574,-0.029242,0.321997,-0.451506,1.003209,1.570800,0.000000,0.000000,0.261703,-0.395144,0.194320,1.251722,-0.067187,0.000000,0.000000
2.659750,-2.357877,0.858533,0.052554,0.004630,0.955309,0.290863,0.195864,-0.034993,-0.052018,0.866016,-0.215032,0.012633,-0.198880,-0.052542,-0.146136,0.312699,-0.184559,-0.002342,-0.116566,0.006797,-0.041883,0.324793,-0.457416,0.999338,1.570800,0.000000,0.000000,0.268890,-0.393222,0.187503,1.258601,-0.064240,0.000000,0.000000
2.669734,-2.365967,0.857744,0.051430,0.003901,0.956555,0.286954,0.200458,-0.036967,-0.066695,0.847234,-0.228558,0.014769,-0.204975,-0.050765,-0.150754,0.295267,-0.167560,-0.001215,-0.120416,0.006998,-0.054981,0.327215,-0.463886,0.996383,1.570800,0.000000,0.000000,0.277162,-0.389489,0.179610,1.263416,-0.058835,0.000000,0.000000
2.679864,-2.373940,0.856793,0.049970,0.002878,0.957881,0.282770,0.203582,-0.037029,-0.080215,0.826979,-0.238916,0.017341,-0.209830,-0.048183,-0.158052,0.274175,-0.154190,0.000434,-0.124196,0.007190,-0.068841,0.329527,-0.472711,0.995138,1.570800,0.000000,0.000000,0.285091,-0.385149,0.170562,1.265554,-0.050019,0.000000,0.000000
2.690230,-2.382302,0.855521,0.048786,0.001898,0.959283,0.278194,0.205555,-0.035845,-0.090206,0.806245,-0.244708,0.019705,-0.213629,-0.045667,-0.167765,0.249859,-0.148380,0.002248,-0.127489,0.007378,-0.083682,0.332110,-0.484001,0.994471,1.570800,0.000000,0.000000,0.292620,-0.380138,0.161452,1.267890,-0.044247,0.000000,0.000000
2.700620,-2.390716,0.854035,0.047495,0.001175,0.960669,0.273600,0.206580,-0.034062,-0.098469,0.783921,-0.252234,0.021943,-0.216648,-0.043479,-0.177574,0.223365,-0.146922,0.003776,-0.130486,0.007493,-0.098608,0.333431,-0.493554,0.993845,1.570800,0.000000,0.000000,0.299180,-0.374263,0.153224,1.269851,-0.043621,0.000000,0.000000
2.711102,-2.398929,0.852219,0.046096,0.000516,0.961928,0.269389,0.207104,-0.032565,-0.107843,0.758833,-0.265473,0.024298,-0.218781,-0.040880,-0.185816,0.193784,-0.148583,0.004906,-0.132944,0.007558,-0.113265,0.332006,-0.500152,0.993061,1.570800,0.000000,0.000000,0.304688,-0.366655,0.146674,1.271746,-0.044010,0.000000,0.000000
2.721903,-2.406500,0.849946,0.044583,-0.000164,0.962974,0.265882,0.207174,-0.031667,-0.119009,0.731966,-0.286241,0.026801,-0.219555,-0.036686,-0.189221,0.159677,-0.154214,0.005400,-0.135000,0.007614,-0.126884,0.329266,-0.505560,0.995354,1.570800,0.000000,0.000000,0.308782,-0.358302,0.143512,1.273359,-0.043795,0.000000,0.000000
2.733075,-2.413765,0.847158,0.042815,-0.000794,0.963961,0.262573,0.206458,-0.028057,-0.122858,0.706342,-0.310547,0.028869,-0.218857,-0.031660,-0.187445,0.121277,-0.164389,0.005111,-0.137630,0.007659,-0.138277,0.326320,-0.507772,0.998139,1.570800,0.000000,0.000000,0.312737,-0.349870,0.141202,1.272052,-0.040324,0.000000,0.000000
2.744356,-2.421322,0.843768,0.041303,-0.001214,0.964705,0.260072,0.204766,-0.023095,-0.119039,0.684247,-0.336027,0.029893,-0.217009,-0.026997,-0.186278,0.080625,-0.176307,0.004690,-0.138882,0.007664,-0.148155,0.324508,-0.509738,0.998875,1.570800,0.000000,0.000000,0.316710,-0.341840,0.140531,1.268518,-0.036228,0.000000,0.000000
2.755649,-2.428965,0.839971,0.040231,-0.001351,0.965337,0.257882,0.201891,-0.016818,-0.109247,0.665221,-0.360270,0.030119,-0.214064,-0.022957,-0.189902,0.039785,-0.185933,0.004686,-0.138499,0.007625,-0.156387,0.323485,-0.512728,0.997267,1.570441,0.000000,0.000000,0.320903,-0.333900,0.139732,1.263394,-0.033468,0.000000,0.000000
2.766711,-2.436729,0.835881,0.039109,-0.001627,0.966090,0.255222,0.198412,-0.008237,-0.092439,0.645572,-0.382964,0.029681,-0.210411,-0.019375,-0.196541,-0.000230,-0.194053,0.004866,-0.138837,0.007621,-0.163666,0.323632,-0.516510,0.992675,1.570592,0.000000,0.000000,0.324611,-0.326062,0.140523,1.257976,-0.037068,0.000000,0.000000
2.777172,-2.445141,0.834478,0.038147,-0.001794,0.966629,0.253317,0.195351,-0.000711,-0.072198,0.624331,-0.404369,0.028168,-0.206790,-0.017435,-0.207179,-0.017450,-0.204348,0.005287,-0.139071,0.007581,-0.168869,0.324073,-0.518858,0.985157,1.570680,0.000000,0.000000,0.326855,-0.318619,0.141892,1.253173,-0.040861,0.000000,0.000000
2.787154,-2.453766,0.835514,0.037183,-0.001466,0.966883,0.252494,0.192987,0.004145,-0.053054,0.600144,-0.423500,0.025900,-0.203490,-0.016193,-0.223352,-0.017450,-0.215852,0.006453,-0.137467,0.007466,-0.171834,0.323779,-0.518683,0.976676,1.566962,0.000000,0.000000,0.328290,-0.310870,0.142822,1.247214,-0.040730,0.000000,0.000000
2.797074,-2.461760,0.836848,0.035613,-0.000751,0.966940,0.252503,0.191151,0.006235,-0.037946,0.572739,-0.438036,0.023465,-0.200904,-0.012903,-0.239377,-0.017450,-0.223863,0.008007,-0.135022,0.007314,-0.172948,0.321868,-0.514726,0.968722,1.565924,0.000000,0.000000,0.329002,-0.303579,0.145685,1.239573,-0.043570,0.000000,0.000000
2.807030,-2.469607,0.838165,0.033982,0.000118,0.967011,0.252457,0.189225,0.006408,-0.027663,0.546172,-0.447825,0.021398,-0.199027,-0.008948,-0.255262,-0.017450,-0.227802,0.009780,-0.132801,0.007194,-0.173245,0.320868,-0.513212,0.960361,1.567186,0.000000,0.000000,0.328446,-0.297502,0.149872,1.231452,-0.048881,0.000000,0.000000
2.817055,-2.477662,0.839317,0.034746,0.002729,0.966405,0.254652,0.187686,0.003314,-0.017179,0.524152,-0.457058,0.018449,-0.196458,-0.010718,-0.263531,-0.017450,-0.228596,0.010225,-0.127519,0.006949,-0.171682,0.318335,-0.512418,0.951918,1.564821,0.000000,0.000000,0.328201,-0.295494,0.155273,1.223827,-0.053649,0.000000,0.000000
2.827020,-2.485249,0.840154,0.036067,0.004603,0.965666,0.257229,0.185822,0.000071,-0.007366,0.505889,-0.465934,0.015642,-0.193583,-0.013586,-0.269573,-0.017450,-0.226947,0.010482,-0.120325,0.006708,-0.168158,0.316439,-0.511669,0.942804,1.562967,0.000000,0.000000,0.328571,-0.294147,0.161040,1.216143,-0.057134,0.000000,0.000000
2.836495,-2.493108,0.840855,0.037598,0.005979,0.964897,0.259853,0.183177,-0.004831,-0.000280,0.489764,-0.473264,0.012845,-0.190490,-0.017355,-0.275668,-0.017450,-0.223727,0.010757,-0.111915,0.006482,-0.162627,0.314729,-0.510432,0.933357,1.562117,0.000000,0.000000,0.329631,-0.292449,0.166749,1.206952,-0.061623,0.000000,0.000000
2.845602,-2.500895,0.841333,0.038855,0.006434,0.964487,0.261176,0.180209,-0.009124,0.002283,0.477632,-0.478420,0.011069,-0.187606,-0.020773,-0.280820,-0.017450,-0.219495,0.011076,-0.105763,0.006333,-0.156809,0.314950,-0.511252,0.924232,1.559924,0.000000,0.000000,0.331119,-0.291174,0.171738,1.197002,-0.067263,0.000000,0.000000
2.854672,-2.507801,0.841917,0.039340,0.005822,0.964688,0.260377,0.176550,-0.011223,0.002144,0.467066,-0.482000,0.010419,-0.184233,-0.023342,-0.285012,-0.017450,-0.212555,0.011559,-0.101074,0.006232,-0.151014,0.316452,-0.512950,0.914040,1.558052,0.000000,0.000000,0.332760,-0.289632,0.176562,1.184790,-0.072129,0.000000,0.000000
2.863516,-2.514844,0.842654,0.039589,0.004456,0.964980,0.259281,0.171542,-0.012269,0.001362,0.455431,-0.483581,0.010206,-0.179742,-0.025913,-0.289560,-0.017450,-0.202750,0.012316,-0.096880,0.006158,-0.143076,0.318514,-0.513796,0.903742,1.558777,0.000000,0.000000,0.334528,-0.287257,0.183834,1.168427,-0.076325,0.000000,0.000000
2.872548,-2.521662,0.843286,0.039400,0.002216,0.965191,0.258551,0.165685,-0.011663,0.000237,0.443160,-0.482320,0.010539,-0.174686,-0.027099,-0.292643,-0.017450,-0.196073,0.013216,-0.094866,0.006115,-0.133260,0.322009,-0.513938,0.896501,1.562615,0.000000,0.000000,0.333646,-0.284435,0.194104,1.152732,-0.079638,0.000000,0.000000
2.881843,-2.527704,0.844085,0.038603,-0.000569,0.965528,0.257421,0.158846,-0.008260,-0.002210,0.429176,-0.479450,0.011851,-0.168915,-0.025826,-0.292903,-0.017450,-0.189433,0.014300,-0.094920,0.006062,-0.122336,0.327565,-0.513143,0.890266,1.567413,0.000000,0.000000,0.329942,-0.280546,0.206432,1.137327,-0.081298,0.000000,0.000000
2.890853,-2.533864,0.845434,0.037850,-0.002971,0.965803,0.256483,0.151963,-0.004226,-0.005032,0.414856,-0.473805,0.013370,-0.162984,-0.024464,-0.293021,-0.014697,-0.178002,0.015563,-0.095668,0.005892,-0.110227,0.334064,-0.507855,0.883213,1.570800,0.000000,0.000000,0.324233,-0.277394,0.220652,1.122860,-0.084618,0.000000,0.000000
2.899637,-2.540326,0.848666,0.036991,-0.005336,0.965879,0.256284,0.145609,-0.001287,-0.007091,0.401229,-0.464542,0.014460,-0.157764,-0.023673,-0.293548,0.007812,-0.172530,0.016957,-0.096935,0.005666,-0.096810,0.339983,-0.496942,0.877104,1.570800,0.000000,0.000000,0.316684,-0.275848,0.237067,1.109811,-0.091162,0.000000,0.000000
2.908663,-2.546564,0.852299,0.036855,-0.006629,0.965410,0.258033,0.140235,-0.000804,-0.007511,0.387501,-0.453255,0.014633,-0.152509,-0.025269,-0.285077,0.037781,-0.170551,0.016848,-0.098124,0.005464,-0.081352,0.346242,-0.486211,0.873247,1.570800,0.000000,0.000000,0.306614,-0.277372,0.256262,1.098531,-0.096606,0.000000,0.000000
2.917972,-2.552562,0.855728,0.036696,-0.007862,0.964875,0.260016,0.135326,-0.000539,-0.006706,0.373062,-0.439870,0.014566,-0.147241,-0.027378,-0.269141,0.070521,-0.164618,0.015769,-0.099046,0.005271,-0.064574,0.352237,-0.476151,0.871814,1.570800,0.000000,0.000000,0.294787,-0.279939,0.273750,1.086641,-0.091937,0.000000,0.000000
2.927341,-2.558743,0.858543,0.036196,-0.008970,0.964218,0.262474,0.130309,-0.000700,-0.005378,0.358202,-0.424477,0.014310,-0.142441,-0.029147,-0.253162,0.102993,-0.160286,0.014558,-0.098588,0.005009,-0.047557,0.355720,-0.464121,0.871245,1.570800,0.000000,0.000000,0.280875,-0.281276,0.289008,1.076525,-0.082076,0.000000,0.000000
2.936693,-2.565090,0.860729,0.035513,-0.009740,0.963244,0.266094,0.124938,-0.001526,-0.003747,0.343311,-0.406829,0.013843,-0.138073,-0.030883,-0.239997,0.135961,-0.163550,0.013423,-0.096190,0.004747,-0.030857,0.359485,-0.452618,0.871406,1.570800,0.000000,0.000000,0.265523,-0.283802,0.306237,1.065658,-0.081776,0.000000,0.000000
2.945872,-2.571424,0.862362,0.034810,-0.010246,0.962078,0.270350,0.119519,-0.002710,-0.002237,0.328147,-0.389596,0.013306,-0.133733,-0.032887,-0.228790,0.170441,-0.170019,0.012259,-0.092686,0.004392,-0.013266,0.362556,-0.440190,0.872609,1.570800,0.000000,0.000000,0.250096,-0.286534,0.322100,1.053407,-0.078906,0.000000,0.000000
2.955001,-2.577490,0.863391,0.034325,-0.010735,0.961084,0.273905,0.114411,-0.003212,-0.001588,0.311898,-0.373144,0.013083,-0.128619,-0.035182,-0.214410,0.206750,-0.174401,0.010441,-0.089333,0.004090,0.005692,0.365259,-0.430599,0.875536,1.570800,0.000000,0.000000,0.233566,-0.288769,0.335057,1.042096,-0.062987,0.000000,0.000000
2.962928,-2.585359,0.863647,0.035058,-0.010967,0.959766,0.278389,0.111009,-0.008927,-0.016276,0.292720,-0.344568,0.013984,-0.122303,-0.044762,-0.193193,0.246633,-0.168836,0.005820,-0.078372,0.003481,0.016450,0.352404,-0.435002,0.893732,1.570800,0.000000,0.000000,0.219764,-0.284326,0.339356,1.026389,-0.066156,0.000000,0.000000
2.971408,-2.591169,0.862992,0.034953,-0.011562,0.958758,0.281831,0.107472,-0.009945,-0.019394,0.277163,-0.326159,0.014274,-0.116370,-0.048334,-0.181787,0.283247,-0.176392,0.003817,-0.069476,0.003013,0.029466,0.346357,-0.428441,0.906266,1.570800,0.000000,0.000000,0.206415,-0.282586,0.343922,1.014878,-0.063358,0.000000,0.000000
2.979810,-2.596817,0.861418,0.034485,-0.012269,0.957762,0.285224,0.103072,-0.009745,-0.018633,0.262791,-0.309806,0.014234,-0.109947,-0.050670,-0.173923,0.322521,-0.186755,0.002477,-0.062215,0.002574,0.046707,0.340937,-0.412012,0.914385,1.570800,0.000000,0.000000,0.190969,-0.281496,0.350490,1.002124,-0.056769,0.000000,0.000000
2.988231,-2.602621,0.858969,0.034187,-0.012932,0.957116,0.287391,0.098136,-0.009365,-0.017448,0.251241,-0.291640,0.014165,-0.103177,-0.053448,-0.168188,0.361316,-0.196173,0.001201,-0.057060,0.002226,0.063815,0.338045,-0.400455,0.920923,1.570800,0.000000,0.000000,0.175187,-0.280446,0.355643,0.990137,-0.051255,0.000000,0.000000
2.996519,-2.608572,0.859866,0.033930,-0.013325,0.956582,0.289176,0.092551,-0.009466,-0.016714,0.240005,-0.273105,0.014040,-0.095735,-0.057556,-0.162751,0.401872,-0.203647,-0.000449,-0.051927,0.001823,0.080607,0.335605,-0.391283,0.929032,1.570800,0.000000,0.000000,0.158854,-0.280174,0.360119,0.976265,-0.048353,0.000000,0.000000
3.004711,-2.614193,0.861511,0.033545,-0.013675,0.955838,0.291653,0.087089,-0.009272,-0.015360,0.229027,-0.259230,0.013883,-0.087965,-0.061535,-0.158524,0.441504,-0.209072,-0.001958,-0.046703,0.001442,0.097848,0.333190,-0.378955,0.937200,1.570800,0.000000,0.000000,0.142253,-0.280013,0.364067,0.962804,-0.044679,0.000000,0.000000
3.012978,-2.619398,0.862948,0.033227,-0.014114,0.955101,0.294071,0.081676,-0.008166,-0.012804,0.219603,-0.246049,0.013769,-0.079451,-0.064627,-0.153998,0.480276,-0.215299,-0.003405,-0.041324,0.001025,0.115427,0.331133,-0.367359,0.944854,1.570800,0.000000,0.000000,0.125974,-0.279919,0.367222,0.947539,-0.039848,0.000000,0.000000
3.021232,-2.624398,0.864219,0.032766,-0.014610,0.954530,0.295948,0.076110,-0.006305,-0.008209,0.211342,-0.234131,0.013517,-0.070340,-0.066958,-0.149253,0.518088,-0.223171,-0.004798,-0.036277,0.000626,0.131695,0.330804,-0.359149,0.952650,1.570800,0.000000,0.000000,0.109197,-0.280516,0.369875,0.930130,-0.032449,0.000000,0.000000
3.029292,-2.629484,0.865415,0.032169,-0.014862,0.953926,0.297943,0.070355,-0.005353,-0.004599,0.202218,-0.225127,0.013172,-0.060886,-0.069782,-0.146561,0.554905,-0.230850,-0.006033,-0.030555,0.000195,0.147219,0.331453,-0.354078,0.961141,1.570800,0.000000,0.000000,0.091005,-0.282100,0.371967,0.914557,-0.028986,0.000000,0.000000
3.037213,-2.634678,0.866510,0.031788,-0.014995,0.953239,0.300167,0.064475,-0.005499,-0.003240,0.193243,-0.212677,0.012912,-0.050925,-0.073443,-0.144281,0.590439,-0.238762,-0.007509,-0.023999,-0.000265,0.162953,0.331809,-0.350960,0.968758,1.570800,0.000000,0.000000,0.073349,-0.284137,0.375530,0.898967,-0.029608,0.000000,0.000000
3.045218,-2.639629,0.867478,0.031651,-0.015358,0.952645,0.302042,0.058423,-0.004864,0.001002,0.186115,-0.200083,0.012405,-0.039939,-0.076742,-0.140399,0.625208,-0.242116,-0.009272,-0.017711,-0.000716,0.178572,0.331240,-0.346828,0.977950,1.570800,0.000000,0.000000,0.056575,-0.285875,0.380932,0.880759,-0.029203,0.000000,0.000000
3.053296,-2.644604,0.868281,0.031329,-0.015724,0.952305,0.303128,0.052142,-0.003564,0.007907,0.180325,-0.197599,0.011633,-0.028857,-0.080020,-0.137361,0.655770,-0.247914,-0.010932,-0.012011,-0.001117,0.192420,0.331676,-0.345245,0.987807,1.570800,0.000000,0.000000,0.040336,-0.288767,0.385403,0.863324,-0.031857,0.000000,0.000000
3.061168,-2.649823,0.868928,0.031209,-0.015858,0.952032,0.303990,0.045752,-0.002951,0.014150,0.175153,-0.198361,0.010779,-0.016811,-0.085633,-0.140110,0.688983,-0.253107,-0.012209,-0.004934,-0.001554,0.205157,0.332968,-0.346621,0.998268,1.570800,0.000000,0.000000,0.024546,-0.293114,0.387952,0.844534,-0.037860,0.000000,0.000000
3.068584,-2.655847,0.869353,0.031048,-0.015579,0.951588,0.305407,0.039241,-0.004529,0.019523,0.171049,-0.194245,0.009531,-0.004552,-0.094534,-0.145173,0.720980,-0.255992,-0.014088,0.002597,-0.001974,0.217453,0.333114,-0.346894,1.007253,1.570800,0.000000,0.000000,0.008922,-0.296863,0.390678,0.824788,-0.034438,0.000000,0.000000
3.077468,-2.660935,0.869705,0.030688,-0.015058,0.951032,0.307195,0.031595,-0.004995,0.022875,0.167485,-0.188401,0.008896,0.006681,-0.098175,-0.142296,0.746642,-0.258623,-0.015992,0.010161,-0.002382,0.229388,0.334416,-0.347257,1.013896,1.570800,0.000000,0.000000,-0.007910,-0.299352,0.394494,0.807924,-0.026360,0.000000,0.000000
3.086431,-2.665970,0.869999,0.030337,-0.014395,0.950313,0.309478,0.023245,-0.005103,0.023347,0.163753,-0.183443,0.008807,0.018259,-0.102971,-0.142528,0.770282,-0.259513,-0.017666,0.019065,-0.002892,0.240699,0.334154,-0.348024,1.023576,1.570800,0.000000,0.000000,-0.025109,-0.302945,0.398013,0.791042,-0.027754,0.000000,0.000000
3.095628,-2.671179,0.870182,0.030077,-0.013839,0.949609,0.311682,0.014393,-0.005507,0.028477,0.161545,-0.178912,0.007916,0.029708,-0.107712,-0.141433,0.792163,-0.255668,-0.019631,0.027791,-0.003385,0.251302,0.332595,-0.346822,1.035266,1.570800,0.000000,0.000000,-0.041801,-0.307422,0.400967,0.774913,-0.031222,0.000000,0.000000
3.105150,-2.676780,0.870263,0.029591,-0.013374,0.949010,0.313568,0.004610,-0.005884,0.038726,0.161088,-0.175961,0.006247,0.040492,-0.112470,-0.140790,0.812692,-0.250289,-0.021526,0.035904,-0.003825,0.261916,0.332047,-0.345085,1.046587,1.570800,0.000000,0.000000,-0.059659,-0.313621,0.403237,0.761185,-0.031607,0.000000,0.000000
3.115485,-2.682356,0.870316,0.028846,-0.012919,0.948128,0.316312,-0.006177,-0.004627,0.045131,0.160666,-0.173474,0.005592,0.050122,-0.116079,-0.138567,0.830825,-0.241044,-0.023370,0.045057,-0.004234,0.271873,0.331384,-0.343036,1.057672,1.570800,0.000000,0.000000,-0.079410,-0.319111,0.407306,0.747304,-0.034992,0.000000,0.000000
3.126508,-2.687879,0.870218,0.028590,-0.012400,0.947141,0.319301,-0.017687,-0.002012,0.044792,0.162425,-0.168816,0.006299,0.059574,-0.118670,-0.133943,0.846646,-0.224858,-0.025375,0.056029,-0.004733,0.279930,0.330959,-0.345795,1.069728,1.570800,0.000000,0.000000,-0.098630,-0.323282,0.413484,0.732750,-0.037212,0.000000,0.000000
3.138176,-2.693139,0.870009,0.027968,-0.011988,0.946158,0.322272,-0.030517,0.002074,0.046869,0.166820,-0.165106,0.006965,0.068584,-0.119002,-0.126737,0.858789,-0.209847,-0.027148,0.067751,-0.005233,0.286665,0.333685,-0.353181,1.081200,1.570800,0.000000,0.000000,-0.117074,-0.326685,0.420663,0.718690,-0.039865,0.000000,0.000000
3.150259,-2.698666,0.869734,0.026795,-0.011404,0.945127,0.325404,-0.044426,0.005537,0.050216,0.170287,-0.161786,0.007269,0.076143,-0.117682,-0.116297,0.867082,-0.197255,-0.028966,0.078808,-0.005727,0.292726,0.337316,-0.358897,1.091404,1.570800,0.000000,0.000000,-0.137456,-0.329753,0.426543,0.707489,-0.036868,0.000000,0.000000
3.162536,-2.704444,0.869300,0.025828,-0.010745,0.944125,0.328398,-0.059565,0.008370,0.052573,0.174460,-0.156960,0.007569,0.083425,-0.116367,-0.105828,0.873094,-0.179917,-0.030746,0.089614,-0.006242,0.298354,0.338683,-0.360229,1.103677,1.570800,0.000000,0.000000,-0.159594,-0.333149,0.431849,0.699601,-0.032282,0.000000,0.000000
3.174833,-2.710336,0.868687,0.025156,-0.010186,0.943066,0.331496,-0.075232,0.011035,0.057138,0.180847,-0.152880,0.007473,0.090938,-0.116105,-0.098315,0.876897,-0.158314,-0.032249,0.101831,-0.006781,0.303390,0.339293,-0.358191,1.115598,1.570800,0.000000,0.000000,-0.179682,-0.339321,0.438577,0.690489,-0.029973,0.000000,0.000000
3.187213,-2.715949,0.868007,0.024375,-0.009827,0.942043,0.334462,-0.091061,0.014368,0.062183,0.188067,-0.148123,0.007451,0.098486,-0.114455,-0.090425,0.878238,-0.140796,-0.033340,0.113848,-0.007260,0.307904,0.341963,-0.355938,1.126611,1.570800,0.000000,0.000000,-0.198638,-0.346700,0.445736,0.681262,-0.028872,0.000000,0.000000
3.199330,-2.721489,0.867327,0.023465,-0.009528,0.941163,0.337004,-0.106202,0.017554,0.065938,0.193945,-0.140397,0.007582,0.105995,-0.111667,-0.082172,0.877347,-0.131904,-0.034111,0.125163,-0.007715,0.312079,0.344894,-0.355956,1.138307,1.570800,0.000000,0.000000,-0.216546,-0.353531,0.448461,0.672471,-0.031493,0.000000,0.000000
3.211139,-2.727074,0.866545,0.022862,-0.009206,0.940345,0.339330,-0.120490,0.020758,0.069500,0.199123,-0.132959,0.007733,0.113922,-0.109699,-0.074685,0.874634,-0.129326,-0.035004,0.136896,-0.008121,0.315100,0.345978,-0.354733,1.152827,1.570800,0.000000,0.000000,-0.233398,-0.358596,0.446584,0.666001,-0.035607,0.000000,0.000000
3.222875,-2.732377,0.865618,0.022742,-0.008659,0.939437,0.341857,-0.133470,0.024291,0.073875,0.201861,-0.125327,0.007816,0.122147,-0.108330,-0.066722,0.870727,-0.129092,-0.036188,0.149190,-0.008573,0.319140,0.345955,-0.351173,1.166230,1.570800,0.000000,0.000000,-0.249843,-0.362367,0.445682,0.662681,-0.040639,0.000000,0.000000
3.234765,-2.737574,0.864692,0.022207,-0.008296,0.938160,0.345391,-0.146328,0.028884,0.078203,0.203060,-0.117485,0.008144,0.129930,-0.106269,-0.057485,0.863597,-0.125901,-0.037381,0.161488,-0.008976,0.322840,0.346206,-0.348254,1.179818,1.570800,0.000000,0.000000,-0.266995,-0.365367,0.446968,0.661377,-0.045851,0.000000,0.000000
3.246427,-2.742803,0.863779,0.021566,-0.008043,0.936835,0.349013,-0.158209,0.033505,0.082441,0.202781,-0.108888,0.008480,0.137062,-0.104255,-0.048438,0.854446,-0.124227,-0.038526,0.172733,-0.009329,0.326481,0.347544,-0.347064,1.193931,1.570800,0.000000,0.000000,-0.282902,-0.367615,0.448463,0.659976,-0.046768,0.000000,0.000000
3.258058,-2.748034,0.862735,0.021163,-0.007724,0.935634,0.352253,-0.169500,0.037791,0.087752,0.200908,-0.100495,0.008549,0.144133,-0.102339,-0.039298,0.843221,-0.126797,-0.039730,0.184333,-0.009704,0.329976,0.349095,-0.346413,1.206933,1.570800,0.000000,0.000000,-0.298140,-0.369974,0.450535,0.659499,-0.046325,0.000000,0.000000
3.269800,-2.753501,0.861665,0.020914,-0.007618,0.934310,0.355766,-0.179479,0.041948,0.093450,0.197362,-0.093901,0.008538,0.150699,-0.101302,-0.031426,0.830649,-0.125840,-0.040973,0.195376,-0.010074,0.332459,0.348813,-0.345128,1.220359,1.570784,0.000000,0.000000,-0.311858,-0.370940,0.454240,0.659687,-0.045817,0.000000,0.000000
3.281633,-2.759040,0.860494,0.020373,-0.007539,0.932663,0.360093,-0.189366,0.046674,0.099967,0.191008,-0.087579,0.008527,0.157027,-0.100338,-0.022339,0.814372,-0.117286,-0.042436,0.206698,-0.010475,0.334399,0.347639,-0.341862,1.234820,1.570736,0.000000,0.000000,-0.326540,-0.370796,0.461446,0.658035,-0.043132,0.000000,0.000000
3.293344,-2.764523,0.859316,0.019505,-0.007291,0.930852,0.364804,-0.198089,0.051342,0.107624,0.182122,-0.082482,0.008337,0.162471,-0.098937,-0.011848,0.794758,-0.108918,-0.043998,0.216959,-0.010800,0.335964,0.346202,-0.335177,1.248213,1.570686,0.000000,0.000000,-0.340977,-0.369450,0.468192,0.663601,-0.038582,0.000000,0.000000
3.304823,-2.769946,0.858010,0.018692,-0.007279,0.929072,0.369354,-0.205927,0.056357,0.116659,0.170730,-0.079396,0.008042,0.168456,-0.095968,0.001540,0.768697,-0.109636,-0.045620,0.225655,-0.011106,0.336604,0.346330,-0.325523,1.261163,1.570647,0.000000,0.000000,-0.360058,-0.372681,0.471399,0.667227,-0.040996,0.000000,0.000000
3.316276,-2.775555,0.856503,0.017923,-0.006927,0.927910,0.372309,-0.211983,0.060295,0.123555,0.154667,-0.079830,0.007908,0.173405,-0.092181,0.014531,0.740933,-0.122218,-0.046959,0.233043,-0.011339,0.337924,0.345788,-0.319625,1.271381,1.570625,0.000000,0.000000,-0.371891,-0.370814,0.482645,0.669925,-0.038022,0.000000,0.000000
3.328073,-2.781254,0.854640,0.016892,-0.006269,0.926657,0.375477,-0.216980,0.064308,0.128419,0.133247,-0.082904,0.008170,0.176989,-0.087542,0.028879,0.710142,-0.137668,-0.048289,0.238509,-0.011498,0.338825,0.343946,-0.311157,1.281338,1.570605,0.000000,0.000000,-0.384890,-0.369635,0.489417,0.674490,-0.039621,0.000000,0.000000
3.340016,-2.787142,0.852520,0.015893,-0.005711,0.925178,0.379158,-0.220600,0.068449,0.132822,0.109595,-0.087812,0.008556,0.179261,-0.083035,0.043176,0.677626,-0.157764,-0.049606,0.243176,-0.011674,0.339170,0.341213,-0.300847,1.289761,1.570564,0.000000,0.000000,-0.398982,-0.367215,0.493113,0.680875,-0.045861,0.000000,0.000000
3.352544,-2.792858,0.850062,0.014958,-0.005174,0.923648,0.382915,-0.223377,0.072940,0.138801,0.084866,-0.095000,0.008826,0.180856,-0.078709,0.052724,0.645109,-0.177294,-0.050071,0.246919,-0.011715,0.338922,0.338019,-0.290862,1.297844,1.570543,0.000000,0.000000,-0.411699,-0.361504,0.492962,0.688854,-0.048999,0.000000,0.000000
3.365026,-2.798438,0.847178,0.013999,-0.004598,0.922268,0.386270,-0.225249,0.077419,0.146030,0.058078,-0.105981,0.008993,0.181966,-0.074321,0.060409,0.612510,-0.204604,-0.050042,0.250421,-0.011787,0.338737,0.335994,-0.281920,1.303720,1.570511,0.000000,0.000000,-0.422862,-0.354611,0.493327,0.698492,-0.044928,0.000000,0.000000
3.377169,-2.804131,0.844144,0.013431,-0.004212,0.921200,0.388835,-0.225742,0.080599,0.153597,0.031911,-0.118716,0.008923,0.182572,-0.070713,0.064793,0.585915,-0.236059,-0.049517,0.253733,-0.011895,0.339920,0.335798,-0.277050,1.305912,1.570505,0.000000,0.000000,-0.431589,-0.350722,0.498458,0.705773,-0.039549,0.000000,0.000000
3.388907,-2.810029,0.840940,0.013207,-0.003882,0.920691,0.390050,-0.225277,0.081725,0.163073,0.005637,-0.130821,0.008328,0.182823,-0.069186,0.060571,0.565313,-0.263978,-0.048038,0.256155,-0.012014,0.341198,0.335160,-0.276203,1.307526,1.570496,0.000000,0.000000,-0.437259,-0.347496,0.502859,0.712414,-0.037946,0.000000,0.000000
3.400054,-2.816137,0.837939,0.013325,-0.003206,0.920357,0.390839,-0.223617,0.081380,0.171037,-0.017450,-0.143758,0.007738,0.182650,-0.071126,0.047744,0.548793,-0.288665,-0.046059,0.258046,-0.012066,0.342326,0.334649,-0.278379,1.307327,1.570483,0.000000,0.000000,-0.439033,-0.343343,0.506005,0.719656,-0.032490,0.000000,0.000000
3.410535,-2.822187,0.837889,0.013684,-0.002395,0.920492,0.390513,-0.220698,0.079818,0.178883,-0.017450,-0.163621,0.007056,0.182299,-0.074256,0.030383,0.530161,-0.315799,-0.043365,0.259285,-0.012074,0.343993,0.334340,-0.279733,1.304243,1.570470,0.000000,0.000000,-0.435988,-0.338229,0.506307,0.724962,-0.016992,0.000000,0.000000
3.420612,-2.828115,0.837930,0.014119,-0.001861,0.920909,0.389517,-0.217508,0.077595,0.187512,-0.017450,-0.183414,0.006188,0.181919,-0.076405,0.014729,0.511615,-0.338340,-0.040645,0.258223,-0.012045,0.346595,0.334884,-0.279713,1.298512,1.570484,0.000000,0.000000,-0.431575,-0.335653,0.502455,0.726843,-0.007412,0.000000,0.000000
3.428818,-2.835787,0.837539,0.015737,-0.002530,0.921434,0.388208,-0.213486,0.065491,0.210001,-0.017450,-0.232363,0.003167,0.183007,-0.083809,-0.018169,0.490724,-0.367599,-0.036241,0.250101,-0.011921,0.356813,0.344056,-0.257825,1.286859,1.570595,0.000000,0.000000,-0.429308,-0.356255,0.519791,0.721290,0.031639,0.000000,0.000000
3.439378,-2.841848,0.837877,0.015642,-0.002440,0.922445,0.385803,-0.211341,0.061459,0.219137,-0.017450,-0.247538,0.002189,0.182265,-0.082291,-0.034990,0.472705,-0.373202,-0.032433,0.243483,-0.011742,0.359393,0.345553,-0.252516,1.278942,1.570624,0.000000,0.000000,-0.423528,-0.362039,0.525773,0.714297,0.048347,0.000000,0.000000
3.449871,-2.847617,0.838418,0.015738,-0.002439,0.923992,0.382081,-0.208921,0.057662,0.228758,-0.017450,-0.253648,0.001043,0.181161,-0.078606,-0.048650,0.455597,-0.377111,-0.028686,0.236415,-0.011525,0.359915,0.345350,-0.250692,1.272267,1.570643,0.000000,0.000000,-0.414061,-0.363218,0.525977,0.711179,0.055916,0.000000,0.000000
3.459877,-2.853533,0.838711,0.016918,-0.002396,0.925165,0.379180,-0.205703,0.053871,0.238918,-0.017450,-0.253842,-0.000373,0.179556,-0.076339,-0.058780,0.443982,-0.385551,-0.026069,0.229179,-0.011297,0.361140,0.344525,-0.250999,1.266630,1.570655,0.000000,0.000000,-0.404340,-0.362095,0.522520,0.710809,0.056641,0.000000,0.000000
3.469621,-2.859581,0.838668,0.019000,-0.002152,0.925926,0.377222,-0.201916,0.050370,0.247719,-0.017450,-0.251777,-0.001823,0.177156,-0.074922,-0.064420,0.437275,-0.395254,-0.024491,0.222098,-0.011111,0.363062,0.343798,-0.252272,1.260769,1.570666,0.000000,0.000000,-0.395834,-0.361643,0.519177,0.711691,0.053891,0.000000,0.000000
3.479033,-2.865859,0.838619,0.021617,-0.001817,0.926483,0.375712,-0.197087,0.046246,0.255897,-0.017450,-0.248743,-0.003510,0.173545,-0.073786,-0.067160,0.433121,-0.406653,-0.023448,0.214498,-0.010919,0.365637,0.342517,-0.252907,1.252815,1.570668,0.000000,0.000000,-0.385939,-0.361300,0.518278,0.713704,0.051488,0.000000,0.000000
3.488244,-2.872094,0.839010,0.024172,-0.001511,0.926928,0.374457,-0.190728,0.041216,0.263608,-0.017450,-0.244752,-0.005533,0.168094,-0.072529,-0.068398,0.430366,-0.420566,-0.022562,0.205498,-0.010644,0.369095,0.340346,-0.252562,1.240837,1.570680,0.000000,0.000000,-0.370888,-0.359719,0.521789,0.716453,0.056333,0.000000,0.000000
3.497323,-2.878165,0.839502,0.026371,-0.001139,0.927285,0.373425,-0.184568,0.036882,0.269220,-0.017450,-0.240265,-0.007360,0.162104,-0.071029,-0.068287,0.428111,-0.430933,-0.021875,0.197254,-0.010438,0.372170,0.338807,-0.253900,1.228062,1.570690,0.000000,0.000000,-0.354122,-0.358544,0.528385,0.719127,0.060093,0.000000,0.000000
3.506052,-2.884226,0.840179,0.028283,-0.000682,0.927708,0.372233,-0.178362,0.032999,0.273940,-0.017450,-0.233167,-0.009189,0.155755,-0.069645,-0.068547,0.425161,-0.436501,-0.021226,0.189406,-0.010291,0.374117,0.337928,-0.258022,1.215289,1.570698,0.000000,0.000000,-0.335608,-0.359218,0.535727,0.723370,0.051330,0.000000,0.000000
3.514551,-2.890350,0.842010,0.030245,0.000050,0.928509,0.370077,-0.171957,0.029590,0.275232,-0.007806,-0.224756,-0.010829,0.149892,-0.068898,-0.071127,0.421170,-0.436833,-0.020447,0.183025,-0.010026,0.372497,0.335256,-0.258255,1.204642,1.570736,0.000000,0.000000,-0.314176,-0.359804,0.537612,0.729824,0.041619,0.000000,0.000000
3.522984,-2.896506,0.845794,0.032131,0.000927,0.929419,0.367623,-0.165467,0.026948,0.271807,0.020759,-0.217203,-0.012248,0.144496,-0.068719,-0.075765,0.415632,-0.435504,-0.019517,0.177639,-0.009738,0.368155,0.331438,-0.260569,1.196618,1.570746,0.000000,0.000000,-0.291701,-0.359910,0.534593,0.737789,0.032713,0.000000,0.000000
3.531257,-2.902783,0.849486,0.033826,0.001772,0.930397,0.364985,-0.159257,0.024840,0.263632,0.054175,-0.212819,-0.013124,0.139476,-0.068996,-0.081695,0.409594,-0.433452,-0.018519,0.172927,-0.009463,0.363267,0.329920,-0.271633,1.188930,1.570732,0.000000,0.000000,-0.268714,-0.360455,0.527398,0.745034,0.023377,0.000000,0.000000
3.539532,-2.909042,0.852756,0.035361,0.002635,0.931678,0.361550,-0.153073,0.022651,0.251306,0.090498,-0.212446,-0.013456,0.134331,-0.068704,-0.087405,0.403220,-0.428115,-0.017426,0.168857,-0.009193,0.355839,0.330024,-0.285267,1.180929,1.570745,0.000000,0.000000,-0.241461,-0.362745,0.521093,0.749767,0.013190,0.000000,0.000000
3.547763,-2.915290,0.855321,0.036900,0.003453,0.933270,0.357258,-0.147132,0.020173,0.238207,0.128019,-0.214548,-0.013544,0.129614,-0.068074,-0.093005,0.396922,-0.417432,-0.016312,0.165330,-0.008953,0.346104,0.329153,-0.294950,1.174338,1.570771,0.000000,0.000000,-0.213559,-0.365884,0.515289,0.753849,0.004871,0.000000,0.000000
3.555878,-2.921443,0.857248,0.038180,0.004229,0.934986,0.352598,-0.141384,0.017426,0.226813,0.167109,-0.218346,-0.013765,0.125125,-0.067477,-0.100219,0.389798,-0.405973,-0.014964,0.161405,-0.008632,0.335149,0.328303,-0.305522,1.167504,1.570796,0.000000,0.000000,-0.186135,-0.367047,0.507598,0.759708,0.002675,0.000000,0.000000
3.563943,-2.927378,0.858465,0.039213,0.004997,0.936855,0.347476,-0.135571,0.014609,0.219073,0.208849,-0.223588,-0.014476,0.120501,-0.066059,-0.105732,0.381755,-0.392644,-0.013677,0.156410,-0.008286,0.322952,0.328118,-0.318633,1.160338,1.570800,0.000000,0.000000,-0.157540,-0.366516,0.498026,0.769584,-0.000877,0.000000,0.000000
3.571933,-2.933211,0.858754,0.040185,0.005742,0.938618,0.342563,-0.129374,0.012096,0.214550,0.250795,-0.231986,-0.015443,0.115818,-0.064373,-0.108222,0.374229,-0.376774,-0.012833,0.151083,-0.007907,0.310357,0.327844,-0.331352,1.153271,1.570800,0.000000,0.000000,-0.129374,-0.365558,0.487873,0.782937,-0.006678,0.000000,0.000000
3.580011,-2.939003,0.858129,0.040926,0.006563,0.940192,0.338115,-0.122828,0.009943,0.210684,0.292555,-0.241577,-0.016315,0.110774,-0.062799,-0.109929,0.366431,-0.359480,-0.012157,0.146070,-0.007546,0.297097,0.328804,-0.344382,1.144969,1.570800,0.000000,0.000000,-0.101680,-0.364299,0.478825,0.794883,-0.010767,0.000000,0.000000
3.588316,-2.944816,0.856527,0.041669,0.007476,0.941695,0.333795,-0.116040,0.008144,0.208149,0.334332,-0.250639,-0.017278,0.105446,-0.061413,-0.111461,0.358006,-0.340773,-0.011566,0.140598,-0.007170,0.283962,0.329652,-0.354846,1.133893,1.570800,0.000000,0.000000,-0.075336,-0.362840,0.472771,0.804359,-0.017129,0.000000,0.000000
3.596832,-2.950460,0.854108,0.041674,0.007905,0.943077,0.329858,-0.109527,0.008385,0.207189,0.375941,-0.260360,-0.017933,0.099460,-0.058690,-0.111613,0.348650,-0.323636,-0.010822,0.135696,-0.006825,0.270237,0.328904,-0.359611,1.121808,1.570800,0.000000,0.000000,-0.049673,-0.360416,0.467569,0.812001,-0.022503,0.000000,0.000000
3.605249,-2.956128,0.852096,0.042033,0.008528,0.944390,0.326018,-0.102349,0.008668,0.205058,0.417108,-0.267711,-0.018365,0.093541,-0.056338,-0.109613,0.340075,-0.307480,-0.010531,0.129015,-0.006408,0.257701,0.328721,-0.365181,1.109745,1.570800,0.000000,0.000000,-0.025463,-0.355389,0.461999,0.824533,-0.029965,0.000000,0.000000
3.613348,-2.961676,0.854132,0.042346,0.009266,0.945706,0.322119,-0.094405,0.009289,0.201606,0.457174,-0.275372,-0.018403,0.087757,-0.054903,-0.109493,0.332108,-0.290890,-0.010177,0.121312,-0.005945,0.245246,0.332516,-0.377158,1.096645,1.570800,0.000000,0.000000,-0.002616,-0.349999,0.453379,0.842594,-0.038487,0.000000,0.000000
3.621292,-2.967245,0.855942,0.042092,0.009804,0.946764,0.319016,-0.086137,0.010729,0.198731,0.496007,-0.283811,-0.018222,0.081422,-0.053748,-0.112666,0.324306,-0.275504,-0.009344,0.115015,-0.005533,0.232242,0.336006,-0.386950,1.082749,1.570800,0.000000,0.000000,0.020101,-0.345642,0.444700,0.860694,-0.047158,0.000000,0.000000
3.629183,-2.972922,0.857633,0.042047,0.010323,0.947481,0.316867,-0.076904,0.012281,0.195864,0.534080,-0.289181,-0.017959,0.074775,-0.053483,-0.116154,0.317713,-0.261217,-0.008682,0.108892,-0.005168,0.220880,0.334101,-0.385578,1.068161,1.570800,0.000000,0.000000,0.041825,-0.340489,0.439432,0.879398,-0.055212,0.000000,0.000000
3.637092,-2.978713,0.859157,0.041627,0.010698,0.948353,0.314292,-0.067487,0.013495,0.189686,0.571017,-0.287994,-0.017125,0.067514,-0.052889,-0.118565,0.311453,-0.249048,-0.008096,0.102136,-0.004729,0.209931,0.333316,-0.383032,1.051132,1.570800,0.000000,0.000000,0.063137,-0.335485,0.435657,0.897391,-0.066953,0.000000,0.000000
3.645241,-2.984568,0.860578,0.041757,0.011040,0.949299,0.311394,-0.057879,0.014419,0.183780,0.606171,-0.286471,-0.016302,0.060562,-0.052411,-0.121654,0.306462,-0.239471,-0.007423,0.093827,-0.004249,0.199696,0.334277,-0.381443,1.033902,1.570800,0.000000,0.000000,0.082270,-0.329842,0.431071,0.917172,-0.079186,0.000000,0.000000
3.653439,-2.990382,0.861759,0.041571,0.011019,0.950409,0.308015,-0.048634,0.016326,0.178949,0.639456,-0.286726,-0.015256,0.053686,-0.050568,-0.123667,0.301613,-0.229190,-0.006564,0.086084,-0.003783,0.189124,0.336814,-0.383063,1.016301,1.570800,0.000000,0.000000,0.101788,-0.325374,0.425543,0.933434,-0.087766,0.000000,0.000000
3.661437,-2.996274,0.862886,0.041141,0.011143,0.951629,0.304280,-0.039041,0.018473,0.172739,0.671819,-0.287125,-0.013758,0.046310,-0.048845,-0.126266,0.296731,-0.220545,-0.005640,0.078066,-0.003325,0.177479,0.340749,-0.388096,0.997134,1.570800,0.000000,0.000000,0.121256,-0.320421,0.419536,0.951714,-0.096947,0.000000,0.000000
3.669373,-3.002254,0.863851,0.040618,0.011191,0.952514,0.301566,-0.029386,0.020799,0.167235,0.700397,-0.287328,-0.012225,0.038739,-0.047635,-0.128951,0.292742,-0.212944,-0.004843,0.069711,-0.002876,0.166699,0.344373,-0.388908,0.978792,1.570800,0.000000,0.000000,0.137953,-0.314600,0.414538,0.971937,-0.105614,0.000000,0.000000
3.677288,-3.008321,0.864732,0.039980,0.011028,0.953269,0.299262,-0.019421,0.023664,0.163901,0.727950,-0.286080,-0.010884,0.030878,-0.046387,-0.131565,0.288747,-0.206308,-0.004046,0.061481,-0.002409,0.155682,0.347924,-0.386782,0.960582,1.570800,0.000000,0.000000,0.154601,-0.308921,0.410369,0.991106,-0.112309,0.000000,0.000000
3.685293,-3.014511,0.865481,0.039176,0.010795,0.954172,0.296486,-0.009677,0.026632,0.160822,0.754322,-0.285246,-0.009479,0.022773,-0.045060,-0.136704,0.285243,-0.202167,-0.002810,0.052678,-0.001938,0.144422,0.351838,-0.384220,0.942129,1.570800,0.000000,0.000000,0.170613,-0.303661,0.404078,1.009666,-0.117319,0.000000,0.000000
3.693276,-3.021226,0.866125,0.038422,0.010560,0.955184,0.293319,0.000062,0.028169,0.154817,0.777994,-0.279511,-0.007856,0.014195,-0.044317,-0.140562,0.282785,-0.199069,-0.001953,0.043580,-0.001501,0.132776,0.355693,-0.384417,0.924599,1.570800,0.000000,0.000000,0.185733,-0.298314,0.397385,1.028870,-0.122540,0.000000,0.000000
3.701175,-3.028428,0.866784,0.037724,0.010656,0.955951,0.290898,0.010183,0.027699,0.146996,0.797971,-0.271498,-0.006421,0.004811,-0.045147,-0.142081,0.281006,-0.199094,-0.001911,0.035052,-0.001045,0.122090,0.358518,-0.385940,0.904799,1.570800,0.000000,0.000000,0.199488,-0.293897,0.390421,1.048655,-0.131020,0.000000,0.000000
3.709415,-3.035581,0.867332,0.037017,0.010611,0.956471,0.289276,0.020583,0.027862,0.141152,0.815514,-0.264951,-0.005145,-0.005309,-0.045712,-0.143983,0.279977,-0.203546,-0.001742,0.026190,-0.000589,0.111477,0.362440,-0.387733,0.885031,1.570800,0.000000,0.000000,0.212937,-0.290574,0.386417,1.065789,-0.137629,0.000000,0.000000
3.717952,-3.042714,0.867662,0.036201,0.010470,0.957404,0.286282,0.030554,0.029106,0.135217,0.831404,-0.259464,-0.003484,-0.015759,-0.045354,-0.148763,0.280298,-0.204169,-0.000846,0.015055,-0.000029,0.100027,0.369772,-0.391104,0.866540,1.570800,0.000000,0.000000,0.226275,-0.287456,0.381134,1.082799,-0.144251,0.000000,0.000000
3.726474,-3.050082,0.867804,0.035371,0.010384,0.958367,0.283150,0.040236,0.029565,0.127847,0.844913,-0.256161,-0.001763,-0.026290,-0.045145,-0.154601,0.282409,-0.199551,0.000209,0.003712,0.000458,0.088276,0.374907,-0.390601,0.851201,1.570800,0.000000,0.000000,0.238328,-0.284327,0.373312,1.099337,-0.152298,0.000000,0.000000
3.734796,-3.057776,0.867879,0.034433,0.010300,0.959273,0.280186,0.050069,0.028894,0.119389,0.856383,-0.255766,-0.000168,-0.037394,-0.045759,-0.157912,0.284996,-0.196953,0.000632,-0.007567,0.000938,0.075987,0.379355,-0.390211,0.836278,1.570800,0.000000,0.000000,0.249832,-0.281128,0.364499,1.117373,-0.159173,0.000000,0.000000
3.742950,-3.066013,0.867937,0.033624,0.010361,0.960400,0.276394,0.059536,0.026910,0.110183,0.866400,-0.257010,0.001156,-0.048909,-0.047654,-0.161709,0.287848,-0.196245,0.000809,-0.018706,0.001454,0.063399,0.383376,-0.391871,0.822079,1.570800,0.000000,0.000000,0.260918,-0.278808,0.354384,1.135970,-0.163717,0.000000,0.000000
3.751291,-3.074414,0.867894,0.033115,0.010254,0.961441,0.272817,0.068939,0.025223,0.102331,0.875610,-0.258236,0.002293,-0.060732,-0.049611,-0.167760,0.291275,-0.196851,0.001352,-0.029346,0.001977,0.049958,0.388578,-0.397131,0.808928,1.570800,0.000000,0.000000,0.272034,-0.277160,0.342851,1.153543,-0.166679,0.000000,0.000000
3.759632,-3.082806,0.867725,0.032723,0.010003,0.961942,0.271102,0.078682,0.023298,0.095360,0.881820,-0.259492,0.003162,-0.072706,-0.051317,-0.171381,0.295287,-0.200782,0.001526,-0.038975,0.002461,0.038332,0.394604,-0.401515,0.794542,1.570800,0.000000,0.000000,0.281704,-0.276738,0.334407,1.167994,-0.169233,0.000000,0.000000
3.767799,-3.091060,0.867444,0.032411,0.009876,0.962110,0.270547,0.089329,0.019922,0.085874,0.884438,-0.259507,0.004060,-0.085184,-0.053296,-0.170725,0.300473,-0.205255,0.000933,-0.048184,0.002903,0.026225,0.402669,-0.405255,0.784284,1.570800,0.000000,0.000000,0.289722,-0.277499,0.326094,1.185457,-0.168862,0.000000,0.000000
3.775821,-3.099546,0.867093,0.031942,0.009837,0.962626,0.268765,0.099592,0.015967,0.075436,0.884265,-0.256464,0.004939,-0.097255,-0.055595,-0.171067,0.305703,-0.207049,0.000458,-0.056939,0.003238,0.015330,0.405848,-0.403198,0.774179,1.570800,0.000000,0.000000,0.297014,-0.277797,0.315451,1.204369,-0.170534,0.000000,0.000000
3.783962,-3.108123,0.866717,0.031512,0.009759,0.963366,0.266154,0.109706,0.011940,0.064616,0.882031,-0.250346,0.005849,-0.109215,-0.058190,-0.171973,0.310015,-0.206726,0.000037,-0.066258,0.003660,0.005192,0.406535,-0.400981,0.763282,1.570800,0.000000,0.000000,0.305269,-0.277150,0.302993,1.220511,-0.168885,0.000000,0.000000
3.792470,-3.116333,0.866358,0.031025,0.009342,0.964234,0.263064,0.118880,0.009690,0.054351,0.879531,-0.244387,0.007189,-0.120241,-0.059778,-0.173438,0.311377,-0.204682,-0.000033,-0.076847,0.004116,-0.005086,0.408211,-0.401123,0.754436,1.570800,0.000000,0.000000,0.313221,-0.277384,0.290863,1.233088,-0.170339,0.000000,0.000000
3.801050,-3.124191,0.865907,0.030674,0.008981,0.965127,0.259823,0.127962,0.008698,0.044549,0.875233,-0.240917,0.008811,-0.131294,-0.060902,-0.176234,0.313313,-0.201568,0.000224,-0.087873,0.004554,-0.016421,0.410343,-0.401046,0.747391,1.569522,0.000000,0.000000,0.321023,-0.277896,0.277478,1.244904,-0.170341,0.000000,0.000000
3.809526,-3.132022,0.865338,0.030606,0.008489,0.965965,0.256717,0.136752,0.008066,0.034963,0.869947,-0.239503,0.010484,-0.141829,-0.061890,-0.179265,0.315993,-0.197492,0.000553,-0.098730,0.005024,-0.027462,0.414065,-0.401593,0.741910,1.566563,0.000000,0.000000,0.328742,-0.279241,0.263306,1.254953,-0.167231,0.000000,0.000000
3.818030,-3.140079,0.864717,0.030775,0.008030,0.966765,0.253682,0.145576,0.007294,0.025380,0.863429,-0.237645,0.012104,-0.152377,-0.063307,-0.181964,0.317946,-0.194482,0.000719,-0.109493,0.005477,-0.038742,0.419030,-0.404465,0.736912,1.565696,0.000000,0.000000,0.336590,-0.281316,0.249800,1.264204,-0.163812,0.000000,0.000000
3.826562,-3.148396,0.864091,0.030732,0.007555,0.967462,0.251030,0.153958,0.005323,0.013879,0.854617,-0.233634,0.013685,-0.162816,-0.064983,-0.184172,0.317791,-0.191801,0.000727,-0.119251,0.005884,-0.050449,0.423836,-0.407970,0.731831,1.565012,0.000000,0.000000,0.343304,-0.284380,0.236660,1.272823,-0.162292,0.000000,0.000000
3.835337,-3.156637,0.863519,0.030391,0.007153,0.968094,0.248633,0.161355,0.002969,0.001236,0.843377,-0.227112,0.015331,-0.172568,-0.066626,-0.185837,0.315520,-0.186964,0.000643,-0.127709,0.006229,-0.061422,0.427626,-0.409961,0.727873,1.561527,0.000000,0.000000,0.348911,-0.288033,0.224006,1.278189,-0.161345,0.000000,0.000000
3.844620,-3.164461,0.862926,0.030004,0.006628,0.968802,0.245923,0.168091,0.002256,-0.011118,0.829775,-0.221249,0.017436,-0.181949,-0.067686,-0.187153,0.310865,-0.178957,0.000654,-0.136043,0.006581,-0.072990,0.430555,-0.411366,0.725695,1.557798,0.000000,0.000000,0.354937,-0.292122,0.212127,1.279696,-0.159674,0.000000,0.000000
3.854119,-3.172028,0.862280,0.029714,0.005918,0.969577,0.242906,0.174258,0.002904,-0.023012,0.814389,-0.220756,0.019889,-0.190577,-0.067708,-0.190671,0.304583,-0.167401,0.001313,-0.143626,0.006903,-0.085251,0.432719,-0.413588,0.724591,1.554064,0.000000,0.000000,0.361587,-0.295475,0.199559,1.279799,-0.155570,0.000000,0.000000
3.863571,-3.179731,0.861652,0.029327,0.005279,0.970429,0.239538,0.179624,0.003237,-0.036586,0.796743,-0.227158,0.022553,-0.198468,-0.067576,-0.195901,0.296123,-0.152832,0.002283,-0.150435,0.007222,-0.097859,0.434771,-0.418219,0.724167,1.550698,0.000000,0.000000,0.368107,-0.298722,0.186623,1.278977,-0.151205,0.000000,0.000000
3.872840,-3.187921,0.861027,0.028967,0.004993,0.971433,0.235488,0.185144,0.001841,-0.053674,0.774556,-0.236609,0.025334,-0.206179,-0.068614,-0.203498,0.285005,-0.133306,0.003391,-0.156423,0.007540,-0.112907,0.435831,-0.427674,0.725775,1.549198,0.000000,0.000000,0.375894,-0.298848,0.170514,1.279140,-0.142820,0.000000,0.000000
3.882539,-3.196378,0.860355,0.028664,0.004832,0.972276,0.232024,0.189460,-0.000802,-0.071462,0.750370,-0.248673,0.027879,-0.213084,-0.070081,-0.210644,0.270063,-0.111340,0.004311,-0.161268,0.007817,-0.127820,0.434813,-0.437893,0.730669,1.549131,0.000000,0.000000,0.383102,-0.292420,0.155504,1.284634,-0.129441,0.000000,0.000000
3.892457,-3.204627,0.859644,0.027788,0.004390,0.973035,0.228935,0.192191,-0.002787,-0.088344,0.725135,-0.262109,0.030442,-0.218659,-0.070236,-0.216984,0.251448,-0.087622,0.005395,-0.164883,0.007948,-0.142141,0.432836,-0.447660,0.737802,1.549011,0.000000,0.000000,0.388035,-0.286413,0.145537,1.288366,-0.118498,0.000000,0.000000
3.902406,-3.212752,0.858772,0.026636,0.003917,0.973636,0.226514,0.194223,-0.005128,-0.106322,0.696568,-0.280119,0.033097,-0.223334,-0.069568,-0.222620,0.226703,-0.060718,0.006498,-0.167488,0.008034,-0.156321,0.430686,-0.457026,0.745077,1.550456,0.000000,0.000000,0.391932,-0.283197,0.138675,1.287568,-0.114669,0.000000,0.000000
3.912282,-3.220924,0.857711,0.025548,0.003574,0.974235,0.224053,0.195401,-0.007448,-0.122167,0.669321,-0.304361,0.035330,-0.226564,-0.069015,-0.228806,0.198502,-0.032987,0.007618,-0.169321,0.008084,-0.168698,0.428515,-0.466774,0.751433,1.552629,0.000000,0.000000,0.394519,-0.280691,0.132128,1.285349,-0.111168,0.000000,0.000000
3.922403,-3.228763,0.856450,0.024790,0.003192,0.974999,0.220798,0.195571,-0.006794,-0.131967,0.646559,-0.331207,0.037374,-0.228082,-0.068098,-0.237707,0.169350,-0.002875,0.009310,-0.171727,0.008146,-0.180478,0.427118,-0.475964,0.758395,1.553453,0.000000,0.000000,0.395951,-0.278202,0.125755,1.283139,-0.107588,0.000000,0.000000
3.932832,-3.236425,0.854833,0.024265,0.002652,0.975808,0.217261,0.194547,-0.003403,-0.135783,0.626427,-0.358900,0.039118,-0.227920,-0.066599,-0.247547,0.136510,0.031215,0.011295,-0.174796,0.008220,-0.191274,0.425247,-0.486030,0.765740,1.548002,0.000000,0.000000,0.396338,-0.275313,0.121137,1.281597,-0.105381,0.000000,0.000000
3.943341,-3.244223,0.852804,0.023654,0.002096,0.976447,0.214449,0.192615,0.000888,-0.133186,0.606902,-0.383106,0.039862,-0.226510,-0.064697,-0.256395,0.099579,0.068562,0.013185,-0.177630,0.008318,-0.200626,0.423161,-0.496457,0.773451,1.540863,0.000000,0.000000,0.395576,-0.272182,0.119764,1.279588,-0.104299,0.000000,0.000000
3.953747,-3.252062,0.850423,0.023053,0.001772,0.976588,0.213870,0.190781,0.003000,-0.127448,0.586774,-0.401920,0.039243,-0.224576,-0.062326,-0.263039,0.061234,0.107840,0.014830,-0.178673,0.008335,-0.207372,0.420585,-0.504007,0.781514,1.535440,0.000000,0.000000,0.393234,-0.269098,0.119217,1.277981,-0.103130,0.000000,0.000000
3.964042,-3.259390,0.847471,0.022208,0.001580,0.976446,0.214612,0.189020,0.003794,-0.121769,0.562994,-0.419389,0.038094,-0.221893,-0.058762,-0.269904,0.018324,0.152680,0.016834,-0.177203,0.008264,-0.212473,0.417781,-0.510322,0.789844,1.534692,0.000000,0.000000,0.389900,-0.266414,0.117794,1.275091,-0.100494,0.000000,0.000000
3.974363,-3.266099,0.844928,0.021124,0.001429,0.976209,0.215794,0.187336,0.005332,-0.114394,0.540236,-0.433504,0.036905,-0.219087,-0.054231,-0.278359,-0.017450,0.195736,0.019499,-0.174111,0.008120,-0.214816,0.414528,-0.511995,0.795522,1.539353,0.000000,0.000000,0.386787,-0.263997,0.116591,1.269928,-0.102084,0.000000,0.000000
3.984966,-3.272433,0.845822,0.020438,0.001096,0.975854,0.217463,0.186010,0.007487,-0.105577,0.522649,-0.443149,0.035790,-0.216624,-0.050272,-0.285112,-0.017450,0.229525,0.022038,-0.171886,0.008082,-0.214587,0.413031,-0.512086,0.798743,1.545079,0.000000,0.000000,0.384111,-0.261561,0.116640,1.265383,-0.104056,0.000000,0.000000
3.995743,-3.278682,0.846527,0.020344,0.001110,0.975143,0.220636,0.184807,0.008786,-0.096294,0.507309,-0.450879,0.034396,-0.214100,-0.047267,-0.288610,-0.017450,0.253719,0.023772,-0.169390,0.008019,-0.213027,0.412457,-0.512630,0.801431,1.548515,0.000000,0.000000,0.381346,-0.260478,0.118907,1.260132,-0.107674,0.000000,0.000000
4.006454,-3.284905,0.847108,0.020440,0.001038,0.974191,0.224794,0.183559,0.009188,-0.086989,0.493096,-0.456858,0.032761,-0.211469,-0.044546,-0.289414,-0.017450,0.268778,0.024852,-0.165913,0.007892,-0.210525,0.412167,-0.513095,0.803600,1.549927,0.000000,0.000000,0.378254,-0.261197,0.122371,1.253520,-0.113344,0.000000,0.000000
4.016954,-3.290700,0.847648,0.020370,0.000007,0.973247,0.228855,0.181533,0.009829,-0.075383,0.474894,-0.463308,0.030708,-0.207710,-0.040221,-0.288141,-0.017450,0.280820,0.026006,-0.160968,0.007700,-0.205663,0.412200,-0.512987,0.806427,1.550079,0.000000,0.000000,0.373238,-0.262238,0.126452,1.244003,-0.120672,0.000000,0.000000
4.027070,-3.296440,0.848010,0.020271,-0.002225,0.972591,0.231627,0.178687,0.012011,-0.064034,0.455405,-0.469406,0.029020,-0.202825,-0.034763,-0.285159,-0.017450,0.284725,0.027083,-0.156359,0.007592,-0.198274,0.413839,-0.512323,0.809918,1.549184,0.000000,0.000000,0.366776,-0.261022,0.130740,1.234519,-0.123998,0.000000,0.000000
4.036700,-3.302681,0.848933,0.020852,-0.004147,0.971957,0.234195,0.173995,0.015423,-0.051015,0.430028,-0.475850,0.027049,-0.194341,-0.030312,-0.274859,-0.017450,0.271252,0.026244,-0.150462,0.007353,-0.184309,0.417595,-0.511335,0.815333,1.552469,0.000000,0.000000,0.357215,-0.257035,0.138769,1.222634,-0.124104,0.000000,0.000000
4.045876,-3.309247,0.849847,0.021682,-0.005632,0.971315,0.236739,0.169040,0.016733,-0.045062,0.409718,-0.478805,0.025716,-0.185221,-0.032905,-0.255989,-0.017450,0.235940,0.021242,-0.144923,0.006854,-0.168233,0.419902,-0.509551,0.820906,1.559428,0.000000,0.000000,0.349317,-0.253179,0.148407,1.209991,-0.119689,0.000000,0.000000
4.054790,-3.315802,0.849998,0.022767,-0.007288,0.970753,0.238887,0.165113,0.017094,-0.043351,0.398425,-0.478348,0.025290,-0.178410,-0.038382,-0.237933,-0.017450,0.201053,0.015996,-0.141428,0.006529,-0.154802,0.420258,-0.506419,0.826668,1.560294,0.000000,0.000000,0.343664,-0.249675,0.153918,1.199892,-0.107784,0.000000,0.000000
4.063282,-3.322608,0.849884,0.023711,-0.009119,0.970283,0.240636,0.161058,0.016911,-0.042133,0.389205,-0.474695,0.024925,-0.172096,-0.044368,-0.220927,-0.017450,0.167138,0.011151,-0.138119,0.006292,-0.141742,0.419976,-0.503475,0.834008,1.562061,0.000000,0.000000,0.338683,-0.247415,0.162085,1.186685,-0.099866,0.000000,0.000000
4.071606,-3.329315,0.849634,0.024458,-0.011113,0.969746,0.242632,0.157043,0.016977,-0.041670,0.379213,-0.468130,0.024782,-0.165811,-0.049831,-0.203512,-0.017450,0.131683,0.006599,-0.134943,0.006107,-0.127900,0.419247,-0.498996,0.842671,1.565788,0.000000,0.000000,0.333312,-0.245855,0.171154,1.172226,-0.097332,0.000000,0.000000
4.079987,-3.335878,0.849317,0.025066,-0.013070,0.969070,0.245161,0.153183,0.017278,-0.040730,0.368093,-0.459517,0.024650,-0.159829,-0.054005,-0.187939,-0.017450,0.096263,0.002821,-0.132296,0.005851,-0.112637,0.419241,-0.493643,0.850652,1.570014,0.000000,0.000000,0.324862,-0.245162,0.177863,1.160735,-0.089546,0.000000,0.000000
4.088456,-3.342412,0.849029,0.025518,-0.014884,0.968386,0.247701,0.149165,0.017442,-0.039905,0.356959,-0.449380,0.024510,-0.154408,-0.056492,-0.178472,-0.017450,0.065768,0.000536,-0.129860,0.005709,-0.098195,0.421292,-0.491685,0.859044,1.570800,0.000000,0.000000,0.315571,-0.247011,0.187784,1.149898,-0.086742,0.000000,0.000000
4.096992,-3.348837,0.848850,0.025776,-0.016423,0.967712,0.250200,0.144872,0.017426,-0.039120,0.346304,-0.439133,0.024334,-0.149368,-0.058122,-0.173435,-0.017450,0.038583,-0.000784,-0.127998,0.005561,-0.083841,0.423557,-0.491478,0.869883,1.570800,0.000000,0.000000,0.305619,-0.248243,0.198548,1.139726,-0.086014,0.000000,0.000000
4.105461,-3.355429,0.848722,0.026021,-0.017828,0.967028,0.252709,0.140568,0.017081,-0.037479,0.336557,-0.428024,0.023952,-0.144510,-0.059655,-0.171257,-0.017135,0.014953,-0.001582,-0.125521,0.005346,-0.069700,0.422920,-0.488375,0.881697,1.570800,0.000000,0.000000,0.295000,-0.248109,0.207474,1.131085,-0.079220,0.000000,0.000000
4.113813,-3.362206,0.851545,0.025948,-0.019073,0.966469,0.254755,0.135299,0.016601,-0.035201,0.324413,-0.413837,0.023441,-0.138865,-0.061764,-0.170837,0.012543,-0.010976,-0.002122,-0.122514,0.005042,-0.052561,0.419853,-0.481188,0.896346,1.570800,0.000000,0.000000,0.281101,-0.247867,0.216500,1.122022,-0.072423,0.000000,0.000000
4.122155,-3.369078,0.854657,0.025656,-0.020001,0.965866,0.256992,0.129862,0.015631,-0.033434,0.311100,-0.398227,0.022890,-0.133390,-0.064480,-0.171176,0.051042,-0.035839,-0.002540,-0.119854,0.004734,-0.034075,0.416549,-0.473741,0.910593,1.570800,0.000000,0.000000,0.266261,-0.248034,0.225805,1.113004,-0.067611,0.000000,0.000000
4.130726,-3.375577,0.857222,0.025197,-0.020975,0.965156,0.259611,0.124426,0.015402,-0.032223,0.296854,-0.382381,0.022620,-0.128121,-0.066420,-0.172152,0.092634,-0.058741,-0.002612,-0.117835,0.004492,-0.016076,0.414271,-0.470022,0.926407,1.570800,0.000000,0.000000,0.250259,-0.247952,0.238049,1.103512,-0.061082,0.000000,0.000000
4.139257,-3.381933,0.858884,0.024705,-0.022182,0.964621,0.261541,0.119102,0.016483,-0.030687,0.283235,-0.367253,0.022638,-0.122870,-0.067915,-0.174177,0.134905,-0.078339,-0.002394,-0.115837,0.004211,0.000685,0.409933,-0.468578,0.945224,1.570800,0.000000,0.000000,0.234231,-0.247622,0.249189,1.092979,-0.052007,0.000000,0.000000
4.147392,-3.388800,0.859651,0.024226,-0.023085,0.964168,0.263171,0.113558,0.016443,-0.028508,0.270638,-0.351544,0.022264,-0.117740,-0.070945,-0.178620,0.178283,-0.096577,-0.002143,-0.111946,0.003890,0.016540,0.404320,-0.465959,0.963947,1.570800,0.000000,0.000000,0.221519,-0.247905,0.257695,1.079479,-0.044845,0.000000,0.000000
4.155380,-3.396272,0.859476,0.023867,-0.023616,0.963762,0.264641,0.107570,0.014374,-0.027568,0.259120,-0.333967,0.021585,-0.112267,-0.075994,-0.183952,0.221662,-0.113121,-0.002234,-0.106914,0.003530,0.030798,0.399835,-0.465077,0.981360,1.570800,0.000000,0.000000,0.208193,-0.248363,0.264977,1.067291,-0.038129,0.000000,0.000000
4.163444,-3.403725,0.859104,0.023631,-0.024153,0.963287,0.266338,0.101343,0.012106,-0.026373,0.248519,-0.317598,0.020836,-0.106031,-0.081547,-0.188194,0.264318,-0.129728,-0.002648,-0.102297,0.003243,0.043327,0.397605,-0.466604,0.998724,1.570800,0.000000,0.000000,0.192285,-0.249694,0.273273,1.057212,-0.033528,0.000000,0.000000
4.171635,-3.410754,0.861046,0.023193,-0.024711,0.962976,0.267450,0.094782,0.010958,-0.024776,0.238366,-0.302736,0.020301,-0.099061,-0.086302,-0.191402,0.305749,-0.144025,-0.003066,-0.097882,0.002960,0.053524,0.397063,-0.467415,1.015487,1.570800,0.000000,0.000000,0.176588,-0.250908,0.278572,1.045702,-0.027330,0.000000,0.000000
4.179591,-3.417588,0.862778,0.022725,-0.024930,0.962665,0.268587,0.088223,0.009693,-0.023812,0.228301,-0.289635,0.019822,-0.091735,-0.091528,-0.196977,0.346886,-0.156954,-0.003239,-0.092465,0.002585,0.064934,0.393306,-0.465315,1.034213,1.570800,0.000000,0.000000,0.161917,-0.251036,0.279479,1.033447,-0.022944,0.000000,0.000000
4.187360,-3.424314,0.864386,0.022070,-0.025182,0.962378,0.269644,0.081461,0.008295,-0.022950,0.218307,-0.277328,0.019319,-0.083946,-0.096902,-0.202405,0.388038,-0.170338,-0.003528,-0.086578,0.002167,0.079790,0.384412,-0.464676,1.056515,1.570800,0.000000,0.000000,0.147085,-0.250195,0.279897,1.020715,-0.019174,0.000000,0.000000
4.195168,-3.430947,0.865844,0.021526,-0.025501,0.962066,0.270769,0.074894,0.007114,-0.020182,0.208880,-0.266206,0.018574,-0.075860,-0.102264,-0.207941,0.428367,-0.178069,-0.003828,-0.080745,0.001827,0.093787,0.375953,-0.467029,1.077171,1.570800,0.000000,0.000000,0.131319,-0.249418,0.282569,1.008170,-0.015501,0.000000,0.000000
4.203252,-3.436969,0.867195,0.021156,-0.025761,0.961693,0.272093,0.068523,0.007218,-0.015781,0.199657,-0.257743,0.017887,-0.067238,-0.107020,-0.212417,0.467938,-0.181594,-0.004194,-0.074301,0.001492,0.104321,0.372608,-0.468333,1.092764,1.570800,0.000000,0.000000,0.115236,-0.249602,0.284814,0.994869,-0.008961,0.000000,0.000000
4.211426,-3.442436,0.868383,0.020937,-0.025932,0.961520,0.272706,0.062323,0.008099,-0.013290,0.191317,-0.251064,0.017678,-0.058200,-0.110323,-0.214516,0.504833,-0.189113,-0.004682,-0.067380,0.001112,0.114932,0.370964,-0.471905,1.106216,1.570800,0.000000,0.000000,0.100686,-0.250186,0.286412,0.983070,-0.002630,0.000000,0.000000
4.219486,-3.447922,0.869459,0.020725,-0.025959,0.961423,0.273062,0.055844,0.008339,-0.012488,0.182982,-0.243943,0.017566,-0.048464,-0.113033,-0.214868,0.541638,-0.200252,-0.005410,-0.059588,0.000672,0.127064,0.368045,-0.479236,1.123133,1.570800,0.000000,0.000000,0.086748,-0.252672,0.288291,0.968727,-0.005225,0.000000,0.000000
4.227552,-3.453618,0.870401,0.020537,-0.026155,0.961187,0.273887,0.049560,0.008140,-0.009728,0.175301,-0.237275,0.017054,-0.038798,-0.115099,-0.211863,0.576208,-0.212115,-0.006658,-0.051389,0.000249,0.137871,0.364978,-0.485397,1.140200,1.570800,0.000000,0.000000,0.072689,-0.256874,0.291469,0.952572,-0.010509,0.000000,0.000000
4.235615,-3.459319,0.871157,0.020401,-0.026307,0.960711,0.275548,0.043575,0.007643,-0.003026,0.168595,-0.231227,0.015876,-0.029445,-0.117199,-0.206708,0.608516,-0.225261,-0.008375,-0.043130,-0.000098,0.149147,0.363403,-0.487853,1.153187,1.570800,0.000000,0.000000,0.059392,-0.260341,0.292473,0.936746,-0.000014,0.000000,0.000000
4.243498,-3.465113,0.871737,0.020378,-0.026197,0.960209,0.277304,0.037470,0.006451,0.004180,0.162625,-0.226479,0.014458,-0.019621,-0.120478,-0.201244,0.639784,-0.238633,-0.010554,-0.034258,-0.000503,0.160922,0.361408,-0.488009,1.165311,1.570800,0.000000,0.000000,0.045968,-0.263431,0.293909,0.924188,0.010196,0.000000,0.000000
4.251549,-3.470773,0.872201,0.020394,-0.025927,0.959720,0.279014,0.031036,0.005097,0.008457,0.157115,-0.223480,0.013457,-0.009454,-0.123656,-0.195973,0.669076,-0.246061,-0.012722,-0.025427,-0.000959,0.171892,0.360280,-0.490865,1.176238,1.570800,0.000000,0.000000,0.032246,-0.267635,0.297937,0.912313,0.010988,0.000000,0.000000
4.260341,-3.475967,0.872567,0.020462,-0.025757,0.959241,0.280667,0.023761,0.004659,0.013613,0.153426,-0.222904,0.012549,0.000933,-0.123968,-0.189550,0.697109,-0.248444,-0.014315,-0.015863,-0.001422,0.183396,0.359908,-0.492157,1.184625,1.570800,0.000000,0.000000,0.017659,-0.272128,0.302613,0.899654,0.012424,0.000000,0.000000
4.270004,-3.480624,0.872855,0.020140,-0.025552,0.958536,0.283110,0.015530,0.005405,0.018654,0.150980,-0.222770,0.011953,0.010516,-0.120539,-0.180629,0.721638,-0.247919,-0.015280,-0.005541,-0.001880,0.194843,0.359524,-0.489632,1.191511,1.570800,0.000000,0.000000,0.002227,-0.276370,0.307355,0.887726,0.016181,0.000000,0.000000
4.279994,-3.485260,0.873078,0.019836,-0.025261,0.957532,0.286533,0.006821,0.006446,0.020222,0.148954,-0.220706,0.011943,0.019920,-0.116160,-0.169714,0.742825,-0.240836,-0.016369,0.005719,-0.002363,0.205941,0.360042,-0.487592,1.197787,1.570800,0.000000,0.000000,-0.013721,-0.281068,0.313898,0.876175,0.019780,0.000000,0.000000
4.290158,-3.489812,0.873265,0.019439,-0.025060,0.956529,0.289907,-0.002244,0.008209,0.022888,0.147099,-0.218397,0.011939,0.029040,-0.110637,-0.156417,0.760477,-0.230223,-0.017572,0.016045,-0.002861,0.217795,0.360993,-0.483026,1.203004,1.570800,0.000000,0.000000,-0.030795,-0.285470,0.320928,0.866452,0.023434,0.000000,0.000000
4.300202,-3.494545,0.873298,0.019112,-0.024670,0.955725,0.292602,-0.011718,0.009659,0.027230,0.146322,-0.217900,0.011612,0.037785,-0.106309,-0.146151,0.775656,-0.224648,-0.018502,0.025759,-0.003315,0.229667,0.363195,-0.477315,1.206387,1.570800,0.000000,0.000000,-0.046408,-0.290209,0.326754,0.857319,0.029933,0.000000,0.000000
4.309756,-3.499917,0.873088,0.019358,-0.024081,0.954866,0.295425,-0.021798,0.009647,0.031398,0.148687,-0.217468,0.010980,0.047253,-0.105457,-0.139116,0.789364,-0.220060,-0.019871,0.036421,-0.003786,0.241469,0.364427,-0.468615,1.209762,1.570800,0.000000,0.000000,-0.060946,-0.294648,0.333554,0.848266,0.035363,0.000000,0.000000
4.319810,-3.505246,0.872708,0.019670,-0.023383,0.953887,0.298608,-0.033257,0.009574,0.034691,0.154192,-0.216934,0.010478,0.056697,-0.104026,-0.130447,0.802064,-0.210350,-0.021391,0.048087,-0.004361,0.252401,0.364443,-0.458360,1.214195,1.570800,0.000000,0.000000,-0.076483,-0.300152,0.344680,0.839410,0.031699,0.000000,0.000000
4.330663,-3.510565,0.872224,0.019897,-0.022656,0.952989,0.301502,-0.045974,0.010021,0.036745,0.161407,-0.215529,0.010284,0.065227,-0.099831,-0.119371,0.812335,-0.194533,-0.022485,0.060337,-0.004922,0.262759,0.365514,-0.451067,1.217344,1.570800,0.000000,0.000000,-0.093743,-0.306732,0.355074,0.835453,0.026690,0.000000,0.000000
4.341880,-3.515947,0.871653,0.020025,-0.021873,0.952039,0.304537,-0.059393,0.010866,0.039035,0.169519,-0.212251,0.010142,0.073129,-0.094491,-0.107932,0.819729,-0.173838,-0.023249,0.072831,-0.005389,0.273079,0.367017,-0.443099,1.218163,1.570800,0.000000,0.000000,-0.110892,-0.312387,0.362292,0.835506,0.026705,0.000000,0.000000
4.353109,-3.521348,0.870923,0.020232,-0.021013,0.950709,0.308709,-0.073669,0.011995,0.043463,0.178959,-0.209239,0.009739,0.081115,-0.089457,-0.095017,0.824984,-0.153216,-0.024336,0.086067,-0.005888,0.283340,0.366885,-0.427943,1.220010,1.570800,0.000000,0.000000,-0.128135,-0.316794,0.372472,0.832113,0.026325,0.000000,0.000000
4.364503,-3.526529,0.870163,0.020427,-0.020340,0.949315,0.313002,-0.087470,0.013964,0.048360,0.188551,-0.205534,0.009456,0.088628,-0.083078,-0.079259,0.827323,-0.138128,-0.025495,0.098671,-0.006393,0.293019,0.367296,-0.412533,1.221727,1.570800,0.000000,0.000000,-0.144696,-0.322267,0.382302,0.826196,0.023621,0.000000,0.000000
4.376029,-3.531666,0.869360,0.020625,-0.019824,0.947903,0.317272,-0.101300,0.016482,0.053278,0.197519,-0.200409,0.009279,0.096173,-0.075708,-0.062318,0.827634,-0.122446,-0.026522,0.111355,-0.006903,0.303191,0.368748,-0.398756,1.222956,1.570800,0.000000,0.000000,-0.161572,-0.328932,0.392188,0.821900,0.022514,0.000000,0.000000
4.387305,-3.536902,0.868522,0.020634,-0.019205,0.946667,0.320978,-0.114702,0.018553,0.058594,0.204216,-0.194991,0.008932,0.103789,-0.069269,-0.048384,0.825922,-0.107466,-0.027214,0.123298,-0.007339,0.312409,0.368585,-0.383586,1.225269,1.570800,0.000000,0.000000,-0.177352,-0.333453,0.403259,0.816506,0.022536,0.000000,0.000000
4.398143,-3.541809,0.867668,0.020658,-0.018440,0.945774,0.323643,-0.126581,0.020111,0.063542,0.208783,-0.191316,0.008531,0.111447,-0.063461,-0.037809,0.821664,-0.097999,-0.027437,0.134337,-0.007698,0.320946,0.367400,-0.371114,1.226608,1.570800,0.000000,0.000000,-0.184864,-0.328533,0.421697,0.818845,0.037708,0.000000,0.000000
4.408692,-3.546843,0.866771,0.020795,-0.017959,0.944868,0.326298,-0.138215,0.021944,0.068420,0.212803,-0.188152,0.008200,0.119542,-0.057084,-0.026407,0.814739,-0.093357,-0.027619,0.144712,-0.008181,0.329295,0.368929,-0.356079,1.226521,1.570800,0.000000,0.000000,-0.198814,-0.331225,0.430042,0.815946,0.037898,0.000000,0.000000
4.418947,-3.552052,0.865754,0.021344,-0.017266,0.943758,0.329495,-0.148776,0.022774,0.074554,0.216035,-0.184507,0.007448,0.127622,-0.051213,-0.013668,0.806297,-0.094807,-0.028196,0.155382,-0.008653,0.338007,0.372202,-0.341612,1.225747,1.570800,0.000000,0.000000,-0.214654,-0.340133,0.431628,0.810429,0.027123,0.000000,0.000000
4.429419,-3.557508,0.864796,0.021887,-0.016990,0.942435,0.333239,-0.158113,0.024370,0.078903,0.215383,-0.180867,0.007161,0.135040,-0.045404,-0.000175,0.796943,-0.099351,-0.028934,0.165780,-0.009080,0.346476,0.374154,-0.328030,1.226161,1.570800,0.000000,0.000000,-0.230782,-0.349498,0.436351,0.807906,0.020801,0.000000,0.000000
4.440081,-3.563071,0.863883,0.022179,-0.016664,0.940983,0.337314,-0.166274,0.026309,0.083055,0.211323,-0.176015,0.006975,0.141379,-0.040894,0.010597,0.786312,-0.104548,-0.029577,0.175762,-0.009370,0.353496,0.373830,-0.314596,1.227341,1.570800,0.000000,0.000000,-0.245488,-0.356035,0.444434,0.805597,0.020202,0.000000,0.000000
4.451001,-3.568584,0.862877,0.022401,-0.016393,0.939676,0.340939,-0.174067,0.028622,0.089250,0.204739,-0.172063,0.006571,0.147179,-0.036254,0.020108,0.774302,-0.112173,-0.029947,0.184609,-0.009633,0.359933,0.372746,-0.300584,1.229641,1.570800,0.000000,0.000000,-0.259365,-0.358939,0.451784,0.803026,0.018036,0.000000,0.000000
4.461880,-3.574405,0.861740,0.022657,-0.016034,0.938143,0.345135,-0.181064,0.030657,0.096262,0.195752,-0.169264,0.006018,0.152195,-0.032631,0.029205,0.760684,-0.121237,-0.030551,0.192848,-0.009885,0.366420,0.371915,-0.288139,1.231013,1.570800,0.000000,0.000000,-0.272621,-0.360198,0.458802,0.802746,0.015360,0.000000,0.000000
4.472839,-3.580402,0.860534,0.022792,-0.015664,0.936524,0.349511,-0.187310,0.032818,0.103406,0.184440,-0.164664,0.005503,0.156534,-0.029693,0.037531,0.744406,-0.130017,-0.031240,0.200874,-0.010146,0.372014,0.370805,-0.275418,1.232674,1.570800,0.000000,0.000000,-0.285266,-0.361943,0.466300,0.804387,0.019831,0.000000,0.000000
4.483632,-3.586677,0.859238,0.022483,-0.015079,0.934939,0.353774,-0.192941,0.034612,0.110660,0.169774,-0.160673,0.004937,0.160141,-0.028081,0.043934,0.724323,-0.141060,-0.032001,0.207727,-0.010377,0.376806,0.368171,-0.261949,1.235392,1.570800,0.000000,0.000000,-0.298161,-0.363779,0.474301,0.804848,0.023394,0.000000,0.000000
4.494346,-3.593178,0.857673,0.022217,-0.014408,0.933206,0.358364,-0.197785,0.036178,0.117229,0.151961,-0.158067,0.004493,0.163332,-0.027762,0.048716,0.699873,-0.156129,-0.032879,0.213991,-0.010599,0.381435,0.364361,-0.250172,1.237698,1.570800,0.000000,0.000000,-0.311744,-0.365580,0.486022,0.803727,0.026908,0.000000,0.000000
4.505100,-3.599591,0.855934,0.022234,-0.013832,0.931478,0.362853,-0.201300,0.037855,0.123844,0.133285,-0.156496,0.004108,0.166154,-0.027547,0.052706,0.673753,-0.175358,-0.033619,0.219355,-0.010816,0.385340,0.361422,-0.240762,1.238874,1.570800,0.000000,0.000000,-0.323917,-0.367638,0.499456,0.804006,0.026982,0.000000,0.000000
4.515702,-3.605771,0.853939,0.022147,-0.013293,0.929805,0.367146,-0.203852,0.039667,0.131102,0.111871,-0.157525,0.003744,0.168663,-0.026539,0.057948,0.645964,-0.203730,-0.034279,0.223350,-0.010912,0.388777,0.358613,-0.229902,1.239545,1.570800,0.000000,0.000000,-0.335303,-0.367981,0.507470,0.803795,0.019459,0.000000,0.000000
4.526229,-3.611891,0.851686,0.022212,-0.012930,0.928362,0.370788,-0.205247,0.041323,0.138798,0.089548,-0.163667,0.003394,0.170723,-0.026103,0.059039,0.621094,-0.235955,-0.034307,0.226376,-0.010907,0.392521,0.356296,-0.221037,1.238718,1.570800,0.000000,0.000000,-0.342611,-0.366539,0.511258,0.798904,0.023098,0.000000,0.000000
4.536452,-3.618445,0.849123,0.022868,-0.012566,0.927085,0.373942,-0.205425,0.041684,0.146264,0.067308,-0.172078,0.002904,0.172317,-0.028883,0.051449,0.600946,-0.266498,-0.033726,0.230909,-0.011147,0.395802,0.354530,-0.216622,1.237402,1.570800,0.000000,0.000000,-0.347428,-0.367688,0.520188,0.795042,0.017968,0.000000,0.000000
4.546517,-3.625064,0.846282,0.023834,-0.012277,0.926036,0.376481,-0.204441,0.041225,0.154870,0.044088,-0.181741,0.002241,0.173600,-0.033110,0.038384,0.582285,-0.295747,-0.032482,0.234578,-0.011272,0.398208,0.352186,-0.214337,1.237415,1.570791,0.000000,0.000000,-0.350208,-0.368292,0.529704,0.790949,0.021052,0.000000,0.000000
4.556356,-3.631481,0.843236,0.024586,-0.011957,0.925381,0.378050,-0.202799,0.040184,0.163315,0.019699,-0.193949,0.001645,0.174528,-0.036687,0.022967,0.562979,-0.323571,-0.030500,0.236566,-0.011314,0.399091,0.349642,-0.212813,1.238098,1.570768,0.000000,0.000000,-0.350885,-0.367251,0.532951,0.786028,0.023371,0.000000,0.000000
4.565411,-3.638113,0.839953,0.025366,-0.011938,0.924909,0.379154,-0.199784,0.038435,0.171548,-0.006195,-0.210117,0.001152,0.175513,-0.041225,0.005128,0.542066,-0.357893,-0.028273,0.237605,-0.011345,0.399860,0.346731,-0.213750,1.239239,1.570747,0.000000,0.000000,-0.347874,-0.365589,0.531540,0.779890,0.020876,0.000000,0.000000
4.575384,-3.644233,0.838447,0.025934,-0.012075,0.924695,0.379633,-0.196847,0.037885,0.178017,-0.017450,-0.225943,0.001010,0.175901,-0.042450,-0.012351,0.523513,-0.378616,-0.025170,0.237438,-0.011368,0.399586,0.344521,-0.216844,1.240389,1.570712,0.000000,0.000000,-0.343319,-0.365378,0.528627,0.773628,0.013819,0.000000,0.000000
4.585210,-3.650554,0.838478,0.026540,-0.012195,0.924775,0.379391,-0.193624,0.036924,0.183462,-0.017450,-0.241260,0.000777,0.175785,-0.042354,-0.027457,0.503880,-0.392376,-0.022114,0.236078,-0.011347,0.398356,0.342788,-0.221899,1.240026,1.570680,0.000000,0.000000,-0.337671,-0.367036,0.525879,0.766077,0.007967,0.000000,0.000000
4.594703,-3.656914,0.838608,0.027282,-0.012122,0.925162,0.378396,-0.190107,0.035057,0.187326,-0.017450,-0.253253,0.000452,0.174996,-0.041843,-0.038962,0.485436,-0.404865,-0.019658,0.233717,-0.011275,0.396646,0.342291,-0.229197,1.236889,1.570664,0.000000,0.000000,-0.330312,-0.369333,0.524431,0.757638,0.007022,0.000000,0.000000
4.604012,-3.663218,0.838683,0.028575,-0.012134,0.925714,0.376949,-0.186414,0.032642,0.191881,-0.017450,-0.259276,-0.000156,0.173410,-0.041087,-0.047095,0.471885,-0.416727,-0.017806,0.229905,-0.011155,0.395776,0.342345,-0.236851,1.234808,1.570656,0.000000,0.000000,-0.320728,-0.371316,0.523859,0.747839,0.013367,0.000000,0.000000
4.613338,-3.669592,0.838504,0.030574,-0.012325,0.926310,0.375317,-0.183014,0.030287,0.198024,-0.017450,-0.259537,-0.001047,0.171304,-0.040081,-0.051042,0.464213,-0.425987,-0.016682,0.225080,-0.011027,0.395448,0.342266,-0.243943,1.234106,1.570651,0.000000,0.000000,-0.311871,-0.372646,0.523303,0.740945,0.016490,0.000000,0.000000
4.622462,-3.676126,0.838466,0.032538,-0.012431,0.926651,0.374304,-0.179518,0.027720,0.205980,-0.017450,-0.256173,-0.002262,0.168311,-0.039367,-0.053520,0.458840,-0.435200,-0.015921,0.219523,-0.010907,0.395031,0.341444,-0.249852,1.232726,1.570641,0.000000,0.000000,-0.302237,-0.372794,0.523561,0.736168,0.015632,0.000000,0.000000
4.631357,-3.682734,0.838564,0.034563,-0.012204,0.926886,0.373548,-0.175375,0.024623,0.214737,-0.017450,-0.251536,-0.003786,0.163985,-0.039032,-0.054790,0.453721,-0.446530,-0.015450,0.212729,-0.010694,0.395165,0.339302,-0.254081,1.229504,1.570634,0.000000,0.000000,-0.289318,-0.371959,0.524314,0.731870,0.017950,0.000000,0.000000
4.640228,-3.689379,0.838394,0.036973,-0.011796,0.927464,0.371894,-0.171327,0.020978,0.222205,-0.017450,-0.248812,-0.005369,0.159165,-0.038849,-0.055863,0.448959,-0.457116,-0.015060,0.205350,-0.010485,0.395660,0.337086,-0.258337,1.224639,1.570621,0.000000,0.000000,-0.275107,-0.372266,0.524172,0.728385,0.020685,0.000000,0.000000
4.648952,-3.695977,0.838175,0.039406,-0.011364,0.928120,0.370016,-0.167352,0.017101,0.227499,-0.017450,-0.246966,-0.006867,0.154201,-0.038799,-0.057330,0.443324,-0.465232,-0.014652,0.197204,-0.010295,0.395884,0.335240,-0.263931,1.219038,1.570619,0.000000,0.000000,-0.259045,-0.374288,0.522847,0.726428,0.014872,0.000000,0.000000
4.657726,-3.702469,0.837965,0.041504,-0.010680,0.928551,0.368723,-0.163594,0.014440,0.226740,-0.017450,-0.247026,-0.007533,0.149519,-0.038851,-0.059638,0.436134,-0.468619,-0.014168,0.190602,-0.010048,0.394990,0.333277,-0.273011,1.213411,1.570599,0.000000,0.000000,-0.242540,-0.374700,0.520593,0.728784,0.009084,0.000000,0.000000
4.666331,-3.709011,0.839004,0.043400,-0.009883,0.929027,0.367324,-0.159704,0.012813,0.220904,-0.008254,-0.248113,-0.007577,0.144943,-0.039128,-0.062722,0.427749,-0.468117,-0.013648,0.185173,-0.009792,0.393292,0.330957,-0.281283,1.207356,1.570586,0.000000,0.000000,-0.225045,-0.374075,0.518062,0.733722,0.005096,0.000000,0.000000
4.674600,-3.715636,0.842383,0.045162,-0.008977,0.929651,0.365552,-0.155833,0.011098,0.214099,0.020337,-0.248135,-0.007915,0.140546,-0.039867,-0.067219,0.418056,-0.464924,-0.013040,0.180213,-0.009489,0.389602,0.327440,-0.286043,1.201870,1.570584,0.000000,0.000000,-0.205123,-0.372907,0.514610,0.740001,0.006355,0.000000,0.000000
4.682682,-3.722304,0.846065,0.046716,-0.007954,0.930377,0.363529,-0.152403,0.009066,0.207609,0.055778,-0.248691,-0.008592,0.136460,-0.040558,-0.071615,0.407605,-0.459506,-0.012450,0.175598,-0.009218,0.384167,0.323961,-0.294406,1.197595,1.570567,0.000000,0.000000,-0.184031,-0.372306,0.510223,0.746579,0.008228,0.000000,0.000000
4.690772,-3.728880,0.849276,0.048297,-0.006798,0.930930,0.361926,-0.148966,0.007174,0.201285,0.093567,-0.251822,-0.009263,0.132541,-0.041318,-0.074294,0.397121,-0.452540,-0.012178,0.171859,-0.008946,0.377115,0.321533,-0.306955,1.194373,1.570542,0.000000,0.000000,-0.162250,-0.372364,0.503510,0.755273,0.005683,0.000000,0.000000
4.698828,-3.735392,0.852008,0.049613,-0.005619,0.931550,0.360170,-0.145422,0.004939,0.196366,0.132607,-0.256520,-0.010133,0.128572,-0.041895,-0.075821,0.385956,-0.442544,-0.012058,0.169359,-0.008733,0.368142,0.319341,-0.319032,1.190521,1.570533,0.000000,0.000000,-0.139720,-0.373352,0.497317,0.763929,0.003982,0.000000,0.000000
4.706881,-3.741856,0.854224,0.050712,-0.004498,0.932522,0.357506,-0.141563,0.002417,0.191747,0.172995,-0.261217,-0.011099,0.124531,-0.042207,-0.077912,0.373829,-0.429127,-0.011805,0.166344,-0.008455,0.356600,0.318084,-0.333880,1.187745,1.570536,0.000000,0.000000,-0.116729,-0.374470,0.491548,0.772651,0.000535,0.000000,0.000000
4.715040,-3.748035,0.855752,0.051473,-0.003454,0.933632,0.354498,-0.137438,0.000945,0.189228,0.213076,-0.266921,-0.012075,0.120293,-0.042135,-0.081311,0.361661,-0.413356,-0.011253,0.163482,-0.008165,0.342541,0.316714,-0.350447,1.186844,1.570539,0.000000,0.000000,-0.093382,-0.373974,0.480931,0.782674,-0.008717,0.000000,0.000000
4.723408,-3.754143,0.856536,0.052118,-0.002594,0.934492,0.352138,-0.132901,0.001007,0.187624,0.253862,-0.273552,-0.012805,0.115506,-0.041249,-0.083040,0.349876,-0.396149,-0.010761,0.161117,-0.007879,0.326910,0.316737,-0.366997,1.185195,1.570555,0.000000,0.000000,-0.070535,-0.373652,0.468104,0.791555,-0.019718,0.000000,0.000000
4.731742,-3.760346,0.856482,0.052682,-0.001793,0.935297,0.349917,-0.128144,0.001917,0.187169,0.295602,-0.280780,-0.013494,0.110405,-0.040274,-0.084075,0.338648,-0.380423,-0.010360,0.157515,-0.007553,0.312061,0.317859,-0.383643,1.181534,1.570596,0.000000,0.000000,-0.049039,-0.372836,0.457532,0.801752,-0.024317,0.000000,0.000000
4.739871,-3.766472,0.855501,0.052925,-0.000737,0.935984,0.348040,-0.123086,0.003058,0.189100,0.339072,-0.287522,-0.014532,0.105028,-0.040191,-0.086337,0.326809,-0.365204,-0.009993,0.153627,-0.007160,0.298144,0.317080,-0.397754,1.176627,1.570627,0.000000,0.000000,-0.025811,-0.368251,0.447803,0.821309,-0.020551,0.000000,0.000000
4.748182,-3.772448,0.857175,0.052795,0.000296,0.936571,0.346478,-0.117963,0.004682,0.190798,0.381010,-0.292524,-0.015367,0.099313,-0.039802,-0.088474,0.314801,-0.349087,-0.009561,0.150136,-0.006768,0.284215,0.315990,-0.407989,1.170370,1.570658,0.000000,0.000000,-0.002676,-0.361245,0.439665,0.845252,-0.015346,0.000000,0.000000
4.756742,-3.778549,0.859215,0.052554,0.001005,0.937163,0.344910,-0.112703,0.006825,0.190680,0.421842,-0.296628,-0.015722,0.093068,-0.038635,-0.089492,0.303502,-0.332305,-0.009106,0.146151,-0.006477,0.268400,0.317000,-0.416764,1.163589,1.570726,0.000000,0.000000,0.017971,-0.356829,0.432991,0.861674,-0.023994,0.000000,0.000000
4.765225,-3.784734,0.861071,0.052404,0.001621,0.938049,0.342514,-0.107202,0.009237,0.190876,0.462711,-0.301684,-0.015995,0.086700,-0.037517,-0.091437,0.293040,-0.315571,-0.008519,0.140402,-0.006142,0.252825,0.317944,-0.425920,1.157007,1.570799,0.000000,0.000000,0.036868,-0.352691,0.426110,0.878908,-0.039688,0.000000,0.000000
4.773580,-3.790903,0.862777,0.052539,0.002280,0.938932,0.340062,-0.101232,0.011918,0.189862,0.504253,-0.305679,-0.015934,0.080480,-0.036912,-0.094360,0.283585,-0.298708,-0.007903,0.134282,-0.005728,0.238035,0.319046,-0.436822,1.149755,1.570800,0.000000,0.000000,0.055540,-0.347323,0.418221,0.904424,-0.048580,0.000000,0.000000
4.781780,-3.797043,0.864280,0.052696,0.002826,0.939479,0.338519,-0.094614,0.015257,0.188721,0.545794,-0.309675,-0.015601,0.074184,-0.036641,-0.097300,0.275180,-0.283469,-0.007365,0.128901,-0.005303,0.224181,0.320818,-0.443288,1.141363,1.570800,0.000000,0.000000,0.073767,-0.342890,0.409400,0.929682,-0.051058,0.000000,0.000000
4.789953,-3.803200,0.865711,0.052612,0.003392,0.939580,0.338244,-0.087475,0.018860,0.188061,0.585596,-0.313709,-0.015181,0.067498,-0.036387,-0.098529,0.266368,-0.269862,-0.007103,0.124028,-0.004946,0.211693,0.322265,-0.443036,1.130678,1.570800,0.000000,0.000000,0.089907,-0.338561,0.403948,0.954848,-0.056123,0.000000,0.000000
4.797902,-3.809646,0.867046,0.052141,0.004126,0.940753,0.335033,-0.080809,0.021227,0.183184,0.623219,-0.314952,-0.014173,0.060982,-0.036115,-0.103399,0.256492,-0.254997,-0.006248,0.116096,-0.004504,0.198552,0.324254,-0.445832,1.118032,1.570800,0.000000,0.000000,0.106278,-0.334197,0.397406,0.976559,-0.061078,0.000000,0.000000
4.806005,-3.815811,0.868242,0.051533,0.004881,0.941713,0.332410,-0.073945,0.024117,0.180203,0.659518,-0.315872,-0.013287,0.054254,-0.035671,-0.109063,0.247002,-0.241394,-0.005216,0.107046,-0.004045,0.185634,0.326480,-0.447241,1.104852,1.570800,0.000000,0.000000,0.122440,-0.330753,0.391639,0.994875,-0.072200,0.000000,0.000000
4.814094,-3.821996,0.869231,0.051292,0.005260,0.942130,0.331258,-0.066008,0.027376,0.179695,0.694469,-0.313091,-0.012705,0.047429,-0.035153,-0.111978,0.239323,-0.231441,-0.004608,0.099625,-0.003619,0.173128,0.329136,-0.447229,1.092298,1.570800,0.000000,0.000000,0.137800,-0.327626,0.386772,1.014180,-0.081422,0.000000,0.000000
4.822062,-3.828507,0.870095,0.051130,0.005473,0.942389,0.330543,-0.057347,0.029911,0.177909,0.727389,-0.305342,-0.011994,0.040490,-0.034690,-0.113323,0.232171,-0.221548,-0.004272,0.093319,-0.003249,0.160687,0.332258,-0.446532,1.079793,1.570800,0.000000,0.000000,0.152215,-0.324136,0.382740,1.035918,-0.090870,0.000000,0.000000
4.830135,-3.834718,0.870823,0.050701,0.005614,0.942968,0.328951,-0.048546,0.033735,0.174327,0.758330,-0.302928,-0.010385,0.033658,-0.033547,-0.116349,0.224688,-0.210956,-0.003488,0.086278,-0.002837,0.149178,0.335636,-0.444172,1.063301,1.570800,0.000000,0.000000,0.166734,-0.320679,0.377475,1.056922,-0.102905,0.000000,0.000000
4.837728,-3.841647,0.871418,0.050012,0.005848,0.943881,0.326424,-0.039558,0.036225,0.171531,0.786533,-0.298617,-0.009246,0.026344,-0.033427,-0.121429,0.218016,-0.204291,-0.002652,0.077972,-0.002423,0.137304,0.340777,-0.443846,1.042658,1.570800,0.000000,0.000000,0.182011,-0.318984,0.370908,1.075286,-0.117099,0.000000,0.000000
4.845104,-3.848826,0.871911,0.049533,0.006242,0.944855,0.323661,-0.029994,0.037395,0.168339,0.812305,-0.292629,-0.008333,0.018724,-0.034372,-0.128578,0.213010,-0.198871,-0.001753,0.069394,-0.001939,0.124825,0.345951,-0.445559,1.024442,1.570800,0.000000,0.000000,0.197972,-0.317476,0.360471,1.093252,-0.129704,0.000000,0.000000
4.852702,-3.855665,0.872287,0.048825,0.006493,0.945553,0.321720,-0.020004,0.039764,0.167006,0.835377,-0.287950,-0.007355,0.010756,-0.034618,-0.134959,0.208055,-0.194106,-0.000805,0.060964,-0.001461,0.112405,0.350697,-0.445728,1.009929,1.570800,0.000000,0.000000,0.212266,-0.315020,0.350842,1.112581,-0.141293,0.000000,0.000000
4.860360,-3.862220,0.872519,0.048230,0.006633,0.946313,0.319566,-0.009567,0.043374,0.164462,0.856203,-0.279587,-0.005682,0.002828,-0.034433,-0.138995,0.204259,-0.191428,-0.000137,0.051803,-0.001000,0.100215,0.355924,-0.447271,0.995403,1.570800,0.000000,0.000000,0.225069,-0.312302,0.341545,1.131429,-0.150455,0.000000,0.000000
4.867870,-3.868694,0.872589,0.048009,0.006619,0.947213,0.316920,0.001526,0.047732,0.160970,0.875388,-0.270499,-0.003510,-0.004775,-0.034335,-0.141902,0.202631,-0.190400,0.000331,0.042164,-0.000494,0.088582,0.363081,-0.451764,0.979832,1.570800,0.000000,0.000000,0.239776,-0.309957,0.330899,1.146489,-0.152760,0.000000,0.000000
4.875228,-3.875386,0.872557,0.047765,0.006383,0.947916,0.314854,0.013209,0.052544,0.160143,0.892482,-0.261814,-0.001693,-0.012505,-0.034150,-0.143051,0.201400,-0.189506,0.000536,0.033262,-0.000071,0.076901,0.369508,-0.452715,0.965361,1.570800,0.000000,0.000000,0.255730,-0.307873,0.320919,1.158854,-0.156010,0.000000,0.000000
4.882510,-3.882515,0.872423,0.047138,0.006016,0.948492,0.313218,0.024685,0.056694,0.160159,0.906088,-0.252070,-0.000212,-0.020824,-0.033694,-0.143010,0.199930,-0.190896,0.000595,0.024460,0.000314,0.065749,0.373920,-0.448735,0.951933,1.570800,0.000000,0.000000,0.270837,-0.306889,0.311562,1.169499,-0.158123,0.000000,0.000000
4.889839,-3.890265,0.872198,0.046700,0.005710,0.949304,0.310818,0.036228,0.059231,0.157152,0.917321,-0.241701,0.001427,-0.029917,-0.033807,-0.144648,0.199835,-0.191535,0.000782,0.014091,0.000755,0.054350,0.377763,-0.445886,0.939391,1.570800,0.000000,0.000000,0.284656,-0.306830,0.303236,1.180816,-0.159683,0.000000,0.000000
4.897223,-3.898451,0.871919,0.046088,0.005700,0.950349,0.307700,0.047268,0.060083,0.151225,0.925771,-0.231879,0.003128,-0.039929,-0.034921,-0.147552,0.200728,-0.192752,0.000920,0.002913,0.001235,0.043526,0.382250,-0.444716,0.924250,1.570800,0.000000,0.000000,0.297727,-0.307442,0.293031,1.190292,-0.159322,0.000000,0.000000
4.904763,-3.906577,0.871486,0.045653,0.005569,0.951289,0.304850,0.058341,0.061183,0.145879,0.932321,-0.224259,0.004781,-0.050551,-0.036332,-0.150325,0.203534,-0.195871,0.000970,-0.007683,0.001749,0.033086,0.386221,-0.443085,0.909663,1.570800,0.000000,0.000000,0.311092,-0.307202,0.279449,1.199431,-0.155091,0.000000,0.000000
4.912536,-3.914805,0.870909,0.045527,0.005323,0.951985,0.302694,0.069232,0.061587,0.140407,0.937055,-0.217617,0.006219,-0.061608,-0.037682,-0.151800,0.208459,-0.199198,0.000840,-0.017344,0.002181,0.022790,0.391532,-0.442890,0.895625,1.570800,0.000000,0.000000,0.323725,-0.306641,0.267327,1.207136,-0.149570,0.000000,0.000000
4.920326,-3.923633,0.870257,0.045522,0.005065,0.952605,0.300741,0.079849,0.059416,0.131728,0.940131,-0.212078,0.007459,-0.073271,-0.039644,-0.151704,0.213387,-0.200213,0.000346,-0.027093,0.002625,0.010407,0.396688,-0.444037,0.884358,1.570800,0.000000,0.000000,0.336025,-0.307293,0.259022,1.213512,-0.149760,0.000000,0.000000
4.928119,-3.932793,0.869486,0.045195,0.004742,0.953344,0.298445,0.090031,0.056319,0.121553,0.939424,-0.207369,0.008656,-0.085756,-0.042019,-0.151797,0.219506,-0.198930,-0.000190,-0.036999,0.003017,-0.002328,0.402642,-0.445890,0.874814,1.570800,0.000000,0.000000,0.348200,-0.310864,0.250446,1.215434,-0.149788,0.000000,0.000000
4.936081,-3.941769,0.868511,0.044921,0.004095,0.954218,0.295692,0.100494,0.054557,0.111274,0.936540,-0.204879,0.010263,-0.098923,-0.044262,-0.153846,0.226890,-0.195908,-0.000340,-0.048821,0.003530,-0.014181,0.409138,-0.447958,0.865207,1.565258,0.000000,0.000000,0.360080,-0.313532,0.242174,1.217325,-0.146646,0.000000,0.000000
4.943978,-3.950638,0.867412,0.044801,0.003405,0.955228,0.292440,0.111130,0.051812,0.096833,0.932070,-0.205728,0.012330,-0.112434,-0.046666,-0.156792,0.235049,-0.190644,-0.000341,-0.062233,0.004105,-0.025144,0.415378,-0.450481,0.854254,1.558554,0.000000,0.000000,0.373449,-0.312414,0.235700,1.222064,-0.139100,0.000000,0.000000
4.951671,-3.959527,0.866295,0.044769,0.003079,0.956292,0.288950,0.121670,0.045741,0.076967,0.923596,-0.204614,0.014335,-0.126020,-0.049670,-0.160769,0.244301,-0.184384,-0.000292,-0.074675,0.004594,-0.036544,0.420694,-0.451384,0.844939,1.553441,0.000000,0.000000,0.386238,-0.310483,0.227477,1.228360,-0.132285,0.000000,0.000000
4.959763,-3.967888,0.865168,0.044579,0.002313,0.957343,0.285484,0.131218,0.042018,0.059865,0.913086,-0.202891,0.016506,-0.137853,-0.051196,-0.164859,0.249473,-0.176354,0.000127,-0.086131,0.004980,-0.048446,0.424951,-0.449825,0.839121,1.550716,0.000000,0.000000,0.397562,-0.309757,0.217525,1.232266,-0.126952,0.000000,0.000000
4.968289,-3.976189,0.864059,0.044173,0.001270,0.958363,0.282112,0.139392,0.041056,0.046742,0.902654,-0.201623,0.018766,-0.148158,-0.051526,-0.169519,0.249790,-0.167783,0.000885,-0.096658,0.005323,-0.059570,0.428218,-0.448496,0.832914,1.546719,0.000000,0.000000,0.408083,-0.308661,0.208536,1.235481,-0.123751,0.000000,0.000000
4.976705,-3.984687,0.862947,0.043559,0.000423,0.959289,0.279048,0.147390,0.039253,0.031879,0.890400,-0.195936,0.021064,-0.158340,-0.051781,-0.174849,0.247772,-0.159266,0.001725,-0.107137,0.005724,-0.071020,0.433240,-0.447682,0.826223,1.545061,0.000000,0.000000,0.417501,-0.308317,0.199959,1.237498,-0.121805,0.000000,0.000000
4.984766,-3.993185,0.861835,0.042898,-0.000079,0.960083,0.276405,0.155904,0.035614,0.015500,0.874146,-0.191721,0.023032,-0.168265,-0.052456,-0.180415,0.244662,-0.153723,0.002446,-0.117131,0.006079,-0.083047,0.439489,-0.446603,0.820780,1.546152,0.000000,0.000000,0.425966,-0.309233,0.193561,1.239709,-0.125547,0.000000,0.000000
4.992954,-4.002135,0.860691,0.042365,-0.000602,0.960849,0.273813,0.163283,0.031535,0.001941,0.857635,-0.195983,0.024306,-0.176831,-0.053452,-0.185472,0.238887,-0.150898,0.002945,-0.125548,0.006378,-0.093902,0.443384,-0.446976,0.816469,1.546175,0.000000,0.000000,0.433588,-0.310493,0.188704,1.242547,-0.132784,0.000000,0.000000
5.001357,-4.010849,0.859395,0.041807,-0.001041,0.961688,0.270939,0.170212,0.026116,-0.017003,0.837959,-0.207502,0.026141,-0.185071,-0.054614,-0.191075,0.230203,-0.151511,0.003393,-0.132516,0.006598,-0.105199,0.445086,-0.450594,0.813396,1.540703,0.000000,0.000000,0.441512,-0.309782,0.182556,1.245570,-0.138362,0.000000,0.000000
5.010042,-4.019818,0.857954,0.041205,-0.001470,0.962589,0.267812,0.176059,0.019558,-0.038863,0.817608,-0.215079,0.028176,-0.192576,-0.056022,-0.196177,0.219449,-0.155528,0.003586,-0.137888,0.006801,-0.117051,0.445245,-0.456890,0.813218,1.530351,0.000000,0.000000,0.448856,-0.307581,0.176222,1.246310,-0.138921,0.000000,0.000000
5.019215,-4.028567,0.856383,0.040535,-0.001876,0.963667,0.264008,0.180791,0.014485,-0.060200,0.794788,-0.221874,0.030604,-0.199219,-0.057082,-0.201306,0.205972,-0.159292,0.003779,-0.142619,0.007003,-0.130094,0.445220,-0.465187,0.813554,1.521787,0.000000,0.000000,0.455155,-0.304658,0.168679,1.247116,-0.135743,0.000000,0.000000
5.028716,-4.037217,0.854650,0.039633,-0.002254,0.964939,0.259456,0.184433,0.012339,-0.078488,0.767328,-0.234938,0.033443,-0.204837,-0.057736,-0.207981,0.188285,-0.161796,0.004191,-0.147169,0.007176,-0.145749,0.444404,-0.474498,0.815535,1.516345,0.000000,0.000000,0.460294,-0.300585,0.159013,1.249091,-0.132556,0.000000,0.000000
5.038344,-4.045534,0.852764,0.038368,-0.002615,0.966121,0.255209,0.187072,0.011867,-0.095396,0.736062,-0.259634,0.036580,-0.209246,-0.057373,-0.214717,0.166534,-0.164729,0.004663,-0.150597,0.007277,-0.162429,0.442141,-0.484323,0.819555,1.511024,0.000000,0.000000,0.464746,-0.296046,0.149455,1.249758,-0.130293,0.000000,0.000000
5.048008,-4.053613,0.850731,0.036874,-0.003042,0.967238,0.251159,0.188981,0.012009,-0.110816,0.704284,-0.291307,0.039583,-0.212408,-0.056312,-0.219548,0.142653,-0.168786,0.004880,-0.153604,0.007384,-0.177693,0.440924,-0.493538,0.821033,1.506156,0.000000,0.000000,0.468623,-0.291880,0.143099,1.247652,-0.129772,0.000000,0.000000
5.057434,-4.062549,0.848303,0.035672,-0.003466,0.968144,0.247815,0.190523,0.009130,-0.122864,0.675186,-0.317491,0.040925,-0.214773,-0.055859,-0.222332,0.116925,-0.174036,0.004564,-0.156005,0.007494,-0.191434,0.440765,-0.502583,0.821560,1.505313,0.000000,0.000000,0.471737,-0.288260,0.140411,1.245799,-0.131040,0.000000,0.000000
5.067616,-4.069931,0.845468,0.035016,-0.004205,0.968871,0.245043,0.191141,0.010792,-0.128394,0.650979,-0.344629,0.042433,-0.215086,-0.053358,-0.223019,0.089272,-0.183928,0.004294,-0.158203,0.007583,-0.201859,0.439795,-0.512409,0.824898,1.505388,0.000000,0.000000,0.473605,-0.284137,0.139553,1.245053,-0.134828,0.000000,0.000000
5.077826,-4.077541,0.842003,0.034310,-0.005204,0.969566,0.242358,0.190519,0.015802,-0.124082,0.629106,-0.368965,0.043113,-0.213852,-0.049959,-0.224568,0.057917,-0.200372,0.004035,-0.160523,0.007622,-0.210322,0.438051,-0.520873,0.828382,1.504005,0.000000,0.000000,0.474074,-0.279450,0.138104,1.244334,-0.137548,0.000000,0.000000
5.087963,-4.085460,0.838054,0.033283,-0.005637,0.970286,0.239595,0.188641,0.022070,-0.111752,0.606620,-0.390950,0.042534,-0.211657,-0.046970,-0.228238,0.022806,-0.221827,0.003577,-0.162467,0.007632,-0.218716,0.437292,-0.527146,0.828658,1.504726,0.000000,0.000000,0.473260,-0.275201,0.134091,1.242110,-0.137658,0.000000,0.000000
5.098029,-4.093200,0.833909,0.031925,-0.005560,0.970668,0.238230,0.186444,0.027000,-0.096468,0.582496,-0.409299,0.040846,-0.209261,-0.043565,-0.231609,-0.013550,-0.240958,0.003014,-0.162994,0.007610,-0.224181,0.436627,-0.530543,0.825804,1.508933,0.000000,0.000000,0.471803,-0.271608,0.130962,1.236587,-0.136946,0.000000,0.000000
5.107841,-4.101225,0.834181,0.030778,-0.005132,0.970634,0.238527,0.184651,0.028343,-0.082366,0.558609,-0.422658,0.038279,-0.207155,-0.040697,-0.235200,-0.017450,-0.255474,0.002817,-0.161999,0.007565,-0.225200,0.436319,-0.531439,0.822863,1.514369,0.000000,0.000000,0.468892,-0.268908,0.128667,1.232410,-0.139016,0.000000,0.000000
5.117803,-4.109191,0.835036,0.029783,-0.004688,0.970553,0.238994,0.182549,0.029103,-0.067905,0.532475,-0.434397,0.035418,-0.204351,-0.038398,-0.238980,-0.017450,-0.271209,0.002763,-0.160765,0.007512,-0.226974,0.437781,-0.530006,0.818007,1.520385,0.000000,0.000000,0.463796,-0.267392,0.126246,1.229372,-0.143085,0.000000,0.000000
5.127792,-4.116867,0.836135,0.028543,-0.004440,0.970143,0.240809,0.180383,0.029765,-0.053155,0.507886,-0.443362,0.032574,-0.201167,-0.035370,-0.242832,-0.017450,-0.282872,0.002992,-0.159605,0.007455,-0.222722,0.435766,-0.529596,0.818336,1.524492,0.000000,0.000000,0.457969,-0.265122,0.126051,1.226310,-0.142318,0.000000,0.000000
5.137647,-4.124525,0.837390,0.027360,-0.004149,0.969515,0.243464,0.178214,0.029097,-0.040635,0.486927,-0.450630,0.029865,-0.198312,-0.031195,-0.250097,-0.017450,-0.287071,0.003860,-0.156770,0.007357,-0.218322,0.434514,-0.528404,0.817271,1.528344,0.000000,0.000000,0.452297,-0.263429,0.126380,1.222345,-0.143309,0.000000,0.000000
5.147346,-4.132062,0.838641,0.026404,-0.003749,0.968950,0.245816,0.175774,0.028256,-0.030961,0.470129,-0.456791,0.027719,-0.195938,-0.027031,-0.260440,-0.017450,-0.285060,0.005168,-0.153330,0.007284,-0.214072,0.434565,-0.528520,0.813662,1.529073,0.000000,0.000000,0.447213,-0.262229,0.129513,1.218138,-0.150183,0.000000,0.000000
5.157047,-4.139029,0.839712,0.026560,-0.002787,0.968093,0.249165,0.173388,0.027072,-0.023340,0.456983,-0.462461,0.025906,-0.193538,-0.024294,-0.268232,-0.017450,-0.280214,0.006294,-0.149318,0.007171,-0.209175,0.435168,-0.528339,0.809228,1.528587,0.000000,0.000000,0.442311,-0.261548,0.130820,1.213319,-0.146549,0.000000,0.000000
5.166189,-4.146747,0.840985,0.028794,-0.000037,0.966411,0.255383,0.170372,0.021030,-0.013128,0.440353,-0.470360,0.022216,-0.189853,-0.024668,-0.277615,-0.017450,-0.271746,0.007407,-0.139342,0.006771,-0.200171,0.434243,-0.524363,0.800734,1.529110,0.000000,0.000000,0.436794,-0.263073,0.129876,1.204326,-0.142767,0.000000,0.000000
5.175076,-4.154431,0.841805,0.030844,0.001387,0.965168,0.259801,0.167311,0.014402,-0.005425,0.427015,-0.475456,0.018839,-0.186258,-0.026994,-0.285365,-0.017450,-0.262912,0.008283,-0.128962,0.006390,-0.186720,0.430840,-0.522712,0.796640,1.528863,0.000000,0.000000,0.433126,-0.264634,0.127638,1.195053,-0.141049,0.000000,0.000000
5.184137,-4.161762,0.842218,0.032379,0.001560,0.964376,0.262542,0.164458,0.010455,-0.000727,0.418508,-0.477445,0.016841,-0.183310,-0.028688,-0.289833,-0.017450,-0.254313,0.008955,-0.121467,0.006171,-0.176174,0.429143,-0.523758,0.794517,1.531739,0.000000,0.000000,0.430917,-0.265517,0.126550,1.187114,-0.137110,0.000000,0.000000
5.193076,-4.168622,0.842739,0.033384,0.000968,0.963640,0.265108,0.160832,0.007181,0.002761,0.409916,-0.478269,0.015262,-0.179737,-0.029841,-0.293290,-0.017450,-0.244328,0.009755,-0.113678,0.006006,-0.165209,0.428270,-0.524667,0.793134,1.537128,0.000000,0.000000,0.428392,-0.265891,0.126059,1.177363,-0.130420,0.000000,0.000000
5.201791,-4.175236,0.843412,0.034195,-0.000250,0.962962,0.267460,0.156216,0.004526,0.006206,0.400143,-0.477038,0.013884,-0.175011,-0.030525,-0.296300,-0.017450,-0.232257,0.010820,-0.105048,0.005771,-0.151976,0.427519,-0.524363,0.791910,1.538316,0.000000,0.000000,0.424274,-0.265415,0.127301,1.164810,-0.121208,0.000000,0.000000
5.210431,-4.181598,0.844356,0.034332,-0.002240,0.962590,0.268769,0.150388,0.003966,0.010510,0.388473,-0.472548,0.012960,-0.168987,-0.030151,-0.298254,-0.017450,-0.218456,0.012199,-0.097120,0.005560,-0.134959,0.427368,-0.523249,0.791586,1.536148,0.000000,0.000000,0.417610,-0.263181,0.131743,1.150018,-0.110967,0.000000,0.000000
5.219045,-4.187675,0.845320,0.033657,-0.004815,0.962312,0.269814,0.144527,0.005935,0.012941,0.375774,-0.465698,0.013024,-0.162929,-0.028095,-0.297878,-0.017450,-0.206087,0.013613,-0.092494,0.005420,-0.116923,0.428059,-0.521099,0.793689,1.535497,0.000000,0.000000,0.408795,-0.259474,0.139755,1.136840,-0.101047,0.000000,0.000000
5.227545,-4.193730,0.846448,0.032673,-0.007360,0.962138,0.270498,0.138163,0.009526,0.013353,0.360283,-0.454999,0.013827,-0.156183,-0.025225,-0.296504,-0.017450,-0.195635,0.015091,-0.090621,0.005244,-0.096821,0.429655,-0.517125,0.799317,1.539602,0.000000,0.000000,0.395330,-0.255758,0.151957,1.125585,-0.093524,0.000000,0.000000
5.236013,-4.199905,0.847844,0.031939,-0.009375,0.962306,0.269925,0.132459,0.012525,0.011552,0.346193,-0.442163,0.014839,-0.150220,-0.023827,-0.296640,-0.012123,-0.192878,0.016238,-0.091030,0.005083,-0.079675,0.431377,-0.512752,0.806202,1.548581,0.000000,0.000000,0.381312,-0.253533,0.162261,1.117451,-0.091491,0.000000,0.000000
5.244609,-4.205863,0.851180,0.031266,-0.011455,0.962459,0.269376,0.126418,0.015733,0.008061,0.332108,-0.426601,0.016186,-0.144290,-0.022657,-0.296962,0.014333,-0.194035,0.017612,-0.092140,0.004863,-0.061826,0.432853,-0.507018,0.815334,1.555867,0.000000,0.000000,0.365934,-0.251145,0.172123,1.110095,-0.088226,0.000000,0.000000
5.253538,-4.211490,0.854545,0.030439,-0.014137,0.962167,0.270386,0.120596,0.019688,0.004357,0.318918,-0.410240,0.017770,-0.138981,-0.020024,-0.294982,0.048988,-0.193936,0.019325,-0.093259,0.004652,-0.043648,0.434918,-0.499454,0.827048,1.560399,0.000000,0.000000,0.349337,-0.248117,0.186140,1.104820,-0.083222,0.000000,0.000000
5.262608,-4.217099,0.857758,0.030423,-0.015734,0.960739,0.275331,0.115715,0.020882,0.003222,0.305807,-0.393549,0.018248,-0.133467,-0.019551,-0.281010,0.087803,-0.189330,0.019265,-0.092545,0.004300,-0.021782,0.433464,-0.488329,0.841866,1.560219,0.000000,0.000000,0.329845,-0.247971,0.206215,1.099660,-0.079313,0.000000,0.000000
5.271468,-4.222980,0.860091,0.030452,-0.017009,0.959765,0.278630,0.110905,0.021631,0.004010,0.294570,-0.378070,0.018325,-0.127996,-0.020947,-0.268558,0.125809,-0.188026,0.018773,-0.090420,0.003946,-0.001591,0.430869,-0.480038,0.855600,1.559087,0.000000,0.000000,0.311352,-0.249057,0.220705,1.093416,-0.078927,0.000000,0.000000
5.280219,-4.228986,0.861671,0.030398,-0.018051,0.958834,0.281756,0.105802,0.022132,0.005900,0.283409,-0.362699,0.018161,-0.122427,-0.022972,-0.256815,0.165077,-0.191514,0.017988,-0.087217,0.003652,0.017216,0.428597,-0.472385,0.869758,1.564638,0.000000,0.000000,0.292627,-0.249123,0.235137,1.089530,-0.077502,0.000000,0.000000
5.288930,-4.235009,0.862385,0.030344,-0.019019,0.957744,0.285385,0.100808,0.022400,0.009001,0.271599,-0.346249,0.017755,-0.116904,-0.025112,-0.243868,0.207149,-0.199920,0.016762,-0.083560,0.003271,0.036370,0.425135,-0.462734,0.886537,1.569200,0.000000,0.000000,0.274158,-0.248127,0.252721,1.084547,-0.071428,0.000000,0.000000
5.297683,-4.240928,0.862183,0.030058,-0.019909,0.956500,0.289496,0.096135,0.022665,0.013257,0.258779,-0.329188,0.017165,-0.111720,-0.026803,-0.234241,0.250023,-0.206244,0.015980,-0.079926,0.002910,0.055119,0.421713,-0.451364,0.903481,1.570800,0.000000,0.000000,0.256676,-0.247051,0.268264,1.074644,-0.063186,0.000000,0.000000
5.305346,-4.248136,0.860970,0.031531,-0.020172,0.955019,0.294172,0.093313,0.018477,0.006443,0.244606,-0.301258,0.017246,-0.104649,-0.036395,-0.222524,0.298292,-0.197117,0.013122,-0.070424,0.002300,0.067126,0.406152,-0.451661,0.932576,1.570800,0.000000,0.000000,0.244863,-0.241149,0.273844,1.053915,-0.075059,0.000000,0.000000
5.313461,-4.253769,0.862477,0.031902,-0.020972,0.954108,0.297021,0.089496,0.018152,0.007280,0.234138,-0.284008,0.017091,-0.097578,-0.040952,-0.217485,0.341510,-0.199142,0.012158,-0.062369,0.001881,0.080845,0.399704,-0.452220,0.954154,1.570800,0.000000,0.000000,0.233627,-0.239392,0.277954,1.038993,-0.078044,0.000000,0.000000
5.321795,-4.259255,0.863962,0.031860,-0.021614,0.953419,0.299183,0.084201,0.018711,0.008231,0.225488,-0.268989,0.017108,-0.090155,-0.044108,-0.208981,0.382875,-0.205951,0.010612,-0.055659,0.001477,0.095588,0.395671,-0.450618,0.973503,1.570800,0.000000,0.000000,0.219655,-0.239138,0.282303,1.023766,-0.077035,0.000000,0.000000
5.329670,-4.265106,0.865297,0.032244,-0.022107,0.952587,0.301745,0.079061,0.018362,0.009824,0.217353,-0.255686,0.016778,-0.081819,-0.049381,-0.216800,0.428997,-0.204666,0.011437,-0.048814,0.001030,0.109988,0.391003,-0.448400,0.993590,1.570800,0.000000,0.000000,0.204002,-0.239818,0.285939,1.006230,-0.072410,0.000000,0.000000
5.337808,-4.270583,0.866443,0.032001,-0.022320,0.952069,0.303385,0.073129,0.018720,0.011568,0.209696,-0.245463,0.016585,-0.073410,-0.053614,-0.207710,0.467550,-0.212585,0.009082,-0.044180,0.000716,0.123954,0.387648,-0.446373,1.011823,1.570800,0.000000,0.000000,0.188149,-0.239730,0.289232,0.990968,-0.066333,0.000000,0.000000
5.345832,-4.276103,0.867420,0.032025,-0.022483,0.951415,0.305414,0.067048,0.018969,0.015497,0.203420,-0.236089,0.016016,-0.064619,-0.058758,-0.200954,0.507124,-0.219948,0.006799,-0.038565,0.000315,0.138215,0.385868,-0.447816,1.029788,1.570800,0.000000,0.000000,0.172419,-0.240085,0.292375,0.977999,-0.060917,0.000000,0.000000
5.353770,-4.281836,0.868301,0.032224,-0.022759,0.951010,0.306633,0.060659,0.019064,0.019803,0.198330,-0.226156,0.015350,-0.055282,-0.064913,-0.199059,0.547946,-0.224015,0.005053,-0.031320,-0.000128,0.151468,0.383655,-0.451997,1.050465,1.570800,0.000000,0.000000,0.158146,-0.241086,0.294145,0.962783,-0.055118,0.000000,0.000000
5.361774,-4.287509,0.869143,0.032464,-0.023110,0.950628,0.307764,0.054492,0.019216,0.022782,0.192773,-0.216614,0.014907,-0.045632,-0.070830,-0.197012,0.587364,-0.226285,0.003204,-0.023159,-0.000667,0.163668,0.379113,-0.457698,1.074195,1.570800,0.000000,0.000000,0.144827,-0.244245,0.300932,0.946639,-0.070796,0.000000,0.000000
5.369755,-4.292825,0.869894,0.032453,-0.023160,0.950409,0.308437,0.048267,0.019530,0.024596,0.186223,-0.208875,0.014683,-0.035242,-0.076661,-0.196741,0.625669,-0.224387,0.001604,-0.016068,-0.001009,0.176399,0.374423,-0.461665,1.095496,1.570800,0.000000,0.000000,0.131612,-0.245359,0.301449,0.931132,-0.066584,0.000000,0.000000
5.378005,-4.297925,0.870532,0.032389,-0.023168,0.950250,0.308931,0.041667,0.020321,0.026113,0.180390,-0.202361,0.014618,-0.024260,-0.081421,-0.197246,0.661909,-0.221448,0.000346,-0.009729,-0.001327,0.187882,0.373833,-0.465846,1.111253,1.570800,0.000000,0.000000,0.117877,-0.246967,0.299299,0.913340,-0.047700,0.000000,0.000000
5.386210,-4.303380,0.870913,0.032480,-0.022760,0.949631,0.310851,0.034961,0.019950,0.029465,0.176084,-0.197073,0.013972,-0.013312,-0.087474,-0.198376,0.695423,-0.216505,-0.001292,-0.002278,-0.001818,0.198932,0.373697,-0.467457,1.125615,1.570800,0.000000,0.000000,0.104073,-0.253027,0.303942,0.894878,-0.058943,0.000000,0.000000
5.394354,-4.308919,0.871092,0.032510,-0.021759,0.948767,0.313544,0.028400,0.018457,0.032972,0.171673,-0.193005,0.013027,-0.002836,-0.095234,-0.199319,0.725312,-0.215448,-0.003589,0.004748,-0.002133,0.212883,0.369514,-0.467618,1.141009,1.570800,0.000000,0.000000,0.088653,-0.255221,0.303372,0.881453,-0.039308,0.000000,0.000000
5.402816,-4.314677,0.871330,0.032244,-0.021118,0.947942,0.316101,0.021056,0.017363,0.036441,0.166759,-0.189188,0.012196,0.007643,-0.102397,-0.197244,0.752966,-0.219500,-0.006390,0.013313,-0.002729,0.226575,0.365684,-0.465952,1.155341,1.570800,0.000000,0.000000,0.073826,-0.263798,0.315998,0.866866,-0.067754,0.000000,0.000000
5.412251,-4.320049,0.871478,0.031684,-0.020321,0.947391,0.317857,0.012818,0.017391,0.038908,0.162598,-0.184546,0.011808,0.017289,-0.106537,-0.192969,0.774364,-0.216477,-0.008735,0.021238,-0.003062,0.238623,0.365188,-0.462788,1.164305,1.570800,0.000000,0.000000,0.059143,-0.269932,0.320610,0.852330,-0.074213,0.000000,0.000000
5.422332,-4.325378,0.871531,0.031282,-0.019516,0.946839,0.319587,0.003235,0.017901,0.040960,0.159345,-0.179382,0.011597,0.027212,-0.109235,-0.187610,0.796086,-0.203686,-0.010902,0.030056,-0.003461,0.249201,0.365439,-0.461673,1.175088,1.570800,0.000000,0.000000,0.042928,-0.275969,0.325289,0.837016,-0.077153,0.000000,0.000000
5.432700,-4.330845,0.871488,0.030681,-0.018789,0.946021,0.322101,-0.007084,0.018704,0.044228,0.157242,-0.174845,0.011266,0.036442,-0.110751,-0.180113,0.814688,-0.196981,-0.013121,0.039006,-0.003898,0.259319,0.364831,-0.460393,1.187205,1.570800,0.000000,0.000000,0.026141,-0.282321,0.333006,0.822739,-0.080305,0.000000,0.000000
5.443190,-4.336183,0.871382,0.029978,-0.018339,0.944567,0.326433,-0.017590,0.020580,0.050515,0.156201,-0.171356,0.010728,0.045217,-0.111865,-0.170467,0.829612,-0.198916,-0.015626,0.049475,-0.004415,0.270783,0.362357,-0.449695,1.198331,1.570800,0.000000,0.000000,0.009888,-0.287029,0.340406,0.806287,-0.088258,0.000000,0.000000
5.453673,-4.341682,0.871093,0.029488,-0.017585,0.943129,0.330648,-0.028401,0.022123,0.056458,0.156257,-0.168447,0.010160,0.054016,-0.114075,-0.161346,0.842365,-0.201111,-0.018365,0.061593,-0.004987,0.281804,0.361252,-0.439637,1.206324,1.570800,0.000000,0.000000,-0.005345,-0.293019,0.348712,0.787460,-0.101743,0.000000,0.000000
5.464341,-4.347527,0.870637,0.029177,-0.016575,0.942061,0.333759,-0.039931,0.023019,0.060689,0.157260,-0.165489,0.009706,0.062799,-0.116783,-0.153235,0.852828,-0.200235,-0.021059,0.073335,-0.005550,0.291661,0.361101,-0.434323,1.213319,1.570800,0.000000,0.000000,-0.021545,-0.301568,0.358996,0.772939,-0.121177,0.000000,0.000000
5.475299,-4.353587,0.870118,0.028651,-0.015618,0.941215,0.336228,-0.052275,0.024211,0.062791,0.158950,-0.161005,0.009652,0.071051,-0.118808,-0.145121,0.860071,-0.195805,-0.023510,0.083611,-0.005995,0.300880,0.361640,-0.428397,1.219713,1.570800,0.000000,0.000000,-0.038428,-0.310941,0.368161,0.761948,-0.129212,0.000000,0.000000
5.486273,-4.359928,0.869437,0.028383,-0.014561,0.940397,0.338580,-0.065241,0.024973,0.063550,0.162220,-0.155033,0.009699,0.079127,-0.121121,-0.136681,0.865250,-0.193861,-0.026094,0.094382,-0.006377,0.308808,0.361575,-0.421763,1.227717,1.570800,0.000000,0.000000,-0.055620,-0.320359,0.375858,0.753209,-0.117807,0.000000,0.000000
5.497151,-4.366265,0.868564,0.028438,-0.013341,0.939556,0.340951,-0.078759,0.025346,0.065292,0.167478,-0.147588,0.009493,0.087615,-0.123560,-0.127101,0.868323,-0.195145,-0.028928,0.105588,-0.006798,0.316589,0.360786,-0.412626,1.235912,1.570800,0.000000,0.000000,-0.072603,-0.329049,0.382906,0.745944,-0.102999,0.000000,0.000000
5.507899,-4.372411,0.867581,0.028578,-0.012065,0.938703,0.343329,-0.092116,0.025922,0.065684,0.172671,-0.139936,0.009540,0.096598,-0.125762,-0.117801,0.867674,-0.198212,-0.031635,0.116899,-0.007207,0.323890,0.360664,-0.401923,1.242580,1.570800,0.000000,0.000000,-0.087311,-0.336572,0.387624,0.736007,-0.098608,0.000000,0.000000
5.518219,-4.378468,0.866612,0.028462,-0.011033,0.937981,0.345341,-0.105211,0.026848,0.065191,0.176813,-0.132821,0.009800,0.106098,-0.127446,-0.109150,0.862607,-0.201306,-0.034039,0.128619,-0.007747,0.329535,0.361174,-0.389817,1.248526,1.570800,0.000000,0.000000,-0.097496,-0.346354,0.392044,0.717973,-0.122924,0.000000,0.000000
5.528025,-4.384439,0.865616,0.028367,-0.009947,0.937729,0.346064,-0.117653,0.026971,0.065241,0.180238,-0.125061,0.009782,0.116217,-0.129105,-0.102462,0.853414,-0.202626,-0.036067,0.139747,-0.008187,0.334497,0.362243,-0.380687,1.253528,1.570800,0.000000,0.000000,-0.107596,-0.355316,0.394216,0.704381,-0.139541,0.000000,0.000000
5.537580,-4.390216,0.864599,0.028361,-0.008732,0.938420,0.344219,-0.129438,0.025912,0.065288,0.183148,-0.115719,0.009501,0.126927,-0.129897,-0.099396,0.840383,-0.200884,-0.037129,0.149708,-0.008498,0.337532,0.362065,-0.372222,1.259160,1.570800,0.000000,0.000000,-0.115878,-0.362945,0.390999,0.697321,-0.145718,0.000000,0.000000
5.547215,-4.395916,0.863396,0.028758,-0.007360,0.939401,0.341533,-0.141204,0.023995,0.063934,0.184940,-0.105181,0.009250,0.138982,-0.130925,-0.099468,0.823011,-0.194467,-0.037691,0.160738,-0.008801,0.338731,0.362385,-0.365900,1.265349,1.570787,0.000000,0.000000,-0.123326,-0.371215,0.385093,0.694049,-0.148419,0.000000,0.000000
5.557865,-4.401388,0.862260,0.028868,-0.006118,0.939004,0.342638,-0.150950,0.023559,0.065789,0.182249,-0.095644,0.008826,0.148482,-0.131452,-0.095942,0.805813,-0.187159,-0.038700,0.171227,-0.009048,0.340563,0.362060,-0.359309,1.269802,1.570766,0.000000,0.000000,-0.131963,-0.375756,0.381424,0.693275,-0.140379,0.000000,0.000000
5.569770,-4.406023,0.861020,0.028306,-0.005378,0.937374,0.347132,-0.161786,0.026770,0.073178,0.177101,-0.088767,0.008374,0.157935,-0.127656,-0.081935,0.779834,-0.176571,-0.040271,0.184174,-0.009303,0.344284,0.362707,-0.348154,1.273973,1.570755,0.000000,0.000000,-0.148413,-0.378879,0.386117,0.697043,-0.103104,0.000000,0.000000
5.582688,-4.411211,0.859686,0.027488,-0.004633,0.935689,0.351724,-0.171687,0.031594,0.078983,0.168499,-0.081842,0.008554,0.163730,-0.121693,-0.064105,0.755203,-0.168586,-0.041777,0.195301,-0.009805,0.346975,0.364005,-0.330617,1.280115,1.570753,0.000000,0.000000,-0.165010,-0.383833,0.397814,0.698687,-0.098602,0.000000,0.000000
5.596356,-4.416193,0.858362,0.026040,-0.004164,0.929879,0.366920,-0.179356,0.041067,0.099192,0.155385,-0.074730,0.007499,0.163839,-0.118675,-0.031989,0.731019,-0.163073,-0.046797,0.206076,-0.010277,0.355167,0.362215,-0.294738,1.285678,1.570753,0.000000,0.000000,-0.189768,-0.382713,0.424677,0.701149,-0.100147,0.000000,0.000000
5.609341,-4.421594,0.857074,0.024925,-0.004203,0.927041,0.374108,-0.185741,0.048298,0.113140,0.142243,-0.071283,0.007007,0.164603,-0.113680,-0.009732,0.708300,-0.161688,-0.049402,0.214533,-0.010603,0.361026,0.362608,-0.274185,1.288025,1.570759,0.000000,0.000000,-0.210207,-0.381629,0.444631,0.708658,-0.084735,0.000000,0.000000
5.621455,-4.427279,0.855467,0.023947,-0.003844,0.925613,0.377692,-0.191704,0.053607,0.119464,0.126312,-0.070232,0.007304,0.166803,-0.109233,0.004366,0.680784,-0.165665,-0.050655,0.221637,-0.010892,0.363338,0.362503,-0.260533,1.289952,1.570756,0.000000,0.000000,-0.225810,-0.381489,0.455484,0.712068,-0.075840,0.000000,0.000000
5.633391,-4.433012,0.853424,0.023071,-0.002923,0.923452,0.383008,-0.196691,0.058148,0.125693,0.106397,-0.069722,0.007454,0.168522,-0.106772,0.016982,0.648595,-0.177526,-0.052204,0.228232,-0.011256,0.365086,0.360036,-0.243874,1.291873,1.570753,0.000000,0.000000,-0.239920,-0.382685,0.466435,0.713104,-0.093437,0.000000,0.000000
5.645359,-4.438556,0.851164,0.022379,-0.002369,0.921756,0.387116,-0.200524,0.062106,0.135375,0.084420,-0.070413,0.007027,0.170046,-0.102699,0.029460,0.615732,-0.199790,-0.053099,0.233618,-0.011390,0.368530,0.357992,-0.228213,1.291704,1.570750,0.000000,0.000000,-0.252716,-0.381813,0.477531,0.717001,-0.095403,0.000000,0.000000
5.657042,-4.444085,0.848642,0.021992,-0.001904,0.920475,0.390178,-0.202750,0.065330,0.144503,0.061193,-0.075842,0.006642,0.171518,-0.098765,0.037748,0.585477,-0.234566,-0.053120,0.237618,-0.011415,0.373353,0.356792,-0.216423,1.288817,1.570743,0.000000,0.000000,-0.264201,-0.378143,0.486866,0.722220,-0.064569,0.000000,0.000000
5.668601,-4.449854,0.845862,0.021880,-0.001331,0.919014,0.393614,-0.203195,0.068232,0.151280,0.036929,-0.084442,0.006594,0.172384,-0.097877,0.037236,0.560070,-0.269493,-0.052356,0.241089,-0.011674,0.377416,0.355794,-0.204832,1.286707,1.570760,0.000000,0.000000,-0.273727,-0.378825,0.496938,0.724292,-0.074565,0.000000,0.000000
5.680187,-4.455527,0.842744,0.021926,-0.000908,0.917373,0.397423,-0.202118,0.071430,0.158761,0.010792,-0.095432,0.006581,0.172251,-0.099092,0.029633,0.538084,-0.299772,-0.050828,0.243824,-0.011767,0.382950,0.354652,-0.194688,1.282881,1.570756,0.000000,0.000000,-0.282213,-0.376015,0.505607,0.727068,-0.075345,0.000000,0.000000
5.691772,-4.461068,0.839499,0.022194,-0.000956,0.916138,0.400246,-0.200106,0.074697,0.166312,-0.015050,-0.105533,0.006604,0.171668,-0.099914,0.017495,0.519197,-0.324654,-0.048318,0.245756,-0.011810,0.388528,0.353903,-0.187475,1.278708,1.570754,0.000000,0.000000,-0.289658,-0.373216,0.514644,0.731984,-0.064274,0.000000,0.000000
5.702828,-4.466548,0.839158,0.022427,-0.000849,0.915798,0.401013,-0.198054,0.076395,0.173159,-0.017450,-0.114641,0.006370,0.171156,-0.100043,0.002596,0.500851,-0.346961,-0.045105,0.245160,-0.011839,0.393414,0.353792,-0.181574,1.273735,1.570764,0.000000,0.000000,-0.296250,-0.372960,0.522754,0.737050,-0.056718,0.000000,0.000000
5.713422,-4.471811,0.839288,0.022430,-0.000861,0.915867,0.400854,-0.195955,0.076958,0.183168,-0.017450,-0.126608,0.005581,0.171015,-0.099627,-0.015538,0.479910,-0.368060,-0.041097,0.242957,-0.011821,0.398138,0.354333,-0.177560,1.266875,1.570779,0.000000,0.000000,-0.299039,-0.373761,0.530874,0.736701,-0.051629,0.000000,0.000000
5.721416,-4.478978,0.839291,0.023409,-0.001467,0.915697,0.401184,-0.192900,0.067205,0.209060,-0.017450,-0.166491,0.001843,0.172239,-0.106659,-0.049427,0.455521,-0.400946,-0.036228,0.235816,-0.011673,0.410265,0.357512,-0.150117,1.258018,1.570800,0.000000,0.000000,-0.302949,-0.396285,0.561002,0.726388,-0.001481,0.000000,0.000000
5.731519,-4.484920,0.839767,0.023106,-0.001564,0.916390,0.399617,-0.191145,0.063524,0.222360,-0.017450,-0.179848,0.000261,0.172140,-0.106264,-0.067334,0.434345,-0.413137,-0.032439,0.230698,-0.011524,0.412103,0.357042,-0.146775,1.253114,1.570800,0.000000,0.000000,-0.300164,-0.403462,0.567841,0.718525,0.011974,0.000000,0.000000
5.741843,-4.490810,0.840205,0.023243,-0.001574,0.917559,0.396917,-0.189301,0.059627,0.236026,-0.017450,-0.185709,-0.001520,0.171604,-0.103726,-0.079649,0.415932,-0.421088,-0.029250,0.225634,-0.011410,0.410679,0.356246,-0.150354,1.249843,1.570800,0.000000,0.000000,-0.295737,-0.407247,0.569527,0.713936,0.012056,0.000000,0.000000
5.752130,-4.496870,0.840426,0.024106,-0.001667,0.918676,0.394271,-0.187509,0.055874,0.248820,-0.017450,-0.184498,-0.003395,0.170269,-0.101120,-0.087402,0.403788,-0.426793,-0.026983,0.220771,-0.011310,0.409505,0.355347,-0.154953,1.247333,1.570800,0.000000,0.000000,-0.290655,-0.409442,0.570302,0.711164,0.010983,0.000000,0.000000
5.762084,-4.503175,0.840630,0.025657,-0.001838,0.919737,0.391691,-0.184928,0.050592,0.265865,-0.017450,-0.180160,-0.006170,0.167478,-0.097820,-0.094371,0.392548,-0.435899,-0.024605,0.213981,-0.011090,0.408879,0.354350,-0.161928,1.243248,1.570800,0.000000,0.000000,-0.282683,-0.412140,0.571240,0.708915,0.012048,0.000000,0.000000
5.771612,-4.509578,0.840785,0.027545,-0.001853,0.920889,0.388847,-0.181543,0.044571,0.283790,-0.017450,-0.178046,-0.009371,0.163405,-0.094465,-0.098576,0.384515,-0.448213,-0.022637,0.206223,-0.010816,0.408516,0.354038,-0.170613,1.237339,1.570800,0.000000,0.000000,-0.272531,-0.415097,0.572642,0.707850,0.016340,0.000000,0.000000
5.780968,-4.515866,0.840730,0.029665,-0.001734,0.921769,0.386599,-0.177678,0.040358,0.295409,-0.017450,-0.178480,-0.011709,0.159043,-0.091715,-0.100258,0.380366,-0.458694,-0.021339,0.199626,-0.010599,0.407943,0.353606,-0.178132,1.231016,1.570800,0.000000,0.000000,-0.262384,-0.417348,0.573925,0.708647,0.018405,0.000000,0.000000
5.790348,-4.522006,0.840876,0.031656,-0.002120,0.922485,0.384727,-0.172681,0.038226,0.301931,-0.017450,-0.181079,-0.013201,0.153853,-0.088103,-0.102697,0.377198,-0.467101,-0.019744,0.192210,-0.010338,0.407434,0.352550,-0.184720,1.223339,1.570800,0.000000,0.000000,-0.250140,-0.418848,0.574412,0.710859,0.014596,0.000000,0.000000
5.799406,-4.528140,0.840942,0.033712,-0.002219,0.923166,0.382913,-0.167229,0.036875,0.305345,-0.017450,-0.186149,-0.014206,0.148808,-0.085063,-0.107418,0.373465,-0.472921,-0.018017,0.184534,-0.010061,0.406325,0.350737,-0.190950,1.215261,1.570800,0.000000,0.000000,-0.236760,-0.419592,0.572757,0.715646,0.007302,0.000000,0.000000
5.807748,-4.534596,0.841660,0.035326,-0.002229,0.924376,0.379837,-0.161587,0.034298,0.305365,-0.014833,-0.190705,-0.015079,0.144231,-0.082744,-0.115550,0.366740,-0.475499,-0.015991,0.176176,-0.009676,0.403273,0.349359,-0.200468,1.207725,1.570800,0.000000,0.000000,-0.219852,-0.419833,0.567292,0.721557,0.001162,0.000000,0.000000
5.816201,-4.540773,0.845145,0.036602,-0.001715,0.925919,0.375942,-0.156474,0.031252,0.303618,0.012422,-0.196739,-0.016217,0.139863,-0.080505,-0.123920,0.357558,-0.471049,-0.013999,0.168413,-0.009308,0.397565,0.346933,-0.212155,1.200472,1.570800,0.000000,0.000000,-0.200313,-0.420786,0.558552,0.727216,-0.006718,0.000000,0.000000
5.824978,-4.546783,0.848850,0.038094,-0.001152,0.927551,0.371747,-0.151812,0.028924,0.302123,0.048807,-0.204303,-0.017672,0.135461,-0.078037,-0.131252,0.349264,-0.459216,-0.012193,0.161502,-0.008921,0.389388,0.344263,-0.226269,1.195812,1.570800,0.000000,0.000000,-0.178992,-0.419129,0.549642,0.735035,-0.008158,0.000000,0.000000
5.833680,-4.552799,0.852054,0.039570,-0.000068,0.929066,0.367791,-0.147351,0.026741,0.300575,0.088194,-0.211432,-0.019277,0.130659,-0.076442,-0.136725,0.342101,-0.442686,-0.010960,0.156205,-0.008578,0.379445,0.339913,-0.242015,1.191783,1.570800,0.000000,0.000000,-0.155729,-0.415736,0.543246,0.747367,-0.007120,0.000000,0.000000
5.842093,-4.558825,0.854704,0.041061,0.001426,0.930496,0.363990,-0.142422,0.024346,0.298787,0.130579,-0.217884,-0.021097,0.125404,-0.075871,-0.140014,0.335422,-0.429682,-0.010327,0.151744,-0.008265,0.368691,0.334441,-0.259629,1.185283,1.570800,0.000000,0.000000,-0.132120,-0.413590,0.533339,0.765002,-0.011850,0.000000,0.000000
5.850339,-4.564973,0.856600,0.042143,0.002804,0.931896,0.360257,-0.137152,0.022181,0.297350,0.171738,-0.225386,-0.022866,0.119715,-0.075293,-0.141272,0.329284,-0.420413,-0.009986,0.147525,-0.007943,0.357326,0.330158,-0.276099,1.179652,1.570800,0.000000,0.000000,-0.109404,-0.413510,0.520433,0.782924,-0.028826,0.000000,0.000000
5.858656,-4.571122,0.857706,0.042958,0.004250,0.933311,0.356465,-0.131384,0.020018,0.296044,0.211764,-0.233664,-0.024575,0.113496,-0.074710,-0.142350,0.323499,-0.407419,-0.009685,0.143341,-0.007497,0.344868,0.327063,-0.291843,1.173415,1.570796,0.000000,0.000000,-0.084337,-0.411900,0.507628,0.798443,-0.037773,0.000000,0.000000
5.867214,-4.577109,0.858070,0.043733,0.005212,0.934809,0.352409,-0.124897,0.019286,0.289982,0.252608,-0.241464,-0.025205,0.107059,-0.073106,-0.143530,0.317555,-0.391013,-0.009110,0.137835,-0.006923,0.331686,0.325953,-0.308318,1.165811,1.570800,0.000000,0.000000,-0.058662,-0.407432,0.490718,0.815202,-0.025582,0.000000,0.000000
5.875859,-4.583093,0.857646,0.044069,0.005808,0.936496,0.347850,-0.118700,0.019812,0.285122,0.291308,-0.253283,-0.025472,0.100827,-0.070673,-0.145441,0.310672,-0.375403,-0.008208,0.131514,-0.006463,0.317845,0.325733,-0.323323,1.158728,1.570800,0.000000,0.000000,-0.035282,-0.403476,0.475454,0.831228,-0.019910,0.000000,0.000000
5.884399,-4.589277,0.857528,0.044358,0.006429,0.937885,0.344038,-0.112170,0.020697,0.281658,0.332368,-0.264286,-0.025880,0.094271,-0.068548,-0.146885,0.302417,-0.357177,-0.007460,0.125170,-0.006102,0.303372,0.327800,-0.339098,1.151778,1.570800,0.000000,0.000000,-0.014617,-0.403564,0.460171,0.857979,-0.036514,0.000000,0.000000
5.892742,-4.595529,0.859464,0.044471,0.007068,0.939050,0.340820,-0.105489,0.021464,0.274197,0.370684,-0.270637,-0.025543,0.087842,-0.066727,-0.147379,0.293654,-0.338419,-0.006939,0.119838,-0.005673,0.288908,0.329501,-0.355564,1.143315,1.570800,0.000000,0.000000,0.007105,-0.398166,0.453960,0.869937,-0.048724,0.000000,0.000000
5.901089,-4.601443,0.861231,0.044524,0.007484,0.940331,0.337252,-0.098080,0.023644,0.272262,0.410010,-0.280177,-0.025748,0.081269,-0.064460,-0.149911,0.285231,-0.320438,-0.005967,0.113110,-0.005201,0.274557,0.332699,-0.371876,1.133277,1.570800,0.000000,0.000000,0.028868,-0.392421,0.443237,0.890890,-0.058096,0.000000,0.000000
5.909222,-4.607321,0.862787,0.044666,0.008024,0.941470,0.334029,-0.090261,0.025840,0.271887,0.447001,-0.291008,-0.026011,0.075001,-0.062732,-0.152951,0.277902,-0.304804,-0.005046,0.106439,-0.004775,0.261937,0.336497,-0.388212,1.119265,1.570800,0.000000,0.000000,0.048216,-0.387380,0.431853,0.909709,-0.068417,0.000000,0.000000
5.916957,-4.613821,0.864292,0.044514,0.008779,0.942262,0.331789,-0.081676,0.026364,0.269267,0.483421,-0.296995,-0.026318,0.067803,-0.062133,-0.154499,0.270633,-0.290308,-0.004648,0.100419,-0.004401,0.249160,0.338726,-0.398068,1.102583,1.570800,0.000000,0.000000,0.065473,-0.386788,0.415733,0.934964,-0.079091,0.000000,0.000000
5.924800,-4.620224,0.865665,0.044181,0.009562,0.943059,0.329538,-0.072882,0.026689,0.265896,0.517628,-0.301413,-0.026437,0.060321,-0.061418,-0.155610,0.263629,-0.278273,-0.004279,0.094834,-0.003885,0.235896,0.338172,-0.406238,1.087879,1.570800,0.000000,0.000000,0.087182,-0.376102,0.409031,0.957825,-0.078203,0.000000,0.000000
5.933032,-4.626451,0.866868,0.043993,0.009943,0.944111,0.326526,-0.063974,0.028687,0.259955,0.550910,-0.306332,-0.025485,0.053046,-0.059752,-0.157981,0.257037,-0.266990,-0.003460,0.087765,-0.003411,0.221832,0.339665,-0.412547,1.072611,1.570800,0.000000,0.000000,0.105998,-0.369888,0.397699,0.977165,-0.082716,0.000000,0.000000
5.941141,-4.632567,0.867908,0.043812,0.010215,0.945160,0.323495,-0.054765,0.031325,0.252349,0.582580,-0.308844,-0.023940,0.045949,-0.057839,-0.160294,0.251044,-0.253386,-0.002584,0.080094,-0.002933,0.207927,0.341708,-0.415965,1.056450,1.570800,0.000000,0.000000,0.125364,-0.364304,0.385696,0.994188,-0.085816,0.000000,0.000000
5.948948,-4.638767,0.868854,0.043483,0.010449,0.946107,0.320752,-0.045475,0.034053,0.246084,0.612322,-0.309299,-0.022504,0.039187,-0.056266,-0.163168,0.244601,-0.239359,-0.001706,0.072790,-0.002527,0.195354,0.342621,-0.416728,1.040132,1.570800,0.000000,0.000000,0.143398,-0.359200,0.375730,1.007229,-0.089506,0.000000,0.000000
5.956708,-4.644618,0.869827,0.042899,0.010748,0.947227,0.317498,-0.035493,0.038279,0.241825,0.642737,-0.311571,-0.020915,0.032571,-0.054266,-0.166338,0.236010,-0.227924,-0.000677,0.064788,-0.002083,0.184192,0.341246,-0.416287,1.020067,1.570800,0.000000,0.000000,0.159160,-0.354372,0.365531,1.037466,-0.092381,0.000000,0.000000
5.964245,-4.651185,0.870793,0.042294,0.011041,0.948409,0.314021,-0.026089,0.039984,0.230924,0.672744,-0.307057,-0.018664,0.026183,-0.053150,-0.169259,0.225875,-0.223457,0.000040,0.056403,-0.001577,0.172638,0.342020,-0.420499,0.997427,1.570800,0.000000,0.000000,0.174206,-0.349492,0.359038,1.057907,-0.098769,0.000000,0.000000
5.971723,-4.657708,0.871226,0.042312,0.010922,0.949190,0.311654,-0.015318,0.042512,0.223209,0.700180,-0.303900,-0.016678,0.019134,-0.053186,-0.174346,0.223936,-0.212802,0.000860,0.047850,-0.001073,0.161693,0.344797,-0.422884,0.977769,1.570800,0.000000,0.000000,0.190214,-0.346583,0.355633,1.074029,-0.111293,0.000000,0.000000
5.979702,-4.664287,0.871517,0.042077,0.010610,0.949794,0.309851,-0.004621,0.045630,0.216496,0.724895,-0.296530,-0.014577,0.011264,-0.052344,-0.176391,0.222751,-0.204482,0.001431,0.039642,-0.000601,0.150280,0.349174,-0.426637,0.960607,1.570800,0.000000,0.000000,0.205159,-0.345123,0.352886,1.095171,-0.124434,0.000000,0.000000
5.987746,-4.671302,0.871869,0.041546,0.010562,0.950774,0.306905,0.005442,0.048023,0.207496,0.747271,-0.287446,-0.012135,0.003106,-0.052093,-0.179317,0.219492,-0.202332,0.001951,0.031025,-0.000069,0.136139,0.356869,-0.437631,0.943286,1.570800,0.000000,0.000000,0.219840,-0.342033,0.348005,1.116458,-0.133349,0.000000,0.000000
5.995507,-4.678409,0.872134,0.040681,0.010385,0.951882,0.303574,0.015350,0.050837,0.197717,0.767124,-0.281825,-0.009314,-0.005034,-0.051821,-0.180188,0.215336,-0.202591,0.002115,0.023009,0.000336,0.123617,0.358846,-0.436389,0.926764,1.570800,0.000000,0.000000,0.233905,-0.339167,0.338581,1.132533,-0.139324,0.000000,0.000000
6.003389,-4.685491,0.872257,0.039962,0.010027,0.952859,0.300603,0.025947,0.054030,0.187790,0.785818,-0.274255,-0.006264,-0.014059,-0.050626,-0.179086,0.212314,-0.204101,0.002181,0.013463,0.000828,0.112094,0.363004,-0.435223,0.909194,1.570800,0.000000,0.000000,0.249698,-0.337380,0.328465,1.148107,-0.145474,0.000000,0.000000
6.011654,-4.693083,0.872229,0.039441,0.009967,0.953897,0.297363,0.036099,0.056185,0.180365,0.802806,-0.265470,-0.003988,-0.024387,-0.049807,-0.184386,0.212460,-0.207544,0.003154,0.003532,0.001434,0.096427,0.376686,-0.452731,0.891777,1.570800,0.000000,0.000000,0.267005,-0.334169,0.317618,1.164404,-0.153595,0.000000,0.000000
6.019750,-4.701315,0.872065,0.038843,0.009824,0.954834,0.294426,0.045494,0.057725,0.176270,0.817982,-0.254572,-0.002557,-0.034797,-0.050372,-0.190230,0.214298,-0.208771,0.003875,-0.003101,0.001687,0.084937,0.375006,-0.446773,0.876679,1.570800,0.000000,0.000000,0.280517,-0.331031,0.306534,1.178365,-0.164656,0.000000,0.000000
6.027824,-4.709702,0.871929,0.038508,0.009783,0.955641,0.291841,0.055213,0.057927,0.168931,0.832912,-0.239201,-0.000857,-0.045299,-0.052397,-0.191618,0.215330,-0.207155,0.003567,-0.011806,0.002104,0.072983,0.375249,-0.442694,0.862769,1.570800,0.000000,0.000000,0.291904,-0.329113,0.297511,1.193397,-0.177984,0.000000,0.000000
6.035850,-4.718703,0.871751,0.037931,0.009779,0.956487,0.289133,0.064108,0.054819,0.154679,0.844908,-0.226978,0.001182,-0.056260,-0.054969,-0.192084,0.215276,-0.204315,0.003004,-0.020839,0.002590,0.059388,0.378715,-0.444374,0.849218,1.570800,0.000000,0.000000,0.303477,-0.328813,0.291285,1.208361,-0.182628,0.000000,0.000000
6.044357,-4.727334,0.871494,0.037041,0.010007,0.957454,0.286025,0.072319,0.053035,0.143156,0.853133,-0.234830,0.003027,-0.067666,-0.056370,-0.193737,0.214685,-0.206193,0.002873,-0.031104,0.003092,0.046576,0.383427,-0.445470,0.833995,1.570800,0.000000,0.000000,0.314105,-0.329156,0.284804,1.221660,-0.185363,0.000000,0.000000
6.052584,-4.735838,0.871001,0.036455,0.009673,0.958156,0.283753,0.081410,0.052823,0.133598,0.861254,-0.230114,0.005019,-0.079263,-0.057661,-0.195990,0.216744,-0.204038,0.002902,-0.041379,0.003565,0.034483,0.389616,-0.444634,0.818664,1.570800,0.000000,0.000000,0.325337,-0.329754,0.275718,1.231861,-0.187653,0.000000,0.000000
6.060566,-4.744950,0.870349,0.036552,0.009519,0.958665,0.282019,0.091461,0.050343,0.123171,0.866121,-0.223582,0.006451,-0.091825,-0.060581,-0.200237,0.223369,-0.199775,0.002921,-0.050171,0.003977,0.023314,0.396416,-0.443159,0.802980,1.570800,0.000000,0.000000,0.336853,-0.330904,0.265083,1.240279,-0.192988,0.000000,0.000000
6.068376,-4.754364,0.869595,0.036624,0.009382,0.959359,0.279643,0.101343,0.046720,0.112795,0.868604,-0.222692,0.007471,-0.104407,-0.064360,-0.203572,0.231037,-0.195253,0.002638,-0.059300,0.004373,0.012968,0.400981,-0.439877,0.789324,1.570800,0.000000,0.000000,0.346904,-0.331150,0.254835,1.249921,-0.197097,0.000000,0.000000
6.076258,-4.763755,0.868734,0.036146,0.009088,0.960332,0.276356,0.110822,0.042254,0.098068,0.869366,-0.219700,0.009041,-0.117313,-0.068067,-0.204685,0.237260,-0.191538,0.002038,-0.070034,0.004825,0.002135,0.405020,-0.437821,0.776749,1.570800,0.000000,0.000000,0.356830,-0.331411,0.246040,1.260140,-0.197116,0.000000,0.000000
6.084161,-4.773270,0.867769,0.035696,0.008647,0.961057,0.273899,0.120006,0.035065,0.077690,0.868477,-0.215802,0.010792,-0.130196,-0.071624,-0.205133,0.242122,-0.188345,0.001380,-0.080193,0.005229,-0.009057,0.408786,-0.436189,0.766501,1.570800,0.000000,0.000000,0.366265,-0.332574,0.240118,1.269007,-0.196207,0.000000,0.000000
6.092422,-4.782284,0.866682,0.035594,0.007972,0.961872,0.271055,0.129322,0.029635,0.059160,0.865600,-0.213144,0.012708,-0.142619,-0.074371,-0.206356,0.246890,-0.182638,0.001075,-0.091058,0.005674,-0.020787,0.412449,-0.434535,0.759125,1.569151,0.000000,0.000000,0.374431,-0.333387,0.235460,1.278454,-0.197292,0.000000,0.000000
6.100859,-4.790573,0.865595,0.035359,0.007154,0.962735,0.268030,0.138199,0.027796,0.045231,0.861372,-0.216194,0.014843,-0.154128,-0.075538,-0.209345,0.250526,-0.173635,0.001439,-0.102041,0.006077,-0.033556,0.416871,-0.431805,0.752003,1.570216,0.000000,0.000000,0.381057,-0.334339,0.228461,1.286815,-0.198208,0.000000,0.000000
6.109085,-4.799219,0.864448,0.035082,0.006493,0.963552,0.265133,0.147340,0.025062,0.030490,0.854562,-0.218554,0.016831,-0.166189,-0.076724,-0.213875,0.254292,-0.162138,0.002076,-0.112369,0.006497,-0.048655,0.423399,-0.425793,0.740584,1.570800,0.000000,0.000000,0.386800,-0.336372,0.219770,1.293267,-0.199861,0.000000,0.000000
6.117526,-4.808179,0.863346,0.034936,0.005617,0.964134,0.263045,0.154744,0.021500,0.016088,0.848721,-0.220866,0.018461,-0.176001,-0.077389,-0.218230,0.253038,-0.151402,0.002767,-0.120981,0.006802,-0.059522,0.426408,-0.421570,0.734266,1.567307,0.000000,0.000000,0.391916,-0.336647,0.212458,1.299426,-0.199051,0.000000,0.000000
6.126221,-4.817166,0.862316,0.034792,0.005273,0.964816,0.260561,0.161765,0.017561,0.001526,0.840417,-0.224032,0.019974,-0.185231,-0.078794,-0.223081,0.248660,-0.141227,0.003312,-0.129410,0.007078,-0.071199,0.428609,-0.419296,0.730621,1.563982,0.000000,0.000000,0.396421,-0.337033,0.205210,1.306654,-0.199021,0.000000,0.000000
6.135244,-4.825921,0.861320,0.034560,0.005139,0.965595,0.257692,0.167765,0.014413,-0.012262,0.830413,-0.228157,0.021575,-0.193083,-0.080827,-0.226195,0.240931,-0.133636,0.003334,-0.136356,0.007346,-0.082424,0.429510,-0.419846,0.729489,1.560532,0.000000,0.000000,0.401140,-0.336893,0.200822,1.312438,-0.198071,0.000000,0.000000
6.144709,-4.834020,0.860033,0.033873,0.003990,0.966533,0.254264,0.173145,0.014748,-0.024726,0.818916,-0.232878,0.024058,-0.200156,-0.080123,-0.229982,0.230337,-0.127432,0.004053,-0.143427,0.007634,-0.093442,0.430922,-0.422084,0.728508,1.555147,0.000000,0.000000,0.405236,-0.335270,0.194699,1.316434,-0.198161,0.000000,0.000000
6.154236,-4.842612,0.858777,0.032909,0.003291,0.967462,0.250844,0.177382,0.015476,-0.037230,0.805676,-0.236618,0.026682,-0.206355,-0.079671,-0.232675,0.215622,-0.122334,0.004398,-0.150019,0.007868,-0.104839,0.432017,-0.425339,0.728157,1.546721,0.000000,0.000000,0.408323,-0.332665,0.186844,1.318362,-0.196581,0.000000,0.000000
6.163391,-4.851667,0.857369,0.031467,0.003288,0.968625,0.246506,0.181319,0.013701,-0.054740,0.785793,-0.244208,0.029432,-0.212548,-0.080550,-0.235859,0.194927,-0.118482,0.004340,-0.156729,0.008107,-0.119907,0.433241,-0.432707,0.728804,1.538594,0.000000,0.000000,0.411726,-0.329351,0.177732,1.317266,-0.196693,0.000000,0.000000
6.172391,-4.861087,0.855656,0.030740,0.003123,0.969447,0.243349,0.184966,0.007540,-0.076024,0.763629,-0.262260,0.031469,-0.217772,-0.081168,-0.242433,0.174071,-0.113251,0.004811,-0.160216,0.008253,-0.135193,0.432363,-0.442320,0.731868,1.535703,0.000000,0.000000,0.415651,-0.326375,0.169257,1.314292,-0.197741,0.000000,0.000000
6.181787,-4.870332,0.853641,0.029732,0.003207,0.970194,0.240476,0.187203,0.001416,-0.095154,0.741021,-0.279300,0.033154,-0.221755,-0.082577,-0.244410,0.149223,-0.116816,0.004169,-0.163153,0.008334,-0.149711,0.429711,-0.451812,0.736789,1.534214,0.000000,0.000000,0.417765,-0.323277,0.161334,1.311312,-0.193902,0.000000,0.000000
6.191861,-4.878676,0.851428,0.028854,0.002558,0.970848,0.237938,0.188390,0.000664,-0.105584,0.720180,-0.288423,0.034960,-0.224572,-0.081174,-0.248597,0.126046,-0.120598,0.004457,-0.165036,0.008403,-0.162263,0.427260,-0.459346,0.742416,1.533260,0.000000,0.000000,0.418902,-0.319433,0.154777,1.309299,-0.190493,0.000000,0.000000
6.202096,-4.886588,0.848714,0.027801,0.002273,0.971386,0.235861,0.189002,0.001005,-0.114722,0.693925,-0.303894,0.036831,-0.226348,-0.078828,-0.251736,0.095824,-0.125830,0.004476,-0.166202,0.008474,-0.176252,0.424189,-0.468280,0.749072,1.533544,0.000000,0.000000,0.419589,-0.314588,0.149778,1.304695,-0.185973,0.000000,0.000000
6.212359,-4.894147,0.845379,0.026388,0.001635,0.972014,0.233429,0.188972,0.002565,-0.122336,0.667009,-0.326491,0.038725,-0.226508,-0.075391,-0.249762,0.061390,-0.137901,0.003744,-0.167381,0.008500,-0.188844,0.421100,-0.476448,0.755217,1.533403,0.000000,0.000000,0.420275,-0.308753,0.145764,1.296500,-0.182737,0.000000,0.000000
6.222514,-4.902094,0.841596,0.025224,0.000910,0.972485,0.231596,0.188575,0.004134,-0.125896,0.643191,-0.350901,0.039794,-0.225741,-0.071009,-0.248063,0.027243,-0.155228,0.003075,-0.168243,0.008489,-0.198702,0.418581,-0.482903,0.762028,1.532061,0.000000,0.000000,0.421122,-0.303292,0.144052,1.287621,-0.184712,0.000000,0.000000
6.232584,-4.911055,0.837674,0.025084,0.001001,0.972650,0.230915,0.187743,0.003513,-0.124384,0.623049,-0.372842,0.039162,-0.224313,-0.069542,-0.246885,-0.004302,-0.171183,0.001982,-0.168307,0.008428,-0.205665,0.415586,-0.488414,0.768129,1.529722,0.000000,0.000000,0.421730,-0.299742,0.145053,1.279557,-0.185294,0.000000,0.000000
6.242732,-4.919672,0.835982,0.025268,0.001376,0.972530,0.231399,0.186550,0.002839,-0.118552,0.604333,-0.394586,0.037684,-0.222865,-0.068627,-0.248882,-0.017450,-0.185413,0.001384,-0.167389,0.008357,-0.210280,0.412329,-0.492296,0.773436,1.528864,0.000000,0.000000,0.421121,-0.297596,0.146803,1.270792,-0.183872,0.000000,0.000000
6.252936,-4.927199,0.836196,0.025171,0.001781,0.972372,0.232068,0.185016,0.003592,-0.108452,0.581208,-0.420759,0.035726,-0.221492,-0.065724,-0.256755,-0.017450,-0.202534,0.001790,-0.165660,0.008321,-0.214070,0.409074,-0.497970,0.779864,1.531563,0.000000,0.000000,0.419982,-0.294972,0.149571,1.258527,-0.183690,0.000000,0.000000
6.262999,-4.934201,0.836077,0.023767,-0.000647,0.972814,0.230365,0.182989,0.010414,-0.095081,0.558472,-0.440508,0.034991,-0.219845,-0.056196,-0.268665,-0.017450,-0.220194,0.003661,-0.167325,0.008398,-0.215903,0.409277,-0.503299,0.784615,1.538951,0.000000,0.000000,0.417842,-0.288517,0.149397,1.245989,-0.184905,0.000000,0.000000
6.272529,-4.942226,0.837267,0.021185,-0.001280,0.973454,0.227896,0.179468,0.012678,-0.089886,0.534420,-0.453708,0.034230,-0.217184,-0.051174,-0.276126,-0.017450,-0.233906,0.004470,-0.171688,0.008466,-0.218164,0.407922,-0.507529,0.787299,1.547735,0.000000,0.000000,0.412934,-0.283090,0.154892,1.235634,-0.177973,0.000000,0.000000
6.282210,-4.950111,0.838420,0.019948,-0.000834,0.973236,0.228937,0.176523,0.012702,-0.079490,0.513267,-0.465137,0.032063,-0.214954,-0.046180,-0.290294,-0.017450,-0.241760,0.005952,-0.172207,0.008378,-0.217423,0.405608,-0.508170,0.789957,1.552120,0.000000,0.000000,0.407904,-0.279623,0.162098,1.229834,-0.175250,0.000000,0.000000
6.291979,-4.957516,0.839627,0.020423,0.001101,0.972427,0.232307,0.174559,0.010019,-0.068276,0.495899,-0.476233,0.029089,-0.212234,-0.045000,-0.296859,-0.017450,-0.243363,0.006578,-0.169370,0.008169,-0.214010,0.401781,-0.507535,0.792042,1.551101,0.000000,0.000000,0.403270,-0.279409,0.168315,1.222944,-0.174989,0.000000,0.000000
6.301391,-4.964927,0.840206,0.021863,0.001999,0.971572,0.235726,0.172834,0.006633,-0.057415,0.480851,-0.486938,0.026020,-0.209161,-0.045023,-0.300538,-0.017450,-0.241399,0.007021,-0.165076,0.007979,-0.208340,0.398408,-0.507864,0.794388,1.549745,0.000000,0.000000,0.399547,-0.281123,0.174587,1.208844,-0.177092,0.000000,0.000000
6.310614,-4.972401,0.840382,0.023911,0.002375,0.970757,0.238857,0.171008,0.002921,-0.047954,0.469106,-0.495243,0.023162,-0.206022,-0.045562,-0.303267,-0.017450,-0.238671,0.007447,-0.159903,0.007838,-0.201233,0.395636,-0.509665,0.797115,1.552476,0.000000,0.000000,0.398268,-0.281828,0.180372,1.192915,-0.178125,0.000000,0.000000
6.319858,-4.979788,0.840584,0.025338,0.002052,0.970214,0.240910,0.168389,-0.000465,-0.039945,0.457747,-0.502222,0.020665,-0.202665,-0.045901,-0.305359,-0.017450,-0.235712,0.007952,-0.154320,0.007711,-0.192955,0.392474,-0.512583,0.801032,1.555443,0.000000,0.000000,0.398145,-0.280269,0.186922,1.177426,-0.175414,0.000000,0.000000
6.329111,-4.987148,0.841079,0.026826,0.002318,0.969479,0.243691,0.165085,-0.004212,-0.033322,0.447157,-0.507560,0.018345,-0.199186,-0.046976,-0.308055,-0.017450,-0.229850,0.008520,-0.147566,0.007504,-0.183943,0.388702,-0.516372,0.805459,1.557622,0.000000,0.000000,0.397249,-0.278552,0.193932,1.163510,-0.171867,0.000000,0.000000
6.338518,-4.993918,0.841351,0.027355,0.000818,0.968951,0.245733,0.160330,-0.005892,-0.028860,0.436762,-0.512191,0.016966,-0.195051,-0.046316,-0.308920,-0.017450,-0.227727,0.009242,-0.141477,0.007306,-0.173218,0.386577,-0.518927,0.811430,1.562566,0.000000,0.000000,0.394063,-0.277689,0.200576,1.149074,-0.168293,0.000000,0.000000
6.347723,-5.000707,0.841698,0.027459,-0.001300,0.968373,0.247990,0.153928,-0.005726,-0.025906,0.427118,-0.514058,0.016359,-0.189819,-0.043525,-0.307616,-0.017450,-0.231008,0.010015,-0.135530,0.007056,-0.159205,0.384089,-0.519454,0.822612,1.565322,0.000000,0.000000,0.388548,-0.276291,0.207180,1.134662,-0.163834,0.000000,0.000000
6.356349,-5.008133,0.842400,0.028187,-0.002506,0.967666,0.250643,0.147815,-0.006548,-0.022551,0.419926,-0.512269,0.015501,-0.184096,-0.041995,-0.307810,-0.017450,-0.227865,0.010814,-0.129736,0.006773,-0.143958,0.378224,-0.520382,0.837825,1.564985,0.000000,0.000000,0.384013,-0.271119,0.217079,1.121682,-0.158301,0.000000,0.000000
6.364370,-5.016187,0.843503,0.031819,-0.000870,0.965014,0.260258,0.143748,-0.014472,-0.011535,0.413978,-0.508477,0.011627,-0.177667,-0.045975,-0.314893,-0.017450,-0.213891,0.011821,-0.112532,0.006043,-0.126364,0.373189,-0.521522,0.853234,1.570800,0.000000,0.000000,0.378098,-0.275338,0.224362,1.108314,-0.165144,0.000000,0.000000
6.372621,-5.022812,0.843797,0.032317,-0.003173,0.964193,0.263205,0.139907,-0.015587,-0.005880,0.405784,-0.502023,0.010438,-0.172366,-0.045653,-0.316346,-0.017450,-0.207966,0.012789,-0.105201,0.005839,-0.115494,0.378509,-0.524175,0.861632,1.570800,0.000000,0.000000,0.371164,-0.276687,0.232385,1.097632,-0.167982,0.000000,0.000000
6.380726,-5.028643,0.846723,0.031845,-0.005884,0.963309,0.266435,0.135241,-0.013619,-0.001053,0.393135,-0.490181,0.010182,-0.166396,-0.042682,-0.314642,0.001031,-0.198124,0.014367,-0.099696,0.005435,-0.095562,0.374776,-0.518170,0.883826,1.570800,0.000000,0.000000,0.359505,-0.272443,0.244727,1.090077,-0.161083,0.000000,0.000000
6.388928,-5.034629,0.850246,0.031314,-0.008257,0.962569,0.269097,0.130797,-0.011372,0.001648,0.380096,-0.475508,0.010333,-0.161321,-0.040157,-0.313001,0.027838,-0.184374,0.016274,-0.097410,0.005091,-0.077877,0.370209,-0.509816,0.905020,1.570800,0.000000,0.000000,0.345910,-0.267502,0.258099,1.090612,-0.153821,0.000000,0.000000
6.397272,-5.040799,0.853474,0.030782,-0.010357,0.961845,0.271661,0.126121,-0.009368,0.004032,0.366551,-0.458797,0.010479,-0.156657,-0.038371,-0.312055,0.058490,-0.177784,0.018142,-0.096604,0.004881,-0.062000,0.369095,-0.504490,0.924017,1.570800,0.000000,0.000000,0.331458,-0.261726,0.270994,1.094047,-0.146565,0.000000,0.000000
6.405710,-5.046821,0.856218,0.029713,-0.012519,0.960987,0.274708,0.121017,-0.006944,0.005560,0.352329,-0.441341,0.010871,-0.152361,-0.035917,-0.310081,0.090700,-0.176497,0.019890,-0.094861,0.004567,-0.047542,0.368054,-0.496891,0.944681,1.570800,0.000000,0.000000,0.316287,-0.259767,0.285777,1.080247,-0.144352,0.000000,0.000000
6.414372,-5.052823,0.858427,0.028174,-0.014937,0.960178,0.277565,0.115091,-0.003672,0.005261,0.337667,-0.421404,0.011771,-0.147870,-0.032313,-0.306638,0.123264,-0.175006,0.021682,-0.093831,0.004183,-0.033739,0.366909,-0.487544,0.966933,1.570800,0.000000,0.000000,0.297789,-0.262275,0.303054,1.054071,-0.147613,0.000000,0.000000
6.422828,-5.059171,0.859997,0.027468,-0.016484,0.959233,0.280795,0.109631,-0.002247,0.006904,0.324652,-0.402520,0.011891,-0.143017,-0.031347,-0.303006,0.155223,-0.179906,0.022582,-0.092240,0.003850,-0.018432,0.364044,-0.478082,0.987646,1.570800,0.000000,0.000000,0.280700,-0.262355,0.315295,1.042478,-0.148265,0.000000,0.000000
6.431057,-5.065657,0.861241,0.027236,-0.017186,0.958122,0.284544,0.104583,-0.002779,0.010421,0.311256,-0.382675,0.011218,-0.137408,-0.033077,-0.294944,0.189596,-0.184681,0.022145,-0.088289,0.003471,-0.001851,0.357718,-0.468302,1.010040,1.570800,0.000000,0.000000,0.265291,-0.257217,0.328733,1.046699,-0.142357,0.000000,0.000000
6.439211,-5.072274,0.861910,0.027224,-0.017429,0.957084,0.288001,0.099599,-0.004594,0.012782,0.297340,-0.362639,0.010406,-0.131450,-0.037109,-0.286325,0.226788,-0.187923,0.021145,-0.082684,0.003053,0.013017,0.350729,-0.463073,1.034851,1.570800,0.000000,0.000000,0.251929,-0.246307,0.346569,1.072825,-0.128183,0.000000,0.000000
6.447721,-5.078475,0.861654,0.027136,-0.018001,0.955585,0.292910,0.094952,-0.005765,0.013951,0.282749,-0.343671,0.009951,-0.125989,-0.040415,-0.275666,0.265638,-0.191649,0.019886,-0.077241,0.002569,0.027521,0.346241,-0.454884,1.058835,1.570800,0.000000,0.000000,0.231729,-0.250717,0.362364,1.064716,-0.135496,0.000000,0.000000
6.456362,-5.083704,0.860376,0.026597,-0.019287,0.954350,0.296879,0.090478,-0.003677,0.018611,0.269536,-0.327759,0.009776,-0.120861,-0.041064,-0.270152,0.304812,-0.198847,0.019889,-0.073107,0.002262,0.043272,0.342646,-0.446812,1.081308,1.570800,0.000000,0.000000,0.216631,-0.247544,0.373410,1.065864,-0.139780,0.000000,0.000000
6.465064,-5.088591,0.859228,0.025678,-0.020438,0.953313,0.300195,0.085237,-0.000428,0.023507,0.257225,-0.312136,0.009839,-0.115111,-0.040816,-0.265082,0.343129,-0.204801,0.020074,-0.068575,0.001936,0.057648,0.340844,-0.441556,1.103403,1.570800,0.000000,0.000000,0.200808,-0.242996,0.382589,1.070783,-0.148757,0.000000,0.000000
6.473292,-5.093824,0.861234,0.024959,-0.021642,0.952122,0.303928,0.079947,0.002278,0.027359,0.245731,-0.296611,0.009916,-0.108522,-0.041654,-0.258454,0.384314,-0.210680,0.019672,-0.062912,0.001497,0.071076,0.339896,-0.436419,1.125906,1.570800,0.000000,0.000000,0.184055,-0.242847,0.391190,1.068158,-0.162127,0.000000,0.000000
6.481407,-5.099288,0.862990,0.024501,-0.022347,0.950922,0.307648,0.074835,0.003474,0.029962,0.234481,-0.281527,0.009807,-0.101846,-0.043587,-0.249949,0.425262,-0.215072,0.018532,-0.057216,0.001070,0.084814,0.336426,-0.431104,1.150760,1.570800,0.000000,0.000000,0.167171,-0.242671,0.398607,1.063662,-0.171271,0.000000,0.000000
6.489298,-5.105006,0.864522,0.024308,-0.022687,0.949943,0.310648,0.069818,0.003666,0.033875,0.223676,-0.267250,0.009241,-0.094940,-0.046925,-0.242355,0.466000,-0.217913,0.017063,-0.051976,0.000717,0.098826,0.330864,-0.429951,1.179615,1.570800,0.000000,0.000000,0.151647,-0.240102,0.401233,1.056774,-0.159343,0.000000,0.000000
6.496966,-5.110803,0.865888,0.024298,-0.022832,0.949200,0.312901,0.064535,0.003275,0.037378,0.213489,-0.254564,0.008595,-0.087088,-0.051623,-0.236982,0.508294,-0.216756,0.015594,-0.046373,0.000410,0.113870,0.325924,-0.432671,1.204279,1.570800,0.000000,0.000000,0.137639,-0.235170,0.391368,1.039634,-0.102821,0.000000,0.000000
6.504878,-5.116668,0.867041,0.024283,-0.023086,0.948520,0.314941,0.059294,0.003020,0.038186,0.205020,-0.243885,0.008413,-0.079368,-0.055491,-0.233567,0.547217,-0.216308,0.014470,-0.039944,-0.000009,0.126479,0.325873,-0.439722,1.219648,1.570800,0.000000,0.000000,0.124270,-0.238527,0.390066,1.024239,-0.088800,0.000000,0.000000
6.512840,-5.122293,0.868059,0.024072,-0.023215,0.947658,0.317532,0.053971,0.003216,0.040494,0.196822,-0.233972,0.008109,-0.071534,-0.059215,-0.231647,0.585304,-0.221986,0.013482,-0.033216,-0.000385,0.139970,0.324969,-0.444988,1.234869,1.570800,0.000000,0.000000,0.112616,-0.239589,0.390932,1.013904,-0.083061,0.000000,0.000000
6.520798,-5.127370,0.868984,0.024083,-0.023185,0.946619,0.320615,0.048785,0.003717,0.044212,0.188496,-0.224724,0.007659,-0.062663,-0.063104,-0.230221,0.628131,-0.220087,0.012529,-0.025298,-0.000822,0.156074,0.323482,-0.451149,1.249388,1.570800,0.000000,0.000000,0.100116,-0.240746,0.395093,1.003544,-0.075375,0.000000,0.000000
6.528211,-5.133033,0.869656,0.023894,-0.022854,0.946022,0.322412,0.043201,0.002993,0.049159,0.181620,-0.218733,0.006714,-0.053019,-0.069091,-0.228532,0.661881,-0.215801,0.010701,-0.018345,-0.001167,0.170087,0.320028,-0.457876,1.262871,1.570800,0.000000,0.000000,0.089272,-0.236744,0.402968,0.990135,-0.060744,0.000000,0.000000
6.535601,-5.139043,0.870265,0.023569,-0.022778,0.945821,0.323030,0.036859,0.002245,0.054355,0.175949,-0.215403,0.005739,-0.042790,-0.074466,-0.223444,0.689972,-0.218910,0.008161,-0.012656,-0.001577,0.181506,0.318082,-0.461201,1.276773,1.570800,0.000000,0.000000,0.075513,-0.246544,0.399244,0.980612,-0.058554,0.000000,0.000000
6.543420,-5.144703,0.870787,0.023505,-0.022507,0.945488,0.324027,0.029923,0.001486,0.055561,0.170888,-0.209622,0.005383,-0.031670,-0.079438,-0.220099,0.719333,-0.214378,0.006011,-0.006042,-0.001853,0.192464,0.315459,-0.468617,1.289380,1.570800,0.000000,0.000000,0.062467,-0.251913,0.399425,0.965666,-0.052644,0.000000,0.000000
6.551664,-5.149909,0.871205,0.023607,-0.022295,0.945038,0.325344,0.022861,0.001761,0.053724,0.167496,-0.203344,0.005754,-0.020191,-0.083004,-0.216490,0.747000,-0.208599,0.004128,0.001206,-0.002149,0.204000,0.313867,-0.475973,1.299761,1.570739,0.000000,0.000000,0.050887,-0.257516,0.400504,0.948258,-0.047458,0.000000,0.000000
6.559928,-5.155074,0.871497,0.023661,-0.022021,0.944488,0.326953,0.015714,0.002098,0.054109,0.164952,-0.199906,0.005793,-0.008681,-0.086263,-0.211959,0.772597,-0.202553,0.002058,0.008775,-0.002476,0.215180,0.313231,-0.481538,1.308308,1.570676,0.000000,0.000000,0.040268,-0.264043,0.400742,0.934520,-0.042983,0.000000,0.000000
6.568557,-5.160255,0.871639,0.023093,-0.021194,0.944031,0.328363,0.006587,0.002108,0.055404,0.162826,-0.200924,0.005623,0.003657,-0.090820,-0.216343,0.798066,-0.175972,0.001352,0.017056,-0.002762,0.225902,0.312386,-0.487804,1.315220,1.570603,0.000000,0.000000,0.028515,-0.269180,0.397223,0.926466,-0.026058,0.000000,0.000000
6.576383,-5.165692,0.871690,0.023286,-0.020812,0.943852,0.328890,-0.000959,0.001506,0.059074,0.162271,-0.199910,0.004939,0.014836,-0.093597,-0.204667,0.816077,-0.177017,-0.002169,0.022675,-0.002917,0.238626,0.313193,-0.492209,1.319134,1.570557,0.000000,0.000000,0.018669,-0.272435,0.392462,0.917585,0.002129,0.000000,0.000000
6.585236,-5.170721,0.871595,0.023277,-0.020372,0.943245,0.330653,-0.010567,0.001954,0.061328,0.165005,-0.201651,0.004739,0.027078,-0.095114,-0.194704,0.831933,-0.168871,-0.004982,0.032293,-0.003301,0.251799,0.315093,-0.497953,1.321430,1.570507,0.000000,0.000000,0.008560,-0.278622,0.390449,0.903561,0.029871,0.000000,0.000000
6.594888,-5.175939,0.871448,0.023024,-0.019621,0.942827,0.331907,-0.021123,0.002423,0.061996,0.166836,-0.202187,0.004782,0.038022,-0.095080,-0.185754,0.844962,-0.161918,-0.007072,0.042030,-0.003768,0.262379,0.316857,-0.502901,1.323732,1.570465,0.000000,0.000000,-0.002102,-0.284648,0.394428,0.886962,0.025987,0.000000,0.000000
6.605085,-5.181461,0.871210,0.022734,-0.018767,0.942359,0.333301,-0.032591,0.002869,0.063752,0.168812,-0.202220,0.004655,0.048033,-0.094055,-0.175908,0.855806,-0.154247,-0.009000,0.051771,-0.004251,0.270863,0.317059,-0.505453,1.327459,1.570440,0.000000,0.000000,-0.013988,-0.289975,0.403990,0.867063,0.009559,0.000000,0.000000
6.615888,-5.186984,0.870894,0.022355,-0.018113,0.941669,0.335309,-0.045007,0.004352,0.065352,0.172715,-0.201935,0.004797,0.056903,-0.090877,-0.163477,0.863303,-0.148304,-0.010705,0.061616,-0.004660,0.277115,0.316794,-0.504799,1.330354,1.570409,0.000000,0.000000,-0.025497,-0.296505,0.409126,0.851023,0.009449,0.000000,0.000000
6.627213,-5.192418,0.870393,0.022289,-0.017730,0.940809,0.337738,-0.059013,0.007310,0.067120,0.181554,-0.201648,0.005232,0.065591,-0.085610,-0.148442,0.868310,-0.145394,-0.012222,0.072685,-0.004942,0.283381,0.318819,-0.501878,1.330780,1.570392,0.000000,0.000000,-0.036448,-0.304567,0.406827,0.837897,0.053726,0.000000,0.000000
6.637959,-5.198543,0.869641,0.022667,-0.017173,0.940367,0.338970,-0.073833,0.008904,0.070036,0.193401,-0.199804,0.005146,0.074917,-0.082716,-0.137588,0.872263,-0.145639,-0.013642,0.083807,-0.005538,0.290141,0.321831,-0.502121,1.331281,1.570389,0.000000,0.000000,-0.048728,-0.316806,0.407261,0.828683,0.033865,0.000000,0.000000
6.648570,-5.204938,0.868791,0.022886,-0.016368,0.940203,0.339451,-0.088807,0.009573,0.070295,0.204460,-0.196607,0.005258,0.084131,-0.081132,-0.128816,0.874485,-0.145869,-0.015045,0.093298,-0.005903,0.295070,0.324918,-0.501628,1.330945,1.570377,0.000000,0.000000,-0.060736,-0.328853,0.397902,0.813418,0.016312,0.000000,0.000000
6.659091,-5.211508,0.867856,0.023031,-0.015411,0.939632,0.341063,-0.103910,0.009544,0.070429,0.214159,-0.191003,0.005213,0.093206,-0.080470,-0.119445,0.874839,-0.144927,-0.016828,0.104655,-0.006246,0.298607,0.326962,-0.498455,1.331047,1.570374,0.000000,0.000000,-0.071872,-0.341933,0.389793,0.794786,0.008675,0.000000,0.000000
6.669255,-5.217896,0.866951,0.023234,-0.014347,0.938900,0.343105,-0.117340,0.009201,0.071744,0.219871,-0.183110,0.004904,0.102002,-0.080589,-0.109972,0.874073,-0.145432,-0.018853,0.117413,-0.006629,0.302733,0.328570,-0.493985,1.329701,1.570367,0.000000,0.000000,-0.079862,-0.352887,0.388215,0.779067,0.008787,0.000000,0.000000
6.679736,-5.223996,0.866006,0.023531,-0.013395,0.937960,0.345685,-0.129961,0.009617,0.074442,0.225287,-0.175531,0.004566,0.110433,-0.079546,-0.099094,0.870118,-0.148558,-0.020740,0.130318,-0.007036,0.306851,0.331111,-0.490057,1.326995,1.570369,0.000000,0.000000,-0.087592,-0.362830,0.389160,0.772051,0.008596,0.000000,0.000000
6.690540,-5.229539,0.865045,0.023636,-0.012524,0.936976,0.348367,-0.142433,0.010976,0.077906,0.229760,-0.168230,0.004323,0.118538,-0.075531,-0.084412,0.861737,-0.157038,-0.022378,0.142958,-0.007442,0.310539,0.333831,-0.484522,1.323508,1.570379,0.000000,0.000000,-0.096647,-0.371331,0.391163,0.768040,0.006934,0.000000,0.000000
6.700200,-5.236111,0.864104,0.023582,-0.011644,0.936116,0.350707,-0.154156,0.010931,0.081540,0.232165,-0.159743,0.003722,0.126893,-0.075793,-0.072510,0.849698,-0.151723,-0.024868,0.155536,-0.007852,0.313492,0.336014,-0.476013,1.319649,1.570384,0.000000,0.000000,-0.105765,-0.378422,0.393278,0.765145,0.004821,0.000000,0.000000
6.710455,-5.242096,0.863214,0.023441,-0.010964,0.935174,0.353241,-0.164788,0.011844,0.084359,0.231090,-0.152480,0.003496,0.134897,-0.074360,-0.059820,0.833108,-0.146829,-0.026922,0.167130,-0.008206,0.315235,0.337740,-0.466504,1.315660,1.570399,0.000000,0.000000,-0.115484,-0.384496,0.395837,0.763869,0.006760,0.000000,0.000000
6.720751,-5.247603,0.862371,0.022950,-0.010601,0.934126,0.356046,-0.174974,0.013927,0.086960,0.227103,-0.146914,0.003586,0.143571,-0.069357,-0.043023,0.810281,-0.144896,-0.028598,0.178399,-0.008535,0.315428,0.338716,-0.449308,1.313083,1.570422,0.000000,0.000000,-0.127535,-0.389723,0.397671,0.767463,0.007191,0.000000,0.000000
6.731007,-5.253530,0.861418,0.022738,-0.009923,0.933533,0.357632,-0.183529,0.014963,0.088139,0.218616,-0.142206,0.003675,0.151445,-0.063828,-0.026781,0.786892,-0.146478,-0.029987,0.186900,-0.008743,0.314583,0.338457,-0.428374,1.313851,1.570445,0.000000,0.000000,-0.139629,-0.393396,0.396224,0.775657,0.007028,0.000000,0.000000
6.741688,-5.259117,0.860388,0.022451,-0.009104,0.931912,0.361876,-0.190822,0.016983,0.093215,0.207677,-0.138954,0.003404,0.158059,-0.058608,-0.009505,0.761443,-0.153971,-0.031629,0.194528,-0.008944,0.315326,0.337004,-0.409233,1.312881,1.570455,0.000000,0.000000,-0.152150,-0.394075,0.402357,0.781001,0.014827,0.000000,0.000000
6.752156,-5.265129,0.859189,0.022280,-0.007986,0.930144,0.366432,-0.197274,0.018533,0.101263,0.195214,-0.136564,0.002619,0.163533,-0.053997,0.010707,0.733322,-0.164450,-0.033999,0.200835,-0.009195,0.317365,0.336391,-0.395238,1.308184,1.570462,0.000000,0.000000,-0.166708,-0.395467,0.413707,0.787569,0.016076,0.000000,0.000000
6.762496,-5.271630,0.857803,0.021862,-0.006472,0.928356,0.370992,-0.203175,0.019031,0.111255,0.179044,-0.134965,0.001422,0.167964,-0.050910,0.030969,0.701512,-0.178457,-0.036886,0.206331,-0.009442,0.320282,0.335085,-0.384000,1.300540,1.570464,0.000000,0.000000,-0.182164,-0.395620,0.426790,0.794889,0.013659,0.000000,0.000000
6.772849,-5.278349,0.856326,0.021357,-0.005057,0.926655,0.375271,-0.207834,0.018532,0.121874,0.159639,-0.132078,0.000022,0.171498,-0.049065,0.048525,0.668767,-0.196893,-0.039642,0.211468,-0.009623,0.321968,0.332215,-0.368960,1.293261,1.570466,0.000000,0.000000,-0.196775,-0.395103,0.440161,0.802182,0.011855,0.000000,0.000000
6.783478,-5.284719,0.854741,0.020501,-0.003997,0.924737,0.380033,-0.210850,0.019112,0.130915,0.135286,-0.129974,-0.000772,0.174051,-0.046882,0.066353,0.634355,-0.225719,-0.042248,0.215912,-0.009770,0.323549,0.328227,-0.346902,1.286031,1.570479,0.000000,0.000000,-0.212927,-0.393525,0.456223,0.812675,0.007195,0.000000,0.000000
6.794371,-5.290574,0.852924,0.019594,-0.003447,0.922977,0.384341,-0.212064,0.021678,0.136370,0.107688,-0.132163,-0.000527,0.175682,-0.042997,0.082139,0.602674,-0.258949,-0.043832,0.220006,-0.009836,0.324338,0.324003,-0.319292,1.277596,1.570494,0.000000,0.000000,-0.227619,-0.390813,0.471223,0.822191,0.005351,0.000000,0.000000
6.805238,-5.296484,0.850698,0.019313,-0.003098,0.921064,0.388919,-0.211812,0.024814,0.142546,0.080735,-0.141534,-0.000212,0.176228,-0.041065,0.088488,0.579023,-0.286034,-0.044242,0.225024,-0.009980,0.324184,0.317574,-0.292476,1.270635,1.570493,0.000000,0.000000,-0.236847,-0.384892,0.487255,0.832034,0.008856,0.000000,0.000000
6.815418,-5.302726,0.848157,0.019781,-0.002343,0.919053,0.393630,-0.210369,0.024680,0.157738,0.054699,-0.150518,-0.001618,0.176220,-0.044565,0.081693,0.560437,-0.314752,-0.043870,0.228163,-0.010089,0.327231,0.312930,-0.269299,1.261515,1.570495,0.000000,0.000000,-0.245463,-0.377354,0.505907,0.844109,0.009241,0.000000,0.000000
6.825180,-5.309433,0.845300,0.020527,-0.001805,0.918062,0.395901,-0.207914,0.023125,0.169992,0.027201,-0.159301,-0.002695,0.175972,-0.049121,0.067232,0.544700,-0.343017,-0.042282,0.228094,-0.010194,0.330673,0.307722,-0.251531,1.250853,1.570492,0.000000,0.000000,-0.257004,-0.374443,0.518237,0.855269,-0.000673,0.000000,0.000000
6.834937,-5.315999,0.842185,0.021465,-0.001332,0.917607,0.396907,-0.204851,0.021067,0.179433,0.000080,-0.169777,-0.003393,0.176184,-0.053230,0.049826,0.528785,-0.365642,-0.039971,0.226725,-0.010146,0.332583,0.304612,-0.237870,1.242366,1.570495,0.000000,0.000000,-0.265622,-0.373626,0.524523,0.862607,-0.014094,0.000000,0.000000
6.845082,-5.322005,0.840387,0.021109,-0.001196,0.917807,0.396463,-0.202451,0.020237,0.187448,-0.017450,-0.184702,-0.003550,0.177046,-0.054897,0.028534,0.505453,-0.378371,-0.036242,0.225763,-0.010051,0.331219,0.304190,-0.229003,1.235131,1.570513,0.000000,0.000000,-0.270108,-0.372689,0.527582,0.868112,-0.022791,0.000000,0.000000
6.855109,-5.328097,0.840588,0.021034,-0.000816,0.918479,0.394909,-0.199912,0.018740,0.193484,-0.017450,-0.200893,-0.003726,0.178591,-0.056334,0.003479,0.476909,-0.385523,-0.031737,0.225472,-0.009968,0.328523,0.303918,-0.226521,1.228214,1.570526,0.000000,0.000000,-0.266027,-0.365180,0.538614,0.876413,-0.020503,0.000000,0.000000
6.865298,-5.334324,0.841168,0.020719,-0.000449,0.919296,0.393021,-0.197281,0.017276,0.199203,-0.017450,-0.207313,-0.004199,0.178907,-0.056279,-0.015206,0.452350,-0.388562,-0.028094,0.223405,-0.009975,0.324949,0.303123,-0.227831,1.221643,1.570533,0.000000,0.000000,-0.264362,-0.361239,0.546343,0.882898,-0.023303,0.000000,0.000000
6.874979,-5.340956,0.841761,0.020801,-0.000279,0.919751,0.391951,-0.194232,0.014168,0.210526,-0.017450,-0.211159,-0.005618,0.177971,-0.055842,-0.027929,0.432101,-0.392855,-0.025465,0.219335,-0.009948,0.321819,0.299958,-0.226963,1.215685,1.570530,0.000000,0.000000,-0.264594,-0.360639,0.550215,0.884794,-0.030619,0.000000,0.000000
6.884384,-5.347383,0.842408,0.020796,0.000251,0.921485,0.387857,-0.191754,0.011453,0.217060,-0.017450,-0.208046,-0.006697,0.176377,-0.054013,-0.035659,0.417179,-0.396957,-0.023400,0.214750,-0.009755,0.317373,0.303966,-0.227560,1.210161,1.570576,0.000000,0.000000,-0.264194,-0.363519,0.548695,0.883497,-0.037711,0.000000,0.000000
6.893568,-5.354033,0.842272,0.022410,0.000131,0.922727,0.384802,-0.189402,0.009476,0.222619,-0.017450,-0.204541,-0.007697,0.174473,-0.052212,-0.040348,0.408103,-0.400780,-0.021932,0.210445,-0.009701,0.315484,0.303253,-0.231139,1.203814,1.570572,0.000000,0.000000,-0.261572,-0.365308,0.548474,0.883983,-0.043232,0.000000,0.000000
6.902363,-5.360800,0.841943,0.025177,0.000715,0.923486,0.382805,-0.185610,0.005412,0.230482,-0.017450,-0.198183,-0.009508,0.171262,-0.051467,-0.045961,0.400976,-0.406625,-0.020604,0.204131,-0.009521,0.313381,0.306326,-0.237331,1.201382,1.570599,0.000000,0.000000,-0.256892,-0.368538,0.551537,0.886278,-0.047835,0.000000,0.000000
6.911788,-5.366991,0.842437,0.026387,0.001028,0.924079,0.381289,-0.180989,0.003540,0.233235,-0.017450,-0.194543,-0.010467,0.166201,-0.049400,-0.046865,0.395884,-0.412784,-0.019650,0.197818,-0.009342,0.310505,0.307435,-0.244370,1.199693,1.570615,0.000000,0.000000,-0.251068,-0.371520,0.557346,0.887256,-0.050096,0.000000,0.000000
6.920700,-5.373116,0.842915,0.028195,0.001386,0.924444,0.380273,-0.174830,0.002410,0.234079,-0.017450,-0.191467,-0.011243,0.159199,-0.046924,-0.043958,0.392191,-0.419965,-0.019191,0.190617,-0.009151,0.309924,0.304070,-0.253126,1.192183,1.570591,0.000000,0.000000,-0.241041,-0.373118,0.566176,0.889027,-0.052269,0.000000,0.000000
6.929153,-5.379528,0.843279,0.030064,0.001825,0.924986,0.378807,-0.169046,0.000698,0.234807,-0.017450,-0.188735,-0.012173,0.152304,-0.044847,-0.041216,0.387372,-0.424760,-0.018891,0.183962,-0.008819,0.309950,0.299682,-0.264320,1.180909,1.570556,0.000000,0.000000,-0.227941,-0.373557,0.571620,0.892728,-0.052487,0.000000,0.000000
6.937715,-5.385913,0.843382,0.031441,0.002470,0.925598,0.377191,-0.164874,0.000130,0.232614,-0.017450,-0.190638,-0.012407,0.146731,-0.043495,-0.041676,0.380660,-0.424053,-0.018358,0.179597,-0.008551,0.307899,0.297904,-0.273037,1.172792,1.570563,0.000000,0.000000,-0.214883,-0.375923,0.570954,0.895830,-0.054847,0.000000,0.000000
6.945873,-5.392292,0.846279,0.032987,0.003347,0.926134,0.375735,-0.160971,-0.000399,0.227228,0.010177,-0.196390,-0.012554,0.141618,-0.043330,-0.044893,0.371429,-0.420241,-0.017715,0.176286,-0.008240,0.304672,0.295710,-0.281343,1.164740,1.570563,0.000000,0.000000,-0.198491,-0.379426,0.565878,0.898554,-0.055829,0.000000,0.000000
6.954222,-5.398324,0.849907,0.034004,0.003655,0.926970,0.373574,-0.158002,0.001480,0.217025,0.050299,-0.207225,-0.011887,0.137403,-0.041814,-0.048301,0.361015,-0.414590,-0.016691,0.173572,-0.007963,0.298979,0.294880,-0.291286,1.159074,1.570570,0.000000,0.000000,-0.182285,-0.382610,0.556652,0.899099,-0.056426,0.000000,0.000000
6.962010,-5.404569,0.853164,0.035471,0.004075,0.927983,0.370907,-0.155281,0.001636,0.209987,0.097311,-0.216871,-0.012186,0.134116,-0.041651,-0.054188,0.350429,-0.407206,-0.015659,0.171390,-0.007705,0.291872,0.294596,-0.304184,1.155958,1.570569,0.000000,0.000000,-0.165048,-0.386560,0.545670,0.900363,-0.058179,0.000000,0.000000
6.969818,-5.410824,0.855733,0.036664,0.004701,0.929081,0.368023,-0.151874,0.001506,0.202086,0.144865,-0.223439,-0.012485,0.130700,-0.041608,-0.059799,0.338505,-0.395747,-0.014719,0.169142,-0.007462,0.283382,0.294998,-0.319540,1.154568,1.570587,0.000000,0.000000,-0.145899,-0.390191,0.532501,0.900114,-0.055459,0.000000,0.000000
6.977739,-5.417186,0.857367,0.037551,0.005440,0.930304,0.364822,-0.147691,0.001128,0.193957,0.188934,-0.228855,-0.012655,0.126425,-0.040779,-0.064563,0.327528,-0.380334,-0.013732,0.166984,-0.007228,0.274510,0.295328,-0.334849,1.152690,1.570603,0.000000,0.000000,-0.125109,-0.393423,0.517644,0.897800,-0.052823,0.000000,0.000000
6.985664,-5.423510,0.858106,0.038204,0.006207,0.931410,0.361908,-0.142721,0.000969,0.188679,0.229377,-0.237319,-0.012948,0.121290,-0.040147,-0.070553,0.318916,-0.367038,-0.012612,0.165126,-0.007058,0.264606,0.295130,-0.350353,1.152443,1.570603,0.000000,0.000000,-0.105976,-0.395511,0.507521,0.905454,-0.051754,0.000000,0.000000
6.993302,-5.429509,0.858019,0.038886,0.007006,0.932401,0.359259,-0.136642,0.001162,0.181891,0.272584,-0.244902,-0.012906,0.115937,-0.039793,-0.075665,0.311431,-0.354389,-0.011700,0.162712,-0.006726,0.253168,0.295769,-0.365363,1.151848,1.570633,0.000000,0.000000,-0.086502,-0.397251,0.489164,0.918126,-0.048415,0.000000,0.000000
7.001030,-5.435519,0.857153,0.038702,0.007675,0.933632,0.356054,-0.130955,0.001545,0.177161,0.313485,-0.252430,-0.013000,0.110250,-0.038298,-0.078399,0.302613,-0.339297,-0.010872,0.159268,-0.006452,0.241592,0.296133,-0.376992,1.149921,1.570660,0.000000,0.000000,-0.071313,-0.402483,0.468884,0.929010,-0.066652,0.000000,0.000000
7.009154,-5.441351,0.855552,0.038364,0.008360,0.934749,0.353132,-0.125551,0.003179,0.175260,0.355353,-0.259718,-0.013172,0.104545,-0.036672,-0.081073,0.291721,-0.321670,-0.010031,0.154929,-0.006048,0.230673,0.296286,-0.385822,1.147813,1.570698,0.000000,0.000000,-0.055530,-0.405122,0.447108,0.935597,-0.076403,0.000000,0.000000
7.017218,-5.447463,0.857849,0.037784,0.009395,0.935264,0.351802,-0.119963,0.004320,0.173328,0.396299,-0.263622,-0.013418,0.098329,-0.036105,-0.080844,0.279043,-0.301768,-0.009940,0.150495,-0.005685,0.223063,0.289755,-0.393714,1.133741,1.570673,0.000000,0.000000,-0.039158,-0.402006,0.433042,0.942403,-0.073351,0.000000,0.000000
7.025098,-5.453763,0.860113,0.037003,0.010090,0.935928,0.350097,-0.113505,0.005340,0.171699,0.436245,-0.262354,-0.013754,0.091774,-0.035420,-0.079562,0.265235,-0.283642,-0.009981,0.145724,-0.005252,0.213836,0.285889,-0.401765,1.124680,1.570677,0.000000,0.000000,-0.020428,-0.398505,0.422937,0.948713,-0.062634,0.000000,0.000000
7.033315,-5.459350,0.861925,0.035732,0.011127,0.936270,0.349283,-0.106106,0.007951,0.178129,0.471189,-0.270032,-0.014919,0.084216,-0.034691,-0.081878,0.254430,-0.268661,-0.009426,0.140968,-0.004803,0.204343,0.283380,-0.405108,1.121238,1.570698,0.000000,0.000000,-0.000671,-0.389769,0.415156,0.978271,-0.037928,0.000000,0.000000
7.040871,-5.465421,0.863653,0.035000,0.011796,0.936291,0.349278,-0.098289,0.009200,0.172578,0.505288,-0.273715,-0.014135,0.077211,-0.034636,-0.080105,0.244175,-0.258208,-0.009691,0.136069,-0.004515,0.194957,0.281720,-0.405657,1.118509,1.570718,0.000000,0.000000,0.013442,-0.384011,0.408962,0.998029,-0.025276,0.000000,0.000000
7.048899,-5.471199,0.865260,0.034467,0.012210,0.936845,0.347828,-0.090575,0.012791,0.178853,0.542620,-0.277249,-0.014957,0.070821,-0.034100,-0.083435,0.233601,-0.242520,-0.009015,0.129081,-0.004233,0.185608,0.279407,-0.403766,1.115172,1.570744,0.000000,0.000000,0.026435,-0.381170,0.403512,1.008284,-0.036319,0.000000,0.000000
7.056133,-5.477129,0.867348,0.032952,0.012981,0.937674,0.345708,-0.082990,0.015573,0.180534,0.578572,-0.283768,-0.015022,0.064859,-0.033271,-0.073874,0.213880,-0.239089,-0.010291,0.121060,-0.003747,0.174667,0.278928,-0.403969,1.109178,1.570791,0.000000,0.000000,0.039803,-0.379091,0.393491,1.014156,-0.013212,0.000000,0.000000
7.063043,-5.483024,0.869017,0.031949,0.013619,0.938290,0.344101,-0.073851,0.016900,0.176319,0.610716,-0.287805,-0.014270,0.059048,-0.032507,-0.064290,0.197732,-0.241936,-0.011564,0.113444,-0.003422,0.164749,0.280317,-0.405764,1.103736,1.570800,0.000000,0.000000,0.053076,-0.379505,0.387891,1.020527,-0.008042,0.000000,0.000000
7.071456,-5.488193,0.869049,0.032103,0.012938,0.938355,0.343935,-0.062792,0.022756,0.180387,0.641983,-0.288483,-0.013813,0.051465,-0.029345,-0.083995,0.203879,-0.210794,-0.007647,0.106743,-0.003133,0.159889,0.285374,-0.401524,1.096042,1.570800,0.000000,0.000000,0.067097,-0.380899,0.382090,1.029701,-0.034069,0.000000,0.000000
7.079252,-5.494402,0.869887,0.030302,0.013373,0.938976,0.342385,-0.054450,0.025079,0.176513,0.666631,-0.287032,-0.012639,0.043804,-0.026571,-0.085101,0.195658,-0.198740,-0.006808,0.100399,-0.002874,0.149559,0.287972,-0.401932,1.090394,1.570800,0.000000,0.000000,0.077164,-0.382974,0.379149,1.026481,-0.051086,0.000000,0.000000
7.086821,-5.500759,0.870754,0.029026,0.013523,0.939563,0.340875,-0.045633,0.027228,0.174044,0.693427,-0.284438,-0.011777,0.036095,-0.024585,-0.086805,0.187220,-0.189885,-0.006051,0.093899,-0.002568,0.139853,0.289215,-0.402191,1.084114,1.570800,0.000000,0.000000,0.088446,-0.385602,0.369475,1.033865,-0.058391,0.000000,0.000000
7.094499,-5.506433,0.871323,0.028113,0.013436,0.939675,0.340647,-0.035650,0.031400,0.179390,0.719754,-0.279830,-0.011840,0.028585,-0.022519,-0.091129,0.182310,-0.185475,-0.004854,0.087677,-0.002101,0.133035,0.289095,-0.399942,1.076493,1.570800,0.000000,0.000000,0.103293,-0.376195,0.365269,1.043563,-0.052942,0.000000,0.000000
7.101861,-5.512347,0.871822,0.026962,0.013261,0.940634,0.338091,-0.025383,0.035634,0.180453,0.743069,-0.273589,-0.010909,0.021893,-0.020454,-0.097080,0.175955,-0.183080,-0.003417,0.079476,-0.001774,0.124751,0.290751,-0.400013,1.068683,1.570800,0.000000,0.000000,0.115800,-0.373358,0.359881,1.048218,-0.057232,0.000000,0.000000
7.109449,-5.518535,0.872235,0.025206,0.012810,0.941798,0.334987,-0.015596,0.039919,0.176564,0.761154,-0.271985,-0.008842,0.015031,-0.017587,-0.100615,0.167887,-0.177819,-0.002180,0.071442,-0.001539,0.114354,0.295792,-0.403096,1.060318,1.570800,0.000000,0.000000,0.124726,-0.381007,0.352231,1.046972,-0.082698,0.000000,0.000000
7.116770,-5.525140,0.872652,0.023851,0.012717,0.942316,0.333631,-0.005064,0.041621,0.171489,0.777032,-0.267502,-0.007273,0.007416,-0.016279,-0.102230,0.161719,-0.174515,-0.001658,0.063162,-0.001091,0.105808,0.299356,-0.405186,1.051495,1.570800,0.000000,0.000000,0.135240,-0.379785,0.348207,1.055731,-0.098987,0.000000,0.000000
7.123931,-5.532150,0.873004,0.022739,0.012846,0.943433,0.330532,0.005795,0.042391,0.165870,0.790751,-0.259035,-0.005824,-0.000861,-0.016123,-0.108081,0.157654,-0.171983,-0.000757,0.052725,-0.000644,0.097562,0.302870,-0.407338,1.041267,1.570800,0.000000,0.000000,0.146862,-0.379022,0.337306,1.060651,-0.108718,0.000000,0.000000
7.131277,-5.538697,0.873299,0.021296,0.012987,0.943976,0.329071,0.017418,0.043665,0.162593,0.801189,-0.249452,-0.004648,-0.009901,-0.014917,-0.107058,0.152514,-0.174644,-0.000707,0.043992,-0.000145,0.090200,0.306279,-0.407867,1.032400,1.570800,0.000000,0.000000,0.162605,-0.374251,0.326876,1.085309,-0.101858,0.000000,0.000000
7.138467,-5.545916,0.873437,0.020201,0.012850,0.944512,0.327603,0.027879,0.043545,0.156312,0.810008,-0.242914,-0.003290,-0.018202,-0.014798,-0.106190,0.149722,-0.177625,-0.000895,0.035893,0.000175,0.081657,0.310348,-0.407356,1.026492,1.570800,0.000000,0.000000,0.171213,-0.376625,0.320928,1.090370,-0.107294,0.000000,0.000000
7.145652,-5.552969,0.873529,0.019180,0.012819,0.945258,0.325509,0.039477,0.043240,0.146936,0.816923,-0.237216,-0.001331,-0.027852,-0.015750,-0.103780,0.148321,-0.181275,-0.001577,0.026229,0.000577,0.072293,0.316441,-0.410645,1.018173,1.570800,0.000000,0.000000,0.179131,-0.379406,0.315461,1.091100,-0.121082,0.000000,0.000000
7.152925,-5.560902,0.873526,0.018555,0.012616,0.946168,0.322898,0.050840,0.042407,0.141042,0.820801,-0.227670,-0.000238,-0.038278,-0.017956,-0.097763,0.149015,-0.184083,-0.003067,0.015269,0.001086,0.061563,0.328025,-0.414585,1.011413,1.570800,0.000000,0.000000,0.187855,-0.380621,0.310099,1.082826,-0.131528,0.000000,0.000000
7.160343,-5.569393,0.873315,0.018403,0.012411,0.946700,0.321352,0.062958,0.038266,0.130911,0.820976,-0.213871,0.000682,-0.050759,-0.019280,-0.089255,0.154761,-0.187232,-0.004669,0.007410,0.001508,0.044597,0.352159,-0.418787,1.015731,1.570800,0.000000,0.000000,0.199028,-0.381329,0.299167,1.102620,-0.129131,0.000000,0.000000
7.168088,-5.577218,0.872528,0.017595,0.012429,0.947388,0.319361,0.073479,0.034376,0.118224,0.820009,-0.210368,0.002117,-0.064106,-0.014277,-0.112227,0.170929,-0.200694,-0.000097,-0.000757,0.001611,0.038351,0.353974,-0.421574,0.986682,1.570800,0.000000,0.000000,0.205565,-0.380768,0.288809,1.114462,-0.129568,0.000000,0.000000
7.176955,-5.585124,0.871217,0.016710,0.013589,0.948774,0.315220,0.082832,0.029840,0.102400,0.817662,-0.206948,0.003948,-0.081255,-0.005843,-0.164022,0.195214,-0.223585,0.009369,-0.014415,0.002127,0.030477,0.353097,-0.419050,0.978865,1.570800,0.000000,0.000000,0.208242,-0.382478,0.268221,1.136733,-0.118011,0.000000,0.000000
7.184477,-5.593851,0.870335,0.015757,0.014188,0.949874,0.311914,0.091866,0.023738,0.087839,0.812108,-0.203126,0.004974,-0.095980,-0.002604,-0.188691,0.208372,-0.232912,0.013541,-0.027213,0.002696,0.025020,0.350849,-0.412983,0.981820,1.570800,0.000000,0.000000,0.211086,-0.380079,0.247799,1.156997,-0.084426,0.000000,0.000000
7.191948,-5.601933,0.869684,0.015385,0.014163,0.951015,0.308436,0.101039,0.021391,0.077979,0.806934,-0.202041,0.006233,-0.108482,-0.002110,-0.200571,0.217201,-0.234486,0.015262,-0.041197,0.003222,0.019303,0.351739,-0.409262,0.981092,1.570800,0.000000,0.000000,0.215256,-0.380449,0.237806,1.169195,-0.063924,0.000000,0.000000
7.199727,-5.610209,0.868917,0.015123,0.013194,0.951998,0.305445,0.110830,0.020885,0.070923,0.799152,-0.199980,0.007525,-0.120936,-0.001524,-0.205792,0.225108,-0.233150,0.016056,-0.053838,0.003709,0.006274,0.354325,-0.410410,0.980768,1.570800,0.000000,0.000000,0.220743,-0.382944,0.233339,1.176086,-0.058070,0.000000,0.000000
7.207376,-5.618691,0.868193,0.015160,0.012543,0.952857,0.302782,0.120732,0.016578,0.056570,0.789639,-0.192533,0.008996,-0.133525,-0.001856,-0.207550,0.232434,-0.229817,0.016187,-0.065085,0.004183,-0.004443,0.359092,-0.417242,0.979456,1.570800,0.000000,0.000000,0.228063,-0.385319,0.226591,1.182927,-0.056077,0.000000,0.000000
7.215164,-5.626086,0.867495,0.014825,0.012116,0.953973,0.299281,0.129964,0.014190,0.047788,0.776391,-0.202283,0.009968,-0.144941,-0.001705,-0.212926,0.237080,-0.228645,0.016986,-0.077097,0.004707,-0.012359,0.366225,-0.424567,0.971603,1.570800,0.000000,0.000000,0.235875,-0.387092,0.217068,1.186653,-0.061301,0.000000,0.000000
7.222534,-5.634001,0.866929,0.014837,0.011601,0.954330,0.298160,0.136585,0.006799,0.041208,0.766491,-0.202499,0.008913,-0.154244,-0.002587,-0.215219,0.239364,-0.226932,0.017014,-0.084504,0.004951,-0.018528,0.367706,-0.423425,0.967687,1.570800,0.000000,0.000000,0.242598,-0.387450,0.209796,1.187495,-0.068426,0.000000,0.000000
7.232782,-5.640215,0.865399,0.015170,0.008537,0.957927,0.286484,0.144144,0.033287,0.094164,0.770260,-0.203668,0.007474,-0.166661,0.001044,-0.226914,0.243918,-0.220626,0.019663,-0.110278,0.005865,-0.027148,0.367941,-0.421275,0.966732,1.570800,0.000000,0.000000,0.253931,-0.385186,0.198550,1.191569,-0.073557,0.000000,0.000000
7.241406,-5.647316,0.864067,0.015035,0.005636,0.959872,0.279979,0.149585,0.039754,0.093959,0.763425,-0.203837,0.009537,-0.176265,0.005819,-0.233323,0.248821,-0.208615,0.021872,-0.125986,0.006523,-0.036391,0.373907,-0.427885,0.970216,1.570800,0.000000,0.000000,0.263242,-0.382128,0.191466,1.203731,-0.063177,0.000000,0.000000
7.249011,-5.655727,0.863138,0.014329,0.004234,0.961114,0.275747,0.156017,0.037227,0.073401,0.748371,-0.213794,0.012542,-0.186040,0.008208,-0.239832,0.250694,-0.192762,0.023651,-0.137036,0.006825,-0.044841,0.374272,-0.426964,0.969488,1.570800,0.000000,0.000000,0.269320,-0.382741,0.179415,1.205933,-0.052505,0.000000,0.000000
7.257366,-5.665056,0.862798,0.014478,0.005298,0.961789,0.273356,0.162032,0.031693,0.048503,0.731213,-0.223065,0.015479,-0.195276,0.004696,-0.244842,0.244992,-0.179285,0.023688,-0.143773,0.007109,-0.054424,0.374233,-0.436135,0.968596,1.570800,0.000000,0.000000,0.275877,-0.380942,0.175332,1.201832,-0.044652,0.000000,0.000000
7.265852,-5.673452,0.862244,0.014431,0.005821,0.962402,0.271182,0.169242,0.028476,0.021792,0.706311,-0.233316,0.019530,-0.204965,0.001997,-0.246381,0.239353,-0.163601,0.023386,-0.149007,0.007318,-0.066195,0.376483,-0.449670,0.969518,1.570800,0.000000,0.000000,0.283264,-0.386159,0.170192,1.207883,-0.046629,0.000000,0.000000
7.272189,-5.680300,0.861598,0.012493,0.006648,0.962094,0.272352,0.178247,0.001800,-0.067952,0.659199,-0.252235,0.027690,-0.217383,0.001453,-0.244068,0.233073,-0.148475,0.022940,-0.144553,0.007385,-0.084675,0.376424,-0.465152,0.970958,1.570800,0.000000,0.000000,0.289889,-0.387305,0.162887,1.213457,-0.052788,0.000000,0.000000
7.280016,-5.688668,0.861022,0.015703,0.007968,0.963850,0.265862,0.185072,-0.003708,-0.091445,0.634998,-0.267648,0.030545,-0.223121,-0.006561,-0.251714,0.237981,-0.135893,0.022724,-0.146414,0.007447,-0.094678,0.368879,-0.479567,0.972965,1.570800,0.000000,0.000000,0.301832,-0.386767,0.150670,1.210686,-0.052441,0.000000,0.000000
7.290081,-5.695310,0.860351,0.015476,0.006467,0.965675,0.259212,0.188538,0.000500,-0.105932,0.606639,-0.290177,0.034675,-0.226669,-0.005582,-0.249412,0.224117,-0.111385,0.022976,-0.151478,0.007827,-0.107959,0.366209,-0.495270,0.976378,1.570800,0.000000,0.000000,0.313391,-0.383349,0.139051,1.203557,-0.054496,0.000000,0.000000
7.299582,-5.704537,0.860349,0.014089,0.009458,0.965459,0.260003,0.189302,-0.004762,-0.108632,0.575812,-0.308969,0.033490,-0.230400,-0.008518,-0.251759,0.190603,-0.086462,0.022565,-0.149473,0.007825,-0.120365,0.361951,-0.505066,0.975835,1.570800,0.000000,0.000000,0.318907,-0.382761,0.131301,1.203811,-0.056912,0.000000,0.000000
7.309770,-5.711351,0.859428,0.014762,0.009678,0.965569,0.259546,0.190341,-0.004403,-0.107918,0.553095,-0.328482,0.033370,-0.231607,-0.006852,-0.249461,0.164491,-0.053872,0.022669,-0.146838,0.007827,-0.129270,0.358977,-0.514154,0.975563,1.570800,0.000000,0.000000,0.324616,-0.380762,0.125314,1.208148,-0.058002,0.000000,0.000000
7.319031,-5.719557,0.858456,0.016870,0.011732,0.964972,0.261545,0.191685,-0.006751,-0.096708,0.533837,-0.346321,0.030530,-0.232873,-0.010398,-0.253044,0.141410,-0.029065,0.022521,-0.138800,0.007608,-0.142033,0.350647,-0.523991,0.981031,1.570800,0.000000,0.000000,0.331793,-0.382125,0.120202,1.212873,-0.060884,0.000000,0.000000
7.329156,-5.725455,0.856920,0.016779,0.009619,0.966325,0.256595,0.191232,-0.002506,-0.095795,0.512530,-0.364419,0.031353,-0.232358,-0.008023,-0.250312,0.116382,0.005838,0.022917,-0.139698,0.007832,-0.151577,0.349538,-0.534195,0.982693,1.570800,0.000000,0.000000,0.338724,-0.378229,0.115905,1.220042,-0.067988,0.000000,0.000000
7.338941,-5.732615,0.855535,0.016634,0.010316,0.965935,0.258043,0.189899,-0.004747,-0.090032,0.489483,-0.378231,0.029380,-0.231007,-0.006643,-0.248956,0.084108,0.041769,0.023262,-0.136446,0.007831,-0.157837,0.347503,-0.540827,0.979043,1.570800,0.000000,0.000000,0.341957,-0.374620,0.116684,1.212325,-0.072794,0.000000,0.000000
7.348223,-5.742990,0.853399,0.019289,0.014935,0.964976,0.261202,0.189092,-0.008018,-0.023386,0.472632,-0.397531,0.016630,-0.230492,-0.013394,-0.256536,0.044663,0.085951,0.023194,-0.125953,0.007500,-0.160987,0.335448,-0.545338,0.972184,1.570800,0.000000,0.000000,0.347291,-0.370446,0.110682,1.214689,-0.074015,0.000000,0.000000
7.357285,-5.752164,0.851721,0.022650,0.018366,0.963129,0.267454,0.189252,-0.018383,0.002493,0.459098,-0.411211,0.008779,-0.231562,-0.018279,-0.261618,0.027013,0.109802,0.023068,-0.116038,0.007209,-0.160242,0.328870,-0.544981,0.966886,1.570800,0.000000,0.000000,0.349605,-0.373182,0.109506,1.214973,-0.080210,0.000000,0.000000
7.366925,-5.760548,0.849956,0.025925,0.019031,0.962006,0.271128,0.189444,-0.023805,0.022365,0.446822,-0.421445,0.003660,-0.231425,-0.021283,-0.264866,0.015921,0.128672,0.023165,-0.109248,0.007048,-0.156193,0.324708,-0.543952,0.961585,1.570800,0.000000,0.000000,0.354180,-0.374502,0.106974,1.212973,-0.083513,0.000000,0.000000
7.377639,-5.766433,0.847626,0.024723,0.019528,0.960090,0.277911,0.186995,-0.025875,0.045743,0.428221,-0.433790,-0.000936,-0.229938,-0.017161,-0.260613,-0.015804,0.138942,0.023111,-0.098757,0.006886,-0.153207,0.324554,-0.539744,0.952383,1.570800,0.000000,0.000000,0.355407,-0.374924,0.103859,1.208030,-0.084069,0.000000,0.000000
7.387536,-5.772058,0.848536,0.023809,0.019259,0.958557,0.283250,0.184509,-0.026709,0.058927,0.411817,-0.442321,-0.003384,-0.225962,-0.013554,-0.257674,-0.017450,0.136905,0.023112,-0.090602,0.006793,-0.150013,0.326564,-0.537924,0.944222,1.570800,0.000000,0.000000,0.355670,-0.370587,0.105879,1.202622,-0.080911,0.000000,0.000000
7.396100,-5.777018,0.849831,0.018465,0.012284,0.961091,0.275339,0.178319,-0.013801,0.056890,0.387069,-0.449200,0.000526,-0.217812,-0.004905,-0.250287,-0.017450,0.117894,0.023222,-0.096169,0.007096,-0.150952,0.337189,-0.539127,0.933088,1.570800,0.000000,0.000000,0.350589,-0.353451,0.115588,1.193617,-0.086515,0.000000,0.000000
7.403481,-5.782969,0.850481,0.015355,0.007036,0.962827,0.269591,0.172344,-0.003133,0.048518,0.366776,-0.452805,0.004794,-0.211288,-0.000297,-0.246963,-0.017450,0.098570,0.022940,-0.107073,0.007252,-0.149275,0.350145,-0.540752,0.922288,1.570800,0.000000,0.000000,0.342346,-0.339296,0.133242,1.191920,-0.104338,0.000000,0.000000
7.410955,-5.789604,0.849561,0.015895,0.003206,0.964228,0.264577,0.167484,0.004969,0.043985,0.354403,-0.456669,0.007693,-0.207892,-0.001138,-0.249175,-0.017450,0.064926,0.022000,-0.117431,0.007190,-0.140789,0.360276,-0.542419,0.912842,1.570800,0.000000,0.000000,0.338527,-0.328884,0.146311,1.192142,-0.123269,0.000000,0.000000
7.418968,-5.797240,0.847158,0.020430,0.000288,0.964118,0.264686,0.166197,0.006533,0.049256,0.353012,-0.453455,0.007276,-0.206726,-0.003805,-0.252747,-0.017450,0.043160,0.021495,-0.123004,0.007146,-0.126580,0.364869,-0.538186,0.907319,1.570800,0.000000,0.000000,0.341670,-0.326408,0.154832,1.190302,-0.126166,0.000000,0.000000
7.427181,-5.804600,0.846512,0.019928,-0.001413,0.964689,0.262632,0.161838,0.007919,0.045354,0.344344,-0.451384,0.008225,-0.206127,-0.007075,-0.256996,-0.017450,0.011276,0.020666,-0.125675,0.007106,-0.115982,0.368044,-0.534461,0.899116,1.570800,0.000000,0.000000,0.343862,-0.322898,0.159349,1.182105,-0.130693,0.000000,0.000000
7.436004,-5.811769,0.847116,0.020177,-0.004775,0.964501,0.263265,0.157585,0.010076,0.037536,0.333691,-0.451995,0.009979,-0.203958,-0.008113,-0.258981,-0.000921,-0.023500,0.020100,-0.127538,0.007171,-0.107392,0.373661,-0.533015,0.895358,1.570800,0.000000,0.000000,0.339989,-0.319902,0.170266,1.176497,-0.129062,0.000000,0.000000
7.443515,-5.818531,0.849717,0.020601,-0.007402,0.964436,0.263410,0.153430,0.011533,0.027464,0.320672,-0.453255,0.011886,-0.200058,-0.009829,-0.262183,0.032125,-0.058746,0.019948,-0.130170,0.007142,-0.096413,0.378585,-0.529946,0.892326,1.570800,0.000000,0.000000,0.334529,-0.313103,0.187665,1.173409,-0.126795,0.000000,0.000000
7.450453,-5.825416,0.852366,0.021087,-0.009137,0.964286,0.263863,0.149382,0.010867,0.021680,0.309394,-0.454575,0.012591,-0.195956,-0.012622,-0.266714,0.068558,-0.097947,0.019960,-0.130527,0.006945,-0.085711,0.382685,-0.528380,0.888907,1.570800,0.000000,0.000000,0.327441,-0.310100,0.201338,1.168343,-0.129655,0.000000,0.000000
7.457661,-5.832949,0.854537,0.021519,-0.011258,0.964681,0.262298,0.144062,0.011167,0.021363,0.302354,-0.445789,0.012751,-0.191956,-0.019526,-0.276189,0.109091,-0.137000,0.019965,-0.130063,0.006844,-0.076679,0.387742,-0.530746,0.888564,1.570800,0.000000,0.000000,0.322395,-0.305388,0.206719,1.167390,-0.128903,0.000000,0.000000
7.465702,-5.839769,0.855973,0.020635,-0.016570,0.965461,0.259200,0.136918,0.017843,0.017717,0.296427,-0.433910,0.015018,-0.188531,-0.025781,-0.284526,0.161178,-0.160548,0.020713,-0.132463,0.006773,-0.064396,0.392767,-0.529794,0.889614,1.570800,0.000000,0.000000,0.316510,-0.293294,0.212402,1.169261,-0.124097,0.000000,0.000000
7.477376,-5.845021,0.855903,0.022164,-0.024309,0.967967,0.248912,0.126473,0.035636,-0.006879,0.296594,-0.413324,0.023335,-0.178588,-0.035632,-0.190122,0.209005,-0.141896,0.006166,-0.151450,0.006918,-0.047893,0.399504,-0.528963,0.894337,1.570800,0.000000,0.000000,0.303239,-0.281403,0.242623,1.176996,-0.106274,0.000000,0.000000
7.485527,-5.852710,0.857172,0.020091,-0.023556,0.962783,0.268497,0.120923,0.027972,0.004531,0.285339,-0.407361,0.019571,-0.177139,-0.036638,-0.210819,0.238533,-0.134097,0.010743,-0.141541,0.006226,-0.029523,0.401220,-0.501028,0.897587,1.570800,0.000000,0.000000,0.284259,-0.283695,0.274974,1.163015,-0.104582,0.000000,0.000000
7.494215,-5.858971,0.857519,0.019460,-0.023997,0.960951,0.274987,0.115010,0.024863,0.008028,0.276333,-0.395782,0.018231,-0.170696,-0.038671,-0.205046,0.265151,-0.143153,0.009811,-0.136095,0.005858,-0.015771,0.400223,-0.484726,0.901402,1.570800,0.000000,0.000000,0.271444,-0.282380,0.289785,1.159962,-0.102765,0.000000,0.000000
7.501856,-5.865497,0.857273,0.017287,-0.024392,0.959412,0.280420,0.107219,0.023014,0.017675,0.267185,-0.384561,0.016286,-0.165764,-0.039886,-0.212737,0.294534,-0.167893,0.011125,-0.128896,0.005408,-0.003245,0.398729,-0.471656,0.906399,1.570800,0.000000,0.000000,0.255809,-0.280534,0.296141,1.156843,-0.109468,0.000000,0.000000
7.508266,-5.872447,0.856863,0.020122,-0.025903,0.958795,0.282198,0.103034,0.020398,0.017639,0.263037,-0.369652,0.015674,-0.159157,-0.048703,-0.196907,0.357838,-0.172695,0.007159,-0.127863,0.005178,0.016244,0.395341,-0.461975,0.915790,1.570800,0.000000,0.000000,0.245166,-0.278742,0.305128,1.156535,-0.100247,0.000000,0.000000
7.514714,-5.878933,0.858387,0.021021,-0.026689,0.957880,0.285152,0.099439,0.018218,0.018684,0.257069,-0.361310,0.014993,-0.156760,-0.050898,-0.186134,0.411789,-0.176917,0.005613,-0.125009,0.004949,0.031377,0.393353,-0.454050,0.923195,1.570800,0.000000,0.000000,0.236625,-0.275186,0.310687,1.157078,-0.089482,0.000000,0.000000
7.521366,-5.886681,0.859836,0.024138,-0.026692,0.956744,0.288698,0.096135,0.012058,0.016491,0.252403,-0.345572,0.013854,-0.149360,-0.062206,-0.191006,0.479732,-0.173804,0.004722,-0.120610,0.004596,0.049944,0.389579,-0.446970,0.932014,1.570800,0.000000,0.000000,0.229873,-0.273279,0.319656,1.161171,-0.071929,0.000000,0.000000
7.529757,-5.892514,0.861296,0.021379,-0.026981,0.955772,0.292089,0.088048,0.012462,0.023451,0.243716,-0.336415,0.012915,-0.142713,-0.062975,-0.209035,0.508657,-0.193984,0.008344,-0.111476,0.004216,0.057190,0.387572,-0.442394,0.938560,1.570800,0.000000,0.000000,0.217973,-0.272671,0.315060,1.143202,-0.071449,0.000000,0.000000
