0.000000,0.000000,0.869168,-0.008491,0.003967,0.719949,0.693964,-0.020376,0.017946,0.043417,0.176701,-0.355428,0.010706,0.021348,0.035262,-0.039183,0.029688,-0.265983,-0.000597,0.039053,-0.001008,0.007963,0.243082,-0.515957,1.154655,1.561581,0.000000,0.000000,0.003768,-0.162569,0.333341,1.131689,-0.022225,0.000000,0.000000
-0.001479,-0.000568,0.869294,-0.008398,0.004906,0.723530,0.690224,-0.024248,0.015970,0.035836,0.184035,-0.360649,0.011331,0.020884,0.033926,-0.045186,0.028902,-0.268146,-0.000185,0.034432,-0.001394,0.001461,0.238173,-0.523932,1.168346,1.567720,0.000000,0.000000,0.001118,-0.163686,0.343928,1.142572,-0.015823,0.000000,0.000000
-0.001774,0.000657,0.869230,-0.008587,0.004818,0.723877,0.689859,-0.025170,0.015827,0.033814,0.187049,-0.361610,0.011579,0.021050,0.033862,-0.047300,0.029274,-0.269858,0.000060,0.033476,-0.001421,0.000522,0.237456,-0.525474,1.170499,1.568835,0.000000,0.000000,0.000862,-0.163984,0.348345,1.145188,-0.014023,0.000000,0.000000
-0.001744,0.002268,0.869096,-0.008678,0.004903,0.724523,0.689179,-0.026375,0.016208,0.029461,0.192635,-0.360137,0.012265,0.022003,0.034228,-0.055861,0.031350,-0.274445,0.001226,0.032495,-0.001454,0.000621,0.237714,-0.526727,1.171391,1.569936,0.000000,0.000000,0.002391,-0.164320,0.348924,1.145319,-0.010878,0.000000,0.000000
-0.003328,0.003267,0.869023,-0.008820,0.005132,0.725699,0.687937,-0.027910,0.015520,0.024478,0.198796,-0.356810,0.012820,0.022735,0.032155,-0.055939,0.032911,-0.280112,0.000784,0.031817,-0.001424,0.000584,0.238285,-0.528344,1.171584,1.570470,0.000000,0.000000,0.004506,-0.164853,0.344352,1.143757,-0.007562,0.000000,0.000000
-0.005244,0.003718,0.869214,-0.008365,0.005833,0.722907,0.690870,-0.029597,0.012192,0.022770,0.207146,-0.351294,0.012370,0.022644,0.025493,-0.054757,0.032931,-0.286112,-0.000776,0.038701,-0.001751,0.000615,0.236778,-0.531010,1.171870,1.570783,0.000000,0.000000,0.008134,-0.166977,0.342606,1.147981,-0.026142,0.000000,0.000000
-0.006258,0.005399,0.869148,-0.008647,0.005831,0.721390,0.692451,-0.029492,0.011086,0.023540,0.209463,-0.349617,0.012040,0.022904,0.023356,-0.053515,0.033481,-0.288744,-0.001372,0.041088,-0.001809,0.001551,0.236849,-0.530860,1.170886,1.570800,0.000000,0.000000,0.009978,-0.167787,0.341368,1.147614,-0.029908,0.000000,0.000000
-0.007370,0.007335,0.869088,-0.009115,0.006413,0.722644,0.691131,-0.029272,0.010270,0.023531,0.209958,-0.349256,0.011876,0.023119,0.022132,-0.054276,0.033944,-0.291334,-0.001529,0.042575,-0.001829,0.001814,0.237174,-0.532396,1.169714,1.570800,0.000000,0.000000,0.011610,-0.168502,0.339208,1.147463,-0.030882,0.000000,0.000000
-0.008257,0.010131,0.868982,-0.009234,0.006389,0.721117,0.692723,-0.027985,0.009061,0.023451,0.210015,-0.348958,0.011637,0.023769,0.020827,-0.054475,0.035261,-0.295310,-0.001766,0.044220,-0.001870,0.003181,0.237665,-0.532595,1.167652,1.570800,0.000000,0.000000,0.014041,-0.169561,0.338555,1.146655,-0.031113,0.000000,0.000000
-0.008844,0.013344,0.868783,-0.009147,0.005995,0.721907,0.691904,-0.025815,0.008066,0.022089,0.210323,-0.349202,0.011627,0.025201,0.020547,-0.056804,0.038181,-0.301477,-0.001516,0.044862,-0.001874,0.005694,0.238549,-0.531875,1.164250,1.570800,0.000000,0.000000,0.017367,-0.170833,0.337674,1.144933,-0.031633,0.000000,0.000000
-0.008761,0.016685,0.868354,-0.008898,0.005373,0.722761,0.691020,-0.022420,0.007877,0.020008,0.212433,-0.351860,0.011898,0.028189,0.022266,-0.067572,0.044616,-0.312611,0.000213,0.044574,-0.001845,0.009854,0.239585,-0.530642,1.159785,1.570800,0.000000,0.000000,0.022536,-0.172604,0.336942,1.143163,-0.033617,0.000000,0.000000
-0.009678,0.019380,0.867877,-0.009106,0.005616,0.729627,0.683762,-0.022407,0.008026,0.011516,0.218174,-0.355966,0.013124,0.030807,0.023789,-0.082123,0.050789,-0.325955,0.002345,0.041560,-0.001598,0.010085,0.240930,-0.540520,1.156036,1.570800,0.000000,0.000000,0.030010,-0.174358,0.322123,1.140228,-0.036598,0.000000,0.000000
-0.010832,0.022265,0.867469,-0.009289,0.005690,0.734680,0.678327,-0.022964,0.007926,0.002379,0.224076,-0.358490,0.014376,0.032894,0.024015,-0.093214,0.055852,-0.336513,0.003779,0.038984,-0.001369,0.008883,0.242392,-0.551344,1.153058,1.570800,0.000000,0.000000,0.038041,-0.174314,0.303757,1.135238,-0.035605,0.000000,0.000000
-0.011878,0.025730,0.867205,-0.008962,0.004913,0.734924,0.678072,-0.021427,0.007829,-0.000275,0.226723,-0.359515,0.014728,0.034601,0.023751,-0.096676,0.059546,-0.342850,0.004173,0.038805,-0.001313,0.009544,0.243379,-0.554768,1.151219,1.570800,0.000000,0.000000,0.041614,-0.173777,0.302809,1.134693,-0.033164,0.000000,0.000000
-0.013310,0.028471,0.866789,-0.008389,0.003820,0.732407,0.680805,-0.018033,0.007222,-0.000331,0.229256,-0.360550,0.014611,0.035295,0.022562,-0.098039,0.069356,-0.351695,0.004115,0.039356,-0.001338,0.012332,0.243975,-0.553886,1.149424,1.570800,0.000000,0.000000,0.046153,-0.173584,0.306785,1.133717,-0.032443,0.000000,0.000000
-0.014428,0.031037,0.865969,-0.007720,0.002304,0.727940,0.685594,-0.011800,0.006329,0.001930,0.231648,-0.363847,0.014117,0.033879,0.020625,-0.090650,0.090821,-0.363777,0.002853,0.037530,-0.001417,0.018917,0.244275,-0.543017,1.147780,1.570800,0.000000,0.000000,0.051416,-0.173861,0.323443,1.132765,-0.034695,0.000000,0.000000
-0.015637,0.033784,0.865317,-0.007362,0.001276,0.727925,0.685616,-0.008592,0.005846,0.001435,0.233720,-0.364946,0.014100,0.032324,0.019796,-0.086014,0.106044,-0.372774,0.002146,0.035358,-0.001347,0.022357,0.245694,-0.541215,1.145647,1.570800,0.000000,0.000000,0.054984,-0.173469,0.330269,1.133065,-0.034572,0.000000,0.000000
-0.017035,0.036634,0.864499,-0.006668,0.000367,0.727491,0.686084,-0.005121,0.004396,-0.001016,0.236506,-0.364556,0.014156,0.029879,0.018235,-0.083467,0.125655,-0.384194,0.001565,0.033906,-0.001275,0.025765,0.247464,-0.541451,1.143414,1.570800,0.000000,0.000000,0.060351,-0.173192,0.334825,1.132153,-0.034388,0.000000,0.000000
-0.018376,0.039762,0.863307,-0.005680,-0.001135,0.728519,0.685001,-0.001324,0.003015,-0.005643,0.240495,-0.365421,0.014546,0.027075,0.016989,-0.081234,0.150676,-0.398009,0.001119,0.030645,-0.001204,0.029941,0.249335,-0.542204,1.139930,1.570800,0.000000,0.000000,0.067569,-0.172967,0.337767,1.130182,-0.033207,0.000000,0.000000
-0.019493,0.042820,0.861999,-0.004793,-0.002422,0.728457,0.685071,0.002405,0.001737,-0.007861,0.244788,-0.368246,0.014605,0.023609,0.015687,-0.080872,0.176149,-0.409052,0.000921,0.028280,-0.001168,0.033918,0.250322,-0.542421,1.136006,1.570800,0.000000,0.000000,0.073695,-0.172836,0.339561,1.130635,-0.031416,0.000000,0.000000
-0.020532,0.045992,0.860566,-0.003751,-0.004265,0.729192,0.684286,0.006863,0.001073,-0.009879,0.249244,-0.373117,0.014769,0.019337,0.015632,-0.080238,0.206048,-0.419434,0.000979,0.024537,-0.001029,0.038445,0.251682,-0.543642,1.132045,1.570800,0.000000,0.000000,0.080768,-0.172527,0.341201,1.131661,-0.029065,0.000000,0.000000
-0.021725,0.048814,0.860268,-0.002922,-0.006297,0.729383,0.684071,0.012101,0.001325,-0.005188,0.252739,-0.377314,0.014171,0.012930,0.017493,-0.079354,0.240265,-0.429515,0.001428,0.019867,-0.000877,0.044167,0.254406,-0.544018,1.127012,1.570800,0.000000,0.000000,0.088973,-0.172337,0.344743,1.130637,-0.027601,0.000000,0.000000
-0.021727,0.051363,0.860422,-0.001973,-0.007468,0.728409,0.685099,0.018022,0.002370,-0.007639,0.248084,-0.384149,0.014731,0.005034,0.019376,-0.098829,0.280210,-0.440537,0.004799,0.017314,-0.000815,0.049268,0.256943,-0.543155,1.121064,1.570800,0.000000,0.000000,0.096745,-0.172643,0.347858,1.129450,-0.027969,0.000000,0.000000
-0.022074,0.054062,0.860387,-0.000858,-0.008887,0.730498,0.682857,0.023174,0.003921,-0.016160,0.247253,-0.388215,0.016271,-0.001417,0.018191,-0.134966,0.324969,-0.451452,0.010159,0.010956,-0.000617,0.053185,0.259262,-0.543166,1.112802,1.570800,0.000000,0.000000,0.104885,-0.172818,0.348468,1.127926,-0.028788,0.000000,0.000000
-0.023555,0.057263,0.860269,-0.000300,-0.010230,0.733191,0.679946,0.027340,0.004059,-0.028976,0.248128,-0.390616,0.018131,-0.007388,0.018108,-0.093874,0.349041,-0.449504,0.004321,0.001244,-0.000317,0.055587,0.261213,-0.542764,1.106169,1.570800,0.000000,0.000000,0.110357,-0.171856,0.350668,1.128761,-0.024804,0.000000,0.000000
-0.024541,0.060662,0.860070,0.000897,-0.011775,0.731855,0.681358,0.031835,0.003483,-0.032354,0.249940,-0.394210,0.018499,-0.011530,0.015848,-0.086038,0.372027,-0.447270,0.002849,-0.001995,-0.000197,0.059501,0.261538,-0.540016,1.102434,1.570800,0.000000,0.000000,0.114923,-0.170648,0.354398,1.130342,-0.022991,0.000000,0.000000
-0.025391,0.064183,0.859691,0.002148,-0.013498,0.732070,0.681093,0.037199,0.003149,-0.036302,0.253226,-0.398142,0.019023,-0.016833,0.014619,-0.082498,0.401131,-0.445270,0.002298,-0.006798,-0.000034,0.063649,0.263014,-0.538810,1.097887,1.570800,0.000000,0.000000,0.121469,-0.169398,0.356808,1.132048,-0.023786,0.000000,0.000000
-0.026136,0.067679,0.859228,0.003289,-0.015193,0.732581,0.680502,0.042482,0.002787,-0.040983,0.257301,-0.401682,0.019657,-0.022759,0.014256,-0.081976,0.431764,-0.442835,0.002419,-0.012518,0.000148,0.067217,0.264726,-0.536664,1.092227,1.570800,0.000000,0.000000,0.129273,-0.168096,0.357853,1.132647,-0.024895,0.000000,0.000000
-0.027069,0.071076,0.858693,0.004352,-0.017119,0.733568,0.679386,0.047233,0.002449,-0.042917,0.263381,-0.401977,0.019943,-0.028445,0.014022,-0.084871,0.460919,-0.440316,0.003088,-0.019268,0.000371,0.070340,0.265452,-0.534408,1.087719,1.570800,0.000000,0.000000,0.137689,-0.166377,0.358886,1.131708,-0.023935,0.000000,0.000000
-0.027703,0.074118,0.858360,0.005200,-0.018840,0.734888,0.677907,0.051364,0.003332,-0.043564,0.267215,-0.405795,0.020291,-0.034288,0.013774,-0.088830,0.486443,-0.437205,0.003895,-0.026293,0.000593,0.072709,0.265933,-0.534959,1.084928,1.570800,0.000000,0.000000,0.144960,-0.164777,0.358880,1.131697,-0.022308,0.000000,0.000000
-0.028228,0.076779,0.858145,0.005835,-0.020520,0.736420,0.676188,0.054950,0.004870,-0.044106,0.270332,-0.409076,0.020759,-0.040389,0.014285,-0.090704,0.507511,-0.433481,0.004504,-0.033411,0.000824,0.073766,0.266204,-0.535929,1.082818,1.570800,0.000000,0.000000,0.151483,-0.163232,0.358740,1.131466,-0.020729,0.000000,0.000000
-0.028760,0.079139,0.857951,0.006434,-0.021933,0.737483,0.674979,0.058169,0.006193,-0.044748,0.272933,-0.410775,0.021191,-0.046737,0.015028,-0.089672,0.523424,-0.430139,0.004635,-0.040156,0.001054,0.072961,0.267096,-0.537906,1.081373,1.570800,0.000000,0.000000,0.157462,-0.162117,0.359465,1.130973,-0.020787,0.000000,0.000000
-0.028957,0.081697,0.857742,0.006674,-0.022851,0.737279,0.675169,0.061240,0.007172,-0.045737,0.274278,-0.411956,0.021590,-0.053247,0.016199,-0.086937,0.533329,-0.426397,0.004538,-0.046661,0.001264,0.071198,0.268200,-0.539365,1.080514,1.570800,0.000000,0.000000,0.161804,-0.160986,0.360203,1.132013,-0.022084,0.000000,0.000000
-0.029482,0.084627,0.857525,0.006477,-0.023449,0.739840,0.672343,0.063974,0.008938,-0.047710,0.275032,-0.414030,0.022303,-0.060141,0.017272,-0.087433,0.537717,-0.425517,0.004935,-0.054195,0.001557,0.067522,0.269924,-0.544157,1.080002,1.570800,0.000000,0.000000,0.166882,-0.159122,0.355936,1.134039,-0.023631,0.000000,0.000000
-0.029954,0.087766,0.857337,0.006321,-0.023789,0.742264,0.669655,0.066618,0.010560,-0.050545,0.274868,-0.415911,0.023099,-0.066929,0.017983,-0.090147,0.536847,-0.423085,0.005568,-0.061509,0.001802,0.062996,0.271572,-0.549270,1.079735,1.570800,0.000000,0.000000,0.173690,-0.157749,0.349496,1.133830,-0.024525,0.000000,0.000000
-0.030748,0.090915,0.857251,0.005926,-0.024048,0.745725,0.665793,0.069022,0.012209,-0.054723,0.273748,-0.416738,0.024094,-0.073536,0.017869,-0.098434,0.532442,-0.417353,0.006919,-0.069020,0.002084,0.057535,0.272098,-0.556210,1.079768,1.570800,0.000000,0.000000,0.183329,-0.156118,0.338546,1.130287,-0.025106,0.000000,0.000000
-0.031365,0.094145,0.857195,0.005545,-0.024378,0.747778,0.663478,0.071644,0.013653,-0.057840,0.272226,-0.417312,0.024897,-0.079449,0.018094,-0.103324,0.523661,-0.411350,0.007705,-0.075694,0.002318,0.052398,0.270493,-0.561284,1.081142,1.570800,0.000000,0.000000,0.190494,-0.154215,0.331506,1.129562,-0.025333,0.000000,0.000000
-0.032060,0.097338,0.857112,0.005297,-0.024412,0.748956,0.662148,0.074736,0.014504,-0.060790,0.269609,-0.417289,0.025534,-0.085555,0.017907,-0.105556,0.510454,-0.404597,0.007877,-0.082281,0.002544,0.046298,0.268858,-0.565564,1.083086,1.570800,0.000000,0.000000,0.195810,-0.153132,0.327829,1.130529,-0.026593,0.000000,0.000000
-0.033339,0.100189,0.857047,0.004685,-0.024168,0.750075,0.660895,0.077501,0.014744,-0.063386,0.266173,-0.416438,0.025972,-0.092007,0.015866,-0.114424,0.492630,-0.403116,0.008606,-0.088449,0.002813,0.039109,0.267950,-0.569682,1.083458,1.570800,0.000000,0.000000,0.201424,-0.152344,0.324384,1.129907,-0.028421,0.000000,0.000000
-0.034082,0.103070,0.857130,0.003696,-0.024105,0.752104,0.658593,0.079634,0.015952,-0.068663,0.262500,-0.415064,0.027030,-0.098628,0.014998,-0.119120,0.471445,-0.399395,0.008832,-0.095755,0.003097,0.032372,0.266792,-0.572762,1.081899,1.570800,0.000000,0.000000,0.206842,-0.151214,0.321559,1.128687,-0.029431,0.000000,0.000000
-0.034705,0.106080,0.857094,0.002774,-0.023835,0.753869,0.656586,0.081363,0.017019,-0.073265,0.259649,-0.415032,0.027946,-0.104725,0.014173,-0.124102,0.449342,-0.392373,0.009119,-0.102995,0.003382,0.026754,0.264839,-0.576085,1.080536,1.570800,0.000000,0.000000,0.211179,-0.150443,0.319800,1.127967,-0.029431,0.000000,0.000000
-0.035529,0.109596,0.856848,0.002552,-0.023497,0.753621,0.656885,0.084333,0.016462,-0.074482,0.257320,-0.414268,0.028014,-0.110885,0.012156,-0.127534,0.426396,-0.383213,0.008860,-0.109721,0.003607,0.022077,0.263362,-0.577631,1.079319,1.570800,0.000000,0.000000,0.215676,-0.151243,0.320854,1.127174,-0.029715,0.000000,0.000000
-0.036395,0.113874,0.856538,0.002219,-0.023055,0.754630,0.655742,0.088079,0.016200,-0.074229,0.254177,-0.413834,0.027944,-0.116582,0.009916,-0.132997,0.402989,-0.376050,0.008856,-0.115699,0.003885,0.016796,0.262526,-0.580056,1.077697,1.570800,0.000000,0.000000,0.221009,-0.151736,0.317652,1.126876,-0.027191,0.000000,0.000000
-0.037398,0.118343,0.856329,0.001733,-0.022698,0.756019,0.654153,0.092377,0.016392,-0.074009,0.249514,-0.413681,0.027965,-0.121918,0.007754,-0.139677,0.379069,-0.368774,0.009031,-0.121013,0.004093,0.010976,0.262292,-0.584474,1.075339,1.570800,0.000000,0.000000,0.226314,-0.152818,0.312831,1.125888,-0.021816,0.000000,0.000000
-0.038008,0.122626,0.856119,0.001607,-0.022295,0.755681,0.654558,0.097162,0.016111,-0.072114,0.244329,-0.412190,0.027642,-0.127229,0.006040,-0.142743,0.355678,-0.360135,0.008740,-0.125851,0.004327,0.006638,0.263033,-0.587270,1.070971,1.570800,0.000000,0.000000,0.229779,-0.153999,0.312378,1.127499,-0.021418,0.000000,0.000000
-0.038129,0.127036,0.857515,0.001133,-0.022137,0.753264,0.657345,0.102867,0.016181,-0.065784,0.238009,-0.412669,0.026742,-0.133243,0.005954,-0.140558,0.331018,-0.350005,0.007994,-0.129584,0.004475,0.004554,0.264678,-0.585098,1.064636,1.570800,0.000000,0.000000,0.231718,-0.155180,0.316116,1.130639,-0.025996,0.000000,0.000000
-0.038046,0.131676,0.858665,0.000526,-0.022200,0.751453,0.659413,0.108644,0.017052,-0.058913,0.232610,-0.415216,0.025917,-0.139150,0.007215,-0.137470,0.305609,-0.338185,0.007433,-0.132878,0.004626,0.002865,0.266026,-0.582367,1.059322,1.570800,0.000000,0.000000,0.233650,-0.155483,0.317920,1.134469,-0.027292,0.000000,0.000000
-0.037966,0.136586,0.859521,-0.000052,-0.022109,0.750364,0.660655,0.114120,0.017972,-0.054033,0.228260,-0.417784,0.025373,-0.144738,0.008848,-0.135078,0.279941,-0.323312,0.007095,-0.135516,0.004755,0.000326,0.267291,-0.580228,1.054041,1.570800,0.000000,0.000000,0.236776,-0.155837,0.319578,1.138135,-0.029597,0.000000,0.000000
-0.038487,0.140739,0.860119,-0.000250,-0.021633,0.753609,0.656967,0.116937,0.019217,-0.054271,0.228571,-0.421462,0.025636,-0.150017,0.008341,-0.140433,0.254851,-0.307274,0.007466,-0.139965,0.004937,-0.005071,0.269070,-0.585512,1.048125,1.570800,0.000000,0.000000,0.240764,-0.155460,0.315652,1.143363,-0.036946,0.000000,0.000000
-0.038379,0.144389,0.860462,-0.000397,-0.020791,0.752667,0.658073,0.118864,0.018940,-0.053706,0.230703,-0.425434,0.025455,-0.156231,0.008409,-0.142251,0.230947,-0.287305,0.007461,-0.144483,0.005132,-0.009537,0.270581,-0.586204,1.043458,1.570800,0.000000,0.000000,0.242304,-0.155704,0.316153,1.149249,-0.041020,0.000000,0.000000
-0.038203,0.148093,0.860433,-0.000881,-0.020027,0.753275,0.657401,0.120423,0.019294,-0.053916,0.233290,-0.429479,0.025554,-0.163101,0.008966,-0.143740,0.204046,-0.262591,0.007532,-0.150561,0.005370,-0.014709,0.272434,-0.591054,1.037743,1.570800,0.000000,0.000000,0.243620,-0.156403,0.314214,1.154055,-0.039265,0.000000,0.000000
-0.037950,0.152240,0.860095,-0.001301,-0.018908,0.753085,0.657651,0.121869,0.019300,-0.054059,0.236032,-0.434689,0.025554,-0.169820,0.009501,-0.143899,0.177209,-0.239366,0.007408,-0.156587,0.005647,-0.019646,0.274005,-0.594667,1.031686,1.570800,0.000000,0.000000,0.245323,-0.157856,0.310957,1.156155,-0.034176,0.000000,0.000000
-0.038364,0.156759,0.859313,-0.001131,-0.017605,0.755020,0.655465,0.123465,0.018987,-0.055930,0.239296,-0.441000,0.025720,-0.176381,0.007912,-0.150014,0.149932,-0.221392,0.007616,-0.162646,0.005913,-0.025606,0.273558,-0.599216,1.026971,1.570800,0.000000,0.000000,0.250378,-0.157556,0.297657,1.153029,-0.023126,0.000000,0.000000
-0.038404,0.161284,0.858284,-0.001059,-0.016614,0.755203,0.655280,0.125197,0.018379,-0.056858,0.242857,-0.447047,0.025698,-0.181681,0.007543,-0.152939,0.126730,-0.208299,0.007597,-0.167770,0.006115,-0.030635,0.273274,-0.599885,1.023731,1.570800,0.000000,0.000000,0.251705,-0.157537,0.288548,1.157128,-0.018401,0.000000,0.000000
-0.038520,0.165816,0.856922,-0.001139,-0.015435,0.755388,0.655095,0.127014,0.017577,-0.057018,0.246558,-0.454332,0.025510,-0.187127,0.007155,-0.154534,0.102468,-0.196645,0.007322,-0.172946,0.006306,-0.035536,0.272637,-0.600395,1.019848,1.570800,0.000000,0.000000,0.253243,-0.158501,0.284465,1.162232,-0.016967,0.000000,0.000000
-0.038612,0.170590,0.855263,-0.001212,-0.014262,0.756523,0.653810,0.128850,0.017206,-0.057380,0.250293,-0.461058,0.025458,-0.192390,0.006425,-0.156560,0.078401,-0.185592,0.007013,-0.178236,0.006549,-0.041467,0.271545,-0.603589,1.016653,1.570800,0.000000,0.000000,0.256144,-0.160294,0.281607,1.163140,-0.014258,0.000000,0.000000
-0.038719,0.175560,0.853401,-0.001108,-0.013346,0.756568,0.653778,0.130917,0.016563,-0.057319,0.254447,-0.466550,0.025295,-0.197298,0.005811,-0.157800,0.056812,-0.176083,0.006640,-0.182906,0.006777,-0.046766,0.271592,-0.605517,1.014661,1.570800,0.000000,0.000000,0.258107,-0.164101,0.276155,1.164342,-0.010452,0.000000,0.000000
-0.038810,0.180837,0.851205,-0.001126,-0.012390,0.757798,0.652371,0.133163,0.016615,-0.057860,0.259035,-0.473717,0.025382,-0.202153,0.004690,-0.160674,0.034348,-0.167883,0.006322,-0.188020,0.007046,-0.052494,0.273273,-0.610991,1.012250,1.570800,0.000000,0.000000,0.259485,-0.167023,0.266337,1.168006,-0.005886,0.000000,0.000000
-0.038762,0.186412,0.849150,-0.000981,-0.011522,0.758726,0.651307,0.135462,0.016720,-0.059004,0.263762,-0.480417,0.025571,-0.206173,0.003821,-0.164551,0.015068,-0.159590,0.006242,-0.192250,0.007277,-0.057313,0.274595,-0.616340,1.010014,1.570800,0.000000,0.000000,0.260755,-0.168298,0.260967,1.173316,-0.006132,0.000000,0.000000
-0.038875,0.192209,0.847267,-0.000738,-0.010882,0.758639,0.651420,0.137935,0.016349,-0.058685,0.268728,-0.486285,0.025451,-0.209513,0.003487,-0.168238,-0.000872,-0.151781,0.006313,-0.194688,0.007407,-0.060438,0.275076,-0.619069,1.007567,1.570800,0.000000,0.000000,0.261428,-0.169654,0.261585,1.180765,-0.015835,0.000000,0.000000
-0.039013,0.198039,0.845144,-0.000617,-0.010230,0.758797,0.651247,0.140966,0.016035,-0.057321,0.274763,-0.493046,0.025209,-0.213195,0.003272,-0.172023,-0.017450,-0.143230,0.006348,-0.198116,0.007591,-0.063318,0.275549,-0.621351,1.005394,1.570800,0.000000,0.000000,0.261540,-0.170935,0.261783,1.189397,-0.027566,0.000000,0.000000
-0.039158,0.203909,0.845335,-0.000614,-0.009191,0.758421,0.651700,0.142234,0.015603,-0.057135,0.277278,-0.495414,0.025090,-0.214889,0.003355,-0.173522,-0.017450,-0.139799,0.006417,-0.199738,0.007648,-0.064509,0.275536,-0.621298,1.005011,1.570800,0.000000,0.000000,0.261768,-0.171202,0.261008,1.191279,-0.029475,0.000000,0.000000
-0.039084,0.210038,0.845246,-0.000862,-0.008092,0.759703,0.650219,0.144903,0.015481,-0.057726,0.282687,-0.501656,0.025168,-0.218725,0.003592,-0.177694,-0.017450,-0.132386,0.006765,-0.203723,0.007815,-0.068426,0.275467,-0.621486,1.005331,1.570800,0.000000,0.000000,0.262266,-0.171141,0.257692,1.195797,-0.031191,0.000000,0.000000
-0.039321,0.216482,0.844929,-0.000938,-0.007330,0.760799,0.648945,0.147971,0.015912,-0.058489,0.288945,-0.508598,0.025411,-0.222573,0.003426,-0.183024,-0.017450,-0.126766,0.007218,-0.207985,0.007979,-0.073236,0.275588,-0.622341,1.007442,1.570800,0.000000,0.000000,0.263266,-0.171374,0.253054,1.200518,-0.031286,0.000000,0.000000
-0.039792,0.223233,0.844380,-0.000796,-0.006834,0.761420,0.648223,0.151766,0.016161,-0.059687,0.296718,-0.515836,0.025691,-0.226321,0.002403,-0.187902,-0.017450,-0.125055,0.007442,-0.212038,0.008149,-0.077834,0.275310,-0.623962,1.011187,1.570800,0.000000,0.000000,0.265166,-0.171746,0.248533,1.204747,-0.030534,0.000000,0.000000
-0.040021,0.230225,0.843892,-0.000502,-0.006372,0.761783,0.647801,0.155434,0.016272,-0.060951,0.304275,-0.521435,0.025965,-0.229177,0.001395,-0.190748,-0.017450,-0.126865,0.007430,-0.215038,0.008305,-0.080811,0.274239,-0.625805,1.015347,1.570800,0.000000,0.000000,0.266937,-0.171759,0.246254,1.207973,-0.031334,0.000000,0.000000
-0.039974,0.237373,0.843485,-0.000135,-0.005802,0.762219,0.647293,0.159043,0.016737,-0.062088,0.311687,-0.525844,0.026329,-0.231661,0.000931,-0.193786,-0.017450,-0.130167,0.007519,-0.217740,0.008398,-0.083149,0.273379,-0.627171,1.019403,1.570800,0.000000,0.000000,0.268611,-0.171891,0.243942,1.210698,-0.034017,0.000000,0.000000
-0.040051,0.244624,0.843105,0.000042,-0.005358,0.762520,0.646943,0.162662,0.017386,-0.063066,0.319152,-0.529732,0.026731,-0.233808,0.000439,-0.195317,-0.017450,-0.134157,0.007425,-0.220392,0.008510,-0.084970,0.272822,-0.628208,1.023092,1.570800,0.000000,0.000000,0.270518,-0.172434,0.241552,1.212058,-0.038063,0.000000,0.000000
-0.040073,0.252121,0.842737,0.000079,-0.005129,0.762731,0.646695,0.166109,0.018127,-0.064799,0.326367,-0.533273,0.027267,-0.235603,-0.000010,-0.195017,-0.017450,-0.137533,0.007184,-0.222448,0.008559,-0.085975,0.272000,-0.630050,1.027430,1.570800,0.000000,0.000000,0.272386,-0.173166,0.240782,1.212725,-0.041591,0.000000,0.000000
-0.040060,0.259888,0.842367,-0.000227,-0.005143,0.763110,0.646248,0.169458,0.019174,-0.067223,0.333335,-0.535421,0.027997,-0.237213,-0.000210,-0.193345,-0.017450,-0.140606,0.006865,-0.224237,0.008631,-0.086702,0.270593,-0.630978,1.032909,1.570800,0.000000,0.000000,0.274074,-0.173498,0.240195,1.212707,-0.043479,0.000000,0.000000
-0.040107,0.267776,0.842053,-0.000216,-0.005060,0.763504,0.645783,0.172702,0.019947,-0.070059,0.340017,-0.537087,0.028727,-0.238626,-0.000661,-0.191491,-0.017450,-0.142304,0.006536,-0.225950,0.008703,-0.087128,0.269001,-0.631138,1.038524,1.570800,0.000000,0.000000,0.275529,-0.173439,0.239139,1.212590,-0.044169,0.000000,0.000000
-0.039987,0.275853,0.841766,0.000014,-0.004895,0.763885,0.645334,0.176180,0.020559,-0.073981,0.347349,-0.538541,0.029607,-0.240005,-0.001205,-0.190061,-0.017450,-0.142859,0.006296,-0.227695,0.008754,-0.087227,0.267802,-0.631757,1.045088,1.570800,0.000000,0.000000,0.276753,-0.173211,0.237320,1.213104,-0.044027,0.000000,0.000000
-0.039834,0.284145,0.842184,0.000098,-0.004884,0.764222,0.644935,0.180298,0.021411,-0.078592,0.356131,-0.539340,0.030718,-0.241315,-0.001755,-0.188410,-0.011811,-0.141494,0.006148,-0.229199,0.008841,-0.087065,0.267339,-0.633310,1.052895,1.570800,0.000000,0.000000,0.278125,-0.173233,0.236514,1.213406,-0.043691,0.000000,0.000000
-0.040065,0.292538,0.844100,0.000089,-0.005243,0.764124,0.645048,0.185523,0.021987,-0.083299,0.367352,-0.539290,0.031884,-0.242925,-0.002849,-0.184532,0.007927,-0.136462,0.005971,-0.230135,0.008858,-0.086050,0.267056,-0.635045,1.062379,1.570800,0.000000,0.000000,0.280643,-0.173121,0.238915,1.211412,-0.041788,0.000000,0.000000
-0.040531,0.301174,0.846250,0.000299,-0.005767,0.763750,0.645486,0.190448,0.021865,-0.086165,0.377699,-0.537623,0.032598,-0.244571,-0.004267,-0.181057,0.032595,-0.132593,0.005977,-0.229799,0.008806,-0.083456,0.266011,-0.635944,1.070558,1.570800,0.000000,0.000000,0.283495,-0.172537,0.242805,1.208246,-0.040161,0.000000,0.000000
-0.040827,0.310144,0.848263,0.000599,-0.006370,0.763766,0.645461,0.195182,0.022251,-0.088405,0.387726,-0.535097,0.033359,-0.246157,-0.005803,-0.178892,0.059411,-0.133253,0.006147,-0.229312,0.008754,-0.079869,0.265330,-0.636435,1.078234,1.570800,0.000000,0.000000,0.285437,-0.171648,0.244449,1.207984,-0.041011,0.000000,0.000000
-0.042219,0.318582,0.849477,0.000710,-0.008924,0.763691,0.645520,0.201121,0.023518,-0.081233,0.399306,-0.538014,0.032876,-0.248050,-0.005999,-0.176297,0.090935,-0.140969,0.006487,-0.227491,0.008673,-0.078290,0.260195,-0.644588,1.086274,1.570800,0.000000,0.000000,0.287867,-0.166267,0.250900,1.204423,-0.063435,0.000000,0.000000
-0.042143,0.327706,0.850783,0.000355,-0.010063,0.762862,0.646482,0.205727,0.025450,-0.077088,0.410171,-0.535621,0.032969,-0.249290,-0.005527,-0.171897,0.117445,-0.148717,0.006537,-0.225401,0.008586,-0.075285,0.259000,-0.646382,1.095401,1.570800,0.000000,0.000000,0.288215,-0.162324,0.250842,1.205293,-0.074745,0.000000,0.000000
-0.041988,0.336473,0.851988,0.000045,-0.010745,0.762096,0.647375,0.208072,0.026497,-0.075635,0.426098,-0.530452,0.033279,-0.250087,-0.005159,-0.166381,0.141833,-0.154724,0.006366,-0.223488,0.008459,-0.071286,0.259514,-0.645610,1.104271,1.570800,0.000000,0.000000,0.287446,-0.160116,0.253201,1.207428,-0.075745,0.000000,0.000000
-0.041727,0.345432,0.853186,-0.000085,-0.010953,0.761484,0.648091,0.208718,0.026590,-0.076037,0.446590,-0.522974,0.033718,-0.250376,-0.004708,-0.161951,0.165345,-0.159359,0.006392,-0.222010,0.008315,-0.066149,0.259841,-0.643772,1.112272,1.570800,0.000000,0.000000,0.285684,-0.158809,0.256459,1.211704,-0.071696,0.000000,0.000000
-0.041482,0.354563,0.854157,0.000226,-0.011030,0.760281,0.649501,0.208535,0.025379,-0.076261,0.468902,-0.513405,0.033824,-0.250016,-0.004307,-0.157643,0.186628,-0.164671,0.006344,-0.220469,0.008167,-0.059569,0.259313,-0.639598,1.118504,1.570800,0.000000,0.000000,0.283027,-0.157558,0.258428,1.216277,-0.069778,0.000000,0.000000
-0.041123,0.363826,0.854951,0.000957,-0.011220,0.758437,0.651649,0.207897,0.023657,-0.073739,0.494226,-0.502313,0.033374,-0.248912,-0.003751,-0.150707,0.207895,-0.172232,0.005892,-0.218707,0.007998,-0.050739,0.259600,-0.634112,1.122964,1.570800,0.000000,0.000000,0.279697,-0.158110,0.261086,1.217624,-0.073461,0.000000,0.000000
-0.040556,0.373320,0.855612,0.001990,-0.011516,0.756761,0.653587,0.206509,0.023006,-0.069758,0.521664,-0.491143,0.032948,-0.246774,-0.003277,-0.142936,0.227951,-0.180016,0.005240,-0.216011,0.007819,-0.040502,0.260126,-0.629720,1.126328,1.570800,0.000000,0.000000,0.276733,-0.159501,0.262693,1.218157,-0.082012,0.000000,0.000000
-0.040705,0.382664,0.856244,0.003432,-0.011622,0.755535,0.654996,0.203741,0.021135,-0.066623,0.553753,-0.475404,0.032305,-0.243521,-0.004531,-0.136507,0.247622,-0.189966,0.004404,-0.210862,0.007600,-0.030185,0.259884,-0.627246,1.129735,1.570800,0.000000,0.000000,0.274581,-0.159895,0.260641,1.218869,-0.088734,0.000000,0.000000
-0.042039,0.391690,0.856808,0.005175,-0.011422,0.753859,0.656916,0.199794,0.015452,-0.062881,0.588237,-0.454644,0.030377,-0.239679,-0.008082,-0.131257,0.265690,-0.202485,0.003180,-0.202714,0.007296,-0.020825,0.256942,-0.623173,1.134040,1.570800,0.000000,0.000000,0.272436,-0.160963,0.256463,1.219551,-0.091108,0.000000,0.000000
-0.043229,0.400834,0.857279,0.007041,-0.011253,0.751512,0.659586,0.195285,0.009712,-0.056144,0.622549,-0.431077,0.027784,-0.235175,-0.012026,-0.125592,0.281656,-0.214841,0.001747,-0.194251,0.006997,-0.011964,0.252342,-0.619635,1.140222,1.570800,0.000000,0.000000,0.269867,-0.162998,0.253836,1.219956,-0.086330,0.000000,0.000000
-0.044120,0.410100,0.857724,0.009182,-0.011155,0.749429,0.661927,0.189774,0.005293,-0.047644,0.658791,-0.403034,0.025156,-0.229581,-0.016292,-0.120440,0.296880,-0.225988,0.000320,-0.185192,0.006732,-0.003301,0.248513,-0.620555,1.146911,1.570800,0.000000,0.000000,0.267275,-0.164947,0.250485,1.220785,-0.078861,0.000000,0.000000
-0.044804,0.419306,0.858117,0.011461,-0.011090,0.747648,0.663904,0.183371,0.002088,-0.038498,0.695018,-0.372977,0.022650,-0.223412,-0.020358,-0.115516,0.310475,-0.235932,-0.001070,-0.176382,0.006526,0.004752,0.246988,-0.627019,1.151877,1.570800,0.000000,0.000000,0.264933,-0.166494,0.247814,1.221308,-0.070918,0.000000,0.000000
-0.045251,0.428514,0.858404,0.013455,-0.011271,0.745686,0.666067,0.176077,-0.000364,-0.029795,0.730968,-0.340827,0.020352,-0.216749,-0.023368,-0.109342,0.322377,-0.245854,-0.002474,-0.167454,0.006281,0.013244,0.245384,-0.631180,1.156423,1.570800,0.000000,0.000000,0.263219,-0.168029,0.246325,1.217410,-0.060601,0.000000,0.000000
-0.045540,0.437635,0.858595,0.015304,-0.011738,0.743446,0.668517,0.167625,-0.002102,-0.020475,0.768167,-0.305200,0.018074,-0.209388,-0.025389,-0.102357,0.333117,-0.256047,-0.003823,-0.157850,0.005946,0.023015,0.243151,-0.630913,1.159928,1.570800,0.000000,0.000000,0.261925,-0.169758,0.243913,1.212707,-0.044587,0.000000,0.000000
-0.045166,0.446688,0.858789,0.017199,-0.012306,0.740253,0.671996,0.158740,-0.002457,-0.009133,0.804917,-0.266936,0.015780,-0.201722,-0.025976,-0.093640,0.341871,-0.263656,-0.005171,-0.148198,0.005614,0.033717,0.241376,-0.627183,1.162859,1.570800,0.000000,0.000000,0.259951,-0.172011,0.243392,1.210485,-0.026734,0.000000,0.000000
-0.043972,0.455977,0.858989,0.019010,-0.012972,0.735395,0.677248,0.149940,-0.002252,0.003507,0.840146,-0.230533,0.013371,-0.193650,-0.024732,-0.080891,0.348840,-0.271191,-0.006783,-0.138183,0.005279,0.045296,0.241134,-0.620961,1.166383,1.570800,0.000000,0.000000,0.257425,-0.174803,0.248861,1.206890,-0.012887,0.000000,0.000000
-0.042572,0.465527,0.859232,0.020536,-0.013551,0.732650,0.680161,0.140370,-0.000430,0.011902,0.873108,-0.200831,0.012277,-0.184643,-0.023366,-0.070687,0.353521,-0.280529,-0.007984,-0.129770,0.004983,0.056024,0.242908,-0.619174,1.168022,1.570800,0.000000,0.000000,0.254786,-0.176619,0.253774,1.202880,-0.005903,0.000000,0.000000
-0.040867,0.475159,0.859384,0.022214,-0.014589,0.730331,0.682577,0.130578,0.002792,0.019402,0.905331,-0.181955,0.011800,-0.174705,-0.021444,-0.061789,0.357599,-0.290746,-0.008886,-0.121776,0.004715,0.066648,0.244711,-0.620784,1.167295,1.570800,0.000000,0.000000,0.251524,-0.177872,0.259875,1.199800,-0.003499,0.000000,0.000000
-0.038859,0.484815,0.859429,0.024061,-0.016035,0.728977,0.683927,0.120724,0.008753,0.028811,0.936174,-0.176617,0.011830,-0.164045,-0.019218,-0.053988,0.361725,-0.300843,-0.009565,-0.113350,0.004410,0.076137,0.246510,-0.624090,1.165924,1.570800,0.000000,0.000000,0.249349,-0.178612,0.263405,1.194986,-0.000247,0.000000,0.000000
-0.037185,0.494725,0.859467,0.026350,-0.017449,0.728316,0.684512,0.110577,0.014167,0.036001,0.966385,-0.182015,0.012107,-0.152342,-0.018002,-0.048710,0.366270,-0.311805,-0.010084,-0.103274,0.004042,0.085148,0.248400,-0.626874,1.166337,1.570800,0.000000,0.000000,0.249663,-0.180168,0.263907,1.185971,0.005634,0.000000,0.000000
-0.035622,0.504989,0.859491,0.028841,-0.018700,0.727452,0.685297,0.100795,0.019208,0.043478,0.993875,-0.195405,0.012204,-0.140021,-0.017771,-0.047142,0.370936,-0.324144,-0.010249,-0.091651,0.003606,0.095603,0.248168,-0.625960,1.166770,1.570794,0.000000,0.000000,0.251301,-0.182505,0.263936,1.173571,0.009726,0.000000,0.000000
-0.033436,0.515517,0.859415,0.030735,-0.020264,0.725588,0.687144,0.091145,0.025703,0.053132,1.017641,-0.211124,0.012318,-0.126728,-0.015565,-0.043996,0.374342,-0.337023,-0.010231,-0.079503,0.003133,0.106889,0.247332,-0.619930,1.167791,1.570751,0.000000,0.000000,0.252300,-0.185066,0.267227,1.159896,0.006172,0.000000,0.000000
-0.031111,0.525835,0.859527,0.032758,-0.021503,0.723302,0.689419,0.081707,0.031009,0.061417,1.035815,-0.223861,0.012291,-0.113389,-0.013170,-0.038989,0.374890,-0.347878,-0.010464,-0.066522,0.002679,0.116972,0.247533,-0.614837,1.169491,1.570696,0.000000,0.000000,0.252486,-0.186817,0.273148,1.150874,0.002514,0.000000,0.000000
-0.029049,0.535997,0.859709,0.034695,-0.022479,0.722687,0.689938,0.072095,0.035551,0.065859,1.048566,-0.236240,0.012753,-0.100279,-0.011524,-0.036076,0.373842,-0.356488,-0.010535,-0.055008,0.002278,0.126693,0.248390,-0.614376,1.169841,1.570639,0.000000,0.000000,0.252367,-0.187114,0.277753,1.143952,0.001624,0.000000,0.000000
-0.027411,0.545942,0.859807,0.036446,-0.023516,0.722387,0.690127,0.062028,0.039580,0.069465,1.057208,-0.249430,0.013205,-0.087131,-0.010290,-0.034251,0.372781,-0.364126,-0.010533,-0.043817,0.001864,0.136008,0.249238,-0.615878,1.170918,1.570593,0.000000,0.000000,0.252720,-0.187304,0.279905,1.132351,0.003472,0.000000,0.000000
-0.025105,0.555780,0.859958,0.038586,-0.024340,0.715736,0.696879,0.052468,0.040770,0.080977,1.062525,-0.266012,0.011197,-0.073994,-0.007935,-0.025442,0.372671,-0.369190,-0.011367,-0.032948,0.001299,0.149306,0.251331,-0.598542,1.169893,1.570576,0.000000,0.000000,0.246562,-0.201086,0.289769,1.105473,-0.007526,0.000000,0.000000
-0.023036,0.565764,0.860475,0.040625,-0.024190,0.710462,0.702145,0.043499,0.039984,0.089398,1.061332,-0.276776,0.009158,-0.062211,-0.007979,-0.017645,0.368461,-0.374157,-0.012565,-0.018876,0.000868,0.160718,0.250891,-0.585114,1.171921,1.570527,0.000000,0.000000,0.245155,-0.205142,0.297739,1.091540,-0.002274,0.000000,0.000000
-0.021233,0.575924,0.860957,0.042639,-0.024248,0.707423,0.705087,0.034489,0.038913,0.093878,1.055296,-0.285709,0.007807,-0.049500,-0.008587,-0.012683,0.363236,-0.379180,-0.013441,-0.004770,0.000383,0.171013,0.250069,-0.577918,1.174567,1.570464,0.000000,0.000000,0.244328,-0.204227,0.304292,1.089364,0.005540,0.000000,0.000000
-0.020311,0.585513,0.861412,0.043859,-0.024589,0.708129,0.704290,0.023791,0.038522,0.093723,1.044269,-0.291578,0.007585,-0.035862,-0.009193,-0.010957,0.355071,-0.382045,-0.013828,0.010273,-0.000135,0.176218,0.251630,-0.584370,1.175991,1.570416,0.000000,0.000000,0.240012,-0.204182,0.308951,1.088849,0.013415,0.000000,0.000000
-0.019626,0.594725,0.861959,0.045587,-0.024402,0.705923,0.706398,0.013020,0.035245,0.095628,1.029629,-0.298898,0.006043,-0.023178,-0.011454,-0.009793,0.347937,-0.383717,-0.014525,0.024106,-0.000725,0.182301,0.251019,-0.582426,1.176974,1.570371,0.000000,0.000000,0.234523,-0.208715,0.314856,1.082064,0.008921,0.000000,0.000000
-0.019203,0.603603,0.862433,0.047073,-0.024004,0.704041,0.708191,0.001897,0.030690,0.097964,1.010950,-0.306261,0.004023,-0.011725,-0.014372,-0.009591,0.341373,-0.385598,-0.015231,0.037311,-0.001239,0.189951,0.249119,-0.575159,1.177763,1.570315,0.000000,0.000000,0.231193,-0.214797,0.316546,1.070284,-0.001397,0.000000,0.000000
-0.018098,0.612077,0.862818,0.048060,-0.023784,0.701642,0.710509,-0.009328,0.027714,0.101890,0.988881,-0.311961,0.002188,-0.001686,-0.015259,-0.005993,0.334586,-0.387337,-0.015973,0.048795,-0.001618,0.198104,0.246766,-0.562893,1.178042,1.570255,0.000000,0.000000,0.223997,-0.219689,0.323031,1.062311,-0.005575,0.000000,0.000000
-0.016724,0.620326,0.863150,0.048610,-0.023547,0.698358,0.713707,-0.020836,0.025406,0.105724,0.963091,-0.317572,0.000600,0.007266,-0.014923,0.000500,0.327686,-0.388131,-0.016876,0.058843,-0.001975,0.205839,0.244703,-0.548261,1.177979,1.570208,0.000000,0.000000,0.214874,-0.224109,0.332981,1.053787,-0.003161,0.000000,0.000000
-0.016043,0.628337,0.863546,0.048942,-0.022711,0.696132,0.715883,-0.033036,0.021959,0.108012,0.933133,-0.321129,-0.000984,0.015646,-0.016383,0.001744,0.319636,-0.391430,-0.017385,0.070836,-0.002344,0.211502,0.244196,-0.540264,1.176984,1.570170,0.000000,0.000000,0.207784,-0.228165,0.334887,1.042279,-0.000138,0.000000,0.000000
-0.015296,0.636039,0.863802,0.048914,-0.022044,0.694101,0.717876,-0.045291,0.019016,0.110351,0.900265,-0.324217,-0.002372,0.023599,-0.017186,0.003013,0.312087,-0.394023,-0.017734,0.081895,-0.002767,0.215211,0.243630,-0.531594,1.176385,1.570143,0.000000,0.000000,0.200485,-0.231105,0.336895,1.030581,0.001631,0.000000,0.000000
-0.014279,0.643665,0.863848,0.048388,-0.021331,0.692127,0.719836,-0.057658,0.017484,0.114300,0.862914,-0.328483,-0.003596,0.031146,-0.017382,0.003614,0.305440,-0.398046,-0.017838,0.091875,-0.003127,0.218444,0.243391,-0.523300,1.174760,1.570121,0.000000,0.000000,0.192584,-0.233730,0.339882,1.021842,0.004125,0.000000,0.000000
-0.013053,0.651443,0.863763,0.047583,-0.020616,0.690356,0.721609,-0.069305,0.017682,0.120234,0.822851,-0.332977,-0.004630,0.038127,-0.017273,0.004820,0.299782,-0.399776,-0.017977,0.100597,-0.003481,0.223462,0.244603,-0.516724,1.170745,1.570106,0.000000,0.000000,0.185314,-0.237737,0.342973,1.013873,0.008005,0.000000,0.000000
-0.011639,0.659357,0.863645,0.046652,-0.019816,0.688693,0.723279,-0.080163,0.018809,0.128081,0.781626,-0.332728,-0.005719,0.044727,-0.016586,0.006804,0.294109,-0.399926,-0.018113,0.108537,-0.003806,0.228277,0.246728,-0.511265,1.167226,1.570107,0.000000,0.000000,0.177612,-0.242232,0.345140,1.002815,0.012316,0.000000,0.000000
-0.010803,0.667392,0.863562,0.045728,-0.018956,0.686866,0.725096,-0.090550,0.018449,0.136076,0.737129,-0.328154,-0.007184,0.051250,-0.016006,0.012781,0.287808,-0.400380,-0.018866,0.116638,-0.004130,0.232441,0.247885,-0.505856,1.164612,1.570099,0.000000,0.000000,0.169143,-0.247098,0.347347,0.990779,0.016707,0.000000,0.000000
-0.010038,0.675421,0.863416,0.044662,-0.017982,0.685398,0.726575,-0.100685,0.017172,0.142738,0.689497,-0.323471,-0.008503,0.057894,-0.015135,0.017116,0.281069,-0.402072,-0.019295,0.124244,-0.004434,0.236647,0.248383,-0.502156,1.161131,1.570083,0.000000,0.000000,0.161052,-0.251792,0.351471,0.978464,0.018042,0.000000,0.000000
-0.009147,0.683553,0.863287,0.043510,-0.016786,0.683821,0.728158,-0.110402,0.015850,0.150126,0.638302,-0.320165,-0.009789,0.064661,-0.014317,0.020673,0.273387,-0.403109,-0.019619,0.132146,-0.004747,0.240296,0.249401,-0.499207,1.158196,1.570065,0.000000,0.000000,0.152634,-0.255746,0.356702,0.967060,0.014359,0.000000,0.000000
-0.008346,0.691874,0.863046,0.042156,-0.015768,0.681492,0.730440,-0.118924,0.015156,0.158907,0.586116,-0.319340,-0.010966,0.071208,-0.013892,0.022996,0.266257,-0.404030,-0.019853,0.141209,-0.005078,0.243594,0.251105,-0.494710,1.155479,1.570061,0.000000,0.000000,0.144408,-0.260551,0.360511,0.955633,0.011647,0.000000,0.000000
-0.007366,0.700329,0.862594,0.040687,-0.014914,0.679408,0.732480,-0.126428,0.015418,0.167075,0.533625,-0.316972,-0.011626,0.077675,-0.013328,0.022143,0.260471,-0.406423,-0.019582,0.149815,-0.005427,0.247295,0.250438,-0.489327,1.153082,1.570038,0.000000,0.000000,0.135709,-0.264743,0.362688,0.945853,0.013577,0.000000,0.000000
-0.006707,0.708967,0.861950,0.039284,-0.014171,0.677991,0.733883,-0.133008,0.014790,0.176864,0.478258,-0.310544,-0.012638,0.084485,-0.013229,0.018420,0.255953,-0.410572,-0.018994,0.156738,-0.005693,0.251614,0.248637,-0.484044,1.150510,1.570003,0.000000,0.000000,0.126109,-0.267370,0.363608,0.938741,0.015274,0.000000,0.000000
-0.006502,0.717830,0.861233,0.037655,-0.013262,0.676588,0.735279,-0.138611,0.012398,0.188624,0.419287,-0.300028,-0.014215,0.090995,-0.013506,0.016603,0.251492,-0.413918,-0.018765,0.162373,-0.005915,0.255353,0.250267,-0.478115,1.145039,1.570006,0.000000,0.000000,0.116789,-0.271179,0.365472,0.930656,0.014907,0.000000,0.000000
-0.006230,0.726772,0.860541,0.035968,-0.012450,0.674853,0.736970,-0.143283,0.010092,0.193738,0.359088,-0.283672,-0.014537,0.097317,-0.013448,0.018011,0.246477,-0.415623,-0.018940,0.167706,-0.006142,0.257912,0.254137,-0.472646,1.139089,1.570029,0.000000,0.000000,0.107312,-0.275559,0.368476,0.921454,0.014412,0.000000,0.000000
-0.006200,0.735794,0.859748,0.034446,-0.011933,0.673486,0.738301,-0.147106,0.007432,0.197196,0.296791,-0.265182,-0.014558,0.104505,-0.013694,0.018801,0.241418,-0.419900,-0.019096,0.172456,-0.006355,0.260790,0.255996,-0.469044,1.136537,1.570036,0.000000,0.000000,0.097154,-0.278745,0.373282,0.914409,0.013072,0.000000,0.000000
-0.006169,0.745004,0.858832,0.032620,-0.011321,0.672366,0.739413,-0.150535,0.005122,0.197171,0.233893,-0.244568,-0.013888,0.112182,-0.013822,0.017775,0.235409,-0.425190,-0.018947,0.176449,-0.006571,0.265022,0.255769,-0.465333,1.135777,1.570016,0.000000,0.000000,0.087247,-0.282022,0.379132,0.908797,0.010872,0.000000,0.000000
-0.006180,0.753954,0.858030,0.030466,-0.010505,0.670816,0.740923,-0.153748,0.003315,0.195564,0.169988,-0.223712,-0.012818,0.118484,-0.014218,0.014401,0.231341,-0.430531,-0.018509,0.180472,-0.006750,0.268619,0.255693,-0.459340,1.134329,1.570004,0.000000,0.000000,0.077156,-0.285816,0.385200,0.902467,0.014709,0.000000,0.000000
-0.006436,0.762133,0.856117,0.028321,-0.010263,0.668811,0.742822,-0.156943,0.002127,0.194061,0.107187,-0.202799,-0.011632,0.121919,-0.013947,0.016796,0.235045,-0.437673,-0.018751,0.184381,-0.006963,0.271301,0.257735,-0.452063,1.133088,1.570025,0.000000,0.000000,0.065457,-0.289033,0.393500,0.897215,0.016549,0.000000,0.000000
-0.006685,0.770629,0.854256,0.025909,-0.009991,0.667419,0.744164,-0.160242,0.002084,0.188088,0.046222,-0.184726,-0.009615,0.124760,-0.013086,0.018849,0.240238,-0.447116,-0.018823,0.188413,-0.007206,0.273418,0.259663,-0.448052,1.132018,1.570039,0.000000,0.000000,0.052900,-0.291152,0.397574,0.894336,0.010573,0.000000,0.000000
-0.006905,0.779359,0.852176,0.023506,-0.009907,0.666904,0.744707,-0.163638,0.003350,0.178651,-0.010995,-0.174637,-0.006945,0.127852,-0.011728,0.019070,0.246372,-0.458036,-0.018517,0.192094,-0.007364,0.273836,0.259980,-0.448975,1.132747,1.570036,0.000000,0.000000,0.042723,-0.292179,0.397579,0.890275,0.010383,0.000000,0.000000
-0.007057,0.788164,0.850520,0.021375,-0.010028,0.666682,0.744969,-0.166077,0.004436,0.174404,-0.017450,-0.172804,-0.005752,0.130079,-0.010854,0.017788,0.250734,-0.464638,-0.018126,0.194054,-0.007447,0.272455,0.258655,-0.447752,1.136560,1.570030,0.000000,0.000000,0.036608,-0.293048,0.398110,0.887984,0.012054,0.000000,0.000000
-0.006896,0.797193,0.848090,0.019638,-0.010132,0.665723,0.745872,-0.170147,0.007209,0.168508,-0.017450,-0.169862,-0.004126,0.134306,-0.009616,0.015695,0.259170,-0.475861,-0.017530,0.197077,-0.007580,0.270114,0.255018,-0.442252,1.145221,1.570003,0.000000,0.000000,0.023538,-0.294541,0.401562,0.887234,0.013837,0.000000,0.000000
-0.006702,0.806676,0.847240,0.018032,-0.010257,0.664410,0.747081,-0.173416,0.010755,0.161260,-0.017450,-0.168698,-0.002489,0.138621,-0.008608,0.014827,0.267888,-0.486571,-0.017160,0.200186,-0.007699,0.269005,0.251303,-0.435758,1.152103,1.569976,0.000000,0.000000,0.011126,-0.295973,0.403453,0.886599,0.014863,0.000000,0.000000
-0.006504,0.816659,0.847167,0.016545,-0.010485,0.663618,0.747815,-0.176351,0.014410,0.152780,-0.017450,-0.171165,-0.000789,0.143344,-0.007450,0.014273,0.277508,-0.496283,-0.016819,0.203214,-0.007822,0.270274,0.249166,-0.430451,1.155653,1.569950,0.000000,0.000000,0.004084,-0.298024,0.403819,0.882730,0.015946,0.000000,0.000000
-0.006231,0.827015,0.846984,0.015693,-0.010796,0.663326,0.748088,-0.178535,0.016621,0.146550,-0.017450,-0.173311,0.000367,0.148102,-0.006922,0.013815,0.287110,-0.504164,-0.016657,0.204367,-0.007867,0.273723,0.249402,-0.429723,1.156916,1.569925,0.000000,0.000000,0.000738,-0.300259,0.403461,0.879677,0.016011,0.000000,0.000000
-0.005647,0.837428,0.846368,0.015455,-0.011551,0.663012,0.748360,-0.181055,0.017464,0.148778,-0.017450,-0.178149,0.000563,0.154282,-0.006416,0.013597,0.299597,-0.514008,-0.016545,0.203741,-0.007875,0.278428,0.250371,-0.433308,1.159251,1.569909,0.000000,0.000000,-0.003138,-0.301985,0.404424,0.878868,0.013048,0.000000,0.000000
-0.005580,0.847907,0.845688,0.015579,-0.011878,0.661712,0.749502,-0.183199,0.016096,0.152263,-0.017450,-0.185651,0.000222,0.159971,-0.007516,0.016074,0.311272,-0.522381,-0.017226,0.205260,-0.007944,0.281861,0.247535,-0.430456,1.161292,1.569885,0.000000,0.000000,-0.007459,-0.303198,0.406045,0.880232,0.010475,0.000000,0.000000
-0.005785,0.858426,0.844972,0.016167,-0.012027,0.660346,0.750691,-0.184924,0.013885,0.154386,-0.017450,-0.190556,-0.000215,0.165008,-0.009741,0.018957,0.321613,-0.527902,-0.018262,0.207671,-0.008031,0.283913,0.243604,-0.425372,1.163058,1.569857,0.000000,0.000000,-0.009939,-0.304587,0.405820,0.881952,0.012069,0.000000,0.000000
-0.006068,0.869118,0.844150,0.016956,-0.012199,0.659000,0.751853,-0.186715,0.011305,0.156201,-0.017450,-0.195200,-0.000709,0.170703,-0.012376,0.023432,0.333195,-0.532603,-0.019669,0.208867,-0.008050,0.286132,0.240949,-0.427957,1.166482,1.569811,0.000000,0.000000,-0.011911,-0.307897,0.406251,0.883976,0.011280,0.000000,0.000000
-0.006469,0.879995,0.843070,0.017904,-0.012491,0.658191,0.752534,-0.189132,0.008023,0.157783,-0.017450,-0.201360,-0.001292,0.176975,-0.014966,0.027846,0.346148,-0.536392,-0.021115,0.210395,-0.008040,0.287725,0.237316,-0.432795,1.172569,1.569757,0.000000,0.000000,-0.012811,-0.310914,0.404207,0.887883,0.010401,0.000000,0.000000
-0.006820,0.891234,0.842137,0.018713,-0.012600,0.657572,0.753054,-0.191029,0.005789,0.153303,-0.017450,-0.208240,-0.001171,0.182974,-0.017441,0.030281,0.358454,-0.537231,-0.022278,0.212407,-0.008010,0.288277,0.233382,-0.433493,1.178392,1.569717,0.000000,0.000000,-0.012726,-0.313004,0.400822,0.892779,0.012508,0.000000,0.000000
-0.006934,0.902546,0.841130,0.019642,-0.012997,0.657409,0.753165,-0.193038,0.004119,0.148061,-0.017450,-0.212185,-0.000906,0.188487,-0.019074,0.032142,0.371576,-0.537077,-0.023165,0.213645,-0.007949,0.288658,0.230622,-0.434784,1.183026,1.569688,0.000000,0.000000,-0.012166,-0.314659,0.398406,0.898089,0.013371,0.000000,0.000000
-0.006903,0.913268,0.840090,0.020585,-0.013913,0.656967,0.753509,-0.195422,0.003281,0.145582,-0.017450,-0.209571,-0.000843,0.191749,-0.019727,0.034226,0.388421,-0.535995,-0.023845,0.214890,-0.007936,0.289436,0.228072,-0.435281,1.187066,1.569655,0.000000,0.000000,-0.011445,-0.315105,0.395763,0.903730,0.014556,0.000000,0.000000
-0.006285,0.923430,0.839100,0.021275,-0.014840,0.655623,0.754643,-0.198935,0.004238,0.146628,-0.017450,-0.197932,-0.001006,0.193888,-0.019808,0.035706,0.411190,-0.531582,-0.024375,0.216919,-0.007934,0.289884,0.225134,-0.435655,1.192316,1.569629,0.000000,0.000000,-0.010516,-0.316071,0.392261,0.911147,0.011715,0.000000,0.000000
-0.005680,0.933231,0.838729,0.021680,-0.015546,0.653464,0.756487,-0.203162,0.007047,0.148033,-0.012929,-0.183061,-0.001037,0.194694,-0.019600,0.037283,0.436035,-0.524127,-0.024913,0.220353,-0.007954,0.289751,0.222141,-0.436026,1.196239,1.569600,0.000000,0.000000,-0.009348,-0.317719,0.387913,0.918440,0.007908,0.000000,0.000000
-0.005690,0.943246,0.840764,0.021977,-0.015877,0.653172,0.756724,-0.208179,0.009715,0.143469,0.012086,-0.170810,-0.000586,0.194886,-0.019044,0.038356,0.462655,-0.516639,-0.025313,0.223956,-0.007959,0.289055,0.219713,-0.438820,1.198502,1.569568,0.000000,0.000000,-0.007279,-0.318457,0.381196,0.925282,0.007846,0.000000,0.000000
-0.006615,0.953835,0.843207,0.023164,-0.016345,0.653890,0.756059,-0.212183,0.010342,0.135966,0.045518,-0.164870,-0.000276,0.194423,-0.020411,0.041054,0.493474,-0.504350,-0.026592,0.224987,-0.007854,0.289805,0.217145,-0.441935,1.199331,1.569537,0.000000,0.000000,-0.004067,-0.317914,0.374660,0.932017,0.010502,0.000000,0.000000
-0.007308,0.964769,0.845662,0.024490,-0.016992,0.654535,0.755444,-0.215027,0.010295,0.129276,0.081991,-0.163087,-0.000179,0.193297,-0.021915,0.043252,0.527260,-0.489920,-0.027870,0.225282,-0.007786,0.289912,0.213503,-0.443837,1.201866,1.569506,0.000000,0.000000,0.002135,-0.315658,0.370038,0.940337,0.013867,0.000000,0.000000
-0.007767,0.975991,0.847819,0.025632,-0.017812,0.654978,0.755003,-0.216403,0.010385,0.125339,0.116821,-0.164648,-0.000290,0.191411,-0.023125,0.043689,0.562472,-0.470901,-0.028782,0.226269,-0.007679,0.288898,0.210220,-0.445684,1.205879,1.569472,0.000000,0.000000,0.012736,-0.311398,0.365960,0.950209,0.020007,0.000000,0.000000
-0.008183,0.987382,0.849596,0.026760,-0.018647,0.655617,0.754389,-0.216227,0.009987,0.123176,0.148396,-0.167906,-0.000617,0.188705,-0.024505,0.041935,0.599285,-0.447109,-0.029360,0.227032,-0.007598,0.286661,0.207800,-0.448354,1.210513,1.569451,0.000000,0.000000,0.022950,-0.307939,0.360004,0.961175,0.024695,0.000000,0.000000
-0.008632,0.999041,0.851128,0.027805,-0.019530,0.656732,0.753359,-0.214361,0.009009,0.119848,0.176403,-0.171069,-0.000826,0.185190,-0.025683,0.038746,0.638225,-0.418562,-0.029598,0.226398,-0.007483,0.284168,0.205501,-0.452276,1.215278,1.569446,0.000000,0.000000,0.033040,-0.304916,0.354309,0.971148,0.029037,0.000000,0.000000
-0.009048,1.010733,0.852404,0.028968,-0.020632,0.658349,0.751872,-0.210692,0.007794,0.113487,0.200613,-0.173394,-0.000573,0.180546,-0.026768,0.032694,0.679204,-0.380413,-0.029226,0.224064,-0.007356,0.281388,0.202814,-0.455907,1.220604,1.569435,0.000000,0.000000,0.044397,-0.300824,0.351165,0.980059,0.031037,0.000000,0.000000
-0.009478,1.022155,0.853441,0.030217,-0.022278,0.661053,0.749399,-0.205581,0.006789,0.103525,0.221921,-0.177193,0.000328,0.174850,-0.027523,0.022567,0.721662,-0.331140,-0.027872,0.218709,-0.007116,0.278917,0.199583,-0.455763,1.224901,1.569426,0.000000,0.000000,0.055102,-0.295215,0.345766,0.991239,0.029324,0.000000,0.000000
-0.009919,1.033276,0.854360,0.031205,-0.024317,0.664188,0.746518,-0.199531,0.006231,0.092325,0.240249,-0.182889,0.001611,0.168148,-0.028077,0.010014,0.763189,-0.275101,-0.025809,0.210712,-0.006811,0.276797,0.197564,-0.455151,1.227258,1.569429,0.000000,0.000000,0.064452,-0.289304,0.340898,1.003929,0.030912,0.000000,0.000000
-0.010506,1.043766,0.855255,0.032919,-0.026878,0.666776,0.744046,-0.191086,0.006819,0.071425,0.254707,-0.171870,0.004625,0.159788,-0.027923,0.005900,0.808279,-0.209748,-0.024957,0.202742,-0.006486,0.265271,0.178119,-0.450014,1.245265,1.569362,0.000000,0.000000,0.072981,-0.270924,0.318183,1.006360,-0.020624,0.000000,0.000000
-0.010644,1.055206,0.855987,0.034105,-0.029057,0.669142,0.741782,-0.182911,0.006648,0.058382,0.269006,-0.176663,0.006383,0.152251,-0.027962,-0.001371,0.847780,-0.157684,-0.023406,0.195611,-0.006191,0.259016,0.174474,-0.452500,1.253347,1.569348,0.000000,0.000000,0.083125,-0.262748,0.313194,1.013887,-0.038953,0.000000,0.000000
-0.010907,1.066660,0.856614,0.035216,-0.031353,0.671515,0.739489,-0.174359,0.006450,0.046236,0.284228,-0.185270,0.008116,0.143758,-0.027298,-0.007216,0.887617,-0.106043,-0.021792,0.187446,-0.005896,0.255595,0.174321,-0.454805,1.255392,1.569369,0.000000,0.000000,0.094707,-0.256793,0.313360,1.019853,-0.048610,0.000000,0.000000
-0.012298,1.078332,0.857090,0.036602,-0.033485,0.673870,0.737183,-0.165165,0.004198,0.035305,0.297683,-0.194340,0.009257,0.135128,-0.029986,-0.014721,0.925476,-0.065769,-0.020868,0.178401,-0.005607,0.254126,0.173592,-0.453186,1.254323,1.569380,0.000000,0.000000,0.104893,-0.253242,0.313915,1.021978,-0.052463,0.000000,0.000000
-0.014115,1.090057,0.857456,0.038338,-0.035509,0.676263,0.734805,-0.154812,0.000775,0.026565,0.309706,-0.203575,0.009819,0.126325,-0.034921,-0.023168,0.962280,-0.031129,-0.020424,0.167236,-0.005223,0.252885,0.170583,-0.447597,1.253528,1.569380,0.000000,0.000000,0.114339,-0.248964,0.315501,1.023536,-0.053376,0.000000,0.000000
-0.015910,1.101867,0.857757,0.040127,-0.037395,0.678531,0.732521,-0.143677,-0.002713,0.020043,0.319487,-0.214969,0.010032,0.117665,-0.040606,-0.031902,0.996065,-0.003369,-0.020156,0.155572,-0.004867,0.251795,0.168386,-0.443065,1.252076,1.569380,0.000000,0.000000,0.124018,-0.243832,0.319228,1.027617,-0.055440,0.000000,0.000000
-0.017898,1.113836,0.858111,0.041716,-0.039237,0.681577,0.729502,-0.131903,-0.006352,0.013308,0.326921,-0.225742,0.010255,0.109152,-0.045892,-0.041389,1.026503,0.008545,-0.019715,0.143772,-0.004467,0.250938,0.168399,-0.443300,1.249605,1.569383,0.000000,0.000000,0.135262,-0.240770,0.322992,1.031881,-0.058301,0.000000,0.000000
-0.020080,1.125852,0.858513,0.043173,-0.041072,0.684636,0.726445,-0.119492,-0.009897,0.006665,0.331889,-0.235401,0.010480,0.100635,-0.051221,-0.051490,1.052542,0.002933,-0.019307,0.132624,-0.004094,0.249963,0.170529,-0.447142,1.244883,1.569402,0.000000,0.000000,0.147008,-0.239070,0.325653,1.037809,-0.056794,0.000000,0.000000
-0.022657,1.137945,0.858937,0.044538,-0.042847,0.687293,0.723747,-0.106155,-0.013789,0.001803,0.335348,-0.244440,0.010322,0.092071,-0.058764,-0.064331,1.074192,-0.012401,-0.019142,0.121742,-0.003737,0.249500,0.173316,-0.451846,1.236641,1.569422,0.000000,0.000000,0.159098,-0.236576,0.327723,1.042864,-0.051824,0.000000,0.000000
-0.025449,1.150212,0.859330,0.045847,-0.044438,0.689595,0.721375,-0.092277,-0.018031,-0.001517,0.337527,-0.252889,0.009822,0.083708,-0.068409,-0.078261,1.090324,-0.032927,-0.019443,0.111288,-0.003347,0.249308,0.173881,-0.454273,1.230405,1.569431,0.000000,0.000000,0.171330,-0.233206,0.328345,1.045764,-0.053182,0.000000,0.000000
-0.028007,1.162522,0.859728,0.046989,-0.046127,0.692448,0.718457,-0.077802,-0.021840,-0.004846,0.338731,-0.262271,0.009421,0.075353,-0.077315,-0.090975,1.101379,-0.053828,-0.019740,0.099429,-0.002943,0.248599,0.176131,-0.456922,1.223953,1.569455,0.000000,0.000000,0.183419,-0.229924,0.326163,1.048663,-0.061431,0.000000,0.000000
-0.030734,1.174886,0.860130,0.047966,-0.047992,0.695329,0.715482,-0.063351,-0.025231,-0.009335,0.338847,-0.270452,0.009296,0.067454,-0.085734,-0.102998,1.107320,-0.073469,-0.020012,0.086603,-0.002506,0.245763,0.181206,-0.461452,1.216442,1.569511,0.000000,0.000000,0.194707,-0.227688,0.325817,1.050064,-0.067822,0.000000,0.000000
-0.033379,1.187034,0.860550,0.048852,-0.050244,0.697811,0.712845,-0.048635,-0.027809,-0.013714,0.338002,-0.278136,0.009334,0.059825,-0.093657,-0.116244,1.109273,-0.090979,-0.019885,0.073529,-0.002102,0.239531,0.183773,-0.468264,1.215651,1.569556,0.000000,0.000000,0.204951,-0.225805,0.328668,1.051152,-0.071242,0.000000,0.000000
-0.035148,1.198946,0.861065,0.049216,-0.052795,0.700620,0.709874,-0.033909,-0.027983,-0.017408,0.336723,-0.286029,0.009841,0.051824,-0.097476,-0.128262,1.106688,-0.108664,-0.018735,0.059549,-0.001633,0.232158,0.186079,-0.476555,1.217170,1.569612,0.000000,0.000000,0.214868,-0.222546,0.332233,1.053616,-0.071107,0.000000,0.000000
-0.036634,1.210697,0.861522,0.049335,-0.055220,0.703607,0.706721,-0.020219,-0.027043,-0.021045,0.335778,-0.293594,0.010608,0.043875,-0.098959,-0.139908,1.099691,-0.125945,-0.016909,0.046671,-0.001214,0.224635,0.189982,-0.484567,1.216993,1.569680,0.000000,0.000000,0.224868,-0.218678,0.331363,1.056975,-0.069763,0.000000,0.000000
-0.038435,1.222238,0.861856,0.049384,-0.057159,0.706490,0.703681,-0.007392,-0.026679,-0.025973,0.334776,-0.300434,0.011439,0.035783,-0.101543,-0.153245,1.088770,-0.141502,-0.015015,0.035406,-0.000856,0.215228,0.192053,-0.491468,1.218305,1.569737,0.000000,0.000000,0.234597,-0.215521,0.326733,1.059649,-0.069698,0.000000,0.000000
-0.039475,1.233220,0.862185,0.049101,-0.058804,0.709335,0.700696,0.004542,-0.025543,-0.032365,0.333317,-0.306440,0.012709,0.026431,-0.101338,-0.163437,1.072923,-0.157692,-0.012782,0.024305,-0.000448,0.204914,0.196132,-0.500964,1.216964,1.569810,0.000000,0.000000,0.243775,-0.211914,0.318746,1.062169,-0.065584,0.000000,0.000000
-0.040142,1.243618,0.862460,0.048604,-0.060283,0.712311,0.697579,0.015297,-0.023595,-0.037702,0.332224,-0.311830,0.014019,0.016420,-0.099484,-0.173104,1.052872,-0.171657,-0.010068,0.013087,-0.000026,0.194928,0.202546,-0.514541,1.212108,1.569897,0.000000,0.000000,0.252006,-0.205912,0.305778,1.065911,-0.049986,0.000000,0.000000
-0.040807,1.253460,0.862688,0.047850,-0.061307,0.715477,0.694294,0.024355,-0.021847,-0.042554,0.330767,-0.316877,0.015204,0.006137,-0.097103,-0.183228,1.028610,-0.185403,-0.007036,0.003054,0.000271,0.183262,0.208550,-0.527509,1.208415,1.569993,0.000000,0.000000,0.259504,-0.201972,0.296590,1.067398,-0.048228,0.000000,0.000000
-0.041664,1.262969,0.862904,0.046734,-0.061860,0.719025,0.690646,0.032511,-0.020394,-0.048298,0.328495,-0.322055,0.016455,-0.004921,-0.095216,-0.196127,0.999232,-0.201667,-0.003527,-0.007256,0.000596,0.169857,0.214352,-0.541448,1.204244,1.570098,0.000000,0.000000,0.265816,-0.199343,0.289382,1.070419,-0.053416,0.000000,0.000000
-0.042699,1.272290,0.863088,0.045358,-0.062158,0.722232,0.687357,0.040004,-0.018935,-0.051582,0.325659,-0.327652,0.017316,-0.015974,-0.094841,-0.211256,0.967320,-0.220324,-0.000007,-0.017225,0.000938,0.156729,0.219771,-0.556576,1.197480,1.570192,0.000000,0.000000,0.271547,-0.196577,0.282988,1.073093,-0.050757,0.000000,0.000000
-0.042595,1.281208,0.863258,0.044031,-0.062273,0.725045,0.684465,0.047134,-0.015904,-0.052302,0.322528,-0.333037,0.018159,-0.027471,-0.091107,-0.220238,0.931078,-0.230682,0.003295,-0.026815,0.001320,0.142712,0.227084,-0.570658,1.189325,1.570316,0.000000,0.000000,0.276234,-0.192040,0.271588,1.075319,-0.039745,0.000000,0.000000
-0.042844,1.290117,0.863364,0.042400,-0.061632,0.728105,0.681371,0.053596,-0.013285,-0.053523,0.318409,-0.338750,0.018963,-0.039019,-0.089124,-0.235035,0.891417,-0.245004,0.007177,-0.035991,0.001635,0.128141,0.236195,-0.582793,1.179449,1.570460,0.000000,0.000000,0.279760,-0.187908,0.258711,1.077808,-0.033027,0.000000,0.000000
-0.043204,1.299033,0.863425,0.040885,-0.060954,0.730937,0.678487,0.059597,-0.011369,-0.056991,0.314370,-0.342195,0.019959,-0.049775,-0.087126,-0.246456,0.852057,-0.252099,0.010255,-0.045417,0.001942,0.114957,0.242502,-0.591372,1.171163,1.570589,0.000000,0.000000,0.283819,-0.185604,0.252391,1.078782,-0.039702,0.000000,0.000000
-0.043359,1.307813,0.863459,0.039126,-0.060174,0.732837,0.676608,0.065790,-0.009179,-0.057871,0.309652,-0.345274,0.020616,-0.061254,-0.083583,-0.254651,0.807015,-0.256489,0.013010,-0.055357,0.002201,0.100881,0.248450,-0.596989,1.162710,1.570739,0.000000,0.000000,0.289315,-0.187422,0.254971,1.075637,-0.068161,0.000000,0.000000
-0.043282,1.316752,0.863381,0.037523,-0.059078,0.734229,0.675285,0.071938,-0.006912,-0.055686,0.304685,-0.348747,0.020812,-0.071955,-0.080416,-0.262208,0.759911,-0.258748,0.015333,-0.064033,0.002552,0.087655,0.253794,-0.603084,1.154408,1.570800,0.000000,0.000000,0.293321,-0.186882,0.248696,1.074643,-0.065130,0.000000,0.000000
-0.043168,1.325980,0.863217,0.035984,-0.057837,0.735349,0.674257,0.078508,-0.004873,-0.054252,0.299351,-0.352653,0.021051,-0.082105,-0.077799,-0.273720,0.708423,-0.256644,0.018088,-0.070910,0.002865,0.073922,0.259977,-0.608695,1.144693,1.570800,0.000000,0.000000,0.294333,-0.184218,0.237544,1.080091,-0.045379,0.000000,0.000000
-0.043422,1.335433,0.862893,0.034507,-0.056392,0.736312,0.673404,0.085094,-0.004010,-0.053041,0.294273,-0.357063,0.021032,-0.091090,-0.076466,-0.287445,0.656993,-0.253174,0.020689,-0.076963,0.003059,0.060820,0.266573,-0.613049,1.133622,1.570800,0.000000,0.000000,0.293917,-0.183381,0.230752,1.085243,-0.035553,0.000000,0.000000
-0.043350,1.345068,0.862372,0.033266,-0.054920,0.737537,0.672248,0.091835,-0.003017,-0.050968,0.290603,-0.360911,0.020928,-0.099158,-0.074618,-0.299445,0.603367,-0.248622,0.022839,-0.083317,0.003337,0.047141,0.274529,-0.619929,1.121149,1.570800,0.000000,0.000000,0.294481,-0.183815,0.228011,1.086761,-0.038508,0.000000,0.000000
-0.042515,1.354951,0.861798,0.031749,-0.053557,0.738571,0.671295,0.098405,-0.000971,-0.050646,0.287644,-0.362258,0.021389,-0.106357,-0.069869,-0.305568,0.546780,-0.242213,0.024397,-0.089816,0.003574,0.033089,0.282024,-0.625770,1.109079,1.570800,0.000000,0.000000,0.294597,-0.183901,0.224323,1.086202,-0.046250,0.000000,0.000000
-0.041595,1.364966,0.861188,0.030118,-0.052072,0.739174,0.670823,0.104870,0.001044,-0.050952,0.284092,-0.362823,0.021951,-0.112796,-0.064060,-0.308599,0.488674,-0.233445,0.025452,-0.096484,0.003828,0.019592,0.288924,-0.630189,1.097980,1.570800,0.000000,0.000000,0.294492,-0.184408,0.220351,1.086577,-0.052095,0.000000,0.000000
-0.040690,1.374821,0.860530,0.029134,-0.050331,0.740206,0.669861,0.112020,0.002823,-0.050179,0.278906,-0.368833,0.022243,-0.118652,-0.058950,-0.312389,0.425657,-0.222758,0.026129,-0.102247,0.004077,0.005164,0.296633,-0.637826,1.086737,1.570800,0.000000,0.000000,0.295215,-0.185150,0.218167,1.088586,-0.056430,0.000000,0.000000
-0.039530,1.384825,0.859878,0.027797,-0.048250,0.741504,0.668634,0.119045,0.005447,-0.048695,0.272158,-0.376586,0.022599,-0.124072,-0.053412,-0.315755,0.360520,-0.209909,0.026611,-0.106668,0.004265,-0.009323,0.304262,-0.644451,1.074667,1.570800,0.000000,0.000000,0.296191,-0.184998,0.215472,1.088773,-0.059691,0.000000,0.000000
-0.038445,1.394969,0.859049,0.026703,-0.046233,0.742189,0.668061,0.126239,0.007460,-0.046645,0.266465,-0.381762,0.022728,-0.129018,-0.047892,-0.318081,0.296634,-0.194304,0.026813,-0.109035,0.004398,-0.023674,0.309898,-0.648112,1.064989,1.570800,0.000000,0.000000,0.296834,-0.182639,0.212631,1.092030,-0.063138,0.000000,0.000000
-0.037519,1.404999,0.857818,0.026137,-0.044242,0.742074,0.668345,0.133610,0.008067,-0.043544,0.263647,-0.388484,0.022356,-0.133668,-0.042824,-0.318570,0.232156,-0.174581,0.026489,-0.110950,0.004479,-0.037675,0.314597,-0.651169,1.054996,1.570800,0.000000,0.000000,0.296594,-0.177981,0.210961,1.100825,-0.062157,0.000000,0.000000
-0.036661,1.413810,0.855860,0.026336,-0.041547,0.741455,0.669197,0.137847,0.006310,-0.039561,0.268505,-0.399320,0.021247,-0.138531,-0.039594,-0.317382,0.169667,-0.151631,0.025495,-0.111626,0.004500,-0.051925,0.317981,-0.655644,1.044173,1.570800,0.000000,0.000000,0.295750,-0.176318,0.210028,1.109209,-0.059563,0.000000,0.000000
-0.035387,1.422714,0.854023,0.024786,-0.039264,0.742455,0.668285,0.140555,0.007363,-0.038483,0.273301,-0.409388,0.021301,-0.142984,-0.034302,-0.309763,0.099607,-0.129734,0.023693,-0.114410,0.004655,-0.069297,0.323366,-0.662374,1.035600,1.570800,0.000000,0.000000,0.293039,-0.174824,0.207845,1.115097,-0.063066,0.000000,0.000000
-0.034646,1.432023,0.852069,0.024071,-0.036851,0.744221,0.666481,0.143358,0.008049,-0.038857,0.278746,-0.418561,0.021496,-0.146262,-0.032254,-0.302965,0.035663,-0.104102,0.021553,-0.115949,0.004753,-0.085230,0.327060,-0.667405,1.028851,1.570800,0.000000,0.000000,0.291493,-0.173214,0.202069,1.119429,-0.073152,0.000000,0.000000
-0.034142,1.441770,0.849955,0.023821,-0.034529,0.746095,0.664516,0.146459,0.008447,-0.039494,0.284993,-0.428215,0.021677,-0.149190,-0.032427,-0.298983,-0.017450,-0.079278,0.019681,-0.117262,0.004792,-0.099634,0.330131,-0.671525,1.022108,1.570800,0.000000,0.000000,0.291145,-0.170730,0.193329,1.122976,-0.081083,0.000000,0.000000
-0.033594,1.451800,0.848861,0.023720,-0.032653,0.746780,0.663845,0.147440,0.008492,-0.039413,0.286929,-0.430681,0.021681,-0.150040,-0.032693,-0.296886,-0.017450,-0.074068,0.019130,-0.117811,0.004823,-0.102862,0.330679,-0.672287,1.020944,1.570800,0.000000,0.000000,0.291032,-0.170179,0.191409,1.123884,-0.082618,0.000000,0.000000
-0.032747,1.461950,0.846503,0.023672,-0.031101,0.746673,0.664043,0.151529,0.008570,-0.039454,0.294983,-0.439746,0.021727,-0.153554,-0.033774,-0.285500,-0.017450,-0.058861,0.016953,-0.119714,0.004873,-0.113933,0.332567,-0.673527,1.016684,1.570800,0.000000,0.000000,0.289918,-0.169713,0.184629,1.127307,-0.090135,0.000000,0.000000
-0.031680,1.472157,0.844867,0.023777,-0.029525,0.745763,0.665132,0.157558,0.008133,-0.039618,0.307168,-0.452613,0.021670,-0.158986,-0.035115,-0.267511,-0.017450,-0.045517,0.014119,-0.121146,0.004939,-0.128961,0.336952,-0.671985,1.008914,1.570800,0.000000,0.000000,0.287796,-0.170680,0.176165,1.131832,-0.100665,0.000000,0.000000
-0.030580,1.482642,0.844259,0.024000,-0.028481,0.744341,0.666760,0.164529,0.007642,-0.037991,0.321365,-0.465658,0.021344,-0.164458,-0.036264,-0.247463,-0.017450,-0.042151,0.011145,-0.121401,0.005039,-0.142693,0.343152,-0.667005,1.000369,1.570800,0.000000,0.000000,0.286424,-0.168571,0.171530,1.139899,-0.107614,0.000000,0.000000
-0.029495,1.493703,0.843626,0.023813,-0.028276,0.743087,0.668173,0.170758,0.009243,-0.034761,0.334035,-0.475732,0.021316,-0.167867,-0.035852,-0.231472,-0.017450,-0.046560,0.008942,-0.121920,0.005059,-0.150020,0.348102,-0.660968,0.995275,1.570800,0.000000,0.000000,0.286736,-0.165153,0.171063,1.144955,-0.110296,0.000000,0.000000
-0.028615,1.505116,0.842950,0.023679,-0.028441,0.742785,0.668506,0.176827,0.011829,-0.034582,0.346377,-0.483559,0.022020,-0.170313,-0.035303,-0.219181,-0.017450,-0.053147,0.007235,-0.123887,0.005048,-0.155518,0.352098,-0.655410,0.991926,1.570800,0.000000,0.000000,0.288285,-0.164169,0.171304,1.144291,-0.109554,0.000000,0.000000
-0.027984,1.516891,0.842090,0.023797,-0.028923,0.742986,0.668258,0.183345,0.014471,-0.037022,0.359866,-0.490718,0.023190,-0.172189,-0.035799,-0.206116,-0.017450,-0.062900,0.005269,-0.125708,0.005069,-0.160270,0.355431,-0.651437,0.989416,1.570800,0.000000,0.000000,0.291418,-0.163162,0.174370,1.143285,-0.105768,0.000000,0.000000
-0.027501,1.528827,0.841070,0.024067,-0.029622,0.743479,0.667669,0.190031,0.017057,-0.039178,0.373497,-0.496412,0.024350,-0.173950,-0.036692,-0.195292,-0.017450,-0.073652,0.003550,-0.127524,0.005106,-0.164063,0.358600,-0.648304,0.987880,1.570800,0.000000,0.000000,0.294493,-0.161266,0.177765,1.143928,-0.103995,0.000000,0.000000
-0.026995,1.540787,0.839971,0.024190,-0.030386,0.743820,0.667251,0.196547,0.019393,-0.040611,0.386811,-0.500214,0.025363,-0.176176,-0.036625,-0.187173,-0.017450,-0.083682,0.002406,-0.129910,0.005105,-0.166816,0.362680,-0.644454,0.986637,1.570800,0.000000,0.000000,0.296633,-0.159215,0.179667,1.145751,-0.106106,0.000000,0.000000
-0.026357,1.552674,0.838346,0.024361,-0.031506,0.743915,0.667086,0.203655,0.022167,-0.041319,0.401353,-0.503466,0.026422,-0.179513,-0.036141,-0.177114,-0.017450,-0.097684,0.001109,-0.132837,0.005110,-0.167846,0.366362,-0.637610,0.985813,1.570800,0.000000,0.000000,0.297421,-0.157136,0.179603,1.149993,-0.110610,0.000000,0.000000
-0.025659,1.564996,0.836954,0.024312,-0.032712,0.743905,0.667042,0.210308,0.024608,-0.043734,0.414986,-0.503856,0.027699,-0.181828,-0.035693,-0.164499,-0.017450,-0.109418,-0.000366,-0.135028,0.005087,-0.167912,0.369094,-0.630246,0.986475,1.570800,0.000000,0.000000,0.297452,-0.155875,0.180429,1.154129,-0.119057,0.000000,0.000000
-0.024734,1.577175,0.835751,0.024334,-0.033904,0.743705,0.667204,0.214582,0.026187,-0.047732,0.433075,-0.504990,0.029014,-0.183718,-0.034993,-0.150870,-0.017450,-0.116642,-0.001843,-0.137779,0.005122,-0.166974,0.371935,-0.622610,0.988801,1.570800,0.000000,0.000000,0.297340,-0.154621,0.183706,1.156655,-0.122387,0.000000,0.000000
-0.023823,1.589160,0.834640,0.024621,-0.035129,0.743999,0.666802,0.217200,0.028137,-0.050197,0.455838,-0.506494,0.030236,-0.185552,-0.034409,-0.138450,-0.017450,-0.116813,-0.003175,-0.142055,0.005222,-0.165295,0.373982,-0.613976,0.992224,1.570800,0.000000,0.000000,0.296532,-0.153532,0.186924,1.159606,-0.118547,0.000000,0.000000
-0.023147,1.601049,0.833656,0.025622,-0.036180,0.744376,0.666288,0.219000,0.029765,-0.051268,0.483772,-0.506511,0.031208,-0.187384,-0.034762,-0.128869,-0.017450,-0.108340,-0.004289,-0.145710,0.005196,-0.162452,0.373551,-0.604210,0.995339,1.570800,0.000000,0.000000,0.295378,-0.153215,0.187116,1.163753,-0.117843,0.000000,0.000000
-0.022503,1.612856,0.834671,0.026836,-0.037254,0.744272,0.666296,0.219816,0.030542,-0.051874,0.518377,-0.504210,0.031951,-0.189366,-0.035656,-0.120876,-0.002804,-0.093428,-0.005160,-0.147777,0.005171,-0.158260,0.371755,-0.595026,0.998152,1.570800,0.000000,0.000000,0.294633,-0.152996,0.185968,1.167799,-0.124046,0.000000,0.000000
-0.021752,1.624503,0.837292,0.028062,-0.038656,0.743871,0.666614,0.219102,0.030720,-0.051962,0.557466,-0.498185,0.032498,-0.190995,-0.036827,-0.110781,0.026599,-0.080533,-0.006289,-0.148523,0.005155,-0.153694,0.369059,-0.587179,1.001982,1.570800,0.000000,0.000000,0.294319,-0.151490,0.183795,1.170829,-0.132391,0.000000,0.000000
-0.020955,1.636156,0.839869,0.029453,-0.040305,0.743517,0.666851,0.217095,0.030716,-0.052061,0.598158,-0.488426,0.032992,-0.191683,-0.037889,-0.100498,0.058958,-0.074395,-0.007526,-0.147345,0.005132,-0.149186,0.366205,-0.584074,1.007686,1.570800,0.000000,0.000000,0.294931,-0.149353,0.179248,1.172440,-0.136424,0.000000,0.000000
-0.020638,1.647938,0.842410,0.031148,-0.042167,0.743417,0.666771,0.213579,0.030349,-0.051673,0.643188,-0.475317,0.033292,-0.191237,-0.039175,-0.093515,0.094949,-0.074812,-0.008441,-0.144202,0.004988,-0.143448,0.360833,-0.580633,1.015247,1.570800,0.000000,0.000000,0.296313,-0.147483,0.171953,1.175547,-0.134765,0.000000,0.000000
-0.020401,1.660020,0.844616,0.033076,-0.044086,0.742884,0.667148,0.208947,0.029820,-0.049067,0.689946,-0.457909,0.033092,-0.189570,-0.039760,-0.087878,0.130278,-0.079950,-0.009156,-0.140865,0.004838,-0.134920,0.353754,-0.573953,1.022581,1.570800,0.000000,0.000000,0.297159,-0.146413,0.166241,1.179384,-0.129690,0.000000,0.000000
-0.019956,1.672266,0.846461,0.034910,-0.046174,0.741724,0.668203,0.203044,0.030362,-0.042524,0.739242,-0.432669,0.032432,-0.186334,-0.038804,-0.079698,0.162938,-0.087765,-0.010033,-0.138169,0.004754,-0.125181,0.348271,-0.566259,1.030655,1.570800,0.000000,0.000000,0.297362,-0.146776,0.164048,1.182341,-0.128858,0.000000,0.000000
-0.019532,1.684366,0.847951,0.036678,-0.048168,0.740633,0.669177,0.195426,0.032093,-0.033098,0.788916,-0.399205,0.031482,-0.181486,-0.037275,-0.070339,0.190359,-0.096359,-0.011056,-0.135769,0.004675,-0.115213,0.343836,-0.558684,1.038862,1.570800,0.000000,0.000000,0.297067,-0.147181,0.163192,1.186319,-0.130574,0.000000,0.000000
-0.019136,1.696163,0.849332,0.038771,-0.049807,0.739089,0.670644,0.186187,0.033327,-0.022307,0.840022,-0.356583,0.029967,-0.175184,-0.036055,-0.059609,0.214080,-0.104588,-0.012436,-0.132763,0.004554,-0.103606,0.338278,-0.550971,1.046729,1.570800,0.000000,0.000000,0.295817,-0.147054,0.162828,1.191227,-0.131832,0.000000,0.000000
-0.019098,1.707689,0.850567,0.041178,-0.051096,0.737073,0.672619,0.175961,0.032658,-0.012292,0.889344,-0.306674,0.027815,-0.167913,-0.036070,-0.048024,0.233581,-0.110396,-0.014303,-0.128612,0.004410,-0.091851,0.331417,-0.545319,1.054870,1.570800,0.000000,0.000000,0.293867,-0.147629,0.162811,1.195328,-0.133830,0.000000,0.000000
-0.019481,1.718973,0.851760,0.044033,-0.051929,0.735159,0.674467,0.164792,0.029842,-0.003044,0.936465,-0.250681,0.024944,-0.159723,-0.037938,-0.037057,0.250817,-0.117857,-0.016535,-0.122137,0.004232,-0.080342,0.322922,-0.543344,1.062820,1.570800,0.000000,0.000000,0.292950,-0.149652,0.162736,1.196878,-0.135915,0.000000,0.000000
-0.019272,1.730239,0.852865,0.047181,-0.052562,0.733384,0.676135,0.153481,0.028292,0.006952,0.978176,-0.201279,0.022253,-0.150887,-0.039878,-0.026203,0.265323,-0.127685,-0.018805,-0.113623,0.003974,-0.069118,0.314269,-0.544834,1.069912,1.570800,0.000000,0.000000,0.292798,-0.151322,0.160517,1.196310,-0.131437,0.000000,0.000000
-0.017899,1.741779,0.853841,0.050031,-0.053584,0.731604,0.677777,0.142241,0.031345,0.019266,1.016809,-0.160002,0.020557,-0.141203,-0.039612,-0.014964,0.278193,-0.138599,-0.020641,-0.103914,0.003735,-0.058084,0.306703,-0.547708,1.077944,1.570800,0.000000,0.000000,0.293266,-0.152562,0.157045,1.194139,-0.127063,0.000000,0.000000
-0.016381,1.753629,0.854695,0.052514,-0.054970,0.730620,0.678539,0.131042,0.036501,0.030670,1.052886,-0.124521,0.019673,-0.130204,-0.038269,-0.004517,0.290822,-0.152113,-0.022109,-0.093861,0.003469,-0.047944,0.299125,-0.551342,1.086123,1.570800,0.000000,0.000000,0.296069,-0.153441,0.151377,1.188887,-0.128012,0.000000,0.000000
-0.014867,1.765612,0.855479,0.054750,-0.056221,0.729999,0.678928,0.120561,0.041567,0.040421,1.083241,-0.103004,0.019127,-0.118882,-0.036769,0.003672,0.301224,-0.166347,-0.023167,-0.085093,0.003202,-0.038647,0.291083,-0.554031,1.094886,1.570800,0.000000,0.000000,0.299058,-0.152976,0.145439,1.183232,-0.131171,0.000000,0.000000
-0.013175,1.777416,0.856319,0.056874,-0.057251,0.727846,0.680975,0.110343,0.045467,0.051688,1.108531,-0.099066,0.018066,-0.107227,-0.034910,0.011419,0.309251,-0.180570,-0.024057,-0.076538,0.002983,-0.028020,0.284676,-0.555770,1.102533,1.570800,0.000000,0.000000,0.300691,-0.152762,0.146544,1.178141,-0.129394,0.000000,0.000000
-0.011545,1.788952,0.857153,0.058329,-0.058230,0.726790,0.681897,0.099463,0.049664,0.061483,1.128939,-0.108802,0.017419,-0.094862,-0.032837,0.015314,0.313175,-0.191972,-0.024245,-0.068012,0.002750,-0.017727,0.279827,-0.560910,1.108420,1.570800,0.000000,0.000000,0.302709,-0.153349,0.149190,1.170280,-0.121786,0.000000,0.000000
-0.010215,1.800416,0.858141,0.059816,-0.058786,0.726257,0.682288,0.087773,0.052577,0.069251,1.144383,-0.124784,0.016779,-0.081453,-0.031609,0.015195,0.313839,-0.203248,-0.023965,-0.057554,0.002447,-0.008011,0.274830,-0.569812,1.113788,1.570800,0.000000,0.000000,0.304782,-0.153251,0.147653,1.159885,-0.113899,0.000000,0.000000
-0.008892,1.812002,0.859249,0.061374,-0.058912,0.725726,0.682704,0.075431,0.054999,0.077629,1.154392,-0.142292,0.015874,-0.067361,-0.030922,0.013819,0.312379,-0.214560,-0.023594,-0.046101,0.002093,0.002670,0.270217,-0.578927,1.117522,1.570800,0.000000,0.000000,0.305946,-0.153165,0.146126,1.150884,-0.107813,0.000000,0.000000
-0.007804,1.823499,0.860413,0.063275,-0.058520,0.724601,0.683758,0.063598,0.055492,0.087564,1.157775,-0.155795,0.014087,-0.054089,-0.031359,0.011893,0.310232,-0.223290,-0.023412,-0.034871,0.001717,0.013360,0.265149,-0.586243,1.121396,1.570800,0.000000,0.000000,0.305876,-0.154428,0.147560,1.144212,-0.107345,0.000000,0.000000
-0.006928,1.834778,0.861410,0.065454,-0.058536,0.722389,0.685889,0.052377,0.054706,0.100080,1.155914,-0.167913,0.011389,-0.041006,-0.032154,0.010096,0.309187,-0.230222,-0.023357,-0.023951,0.001408,0.024744,0.259171,-0.592340,1.127824,1.570800,0.000000,0.000000,0.304753,-0.157337,0.152046,1.137516,-0.102928,0.000000,0.000000
-0.005872,1.845884,0.862308,0.067470,-0.058269,0.720539,0.687660,0.041431,0.053743,0.112529,1.149079,-0.179162,0.008577,-0.028893,-0.033031,0.009625,0.308670,-0.237236,-0.023544,-0.013298,0.001093,0.035205,0.254616,-0.599285,1.133691,1.570800,0.000000,0.000000,0.303699,-0.161743,0.156856,1.128480,-0.100718,0.000000,0.000000
-0.005067,1.856691,0.863179,0.069398,-0.057537,0.719055,0.689082,0.029885,0.050853,0.122621,1.136930,-0.189996,0.005550,-0.017255,-0.034878,0.011915,0.308005,-0.244611,-0.024417,-0.002784,0.000764,0.046103,0.249991,-0.604150,1.138043,1.570800,0.000000,0.000000,0.303320,-0.168301,0.167376,1.116258,-0.111810,0.000000,0.000000
-0.004456,1.867233,0.863931,0.070730,-0.056621,0.717414,0.690730,0.017950,0.046743,0.131166,1.119200,-0.201322,0.002377,-0.006688,-0.036761,0.015384,0.306841,-0.252197,-0.025475,0.006559,0.000501,0.058363,0.244648,-0.604855,1.141441,1.570800,0.000000,0.000000,0.301661,-0.174091,0.177690,1.103682,-0.114186,0.000000,0.000000
-0.003699,1.877319,0.864563,0.071549,-0.055617,0.715415,0.692798,0.005956,0.043340,0.140740,1.097094,-0.213613,-0.000849,0.002315,-0.038092,0.018997,0.305278,-0.259739,-0.026388,0.015062,0.000305,0.070384,0.239868,-0.603903,1.144992,1.570756,0.000000,0.000000,0.297036,-0.178456,0.183265,1.095362,-0.105887,0.000000,0.000000
-0.002997,1.886750,0.865116,0.072049,-0.054463,0.713155,0.695164,-0.006593,0.039717,0.151341,1.070742,-0.226004,-0.004413,0.009920,-0.039253,0.022594,0.303627,-0.266757,-0.027250,0.024111,0.000025,0.081117,0.237287,-0.604001,1.149223,1.570672,0.000000,0.000000,0.290841,-0.181082,0.188729,1.092602,-0.099071,0.000000,0.000000
-0.002582,1.895572,0.865543,0.072227,-0.053357,0.710577,0.697866,-0.019878,0.034792,0.161635,1.039595,-0.236485,-0.008363,0.016494,-0.040118,0.026711,0.302547,-0.272610,-0.028121,0.033657,-0.000285,0.091864,0.236121,-0.603903,1.153543,1.570591,0.000000,0.000000,0.284329,-0.184000,0.199849,1.087530,-0.096354,0.000000,0.000000
-0.001835,1.904099,0.865955,0.071846,-0.052054,0.706984,0.701642,-0.033013,0.031087,0.174171,1.004844,-0.248831,-0.012385,0.021857,-0.040139,0.030692,0.300725,-0.277247,-0.028753,0.043303,-0.000645,0.102184,0.235501,-0.598902,1.157138,1.570529,0.000000,0.000000,0.275990,-0.188890,0.213369,1.077684,-0.094427,0.000000,0.000000
-0.000494,1.912643,0.866353,0.071129,-0.050701,0.703655,0.705153,-0.045943,0.029813,0.187506,0.965887,-0.260796,-0.015768,0.027317,-0.039234,0.032131,0.297615,-0.282056,-0.028726,0.053239,-0.001073,0.112148,0.234059,-0.589115,1.162295,1.570465,0.000000,0.000000,0.266771,-0.193960,0.226630,1.067535,-0.093668,0.000000,0.000000
0.000645,1.921327,0.866704,0.070018,-0.049302,0.700918,0.708082,-0.057921,0.028321,0.197368,0.923227,-0.266274,-0.018369,0.032770,-0.038473,0.031440,0.293237,-0.286310,-0.028387,0.061823,-0.001437,0.122242,0.232513,-0.575305,1.167292,1.570402,0.000000,0.000000,0.257170,-0.197954,0.239066,1.059072,-0.090767,0.000000,0.000000
0.001472,1.930289,0.866995,0.068442,-0.047929,0.698536,0.710680,-0.069129,0.026385,0.205298,0.875034,-0.266436,-0.020547,0.038246,-0.037746,0.031448,0.287600,-0.289002,-0.028169,0.069618,-0.001790,0.132505,0.230655,-0.558958,1.170712,1.570336,0.000000,0.000000,0.247784,-0.202184,0.249639,1.048103,-0.083980,0.000000,0.000000
0.002138,1.939528,0.867177,0.066752,-0.046705,0.696956,0.712471,-0.079224,0.024393,0.211262,0.822769,-0.264942,-0.022138,0.044095,-0.036843,0.030891,0.281910,-0.291856,-0.027822,0.077012,-0.002111,0.142151,0.228934,-0.543561,1.172998,1.570274,0.000000,0.000000,0.239439,-0.206805,0.257352,1.035548,-0.076961,0.000000,0.000000
0.002272,1.948912,0.867232,0.065369,-0.045515,0.695502,0.714096,-0.087803,0.020757,0.214283,0.766263,-0.260698,-0.023392,0.050397,-0.037211,0.028748,0.277962,-0.295704,-0.027557,0.084288,-0.002452,0.151218,0.227724,-0.528492,1.174859,1.570227,0.000000,0.000000,0.230297,-0.211046,0.261975,1.025435,-0.073996,0.000000,0.000000
0.002279,1.958405,0.867233,0.063590,-0.044181,0.693950,0.715847,-0.095339,0.016754,0.215771,0.705050,-0.256198,-0.024191,0.056910,-0.037481,0.029147,0.272897,-0.299862,-0.027657,0.091511,-0.002751,0.158832,0.226226,-0.514413,1.177440,1.570196,0.000000,0.000000,0.221589,-0.215471,0.265457,1.014342,-0.073419,0.000000,0.000000
0.002685,1.968025,0.867243,0.061247,-0.042865,0.692136,0.717885,-0.102126,0.014279,0.218206,0.638133,-0.254148,-0.024410,0.063664,-0.036071,0.033319,0.265267,-0.301791,-0.027923,0.099370,-0.003076,0.164796,0.224161,-0.498331,1.180981,1.570149,0.000000,0.000000,0.214030,-0.219200,0.269431,1.000545,-0.071230,0.000000,0.000000
0.003118,1.977888,0.867188,0.058972,-0.041668,0.690692,0.719535,-0.107445,0.012568,0.221617,0.569073,-0.251876,-0.024356,0.070823,-0.034505,0.034288,0.257483,-0.302646,-0.027672,0.107349,-0.003394,0.169006,0.222596,-0.482615,1.185586,1.570104,0.000000,0.000000,0.205868,-0.222361,0.272467,0.988874,-0.068422,0.000000,0.000000
0.003280,1.988198,0.867051,0.056565,-0.040287,0.689770,0.720691,-0.111425,0.010530,0.225197,0.498465,-0.247879,-0.024223,0.078282,-0.033795,0.032020,0.249126,-0.305371,-0.027112,0.114235,-0.003682,0.173493,0.223750,-0.475154,1.187779,1.570094,0.000000,0.000000,0.198709,-0.226716,0.274396,0.974876,-0.059285,0.000000,0.000000
0.003448,1.998760,0.866782,0.053810,-0.039042,0.688977,0.721727,-0.114523,0.008995,0.228293,0.424456,-0.242174,-0.023606,0.086194,-0.032852,0.029180,0.239852,-0.308840,-0.026375,0.120307,-0.003927,0.179061,0.225892,-0.470413,1.187669,1.570094,0.000000,0.000000,0.191426,-0.231411,0.277342,0.959956,-0.050436,0.000000,0.000000
0.004096,2.009205,0.866378,0.050892,-0.038043,0.688294,0.722643,-0.116863,0.009190,0.232134,0.348868,-0.234793,-0.022474,0.094264,-0.030655,0.026370,0.230695,-0.310655,-0.025344,0.125214,-0.004196,0.183001,0.228663,-0.465981,1.189307,1.570096,0.000000,0.000000,0.182287,-0.235368,0.279893,0.948946,-0.045261,0.000000,0.000000
0.005087,2.019595,0.865894,0.047820,-0.036829,0.688794,0.722440,-0.118915,0.010327,0.234389,0.271794,-0.227018,-0.020683,0.102525,-0.027263,0.022994,0.220826,-0.312909,-0.023925,0.128307,-0.004372,0.185195,0.232471,-0.464613,1.191402,1.570121,0.000000,0.000000,0.172556,-0.237958,0.280736,0.939887,-0.039916,0.000000,0.000000
0.005769,2.029680,0.865124,0.044559,-0.035538,0.690126,0.721441,-0.120615,0.010856,0.233786,0.192825,-0.217672,-0.018478,0.109754,-0.023606,0.017261,0.213612,-0.318481,-0.022075,0.129764,-0.004517,0.187871,0.235557,-0.464110,1.192213,1.570140,0.000000,0.000000,0.163970,-0.240807,0.280726,0.929110,-0.035136,0.000000,0.000000
0.006648,2.038211,0.863729,0.040300,-0.034697,0.689393,0.722433,-0.123156,0.013217,0.237844,0.113561,-0.206492,-0.016479,0.112046,-0.018352,0.014240,0.214803,-0.329078,-0.020214,0.133143,-0.004713,0.189956,0.238967,-0.461480,1.192895,1.570163,0.000000,0.000000,0.153976,-0.245256,0.281361,0.916338,-0.032877,0.000000,0.000000
0.007568,2.046790,0.862145,0.035830,-0.033990,0.689162,0.722923,-0.125960,0.015852,0.243004,0.036511,-0.196315,-0.014500,0.113596,-0.012246,0.011579,0.217443,-0.338086,-0.018249,0.137041,-0.004900,0.190571,0.244335,-0.465240,1.194400,1.570200,0.000000,0.000000,0.143727,-0.248802,0.280995,0.905057,-0.035842,0.000000,0.000000
0.008456,2.055478,0.860582,0.031604,-0.033394,0.689143,0.723165,-0.128337,0.017874,0.246608,-0.017450,-0.191063,-0.013061,0.114893,-0.007306,0.009795,0.219996,-0.345345,-0.016727,0.139813,-0.005014,0.190873,0.249742,-0.473866,1.196072,1.570223,0.000000,0.000000,0.135358,-0.250345,0.281710,0.897977,-0.038562,0.000000,0.000000
0.009054,2.064486,0.858975,0.027716,-0.032703,0.689101,0.723397,-0.131266,0.019359,0.250664,-0.017450,-0.186939,-0.012266,0.116457,-0.002963,0.007172,0.223054,-0.353092,-0.015244,0.142742,-0.005151,0.192418,0.255573,-0.480786,1.195843,1.570257,0.000000,0.000000,0.127498,-0.252261,0.280657,0.890318,-0.036940,0.000000,0.000000
0.009068,2.073847,0.857273,0.024496,-0.032095,0.689609,0.723055,-0.135004,0.019003,0.257992,-0.017450,-0.181961,-0.012458,0.118731,0.000661,0.003284,0.227521,-0.362280,-0.013760,0.145665,-0.005331,0.194782,0.260404,-0.485571,1.195447,1.570286,0.000000,0.000000,0.119997,-0.254626,0.279081,0.882986,-0.033712,0.000000,0.000000
0.008263,2.083645,0.855464,0.021953,-0.031538,0.690463,0.722346,-0.139198,0.015318,0.270105,-0.017450,-0.177246,-0.013859,0.121712,0.002850,-0.000181,0.233428,-0.372579,-0.012694,0.147973,-0.005522,0.197578,0.264286,-0.489012,1.195135,1.570308,0.000000,0.000000,0.113455,-0.258041,0.277588,0.876018,-0.030241,0.000000,0.000000
0.007323,2.093542,0.853079,0.019011,-0.033359,0.692959,0.719954,-0.142896,0.013020,0.278099,-0.017450,-0.173456,-0.014798,0.125886,0.007036,-0.005080,0.241684,-0.384363,-0.010904,0.146628,-0.005550,0.201482,0.269987,-0.490155,1.195974,1.570344,0.000000,0.000000,0.108660,-0.260519,0.275625,0.868628,-0.027755,0.000000,0.000000
0.006731,2.103576,0.850335,0.016302,-0.035623,0.695784,0.717182,-0.146429,0.012490,0.281541,-0.017450,-0.169605,-0.015123,0.131060,0.013160,-0.010908,0.252041,-0.397334,-0.008482,0.142370,-0.005465,0.206442,0.275863,-0.487665,1.198411,1.570388,0.000000,0.000000,0.103525,-0.261967,0.273329,0.862737,-0.025499,0.000000,0.000000
0.006538,2.113932,0.850206,0.014333,-0.036549,0.697758,0.715257,-0.150665,0.012045,0.281924,-0.017450,-0.166936,-0.015150,0.136722,0.019178,-0.014425,0.263476,-0.411989,-0.006423,0.138844,-0.005491,0.212032,0.279791,-0.481847,1.201344,1.570422,0.000000,0.000000,0.097073,-0.263888,0.269705,0.859699,-0.023813,0.000000,0.000000
0.006092,2.125227,0.850210,0.013689,-0.036471,0.698449,0.714598,-0.152172,0.010935,0.280536,-0.017450,-0.165628,-0.015206,0.140137,0.020366,-0.013454,0.270282,-0.419063,-0.006256,0.139015,-0.005590,0.215165,0.279930,-0.478292,1.203580,1.570425,0.000000,0.000000,0.094391,-0.266058,0.267043,0.858028,-0.022142,0.000000,0.000000
0.005236,2.137142,0.849902,0.014244,-0.036300,0.698209,0.714831,-0.152669,0.009365,0.278653,-0.017450,-0.164579,-0.015348,0.143650,0.019849,-0.011092,0.277261,-0.423550,-0.006736,0.140483,-0.005707,0.218194,0.279246,-0.476375,1.205733,1.570420,0.000000,0.000000,0.092973,-0.268624,0.264698,0.856414,-0.020302,0.000000,0.000000
0.004636,2.148963,0.849300,0.015160,-0.036322,0.698062,0.714955,-0.153493,0.005929,0.274226,-0.017450,-0.164325,-0.015620,0.151850,0.017918,-0.004270,0.293749,-0.431800,-0.008257,0.144483,-0.005941,0.225174,0.276871,-0.473727,1.211018,1.570384,0.000000,0.000000,0.091739,-0.274635,0.259037,0.853729,-0.019120,0.000000,0.000000
0.003929,2.160602,0.848507,0.016023,-0.036587,0.698456,0.714538,-0.154883,0.002449,0.269255,-0.017450,-0.166541,-0.015776,0.160354,0.016136,0.001911,0.311190,-0.441200,-0.009670,0.148749,-0.006024,0.232098,0.274608,-0.470310,1.216233,1.570334,0.000000,0.000000,0.092352,-0.280360,0.251046,0.852710,-0.019417,0.000000,0.000000
0.002856,2.172214,0.847537,0.016820,-0.037457,0.699936,0.713024,-0.156609,-0.000988,0.264193,-0.017450,-0.170089,-0.015861,0.168186,0.015742,0.004925,0.327196,-0.449415,-0.010253,0.151031,-0.005973,0.238067,0.273359,-0.465973,1.219944,1.570295,0.000000,0.000000,0.094723,-0.284480,0.242544,0.852974,-0.018395,0.000000,0.000000
0.001331,2.183789,0.846092,0.018092,-0.038395,0.702878,0.710043,-0.159208,-0.006051,0.256881,-0.017450,-0.175173,-0.015966,0.176226,0.015317,0.002539,0.343555,-0.454190,-0.010009,0.150727,-0.005869,0.243201,0.271955,-0.463028,1.224220,1.570266,0.000000,0.000000,0.099908,-0.288484,0.231849,0.852606,-0.016651,0.000000,0.000000
-0.000600,2.195147,0.844968,0.019125,-0.039251,0.705690,0.707174,-0.160886,-0.011335,0.249587,-0.017450,-0.177767,-0.016165,0.181307,0.014660,-0.000831,0.361354,-0.456210,-0.009657,0.150027,-0.005778,0.246427,0.271588,-0.463537,1.228159,1.570244,0.000000,0.000000,0.105043,-0.291354,0.222546,0.852493,-0.016081,0.000000,0.000000
-0.002518,2.206129,0.844052,0.019730,-0.040194,0.708118,0.704673,-0.162222,-0.016780,0.242105,-0.017450,-0.179350,-0.016423,0.184362,0.014397,-0.004465,0.385412,-0.458609,-0.009136,0.149200,-0.005692,0.249605,0.272031,-0.464238,1.231336,1.570232,0.000000,0.000000,0.110018,-0.293468,0.213434,0.854013,-0.015041,0.000000,0.000000
-0.004220,2.217022,0.843308,0.020458,-0.040524,0.709869,0.702869,-0.163024,-0.022068,0.234965,-0.017450,-0.180341,-0.016712,0.185579,0.013503,-0.008571,0.413995,-0.460851,-0.008704,0.149203,-0.005611,0.252156,0.272135,-0.465322,1.234462,1.570220,0.000000,0.000000,0.114482,-0.295247,0.204420,0.857110,-0.013048,0.000000,0.000000
-0.006255,2.228037,0.842693,0.021968,-0.039736,0.710895,0.701831,-0.163002,-0.028109,0.227074,-0.017450,-0.177886,-0.017114,0.184895,0.010134,-0.010680,0.446734,-0.461908,-0.009298,0.151493,-0.005666,0.253512,0.269909,-0.466854,1.238164,1.570198,0.000000,0.000000,0.119404,-0.298229,0.195051,0.861559,-0.012771,0.000000,0.000000
-0.008420,2.239025,0.842236,0.024342,-0.038222,0.711084,0.701645,-0.161757,-0.035077,0.218233,-0.017450,-0.169748,-0.017746,0.181990,0.003588,-0.010314,0.487500,-0.460935,-0.011241,0.155983,-0.005748,0.254498,0.264296,-0.465292,1.242908,1.570151,0.000000,0.000000,0.125330,-0.302748,0.184565,0.867212,-0.012477,0.000000,0.000000
-0.010097,2.249631,0.842862,0.027101,-0.037146,0.711192,0.701493,-0.159489,-0.040077,0.208945,-0.009659,-0.156745,-0.018300,0.176797,-0.003607,-0.010523,0.535103,-0.455207,-0.013351,0.159207,-0.005692,0.255976,0.258144,-0.462392,1.248614,1.570090,0.000000,0.000000,0.131083,-0.306758,0.175869,0.874098,-0.010192,0.000000,0.000000
-0.011087,2.259676,0.844401,0.029052,-0.037994,0.712655,0.699882,-0.157021,-0.038821,0.191791,0.004159,-0.141370,-0.016896,0.169898,-0.006303,-0.013843,0.586653,-0.443454,-0.013653,0.157318,-0.005409,0.258402,0.254461,-0.458049,1.254184,1.570051,0.000000,0.000000,0.136106,-0.307931,0.172043,0.882547,-0.009253,0.000000,0.000000
-0.011835,2.269530,0.846487,0.031148,-0.039528,0.715196,0.697110,-0.155232,-0.036334,0.174849,0.027040,-0.128815,-0.015418,0.162070,-0.006824,-0.020935,0.641249,-0.422180,-0.012637,0.151697,-0.005132,0.260838,0.251123,-0.451465,1.259443,1.570028,0.000000,0.000000,0.142217,-0.307567,0.168958,0.892048,-0.010184,0.000000,0.000000
-0.012971,2.279818,0.848719,0.033466,-0.041756,0.719276,0.692661,-0.154142,-0.035309,0.163370,0.059898,-0.128381,-0.014828,0.154702,-0.006787,-0.030728,0.696506,-0.389396,-0.010902,0.144092,-0.004793,0.262259,0.248751,-0.447656,1.266352,1.570011,0.000000,0.000000,0.149817,-0.304909,0.162563,0.902779,-0.009639,0.000000,0.000000
-0.014465,2.290744,0.850804,0.035935,-0.044271,0.723524,0.687940,-0.152897,-0.034827,0.152045,0.097657,-0.135706,-0.014122,0.147721,-0.007263,-0.040350,0.750334,-0.348573,-0.009278,0.136456,-0.004484,0.264351,0.246594,-0.446519,1.273514,1.569997,0.000000,0.000000,0.159595,-0.300668,0.156688,0.912815,-0.009010,0.000000,0.000000
-0.016141,2.302095,0.852471,0.038721,-0.046977,0.727079,0.683850,-0.150631,-0.033944,0.135131,0.134181,-0.143569,-0.012310,0.140792,-0.008600,-0.047654,0.801541,-0.303188,-0.008316,0.129936,-0.004187,0.267550,0.245726,-0.446491,1.278517,1.569987,0.000000,0.000000,0.170411,-0.296622,0.151625,0.923472,-0.009085,0.000000,0.000000
-0.018010,2.313605,0.853722,0.041751,-0.049695,0.730208,0.680135,-0.146980,-0.033607,0.113222,0.167112,-0.151382,-0.009681,0.133592,-0.010699,-0.052258,0.849854,-0.254079,-0.008086,0.124315,-0.003991,0.271304,0.245886,-0.446539,1.281352,1.569984,0.000000,0.000000,0.181511,-0.293322,0.149315,0.936513,-0.007315,0.000000,0.000000
-0.019808,2.325055,0.854715,0.044633,-0.052309,0.733288,0.676432,-0.141949,-0.034241,0.093733,0.196197,-0.159260,-0.007450,0.125930,-0.012569,-0.054989,0.893839,-0.205398,-0.008117,0.117995,-0.003766,0.274777,0.245484,-0.443377,1.284126,1.569986,0.000000,0.000000,0.191882,-0.290170,0.147728,0.950685,-0.004032,0.000000,0.000000
-0.021563,2.336307,0.855600,0.047049,-0.054886,0.736496,0.672568,-0.135437,-0.034995,0.079948,0.219648,-0.164623,-0.005942,0.117961,-0.013525,-0.055836,0.931107,-0.169225,-0.008194,0.111036,-0.003490,0.276889,0.245076,-0.438611,1.286594,1.569992,0.000000,0.000000,0.202288,-0.286130,0.147865,0.961730,-0.001608,0.000000,0.000000
-0.023817,2.347794,0.856468,0.049141,-0.057265,0.740058,0.668296,-0.127200,-0.036084,0.068798,0.238033,-0.169624,-0.004799,0.110589,-0.015181,-0.057062,0.961268,-0.154602,-0.008401,0.103808,-0.003234,0.278356,0.245251,-0.436174,1.287915,1.569998,0.000000,0.000000,0.213209,-0.281899,0.149354,0.969279,0.000666,0.000000,0.000000
-0.027480,2.358625,0.857221,0.051330,-0.059554,0.743514,0.664082,-0.117006,-0.038772,0.056563,0.251035,-0.175057,-0.003762,0.102146,-0.021103,-0.060539,0.989537,-0.158026,-0.009501,0.095149,-0.002978,0.280597,0.244814,-0.433594,1.287774,1.569997,0.000000,0.000000,0.223734,-0.278108,0.151010,0.976331,0.006779,0.000000,0.000000
-0.029480,2.368804,0.858050,0.053057,-0.061497,0.746289,0.660648,-0.106694,-0.039536,0.045081,0.259344,-0.179009,-0.002304,0.092632,-0.024482,-0.066560,1.012837,-0.159423,-0.009320,0.085736,-0.002668,0.283064,0.244022,-0.430057,1.285732,1.569995,0.000000,0.000000,0.232751,-0.273496,0.154651,0.982054,0.012424,0.000000,0.000000
-0.032443,2.379002,0.858887,0.054362,-0.063241,0.748321,0.658074,-0.096047,-0.040310,0.035868,0.264407,-0.183297,-0.001177,0.082566,-0.029510,-0.071500,1.029239,-0.166301,-0.009831,0.076172,-0.002378,0.285270,0.242984,-0.423244,1.282691,1.570000,0.000000,0.000000,0.240776,-0.269811,0.162235,0.986631,0.009449,0.000000,0.000000
-0.035668,2.389373,0.859651,0.055923,-0.064701,0.749874,0.656030,-0.084321,-0.041873,0.028304,0.269577,-0.188853,-0.000492,0.071779,-0.036313,-0.074477,1.039167,-0.179930,-0.011249,0.066199,-0.002103,0.287432,0.241634,-0.415527,1.278416,1.570009,0.000000,0.000000,0.248895,-0.266112,0.172490,0.991041,0.004559,0.000000,0.000000
-0.038584,2.399901,0.860414,0.057448,-0.066262,0.751787,0.653548,-0.071801,-0.043402,0.021794,0.275349,-0.193329,0.000041,0.060850,-0.042122,-0.075604,1.040986,-0.201293,-0.012723,0.054711,-0.001741,0.291503,0.242216,-0.407381,1.270647,1.570030,0.000000,0.000000,0.256824,-0.262007,0.181746,0.996338,0.002319,0.000000,0.000000
-0.041732,2.410362,0.861048,0.058583,-0.067984,0.754613,0.650005,-0.060542,-0.044617,0.016118,0.281883,-0.198135,0.000538,0.051683,-0.046824,-0.077045,1.033546,-0.218599,-0.013816,0.042489,-0.001400,0.294072,0.245059,-0.401812,1.263149,1.570062,0.000000,0.000000,0.262857,-0.258100,0.190165,1.005165,-0.002653,0.000000,0.000000
-0.044137,2.420505,0.861770,0.059030,-0.069603,0.758462,0.645295,-0.049906,-0.044481,0.010423,0.286890,-0.203174,0.001396,0.042778,-0.047789,-0.079300,1.016860,-0.233007,-0.013603,0.028534,-0.001012,0.294912,0.248837,-0.397857,1.255365,1.570109,0.000000,0.000000,0.267431,-0.254198,0.197923,1.017687,-0.016499,0.000000,0.000000
-0.046334,2.430584,0.862588,0.058972,-0.070970,0.762684,0.640155,-0.039695,-0.043215,0.004126,0.289766,-0.206857,0.002651,0.033989,-0.046555,-0.080591,0.992718,-0.247497,-0.012896,0.014503,-0.000569,0.293613,0.251988,-0.397370,1.248025,1.570158,0.000000,0.000000,0.274216,-0.246137,0.198924,1.020325,0.000811,0.000000,0.000000
-0.048572,2.440366,0.863373,0.058856,-0.072108,0.767039,0.634814,-0.029833,-0.041897,-0.005083,0.290556,-0.213038,0.004417,0.025352,-0.045076,-0.081893,0.962804,-0.261014,-0.012108,0.001900,-0.000233,0.289760,0.256659,-0.401466,1.241328,1.570219,0.000000,0.000000,0.280317,-0.239710,0.198621,1.025125,0.012865,0.000000,0.000000
-0.050689,2.449859,0.864034,0.058729,-0.072960,0.771646,0.629119,-0.020877,-0.041219,-0.016687,0.290468,-0.222010,0.006429,0.017250,-0.043569,-0.084746,0.927594,-0.275806,-0.011003,-0.009031,0.000016,0.284673,0.262893,-0.408894,1.234127,1.570294,0.000000,0.000000,0.286420,-0.237006,0.203592,1.032640,-0.006176,0.000000,0.000000
-0.052605,2.459281,0.864539,0.058539,-0.073631,0.776157,0.623484,-0.012540,-0.040775,-0.025992,0.291896,-0.231495,0.008008,0.009511,-0.041569,-0.086471,0.886780,-0.293372,-0.009978,-0.019475,0.000291,0.279246,0.269342,-0.418745,1.227118,1.570372,0.000000,0.000000,0.292921,-0.233925,0.207695,1.040368,-0.028884,0.000000,0.000000
-0.054689,2.468486,0.864871,0.058172,-0.074051,0.780483,0.618044,-0.005322,-0.040471,-0.032696,0.295219,-0.239803,0.009137,0.002436,-0.040564,-0.086940,0.841804,-0.307558,-0.009534,-0.028753,0.000582,0.273171,0.275684,-0.429001,1.219780,1.570452,0.000000,0.000000,0.298992,-0.229964,0.207090,1.045952,-0.041233,0.000000,0.000000
-0.056929,2.477494,0.865082,0.057646,-0.074032,0.784771,0.612643,0.000871,-0.040309,-0.040654,0.299503,-0.247464,0.010441,-0.004180,-0.040907,-0.086705,0.792720,-0.319784,-0.009650,-0.037288,0.000837,0.265339,0.282224,-0.439268,1.212222,1.570533,0.000000,0.000000,0.304821,-0.226600,0.204509,1.050757,-0.051163,0.000000,0.000000
-0.059349,2.486353,0.865220,0.056955,-0.073654,0.789346,0.606847,0.006150,-0.040746,-0.054205,0.303817,-0.254852,0.012505,-0.010414,-0.042391,-0.088419,0.740414,-0.328526,-0.009724,-0.045534,0.001097,0.256269,0.289246,-0.450647,1.203059,1.570632,0.000000,0.000000,0.310721,-0.223014,0.198749,1.053501,-0.056096,0.000000,0.000000
-0.061699,2.495031,0.865296,0.056143,-0.073242,0.793817,0.601115,0.011105,-0.041123,-0.067555,0.308004,-0.262558,0.014552,-0.016313,-0.044145,-0.092708,0.685660,-0.330829,-0.009382,-0.053350,0.001357,0.246882,0.296606,-0.461696,1.192945,1.570742,0.000000,0.000000,0.317100,-0.218803,0.190653,1.054336,-0.060572,0.000000,0.000000
-0.063978,2.503466,0.865389,0.054829,-0.072653,0.798216,0.595455,0.015538,-0.041070,-0.078566,0.310834,-0.270955,0.016319,-0.022019,-0.046284,-0.099694,0.628200,-0.330317,-0.008660,-0.061084,0.001611,0.236881,0.303251,-0.468877,1.183207,1.570800,0.000000,0.000000,0.323562,-0.214593,0.182598,1.054287,-0.063653,0.000000,0.000000
-0.066147,2.511689,0.865432,0.053376,-0.071589,0.802129,0.590437,0.019541,-0.041728,-0.088657,0.311933,-0.278710,0.017744,-0.027588,-0.049016,-0.104550,0.567483,-0.329177,-0.008536,-0.068287,0.001811,0.226370,0.309247,-0.474020,1.172872,1.570800,0.000000,0.000000,0.329075,-0.210071,0.173581,1.053240,-0.062303,0.000000,0.000000
-0.067985,2.519863,0.865429,0.051951,-0.070333,0.805845,0.585634,0.023515,-0.041918,-0.093873,0.312377,-0.285496,0.018501,-0.032806,-0.051322,-0.102664,0.503474,-0.324965,-0.009508,-0.075926,0.002067,0.215843,0.316210,-0.482315,1.161208,1.570800,0.000000,0.000000,0.335101,-0.205695,0.164460,1.049630,-0.059593,0.000000,0.000000
-0.069998,2.528061,0.865416,0.050457,-0.068967,0.809553,0.580795,0.027415,-0.041851,-0.098381,0.312074,-0.292767,0.019197,-0.037426,-0.054600,-0.099555,0.437567,-0.315063,-0.010893,-0.082508,0.002291,0.204782,0.323429,-0.490920,1.148476,1.570800,0.000000,0.000000,0.341055,-0.201903,0.155437,1.046530,-0.060159,0.000000,0.000000
-0.072076,2.536473,0.865362,0.048937,-0.067605,0.812708,0.576663,0.031240,-0.041570,-0.104238,0.311840,-0.301329,0.020150,-0.041305,-0.058501,-0.099280,0.372415,-0.299425,-0.011889,-0.087515,0.002453,0.193751,0.330058,-0.497638,1.136250,1.570800,0.000000,0.000000,0.345639,-0.198831,0.147503,1.044794,-0.061343,0.000000,0.000000
-0.074075,2.545110,0.865149,0.047853,-0.066392,0.815232,0.573323,0.035701,-0.041478,-0.109408,0.312948,-0.308954,0.020956,-0.044353,-0.062547,-0.100009,0.307649,-0.277627,-0.012712,-0.091153,0.002595,0.182556,0.337089,-0.504315,1.124428,1.570800,0.000000,0.000000,0.349489,-0.195292,0.139464,1.044041,-0.061667,0.000000,0.000000
-0.075843,2.554025,0.864856,0.046771,-0.064684,0.817623,0.570194,0.040209,-0.041921,-0.115591,0.313531,-0.314270,0.021797,-0.046970,-0.066483,-0.098255,0.244623,-0.246546,-0.013877,-0.094071,0.002723,0.171722,0.345203,-0.511938,1.111423,1.570800,0.000000,0.000000,0.353195,-0.192051,0.130875,1.042943,-0.062056,0.000000,0.000000
-0.077402,2.563196,0.864485,0.045693,-0.062766,0.820109,0.566916,0.044668,-0.042484,-0.122502,0.313999,-0.320359,0.022720,-0.049147,-0.070226,-0.092953,0.183303,-0.202317,-0.015539,-0.096718,0.002812,0.160220,0.353005,-0.516921,1.098360,1.570800,0.000000,0.000000,0.356708,-0.189257,0.121574,1.041615,-0.061077,0.000000,0.000000
-0.079022,2.572592,0.863930,0.045011,-0.061222,0.822516,0.563643,0.049412,-0.042877,-0.128310,0.316521,-0.327655,0.023522,-0.050545,-0.074088,-0.084921,0.126210,-0.149283,-0.017668,-0.098074,0.002893,0.149464,0.358721,-0.518753,1.085840,1.570800,0.000000,0.000000,0.360818,-0.185595,0.111234,1.040022,-0.057859,0.000000,0.000000
-0.080701,2.582213,0.863291,0.044519,-0.060155,0.825036,0.560102,0.054509,-0.042400,-0.134017,0.320526,-0.335409,0.024542,-0.051392,-0.078077,-0.073267,0.073584,-0.092124,-0.020411,-0.098334,0.002916,0.139792,0.364079,-0.521424,1.071703,1.570800,0.000000,0.000000,0.366054,-0.181035,0.100955,1.038720,-0.055114,0.000000,0.000000
-0.082523,2.591995,0.862571,0.044253,-0.059220,0.827257,0.556938,0.059878,-0.041869,-0.141116,0.324855,-0.344838,0.025786,-0.052341,-0.082570,-0.057353,0.028083,-0.036667,-0.023967,-0.098336,0.002960,0.130237,0.372166,-0.529450,1.056710,1.570800,0.000000,0.000000,0.371521,-0.177357,0.092530,1.037330,-0.054292,0.000000,0.000000
-0.084600,2.601832,0.861693,0.044355,-0.058539,0.829352,0.553878,0.065322,-0.041513,-0.147644,0.330520,-0.355569,0.026900,-0.053465,-0.087709,-0.039318,-0.006995,0.010631,-0.028043,-0.097852,0.002994,0.119971,0.380902,-0.538593,1.044690,1.570800,0.000000,0.000000,0.377834,-0.173374,0.086156,1.035056,-0.054767,0.000000,0.000000
-0.086539,2.611798,0.860709,0.044628,-0.058177,0.831994,0.549918,0.070176,-0.040571,-0.153157,0.337988,-0.366291,0.028024,-0.054443,-0.092107,-0.023123,-0.017450,0.045971,-0.031759,-0.097263,0.003003,0.110566,0.388085,-0.545115,1.035007,1.570800,0.000000,0.000000,0.384599,-0.170068,0.079266,1.032669,-0.058374,0.000000,0.000000
-0.087899,2.621527,0.859609,0.045013,-0.057740,0.834593,0.545980,0.074418,-0.039160,-0.157726,0.346535,-0.376481,0.029140,-0.055992,-0.095602,-0.009029,-0.017450,0.073550,-0.035053,-0.097218,0.003022,0.102357,0.394195,-0.549891,1.026618,1.570800,0.000000,0.000000,0.389732,-0.166617,0.072747,1.033349,-0.059931,0.000000,0.000000
-0.089938,2.632090,0.857864,0.045304,-0.056891,0.837925,0.540919,0.080413,-0.038551,-0.169164,0.357685,-0.403810,0.030976,-0.056578,-0.100120,0.007383,-0.017450,0.118447,-0.039418,-0.098174,0.003062,0.096717,0.407309,-0.566533,1.011928,1.570800,0.000000,0.000000,0.400536,-0.160008,0.040085,1.037556,-0.065602,0.000000,0.000000
-0.092150,2.641792,0.856516,0.046021,-0.056207,0.840740,0.536543,0.084583,-0.038356,-0.175964,0.366336,-0.417625,0.032074,-0.057204,-0.103811,0.015048,-0.017450,0.141921,-0.042013,-0.098186,0.003100,0.089989,0.413589,-0.573249,1.004004,1.570800,0.000000,0.000000,0.405788,-0.155075,0.028439,1.040187,-0.065933,0.000000,0.000000
-0.094802,2.651508,0.854847,0.046455,-0.055934,0.843822,0.531674,0.089489,-0.037786,-0.183440,0.377284,-0.432921,0.033404,-0.057835,-0.107847,0.020064,-0.017450,0.164622,-0.044359,-0.099432,0.003134,0.082206,0.419175,-0.575786,0.994986,1.570800,0.000000,0.000000,0.411619,-0.149605,0.020074,1.041484,-0.065451,0.000000,0.000000
-0.097902,2.660952,0.852766,0.046731,-0.056034,0.847257,0.526148,0.094627,-0.036660,-0.190340,0.391331,-0.449060,0.034828,-0.058011,-0.112457,0.025617,-0.017450,0.176183,-0.046924,-0.103607,0.003174,0.074914,0.423332,-0.572889,0.986896,1.570800,0.000000,0.000000,0.417383,-0.144501,0.014325,1.042506,-0.065968,0.000000,0.000000
-0.101347,2.670001,0.850572,0.046586,-0.056223,0.851067,0.519956,0.098340,-0.035347,-0.196289,0.406290,-0.464371,0.036164,-0.057737,-0.116971,0.034657,-0.006934,0.160868,-0.049712,-0.110298,0.003317,0.069379,0.426529,-0.565592,0.979694,1.570800,0.000000,0.000000,0.421317,-0.141594,0.013775,1.043445,-0.069940,0.000000,0.000000
-0.104573,2.678907,0.847846,0.046619,-0.056086,0.855353,0.512886,0.100945,-0.034571,-0.205933,0.424918,-0.481716,0.037957,-0.057928,-0.120966,0.045028,0.023398,0.116950,-0.052183,-0.120409,0.003523,0.065599,0.429221,-0.554941,0.970847,1.570800,0.000000,0.000000,0.425368,-0.139515,0.013760,1.042817,-0.071334,0.000000,0.000000
-0.107143,2.688019,0.845315,0.046295,-0.056509,0.858141,0.508191,0.102812,-0.032423,-0.209444,0.442214,-0.495689,0.039204,-0.058731,-0.120768,0.054545,0.057003,0.073317,-0.053375,-0.125395,0.003695,0.061647,0.432083,-0.546250,0.965516,1.570800,0.000000,0.000000,0.429150,-0.136705,0.013812,1.041883,-0.069313,0.000000,0.000000
-0.109971,2.696776,0.844981,0.046867,-0.056462,0.860558,0.504039,0.104478,-0.031984,-0.210156,0.460095,-0.508693,0.039566,-0.059145,-0.120207,0.061025,0.089662,0.034170,-0.054063,-0.128494,0.003752,0.057826,0.433809,-0.539787,0.963111,1.570800,0.000000,0.000000,0.432164,-0.135261,0.016303,1.042571,-0.074148,0.000000,0.000000
-0.112941,2.705070,0.846102,0.047839,-0.055982,0.863460,0.499013,0.105388,-0.032655,-0.209874,0.480779,-0.521906,0.039486,-0.058438,-0.120382,0.065410,0.120034,-0.002255,-0.054658,-0.132488,0.003834,0.053850,0.435328,-0.536227,0.961801,1.570800,0.000000,0.000000,0.433517,-0.134252,0.018474,1.045157,-0.077105,0.000000,0.000000
-0.116163,2.712721,0.846893,0.048742,-0.055136,0.866711,0.493352,0.105012,-0.034068,-0.209132,0.502433,-0.532364,0.039155,-0.056674,-0.121596,0.068524,0.144472,-0.033745,-0.055333,-0.136307,0.003934,0.050857,0.436532,-0.533046,0.959751,1.570800,0.000000,0.000000,0.433968,-0.134283,0.018558,1.047783,-0.075668,0.000000,0.000000
-0.119664,2.719593,0.847422,0.049379,-0.054032,0.870159,0.487305,0.103232,-0.036301,-0.208007,0.526146,-0.539996,0.038586,-0.054075,-0.123866,0.070115,0.165217,-0.063591,-0.055989,-0.139830,0.003990,0.048071,0.436960,-0.528824,0.958421,1.570800,0.000000,0.000000,0.434057,-0.135138,0.017818,1.049718,-0.073045,0.000000,0.000000
-0.123275,2.725771,0.847704,0.049955,-0.052855,0.873678,0.481038,0.100177,-0.039329,-0.206374,0.552360,-0.546236,0.037772,-0.050780,-0.127139,0.068176,0.184402,-0.093012,-0.056262,-0.142806,0.004057,0.044984,0.434990,-0.524049,0.958989,1.570800,0.000000,0.000000,0.432504,-0.135329,0.015081,1.053761,-0.068086,0.000000,0.000000
-0.127142,2.731292,0.847711,0.050520,-0.051849,0.877060,0.474895,0.096491,-0.042463,-0.201558,0.578414,-0.550619,0.036413,-0.047407,-0.130917,0.062380,0.201872,-0.118840,-0.056044,-0.144222,0.004100,0.042131,0.431964,-0.521060,0.959457,1.570800,0.000000,0.000000,0.429311,-0.135323,0.010303,1.059377,-0.061174,0.000000,0.000000
-0.131173,2.736301,0.847560,0.051239,-0.050768,0.880556,0.468421,0.092048,-0.045510,-0.192515,0.606164,-0.551783,0.034394,-0.043721,-0.135518,0.052835,0.219708,-0.142782,-0.055451,-0.144687,0.004124,0.037672,0.426314,-0.519484,0.962094,1.570800,0.000000,0.000000,0.425557,-0.135838,0.004573,1.066369,-0.055691,0.000000,0.000000
-0.134945,2.741230,0.847433,0.051963,-0.049559,0.884352,0.461265,0.086964,-0.047182,-0.180315,0.634110,-0.549401,0.032211,-0.039437,-0.139972,0.040523,0.236162,-0.162067,-0.054468,-0.145084,0.004177,0.032779,0.418443,-0.519468,0.967666,1.570800,0.000000,0.000000,0.422207,-0.135996,-0.001233,1.073130,-0.053985,0.000000,0.000000
-0.138150,2.746249,0.847488,0.052524,-0.048337,0.888374,0.453538,0.081475,-0.046232,-0.166275,0.660267,-0.546876,0.030371,-0.034443,-0.143190,0.026315,0.249037,-0.174724,-0.052999,-0.145724,0.004281,0.028033,0.410979,-0.523547,0.975243,1.570800,0.000000,0.000000,0.418833,-0.135843,-0.005615,1.079981,-0.056118,0.000000,0.000000
-0.141037,2.751027,0.847633,0.052610,-0.046939,0.892521,0.445460,0.075373,-0.043277,-0.151255,0.683784,-0.544136,0.028825,-0.029196,-0.145884,0.013000,0.257541,-0.184433,-0.051597,-0.146677,0.004373,0.023062,0.404649,-0.528712,0.982792,1.570800,0.000000,0.000000,0.415337,-0.135738,-0.009175,1.085636,-0.057076,0.000000,0.000000
-0.143531,2.755406,0.847823,0.052342,-0.045327,0.896319,0.437971,0.068109,-0.038656,-0.132300,0.706106,-0.540769,0.026999,-0.023829,-0.148713,0.000279,0.262902,-0.195704,-0.050251,-0.147052,0.004472,0.017382,0.398713,-0.535232,0.990874,1.570800,0.000000,0.000000,0.411506,-0.136311,-0.012668,1.089469,-0.057585,0.000000,0.000000
-0.145716,2.759492,0.848110,0.052039,-0.043758,0.899473,0.431654,0.060946,-0.033392,-0.109657,0.724298,-0.538945,0.024597,-0.019142,-0.150941,-0.012214,0.266376,-0.205502,-0.048743,-0.145932,0.004480,0.012202,0.392108,-0.542016,0.999789,1.570800,0.000000,0.000000,0.407546,-0.138019,-0.015321,1.091822,-0.055389,0.000000,0.000000
-0.147746,2.763465,0.848587,0.051406,-0.041758,0.902042,0.426537,0.053602,-0.028127,-0.083786,0.738272,-0.537660,0.021512,-0.015351,-0.152952,-0.023054,0.268557,-0.212031,-0.047470,-0.144061,0.004481,0.010114,0.385370,-0.546375,1.006083,1.570800,0.000000,0.000000,0.402516,-0.140324,-0.015359,1.093944,-0.052138,0.000000,0.000000
-0.149660,2.767324,0.849123,0.050725,-0.039582,0.904088,0.422475,0.046146,-0.022787,-0.055632,0.749100,-0.535534,0.017950,-0.012142,-0.155080,-0.032372,0.270047,-0.216414,-0.046497,-0.141660,0.004510,0.010123,0.379734,-0.550902,1.011513,1.570800,0.000000,0.000000,0.396505,-0.142702,-0.012534,1.096183,-0.044622,0.000000,0.000000
-0.151670,2.770920,0.849627,0.050173,-0.037308,0.905871,0.418913,0.038447,-0.017957,-0.026190,0.757282,-0.531734,0.013945,-0.008996,-0.157978,-0.042125,0.271065,-0.221748,-0.045635,-0.138663,0.004543,0.009216,0.375608,-0.562396,1.018620,1.570800,0.000000,0.000000,0.389668,-0.145416,-0.008544,1.098499,-0.039737,0.000000,0.000000
-0.153712,2.774520,0.850092,0.049472,-0.035111,0.907477,0.415698,0.030810,-0.013784,0.000827,0.762513,-0.526317,0.010152,-0.005813,-0.160663,-0.049714,0.270792,-0.227695,-0.045035,-0.134007,0.004467,0.009132,0.371186,-0.573531,1.024521,1.570800,0.000000,0.000000,0.382559,-0.148587,-0.002161,1.100702,-0.044299,0.000000,0.000000
-0.155871,2.778080,0.850554,0.048558,-0.033020,0.909109,0.412399,0.023147,-0.010052,0.024868,0.765281,-0.520625,0.006753,-0.002348,-0.162892,-0.055928,0.268953,-0.232050,-0.044548,-0.127688,0.004284,0.011227,0.366921,-0.577004,1.025176,1.570800,0.000000,0.000000,0.376588,-0.152588,0.001724,1.098849,-0.048507,0.000000,0.000000
-0.158463,2.781302,0.851176,0.047787,-0.030428,0.910699,0.409167,0.015023,-0.008446,0.046952,0.765717,-0.513612,0.003089,0.001590,-0.166405,-0.063456,0.265421,-0.234504,-0.044194,-0.120482,0.004107,0.015113,0.363980,-0.577558,1.022270,1.570800,0.000000,0.000000,0.370823,-0.156855,0.002855,1.094928,-0.049964,0.000000,0.000000
-0.161445,2.784292,0.851847,0.046991,-0.027395,0.912335,0.405815,0.006555,-0.008904,0.067190,0.763492,-0.506597,-0.000818,0.005614,-0.171392,-0.073461,0.260851,-0.235699,-0.043822,-0.113496,0.003979,0.019741,0.361788,-0.584118,1.020179,1.570800,0.000000,0.000000,0.364969,-0.160501,0.005283,1.093446,-0.051124,0.000000,0.000000
-0.164279,2.787413,0.852382,0.046128,-0.024660,0.914299,0.401649,-0.002212,-0.009157,0.085639,0.759479,-0.499733,-0.004322,0.009643,-0.175928,-0.085378,0.257130,-0.235843,-0.043075,-0.106961,0.003904,0.024123,0.362873,-0.598107,1.018731,1.570800,0.000000,0.000000,0.360508,-0.163718,0.007244,1.091881,-0.051946,0.000000,0.000000
-0.167114,2.790499,0.852749,0.044997,-0.022338,0.916569,0.396708,-0.010999,-0.008996,0.100367,0.753982,-0.490797,-0.007009,0.013437,-0.179208,-0.096749,0.254453,-0.235216,-0.042151,-0.100482,0.003708,0.029863,0.361389,-0.603284,1.016174,1.570800,0.000000,0.000000,0.357995,-0.166834,0.008107,1.087413,-0.049446,0.000000,0.000000
-0.170319,2.792916,0.853086,0.044261,-0.019751,0.919216,0.390760,-0.020089,-0.010542,0.111904,0.746644,-0.479554,-0.009577,0.017551,-0.183777,-0.110122,0.252386,-0.234879,-0.041279,-0.094691,0.003564,0.035621,0.360344,-0.609126,1.013331,1.570800,0.000000,0.000000,0.355092,-0.169777,0.009045,1.082232,-0.055623,0.000000,0.000000
-0.174001,2.794908,0.853285,0.043537,-0.016934,0.922033,0.384283,-0.029291,-0.014010,0.120046,0.736444,-0.469839,-0.012006,0.021841,-0.189794,-0.125157,0.250522,-0.236208,-0.040513,-0.088723,0.003433,0.040529,0.359687,-0.618006,1.010916,1.570800,0.000000,0.000000,0.352258,-0.172519,0.008851,1.074553,-0.060410,0.000000,0.000000
-0.177643,2.797162,0.853334,0.042748,-0.014512,0.924473,0.378564,-0.038227,-0.017246,0.126822,0.723543,-0.461612,-0.014054,0.026050,-0.195204,-0.138833,0.249078,-0.238138,-0.039798,-0.081929,0.003288,0.045046,0.359868,-0.628794,1.010598,1.570800,0.000000,0.000000,0.350472,-0.175234,0.008371,1.065510,-0.061453,0.000000,0.000000
-0.181264,2.799714,0.853347,0.042218,-0.012300,0.926307,0.374196,-0.046382,-0.019573,0.134141,0.708833,-0.455116,-0.015899,0.030092,-0.200204,-0.150861,0.248622,-0.241071,-0.039241,-0.073733,0.003057,0.050863,0.359326,-0.635146,1.012325,1.570800,0.000000,0.000000,0.349216,-0.177907,0.008303,1.056151,-0.058035,0.000000,0.000000
-0.184711,2.802400,0.853268,0.041462,-0.010163,0.928188,0.369654,-0.054623,-0.020621,0.142634,0.691823,-0.450363,-0.017528,0.033974,-0.204534,-0.161543,0.249052,-0.243598,-0.038749,-0.064641,0.002745,0.057977,0.357172,-0.633985,1.014621,1.570800,0.000000,0.000000,0.346665,-0.181054,0.006386,1.049499,-0.058521,0.000000,0.000000
-0.188274,2.804635,0.853045,0.040793,-0.008425,0.930515,0.363878,-0.062682,-0.021288,0.150769,0.674850,-0.446965,-0.018918,0.037857,-0.208155,-0.172336,0.250412,-0.245051,-0.038110,-0.057072,0.002487,0.065786,0.354260,-0.630228,1.017657,1.570800,0.000000,0.000000,0.345242,-0.184538,0.006374,1.041014,-0.056413,0.000000,0.000000
-0.192195,2.806420,0.852925,0.040231,-0.006228,0.932804,0.358076,-0.070592,-0.023546,0.159227,0.657080,-0.442273,-0.020763,0.041622,-0.213117,-0.187061,0.251365,-0.248352,-0.037203,-0.049069,0.002271,0.072417,0.350959,-0.629409,1.023209,1.570800,0.000000,0.000000,0.344957,-0.187038,0.005395,1.031246,-0.050985,0.000000,0.000000
-0.196044,2.808374,0.852786,0.039345,-0.003920,0.935208,0.351884,-0.078640,-0.025774,0.166186,0.637495,-0.436985,-0.022234,0.045248,-0.218033,-0.202693,0.251814,-0.252783,-0.036142,-0.040882,0.002049,0.077599,0.348984,-0.631990,1.030289,1.570800,0.000000,0.000000,0.344559,-0.187220,-0.000220,1.022771,-0.053567,0.000000,0.000000
-0.199536,2.810596,0.852556,0.038443,-0.002207,0.937431,0.346035,-0.086243,-0.026078,0.171666,0.617113,-0.428386,-0.022915,0.048616,-0.221257,-0.215536,0.252962,-0.254999,-0.035095,-0.033031,0.001807,0.082908,0.347235,-0.633137,1.039154,1.570800,0.000000,0.000000,0.343457,-0.187563,-0.004645,1.015995,-0.053122,0.000000,0.000000
-0.202991,2.813056,0.852234,0.037447,-0.000827,0.938945,0.342021,-0.093841,-0.024709,0.179419,0.593197,-0.417284,-0.023530,0.051653,-0.223646,-0.226155,0.254748,-0.256441,-0.034212,-0.024473,0.001493,0.090161,0.344247,-0.629848,1.049233,1.570800,0.000000,0.000000,0.341528,-0.189395,-0.002383,1.007247,-0.042174,0.000000,0.000000
-0.206679,2.815944,0.851871,0.036484,0.000320,0.940338,0.338279,-0.100769,-0.021865,0.188183,0.568613,-0.407358,-0.023900,0.054897,-0.225258,-0.234428,0.256337,-0.258356,-0.033485,-0.015245,0.001160,0.097776,0.342297,-0.624676,1.058593,1.570800,0.000000,0.000000,0.340569,-0.190838,0.001162,0.995692,-0.027143,0.000000,0.000000
-0.210812,2.819121,0.851518,0.035797,0.001478,0.941692,0.334564,-0.107013,-0.018461,0.197716,0.544477,-0.397912,-0.024245,0.059053,-0.227100,-0.242293,0.257093,-0.260668,-0.032895,-0.005231,0.000793,0.106361,0.341028,-0.616316,1.067826,1.570800,0.000000,0.000000,0.340868,-0.192549,0.002834,0.984172,-0.021133,0.000000,0.000000
-0.215185,2.822260,0.851054,0.035280,0.002541,0.943264,0.330155,-0.112893,-0.015122,0.206993,0.520345,-0.387421,-0.024554,0.064097,-0.229109,-0.250717,0.257800,-0.264017,-0.032273,0.004684,0.000387,0.115858,0.339972,-0.606351,1.076858,1.570800,0.000000,0.000000,0.340975,-0.194738,0.003306,0.974655,-0.022784,0.000000,0.000000
-0.219555,2.825377,0.850370,0.034503,0.003266,0.945129,0.324853,-0.118864,-0.011304,0.215187,0.495222,-0.376566,-0.024505,0.069519,-0.230238,-0.258985,0.258947,-0.268115,-0.031454,0.013407,0.000012,0.125642,0.337565,-0.595828,1.085775,1.570800,0.000000,0.000000,0.341186,-0.196980,0.006069,0.965182,-0.023817,0.000000,0.000000
-0.224042,2.828399,0.849584,0.033554,0.003915,0.946908,0.319725,-0.124615,-0.007473,0.222534,0.468487,-0.365353,-0.024268,0.074904,-0.231016,-0.266551,0.260255,-0.272998,-0.030651,0.021584,-0.000316,0.136049,0.334200,-0.586174,1.094704,1.570800,0.000000,0.000000,0.341890,-0.198216,0.009545,0.953678,-0.022328,0.000000,0.000000
-0.228635,2.831291,0.849866,0.032573,0.004703,0.948403,0.315353,-0.129905,-0.004125,0.228770,0.439738,-0.352340,-0.023933,0.080037,-0.232152,-0.273638,0.261533,-0.277670,-0.030012,0.029441,-0.000632,0.146436,0.332703,-0.576773,1.102193,1.570800,0.000000,0.000000,0.341978,-0.198495,0.013269,0.940956,-0.021316,0.000000,0.000000
-0.233127,2.834263,0.852388,0.031435,0.005572,0.949787,0.311264,-0.134812,-0.000954,0.234388,0.410668,-0.337948,-0.023557,0.084864,-0.232955,-0.279473,0.261744,-0.280893,-0.029461,0.037998,-0.000971,0.155943,0.332917,-0.568371,1.107252,1.570800,0.000000,0.000000,0.339614,-0.199090,0.017670,0.932609,-0.020719,0.000000,0.000000
-0.237818,2.837038,0.854711,0.030329,0.006304,0.951229,0.306928,-0.139889,0.001973,0.239643,0.378700,-0.321217,-0.023115,0.090358,-0.233820,-0.285851,0.261455,-0.283767,-0.028877,0.048265,-0.001394,0.165586,0.332837,-0.559317,1.112387,1.570800,0.000000,0.000000,0.336611,-0.200068,0.020229,0.926487,-0.017389,0.000000,0.000000
-0.242567,2.839761,0.856549,0.029206,0.006887,0.952783,0.302165,-0.144531,0.004567,0.242163,0.347328,-0.304048,-0.022341,0.095852,-0.234396,-0.292288,0.261197,-0.284857,-0.028216,0.058144,-0.001774,0.174453,0.332197,-0.550291,1.117887,1.570800,0.000000,0.000000,0.334141,-0.200079,0.018958,0.919853,-0.016843,0.000000,0.000000
-0.247300,2.842576,0.858039,0.027940,0.007349,0.954339,0.297326,-0.149142,0.007570,0.243128,0.314051,-0.285181,-0.021220,0.101565,-0.234326,-0.297809,0.260616,-0.284136,-0.027556,0.067386,-0.002160,0.183958,0.332287,-0.541175,1.122729,1.570800,0.000000,0.000000,0.331115,-0.199996,0.017386,0.911500,-0.014136,0.000000,0.000000
-0.251961,2.845588,0.859107,0.026581,0.007292,0.955744,0.292907,-0.153660,0.011944,0.245240,0.280434,-0.266644,-0.019963,0.107172,-0.233017,-0.303041,0.260108,-0.283104,-0.026615,0.076268,-0.002519,0.192941,0.333992,-0.533298,1.127439,1.570800,0.000000,0.000000,0.328310,-0.200988,0.018536,0.902727,-0.008216,0.000000,0.000000
-0.256950,2.848400,0.859672,0.025217,0.007007,0.957055,0.288722,-0.157934,0.016779,0.245825,0.246729,-0.249335,-0.018359,0.112787,-0.231355,-0.308474,0.259443,-0.284255,-0.025529,0.085670,-0.002880,0.201096,0.336727,-0.526759,1.132851,1.570800,0.000000,0.000000,0.326747,-0.202338,0.021555,0.893879,-0.000523,0.000000,0.000000
-0.262575,2.850858,0.859640,0.023871,0.007239,0.958415,0.284286,-0.161860,0.020186,0.245316,0.212986,-0.232725,-0.016921,0.118752,-0.231097,-0.314938,0.258522,-0.287603,-0.024644,0.095363,-0.003290,0.209708,0.339488,-0.521434,1.137300,1.570800,0.000000,0.000000,0.326256,-0.203861,0.024012,0.885181,0.004201,0.000000,0.000000
-0.268366,2.853217,0.859055,0.022556,0.007789,0.959907,0.279300,-0.165503,0.022314,0.243866,0.179114,-0.217174,-0.015620,0.125018,-0.231673,-0.320888,0.257600,-0.292789,-0.024037,0.104365,-0.003682,0.218326,0.342284,-0.520097,1.141921,1.570800,0.000000,0.000000,0.323783,-0.206178,0.024943,0.879221,0.006473,0.000000,0.000000
-0.273945,2.855662,0.857992,0.021332,0.008111,0.961347,0.274394,-0.168982,0.024368,0.242894,0.145997,-0.203626,-0.014376,0.131119,-0.232043,-0.325069,0.257917,-0.299005,-0.023608,0.112570,-0.004042,0.227587,0.343862,-0.518085,1.147550,1.570800,0.000000,0.000000,0.317421,-0.208628,0.026139,0.876700,0.014468,0.000000,0.000000
-0.278995,2.857815,0.856649,0.019658,0.007705,0.962409,0.270783,-0.172941,0.027359,0.245369,0.113845,-0.191956,-0.013389,0.134951,-0.231585,-0.326671,0.262142,-0.306673,-0.023298,0.120762,-0.004382,0.237251,0.344808,-0.511913,1.154089,1.570800,0.000000,0.000000,0.312370,-0.210882,0.030958,0.871315,0.029531,0.000000,0.000000
-0.284048,2.859987,0.855017,0.017725,0.006881,0.963165,0.268238,-0.177337,0.031250,0.250660,0.083265,-0.180890,-0.012581,0.137738,-0.230328,-0.327134,0.267003,-0.314262,-0.022909,0.129824,-0.004750,0.246597,0.345702,-0.504023,1.160348,1.570800,0.000000,0.000000,0.307267,-0.213709,0.037968,0.865208,0.039921,0.000000,0.000000
-0.289319,2.861962,0.853044,0.015544,0.006100,0.964042,0.265226,-0.182324,0.034848,0.256776,0.054617,-0.174234,-0.011837,0.140020,-0.228657,-0.327988,0.271894,-0.320780,-0.022347,0.138975,-0.005181,0.255197,0.346222,-0.498516,1.167287,1.570800,0.000000,0.000000,0.301901,-0.216125,0.045066,0.859081,0.037558,0.000000,0.000000
-0.294883,2.863816,0.850695,0.013196,0.005158,0.964926,0.262140,-0.187969,0.038184,0.265092,0.027306,-0.173511,-0.011210,0.142272,-0.226761,-0.329588,0.277164,-0.328118,-0.021607,0.147302,-0.005602,0.263970,0.345925,-0.492900,1.176846,1.570800,0.000000,0.000000,0.296036,-0.219905,0.053021,0.852506,0.025384,0.000000,0.000000
-0.300570,2.865704,0.848325,0.011283,0.004467,0.965698,0.259382,-0.192771,0.040753,0.273579,0.003710,-0.172877,-0.010807,0.144699,-0.225566,-0.330152,0.282370,-0.336566,-0.021187,0.155898,-0.005952,0.272568,0.344620,-0.485233,1.185295,1.570800,0.000000,0.000000,0.289614,-0.223510,0.061527,0.849410,0.019308,0.000000,0.000000
-0.306275,2.867720,0.846184,0.009343,0.003798,0.966449,0.256660,-0.196987,0.043169,0.281002,-0.017450,-0.168362,-0.010412,0.147143,-0.224444,-0.330493,0.287520,-0.344806,-0.020815,0.164515,-0.006281,0.281640,0.343733,-0.475516,1.191770,1.570784,0.000000,0.000000,0.281892,-0.226437,0.068434,0.847772,0.020728,0.000000,0.000000
-0.311947,2.869852,0.846452,0.007556,0.003050,0.967219,0.253811,-0.200673,0.045678,0.286588,-0.017450,-0.162063,-0.010160,0.149507,-0.223292,-0.330942,0.292595,-0.351113,-0.020428,0.171652,-0.006552,0.290166,0.344654,-0.469836,1.196937,1.570751,0.000000,0.000000,0.274919,-0.229118,0.073711,0.844445,0.022862,0.000000,0.000000
-0.317562,2.872109,0.846466,0.005713,0.002183,0.967804,0.251630,-0.205518,0.049032,0.294281,-0.017450,-0.157315,-0.010103,0.152268,-0.221482,-0.330877,0.298530,-0.358452,-0.019945,0.180153,-0.006923,0.300342,0.346436,-0.464255,1.202889,1.570718,0.000000,0.000000,0.266399,-0.232640,0.079766,0.839871,0.025422,0.000000,0.000000
-0.323403,2.874364,0.846458,0.003722,0.001219,0.968045,0.250744,-0.210751,0.052826,0.303837,-0.017450,-0.153011,-0.010263,0.154827,-0.219675,-0.329063,0.303668,-0.365238,-0.019723,0.189037,-0.007318,0.311326,0.346982,-0.454537,1.208367,1.570686,0.000000,0.000000,0.257180,-0.236503,0.087952,0.835576,0.024386,0.000000,0.000000
-0.329527,2.876346,0.846511,0.001755,-0.000049,0.968175,0.250270,-0.215833,0.057222,0.311797,-0.017450,-0.148082,-0.010215,0.157241,-0.218202,-0.326807,0.308311,-0.370756,-0.019674,0.197004,-0.007690,0.321411,0.346239,-0.442256,1.215781,1.570642,0.000000,0.000000,0.247644,-0.240600,0.097415,0.832100,0.020554,0.000000,0.000000
-0.336067,2.878075,0.846633,0.000291,-0.001671,0.968544,0.248836,-0.219938,0.061512,0.316374,-0.017450,-0.141741,-0.009931,0.159938,-0.217291,-0.326199,0.313652,-0.376127,-0.019540,0.203466,-0.007994,0.329508,0.347037,-0.434996,1.223691,1.570612,0.000000,0.000000,0.240414,-0.245262,0.106208,0.829496,0.017792,0.000000,0.000000
-0.342863,2.879869,0.846720,-0.000982,-0.003274,0.968922,0.247343,-0.224060,0.065786,0.320014,-0.017450,-0.132432,-0.009687,0.163020,-0.216545,-0.325538,0.319665,-0.381453,-0.019459,0.209709,-0.008238,0.337774,0.348058,-0.429641,1.231308,1.570586,0.000000,0.000000,0.233138,-0.250312,0.115012,0.827415,0.020104,0.000000,0.000000
-0.349937,2.881269,0.846499,-0.001942,-0.004704,0.969161,0.246377,-0.229064,0.070020,0.322950,-0.017450,-0.120512,-0.009518,0.166844,-0.216701,-0.324112,0.326644,-0.385977,-0.019785,0.216288,-0.008576,0.348757,0.347625,-0.422269,1.239369,1.570536,0.000000,0.000000,0.224364,-0.256966,0.128408,0.825181,0.018427,0.000000,0.000000
-0.357475,2.882267,0.846220,-0.002850,-0.005662,0.969434,0.245272,-0.233944,0.072745,0.324084,-0.017450,-0.109820,-0.009501,0.170764,-0.218052,-0.322045,0.333182,-0.388356,-0.020572,0.222223,-0.008894,0.360651,0.346253,-0.412989,1.245138,1.570492,0.000000,0.000000,0.216907,-0.264041,0.142658,0.822519,0.010841,0.000000,0.000000
-0.365132,2.883367,0.845869,-0.003768,-0.006274,0.969641,0.244423,-0.239067,0.074737,0.324264,-0.017450,-0.098201,-0.009584,0.174528,-0.219779,-0.319546,0.339326,-0.387388,-0.021582,0.228059,-0.009146,0.372452,0.342806,-0.400473,1.249692,1.570439,0.000000,0.000000,0.210868,-0.270711,0.156351,0.820076,0.008555,0.000000,0.000000
-0.373111,2.884372,0.845622,-0.004511,-0.006606,0.969941,0.243210,-0.244334,0.076085,0.323636,-0.015375,-0.086282,-0.009769,0.178522,-0.222342,-0.318550,0.345870,-0.382496,-0.022676,0.234263,-0.009426,0.383168,0.338769,-0.391129,1.255320,1.570378,0.000000,0.000000,0.205724,-0.277274,0.168667,0.818932,0.005947,0.000000,0.000000
-0.381685,2.884846,0.847509,-0.005185,-0.006692,0.970503,0.240942,-0.250098,0.076318,0.321511,0.006905,-0.078328,-0.010282,0.183157,-0.226130,-0.317847,0.353347,-0.377093,-0.024142,0.241406,-0.009676,0.391912,0.334651,-0.387184,1.264147,1.570312,0.000000,0.000000,0.200409,-0.283899,0.177735,0.820555,0.000685,0.000000,0.000000
-0.390436,2.884961,0.849765,-0.005860,-0.006511,0.971018,0.238846,-0.255786,0.075551,0.318303,0.035995,-0.080084,-0.010922,0.187632,-0.230298,-0.315902,0.360195,-0.370160,-0.025943,0.249248,-0.009885,0.397237,0.329603,-0.385202,1.275322,1.570239,0.000000,0.000000,0.195970,-0.290667,0.183641,0.823094,-0.004626,0.000000,0.000000
-0.399150,2.884987,0.851713,-0.006724,-0.006323,0.971438,0.237114,-0.261060,0.074446,0.315004,0.064358,-0.089971,-0.011409,0.191415,-0.233873,-0.313400,0.365709,-0.359643,-0.027700,0.256908,-0.010099,0.400836,0.324210,-0.385290,1.285302,1.570171,0.000000,0.000000,0.193365,-0.297169,0.189179,0.824153,-0.006573,0.000000,0.000000
-0.408257,2.884808,0.853432,-0.007985,-0.006158,0.972185,0.233999,-0.265824,0.072561,0.311155,0.090161,-0.102724,-0.011765,0.194820,-0.236949,-0.311821,0.370911,-0.347996,-0.029196,0.263662,-0.010243,0.402815,0.319604,-0.388081,1.294500,1.570120,0.000000,0.000000,0.192202,-0.302889,0.192630,0.824219,-0.006729,0.000000,0.000000
-0.417818,2.884526,0.855060,-0.009596,-0.006109,0.973283,0.229326,-0.270257,0.069873,0.306672,0.114809,-0.115983,-0.012133,0.198419,-0.239738,-0.311786,0.376856,-0.335294,-0.030431,0.269684,-0.010359,0.402686,0.314824,-0.390400,1.304557,1.570071,0.000000,0.000000,0.192411,-0.307914,0.193003,0.824468,-0.006794,0.000000,0.000000
-0.427753,2.884234,0.856543,-0.011277,-0.006174,0.974515,0.223953,-0.273826,0.066758,0.302122,0.137445,-0.127202,-0.012556,0.202212,-0.242226,-0.312700,0.383421,-0.319374,-0.031496,0.274334,-0.010424,0.401485,0.309573,-0.391708,1.314212,1.570032,0.000000,0.000000,0.193849,-0.312617,0.191680,0.824312,-0.007478,0.000000,0.000000
-0.437886,2.883887,0.857898,-0.012893,-0.006428,0.975802,0.218182,-0.276061,0.063505,0.297896,0.157297,-0.135706,-0.013087,0.205786,-0.244368,-0.314131,0.391195,-0.299113,-0.032471,0.276725,-0.010425,0.399485,0.304270,-0.396371,1.324685,1.569988,0.000000,0.000000,0.195788,-0.317247,0.191228,0.824426,-0.009794,0.000000,0.000000
-0.448105,2.883014,0.859147,-0.014421,-0.006589,0.977015,0.212580,-0.276725,0.058975,0.292873,0.175129,-0.144634,-0.013800,0.207816,-0.247275,-0.315995,0.405114,-0.272419,-0.033813,0.276636,-0.010308,0.396887,0.298624,-0.405403,1.336977,1.569944,0.000000,0.000000,0.198172,-0.321714,0.191007,0.824231,-0.012775,0.000000,0.000000
-0.458766,2.881629,0.860154,-0.015907,-0.006576,0.978220,0.206854,-0.275637,0.053538,0.287569,0.186405,-0.154004,-0.014450,0.207767,-0.250697,-0.317860,0.421974,-0.248354,-0.035238,0.274859,-0.010132,0.394489,0.293252,-0.413122,1.345779,1.569899,0.000000,0.000000,0.200417,-0.324462,0.189231,0.824970,-0.012819,0.000000,0.000000
-0.469778,2.880005,0.861090,-0.016957,-0.006883,0.979395,0.201122,-0.272917,0.047100,0.281761,0.196577,-0.165981,-0.015097,0.206139,-0.254723,-0.320285,0.444008,-0.225236,-0.036759,0.272101,-0.009898,0.391421,0.286313,-0.415864,1.354316,1.569875,0.000000,0.000000,0.203267,-0.326816,0.187720,0.827038,-0.013407,0.000000,0.000000
-0.480909,2.878359,0.861849,-0.017474,-0.007323,0.980553,0.195339,-0.269305,0.040761,0.276309,0.206615,-0.178549,-0.015666,0.203533,-0.259114,-0.325111,0.469169,-0.202624,-0.037939,0.268258,-0.009661,0.388845,0.279465,-0.414629,1.362691,1.569852,0.000000,0.000000,0.205960,-0.328871,0.188474,0.831567,-0.012761,0.000000,0.000000
-0.492470,2.876125,0.862504,-0.017737,-0.007749,0.981814,0.188858,-0.264647,0.033079,0.269726,0.217869,-0.192824,-0.016307,0.199965,-0.264703,-0.330161,0.500071,-0.171911,-0.039555,0.262023,-0.009332,0.387238,0.271919,-0.412407,1.370133,1.569827,0.000000,0.000000,0.208846,-0.331147,0.190902,0.837234,-0.010955,0.000000,0.000000
-0.504467,2.873276,0.862935,-0.017816,-0.007727,0.983137,0.181838,-0.259371,0.024393,0.262097,0.228211,-0.205837,-0.017015,0.196121,-0.270704,-0.331197,0.530719,-0.138950,-0.041926,0.253528,-0.008999,0.386650,0.264165,-0.410912,1.374452,1.569791,0.000000,0.000000,0.211414,-0.333775,0.193417,0.842481,-0.014136,0.000000,0.000000
-0.516690,2.870034,0.863167,-0.017543,-0.007429,0.984466,0.174538,-0.253107,0.014833,0.253609,0.237788,-0.218028,-0.017814,0.191949,-0.276967,-0.328332,0.561861,-0.106211,-0.044944,0.242359,-0.008547,0.387506,0.256604,-0.408817,1.375966,1.569770,0.000000,0.000000,0.214141,-0.336102,0.195165,0.848274,-0.016742,0.000000,0.000000
-0.528953,2.866436,0.863238,-0.017093,-0.006986,0.985815,0.166815,-0.245702,0.004151,0.244004,0.246378,-0.231282,-0.018657,0.187193,-0.283211,-0.322164,0.594285,-0.072280,-0.048387,0.228988,-0.007952,0.389065,0.249418,-0.403366,1.373870,1.569749,0.000000,0.000000,0.216234,-0.338419,0.196409,0.856717,-0.016130,0.000000,0.000000
-0.541155,2.862722,0.863105,-0.016186,-0.006525,0.987250,0.158215,-0.237734,-0.006786,0.233959,0.254160,-0.243667,-0.019486,0.182490,-0.288224,-0.313459,0.626788,-0.039637,-0.051688,0.214239,-0.007327,0.390392,0.242654,-0.395954,1.370584,1.569730,0.000000,0.000000,0.217877,-0.340495,0.198188,0.866921,-0.016309,0.000000,0.000000
-0.553193,2.859262,0.862829,-0.015100,-0.005807,0.988669,0.149237,-0.229129,-0.017923,0.222898,0.260877,-0.255248,-0.020218,0.177141,-0.291495,-0.303055,0.660175,-0.016848,-0.054458,0.199213,-0.006757,0.391768,0.235385,-0.389749,1.365813,1.569701,0.000000,0.000000,0.220455,-0.342421,0.200305,0.876496,-0.018409,0.000000,0.000000
-0.564804,2.856807,0.862700,-0.014314,-0.005735,0.990092,0.139571,-0.220483,-0.026450,0.209167,0.266993,-0.264974,-0.020049,0.170405,-0.289048,-0.287915,0.693432,-0.003604,-0.055944,0.182722,-0.006122,0.393924,0.230042,-0.389124,1.358395,1.569668,0.000000,0.000000,0.223431,-0.342800,0.201202,0.884481,-0.019097,0.000000,0.000000
-0.576050,2.855226,0.862660,-0.013699,-0.006230,0.991449,0.129621,-0.211999,-0.032432,0.194860,0.272861,-0.274739,-0.019314,0.162089,-0.280666,-0.268269,0.725548,-0.001244,-0.056112,0.165445,-0.005443,0.395095,0.226880,-0.392583,1.350749,1.569653,0.000000,0.000000,0.226959,-0.340910,0.201112,0.891464,-0.018905,0.000000,0.000000
-0.587071,2.854022,0.862568,-0.012701,-0.006928,0.992717,0.119600,-0.203314,-0.037119,0.180476,0.278915,-0.284983,-0.018333,0.152749,-0.269051,-0.248277,0.757117,-0.008511,-0.055269,0.149187,-0.004806,0.394984,0.225175,-0.397407,1.343478,1.569646,0.000000,0.000000,0.231559,-0.338031,0.200141,0.898057,-0.015805,0.000000,0.000000
-0.598038,2.853075,0.862419,-0.011395,-0.007512,0.993846,0.109922,-0.193997,-0.041288,0.166626,0.284604,-0.294886,-0.017371,0.142536,-0.256074,-0.229346,0.787577,-0.020557,-0.053863,0.134313,-0.004257,0.393571,0.223987,-0.403171,1.335383,1.569629,0.000000,0.000000,0.237625,-0.334856,0.198290,0.903555,-0.013453,0.000000,0.000000
-0.609009,2.852321,0.862291,-0.009732,-0.008268,0.994885,0.100202,-0.183860,-0.044544,0.153626,0.289624,-0.303712,-0.016383,0.131976,-0.242751,-0.213724,0.817115,-0.034250,-0.051855,0.120197,-0.003779,0.390434,0.223083,-0.411744,1.329053,1.569613,0.000000,0.000000,0.245222,-0.331646,0.196805,0.907097,-0.013100,0.000000,0.000000
-0.619934,2.851836,0.862223,-0.007937,-0.009181,0.995835,0.090363,-0.172990,-0.046706,0.140664,0.293768,-0.312292,-0.015180,0.121048,-0.229066,-0.201996,0.845126,-0.048405,-0.049102,0.105741,-0.003260,0.385548,0.222026,-0.420928,1.324294,1.569620,0.000000,0.000000,0.253166,-0.328008,0.195941,0.910833,-0.013037,0.000000,0.000000
-0.630825,2.851520,0.862264,-0.006148,-0.010161,0.996635,0.081101,-0.161040,-0.047940,0.124939,0.296476,-0.321158,-0.013380,0.109217,-0.214292,-0.191175,0.870878,-0.061205,-0.045876,0.090669,-0.002707,0.379460,0.220619,-0.432597,1.320767,1.569610,0.000000,0.000000,0.261746,-0.324163,0.195194,0.915084,-0.014352,0.000000,0.000000
-0.641836,2.851202,0.862417,-0.004151,-0.011219,0.997302,0.072431,-0.148689,-0.048468,0.106436,0.297643,-0.327575,-0.011052,0.097470,-0.199789,-0.181697,0.892732,-0.071875,-0.042577,0.075844,-0.002170,0.373154,0.218985,-0.446584,1.318286,1.569607,0.000000,0.000000,0.270302,-0.320191,0.195068,0.919435,-0.015282,0.000000,0.000000
-0.653182,2.850828,0.862474,-0.001718,-0.011921,0.997890,0.063807,-0.135388,-0.049391,0.088668,0.298471,-0.332849,-0.008951,0.086508,-0.187281,-0.176108,0.911448,-0.083569,-0.039261,0.062196,-0.001646,0.365398,0.218905,-0.460865,1.313951,1.569614,0.000000,0.000000,0.280048,-0.315425,0.192963,0.923704,-0.012963,0.000000,0.000000
-0.664814,2.850277,0.862352,0.001068,-0.012231,0.998479,0.053743,-0.121060,-0.051251,0.071150,0.299503,-0.338724,-0.007093,0.076461,-0.176733,-0.176381,0.927341,-0.099758,-0.035551,0.048663,-0.001130,0.355140,0.221571,-0.477880,1.308091,1.569637,0.000000,0.000000,0.292136,-0.310935,0.187141,0.927250,-0.015429,0.000000,0.000000
-0.676391,2.850095,0.862350,0.003824,-0.013157,0.998885,0.045175,-0.106842,-0.051741,0.057458,0.299347,-0.343596,-0.005460,0.066652,-0.164553,-0.172008,0.937777,-0.113857,-0.032253,0.035913,-0.000708,0.344758,0.224814,-0.492508,1.302411,1.569678,0.000000,0.000000,0.303131,-0.308177,0.184781,0.930497,-0.018076,0.000000,0.000000
-0.688136,2.849899,0.862414,0.005988,-0.014087,0.999185,0.037341,-0.091925,-0.051768,0.044236,0.296985,-0.349160,-0.003763,0.055792,-0.151421,-0.165528,0.943582,-0.129404,-0.029078,0.022490,-0.000220,0.333703,0.227812,-0.506732,1.295317,1.569715,0.000000,0.000000,0.314310,-0.304673,0.183215,0.933468,-0.020895,0.000000,0.000000
-0.699838,2.849570,0.862428,0.008320,-0.014793,0.999410,0.029862,-0.077120,-0.051998,0.031562,0.294018,-0.354508,-0.002154,0.045193,-0.139494,-0.159672,0.945207,-0.144150,-0.026213,0.009382,0.000243,0.322191,0.229607,-0.517588,1.287314,1.569752,0.000000,0.000000,0.324641,-0.300321,0.183089,0.937950,-0.023326,0.000000,0.000000
-0.711489,2.848926,0.862327,0.010926,-0.015424,0.999554,0.023129,-0.061977,-0.052607,0.020691,0.291217,-0.359694,-0.000880,0.035093,-0.129770,-0.155886,0.943624,-0.158707,-0.023668,-0.002929,0.000729,0.310785,0.232050,-0.526344,1.278138,1.569800,0.000000,0.000000,0.334042,-0.296786,0.184610,0.943144,-0.024701,0.000000,0.000000
-0.723116,2.847788,0.862201,0.013057,-0.016032,0.999639,0.017141,-0.046824,-0.053735,0.010880,0.286633,-0.365545,0.000156,0.024774,-0.122763,-0.154721,0.938498,-0.179732,-0.021460,-0.014379,0.001158,0.298690,0.235717,-0.534773,1.267811,1.569864,0.000000,0.000000,0.343011,-0.293578,0.185748,0.947048,-0.026806,0.000000,0.000000
-0.734462,2.846626,0.862075,0.014804,-0.016467,0.999690,0.011410,-0.031609,-0.054969,0.002405,0.280245,-0.370890,0.000994,0.013508,-0.116672,-0.154029,0.929803,-0.202938,-0.019433,-0.025178,0.001562,0.285752,0.239158,-0.541476,1.257530,1.569920,0.000000,0.000000,0.352658,-0.289306,0.185084,0.950889,-0.029940,0.000000,0.000000
-0.745321,2.845752,0.861934,0.016541,-0.016798,0.999710,0.004828,-0.017725,-0.055408,-0.003713,0.274646,-0.375022,0.001686,0.002318,-0.109643,-0.150852,0.918462,-0.217627,-0.017625,-0.035626,0.001926,0.274325,0.243211,-0.543118,1.244581,1.570007,0.000000,0.000000,0.362958,-0.285745,0.183665,0.954511,-0.034138,0.000000,0.000000
-0.755691,2.844812,0.861767,0.018021,-0.017065,0.999689,-0.002350,-0.004819,-0.055467,-0.011587,0.269621,-0.378359,0.002723,-0.009342,-0.102438,-0.147606,0.903005,-0.227229,-0.015786,-0.046367,0.002305,0.261844,0.247462,-0.544295,1.230211,1.570100,0.000000,0.000000,0.372403,-0.282582,0.183096,0.960089,-0.037540,0.000000,0.000000
-0.765754,2.843555,0.861526,0.019289,-0.017129,0.999630,-0.008632,0.007547,-0.055960,-0.020803,0.264739,-0.380040,0.003856,-0.021861,-0.097265,-0.146143,0.884245,-0.233996,-0.014215,-0.056691,0.002695,0.248408,0.251611,-0.546139,1.214174,1.570199,0.000000,0.000000,0.380237,-0.279619,0.183463,0.967170,-0.041577,0.000000,0.000000
-0.775385,2.842249,0.861191,0.020454,-0.017059,0.999537,-0.014733,0.018788,-0.056713,-0.028542,0.260814,-0.380869,0.004729,-0.034782,-0.093505,-0.146369,0.863661,-0.241762,-0.012742,-0.067372,0.003073,0.235494,0.256128,-0.547369,1.196003,1.570312,0.000000,0.000000,0.387137,-0.278065,0.186469,0.973952,-0.057628,0.000000,0.000000
-0.784445,2.841095,0.860824,0.021350,-0.017177,0.999407,-0.020840,0.028810,-0.056817,-0.033137,0.257796,-0.381420,0.005306,-0.048331,-0.089446,-0.146653,0.840289,-0.249153,-0.011180,-0.077862,0.003457,0.221859,0.260643,-0.547071,1.179239,1.570439,0.000000,0.000000,0.394081,-0.276376,0.189028,0.980858,-0.079964,0.000000,0.000000
-0.793047,2.840022,0.860416,0.022007,-0.017214,0.999249,-0.026833,0.037717,-0.056682,-0.037377,0.255457,-0.382692,0.005900,-0.062139,-0.085503,-0.146770,0.813031,-0.253271,-0.009725,-0.087642,0.003835,0.207413,0.263991,-0.547631,1.164574,1.570560,0.000000,0.000000,0.400716,-0.273008,0.188752,0.987793,-0.089856,0.000000,0.000000
-0.801722,2.838978,0.859872,0.022113,-0.016716,0.999043,-0.033833,0.045690,-0.057375,-0.045987,0.253434,-0.383715,0.006942,-0.075919,-0.082449,-0.148792,0.780319,-0.254628,-0.008196,-0.099042,0.004274,0.192718,0.266162,-0.546892,1.146129,1.570677,0.000000,0.000000,0.406846,-0.269627,0.187491,0.995030,-0.097628,0.000000,0.000000
-0.811067,2.838572,0.859343,0.021579,-0.016027,0.998873,-0.039118,0.052956,-0.055397,-0.043376,0.252189,-0.370563,0.006978,-0.089460,-0.081603,-0.154461,0.744411,-0.256233,-0.006639,-0.103506,0.004513,0.182869,0.275028,-0.539118,1.112863,1.570800,0.000000,0.000000,0.408311,-0.264630,0.207626,1.005422,-0.099886,0.000000,0.000000
-0.820601,2.838118,0.858795,0.021665,-0.015780,0.998669,-0.044064,0.060812,-0.054284,-0.046002,0.250599,-0.367994,0.007579,-0.101875,-0.078809,-0.156133,0.707726,-0.257893,-0.005417,-0.111573,0.004742,0.171323,0.280292,-0.536755,1.090502,1.570800,0.000000,0.000000,0.412169,-0.260403,0.210196,1.012576,-0.095866,0.000000,0.000000
-0.830258,2.837600,0.858099,0.021718,-0.015636,0.998392,-0.049971,0.068915,-0.052736,-0.049717,0.249853,-0.370177,0.008457,-0.113395,-0.075575,-0.159666,0.668131,-0.257724,-0.003797,-0.119835,0.005051,0.156652,0.284813,-0.539732,1.073970,1.570800,0.000000,0.000000,0.417916,-0.255712,0.206499,1.017215,-0.086497,0.000000,0.000000
-0.839851,2.837032,0.857193,0.021450,-0.015204,0.998079,-0.056090,0.076861,-0.051537,-0.054755,0.249711,-0.373634,0.009454,-0.124494,-0.072325,-0.163671,0.623773,-0.258146,-0.002236,-0.128195,0.005334,0.140285,0.288673,-0.540671,1.056001,1.570800,0.000000,0.000000,0.423658,-0.251167,0.201610,1.023471,-0.081026,0.000000,0.000000
-0.849524,2.836242,0.856133,0.020858,-0.014332,0.997760,-0.061920,0.084445,-0.051520,-0.062003,0.249264,-0.377162,0.010503,-0.134623,-0.070341,-0.169592,0.577130,-0.256953,-0.000806,-0.136591,0.005637,0.124084,0.291636,-0.538675,1.036176,1.570800,0.000000,0.000000,0.428608,-0.248444,0.197941,1.030834,-0.080451,0.000000,0.000000
-0.859463,2.835912,0.855109,0.019983,-0.013365,0.997393,-0.068034,0.091915,-0.051093,-0.071238,0.247680,-0.380452,0.011960,-0.143676,-0.067729,-0.176574,0.527407,-0.252568,0.000836,-0.145178,0.006008,0.107759,0.293445,-0.536241,1.016001,1.570800,0.000000,0.000000,0.432892,-0.244830,0.192162,1.038037,-0.076209,0.000000,0.000000
-0.869644,2.836171,0.854224,0.019074,-0.012435,0.996988,-0.074144,0.099405,-0.049735,-0.079931,0.244713,-0.382061,0.013577,-0.151531,-0.063841,-0.182270,0.475820,-0.244389,0.002409,-0.153046,0.006352,0.091007,0.295745,-0.534965,0.994238,1.570800,0.000000,0.000000,0.437407,-0.240430,0.186447,1.044910,-0.068525,0.000000,0.000000
-0.880096,2.836653,0.853343,0.018223,-0.011918,0.996551,-0.080073,0.107471,-0.047006,-0.087137,0.241429,-0.384026,0.015313,-0.158650,-0.058561,-0.187712,0.419513,-0.237625,0.004017,-0.160173,0.006689,0.073194,0.300034,-0.535070,0.972066,1.570800,0.000000,0.000000,0.443016,-0.236620,0.181352,1.050387,-0.066706,0.000000,0.000000
-0.890860,2.836882,0.855888,0.017444,-0.011303,0.996107,-0.085671,0.115829,-0.044467,-0.092744,0.238594,-0.384882,0.016772,-0.164628,-0.054078,-0.192514,0.363901,-0.230757,0.005126,-0.166353,0.006993,0.056277,0.304518,-0.538147,0.954295,1.570800,0.000000,0.000000,0.449250,-0.234677,0.177755,1.054757,-0.082052,0.000000,0.000000
-0.901006,2.837068,0.858812,0.016230,-0.010071,0.995616,-0.091559,0.122066,-0.043186,-0.098388,0.240630,-0.386182,0.017945,-0.170872,-0.050799,-0.198322,0.305541,-0.217535,0.005956,-0.173409,0.007299,0.038647,0.308401,-0.543361,0.937720,1.570800,0.000000,0.000000,0.454285,-0.232000,0.169529,1.056518,-0.082202,0.000000,0.000000
-0.910390,2.837006,0.860290,0.014475,-0.008325,0.995128,-0.097163,0.125878,-0.043766,-0.103530,0.246803,-0.392172,0.018580,-0.177859,-0.048649,-0.207805,0.244416,-0.201268,0.006919,-0.180482,0.007589,0.019405,0.310615,-0.547216,0.920549,1.570800,0.000000,0.000000,0.457250,-0.231104,0.163409,1.058411,-0.080079,0.000000,0.000000
-0.919819,2.836814,0.859997,0.012384,-0.006535,0.994652,-0.102331,0.128987,-0.044831,-0.108408,0.253194,-0.399933,0.019057,-0.184857,-0.047443,-0.215336,0.181069,-0.185504,0.007120,-0.188067,0.007923,-0.000137,0.310407,-0.547157,0.904277,1.570800,0.000000,0.000000,0.458881,-0.230006,0.158559,1.061756,-0.079671,0.000000,0.000000
-0.929606,2.836665,0.858028,0.010065,-0.004568,0.994122,-0.107696,0.131782,-0.046066,-0.114761,0.259336,-0.406268,0.019725,-0.191330,-0.047072,-0.220784,0.117739,-0.169024,0.006705,-0.195534,0.008266,-0.019601,0.309155,-0.546498,0.889059,1.570800,0.000000,0.000000,0.460978,-0.228857,0.152177,1.064723,-0.083017,0.000000,0.000000
-0.939813,2.836502,0.854652,0.008104,-0.002379,0.993612,-0.112536,0.134962,-0.047443,-0.120135,0.266255,-0.411961,0.020229,-0.197021,-0.046748,-0.228477,0.058218,-0.152803,0.006553,-0.201159,0.008552,-0.038548,0.308496,-0.548621,0.875214,1.570800,0.000000,0.000000,0.463919,-0.227949,0.146072,1.066872,-0.086310,0.000000,0.000000
-0.950323,2.836465,0.849584,0.006681,-0.000390,0.993188,-0.116331,0.138921,-0.048425,-0.123669,0.274582,-0.419949,0.020564,-0.202086,-0.045727,-0.234850,-0.000646,-0.141017,0.006142,-0.205778,0.008854,-0.057319,0.308429,-0.550554,0.863791,1.570800,0.000000,0.000000,0.466312,-0.227347,0.141323,1.070274,-0.087324,0.000000,0.000000
-0.961022,2.835981,0.848048,0.005391,0.001468,0.992732,-0.120213,0.142424,-0.049236,-0.125692,0.281771,-0.426234,0.020702,-0.206176,-0.045343,-0.241243,-0.017450,-0.136638,0.006048,-0.209505,0.009033,-0.072065,0.308890,-0.552041,0.854879,1.570800,0.000000,0.000000,0.468220,-0.227229,0.137766,1.072336,-0.088343,0.000000,0.000000
-0.971893,2.835021,0.848050,0.004017,0.003481,0.992242,-0.124204,0.147266,-0.051076,-0.129304,0.291781,-0.433988,0.020833,-0.212106,-0.045723,-0.252540,-0.017450,-0.130684,0.006528,-0.214228,0.009268,-0.091690,0.309960,-0.555116,0.840646,1.570800,0.000000,0.000000,0.471443,-0.227884,0.131762,1.072784,-0.091413,0.000000,0.000000
-0.983037,2.834366,0.848168,0.002736,0.005698,0.991862,-0.127162,0.151881,-0.053507,-0.134596,0.301465,-0.440619,0.021067,-0.217464,-0.046079,-0.260949,-0.017450,-0.123799,0.006970,-0.217422,0.009478,-0.108533,0.311336,-0.558794,0.826271,1.570800,0.000000,0.000000,0.474754,-0.228776,0.125752,1.072219,-0.094294,0.000000,0.000000
-0.994307,2.833865,0.847892,0.002065,0.007674,0.991529,-0.129641,0.157322,-0.055750,-0.140936,0.313101,-0.448193,0.021542,-0.222556,-0.046826,-0.266187,-0.017450,-0.121293,0.007021,-0.219086,0.009674,-0.125034,0.313139,-0.562706,0.811076,1.570800,0.000000,0.000000,0.478740,-0.228659,0.120249,1.073434,-0.096963,0.000000,0.000000
-1.005588,2.833072,0.847204,0.001949,0.009244,0.991214,-0.131928,0.163560,-0.057234,-0.145509,0.326361,-0.456939,0.021969,-0.227277,-0.047828,-0.270636,-0.017450,-0.124647,0.006869,-0.219274,0.009818,-0.140297,0.315058,-0.566144,0.796865,1.570800,0.000000,0.000000,0.482871,-0.228267,0.116411,1.076275,-0.100602,0.000000,0.000000
-1.017125,2.832157,0.846464,0.002053,0.010651,0.991028,-0.133217,0.169854,-0.058863,-0.148451,0.339209,-0.465533,0.022085,-0.231825,-0.047096,-0.276823,-0.017450,-0.126951,0.007189,-0.218226,0.009873,-0.151510,0.315352,-0.567109,0.786590,1.570800,0.000000,0.000000,0.486790,-0.228460,0.113486,1.077234,-0.104278,0.000000,0.000000
-1.029158,2.831326,0.845815,0.002204,0.011977,0.990833,-0.134545,0.175824,-0.059947,-0.150883,0.351543,-0.472209,0.022267,-0.235871,-0.045468,-0.283775,-0.017450,-0.127713,0.007809,-0.217446,0.009883,-0.159735,0.314842,-0.566676,0.778433,1.570800,0.000000,0.000000,0.490665,-0.227866,0.108746,1.077359,-0.106102,0.000000,0.000000
-1.041519,2.830352,0.845002,0.002328,0.012895,0.990479,-0.137037,0.182834,-0.059572,-0.153751,0.366177,-0.476251,0.022940,-0.239758,-0.044841,-0.289421,-0.017450,-0.131800,0.008169,-0.217745,0.009963,-0.168378,0.315599,-0.567724,0.769353,1.570800,0.000000,0.000000,0.495061,-0.226021,0.101914,1.078005,-0.109398,0.000000,0.000000
-1.053975,2.829452,0.844298,0.002304,0.013442,0.990094,-0.139741,0.189147,-0.057779,-0.156608,0.379776,-0.477988,0.024009,-0.242762,-0.045203,-0.290797,-0.017450,-0.137657,0.007976,-0.218898,0.010048,-0.176022,0.316477,-0.568272,0.762137,1.570800,0.000000,0.000000,0.498401,-0.224024,0.096565,1.078451,-0.112621,0.000000,0.000000
-1.066523,2.828715,0.843277,0.002424,0.013534,0.989549,-0.143540,0.195362,-0.054463,-0.161998,0.393725,-0.479957,0.025921,-0.245948,-0.046090,-0.289587,-0.017450,-0.147385,0.007338,-0.220362,0.010109,-0.184250,0.317877,-0.569039,0.755556,1.570800,0.000000,0.000000,0.502033,-0.220843,0.090895,1.078347,-0.113689,0.000000,0.000000
-1.079167,2.827664,0.842268,0.002743,0.013495,0.988880,-0.148078,0.201169,-0.050569,-0.166557,0.406809,-0.480326,0.027909,-0.248635,-0.048964,-0.286135,-0.017450,-0.153365,0.006342,-0.222280,0.010190,-0.191791,0.319950,-0.570922,0.750014,1.570800,0.000000,0.000000,0.505219,-0.217679,0.086128,1.078349,-0.112369,0.000000,0.000000
-1.092083,2.826345,0.841043,0.003732,0.013239,0.988415,-0.151153,0.207283,-0.047948,-0.170170,0.420012,-0.477718,0.029430,-0.250957,-0.051652,-0.280263,-0.017450,-0.155899,0.005356,-0.223467,0.010207,-0.195972,0.321291,-0.570763,0.745771,1.570800,0.000000,0.000000,0.508771,-0.215202,0.083118,1.078441,-0.112887,0.000000,0.000000
-1.105250,2.824751,0.839875,0.004828,0.012894,0.988098,-0.153208,0.213152,-0.046689,-0.172820,0.432340,-0.473004,0.030429,-0.253357,-0.052823,-0.276182,-0.017450,-0.153453,0.004879,-0.223881,0.010199,-0.197569,0.322225,-0.568804,0.742810,1.570800,0.000000,0.000000,0.511590,-0.213422,0.081166,1.078975,-0.112913,0.000000,0.000000
-1.118781,2.823507,0.838864,0.006194,0.012693,0.987928,-0.154267,0.218482,-0.045480,-0.174947,0.443527,-0.466393,0.031334,-0.255423,-0.053298,-0.272755,-0.017450,-0.143666,0.004706,-0.223655,0.010189,-0.197959,0.322944,-0.566642,0.740844,1.570800,0.000000,0.000000,0.513248,-0.211686,0.080298,1.080882,-0.111915,0.000000,0.000000
-1.132316,2.822194,0.837548,0.008018,0.012022,0.987917,-0.154308,0.226232,-0.043329,-0.178065,0.460000,-0.453405,0.032812,-0.258190,-0.054819,-0.265369,-0.017450,-0.123730,0.004295,-0.222302,0.010117,-0.196978,0.323304,-0.563060,0.739869,1.570800,0.000000,0.000000,0.514571,-0.208680,0.080208,1.085622,-0.109423,0.000000,0.000000
-1.145742,2.820619,0.835660,0.010417,0.011069,0.988117,-0.152954,0.235873,-0.041449,-0.181807,0.480710,-0.432106,0.034424,-0.261723,-0.058475,-0.252239,-0.017450,-0.099991,0.003268,-0.219328,0.009994,-0.193640,0.324272,-0.559206,0.741664,1.570800,0.000000,0.000000,0.515809,-0.205388,0.082440,1.092334,-0.106994,0.000000,0.000000
-1.159064,2.819157,0.835173,0.013242,0.010344,0.988459,-0.150552,0.242722,-0.041762,-0.184274,0.504303,-0.408576,0.035109,-0.265040,-0.062554,-0.236596,-0.004527,-0.084677,0.001797,-0.215541,0.009758,-0.187031,0.323524,-0.553721,0.747210,1.570800,0.000000,0.000000,0.516448,-0.204168,0.086423,1.098812,-0.106237,0.000000,0.000000
-1.172621,2.817958,0.838228,0.016193,0.009863,0.988890,-0.147432,0.246377,-0.043642,-0.184824,0.536080,-0.384094,0.034925,-0.267910,-0.066208,-0.218935,0.036658,-0.078073,0.000319,-0.211546,0.009517,-0.175897,0.319528,-0.543799,0.755888,1.570800,0.000000,0.000000,0.515875,-0.204533,0.091780,1.107099,-0.105836,0.000000,0.000000
-1.186615,2.816959,0.841495,0.018923,0.009529,0.989248,-0.144704,0.246869,-0.044377,-0.179876,0.571391,-0.359812,0.034031,-0.269136,-0.068475,-0.203820,0.080274,-0.078518,-0.000787,-0.209355,0.009398,-0.164111,0.316223,-0.533679,0.765109,1.570800,0.000000,0.000000,0.513798,-0.205391,0.098408,1.116906,-0.104623,0.000000,0.000000
-1.200934,2.816002,0.844463,0.021623,0.008876,0.989573,-0.142122,0.244749,-0.043445,-0.170185,0.611396,-0.332877,0.032696,-0.268179,-0.068567,-0.192128,0.122289,-0.081133,-0.001233,-0.207912,0.009309,-0.151456,0.314081,-0.522993,0.774530,1.570800,0.000000,0.000000,0.509430,-0.206103,0.106714,1.127520,-0.103614,0.000000,0.000000
-1.215351,2.815021,0.846886,0.024347,0.008094,0.989966,-0.138958,0.240333,-0.041925,-0.159334,0.653973,-0.300837,0.031205,-0.264866,-0.067132,-0.183204,0.159003,-0.084182,-0.001323,-0.205852,0.009180,-0.137767,0.311783,-0.511684,0.784699,1.570800,0.000000,0.000000,0.503299,-0.207159,0.116543,1.138002,-0.103509,0.000000,0.000000
-1.228743,2.816152,0.848516,0.027728,0.005599,0.989929,-0.138710,0.231334,-0.024904,-0.120207,0.706626,-0.253252,0.029389,-0.258704,-0.054973,-0.178391,0.191059,-0.099105,0.001132,-0.212829,0.009279,-0.119345,0.327622,-0.505745,0.794363,1.522236,0.000000,0.000000,0.494865,-0.210896,0.139066,1.158040,-0.081384,0.000000,0.000000
-1.242398,2.815344,0.850200,0.029958,0.005599,0.990497,-0.134113,0.223926,-0.020950,-0.104377,0.750196,-0.203775,0.027482,-0.251742,-0.051908,-0.169761,0.214038,-0.109073,0.000714,-0.209686,0.009039,-0.105879,0.332662,-0.502026,0.803361,1.499337,0.000000,0.000000,0.485927,-0.212364,0.151917,1.168382,-0.070710,0.000000,0.000000
-1.255468,2.814252,0.851799,0.032315,0.006952,0.991095,-0.128986,0.215300,-0.021580,-0.091836,0.794487,-0.153082,0.024592,-0.243552,-0.052867,-0.158336,0.233794,-0.121925,-0.001037,-0.202556,0.008784,-0.094269,0.334431,-0.503524,0.813707,1.506323,0.000000,0.000000,0.477828,-0.214284,0.160292,1.175383,-0.066080,0.000000,0.000000
-1.268618,2.813311,0.853273,0.034875,0.008724,0.991666,-0.123716,0.205625,-0.023250,-0.080739,0.839110,-0.108136,0.021600,-0.234346,-0.054496,-0.148450,0.251893,-0.136793,-0.002732,-0.191011,0.008277,-0.082230,0.329685,-0.502829,0.825783,1.499121,0.000000,0.000000,0.470955,-0.216509,0.164709,1.180517,-0.062911,0.000000,0.000000
-1.281750,2.812986,0.854610,0.037698,0.010709,0.992049,-0.119597,0.194480,-0.022920,-0.069515,0.884198,-0.064414,0.019217,-0.224145,-0.056349,-0.140405,0.269233,-0.153184,-0.004248,-0.178848,0.007880,-0.070944,0.325254,-0.507514,0.839251,1.490623,0.000000,0.000000,0.466117,-0.218090,0.166420,1.182056,-0.055818,0.000000,0.000000
-1.294573,2.813383,0.855745,0.040627,0.012459,0.992232,-0.116919,0.182135,-0.019062,-0.056280,0.928645,-0.017922,0.017568,-0.213281,-0.057639,-0.134686,0.286143,-0.170465,-0.005330,-0.166404,0.007543,-0.061925,0.320628,-0.515347,0.854554,1.485610,0.000000,0.000000,0.462917,-0.218394,0.163761,1.178783,-0.044851,0.000000,0.000000
-1.307340,2.814642,0.856732,0.042841,0.013394,0.992378,-0.114763,0.169216,-0.012487,-0.044453,0.970072,0.030849,0.016947,-0.202295,-0.056520,-0.130504,0.300770,-0.187794,-0.005698,-0.153715,0.007160,-0.055825,0.317416,-0.521838,0.869973,1.489874,0.000000,0.000000,0.460325,-0.218271,0.160408,1.171438,-0.034196,0.000000,0.000000
-1.320469,2.816892,0.857642,0.044170,0.013540,0.992622,-0.112101,0.156581,-0.003010,-0.033769,1.004726,0.054829,0.017512,-0.191241,-0.052205,-0.127050,0.310071,-0.203843,-0.005287,-0.141929,0.006814,-0.051375,0.316670,-0.523517,0.883408,1.502810,0.000000,0.000000,0.457231,-0.218540,0.159514,1.161766,-0.028577,0.000000,0.000000
-1.333372,2.819166,0.858473,0.045864,0.013555,0.992990,-0.108095,0.144135,0.007245,-0.019877,1.035566,0.049383,0.018044,-0.178983,-0.046614,-0.122355,0.315304,-0.218029,-0.004828,-0.129707,0.006374,-0.044089,0.313541,-0.523596,0.898111,1.512191,0.000000,0.000000,0.453960,-0.218476,0.161557,1.150400,-0.023813,0.000000,0.000000
-1.346333,2.821625,0.859419,0.047279,0.013492,0.993536,-0.102316,0.131086,0.018497,-0.001798,1.065095,0.030825,0.018324,-0.165454,-0.039788,-0.114696,0.316859,-0.230649,-0.004598,-0.115729,0.005824,-0.032019,0.306810,-0.523105,0.915715,1.517961,0.000000,0.000000,0.449777,-0.218452,0.166340,1.137472,-0.015479,0.000000,0.000000
-1.359514,2.824017,0.860342,0.048689,0.013466,0.994132,-0.095649,0.118250,0.027825,0.014796,1.089817,0.004066,0.018362,-0.151548,-0.032705,-0.106842,0.316765,-0.240151,-0.004324,-0.100365,0.005273,-0.019045,0.301393,-0.520426,0.932779,1.527150,0.000000,0.000000,0.443918,-0.218542,0.172299,1.124862,-0.005549,0.000000,0.000000
-1.372942,2.826409,0.861144,0.050543,0.013605,0.994696,-0.088542,0.106471,0.034132,0.026556,1.108958,-0.023412,0.018316,-0.137679,-0.026009,-0.099223,0.316658,-0.245478,-0.004054,-0.085312,0.004742,-0.006346,0.298889,-0.516387,0.947500,1.538800,0.000000,0.000000,0.436520,-0.219622,0.179583,1.112188,0.002370,0.000000,0.000000
-1.386503,2.828412,0.861874,0.052714,0.013910,0.995262,-0.080507,0.096108,0.037890,0.036472,1.123378,-0.047181,0.017804,-0.123616,-0.020353,-0.089541,0.316816,-0.248627,-0.004312,-0.070171,0.004128,0.008612,0.296312,-0.512031,0.961805,1.544335,0.000000,0.000000,0.430592,-0.223219,0.189031,1.097656,0.008841,0.000000,0.000000
-1.400255,2.830373,0.862682,0.054371,0.014520,0.995754,-0.072846,0.086255,0.042183,0.048521,1.132089,-0.070857,0.017045,-0.109143,-0.015502,-0.077931,0.315984,-0.252743,-0.005038,-0.055035,0.003536,0.024756,0.292475,-0.506433,0.976999,1.548244,0.000000,0.000000,0.424911,-0.227268,0.198209,1.081513,0.014614,0.000000,0.000000
-1.414115,2.832512,0.863522,0.055622,0.015615,0.996173,-0.065594,0.076467,0.047194,0.062409,1.135051,-0.094583,0.016121,-0.094762,-0.011481,-0.066045,0.314282,-0.258965,-0.005984,-0.041155,0.003002,0.040372,0.289118,-0.499093,0.989078,1.555094,0.000000,0.000000,0.417330,-0.230236,0.206013,1.065103,0.018800,0.000000,0.000000
-1.427792,2.834355,0.864327,0.057042,0.017019,0.996517,-0.058396,0.066226,0.050512,0.075039,1.134452,-0.110398,0.014816,-0.080187,-0.008861,-0.053952,0.312222,-0.266111,-0.007281,-0.027305,0.002434,0.056904,0.284945,-0.493677,1.000854,1.563738,0.000000,0.000000,0.408635,-0.233306,0.214084,1.049997,0.019712,0.000000,0.000000
-1.441045,2.835620,0.864969,0.059117,0.018287,0.996784,-0.050919,0.056363,0.051025,0.085011,1.131826,-0.118744,0.013073,-0.065402,-0.007446,-0.042691,0.311217,-0.271501,-0.008720,-0.012813,0.001866,0.074641,0.281852,-0.491838,1.013021,1.570290,0.000000,0.000000,0.400328,-0.237526,0.222496,1.036079,0.023408,0.000000,0.000000
-1.454101,2.837162,0.865601,0.060617,0.019450,0.997031,-0.043309,0.046277,0.051236,0.094060,1.124357,-0.132353,0.011362,-0.050877,-0.005904,-0.031350,0.309043,-0.274949,-0.010141,0.001808,0.001325,0.090755,0.280843,-0.490271,1.026401,1.570800,0.000000,0.000000,0.390448,-0.243409,0.230997,1.018144,0.026758,0.000000,0.000000
-1.466773,2.838629,0.866261,0.061224,0.020533,0.997271,-0.035790,0.035857,0.051432,0.104024,1.111415,-0.149579,0.009419,-0.037658,-0.004660,-0.020440,0.304480,-0.278357,-0.011564,0.016019,0.000756,0.106482,0.279220,-0.487253,1.038590,1.570800,0.000000,0.000000,0.380207,-0.249307,0.238039,0.997890,0.030780,0.000000,0.000000
-1.479012,2.839816,0.866844,0.061578,0.021418,0.997449,-0.029054,0.024818,0.051062,0.112905,1.094842,-0.165523,0.007430,-0.025120,-0.003681,-0.012466,0.299017,-0.280900,-0.012583,0.030271,0.000174,0.121759,0.275664,-0.483565,1.052597,1.570800,0.000000,0.000000,0.370527,-0.254245,0.242967,0.978214,0.033152,0.000000,0.000000
-1.490809,2.840758,0.867337,0.061839,0.022262,0.997572,-0.023022,0.012914,0.049233,0.118075,1.075454,-0.179906,0.005658,-0.013196,-0.003166,-0.006393,0.293633,-0.283728,-0.013416,0.043308,-0.000369,0.136732,0.271861,-0.479676,1.066438,1.570800,0.000000,0.000000,0.361063,-0.258414,0.245459,0.957881,0.036505,0.000000,0.000000
-1.501964,2.841438,0.867743,0.062004,0.023106,0.997664,-0.016999,0.000303,0.045828,0.120878,1.052782,-0.194803,0.003839,-0.002254,-0.003261,-0.001833,0.288883,-0.286246,-0.014159,0.055699,-0.000890,0.150940,0.268384,-0.476187,1.080167,1.570800,0.000000,0.000000,0.350902,-0.263276,0.246286,0.937417,0.043082,0.000000,0.000000
-1.512600,2.841901,0.868062,0.061805,0.023908,0.997743,-0.010846,-0.012875,0.041746,0.124824,1.025934,-0.212655,0.001560,0.007572,-0.003982,0.002009,0.284848,-0.289054,-0.014940,0.068491,-0.001391,0.164315,0.264276,-0.473484,1.093863,1.570736,0.000000,0.000000,0.339927,-0.266100,0.249114,0.920517,0.055501,0.000000,0.000000
-1.522971,2.842549,0.868276,0.061316,0.024635,0.997805,-0.004394,-0.025780,0.038544,0.130947,0.995645,-0.226841,-0.000889,0.016121,-0.004540,0.006406,0.281461,-0.292686,-0.015763,0.080846,-0.001881,0.177405,0.259900,-0.470896,1.106977,1.570608,0.000000,0.000000,0.328522,-0.265683,0.255524,0.907991,0.067394,0.000000,0.000000
-1.533073,2.843053,0.868406,0.060500,0.025027,0.997853,0.001699,-0.038948,0.035509,0.135473,0.960486,-0.233759,-0.002930,0.023716,-0.004612,0.012041,0.277634,-0.296754,-0.016652,0.092863,-0.002442,0.190171,0.257828,-0.468850,1.118088,1.570504,0.000000,0.000000,0.316975,-0.269051,0.258193,0.890014,0.063929,0.000000,0.000000
-1.542727,2.843348,0.868408,0.059566,0.024782,0.997893,0.006901,-0.052484,0.033340,0.137117,0.921598,-0.235045,-0.004056,0.030687,-0.003823,0.017709,0.273552,-0.298250,-0.017344,0.102791,-0.002972,0.201425,0.257166,-0.464489,1.129035,1.570423,0.000000,0.000000,0.302837,-0.282916,0.251901,0.860588,0.046749,0.000000,0.000000
-1.552309,2.843816,0.868362,0.058492,0.024656,0.997913,0.011832,-0.065438,0.032132,0.139645,0.879293,-0.237759,-0.005002,0.037392,-0.003328,0.021698,0.269994,-0.297327,-0.017869,0.112258,-0.003356,0.212317,0.254793,-0.460675,1.141050,1.570336,0.000000,0.000000,0.289163,-0.292184,0.254529,0.835064,0.023665,0.000000,0.000000
-1.562017,2.844112,0.868239,0.057091,0.024485,0.997933,0.016468,-0.077819,0.030845,0.141737,0.833060,-0.241008,-0.005784,0.043913,-0.003296,0.023706,0.266567,-0.296045,-0.018196,0.120986,-0.003718,0.223060,0.252556,-0.456558,1.151221,1.570258,0.000000,0.000000,0.275192,-0.299876,0.256728,0.808462,0.010392,0.000000,0.000000
-1.572138,2.844527,0.868080,0.055570,0.024382,0.997923,0.021624,-0.088989,0.030160,0.146012,0.783046,-0.243317,-0.006730,0.050764,-0.003858,0.024593,0.262644,-0.297883,-0.018484,0.129915,-0.004060,0.234189,0.249774,-0.451369,1.161047,1.570186,0.000000,0.000000,0.261250,-0.302179,0.254300,0.785578,0.034043,0.000000,0.000000
-1.582611,2.844890,0.867874,0.053935,0.024199,0.997897,0.026579,-0.099005,0.029752,0.151815,0.729164,-0.246185,-0.007762,0.058299,-0.004633,0.025422,0.257590,-0.302818,-0.018785,0.139635,-0.004524,0.245177,0.247501,-0.449260,1.169847,1.570098,0.000000,0.000000,0.247341,-0.303832,0.256432,0.768123,0.037231,0.000000,0.000000
-1.593325,2.845247,0.867549,0.051795,0.023566,0.997900,0.030958,-0.108345,0.029776,0.157402,0.671790,-0.249472,-0.008450,0.065996,-0.003984,0.030579,0.251124,-0.306638,-0.019394,0.147747,-0.004934,0.254936,0.247063,-0.448775,1.177475,1.570043,0.000000,0.000000,0.234037,-0.306656,0.259223,0.749746,0.036826,0.000000,0.000000
-1.604123,2.845581,0.867037,0.049798,0.022623,0.997897,0.034789,-0.116756,0.030352,0.161498,0.612560,-0.248603,-0.008545,0.073927,-0.002364,0.038106,0.245429,-0.308055,-0.020158,0.154608,-0.005293,0.264009,0.246249,-0.446869,1.187285,1.569992,0.000000,0.000000,0.219992,-0.310310,0.262369,0.732209,0.046633,0.000000,0.000000
-1.614945,2.845901,0.866453,0.048018,0.021795,0.997862,0.038603,-0.123912,0.031084,0.166528,0.553184,-0.242690,-0.008714,0.081945,-0.001454,0.042071,0.240388,-0.308853,-0.020568,0.161039,-0.005641,0.272894,0.244906,-0.445920,1.197364,1.569947,0.000000,0.000000,0.205892,-0.313560,0.268265,0.717679,0.066289,0.000000,0.000000
-1.625678,2.846095,0.865852,0.046164,0.021203,0.997765,0.043400,-0.130340,0.031170,0.173131,0.490541,-0.238079,-0.009177,0.089743,-0.001915,0.042007,0.235494,-0.309465,-0.020697,0.167726,-0.006021,0.281709,0.243662,-0.443923,1.206667,1.569900,0.000000,0.000000,0.191242,-0.318409,0.277307,0.701667,0.086407,0.000000,0.000000
-1.636439,2.845947,0.865234,0.044112,0.020617,0.997657,0.048065,-0.136292,0.030291,0.179876,0.423959,-0.234913,-0.009638,0.097336,-0.003042,0.043499,0.229916,-0.312541,-0.021197,0.172909,-0.006367,0.291634,0.242224,-0.440893,1.213896,1.569853,0.000000,0.000000,0.175966,-0.325479,0.284975,0.682077,0.103241,0.000000,0.000000
-1.647434,2.845561,0.864537,0.041957,0.019864,0.997603,0.051313,-0.141400,0.029043,0.185534,0.358124,-0.230108,-0.009852,0.104909,-0.003890,0.047042,0.223704,-0.318916,-0.021912,0.176738,-0.006665,0.301520,0.241571,-0.440896,1.219665,1.569809,0.000000,0.000000,0.162549,-0.333132,0.291839,0.661846,0.120543,0.000000,0.000000
-1.658498,2.844962,0.863589,0.040167,0.019022,0.997529,0.054414,-0.145430,0.027533,0.189512,0.290850,-0.221991,-0.009689,0.112391,-0.004858,0.049713,0.220146,-0.327280,-0.022516,0.181151,-0.006964,0.310580,0.240554,-0.443093,1.226629,1.569767,0.000000,0.000000,0.149532,-0.341209,0.302890,0.643489,0.127444,0.000000,0.000000
-1.668809,2.844349,0.861921,0.038263,0.017621,0.997382,0.058783,-0.149226,0.027263,0.192923,0.222189,-0.212047,-0.009015,0.116646,-0.005597,0.049016,0.225670,-0.337670,-0.022569,0.186799,-0.007288,0.319398,0.239589,-0.442202,1.233464,1.569725,0.000000,0.000000,0.136194,-0.348453,0.316318,0.626585,0.121108,0.000000,0.000000
-1.679480,2.843626,0.859954,0.035891,0.016141,0.997211,0.063413,-0.152723,0.027065,0.195776,0.153205,-0.200982,-0.008157,0.120355,-0.006934,0.045860,0.232518,-0.347161,-0.022412,0.192222,-0.007572,0.328510,0.238914,-0.439112,1.238183,1.569703,0.000000,0.000000,0.122169,-0.353239,0.325099,0.611520,0.118288,0.000000,0.000000
-1.690145,2.842822,0.857915,0.033449,0.014671,0.997016,0.068007,-0.156158,0.026690,0.198205,0.087287,-0.190486,-0.007257,0.123686,-0.008231,0.045701,0.239189,-0.356279,-0.022700,0.197606,-0.007850,0.336961,0.239374,-0.435562,1.240882,1.569672,0.000000,0.000000,0.107745,-0.357663,0.330328,0.597563,0.118535,0.000000,0.000000
-1.700691,2.842448,0.855795,0.031378,0.013192,0.996772,0.072714,-0.159500,0.027760,0.199297,0.023716,-0.180483,-0.005847,0.127101,-0.008888,0.048322,0.246269,-0.366211,-0.023254,0.202449,-0.008143,0.345541,0.240529,-0.434216,1.243322,1.569655,0.000000,0.000000,0.093301,-0.362552,0.337511,0.582724,0.117340,0.000000,0.000000
-1.711326,2.842585,0.853861,0.029530,0.011790,0.996574,0.076354,-0.162211,0.029870,0.199526,-0.017450,-0.176154,-0.004595,0.130003,-0.008873,0.050128,0.252141,-0.375054,-0.023528,0.205034,-0.008304,0.352637,0.240997,-0.434676,1.245263,1.569633,0.000000,0.000000,0.082936,-0.365094,0.342237,0.571805,0.120117,0.000000,0.000000
-1.722235,2.842587,0.851385,0.028119,0.010619,0.996396,0.079322,-0.166122,0.032180,0.201461,-0.017450,-0.175920,-0.003610,0.134425,-0.009330,0.051895,0.261148,-0.388082,-0.023918,0.207613,-0.008448,0.361734,0.240534,-0.432702,1.248487,1.569607,0.000000,0.000000,0.069970,-0.366165,0.345084,0.558302,0.132966,0.000000,0.000000
-1.733555,2.841994,0.848701,0.026921,0.009421,0.996158,0.082796,-0.170259,0.033427,0.203414,-0.017450,-0.176602,-0.003129,0.139168,-0.010807,0.054009,0.270956,-0.401202,-0.024627,0.210438,-0.008737,0.371404,0.239071,-0.424123,1.251346,1.569590,0.000000,0.000000,0.059295,-0.369387,0.350245,0.546628,0.131067,0.000000,0.000000
-1.744993,2.841322,0.845944,0.025952,0.008464,0.995943,0.085744,-0.174582,0.033894,0.205199,-0.017450,-0.176073,-0.002898,0.144021,-0.012635,0.057224,0.281092,-0.413771,-0.025598,0.212083,-0.008914,0.381031,0.236999,-0.412614,1.253469,1.569572,0.000000,0.000000,0.048184,-0.372145,0.354127,0.537191,0.127518,0.000000,0.000000
-1.756618,2.840542,0.843241,0.025231,0.007782,0.995753,0.088195,-0.178438,0.033442,0.207071,-0.017450,-0.175336,-0.002904,0.148807,-0.014794,0.060304,0.291019,-0.425411,-0.026650,0.212278,-0.009008,0.389919,0.234483,-0.400977,1.255714,1.569550,0.000000,0.000000,0.037641,-0.375391,0.357014,0.529662,0.125367,0.000000,0.000000
-1.768537,2.839848,0.842163,0.024747,0.007196,0.995536,0.090792,-0.181861,0.032251,0.210514,-0.017450,-0.175109,-0.003200,0.153896,-0.017176,0.062124,0.301467,-0.436378,-0.027594,0.211740,-0.009055,0.398562,0.230838,-0.390304,1.259550,1.569523,0.000000,0.000000,0.028889,-0.377955,0.359854,0.525322,0.127285,0.000000,0.000000
-1.780557,2.839362,0.841536,0.024527,0.006735,0.995340,0.093008,-0.185723,0.029721,0.217644,-0.017450,-0.180960,-0.003967,0.160322,-0.019896,0.063164,0.314741,-0.447704,-0.028546,0.211685,-0.009063,0.407685,0.226168,-0.381314,1.265807,1.569479,0.000000,0.000000,0.019762,-0.379991,0.363297,0.522890,0.128176,0.000000,0.000000
-1.792599,2.839015,0.840595,0.024553,0.006385,0.995136,0.095184,-0.189346,0.026245,0.226719,-0.017450,-0.196395,-0.004860,0.166851,-0.022317,0.064620,0.328108,-0.456200,-0.029530,0.212035,-0.009128,0.415194,0.222692,-0.378320,1.271267,1.569441,0.000000,0.000000,0.011363,-0.381658,0.366951,0.519675,0.125370,0.000000,0.000000
-1.804883,2.838736,0.839927,0.024549,0.006158,0.994901,0.097629,-0.191955,0.025073,0.226408,-0.017450,-0.204269,-0.004783,0.172522,-0.024381,0.067954,0.339981,-0.461182,-0.030761,0.213550,-0.009165,0.421847,0.220748,-0.378967,1.274999,1.569406,0.000000,0.000000,0.006289,-0.383674,0.369372,0.520169,0.123314,0.000000,0.000000
-1.817324,2.838485,0.839600,0.024568,0.006061,0.994660,0.100053,-0.193565,0.025167,0.220948,-0.017450,-0.203442,-0.004304,0.176854,-0.025958,0.070404,0.348840,-0.462794,-0.031720,0.215207,-0.009141,0.426397,0.219006,-0.378294,1.277894,1.569388,0.000000,0.000000,0.004509,-0.383823,0.368950,0.522698,0.129647,0.000000,0.000000
-1.829713,2.838267,0.838926,0.024711,0.006322,0.994480,0.101783,-0.196060,0.024568,0.214775,-0.017450,-0.203975,-0.003813,0.183231,-0.028735,0.072027,0.361925,-0.463222,-0.033005,0.217243,-0.009176,0.431827,0.216027,-0.375262,1.282259,1.569366,0.000000,0.000000,0.001892,-0.384011,0.367985,0.525747,0.135258,0.000000,0.000000
-1.842202,2.837911,0.838066,0.024695,0.006964,0.994298,0.103500,-0.199026,0.022461,0.210826,-0.017450,-0.208934,-0.003660,0.189688,-0.033064,0.072042,0.376561,-0.461836,-0.034525,0.219193,-0.009257,0.436329,0.213071,-0.371968,1.286250,1.569346,0.000000,0.000000,-0.001640,-0.385316,0.367684,0.529970,0.127584,0.000000,0.000000
-1.854645,2.837418,0.837419,0.024519,0.007333,0.994121,0.105210,-0.201768,0.020729,0.205616,-0.017450,-0.212297,-0.003401,0.193545,-0.036705,0.072701,0.393020,-0.460123,-0.035947,0.220887,-0.009149,0.438486,0.211189,-0.369109,1.289638,1.569341,0.000000,0.000000,-0.001026,-0.383516,0.363454,0.536851,0.135855,0.000000,0.000000
-1.867183,2.836757,0.836774,0.024854,0.006976,0.994013,0.106167,-0.204472,0.019632,0.199118,-0.017450,-0.211980,-0.003004,0.196728,-0.038635,0.075202,0.412596,-0.457800,-0.037247,0.224471,-0.009420,0.439580,0.210771,-0.372191,1.294672,1.569333,0.000000,0.000000,-0.001288,-0.387145,0.365346,0.547219,0.113868,0.000000,0.000000
-1.879835,2.836341,0.836186,0.025515,0.006529,0.994000,0.106163,-0.206788,0.019207,0.192479,-0.017450,-0.206535,-0.002556,0.199244,-0.038994,0.078315,0.431928,-0.453240,-0.038228,0.227204,-0.009382,0.439111,0.210980,-0.375149,1.298522,1.569336,0.000000,0.000000,-0.000532,-0.385741,0.361349,0.556425,0.107177,0.000000,0.000000
-1.892304,2.835920,0.835736,0.026200,0.005912,0.994085,0.105231,-0.209666,0.020046,0.182680,-0.017450,-0.190016,-0.001771,0.201586,-0.038678,0.081645,0.458531,-0.443489,-0.039255,0.229350,-0.009230,0.438071,0.211704,-0.378633,1.303290,1.569336,0.000000,0.000000,0.003094,-0.381596,0.352237,0.567427,0.117644,0.000000,0.000000
-1.904424,2.835268,0.835477,0.026917,0.005516,0.994186,0.104115,-0.212345,0.021712,0.170779,-0.017450,-0.163259,-0.000852,0.202524,-0.038639,0.082739,0.489775,-0.427941,-0.040120,0.231294,-0.009306,0.436355,0.211890,-0.384386,1.309210,1.569341,0.000000,0.000000,0.007625,-0.380636,0.347917,0.581353,0.111443,0.000000,0.000000
-1.916564,2.834442,0.836424,0.027683,0.005506,0.994282,0.102987,-0.214037,0.023365,0.156285,-0.008672,-0.138429,0.000307,0.201714,-0.038875,0.083069,0.522688,-0.409876,-0.040918,0.231359,-0.009268,0.433442,0.210682,-0.390076,1.314681,1.569349,0.000000,0.000000,0.011185,-0.379466,0.344383,0.596288,0.100698,0.000000,0.000000
-1.929065,2.833545,0.839226,0.028736,0.005608,0.994460,0.100961,-0.215086,0.024399,0.140209,0.016676,-0.120276,0.001512,0.199777,-0.039461,0.080993,0.559260,-0.388132,-0.041391,0.229562,-0.009066,0.430212,0.209057,-0.395382,1.320146,1.569354,0.000000,0.000000,0.016557,-0.375615,0.339263,0.614517,0.094426,0.000000,0.000000
-1.941755,2.832890,0.842307,0.030541,0.005567,0.994704,0.097982,-0.215639,0.023916,0.129928,0.049477,-0.107932,0.001843,0.197262,-0.039898,0.075411,0.598488,-0.360581,-0.041119,0.225275,-0.008758,0.427121,0.206726,-0.400705,1.327217,1.569361,0.000000,0.000000,0.023804,-0.367557,0.332199,0.639301,0.093893,0.000000,0.000000
-1.954550,2.832483,0.845173,0.032865,0.005435,0.994964,0.094537,-0.215521,0.022174,0.126100,0.085693,-0.101496,0.001276,0.194101,-0.040356,0.066689,0.638987,-0.326428,-0.040134,0.219859,-0.008381,0.423048,0.204738,-0.404444,1.334371,1.569375,0.000000,0.000000,0.031039,-0.356398,0.320206,0.668365,0.094024,0.000000,0.000000
-1.967534,2.831885,0.847628,0.035320,0.005488,0.995185,0.091265,-0.214262,0.019873,0.120738,0.122236,-0.101073,0.000971,0.189801,-0.042323,0.055480,0.682157,-0.283938,-0.039008,0.214830,-0.008063,0.418658,0.202349,-0.407850,1.340397,1.569378,0.000000,0.000000,0.040218,-0.341451,0.299472,0.697181,0.094110,0.000000,0.000000
-1.980459,2.830972,0.849562,0.037934,0.005461,0.995372,0.088129,-0.211402,0.017844,0.109361,0.155576,-0.104751,0.001752,0.184560,-0.045694,0.042504,0.726214,-0.230312,-0.037788,0.211125,-0.007831,0.414106,0.200768,-0.415424,1.344695,1.569375,0.000000,0.000000,0.052394,-0.328179,0.282231,0.721049,0.096945,0.000000,0.000000
-1.993510,2.829764,0.851205,0.039966,0.005233,0.995611,0.084459,-0.207563,0.015551,0.095242,0.183775,-0.109455,0.003030,0.178587,-0.050515,0.026759,0.767080,-0.169867,-0.036250,0.206768,-0.007630,0.408369,0.200743,-0.423483,1.347027,1.569385,0.000000,0.000000,0.064908,-0.318319,0.268422,0.742625,0.094035,0.000000,0.000000
-2.006548,2.828797,0.852525,0.042268,0.004860,0.995902,0.079804,-0.202287,0.012746,0.082513,0.208628,-0.116315,0.004115,0.172281,-0.053275,0.014532,0.805790,-0.114667,-0.034523,0.200875,-0.007387,0.402670,0.202311,-0.431416,1.347484,1.569404,0.000000,0.000000,0.078348,-0.310273,0.259088,0.764653,0.088630,0.000000,0.000000
-2.019325,2.828214,0.853587,0.045150,0.004399,0.996096,0.075728,-0.195205,0.010495,0.070827,0.232366,-0.126316,0.005254,0.165075,-0.054559,0.006787,0.845892,-0.060627,-0.032966,0.193712,-0.007091,0.398182,0.204558,-0.437511,1.344949,1.569416,0.000000,0.000000,0.091259,-0.302234,0.256757,0.789620,0.082627,0.000000,0.000000
-2.031953,2.827409,0.854558,0.048031,0.003739,0.996173,0.072932,-0.186504,0.008552,0.060822,0.252838,-0.136364,0.006266,0.156537,-0.057025,0.000374,0.885820,-0.009481,-0.031826,0.185014,-0.006764,0.394302,0.205749,-0.440319,1.342053,1.569429,0.000000,0.000000,0.101115,-0.293144,0.259558,0.818312,0.081665,0.000000,0.000000
-2.044413,2.825961,0.855473,0.050943,0.002840,0.996217,0.070347,-0.176324,0.006201,0.052278,0.268651,-0.145567,0.007005,0.146826,-0.061272,-0.007318,0.925554,0.036543,-0.030863,0.174573,-0.006395,0.391374,0.206462,-0.440841,1.337447,1.569442,0.000000,0.000000,0.108623,-0.283715,0.263930,0.846559,0.089103,0.000000,0.000000
-2.056789,2.824043,0.856268,0.054018,0.002036,0.996271,0.067245,-0.165042,0.003383,0.042572,0.280616,-0.154340,0.007876,0.136933,-0.065900,-0.014891,0.963880,0.071743,-0.030030,0.163943,-0.006071,0.388164,0.207598,-0.442173,1.331303,1.569455,0.000000,0.000000,0.116877,-0.276699,0.270400,0.871963,0.086870,0.000000,0.000000
-2.069250,2.822056,0.857112,0.056689,0.001129,0.996359,0.063666,-0.153112,0.000788,0.033022,0.290651,-0.163251,0.008792,0.126686,-0.069656,-0.022054,1.000111,0.097138,-0.029042,0.153568,-0.005729,0.382901,0.209170,-0.442438,1.324673,1.569478,0.000000,0.000000,0.127131,-0.270622,0.275479,0.895858,0.082171,0.000000,0.000000
-2.081955,2.819605,0.858149,0.058037,-0.000440,0.996480,0.060491,-0.142114,-0.001226,0.026206,0.297468,-0.172627,0.009403,0.116108,-0.073462,-0.029833,1.029417,0.107146,-0.028221,0.146604,-0.005446,0.374648,0.212200,-0.442638,1.318244,1.569508,0.000000,0.000000,0.138368,-0.265169,0.275387,0.916307,0.079483,0.000000,0.000000
-2.094657,2.817075,0.858316,0.061125,0.001244,0.996459,0.057721,-0.128196,-0.008908,0.019965,0.304687,-0.184629,0.008568,0.106198,-0.085401,-0.041792,1.058297,0.103483,-0.029071,0.123129,-0.004760,0.376702,0.211314,-0.434201,1.301125,1.569508,0.000000,0.000000,0.142285,-0.256547,0.291039,0.949478,0.072384,0.000000,0.000000
-2.107193,2.814296,0.858779,0.064061,0.001173,0.996501,0.053668,-0.114636,-0.014877,0.012930,0.310422,-0.192298,0.008297,0.097736,-0.094813,-0.054412,1.079787,0.092364,-0.029401,0.106162,-0.004182,0.373605,0.210890,-0.431983,1.290979,1.569520,0.000000,0.000000,0.149069,-0.249322,0.301313,0.978089,0.068105,0.000000,0.000000
-2.119759,2.811588,0.859363,0.066282,0.000962,0.996588,0.049183,-0.100799,-0.020453,0.006395,0.312740,-0.200483,0.008011,0.088978,-0.102806,-0.067094,1.095665,0.073728,-0.029516,0.090874,-0.003659,0.367130,0.211842,-0.434752,1.280778,1.569531,0.000000,0.000000,0.157550,-0.243062,0.306661,1.002609,0.062654,0.000000,0.000000
-2.132427,2.809031,0.860018,0.068111,0.000461,0.996661,0.045022,-0.086810,-0.025084,0.000406,0.312705,-0.209551,0.007845,0.079791,-0.109440,-0.078073,1.106434,0.050167,-0.029653,0.075818,-0.003135,0.359242,0.213332,-0.435918,1.269308,1.569571,0.000000,0.000000,0.166474,-0.237359,0.309708,1.023139,0.056530,0.000000,0.000000
-2.145189,2.806412,0.860607,0.070283,-0.000446,0.996812,0.037759,-0.073051,-0.029409,-0.009517,0.314162,-0.217626,0.008385,0.071548,-0.114409,-0.092437,1.113223,0.024522,-0.028842,0.060433,-0.002578,0.349848,0.217192,-0.440861,1.257633,1.569616,0.000000,0.000000,0.178111,-0.229531,0.307799,1.043302,0.044363,0.000000,0.000000
-2.157886,2.804080,0.860997,0.072738,-0.001283,0.996856,0.031406,-0.059618,-0.033156,-0.018318,0.317131,-0.225059,0.008859,0.063944,-0.118370,-0.105127,1.116118,-0.000125,-0.027987,0.045763,-0.002040,0.340727,0.222581,-0.447213,1.244348,1.569677,0.000000,0.000000,0.191215,-0.223569,0.305226,1.061699,0.043809,0.000000,0.000000
-2.170442,2.801976,0.861292,0.075091,-0.002240,0.996845,0.025636,-0.046440,-0.035978,-0.025015,0.320777,-0.232877,0.009203,0.056302,-0.121690,-0.117023,1.115717,-0.025785,-0.027038,0.032081,-0.001604,0.330987,0.228663,-0.452504,1.229531,1.569755,0.000000,0.000000,0.203755,-0.218856,0.304595,1.078206,0.035929,0.000000,0.000000
-2.182706,2.800017,0.861531,0.077288,-0.003332,0.996810,0.019646,-0.033722,-0.038071,-0.031538,0.324605,-0.239452,0.009701,0.048472,-0.124246,-0.129345,1.111956,-0.048429,-0.025692,0.019457,-0.001172,0.319652,0.234743,-0.459362,1.215351,1.569839,0.000000,0.000000,0.216731,-0.213796,0.302588,1.094181,0.020148,0.000000,0.000000
-2.194423,2.798607,0.861797,0.079035,-0.004419,0.996765,0.013908,-0.021633,-0.038992,-0.036746,0.326944,-0.244363,0.010275,0.040181,-0.125504,-0.142644,1.103307,-0.064741,-0.023649,0.007570,-0.000698,0.306767,0.241617,-0.467043,1.202293,1.569949,0.000000,0.000000,0.231007,-0.207757,0.297384,1.107835,0.006889,0.000000,0.000000
-2.205478,2.797416,0.862108,0.080386,-0.005456,0.996712,0.008528,-0.010063,-0.039252,-0.040156,0.327324,-0.247001,0.010719,0.031301,-0.125514,-0.155334,1.089771,-0.079672,-0.021235,-0.003729,-0.000302,0.291860,0.248931,-0.476381,1.188963,1.570069,0.000000,0.000000,0.243862,-0.203001,0.290288,1.118683,0.001968,0.000000,0.000000
-2.215737,2.794665,0.862441,0.082633,-0.005866,0.996554,0.004080,0.002773,-0.043478,-0.052005,0.323720,-0.237852,0.011553,0.021941,-0.128114,-0.163080,1.072557,-0.096709,-0.020451,-0.008731,-0.000142,0.259218,0.231530,-0.486113,1.200498,1.570040,0.000000,0.000000,0.256531,-0.196410,0.268755,1.117147,-0.038405,0.000000,0.000000
-2.225934,2.793787,0.862812,0.083061,-0.006515,0.996521,-0.001873,0.013146,-0.044465,-0.059913,0.320234,-0.240243,0.012559,0.011606,-0.126049,-0.171490,1.052036,-0.113246,-0.018029,-0.016720,0.000392,0.237935,0.232947,-0.495786,1.192670,1.570098,0.000000,0.000000,0.269601,-0.191925,0.257608,1.124505,-0.053687,0.000000,0.000000
-2.235393,2.793624,0.863117,0.083292,-0.007278,0.996471,-0.007418,0.021945,-0.043506,-0.065969,0.318154,-0.245133,0.013766,0.000604,-0.120972,-0.176744,1.027568,-0.124995,-0.015222,-0.026328,0.000868,0.221315,0.239111,-0.500507,1.177212,1.570220,0.000000,0.000000,0.281512,-0.187573,0.247079,1.131379,-0.045684,0.000000,0.000000
-2.244661,2.793036,0.863403,0.082418,-0.008116,0.996486,-0.012525,0.029352,-0.042269,-0.069400,0.315599,-0.248385,0.014611,-0.011645,-0.117554,-0.185636,0.997645,-0.146616,-0.012117,-0.036205,0.001252,0.203953,0.247078,-0.504207,1.159618,1.570387,0.000000,0.000000,0.292334,-0.183370,0.238288,1.137455,-0.037801,0.000000,0.000000
-2.253288,2.793199,0.863605,0.082098,-0.009001,0.996433,-0.017331,0.035863,-0.039989,-0.071589,0.314680,-0.251386,0.015540,-0.023737,-0.112106,-0.192066,0.965176,-0.162815,-0.008831,-0.044971,0.001588,0.185900,0.255684,-0.511911,1.144005,1.570555,0.000000,0.000000,0.302807,-0.180614,0.232867,1.144915,-0.041384,0.000000,0.000000
-2.262006,2.793299,0.863668,0.081598,-0.009604,0.996373,-0.022126,0.042128,-0.037906,-0.074131,0.314478,-0.256212,0.016470,-0.035923,-0.107195,-0.198587,0.928366,-0.177780,-0.005690,-0.054254,0.001947,0.167466,0.265926,-0.518561,1.125313,1.570769,0.000000,0.000000,0.312614,-0.178778,0.225715,1.151895,-0.046050,0.000000,0.000000
-2.270885,2.793213,0.863591,0.080970,-0.009859,0.996325,-0.026132,0.048263,-0.036637,-0.077421,0.314443,-0.261678,0.017314,-0.047356,-0.103725,-0.203220,0.887888,-0.190189,-0.003440,-0.062201,0.002259,0.148672,0.275082,-0.522626,1.105463,1.570800,0.000000,0.000000,0.321488,-0.177320,0.219797,1.157045,-0.049531,0.000000,0.000000
-2.280062,2.793257,0.863466,0.079729,-0.009872,0.996333,-0.029436,0.054059,-0.035527,-0.081324,0.313487,-0.266379,0.018220,-0.058077,-0.100876,-0.207411,0.844301,-0.198341,-0.001547,-0.068591,0.002512,0.129650,0.283620,-0.524840,1.085563,1.570800,0.000000,0.000000,0.329994,-0.176186,0.213071,1.160377,-0.055307,0.000000,0.000000
-2.289374,2.793378,0.863332,0.078322,-0.009966,0.996335,-0.032913,0.059905,-0.034126,-0.085374,0.312188,-0.269288,0.019236,-0.068173,-0.097946,-0.215322,0.797576,-0.203140,0.001056,-0.075159,0.002797,0.110977,0.292055,-0.526958,1.065241,1.570800,0.000000,0.000000,0.338713,-0.174654,0.205549,1.162530,-0.056774,0.000000,0.000000
-2.298715,2.793894,0.863163,0.077099,-0.009986,0.996291,-0.036870,0.066025,-0.032327,-0.089329,0.310842,-0.271700,0.020350,-0.077400,-0.093553,-0.222522,0.748813,-0.203669,0.003817,-0.083014,0.003158,0.093539,0.301305,-0.530812,1.044561,1.570800,0.000000,0.000000,0.347614,-0.173486,0.198480,1.163925,-0.054735,0.000000,0.000000
-2.308121,2.794202,0.862924,0.075661,-0.009596,0.996293,-0.039804,0.072620,-0.031452,-0.092564,0.307861,-0.274076,0.021091,-0.085812,-0.090039,-0.229182,0.696314,-0.201517,0.006032,-0.089796,0.003396,0.076487,0.307720,-0.532889,1.025583,1.570800,0.000000,0.000000,0.356298,-0.173280,0.191998,1.164691,-0.056408,0.000000,0.000000
-2.317499,2.794775,0.862693,0.073853,-0.009178,0.996304,-0.042893,0.079021,-0.030129,-0.094576,0.303772,-0.277412,0.021741,-0.093271,-0.085851,-0.233118,0.638570,-0.201194,0.007672,-0.095523,0.003668,0.058525,0.313177,-0.534654,1.007275,1.570800,0.000000,0.000000,0.363772,-0.173026,0.186764,1.165892,-0.057350,0.000000,0.000000
-2.326879,2.795429,0.862439,0.072129,-0.009071,0.996216,-0.047625,0.085048,-0.027759,-0.097035,0.300737,-0.282142,0.022738,-0.099520,-0.081008,-0.235282,0.578027,-0.199924,0.008934,-0.101015,0.003965,0.038290,0.318973,-0.539483,0.989808,1.570800,0.000000,0.000000,0.371220,-0.171248,0.178679,1.166552,-0.059649,0.000000,0.000000
-2.336426,2.795687,0.862134,0.070406,-0.008771,0.996112,-0.052214,0.091650,-0.025866,-0.099632,0.296677,-0.287264,0.023621,-0.105319,-0.077988,-0.241020,0.517763,-0.192024,0.010237,-0.106726,0.004262,0.016575,0.325259,-0.546692,0.973184,1.570800,0.000000,0.000000,0.378685,-0.169409,0.169911,1.167242,-0.063132,0.000000,0.000000
-2.346396,2.796109,0.861846,0.068079,-0.008085,0.996119,-0.055196,0.098965,-0.024723,-0.102000,0.289124,-0.291564,0.024251,-0.111076,-0.075309,-0.246714,0.456600,-0.179768,0.011331,-0.112106,0.004508,-0.002014,0.328861,-0.548914,0.958225,1.570800,0.000000,0.000000,0.384627,-0.168858,0.164709,1.168697,-0.063985,0.000000,0.000000
-2.356839,2.796787,0.861491,0.065574,-0.007212,0.996186,-0.057108,0.107300,-0.023838,-0.103340,0.279781,-0.295358,0.024638,-0.116066,-0.071794,-0.249478,0.391490,-0.160438,0.011994,-0.116646,0.004693,-0.017298,0.328172,-0.544755,0.944324,1.570800,0.000000,0.000000,0.390157,-0.169014,0.161875,1.168434,-0.063514,0.000000,0.000000
-2.367513,2.797423,0.861005,0.063307,-0.006230,0.996276,-0.058203,0.116205,-0.023251,-0.102914,0.270511,-0.298708,0.024668,-0.119932,-0.068363,-0.252010,0.326998,-0.137113,0.012549,-0.119553,0.004885,-0.032131,0.328145,-0.540662,0.929791,1.570800,0.000000,0.000000,0.395507,-0.169235,0.157578,1.167026,-0.064336,0.000000,0.000000
-2.378263,2.798023,0.860317,0.060996,-0.004935,0.996362,-0.059307,0.125188,-0.023389,-0.103375,0.261747,-0.300243,0.024654,-0.123678,-0.065222,-0.258389,0.261880,-0.110993,0.013613,-0.121994,0.005098,-0.048188,0.330584,-0.537495,0.912267,1.570800,0.000000,0.000000,0.399759,-0.169747,0.151862,1.166643,-0.065346,0.000000,0.000000
-2.387897,2.798554,0.859074,0.059054,-0.003320,0.996354,-0.061480,0.131021,-0.024203,-0.105154,0.261289,-0.304439,0.024682,-0.128175,-0.062919,-0.267067,0.198846,-0.077773,0.014852,-0.125212,0.005288,-0.064439,0.331813,-0.535664,0.896103,1.570800,0.000000,0.000000,0.403784,-0.169133,0.147144,1.172249,-0.065598,0.000000,0.000000
-2.396757,2.799016,0.857342,0.057592,-0.001485,0.996478,-0.060930,0.135076,-0.026267,-0.103235,0.266789,-0.313438,0.023819,-0.133600,-0.060887,-0.271910,0.140516,-0.037515,0.015535,-0.127883,0.005447,-0.080041,0.332433,-0.533320,0.883177,1.570800,0.000000,0.000000,0.406977,-0.168921,0.147691,1.181770,-0.065288,0.000000,0.000000
-2.405652,2.799029,0.855414,0.055814,0.000362,0.996510,-0.062070,0.138643,-0.028611,-0.101976,0.273234,-0.323411,0.022977,-0.138853,-0.060064,-0.276387,0.082011,0.005428,0.015921,-0.130912,0.005659,-0.096882,0.333226,-0.532643,0.870003,1.570800,0.000000,0.000000,0.409218,-0.169612,0.144466,1.186015,-0.069887,0.000000,0.000000
-2.415037,2.798915,0.853552,0.053381,0.001834,0.996217,-0.068543,0.141363,-0.029096,-0.106919,0.279157,-0.335400,0.023598,-0.143038,-0.060051,-0.286003,0.024282,0.047121,0.016964,-0.134439,0.005885,-0.116313,0.333324,-0.538478,0.855681,1.570800,0.000000,0.000000,0.412809,-0.169162,0.132210,1.182828,-0.076203,0.000000,0.000000
-2.424479,2.799155,0.851647,0.051727,0.003572,0.996180,-0.070266,0.144376,-0.030681,-0.109305,0.285316,-0.344483,0.023557,-0.147392,-0.058324,-0.295788,-0.017450,0.081539,0.018569,-0.136340,0.005993,-0.130716,0.333245,-0.539946,0.844256,1.570800,0.000000,0.000000,0.416789,-0.170000,0.123970,1.178755,-0.081413,0.000000,0.000000
-2.434008,2.799624,0.850135,0.050412,0.005174,0.996159,-0.071405,0.146593,-0.031603,-0.110099,0.289686,-0.349910,0.023452,-0.150521,-0.056849,-0.301457,-0.017450,0.102129,0.019768,-0.137043,0.006021,-0.139100,0.333231,-0.539716,0.836848,1.570800,0.000000,0.000000,0.419270,-0.170755,0.119273,1.176138,-0.084985,0.000000,0.000000
-2.443635,2.800174,0.848544,0.049394,0.006632,0.996162,-0.071953,0.149167,-0.032319,-0.109901,0.294755,-0.356285,0.023258,-0.153962,-0.054868,-0.308307,-0.017450,0.123146,0.021417,-0.137070,0.006029,-0.147578,0.332949,-0.538438,0.828479,1.570800,0.000000,0.000000,0.421483,-0.171626,0.114315,1.173851,-0.089321,0.000000,0.000000
-2.453375,2.800823,0.846790,0.049177,0.009663,0.996221,-0.070937,0.151989,-0.033780,-0.108897,0.300112,-0.362620,0.022733,-0.156742,-0.053941,-0.312186,-0.017450,0.141729,0.022366,-0.135717,0.005976,-0.154833,0.331829,-0.537104,0.820772,1.570800,0.000000,0.000000,0.423783,-0.172666,0.109426,1.173154,-0.092457,0.000000,0.000000
-2.463322,2.801616,0.845666,0.049015,0.012350,0.996296,-0.069569,0.155592,-0.035784,-0.107340,0.306862,-0.370249,0.021978,-0.159690,-0.053211,-0.314619,-0.017450,0.161480,0.023086,-0.133022,0.005898,-0.162721,0.330450,-0.536156,0.812171,1.570800,0.000000,0.000000,0.426645,-0.173228,0.103617,1.175672,-0.093828,0.000000,0.000000
-2.473524,2.802328,0.845758,0.048850,0.014545,0.996328,-0.068788,0.159732,-0.037866,-0.105617,0.314691,-0.379020,0.021177,-0.162683,-0.052583,-0.315960,-0.017450,0.180831,0.023665,-0.129637,0.005842,-0.170916,0.329248,-0.535418,0.802612,1.570800,0.000000,0.000000,0.429508,-0.172954,0.097322,1.180903,-0.093972,0.000000,0.000000
-2.484005,2.802500,0.845493,0.048690,0.016175,0.996306,-0.068865,0.165513,-0.040411,-0.103625,0.325819,-0.390344,0.020204,-0.166516,-0.052060,-0.316848,-0.017450,0.203258,0.024306,-0.125548,0.005773,-0.181115,0.327304,-0.533719,0.790191,1.570800,0.000000,0.000000,0.432954,-0.173024,0.089023,1.186578,-0.094824,0.000000,0.000000
-2.494734,2.802314,0.845216,0.048794,0.017537,0.996340,-0.067960,0.170241,-0.042497,-0.102448,0.334948,-0.397939,0.019466,-0.169325,-0.051709,-0.316881,-0.017450,0.217949,0.024722,-0.122810,0.005723,-0.187962,0.325313,-0.531715,0.782080,1.570800,0.000000,0.000000,0.435413,-0.173850,0.082981,1.188517,-0.096184,0.000000,0.000000
-2.505605,2.802485,0.844407,0.049450,0.018975,0.996573,-0.063541,0.178337,-0.046849,-0.101560,0.350626,-0.408531,0.018144,-0.173797,-0.050359,-0.315225,-0.017450,0.237408,0.025380,-0.118623,0.005630,-0.196686,0.321454,-0.525214,0.772051,1.570800,0.000000,0.000000,0.439043,-0.176630,0.075497,1.189727,-0.099793,0.000000,0.000000
-2.516754,2.802466,0.843482,0.050186,0.020409,0.996617,-0.061798,0.186880,-0.051895,-0.103122,0.367605,-0.419816,0.016998,-0.178117,-0.049364,-0.313329,-0.017450,0.253401,0.026017,-0.115379,0.005603,-0.203914,0.317219,-0.516415,0.763085,1.570800,0.000000,0.000000,0.442278,-0.180533,0.068108,1.190583,-0.103461,0.000000,0.000000
-2.528168,2.802604,0.842491,0.051166,0.021693,0.996722,-0.058801,0.195615,-0.057113,-0.103915,0.385014,-0.428696,0.015691,-0.181985,-0.048213,-0.310866,-0.017450,0.264797,0.026614,-0.113554,0.005736,-0.209164,0.315336,-0.508912,0.755888,1.570800,0.000000,0.000000,0.444880,-0.185754,0.062003,1.190753,-0.106523,0.000000,0.000000
-2.539620,2.802486,0.841492,0.052099,0.022120,0.996757,-0.057202,0.204167,-0.060453,-0.100862,0.401986,-0.434218,0.014297,-0.184979,-0.046773,-0.308022,-0.017450,0.271560,0.027138,-0.112718,0.005932,-0.212850,0.314865,-0.504699,0.752637,1.570800,0.000000,0.000000,0.447244,-0.191010,0.056938,1.189939,-0.107576,0.000000,0.000000
-2.551237,2.802792,0.840731,0.053007,0.022141,0.996838,-0.054900,0.211742,-0.061613,-0.096545,0.417050,-0.437433,0.013283,-0.186644,-0.044338,-0.304354,-0.017450,0.275196,0.027633,-0.111113,0.006046,-0.213640,0.313089,-0.499005,0.752241,1.570800,0.000000,0.000000,0.448871,-0.194506,0.053346,1.189426,-0.108162,0.000000,0.000000
-2.562731,2.803457,0.839934,0.054187,0.022219,0.997050,-0.049609,0.220622,-0.062846,-0.090392,0.434595,-0.438567,0.011868,-0.188124,-0.039808,-0.298168,-0.017450,0.275757,0.028176,-0.106826,0.006032,-0.210393,0.309145,-0.484014,0.752687,1.570800,0.000000,0.000000,0.449433,-0.197244,0.050793,1.189668,-0.111512,0.000000,0.000000
-2.574218,2.803633,0.839923,0.053734,0.020651,0.996958,-0.052544,0.224189,-0.059786,-0.089394,0.451568,-0.438103,0.012571,-0.187584,-0.037090,-0.294901,-0.017450,0.271093,0.028462,-0.107035,0.006149,-0.208648,0.308487,-0.476818,0.752164,1.570800,0.000000,0.000000,0.448552,-0.195661,0.046367,1.190083,-0.110834,0.000000,0.000000
-2.585455,2.803668,0.839873,0.053337,0.018557,0.996970,-0.053486,0.225284,-0.056224,-0.091458,0.479134,-0.434015,0.013942,-0.186704,-0.032682,-0.289894,-0.017450,0.251886,0.028489,-0.110747,0.006356,-0.205826,0.310840,-0.470935,0.754824,1.570800,0.000000,0.000000,0.445681,-0.193047,0.044224,1.190855,-0.109795,0.000000,0.000000
-2.596669,2.803365,0.839797,0.052909,0.016361,0.996984,-0.054375,0.224096,-0.053273,-0.093964,0.508241,-0.428369,0.015271,-0.185686,-0.028419,-0.285307,-0.017450,0.223760,0.028135,-0.115267,0.006426,-0.203761,0.313179,-0.462550,0.761000,1.570800,0.000000,0.000000,0.441835,-0.190650,0.041960,1.191286,-0.111778,0.000000,0.000000
-2.607522,2.802296,0.839499,0.052970,0.014563,0.996917,-0.056030,0.221599,-0.051193,-0.095083,0.537211,-0.422876,0.016142,-0.184689,-0.026559,-0.283609,-0.017450,0.196016,0.027616,-0.119036,0.006454,-0.201940,0.316462,-0.449057,0.765693,1.570800,0.000000,0.000000,0.438558,-0.188248,0.036073,1.191456,-0.114532,0.000000,0.000000
-2.618799,2.801441,0.840629,0.052785,0.013402,0.996850,-0.057662,0.217965,-0.050234,-0.098161,0.568026,-0.416371,0.017026,-0.183770,-0.025382,-0.282659,-0.007220,0.172364,0.027254,-0.123065,0.006448,-0.195076,0.311634,-0.447240,0.762665,1.570800,0.000000,0.000000,0.435632,-0.184837,0.032138,1.190074,-0.117926,0.000000,0.000000
-2.629913,2.800307,0.842941,0.054160,0.013444,0.996729,-0.058464,0.213484,-0.051618,-0.098905,0.608358,-0.404932,0.016806,-0.182092,-0.028641,-0.274435,0.017358,0.142672,0.024651,-0.125721,0.006450,-0.186718,0.305858,-0.443961,0.763825,1.570800,0.000000,0.000000,0.434116,-0.183430,0.026821,1.189072,-0.116679,0.000000,0.000000
-2.640883,2.799383,0.845573,0.057038,0.013934,0.996592,-0.057941,0.209065,-0.053588,-0.093342,0.654637,-0.388138,0.015220,-0.179924,-0.035922,-0.258314,0.052164,0.105577,0.019959,-0.127046,0.006497,-0.176837,0.299644,-0.438889,0.770167,1.570800,0.000000,0.000000,0.434612,-0.183623,0.024519,1.189361,-0.110895,0.000000,0.000000
-2.652054,2.799300,0.848058,0.059592,0.013805,0.996487,-0.057202,0.204019,-0.052850,-0.084131,0.700006,-0.367703,0.013739,-0.177858,-0.041286,-0.243054,0.088937,0.071132,0.016174,-0.127666,0.006540,-0.165916,0.294400,-0.434260,0.778418,1.570800,0.000000,0.000000,0.433883,-0.183307,0.023702,1.192705,-0.105417,0.000000,0.000000
-2.662889,2.799548,0.849981,0.062151,0.013917,0.996521,-0.053759,0.198328,-0.052176,-0.070706,0.744068,-0.340806,0.011381,-0.175175,-0.044492,-0.227344,0.120265,0.041212,0.012896,-0.125344,0.006463,-0.156085,0.289553,-0.430854,0.789749,1.570800,0.000000,0.000000,0.431481,-0.183184,0.024439,1.195429,-0.100825,0.000000,0.000000
-2.673842,2.800379,0.851585,0.064730,0.013885,0.996836,-0.043981,0.192875,-0.051479,-0.046968,0.786127,-0.307753,0.007011,-0.172084,-0.043565,-0.207139,0.148250,0.013676,0.009857,-0.118439,0.006189,-0.143329,0.286141,-0.420828,0.804034,1.570800,0.000000,0.000000,0.427070,-0.184830,0.031850,1.199189,-0.099985,0.000000,0.000000
-2.684392,2.799472,0.853105,0.066678,0.014574,0.996594,-0.046271,0.184399,-0.049311,-0.036333,0.827553,-0.268027,0.005584,-0.167360,-0.048148,-0.207009,0.172418,-0.011191,0.008838,-0.114370,0.006040,-0.134619,0.279020,-0.426063,0.818454,1.570800,0.000000,0.000000,0.424745,-0.183045,0.025622,1.202511,-0.099324,0.000000,0.000000
-2.694717,2.799476,0.854491,0.068758,0.015218,0.996613,-0.042454,0.175503,-0.049713,-0.025310,0.867969,-0.220542,0.003281,-0.162397,-0.050888,-0.202293,0.195753,-0.033408,0.007463,-0.109426,0.005865,-0.123695,0.272221,-0.427669,0.834492,1.570800,0.000000,0.000000,0.420516,-0.182855,0.025974,1.205497,-0.095955,0.000000,0.000000
-2.704909,2.799883,0.855674,0.070664,0.015435,0.996629,-0.038715,0.166166,-0.049390,-0.015580,0.905201,-0.174565,0.001509,-0.156867,-0.052690,-0.193960,0.216501,-0.049711,0.005727,-0.104022,0.005695,-0.112972,0.267225,-0.430043,0.850152,1.570800,0.000000,0.000000,0.415009,-0.182157,0.029786,1.208794,-0.090206,0.000000,0.000000
-2.715033,2.800888,0.856681,0.072640,0.015476,0.996596,-0.035790,0.156000,-0.046488,-0.006145,0.941277,-0.130010,0.000672,-0.150322,-0.053273,-0.186436,0.234576,-0.062665,0.004445,-0.099093,0.005507,-0.103835,0.261301,-0.434045,0.869766,1.570800,0.000000,0.000000,0.409997,-0.181315,0.031799,1.206835,-0.088244,0.000000,0.000000
-2.725290,2.802497,0.857458,0.074764,0.015250,0.996523,-0.033458,0.145657,-0.040386,0.003928,0.976297,-0.087199,0.000756,-0.142780,-0.051815,-0.180454,0.250065,-0.079740,0.003854,-0.094642,0.005304,-0.095654,0.252900,-0.440581,0.894101,1.570800,0.000000,0.000000,0.405732,-0.181047,0.032305,1.197243,-0.091728,0.000000,0.000000
-2.735816,2.804500,0.858158,0.076877,0.014965,0.996427,-0.031607,0.135435,-0.031056,0.015255,1.010475,-0.052359,0.001611,-0.134254,-0.049407,-0.174988,0.263391,-0.097742,0.003505,-0.089875,0.005155,-0.087379,0.245552,-0.449936,0.918074,1.570800,0.000000,0.000000,0.402559,-0.182722,0.034784,1.181792,-0.094750,0.000000,0.000000
-2.746257,2.805797,0.859026,0.079255,0.016425,0.996316,-0.028353,0.126462,-0.026985,0.023332,1.039756,-0.031934,0.001486,-0.125795,-0.050697,-0.174198,0.275700,-0.113161,0.003029,-0.085225,0.005012,-0.079865,0.242602,-0.459953,0.939555,1.570800,0.000000,0.000000,0.400137,-0.189439,0.039620,1.164432,-0.093704,0.000000,0.000000
-2.756077,2.807808,0.859743,0.081408,0.017002,0.996217,-0.025202,0.116884,-0.020434,0.033495,1.068054,-0.022893,0.001678,-0.116601,-0.050214,-0.169376,0.283439,-0.127536,0.002285,-0.079515,0.004859,-0.072345,0.237367,-0.471834,0.962781,1.570800,0.000000,0.000000,0.395810,-0.192465,0.041232,1.154975,-0.091445,0.000000,0.000000
-2.765386,2.810094,0.860504,0.083215,0.017522,0.996138,-0.021854,0.106513,-0.012719,0.045570,1.093790,-0.027094,0.001861,-0.106972,-0.048806,-0.163871,0.288394,-0.141390,0.001632,-0.072180,0.004669,-0.066506,0.230867,-0.488430,0.990020,1.570800,0.000000,0.000000,0.389147,-0.192545,0.040645,1.153050,-0.085542,0.000000,0.000000
-2.774916,2.812843,0.861177,0.085031,0.017769,0.996059,-0.017894,0.096465,-0.003335,0.058740,1.115806,-0.040659,0.002280,-0.097132,-0.046250,-0.159066,0.294024,-0.153665,0.001398,-0.063252,0.004409,-0.059382,0.223841,-0.503438,1.016641,1.570800,0.000000,0.000000,0.383143,-0.192199,0.041821,1.150642,-0.077023,0.000000,0.000000
-2.784721,2.815970,0.861759,0.087159,0.017769,0.995953,-0.012880,0.086956,0.007412,0.072555,1.134884,-0.055227,0.002909,-0.086608,-0.042372,-0.152436,0.300151,-0.163586,0.001194,-0.053434,0.004051,-0.049382,0.218697,-0.516605,1.041072,1.570800,0.000000,0.000000,0.377568,-0.194862,0.045257,1.155469,-0.067034,0.000000,0.000000
-2.794545,2.819399,0.862305,0.089353,0.017791,0.995821,-0.006274,0.078268,0.018075,0.087055,1.149350,-0.067985,0.003345,-0.076095,-0.037749,-0.143289,0.304352,-0.172613,0.000761,-0.043234,0.003699,-0.037383,0.217064,-0.528101,1.062412,1.570800,0.000000,0.000000,0.371008,-0.201767,0.050169,1.174000,-0.054247,0.000000,0.000000
-2.804113,2.823087,0.862974,0.091212,0.018177,0.995665,0.001395,0.069207,0.028923,0.103840,1.159122,-0.081668,0.003371,-0.065278,-0.033141,-0.132007,0.306951,-0.181989,-0.000056,-0.032108,0.003352,-0.023236,0.213000,-0.537973,1.079884,1.570800,0.000000,0.000000,0.362972,-0.193919,0.061891,1.123778,-0.064958,0.000000,0.000000
-2.813653,2.827746,0.863407,0.093076,0.017476,0.995410,0.013769,0.062280,0.043212,0.129408,1.164782,-0.093660,0.002784,-0.055470,-0.024790,-0.109739,0.307897,-0.189928,-0.001758,-0.017118,0.002712,-0.008983,0.213609,-0.544241,1.098348,1.570800,0.000000,0.000000,0.356984,-0.192609,0.071534,1.100808,-0.067427,0.000000,0.000000
-2.823011,2.830951,0.863901,0.095018,0.017539,0.995042,0.023551,0.055707,0.052402,0.148152,1.165023,-0.106965,0.001899,-0.045720,-0.019802,-0.093276,0.309027,-0.196399,-0.003302,-0.003165,0.002140,0.004443,0.211839,-0.551580,1.117241,1.570800,0.000000,0.000000,0.351546,-0.193779,0.078728,1.081578,-0.064008,0.000000,0.000000
-2.832110,2.833474,0.864312,0.097525,0.017663,0.994557,0.032150,0.049437,0.058586,0.161107,1.161454,-0.121983,0.001126,-0.035439,-0.016412,-0.078880,0.311156,-0.202430,-0.004883,0.009365,0.001578,0.016122,0.205584,-0.558453,1.143159,1.570691,0.000000,0.000000,0.345376,-0.195458,0.085751,1.061901,-0.062739,0.000000,0.000000
-2.841035,2.835747,0.864645,0.100595,0.017925,0.993903,0.041417,0.044001,0.062365,0.170515,1.154266,-0.136260,0.000278,-0.025152,-0.013888,-0.064355,0.314810,-0.207351,-0.006698,0.022192,0.001059,0.028809,0.198406,-0.561988,1.167917,1.570531,0.000000,0.000000,0.338755,-0.198501,0.094335,1.049847,-0.062775,0.000000,0.000000
-2.849807,2.837694,0.865124,0.100589,0.018349,0.993518,0.049681,0.035877,0.064087,0.177153,1.141098,-0.147486,-0.000756,-0.018305,-0.012122,-0.053579,0.317106,-0.212193,-0.008071,0.028839,0.000733,0.042311,0.196049,-0.558436,1.183315,1.570406,0.000000,0.000000,0.327546,-0.203365,0.104912,1.034060,-0.057309,0.000000,0.000000
-2.857705,2.839098,0.865373,0.101400,0.018684,0.993025,0.057191,0.027152,0.064334,0.180656,1.124656,-0.158755,-0.001686,-0.012052,-0.011432,-0.046535,0.321375,-0.215540,-0.009092,0.035082,0.000448,0.057189,0.194159,-0.556822,1.196534,1.570315,0.000000,0.000000,0.317612,-0.207807,0.113863,1.013769,-0.047989,0.000000,0.000000
-2.865186,2.839786,0.865716,0.101877,0.019295,0.992568,0.063697,0.017618,0.062137,0.181096,1.103508,-0.171028,-0.002801,-0.005943,-0.012654,-0.042217,0.324537,-0.218868,-0.010148,0.041933,0.000128,0.072077,0.192188,-0.558170,1.210956,1.570218,0.000000,0.000000,0.308693,-0.212148,0.117672,0.991532,-0.042301,0.000000,0.000000
-2.872373,2.840178,0.866206,0.101796,0.019886,0.992119,0.070306,0.007786,0.059154,0.180674,1.078443,-0.184904,-0.003981,-0.000452,-0.014491,-0.034333,0.324292,-0.225133,-0.011955,0.048372,-0.000208,0.085600,0.189242,-0.554442,1.226510,1.570135,0.000000,0.000000,0.299225,-0.216963,0.123126,0.969153,-0.039113,0.000000,0.000000
-2.879633,2.840857,0.866702,0.100313,0.020150,0.991715,0.077672,-0.002799,0.057587,0.181576,1.047777,-0.201292,-0.004996,0.003423,-0.015414,-0.024907,0.322493,-0.231252,-0.013765,0.052886,-0.000461,0.098634,0.188548,-0.539258,1.240819,1.570062,0.000000,0.000000,0.289273,-0.221154,0.126865,0.941911,-0.027359,0.000000,0.000000
-2.886345,2.841465,0.866914,0.100245,0.020336,0.991073,0.085514,-0.011597,0.056419,0.183014,1.014394,-0.217856,-0.005913,0.007108,-0.016127,-0.017456,0.324413,-0.235115,-0.015203,0.058724,-0.000819,0.111609,0.187271,-0.523091,1.254526,1.570010,0.000000,0.000000,0.279803,-0.227858,0.134997,0.921743,-0.035966,0.000000,0.000000
-2.893068,2.842139,0.867012,0.100142,0.020407,0.990452,0.092523,-0.019382,0.056184,0.184361,0.976928,-0.230175,-0.006435,0.010844,-0.016716,-0.010696,0.327558,-0.238565,-0.016500,0.064311,-0.001135,0.125249,0.186268,-0.508608,1.265654,1.569963,0.000000,0.000000,0.270266,-0.231813,0.137218,0.898876,-0.023274,0.000000,0.000000
-2.899598,2.843205,0.867165,0.099821,0.020674,0.989813,0.099391,-0.026872,0.057254,0.184429,0.934979,-0.236071,-0.006216,0.014515,-0.017271,-0.002204,0.329760,-0.242407,-0.018077,0.071829,-0.001452,0.132700,0.201550,-0.494988,1.282763,1.570022,0.000000,0.000000,0.261231,-0.237178,0.138761,0.873441,-0.017000,0.000000,0.000000
-2.906729,2.843725,0.867474,0.098655,0.020703,0.989202,0.106388,-0.033693,0.059024,0.184276,0.891236,-0.237767,-0.005663,0.018221,-0.017943,0.005342,0.328268,-0.245512,-0.019513,0.078894,-0.002077,0.151496,0.189134,-0.483114,1.275300,1.569912,0.000000,0.000000,0.253026,-0.237799,0.142379,0.844957,-0.019359,0.000000,0.000000
-2.913210,2.844549,0.867910,0.097914,0.020945,0.988546,0.112918,-0.040395,0.062659,0.188656,0.846073,-0.239498,-0.005435,0.022431,-0.018629,0.008768,0.324029,-0.248696,-0.020243,0.085396,-0.002287,0.160354,0.197547,-0.474439,1.284255,1.569927,0.000000,0.000000,0.245939,-0.241841,0.142329,0.818750,-0.013223,0.000000,0.000000
