0.000000,0.000000,0.862196,-0.146973,0.009964,0.942338,0.300498,0.120672,0.099830,0.360257,0.329773,-0.362161,-0.018661,-0.260856,-0.012541,0.291680,-0.017450,0.057233,-0.052294,0.068889,0.001886,-0.037362,0.694796,0.003786,-0.188565,0.625343,0.000000,0.000000,0.577407,-0.243329,0.136114,0.427331,0.005169,0.000000,0.000000
-0.000098,-0.031089,0.839409,-0.018674,-0.005058,0.991069,0.131938,0.236075,0.215774,0.212391,0.490154,-0.546386,0.037822,-0.353223,-0.071451,-0.227887,0.555265,-0.070591,0.016610,-0.292604,0.014128,0.137289,0.553933,-0.226345,-0.192052,1.370499,0.000000,0.000000,1.052254,-0.322354,0.070897,0.404417,0.114028,0.000000,0.000000
-0.023157,-0.020724,0.845165,-0.011754,0.010113,0.995140,0.097243,0.241713,0.261820,0.342527,0.516363,-0.549846,0.031741,-0.354350,-0.116686,-0.292982,0.524853,-0.109690,0.016358,-0.366774,0.015068,0.141722,0.525044,-0.239134,-0.203750,1.398356,0.000000,0.000000,1.087038,-0.330873,0.018477,0.388067,0.119033,0.000000,0.000000
-0.046077,-0.005445,0.852393,-0.020155,0.013666,0.993973,0.106889,0.242023,0.218490,0.186952,0.493807,-0.534481,0.042930,-0.358751,-0.108801,-0.301044,0.425513,-0.104094,0.016638,-0.366496,0.015434,0.135662,0.531171,-0.234841,-0.216888,1.410349,0.000000,0.000000,1.086451,-0.338584,-0.003178,0.369180,0.122253,0.000000,0.000000
-0.068195,0.008409,0.856238,-0.022281,0.019943,0.994675,0.098632,0.247622,0.213403,0.147842,0.486113,-0.527002,0.048416,-0.357399,-0.118488,-0.312432,0.347129,-0.085292,0.014026,-0.380341,0.015793,0.132560,0.533745,-0.247246,-0.223515,1.400177,0.000000,0.000000,1.086498,-0.333591,-0.024932,0.363403,0.130267,0.000000,0.000000
-0.089751,0.022968,0.857689,-0.023158,0.025064,0.994948,0.094410,0.252979,0.211804,0.115765,0.495167,-0.514208,0.054184,-0.353258,-0.125786,-0.318590,0.265923,-0.064671,0.011025,-0.389382,0.016331,0.127699,0.556058,-0.258321,-0.225577,1.441075,0.000000,0.000000,1.084894,-0.325129,-0.045402,0.360477,0.141026,0.000000,0.000000
-0.110434,0.038579,0.856975,-0.024679,0.027378,0.994688,0.096112,0.256613,0.207572,0.063673,0.519002,-0.503573,0.063034,-0.347190,-0.125511,-0.309825,0.188303,-0.041921,0.007502,-0.387568,0.015906,0.125693,0.551452,-0.275774,-0.226072,1.424384,0.000000,0.000000,1.075074,-0.312164,-0.066649,0.361585,0.165013,0.000000,0.000000
-0.132862,0.053620,0.855688,-0.031997,0.032522,0.992602,0.112516,0.251260,0.141133,-0.095848,0.556514,-0.497388,0.073440,-0.345670,-0.116546,-0.291442,0.094651,0.001570,0.004391,-0.355743,0.014808,0.125344,0.515360,-0.264099,-0.204863,1.383679,0.000000,0.000000,1.049578,-0.300682,-0.087126,0.364107,0.201733,0.000000,0.000000
-0.154156,0.067784,0.853859,-0.032060,0.036312,0.991736,0.118800,0.251092,0.122592,-0.121379,0.592967,-0.488023,0.074160,-0.341840,-0.113487,-0.298669,0.048287,0.022308,0.005191,-0.344922,0.014404,0.129523,0.497404,-0.272642,-0.180993,1.343068,0.000000,0.000000,1.035115,-0.299484,-0.102766,0.370917,0.219312,0.000000,0.000000
-0.175936,0.082201,0.852404,-0.030429,0.038532,0.991217,0.122789,0.248601,0.110379,-0.131196,0.636914,-0.478952,0.073507,-0.333354,-0.112469,-0.303228,0.014302,0.034077,0.005245,-0.335409,0.014380,0.132748,0.491264,-0.290114,-0.151958,1.319463,0.000000,0.000000,1.020237,-0.296766,-0.107135,0.378594,0.228837,0.000000,0.000000
-0.199331,0.098040,0.852336,-0.029465,0.039639,0.990098,0.131402,0.245086,0.093888,-0.143924,0.687411,-0.495597,0.071428,-0.323423,-0.106141,-0.297107,-0.007302,0.035717,0.004996,-0.325122,0.014176,0.138642,0.485730,-0.299625,-0.114888,1.300173,0.000000,0.000000,1.002161,-0.298499,-0.108093,0.385343,0.230235,0.000000,0.000000
-0.223704,0.109582,0.853944,-0.024490,0.039898,0.989591,0.136083,0.242018,0.074847,-0.145561,0.755202,-0.478202,0.066823,-0.312604,-0.107186,-0.297698,0.004062,0.027125,0.004773,-0.313166,0.013872,0.148205,0.482789,-0.311378,-0.072806,1.288087,0.000000,0.000000,0.987484,-0.303230,-0.113484,0.392699,0.225175,0.000000,0.000000
-0.245980,0.122875,0.857313,-0.019011,0.040643,0.989967,0.133986,0.232288,0.064709,-0.150451,0.819909,-0.464831,0.065067,-0.299600,-0.112800,-0.297156,0.033186,0.002839,0.003907,-0.305022,0.014078,0.150350,0.501644,-0.346391,-0.016016,1.356857,0.000000,0.000000,0.975450,-0.300932,-0.106470,0.399567,0.215524,0.000000,0.000000
-0.267782,0.138658,0.860799,-0.014451,0.040978,0.989736,0.136140,0.224051,0.068707,-0.137251,0.874227,-0.460643,0.064171,-0.287057,-0.111399,-0.301057,0.063686,-0.011413,0.005447,-0.292180,0.013366,0.154081,0.495573,-0.374679,0.034526,1.373602,0.000000,0.000000,0.958155,-0.299010,-0.102192,0.405881,0.212067,0.000000,0.000000
-0.289579,0.155561,0.864502,-0.011064,0.041102,0.988999,0.141663,0.213565,0.074473,-0.120286,0.933171,-0.457600,0.062890,-0.271867,-0.106499,-0.298589,0.092636,-0.020947,0.006936,-0.276779,0.012762,0.160069,0.489041,-0.399316,0.092188,1.389595,0.000000,0.000000,0.934520,-0.297404,-0.098924,0.417784,0.216386,0.000000,0.000000
-0.312429,0.170314,0.867539,-0.005688,0.041131,0.988081,0.148229,0.203283,0.071932,-0.105047,0.993726,-0.456700,0.059061,-0.254480,-0.105586,-0.293764,0.129882,-0.052943,0.006922,-0.256659,0.011985,0.169550,0.476665,-0.430295,0.152928,1.397184,0.000000,0.000000,0.912570,-0.295452,-0.088850,0.433301,0.210054,0.000000,0.000000
-0.334431,0.185677,0.869555,-0.000347,0.040270,0.987265,0.153901,0.191618,0.069730,-0.093166,1.052788,-0.471006,0.055931,-0.236060,-0.102505,-0.280691,0.169238,-0.110378,0.005643,-0.234383,0.011302,0.176895,0.466026,-0.454249,0.215661,1.410928,0.000000,0.000000,0.893019,-0.299669,-0.077245,0.442878,0.192791,0.000000,0.000000
-0.351976,0.196287,0.870326,0.002621,0.039939,0.986050,0.161565,0.171192,0.067960,-0.064995,1.141210,-0.173601,0.045786,-0.225310,-0.106040,-0.254379,0.223394,-0.199665,0.000511,-0.209944,0.010433,0.179568,0.438371,-0.478707,0.306392,1.451202,0.000000,0.000000,0.876287,-0.310688,-0.055039,0.418894,0.184340,0.000000,0.000000
-0.373951,0.212030,0.870016,0.006935,0.038910,0.984697,0.169737,0.160429,0.066074,-0.054353,1.183815,-0.152732,0.041900,-0.211726,-0.103409,-0.239757,0.264886,-0.261768,-0.001049,-0.191245,0.009814,0.194244,0.432983,-0.481296,0.358487,1.466977,0.000000,0.000000,0.859937,-0.323090,-0.063327,0.419510,0.190762,0.000000,0.000000
-0.395582,0.227367,0.868125,0.013274,0.036984,0.983212,0.178185,0.148259,0.064069,-0.042818,1.235954,-0.153115,0.038440,-0.196957,-0.100218,-0.225267,0.318914,-0.330414,-0.002402,-0.168803,0.009151,0.209475,0.431474,-0.487276,0.418975,1.477225,0.000000,0.000000,0.840990,-0.344150,-0.062530,0.419244,0.194074,0.000000,0.000000
-0.418655,0.241201,0.864606,0.019423,0.034956,0.982481,0.182023,0.134802,0.059309,-0.037802,1.282464,-0.162308,0.035658,-0.182665,-0.100614,-0.215165,0.381058,-0.396007,-0.003737,-0.149762,0.008396,0.238672,0.408594,-0.488281,0.470734,1.495240,0.000000,0.000000,0.821249,-0.347012,-0.050637,0.410035,0.186547,0.000000,0.000000
-0.440688,0.256326,0.859899,0.026009,0.033115,0.980937,0.189708,0.121346,0.051943,-0.035072,1.326581,-0.173031,0.032693,-0.167311,-0.098249,-0.188995,0.441606,-0.449592,-0.006650,-0.133522,0.007722,0.268220,0.390278,-0.480052,0.526108,1.516812,0.000000,0.000000,0.797286,-0.354359,-0.029174,0.412533,0.176380,0.000000,0.000000
-0.461698,0.273064,0.854271,0.032337,0.031261,0.979016,0.198757,0.107515,0.052488,-0.027029,1.368267,-0.175609,0.030974,-0.150739,-0.093044,-0.157080,0.496395,-0.498767,-0.009862,-0.118631,0.006996,0.298963,0.377764,-0.466247,0.579908,1.530276,0.000000,0.000000,0.767244,-0.370828,-0.008387,0.406460,0.158251,0.000000,0.000000
-0.483543,0.287235,0.848332,0.037899,0.030097,0.976689,0.209131,0.092315,0.044396,-0.013869,1.395627,-0.193501,0.026648,-0.134214,-0.091940,-0.139346,0.543594,-0.546791,-0.012048,-0.103091,0.006226,0.331416,0.369425,-0.454569,0.632839,1.532258,0.000000,0.000000,0.737021,-0.385525,0.017987,0.400170,0.150040,0.000000,0.000000
-0.501558,0.306226,0.842230,0.042762,0.026031,0.973259,0.224188,0.076460,0.053655,0.007231,1.421194,-0.205111,0.025616,-0.115270,-0.072298,-0.090632,0.578794,-0.586055,-0.014971,-0.086003,0.005234,0.368907,0.349514,-0.416632,0.681207,1.525006,0.000000,0.000000,0.701140,-0.399756,0.052383,0.396686,0.147997,0.000000,0.000000
-0.519551,0.323128,0.837846,0.047516,0.024574,0.970037,0.236997,0.059343,0.052014,0.022840,1.432060,-0.218608,0.022701,-0.093041,-0.059291,-0.049898,0.600294,-0.608048,-0.018334,-0.070128,0.004346,0.407600,0.335649,-0.384146,0.721396,1.520821,0.000000,0.000000,0.663630,-0.412546,0.082605,0.400075,0.141861,0.000000,0.000000
-0.538254,0.337113,0.839691,0.046663,0.026088,0.963307,0.263023,0.036844,0.039864,0.058295,1.425593,-0.223246,0.013441,-0.071511,-0.063560,-0.040399,0.576061,-0.612518,-0.020629,-0.023572,0.002437,0.444836,0.326628,-0.349722,0.748935,1.522038,0.000000,0.000000,0.610511,-0.423555,0.120179,0.403092,0.133751,0.000000,0.000000
-0.558086,0.353070,0.838494,0.049181,0.027378,0.959165,0.277190,0.018483,0.035315,0.081241,1.414460,-0.247790,0.008072,-0.046831,-0.068440,-0.035778,0.572861,-0.615145,-0.022599,0.007474,0.001120,0.482997,0.320708,-0.327703,0.760458,1.517772,0.000000,0.000000,0.579940,-0.399774,0.146207,0.401499,0.232065,0.000000,0.000000
-0.577230,0.370161,0.836125,0.051806,0.028359,0.955352,0.289507,0.000845,0.037248,0.099307,1.396985,-0.255876,0.005053,-0.022873,-0.069945,-0.030011,0.575027,-0.617795,-0.024136,0.038961,-0.000652,0.520756,0.321489,-0.313502,0.759752,1.512964,0.000000,0.000000,0.547159,-0.419233,0.153747,0.397537,0.185500,0.000000,0.000000
-0.595098,0.386762,0.833823,0.053494,0.030500,0.952286,0.298931,-0.019107,0.039009,0.113395,1.371847,-0.267257,0.002483,-0.002416,-0.072578,-0.027322,0.576476,-0.620277,-0.025461,0.064450,-0.001744,0.554603,0.323262,-0.297986,0.753697,1.508246,0.000000,0.000000,0.516361,-0.420598,0.147258,0.376179,0.164310,0.000000,0.000000
-0.612108,0.402549,0.832040,0.053648,0.032156,0.949347,0.307940,-0.043483,0.041463,0.128081,1.342216,-0.284498,-0.000307,0.017964,-0.075103,-0.024712,0.570269,-0.623041,-0.026686,0.089994,-0.002916,0.590957,0.328827,-0.284837,0.734299,1.506108,0.000000,0.000000,0.491110,-0.415352,0.131860,0.340130,0.167216,0.000000,0.000000
-0.627722,0.417472,0.830416,0.052618,0.034070,0.946677,0.316028,-0.070133,0.044639,0.144547,1.306094,-0.298395,-0.003513,0.034475,-0.077699,-0.021020,0.562954,-0.625375,-0.028025,0.113783,-0.004085,0.622983,0.337160,-0.272101,0.708998,1.506679,0.000000,0.000000,0.465876,-0.407003,0.108818,0.299747,0.174838,0.000000,0.000000
-0.643300,0.430026,0.828134,0.050346,0.035489,0.943840,0.324609,-0.098185,0.043712,0.165051,1.258979,-0.299337,-0.009023,0.046823,-0.081379,-0.012916,0.559226,-0.627039,-0.030306,0.139954,-0.005316,0.652386,0.343278,-0.258529,0.688295,1.510885,0.000000,0.000000,0.441516,-0.398786,0.093597,0.284749,0.146461,0.000000,0.000000
-0.657025,0.445430,0.825172,0.046881,0.036522,0.941605,0.331435,-0.126551,0.054928,0.181663,1.208325,-0.308781,-0.010129,0.057735,-0.078195,-0.001681,0.556141,-0.628478,-0.031442,0.165134,-0.006466,0.677471,0.353308,-0.247967,0.667790,1.510383,0.000000,0.000000,0.415109,-0.388175,0.084697,0.263203,0.122918,0.000000,0.000000
-0.672360,0.458449,0.821290,0.042562,0.036830,0.939687,0.337371,-0.154731,0.059512,0.195120,1.144942,-0.309174,-0.012524,0.067493,-0.075841,0.010568,0.555748,-0.629720,-0.032990,0.189006,-0.007593,0.700187,0.366141,-0.239090,0.645981,1.506556,0.000000,0.000000,0.386947,-0.372438,0.074263,0.220986,0.154527,0.000000,0.000000
-0.688326,0.471058,0.817096,0.037411,0.036505,0.938356,0.341696,-0.180636,0.063424,0.209138,1.069881,-0.307301,-0.014921,0.076661,-0.072755,0.020162,0.557049,-0.630944,-0.033980,0.209835,-0.008960,0.720181,0.378870,-0.226635,0.624112,1.502977,0.000000,0.000000,0.349152,-0.370174,0.053492,0.150060,0.168432,0.000000,0.000000
-0.705852,0.482983,0.819635,0.031868,0.036662,0.938151,0.342803,-0.204175,0.060711,0.206812,0.986597,-0.297890,-0.015050,0.087328,-0.071715,0.022183,0.550326,-0.605741,-0.034638,0.235621,-0.010363,0.733098,0.389162,-0.226722,0.607213,1.493131,0.000000,0.000000,0.327754,-0.369370,0.083844,0.109697,0.123692,0.000000,0.000000
-0.723756,0.496681,0.825626,0.025424,0.036864,0.937662,0.344652,-0.223169,0.060419,0.214992,0.894301,-0.282422,-0.016427,0.099106,-0.069802,0.024765,0.536496,-0.561645,-0.035408,0.251458,-0.011151,0.744916,0.392614,-0.214256,0.592583,1.486056,0.000000,0.000000,0.304972,-0.350538,0.091124,0.074623,0.097402,0.000000,0.000000
-0.742641,0.510151,0.834899,0.018752,0.036470,0.936455,0.348383,-0.238158,0.057882,0.225405,0.792275,-0.259917,-0.018332,0.111422,-0.069074,0.027420,0.518633,-0.503671,-0.036670,0.269560,-0.012082,0.757435,0.395466,-0.196502,0.578524,1.473003,0.000000,0.000000,0.289137,-0.341205,0.080921,0.038175,0.073227,0.000000,0.000000
-0.762348,0.523191,0.833728,0.011907,0.036100,0.935320,0.351755,-0.249482,0.052390,0.231830,0.683398,-0.231221,-0.019578,0.123470,-0.069569,0.028780,0.497938,-0.439831,-0.038046,0.289400,-0.012932,0.768686,0.399272,-0.184561,0.560449,1.464139,0.000000,0.000000,0.275134,-0.335109,0.070106,0.004195,0.052006,0.000000,0.000000
-0.782978,0.536564,0.833733,0.005261,0.036279,0.933785,0.355951,-0.255899,0.045733,0.235258,0.566667,-0.193644,-0.020005,0.136030,-0.072290,0.029101,0.474152,-0.364558,-0.039926,0.307612,-0.013471,0.782466,0.399410,-0.167038,0.540121,1.465499,0.000000,0.000000,0.263666,-0.316320,0.050763,-0.033538,0.078136,0.000000,0.000000
-0.803997,0.549317,0.844543,-0.000603,0.036645,0.931088,0.362950,-0.258413,0.039050,0.236484,0.449188,-0.151074,-0.019717,0.146539,-0.078890,0.029137,0.456133,-0.286408,-0.042912,0.325172,-0.014256,0.796881,0.393233,-0.146733,0.519809,1.464038,0.000000,0.000000,0.251725,-0.309011,0.045908,-0.070514,0.087389,0.000000,0.000000
-0.825976,0.562622,0.852205,-0.005583,0.036685,0.932054,0.360413,-0.259090,0.031042,0.221921,0.334256,-0.099881,-0.016959,0.160513,-0.081554,0.017937,0.436665,-0.202410,-0.042674,0.332692,-0.014489,0.809231,0.391997,-0.131982,0.498448,1.450637,0.000000,0.000000,0.246950,-0.291193,0.060396,-0.112545,0.146578,0.000000,0.000000
-0.847930,0.575779,0.855427,-0.009971,0.036500,0.933717,0.356007,-0.258969,0.023347,0.200271,0.225207,-0.039983,-0.013487,0.175130,-0.083431,0.000797,0.418407,-0.116089,-0.040930,0.333802,-0.015270,0.820218,0.394496,-0.118181,0.475253,1.442030,0.000000,0.000000,0.237314,-0.306584,0.056883,-0.160387,0.084774,0.000000,0.000000
-0.869612,0.589098,0.855087,-0.013496,0.035706,0.934804,0.353106,-0.257492,0.017423,0.182712,0.126066,0.020558,-0.010901,0.188362,-0.086189,-0.014940,0.406629,-0.031157,-0.039493,0.332443,-0.015318,0.832244,0.394623,-0.102072,0.455122,1.440625,0.000000,0.000000,0.232663,-0.314338,0.050251,-0.204766,0.048787,0.000000,0.000000
-0.891407,0.602465,0.852534,-0.017346,0.034915,0.934743,0.353179,-0.256282,0.014632,0.168077,0.042224,0.067847,-0.008397,0.198136,-0.088939,-0.016500,0.398608,0.017586,-0.040374,0.334163,-0.015431,0.840722,0.391219,-0.085439,0.438114,1.440921,0.000000,0.000000,0.230475,-0.322608,0.055687,-0.246849,0.043659,0.000000,0.000000
-0.913840,0.615591,0.849734,-0.019655,0.033963,0.934792,0.353022,-0.253550,0.012369,0.156312,-0.017450,0.103253,-0.006596,0.205363,-0.093247,-0.018915,0.402470,0.045055,-0.041494,0.335329,-0.015330,0.850921,0.386412,-0.067694,0.424667,1.447035,0.000000,0.000000,0.228768,-0.324664,0.053673,-0.261246,0.052556,0.000000,0.000000
-0.936259,0.628944,0.851051,-0.020899,0.032786,0.934432,0.354014,-0.251655,0.010219,0.149607,-0.017450,0.127789,-0.006007,0.211993,-0.098278,-0.023777,0.412824,0.065065,-0.042378,0.337629,-0.015484,0.859325,0.383000,-0.051556,0.412027,1.452744,0.000000,0.000000,0.225812,-0.332688,0.055137,-0.281193,0.053856,0.000000,0.000000
-0.957946,0.642814,0.851998,-0.021203,0.031775,0.934396,0.354182,-0.249042,0.007757,0.143871,-0.017450,0.148390,-0.005871,0.218323,-0.103032,-0.030693,0.432860,0.085620,-0.042774,0.338893,-0.015528,0.869345,0.380358,-0.033287,0.397020,1.457729,0.000000,0.000000,0.224618,-0.341269,0.057788,-0.302652,0.057120,0.000000,0.000000
-0.980461,0.656368,0.852856,-0.020824,0.030908,0.934251,0.354662,-0.245951,0.004811,0.139215,-0.017450,0.162918,-0.006033,0.222466,-0.107911,-0.033848,0.456168,0.093699,-0.043827,0.338457,-0.015528,0.878708,0.377195,-0.017251,0.382866,1.461558,0.000000,0.000000,0.225101,-0.348792,0.062404,-0.316956,0.061363,0.000000,0.000000
-1.002801,0.670034,0.853344,-0.019365,0.029722,0.935160,0.352444,-0.242236,-0.000986,0.139343,-0.017450,0.174583,-0.007555,0.226314,-0.113134,-0.038449,0.488892,0.093795,-0.044714,0.335882,-0.015441,0.888817,0.374503,-0.000075,0.366275,1.465316,0.000000,0.000000,0.226667,-0.356322,0.068576,-0.329890,0.067639,0.000000,0.000000
-1.025030,0.683923,0.853743,-0.017483,0.028534,0.935802,0.350934,-0.237184,-0.009689,0.142939,-0.017450,0.185070,-0.010270,0.230094,-0.120816,-0.046302,0.537088,0.087518,-0.045755,0.330669,-0.015249,0.901043,0.372449,0.021713,0.345335,1.470986,0.000000,0.000000,0.231231,-0.364468,0.076592,-0.343007,0.075128,0.000000,0.000000
-1.047633,0.697683,0.854012,-0.015508,0.027359,0.936511,0.349224,-0.231217,-0.019539,0.147115,-0.017450,0.191264,-0.013334,0.233191,-0.131932,-0.060150,0.592924,0.082619,-0.046713,0.323626,-0.014951,0.914802,0.373410,0.048829,0.331463,1.484792,0.000000,0.000000,0.240588,-0.369699,0.081229,-0.347316,0.078908,0.000000,0.000000
-1.070699,0.711271,0.854043,-0.012781,0.025923,0.937529,0.346705,-0.224621,-0.029591,0.150641,-0.017450,0.192792,-0.016358,0.234916,-0.140032,-0.066663,0.646840,0.073570,-0.047888,0.314732,-0.014656,0.921637,0.368884,0.068333,0.317724,1.481563,0.000000,0.000000,0.250952,-0.370373,0.088155,-0.342006,0.090061,0.000000,0.000000
-1.094140,0.724711,0.854288,-0.009817,0.024683,0.938295,0.344813,-0.216885,-0.038462,0.148608,-0.017450,0.194897,-0.018355,0.235680,-0.148429,-0.072273,0.699902,0.065094,-0.049226,0.305432,-0.014453,0.924173,0.363258,0.074593,0.298410,1.468583,0.000000,0.000000,0.261245,-0.372289,0.103494,-0.327407,0.105650,0.000000,0.000000
-1.117864,0.738359,0.854677,-0.006635,0.023958,0.939359,0.342033,-0.206851,-0.047249,0.137442,-0.017450,0.193207,-0.018885,0.235261,-0.156704,-0.075891,0.758834,0.054495,-0.050696,0.293197,-0.014032,0.925619,0.360316,0.082389,0.281587,1.457135,0.000000,0.000000,0.273303,-0.375176,0.118254,-0.301001,0.118390,0.000000,0.000000
-1.142106,0.751649,0.855111,-0.003136,0.023208,0.940844,0.338030,-0.195291,-0.056156,0.120440,-0.017450,0.189021,-0.018462,0.234043,-0.165693,-0.080869,0.816753,0.042362,-0.052053,0.279368,-0.013495,0.924073,0.361276,0.090373,0.270629,1.456416,0.000000,0.000000,0.284873,-0.376529,0.128656,-0.270282,0.129510,0.000000,0.000000
-1.165992,0.765044,0.855602,0.000536,0.022059,0.943858,0.329614,-0.182415,-0.065392,0.095259,-0.017450,0.187026,-0.016783,0.232036,-0.168997,-0.086534,0.876491,0.032780,-0.051421,0.261666,-0.012871,0.916500,0.365644,0.092751,0.263957,1.453832,0.000000,0.000000,0.297052,-0.375231,0.134164,-0.239922,0.141888,0.000000,0.000000
-1.189672,0.778791,0.856411,0.004379,0.021397,0.944432,0.327979,-0.166877,-0.071598,0.064848,-0.017450,0.178905,-0.013485,0.227561,-0.178960,-0.094346,0.936163,0.028726,-0.052113,0.247564,-0.012289,0.906707,0.368014,0.092885,0.258802,1.451207,0.000000,0.000000,0.314407,-0.369979,0.151948,-0.207740,0.174026,0.000000,0.000000
-1.212608,0.791914,0.857070,0.008051,0.019809,0.948898,0.314857,-0.152170,-0.077697,0.017841,-0.017450,0.140481,-0.007152,0.223696,-0.178524,-0.110384,0.992223,0.021229,-0.048579,0.229913,-0.011877,0.888711,0.382714,0.082127,0.253986,1.451627,0.000000,0.000000,0.335237,-0.374994,0.164418,-0.164973,0.169134,0.000000,0.000000
-1.234103,0.806171,0.858439,0.011026,0.019468,0.951046,0.308239,-0.138245,-0.083033,-0.008298,-0.003831,0.066593,-0.003882,0.216485,-0.180739,-0.121898,1.043796,0.000173,-0.046776,0.211236,-0.011222,0.870821,0.389129,0.080113,0.248681,1.454800,0.000000,0.000000,0.351794,-0.374692,0.168780,-0.124279,0.153826,0.000000,0.000000
-1.254420,0.820722,0.861151,0.013925,0.017798,0.952111,0.304916,-0.125998,-0.084738,-0.020263,0.042472,-0.015949,-0.002096,0.206118,-0.181153,-0.126731,1.093915,-0.021946,-0.045537,0.194554,-0.010630,0.856127,0.392087,0.083450,0.242451,1.461527,0.000000,0.000000,0.363867,-0.381292,0.178314,-0.082617,0.131151,0.000000,0.000000
-1.274957,0.835472,0.862788,0.016955,0.016518,0.951762,0.305922,-0.114728,-0.085627,-0.032570,0.092774,-0.097249,-0.000254,0.193341,-0.183839,-0.125136,1.142643,-0.042827,-0.045807,0.179822,-0.009867,0.842457,0.391961,0.088938,0.236516,1.468181,0.000000,0.000000,0.378082,-0.374919,0.186969,-0.039892,0.118802,0.000000,0.000000
-1.295111,0.850192,0.863337,0.020594,0.013273,0.954889,0.295950,-0.105738,-0.084602,-0.046761,0.152948,-0.175766,0.002127,0.182215,-0.173681,-0.130659,1.186275,-0.058272,-0.041564,0.157469,-0.008980,0.825375,0.403001,0.087235,0.228699,1.473476,0.000000,0.000000,0.397640,-0.365460,0.184996,0.000258,0.102913,0.000000,0.000000
-1.315391,0.864320,0.862199,0.025458,0.011509,0.957027,0.288651,-0.096665,-0.086959,-0.060490,0.212857,-0.244613,0.003558,0.171211,-0.168314,-0.134549,1.226913,-0.076804,-0.038910,0.138138,-0.008312,0.803912,0.415116,0.077476,0.223541,1.478044,0.000000,0.000000,0.416013,-0.364177,0.186907,0.043950,0.089245,0.000000,0.000000
-1.335550,0.877507,0.859848,0.030319,0.010067,0.959730,0.279101,-0.087011,-0.090925,-0.074249,0.271138,-0.304454,0.004586,0.159680,-0.166538,-0.145251,1.263499,-0.093942,-0.036308,0.117473,-0.007427,0.777571,0.427072,0.065979,0.224732,1.480902,0.000000,0.000000,0.436215,-0.359727,0.186135,0.092533,0.080561,0.000000,0.000000
-1.355356,0.890509,0.856665,0.034659,0.008878,0.962548,0.268739,-0.075596,-0.094292,-0.089777,0.324340,-0.355710,0.005966,0.146086,-0.163355,-0.155428,1.293732,-0.110542,-0.033434,0.094549,-0.006453,0.742944,0.435598,0.046196,0.226845,1.480850,0.000000,0.000000,0.456245,-0.351784,0.183714,0.145628,0.071195,0.000000,0.000000
-1.374901,0.903354,0.853211,0.038440,0.008038,0.965359,0.257951,-0.061725,-0.096534,-0.105674,0.366905,-0.398172,0.007630,0.130760,-0.159401,-0.164702,1.316885,-0.123948,-0.030466,0.071589,-0.005428,0.703520,0.444839,0.028400,0.230157,1.476350,0.000000,0.000000,0.474676,-0.346420,0.173953,0.197372,0.059490,0.000000,0.000000
-1.394500,0.915881,0.849859,0.041926,0.007596,0.967608,0.248836,-0.044885,-0.098485,-0.121432,0.397800,-0.432933,0.009329,0.113945,-0.157632,-0.171639,1.333330,-0.134065,-0.028384,0.050112,-0.004339,0.659636,0.453142,0.009701,0.237810,1.465141,0.000000,0.000000,0.492155,-0.344296,0.165831,0.247714,0.049943,0.000000,0.000000
-1.413866,0.928152,0.846875,0.044989,0.006933,0.970342,0.237411,-0.026280,-0.098726,-0.139512,0.419815,-0.462343,0.011753,0.095838,-0.154909,-0.181138,1.342557,-0.149052,-0.025660,0.028523,-0.003078,0.608175,0.466926,-0.019505,0.250404,1.457281,0.000000,0.000000,0.510864,-0.338911,0.161801,0.305680,0.041693,0.000000,0.000000
-1.432860,0.941056,0.844305,0.047820,0.005730,0.972108,0.229534,-0.007001,-0.096607,-0.154268,0.435289,-0.483844,0.014291,0.077531,-0.150025,-0.184772,1.341586,-0.162950,-0.023278,0.008659,-0.001924,0.560075,0.475643,-0.043692,0.259875,1.455973,0.000000,0.000000,0.527706,-0.334029,0.165692,0.362597,0.033779,0.000000,0.000000
-1.451152,0.954225,0.841590,0.050837,0.003649,0.973248,0.224034,0.012137,-0.091709,-0.163436,0.451073,-0.501968,0.016735,0.058786,-0.143764,-0.186076,1.332229,-0.175679,-0.020855,-0.010923,-0.000822,0.520377,0.483753,-0.058149,0.262049,1.451835,0.000000,0.000000,0.543743,-0.336792,0.147448,0.413727,0.027978,0.000000,0.000000
-1.469107,0.967774,0.838829,0.052218,0.001932,0.974111,0.219949,0.030776,-0.085299,-0.168561,0.462447,-0.516467,0.018995,0.037253,-0.137323,-0.187677,1.314953,-0.192209,-0.018199,-0.024516,0.000303,0.479161,0.489309,-0.078030,0.262703,1.452667,0.000000,0.000000,0.565577,-0.326036,0.159547,0.460452,0.058106,0.000000,0.000000
-1.486138,0.980985,0.835825,0.052657,0.000015,0.974557,0.217868,0.046233,-0.078103,-0.169047,0.474577,-0.527344,0.020837,0.014242,-0.129299,-0.185396,1.288078,-0.207240,-0.015678,-0.039074,0.001117,0.446487,0.491498,-0.084874,0.255368,1.455451,0.000000,0.000000,0.586454,-0.319901,0.165375,0.491092,0.083954,0.000000,0.000000
-1.502150,0.992315,0.834958,0.052092,-0.001392,0.974825,0.216796,0.059510,-0.072668,-0.167054,0.483592,-0.533810,0.021907,-0.012680,-0.125397,-0.185342,1.260175,-0.225219,-0.013725,-0.054035,0.001919,0.413780,0.487791,-0.083837,0.244542,1.452987,0.000000,0.000000,0.603182,-0.320806,0.164152,0.514728,0.098839,0.000000,0.000000
-1.517112,1.003076,0.836241,0.051410,-0.002194,0.975382,0.214433,0.070052,-0.068172,-0.166006,0.495880,-0.536013,0.022966,-0.040973,-0.122437,-0.189193,1.225215,-0.246105,-0.011155,-0.071729,0.002873,0.384206,0.480688,-0.079284,0.224358,1.448163,0.000000,0.000000,0.619725,-0.324327,0.160319,0.530305,0.106633,0.000000,0.000000
-1.531580,1.014179,0.839365,0.050361,-0.001918,0.976135,0.211234,0.078772,-0.064558,-0.167534,0.508720,-0.532584,0.024299,-0.068980,-0.120451,-0.197472,1.182656,-0.267391,-0.007892,-0.090556,0.003889,0.357612,0.474802,-0.077548,0.200344,1.443233,0.000000,0.000000,0.637367,-0.327698,0.155084,0.537853,0.109856,0.000000,0.000000
-1.546185,1.025680,0.844602,0.048672,-0.000345,0.977271,0.206330,0.086918,-0.061839,-0.171587,0.516913,-0.523464,0.025864,-0.095749,-0.119440,-0.206743,1.133748,-0.271719,-0.004670,-0.109831,0.004924,0.330784,0.470889,-0.081118,0.174059,1.435687,0.000000,0.000000,0.655424,-0.332655,0.147755,0.538706,0.109446,0.000000,0.000000
-1.560913,1.038157,0.851345,0.046302,0.001135,0.978901,0.199015,0.095188,-0.056491,-0.175809,0.520224,-0.508306,0.028221,-0.120820,-0.114569,-0.215752,1.075213,-0.259719,-0.000383,-0.129817,0.005991,0.302550,0.468095,-0.088968,0.145848,1.426976,0.000000,0.000000,0.674909,-0.336921,0.137943,0.533114,0.110034,0.000000,0.000000
-1.576694,1.050709,0.860605,0.044435,0.003544,0.980059,0.193641,0.104966,-0.053677,-0.179381,0.521306,-0.486957,0.029860,-0.142905,-0.112947,-0.222995,1.007570,-0.263689,0.002168,-0.145663,0.006925,0.277785,0.465019,-0.097144,0.117039,1.413923,0.000000,0.000000,0.695014,-0.342822,0.126220,0.526167,0.109273,0.000000,0.000000
-1.594077,1.063279,0.864855,0.042744,0.006097,0.980776,0.190301,0.116291,-0.053665,-0.181863,0.522029,-0.459405,0.030608,-0.161289,-0.112899,-0.226790,0.936697,-0.255566,0.003207,-0.157803,0.007705,0.258380,0.463150,-0.102543,0.087084,1.405944,0.000000,0.000000,0.715494,-0.349747,0.114463,0.516566,0.107409,0.000000,0.000000
-1.612412,1.076074,0.866703,0.041124,0.008755,0.981406,0.187279,0.127693,-0.053034,-0.183340,0.524111,-0.430542,0.031361,-0.175865,-0.114359,-0.237158,0.857259,-0.242532,0.004952,-0.167962,0.008431,0.241923,0.461724,-0.109043,0.054971,1.403630,0.000000,0.000000,0.738024,-0.355321,0.102795,0.500265,0.108850,0.000000,0.000000
-1.631028,1.089401,0.868602,0.039082,0.011519,0.981969,0.184602,0.138005,-0.051918,-0.187059,0.526697,-0.396433,0.032651,-0.187410,-0.114225,-0.250486,0.769028,-0.227925,0.007331,-0.176934,0.009089,0.227616,0.459998,-0.116014,0.022263,1.404190,0.000000,0.000000,0.760428,-0.360428,0.092545,0.481679,0.106346,0.000000,0.000000
-1.649439,1.103490,0.857166,0.037045,0.014484,0.982307,0.183005,0.147622,-0.050322,-0.191904,0.528943,-0.358735,0.034279,-0.196646,-0.111519,-0.261259,0.674622,-0.206363,0.009424,-0.185185,0.009675,0.216002,0.458414,-0.120382,-0.010011,1.407096,0.000000,0.000000,0.779550,-0.365020,0.083807,0.465303,0.104780,0.000000,0.000000
-1.668038,1.117090,0.851375,0.034925,0.017289,0.982500,0.182142,0.156861,-0.048994,-0.193923,0.530904,-0.319319,0.035295,-0.204099,-0.108085,-0.272377,0.575714,-0.182644,0.011299,-0.191884,0.010147,0.207035,0.455509,-0.123321,-0.041101,1.409665,0.000000,0.000000,0.795758,-0.370033,0.075492,0.453951,0.104973,0.000000,0.000000
-1.687137,1.130573,0.855344,0.032483,0.020227,0.982020,0.184857,0.166186,-0.051715,-0.195233,0.531263,-0.282047,0.034822,-0.210110,-0.102496,-0.280825,0.474436,-0.152108,0.012872,-0.195844,0.010482,0.202755,0.450086,-0.122291,-0.071027,1.407050,0.000000,0.000000,0.808189,-0.377604,0.066454,0.452434,0.107507,0.000000,0.000000
-1.706155,1.145153,0.862236,0.030005,0.023433,0.981397,0.188179,0.174790,-0.051223,-0.189940,0.533580,-0.240183,0.034080,-0.214069,-0.094728,-0.288206,0.369190,-0.107280,0.014591,-0.199424,0.010846,0.201567,0.443171,-0.119434,-0.100528,1.404849,0.000000,0.000000,0.817963,-0.382349,0.059595,0.435563,0.121854,0.000000,0.000000
-1.725359,1.160384,0.865135,0.027947,0.026219,0.980599,0.192243,0.182066,-0.049771,-0.184467,0.539676,-0.199763,0.033533,-0.215358,-0.085329,-0.294054,0.266013,-0.055021,0.016405,-0.200361,0.011141,0.202101,0.441437,-0.119973,-0.123447,1.408303,0.000000,0.000000,0.826393,-0.387841,0.053040,0.420474,0.128070,0.000000,0.000000
-1.744850,1.175830,0.864634,0.026374,0.029049,0.979871,0.195739,0.187611,-0.049030,-0.180833,0.552316,-0.161487,0.033027,-0.214724,-0.075403,-0.303237,0.168766,0.004142,0.019060,-0.199145,0.011255,0.202363,0.441759,-0.124673,-0.139359,1.410281,0.000000,0.000000,0.834238,-0.390939,0.043519,0.408785,0.134867,0.000000,0.000000
-1.764349,1.191213,0.861560,0.025669,0.031662,0.979222,0.198650,0.191219,-0.048800,-0.176760,0.572547,-0.123938,0.032215,-0.212452,-0.065654,-0.313460,0.080744,0.069285,0.022162,-0.196140,0.011232,0.201983,0.439877,-0.131798,-0.148264,1.404778,0.000000,0.000000,0.841668,-0.392551,0.031494,0.397681,0.138844,0.000000,0.000000
-1.783422,1.206595,0.857092,0.027352,0.035846,0.978137,0.203014,0.194128,-0.050712,-0.165318,0.599941,-0.092978,0.029254,-0.207859,-0.060615,-0.315060,0.002965,0.135918,0.022972,-0.188719,0.011033,0.202304,0.433305,-0.142211,-0.149131,1.399714,0.000000,0.000000,0.850566,-0.395838,0.016286,0.387793,0.136862,0.000000,0.000000
-1.802217,1.222031,0.856518,0.029603,0.039455,0.976876,0.208037,0.195559,-0.050508,-0.150289,0.623187,-0.080065,0.026431,-0.204230,-0.057641,-0.313727,-0.017450,0.175462,0.023397,-0.180027,0.010719,0.203420,0.426850,-0.152392,-0.143918,1.395702,0.000000,0.000000,0.856792,-0.398657,0.003240,0.382592,0.130791,0.000000,0.000000
-1.820741,1.237945,0.856873,0.032065,0.042185,0.975447,0.213765,0.196025,-0.047500,-0.130567,0.658843,-0.050910,0.023464,-0.199916,-0.053718,-0.310869,-0.017450,0.216137,0.024511,-0.166482,0.010343,0.204943,0.419868,-0.166975,-0.132169,1.387517,0.000000,0.000000,0.863299,-0.401869,-0.013746,0.376043,0.122168,0.000000,0.000000
-1.840017,1.253060,0.857100,0.035416,0.045112,0.974149,0.218505,0.196169,-0.045205,-0.113008,0.694249,-0.033835,0.020738,-0.196221,-0.052614,-0.310677,-0.017450,0.245920,0.025546,-0.153827,0.010074,0.208197,0.414826,-0.181644,-0.114347,1.379996,0.000000,0.000000,0.868782,-0.403964,-0.030058,0.367567,0.122919,0.000000,0.000000
-1.859667,1.267613,0.857007,0.040750,0.048711,0.972369,0.224646,0.196507,-0.045068,-0.090057,0.738954,-0.038011,0.016453,-0.191752,-0.054848,-0.314504,-0.017450,0.273356,0.026622,-0.135850,0.009620,0.214000,0.406417,-0.202688,-0.084115,1.374651,0.000000,0.000000,0.876377,-0.408996,-0.049645,0.358187,0.119394,0.000000,0.000000
-1.879551,1.281847,0.856704,0.046671,0.051303,0.970689,0.230114,0.196285,-0.044594,-0.065403,0.789644,-0.060269,0.012029,-0.186860,-0.059871,-0.321937,-0.017450,0.286307,0.027465,-0.114925,0.009193,0.222633,0.395549,-0.226301,-0.043242,1.372602,0.000000,0.000000,0.885378,-0.412446,-0.070986,0.352251,0.117767,0.000000,0.000000
-1.899495,1.296980,0.855944,0.051414,0.051137,0.969898,0.232463,0.194697,-0.039985,-0.053108,0.830786,-0.084117,0.011191,-0.182242,-0.061247,-0.325103,-0.017450,0.299920,0.028427,-0.100818,0.008965,0.228687,0.388809,-0.247389,-0.004061,1.372720,0.000000,0.000000,0.888233,-0.412573,-0.083697,0.348430,0.120405,0.000000,0.000000
-1.919114,1.312690,0.855486,0.055084,0.049393,0.969517,0.233586,0.190871,-0.027978,-0.040175,0.873946,-0.113352,0.012645,-0.175482,-0.058482,-0.324145,-0.017450,0.299658,0.029545,-0.088112,0.008651,0.237218,0.380005,-0.269315,0.049751,1.373670,0.000000,0.000000,0.885506,-0.412765,-0.093229,0.343298,0.125047,0.000000,0.000000
-1.938746,1.328183,0.855681,0.057766,0.046479,0.969637,0.233039,0.184592,-0.011721,-0.029977,0.912820,-0.143929,0.015986,-0.166990,-0.052899,-0.320628,-0.014285,0.266515,0.030103,-0.079316,0.008337,0.246650,0.369865,-0.285984,0.105441,1.379828,0.000000,0.000000,0.878903,-0.411967,-0.100294,0.337434,0.130052,0.000000,0.000000
-1.958010,1.343435,0.858845,0.059057,0.041245,0.970191,0.231389,0.174914,0.010976,-0.020078,0.950070,-0.179221,0.021463,-0.157173,-0.043700,-0.313365,0.024410,0.182468,0.030003,-0.076512,0.008097,0.258193,0.362964,-0.294304,0.166314,1.393824,0.000000,0.000000,0.866881,-0.414398,-0.106491,0.330497,0.131905,0.000000,0.000000
-1.977219,1.357234,0.862259,0.061215,0.037315,0.971028,0.227958,0.163408,0.029653,-0.013713,0.983900,-0.213585,0.026315,-0.148009,-0.039581,-0.312333,0.079896,0.077750,0.029326,-0.074808,0.007794,0.269571,0.354866,-0.302174,0.227520,1.406219,0.000000,0.000000,0.853053,-0.422417,-0.112104,0.322340,0.116008,0.000000,0.000000
-1.995938,1.371037,0.864531,0.064342,0.034666,0.971023,0.227536,0.151582,0.042742,-0.007926,1.015115,-0.251874,0.029514,-0.140353,-0.038706,-0.314797,0.143118,-0.025136,0.028629,-0.070952,0.007532,0.282396,0.344928,-0.307102,0.289550,1.411218,0.000000,0.000000,0.838359,-0.427467,-0.110781,0.314866,0.131007,0.000000,0.000000
-2.014311,1.385232,0.865231,0.068420,0.032178,0.969800,0.231887,0.140552,0.053390,0.002153,1.043931,-0.297835,0.031171,-0.133207,-0.039070,-0.314497,0.210088,-0.119006,0.027582,-0.061753,0.006998,0.299505,0.332479,-0.307342,0.356886,1.420008,0.000000,0.000000,0.819643,-0.441394,-0.100665,0.310831,0.140415,0.000000,0.000000
-2.031949,1.399912,0.864956,0.073896,0.030406,0.967948,0.238101,0.130108,0.063067,0.014415,1.070298,-0.336994,0.032003,-0.123866,-0.041298,-0.290918,0.275557,-0.195837,0.022874,-0.049752,0.006379,0.324176,0.315842,-0.300014,0.429148,1.429479,0.000000,0.000000,0.798868,-0.460164,-0.093864,0.307845,0.135279,0.000000,0.000000
-2.048962,1.414782,0.863711,0.079256,0.029063,0.965175,0.247610,0.120130,0.072187,0.031669,1.090980,-0.366360,0.031603,-0.114236,-0.042202,-0.261350,0.333420,-0.258900,0.017885,-0.034740,0.005723,0.351071,0.299352,-0.286209,0.499372,1.438882,0.000000,0.000000,0.778060,-0.474423,-0.089571,0.300899,0.147924,0.000000,0.000000
-2.065226,1.429751,0.861650,0.083799,0.027537,0.962316,0.257230,0.108737,0.082426,0.048818,1.105712,-0.393196,0.031480,-0.103571,-0.040256,-0.233568,0.383363,-0.316419,0.013957,-0.016463,0.004865,0.377775,0.284718,-0.271177,0.575447,1.434721,0.000000,0.000000,0.753230,-0.490920,-0.078610,0.296650,0.150372,0.000000,0.000000
-2.080846,1.444784,0.858994,0.087859,0.025989,0.959022,0.268110,0.096842,0.091964,0.065244,1.113279,-0.414863,0.031189,-0.092242,-0.036661,-0.209850,0.426787,-0.367162,0.011094,0.003046,0.003943,0.404036,0.267372,-0.258979,0.645161,1.417988,0.000000,0.000000,0.719974,-0.508408,-0.060569,0.296251,0.143970,0.000000,0.000000
-2.095686,1.460341,0.855725,0.091910,0.024214,0.955233,0.280170,0.085061,0.102006,0.081950,1.113525,-0.431979,0.030916,-0.079959,-0.030856,-0.184090,0.467470,-0.408759,0.008505,0.023704,0.002970,0.431851,0.258178,-0.243702,0.720402,1.417236,0.000000,0.000000,0.681756,-0.527498,-0.038966,0.294979,0.135440,0.000000,0.000000
-2.110433,1.476139,0.852188,0.095292,0.022708,0.950724,0.294156,0.073913,0.110930,0.099533,1.104647,-0.445083,0.030049,-0.067581,-0.024402,-0.157874,0.503923,-0.440634,0.006026,0.045894,0.001845,0.459613,0.249528,-0.231429,0.783952,1.421287,0.000000,0.000000,0.641444,-0.545265,-0.010809,0.290114,0.129694,0.000000,0.000000
-2.125918,1.491482,0.848369,0.098132,0.021523,0.947033,0.305016,0.062510,0.120069,0.115765,1.086494,-0.458062,0.029434,-0.054318,-0.020795,-0.141765,0.537081,-0.470812,0.004474,0.067917,0.000742,0.487388,0.239679,-0.223034,0.841127,1.409587,0.000000,0.000000,0.602872,-0.556214,0.015140,0.281674,0.124477,0.000000,0.000000
-2.141605,1.506993,0.844365,0.100785,0.021069,0.943859,0.313892,0.051009,0.129450,0.129135,1.061670,-0.472871,0.029365,-0.039982,-0.020114,-0.133553,0.567014,-0.499608,0.003465,0.088197,-0.000364,0.517675,0.232432,-0.215663,0.887822,1.390983,0.000000,0.000000,0.567694,-0.565371,0.038526,0.267723,0.114922,0.000000,0.000000
-2.156968,1.522342,0.840402,0.103162,0.021270,0.940460,0.323172,0.039625,0.136753,0.138955,1.031667,-0.483128,0.029275,-0.025801,-0.021281,-0.125941,0.593397,-0.524913,0.002053,0.106495,-0.001416,0.552274,0.228125,-0.206652,0.918740,1.375378,0.000000,0.000000,0.533461,-0.576150,0.058224,0.251375,0.097196,0.000000,0.000000
-2.172036,1.536897,0.836364,0.105066,0.021869,0.937374,0.331380,0.027597,0.141971,0.147041,0.994771,-0.489961,0.028791,-0.012167,-0.024218,-0.120120,0.617376,-0.549262,0.000455,0.125387,-0.002505,0.589431,0.225860,-0.197636,0.938312,1.365933,0.000000,0.000000,0.499460,-0.585989,0.071657,0.235367,0.072474,0.000000,0.000000
-2.186205,1.551480,0.832433,0.105778,0.022725,0.934050,0.340360,0.014654,0.147793,0.157725,0.949873,-0.498878,0.027846,0.000180,-0.025633,-0.110692,0.636949,-0.569802,-0.001405,0.143789,-0.003536,0.627718,0.222923,-0.186517,0.950528,1.366588,0.000000,0.000000,0.463360,-0.594502,0.083772,0.217313,0.056192,0.000000,0.000000
-2.200504,1.564733,0.830836,0.105754,0.023691,0.930713,0.349326,0.000679,0.151037,0.169560,0.901988,-0.498343,0.025872,0.010891,-0.028586,-0.101053,0.653590,-0.586708,-0.003735,0.161015,-0.004484,0.668071,0.224051,-0.176512,0.948930,1.376638,0.000000,0.000000,0.428175,-0.603400,0.093957,0.194796,0.052138,0.000000,0.000000
-2.214454,1.577766,0.830148,0.105015,0.025108,0.928286,0.355846,-0.014386,0.156442,0.185112,0.847997,-0.496660,0.023806,0.020876,-0.033279,-0.096049,0.668466,-0.608532,-0.005747,0.176406,-0.005400,0.709122,0.225694,-0.169126,0.936253,1.393354,0.000000,0.000000,0.397911,-0.609227,0.097049,0.165101,0.043312,0.000000,0.000000
-2.227740,1.589737,0.829429,0.103896,0.026604,0.924808,0.365004,-0.029731,0.159026,0.196204,0.789780,-0.488612,0.021821,0.029139,-0.037756,-0.085535,0.682716,-0.621957,-0.008668,0.193530,-0.006336,0.749803,0.226901,-0.163286,0.919852,1.414579,0.000000,0.000000,0.368215,-0.612922,0.103590,0.131955,0.032034,0.000000,0.000000
-2.240120,1.601012,0.828310,0.101143,0.027867,0.920681,0.375952,-0.045791,0.163188,0.211878,0.725462,-0.470986,0.019550,0.035504,-0.040348,-0.069753,0.689256,-0.623806,-0.012053,0.212839,-0.007324,0.790365,0.229118,-0.155679,0.901119,1.442899,0.000000,0.000000,0.336724,-0.616357,0.114860,0.099151,0.019262,0.000000,0.000000
-2.252232,1.611665,0.826347,0.097119,0.028956,0.916749,0.386394,-0.062744,0.168175,0.228683,0.655458,-0.445463,0.017461,0.040612,-0.042683,-0.056630,0.692446,-0.624379,-0.014943,0.232715,-0.008285,0.824640,0.231702,-0.147005,0.885977,1.462410,0.000000,0.000000,0.305966,-0.621585,0.124618,0.067589,0.008166,0.000000,0.000000
-2.264492,1.621674,0.823797,0.092240,0.029916,0.912903,0.396491,-0.079775,0.173254,0.244342,0.580694,-0.411681,0.015778,0.045004,-0.046010,-0.045434,0.693096,-0.624822,-0.017770,0.252712,-0.009221,0.854563,0.234483,-0.138014,0.870092,1.468534,0.000000,0.000000,0.276468,-0.628022,0.132687,0.034621,-0.001630,0.000000,0.000000
-2.277217,1.631104,0.820817,0.087128,0.030809,0.909927,0.404342,-0.096062,0.176981,0.251272,0.502745,-0.365653,0.015381,0.049429,-0.049999,-0.036576,0.692504,-0.625321,-0.020372,0.271344,-0.010141,0.881423,0.239016,-0.129479,0.854219,1.470911,0.000000,0.000000,0.251867,-0.635270,0.138591,-0.000082,-0.008170,0.000000,0.000000
-2.290657,1.640057,0.817366,0.081943,0.031760,0.907773,0.410152,-0.111210,0.178962,0.247719,0.422503,-0.306802,0.016300,0.054428,-0.055109,-0.031020,0.690860,-0.625978,-0.022709,0.288443,-0.010895,0.904688,0.244857,-0.119858,0.840987,1.469761,0.000000,0.000000,0.232775,-0.643404,0.139962,-0.034294,-0.015302,0.000000,0.000000
-2.304785,1.649086,0.817898,0.076675,0.032708,0.906116,0.414735,-0.125089,0.180803,0.243721,0.341827,-0.241472,0.017227,0.060534,-0.060909,-0.027672,0.687797,-0.626862,-0.024850,0.305229,-0.011656,0.925035,0.249843,-0.106429,0.828205,1.467227,0.000000,0.000000,0.220150,-0.653704,0.138168,-0.067443,-0.030314,0.000000,0.000000
-2.319566,1.658269,0.817419,0.071760,0.033969,0.904574,0.418858,-0.137160,0.182125,0.238789,0.268775,-0.184975,0.018167,0.067206,-0.067800,-0.025004,0.686051,-0.627807,-0.027193,0.321895,-0.012327,0.940750,0.254153,-0.092595,0.815357,1.465381,0.000000,0.000000,0.212909,-0.664374,0.137275,-0.097546,-0.040932,0.000000,0.000000
-2.334844,1.668477,0.815051,0.066714,0.035516,0.903175,0.422567,-0.146484,0.184337,0.229903,0.200822,-0.137011,0.019909,0.074358,-0.074327,-0.021719,0.685408,-0.628795,-0.029574,0.336367,-0.012810,0.954429,0.258176,-0.075645,0.800586,1.464683,0.000000,0.000000,0.209725,-0.670952,0.131966,-0.126526,-0.042479,0.000000,0.000000
-2.350218,1.680113,0.811468,0.061918,0.037053,0.901887,0.425904,-0.153396,0.188386,0.221635,0.143388,-0.106408,0.021864,0.081883,-0.079594,-0.017664,0.687450,-0.629760,-0.031813,0.347953,-0.013182,0.966429,0.261233,-0.053929,0.785093,1.464982,0.000000,0.000000,0.210754,-0.674776,0.120775,-0.152417,-0.041325,0.000000,0.000000
-2.365566,1.692829,0.808087,0.058119,0.037840,0.900174,0.429973,-0.158532,0.194612,0.219947,0.104778,-0.081715,0.023317,0.089931,-0.084471,-0.014917,0.692635,-0.630752,-0.033799,0.358121,-0.013411,0.982723,0.263839,-0.021056,0.765824,1.473125,0.000000,0.000000,0.224976,-0.682843,0.095761,-0.187416,-0.013422,0.000000,0.000000
-2.380874,1.706365,0.806014,0.055964,0.038522,0.899027,0.432591,-0.163008,0.199237,0.224988,0.089147,-0.065122,0.023503,0.098027,-0.087906,-0.010379,0.705348,-0.631485,-0.035830,0.366624,-0.013678,0.996539,0.268386,0.001100,0.746767,1.483027,0.000000,0.000000,0.243800,-0.685715,0.077743,-0.211263,-0.003853,0.000000,0.000000
-2.396107,1.719994,0.805077,0.054748,0.039087,0.897801,0.435233,-0.167250,0.203324,0.229331,0.089746,-0.050649,0.023732,0.106091,-0.090754,-0.002879,0.727395,-0.631975,-0.038421,0.375245,-0.013891,1.009854,0.276500,0.020469,0.724088,1.492761,0.000000,0.000000,0.265829,-0.684709,0.063762,-0.227801,-0.000090,0.000000,0.000000
-2.411355,1.733364,0.805428,0.054254,0.039626,0.896579,0.437758,-0.170159,0.206169,0.226945,0.104824,-0.042214,0.024687,0.112269,-0.092618,0.008594,0.758867,-0.631931,-0.041642,0.382406,-0.014060,1.020914,0.285803,0.037162,0.700320,1.499459,0.000000,0.000000,0.288483,-0.680937,0.055885,-0.237945,0.004574,0.000000,0.000000
-2.427285,1.745735,0.807138,0.054382,0.040069,0.895114,0.440691,-0.171123,0.205982,0.215441,0.131306,-0.038562,0.026344,0.115702,-0.095054,0.024867,0.798931,-0.631240,-0.046103,0.387668,-0.014208,1.027872,0.292643,0.052705,0.677949,1.498603,0.000000,0.000000,0.310993,-0.678070,0.052746,-0.243182,0.009901,0.000000,0.000000
-2.443712,1.757614,0.809707,0.054400,0.040410,0.893765,0.443386,-0.170375,0.203072,0.196317,0.164776,-0.041711,0.028603,0.116472,-0.096608,0.045530,0.843635,-0.630039,-0.051292,0.390168,-0.014244,1.030037,0.297804,0.064238,0.656229,1.493147,0.000000,0.000000,0.334049,-0.676280,0.055266,-0.242177,0.018946,0.000000,0.000000
-2.459360,1.770288,0.811388,0.054704,0.040846,0.892706,0.445439,-0.168027,0.200776,0.171847,0.203461,-0.061746,0.031880,0.115369,-0.094487,0.068004,0.891021,-0.628502,-0.055824,0.389810,-0.014130,1.026426,0.302095,0.071822,0.638087,1.483614,0.000000,0.000000,0.356109,-0.673688,0.064706,-0.232178,0.032838,0.000000,0.000000
-2.472487,1.785601,0.811209,0.055355,0.040889,0.892586,0.445595,-0.165640,0.204867,0.166293,0.251938,-0.116490,0.033444,0.113579,-0.083898,0.087212,0.937597,-0.626811,-0.057116,0.381638,-0.013778,1.020028,0.307539,0.080414,0.623859,1.475750,0.000000,0.000000,0.376080,-0.669260,0.072645,-0.213907,0.047542,0.000000,0.000000
-2.484980,1.801567,0.809399,0.056403,0.039846,0.892447,0.445835,-0.163243,0.213751,0.164730,0.309912,-0.184642,0.035425,0.110837,-0.066455,0.108527,0.982301,-0.624966,-0.056552,0.369954,-0.013361,1.012789,0.315239,0.088308,0.611034,1.479263,0.000000,0.000000,0.396962,-0.662224,0.085213,-0.189327,0.058432,0.000000,0.000000
-2.497234,1.817068,0.805947,0.058413,0.038515,0.892361,0.445865,-0.161440,0.223213,0.162818,0.370951,-0.250771,0.037576,0.106949,-0.046628,0.131022,1.024479,-0.622954,-0.055275,0.357248,-0.012887,1.003861,0.323181,0.090737,0.598824,1.491549,0.000000,0.000000,0.420862,-0.650585,0.101223,-0.155825,0.062265,0.000000,0.000000
-2.509984,1.830741,0.801445,0.061427,0.037917,0.892427,0.445381,-0.160716,0.228793,0.160061,0.432015,-0.307225,0.039075,0.101000,-0.032797,0.149021,1.066140,-0.620809,-0.054864,0.345230,-0.012459,0.992066,0.334846,0.085974,0.586187,1.502860,0.000000,0.000000,0.445521,-0.642242,0.118218,-0.116975,0.066975,0.000000,0.000000
-2.523799,1.842231,0.796757,0.065202,0.038776,0.892357,0.444909,-0.160141,0.226753,0.157297,0.490271,-0.351567,0.039071,0.092130,-0.029621,0.161864,1.107409,-0.618580,-0.056758,0.332693,-0.011922,0.975990,0.346264,0.076689,0.575226,1.504771,0.000000,0.000000,0.471496,-0.632610,0.133762,-0.072547,0.076531,0.000000,0.000000
-2.537740,1.853231,0.791762,0.069603,0.040894,0.892203,0.444361,-0.157192,0.218866,0.153911,0.544360,-0.386024,0.038120,0.080736,-0.031791,0.172651,1.147701,-0.616339,-0.059933,0.320401,-0.011333,0.954754,0.355690,0.059481,0.567447,1.503729,0.000000,0.000000,0.500923,-0.617487,0.149098,-0.019613,0.088074,0.000000,0.000000
-2.551681,1.864021,0.786789,0.073981,0.043607,0.892542,0.442712,-0.150710,0.207230,0.145520,0.588808,-0.417877,0.037212,0.068063,-0.038904,0.175874,1.185690,-0.614274,-0.063157,0.309308,-0.010726,0.927227,0.369976,0.033690,0.563355,1.510826,0.000000,0.000000,0.533254,-0.600907,0.155771,0.039401,0.096932,0.000000,0.000000
-2.566101,1.874603,0.782647,0.078025,0.046125,0.893772,0.439268,-0.140905,0.193936,0.134607,0.621052,-0.452125,0.036231,0.054873,-0.050306,0.172666,1.219676,-0.612512,-0.066370,0.297219,-0.010010,0.892244,0.385218,0.004827,0.561659,1.515667,0.000000,0.000000,0.568719,-0.579357,0.155104,0.099198,0.105820,0.000000,0.000000
-2.579948,1.886176,0.778864,0.081820,0.048120,0.895163,0.435516,-0.127597,0.183738,0.128360,0.644455,-0.490099,0.035124,0.041045,-0.061601,0.166560,1.250900,-0.610946,-0.068892,0.283049,-0.009154,0.851224,0.400396,-0.026325,0.563018,1.514848,0.000000,0.000000,0.608072,-0.555242,0.157918,0.164030,0.123699,0.000000,0.000000
-2.593029,1.898568,0.775014,0.085976,0.048787,0.896539,0.431795,-0.111606,0.178694,0.123843,0.662885,-0.525670,0.034941,0.027030,-0.069190,0.160115,1.273697,-0.609708,-0.070075,0.267978,-0.008346,0.806907,0.414918,-0.057943,0.568387,1.514204,0.000000,0.000000,0.645020,-0.533370,0.161863,0.226673,0.144117,0.000000,0.000000
-2.605446,1.912202,0.770746,0.090314,0.048577,0.897943,0.427997,-0.094327,0.176903,0.118856,0.680761,-0.554021,0.035699,0.014597,-0.072934,0.148475,1.292106,-0.608670,-0.068890,0.251899,-0.007482,0.759561,0.430650,-0.088261,0.576032,1.520208,0.000000,0.000000,0.678446,-0.517321,0.165639,0.282391,0.156433,0.000000,0.000000
-2.618469,1.925417,0.766841,0.095328,0.048209,0.899209,0.424277,-0.075162,0.173170,0.113946,0.696718,-0.576334,0.036088,0.001846,-0.080345,0.136277,1.307172,-0.607942,-0.068705,0.236513,-0.006524,0.706369,0.444389,-0.121364,0.590780,1.533910,0.000000,0.000000,0.712964,-0.501980,0.170634,0.343407,0.174086,0.000000,0.000000
-2.632451,1.937752,0.763509,0.099818,0.046695,0.899794,0.422170,-0.056559,0.170274,0.113734,0.713943,-0.594041,0.035987,-0.010779,-0.091173,0.128930,1.311884,-0.607732,-0.070567,0.219373,-0.005577,0.664669,0.451015,-0.148217,0.595763,1.536178,0.000000,0.000000,0.747638,-0.495353,0.181883,0.391063,0.177625,0.000000,0.000000
-2.646209,1.949864,0.760522,0.104415,0.045184,0.900378,0.419971,-0.036835,0.166634,0.113420,0.727658,-0.613745,0.035658,-0.024143,-0.104024,0.118346,1.311821,-0.607727,-0.072289,0.201321,-0.004510,0.625857,0.452943,-0.173907,0.596727,1.520905,0.000000,0.000000,0.782722,-0.490348,0.190432,0.433936,0.180595,0.000000,0.000000
-2.658624,1.962451,0.758678,0.108966,0.044436,0.901767,0.415894,-0.016197,0.163074,0.111112,0.730411,-0.618624,0.035761,-0.038206,-0.117173,0.098879,1.309793,-0.607813,-0.072066,0.182517,-0.003372,0.582355,0.460221,-0.193060,0.595394,1.501755,0.000000,0.000000,0.820509,-0.485712,0.193218,0.467898,0.181840,0.000000,0.000000
-2.670130,1.975575,0.757503,0.111773,0.042527,0.904006,0.410452,0.002565,0.165682,0.110977,0.729508,-0.620987,0.037004,-0.052656,-0.126893,0.073962,1.302106,-0.607995,-0.069430,0.161564,-0.002255,0.546436,0.461584,-0.216050,0.582864,1.482869,0.000000,0.000000,0.860860,-0.480439,0.196926,0.490587,0.177167,0.000000,0.000000
-2.680496,1.988736,0.756424,0.113406,0.040533,0.906871,0.403833,0.019457,0.172435,0.110856,0.725231,-0.623031,0.039216,-0.069347,-0.135955,0.044568,1.289594,-0.608324,-0.065425,0.139169,-0.001052,0.513008,0.463886,-0.231741,0.559999,1.466005,0.000000,0.000000,0.902866,-0.473714,0.199132,0.506721,0.172915,0.000000,0.000000
-2.689872,2.001626,0.755287,0.114060,0.038861,0.909807,0.397154,0.034005,0.180694,0.110278,0.719511,-0.624856,0.041795,-0.088600,-0.144933,0.013182,1.273856,-0.608862,-0.060721,0.116009,0.000109,0.482223,0.468619,-0.239177,0.527424,1.455361,0.000000,0.000000,0.942100,-0.468053,0.199988,0.516219,0.166769,0.000000,0.000000
-2.698262,2.014470,0.753660,0.113847,0.037811,0.912539,0.391001,0.046146,0.188800,0.107634,0.714452,-0.626373,0.044632,-0.110639,-0.153212,-0.018535,1.255518,-0.609639,-0.055479,0.091042,0.001197,0.454178,0.476247,-0.239049,0.487957,1.453413,0.000000,0.000000,0.978510,-0.464509,0.199079,0.518929,0.156185,0.000000,0.000000
-2.705461,2.027784,0.751703,0.112357,0.037534,0.915077,0.385488,0.055740,0.197650,0.103899,0.707766,-0.627626,0.047748,-0.135406,-0.160164,-0.050259,1.233961,-0.610726,-0.049574,0.063259,0.002312,0.433854,0.480388,-0.242787,0.442516,1.456552,0.000000,0.000000,1.010947,-0.463771,0.199762,0.516794,0.138681,0.000000,0.000000
-2.711565,2.041662,0.749148,0.109964,0.038263,0.917238,0.380945,0.063871,0.207682,0.101979,0.699437,-0.628782,0.050764,-0.163068,-0.167087,-0.082768,1.208461,-0.612129,-0.043244,0.032107,0.003493,0.417207,0.482843,-0.243464,0.393540,1.457968,0.000000,0.000000,1.038554,-0.466401,0.199602,0.512386,0.120240,0.000000,0.000000
-2.717337,2.056307,0.745921,0.106378,0.039959,0.919103,0.377274,0.071154,0.217879,0.101456,0.690162,-0.629875,0.053505,-0.192713,-0.173200,-0.116429,1.179333,-0.613796,-0.036278,-0.001236,0.004652,0.403936,0.479954,-0.237459,0.344619,1.443641,0.000000,0.000000,1.062046,-0.469752,0.195600,0.505580,0.107396,0.000000,0.000000
-2.723200,2.071501,0.749095,0.101526,0.043733,0.920991,0.373571,0.077309,0.224537,0.096266,0.677729,-0.630798,0.055966,-0.225230,-0.181269,-0.152421,1.149654,-0.615851,-0.029291,-0.039071,0.005985,0.393998,0.479269,-0.227639,0.288775,1.443814,0.000000,0.000000,1.083941,-0.474266,0.181528,0.493196,0.098011,0.000000,0.000000
-2.729789,2.087706,0.760541,0.097465,0.047717,0.921949,0.371797,0.085061,0.229000,0.091203,0.667814,-0.631867,0.057926,-0.253696,-0.190155,-0.182060,1.115661,-0.617696,-0.024186,-0.072377,0.007118,0.385171,0.475090,-0.215328,0.239998,1.443614,0.000000,0.000000,1.104232,-0.475822,0.165135,0.483496,0.093178,0.000000,0.000000
-2.736378,2.105376,0.771470,0.092761,0.052427,0.923127,0.369437,0.093956,0.232829,0.084022,0.653376,-0.633207,0.060007,-0.281375,-0.197221,-0.211980,1.077820,-0.619349,-0.018819,-0.106402,0.008224,0.377762,0.471021,-0.197837,0.192229,1.434689,0.000000,0.000000,1.122375,-0.475735,0.144502,0.472191,0.099606,0.000000,0.000000
-2.743212,2.124187,0.781659,0.087887,0.057512,0.924146,0.367319,0.103804,0.236140,0.075070,0.636970,-0.634711,0.062194,-0.306539,-0.202521,-0.240598,1.036681,-0.620640,-0.013831,-0.139360,0.009222,0.373987,0.467296,-0.179200,0.146976,1.420862,0.000000,0.000000,1.135641,-0.478430,0.121927,0.458224,0.104411,0.000000,0.000000
-2.750394,2.143776,0.791704,0.082877,0.063420,0.924818,0.365816,0.114611,0.238045,0.064005,0.616493,-0.621357,0.064713,-0.329867,-0.207737,-0.270053,0.989765,-0.621426,-0.009391,-0.171879,0.010212,0.375137,0.463426,-0.164387,0.104844,1.407411,0.000000,0.000000,1.146499,-0.482220,0.101200,0.443291,0.104989,0.000000,0.000000
-2.757658,2.164201,0.801128,0.078067,0.070029,0.925528,0.363868,0.125670,0.238803,0.049676,0.591843,-0.592293,0.067995,-0.350098,-0.212757,-0.300167,0.938811,-0.618417,-0.005595,-0.201474,0.011089,0.376566,0.459806,-0.153366,0.066165,1.393979,0.000000,0.000000,1.154319,-0.481476,0.082706,0.430442,0.110989,0.000000,0.000000
-2.765864,2.184741,0.810502,0.073543,0.077126,0.926730,0.360299,0.137581,0.237138,0.030721,0.560498,-0.544446,0.072009,-0.367448,-0.220315,-0.334103,0.881474,-0.599544,-0.002349,-0.230376,0.011903,0.378719,0.457789,-0.143798,0.027896,1.378957,0.000000,0.000000,1.157827,-0.481438,0.065419,0.417672,0.113471,0.000000,0.000000
-2.774930,2.205251,0.818876,0.069793,0.084231,0.926427,0.360232,0.149982,0.232057,0.016846,0.534371,-0.489016,0.074727,-0.381177,-0.227698,-0.364452,0.823740,-0.575168,-0.000141,-0.252620,0.012571,0.381357,0.456545,-0.135360,-0.001637,1.370698,0.000000,0.000000,1.156298,-0.483508,0.054642,0.407937,0.109762,0.000000,0.000000
-2.783649,2.226065,0.826566,0.067110,0.091655,0.925247,0.361957,0.161775,0.225527,0.008328,0.515285,-0.429571,0.076417,-0.392777,-0.234734,-0.389576,0.763976,-0.547728,0.000764,-0.269789,0.013098,0.383598,0.455180,-0.126936,-0.025178,1.366978,0.000000,0.000000,1.151219,-0.484162,0.046312,0.400222,0.107453,0.000000,0.000000
-2.792087,2.247401,0.834275,0.067616,0.101194,0.922716,0.365763,0.175438,0.213884,0.005238,0.496410,-0.354658,0.075946,-0.399303,-0.245971,-0.399816,0.704887,-0.513972,-0.001491,-0.282801,0.013431,0.391420,0.449400,-0.119596,-0.044027,1.363464,0.000000,0.000000,1.146030,-0.488739,0.035729,0.395069,0.098389,0.000000,0.000000
-2.799570,2.269377,0.840717,0.068731,0.109629,0.919919,0.370143,0.189050,0.204304,0.007517,0.481177,-0.272001,0.075030,-0.403974,-0.255421,-0.405582,0.648417,-0.479564,-0.003727,-0.292814,0.013734,0.401991,0.443019,-0.115114,-0.059717,1.365619,0.000000,0.000000,1.140277,-0.491695,0.027205,0.390309,0.080958,0.000000,0.000000
-2.805785,2.291968,0.845616,0.069555,0.117252,0.917373,0.373953,0.200056,0.199367,0.011065,0.470810,-0.197960,0.074642,-0.407417,-0.261558,-0.408599,0.598116,-0.450212,-0.005480,-0.299603,0.013890,0.413010,0.435026,-0.116214,-0.072395,1.370080,0.000000,0.000000,1.132379,-0.489350,0.021666,0.384875,0.065151,0.000000,0.000000
-2.811404,2.315017,0.849774,0.069732,0.124413,0.914833,0.377809,0.210128,0.195535,0.009582,0.458051,-0.125381,0.075094,-0.409697,-0.264921,-0.410003,0.549433,-0.420422,-0.006836,-0.302411,0.013933,0.424767,0.426221,-0.118625,-0.082059,1.374824,0.000000,0.000000,1.120789,-0.484576,0.015058,0.378575,0.046568,0.000000,0.000000
-2.816589,2.338694,0.853037,0.069518,0.131109,0.911545,0.383488,0.219536,0.190106,-0.001046,0.445959,-0.063172,0.076270,-0.410942,-0.264535,-0.409112,0.506303,-0.394059,-0.007644,-0.300713,0.013864,0.434654,0.421501,-0.118709,-0.084062,1.376131,0.000000,0.000000,1.106232,-0.482924,0.011225,0.371029,0.027641,0.000000,0.000000
-2.821627,2.362592,0.855401,0.069537,0.136946,0.907494,0.390981,0.228233,0.182682,-0.015739,0.441476,-0.010107,0.077210,-0.411493,-0.261564,-0.406817,0.469182,-0.371721,-0.008076,-0.297094,0.013793,0.445272,0.419494,-0.119880,-0.080253,1.377652,0.000000,0.000000,1.088306,-0.484283,0.013680,0.362978,0.006261,0.000000,0.000000
-2.826856,2.386171,0.856998,0.069933,0.141849,0.903438,0.398483,0.234074,0.175432,-0.025626,0.449396,0.022870,0.076948,-0.411010,-0.258687,-0.405118,0.442974,-0.357905,-0.008315,-0.293854,0.013681,0.457503,0.417937,-0.123428,-0.072141,1.382030,0.000000,0.000000,1.070006,-0.485542,0.018646,0.357062,-0.012528,0.000000,0.000000
-2.833008,2.409821,0.858286,0.070844,0.146228,0.898852,0.407018,0.240139,0.166950,-0.030491,0.462072,0.033620,0.075173,-0.409118,-0.256302,-0.404504,0.425015,-0.350468,-0.008438,-0.289377,0.013484,0.470595,0.416382,-0.128586,-0.059780,1.389910,0.000000,0.000000,1.050352,-0.488111,0.025086,0.351926,-0.028451,0.000000,0.000000
-2.840524,2.433278,0.859340,0.072279,0.149323,0.892813,0.418764,0.249214,0.152577,-0.034896,0.484982,0.025838,0.071379,-0.405326,-0.252629,-0.403934,0.413172,-0.349319,-0.008330,-0.278544,0.013062,0.485686,0.412937,-0.138634,-0.040028,1.399000,0.000000,0.000000,1.025761,-0.494759,0.037256,0.347197,-0.045378,0.000000,0.000000
-2.847925,2.456144,0.859982,0.073928,0.151787,0.886482,0.430866,0.256001,0.135443,-0.039287,0.522107,0.002078,0.066575,-0.400968,-0.248874,-0.403632,0.411333,-0.355796,-0.008116,-0.263829,0.012566,0.500723,0.410822,-0.152070,-0.015140,1.408151,0.000000,0.000000,1.001037,-0.504539,0.051263,0.341684,-0.062810,0.000000,0.000000
-2.855214,2.478608,0.860558,0.075090,0.154128,0.880928,0.441103,0.259515,0.119261,-0.042504,0.563266,-0.026665,0.061846,-0.396225,-0.246600,-0.404576,0.417040,-0.365287,-0.007846,-0.249572,0.012077,0.513874,0.410323,-0.166539,0.010272,1.416291,0.000000,0.000000,0.976419,-0.515259,0.064380,0.330533,-0.081489,0.000000,0.000000
-2.862328,2.501118,0.861015,0.075589,0.156105,0.874422,0.453105,0.260167,0.099738,-0.046422,0.614154,-0.064297,0.056124,-0.390272,-0.242060,-0.404264,0.426481,-0.375600,-0.007117,-0.233752,0.011538,0.524930,0.408166,-0.179629,0.043118,1.426748,0.000000,0.000000,0.946122,-0.524802,0.076962,0.320701,-0.096193,0.000000,0.000000
-2.869125,2.524185,0.861296,0.075172,0.158541,0.867158,0.466101,0.258738,0.077751,-0.051858,0.665625,-0.094370,0.049844,-0.383823,-0.235186,-0.402358,0.436898,-0.382469,-0.005941,-0.217268,0.010922,0.536256,0.405533,-0.188399,0.077928,1.437912,0.000000,0.000000,0.912115,-0.535083,0.086869,0.317140,-0.103091,0.000000,0.000000
-2.875388,2.547850,0.861049,0.074098,0.160449,0.859357,0.479867,0.255459,0.055299,-0.056365,0.719350,-0.117913,0.043207,-0.375644,-0.225216,-0.398732,0.448818,-0.389379,-0.004228,-0.198469,0.010190,0.548976,0.401646,-0.195004,0.116310,1.450947,0.000000,0.000000,0.875091,-0.545214,0.103706,0.316336,-0.111160,0.000000,0.000000
-2.881194,2.571965,0.860184,0.072371,0.161681,0.851496,0.493535,0.249871,0.035393,-0.058932,0.773274,-0.137928,0.037016,-0.365293,-0.213246,-0.394345,0.462162,-0.400399,-0.002214,-0.178570,0.009379,0.563397,0.395632,-0.200205,0.155764,1.462029,0.000000,0.000000,0.834742,-0.549061,0.123415,0.318379,-0.112186,0.000000,0.000000
-2.886403,2.596304,0.858471,0.070347,0.162415,0.843915,0.506439,0.241305,0.019532,-0.056560,0.828902,-0.161354,0.031286,-0.352248,-0.199704,-0.389685,0.476508,-0.422010,-0.000175,-0.158001,0.008406,0.579670,0.388973,-0.202387,0.193207,1.468926,0.000000,0.000000,0.790131,-0.546622,0.140014,0.326179,-0.098311,0.000000,0.000000
-2.891180,2.620831,0.855738,0.067884,0.162542,0.836599,0.518724,0.229585,0.006874,-0.051030,0.888734,-0.184554,0.026045,-0.336561,-0.184842,-0.384873,0.492522,-0.455980,0.001691,-0.136217,0.007297,0.597416,0.385666,-0.202637,0.231832,1.475736,0.000000,0.000000,0.743624,-0.540797,0.158120,0.334578,-0.075782,0.000000,0.000000
-2.896341,2.645856,0.852160,0.065523,0.162336,0.830133,0.529371,0.217428,-0.004191,-0.048001,0.944732,-0.200794,0.021777,-0.320151,-0.172592,-0.382267,0.511572,-0.494781,0.003224,-0.115701,0.006119,0.616951,0.389047,-0.205064,0.272288,1.485336,0.000000,0.000000,0.701823,-0.537826,0.174231,0.336104,-0.067666,0.000000,0.000000
-2.900225,2.670522,0.847932,0.062756,0.160530,0.824367,0.539176,0.199406,-0.010069,-0.042785,1.012212,-0.220045,0.018807,-0.300324,-0.158930,-0.379504,0.528648,-0.543663,0.004736,-0.095132,0.004818,0.635547,0.392868,-0.208938,0.322164,1.492489,0.000000,0.000000,0.653146,-0.533277,0.194106,0.341224,-0.070475,0.000000,0.000000
-2.904288,2.696049,0.843215,0.060020,0.159032,0.819476,0.547326,0.182177,-0.012893,-0.038511,1.071670,-0.232550,0.017011,-0.280992,-0.148208,-0.378806,0.546249,-0.587528,0.006064,-0.077964,0.003525,0.655692,0.393239,-0.209345,0.366241,1.489927,0.000000,0.000000,0.609164,-0.526856,0.206864,0.339356,-0.072960,0.000000,0.000000
-2.906929,2.720592,0.840183,0.058715,0.157472,0.813803,0.556309,0.162501,-0.015280,-0.032920,1.133342,-0.244125,0.015162,-0.259057,-0.139629,-0.369999,0.553671,-0.603019,0.006696,-0.060966,0.002308,0.678360,0.394081,-0.208566,0.410753,1.493055,0.000000,0.000000,0.565988,-0.522047,0.217289,0.337354,-0.071569,0.000000,0.000000
-2.908402,2.744738,0.838502,0.059391,0.156166,0.807466,0.565759,0.140792,-0.018256,-0.027100,1.196814,-0.254649,0.013103,-0.233594,-0.134176,-0.348619,0.555020,-0.606502,0.005559,-0.042279,0.000969,0.704572,0.396619,-0.212332,0.456506,1.508028,0.000000,0.000000,0.521846,-0.522001,0.225016,0.331078,-0.073304,0.000000,0.000000
-2.909266,2.769070,0.836760,0.060484,0.154742,0.801444,0.574530,0.117999,-0.019662,-0.022264,1.256731,-0.262763,0.011713,-0.206984,-0.129139,-0.326514,0.553713,-0.608094,0.004303,-0.021965,-0.000377,0.731772,0.396924,-0.219903,0.498772,1.518109,0.000000,0.000000,0.479030,-0.520970,0.229188,0.316496,-0.077692,0.000000,0.000000
-2.909577,2.794142,0.834526,0.061656,0.153656,0.795099,0.583443,0.095308,-0.020499,-0.019009,1.309334,-0.269710,0.010816,-0.179928,-0.123840,-0.308729,0.549758,-0.609627,0.003513,-0.000994,-0.001673,0.758385,0.396259,-0.227769,0.537418,1.514371,0.000000,0.000000,0.439212,-0.515886,0.233227,0.297927,-0.080208,0.000000,0.000000
-2.909556,2.820124,0.831860,0.062427,0.152800,0.787183,0.594221,0.073260,-0.021447,-0.013442,1.352995,-0.278003,0.009512,-0.151884,-0.118303,-0.293157,0.542788,-0.611464,0.002889,0.021041,-0.002949,0.785970,0.397441,-0.233958,0.575381,1.514896,0.000000,0.000000,0.399457,-0.513546,0.242968,0.278335,-0.088020,0.000000,0.000000
-2.908735,2.846832,0.829212,0.062264,0.151418,0.777862,0.606734,0.050365,-0.018847,-0.000897,1.390152,-0.288838,0.007987,-0.120260,-0.110739,-0.277853,0.527848,-0.613938,0.002556,0.044701,-0.004313,0.816162,0.398081,-0.236676,0.606948,1.522977,0.000000,0.000000,0.355172,-0.512109,0.258741,0.257690,-0.098307,0.000000,0.000000
-2.907323,2.874424,0.825981,0.062635,0.150563,0.768128,0.619182,0.029673,-0.015792,0.012197,1.413808,-0.295543,0.006450,-0.088428,-0.105502,-0.263887,0.513579,-0.616832,0.001840,0.068103,-0.005598,0.848283,0.401290,-0.238463,0.629145,1.536976,0.000000,0.000000,0.312491,-0.510845,0.273063,0.234354,-0.098935,0.000000,0.000000
-2.905326,2.902358,0.822584,0.063229,0.150147,0.757229,0.632505,0.009384,-0.013465,0.026385,1.427580,-0.302214,0.004433,-0.055912,-0.103084,-0.248976,0.498015,-0.620236,0.000347,0.094308,-0.006939,0.882502,0.406271,-0.239560,0.642789,1.550694,0.000000,0.000000,0.273188,-0.507926,0.285888,0.207727,-0.089825,0.000000,0.000000
-2.902845,2.929816,0.819332,0.063672,0.150236,0.744758,0.647079,-0.011254,-0.011910,0.043649,1.433126,-0.310934,0.001496,-0.024946,-0.103478,-0.232452,0.481044,-0.623827,-0.002007,0.123728,-0.008271,0.917940,0.409351,-0.237942,0.646406,1.559551,0.000000,0.000000,0.237418,-0.503617,0.298212,0.179477,-0.075218,0.000000,0.000000
-2.900525,2.955512,0.816490,0.064523,0.150838,0.733651,0.659425,-0.035096,-0.011377,0.059315,1.432111,-0.319540,-0.001609,0.003507,-0.107281,-0.220369,0.464177,-0.627536,-0.004527,0.153464,-0.009574,0.953940,0.415621,-0.236733,0.638647,1.568392,0.000000,0.000000,0.206343,-0.498686,0.304672,0.149392,-0.067226,0.000000,0.000000
-2.898023,2.978647,0.813772,0.064562,0.151986,0.722234,0.671647,-0.063674,-0.011105,0.076301,1.424649,-0.329260,-0.005311,0.027312,-0.112331,-0.208646,0.448194,-0.630817,-0.007289,0.183396,-0.010852,0.990398,0.424303,-0.232989,0.620803,1.569011,0.000000,0.000000,0.178213,-0.493952,0.308508,0.116497,-0.070523,0.000000,0.000000
-2.895530,2.999165,0.810765,0.063136,0.153523,0.711350,0.682954,-0.097908,-0.009417,0.093823,1.410456,-0.337486,-0.009040,0.045505,-0.116689,-0.196870,0.434930,-0.633346,-0.009892,0.214316,-0.012033,1.026518,0.431356,-0.224012,0.596004,1.568848,0.000000,0.000000,0.152326,-0.485496,0.308325,0.081379,-0.073931,0.000000,0.000000
-2.893485,3.017748,0.807195,0.060103,0.155149,0.701421,0.693054,-0.137160,-0.006301,0.109551,1.388885,-0.344518,-0.012295,0.058827,-0.119723,-0.185830,0.425307,-0.635168,-0.012091,0.245685,-0.013173,1.060724,0.437582,-0.211252,0.569561,1.568642,0.000000,0.000000,0.127679,-0.473934,0.305105,0.044626,-0.078238,0.000000,0.000000
-2.892171,3.035749,0.802723,0.055214,0.156510,0.691199,0.703349,-0.178617,-0.002206,0.126413,1.358288,-0.349303,-0.015806,0.068753,-0.121195,-0.171345,0.419237,-0.636338,-0.014409,0.277752,-0.014312,1.091152,0.443149,-0.194441,0.542763,1.567098,0.000000,0.000000,0.101735,-0.464958,0.305326,0.009411,-0.086658,0.000000,0.000000
-2.892036,3.055734,0.797008,0.051359,0.157398,0.684648,0.709821,-0.215482,-0.001104,0.136478,1.316177,-0.347460,-0.018550,0.079674,-0.124052,-0.162417,0.420525,-0.637674,-0.016337,0.306179,-0.015342,1.113683,0.453066,-0.182872,0.521061,1.555929,0.000000,0.000000,0.078835,-0.459449,0.306546,-0.020980,-0.092978,0.000000,0.000000
-2.891465,3.076960,0.790048,0.045350,0.158339,0.676747,0.717555,-0.251447,0.002663,0.148052,1.263910,-0.342541,-0.020806,0.090363,-0.123994,-0.145945,0.420088,-0.638909,-0.018687,0.333715,-0.016307,1.134775,0.461883,-0.166582,0.497463,1.545110,0.000000,0.000000,0.055965,-0.451948,0.310739,-0.053415,-0.092596,0.000000,0.000000
-2.891297,3.099789,0.786565,0.039068,0.158784,0.669553,0.724542,-0.283995,0.006649,0.156629,1.202512,-0.334329,-0.022025,0.101544,-0.123135,-0.127410,0.422366,-0.640119,-0.021249,0.361130,-0.017239,1.154758,0.470177,-0.148131,0.473066,1.535334,0.000000,0.000000,0.034575,-0.444212,0.312397,-0.084207,-0.091506,0.000000,0.000000
-2.890685,3.123379,0.787998,0.030955,0.158930,0.661802,0.731984,-0.314429,0.014536,0.167493,1.132217,-0.319474,-0.022506,0.112711,-0.118614,-0.103443,0.415632,-0.603664,-0.024358,0.390028,-0.018179,1.175726,0.477970,-0.125594,0.443935,1.525744,0.000000,0.000000,0.014708,-0.435957,0.313098,-0.116744,-0.092882,0.000000,0.000000
-2.890682,3.148554,0.793975,0.024331,0.158913,0.655360,0.738009,-0.338859,0.019373,0.174034,1.052316,-0.301790,-0.022344,0.125117,-0.116477,-0.081255,0.409236,-0.538461,-0.028543,0.416327,-0.019059,1.193227,0.485309,-0.107948,0.419114,1.519798,0.000000,0.000000,0.000493,-0.430313,0.313913,-0.147535,-0.098621,0.000000,0.000000
-2.890328,3.174476,0.805309,0.019095,0.159776,0.649123,0.743469,-0.358572,0.020652,0.179208,0.964602,-0.277099,-0.022386,0.137668,-0.117130,-0.066403,0.404610,-0.456794,-0.032836,0.440942,-0.019855,1.209788,0.494970,-0.088392,0.392754,1.513498,0.000000,0.000000,-0.005293,-0.429479,0.313811,-0.181693,-0.095014,0.000000,0.000000
-2.890454,3.201041,0.807102,0.014159,0.159879,0.643947,0.748044,-0.373796,0.020600,0.184278,0.871135,-0.248916,-0.022312,0.150331,-0.118714,-0.053201,0.402511,-0.364236,-0.037457,0.461356,-0.020483,1.221867,0.498218,-0.073817,0.371595,1.505990,0.000000,0.000000,-0.008847,-0.428141,0.311827,-0.211667,-0.093915,0.000000,0.000000
-2.890435,3.228208,0.803872,0.008912,0.160185,0.639068,0.752233,-0.385368,0.020166,0.189024,0.765743,-0.214740,-0.021702,0.163716,-0.121051,-0.043735,0.396129,-0.248484,-0.041984,0.480826,-0.020983,1.229635,0.498509,-0.059895,0.352466,1.502524,0.000000,0.000000,-0.007462,-0.425414,0.308081,-0.243687,-0.089856,0.000000,0.000000
-2.890758,3.255637,0.786531,0.004220,0.160406,0.635582,0.755174,-0.394058,0.018304,0.189946,0.662696,-0.185948,-0.020214,0.175965,-0.124339,-0.039010,0.396467,-0.147936,-0.045558,0.495723,-0.021420,1.230649,0.498652,-0.050701,0.338911,1.498858,0.000000,0.000000,-0.003491,-0.423215,0.307410,-0.269837,-0.085617,0.000000,0.000000
-2.891820,3.283480,0.802430,-0.000712,0.160749,0.632218,0.757931,-0.399600,0.015956,0.185936,0.557384,-0.156118,-0.017592,0.188291,-0.129025,-0.031177,0.392240,-0.059946,-0.049693,0.508591,-0.021788,1.227332,0.499577,-0.044523,0.327118,1.493435,0.000000,0.000000,0.000671,-0.424198,0.308081,-0.292943,-0.083018,0.000000,0.000000
-2.893768,3.311724,0.817758,-0.005519,0.160954,0.629071,0.760482,-0.402332,0.013825,0.175828,0.449648,-0.128028,-0.013646,0.200612,-0.135605,-0.019372,0.387606,0.011738,-0.054773,0.518995,-0.022126,1.221505,0.499023,-0.038837,0.315293,1.491194,0.000000,0.000000,0.003859,-0.428560,0.308934,-0.311765,-0.085615,0.000000,0.000000
-2.895809,3.339749,0.828828,-0.010310,0.160534,0.626335,0.762776,-0.402535,0.012725,0.166160,0.346139,-0.103674,-0.009878,0.208160,-0.141085,-0.003627,0.398307,0.063575,-0.059863,0.525693,-0.022305,1.213817,0.495127,-0.031043,0.303948,1.491912,0.000000,0.000000,0.007956,-0.432222,0.310685,-0.326261,-0.088868,0.000000,0.000000
-2.897426,3.368815,0.835775,-0.015012,0.160260,0.624797,0.764016,-0.402656,0.011164,0.160594,0.254410,-0.085790,-0.007212,0.215399,-0.144169,0.013592,0.413026,0.092383,-0.064176,0.528490,-0.022338,1.203217,0.489154,-0.023349,0.293437,1.489564,0.000000,0.000000,0.013248,-0.433204,0.313428,-0.336337,-0.089448,0.000000,0.000000
-2.898491,3.398582,0.839440,-0.018088,0.159064,0.624197,0.764689,-0.400340,0.008407,0.157170,0.173684,-0.071367,-0.005388,0.224347,-0.146219,0.026314,0.432101,0.104214,-0.067254,0.527533,-0.022256,1.192706,0.482211,-0.016058,0.283691,1.485969,0.000000,0.000000,0.023283,-0.433646,0.317019,-0.342408,-0.088710,0.000000,0.000000
-2.898976,3.428791,0.840943,-0.019712,0.157202,0.624732,0.764597,-0.396511,0.003044,0.158949,0.109845,-0.061956,-0.005091,0.234457,-0.147227,0.034912,0.455593,0.101641,-0.069198,0.522095,-0.022022,1.183433,0.473788,-0.007788,0.274602,1.483401,0.000000,0.000000,0.038510,-0.431566,0.321578,-0.343143,-0.082987,0.000000,0.000000
-2.899355,3.458474,0.841200,-0.019685,0.154764,0.626608,0.763559,-0.391229,-0.006738,0.163181,0.057155,-0.057832,-0.005713,0.243315,-0.146920,0.042440,0.496758,0.087564,-0.070389,0.511831,-0.021553,1.174453,0.464168,0.000947,0.264404,1.478992,0.000000,0.000000,0.059145,-0.425163,0.325594,-0.338509,-0.065237,0.000000,0.000000
-2.899231,3.487772,0.841458,-0.019303,0.151644,0.629306,0.761974,-0.385908,-0.018624,0.170779,0.023952,-0.061529,-0.007136,0.249831,-0.144208,0.046196,0.549040,0.070116,-0.070018,0.499129,-0.021034,1.164981,0.455250,0.008593,0.254185,1.471785,0.000000,0.000000,0.082586,-0.415510,0.328050,-0.328866,-0.037804,0.000000,0.000000
-2.899281,3.516919,0.842368,-0.018534,0.147658,0.632812,0.759870,-0.380531,-0.030983,0.177964,0.011633,-0.067441,-0.008953,0.254567,-0.139570,0.048288,0.608476,0.054304,-0.068528,0.486586,-0.020782,1.153432,0.450398,0.013445,0.243840,1.462307,0.000000,0.000000,0.102008,-0.417969,0.330410,-0.313927,-0.023298,0.000000,0.000000
-2.900009,3.546593,0.843737,-0.017076,0.143303,0.639329,0.755269,-0.374452,-0.043534,0.176400,0.017474,-0.077223,-0.010304,0.258361,-0.132775,0.047242,0.674574,0.038420,-0.065554,0.470422,-0.020360,1.138148,0.451233,0.013349,0.233759,1.457940,0.000000,0.000000,0.124304,-0.421680,0.332651,-0.291137,-0.018161,0.000000,0.000000
-2.900919,3.576929,0.845731,-0.015323,0.138595,0.645804,0.750662,-0.367314,-0.054536,0.169298,0.039752,-0.091708,-0.011477,0.260622,-0.127136,0.041738,0.744635,0.024555,-0.061968,0.449848,-0.019701,1.120200,0.448212,0.012176,0.228002,1.457468,0.000000,0.000000,0.150581,-0.417273,0.333508,-0.261626,-0.020914,0.000000,0.000000
-2.901707,3.607758,0.847855,-0.012592,0.134235,0.651062,0.746954,-0.358125,-0.065228,0.160864,0.076100,-0.107717,-0.013203,0.260623,-0.123168,0.039504,0.819556,0.015614,-0.059113,0.426369,-0.018862,1.101142,0.441003,0.009792,0.225994,1.457099,0.000000,0.000000,0.179894,-0.409473,0.334451,-0.227040,-0.022026,0.000000,0.000000
-2.903527,3.638743,0.849489,-0.008797,0.130486,0.654447,0.744712,-0.346355,-0.078948,0.149117,0.116143,-0.123589,-0.015431,0.258161,-0.124281,0.039359,0.896276,0.007934,-0.057895,0.405948,-0.018126,1.080401,0.433384,0.003267,0.223427,1.461976,0.000000,0.000000,0.209782,-0.405400,0.334259,-0.191612,-0.018917,0.000000,0.000000
-2.904473,3.669531,0.849866,-0.004800,0.127201,0.658456,0.741777,-0.331915,-0.087266,0.124732,0.159035,-0.148848,-0.015046,0.252131,-0.125552,0.037853,0.976313,-0.003115,-0.056318,0.386760,-0.017328,1.055796,0.428458,-0.006712,0.219774,1.466333,0.000000,0.000000,0.241982,-0.401060,0.332225,-0.155613,-0.011360,0.000000,0.000000
-2.904310,3.699745,0.848999,-0.000844,0.123327,0.662540,0.738803,-0.315315,-0.090817,0.101569,0.206579,-0.195357,-0.013592,0.242649,-0.127094,0.031180,1.059065,-0.018045,-0.054002,0.365764,-0.016467,1.029762,0.425039,-0.016755,0.218220,1.463167,0.000000,0.000000,0.274876,-0.397590,0.332494,-0.115524,-0.005514,0.000000,0.000000
-2.903306,3.729537,0.846170,0.004149,0.119117,0.670057,0.732678,-0.297236,-0.093545,0.082128,0.264807,-0.251610,-0.012399,0.231338,-0.125163,0.017972,1.145508,-0.043005,-0.049946,0.340564,-0.015605,0.998981,0.432646,-0.033930,0.215644,1.448719,0.000000,0.000000,0.303920,-0.399634,0.333691,-0.069175,-0.008177,0.000000,0.000000
-2.902550,3.759322,0.841896,0.008519,0.114649,0.675813,0.728052,-0.279146,-0.094782,0.066252,0.324717,-0.312222,-0.011244,0.218355,-0.125974,0.004427,1.229674,-0.070517,-0.046783,0.312287,-0.014553,0.967844,0.436499,-0.046588,0.214482,1.435747,0.000000,0.000000,0.331556,-0.397721,0.328230,-0.028188,-0.015610,0.000000,0.000000
-2.901792,3.788844,0.836264,0.012530,0.109703,0.680390,0.724485,-0.260588,-0.094308,0.053594,0.383362,-0.376900,-0.010059,0.203629,-0.127772,-0.006748,1.310560,-0.101494,-0.044435,0.284346,-0.013462,0.936758,0.436388,-0.060463,0.213631,1.432116,0.000000,0.000000,0.361968,-0.395074,0.326942,0.004635,-0.024058,0.000000,0.000000
-2.900925,3.817930,0.829288,0.016399,0.104726,0.684632,0.721139,-0.241211,-0.092766,0.040036,0.439761,-0.439744,-0.008522,0.186595,-0.129076,-0.015650,1.387690,-0.130950,-0.042339,0.255292,-0.012221,0.904511,0.433388,-0.076738,0.214481,1.438550,0.000000,0.000000,0.399649,-0.391246,0.324763,0.042606,-0.028579,0.000000,0.000000
-2.900371,3.846316,0.821603,0.020530,0.100251,0.688490,0.717990,-0.220862,-0.092602,0.023324,0.489419,-0.491499,-0.006850,0.167669,-0.133015,-0.024356,1.457169,-0.156670,-0.041012,0.227714,-0.010920,0.868673,0.430279,-0.092139,0.216365,1.449770,0.000000,0.000000,0.437895,-0.389083,0.317726,0.083737,-0.037751,0.000000,0.000000
-2.899779,3.874087,0.813887,0.024675,0.096442,0.692469,0.714547,-0.198442,-0.093830,0.006553,0.529420,-0.529642,-0.005473,0.146410,-0.137694,-0.031357,1.518269,-0.178504,-0.040157,0.201360,-0.009590,0.828466,0.426717,-0.107466,0.219763,1.453696,0.000000,0.000000,0.473723,-0.389270,0.307358,0.124360,-0.055527,0.000000,0.000000
-2.898418,3.901681,0.806657,0.028296,0.092688,0.696728,0.710759,-0.173200,-0.093421,-0.008224,0.558865,-0.558812,-0.003998,0.123069,-0.139897,-0.036501,1.568910,-0.194558,-0.039042,0.174632,-0.008233,0.784874,0.423880,-0.125952,0.225643,1.450038,0.000000,0.000000,0.508760,-0.390218,0.296860,0.164631,-0.073289,0.000000,0.000000
-2.899065,3.929363,0.801053,0.031400,0.090007,0.698521,0.709211,-0.143159,-0.098572,-0.023716,0.570707,-0.585347,-0.003449,0.097362,-0.152686,-0.043276,1.610496,-0.201906,-0.040008,0.152361,-0.006785,0.733803,0.412535,-0.154970,0.244189,1.459194,0.000000,0.000000,0.546348,-0.392647,0.277800,0.200498,-0.066711,0.000000,0.000000
-2.897772,3.958341,0.795996,0.033733,0.085753,0.703395,0.704801,-0.111280,-0.096462,-0.039616,0.577562,-0.603929,-0.001283,0.074449,-0.157019,-0.055338,1.635479,-0.207108,-0.038750,0.127148,-0.005103,0.683648,0.410328,-0.180104,0.255650,1.455980,0.000000,0.000000,0.588574,-0.393110,0.260432,0.235832,-0.041106,0.000000,0.000000
-2.895814,3.987342,0.792187,0.034953,0.080625,0.708640,0.700076,-0.078916,-0.089010,-0.054883,0.576423,-0.608658,0.002023,0.052427,-0.156825,-0.069574,1.647057,-0.211622,-0.036491,0.100430,-0.003491,0.638267,0.417993,-0.195227,0.256024,1.453744,0.000000,0.000000,0.629334,-0.396696,0.245800,0.258625,-0.013792,0.000000,0.000000
-2.893690,4.016009,0.788705,0.035321,0.075358,0.713654,0.695537,-0.047118,-0.078710,-0.066852,0.572036,-0.612357,0.005664,0.029708,-0.155222,-0.085585,1.647529,-0.219232,-0.033894,0.072290,-0.001971,0.598960,0.427469,-0.201226,0.247411,1.446293,0.000000,0.000000,0.669656,-0.400363,0.228631,0.275558,0.018825,0.000000,0.000000
-2.891448,4.043617,0.787740,0.035100,0.070083,0.718823,0.690760,-0.017644,-0.066388,-0.076705,0.568469,-0.616002,0.009672,0.005105,-0.152259,-0.102961,1.639274,-0.233810,-0.030857,0.041830,-0.000478,0.566345,0.435737,-0.202397,0.231928,1.438695,0.000000,0.000000,0.711627,-0.402694,0.212469,0.284742,0.047084,0.000000,0.000000
-2.889487,4.069226,0.791348,0.034080,0.065261,0.724285,0.685559,0.007480,-0.053469,-0.087083,0.566468,-0.619346,0.014108,-0.023114,-0.149641,-0.122663,1.624536,-0.254139,-0.027226,0.011218,0.000950,0.538195,0.439667,-0.200199,0.208980,1.429319,0.000000,0.000000,0.754350,-0.405147,0.197069,0.284787,0.062424,0.000000,0.000000
-2.887513,4.092206,0.797710,0.032414,0.061739,0.729092,0.680854,0.027112,-0.041478,-0.097960,0.565925,-0.622084,0.018581,-0.056881,-0.149068,-0.143048,1.603923,-0.276396,-0.023280,-0.017359,0.002294,0.511776,0.441756,-0.183638,0.182983,1.418518,0.000000,0.000000,0.795297,-0.409214,0.180792,0.276841,0.067687,0.000000,0.000000
-2.885043,4.112947,0.806615,0.030324,0.059935,0.732780,0.677143,0.041513,-0.030600,-0.107214,0.567409,-0.624151,0.022673,-0.096472,-0.149782,-0.160979,1.577158,-0.294157,-0.019175,-0.046427,0.003611,0.488300,0.442688,-0.168820,0.156009,1.410040,0.000000,0.000000,0.833409,-0.418755,0.171002,0.266726,0.063331,0.000000,0.000000
-2.882066,4.132682,0.817802,0.028201,0.060417,0.735935,0.673761,0.051621,-0.022018,-0.115501,0.569985,-0.621389,0.026194,-0.139338,-0.152364,-0.177819,1.543630,-0.299758,-0.014833,-0.075057,0.004955,0.465431,0.443200,-0.156837,0.125804,1.408610,0.000000,0.000000,0.866630,-0.434208,0.164645,0.256957,0.042924,0.000000,0.000000
-2.878892,4.153038,0.819644,0.026138,0.062901,0.738531,0.670769,0.060387,-0.016407,-0.124302,0.569141,-0.601613,0.029324,-0.183256,-0.157277,-0.192681,1.499690,-0.299807,-0.010912,-0.103681,0.006276,0.443876,0.440192,-0.142178,0.092981,1.408866,0.000000,0.000000,0.895602,-0.453043,0.156523,0.245620,0.018208,0.000000,0.000000
-2.874592,4.175701,0.820655,0.023798,0.066464,0.739619,0.669312,0.070498,-0.011255,-0.130888,0.564846,-0.572100,0.032210,-0.224630,-0.159724,-0.203602,1.442297,-0.299588,-0.007045,-0.132273,0.007622,0.425789,0.433904,-0.119373,0.059671,1.406592,0.000000,0.000000,0.921944,-0.471322,0.147535,0.231695,0.008413,0.000000,0.000000
-2.869607,4.201105,0.821590,0.021527,0.070544,0.740680,0.667798,0.083048,-0.005823,-0.138091,0.556517,-0.535022,0.035459,-0.260637,-0.160040,-0.214966,1.373484,-0.298297,-0.002688,-0.160939,0.008919,0.410636,0.426242,-0.095714,0.023453,1.404803,0.000000,0.000000,0.947452,-0.487682,0.137618,0.219770,0.007975,0.000000,0.000000
-2.864421,4.228733,0.822583,0.019664,0.074594,0.741822,0.666145,0.098015,-0.001040,-0.148696,0.545179,-0.489176,0.039319,-0.289931,-0.159995,-0.226115,1.296946,-0.295125,0.001227,-0.187510,0.010049,0.399030,0.417970,-0.075642,-0.013102,1.403367,0.000000,0.000000,0.971914,-0.501980,0.127841,0.214151,0.008072,0.000000,0.000000
-2.859975,4.257720,0.823660,0.018041,0.077965,0.743385,0.664059,0.114923,0.002630,-0.162816,0.532002,-0.432570,0.043717,-0.313738,-0.161903,-0.238279,1.213862,-0.288313,0.004301,-0.211664,0.011131,0.390048,0.409226,-0.059371,-0.049510,1.403039,0.000000,0.000000,0.995464,-0.512633,0.117671,0.211554,0.011602,0.000000,0.000000
-2.855381,4.287666,0.824600,0.016487,0.081131,0.745063,0.661836,0.133661,0.006772,-0.177172,0.513120,-0.361004,0.048501,-0.332673,-0.163064,-0.252623,1.125099,-0.275435,0.007619,-0.236180,0.012134,0.384287,0.404023,-0.043002,-0.089278,1.399278,0.000000,0.000000,1.017707,-0.523367,0.105448,0.204808,0.019980,0.000000,0.000000
-2.849707,4.317221,0.825142,0.015848,0.084254,0.746269,0.660100,0.151925,0.011889,-0.188801,0.497013,-0.284029,0.053124,-0.348864,-0.161907,-0.264845,1.027690,-0.258218,0.010277,-0.263132,0.013219,0.382391,0.421133,-0.041157,-0.133121,1.386136,0.000000,0.000000,1.038726,-0.530099,0.090255,0.198418,0.024022,0.000000,0.000000
-2.844728,4.346954,0.813557,0.014345,0.086695,0.747075,0.658906,0.168986,0.018134,-0.194980,0.482872,-0.209177,0.056945,-0.361659,-0.159751,-0.273761,0.927485,-0.238359,0.011721,-0.282217,0.013834,0.378196,0.421195,-0.024936,-0.165495,1.380034,0.000000,0.000000,1.057803,-0.531196,0.073971,0.192422,0.032916,0.000000,0.000000
-2.838746,4.376513,0.809257,0.012558,0.089396,0.746804,0.658888,0.184017,0.026356,-0.198220,0.471483,-0.150659,0.060589,-0.372580,-0.155590,-0.279413,0.823261,-0.219275,0.012255,-0.299464,0.014387,0.373306,0.420451,-0.006044,-0.190036,1.382394,0.000000,0.000000,1.072358,-0.533052,0.059636,0.187908,0.035321,0.000000,0.000000
-2.832896,4.406420,0.831853,0.010864,0.092640,0.745180,0.660308,0.199796,0.031350,-0.203131,0.458547,-0.098855,0.063329,-0.380845,-0.151485,-0.282708,0.710626,-0.199838,0.011418,-0.316121,0.014983,0.370742,0.423769,0.009679,-0.217284,1.388749,0.000000,0.000000,1.082953,-0.539166,0.044280,0.182616,0.024738,0.000000,0.000000
-2.826701,4.436219,0.850080,0.009208,0.095677,0.743599,0.661681,0.213461,0.035965,-0.208116,0.454866,-0.057149,0.065819,-0.385888,-0.146148,-0.286752,0.593398,-0.185139,0.010231,-0.331892,0.015490,0.369983,0.425695,0.013235,-0.253203,1.381782,0.000000,0.000000,1.090737,-0.545226,0.031324,0.175354,0.011231,0.000000,0.000000
-2.819794,4.465762,0.863033,0.008063,0.098902,0.743500,0.661333,0.221329,0.041710,-0.211828,0.467625,-0.033326,0.068349,-0.387336,-0.140652,-0.292692,0.476685,-0.172575,0.008860,-0.344818,0.015942,0.370665,0.430067,0.021166,-0.279090,1.379249,0.000000,0.000000,1.096657,-0.546380,0.017617,0.166076,0.002324,0.000000,0.000000
-2.812809,4.496126,0.870419,0.007352,0.101321,0.742782,0.661781,0.230642,0.048191,-0.209013,0.486035,-0.026745,0.069950,-0.387369,-0.135022,-0.295337,0.369358,-0.160004,0.006776,-0.356150,0.016367,0.370296,0.437664,0.023519,-0.301074,1.374347,0.000000,0.000000,1.099496,-0.548880,0.005643,0.158402,-0.006209,0.000000,0.000000
-2.806291,4.527326,0.873507,0.006724,0.102507,0.740543,0.664110,0.242209,0.053514,-0.200895,0.508148,-0.029936,0.070180,-0.384197,-0.128631,-0.294872,0.267984,-0.141186,0.004656,-0.361958,0.016488,0.372179,0.439912,0.029896,-0.318345,1.363595,0.000000,0.000000,1.100405,-0.548582,-0.006293,0.151999,-0.012354,0.000000,0.000000
-2.800451,4.558451,0.873149,0.006546,0.102740,0.737897,0.667016,0.253320,0.058090,-0.187524,0.539010,-0.038327,0.069151,-0.378904,-0.122300,-0.294246,0.175050,-0.116108,0.003006,-0.364465,0.016518,0.379745,0.443951,0.033027,-0.327610,1.359775,0.000000,0.000000,1.099711,-0.547620,-0.017092,0.146566,-0.016757,0.000000,0.000000
-2.795254,4.589128,0.870205,0.006740,0.102237,0.734989,0.670293,0.261811,0.061080,-0.172470,0.582676,-0.048921,0.067138,-0.372040,-0.115589,-0.296103,0.089925,-0.088608,0.002078,-0.363670,0.016457,0.387219,0.447579,0.029891,-0.332709,1.354777,0.000000,0.000000,1.096831,-0.546066,-0.026156,0.142203,-0.018426,0.000000,0.000000
-2.790181,4.619617,0.866070,0.007627,0.101713,0.731081,0.674624,0.267478,0.059622,-0.160818,0.633846,-0.058857,0.064141,-0.364792,-0.108749,-0.299959,0.020028,-0.065460,0.001824,-0.359213,0.016304,0.392849,0.451120,0.022252,-0.331163,1.348191,0.000000,0.000000,1.090587,-0.543031,-0.033566,0.139060,-0.009775,0.000000,0.000000
-2.785120,4.650172,0.863442,0.009644,0.101195,0.726151,0.679979,0.271005,0.053475,-0.152084,0.689361,-0.068012,0.060101,-0.357941,-0.103083,-0.304754,-0.017450,-0.050794,0.002021,-0.350853,0.016037,0.397253,0.453229,0.010343,-0.321250,1.343583,0.000000,0.000000,1.081571,-0.540422,-0.041011,0.138133,0.002798,0.000000,0.000000
-2.779696,4.680687,0.864106,0.013287,0.100402,0.720569,0.685946,0.272995,0.042941,-0.143263,0.758093,-0.078406,0.054393,-0.350368,-0.100071,-0.307010,-0.017450,-0.041161,0.002447,-0.337397,0.015634,0.400934,0.456022,-0.007727,-0.300898,1.342783,0.000000,0.000000,1.069999,-0.542016,-0.049686,0.142916,0.007252,0.000000,0.000000
-2.774020,4.711693,0.864284,0.017096,0.098061,0.714875,0.692131,0.273661,0.032324,-0.131708,0.838836,-0.090750,0.047875,-0.341744,-0.097358,-0.308297,-0.017450,-0.038837,0.003262,-0.315975,0.014882,0.403441,0.436638,-0.022499,-0.263879,1.352842,0.000000,0.000000,1.055793,-0.538010,-0.058781,0.153645,0.009883,0.000000,0.000000
-2.768197,4.742760,0.863981,0.021214,0.094446,0.709287,0.698242,0.272695,0.023656,-0.120478,0.918935,-0.101332,0.042095,-0.332612,-0.094946,-0.309481,-0.017450,-0.042068,0.004176,-0.297839,0.014443,0.409359,0.428793,-0.043042,-0.229078,1.357989,0.000000,0.000000,1.040180,-0.533230,-0.061687,0.163412,0.017881,0.000000,0.000000
-2.762367,4.773919,0.865235,0.024049,0.089262,0.705377,0.702778,0.268588,0.021058,-0.108589,1.004014,-0.111503,0.038034,-0.321545,-0.091737,-0.310400,0.000132,-0.048301,0.005637,-0.280324,0.013976,0.417706,0.431339,-0.066514,-0.190463,1.356209,0.000000,0.000000,1.021648,-0.529208,-0.057064,0.173265,0.025686,0.000000,0.000000
-2.756175,4.805049,0.868232,0.024827,0.083187,0.703237,0.705635,0.260140,0.026382,-0.095807,1.091030,-0.121209,0.036212,-0.308277,-0.086250,-0.309570,0.039859,-0.061539,0.007865,-0.266103,0.013467,0.426092,0.438531,-0.089289,-0.149399,1.352653,0.000000,0.000000,0.997831,-0.523124,-0.044321,0.182016,0.030052,0.000000,0.000000
-2.749784,4.835801,0.871471,0.026085,0.077642,0.700892,0.708549,0.248123,0.030979,-0.085120,1.176853,-0.132499,0.034618,-0.292034,-0.084662,-0.296299,0.085661,-0.088632,0.007685,-0.252568,0.012828,0.434904,0.443213,-0.110124,-0.107659,1.349418,0.000000,0.000000,0.970086,-0.513782,-0.028877,0.191306,0.031000,0.000000,0.000000
-2.743777,4.866013,0.873997,0.027641,0.072580,0.698175,0.711702,0.232969,0.036851,-0.071707,1.265244,-0.142480,0.032903,-0.274639,-0.084373,-0.286039,0.139846,-0.138282,0.007283,-0.235821,0.011977,0.446055,0.444772,-0.131117,-0.064637,1.348676,0.000000,0.000000,0.940018,-0.504520,-0.012004,0.198801,0.029196,0.000000,0.000000
-2.737379,4.895744,0.874726,0.029952,0.067716,0.694055,0.716104,0.216780,0.040866,-0.056362,1.349643,-0.155776,0.030572,-0.258200,-0.082695,-0.275793,0.199206,-0.205563,0.006613,-0.217320,0.011072,0.460427,0.444581,-0.149497,-0.022374,1.351129,0.000000,0.000000,0.909945,-0.500309,0.005454,0.205223,0.025951,0.000000,0.000000
-2.730708,4.924781,0.873553,0.032816,0.062847,0.688825,0.721453,0.200300,0.046050,-0.036254,1.432917,-0.167675,0.027921,-0.242575,-0.081468,-0.266519,0.265019,-0.279168,0.005836,-0.197153,0.010108,0.478662,0.442316,-0.164448,0.019377,1.355767,0.000000,0.000000,0.878355,-0.498971,0.025666,0.210198,0.022422,0.000000,0.000000
-2.723882,4.953483,0.870538,0.035914,0.057549,0.682700,0.727543,0.183610,0.047780,-0.020799,1.510016,-0.179812,0.025223,-0.226795,-0.081150,-0.254067,0.331949,-0.348723,0.004556,-0.175846,0.009034,0.501178,0.438034,-0.176140,0.060873,1.361093,0.000000,0.000000,0.845624,-0.496834,0.052055,0.213161,0.020122,0.000000,0.000000
-2.717078,4.981692,0.866095,0.039199,0.052055,0.676831,0.733248,0.165938,0.048295,-0.008849,1.581432,-0.192191,0.022817,-0.208968,-0.081790,-0.235028,0.396262,-0.409065,0.002338,-0.154025,0.007912,0.526764,0.433166,-0.186947,0.104241,1.368887,0.000000,0.000000,0.810607,-0.494761,0.083550,0.214235,0.018783,0.000000,0.000000
-2.709279,5.009295,0.861263,0.042602,0.047484,0.669873,0.739730,0.147104,0.050828,0.006020,1.641582,-0.206771,0.020836,-0.188930,-0.081024,-0.207751,0.447334,-0.458180,-0.000803,-0.131254,0.006711,0.552363,0.426857,-0.195262,0.148490,1.382766,0.000000,0.000000,0.772067,-0.493637,0.116086,0.215220,0.021618,0.000000,0.000000
-2.701390,5.036900,0.856751,0.045313,0.043918,0.660224,0.748413,0.126665,0.049597,0.024156,1.690134,-0.219333,0.017946,-0.166007,-0.077953,-0.175735,0.481657,-0.502070,-0.004344,-0.105403,0.005308,0.580775,0.417731,-0.193389,0.194361,1.407355,0.000000,0.000000,0.728777,-0.489389,0.147497,0.219201,0.027727,0.000000,0.000000
-2.693867,5.064734,0.852980,0.047176,0.041381,0.649491,0.757775,0.104984,0.045023,0.045478,1.723257,-0.228311,0.014213,-0.140748,-0.074092,-0.146559,0.499934,-0.540648,-0.007491,-0.077090,0.003797,0.610919,0.408682,-0.185465,0.235267,1.433620,0.000000,0.000000,0.683671,-0.489349,0.179371,0.215272,0.019106,0.000000,0.000000
-2.685935,5.092855,0.849563,0.048797,0.039633,0.639462,0.766248,0.082130,0.040695,0.066415,1.742082,-0.236441,0.010614,-0.112639,-0.070450,-0.123154,0.508113,-0.573679,-0.009943,-0.047274,0.002145,0.642269,0.400450,-0.178407,0.267633,1.446821,0.000000,0.000000,0.640961,-0.488494,0.207320,0.208999,0.015114,0.000000,0.000000
-2.677532,5.121295,0.846355,0.051140,0.038529,0.630229,0.773765,0.059676,0.037151,0.084872,1.748666,-0.245346,0.007357,-0.083327,-0.070042,-0.106546,0.511584,-0.600388,-0.012142,-0.017981,0.000678,0.674102,0.394767,-0.175408,0.292015,1.444406,0.000000,0.000000,0.604577,-0.483052,0.227320,0.197631,0.034579,0.000000,0.000000
-2.670045,5.149622,0.843568,0.054450,0.038117,0.621669,0.780455,0.036265,0.028804,0.100130,1.744207,-0.255822,0.003237,-0.053505,-0.075641,-0.095202,0.511897,-0.614647,-0.014959,0.012367,-0.000818,0.706028,0.391584,-0.169571,0.307385,1.437741,0.000000,0.000000,0.572965,-0.474476,0.239736,0.183260,0.057017,0.000000,0.000000
-2.663305,5.176969,0.841092,0.058058,0.038389,0.613833,0.786362,0.010983,0.018042,0.115123,1.730822,-0.267070,-0.001852,-0.024839,-0.085406,-0.088219,0.509669,-0.619293,-0.018202,0.044410,-0.002350,0.739795,0.387433,-0.165837,0.314639,1.426188,0.000000,0.000000,0.545705,-0.464973,0.250234,0.163978,0.069404,0.000000,0.000000
-2.657393,5.202659,0.838651,0.061539,0.039805,0.608304,0.790313,-0.017757,0.005603,0.126296,1.708773,-0.277349,-0.007388,0.000310,-0.097404,-0.085948,0.507077,-0.622728,-0.021362,0.075414,-0.003763,0.774110,0.386357,-0.166131,0.313397,1.411701,0.000000,0.000000,0.528097,-0.453660,0.260486,0.143642,0.080288,0.000000,0.000000
-2.652054,5.225646,0.836035,0.063998,0.041719,0.603398,0.793772,-0.051118,-0.005174,0.137235,1.680786,-0.288581,-0.013210,0.020505,-0.108687,-0.085835,0.505597,-0.625550,-0.024115,0.102922,-0.005136,0.808713,0.388080,-0.155506,0.306098,1.398280,0.000000,0.000000,0.500584,-0.454002,0.241182,0.115747,0.039190,0.000000,0.000000
-2.647068,5.246336,0.833363,0.065246,0.044835,0.599731,0.796276,-0.089729,-0.015053,0.145723,1.647200,-0.299787,-0.019049,0.035439,-0.118588,-0.085839,0.504423,-0.624485,-0.026587,0.127794,-0.006154,0.841878,0.396838,-0.147825,0.293866,1.402883,0.000000,0.000000,0.482217,-0.439680,0.236517,0.080799,0.048841,0.000000,0.000000
-2.643168,5.264910,0.830980,0.064383,0.047706,0.596349,0.798716,-0.133573,-0.023219,0.155139,1.606445,-0.307037,-0.025204,0.046292,-0.125620,-0.084084,0.501095,-0.606842,-0.028921,0.152865,-0.007405,0.873436,0.410842,-0.138614,0.278289,1.412486,0.000000,0.000000,0.459968,-0.429690,0.232963,0.036277,0.071971,0.000000,0.000000
-2.639635,5.283565,0.832028,0.060911,0.050370,0.591923,0.802110,-0.178738,-0.027645,0.163023,1.557165,-0.311345,-0.030308,0.054420,-0.129234,-0.079548,0.495621,-0.578252,-0.031097,0.180955,-0.008828,0.902115,0.419452,-0.120929,0.262790,1.405033,0.000000,0.000000,0.436140,-0.423785,0.230866,-0.005803,0.077648,0.000000,0.000000
-2.635834,5.302710,0.834705,0.053610,0.052897,0.585389,0.807247,-0.225595,-0.024503,0.174472,1.500410,-0.311620,-0.034267,0.060260,-0.126913,-0.068467,0.484442,-0.534783,-0.033092,0.211606,-0.010199,0.931285,0.427547,-0.095601,0.242604,1.392518,0.000000,0.000000,0.410671,-0.413812,0.234767,-0.044406,0.073602,0.000000,0.000000
-2.630867,5.325273,0.840480,0.046180,0.054481,0.575598,0.814608,-0.263446,-0.017367,0.190919,1.431302,-0.308272,-0.038038,0.068334,-0.123838,-0.051216,0.474161,-0.482408,-0.036203,0.244096,-0.011609,0.958900,0.433434,-0.071335,0.226476,1.391978,0.000000,0.000000,0.382345,-0.407436,0.246024,-0.077127,0.066569,0.000000,0.000000
-2.625955,5.351380,0.850448,0.039835,0.055642,0.571890,0.817471,-0.293264,-0.013123,0.197732,1.353848,-0.297646,-0.039546,0.082327,-0.121568,-0.043371,0.460790,-0.420752,-0.038277,0.271342,-0.012794,0.983679,0.439511,-0.051907,0.213694,1.395407,0.000000,0.000000,0.358545,-0.398212,0.244765,-0.113374,0.053974,0.000000,0.000000
-2.620681,5.379167,0.862924,0.035073,0.056772,0.570676,0.818459,-0.316492,-0.012024,0.197142,1.268507,-0.280289,-0.039318,0.100368,-0.121494,-0.041815,0.444249,-0.352023,-0.040008,0.294712,-0.013809,1.005317,0.449278,-0.038243,0.205124,1.390105,0.000000,0.000000,0.342186,-0.388710,0.242058,-0.147711,0.050231,0.000000,0.000000
-2.615150,5.407240,0.865939,0.030984,0.057825,0.570585,0.818614,-0.335120,-0.011645,0.194268,1.175094,-0.256080,-0.038109,0.119698,-0.122980,-0.044285,0.426176,-0.275183,-0.041520,0.315199,-0.014731,1.025616,0.457164,-0.026443,0.198971,1.377891,0.000000,0.000000,0.329284,-0.382700,0.235411,-0.183249,0.048673,0.000000,0.000000
-2.608178,5.434172,0.869213,0.024898,0.058888,0.559565,0.826317,-0.349551,-0.001467,0.208926,1.074735,-0.228500,-0.038407,0.133599,-0.126973,-0.037874,0.407978,-0.189772,-0.045265,0.339982,-0.015599,1.048349,0.447029,-0.000896,0.193237,1.370734,0.000000,0.000000,0.310708,-0.384380,0.241044,-0.223996,0.044919,0.000000,0.000000
-2.601607,5.461370,0.872147,0.018772,0.059510,0.552318,0.831295,-0.361260,0.008792,0.217243,0.970366,-0.196598,-0.036546,0.146896,-0.129868,-0.036187,0.391220,-0.100958,-0.047731,0.364171,-0.016359,1.069823,0.439921,0.023368,0.183605,1.369017,0.000000,0.000000,0.293362,-0.386474,0.246644,-0.257652,0.043909,0.000000,0.000000
-2.595588,5.489603,0.874824,0.013061,0.060802,0.546560,0.835107,-0.370036,0.015727,0.222225,0.862874,-0.161166,-0.034418,0.160721,-0.135099,-0.035864,0.372913,-0.020787,-0.050411,0.385326,-0.016881,1.088901,0.432562,0.046065,0.170076,1.368429,0.000000,0.000000,0.279270,-0.381992,0.246934,-0.291494,0.052452,0.000000,0.000000
-2.590320,5.518642,0.877144,0.007961,0.062325,0.542466,0.837725,-0.375932,0.019071,0.224555,0.749736,-0.120282,-0.032230,0.175676,-0.142696,-0.033382,0.355337,0.047964,-0.054029,0.405050,-0.017466,1.106573,0.424295,0.066719,0.155443,1.368736,0.000000,0.000000,0.267289,-0.380959,0.243309,-0.325452,0.055621,0.000000,0.000000
-2.585889,5.547312,0.879564,0.003574,0.063635,0.538036,0.840509,-0.378448,0.020580,0.225925,0.634970,-0.075331,-0.030074,0.186522,-0.153168,-0.029007,0.353812,0.098058,-0.058681,0.423296,-0.017925,1.124069,0.414455,0.088588,0.142471,1.367511,0.000000,0.000000,0.255887,-0.382740,0.239477,-0.359910,0.056885,0.000000,0.000000
-2.581544,5.575889,0.873587,-0.001042,0.064956,0.531658,0.844464,-0.377898,0.023699,0.229300,0.515348,-0.027272,-0.027711,0.193569,-0.165865,-0.023135,0.362842,0.124586,-0.064102,0.441706,-0.018365,1.141256,0.407182,0.111479,0.129565,1.367046,0.000000,0.000000,0.246683,-0.387229,0.238640,-0.393780,0.055961,0.000000,0.000000
-2.577896,5.605748,0.866658,-0.005230,0.067422,0.528000,0.846548,-0.375230,0.021984,0.229011,0.393661,0.023151,-0.025650,0.201065,-0.179897,-0.020999,0.375055,0.127878,-0.069187,0.457506,-0.018785,1.156621,0.407721,0.129663,0.112611,1.368277,0.000000,0.000000,0.238971,-0.395236,0.231329,-0.425507,0.056246,0.000000,0.000000
-2.573763,5.635728,0.864526,-0.008171,0.068149,0.521955,0.850207,-0.370981,0.024575,0.225853,0.284895,0.062441,-0.021928,0.210641,-0.196850,-0.021102,0.391131,0.119493,-0.074839,0.469838,-0.019054,1.169613,0.399458,0.146062,0.099946,1.365238,0.000000,0.000000,0.233418,-0.399182,0.232930,-0.452964,0.060218,0.000000,0.000000
-2.569261,5.666072,0.865366,-0.011101,0.068165,0.521155,0.850663,-0.359702,0.027926,0.211792,0.158430,0.115006,-0.016177,0.222557,-0.209460,-0.024952,0.412337,0.102457,-0.078466,0.476894,-0.019148,1.187372,0.391480,0.165793,0.079975,1.357682,0.000000,0.000000,0.231787,-0.404144,0.225689,-0.485331,0.061369,0.000000,0.000000
-2.564729,5.696171,0.864459,-0.013901,0.068467,0.519831,0.851407,-0.354167,0.032465,0.199116,0.057930,0.142424,-0.010873,0.234933,-0.222794,-0.031843,0.434215,0.087288,-0.081791,0.482298,-0.019173,1.196521,0.383694,0.181009,0.066463,1.352965,0.000000,0.000000,0.228844,-0.407377,0.222891,-0.506489,0.062431,0.000000,0.000000
-2.559636,5.726597,0.864270,-0.016467,0.068952,0.520420,0.850963,-0.349344,0.035167,0.190266,-0.017450,0.159740,-0.007448,0.246213,-0.233230,-0.039278,0.454305,0.074560,-0.084116,0.484221,-0.019192,1.203750,0.380541,0.191404,0.053723,1.349619,0.000000,0.000000,0.227215,-0.411866,0.220669,-0.519965,0.060034,0.000000,0.000000
-2.554225,5.756660,0.860679,-0.018116,0.068631,0.521778,0.850123,-0.346893,0.035336,0.188580,-0.017450,0.166960,-0.006830,0.251808,-0.238449,-0.043966,0.468163,0.069291,-0.085182,0.484235,-0.019137,1.207783,0.379461,0.196073,0.047481,1.348366,0.000000,0.000000,0.227266,-0.413041,0.220120,-0.524699,0.060112,0.000000,0.000000
-2.548392,5.786252,0.857346,-0.019330,0.066839,0.523813,0.848987,-0.342547,0.033342,0.193250,-0.017450,0.178647,-0.007685,0.262160,-0.247269,-0.054102,0.499199,0.061077,-0.086586,0.483297,-0.019054,1.214654,0.377236,0.205161,0.036311,1.346812,0.000000,0.000000,0.226742,-0.415668,0.218232,-0.533351,0.054850,0.000000,0.000000
-2.542602,5.815941,0.854258,-0.021064,0.065152,0.525834,0.847827,-0.337762,0.028693,0.205751,-0.017450,0.189609,-0.010257,0.273217,-0.256650,-0.065826,0.540059,0.053632,-0.087749,0.479220,-0.018882,1.221508,0.374550,0.218322,0.023530,1.345895,0.000000,0.000000,0.227490,-0.418270,0.218089,-0.538435,0.047289,0.000000,0.000000
-2.536921,5.845778,0.852167,-0.021437,0.063856,0.527572,0.846835,-0.332896,0.023003,0.218240,-0.017450,0.199616,-0.013209,0.282668,-0.266821,-0.076420,0.584323,0.047781,-0.089140,0.473080,-0.018639,1.227568,0.373965,0.232352,0.011533,1.348484,0.000000,0.000000,0.229662,-0.420507,0.220902,-0.536150,0.043436,0.000000,0.000000
-2.532364,5.875472,0.851875,-0.022815,0.059364,0.532366,0.844122,-0.327100,0.017919,0.227394,-0.017450,0.208462,-0.015765,0.291944,-0.274228,-0.085169,0.639413,0.042822,-0.089716,0.463591,-0.018240,1.232135,0.370807,0.247272,0.000961,1.354717,0.000000,0.000000,0.234496,-0.419689,0.224168,-0.526635,0.045455,0.000000,0.000000
-2.528059,5.905548,0.852854,-0.023877,0.055352,0.536981,0.841438,-0.320710,0.013123,0.230890,-0.017450,0.213601,-0.017623,0.299865,-0.279314,-0.089081,0.705322,0.037680,-0.089820,0.449112,-0.017822,1.234739,0.366797,0.257612,-0.012934,1.358682,0.000000,0.000000,0.239400,-0.418771,0.227746,-0.510537,0.052710,0.000000,0.000000
-2.523691,5.935945,0.853387,-0.023421,0.052264,0.541979,0.838438,-0.313938,0.007034,0.229365,-0.017450,0.212830,-0.019001,0.305579,-0.284152,-0.090987,0.776355,0.032649,-0.089546,0.432189,-0.017315,1.236157,0.363576,0.271171,-0.023555,1.362660,0.000000,0.000000,0.247186,-0.417138,0.229506,-0.488285,0.061306,0.000000,0.000000
-2.519486,5.966430,0.853569,-0.021244,0.050551,0.543163,0.837835,-0.306763,0.000601,0.225412,-0.017450,0.212365,-0.020104,0.307453,-0.293194,-0.089458,0.840435,0.029319,-0.090808,0.419971,-0.016987,1.235909,0.358676,0.278269,-0.027547,1.366203,0.000000,0.000000,0.257741,-0.419006,0.233583,-0.464491,0.065802,0.000000,0.000000
-2.514764,5.996838,0.853720,-0.017654,0.050214,0.542233,0.838540,-0.297931,-0.007036,0.219848,-0.017450,0.208515,-0.021208,0.306650,-0.304973,-0.082283,0.904995,0.024752,-0.093227,0.410624,-0.016785,1.230958,0.352292,0.277430,-0.029485,1.368653,0.000000,0.000000,0.269853,-0.423535,0.239147,-0.436881,0.067018,0.000000,0.000000
-2.509976,6.027167,0.854327,-0.014948,0.048134,0.543944,0.837607,-0.286121,-0.012760,0.203547,-0.017450,0.196975,-0.020093,0.304236,-0.313571,-0.071659,0.980937,0.017046,-0.094247,0.400002,-0.016356,1.222442,0.349103,0.273853,-0.030375,1.370997,0.000000,0.000000,0.284814,-0.425833,0.242453,-0.402541,0.065113,0.000000,0.000000
-2.505110,6.057028,0.855076,-0.013138,0.044843,0.547940,0.835212,-0.273649,-0.013789,0.173700,-0.017450,0.178358,-0.015608,0.300426,-0.315448,-0.062928,1.057547,0.008863,-0.092409,0.388599,-0.015851,1.212604,0.352917,0.268842,-0.031724,1.371079,0.000000,0.000000,0.300887,-0.424457,0.240185,-0.367377,0.059046,0.000000,0.000000
-2.500166,6.086202,0.855850,-0.011927,0.041289,0.553321,0.831859,-0.261040,-0.014788,0.142058,-0.017450,0.120242,-0.010169,0.294109,-0.312151,-0.057342,1.135835,0.000814,-0.088019,0.374036,-0.015311,1.201307,0.360868,0.263107,-0.037023,1.370400,0.000000,0.000000,0.319054,-0.419757,0.235060,-0.333317,0.050254,0.000000,0.000000
-2.495014,6.115065,0.856542,-0.010392,0.036701,0.560534,0.827252,-0.251405,-0.018686,0.125936,-0.006154,0.045689,-0.007675,0.288192,-0.305991,-0.057266,1.205008,-0.007240,-0.083036,0.357980,-0.014821,1.192712,0.369962,0.256987,-0.036735,1.369378,0.000000,0.000000,0.338011,-0.413404,0.230669,-0.303081,0.041531,0.000000,0.000000
-2.490768,6.144336,0.859906,-0.007956,0.031806,0.567179,0.822942,-0.243591,-0.025725,0.113167,0.058997,-0.038733,-0.006698,0.281978,-0.302726,-0.058747,1.276273,-0.019474,-0.078325,0.337762,-0.014219,1.176697,0.378129,0.250873,-0.042990,1.374450,0.000000,0.000000,0.360820,-0.404147,0.228352,-0.271385,0.031450,0.000000,0.000000
-2.485959,6.173297,0.861914,-0.005086,0.027087,0.575498,0.817339,-0.237518,-0.032074,0.106763,0.139476,-0.117708,-0.006978,0.275407,-0.297442,-0.063042,1.345459,-0.032169,-0.072990,0.314904,-0.013609,1.160529,0.386817,0.239524,-0.042085,1.377612,0.000000,0.000000,0.387026,-0.397671,0.222637,-0.236262,0.019252,0.000000,0.000000
-2.481308,6.201399,0.861673,-0.001531,0.022328,0.580711,0.813802,-0.231033,-0.035819,0.100907,0.219702,-0.189853,-0.007078,0.266080,-0.295772,-0.063124,1.410707,-0.050189,-0.069404,0.294108,-0.013024,1.145907,0.399576,0.223582,-0.031439,1.387054,0.000000,0.000000,0.413234,-0.391932,0.220497,-0.199962,0.011055,0.000000,0.000000
-2.477080,6.227153,0.859605,0.002601,0.017698,0.585996,0.810116,-0.223195,-0.038439,0.082899,0.292457,-0.249175,-0.005354,0.252360,-0.291079,-0.059989,1.476535,-0.064143,-0.065461,0.275604,-0.012504,1.122477,0.412889,0.202511,-0.016064,1.397252,0.000000,0.000000,0.439212,-0.384672,0.216291,-0.160611,0.001127,0.000000,0.000000
-2.478854,6.251815,0.856016,0.006440,0.014946,0.604358,0.796547,-0.217246,-0.054935,0.035518,0.356565,-0.293624,-0.002188,0.237536,-0.290418,-0.081623,1.548228,-0.093019,-0.060814,0.251518,-0.011968,1.079483,0.447484,0.158007,0.010241,1.401685,0.000000,0.000000,0.468137,-0.377537,0.189693,-0.113471,-0.000239,0.000000,0.000000
-2.477751,6.276371,0.851889,0.011263,0.013732,0.617164,0.786634,-0.206572,-0.071482,0.001038,0.406185,-0.329511,-0.000904,0.220110,-0.290343,-0.097718,1.605639,-0.111323,-0.057223,0.223820,-0.011206,1.024099,0.468690,0.105451,0.033882,1.406167,0.000000,0.000000,0.496868,-0.368632,0.171103,-0.064666,-0.010170,0.000000,0.000000
-2.476884,6.301913,0.847719,0.016198,0.012445,0.629772,0.776511,-0.190286,-0.088309,-0.027666,0.444082,-0.363151,-0.000495,0.203232,-0.297182,-0.120323,1.650462,-0.130071,-0.055206,0.194619,-0.010198,0.963092,0.486488,0.049122,0.064189,1.408030,0.000000,0.000000,0.525229,-0.360745,0.152648,-0.013901,-0.023575,0.000000,0.000000
-2.473317,6.327591,0.844104,0.020003,0.010523,0.641168,0.767068,-0.169576,-0.097927,-0.049674,0.471545,-0.394735,0.000418,0.183422,-0.292367,-0.133695,1.683441,-0.148421,-0.052507,0.164327,-0.008961,0.899136,0.504494,-0.004487,0.094381,1.413733,0.000000,0.000000,0.553324,-0.356043,0.135064,0.033793,-0.025183,0.000000,0.000000
-2.468230,6.353578,0.841101,0.022412,0.007861,0.649339,0.760128,-0.145245,-0.100532,-0.064022,0.490077,-0.422925,0.001633,0.161317,-0.281884,-0.141475,1.702529,-0.167637,-0.049898,0.137063,-0.007566,0.834999,0.520895,-0.047126,0.113089,1.430316,0.000000,0.000000,0.581478,-0.352621,0.119729,0.076726,-0.006993,0.000000,0.000000
-2.462428,6.379608,0.838437,0.024678,0.003993,0.650977,0.758686,-0.117008,-0.098007,-0.067212,0.501836,-0.448450,0.002247,0.137592,-0.273780,-0.136832,1.710640,-0.186719,-0.049344,0.113395,-0.006349,0.781551,0.528934,-0.081331,0.138114,1.442452,0.000000,0.000000,0.604420,-0.354128,0.119400,0.113519,0.023490,0.000000,0.000000
-2.457126,6.405540,0.836206,0.025576,-0.000600,0.654744,0.755417,-0.087601,-0.092304,-0.070004,0.508393,-0.467782,0.003559,0.113905,-0.263189,-0.136243,1.708628,-0.205694,-0.048327,0.089045,-0.005143,0.732382,0.535322,-0.110111,0.152143,1.452020,0.000000,0.000000,0.627971,-0.356117,0.117009,0.145434,0.037495,0.000000,0.000000
-2.451916,6.431662,0.834247,0.025796,-0.005153,0.658044,0.752519,-0.057695,-0.085211,-0.073586,0.510153,-0.480733,0.005374,0.089551,-0.252334,-0.136081,1.695672,-0.224380,-0.047440,0.064904,-0.003892,0.692308,0.528736,-0.128757,0.154787,1.455375,0.000000,0.000000,0.653747,-0.355555,0.115615,0.170905,0.044260,0.000000,0.000000
-2.447130,6.457320,0.838992,0.025572,-0.009487,0.661500,0.749449,-0.028292,-0.077915,-0.077626,0.508675,-0.489737,0.007399,0.064080,-0.241941,-0.138991,1.673222,-0.242938,-0.046333,0.039550,-0.002463,0.656407,0.525768,-0.143042,0.143084,1.486062,0.000000,0.000000,0.680542,-0.356942,0.116512,0.187658,0.055225,0.000000,0.000000
-2.443300,6.481664,0.846945,0.025391,-0.013170,0.665436,0.745906,-0.001749,-0.072506,-0.084750,0.506274,-0.493885,0.009578,0.037562,-0.234365,-0.146238,1.643940,-0.267519,-0.045140,0.013894,-0.001186,0.628970,0.520542,-0.149941,0.127557,1.491256,0.000000,0.000000,0.704889,-0.361732,0.116630,0.199969,0.059748,0.000000,0.000000
-2.440359,6.504122,0.857569,0.025075,-0.015526,0.669665,0.742078,0.021003,-0.069103,-0.093399,0.503961,-0.490856,0.011624,0.008026,-0.230717,-0.157215,1.608972,-0.295042,-0.043884,-0.013245,0.000144,0.603831,0.515758,-0.149349,0.108593,1.479687,0.000000,0.000000,0.728656,-0.370127,0.112335,0.206262,0.057227,0.000000,0.000000
-2.437359,6.524177,0.870561,0.024436,-0.016556,0.674939,0.737283,0.038070,-0.066395,-0.105993,0.503017,-0.481213,0.014265,-0.025116,-0.227328,-0.171091,1.568604,-0.318906,-0.041213,-0.040417,0.001452,0.575515,0.514764,-0.150150,0.089444,1.462822,0.000000,0.000000,0.751249,-0.379652,0.104921,0.206654,0.055038,0.000000,0.000000
-2.434152,6.542605,0.878256,0.023374,-0.016114,0.681398,0.731363,0.049997,-0.063845,-0.121041,0.503058,-0.468492,0.017385,-0.061374,-0.224610,-0.188785,1.521913,-0.340813,-0.036963,-0.067139,0.002774,0.545256,0.514623,-0.152910,0.069019,1.445449,0.000000,0.000000,0.772823,-0.388320,0.096850,0.207276,0.045711,0.000000,0.000000
-2.430051,6.560372,0.882226,0.022556,-0.013983,0.687871,0.725348,0.058867,-0.061448,-0.132170,0.503446,-0.451606,0.019929,-0.099474,-0.221862,-0.205411,1.466568,-0.353963,-0.031890,-0.094389,0.004059,0.516893,0.506314,-0.153779,0.047707,1.434755,0.000000,0.000000,0.792729,-0.396162,0.087506,0.211715,0.026079,0.000000,0.000000
-2.425207,6.578733,0.885955,0.022066,-0.010736,0.693741,0.719806,0.067033,-0.058835,-0.138859,0.503622,-0.433226,0.021862,-0.136309,-0.220522,-0.222004,1.401119,-0.359990,-0.026577,-0.119641,0.005416,0.491378,0.496715,-0.153435,0.021701,1.444220,0.000000,0.000000,0.812421,-0.398985,0.074530,0.214628,0.015498,0.000000,0.000000
-2.419508,6.598320,0.889566,0.021380,-0.007046,0.698286,0.715464,0.075966,-0.056223,-0.145940,0.500380,-0.413709,0.023892,-0.169647,-0.217713,-0.235790,1.325704,-0.361326,-0.021262,-0.142837,0.006570,0.467476,0.488561,-0.153553,-0.003453,1.460716,0.000000,0.000000,0.831753,-0.403078,0.062719,0.215119,0.000215,0.000000,0.000000
-2.413300,6.619227,0.892858,0.020212,-0.003484,0.703348,0.710550,0.086163,-0.052362,-0.152791,0.494898,-0.384711,0.026314,-0.198622,-0.211910,-0.248695,1.240153,-0.355237,-0.015446,-0.165333,0.007630,0.445177,0.478071,-0.153763,-0.029500,1.470479,0.000000,0.000000,0.850173,-0.405423,0.050088,0.217669,-0.012082,0.000000,0.000000
-2.406475,6.641193,0.896065,0.019381,-0.000376,0.708803,0.705140,0.097884,-0.045206,-0.153042,0.489884,-0.351983,0.028609,-0.221849,-0.204894,-0.261523,1.145836,-0.344231,-0.009833,-0.189293,0.008714,0.423833,0.469817,-0.155230,-0.051006,1.463684,0.000000,0.000000,0.866438,-0.409238,0.038291,0.221987,-0.018336,0.000000,0.000000
-2.398380,6.664098,0.899059,0.019064,0.003399,0.712177,0.701733,0.110405,-0.036744,-0.148749,0.484344,-0.324740,0.030475,-0.241104,-0.196968,-0.272087,1.042723,-0.335039,-0.005208,-0.211283,0.009924,0.394265,0.487150,-0.152157,-0.073295,1.422820,0.000000,0.000000,0.879144,-0.428858,0.031124,0.229483,-0.012505,0.000000,0.000000
-2.390356,6.688362,0.901701,0.018664,0.007303,0.714477,0.699372,0.123711,-0.030359,-0.148832,0.477614,-0.292461,0.032551,-0.255858,-0.188847,-0.281704,0.934492,-0.318277,-0.001444,-0.228524,0.010775,0.374565,0.489388,-0.142412,-0.099879,1.403923,0.000000,0.000000,0.892139,-0.433285,0.020861,0.237924,-0.007694,0.000000,0.000000
-2.382786,6.713351,0.903725,0.017432,0.011690,0.717279,0.696470,0.137057,-0.023643,-0.145311,0.470310,-0.256808,0.034117,-0.267678,-0.179891,-0.292886,0.818244,-0.293338,0.002161,-0.245727,0.011563,0.359892,0.490473,-0.137170,-0.131685,1.392946,0.000000,0.000000,0.903860,-0.435990,0.004130,0.243343,-0.003496,0.000000,0.000000
-2.375486,6.738936,0.905348,0.016121,0.016474,0.719665,0.693939,0.150115,-0.017692,-0.142808,0.462873,-0.219557,0.035644,-0.276413,-0.172101,-0.302671,0.698837,-0.261569,0.004491,-0.259441,0.012202,0.348900,0.488303,-0.133082,-0.165093,1.389205,0.000000,0.000000,0.915642,-0.437942,-0.014914,0.245769,-0.004608,0.000000,0.000000
-2.367687,6.764936,0.906213,0.014192,0.022186,0.721124,0.692306,0.163240,-0.011021,-0.139164,0.452601,-0.184853,0.037160,-0.283308,-0.162780,-0.311455,0.572348,-0.218949,0.006416,-0.273788,0.012836,0.340868,0.486273,-0.123738,-0.197808,1.384977,0.000000,0.000000,0.929844,-0.438695,-0.035538,0.245122,-0.011896,0.000000,0.000000
-2.360244,6.790185,0.904588,0.014165,0.026693,0.722778,0.690419,0.177788,-0.005254,-0.136618,0.444548,-0.156272,0.038587,-0.286702,-0.155298,-0.322613,0.449316,-0.166516,0.008061,-0.284891,0.013489,0.328868,0.492903,-0.127340,-0.231410,1.392665,0.000000,0.000000,0.942543,-0.436464,-0.053844,0.246764,-0.016720,0.000000,0.000000
-2.352803,6.815389,0.894682,0.013665,0.031808,0.724765,0.688126,0.192188,0.000277,-0.136196,0.435940,-0.132301,0.040302,-0.288592,-0.147174,-0.334246,0.322868,-0.101437,0.009704,-0.292844,0.013800,0.319765,0.498458,-0.142237,-0.271403,1.366542,0.000000,0.000000,0.954390,-0.430286,-0.076327,0.246275,-0.013230,0.000000,0.000000
-2.344849,6.840914,0.891598,0.013061,0.036743,0.727778,0.684703,0.205442,0.009581,-0.131808,0.428787,-0.116287,0.042516,-0.289024,-0.139000,-0.346870,0.200805,-0.031556,0.011478,-0.298930,0.014189,0.305040,0.508911,-0.147480,-0.310082,1.337517,0.000000,0.000000,0.966157,-0.424779,-0.101041,0.243522,-0.008290,0.000000,0.000000
-2.336139,6.866597,0.891497,0.013905,0.041550,0.729268,0.682824,0.216192,0.019403,-0.119825,0.438254,-0.110677,0.043552,-0.290211,-0.131646,-0.355239,0.088111,0.034791,0.012225,-0.306170,0.014724,0.289945,0.523080,-0.147226,-0.344770,1.338617,0.000000,0.000000,0.978829,-0.423624,-0.123926,0.239774,-0.009018,0.000000,0.000000
-2.327619,6.893135,0.895453,0.016598,0.045772,0.729038,0.682740,0.227475,0.028138,-0.097671,0.456774,-0.113729,0.042411,-0.288345,-0.128298,-0.355903,-0.013858,0.098225,0.011193,-0.307286,0.014616,0.285934,0.513518,-0.147135,-0.374897,1.322966,0.000000,0.000000,0.993897,-0.419966,-0.151440,0.234075,-0.008843,0.000000,0.000000
-2.319417,6.919619,0.888135,0.020999,0.048593,0.728270,0.683243,0.236072,0.034514,-0.077526,0.471960,-0.118642,0.041009,-0.286593,-0.128111,-0.356775,-0.017450,0.129356,0.011049,-0.305852,0.014531,0.282198,0.513883,-0.147726,-0.394533,1.318653,0.000000,0.000000,1.005701,-0.418443,-0.171455,0.228082,-0.009426,0.000000,0.000000
-2.310647,6.946290,0.882318,0.021586,0.048992,0.730210,0.681122,0.243368,0.046410,-0.057638,0.490501,-0.127333,0.041454,-0.284507,-0.126215,-0.355764,-0.017450,0.160758,0.011536,-0.305380,0.014534,0.279337,0.516707,-0.150180,-0.413532,1.312838,0.000000,0.000000,1.018336,-0.413867,-0.190053,0.220823,-0.008468,0.000000,0.000000
-2.302976,6.972118,0.876643,0.024003,0.049738,0.730597,0.680572,0.251292,0.060648,-0.033418,0.517077,-0.137588,0.041852,-0.281858,-0.124725,-0.355223,-0.017450,0.190398,0.012213,-0.303155,0.014521,0.274698,0.522707,-0.151974,-0.436211,1.307411,0.000000,0.000000,1.034140,-0.408396,-0.211640,0.212435,-0.006586,0.000000,0.000000
-2.294880,6.997876,0.870690,0.027667,0.051142,0.729282,0.681738,0.260581,0.075391,-0.008632,0.553734,-0.150940,0.042219,-0.279013,-0.123100,-0.354581,-0.017450,0.217470,0.013071,-0.297359,0.014466,0.269447,0.532823,-0.155901,-0.463566,1.304960,0.000000,0.000000,1.054301,-0.403637,-0.237545,0.201454,-0.004768,0.000000,0.000000
-2.287513,7.023825,0.865753,0.031218,0.051344,0.728257,0.682665,0.267955,0.086419,0.007961,0.589292,-0.161233,0.042798,-0.276690,-0.122364,-0.354573,-0.017450,0.237252,0.013772,-0.290290,0.014299,0.266111,0.541102,-0.161477,-0.484834,1.299989,0.000000,0.000000,1.071862,-0.399628,-0.258666,0.191926,-0.004460,0.000000,0.000000
-2.280863,7.050151,0.861959,0.033383,0.049638,0.728582,0.682342,0.276552,0.102256,0.025627,0.642089,-0.173842,0.044733,-0.273223,-0.122197,-0.355481,-0.017450,0.259541,0.014724,-0.279942,0.014120,0.262614,0.553029,-0.169285,-0.510559,1.293502,0.000000,0.000000,1.094384,-0.393917,-0.285796,0.179619,-0.005262,0.000000,0.000000
-2.274147,7.076824,0.858916,0.036209,0.048742,0.729088,0.681721,0.284176,0.119656,0.041031,0.708677,-0.188358,0.047512,-0.268784,-0.123268,-0.358059,-0.017450,0.270772,0.015644,-0.264012,0.013541,0.263212,0.557216,-0.164677,-0.520466,1.276741,0.000000,0.000000,1.120935,-0.381503,-0.321690,0.167216,-0.009324,0.000000,0.000000
-2.267054,7.103275,0.858463,0.036106,0.045800,0.731119,0.679752,0.288129,0.141266,0.046616,0.783851,-0.205145,0.053261,-0.261856,-0.119638,-0.357690,-0.017450,0.249983,0.016501,-0.253181,0.013418,0.265876,0.565541,-0.163045,-0.526723,1.256703,0.000000,0.000000,1.142618,-0.372171,-0.348941,0.154912,-0.011659,0.000000,0.000000
-2.260640,7.129116,0.858762,0.037125,0.042850,0.732768,0.678113,0.287524,0.156006,0.045548,0.847557,-0.217638,0.057968,-0.252758,-0.115190,-0.357485,-0.017450,0.216714,0.016709,-0.245703,0.013302,0.269134,0.574735,-0.165328,-0.529901,1.241667,0.000000,0.000000,1.154700,-0.366195,-0.361952,0.148677,-0.009291,0.000000,0.000000
-2.246014,7.155468,0.859532,0.033223,0.037022,0.741644,0.668947,0.280462,0.183872,0.030339,0.894958,-0.225532,0.069153,-0.237783,-0.110265,-0.272632,-0.017450,0.238750,0.005741,-0.251648,0.013583,0.271988,0.585355,-0.171586,-0.530967,1.240454,0.000000,0.000000,1.158075,-0.358173,-0.362760,0.145162,-0.006679,0.000000,0.000000
-2.237983,7.181601,0.860130,0.035265,0.034554,0.740769,0.669943,0.276786,0.195538,0.025636,0.942246,-0.231309,0.073545,-0.227963,-0.105272,-0.239675,-0.017450,0.243031,0.001927,-0.246285,0.013300,0.277406,0.587042,-0.174188,-0.529710,1.242932,0.000000,0.000000,1.161101,-0.356456,-0.366098,0.143818,-0.008188,0.000000,0.000000
-2.230009,7.207780,0.861115,0.037693,0.031856,0.739991,0.670804,0.270969,0.206201,0.019925,1.017091,-0.239751,0.077202,-0.215033,-0.096975,-0.211659,-0.017450,0.233756,-0.000779,-0.233811,0.012840,0.286430,0.588750,-0.175964,-0.524947,1.252226,0.000000,0.000000,1.165185,-0.358473,-0.368893,0.145292,-0.010680,0.000000,0.000000
-2.221654,7.234253,0.861791,0.040124,0.029244,0.739697,0.671106,0.264797,0.215947,0.018005,1.088894,-0.244523,0.079290,-0.203553,-0.089271,-0.195198,-0.017450,0.219099,-0.001987,-0.221058,0.012482,0.296385,0.590247,-0.177320,-0.518090,1.265627,0.000000,0.000000,1.166175,-0.363174,-0.370300,0.148671,-0.015132,0.000000,0.000000
-2.215598,7.260738,0.862038,0.042300,0.026162,0.740501,0.670212,0.258552,0.226525,0.023052,1.153312,-0.247003,0.080184,-0.193426,-0.085645,-0.198501,-0.017450,0.202930,-0.000879,-0.205860,0.012132,0.305394,0.599007,-0.182923,-0.510994,1.269335,0.000000,0.000000,1.164661,-0.365990,-0.372948,0.154032,-0.016295,0.000000,0.000000
-2.211675,7.287531,0.862209,0.045239,0.024046,0.733049,0.678244,0.255566,0.224386,0.038725,1.220694,-0.262598,0.075647,-0.186451,-0.082509,-0.227414,-0.017450,0.183088,0.004423,-0.187907,0.011693,0.326530,0.602178,-0.169136,-0.496150,1.275927,0.000000,0.000000,1.162911,-0.387433,-0.370636,0.157206,-0.020956,0.000000,0.000000
-2.210613,7.312651,0.865921,0.049389,0.023041,0.728487,0.682888,0.248454,0.214565,0.052214,1.286645,-0.282520,0.069304,-0.181048,-0.088834,-0.278433,0.030073,0.078822,0.009845,-0.170961,0.011477,0.347384,0.607743,-0.152696,-0.491101,1.291235,0.000000,0.000000,1.157870,-0.412506,-0.364048,0.164086,-0.025010,0.000000,0.000000
-2.204385,7.338175,0.869647,0.053431,0.020997,0.727215,0.684004,0.240252,0.213289,0.054361,1.342524,-0.292661,0.067108,-0.170666,-0.090509,-0.275043,0.083647,0.033946,0.008895,-0.159477,0.011028,0.384762,0.602050,-0.157124,-0.455906,1.275074,0.000000,0.000000,1.150142,-0.431137,-0.350776,0.177337,-0.030659,0.000000,0.000000
-2.194593,7.362520,0.872011,0.057503,0.018394,0.726185,0.684843,0.229326,0.216388,0.050071,1.396293,-0.304941,0.067191,-0.158148,-0.082809,-0.235990,0.128671,0.027030,0.004962,-0.147218,0.010691,0.411693,0.597135,-0.160433,-0.423953,1.284780,0.000000,0.000000,1.137862,-0.444760,-0.333273,0.191352,-0.033821,0.000000,0.000000
-2.190368,7.386492,0.873675,0.062264,0.015500,0.722318,0.688578,0.218425,0.207808,0.054082,1.447939,-0.317626,0.063037,-0.145918,-0.085835,-0.220538,0.187131,-0.012348,0.002149,-0.128257,0.010118,0.437999,0.589012,-0.164379,-0.386486,1.300501,0.000000,0.000000,1.120967,-0.457035,-0.315460,0.206956,-0.039610,0.000000,0.000000
-2.184357,7.409933,0.873883,0.066891,0.012831,0.718126,0.692572,0.206110,0.198131,0.056325,1.494809,-0.331849,0.058909,-0.134025,-0.087357,-0.201609,0.248823,-0.032540,-0.001002,-0.107621,0.009432,0.465834,0.579309,-0.167142,-0.345755,1.321459,0.000000,0.000000,1.099685,-0.469984,-0.296184,0.221792,-0.044678,0.000000,0.000000
-2.174760,7.430164,0.873163,0.069346,0.010540,0.712744,0.697908,0.187940,0.190055,0.057804,1.537154,-0.344363,0.055472,-0.123515,-0.074868,-0.156847,0.281439,-0.067209,-0.005506,-0.084026,0.008763,0.483934,0.565785,-0.173634,-0.294828,1.352586,0.000000,0.000000,1.068570,-0.487656,-0.263994,0.243068,-0.040699,0.000000,0.000000
-2.167268,7.450732,0.871424,0.071040,0.007287,0.706451,0.704150,0.170230,0.182648,0.058150,1.566067,-0.362075,0.052985,-0.111804,-0.067623,-0.143613,0.321837,-0.123025,-0.006019,-0.057596,0.008019,0.496377,0.556362,-0.188312,-0.232780,1.384188,0.000000,0.000000,1.029581,-0.499215,-0.226169,0.267375,-0.039186,0.000000,0.000000
-2.161305,7.470759,0.869146,0.073473,0.003767,0.702285,0.708085,0.151109,0.176078,0.064032,1.584778,-0.380007,0.050307,-0.098267,-0.064300,-0.136514,0.360478,-0.172042,-0.006532,-0.037268,0.007317,0.505445,0.548930,-0.200263,-0.162908,1.419421,0.000000,0.000000,0.988426,-0.515037,-0.186425,0.294340,-0.033172,0.000000,0.000000
-2.154895,7.489827,0.866799,0.077838,-0.001705,0.698156,0.711700,0.132672,0.166594,0.063877,1.596158,-0.385092,0.047623,-0.081840,-0.058727,-0.118199,0.390693,-0.212679,-0.008411,-0.013326,0.006477,0.500020,0.536167,-0.217526,-0.076473,1.456650,0.000000,0.000000,0.942107,-0.532921,-0.139745,0.328641,-0.034013,0.000000,0.000000
-2.149702,7.510347,0.864593,0.079350,-0.004666,0.695105,0.714500,0.112151,0.157061,0.070810,1.595873,-0.398165,0.044153,-0.066396,-0.055817,-0.117377,0.412574,-0.275089,-0.007938,0.002142,0.005741,0.505527,0.516576,-0.223529,0.006059,1.500247,0.000000,0.000000,0.899695,-0.545941,-0.107846,0.343886,-0.032827,0.000000,0.000000
-2.145732,7.531963,0.862145,0.079623,-0.005349,0.692129,0.717348,0.090170,0.140323,0.071285,1.581843,-0.409457,0.039844,-0.051755,-0.059985,-0.127719,0.435479,-0.306097,-0.007343,0.016951,0.004919,0.519023,0.501258,-0.224605,0.068211,1.534221,0.000000,0.000000,0.857753,-0.554690,-0.080233,0.350491,-0.035962,0.000000,0.000000
