0.000000,0.000000,0.870790,0.004305,-0.003070,0.927915,0.372753,0.024308,0.016194,0.027880,0.035695,-0.267761,0.012455,0.005718,-0.044821,-0.163376,0.062872,-0.291701,-0.000720,0.036629,-0.000594,0.007174,0.234227,-0.523421,1.178466,1.560378,0.000000,0.000000,0.061199,-0.173579,0.286373,1.059506,-0.006975,0.000000,0.000000
-0.000369,-0.000030,0.870576,0.004799,-0.002291,0.929014,0.370007,0.024452,0.015368,0.024995,0.036000,-0.269012,0.012673,0.006603,-0.045785,-0.166545,0.062453,-0.292308,-0.000497,0.033822,-0.000894,0.006024,0.234254,-0.524995,1.182893,1.565294,0.000000,0.000000,0.061947,-0.174567,0.287115,1.062170,-0.004705,0.000000,0.000000
-0.000423,0.000050,0.870554,0.005009,-0.002256,0.929252,0.369406,0.024526,0.015164,0.024077,0.036149,-0.269202,0.012754,0.006915,-0.046016,-0.167446,0.062323,-0.292445,-0.000424,0.032979,-0.000940,0.005668,0.234242,-0.525218,1.183947,1.566354,0.000000,0.000000,0.062239,-0.174947,0.287333,1.062419,-0.003772,0.000000,0.000000
-0.000394,0.000145,0.870564,0.005068,-0.002325,0.929213,0.369501,0.024568,0.015090,0.023700,0.036231,-0.269289,0.012789,0.007047,-0.046106,-0.167841,0.062327,-0.292607,-0.000390,0.032614,-0.000963,0.005581,0.234230,-0.525158,1.184463,1.566807,0.000000,0.000000,0.062338,-0.175101,0.287444,1.062422,-0.003457,0.000000,0.000000
-0.000469,0.000390,0.870565,0.005099,-0.002346,0.929225,0.369472,0.024615,0.015042,0.023359,0.036320,-0.269411,0.012826,0.007130,-0.046190,-0.168257,0.062481,-0.292797,-0.000352,0.032260,-0.000986,0.005544,0.234242,-0.525026,1.184874,1.567215,0.000000,0.000000,0.062457,-0.175222,0.287469,1.062374,-0.003174,0.000000,0.000000
-0.000768,0.000352,0.870491,0.007121,-0.002963,0.927771,0.373071,0.025720,0.014820,0.025440,0.038476,-0.273297,0.012517,0.007561,-0.047981,-0.171142,0.065623,-0.296449,-0.000357,0.032003,-0.001066,0.010064,0.236759,-0.523730,1.181350,1.568714,0.000000,0.000000,0.065425,-0.174734,0.288523,1.059084,-0.003439,0.000000,0.000000
-0.000777,0.000431,0.870492,0.007215,-0.003054,0.927617,0.373449,0.025896,0.014816,0.025850,0.038826,-0.273942,0.012465,0.007601,-0.048239,-0.171525,0.066111,-0.297001,-0.000361,0.032021,-0.001087,0.010818,0.237253,-0.523497,1.180679,1.568928,0.000000,0.000000,0.065941,-0.174666,0.288659,1.058735,-0.003739,0.000000,0.000000
-0.000675,0.000307,0.870474,0.007218,-0.003020,0.927593,0.373511,0.026039,0.014805,0.026169,0.039115,-0.274498,0.012422,0.007634,-0.048464,-0.171875,0.066452,-0.297491,-0.000362,0.032072,-0.001108,0.011448,0.237708,-0.523370,1.180122,1.569121,0.000000,0.000000,0.066403,-0.174563,0.288904,1.058502,-0.004109,0.000000,0.000000
-0.000577,0.000229,0.870445,0.007260,-0.002946,0.927685,0.373281,0.026160,0.014789,0.026453,0.039365,-0.275064,0.012382,0.007666,-0.048665,-0.172256,0.066768,-0.297961,-0.000354,0.032093,-0.001133,0.011977,0.238146,-0.523273,1.179580,1.569296,0.000000,0.000000,0.066785,-0.174466,0.289012,1.058309,-0.004395,0.000000,0.000000
-0.000545,0.000147,0.870427,0.007334,-0.002928,0.927734,0.373159,0.026274,0.014763,0.026669,0.039601,-0.275584,0.012349,0.007688,-0.048868,-0.172696,0.067160,-0.298390,-0.000339,0.032098,-0.001146,0.012445,0.238598,-0.523265,1.179040,1.569455,0.000000,0.000000,0.067051,-0.174462,0.289129,1.058290,-0.004516,0.000000,0.000000
-0.000445,0.000085,0.870415,0.007383,-0.002926,0.927656,0.373352,0.026379,0.014726,0.026862,0.039822,-0.275993,0.012316,0.007686,-0.049071,-0.173163,0.067574,-0.298856,-0.000319,0.032100,-0.001167,0.012834,0.239102,-0.523388,1.178616,1.569602,0.000000,0.000000,0.067246,-0.174538,0.289354,1.058317,-0.004596,0.000000,0.000000
-0.000254,0.000102,0.870406,0.007497,-0.002952,0.927516,0.373697,0.026484,0.014688,0.027124,0.040041,-0.276316,0.012274,0.007667,-0.049254,-0.173631,0.068016,-0.299281,-0.000296,0.032089,-0.001177,0.013186,0.239661,-0.523551,1.178205,1.569732,0.000000,0.000000,0.067410,-0.174597,0.289510,1.058316,-0.004831,0.000000,0.000000
-0.000101,0.000133,0.870420,0.007572,-0.003061,0.927572,0.373554,0.026584,0.014680,0.027388,0.040251,-0.276615,0.012239,0.007644,-0.049388,-0.174042,0.068502,-0.299748,-0.000270,0.032101,-0.001194,0.013431,0.240191,-0.523747,1.177922,1.569851,0.000000,0.000000,0.067638,-0.174596,0.289677,1.058250,-0.005210,0.000000,0.000000
-0.000054,0.000011,0.870419,0.007516,-0.003060,0.927667,0.373321,0.026659,0.014674,0.027556,0.040412,-0.276888,0.012216,0.007614,-0.049505,-0.174214,0.068932,-0.300238,-0.000272,0.032142,-0.001203,0.013571,0.240675,-0.524086,1.177660,1.569958,0.000000,0.000000,0.067861,-0.174656,0.290088,1.058204,-0.005557,0.000000,0.000000
-0.000062,-0.000162,0.870388,0.007488,-0.002929,0.927683,0.373282,0.026713,0.014639,0.027632,0.040535,-0.277069,0.012197,0.007578,-0.049645,-0.174313,0.069301,-0.300536,-0.000288,0.032193,-0.001216,0.013686,0.241095,-0.524527,1.177431,1.570054,0.000000,0.000000,0.068025,-0.174752,0.290558,1.058182,-0.005787,0.000000,0.000000
-0.000067,-0.000252,0.870372,0.007401,-0.002842,0.927690,0.373266,0.026750,0.014596,0.027664,0.040620,-0.277212,0.012184,0.007530,-0.049784,-0.174376,0.069613,-0.300801,-0.000308,0.032206,-0.001217,0.013804,0.241465,-0.524880,1.177253,1.570141,0.000000,0.000000,0.068161,-0.174795,0.290829,1.058116,-0.005876,0.000000,0.000000
-0.000037,-0.000215,0.870390,0.007435,-0.002945,0.927714,0.373207,0.026790,0.014588,0.027750,0.040711,-0.277367,0.012172,0.007488,-0.049885,-0.174479,0.069914,-0.301094,-0.000316,0.032216,-0.001227,0.013914,0.241773,-0.525106,1.177161,1.570219,0.000000,0.000000,0.068324,-0.174765,0.290672,1.057976,-0.005829,0.000000,0.000000
0.000003,-0.000207,0.870391,0.007461,-0.002972,0.927722,0.373186,0.026826,0.014588,0.027826,0.040797,-0.277521,0.012163,0.007452,-0.049970,-0.174570,0.070184,-0.301365,-0.000320,0.032248,-0.001249,0.013992,0.242040,-0.525334,1.177086,1.570290,0.000000,0.000000,0.068481,-0.174744,0.290502,1.057835,-0.005789,0.000000,0.000000
0.000077,-0.000229,0.870377,0.007472,-0.002922,0.927722,0.373186,0.026854,0.014583,0.027893,0.040865,-0.277659,0.012154,0.007421,-0.050050,-0.174635,0.070416,-0.301619,-0.000328,0.032291,-0.001260,0.014009,0.242267,-0.525528,1.177004,1.570354,0.000000,0.000000,0.068594,-0.174769,0.290462,1.057748,-0.005761,0.000000,0.000000
0.000136,-0.000227,0.870359,0.007361,-0.002819,0.927719,0.373195,0.026869,0.014563,0.028110,0.040907,-0.277736,0.012121,0.007380,-0.050126,-0.174731,0.070585,-0.301851,-0.000330,0.032351,-0.001279,0.013951,0.242527,-0.525608,1.176822,1.570413,0.000000,0.000000,0.068716,-0.174842,0.290754,1.057632,-0.005745,0.000000,0.000000
0.000265,-0.000213,0.870366,0.007286,-0.002829,0.927739,0.373147,0.026871,0.014561,0.028346,0.040927,-0.277784,0.012090,0.007336,-0.050171,-0.174842,0.070709,-0.302022,-0.000324,0.032368,-0.001300,0.013910,0.242795,-0.525648,1.176607,1.570466,0.000000,0.000000,0.068800,-0.174895,0.291038,1.057530,-0.005699,0.000000,0.000000
0.000404,-0.000255,0.870366,0.007236,-0.002819,0.927718,0.373200,0.026863,0.014562,0.028572,0.040923,-0.277841,0.012061,0.007279,-0.050208,-0.174997,0.070821,-0.302150,-0.000311,0.032331,-0.001312,0.013913,0.243072,-0.525679,1.176311,1.570512,0.000000,0.000000,0.068831,-0.174914,0.291350,1.057458,-0.005598,0.000000,0.000000
0.000490,-0.000302,0.870362,0.007210,-0.002796,0.927705,0.373233,0.026845,0.014558,0.028744,0.040903,-0.277897,0.012038,0.007215,-0.050243,-0.175140,0.070924,-0.302259,-0.000300,0.032279,-0.001307,0.013943,0.243322,-0.525651,1.176011,1.570554,0.000000,0.000000,0.068827,-0.174948,0.291712,1.057378,-0.005547,0.000000,0.000000
0.000532,-0.000312,0.870358,0.007203,-0.002777,0.927696,0.373258,0.026825,0.014556,0.028891,0.040878,-0.277953,0.012019,0.007147,-0.050274,-0.175269,0.071025,-0.302350,-0.000290,0.032217,-0.001308,0.013973,0.243543,-0.525603,1.175728,1.570594,0.000000,0.000000,0.068803,-0.174987,0.292061,1.057310,-0.005512,0.000000,0.000000
0.000546,-0.000305,0.870353,0.007208,-0.002757,0.927693,0.373263,0.026808,0.014554,0.029018,0.040854,-0.278005,0.012002,0.007081,-0.050305,-0.175381,0.071125,-0.302427,-0.000281,0.032154,-0.001320,0.014000,0.243736,-0.525549,1.175467,1.570630,0.000000,0.000000,0.068774,-0.175029,0.292385,1.057253,-0.005482,0.000000,0.000000
0.000564,-0.000348,0.870350,0.007237,-0.002755,0.927688,0.373276,0.026790,0.014553,0.029109,0.040828,-0.278050,0.011990,0.007010,-0.050333,-0.175467,0.071233,-0.302479,-0.000276,0.032089,-0.001337,0.014023,0.243914,-0.525499,1.175223,1.570663,0.000000,0.000000,0.068748,-0.175086,0.292682,1.057207,-0.005484,0.000000,0.000000
0.000643,-0.000496,0.870333,0.007374,-0.002717,0.927663,0.373335,0.026769,0.014531,0.029020,0.040796,-0.278087,0.011996,0.006929,-0.050376,-0.175494,0.071388,-0.302302,-0.000281,0.032044,-0.001347,0.013999,0.244081,-0.525579,1.174959,1.570693,0.000000,0.000000,0.068770,-0.175189,0.292744,1.057145,-0.005755,0.000000,0.000000
0.000701,-0.000647,0.870334,0.007469,-0.002749,0.927680,0.373292,0.026755,0.014501,0.029001,0.040776,-0.278118,0.011993,0.006846,-0.050416,-0.175559,0.071561,-0.302222,-0.000281,0.032050,-0.001357,0.013953,0.244192,-0.525806,1.174740,1.570720,0.000000,0.000000,0.068834,-0.175187,0.292595,1.057118,-0.006118,0.000000,0.000000
0.000777,-0.000720,0.870336,0.007421,-0.002749,0.927680,0.373292,0.026739,0.014476,0.029017,0.040750,-0.278251,0.011985,0.006762,-0.050446,-0.175633,0.071692,-0.302287,-0.000277,0.032062,-0.001357,0.013889,0.244275,-0.526077,1.174570,1.570744,0.000000,0.000000,0.068870,-0.175136,0.292346,1.057052,-0.006364,0.000000,0.000000
0.000866,-0.000709,0.870328,0.007405,-0.002716,0.927639,0.373395,0.026728,0.014456,0.029076,0.040732,-0.278391,0.011972,0.006689,-0.050475,-0.175752,0.071797,-0.302394,-0.000267,0.032052,-0.001354,0.013823,0.244390,-0.526349,1.174448,1.570767,0.000000,0.000000,0.068870,-0.175127,0.292351,1.056970,-0.006614,0.000000,0.000000
0.000964,-0.000674,0.870314,0.007392,-0.002648,0.927625,0.373431,0.026714,0.014430,0.029108,0.040711,-0.278421,0.011963,0.006626,-0.050503,-0.175943,0.071887,-0.302342,-0.000247,0.032010,-0.001372,0.013781,0.244510,-0.526544,1.174291,1.570786,0.000000,0.000000,0.068788,-0.175176,0.292636,1.057021,-0.006873,0.000000,0.000000
0.000948,-0.000710,0.870303,0.007336,-0.002574,0.927738,0.373151,0.026691,0.014396,0.029155,0.040675,-0.278377,0.011949,0.006580,-0.050555,-0.176071,0.071926,-0.302208,-0.000241,0.031926,-0.001377,0.013762,0.244614,-0.526605,1.174017,1.570800,0.000000,0.000000,0.068659,-0.175288,0.293003,1.057098,-0.007046,0.000000,0.000000
0.000962,-0.000887,0.870301,0.007322,-0.002549,0.927880,0.372799,0.026650,0.014353,0.029138,0.040600,-0.278347,0.011942,0.006530,-0.050626,-0.176161,0.071937,-0.302073,-0.000243,0.031849,-0.001387,0.013697,0.244669,-0.526651,1.173750,1.570800,0.000000,0.000000,0.068555,-0.175396,0.293338,1.057163,-0.007123,0.000000,0.000000
0.000987,-0.001011,0.870293,0.007282,-0.002491,0.927886,0.372784,0.026594,0.014295,0.029093,0.040495,-0.278290,0.011936,0.006465,-0.050701,-0.176270,0.071939,-0.302027,-0.000245,0.031780,-0.001400,0.013597,0.244681,-0.526622,1.173539,1.570800,0.000000,0.000000,0.068442,-0.175472,0.293624,1.057215,-0.007160,0.000000,0.000000
0.000992,-0.001035,0.870299,0.007263,-0.002498,0.927874,0.372816,0.026539,0.014246,0.029059,0.040396,-0.278235,0.011930,0.006400,-0.050765,-0.176370,0.071937,-0.301984,-0.000245,0.031715,-0.001409,0.013488,0.244682,-0.526587,1.173344,1.570800,0.000000,0.000000,0.068324,-0.175536,0.293893,1.057254,-0.007198,0.000000,0.000000
0.001054,-0.001012,0.870313,0.007251,-0.002549,0.927821,0.372946,0.026492,0.014215,0.029058,0.040310,-0.278187,0.011924,0.006345,-0.050805,-0.176433,0.071912,-0.301940,-0.000246,0.031664,-0.001406,0.013384,0.244689,-0.526566,1.173144,1.570800,0.000000,0.000000,0.068221,-0.175579,0.294158,1.057233,-0.007236,0.000000,0.000000
0.001181,-0.001005,0.870330,0.007231,-0.002609,0.927793,0.373017,0.026451,0.014208,0.029079,0.040231,-0.278130,0.011920,0.006293,-0.050821,-0.176465,0.071861,-0.301882,-0.000244,0.031616,-0.001400,0.013287,0.244704,-0.526554,1.172950,1.570800,0.000000,0.000000,0.068120,-0.175598,0.294371,1.057144,-0.007286,0.000000,0.000000
0.001344,-0.001018,0.870364,0.007161,-0.002742,0.927732,0.373168,0.026408,0.014242,0.029223,0.040151,-0.278143,0.011908,0.006234,-0.050798,-0.176484,0.071789,-0.301833,-0.000236,0.031594,-0.001400,0.013233,0.244681,-0.526495,1.172790,1.570800,0.000000,0.000000,0.068038,-0.175596,0.294255,1.056895,-0.007445,0.000000,0.000000
0.001463,-0.001042,0.870383,0.007092,-0.002807,0.927635,0.373411,0.026365,0.014299,0.029470,0.040067,-0.278152,0.011889,0.006169,-0.050754,-0.176518,0.071699,-0.301776,-0.000222,0.031669,-0.001402,0.013126,0.244631,-0.526339,1.172777,1.570800,0.000000,0.000000,0.068004,-0.175662,0.294194,1.056678,-0.007977,0.000000,0.000000
0.001484,-0.001044,0.870390,0.007098,-0.002835,0.927600,0.373496,0.026327,0.014360,0.029708,0.039995,-0.278127,0.011872,0.006119,-0.050706,-0.176512,0.071592,-0.301691,-0.000212,0.031765,-0.001410,0.013015,0.244587,-0.526218,1.172797,1.570800,0.000000,0.000000,0.067973,-0.175764,0.294219,1.056498,-0.008475,0.000000,0.000000
0.001485,-0.001034,0.870384,0.007124,-0.002817,0.927585,0.373533,0.026295,0.014420,0.029954,0.039935,-0.278094,0.011853,0.006091,-0.050660,-0.176503,0.071454,-0.301581,-0.000202,0.031856,-0.001417,0.012933,0.244566,-0.526098,1.172782,1.570800,0.000000,0.000000,0.067907,-0.175876,0.294308,1.056375,-0.008882,0.000000,0.000000
0.001487,-0.001073,0.870387,0.007104,-0.002824,0.927543,0.373638,0.026266,0.014472,0.030245,0.039881,-0.278110,0.011826,0.006076,-0.050622,-0.176518,0.071282,-0.301469,-0.000192,0.031871,-0.001420,0.012959,0.244527,-0.525975,1.172608,1.570800,0.000000,0.000000,0.067688,-0.175930,0.294559,1.056366,-0.009070,0.000000,0.000000
0.001542,-0.001173,0.870394,0.007164,-0.002879,0.927508,0.373724,0.026245,0.014515,0.030483,0.039839,-0.278189,0.011805,0.006066,-0.050597,-0.176475,0.071121,-0.301296,-0.000191,0.031812,-0.001426,0.013110,0.244405,-0.525923,1.172458,1.570800,0.000000,0.000000,0.067384,-0.175978,0.294986,1.056442,-0.009051,0.000000,0.000000
0.001672,-0.001267,0.870393,0.007164,-0.002875,0.927557,0.373602,0.026212,0.014545,0.030604,0.039774,-0.278260,0.011795,0.006043,-0.050574,-0.176377,0.070986,-0.301068,-0.000198,0.031747,-0.001436,0.013251,0.244247,-0.525882,1.172353,1.570800,0.000000,0.000000,0.067070,-0.176038,0.295444,1.056552,-0.008966,0.000000,0.000000
0.001792,-0.001220,0.870401,0.007155,-0.002909,0.927585,0.373533,0.026176,0.014589,0.030696,0.039705,-0.278307,0.011792,0.006017,-0.050525,-0.176282,0.070872,-0.300875,-0.000199,0.031694,-0.001444,0.013371,0.244107,-0.525819,1.172241,1.570800,0.000000,0.000000,0.066794,-0.176092,0.295873,1.056630,-0.008861,0.000000,0.000000
0.001867,-0.001168,0.870433,0.007217,-0.003072,0.927740,0.373144,0.026151,0.014679,0.030755,0.039652,-0.278350,0.011803,0.006012,-0.050436,-0.176204,0.070776,-0.300618,-0.000189,0.031722,-0.001450,0.013406,0.243928,-0.525843,1.172240,1.570800,0.000000,0.000000,0.066615,-0.176165,0.296293,1.056589,-0.008658,0.000000,0.000000
0.001854,-0.001252,0.870444,0.007271,-0.003141,0.927706,0.373227,0.026131,0.014762,0.030782,0.039609,-0.278358,0.011817,0.006011,-0.050355,-0.176157,0.070701,-0.300321,-0.000178,0.031782,-0.001462,0.013412,0.243696,-0.525816,1.172358,1.570800,0.000000,0.000000,0.066503,-0.176301,0.296736,1.056578,-0.008406,0.000000,0.000000
0.001854,-0.001355,0.870440,0.007295,-0.003135,0.927681,0.373288,0.026114,0.014826,0.030861,0.039573,-0.278370,0.011819,0.006004,-0.050287,-0.176136,0.070648,-0.300106,-0.000165,0.031831,-0.001458,0.013425,0.243435,-0.525762,1.172501,1.570800,0.000000,0.000000,0.066380,-0.176398,0.296874,1.056573,-0.008193,0.000000,0.000000
0.001878,-0.001428,0.870425,0.007288,-0.003073,0.927542,0.373634,0.026098,0.014867,0.030984,0.039538,-0.278446,0.011811,0.005986,-0.050243,-0.176068,0.070567,-0.300110,-0.000164,0.031899,-0.001462,0.013448,0.243145,-0.525746,1.172668,1.570800,0.000000,0.000000,0.066250,-0.176366,0.296629,1.056485,-0.008214,0.000000,0.000000
0.001932,-0.001359,0.870411,0.007348,-0.003034,0.927541,0.373636,0.026089,0.014909,0.031090,0.039520,-0.278503,0.011805,0.005991,-0.050211,-0.175974,0.070464,-0.300166,-0.000169,0.031947,-0.001464,0.013463,0.242872,-0.525781,1.172881,1.570800,0.000000,0.000000,0.066146,-0.176279,0.296339,1.056340,-0.008363,0.000000,0.000000
0.002030,-0.001290,0.870421,0.007382,-0.003087,0.927511,0.373711,0.026088,0.014965,0.031228,0.039515,-0.278447,0.011799,0.006014,-0.050169,-0.175927,0.070337,-0.300108,-0.000166,0.031979,-0.001469,0.013461,0.242630,-0.525809,1.173068,1.570800,0.000000,0.000000,0.066051,-0.176236,0.296412,1.056233,-0.008471,0.000000,0.000000
0.002156,-0.001255,0.870439,0.007348,-0.003156,0.927577,0.373546,0.026081,0.015046,0.031344,0.039494,-0.278393,0.011801,0.006056,-0.050105,-0.175926,0.070140,-0.299930,-0.000151,0.032004,-0.001477,0.013409,0.242385,-0.525791,1.173307,1.570800,0.000000,0.000000,0.065936,-0.176213,0.296745,1.056201,-0.008433,0.000000,0.000000
0.002167,-0.001276,0.870437,0.007273,-0.003127,0.927663,0.373335,0.026063,0.015122,0.031492,0.039461,-0.278377,0.011798,0.006112,-0.050041,-0.175978,0.069863,-0.299665,-0.000130,0.032010,-0.001474,0.013346,0.242131,-0.525775,1.173477,1.570800,0.000000,0.000000,0.065839,-0.176159,0.297075,1.056104,-0.008348,0.000000,0.000000
0.002227,-0.001325,0.870434,0.007150,-0.003071,0.927629,0.373422,0.026037,0.015191,0.031576,0.039406,-0.278339,0.011801,0.006163,-0.049962,-0.176014,0.069525,-0.299429,-0.000108,0.031959,-0.001471,0.013298,0.241890,-0.525722,1.173533,1.570800,0.000000,0.000000,0.065662,-0.176050,0.297351,1.056079,-0.008136,0.000000,0.000000
0.002228,-0.001517,0.870411,0.007150,-0.002966,0.927633,0.373413,0.025998,0.015213,0.031525,0.039330,-0.278325,0.011811,0.006203,-0.049917,-0.176103,0.069193,-0.299306,-0.000087,0.031866,-0.001470,0.013318,0.241599,-0.525716,1.173517,1.570800,0.000000,0.000000,0.065403,-0.175999,0.297617,1.056145,-0.008027,0.000000,0.000000
0.002234,-0.001652,0.870390,0.007236,-0.002894,0.927681,0.373292,0.025957,0.015195,0.031422,0.039250,-0.278327,0.011820,0.006247,-0.049909,-0.176203,0.068886,-0.299207,-0.000073,0.031738,-0.001469,0.013382,0.241297,-0.525790,1.173398,1.570800,0.000000,0.000000,0.065116,-0.176047,0.298020,1.056214,-0.008148,0.000000,0.000000
0.002287,-0.001566,0.870407,0.007374,-0.003013,0.927659,0.373342,0.025935,0.015198,0.031416,0.039208,-0.278362,0.011820,0.006315,-0.049889,-0.176204,0.068622,-0.299030,-0.000069,0.031648,-0.001480,0.013445,0.240972,-0.525856,1.173421,1.570800,0.000000,0.000000,0.064947,-0.176017,0.298413,1.056222,-0.008133,0.000000,0.000000
0.002341,-0.001402,0.870452,0.007482,-0.003251,0.927595,0.373499,0.025941,0.015254,0.031463,0.039217,-0.278339,0.011826,0.006413,-0.049827,-0.176147,0.068387,-0.298840,-0.000062,0.031660,-0.001483,0.013469,0.240629,-0.526012,1.173665,1.570800,0.000000,0.000000,0.064893,-0.175889,0.298471,1.056196,-0.008024,0.000000,0.000000
0.002344,-0.001401,0.870486,0.007471,-0.003394,0.927604,0.373475,0.025950,0.015335,0.031505,0.039230,-0.278165,0.011837,0.006525,-0.049740,-0.176064,0.068144,-0.298572,-0.000053,0.031776,-0.001492,0.013383,0.240303,-0.526373,1.174027,1.570800,0.000000,0.000000,0.064873,-0.175820,0.298129,1.056223,-0.008129,0.000000,0.000000
0.002284,-0.001509,0.870485,0.007421,-0.003366,0.927579,0.373539,0.025955,0.015395,0.031609,0.039233,-0.277968,0.011836,0.006625,-0.049675,-0.175934,0.067873,-0.298326,-0.000055,0.031931,-0.001495,0.013318,0.239934,-0.526736,1.174354,1.570800,0.000000,0.000000,0.064896,-0.175799,0.297583,1.056128,-0.008316,0.000000,0.000000
0.002224,-0.001614,0.870480,0.007402,-0.003340,0.927456,0.373843,0.025963,0.015437,0.031838,0.039251,-0.277912,0.011815,0.006712,-0.049638,-0.175848,0.067609,-0.298207,-0.000057,0.032106,-0.001506,0.013339,0.239484,-0.526768,1.174622,1.570800,0.000000,0.000000,0.064967,-0.175814,0.297081,1.055920,-0.008510,0.000000,0.000000
0.002251,-0.001653,0.870451,0.007375,-0.003205,0.927441,0.373882,0.025965,0.015459,0.032054,0.039256,-0.277906,0.011791,0.006775,-0.049628,-0.175874,0.067359,-0.298144,-0.000052,0.032213,-0.001507,0.013449,0.238997,-0.526633,1.174872,1.570800,0.000000,0.000000,0.065064,-0.175765,0.296580,1.055647,-0.008524,0.000000,0.000000
0.002333,-0.001677,0.870433,0.007384,-0.003126,0.927470,0.373812,0.025959,0.015463,0.032193,0.039243,-0.277913,0.011772,0.006820,-0.049629,-0.175911,0.067130,-0.298175,-0.000049,0.032230,-0.001491,0.013606,0.238548,-0.526549,1.175038,1.570800,0.000000,0.000000,0.065111,-0.175663,0.296019,1.055387,-0.008386,0.000000,0.000000
0.002459,-0.001719,0.870425,0.007478,-0.003118,0.927460,0.373834,0.025958,0.015446,0.032356,0.039243,-0.277936,0.011747,0.006873,-0.049618,-0.175949,0.066893,-0.298128,-0.000042,0.032218,-0.001492,0.013746,0.238084,-0.526482,1.175179,1.570800,0.000000,0.000000,0.065102,-0.175573,0.295640,1.055196,-0.008437,0.000000,0.000000
0.002612,-0.001779,0.870401,0.007561,-0.003041,0.927516,0.373693,0.025962,0.015402,0.032448,0.039254,-0.278002,0.011725,0.006970,-0.049579,-0.176009,0.066574,-0.297863,-0.000026,0.032200,-0.001485,0.013826,0.237609,-0.526598,1.175359,1.570800,0.000000,0.000000,0.065108,-0.175473,0.295442,1.055031,-0.008629,0.000000,0.000000
0.002654,-0.003285,0.870526,0.008718,-0.003435,0.927347,0.374085,0.026424,0.012407,0.021312,0.040111,-0.270835,0.012581,0.008788,-0.050214,-0.166079,0.062932,-0.277837,-0.001391,0.038998,-0.001600,-0.002732,0.210928,-0.551069,1.187835,1.570732,0.000000,0.000000,0.072642,-0.157314,0.284098,1.030288,-0.055517,0.000000,0.000000
0.002677,-0.003600,0.870527,0.008787,-0.003395,0.927357,0.374059,0.026444,0.011935,0.019809,0.040142,-0.269991,0.012686,0.008985,-0.050278,-0.164643,0.062337,-0.275620,-0.001574,0.040486,-0.001629,-0.005197,0.207670,-0.554107,1.190315,1.570701,0.000000,0.000000,0.073942,-0.155330,0.281313,1.027698,-0.061533,0.000000,0.000000
0.002733,-0.003795,0.870537,0.008847,-0.003431,0.927315,0.374160,0.026447,0.011728,0.019211,0.040148,-0.269664,0.012724,0.009037,-0.050292,-0.164015,0.062094,-0.274989,-0.001652,0.041266,-0.001626,-0.006228,0.206230,-0.555183,1.191321,1.570685,0.000000,0.000000,0.074614,-0.154609,0.279922,1.026431,-0.064071,0.000000,0.000000
0.002871,-0.003910,0.870548,0.008875,-0.003481,0.927247,0.374328,0.026442,0.011645,0.019006,0.040139,-0.269538,0.012736,0.009035,-0.050280,-0.163745,0.062002,-0.274887,-0.001682,0.041632,-0.001634,-0.006685,0.205564,-0.555662,1.191761,1.570677,0.000000,0.000000,0.074914,-0.154325,0.279364,1.025947,-0.065183,0.000000,0.000000
0.002922,-0.003955,0.870549,0.008862,-0.003466,0.927246,0.374331,0.026431,0.011558,0.018855,0.040118,-0.269396,0.012739,0.009025,-0.050273,-0.163495,0.061924,-0.274792,-0.001711,0.041959,-0.001639,-0.007088,0.204947,-0.556099,1.192163,1.570670,0.000000,0.000000,0.075174,-0.154078,0.278831,1.025584,-0.066102,0.000000,0.000000
0.002948,-0.003938,0.870549,0.008896,-0.003463,0.927274,0.374261,0.026421,0.011475,0.018721,0.040097,-0.269233,0.012740,0.009021,-0.050275,-0.163258,0.061866,-0.274668,-0.001740,0.042248,-0.001642,-0.007435,0.204355,-0.556474,1.192528,1.570665,0.000000,0.000000,0.075410,-0.153842,0.278285,1.025309,-0.066845,0.000000,0.000000
0.003003,-0.003894,0.870545,0.008941,-0.003445,0.927279,0.374249,0.026414,0.011402,0.018601,0.040083,-0.269058,0.012742,0.009028,-0.050280,-0.163044,0.061817,-0.274491,-0.001767,0.042521,-0.001653,-0.007739,0.203782,-0.556798,1.192878,1.570660,0.000000,0.000000,0.075641,-0.153610,0.277716,1.025095,-0.067504,0.000000,0.000000
0.003070,-0.003837,0.870535,0.009002,-0.003408,0.927217,0.374400,0.026415,0.011339,0.018465,0.040087,-0.268849,0.012749,0.009038,-0.050298,-0.162844,0.061795,-0.274171,-0.001795,0.042791,-0.001655,-0.007999,0.203186,-0.557075,1.193234,1.570653,0.000000,0.000000,0.075867,-0.153304,0.277074,1.024964,-0.068176,0.000000,0.000000
0.003188,-0.003844,0.870542,0.008942,-0.003410,0.927159,0.374545,0.026405,0.011297,0.018300,0.040067,-0.268684,0.012763,0.009038,-0.050303,-0.162686,0.061733,-0.273932,-0.001814,0.042994,-0.001647,-0.008200,0.202617,-0.557265,1.193520,1.570648,0.000000,0.000000,0.075985,-0.152951,0.276562,1.024922,-0.068727,0.000000,0.000000
0.003336,-0.003836,0.870566,0.008858,-0.003484,0.927103,0.374687,0.026385,0.011295,0.018211,0.040025,-0.268586,0.012776,0.009025,-0.050272,-0.162535,0.061651,-0.273814,-0.001824,0.043141,-0.001644,-0.008274,0.202074,-0.557292,1.193695,1.570641,0.000000,0.000000,0.076021,-0.152573,0.276199,1.024987,-0.069027,0.000000,0.000000
0.003374,-0.003849,0.870582,0.008869,-0.003556,0.927104,0.374683,0.026366,0.011304,0.018136,0.039985,-0.268491,0.012790,0.009012,-0.050227,-0.162342,0.061566,-0.273696,-0.001839,0.043287,-0.001644,-0.008266,0.201567,-0.557385,1.193843,1.570637,0.000000,0.000000,0.076065,-0.152206,0.275892,1.025161,-0.069206,0.000000,0.000000
0.003351,-0.003840,0.870585,0.008873,-0.003564,0.927099,0.374694,0.026347,0.011309,0.018073,0.039950,-0.268406,0.012801,0.009003,-0.050181,-0.162158,0.061487,-0.273577,-0.001851,0.043429,-0.001640,-0.008244,0.201095,-0.557468,1.193986,1.570631,0.000000,0.000000,0.076114,-0.151882,0.275600,1.025334,-0.069358,0.000000,0.000000
0.003300,-0.003865,0.870581,0.008889,-0.003543,0.927123,0.374635,0.026333,0.011301,0.018015,0.039919,-0.268329,0.012809,0.009004,-0.050144,-0.161993,0.061414,-0.273411,-0.001863,0.043578,-0.001631,-0.008238,0.200633,-0.557526,1.194177,1.570626,0.000000,0.000000,0.076179,-0.151594,0.275259,1.025506,-0.069418,0.000000,0.000000
0.003195,-0.003947,0.870573,0.008905,-0.003503,0.927314,0.374163,0.026321,0.011273,0.017990,0.039894,-0.268269,0.012807,0.009032,-0.050122,-0.161840,0.061315,-0.273111,-0.001877,0.043798,-0.001636,-0.008332,0.200097,-0.557498,1.194591,1.570621,0.000000,0.000000,0.076290,-0.151367,0.274581,1.025736,-0.068968,0.000000,0.000000
0.003177,-0.004116,0.870563,0.008798,-0.003416,0.927249,0.374326,0.026293,0.011213,0.017983,0.039840,-0.268235,0.012796,0.009049,-0.050128,-0.161690,0.061138,-0.272930,-0.001897,0.044042,-0.001634,-0.008430,0.199561,-0.557433,1.194925,1.570616,0.000000,0.000000,0.076380,-0.151214,0.273944,1.025933,-0.068830,0.000000,0.000000
0.003291,-0.004144,0.870566,0.008729,-0.003401,0.927187,0.374483,0.026257,0.011167,0.017991,0.039766,-0.268207,0.012787,0.009054,-0.050125,-0.161533,0.060947,-0.272839,-0.001916,0.044209,-0.001629,-0.008453,0.199040,-0.557346,1.195141,1.570611,0.000000,0.000000,0.076450,-0.151052,0.273504,1.026137,-0.068850,0.000000,0.000000
0.003426,-0.004047,0.870574,0.008770,-0.003445,0.927140,0.374596,0.026226,0.011148,0.018039,0.039708,-0.268144,0.012777,0.009073,-0.050101,-0.161372,0.060751,-0.272701,-0.001930,0.044334,-0.001628,-0.008411,0.198483,-0.557170,1.195338,1.570605,0.000000,0.000000,0.076545,-0.150795,0.273216,1.026345,-0.068746,0.000000,0.000000
0.003539,-0.003853,0.870585,0.008841,-0.003519,0.927061,0.374791,0.026214,0.011163,0.018149,0.039682,-0.268107,0.012767,0.009117,-0.050047,-0.161223,0.060528,-0.272500,-0.001938,0.044491,-0.001639,-0.008313,0.197948,-0.557000,1.195514,1.570601,0.000000,0.000000,0.076682,-0.150467,0.272984,1.026538,-0.068564,0.000000,0.000000
0.003512,-0.003704,0.870602,0.008947,-0.003627,0.927147,0.374573,0.026221,0.011200,0.018228,0.039694,-0.268065,0.012766,0.009203,-0.049987,-0.161134,0.060283,-0.272309,-0.001934,0.044676,-0.001642,-0.008166,0.197424,-0.556787,1.195667,1.570595,0.000000,0.000000,0.076840,-0.150138,0.272653,1.026796,-0.068653,0.000000,0.000000
0.003377,-0.003703,0.870609,0.009004,-0.003673,0.927362,0.374039,0.026235,0.011238,0.018227,0.039719,-0.268038,0.012776,0.009314,-0.049954,-0.161057,0.060058,-0.272063,-0.001934,0.044812,-0.001635,-0.008009,0.196973,-0.556712,1.195740,1.570589,0.000000,0.000000,0.077028,-0.149851,0.272190,1.027082,-0.068803,0.000000,0.000000
0.003371,-0.003788,0.870623,0.009039,-0.003749,0.927340,0.374093,0.026250,0.011279,0.018141,0.039743,-0.267982,0.012796,0.009401,-0.049920,-0.160960,0.059905,-0.271896,-0.001938,0.044940,-0.001631,-0.007851,0.196561,-0.556582,1.195799,1.570582,0.000000,0.000000,0.077295,-0.149533,0.271760,1.027241,-0.068778,0.000000,0.000000
0.003437,-0.003877,0.870604,0.008942,-0.003632,0.927273,0.374260,0.026247,0.011300,0.018010,0.039734,-0.267954,0.012818,0.009441,-0.049886,-0.160816,0.059769,-0.271778,-0.001948,0.045038,-0.001625,-0.007620,0.196181,-0.556294,1.195781,1.570576,0.000000,0.000000,0.077608,-0.149194,0.271447,1.027214,-0.068449,0.000000,0.000000
0.003502,-0.003906,0.870591,0.008915,-0.003561,0.927270,0.374271,0.026237,0.011313,0.017898,0.039712,-0.267928,0.012836,0.009462,-0.049848,-0.160690,0.059641,-0.271677,-0.001956,0.045100,-0.001628,-0.007360,0.195842,-0.555977,1.195739,1.570571,0.000000,0.000000,0.077877,-0.148871,0.271183,1.027191,-0.068051,0.000000,0.000000
0.003609,-0.003799,0.870596,0.008916,-0.003586,0.927144,0.374581,0.026231,0.011344,0.017856,0.039696,-0.267890,0.012849,0.009476,-0.049781,-0.160556,0.059517,-0.271594,-0.001960,0.045199,-0.001617,-0.007096,0.195495,-0.555820,1.195792,1.570566,0.000000,0.000000,0.078053,-0.148537,0.270918,1.027397,-0.067602,0.000000,0.000000
0.003639,-0.003643,0.870616,0.009025,-0.003713,0.927116,0.374646,0.026243,0.011405,0.017887,0.039718,-0.267809,0.012859,0.009519,-0.049704,-0.160377,0.059427,-0.271490,-0.001966,0.045365,-0.001613,-0.006916,0.195159,-0.555947,1.196066,1.570562,0.000000,0.000000,0.078200,-0.148292,0.270495,1.027764,-0.067319,0.000000,0.000000
0.003620,-0.003566,0.870632,0.009051,-0.003790,0.927261,0.374286,0.026258,0.011482,0.017877,0.039747,-0.267703,0.012877,0.009586,-0.049625,-0.160261,0.059336,-0.271430,-0.001964,0.045553,-0.001613,-0.006823,0.194848,-0.556208,1.196353,1.570558,0.000000,0.000000,0.078351,-0.148108,0.269977,1.028209,-0.067383,0.000000,0.000000
0.003602,-0.003594,0.870639,0.009125,-0.003842,0.927319,0.374140,0.026286,0.011551,0.017831,0.039798,-0.267559,0.012899,0.009667,-0.049553,-0.160243,0.059243,-0.271282,-0.001950,0.045737,-0.001615,-0.006753,0.194525,-0.556409,1.196574,1.570551,0.000000,0.000000,0.078486,-0.147929,0.269429,1.028623,-0.067500,0.000000,0.000000
0.003690,-0.003768,0.870623,0.009173,-0.003786,0.927177,0.374492,0.026311,0.011582,0.017836,0.039845,-0.267457,0.012905,0.009719,-0.049510,-0.160329,0.059152,-0.271150,-0.001928,0.045875,-0.001624,-0.006646,0.194265,-0.556628,1.196710,1.570546,0.000000,0.000000,0.078589,-0.147783,0.268980,1.028952,-0.067452,0.000000,0.000000
0.003854,-0.003882,0.870601,0.009115,-0.003670,0.927006,0.374917,0.026319,0.011590,0.017840,0.039857,-0.267451,0.012906,0.009724,-0.049484,-0.160351,0.059069,-0.271087,-0.001921,0.045959,-0.001616,-0.006453,0.194064,-0.556739,1.196725,1.570541,0.000000,0.000000,0.078672,-0.147631,0.268710,1.029197,-0.067257,0.000000,0.000000
0.003976,-0.003885,0.870593,0.009124,-0.003640,0.926964,0.375023,0.026319,0.011594,0.017866,0.039859,-0.267444,0.012903,0.009713,-0.049470,-0.160358,0.059029,-0.271090,-0.001918,0.046009,-0.001619,-0.006238,0.193922,-0.556793,1.196666,1.570537,0.000000,0.000000,0.078735,-0.147482,0.268535,1.029431,-0.067079,0.000000,0.000000
0.004037,-0.003784,0.870608,0.009107,-0.003701,0.927038,0.374838,0.026317,0.011616,0.017936,0.039852,-0.267478,0.012899,0.009707,-0.049439,-0.160298,0.059006,-0.271114,-0.001920,0.046034,-0.001614,-0.006019,0.193888,-0.556938,1.196546,1.570533,0.000000,0.000000,0.078846,-0.147307,0.268450,1.029674,-0.066965,0.000000,0.000000
0.004068,-0.003687,0.870654,0.009062,-0.003904,0.927124,0.374624,0.026315,0.011689,0.018061,0.039848,-0.267537,0.012899,0.009712,-0.049350,-0.160195,0.058975,-0.270998,-0.001915,0.046122,-0.001609,-0.005863,0.193790,-0.557117,1.196680,1.570529,0.000000,0.000000,0.079006,-0.147167,0.268301,1.029928,-0.066947,0.000000,0.000000
0.004069,-0.003691,0.870667,0.009141,-0.003993,0.927119,0.374634,0.026322,0.011774,0.018146,0.039860,-0.267554,0.012906,0.009724,-0.049250,-0.160115,0.058965,-0.270813,-0.001904,0.046255,-0.001607,-0.005747,0.193706,-0.557337,1.196915,1.570525,0.000000,0.000000,0.079181,-0.147106,0.268097,1.030236,-0.066819,0.000000,0.000000
0.004052,-0.003848,0.870656,0.009169,-0.003959,0.927025,0.374865,0.026327,0.011834,0.018203,0.039867,-0.267581,0.012911,0.009720,-0.049181,-0.159978,0.058965,-0.270723,-0.001907,0.046371,-0.001603,-0.005655,0.193668,-0.557480,1.197100,1.570521,0.000000,0.000000,0.079340,-0.147116,0.267950,1.030418,-0.066612,0.000000,0.000000
0.004092,-0.003999,0.870635,0.009156,-0.003866,0.926948,0.375059,0.026322,0.011863,0.018246,0.039857,-0.267643,0.012912,0.009698,-0.049142,-0.159866,0.058957,-0.270714,-0.001914,0.046441,-0.001600,-0.005532,0.193667,-0.557543,1.197165,1.570519,0.000000,0.000000,0.079432,-0.147150,0.267743,1.030494,-0.066237,0.000000,0.000000
0.004161,-0.004017,0.870628,0.009143,-0.003828,0.926871,0.375249,0.026316,0.011883,0.018343,0.039846,-0.267639,0.012904,0.009665,-0.049121,-0.159768,0.058962,-0.270783,-0.001923,0.046460,-0.001595,-0.005355,0.193714,-0.557468,1.197102,1.570518,0.000000,0.000000,0.079488,-0.147169,0.267498,1.030470,-0.065919,0.000000,0.000000
0.004207,-0.003946,0.870629,0.009176,-0.003848,0.926854,0.375289,0.026317,0.011907,0.018483,0.039849,-0.267607,0.012890,0.009634,-0.049108,-0.159613,0.058976,-0.270806,-0.001943,0.046488,-0.001583,-0.005177,0.193739,-0.557361,1.197060,1.570516,0.000000,0.000000,0.079582,-0.147050,0.267365,1.030397,-0.065568,0.000000,0.000000
0.004176,-0.003845,0.870653,0.009310,-0.003995,0.926904,0.375161,0.026341,0.011948,0.018643,0.039897,-0.267496,0.012878,0.009636,-0.049083,-0.159529,0.059038,-0.270710,-0.001949,0.046539,-0.001576,-0.005072,0.193737,-0.557257,1.197213,1.570513,0.000000,0.000000,0.079679,-0.146935,0.267232,1.030349,-0.065438,0.000000,0.000000
0.004161,-0.003760,0.870661,0.009336,-0.004037,0.926917,0.375129,0.026364,0.011999,0.018764,0.039944,-0.267393,0.012873,0.009655,-0.049043,-0.159481,0.059085,-0.270588,-0.001947,0.046590,-0.001572,-0.005006,0.193769,-0.557183,1.197385,1.570511,0.000000,0.000000,0.079762,-0.146872,0.267041,1.030350,-0.065398,0.000000,0.000000
0.004242,-0.003701,0.870657,0.009442,-0.004058,0.926914,0.375134,0.026392,0.012066,0.018803,0.039997,-0.267386,0.012882,0.009685,-0.048989,-0.159533,0.059123,-0.270483,-0.001928,0.046628,-0.001576,-0.004976,0.193918,-0.557174,1.197594,1.570512,0.000000,0.000000,0.079798,-0.146918,0.266699,1.030419,-0.065467,0.000000,0.000000
0.004444,-0.003718,0.870646,0.009483,-0.004033,0.926810,0.375389,0.026417,0.012134,0.018851,0.040042,-0.267433,0.012890,0.009697,-0.048934,-0.159515,0.059146,-0.270461,-0.001918,0.046645,-0.001573,-0.004917,0.194170,-0.557277,1.197663,1.570511,0.000000,0.000000,0.079802,-0.146913,0.266526,1.030394,-0.065534,0.000000,0.000000
0.004688,-0.003755,0.870647,0.009383,-0.004015,0.926710,0.375639,0.026423,0.012204,0.018911,0.040048,-0.267488,0.012896,0.009664,-0.048860,-0.159421,0.059158,-0.270544,-0.001915,0.046638,-0.001563,-0.004822,0.194459,-0.557306,1.197632,1.570510,0.000000,0.000000,0.079738,-0.146844,0.266469,1.030384,-0.065666,0.000000,0.000000
0.004841,-0.003784,0.870666,0.009330,-0.004088,0.926621,0.375859,0.026421,0.012285,0.018984,0.040042,-0.267469,0.012904,0.009606,-0.048774,-0.159296,0.059183,-0.270624,-0.001915,0.046640,-0.001563,-0.004761,0.194744,-0.557172,1.197645,1.570510,0.000000,0.000000,0.079620,-0.146778,0.266480,1.030383,-0.065912,0.000000,0.000000
0.004788,-0.003771,0.870675,0.009418,-0.004158,0.926662,0.375755,0.026430,0.012357,0.019088,0.040057,-0.267429,0.012906,0.009564,-0.048700,-0.159198,0.059238,-0.270566,-0.001912,0.046714,-0.001570,-0.004752,0.194917,-0.556972,1.197724,1.570511,0.000000,0.000000,0.079544,-0.146719,0.266539,1.030394,-0.066262,0.000000,0.000000
0.004672,-0.003761,0.870662,0.009535,-0.004136,0.926752,0.375530,0.026450,0.012405,0.019225,0.040096,-0.267388,0.012898,0.009554,-0.048655,-0.159107,0.059309,-0.270494,-0.001915,0.046803,-0.001570,-0.004754,0.195063,-0.556832,1.197834,1.570510,0.000000,0.000000,0.079483,-0.146689,0.266500,1.030457,-0.066626,0.000000,0.000000
0.004636,-0.003772,0.870658,0.009614,-0.004148,0.926766,0.375492,0.026483,0.012454,0.019396,0.040160,-0.267350,0.012886,0.009574,-0.048618,-0.159048,0.059359,-0.270434,-0.001913,0.046904,-0.001571,-0.004816,0.195287,-0.556911,1.197997,1.570511,0.000000,0.000000,0.079401,-0.146715,0.266322,1.030584,-0.067097,0.000000,0.000000
0.004624,-0.003779,0.870657,0.009562,-0.004128,0.926812,0.375382,0.026512,0.012508,0.019507,0.040217,-0.267309,0.012883,0.009613,-0.048574,-0.158967,0.059321,-0.270519,-0.001914,0.046983,-0.001563,-0.004875,0.195589,-0.557197,1.198064,1.570512,0.000000,0.000000,0.079343,-0.146766,0.266142,1.030636,-0.067482,0.000000,0.000000
0.004688,-0.003813,0.870639,0.009592,-0.004058,0.926699,0.375659,0.026536,0.012536,0.019568,0.040263,-0.267286,0.012881,0.009643,-0.048553,-0.158881,0.059256,-0.270610,-0.001921,0.047063,-0.001563,-0.004862,0.195806,-0.557257,1.198034,1.570514,0.000000,0.000000,0.079285,-0.146738,0.266039,1.030618,-0.067601,0.000000,0.000000
0.004895,-0.003766,0.870638,0.009655,-0.004089,0.926538,0.376055,0.026560,0.012573,0.019708,0.040308,-0.267341,0.012871,0.009648,-0.048528,-0.158775,0.059217,-0.270639,-0.001930,0.047104,-0.001561,-0.004809,0.196018,-0.557108,1.197954,1.570516,0.000000,0.000000,0.079139,-0.146710,0.266076,1.030653,-0.067821,0.000000,0.000000
0.005085,-0.003640,0.870656,0.009617,-0.004168,0.926495,0.376161,0.026575,0.012641,0.019861,0.040336,-0.267455,0.012865,0.009633,-0.048467,-0.158678,0.059207,-0.270599,-0.001930,0.047093,-0.001568,-0.004789,0.196239,-0.556856,1.197962,1.570517,0.000000,0.000000,0.078906,-0.146717,0.266174,1.030821,-0.068146,0.000000,0.000000
0.005173,-0.003521,0.870672,0.009626,-0.004257,0.926490,0.376173,0.026594,0.012739,0.019976,0.040372,-0.267563,0.012870,0.009623,-0.048379,-0.158578,0.059222,-0.270518,-0.001925,0.047070,-0.001567,-0.004786,0.196456,-0.556639,1.198037,1.570517,0.000000,0.000000,0.078692,-0.146672,0.266349,1.031002,-0.068318,0.000000,0.000000
0.005195,-0.003484,0.870678,0.009709,-0.004327,0.926490,0.376169,0.026628,0.012849,0.020120,0.040435,-0.267680,0.012874,0.009628,-0.048276,-0.158441,0.059250,-0.270445,-0.001921,0.047061,-0.001563,-0.004786,0.196677,-0.556521,1.198137,1.570520,0.000000,0.000000,0.078572,-0.146616,0.266538,1.031049,-0.068238,0.000000,0.000000
0.005197,-0.003606,0.870673,0.009790,-0.004349,0.926415,0.376351,0.026664,0.012934,0.020282,0.040504,-0.267800,0.012871,0.009625,-0.048194,-0.158271,0.059295,-0.270447,-0.001926,0.047079,-0.001564,-0.004771,0.196900,-0.556577,1.198204,1.570522,0.000000,0.000000,0.078453,-0.146607,0.266732,1.031116,-0.068311,0.000000,0.000000
0.005228,-0.003720,0.870675,0.009761,-0.004358,0.926395,0.376402,0.026691,0.013004,0.020430,0.040556,-0.267901,0.012866,0.009602,-0.048121,-0.158092,0.059350,-0.270453,-0.001935,0.047091,-0.001570,-0.004771,0.197112,-0.556641,1.198259,1.570523,0.000000,0.000000,0.078306,-0.146642,0.266877,1.031203,-0.068492,0.000000,0.000000
0.005316,-0.003802,0.870668,0.009785,-0.004346,0.926408,0.376368,0.026704,0.013066,0.020524,0.040583,-0.268053,0.012867,0.009559,-0.048063,-0.158000,0.059421,-0.270551,-0.001936,0.047095,-0.001581,-0.004782,0.197312,-0.556659,1.198298,1.570524,0.000000,0.000000,0.078115,-0.146794,0.266948,1.031314,-0.068993,0.000000,0.000000
0.005307,-0.003712,0.870663,0.009931,-0.004387,0.926487,0.376171,0.026730,0.013121,0.020624,0.040636,-0.268223,0.012865,0.009539,-0.048017,-0.158055,0.059527,-0.270670,-0.001920,0.047123,-0.001587,-0.004789,0.197516,-0.556661,1.198286,1.570525,0.000000,0.000000,0.077962,-0.146868,0.266958,1.031503,-0.069345,0.000000,0.000000
0.005275,-0.003524,0.870688,0.010090,-0.004571,0.926503,0.376124,0.026786,0.013208,0.020765,0.040745,-0.268355,0.012864,0.009564,-0.047961,-0.158064,0.059669,-0.270785,-0.001906,0.047200,-0.001592,-0.004868,0.197728,-0.556795,1.198378,1.570528,0.000000,0.000000,0.077888,-0.146904,0.266873,1.031684,-0.069716,0.000000,0.000000
0.005292,-0.003385,0.870718,0.010138,-0.004747,0.926357,0.376480,0.026859,0.013324,0.021039,0.040885,-0.268517,0.012853,0.009606,-0.047887,-0.158055,0.059811,-0.270908,-0.001890,0.047374,-0.001594,-0.004980,0.197921,-0.556821,1.198557,1.570528,0.000000,0.000000,0.077853,-0.147028,0.266592,1.031755,-0.070175,0.000000,0.000000
0.005350,-0.003253,0.870727,0.010095,-0.004800,0.926350,0.376499,0.026928,0.013462,0.021351,0.041016,-0.268758,0.012841,0.009657,-0.047793,-0.158079,0.059918,-0.271041,-0.001866,0.047561,-0.001599,-0.005156,0.198136,-0.556946,1.198781,1.570530,0.000000,0.000000,0.077841,-0.147180,0.266296,1.031767,-0.070726,0.000000,0.000000
0.005411,-0.003045,0.870735,0.010160,-0.004887,0.926283,0.376660,0.027012,0.013632,0.021769,0.041179,-0.268993,0.012821,0.009729,-0.047672,-0.158175,0.059991,-0.271259,-0.001826,0.047730,-0.001615,-0.005325,0.198328,-0.557024,1.198928,1.570532,0.000000,0.000000,0.077809,-0.147287,0.265995,1.031817,-0.071189,0.000000,0.000000
0.005431,-0.002879,0.870734,0.010216,-0.004932,0.926240,0.376763,0.027102,0.013810,0.022150,0.041354,-0.269224,0.012809,0.009818,-0.047555,-0.158274,0.060051,-0.271487,-0.001786,0.047883,-0.001621,-0.005453,0.198513,-0.557060,1.199026,1.570532,0.000000,0.000000,0.077774,-0.147385,0.265717,1.031908,-0.071603,0.000000,0.000000
0.005425,-0.002667,0.870729,0.010253,-0.004952,0.926226,0.376797,0.027197,0.013994,0.022493,0.041540,-0.269475,0.012802,0.009926,-0.047451,-0.158365,0.060111,-0.271690,-0.001751,0.048012,-0.001631,-0.005553,0.198696,-0.557087,1.199082,1.570534,0.000000,0.000000,0.077728,-0.147477,0.265461,1.032064,-0.071997,0.000000,0.000000
0.005306,-0.002407,0.870745,0.010439,-0.005127,0.926258,0.376711,0.027327,0.014189,0.022800,0.041788,-0.269791,0.012803,0.010069,-0.047350,-0.158428,0.060240,-0.271813,-0.001719,0.048118,-0.001642,-0.005665,0.198814,-0.557079,1.199188,1.570536,0.000000,0.000000,0.077657,-0.147580,0.265261,1.032392,-0.072465,0.000000,0.000000
0.005034,-0.002248,0.870752,0.010773,-0.005317,0.926097,0.377093,0.027499,0.014357,0.023167,0.042120,-0.270084,0.012789,0.010217,-0.047294,-0.158484,0.060530,-0.272104,-0.001698,0.048243,-0.001656,-0.005719,0.198818,-0.556823,1.199363,1.570535,0.000000,0.000000,0.077682,-0.147612,0.265158,1.032661,-0.072922,0.000000,0.000000
0.004665,-0.002182,0.870715,0.011341,-0.005389,0.925981,0.377362,0.027721,0.014457,0.023564,0.042553,-0.270416,0.012757,0.010355,-0.047329,-0.158492,0.061081,-0.272513,-0.001702,0.048349,-0.001663,-0.005660,0.198826,-0.556604,1.199463,1.570535,0.000000,0.000000,0.077857,-0.147594,0.265140,1.032792,-0.073145,0.000000,0.000000
0.004248,-0.002160,0.870673,0.012007,-0.005473,0.926036,0.377205,0.027999,0.014498,0.023950,0.043091,-0.270852,0.012714,0.010493,-0.047450,-0.158649,0.061931,-0.273193,-0.001706,0.048449,-0.001667,-0.005515,0.198820,-0.556459,1.199497,1.570535,0.000000,0.000000,0.078132,-0.147633,0.265221,1.032954,-0.073249,0.000000,0.000000
0.003846,-0.001989,0.870633,0.012462,-0.005503,0.926171,0.376859,0.028317,0.014509,0.024214,0.043711,-0.271371,0.012680,0.010626,-0.047625,-0.158876,0.063013,-0.274099,-0.001713,0.048497,-0.001672,-0.005282,0.198816,-0.556386,1.199389,1.570535,0.000000,0.000000,0.078494,-0.147719,0.265204,1.033033,-0.073438,0.000000,0.000000
0.003573,-0.001718,0.870593,0.013008,-0.005677,0.926152,0.376883,0.029328,0.014532,0.024784,0.045694,-0.273003,0.012606,0.010933,-0.048135,-0.159474,0.066705,-0.276876,-0.001736,0.048527,-0.001691,-0.004549,0.198638,-0.556044,1.199395,1.570535,0.000000,0.000000,0.079562,-0.148053,0.265050,1.033613,-0.074150,0.000000,0.000000
0.003244,-0.001421,0.870571,0.013471,-0.005863,0.926108,0.376972,0.029988,0.014528,0.025077,0.047001,-0.274290,0.012564,0.011050,-0.048443,-0.159492,0.069275,-0.278783,-0.001795,0.048449,-0.001691,-0.004055,0.198505,-0.555626,1.199557,1.570534,0.000000,0.000000,0.080255,-0.148320,0.265100,1.034080,-0.074514,0.000000,0.000000
0.002705,-0.001136,0.870488,0.014134,-0.005916,0.926060,0.377065,0.031006,0.014340,0.025422,0.049030,-0.276373,0.012475,0.011211,-0.049061,-0.159618,0.073277,-0.281767,-0.001903,0.048331,-0.001696,-0.003251,0.198034,-0.554732,1.200134,1.570531,0.000000,0.000000,0.081363,-0.148500,0.265036,1.034664,-0.074728,0.000000,0.000000
0.002082,-0.000765,0.870412,0.014744,-0.005984,0.926077,0.376999,0.032006,0.014066,0.025472,0.051041,-0.278612,0.012407,0.011469,-0.049723,-0.160001,0.076891,-0.284915,-0.001983,0.048296,-0.001706,-0.002304,0.197522,-0.553854,1.200686,1.570526,0.000000,0.000000,0.082619,-0.148481,0.264860,1.035125,-0.074615,0.000000,0.000000
0.001497,-0.000357,0.870380,0.015251,-0.006171,0.926211,0.376645,0.032678,0.013912,0.025277,0.052397,-0.280487,0.012397,0.011751,-0.050107,-0.160003,0.079097,-0.286958,-0.002053,0.048188,-0.001717,-0.001571,0.197306,-0.553527,1.200796,1.570522,0.000000,0.000000,0.083508,-0.148520,0.264835,1.035382,-0.074512,0.000000,0.000000
0.000892,0.000131,0.870345,0.015737,-0.006429,0.926394,0.376171,0.033709,0.013786,0.024768,0.054475,-0.283208,0.012434,0.012369,-0.050570,-0.159520,0.082152,-0.289398,-0.002197,0.047897,-0.001707,-0.000411,0.197234,-0.553368,1.200646,1.570515,0.000000,0.000000,0.084939,-0.148640,0.264840,1.035456,-0.074840,0.000000,0.000000
0.000315,0.000669,0.870307,0.016240,-0.006661,0.926456,0.375994,0.034718,0.013747,0.024243,0.056513,-0.285467,0.012495,0.013112,-0.050952,-0.158988,0.084966,-0.291290,-0.002327,0.047633,-0.001689,0.000739,0.197168,-0.553188,1.200399,1.570512,0.000000,0.000000,0.086350,-0.148664,0.264589,1.035361,-0.074861,0.000000,0.000000
-0.000326,0.001222,0.870282,0.016645,-0.006905,0.926407,0.376092,0.035699,0.013751,0.023750,0.058490,-0.287242,0.012561,0.013943,-0.051283,-0.158228,0.087503,-0.292983,-0.002477,0.047481,-0.001687,0.001947,0.197015,-0.552813,1.200178,1.570507,0.000000,0.000000,0.087760,-0.148618,0.264189,1.035052,-0.074712,0.000000,0.000000
-0.000992,0.001753,0.870247,0.017101,-0.007119,0.926370,0.376160,0.036668,0.013715,0.023644,0.060456,-0.288913,0.012569,0.014870,-0.051595,-0.157327,0.089755,-0.294618,-0.002643,0.047528,-0.001658,0.003115,0.196899,-0.552660,1.199886,1.570502,0.000000,0.000000,0.089312,-0.148437,0.263900,1.034235,-0.074372,0.000000,0.000000
-0.001597,0.002220,0.870209,0.017568,-0.007243,0.926542,0.375712,0.037319,0.013640,0.023524,0.061779,-0.290145,0.012570,0.015586,-0.051798,-0.156945,0.091088,-0.295587,-0.002723,0.047561,-0.001647,0.003816,0.196919,-0.553014,1.199677,1.570501,0.000000,0.000000,0.090384,-0.148216,0.263467,1.033736,-0.074034,0.000000,0.000000
-0.002166,0.002641,0.870157,0.017879,-0.007317,0.926863,0.374902,0.038237,0.013505,0.023032,0.063654,-0.291878,0.012607,0.016697,-0.052082,-0.156850,0.092839,-0.296903,-0.002775,0.047477,-0.001642,0.004859,0.196921,-0.553634,1.199323,1.570495,0.000000,0.000000,0.091961,-0.147977,0.261981,1.033074,-0.072992,0.000000,0.000000
-0.002620,0.003089,0.870114,0.018215,-0.007384,0.926875,0.374854,0.038844,0.013420,0.022688,0.064891,-0.293055,0.012634,0.017400,-0.052289,-0.156970,0.093973,-0.298015,-0.002792,0.047338,-0.001629,0.005757,0.196843,-0.553564,1.199057,1.570492,0.000000,0.000000,0.092982,-0.147848,0.261204,1.032657,-0.072369,0.000000,0.000000
-0.002950,0.003626,0.870094,0.018528,-0.007557,0.926796,0.375031,0.039481,0.013421,0.022467,0.066185,-0.294185,0.012665,0.018078,-0.052437,-0.157135,0.095220,-0.299279,-0.002790,0.047215,-0.001614,0.006730,0.196877,-0.553428,1.198621,1.570489,0.000000,0.000000,0.094045,-0.147778,0.260691,1.032288,-0.072062,0.000000,0.000000
-0.003270,0.004146,0.870091,0.018826,-0.007806,0.926733,0.375167,0.040130,0.013502,0.022175,0.067494,-0.295226,0.012723,0.018737,-0.052500,-0.157015,0.096606,-0.300564,-0.002809,0.047175,-0.001610,0.007690,0.196894,-0.553135,1.198184,1.570484,0.000000,0.000000,0.095070,-0.147598,0.260381,1.032036,-0.071631,0.000000,0.000000
-0.003683,0.004559,0.870073,0.019006,-0.007946,0.926714,0.375202,0.040749,0.013582,0.021945,0.068751,-0.296149,0.012774,0.019368,-0.052554,-0.156734,0.097997,-0.301657,-0.002848,0.047228,-0.001611,0.008603,0.196879,-0.552821,1.197859,1.570481,0.000000,0.000000,0.096134,-0.147405,0.260213,1.031590,-0.071332,0.000000,0.000000
-0.004165,0.004959,0.870052,0.019153,-0.008053,0.926780,0.375030,0.041342,0.013655,0.021858,0.069957,-0.297044,0.012804,0.019996,-0.052598,-0.156497,0.099274,-0.302504,-0.002879,0.047334,-0.001602,0.009419,0.196843,-0.552765,1.197614,1.570480,0.000000,0.000000,0.097180,-0.147120,0.260144,1.031027,-0.070940,0.000000,0.000000
-0.004743,0.005312,0.870024,0.019373,-0.008137,0.926869,0.374796,0.041927,0.013675,0.021803,0.071151,-0.297775,0.012819,0.020643,-0.052649,-0.156417,0.100410,-0.303193,-0.002892,0.047534,-0.001606,0.010148,0.196686,-0.552835,1.197551,1.570477,0.000000,0.000000,0.098214,-0.146847,0.259929,1.030332,-0.070525,0.000000,0.000000
-0.005312,0.005704,0.869990,0.019671,-0.008211,0.926937,0.374611,0.042529,0.013679,0.021591,0.072376,-0.298312,0.012851,0.021312,-0.052726,-0.156479,0.101505,-0.303964,-0.002892,0.047812,-0.001611,0.010791,0.196588,-0.552933,1.197593,1.570474,0.000000,0.000000,0.099270,-0.146603,0.259513,1.029668,-0.070317,0.000000,0.000000
-0.005766,0.006017,0.869973,0.019893,-0.008343,0.927017,0.374399,0.043110,0.013704,0.021342,0.073564,-0.298826,0.012892,0.021943,-0.052798,-0.156722,0.102637,-0.304967,-0.002867,0.048048,-0.001626,0.011383,0.196479,-0.552798,1.197695,1.570472,0.000000,0.000000,0.100224,-0.146397,0.258883,1.029290,-0.070921,0.000000,0.000000
-0.006085,0.006308,0.869957,0.019898,-0.008360,0.926802,0.374930,0.043381,0.013707,0.021272,0.074121,-0.299105,0.012903,0.022200,-0.052844,-0.156986,0.103285,-0.305633,-0.002839,0.048162,-0.001633,0.011738,0.196489,-0.552683,1.197672,1.570470,0.000000,0.000000,0.100660,-0.146381,0.258683,1.029166,-0.071548,0.000000,0.000000
-0.006440,0.006714,0.869959,0.019875,-0.008445,0.926690,0.375206,0.043654,0.013726,0.021255,0.074685,-0.299392,0.012911,0.022444,-0.052877,-0.157117,0.103989,-0.306336,-0.002826,0.048287,-0.001639,0.012102,0.196567,-0.552597,1.197618,1.570468,0.000000,0.000000,0.101081,-0.146458,0.258430,1.029093,-0.072293,0.000000,0.000000
-0.006921,0.007139,0.869944,0.019818,-0.008441,0.926703,0.375176,0.043926,0.013740,0.021198,0.075272,-0.299654,0.012924,0.022707,-0.052915,-0.157044,0.104639,-0.306901,-0.002841,0.048478,-0.001654,0.012433,0.196645,-0.552635,1.197609,1.570466,0.000000,0.000000,0.101499,-0.146538,0.258062,1.029066,-0.073075,0.000000,0.000000
-0.007435,0.007401,0.869892,0.019852,-0.008373,0.926704,0.375174,0.044420,0.013697,0.020973,0.076489,-0.300083,0.012948,0.023233,-0.053084,-0.156742,0.105817,-0.307808,-0.002913,0.048984,-0.001674,0.013000,0.196749,-0.552934,1.197723,1.570462,0.000000,0.000000,0.102314,-0.146579,0.257297,1.029006,-0.074097,0.000000,0.000000
-0.007950,0.007588,0.869868,0.019817,-0.008328,0.926800,0.374939,0.044648,0.013654,0.020917,0.077058,-0.300319,0.012948,0.023476,-0.053192,-0.156648,0.106380,-0.308273,-0.002947,0.049192,-0.001674,0.013308,0.196751,-0.553009,1.197787,1.570461,0.000000,0.000000,0.102673,-0.146565,0.257025,1.028924,-0.074411,0.000000,0.000000
-0.008422,0.007805,0.869839,0.019831,-0.008275,0.926826,0.374876,0.044887,0.013590,0.020886,0.077595,-0.300583,0.012939,0.023698,-0.053315,-0.156638,0.106963,-0.308819,-0.002973,0.049312,-0.001686,0.013681,0.196686,-0.552819,1.197855,1.570460,0.000000,0.000000,0.102951,-0.146546,0.256906,1.028857,-0.074769,0.000000,0.000000
-0.008754,0.008083,0.869820,0.019941,-0.008295,0.926812,0.374905,0.045149,0.013534,0.020801,0.078094,-0.300906,0.012940,0.023906,-0.053426,-0.156711,0.107583,-0.309381,-0.002985,0.049350,-0.001694,0.014089,0.196500,-0.552452,1.198077,1.570457,0.000000,0.000000,0.103150,-0.146502,0.256877,1.028917,-0.075096,0.000000,0.000000
-0.009085,0.008354,0.869803,0.019862,-0.008282,0.926777,0.374995,0.045397,0.013480,0.020702,0.078574,-0.301225,0.012943,0.024087,-0.053527,-0.156787,0.108198,-0.310014,-0.002995,0.049391,-0.001696,0.014510,0.196224,-0.551818,1.198313,1.570454,0.000000,0.000000,0.103264,-0.146372,0.256853,1.029098,-0.074910,0.000000,0.000000
-0.009468,0.008588,0.869765,0.019772,-0.008167,0.926737,0.375101,0.045626,0.013382,0.020581,0.079020,-0.301504,0.012939,0.024246,-0.053647,-0.156835,0.108837,-0.310632,-0.003013,0.049446,-0.001698,0.014947,0.195997,-0.551066,1.198472,1.570451,0.000000,0.000000,0.103247,-0.146217,0.256758,1.029365,-0.074199,0.000000,0.000000
-0.009890,0.008847,0.869722,0.019576,-0.008000,0.926820,0.374910,0.045830,0.013263,0.020462,0.079419,-0.301834,0.012930,0.024387,-0.053788,-0.156895,0.109494,-0.311227,-0.003035,0.049468,-0.001703,0.015388,0.195862,-0.550369,1.198564,1.570449,0.000000,0.000000,0.103124,-0.146072,0.256589,1.029606,-0.073545,0.000000,0.000000
-0.010231,0.009142,0.869706,0.019323,-0.007939,0.926842,0.374870,0.046008,0.013179,0.020337,0.079770,-0.302191,0.012929,0.024513,-0.053919,-0.156989,0.110148,-0.311836,-0.003050,0.049505,-0.001699,0.015765,0.195852,-0.550136,1.198666,1.570448,0.000000,0.000000,0.103003,-0.145981,0.256435,1.029755,-0.073290,0.000000,0.000000
-0.010514,0.009358,0.869678,0.018986,-0.007809,0.926825,0.374933,0.046143,0.013104,0.020208,0.080044,-0.302561,0.012931,0.024595,-0.054041,-0.157094,0.110794,-0.312471,-0.003062,0.049577,-0.001692,0.016037,0.195878,-0.550250,1.198845,1.570444,0.000000,0.000000,0.102802,-0.145856,0.256155,1.029939,-0.073066,0.000000,0.000000
-0.010888,0.009618,0.869653,0.018644,-0.007676,0.926939,0.374670,0.046255,0.013040,0.020104,0.080271,-0.302879,0.012932,0.024659,-0.054161,-0.157232,0.111403,-0.313105,-0.003070,0.049643,-0.001695,0.016271,0.195978,-0.550417,1.198953,1.570442,0.000000,0.000000,0.102537,-0.145752,0.255811,1.030187,-0.072947,0.000000,0.000000
-0.011279,0.009973,0.869630,0.018251,-0.007533,0.927078,0.374348,0.046350,0.012996,0.020048,0.080463,-0.303099,0.012930,0.024714,-0.054276,-0.157570,0.111952,-0.313857,-0.003049,0.049667,-0.001694,0.016554,0.196165,-0.550456,1.198888,1.570441,0.000000,0.000000,0.102209,-0.145667,0.255413,1.030488,-0.073049,0.000000,0.000000
-0.011681,0.010211,0.869603,0.017859,-0.007377,0.927211,0.374042,0.046417,0.012940,0.019993,0.080602,-0.303354,0.012926,0.024747,-0.054391,-0.157890,0.112432,-0.314582,-0.003032,0.049638,-0.001691,0.016836,0.196402,-0.550449,1.198831,1.570438,0.000000,0.000000,0.101880,-0.145645,0.255128,1.030757,-0.073406,0.000000,0.000000
-0.012132,0.010351,0.869573,0.017556,-0.007231,0.927221,0.374032,0.046467,0.012846,0.020010,0.080712,-0.303770,0.012904,0.024762,-0.054527,-0.158070,0.112837,-0.315112,-0.003038,0.049633,-0.001689,0.017027,0.196556,-0.550425,1.198956,1.570438,0.000000,0.000000,0.101573,-0.145681,0.254940,1.030908,-0.074095,0.000000,0.000000
-0.012529,0.010585,0.869563,0.017201,-0.007161,0.927217,0.374060,0.046499,0.012760,0.020028,0.080787,-0.304245,0.012884,0.024767,-0.054634,-0.158213,0.113144,-0.315491,-0.003042,0.049674,-0.001698,0.017068,0.196581,-0.550399,1.199235,1.570436,0.000000,0.000000,0.101279,-0.145710,0.254706,1.030896,-0.074680,0.000000,0.000000
-0.012977,0.010924,0.869531,0.016900,-0.006998,0.927274,0.373936,0.046528,0.012673,0.019997,0.080851,-0.304622,0.012870,0.024783,-0.054728,-0.158329,0.113364,-0.315959,-0.003047,0.049678,-0.001693,0.016999,0.196554,-0.550369,1.199660,1.570437,0.000000,0.000000,0.100987,-0.145668,0.254349,1.030851,-0.074917,0.000000,0.000000
-0.013383,0.011301,0.869498,0.016530,-0.006808,0.927455,0.373506,0.046539,0.012610,0.019865,0.080888,-0.304872,0.012873,0.024802,-0.054794,-0.158505,0.113522,-0.316544,-0.003037,0.049569,-0.001689,0.016895,0.196548,-0.550326,1.200105,1.570438,0.000000,0.000000,0.100617,-0.145609,0.253904,1.030736,-0.074618,0.000000,0.000000
-0.013692,0.011632,0.869471,0.016245,-0.006662,0.927540,0.373311,0.046536,0.012575,0.019656,0.080894,-0.305112,0.012894,0.024800,-0.054838,-0.158763,0.113687,-0.317186,-0.003013,0.049416,-0.001683,0.016820,0.196608,-0.550434,1.200491,1.570438,0.000000,0.000000,0.100156,-0.145697,0.253601,1.030680,-0.074171,0.000000,0.000000
-0.014196,0.011948,0.869407,0.016005,-0.006367,0.927567,0.373261,0.046527,0.012493,0.019456,0.080896,-0.305451,0.012903,0.024779,-0.054931,-0.159070,0.113898,-0.317851,-0.002994,0.049238,-0.001688,0.016764,0.196688,-0.550487,1.200809,1.570440,0.000000,0.000000,0.099658,-0.145846,0.253382,1.030594,-0.073985,0.000000,0.000000
-0.014825,0.012341,0.869347,0.015736,-0.006096,0.927527,0.373376,0.046536,0.012354,0.019272,0.080920,-0.305867,0.012896,0.024754,-0.055083,-0.159365,0.114156,-0.318536,-0.002989,0.049087,-0.001690,0.016748,0.196790,-0.550443,1.201026,1.570439,0.000000,0.000000,0.099192,-0.145964,0.253137,1.030431,-0.073942,0.000000,0.000000
-0.015442,0.012763,0.869314,0.015396,-0.005942,0.927538,0.373364,0.046554,0.012212,0.019127,0.080966,-0.306429,0.012883,0.024732,-0.055268,-0.159568,0.114456,-0.319263,-0.003004,0.048998,-0.001694,0.016782,0.196974,-0.550543,1.201129,1.570439,0.000000,0.000000,0.098862,-0.146072,0.252915,1.030035,-0.074290,0.000000,0.000000
-0.015920,0.013199,0.869284,0.014996,-0.005803,0.927579,0.373281,0.046570,0.012099,0.018968,0.081003,-0.307163,0.012878,0.024702,-0.055450,-0.159643,0.114756,-0.320073,-0.003034,0.048962,-0.001676,0.016768,0.197195,-0.550813,1.201329,1.570440,0.000000,0.000000,0.098599,-0.146129,0.252594,1.029649,-0.074686,0.000000,0.000000
-0.016311,0.013705,0.869259,0.014569,-0.005692,0.927490,0.373522,0.046584,0.012030,0.018851,0.081042,-0.307973,0.012877,0.024653,-0.055583,-0.159618,0.115045,-0.320855,-0.003068,0.048971,-0.001667,0.016751,0.197421,-0.550901,1.201547,1.570439,0.000000,0.000000,0.098264,-0.146166,0.252288,1.029420,-0.075080,0.000000,0.000000
-0.016699,0.014250,0.869252,0.014212,-0.005677,0.927391,0.373780,0.046608,0.012010,0.018815,0.081095,-0.308798,0.012876,0.024600,-0.055648,-0.159551,0.115323,-0.321717,-0.003091,0.048979,-0.001664,0.016770,0.197732,-0.550669,1.201656,1.570442,0.000000,0.000000,0.097787,-0.146221,0.252001,1.029380,-0.075356,0.000000,0.000000
-0.017172,0.014849,0.869238,0.013770,-0.005622,0.927460,0.373626,0.046629,0.012036,0.018768,0.081137,-0.309663,0.012888,0.024545,-0.055669,-0.159496,0.115607,-0.322690,-0.003103,0.048931,-0.001652,0.016837,0.198096,-0.550401,1.201659,1.570443,0.000000,0.000000,0.097265,-0.146312,0.251733,1.029359,-0.075527,0.000000,0.000000
-0.017747,0.015368,0.869212,0.013422,-0.005521,0.927659,0.373147,0.046644,0.012064,0.018639,0.081174,-0.310556,0.012908,0.024487,-0.055694,-0.159514,0.115972,-0.323631,-0.003107,0.048838,-0.001650,0.016848,0.198400,-0.550169,1.201749,1.570444,0.000000,0.000000,0.096804,-0.146423,0.251468,1.029284,-0.075980,0.000000,0.000000
-0.018287,0.015731,0.869161,0.013086,-0.005316,0.927782,0.372856,0.046650,0.012044,0.018388,0.081189,-0.311466,0.012934,0.024400,-0.055754,-0.159457,0.116413,-0.324448,-0.003129,0.048770,-0.001655,0.016714,0.198644,-0.549909,1.201932,1.570446,0.000000,0.000000,0.096427,-0.146507,0.251251,1.029042,-0.076305,0.000000,0.000000
-0.018814,0.016126,0.869117,0.012473,-0.005106,0.927939,0.372487,0.046627,0.012027,0.018114,0.081151,-0.312332,0.012964,0.024268,-0.055800,-0.159301,0.116849,-0.325252,-0.003161,0.048679,-0.001648,0.016607,0.198908,-0.549774,1.202046,1.570447,0.000000,0.000000,0.096111,-0.146533,0.250955,1.028726,-0.076381,0.000000,0.000000
-0.019342,0.016562,0.869088,0.011922,-0.004971,0.927935,0.372517,0.046594,0.012018,0.017792,0.081096,-0.313213,0.013000,0.024102,-0.055818,-0.159152,0.117308,-0.326059,-0.003186,0.048616,-0.001647,0.016556,0.199177,-0.549824,1.202067,1.570450,0.000000,0.000000,0.095858,-0.146552,0.250678,1.028475,-0.076316,0.000000,0.000000
-0.019930,0.017150,0.869072,0.011391,-0.004907,0.927878,0.372677,0.046571,0.012037,0.017462,0.081060,-0.314111,0.013044,0.023924,-0.055788,-0.159018,0.117805,-0.326971,-0.003199,0.048561,-0.001645,0.016616,0.199479,-0.549930,1.201925,1.570451,0.000000,0.000000,0.095678,-0.146631,0.250495,1.028212,-0.076164,0.000000,0.000000
-0.020580,0.017906,0.869048,0.010943,-0.004824,0.927845,0.372773,0.046578,0.012085,0.017164,0.081074,-0.314963,0.013091,0.023769,-0.055722,-0.158891,0.118335,-0.327961,-0.003203,0.048477,-0.001645,0.016787,0.199845,-0.550113,1.201626,1.570453,0.000000,0.000000,0.095639,-0.146743,0.250311,1.027708,-0.075799,0.000000,0.000000
-0.021308,0.018632,0.868986,0.010551,-0.004587,0.927886,0.372687,0.046603,0.012105,0.016835,0.081119,-0.315774,0.013134,0.023658,-0.055682,-0.158776,0.118855,-0.329047,-0.003210,0.048368,-0.001644,0.017063,0.200254,-0.550392,1.201169,1.570456,0.000000,0.000000,0.095748,-0.146912,0.250239,1.026966,-0.075576,0.000000,0.000000
-0.022043,0.019308,0.868923,0.010085,-0.004350,0.927882,0.372712,0.046628,0.012092,0.016480,0.081171,-0.316547,0.013175,0.023565,-0.055674,-0.158619,0.119380,-0.330215,-0.003230,0.048235,-0.001648,0.017398,0.200651,-0.550503,1.200703,1.570458,0.000000,0.000000,0.095939,-0.147167,0.250255,1.026217,-0.075597,0.000000,0.000000
-0.022741,0.019986,0.868879,0.009574,-0.004201,0.927800,0.372932,0.046661,0.012084,0.016108,0.081232,-0.317419,0.013218,0.023464,-0.055656,-0.158284,0.119920,-0.331422,-0.003270,0.048115,-0.001652,0.017795,0.201019,-0.550337,1.200165,1.570462,0.000000,0.000000,0.096203,-0.147462,0.250352,1.025508,-0.075708,0.000000,0.000000
-0.023444,0.020590,0.868824,0.009332,-0.004037,0.927718,0.373143,0.046723,0.012067,0.015767,0.081355,-0.318419,0.013255,0.023346,-0.055649,-0.157919,0.120580,-0.332765,-0.003317,0.047979,-0.001662,0.018288,0.201412,-0.550139,1.199503,1.570463,0.000000,0.000000,0.096515,-0.147753,0.250682,1.024900,-0.075656,0.000000,0.000000
-0.024156,0.021137,0.868711,0.008959,-0.003716,0.927674,0.373266,0.046864,0.011983,0.015056,0.081630,-0.320460,0.013322,0.023018,-0.055670,-0.157234,0.122166,-0.335505,-0.003414,0.047490,-0.001648,0.019507,0.202237,-0.549586,1.197992,1.570467,0.000000,0.000000,0.097177,-0.148359,0.251567,1.023414,-0.075502,0.000000,0.000000
-0.024885,0.021694,0.868614,0.008508,-0.003525,0.927610,0.373437,0.047096,0.011865,0.014278,0.082091,-0.323042,0.013387,0.022429,-0.055703,-0.156195,0.124773,-0.339475,-0.003562,0.046495,-0.001643,0.021313,0.203361,-0.549083,1.195952,1.570472,0.000000,0.000000,0.098340,-0.149392,0.253043,1.020535,-0.075308,0.000000,0.000000
-0.025620,0.022329,0.868562,0.008231,-0.003478,0.927410,0.373941,0.047322,0.011777,0.013884,0.082532,-0.324598,0.013415,0.022011,-0.055722,-0.155401,0.126791,-0.341815,-0.003673,0.045903,-0.001633,0.022564,0.203905,-0.548523,1.194753,1.570475,0.000000,0.000000,0.099344,-0.149989,0.254238,1.018344,-0.075083,0.000000,0.000000
-0.026414,0.023079,0.868460,0.007795,-0.003312,0.927276,0.374282,0.047673,0.011619,0.013207,0.083230,-0.326728,0.013461,0.021371,-0.055733,-0.153919,0.129860,-0.345028,-0.003874,0.045189,-0.001631,0.024700,0.204492,-0.546997,1.192840,1.570477,0.000000,0.000000,0.101059,-0.150651,0.255835,1.014976,-0.074349,0.000000,0.000000
-0.027243,0.023708,0.868345,0.007386,-0.003083,0.927302,0.374229,0.047897,0.011412,0.012376,0.084135,-0.328595,0.013519,0.020757,-0.055785,-0.152244,0.132637,-0.347998,-0.004106,0.044505,-0.001643,0.026811,0.205009,-0.545433,1.190813,1.570479,0.000000,0.000000,0.102966,-0.151264,0.257301,1.011698,-0.073490,0.000000,0.000000
-0.028186,0.024150,0.868228,0.007172,-0.002862,0.927359,0.374094,0.048055,0.011062,0.011302,0.085232,-0.330425,0.013579,0.020164,-0.055982,-0.150598,0.135461,-0.350650,-0.004364,0.043888,-0.001649,0.028851,0.205391,-0.544243,1.188777,1.570482,0.000000,0.000000,0.105172,-0.152061,0.258789,1.008482,-0.072323,0.000000,0.000000
-0.029192,0.024637,0.868080,0.006882,-0.002613,0.927435,0.373912,0.048223,0.010532,0.009737,0.086792,-0.332830,0.013664,0.019347,-0.056354,-0.148802,0.139467,-0.353807,-0.004679,0.043042,-0.001633,0.031700,0.205917,-0.543125,1.186109,1.570481,0.000000,0.000000,0.108372,-0.153507,0.260288,1.004109,-0.070551,0.000000,0.000000
-0.030174,0.025222,0.867951,0.006462,-0.002352,0.927451,0.373882,0.048365,0.010157,0.008634,0.087885,-0.334581,0.013724,0.018606,-0.056656,-0.147756,0.142845,-0.356592,-0.004879,0.042214,-0.001626,0.034166,0.206276,-0.542361,1.183952,1.570481,0.000000,0.000000,0.110805,-0.154627,0.261033,1.000614,-0.069518,0.000000,0.000000
-0.031113,0.025922,0.867800,0.006033,-0.002080,0.927444,0.373907,0.048604,0.009695,0.007461,0.089140,-0.336821,0.013776,0.017415,-0.057049,-0.146477,0.147889,-0.360601,-0.005127,0.040835,-0.001595,0.037829,0.206699,-0.540641,1.180489,1.570482,0.000000,0.000000,0.114268,-0.156160,0.262303,0.995969,-0.068196,0.000000,0.000000
-0.031985,0.026674,0.867654,0.005821,-0.001882,0.927465,0.373859,0.048973,0.009179,0.006047,0.090423,-0.339474,0.013850,0.015912,-0.057487,-0.144634,0.154424,-0.365029,-0.005454,0.038859,-0.001541,0.042318,0.206930,-0.538698,1.176464,1.570480,0.000000,0.000000,0.118299,-0.157666,0.264440,0.991237,-0.065552,0.000000,0.000000
-0.032954,0.027435,0.867488,0.005664,-0.001627,0.927539,0.373679,0.049321,0.008602,0.004324,0.091688,-0.342720,0.013945,0.014482,-0.057962,-0.142759,0.160904,-0.369147,-0.005789,0.036808,-0.001481,0.046670,0.206866,-0.536888,1.173096,1.570471,0.000000,0.000000,0.122107,-0.158906,0.266587,0.987023,-0.062142,0.000000,0.000000
-0.034130,0.028066,0.867260,0.005580,-0.001311,0.927813,0.373003,0.049657,0.007773,0.002668,0.093892,-0.346926,0.013980,0.012970,-0.058692,-0.141072,0.168467,-0.373601,-0.006145,0.034427,-0.001399,0.051830,0.207207,-0.536099,1.168258,1.570462,0.000000,0.000000,0.126862,-0.160725,0.268664,0.981581,-0.058679,0.000000,0.000000
-0.035345,0.028631,0.867044,0.005472,-0.001010,0.927957,0.372646,0.049952,0.007008,0.001517,0.096080,-0.350385,0.013964,0.011718,-0.059392,-0.140264,0.174907,-0.377548,-0.006383,0.032680,-0.001332,0.056344,0.207910,-0.535721,1.163350,1.570454,0.000000,0.000000,0.131243,-0.162316,0.269850,0.976571,-0.055872,0.000000,0.000000
-0.036380,0.029251,0.866845,0.005272,-0.000807,0.927906,0.372777,0.050347,0.006363,0.000521,0.098130,-0.353870,0.013956,0.010312,-0.059922,-0.139285,0.181633,-0.382243,-0.006606,0.031112,-0.001243,0.060867,0.208891,-0.535887,1.158749,1.570451,0.000000,0.000000,0.135594,-0.164189,0.271128,0.971766,-0.053198,0.000000,0.000000
-0.037365,0.029902,0.866612,0.004845,-0.000417,0.927768,0.373126,0.050779,0.005699,-0.000354,0.099520,-0.357540,0.013925,0.008693,-0.060434,-0.138353,0.188346,-0.387376,-0.006820,0.029477,-0.001178,0.065136,0.210287,-0.536900,1.155022,1.570455,0.000000,0.000000,0.139468,-0.166204,0.272901,0.967272,-0.050967,0.000000,0.000000
-0.038424,0.030509,0.866320,0.004483,0.000177,0.927827,0.372983,0.051204,0.004648,-0.001464,0.100846,-0.362169,0.013837,0.006835,-0.061321,-0.137249,0.195872,-0.392734,-0.007135,0.027259,-0.001107,0.069922,0.211995,-0.538953,1.150498,1.570461,0.000000,0.000000,0.143719,-0.168248,0.275116,0.962283,-0.047431,0.000000,0.000000
-0.039549,0.031097,0.866082,0.003925,0.000701,0.928203,0.372052,0.051342,0.003779,-0.003050,0.101828,-0.365698,0.013847,0.005447,-0.062138,-0.136480,0.201531,-0.396401,-0.007391,0.025163,-0.001019,0.073981,0.212831,-0.539942,1.146753,1.570463,0.000000,0.000000,0.147500,-0.169510,0.276211,0.958128,-0.044564,0.000000,0.000000
-0.040699,0.031753,0.865821,0.003181,0.001286,0.928652,0.370936,0.051196,0.002841,-0.005585,0.103034,-0.369669,0.013965,0.003957,-0.063095,-0.135855,0.207327,-0.399976,-0.007655,0.022379,-0.000900,0.078947,0.213900,-0.540636,1.142174,1.570461,0.000000,0.000000,0.152199,-0.171168,0.275976,0.952992,-0.042063,0.000000,0.000000
-0.041826,0.032575,0.865525,0.002450,0.001897,0.928990,0.370091,0.050821,0.002097,-0.007693,0.104768,-0.374604,0.014067,0.002671,-0.063803,-0.135561,0.212172,-0.403175,-0.007819,0.019336,-0.000805,0.084170,0.214713,-0.540229,1.137281,1.570461,0.000000,0.000000,0.156728,-0.172685,0.274880,0.948190,-0.039528,0.000000,0.000000
-0.043020,0.033450,0.865193,0.001955,0.002458,0.929136,0.369726,0.050282,0.001387,-0.009661,0.107727,-0.379969,0.014158,0.001683,-0.064440,-0.135858,0.216459,-0.406639,-0.007889,0.016675,-0.000719,0.089413,0.214875,-0.539221,1.132543,1.570456,0.000000,0.000000,0.161623,-0.173914,0.273900,0.942919,-0.036630,0.000000,0.000000
-0.044257,0.034376,0.864880,0.001570,0.002811,0.929272,0.369382,0.049676,0.000962,-0.010848,0.111512,-0.385054,0.014211,0.001150,-0.064916,-0.136091,0.219848,-0.409784,-0.007939,0.015038,-0.000663,0.094036,0.215103,-0.539175,1.127734,1.570446,0.000000,0.000000,0.166704,-0.174865,0.273874,0.937575,-0.034225,0.000000,0.000000
-0.045499,0.035450,0.864457,0.001015,0.003151,0.929392,0.369080,0.048656,0.000698,-0.011631,0.117216,-0.392295,0.014245,0.000772,-0.065309,-0.135894,0.223342,-0.414070,-0.008026,0.013433,-0.000606,0.099574,0.215650,-0.539769,1.121610,1.570438,0.000000,0.000000,0.173290,-0.176382,0.273486,0.930417,-0.032255,0.000000,0.000000
-0.046947,0.036521,0.863894,0.000484,0.003642,0.929539,0.368706,0.047224,0.000282,-0.012300,0.124799,-0.400895,0.014226,0.000652,-0.065974,-0.135648,0.226743,-0.418791,-0.008176,0.011764,-0.000540,0.106344,0.216465,-0.540413,1.114731,1.570426,0.000000,0.000000,0.180705,-0.178455,0.272707,0.922211,-0.029756,0.000000,0.000000
-0.048643,0.037472,0.863212,0.000217,0.004423,0.929901,0.367784,0.045560,-0.000664,-0.012295,0.133522,-0.408835,0.014016,0.000929,-0.067328,-0.135703,0.229872,-0.422859,-0.008434,0.010036,-0.000460,0.113707,0.217222,-0.539749,1.107669,1.570417,0.000000,0.000000,0.187974,-0.180354,0.270906,0.915284,-0.027318,0.000000,0.000000
-0.050362,0.038336,0.862495,-0.000006,0.005168,0.930399,0.366511,0.043600,-0.001839,-0.012616,0.143212,-0.415971,0.013809,0.001498,-0.068994,-0.135911,0.232774,-0.426577,-0.008736,0.008596,-0.000374,0.120879,0.218346,-0.540101,1.100437,1.570407,0.000000,0.000000,0.195265,-0.182488,0.267674,0.909451,-0.024825,0.000000,0.000000
-0.051893,0.039336,0.861774,-0.000259,0.005693,0.930823,0.365426,0.041406,-0.002715,-0.013016,0.153653,-0.423032,0.013682,0.002232,-0.070321,-0.136064,0.235404,-0.430571,-0.008972,0.007484,-0.000310,0.127452,0.219671,-0.541413,1.094065,1.570399,0.000000,0.000000,0.203018,-0.184843,0.264678,0.903535,-0.021881,0.000000,0.000000
-0.053426,0.040558,0.860993,-0.000740,0.006116,0.931059,0.364816,0.039039,-0.003187,-0.012418,0.164696,-0.430805,0.013515,0.003047,-0.071226,-0.136414,0.237570,-0.434361,-0.009093,0.006621,-0.000245,0.134066,0.220653,-0.541834,1.089107,1.570388,0.000000,0.000000,0.211089,-0.187145,0.261733,0.897101,-0.018834,0.000000,0.000000
-0.055110,0.041829,0.860123,-0.001254,0.006535,0.931272,0.364264,0.036497,-0.003556,-0.010822,0.176561,-0.438972,0.013240,0.004054,-0.072158,-0.137352,0.239344,-0.438475,-0.009145,0.006002,-0.000197,0.140684,0.220843,-0.541708,1.085208,1.570368,0.000000,0.000000,0.219282,-0.188822,0.259239,0.890685,-0.015901,0.000000,0.000000
-0.056943,0.043062,0.859229,-0.001836,0.006974,0.931499,0.363673,0.033403,-0.004195,-0.009193,0.190324,-0.447994,0.012902,0.005340,-0.073335,-0.138715,0.240815,-0.443114,-0.009192,0.005846,-0.000145,0.147890,0.221096,-0.541422,1.079873,1.570342,0.000000,0.000000,0.228997,-0.190725,0.257514,0.882805,-0.013983,0.000000,0.000000
-0.058820,0.044150,0.858837,-0.002213,0.007280,0.931792,0.362913,0.030267,-0.004979,-0.008291,0.204246,-0.455257,0.012631,0.006760,-0.074632,-0.139823,0.242310,-0.447246,-0.009298,0.006138,-0.000144,0.154587,0.221300,-0.541189,1.074208,1.570316,0.000000,0.000000,0.238872,-0.192872,0.255926,0.874796,-0.012008,0.000000,0.000000
-0.060592,0.045182,0.858372,-0.002577,0.007340,0.932108,0.362097,0.027241,-0.005397,-0.007352,0.218133,-0.461196,0.012440,0.008089,-0.075650,-0.141061,0.244270,-0.451414,-0.009329,0.006393,-0.000106,0.161196,0.221200,-0.540346,1.069164,1.570293,0.000000,0.000000,0.248946,-0.195109,0.254300,0.866495,-0.008786,0.000000,0.000000
-0.062349,0.046107,0.857843,-0.003176,0.007484,0.932282,0.361640,0.024369,-0.005717,-0.006256,0.231186,-0.466219,0.012250,0.008968,-0.076673,-0.143140,0.246658,-0.456935,-0.009254,0.006677,-0.000070,0.167707,0.222084,-0.539761,1.063454,1.570274,0.000000,0.000000,0.259597,-0.197947,0.253492,0.857788,-0.005419,0.000000,0.000000
-0.064202,0.044966,0.857098,-0.002446,0.007921,0.933016,0.359739,0.020210,-0.011190,-0.016773,0.248835,-0.488784,0.012456,0.009357,-0.080195,-0.146544,0.253737,-0.478724,-0.009482,0.001436,0.000163,0.171872,0.221307,-0.563941,1.065409,1.570232,0.000000,0.000000,0.272582,-0.213397,0.268207,0.852372,0.023509,0.000000,0.000000
-0.065922,0.046111,0.856597,-0.003100,0.008232,0.933305,0.358976,0.018635,-0.012009,-0.017720,0.255765,-0.494816,0.012416,0.009364,-0.081085,-0.148135,0.256779,-0.484538,-0.009435,-0.000027,0.000274,0.174057,0.220621,-0.567154,1.065110,1.570213,0.000000,0.000000,0.277291,-0.217102,0.271532,0.849759,0.028877,0.000000,0.000000
-0.067642,0.047531,0.855919,-0.003860,0.008033,0.933364,0.358821,0.016724,-0.012078,-0.017488,0.264582,-0.501026,0.012380,0.009375,-0.081489,-0.149393,0.260417,-0.489955,-0.009330,-0.001175,0.000348,0.178153,0.219659,-0.566437,1.062884,1.570189,0.000000,0.000000,0.283716,-0.220311,0.274269,0.845211,0.032500,0.000000,0.000000
-0.069436,0.049070,0.855101,-0.004775,0.007638,0.933356,0.358839,0.014482,-0.011491,-0.016814,0.275308,-0.507915,0.012420,0.009362,-0.081350,-0.150068,0.264698,-0.495790,-0.009189,-0.002241,0.000437,0.184617,0.218994,-0.563191,1.058742,1.570166,0.000000,0.000000,0.292057,-0.223223,0.276613,0.839397,0.036847,0.000000,0.000000
-0.071429,0.050545,0.854265,-0.005840,0.007362,0.933286,0.359011,0.012438,-0.010883,-0.017119,0.285125,-0.514286,0.012583,0.009177,-0.081041,-0.150259,0.269088,-0.501113,-0.009081,-0.003058,0.000526,0.192039,0.219352,-0.559479,1.053038,1.570145,0.000000,0.000000,0.300624,-0.225970,0.278318,0.833426,0.040734,0.000000,0.000000
-0.073601,0.051922,0.853348,-0.006886,0.007010,0.933096,0.359493,0.010538,-0.010389,-0.018338,0.295004,-0.520429,0.012842,0.008797,-0.080604,-0.149388,0.274143,-0.507338,-0.009083,-0.003775,0.000591,0.200483,0.220346,-0.555086,1.045144,1.570118,0.000000,0.000000,0.310281,-0.229032,0.280330,0.826208,0.043169,0.000000,0.000000
-0.075858,0.053459,0.852348,-0.008084,0.006458,0.932926,0.359920,0.009014,-0.009644,-0.020001,0.303735,-0.525998,0.013210,0.008276,-0.079624,-0.147644,0.279282,-0.513887,-0.009087,-0.004667,0.000652,0.208546,0.220697,-0.549408,1.037043,1.570098,0.000000,0.000000,0.319371,-0.231915,0.283376,0.818880,0.045344,0.000000,0.000000
-0.078261,0.055153,0.851297,-0.009285,0.005871,0.932656,0.360601,0.007826,-0.008812,-0.022452,0.311724,-0.532454,0.013692,0.007645,-0.078487,-0.145706,0.284849,-0.520416,-0.009086,-0.005932,0.000706,0.216412,0.220393,-0.543032,1.029195,1.570070,0.000000,0.000000,0.327899,-0.234480,0.286663,0.812699,0.048617,0.000000,0.000000
-0.080821,0.056917,0.850226,-0.010115,0.005278,0.932307,0.361489,0.007033,-0.008360,-0.026288,0.319898,-0.539089,0.014276,0.007079,-0.077688,-0.143342,0.291269,-0.527416,-0.009208,-0.007101,0.000751,0.224318,0.220001,-0.536596,1.021839,1.570040,0.000000,0.000000,0.335939,-0.236913,0.289625,0.808167,0.052078,0.000000,0.000000
-0.083371,0.058816,0.849038,-0.010947,0.004592,0.932117,0.361963,0.006487,-0.007953,-0.031006,0.328019,-0.545882,0.014967,0.006511,-0.076796,-0.140990,0.298549,-0.533855,-0.009310,-0.008217,0.000796,0.232698,0.219824,-0.530569,1.013691,1.570004,0.000000,0.000000,0.343312,-0.239284,0.292630,0.804572,0.054482,0.000000,0.000000
-0.086083,0.060777,0.847693,-0.011915,0.003770,0.932002,0.362237,0.006113,-0.007517,-0.036614,0.335952,-0.551962,0.015789,0.005847,-0.075671,-0.138854,0.306622,-0.539991,-0.009340,-0.009695,0.000865,0.241221,0.219998,-0.524897,1.004343,1.569977,0.000000,0.000000,0.350317,-0.241347,0.295793,0.801178,0.055154,0.000000,0.000000
-0.089041,0.062826,0.846187,-0.012750,0.003024,0.931933,0.362394,0.006019,-0.007179,-0.043094,0.344223,-0.558862,0.016704,0.005021,-0.074538,-0.136845,0.316495,-0.546779,-0.009354,-0.011849,0.000980,0.250548,0.220371,-0.519164,0.993493,1.569939,0.000000,0.000000,0.358112,-0.243222,0.299018,0.798794,0.054725,0.000000,0.000000
-0.092274,0.065060,0.844619,-0.013249,0.002368,0.931884,0.362506,0.006384,-0.007045,-0.049160,0.352549,-0.565971,0.017528,0.004232,-0.073757,-0.135575,0.327519,-0.554293,-0.009342,-0.013659,0.001041,0.259557,0.220160,-0.512914,0.982312,1.569907,0.000000,0.000000,0.365900,-0.244829,0.300412,0.798563,0.052326,0.000000,0.000000
-0.095807,0.067286,0.842874,-0.013258,0.001587,0.931822,0.362670,0.007231,-0.007297,-0.055262,0.361632,-0.573299,0.018290,0.003619,-0.073568,-0.134246,0.340430,-0.562260,-0.009458,-0.015314,0.001117,0.268083,0.220609,-0.508366,0.971299,1.569883,0.000000,0.000000,0.373857,-0.246743,0.300976,0.799285,0.050069,0.000000,0.000000
-0.099527,0.069568,0.840757,-0.013063,0.000755,0.931933,0.362395,0.008439,-0.007934,-0.061642,0.371777,-0.581611,0.019020,0.003046,-0.073704,-0.132761,0.356108,-0.570801,-0.009660,-0.017171,0.001216,0.276065,0.220977,-0.505253,0.960132,1.569848,0.000000,0.000000,0.382308,-0.248086,0.300832,0.800836,0.047832,0.000000,0.000000
-0.103427,0.072083,0.839212,-0.012715,-0.000093,0.932156,0.361835,0.009910,-0.008678,-0.067312,0.382112,-0.590656,0.019637,0.002449,-0.074033,-0.131763,0.373378,-0.578125,-0.009842,-0.019610,0.001342,0.283176,0.220575,-0.502580,0.948671,1.569814,0.000000,0.000000,0.390938,-0.248177,0.299911,0.802386,0.046374,0.000000,0.000000
-0.107488,0.074806,0.837493,-0.012245,-0.001043,0.932364,0.361312,0.011854,-0.009312,-0.072557,0.393607,-0.600196,0.020236,0.001549,-0.074244,-0.130122,0.393640,-0.584359,-0.010097,-0.022984,0.001510,0.289691,0.220577,-0.500637,0.935750,1.569775,0.000000,0.000000,0.401064,-0.247886,0.297094,0.803086,0.046286,0.000000,0.000000
-0.111862,0.077365,0.835706,-0.011563,-0.002169,0.932679,0.360514,0.014302,-0.010043,-0.077893,0.405375,-0.609314,0.020849,0.000228,-0.074449,-0.127386,0.416757,-0.588237,-0.010523,-0.026522,0.001677,0.295366,0.221713,-0.499548,0.921606,1.569757,0.000000,0.000000,0.412700,-0.247658,0.291438,0.802037,0.046330,0.000000,0.000000
-0.116541,0.079679,0.833953,-0.010675,-0.003352,0.933113,0.359409,0.017219,-0.011157,-0.083919,0.416550,-0.618146,0.021486,-0.001627,-0.075083,-0.124118,0.442770,-0.589922,-0.011144,-0.030461,0.001911,0.299479,0.223775,-0.502097,0.904780,1.569756,0.000000,0.000000,0.425084,-0.247668,0.285303,0.799755,0.044829,0.000000,0.000000
-0.121251,0.081919,0.832508,-0.009770,-0.004671,0.933665,0.357985,0.020620,-0.011953,-0.088930,0.425589,-0.622016,0.022102,-0.004317,-0.075759,-0.120631,0.471978,-0.587978,-0.011848,-0.035337,0.002142,0.303381,0.225118,-0.506279,0.885077,1.569749,0.000000,0.000000,0.438169,-0.248220,0.280636,0.798522,0.043053,0.000000,0.000000
-0.125562,0.084514,0.831387,-0.008774,-0.006228,0.934230,0.356510,0.024595,-0.011530,-0.092224,0.432590,-0.623397,0.022776,-0.008097,-0.075140,-0.115826,0.504175,-0.581528,-0.012510,-0.041803,0.002484,0.306502,0.227427,-0.506987,0.867370,1.569779,0.000000,0.000000,0.451534,-0.248833,0.276214,0.798453,0.045956,0.000000,0.000000
-0.129661,0.087228,0.830619,-0.007723,-0.008151,0.934794,0.355012,0.029097,-0.010116,-0.094987,0.437602,-0.624217,0.023590,-0.013093,-0.073179,-0.110224,0.539462,-0.569639,-0.013043,-0.049569,0.002862,0.307489,0.232396,-0.504866,0.850915,1.569877,0.000000,0.000000,0.465100,-0.250174,0.270693,0.798331,0.055246,0.000000,0.000000
-0.133820,0.089946,0.830043,-0.006700,-0.010269,0.935542,0.353003,0.033844,-0.008174,-0.098082,0.441476,-0.624921,0.024561,-0.019131,-0.070448,-0.104112,0.576283,-0.553320,-0.013518,-0.057984,0.003236,0.307173,0.237583,-0.501997,0.833359,1.569991,0.000000,0.000000,0.478862,-0.250178,0.265001,0.797790,0.069026,0.000000,0.000000
-0.138122,0.092473,0.829370,-0.005632,-0.012464,0.936249,0.351071,0.039009,-0.006110,-0.100924,0.445600,-0.625650,0.025539,-0.026486,-0.067956,-0.097505,0.615080,-0.533358,-0.014160,-0.066872,0.003582,0.306840,0.241720,-0.499667,0.813875,1.570087,0.000000,0.000000,0.493171,-0.249249,0.260897,0.797611,0.082470,0.000000,0.000000
-0.142304,0.094704,0.828882,-0.004771,-0.014702,0.936755,0.349645,0.043972,-0.003852,-0.102508,0.448519,-0.626370,0.026375,-0.034892,-0.066182,-0.092654,0.652324,-0.510679,-0.014687,-0.074891,0.003871,0.306182,0.244797,-0.495769,0.795888,1.570188,0.000000,0.000000,0.506910,-0.248800,0.257946,0.798403,0.090515,0.000000,0.000000
-0.146044,0.096722,0.828649,-0.004157,-0.016524,0.937428,0.347763,0.048590,-0.001682,-0.104354,0.449134,-0.627103,0.027192,-0.044916,-0.064611,-0.090742,0.689956,-0.482739,-0.014732,-0.083417,0.004203,0.302834,0.249208,-0.490353,0.776603,1.570328,0.000000,0.000000,0.520696,-0.248088,0.255737,0.798161,0.095147,0.000000,0.000000
-0.148317,0.097868,0.828828,-0.003971,-0.017869,0.938271,0.345417,0.051682,0.000836,-0.105773,0.447490,-0.627634,0.027974,-0.059161,-0.063019,-0.090057,0.728433,-0.454205,-0.014476,-0.094279,0.004621,0.296715,0.258064,-0.486276,0.753967,1.570549,0.000000,0.000000,0.534421,-0.248592,0.254619,0.796389,0.100509,0.000000,0.000000
-0.151654,0.100254,0.828596,-0.004542,-0.019253,0.939094,0.343089,0.054075,0.004166,-0.105276,0.447698,-0.627996,0.028677,-0.069886,-0.060114,-0.088400,0.753395,-0.439295,-0.013964,-0.104121,0.004960,0.291499,0.260312,-0.485769,0.741642,1.570663,0.000000,0.000000,0.545240,-0.246403,0.253914,0.799359,0.107886,0.000000,0.000000
-0.154746,0.102424,0.828525,-0.005600,-0.020475,0.940041,0.340400,0.056557,0.008361,-0.104081,0.445719,-0.628447,0.029446,-0.082335,-0.056556,-0.087391,0.775005,-0.432037,-0.013087,-0.113335,0.005204,0.288993,0.253032,-0.487229,0.732385,1.570613,0.000000,0.000000,0.556954,-0.240092,0.252268,0.806352,0.119475,0.000000,0.000000
-0.156244,0.103789,0.828980,-0.006958,-0.020541,0.940977,0.337774,0.058083,0.011899,-0.103147,0.439184,-0.628858,0.030004,-0.099397,-0.053362,-0.086943,0.796016,-0.433103,-0.012142,-0.121334,0.005505,0.283737,0.242411,-0.489288,0.718689,1.570489,0.000000,0.000000,0.567254,-0.233303,0.250987,0.815248,0.134904,0.000000,0.000000
-0.157686,0.105264,0.829422,-0.008330,-0.020057,0.941799,0.335474,0.058951,0.014505,-0.101490,0.432333,-0.629124,0.030208,-0.116878,-0.051100,-0.088081,0.810183,-0.433716,-0.011116,-0.130032,0.005960,0.270633,0.241978,-0.492982,0.703985,1.570563,0.000000,0.000000,0.575131,-0.229223,0.249806,0.824348,0.143884,0.000000,0.000000
-0.159015,0.107165,0.829826,-0.010036,-0.019383,0.942677,0.332992,0.059572,0.017410,-0.100393,0.424981,-0.629328,0.030535,-0.134942,-0.048760,-0.091128,0.817585,-0.430157,-0.009679,-0.140263,0.006476,0.250740,0.250814,-0.500149,0.692733,1.570800,0.000000,0.000000,0.582290,-0.224430,0.246268,0.833632,0.151040,0.000000,0.000000
-0.160749,0.109422,0.830325,-0.012692,-0.018851,0.943676,0.330088,0.060164,0.020962,-0.100322,0.415581,-0.629573,0.031117,-0.152219,-0.045542,-0.095237,0.817782,-0.426918,-0.007828,-0.148101,0.006719,0.234738,0.251305,-0.502375,0.682585,1.570800,0.000000,0.000000,0.588782,-0.216903,0.241137,0.842886,0.156018,0.000000,0.000000
-0.162829,0.111899,0.830992,-0.015373,-0.018014,0.944642,0.327246,0.061455,0.023941,-0.101021,0.403597,-0.629927,0.031613,-0.170160,-0.042249,-0.100166,0.812807,-0.423821,-0.005843,-0.157008,0.007013,0.218017,0.251061,-0.505111,0.671415,1.570800,0.000000,0.000000,0.595007,-0.210771,0.238814,0.853203,0.149763,0.000000,0.000000
-0.165264,0.114598,0.831637,-0.017860,-0.016758,0.945671,0.324202,0.063568,0.025988,-0.102306,0.390067,-0.630420,0.031958,-0.187296,-0.040199,-0.106643,0.803629,-0.420284,-0.003943,-0.167144,0.007407,0.198161,0.254200,-0.507898,0.660650,1.570800,0.000000,0.000000,0.599896,-0.206458,0.236722,0.863478,0.137868,0.000000,0.000000
-0.168252,0.117925,0.832115,-0.020407,-0.015274,0.946424,0.321920,0.066729,0.027748,-0.103887,0.375485,-0.631085,0.032269,-0.203721,-0.038678,-0.113679,0.790377,-0.414278,-0.002132,-0.177127,0.007786,0.178705,0.255364,-0.512092,0.653114,1.570800,0.000000,0.000000,0.603373,-0.202326,0.235813,0.874937,0.127958,0.000000,0.000000
-0.172095,0.121580,0.832232,-0.022931,-0.013645,0.946882,0.320472,0.071004,0.028738,-0.104220,0.361185,-0.631927,0.032263,-0.218791,-0.037811,-0.120936,0.773735,-0.406278,-0.000508,-0.186337,0.008126,0.161104,0.252684,-0.517254,0.649636,1.570800,0.000000,0.000000,0.607204,-0.197851,0.236418,0.886420,0.121775,0.000000,0.000000
-0.176701,0.125152,0.832354,-0.025295,-0.011803,0.947183,0.319476,0.076367,0.028188,-0.104025,0.345438,-0.626893,0.031959,-0.233314,-0.037845,-0.129291,0.752769,-0.398403,0.001022,-0.195719,0.008466,0.142598,0.249816,-0.520651,0.645717,1.570800,0.000000,0.000000,0.611374,-0.194512,0.237596,0.899366,0.116298,0.000000,0.000000
-0.181827,0.129043,0.832442,-0.027303,-0.009797,0.947727,0.317761,0.082885,0.027069,-0.104809,0.328599,-0.618597,0.031761,-0.246936,-0.038555,-0.139325,0.727663,-0.391524,0.002581,-0.206735,0.008913,0.122854,0.249899,-0.523961,0.639300,1.570800,0.000000,0.000000,0.614379,-0.193083,0.240836,0.913244,0.109680,0.000000,0.000000
-0.187201,0.133603,0.832409,-0.029164,-0.007819,0.948385,0.315681,0.089784,0.026433,-0.108156,0.312022,-0.609353,0.032072,-0.258879,-0.038715,-0.149817,0.699640,-0.385841,0.004225,-0.217914,0.009346,0.104265,0.251281,-0.526154,0.631766,1.570800,0.000000,0.000000,0.616363,-0.191657,0.245200,0.927497,0.107927,0.000000,0.000000
-0.192906,0.138440,0.832176,-0.030659,-0.006075,0.948923,0.313957,0.096911,0.025822,-0.113307,0.297345,-0.599857,0.032692,-0.269335,-0.038722,-0.158274,0.670078,-0.381242,0.005362,-0.228275,0.009723,0.087897,0.251643,-0.525275,0.622768,1.570800,0.000000,0.000000,0.618678,-0.189129,0.247045,0.941194,0.108676,0.000000,0.000000
-0.199005,0.143206,0.831712,-0.031800,-0.004523,0.949521,0.312056,0.104577,0.025723,-0.115075,0.284075,-0.591569,0.033007,-0.278975,-0.039379,-0.166273,0.638389,-0.375082,0.006138,-0.239011,0.010096,0.072584,0.251874,-0.524053,0.613300,1.570800,0.000000,0.000000,0.622161,-0.187032,0.247129,0.953628,0.106065,0.000000,0.000000
-0.205537,0.147828,0.832485,-0.032985,-0.002848,0.950031,0.310394,0.112236,0.025214,-0.114459,0.272248,-0.583419,0.032929,-0.287863,-0.040628,-0.175028,0.604786,-0.368151,0.006799,-0.248691,0.010447,0.056774,0.252033,-0.522448,0.604089,1.570800,0.000000,0.000000,0.626878,-0.186271,0.247894,0.964606,0.095924,0.000000,0.000000
-0.212053,0.152651,0.837803,-0.034129,-0.001091,0.950315,0.309411,0.119726,0.023852,-0.115611,0.262322,-0.574914,0.032934,-0.296155,-0.041190,-0.183494,0.568976,-0.363943,0.007366,-0.257270,0.010772,0.040033,0.253383,-0.521107,0.594262,1.570800,0.000000,0.000000,0.631983,-0.185840,0.249579,0.974106,0.084348,0.000000,0.000000
-0.218334,0.157486,0.842535,-0.034897,0.000562,0.950621,0.308384,0.126470,0.022512,-0.116458,0.257149,-0.570178,0.032918,-0.304004,-0.041277,-0.191396,0.532084,-0.360309,0.007747,-0.265911,0.011098,0.023935,0.255807,-0.517600,0.582673,1.570800,0.000000,0.000000,0.637954,-0.185059,0.249130,0.982161,0.076743,0.000000,0.000000
-0.224445,0.161450,0.846613,-0.035486,0.002406,0.951032,0.307040,0.130394,0.019776,-0.117412,0.260592,-0.571192,0.032586,-0.312024,-0.042522,-0.199146,0.494546,-0.354935,0.007713,-0.275691,0.011396,0.008412,0.257977,-0.511472,0.568611,1.570800,0.000000,0.000000,0.643799,-0.185362,0.245901,0.988915,0.075954,0.000000,0.000000
-0.231051,0.165174,0.849984,-0.035905,0.004731,0.951600,0.305198,0.133674,0.015078,-0.121423,0.266465,-0.575023,0.032233,-0.320051,-0.045664,-0.207844,0.457486,-0.346279,0.007400,-0.286057,0.011757,-0.007685,0.260973,-0.507398,0.553827,1.570800,0.000000,0.000000,0.648803,-0.187489,0.242294,0.995628,0.075945,0.000000,0.000000
-0.237751,0.169405,0.852665,-0.036089,0.007445,0.952402,0.302609,0.136682,0.010568,-0.128151,0.273111,-0.582573,0.032252,-0.327711,-0.049626,-0.218470,0.420585,-0.338351,0.007148,-0.296215,0.012148,-0.023209,0.262539,-0.504719,0.540608,1.570800,0.000000,0.000000,0.653345,-0.189415,0.239483,1.002233,0.073591,0.000000,0.000000
-0.244403,0.174333,0.854490,-0.035985,0.010120,0.953223,0.299949,0.139805,0.007472,-0.135341,0.280309,-0.593187,0.032602,-0.334499,-0.053399,-0.228505,0.385678,-0.334077,0.006734,-0.306549,0.012514,-0.037791,0.262666,-0.501240,0.529824,1.570800,0.000000,0.000000,0.657748,-0.192034,0.237758,1.008874,0.069402,0.000000,0.000000
-0.251338,0.179295,0.855508,-0.035671,0.012432,0.954278,0.296523,0.143468,0.004490,-0.142663,0.288745,-0.604466,0.033005,-0.340960,-0.057439,-0.238323,0.351603,-0.329433,0.006113,-0.317861,0.012909,-0.052726,0.262410,-0.499249,0.519275,1.570800,0.000000,0.000000,0.663252,-0.195023,0.234955,1.014600,0.065265,0.000000,0.000000
-0.258467,0.184199,0.855803,-0.035102,0.014543,0.955537,0.292414,0.147631,0.001145,-0.150438,0.298226,-0.615138,0.033426,-0.347161,-0.062034,-0.248659,0.319273,-0.322491,0.005456,-0.329180,0.013320,-0.068132,0.262128,-0.499249,0.508720,1.570800,0.000000,0.000000,0.669282,-0.196156,0.229756,1.018866,0.060225,0.000000,0.000000
-0.265546,0.189488,0.855499,-0.034530,0.016497,0.956626,0.288796,0.151849,-0.001718,-0.157730,0.307831,-0.626709,0.033887,-0.352822,-0.066204,-0.257769,0.289108,-0.316227,0.004748,-0.339464,0.013686,-0.082626,0.261375,-0.497142,0.499216,1.570800,0.000000,0.000000,0.674581,-0.196761,0.225140,1.022196,0.056100,0.000000,0.000000
-0.272646,0.195144,0.854559,-0.034078,0.018279,0.957383,0.286220,0.156454,-0.004510,-0.164203,0.318131,-0.639571,0.034255,-0.358491,-0.069660,-0.265218,0.258681,-0.312402,0.003807,-0.349776,0.014025,-0.096438,0.261718,-0.492535,0.489176,1.570800,0.000000,0.000000,0.679244,-0.199317,0.220641,1.023333,0.053702,0.000000,0.000000
-0.279461,0.200942,0.853161,-0.033507,0.020158,0.958043,0.283945,0.160850,-0.007232,-0.169897,0.327971,-0.644983,0.034627,-0.363991,-0.072960,-0.271490,0.229825,-0.308621,0.002707,-0.360168,0.014400,-0.109407,0.264625,-0.488764,0.477940,1.570800,0.000000,0.000000,0.684563,-0.205464,0.219068,1.023072,0.049266,0.000000,0.000000
-0.286343,0.206843,0.851496,-0.032807,0.021863,0.958735,0.281556,0.165232,-0.009562,-0.174085,0.337521,-0.646964,0.034966,-0.369035,-0.076514,-0.277078,0.205333,-0.304533,0.001635,-0.371322,0.014815,-0.121139,0.268930,-0.485681,0.468164,1.568159,0.000000,0.000000,0.689975,-0.213576,0.219799,1.025543,0.041362,0.000000,0.000000
-0.293462,0.212468,0.849384,-0.031974,0.023228,0.959722,0.278159,0.170086,-0.011638,-0.177060,0.347873,-0.648123,0.035252,-0.374026,-0.081399,-0.282830,0.183326,-0.302782,0.000364,-0.384108,0.015264,-0.133038,0.273470,-0.482099,0.460128,1.566367,0.000000,0.000000,0.694526,-0.220853,0.217297,1.027642,0.035433,0.000000,0.000000
-0.300621,0.218220,0.847056,-0.031530,0.024186,0.960653,0.274896,0.175007,-0.012964,-0.179158,0.358283,-0.649013,0.035605,-0.378918,-0.086364,-0.287064,0.163598,-0.302431,-0.001039,-0.395094,0.015603,-0.143718,0.275554,-0.475995,0.453523,1.567546,0.000000,0.000000,0.698497,-0.223466,0.208093,1.026844,0.037072,0.000000,0.000000
-0.307905,0.224179,0.844900,-0.031315,0.025575,0.961610,0.271423,0.179724,-0.014060,-0.182069,0.368401,-0.649783,0.036114,-0.383867,-0.091891,-0.290716,0.146406,-0.301197,-0.002493,-0.404638,0.015811,-0.153977,0.274113,-0.465722,0.448845,1.568693,0.000000,0.000000,0.702774,-0.224500,0.195297,1.022697,0.046812,0.000000,0.000000
-0.315043,0.230356,0.843034,-0.030462,0.027290,0.962587,0.267867,0.184324,-0.015175,-0.185274,0.378296,-0.650497,0.036637,-0.388381,-0.097687,-0.294272,0.133994,-0.298315,-0.003721,-0.415711,0.016166,-0.163742,0.276906,-0.464470,0.442527,1.565800,0.000000,0.000000,0.707421,-0.230081,0.187005,1.015013,0.053442,0.000000,0.000000
-0.322444,0.236704,0.841385,-0.029555,0.028631,0.963581,0.264233,0.189003,-0.016113,-0.189105,0.388403,-0.651191,0.037302,-0.392594,-0.103579,-0.297817,0.125960,-0.294923,-0.004753,-0.425639,0.016543,-0.173880,0.281030,-0.464538,0.437491,1.561559,0.000000,0.000000,0.712092,-0.238193,0.182070,1.003043,0.053999,0.000000,0.000000
-0.330025,0.243541,0.839938,-0.029175,0.029741,0.964458,0.260931,0.193892,-0.016372,-0.192755,0.399104,-0.651935,0.038143,-0.396968,-0.109145,-0.300895,0.120356,-0.293151,-0.005701,-0.437035,0.016919,-0.182703,0.283988,-0.466016,0.434044,1.556224,0.000000,0.000000,0.716692,-0.247045,0.176739,0.987385,0.052337,0.000000,0.000000
-0.337967,0.250433,0.838772,-0.029149,0.030531,0.965431,0.257220,0.198757,-0.015561,-0.196141,0.409876,-0.652696,0.039236,-0.401257,-0.114803,-0.303968,0.118326,-0.293981,-0.006600,-0.447750,0.017203,-0.191767,0.285295,-0.462063,0.432953,1.552112,0.000000,0.000000,0.721790,-0.254051,0.167121,0.971135,0.051556,0.000000,0.000000
-0.346103,0.257276,0.838024,-0.029004,0.031387,0.966546,0.252908,0.203894,-0.014017,-0.199696,0.421469,-0.653529,0.040582,-0.405690,-0.121433,-0.307660,0.121508,-0.296282,-0.007476,-0.461563,0.017688,-0.200407,0.291318,-0.463028,0.431127,1.547288,0.000000,0.000000,0.727751,-0.262211,0.151859,0.953348,0.052085,0.000000,0.000000
-0.354423,0.264426,0.838193,-0.029383,0.032531,0.967827,0.247767,0.208240,-0.011517,-0.203258,0.431485,-0.654245,0.042128,-0.409579,-0.128038,-0.311456,0.129061,-0.298774,-0.008159,-0.473013,0.017998,-0.206068,0.293843,-0.462681,0.431835,1.541836,0.000000,0.000000,0.732975,-0.267729,0.137027,0.934066,0.054085,0.000000,0.000000
-0.362526,0.271919,0.838935,-0.029872,0.034099,0.969043,0.242695,0.212672,-0.008376,-0.207604,0.441823,-0.654990,0.043999,-0.413937,-0.135358,-0.315516,0.141589,-0.302159,-0.008764,-0.486769,0.018456,-0.208975,0.295775,-0.467788,0.434030,1.537356,0.000000,0.000000,0.738135,-0.272764,0.123149,0.908483,0.060329,0.000000,0.000000
-0.370780,0.279296,0.840076,-0.030429,0.035529,0.970509,0.236484,0.217211,-0.004166,-0.213135,0.452990,-0.655804,0.046399,-0.419506,-0.144452,-0.320309,0.163487,-0.309568,-0.009380,-0.503263,0.018993,-0.212644,0.303964,-0.477061,0.432620,1.528306,0.000000,0.000000,0.747438,-0.277344,0.102519,0.872028,0.075898,0.000000,0.000000
-0.379109,0.287038,0.841283,-0.031272,0.035926,0.971371,0.232745,0.221312,0.000494,-0.215344,0.462530,-0.656508,0.048381,-0.423720,-0.149887,-0.322645,0.185715,-0.316545,-0.009573,-0.509317,0.019138,-0.221839,0.312970,-0.471089,0.440241,1.524080,0.000000,0.000000,0.754549,-0.279814,0.084075,0.841874,0.095062,0.000000,0.000000
-0.387917,0.295276,0.843226,-0.033332,0.036938,0.971814,0.230441,0.224963,0.004639,-0.216583,0.470838,-0.657131,0.050036,-0.427696,-0.153603,-0.323728,0.209072,-0.324325,-0.009578,-0.514657,0.019197,-0.227960,0.318932,-0.468301,0.447914,1.520148,0.000000,0.000000,0.759454,-0.282022,0.069199,0.814231,0.109741,0.000000,0.000000
-0.396993,0.303806,0.845358,-0.035739,0.037785,0.972256,0.228064,0.228578,0.009156,-0.217635,0.479097,-0.657759,0.051766,-0.431649,-0.156415,-0.324151,0.236697,-0.331968,-0.009355,-0.519538,0.019274,-0.231621,0.324169,-0.469843,0.455959,1.514933,0.000000,0.000000,0.762260,-0.283219,0.056199,0.786635,0.120664,0.000000,0.000000
-0.406245,0.312671,0.847583,-0.037926,0.038879,0.972576,0.226156,0.232744,0.013706,-0.218487,0.488329,-0.658472,0.053521,-0.435596,-0.159087,-0.323763,0.270460,-0.338787,-0.008883,-0.524478,0.019371,-0.233899,0.330744,-0.475843,0.466081,1.508791,0.000000,0.000000,0.762821,-0.283552,0.043286,0.758085,0.130221,0.000000,0.000000
-0.415896,0.321758,0.849390,-0.040471,0.039910,0.972442,0.226110,0.236999,0.016978,-0.218885,0.497412,-0.659188,0.054846,-0.439519,-0.161089,-0.322447,0.305230,-0.348648,-0.008343,-0.526856,0.019407,-0.234008,0.336393,-0.481386,0.478378,1.503172,0.000000,0.000000,0.761133,-0.282082,0.032186,0.732953,0.139503,0.000000,0.000000
-0.425904,0.331210,0.850470,-0.043272,0.040769,0.972063,0.227067,0.241121,0.019344,-0.219008,0.506116,-0.659863,0.055864,-0.443630,-0.162673,-0.320634,0.338892,-0.364967,-0.008024,-0.526346,0.019325,-0.231366,0.339973,-0.484814,0.491281,1.497397,0.000000,0.000000,0.757262,-0.279076,0.024098,0.711106,0.149530,0.000000,0.000000
-0.436389,0.341084,0.850688,-0.046257,0.040962,0.971428,0.229149,0.246204,0.021169,-0.218852,0.516608,-0.660682,0.056768,-0.448375,-0.163408,-0.317743,0.377930,-0.389370,-0.007728,-0.522923,0.019160,-0.225989,0.344542,-0.488825,0.506587,1.489501,0.000000,0.000000,0.750773,-0.275915,0.018427,0.687685,0.159514,0.000000,0.000000
-0.447550,0.351434,0.850048,-0.049529,0.040468,0.970403,0.232868,0.252164,0.021857,-0.218279,0.528759,-0.661652,0.057334,-0.453277,-0.162454,-0.313596,0.419933,-0.416306,-0.007326,-0.516060,0.018919,-0.218397,0.350008,-0.493405,0.524005,1.480795,0.000000,0.000000,0.742283,-0.272627,0.015883,0.665607,0.165762,0.000000,0.000000
-0.459229,0.362364,0.848783,-0.052594,0.039923,0.969137,0.237517,0.258748,0.021876,-0.217471,0.542121,-0.662345,0.057716,-0.457261,-0.160844,-0.308585,0.460741,-0.441954,-0.006926,-0.507259,0.018610,-0.208217,0.353922,-0.499757,0.542396,1.472549,0.000000,0.000000,0.732001,-0.268628,0.017380,0.647119,0.169665,0.000000,0.000000
-0.471006,0.373441,0.846745,-0.054882,0.039501,0.967781,0.242545,0.265954,0.020914,-0.216054,0.556560,-0.644649,0.057988,-0.460193,-0.159229,-0.302614,0.502102,-0.471596,-0.006642,-0.496338,0.018178,-0.195218,0.355516,-0.507467,0.562756,1.461987,0.000000,0.000000,0.719698,-0.264301,0.021410,0.631698,0.173054,0.000000,0.000000
-0.482960,0.385245,0.844221,-0.056878,0.039448,0.966063,0.248861,0.273216,0.017722,-0.213912,0.570877,-0.608802,0.057722,-0.461628,-0.156794,-0.293810,0.541098,-0.506470,-0.006739,-0.483427,0.017711,-0.178977,0.356428,-0.512214,0.584362,1.455534,0.000000,0.000000,0.705873,-0.260972,0.025840,0.620516,0.178285,0.000000,0.000000
-0.494810,0.398521,0.841695,-0.060532,0.041183,0.963607,0.257102,0.277423,0.011084,-0.211126,0.578498,-0.546569,0.056305,-0.462770,-0.152507,-0.279077,0.576994,-0.547278,-0.007483,-0.467461,0.017144,-0.161152,0.357595,-0.513491,0.607915,1.455630,0.000000,0.000000,0.685557,-0.260315,0.028937,0.611160,0.182372,0.000000,0.000000
-0.505562,0.411558,0.838296,-0.058375,0.044635,0.963942,0.255767,0.277683,0.008678,-0.209005,0.607830,-0.470902,0.056411,-0.460870,-0.154634,-0.280334,0.618733,-0.595840,-0.007560,-0.463094,0.016838,-0.136557,0.386030,-0.523953,0.619696,1.370656,0.000000,0.000000,0.669243,-0.270185,0.031443,0.604405,0.174005,0.000000,0.000000
-0.518056,0.423801,0.835430,-0.057544,0.044798,0.962900,0.259817,0.275787,0.004582,-0.206529,0.642586,-0.420760,0.055314,-0.455220,-0.155901,-0.277469,0.647865,-0.606105,-0.007429,-0.453758,0.016418,-0.109595,0.389961,-0.529255,0.631267,1.329738,0.000000,0.000000,0.654174,-0.270899,0.032427,0.597481,0.173069,0.000000,0.000000
-0.530463,0.435786,0.832781,-0.055578,0.044785,0.960947,0.267370,0.267928,-0.003208,-0.195460,0.692571,-0.361441,0.050978,-0.444379,-0.156187,-0.268713,0.672194,-0.609423,-0.007437,-0.435583,0.015779,-0.076594,0.385154,-0.532724,0.648750,1.301927,0.000000,0.000000,0.637325,-0.272140,0.035082,0.592427,0.175367,0.000000,0.000000
-0.543532,0.448433,0.830077,-0.054071,0.043942,0.958802,0.275399,0.258556,-0.010899,-0.184027,0.744405,-0.313359,0.046192,-0.431818,-0.154266,-0.257990,0.692051,-0.610410,-0.007423,-0.413424,0.015151,-0.047828,0.378547,-0.533865,0.670112,1.288661,0.000000,0.000000,0.620856,-0.272925,0.038378,0.588048,0.178763,0.000000,0.000000
-0.555325,0.461413,0.828043,-0.051470,0.042695,0.956225,0.284889,0.242159,-0.017803,-0.168509,0.808941,-0.265341,0.040576,-0.413977,-0.149514,-0.241287,0.703436,-0.610205,-0.007911,-0.385694,0.014309,-0.020353,0.371112,-0.532333,0.695056,1.278899,0.000000,0.000000,0.603104,-0.272238,0.041823,0.586302,0.180965,0.000000,0.000000
-0.567884,0.475151,0.825724,-0.049279,0.042072,0.954056,0.292539,0.225859,-0.022700,-0.155746,0.869278,-0.225447,0.036041,-0.396643,-0.146335,-0.229489,0.715427,-0.609917,-0.008301,-0.361145,0.013487,0.009166,0.361122,-0.535894,0.717820,1.267743,0.000000,0.000000,0.585406,-0.269808,0.047589,0.582606,0.179596,0.000000,0.000000
-0.579304,0.489240,0.823461,-0.046490,0.040320,0.951365,0.301858,0.207156,-0.025360,-0.137882,0.932497,-0.195906,0.031361,-0.377285,-0.139605,-0.214669,0.723493,-0.609222,-0.008719,-0.336932,0.012655,0.039138,0.351964,-0.537502,0.743361,1.258964,0.000000,0.000000,0.567078,-0.268036,0.057528,0.578954,0.180727,0.000000,0.000000
-0.590016,0.504488,0.821252,-0.043797,0.037823,0.948546,0.311307,0.186121,-0.024011,-0.120580,0.995529,-0.190992,0.028334,-0.355837,-0.129486,-0.197929,0.727958,-0.608259,-0.008991,-0.312347,0.011770,0.069835,0.341252,-0.541103,0.767378,1.251163,0.000000,0.000000,0.546887,-0.266399,0.069120,0.572300,0.187121,0.000000,0.000000
-0.600598,0.519935,0.819091,-0.040836,0.035355,0.946030,0.319546,0.163556,-0.020675,-0.103818,1.057308,-0.205756,0.026306,-0.333249,-0.119205,-0.182539,0.730731,-0.607294,-0.009193,-0.286947,0.010874,0.098427,0.335380,-0.540600,0.792927,1.250794,0.000000,0.000000,0.526625,-0.264891,0.078330,0.561529,0.197326,0.000000,0.000000
-0.610727,0.535834,0.817146,-0.037705,0.032966,0.943759,0.326819,0.139724,-0.013057,-0.084400,1.116612,-0.230143,0.025267,-0.310108,-0.108478,-0.168161,0.731169,-0.606455,-0.009270,-0.261466,0.009855,0.126377,0.333396,-0.535342,0.818504,1.260138,0.000000,0.000000,0.508352,-0.265039,0.087799,0.549350,0.202147,0.000000,0.000000
-0.620739,0.552104,0.814965,-0.034189,0.030257,0.941521,0.333846,0.115292,-0.001004,-0.061434,1.173330,-0.256025,0.024922,-0.285708,-0.097076,-0.153678,0.731404,-0.605777,-0.009285,-0.235542,0.008713,0.158044,0.330696,-0.526276,0.842594,1.274561,0.000000,0.000000,0.491914,-0.264443,0.098204,0.535633,0.202553,0.000000,0.000000
-0.631495,0.568384,0.812598,-0.030607,0.027500,0.938852,0.341854,0.091864,0.008995,-0.041119,1.221861,-0.281578,0.024334,-0.261040,-0.086298,-0.138085,0.731314,-0.605299,-0.009621,-0.208791,0.007525,0.193657,0.327369,-0.517073,0.858527,1.286710,0.000000,0.000000,0.476585,-0.264075,0.108925,0.518764,0.205235,0.000000,0.000000
-0.643218,0.584702,0.810283,-0.027047,0.025121,0.936030,0.349979,0.068754,0.016070,-0.023842,1.261841,-0.309049,0.023347,-0.235221,-0.076924,-0.121566,0.729319,-0.605111,-0.010393,-0.179966,0.006229,0.234734,0.321203,-0.505987,0.870004,1.291094,0.000000,0.000000,0.461260,-0.264414,0.120995,0.499999,0.206669,0.000000,0.000000
-0.655302,0.601194,0.808299,-0.022525,0.023479,0.933550,0.356968,0.046692,0.021731,-0.008433,1.293879,-0.333465,0.022179,-0.208245,-0.070356,-0.106728,0.725995,-0.605295,-0.011491,-0.151713,0.004983,0.274046,0.321129,-0.489573,0.880833,1.298877,0.000000,0.000000,0.446994,-0.264721,0.129608,0.479863,0.210686,0.000000,0.000000
-0.668492,0.617684,0.806110,-0.017505,0.022216,0.931402,0.362891,0.025324,0.024626,0.003609,1.317491,-0.356289,0.020743,-0.179402,-0.066832,-0.094242,0.722456,-0.605975,-0.012900,-0.123358,0.003694,0.315548,0.324655,-0.471021,0.891398,1.305125,0.000000,0.000000,0.433364,-0.266244,0.131955,0.457106,0.217748,0.000000,0.000000
-0.683296,0.634734,0.804265,-0.012378,0.020746,0.929049,0.369167,0.005258,0.025581,0.015099,1.334251,-0.386028,0.018780,-0.146552,-0.065024,-0.083140,0.713301,-0.607319,-0.014506,-0.093986,0.002240,0.364271,0.324724,-0.451567,0.897292,1.304152,0.000000,0.000000,0.424634,-0.271733,0.136098,0.431481,0.203065,0.000000,0.000000
-0.698922,0.652260,0.802106,-0.006784,0.020433,0.926502,0.375673,-0.011503,0.023306,0.026752,1.339057,-0.412344,0.015725,-0.114162,-0.067057,-0.074212,0.705995,-0.609173,-0.016679,-0.065230,0.000941,0.409555,0.325390,-0.432390,0.893435,1.307064,0.000000,0.000000,0.418769,-0.279324,0.139197,0.401500,0.179522,0.000000,0.000000
-0.714493,0.669826,0.800076,-0.000726,0.020987,0.924405,0.380833,-0.027433,0.019092,0.037326,1.335643,-0.435938,0.012222,-0.081424,-0.071820,-0.068469,0.697887,-0.611657,-0.019024,-0.040412,-0.000058,0.455351,0.330477,-0.415360,0.882217,1.313075,0.000000,0.000000,0.412987,-0.276229,0.132637,0.360873,0.210299,0.000000,0.000000
-0.729772,0.687133,0.798257,0.005202,0.022163,0.923151,0.383762,-0.044197,0.014083,0.045376,1.325860,-0.455815,0.008942,-0.048923,-0.077486,-0.065085,0.687985,-0.614681,-0.021250,-0.016746,-0.001279,0.503311,0.336685,-0.402322,0.868239,1.318001,0.000000,0.000000,0.407543,-0.280254,0.134040,0.322661,0.222359,0.000000,0.000000
-0.744396,0.703876,0.796589,0.010768,0.023876,0.921148,0.388330,-0.062127,0.008806,0.057125,1.310902,-0.473760,0.004718,-0.018754,-0.085326,-0.063094,0.677822,-0.617948,-0.023809,0.005486,-0.002393,0.551880,0.341032,-0.384495,0.851866,1.316218,0.000000,0.000000,0.400747,-0.290555,0.130795,0.285756,0.221315,0.000000,0.000000
-0.757781,0.719371,0.795033,0.015928,0.025758,0.918927,0.393263,-0.082559,0.003704,0.070299,1.291485,-0.488863,0.000184,0.007945,-0.094577,-0.063738,0.668857,-0.621214,-0.026309,0.027644,-0.003427,0.598204,0.345932,-0.369714,0.835054,1.312933,0.000000,0.000000,0.394506,-0.302371,0.126722,0.249099,0.213360,0.000000,0.000000
-0.769649,0.733423,0.793611,0.020427,0.028204,0.917129,0.397066,-0.106664,-0.001687,0.081993,1.267914,-0.499387,-0.004125,0.030628,-0.104538,-0.066732,0.661392,-0.624264,-0.028601,0.051362,-0.004402,0.640658,0.353428,-0.362805,0.817128,1.314996,0.000000,0.000000,0.392083,-0.305843,0.142339,0.212482,0.211122,0.000000,0.000000
-0.780217,0.745622,0.792045,0.023314,0.030418,0.915454,0.400593,-0.134483,-0.006541,0.095130,1.239289,-0.508426,-0.008569,0.048030,-0.112546,-0.067556,0.655787,-0.626701,-0.030737,0.071524,-0.005370,0.680229,0.362093,-0.352708,0.796102,1.311648,0.000000,0.000000,0.382648,-0.313172,0.141305,0.176550,0.205239,0.000000,0.000000
-0.790210,0.756422,0.790232,0.024250,0.032577,0.913607,0.404565,-0.166097,-0.011267,0.109741,1.203950,-0.516486,-0.013178,0.061239,-0.119788,-0.066801,0.650572,-0.628623,-0.032893,0.092600,-0.006357,0.717088,0.373988,-0.341113,0.772222,1.310477,0.000000,0.000000,0.369001,-0.322499,0.129720,0.141086,0.196493,0.000000,0.000000
-0.800212,0.766631,0.788062,0.023344,0.034538,0.911895,0.408301,-0.200060,-0.015849,0.123677,1.162001,-0.521395,-0.017330,0.071685,-0.125728,-0.066109,0.645055,-0.630210,-0.034656,0.117183,-0.007453,0.749883,0.389750,-0.331450,0.746262,1.314380,0.000000,0.000000,0.356111,-0.333276,0.121373,0.110052,0.185304,0.000000,0.000000
-0.810540,0.777095,0.785521,0.021033,0.036108,0.910401,0.411611,-0.234243,-0.019978,0.136146,1.113073,-0.521107,-0.020648,0.081298,-0.129941,-0.066182,0.638254,-0.631743,-0.035812,0.142589,-0.008478,0.779659,0.403862,-0.319376,0.716945,1.305130,0.000000,0.000000,0.342695,-0.334719,0.112787,0.080482,0.181204,0.000000,0.000000
-0.821676,0.788186,0.782670,0.017505,0.037000,0.908968,0.414851,-0.266283,-0.022899,0.147789,1.057511,-0.515380,-0.023030,0.091344,-0.132314,-0.065678,0.628808,-0.633418,-0.036554,0.168539,-0.009533,0.805679,0.419507,-0.307122,0.685819,1.286902,0.000000,0.000000,0.328735,-0.334521,0.102533,0.051921,0.181797,0.000000,0.000000
-0.834191,0.799922,0.779179,0.013218,0.037386,0.907495,0.418187,-0.295487,-0.025945,0.159730,0.993994,-0.504971,-0.025021,0.102947,-0.134058,-0.064077,0.617486,-0.635381,-0.037307,0.196684,-0.010746,0.827627,0.437292,-0.296680,0.660307,1.270143,0.000000,0.000000,0.311850,-0.336849,0.091296,0.032678,0.164767,0.000000,0.000000
-0.847954,0.813122,0.775342,0.008028,0.038093,0.906224,0.421002,-0.320610,-0.029083,0.169955,0.925754,-0.487869,-0.026238,0.116294,-0.134418,-0.059152,0.602297,-0.637699,-0.038216,0.223612,-0.011769,0.846148,0.453713,-0.289338,0.639119,1.268727,0.000000,0.000000,0.297256,-0.333355,0.080472,0.009504,0.155689,0.000000,0.000000
-0.862910,0.827301,0.790347,0.002581,0.038902,0.905298,0.422984,-0.341786,-0.033470,0.178112,0.853300,-0.464221,-0.027004,0.131418,-0.134370,-0.052907,0.585726,-0.640365,-0.039238,0.249516,-0.012795,0.862651,0.469127,-0.280322,0.616164,1.267462,0.000000,0.000000,0.286557,-0.331402,0.064466,-0.016026,0.149153,0.000000,0.000000
-0.878883,0.841937,0.805622,-0.003004,0.038951,0.904964,0.423691,-0.359362,-0.038404,0.180287,0.775482,-0.434708,-0.026343,0.148027,-0.133668,-0.047005,0.569841,-0.643322,-0.040069,0.273683,-0.013756,0.878487,0.485422,-0.268606,0.591083,1.264791,0.000000,0.000000,0.279034,-0.330578,0.045300,-0.039231,0.140377,0.000000,0.000000
-0.895322,0.857107,0.818405,-0.008804,0.037967,0.905153,0.423295,-0.373321,-0.042586,0.177075,0.697447,-0.400830,-0.024520,0.164443,-0.130192,-0.040607,0.557415,-0.646256,-0.040314,0.293947,-0.014519,0.894565,0.500901,-0.254249,0.566538,1.264547,0.000000,0.000000,0.274124,-0.329471,0.029451,-0.059627,0.129996,0.000000,0.000000
-0.911535,0.872850,0.828352,-0.014029,0.037076,0.904930,0.423711,-0.384323,-0.046052,0.173823,0.621949,-0.367423,-0.022685,0.178791,-0.126153,-0.032751,0.553570,-0.648656,-0.040771,0.310301,-0.015179,0.908302,0.511394,-0.239877,0.546338,1.268640,0.000000,0.000000,0.269013,-0.328951,0.020858,-0.077859,0.121905,0.000000,0.000000
-0.927685,0.889582,0.836145,-0.019218,0.036479,0.904347,0.424803,-0.393197,-0.047976,0.171922,0.545816,-0.330113,-0.020876,0.192298,-0.121535,-0.022858,0.553648,-0.650873,-0.041505,0.325603,-0.015749,0.922552,0.516934,-0.221874,0.524755,1.272473,0.000000,0.000000,0.264057,-0.328308,0.014972,-0.095899,0.118321,0.000000,0.000000
-0.943779,0.906266,0.842180,-0.024473,0.035660,0.903055,0.427341,-0.398705,-0.047963,0.171777,0.467575,-0.286737,-0.019207,0.204977,-0.117244,-0.010062,0.545456,-0.609016,-0.043541,0.340672,-0.016293,0.940191,0.519388,-0.199079,0.498573,1.269971,0.000000,0.000000,0.260339,-0.330285,0.010602,-0.113841,0.114266,0.000000,0.000000
-0.959694,0.922894,0.846086,-0.029154,0.034487,0.901571,0.430267,-0.401686,-0.046339,0.173048,0.394189,-0.244677,-0.017694,0.216462,-0.115093,-0.002117,0.535344,-0.537428,-0.045951,0.354559,-0.016719,0.956506,0.519169,-0.175370,0.475069,1.266485,0.000000,0.000000,0.256923,-0.333110,0.008909,-0.130750,0.111228,0.000000,0.000000
-0.975130,0.939731,0.848332,-0.033608,0.032877,0.900417,0.432480,-0.402679,-0.043424,0.175486,0.325109,-0.206197,-0.016219,0.227091,-0.112707,-0.000158,0.526117,-0.446540,-0.047482,0.367188,-0.017065,0.971013,0.514769,-0.149234,0.453784,1.263773,0.000000,0.000000,0.253986,-0.336141,0.010510,-0.146023,0.110823,0.000000,0.000000
-0.990572,0.956518,0.849276,-0.037905,0.031041,0.899467,0.434234,-0.402104,-0.040533,0.178039,0.264107,-0.177250,-0.014814,0.236235,-0.110772,-0.001920,0.518152,-0.346199,-0.048299,0.376686,-0.017332,0.982914,0.507171,-0.124607,0.434255,1.261408,0.000000,0.000000,0.250459,-0.339504,0.013820,-0.156673,0.106648,0.000000,0.000000
-1.006461,0.973222,0.849549,-0.041984,0.028459,0.898845,0.435321,-0.399873,-0.037570,0.180808,0.213500,-0.159400,-0.013483,0.244064,-0.110391,-0.006584,0.511747,-0.249432,-0.048597,0.382701,-0.017426,0.992352,0.498887,-0.100432,0.418489,1.262212,0.000000,0.000000,0.246655,-0.341941,0.017026,-0.164962,0.100620,0.000000,0.000000
-1.022832,0.989848,0.849514,-0.045344,0.025284,0.898669,0.435544,-0.396406,-0.034859,0.183521,0.174271,-0.150372,-0.012323,0.250792,-0.110721,-0.010023,0.508675,-0.164547,-0.048901,0.385183,-0.017424,1.000984,0.490788,-0.077581,0.405311,1.263671,0.000000,0.000000,0.243800,-0.346091,0.022618,-0.172091,0.099551,0.000000,0.000000
-1.039480,1.006545,0.849601,-0.047849,0.021911,0.899424,0.433897,-0.392929,-0.033089,0.185448,0.150549,-0.147478,-0.011546,0.255506,-0.108639,-0.007544,0.512700,-0.113692,-0.049070,0.383873,-0.017383,1.006512,0.486307,-0.061931,0.395849,1.264812,0.000000,0.000000,0.242639,-0.353356,0.030406,-0.177786,0.103437,0.000000,0.000000
-1.056311,1.023266,0.849964,-0.049467,0.018552,0.900697,0.431223,-0.388246,-0.031725,0.187155,0.135755,-0.147869,-0.011051,0.258921,-0.104510,-0.001387,0.523415,-0.077313,-0.049039,0.378256,-0.017260,1.011515,0.481169,-0.047135,0.386243,1.267062,0.000000,0.000000,0.242808,-0.361214,0.038795,-0.182337,0.106955,0.000000,0.000000
-1.073140,1.039871,0.850706,-0.049859,0.015497,0.902197,0.428153,-0.382160,-0.030645,0.188781,0.130577,-0.150352,-0.010873,0.260731,-0.100605,0.003433,0.544641,-0.051562,-0.048686,0.369451,-0.016959,1.016334,0.473242,-0.031159,0.377311,1.268409,0.000000,0.000000,0.244239,-0.366565,0.046573,-0.185129,0.109001,0.000000,0.000000
-1.090256,1.056050,0.851978,-0.049443,0.012570,0.903772,0.424964,-0.374646,-0.030142,0.190056,0.135044,-0.155264,-0.011088,0.260300,-0.097750,0.007125,0.575135,-0.043471,-0.048352,0.358092,-0.016576,1.020645,0.462594,-0.014477,0.370160,1.269336,0.000000,0.000000,0.246940,-0.370814,0.055118,-0.186083,0.111014,0.000000,0.000000
-1.107728,1.071860,0.853687,-0.048434,0.009856,0.905352,0.421776,-0.365806,-0.030499,0.190712,0.148603,-0.162464,-0.011699,0.257582,-0.096786,0.008909,0.613853,-0.050126,-0.048247,0.344574,-0.016093,1.024192,0.449453,0.001907,0.363562,1.270221,0.000000,0.000000,0.251407,-0.373894,0.066839,-0.183293,0.117718,0.000000,0.000000
-1.125924,1.087108,0.855645,-0.046829,0.008023,0.906998,0.418447,-0.354808,-0.033629,0.189087,0.171229,-0.173127,-0.012866,0.252482,-0.100226,0.005943,0.662252,-0.064307,-0.048691,0.329504,-0.015560,1.026209,0.435195,0.016325,0.356641,1.270893,0.000000,0.000000,0.258348,-0.379437,0.082173,-0.176743,0.126346,0.000000,0.000000
-1.144836,1.102067,0.857124,-0.044678,0.007123,0.908916,0.414517,-0.343040,-0.039828,0.184648,0.198155,-0.186399,-0.014354,0.245911,-0.108073,-0.001334,0.710395,-0.081973,-0.049774,0.315333,-0.015126,1.025817,0.423622,0.021940,0.351247,1.270239,0.000000,0.000000,0.267553,-0.387836,0.094294,-0.169443,0.129284,0.000000,0.000000
-1.164206,1.116868,0.857947,-0.041817,0.007261,0.910937,0.410357,-0.329364,-0.049576,0.176964,0.230740,-0.206132,-0.016159,0.237804,-0.120900,-0.011966,0.762309,-0.101014,-0.051798,0.301478,-0.014572,1.022126,0.412992,0.021243,0.346811,1.269417,0.000000,0.000000,0.282707,-0.398472,0.102981,-0.159321,0.130711,0.000000,0.000000
-1.183657,1.131767,0.857834,-0.038759,0.007531,0.913518,0.404878,-0.315565,-0.060261,0.168093,0.266028,-0.234332,-0.017785,0.229403,-0.134267,-0.024628,0.811326,-0.119286,-0.053613,0.287901,-0.013951,1.015135,0.403583,0.017115,0.343808,1.268507,0.000000,0.000000,0.301567,-0.406184,0.107000,-0.147376,0.133316,0.000000,0.000000
-1.202881,1.147118,0.856723,-0.035878,0.007208,0.916901,0.397433,-0.301374,-0.069958,0.159931,0.307759,-0.275561,-0.019104,0.220703,-0.145475,-0.040198,0.859507,-0.139787,-0.054214,0.270943,-0.013123,1.005553,0.395328,0.011907,0.342143,1.271472,0.000000,0.000000,0.323463,-0.408411,0.105426,-0.133686,0.135030,0.000000,0.000000
-1.221843,1.162910,0.854461,-0.032879,0.006690,0.920281,0.389817,-0.287496,-0.077126,0.153943,0.353329,-0.325947,-0.020032,0.211843,-0.155012,-0.056861,0.904461,-0.164872,-0.054106,0.252784,-0.012303,0.994079,0.389380,0.006015,0.342525,1.278318,0.000000,0.000000,0.347624,-0.408176,0.101913,-0.118596,0.132483,0.000000,0.000000
-1.240827,1.178557,0.850967,-0.029506,0.006172,0.923286,0.382928,-0.273270,-0.082536,0.149499,0.401453,-0.381312,-0.020783,0.202086,-0.165531,-0.073823,0.949265,-0.194931,-0.054238,0.234593,-0.011515,0.980108,0.384244,0.000066,0.344365,1.286844,0.000000,0.000000,0.374598,-0.407346,0.098385,-0.101920,0.125742,0.000000,0.000000
-1.259956,1.193460,0.846693,-0.025429,0.005990,0.926088,0.376401,-0.259313,-0.087730,0.140057,0.446758,-0.431295,-0.020831,0.191233,-0.176025,-0.086480,0.993029,-0.224008,-0.055102,0.216840,-0.010710,0.964264,0.379141,-0.008698,0.346267,1.295597,0.000000,0.000000,0.402479,-0.404085,0.095219,-0.083301,0.124370,0.000000,0.000000
-1.278931,1.207924,0.841754,-0.021232,0.004925,0.929240,0.368833,-0.245244,-0.090799,0.124395,0.493094,-0.475375,-0.019821,0.178828,-0.182947,-0.095428,1.036712,-0.253646,-0.055454,0.196590,-0.009757,0.946578,0.374326,-0.019775,0.349411,1.304712,0.000000,0.000000,0.431285,-0.397858,0.093260,-0.061485,0.125265,0.000000,0.000000
-1.297834,1.221992,0.836045,-0.016591,0.003972,0.932530,0.360690,-0.231337,-0.094208,0.106260,0.538960,-0.512319,-0.018740,0.165393,-0.187212,-0.100676,1.078347,-0.281581,-0.055560,0.175322,-0.008875,0.927540,0.370691,-0.033870,0.354559,1.310161,0.000000,0.000000,0.460210,-0.391972,0.091229,-0.036881,0.125048,0.000000,0.000000
-1.316722,1.235864,0.829430,-0.011655,0.003152,0.936067,0.351616,-0.216155,-0.098622,0.085710,0.584511,-0.546083,-0.017622,0.150538,-0.188808,-0.102262,1.118522,-0.309384,-0.055444,0.152721,-0.007894,0.905782,0.367714,-0.050574,0.361831,1.313856,0.000000,0.000000,0.489984,-0.385519,0.087842,-0.010428,0.128251,0.000000,0.000000
-1.335484,1.249862,0.822498,-0.006847,0.002424,0.939572,0.342275,-0.199432,-0.103229,0.065312,0.625471,-0.577882,-0.016487,0.134294,-0.187574,-0.100436,1.153744,-0.337939,-0.055046,0.130462,-0.006878,0.881348,0.363300,-0.068462,0.369762,1.316519,0.000000,0.000000,0.519573,-0.377591,0.084253,0.018382,0.131515,0.000000,0.000000
-1.353684,1.263987,0.815966,-0.002187,0.001672,0.942784,0.333392,-0.179923,-0.107156,0.046954,0.658314,-0.598173,-0.015566,0.115883,-0.184203,-0.097008,1.184335,-0.364328,-0.054235,0.108306,-0.005857,0.855090,0.357832,-0.088647,0.377472,1.313251,0.000000,0.000000,0.547843,-0.368634,0.080926,0.053228,0.133673,0.000000,0.000000
-1.371147,1.278466,0.811046,0.002261,0.000919,0.945902,0.324444,-0.157919,-0.108685,0.030942,0.678404,-0.602101,-0.014492,0.095764,-0.178974,-0.093715,1.208658,-0.388148,-0.052822,0.085979,-0.004824,0.827235,0.355921,-0.111765,0.384174,1.310027,0.000000,0.000000,0.573675,-0.359761,0.079781,0.089637,0.136984,0.000000,0.000000
-1.388486,1.293244,0.807491,0.006652,0.000364,0.949281,0.314359,-0.132040,-0.108941,0.013163,0.687044,-0.604119,-0.012696,0.073939,-0.173574,-0.094262,1.229775,-0.414037,-0.050592,0.063615,-0.003792,0.792051,0.357505,-0.139645,0.394537,1.312446,0.000000,0.000000,0.598945,-0.349952,0.077066,0.127057,0.138944,0.000000,0.000000
-1.406137,1.308756,0.804225,0.010690,-0.001000,0.952708,0.303698,-0.104661,-0.105522,-0.003346,0.692617,-0.606117,-0.010097,0.053652,-0.166910,-0.099456,1.240436,-0.431920,-0.047037,0.042239,-0.002798,0.754295,0.360928,-0.171709,0.406334,1.323690,0.000000,0.000000,0.624353,-0.338495,0.073501,0.167521,0.136957,0.000000,0.000000
-1.424302,1.324870,0.801165,0.014468,-0.003005,0.955796,0.293659,-0.075855,-0.098602,-0.016530,0.695112,-0.608505,-0.007039,0.034932,-0.160893,-0.108725,1.241996,-0.446808,-0.042861,0.022148,-0.001823,0.715713,0.364623,-0.202128,0.418880,1.337912,0.000000,0.000000,0.649922,-0.327016,0.070339,0.209157,0.133200,0.000000,0.000000
-1.443561,1.340737,0.799045,0.017872,-0.004611,0.958543,0.284350,-0.044503,-0.093753,-0.032806,0.688162,-0.611553,-0.003772,0.017200,-0.157486,-0.120271,1.235566,-0.462327,-0.039008,0.003498,-0.000831,0.673460,0.359603,-0.233374,0.435157,1.371929,0.000000,0.000000,0.676494,-0.315760,0.065793,0.248226,0.138325,0.000000,0.000000
-1.461370,1.356481,0.796474,0.020816,-0.007796,0.961299,0.274610,-0.016389,-0.082688,-0.043096,0.686202,-0.614623,0.000219,-0.001646,-0.150484,-0.131436,1.221810,-0.476500,-0.033983,-0.020367,0.000298,0.634690,0.362822,-0.257503,0.444290,1.390119,0.000000,0.000000,0.699782,-0.309549,0.070708,0.289784,0.135470,0.000000,0.000000
-1.478499,1.371268,0.794145,0.022922,-0.011385,0.963936,0.264900,0.008683,-0.070366,-0.051209,0.683578,-0.617700,0.004374,-0.022245,-0.143786,-0.145364,1.203682,-0.485920,-0.028363,-0.045369,0.001364,0.597021,0.368852,-0.275097,0.448698,1.401824,0.000000,0.000000,0.718218,-0.305550,0.077010,0.327628,0.139377,0.000000,0.000000
-1.494736,1.385044,0.791560,0.023851,-0.014944,0.966480,0.255194,0.030380,-0.056192,-0.055234,0.681951,-0.620610,0.008490,-0.045868,-0.137825,-0.161182,1.180778,-0.489554,-0.022423,-0.071060,0.002424,0.561120,0.372781,-0.287343,0.446521,1.406480,0.000000,0.000000,0.736692,-0.302429,0.083856,0.360313,0.150321,0.000000,0.000000
-1.509538,1.397981,0.789151,0.023469,-0.017699,0.969137,0.244765,0.047984,-0.040565,-0.056809,0.679290,-0.623219,0.012716,-0.073546,-0.132759,-0.178732,1.152641,-0.496778,-0.016249,-0.098765,0.003518,0.527434,0.375187,-0.299979,0.438266,1.407831,0.000000,0.000000,0.757879,-0.294988,0.087602,0.388815,0.177710,0.000000,0.000000
-1.522970,1.409637,0.787211,0.022027,-0.019428,0.972434,0.231321,0.060875,-0.025536,-0.062148,0.675413,-0.625275,0.017523,-0.104167,-0.130292,-0.201800,1.120922,-0.507167,-0.009632,-0.126493,0.004597,0.493044,0.380000,-0.314351,0.423420,1.405927,0.000000,0.000000,0.779580,-0.288605,0.084062,0.406152,0.191969,0.000000,0.000000
-1.535726,1.420750,0.785198,0.019496,-0.019590,0.975297,0.219160,0.070820,-0.013865,-0.069414,0.669866,-0.626912,0.021818,-0.137410,-0.131456,-0.225108,1.084729,-0.510932,-0.004076,-0.151904,0.005553,0.458739,0.381135,-0.322444,0.402815,1.396750,0.000000,0.000000,0.800932,-0.281723,0.075952,0.415606,0.202396,0.000000,0.000000
-1.548448,1.432143,0.782879,0.016225,-0.017888,0.977957,0.207404,0.079666,-0.004958,-0.078737,0.662089,-0.628428,0.025734,-0.172485,-0.136432,-0.249931,1.043723,-0.508590,0.000615,-0.176276,0.006501,0.425239,0.379568,-0.324543,0.377301,1.390967,0.000000,0.000000,0.823219,-0.273639,0.065979,0.417679,0.209019,0.000000,0.000000
-1.561133,1.445076,0.779936,0.012854,-0.015203,0.980168,0.197165,0.088913,0.004363,-0.084527,0.653824,-0.630038,0.029184,-0.206627,-0.140672,-0.270519,0.997585,-0.499998,0.004392,-0.200003,0.007419,0.395148,0.379892,-0.321292,0.347144,1.386244,0.000000,0.000000,0.844551,-0.270072,0.061088,0.417091,0.193950,0.000000,0.000000
-1.574605,1.459906,0.776894,0.008613,-0.011986,0.981682,0.189953,0.099584,0.013266,-0.091213,0.640884,-0.632015,0.032642,-0.238827,-0.141520,-0.284073,0.941632,-0.482314,0.007261,-0.224188,0.008344,0.368421,0.381356,-0.316937,0.315445,1.391117,0.000000,0.000000,0.862971,-0.268149,0.058659,0.411966,0.188303,0.000000,0.000000
-1.589579,1.476424,0.790462,0.003854,-0.008479,0.982808,0.184395,0.112442,0.023453,-0.095588,0.626356,-0.634410,0.036056,-0.268058,-0.138633,-0.292740,0.873644,-0.458613,0.009566,-0.247553,0.009233,0.345819,0.380153,-0.310297,0.282583,1.396962,0.000000,0.000000,0.879927,-0.269736,0.055807,0.404808,0.185920,0.000000,0.000000
-1.606750,1.492887,0.807069,-0.000864,-0.004463,0.983514,0.180776,0.127010,0.030039,-0.103073,0.610463,-0.637145,0.039025,-0.292309,-0.136432,-0.305851,0.799717,-0.423941,0.012132,-0.267746,0.009978,0.328062,0.377523,-0.302472,0.247715,1.394589,0.000000,0.000000,0.894599,-0.271904,0.052003,0.396328,0.186421,0.000000,0.000000
-1.625010,1.510474,0.821895,-0.005408,-0.000555,0.983840,0.178966,0.142240,0.034467,-0.116031,0.597315,-0.639934,0.042403,-0.311924,-0.130451,-0.316392,0.717861,-0.386187,0.014469,-0.285380,0.010654,0.314283,0.373473,-0.292289,0.213380,1.384055,0.000000,0.000000,0.907959,-0.275065,0.050044,0.387210,0.189537,0.000000,0.000000
-1.643889,1.528801,0.834298,-0.009423,0.003154,0.983842,0.178763,0.157594,0.038515,-0.126994,0.590594,-0.642678,0.045516,-0.327179,-0.121840,-0.321670,0.630288,-0.343385,0.015883,-0.302034,0.011300,0.305100,0.369822,-0.279570,0.179802,1.375798,0.000000,0.000000,0.920134,-0.280643,0.050102,0.378942,0.190884,0.000000,0.000000
-1.663243,1.547134,0.843965,-0.012206,0.007411,0.983174,0.182115,0.173563,0.038751,-0.134293,0.590501,-0.644800,0.047147,-0.338730,-0.113720,-0.318801,0.539526,-0.291643,0.015451,-0.317088,0.011928,0.298717,0.369246,-0.265644,0.145652,1.379578,0.000000,0.000000,0.930689,-0.289369,0.049062,0.372213,0.193339,0.000000,0.000000
-1.682400,1.565107,0.850817,-0.014941,0.012283,0.982385,0.185866,0.188658,0.036235,-0.139515,0.585254,-0.606484,0.048232,-0.347621,-0.106750,-0.311412,0.445973,-0.231689,0.014113,-0.328911,0.012555,0.292124,0.371630,-0.250792,0.109056,1.407796,0.000000,0.000000,0.939536,-0.296657,0.043220,0.364996,0.197991,0.000000,0.000000
-1.702060,1.583420,0.854799,-0.018244,0.016489,0.981653,0.189086,0.203611,0.035942,-0.141421,0.573429,-0.540505,0.049730,-0.352668,-0.098435,-0.303038,0.347412,-0.162319,0.013146,-0.336200,0.012837,0.293896,0.365116,-0.231903,0.070601,1.430544,0.000000,0.000000,0.948057,-0.298761,0.036109,0.358631,0.203078,0.000000,0.000000
-1.721702,1.601943,0.855496,-0.021151,0.019987,0.981060,0.191506,0.216579,0.038322,-0.141270,0.565459,-0.463714,0.051712,-0.354914,-0.089265,-0.294763,0.250831,-0.100605,0.012275,-0.342345,0.013134,0.296297,0.362028,-0.217314,0.031800,1.439304,0.000000,0.000000,0.954008,-0.298585,0.028992,0.354166,0.204380,0.000000,0.000000
-1.741577,1.620480,0.853168,-0.023877,0.022414,0.980105,0.195760,0.228329,0.039545,-0.142205,0.560884,-0.377870,0.053439,-0.355420,-0.077908,-0.285181,0.158911,-0.049423,0.011436,-0.346754,0.013355,0.299437,0.364619,-0.207518,-0.005710,1.433025,0.000000,0.000000,0.956854,-0.299969,0.025182,0.349156,0.203913,0.000000,0.000000
-1.761684,1.638475,0.849478,-0.025692,0.026227,0.979956,0.195801,0.236592,0.040431,-0.146419,0.561733,-0.301599,0.055307,-0.355142,-0.072616,-0.281140,0.081758,-0.008546,0.010309,-0.348865,0.013450,0.301002,0.367291,-0.206150,-0.040226,1.423630,0.000000,0.000000,0.960817,-0.294810,0.013908,0.344662,0.204583,0.000000,0.000000
-1.781476,1.657856,0.844897,-0.027222,0.028896,0.978809,0.200891,0.244456,0.041566,-0.146545,0.563765,-0.235286,0.056136,-0.353310,-0.064032,-0.271152,0.014518,0.029462,0.009307,-0.347494,0.013522,0.305660,0.372579,-0.201854,-0.071038,1.425727,0.000000,0.000000,0.963840,-0.293223,0.004943,0.339926,0.200730,0.000000,0.000000
-1.801705,1.677071,0.842810,-0.027081,0.031520,0.977737,0.205679,0.250820,0.042112,-0.145782,0.570543,-0.185260,0.056343,-0.350592,-0.058005,-0.263821,-0.017450,0.051222,0.008718,-0.343183,0.013482,0.310596,0.379416,-0.199575,-0.096911,1.433492,0.000000,0.000000,0.965793,-0.291630,-0.003504,0.335456,0.196246,0.000000,0.000000
-1.822626,1.695590,0.843698,-0.025183,0.034202,0.976895,0.209456,0.256655,0.041704,-0.144678,0.589234,-0.139075,0.055971,-0.347800,-0.052782,-0.264355,-0.017450,0.062601,0.009682,-0.337017,0.013316,0.314047,0.386174,-0.199227,-0.124085,1.438644,0.000000,0.000000,0.967113,-0.288300,-0.015516,0.331178,0.193049,0.000000,0.000000
-1.843813,1.713714,0.844477,-0.021096,0.038454,0.975777,0.214324,0.261007,0.037591,-0.139599,0.621187,-0.099046,0.053372,-0.343154,-0.052228,-0.266434,-0.017450,0.069820,0.010284,-0.327156,0.013022,0.318203,0.391310,-0.202973,-0.150925,1.438218,0.000000,0.000000,0.969441,-0.285025,-0.032810,0.327690,0.189126,0.000000,0.000000
-1.864724,1.732025,0.844948,-0.016447,0.041489,0.974353,0.220554,0.263285,0.034706,-0.126525,0.664306,-0.076117,0.049555,-0.336987,-0.051043,-0.267281,-0.017450,0.074313,0.011048,-0.315327,0.012724,0.323454,0.395715,-0.207008,-0.174893,1.433653,0.000000,0.000000,0.971770,-0.284081,-0.047824,0.325253,0.186901,0.000000,0.000000
-1.885581,1.750208,0.845468,-0.011550,0.044322,0.973015,0.226149,0.262850,0.032390,-0.111955,0.716539,-0.071230,0.045638,-0.329516,-0.050249,-0.268629,-0.017450,0.073118,0.011771,-0.302037,0.012394,0.331951,0.397897,-0.214596,-0.193006,1.422492,0.000000,0.000000,0.972934,-0.282442,-0.061113,0.323882,0.185534,0.000000,0.000000
-1.906205,1.768557,0.846126,-0.006427,0.047121,0.971290,0.233097,0.260203,0.029057,-0.096583,0.778197,-0.079501,0.041276,-0.320734,-0.048602,-0.269495,-0.017450,0.068771,0.012579,-0.286637,0.012045,0.341249,0.399770,-0.221748,-0.205008,1.412844,0.000000,0.000000,0.971430,-0.281182,-0.074168,0.322892,0.185317,0.000000,0.000000
-1.926868,1.786920,0.850040,-0.001121,0.049226,0.969369,0.240623,0.255566,0.025497,-0.081292,0.845824,-0.093776,0.036903,-0.311170,-0.046328,-0.269827,0.012923,0.060660,0.013936,-0.268869,0.011652,0.351245,0.399448,-0.226841,-0.209576,1.406646,0.000000,0.000000,0.967843,-0.280211,-0.084126,0.323663,0.186438,0.000000,0.000000
-1.947443,1.805947,0.854588,0.003831,0.049865,0.967702,0.247085,0.248782,0.025769,-0.066579,0.916456,-0.107174,0.033846,-0.300371,-0.042101,-0.268298,0.056842,0.048278,0.015958,-0.251812,0.011244,0.362259,0.399348,-0.231084,-0.207304,1.406039,0.000000,0.000000,0.962395,-0.278335,-0.089861,0.326519,0.192209,0.000000,0.000000
-1.967661,1.825988,0.858418,0.008518,0.049103,0.966150,0.253123,0.240768,0.029940,-0.054261,0.989229,-0.114874,0.032350,-0.287658,-0.034395,-0.263598,0.105146,0.034119,0.018483,-0.240177,0.010909,0.376822,0.394612,-0.239900,-0.195067,1.422954,0.000000,0.000000,0.953656,-0.271878,-0.093393,0.328626,0.199855,0.000000,0.000000
-1.987865,1.846621,0.860952,0.012435,0.046767,0.964702,0.258861,0.230945,0.038400,-0.043192,1.060217,-0.121876,0.032346,-0.272595,-0.023638,-0.256200,0.149072,0.007832,0.020840,-0.229282,0.010551,0.389767,0.392063,-0.242710,-0.176894,1.431907,0.000000,0.000000,0.941854,-0.272668,-0.089295,0.331894,0.204884,0.000000,0.000000
-2.007989,1.867094,0.862492,0.015526,0.043792,0.963219,0.264672,0.218716,0.049044,-0.031535,1.130795,-0.130210,0.032861,-0.255242,-0.011330,-0.247568,0.187151,-0.040478,0.022484,-0.219555,0.010227,0.403086,0.393089,-0.245061,-0.155558,1.433065,0.000000,0.000000,0.926937,-0.277354,-0.080213,0.333907,0.210750,0.000000,0.000000
-2.028364,1.886838,0.863402,0.018507,0.041280,0.961528,0.270955,0.203865,0.058500,-0.019173,1.203006,-0.141779,0.032859,-0.235683,-0.000814,-0.241115,0.225628,-0.105755,0.023416,-0.208527,0.009788,0.418062,0.393900,-0.246984,-0.129665,1.432003,0.000000,0.000000,0.909681,-0.281964,-0.067922,0.336869,0.216937,0.000000,0.000000
-2.048673,1.906337,0.863757,0.022401,0.040319,0.959625,0.277477,0.187741,0.064695,-0.007794,1.274382,-0.155112,0.032064,-0.215347,0.003715,-0.231593,0.265384,-0.177346,0.022294,-0.196107,0.009304,0.433104,0.395591,-0.249117,-0.100748,1.435868,0.000000,0.000000,0.891512,-0.289549,-0.055751,0.340498,0.222838,0.000000,0.000000
-2.069214,1.925620,0.863234,0.027267,0.039869,0.957335,0.284916,0.171507,0.065823,0.001912,1.342862,-0.177172,0.030257,-0.195268,0.004253,-0.217853,0.307586,-0.250535,0.019740,-0.181439,0.008776,0.447819,0.396345,-0.253125,-0.070349,1.438261,0.000000,0.000000,0.873613,-0.300631,-0.042435,0.341951,0.229486,0.000000,0.000000
-2.090075,1.944561,0.861620,0.033439,0.039865,0.953888,0.295619,0.156083,0.060164,0.012773,1.410665,-0.198580,0.026491,-0.175238,0.000831,-0.198143,0.357583,-0.322627,0.015742,-0.160718,0.008055,0.465197,0.393968,-0.255426,-0.038202,1.439124,0.000000,0.000000,0.856641,-0.315205,-0.026487,0.341884,0.233720,0.000000,0.000000
-2.111073,1.963291,0.858866,0.040245,0.039637,0.950858,0.304430,0.140725,0.052424,0.017909,1.472920,-0.217508,0.023113,-0.155616,-0.004160,-0.175348,0.409359,-0.384091,0.011395,-0.140020,0.007357,0.484118,0.391637,-0.258824,-0.006800,1.442335,0.000000,0.000000,0.840610,-0.328961,-0.012224,0.341868,0.235216,0.000000,0.000000
-2.131922,1.981814,0.855158,0.047781,0.039710,0.948134,0.311742,0.123991,0.042093,0.018526,1.530533,-0.231272,0.019795,-0.134476,-0.009799,-0.148474,0.460378,-0.436872,0.006500,-0.120277,0.006675,0.504148,0.388829,-0.263465,0.026078,1.443797,0.000000,0.000000,0.823127,-0.339571,0.001027,0.339263,0.241297,0.000000,0.000000
-2.152313,2.000972,0.850928,0.055501,0.040189,0.945455,0.318464,0.106451,0.033800,0.021057,1.579068,-0.251787,0.016970,-0.111503,-0.014136,-0.120079,0.504646,-0.482087,0.001616,-0.101498,0.005971,0.524909,0.387896,-0.269531,0.059014,1.451973,0.000000,0.000000,0.804955,-0.349644,0.012511,0.335651,0.246738,0.000000,0.000000
-2.172399,2.020044,0.846487,0.063359,0.040956,0.942967,0.324223,0.087738,0.024963,0.022641,1.619124,-0.268664,0.014294,-0.086166,-0.018147,-0.095778,0.540891,-0.528077,-0.002726,-0.082732,0.005255,0.545624,0.388145,-0.278315,0.092538,1.467310,0.000000,0.000000,0.787103,-0.359486,0.024920,0.333091,0.254684,0.000000,0.000000
-2.192048,2.039189,0.842040,0.071123,0.042233,0.939683,0.331893,0.067942,0.014661,0.026767,1.649037,-0.280995,0.010996,-0.058744,-0.022455,-0.072201,0.570234,-0.572503,-0.007163,-0.062127,0.004430,0.569288,0.382803,-0.282427,0.127569,1.480627,0.000000,0.000000,0.768347,-0.371745,0.046038,0.324513,0.267494,0.000000,0.000000
-2.211259,2.058188,0.837941,0.078796,0.044360,0.935465,0.341656,0.047458,0.002682,0.035213,1.667505,-0.289384,0.006720,-0.030925,-0.028664,-0.050624,0.593258,-0.609588,-0.011843,-0.039919,0.003512,0.596302,0.371406,-0.280227,0.162447,1.494650,0.000000,0.000000,0.747588,-0.387066,0.068718,0.315477,0.271144,0.000000,0.000000
-2.229393,2.076236,0.835471,0.085427,0.047353,0.930378,0.353352,0.023894,-0.009696,0.051002,1.674716,-0.293636,0.001157,-0.004177,-0.038335,-0.033980,0.604507,-0.618863,-0.016827,-0.016087,0.002568,0.625385,0.359830,-0.273560,0.195747,1.512350,0.000000,0.000000,0.724927,-0.406836,0.086381,0.308465,0.267346,0.000000,0.000000
-2.246178,2.093465,0.833602,0.091144,0.050889,0.924839,0.365754,-0.002960,-0.019669,0.072796,1.672829,-0.296938,-0.005069,0.019702,-0.051340,-0.025039,0.611146,-0.622407,-0.021597,0.008439,0.001662,0.654524,0.353330,-0.266553,0.221153,1.529063,0.000000,0.000000,0.703247,-0.424870,0.100065,0.300401,0.265652,0.000000,0.000000
-2.260642,2.109800,0.831840,0.095942,0.055171,0.918794,0.378906,-0.034417,-0.027894,0.095971,1.662875,-0.309781,-0.011751,0.039293,-0.065476,-0.017302,0.617087,-0.624973,-0.026596,0.034465,0.000687,0.684707,0.349992,-0.260111,0.237324,1.541005,0.000000,0.000000,0.681213,-0.438162,0.115116,0.287590,0.268232,0.000000,0.000000
-2.271580,2.123556,0.830582,0.098314,0.059342,0.911973,0.393851,-0.075499,-0.031945,0.122062,1.650638,-0.330524,-0.018911,0.051985,-0.078081,-0.005929,0.620097,-0.626615,-0.031823,0.064015,-0.000457,0.716087,0.347096,-0.245998,0.242564,1.549099,0.000000,0.000000,0.654433,-0.446055,0.132732,0.270278,0.269869,0.000000,0.000000
-2.281390,2.135648,0.828740,0.098098,0.062625,0.905513,0.408046,-0.121567,-0.030474,0.148159,1.629479,-0.345062,-0.025570,0.057980,-0.089201,0.003681,0.625921,-0.627255,-0.036399,0.092755,-0.001730,0.747565,0.346637,-0.227893,0.243748,1.542619,0.000000,0.000000,0.626551,-0.450954,0.141591,0.255165,0.273078,0.000000,0.000000
-2.291065,2.147056,0.826436,0.096019,0.065320,0.899370,0.421483,-0.170425,-0.024445,0.173240,1.599124,-0.354226,-0.031595,0.060375,-0.099039,0.013305,0.632744,-0.627362,-0.040674,0.120970,-0.002989,0.778467,0.349047,-0.207882,0.240172,1.525943,0.000000,0.000000,0.595138,-0.453712,0.147622,0.229267,0.272790,0.000000,0.000000
-2.301350,2.159494,0.823047,0.092194,0.067398,0.893101,0.435118,-0.218620,-0.013186,0.197122,1.559337,-0.358327,-0.036479,0.061388,-0.105500,0.025631,0.641108,-0.627183,-0.044600,0.149746,-0.004332,0.808550,0.353147,-0.185538,0.232654,1.511468,0.000000,0.000000,0.563395,-0.453146,0.153878,0.197996,0.265145,0.000000,0.000000
-2.312940,2.173571,0.818404,0.086535,0.068428,0.887027,0.448344,-0.263549,0.002066,0.218154,1.509279,-0.359259,-0.039778,0.063009,-0.106049,0.042122,0.649247,-0.627042,-0.047791,0.179544,-0.005700,0.836017,0.361539,-0.160790,0.220923,1.499115,0.000000,0.000000,0.531884,-0.448386,0.159645,0.167700,0.261110,0.000000,0.000000
-2.326832,2.189115,0.813045,0.079846,0.068127,0.881175,0.460992,-0.303962,0.019717,0.235853,1.449152,-0.356073,-0.041485,0.067646,-0.104581,0.058598,0.654513,-0.627412,-0.050530,0.210939,-0.007203,0.862640,0.375329,-0.135210,0.207470,1.482787,0.000000,0.000000,0.500332,-0.440949,0.166460,0.138118,0.261064,0.000000,0.000000
-2.342828,2.206564,0.807104,0.072473,0.066219,0.876206,0.471832,-0.337631,0.040376,0.248106,1.381619,-0.348110,-0.040452,0.076428,-0.101994,0.070640,0.655724,-0.628553,-0.052262,0.241356,-0.008656,0.888965,0.386616,-0.106936,0.195270,1.456888,0.000000,0.000000,0.472301,-0.429704,0.171462,0.108510,0.255178,0.000000,0.000000
-2.359889,2.225854,0.804855,0.064946,0.064520,0.871877,0.481092,-0.365218,0.060957,0.259328,1.306395,-0.332872,-0.038719,0.088424,-0.100315,0.079724,0.653682,-0.630315,-0.053729,0.270610,-0.010026,0.913709,0.395128,-0.081010,0.182815,1.430571,0.000000,0.000000,0.448852,-0.418006,0.175967,0.076760,0.242678,0.000000,0.000000
-2.377555,2.246326,0.808002,0.057481,0.062778,0.868693,0.487982,-0.388121,0.079557,0.268760,1.222598,-0.312075,-0.036529,0.102751,-0.097978,0.087558,0.649840,-0.632564,-0.054799,0.296491,-0.011240,0.936361,0.410659,-0.057684,0.171385,1.437242,0.000000,0.000000,0.429770,-0.406042,0.179477,0.042770,0.231607,0.000000,0.000000
-2.396027,2.267044,0.816372,0.049837,0.061176,0.866554,0.492806,-0.406829,0.093561,0.274860,1.132555,-0.286447,-0.034089,0.117831,-0.094606,0.096619,0.639052,-0.611242,-0.056188,0.320269,-0.012406,0.955681,0.420019,-0.039573,0.157934,1.434459,0.000000,0.000000,0.413136,-0.395987,0.181876,0.009581,0.219208,0.000000,0.000000
-2.415027,2.288029,0.829168,0.042852,0.060557,0.864617,0.496925,-0.421735,0.103081,0.278169,1.035271,-0.248356,-0.031684,0.134013,-0.093739,0.102374,0.620910,-0.557842,-0.058284,0.342484,-0.013365,0.971507,0.423049,-0.017630,0.141740,1.409268,0.000000,0.000000,0.397670,-0.382581,0.181619,-0.025518,0.227094,0.000000,0.000000
-2.434341,2.309448,0.834573,0.036159,0.059510,0.863362,0.499757,-0.431620,0.110501,0.281079,0.931036,-0.198020,-0.029378,0.152175,-0.093807,0.102450,0.594381,-0.475410,-0.060042,0.360927,-0.014158,0.990311,0.433606,0.000034,0.130114,1.411148,0.000000,0.000000,0.385935,-0.370392,0.177793,-0.060208,0.246307,0.000000,0.000000
-2.454512,2.329849,0.837786,0.030309,0.059190,0.862755,0.501230,-0.437792,0.111140,0.280075,0.821695,-0.144214,-0.027392,0.169056,-0.096975,0.099119,0.569864,-0.379533,-0.062121,0.379126,-0.015182,1.006015,0.437759,0.010621,0.118203,1.397289,0.000000,0.000000,0.375108,-0.372904,0.167811,-0.080718,0.211958,0.000000,0.000000
-2.474145,2.350409,0.828766,0.024891,0.060449,0.861172,0.504093,-0.440006,0.109753,0.278929,0.708315,-0.090826,-0.025322,0.183260,-0.104051,0.094520,0.546599,-0.273436,-0.064940,0.395057,-0.015721,1.018562,0.435385,0.017307,0.106146,1.377709,0.000000,0.000000,0.366913,-0.371411,0.164432,-0.105831,0.196926,0.000000,0.000000
-2.493649,2.370760,0.826387,0.019400,0.061158,0.860034,0.506186,-0.438972,0.106863,0.277726,0.594205,-0.035218,-0.023417,0.195618,-0.111283,0.086757,0.525453,-0.166465,-0.066805,0.408873,-0.016114,1.028491,0.433625,0.025444,0.094674,1.368428,0.000000,0.000000,0.360523,-0.372347,0.162459,-0.136033,0.189224,0.000000,0.000000
-2.513046,2.391127,0.828679,0.013972,0.062699,0.858990,0.507947,-0.435151,0.102849,0.274288,0.475122,0.020161,-0.020908,0.206567,-0.120333,0.079969,0.504617,-0.066406,-0.068960,0.420961,-0.016419,1.037239,0.429307,0.033013,0.086340,1.362803,0.000000,0.000000,0.355604,-0.371700,0.157533,-0.166418,0.187891,0.000000,0.000000
-2.532875,2.411017,0.832819,0.008410,0.061845,0.859295,0.507658,-0.428405,0.102454,0.261165,0.356355,0.071820,-0.015388,0.217347,-0.126804,0.071236,0.487087,0.020621,-0.069518,0.430020,-0.016680,1.046070,0.427464,0.042597,0.079136,1.358356,0.000000,0.000000,0.352327,-0.367685,0.148293,-0.197176,0.193189,0.000000,0.000000
-2.553410,2.430741,0.839076,0.003108,0.060883,0.860354,0.506038,-0.420315,0.102259,0.245108,0.244478,0.114249,-0.009771,0.227496,-0.132646,0.063103,0.474817,0.092471,-0.069677,0.436204,-0.016897,1.053591,0.427418,0.050538,0.070969,1.352613,0.000000,0.000000,0.353408,-0.364746,0.138710,-0.229858,0.194812,0.000000,0.000000
-2.574716,2.450377,0.849450,-0.001597,0.060506,0.861409,0.504293,-0.410743,0.099749,0.229705,0.137716,0.145311,-0.005125,0.236688,-0.139926,0.055885,0.470061,0.150026,-0.070252,0.439647,-0.017023,1.060720,0.424461,0.058860,0.059914,1.346245,0.000000,0.000000,0.357350,-0.362936,0.131590,-0.262684,0.194592,0.000000,0.000000
-2.596267,2.470116,0.861626,-0.005291,0.059683,0.862242,0.502941,-0.402389,0.095537,0.219610,0.048393,0.160106,-0.002149,0.244088,-0.146860,0.049230,0.478499,0.184165,-0.070759,0.441558,-0.017074,1.068111,0.421570,0.067915,0.047670,1.343910,0.000000,0.000000,0.360741,-0.363283,0.129702,-0.291193,0.200602,0.000000,0.000000
-2.617681,2.490138,0.863985,-0.007421,0.058665,0.863206,0.501377,-0.393903,0.090085,0.213422,-0.017450,0.166073,-0.000713,0.249744,-0.152485,0.043451,0.496777,0.196886,-0.071132,0.441191,-0.017035,1.077898,0.419494,0.076739,0.036752,1.347085,0.000000,0.000000,0.365036,-0.365519,0.131489,-0.316479,0.204670,0.000000,0.000000
-2.638518,2.510488,0.866230,-0.008528,0.057191,0.863526,0.500979,-0.387824,0.086434,0.211868,-0.017450,0.164997,-0.000649,0.252839,-0.155695,0.042093,0.516171,0.194049,-0.071714,0.439396,-0.016935,1.085854,0.415008,0.083602,0.029259,1.351232,0.000000,0.000000,0.368040,-0.367137,0.135429,-0.334270,0.205615,0.000000,0.000000
-2.658765,2.530917,0.867709,-0.008869,0.054713,0.863508,0.501280,-0.380337,0.081164,0.215470,-0.017450,0.164739,-0.001773,0.256807,-0.159494,0.041802,0.548553,0.182418,-0.072588,0.435341,-0.016873,1.096196,0.407799,0.093445,0.020943,1.355100,0.000000,0.000000,0.368173,-0.374115,0.142135,-0.356918,0.208494,0.000000,0.000000
-2.678936,2.551229,0.869411,-0.009662,0.052642,0.863573,0.501375,-0.373055,0.076084,0.219816,-0.017450,0.167030,-0.003157,0.259282,-0.162301,0.042927,0.582771,0.167186,-0.073364,0.430062,-0.016783,1.104412,0.398585,0.102812,0.014080,1.355435,0.000000,0.000000,0.365614,-0.382534,0.148844,-0.378416,0.211910,0.000000,0.000000
-2.699767,2.571524,0.870580,-0.010106,0.049871,0.866005,0.497439,-0.365508,0.067668,0.226413,-0.017450,0.169538,-0.005633,0.261414,-0.163065,0.042094,0.624009,0.151437,-0.073133,0.423026,-0.016596,1.112012,0.391245,0.112200,0.007360,1.352635,0.000000,0.000000,0.365129,-0.390922,0.156890,-0.394135,0.217004,0.000000,0.000000
-2.720787,2.591609,0.870024,-0.009464,0.047402,0.867881,0.494415,-0.355455,0.054330,0.236921,-0.017450,0.167396,-0.009574,0.263062,-0.164526,0.039191,0.681020,0.136377,-0.072404,0.410885,-0.016282,1.119779,0.380485,0.122214,-0.001993,1.346257,0.000000,0.000000,0.365934,-0.398425,0.165925,-0.408498,0.216701,0.000000,0.000000
-2.741737,2.611575,0.866800,-0.008348,0.044010,0.869999,0.491015,-0.342775,0.039668,0.245291,-0.017450,0.156292,-0.013292,0.263525,-0.165951,0.033871,0.749580,0.127091,-0.070547,0.393041,-0.015670,1.127198,0.366636,0.132421,-0.011947,1.340816,0.000000,0.000000,0.367358,-0.401555,0.173468,-0.421641,0.212486,0.000000,0.000000
-2.763063,2.631435,0.863277,-0.007212,0.039623,0.874259,0.483785,-0.329855,0.026425,0.243167,-0.017450,0.140438,-0.015207,0.263401,-0.162947,0.026639,0.817074,0.123154,-0.066652,0.372353,-0.014973,1.133987,0.360129,0.142278,-0.018924,1.341217,0.000000,0.000000,0.369958,-0.400076,0.173138,-0.430659,0.208160,0.000000,0.000000
-2.784489,2.651461,0.860308,-0.005552,0.035312,0.878889,0.475685,-0.317739,0.014890,0.237095,-0.017450,0.124665,-0.016365,0.262949,-0.159333,0.016104,0.879736,0.122536,-0.062098,0.353131,-0.014459,1.137013,0.354580,0.150713,-0.023854,1.340252,0.000000,0.000000,0.374428,-0.397623,0.170281,-0.436358,0.201421,0.000000,0.000000
-2.806547,2.671134,0.857192,-0.003356,0.031491,0.883234,0.467862,-0.304612,0.002290,0.228422,-0.017450,0.103799,-0.017342,0.261820,-0.158343,0.002383,0.946824,0.129096,-0.057348,0.334404,-0.013997,1.137307,0.347568,0.155267,-0.024625,1.339108,0.000000,0.000000,0.382672,-0.398138,0.175125,-0.434851,0.198490,0.000000,0.000000
-2.828115,2.691219,0.854348,-0.000044,0.029345,0.886686,0.461441,-0.291569,-0.010469,0.218517,-0.017450,0.084899,-0.018342,0.259719,-0.157870,-0.006815,1.009477,0.128522,-0.053661,0.314944,-0.013411,1.137244,0.346819,0.154171,-0.021340,1.347343,0.000000,0.000000,0.394502,-0.396945,0.171918,-0.428249,0.191747,0.000000,0.000000
-2.849863,2.711282,0.851322,0.002437,0.027879,0.888904,0.457238,-0.278142,-0.021997,0.209205,-0.017450,0.066821,-0.019310,0.255341,-0.159649,-0.011157,1.071245,0.122223,-0.051382,0.299625,-0.012902,1.132710,0.349050,0.149254,-0.019266,1.358468,0.000000,0.000000,0.408626,-0.391775,0.172488,-0.414435,0.190738,0.000000,0.000000
-2.872211,2.730583,0.848041,0.005893,0.028865,0.891485,0.452092,-0.263303,-0.038464,0.194189,0.013528,0.048173,-0.021054,0.249653,-0.166663,-0.016730,1.137446,0.114863,-0.050010,0.289589,-0.012641,1.121667,0.348391,0.139022,-0.018297,1.357270,0.000000,0.000000,0.424122,-0.388463,0.166381,-0.397485,0.188880,0.000000,0.000000
-2.893802,2.750645,0.847458,0.009131,0.030636,0.892972,0.448976,-0.248223,-0.053100,0.180352,0.050223,0.025291,-0.022885,0.241457,-0.171138,-0.014257,1.198836,0.102711,-0.049270,0.280715,-0.012399,1.111384,0.342035,0.121886,-0.004998,1.347743,0.000000,0.000000,0.440834,-0.388797,0.156889,-0.384186,0.178635,0.000000,0.000000
-2.914150,2.770813,0.851076,0.012137,0.030395,0.894961,0.444942,-0.231731,-0.061801,0.159916,0.086709,-0.029478,-0.021699,0.231052,-0.170804,-0.012883,1.263604,0.086893,-0.047327,0.268016,-0.011780,1.094740,0.340805,0.110299,0.002751,1.359791,0.000000,0.000000,0.459547,-0.386848,0.146664,-0.371706,0.165751,0.000000,0.000000
-2.933976,2.791133,0.853991,0.014815,0.028620,0.898583,0.437619,-0.216089,-0.065379,0.132389,0.128614,-0.094782,-0.018080,0.219788,-0.163728,-0.014781,1.329179,0.064762,-0.043870,0.252827,-0.011133,1.078035,0.350764,0.100838,0.005289,1.384078,0.000000,0.000000,0.479167,-0.383689,0.132103,-0.353510,0.153575,0.000000,0.000000
-2.953775,2.811538,0.855718,0.018559,0.026445,0.901607,0.431347,-0.201762,-0.067280,0.112213,0.181024,-0.161873,-0.015438,0.208700,-0.160359,-0.021471,1.396403,0.050728,-0.040399,0.235824,-0.010604,1.062068,0.356111,0.091470,0.009989,1.393147,0.000000,0.000000,0.500383,-0.379421,0.122079,-0.329773,0.136188,0.000000,0.000000
-2.973498,2.833001,0.856122,0.022523,0.023550,0.904719,0.424761,-0.188621,-0.066422,0.096196,0.239916,-0.226907,-0.013091,0.196734,-0.149823,-0.021853,1.458737,0.026897,-0.036762,0.216118,-0.009897,1.047121,0.357604,0.081483,0.018790,1.387906,0.000000,0.000000,0.522462,-0.372526,0.112923,-0.305543,0.123877,0.000000,0.000000
-2.994201,2.853114,0.854811,0.027790,0.020241,0.906890,0.419963,-0.174637,-0.065875,0.078605,0.303690,-0.290542,-0.010778,0.184937,-0.146398,-0.020163,1.523884,0.019616,-0.033974,0.195448,-0.009168,1.033489,0.361039,0.068106,0.028524,1.392050,0.000000,0.000000,0.545062,-0.367575,0.109546,-0.280421,0.120182,0.000000,0.000000
-3.012699,2.874234,0.852136,0.032596,0.017319,0.909319,0.414459,-0.160761,-0.063237,0.060709,0.364046,-0.349276,-0.008020,0.171463,-0.134280,-0.020512,1.580866,0.009363,-0.030010,0.176083,-0.008451,1.013727,0.362108,0.048595,0.040025,1.403349,0.000000,0.000000,0.565119,-0.361596,0.111275,-0.249429,0.125176,0.000000,0.000000
-3.032972,2.893226,0.848290,0.037747,0.014876,0.912658,0.406706,-0.145022,-0.066043,0.034307,0.419523,-0.399023,-0.005194,0.157090,-0.129088,-0.024420,1.634476,-0.005361,-0.027299,0.155818,-0.007680,0.986988,0.362359,0.023857,0.055332,1.410457,0.000000,0.000000,0.587356,-0.350752,0.107234,-0.209564,0.129166,0.000000,0.000000
-3.053617,2.911662,0.843875,0.042839,0.012977,0.916586,0.397323,-0.127026,-0.071896,0.007837,0.466485,-0.438434,-0.002977,0.140958,-0.126370,-0.030551,1.681487,-0.014684,-0.025114,0.134287,-0.006835,0.956438,0.362945,-0.003682,0.074511,1.411956,0.000000,0.000000,0.612574,-0.340286,0.095466,-0.165386,0.126573,0.000000,0.000000
-3.073815,2.930318,0.838967,0.048949,0.011496,0.919745,0.389283,-0.104637,-0.078950,-0.015818,0.506438,-0.469457,-0.001447,0.122634,-0.125372,-0.034953,1.721320,-0.014131,-0.023259,0.112921,-0.005925,0.924890,0.365795,-0.036916,0.104063,1.407324,0.000000,0.000000,0.637357,-0.337743,0.088167,-0.114119,0.127576,0.000000,0.000000
-3.094225,2.948290,0.835243,0.055211,0.009554,0.922830,0.381110,-0.077945,-0.085488,-0.034011,0.535449,-0.496066,-0.000625,0.103830,-0.130104,-0.042459,1.753716,-0.000746,-0.021743,0.093071,-0.004898,0.881054,0.375988,-0.072155,0.105444,1.426365,0.000000,0.000000,0.660251,-0.337816,0.079987,-0.057935,0.143250,0.000000,0.000000
-3.113916,2.967670,0.836665,0.060216,0.006124,0.926166,0.372227,-0.050711,-0.084374,-0.046865,0.557718,-0.519476,0.001228,0.086556,-0.128836,-0.049111,1.770890,-0.004456,-0.020603,0.070682,-0.003846,0.847132,0.381122,-0.112116,0.131862,1.436890,0.000000,0.000000,0.685959,-0.325389,0.076429,-0.007260,0.157570,0.000000,0.000000
-3.132022,2.988065,0.840832,0.064208,0.001522,0.928710,0.365204,-0.022735,-0.076773,-0.056143,0.574541,-0.539685,0.004151,0.068588,-0.121511,-0.057279,1.776587,-0.027014,-0.019646,0.050593,-0.002953,0.807125,0.379784,-0.141426,0.155748,1.412090,0.000000,0.000000,0.713165,-0.309703,0.091051,0.038147,0.168486,0.000000,0.000000
-3.148824,3.007671,0.847342,0.067294,-0.005198,0.930993,0.358744,0.004069,-0.062325,-0.056987,0.589054,-0.556128,0.007548,0.048169,-0.109710,-0.065226,1.774871,-0.049272,-0.018178,0.028006,-0.002045,0.772537,0.390028,-0.157583,0.192256,1.390995,0.000000,0.000000,0.737852,-0.305877,0.118966,0.075855,0.177363,0.000000,0.000000
-3.165279,3.024075,0.855716,0.068905,-0.013294,0.933369,0.351990,0.027759,-0.045607,-0.053685,0.602120,-0.574995,0.010981,0.022471,-0.100655,-0.074026,1.767744,-0.066289,-0.016664,-0.001537,-0.000813,0.715255,0.412398,-0.178555,0.158105,1.457769,0.000000,0.000000,0.759586,-0.318334,0.125961,0.103148,0.184568,0.000000,0.000000
-3.179157,3.039916,0.866873,0.070974,-0.019279,0.936290,0.343440,0.045752,-0.029010,-0.048382,0.618200,-0.584014,0.014275,-0.007138,-0.092653,-0.082621,1.755491,-0.077580,-0.014757,-0.029937,0.000433,0.678609,0.412931,-0.172012,0.145662,1.467952,0.000000,0.000000,0.790618,-0.316603,0.106339,0.131667,0.192572,0.000000,0.000000
-3.193161,3.052492,0.869316,0.070821,-0.024634,0.939303,0.334795,0.058560,-0.016527,-0.048038,0.630944,-0.589375,0.017465,-0.042116,-0.093877,-0.095219,1.738164,-0.109130,-0.013763,-0.057478,0.001669,0.641651,0.418080,-0.155365,0.137887,1.482771,0.000000,0.000000,0.815562,-0.312232,0.087328,0.145963,0.229734,0.000000,0.000000
-3.204771,3.064446,0.870045,0.069368,-0.027655,0.941591,0.328375,0.067075,-0.003797,-0.043432,0.639454,-0.599984,0.020024,-0.083247,-0.098452,-0.117530,1.717988,-0.125892,-0.011089,-0.080741,0.002682,0.601938,0.418313,-0.156264,0.124729,1.497258,0.000000,0.000000,0.841853,-0.319758,0.085769,0.158692,0.219889,0.000000,0.000000
-3.214615,3.077139,0.870107,0.066755,-0.029150,0.945003,0.318847,0.071517,0.010070,-0.045987,0.648603,-0.604968,0.024145,-0.130494,-0.096937,-0.135504,1.688440,-0.137954,-0.006798,-0.105039,0.003791,0.566018,0.407688,-0.167595,0.115718,1.487042,0.000000,0.000000,0.867221,-0.332579,0.092613,0.166547,0.172005,0.000000,0.000000
-3.226318,3.088300,0.870065,0.063986,-0.028696,0.948457,0.309049,0.074188,0.016635,-0.050746,0.658009,-0.608010,0.026765,-0.175479,-0.110978,-0.160371,1.655003,-0.130155,-0.003545,-0.131873,0.005083,0.530305,0.398533,-0.173196,0.103673,1.471426,0.000000,0.000000,0.885589,-0.340195,0.093326,0.170439,0.135615,0.000000,0.000000
-3.236482,3.102264,0.870071,0.061546,-0.027173,0.953077,0.295157,0.076094,0.024224,-0.060942,0.670499,-0.599920,0.030812,-0.217934,-0.119217,-0.184306,1.608833,-0.122615,0.001605,-0.164436,0.006554,0.491065,0.402287,-0.177227,0.086997,1.466432,0.000000,0.000000,0.904061,-0.349547,0.085743,0.171059,0.117502,0.000000,0.000000
-3.248578,3.117770,0.870612,0.057447,-0.024315,0.957906,0.280221,0.078421,0.030322,-0.075673,0.676024,-0.587281,0.035342,-0.256274,-0.130875,-0.209511,1.553194,-0.113101,0.006811,-0.202140,0.008053,0.453338,0.401436,-0.187576,0.071338,1.464423,0.000000,0.000000,0.924678,-0.352844,0.073372,0.170980,0.112953,0.000000,0.000000
-3.263038,3.136481,0.872633,0.052574,-0.019935,0.962148,0.266664,0.083666,0.034826,-0.098357,0.673514,-0.575067,0.040872,-0.289085,-0.143312,-0.234054,1.485734,-0.104500,0.011946,-0.238415,0.009416,0.421114,0.391951,-0.186377,0.053137,1.460323,0.000000,0.000000,0.943096,-0.351956,0.057897,0.173250,0.123357,0.000000,0.000000
-3.280345,3.157028,0.875471,0.048452,-0.015053,0.966912,0.250015,0.093131,0.038774,-0.122721,0.667361,-0.551989,0.046840,-0.314689,-0.158875,-0.262343,1.413854,-0.097057,0.017139,-0.275777,0.010775,0.392917,0.385291,-0.188825,0.026369,1.460983,0.000000,0.000000,0.962256,-0.348793,0.038087,0.172642,0.138846,0.000000,0.000000
-3.302990,3.178997,0.878456,0.045532,-0.006229,0.966644,0.251968,0.114153,0.023038,-0.142026,0.645093,-0.516809,0.046426,-0.334531,-0.183345,-0.282054,1.342146,-0.088766,0.017500,-0.292060,0.011468,0.373512,0.366711,-0.183696,-0.010763,1.472775,0.000000,0.000000,0.980372,-0.352848,0.026907,0.169960,0.127651,0.000000,0.000000
-3.321112,3.203221,0.882065,0.043023,-0.004470,0.967766,0.248110,0.132496,0.030598,-0.149979,0.633696,-0.472150,0.050912,-0.349797,-0.186242,-0.290700,1.260075,-0.072905,0.019984,-0.310647,0.012331,0.358958,0.357312,-0.183318,-0.038161,1.481846,0.000000,0.000000,0.998366,-0.355223,0.018150,0.168834,0.125402,0.000000,0.000000
-3.339566,3.226335,0.885922,0.040689,-0.002796,0.967975,0.247711,0.151912,0.039952,-0.148785,0.619100,-0.410626,0.054422,-0.361001,-0.187425,-0.299314,1.166854,-0.038487,0.022159,-0.330649,0.013076,0.349995,0.348025,-0.175576,-0.066622,1.492520,0.000000,0.000000,1.010013,-0.352345,0.005604,0.175665,0.119377,0.000000,0.000000
-3.357887,3.248618,0.889672,0.038209,-0.001094,0.968674,0.245377,0.168532,0.049620,-0.143245,0.608346,-0.349337,0.057148,-0.369040,-0.188258,-0.309887,1.070104,-0.000104,0.024490,-0.346915,0.013645,0.343489,0.338507,-0.179506,-0.095660,1.482471,0.000000,0.000000,1.027072,-0.354491,0.005633,0.170784,0.124109,0.000000,0.000000
-3.375515,3.272164,0.893349,0.036132,0.001485,0.969245,0.243424,0.182772,0.061148,-0.130990,0.603749,-0.300673,0.059029,-0.375107,-0.187501,-0.315994,0.969779,0.038487,0.025445,-0.362212,0.014357,0.325754,0.338999,-0.163292,-0.126606,1.493988,0.000000,0.000000,1.040217,-0.352305,-0.003768,0.173086,0.130626,0.000000,0.000000
-3.394083,3.295401,0.897059,0.034573,0.003333,0.969240,0.243656,0.198332,0.071422,-0.115342,0.599772,-0.238644,0.059838,-0.376999,-0.185015,-0.322978,0.862949,0.080072,0.026423,-0.376575,0.014865,0.316293,0.348290,-0.147712,-0.156038,1.485610,0.000000,0.000000,1.054302,-0.356588,-0.017503,0.170959,0.149370,0.000000,0.000000
-3.411939,3.319010,0.900352,0.033731,0.004730,0.968600,0.246281,0.214403,0.082567,-0.099153,0.596904,-0.174218,0.060669,-0.375975,-0.179884,-0.323233,0.754647,0.127722,0.025831,-0.390290,0.015292,0.314689,0.351840,-0.136108,-0.180937,1.471203,0.000000,0.000000,1.064083,-0.360540,-0.017926,0.171546,0.158094,0.000000,0.000000
-3.430731,3.342772,0.903288,0.027153,0.006070,0.968549,0.247262,0.226018,0.095699,-0.092256,0.585495,-0.111205,0.063625,-0.375006,-0.171449,-0.324646,0.635232,0.176175,0.026106,-0.384554,0.015074,0.304699,0.341113,-0.128842,-0.197731,1.470628,0.000000,0.000000,1.073792,-0.351661,-0.025773,0.168667,0.162218,0.000000,0.000000
-3.447813,3.366083,0.904948,0.024369,0.008935,0.967947,0.249811,0.236818,0.104556,-0.082385,0.579831,-0.065415,0.064584,-0.372809,-0.166370,-0.317802,0.523003,0.218786,0.023043,-0.389065,0.015447,0.297874,0.355264,-0.141966,-0.228079,1.459201,0.000000,0.000000,1.079886,-0.354184,-0.030989,0.168623,0.164250,0.000000,0.000000
-3.464792,3.389848,0.907980,0.022759,0.011156,0.967740,0.250672,0.247665,0.121010,-0.060354,0.574736,-0.010351,0.065622,-0.364427,-0.163461,-0.310417,0.401363,0.263022,0.018788,-0.391569,0.015529,0.298384,0.366537,-0.144298,-0.255457,1.428690,0.000000,0.000000,1.087202,-0.357597,-0.046399,0.165886,0.156663,0.000000,0.000000
-3.480817,3.418841,0.913316,0.020862,0.013141,0.968468,0.247915,0.259820,0.157753,-0.027395,0.564118,-0.070483,0.072064,-0.350907,-0.153733,-0.313692,0.278160,0.279955,0.017950,-0.394349,0.015399,0.312226,0.370406,-0.164464,-0.264108,1.389732,0.000000,0.000000,1.092736,-0.335216,-0.061261,0.174930,0.129338,0.000000,0.000000
-3.500074,3.444715,0.916519,0.019143,0.015099,0.968070,0.249490,0.271889,0.166656,-0.019874,0.575053,-0.092567,0.073678,-0.339714,-0.148768,-0.309137,0.173190,0.291052,0.014345,-0.392056,0.015468,0.303828,0.386344,-0.163718,-0.287813,1.398004,0.000000,0.000000,1.094370,-0.318956,-0.073191,0.172628,0.123232,0.000000,0.000000
-3.518062,3.470713,0.918167,0.017896,0.020229,0.956715,0.289770,0.285464,0.111450,-0.035197,0.604238,-0.110975,0.058339,-0.331815,-0.124914,-0.259806,0.045580,0.313360,0.006583,-0.381898,0.015267,0.320483,0.370068,-0.112120,-0.307310,1.413374,0.000000,0.000000,1.076644,-0.350829,-0.041288,0.179932,0.117419,0.000000,0.000000
-3.537629,3.495134,0.919331,0.012449,0.025365,0.955236,0.294493,0.285625,0.096635,-0.043589,0.628019,-0.125808,0.054890,-0.331256,-0.120731,-0.255594,-0.017450,0.325479,0.005159,-0.383542,0.015287,0.325585,0.362556,-0.094810,-0.321692,1.411133,0.000000,0.000000,1.064981,-0.355831,-0.043413,0.177560,0.118713,0.000000,0.000000
-3.555539,3.519568,0.920455,0.012514,0.030851,0.954143,0.297495,0.285946,0.095845,-0.034948,0.660731,-0.136477,0.053209,-0.329814,-0.118930,-0.265988,-0.017450,0.332840,0.006778,-0.386175,0.015258,0.331150,0.356796,-0.087637,-0.333624,1.403631,0.000000,0.000000,1.057655,-0.359543,-0.052964,0.175947,0.117592,0.000000,0.000000
-3.576806,3.543355,0.921244,0.008799,0.034597,0.952508,0.302414,0.285532,0.090204,-0.037232,0.680804,-0.157563,0.051675,-0.328717,-0.117037,-0.274612,-0.017450,0.339992,0.008562,-0.386328,0.015215,0.336869,0.355176,-0.083792,-0.343348,1.399114,0.000000,0.000000,1.054390,-0.361610,-0.060983,0.173347,0.113465,0.000000,0.000000
-3.595123,3.566961,0.922088,0.010486,0.037597,0.951287,0.305827,0.285148,0.085714,-0.033596,0.731137,-0.190189,0.049639,-0.324375,-0.115652,-0.289604,-0.017450,0.349872,0.011223,-0.386908,0.015225,0.347815,0.355647,-0.079983,-0.359902,1.389608,0.000000,0.000000,1.049440,-0.368629,-0.076082,0.168585,0.102912,0.000000,0.000000
-3.613372,3.590704,0.922633,0.012796,0.038434,0.950609,0.307737,0.284707,0.085234,-0.028290,0.791443,-0.216612,0.048530,-0.317614,-0.111858,-0.308763,-0.017450,0.354468,0.015266,-0.382957,0.015264,0.357745,0.359105,-0.081015,-0.372709,1.382486,0.000000,0.000000,1.045927,-0.371465,-0.092280,0.165257,0.096082,0.000000,0.000000
-3.630842,3.615263,0.923409,0.017121,0.040995,0.947850,0.315605,0.284000,0.078407,-0.026802,0.853074,-0.247415,0.045924,-0.309256,-0.108942,-0.318311,-0.017450,0.356784,0.017565,-0.369643,0.014993,0.366346,0.360154,-0.086919,-0.379774,1.376869,0.000000,0.000000,1.043821,-0.370867,-0.107347,0.166033,0.089707,0.000000,0.000000
-3.648587,3.638979,0.923345,0.022059,0.041329,0.945533,0.322137,0.283157,0.068533,-0.025183,0.927724,-0.272323,0.042194,-0.299156,-0.106942,-0.325055,-0.017450,0.361610,0.019341,-0.350092,0.014554,0.376211,0.360659,-0.093226,-0.379789,1.369414,0.000000,0.000000,1.041106,-0.369932,-0.125271,0.170250,0.086205,0.000000,0.000000
-3.666312,3.663785,0.921509,0.024872,0.042164,0.941787,0.332628,0.282359,0.054533,-0.019671,1.006558,-0.275761,0.036143,-0.289850,-0.101796,-0.325977,-0.017450,0.364253,0.020961,-0.325213,0.014011,0.390261,0.364034,-0.093353,-0.377113,1.356753,0.000000,0.000000,1.039704,-0.374339,-0.147568,0.172067,0.083674,0.000000,0.000000
-3.682655,3.688806,0.920360,0.030979,0.038251,0.939821,0.338102,0.281471,0.049109,-0.020819,1.073887,-0.277968,0.033916,-0.278641,-0.096058,-0.324997,-0.017450,0.364831,0.022547,-0.307463,0.013711,0.403888,0.369118,-0.100021,-0.364793,1.355945,0.000000,0.000000,1.035341,-0.370453,-0.153819,0.174172,0.080890,0.000000,0.000000
-3.698674,3.713903,0.917609,0.034576,0.030570,0.936033,0.348872,0.281084,0.050841,-0.010497,1.148908,-0.266580,0.031719,-0.264232,-0.079683,-0.309097,-0.017450,0.357296,0.023888,-0.287037,0.013229,0.423570,0.375839,-0.100212,-0.346674,1.369834,0.000000,0.000000,1.028832,-0.360816,-0.141949,0.183521,0.092128,0.000000,0.000000
-3.719073,3.735580,0.914764,0.038939,0.025720,0.932875,0.357164,0.281106,0.053717,0.004437,1.216580,-0.261938,0.029249,-0.248957,-0.075020,-0.287632,0.004885,0.357578,0.021470,-0.262858,0.012482,0.439653,0.379838,-0.098675,-0.331193,1.379880,0.000000,0.000000,1.026395,-0.389507,-0.118576,0.180608,0.122307,0.000000,0.000000
-3.744544,3.752682,0.912215,0.044186,0.023017,0.930874,0.361929,0.281579,0.059516,0.026644,1.276827,-0.243295,0.026606,-0.234257,-0.086961,-0.270571,0.067631,0.369730,0.016435,-0.246326,0.012073,0.456474,0.380315,-0.095687,-0.312878,1.378578,0.000000,0.000000,1.019353,-0.416840,-0.112000,0.188840,0.134656,0.000000,0.000000
-3.768181,3.769199,0.909697,0.058172,0.029414,0.928111,0.366553,0.289495,0.120550,0.175501,1.331841,-0.382574,0.023504,-0.217874,-0.117592,-0.261700,0.132893,0.244015,0.005744,-0.235779,0.011902,0.483435,0.359154,-0.081193,-0.300552,1.365780,0.000000,0.000000,1.022395,-0.453662,-0.135755,0.200191,0.131830,0.000000,0.000000
-3.789078,3.789848,0.895507,0.062609,0.025693,0.923490,0.377605,0.285023,0.119768,0.196552,1.393342,-0.458484,0.019574,-0.203388,-0.120387,-0.225578,0.184251,0.130648,-0.002476,-0.218891,0.011708,0.510632,0.347409,-0.075656,-0.285803,1.358360,0.000000,0.000000,1.013667,-0.475691,-0.121404,0.200922,0.138809,0.000000,0.000000
-3.807928,3.814500,0.883657,0.064600,0.023758,0.921940,0.381167,0.275350,0.121842,0.202802,1.454396,-0.487376,0.018845,-0.189712,-0.118653,-0.203457,0.240391,0.074643,-0.006452,-0.206564,0.011364,0.533058,0.337991,-0.090763,-0.269813,1.323309,0.000000,0.000000,0.996180,-0.488096,-0.105558,0.205063,0.147939,0.000000,0.000000
-3.822558,3.844266,0.873607,0.067248,0.020282,0.911903,0.404351,0.267835,0.112190,0.215808,1.520219,-0.517055,0.013707,-0.179315,-0.102372,-0.166911,0.303798,-0.018176,-0.009147,-0.194404,0.011146,0.569520,0.317528,-0.071571,-0.235064,1.310421,0.000000,0.000000,0.964512,-0.527837,-0.060893,0.214840,0.136825,0.000000,0.000000
