0.000000,0.000000,0.799085,-0.150999,-0.017491,0.883469,0.443143,0.033946,0.083814,0.418044,0.311277,-0.301428,-0.032752,-0.056638,0.005175,0.183249,0.226832,-0.098511,-0.043132,0.124358,-0.000616,0.195574,0.623374,-0.051491,0.079161,0.824273,0.000000,0.000000,0.536788,-0.355644,0.055281,0.481455,-0.065297,0.000000,0.000000
0.009326,-0.041574,0.784552,-0.073704,-0.023790,0.947558,0.310058,0.016520,0.078000,0.136169,0.558422,-0.462618,0.010849,-0.196114,-0.015354,-0.093615,0.806311,-0.400768,0.000049,-0.040996,0.006113,0.193178,0.470781,-0.291548,0.132946,1.409496,0.000000,0.000000,0.829849,-0.337129,-0.083306,0.537925,-0.006184,0.000000,0.000000
-0.002271,-0.026419,0.783029,-0.029292,-0.031311,0.958300,0.282529,0.073482,0.094186,0.083966,0.601797,-0.625977,0.023128,-0.260194,0.001084,-0.137383,1.114654,-0.603508,0.014658,-0.125306,0.007653,0.239639,0.433210,-0.288564,0.129974,1.399385,0.000000,0.000000,0.944699,-0.298119,0.272297,0.419586,-0.160113,0.000000,0.000000
-0.023542,-0.009261,0.775933,-0.027963,-0.027354,0.961103,0.273406,0.095009,0.100268,0.083617,0.599639,-0.634089,0.024977,-0.302861,0.000151,-0.140715,1.119278,-0.615525,0.014830,-0.164311,0.007944,0.236746,0.417423,-0.266640,0.091870,1.371826,0.000000,0.000000,0.972271,-0.299827,0.286674,0.410587,-0.114647,0.000000,0.000000
-0.046279,0.009344,0.771490,-0.029617,-0.021542,0.963260,0.266062,0.113738,0.100055,0.069013,0.589272,-0.637642,0.027443,-0.328534,-0.013224,-0.115423,1.063763,-0.610064,0.005352,-0.196846,0.008925,0.223172,0.407285,-0.252150,0.052547,1.371230,0.000000,0.000000,0.993627,-0.307449,0.282047,0.405742,-0.085391,0.000000,0.000000
-0.066395,0.038979,0.772442,-0.016228,-0.004452,0.979511,0.200685,0.139125,0.114510,-0.026492,0.553356,-0.641043,0.046713,-0.321825,-0.048934,0.006709,1.020692,-0.549149,-0.027998,-0.286864,0.011081,0.212304,0.388445,-0.320443,-0.008408,1.407741,0.000000,0.000000,1.059845,-0.235051,0.125733,0.363326,0.236428,0.000000,0.000000
-0.087751,0.052826,0.775907,-0.020717,-0.001942,0.979528,0.200232,0.152015,0.120545,-0.016928,0.530092,-0.643846,0.046577,-0.326235,-0.074601,-0.027132,0.932483,-0.520538,-0.025681,-0.297167,0.011814,0.183174,0.391691,-0.311278,-0.039326,1.427936,0.000000,0.000000,1.081809,-0.263951,0.133819,0.309732,0.180394,0.000000,0.000000
-0.103741,0.071641,0.797013,-0.024597,-0.000752,0.979556,0.199660,0.161422,0.137849,0.004006,0.514451,-0.645873,0.047329,-0.342465,-0.082243,-0.057753,0.836774,-0.482209,-0.020641,-0.313059,0.012423,0.166673,0.397350,-0.288657,-0.062988,1.449916,0.000000,0.000000,1.092408,-0.265154,0.109974,0.312346,0.187677,0.000000,0.000000
-0.120494,0.092248,0.813360,-0.028007,-0.001007,0.979681,0.198593,0.169320,0.157121,0.016880,0.498788,-0.634286,0.050100,-0.375762,-0.078055,-0.090998,0.759544,-0.446208,-0.013204,-0.323067,0.012718,0.154009,0.394511,-0.274130,-0.088182,1.447011,0.000000,0.000000,1.097618,-0.264283,0.095247,0.316009,0.190462,0.000000,0.000000
-0.154467,0.089979,0.799706,-0.009884,0.002177,0.979787,0.199787,0.209711,0.141972,0.057968,0.502415,-0.582502,0.041929,-0.405154,-0.144497,-0.307874,0.838768,0.000078,0.031138,-0.336979,0.013134,0.168036,0.384086,-0.258291,-0.119658,1.418211,0.000000,0.000000,1.140834,-0.269280,0.074413,0.314098,0.184460,0.000000,0.000000
-0.173309,0.110797,0.810342,-0.009274,0.010483,0.980439,0.196323,0.220083,0.149176,0.072736,0.494588,-0.564751,0.042108,-0.417463,-0.153482,-0.315157,0.782176,0.049723,0.030631,-0.349461,0.013355,0.166025,0.376317,-0.248746,-0.145648,1.409886,0.000000,0.000000,1.151636,-0.270777,0.056719,0.308467,0.183244,0.000000,0.000000
-0.191402,0.132020,0.824273,-0.011215,0.016389,0.980329,0.196368,0.230254,0.156500,0.082636,0.479478,-0.541572,0.042984,-0.419459,-0.152262,-0.314662,0.689648,0.083162,0.029508,-0.359895,0.013869,0.161229,0.375614,-0.237381,-0.179140,1.413069,0.000000,0.000000,1.158549,-0.271442,0.046155,0.301656,0.177764,0.000000,0.000000
-0.210670,0.152531,0.836844,-0.013943,0.020317,0.980691,0.194006,0.239065,0.168779,0.105951,0.463010,-0.515440,0.043046,-0.410404,-0.147068,-0.314782,0.584272,0.109978,0.027836,-0.367778,0.014172,0.157729,0.376047,-0.228388,-0.214612,1.416130,0.000000,0.000000,1.162488,-0.268788,0.032122,0.290898,0.169064,0.000000,0.000000
-0.228944,0.173086,0.845750,-0.016002,0.023085,0.981537,0.189197,0.244587,0.187086,0.127326,0.464090,-0.499730,0.045134,-0.400876,-0.139763,-0.313724,0.484123,0.124794,0.025633,-0.376497,0.014420,0.156682,0.374811,-0.224789,-0.245801,1.415306,0.000000,0.000000,1.164239,-0.263169,0.018325,0.280830,0.161718,0.000000,0.000000
-0.247256,0.193230,0.851991,-0.019236,0.025089,0.982388,0.184161,0.251627,0.210859,0.143146,0.471296,-0.491849,0.049786,-0.389679,-0.130580,-0.311874,0.379949,0.130602,0.022993,-0.386270,0.014727,0.155953,0.378083,-0.225200,-0.276095,1.416517,0.000000,0.000000,1.163301,-0.255308,0.006959,0.269048,0.155520,0.000000,0.000000
-0.266975,0.212850,0.855935,-0.030571,0.026318,0.980507,0.192298,0.247928,0.176253,0.001947,0.472268,-0.480460,0.063943,-0.381747,-0.105719,-0.296475,0.246808,0.140673,0.019846,-0.372795,0.014566,0.149998,0.393253,-0.221683,-0.313465,1.417281,0.000000,0.000000,1.150616,-0.245996,0.008019,0.251664,0.155150,0.000000,0.000000
-0.287034,0.230029,0.856048,-0.034157,0.028531,0.980903,0.189336,0.251501,0.170755,-0.030850,0.484482,-0.464801,0.069483,-0.373646,-0.103389,-0.298354,0.169947,0.139987,0.017280,-0.376599,0.014691,0.149840,0.408191,-0.221923,-0.329453,1.424514,0.000000,0.000000,1.142910,-0.241888,0.003879,0.244735,0.154705,0.000000,0.000000
-0.306504,0.247957,0.855263,-0.036620,0.034099,0.979777,0.193736,0.254226,0.158220,-0.043334,0.503241,-0.449332,0.069229,-0.362602,-0.101506,-0.301452,0.086966,0.137672,0.014715,-0.372540,0.014405,0.148264,0.413849,-0.218708,-0.347253,1.426677,0.000000,0.000000,1.134761,-0.236192,-0.014358,0.236334,0.156108,0.000000,0.000000
-0.325889,0.266976,0.853027,-0.037689,0.038769,0.977787,0.202506,0.254739,0.143569,-0.044851,0.538420,-0.438073,0.066261,-0.349589,-0.095378,-0.301434,0.010655,0.139821,0.012878,-0.361404,0.013900,0.152483,0.406639,-0.215436,-0.364452,1.397209,0.000000,0.000000,1.123811,-0.237762,-0.034446,0.226789,0.147204,0.000000,0.000000
-0.346431,0.286252,0.852915,-0.036951,0.043349,0.975839,0.210934,0.255636,0.130379,-0.043387,0.579992,-0.430413,0.062881,-0.342197,-0.092837,-0.302297,-0.017450,0.135998,0.011645,-0.349992,0.013809,0.157788,0.410199,-0.213914,-0.369791,1.394686,0.000000,0.000000,1.117112,-0.237400,-0.050463,0.223127,0.142157,0.000000,0.000000
-0.367138,0.307737,0.853173,-0.034991,0.040946,0.976896,0.206817,0.256163,0.137123,-0.040216,0.622817,-0.451468,0.065111,-0.333558,-0.089984,-0.302848,-0.017450,0.127082,0.011632,-0.351373,0.014081,0.168000,0.422782,-0.215605,-0.367333,1.389657,0.000000,0.000000,1.109629,-0.236259,-0.060551,0.221970,0.135817,0.000000,0.000000
-0.390267,0.321993,0.854308,-0.031169,0.043365,0.975320,0.214240,0.253131,0.100117,-0.066258,0.697804,-0.426148,0.059389,-0.324614,-0.094587,-0.310593,-0.017450,0.111987,0.011049,-0.336928,0.013679,0.182109,0.428010,-0.225550,-0.360490,1.373976,0.000000,0.000000,1.098512,-0.236118,-0.068824,0.223748,0.131343,0.000000,0.000000
-0.410367,0.341167,0.855908,-0.026613,0.046160,0.974144,0.219557,0.251866,0.089335,-0.058052,0.747580,-0.422326,0.055034,-0.316611,-0.097443,-0.316201,-0.010116,0.094449,0.011074,-0.324883,0.013215,0.195154,0.424047,-0.235594,-0.347008,1.356903,0.000000,0.000000,1.089351,-0.238345,-0.076509,0.224472,0.127307,0.000000,0.000000
-0.430257,0.360427,0.859201,-0.022792,0.047625,0.972085,0.228609,0.249223,0.078705,-0.047079,0.805338,-0.426383,0.049843,-0.306607,-0.096365,-0.318717,0.012823,0.070408,0.011689,-0.306193,0.012828,0.209054,0.423745,-0.241231,-0.324074,1.349497,0.000000,0.000000,1.077307,-0.246783,-0.083818,0.217150,0.112369,0.000000,0.000000
-0.449590,0.380808,0.862600,-0.019319,0.047476,0.970496,0.235607,0.244529,0.078052,-0.031298,0.863708,-0.438115,0.046806,-0.295568,-0.092037,-0.318372,0.043962,0.041364,0.012826,-0.292744,0.012492,0.225443,0.423918,-0.240174,-0.299061,1.342099,0.000000,0.000000,1.063543,-0.244817,-0.098586,0.231258,0.115792,0.000000,0.000000
-0.469547,0.400900,0.866307,-0.016979,0.046658,0.969147,0.241431,0.236086,0.074941,-0.023223,0.927120,-0.457042,0.044225,-0.282421,-0.086201,-0.317244,0.082895,0.007427,0.014317,-0.274158,0.011920,0.245031,0.408107,-0.225787,-0.265958,1.369779,0.000000,0.000000,1.044067,-0.238689,-0.105838,0.251307,0.122726,0.000000,0.000000
-0.488652,0.421100,0.869229,-0.014667,0.045715,0.968153,0.245714,0.224853,0.073981,-0.016572,0.991504,-0.472594,0.042597,-0.268785,-0.080478,-0.316192,0.124513,-0.020528,0.016094,-0.262971,0.011600,0.265210,0.401604,-0.232250,-0.242360,1.366540,0.000000,0.000000,1.018150,-0.246769,-0.095138,0.260120,0.118491,0.000000,0.000000
-0.505180,0.435746,0.870677,-0.014677,0.043174,0.967703,0.247936,0.202545,0.073254,-0.000349,1.089043,-0.203510,0.037237,-0.260656,-0.076541,-0.315064,0.175703,-0.054628,0.017532,-0.258039,0.011486,0.284426,0.391479,-0.246708,-0.208053,1.300192,0.000000,0.000000,0.980225,-0.261105,-0.064323,0.270283,0.114867,0.000000,0.000000
-0.524796,0.458885,0.870662,-0.011429,0.040208,0.965125,0.258430,0.195901,0.073810,0.010144,1.140260,-0.181174,0.034537,-0.246945,-0.065479,-0.296566,0.215559,-0.112200,0.017025,-0.245342,0.011253,0.309290,0.393201,-0.248588,-0.173497,1.289437,0.000000,0.000000,0.958014,-0.274451,-0.041424,0.276290,0.116022,0.000000,0.000000
-0.546354,0.479870,0.869925,-0.006514,0.039190,0.961582,0.271627,0.189963,0.064232,0.025680,1.193097,-0.185261,0.028545,-0.231753,-0.062209,-0.278001,0.268409,-0.186167,0.014540,-0.228807,0.010703,0.338642,0.395160,-0.243492,-0.140658,1.300546,0.000000,0.000000,0.935262,-0.287820,-0.023941,0.283818,0.111901,0.000000,0.000000
-0.568130,0.497111,0.867052,0.000210,0.038258,0.961731,0.271310,0.178365,0.054922,0.024590,1.257862,-0.181950,0.025220,-0.216566,-0.071345,-0.279713,0.340206,-0.279822,0.012472,-0.214600,0.009966,0.367643,0.395827,-0.254301,-0.104065,1.332094,0.000000,0.000000,0.917301,-0.280018,-0.073103,0.321350,0.113722,0.000000,0.000000
-0.586367,0.517265,0.863616,0.005724,0.037761,0.959560,0.278901,0.164077,0.043692,0.018178,1.322842,-0.187379,0.022343,-0.201758,-0.072589,-0.262358,0.394031,-0.340944,0.009659,-0.192396,0.009452,0.388442,0.397623,-0.272134,-0.067763,1.359320,0.000000,0.000000,0.897194,-0.288447,-0.047662,0.313743,0.110986,0.000000,0.000000
-0.604864,0.537486,0.858945,0.009903,0.036760,0.957431,0.286142,0.146732,0.033780,0.017821,1.383844,-0.201712,0.019131,-0.187792,-0.071791,-0.240250,0.446415,-0.392219,0.006799,-0.182769,0.008943,0.419204,0.406114,-0.271223,-0.028220,1.388441,0.000000,0.000000,0.869398,-0.299811,-0.041578,0.314299,0.117798,0.000000,0.000000
-0.623311,0.557377,0.852585,0.016031,0.033647,0.955488,0.292667,0.128835,0.023722,0.013274,1.445162,-0.218975,0.016658,-0.170449,-0.068198,-0.215773,0.500541,-0.444758,0.004268,-0.167522,0.008225,0.451258,0.409639,-0.278961,0.014662,1.421058,0.000000,0.000000,0.842888,-0.306616,-0.013723,0.323606,0.133732,0.000000,0.000000
-0.642589,0.577188,0.846264,0.021234,0.032348,0.953739,0.298137,0.109443,0.015054,0.011959,1.497324,-0.233299,0.014225,-0.150015,-0.066577,-0.191762,0.544356,-0.499847,0.001178,-0.151900,0.007307,0.483508,0.409748,-0.281177,0.055129,1.443625,0.000000,0.000000,0.813535,-0.315967,-0.000050,0.330027,0.135415,0.000000,0.000000
-0.662339,0.596254,0.840406,0.025584,0.032310,0.951804,0.303925,0.088517,0.007491,0.019102,1.539074,-0.244345,0.010960,-0.126380,-0.066699,-0.172425,0.575755,-0.558305,-0.001731,-0.131713,0.006309,0.512280,0.403675,-0.274761,0.092452,1.467403,0.000000,0.000000,0.784305,-0.329636,-0.006161,0.329941,0.128971,0.000000,0.000000
-0.681261,0.614576,0.836153,0.030714,0.033816,0.948890,0.312282,0.065726,-0.005854,0.024414,1.573501,-0.244021,0.006611,-0.100362,-0.070940,-0.143507,0.594056,-0.606103,-0.006987,-0.108415,0.005419,0.540985,0.402348,-0.276767,0.133369,1.492899,0.000000,0.000000,0.753645,-0.343483,0.003775,0.327956,0.123287,0.000000,0.000000
-0.698507,0.633088,0.833542,0.037669,0.036147,0.945110,0.322553,0.042730,-0.021952,0.029380,1.599972,-0.243497,0.001757,-0.073376,-0.076969,-0.123236,0.603760,-0.613295,-0.011410,-0.080956,0.004329,0.568216,0.407053,-0.275986,0.175307,1.519490,0.000000,0.000000,0.725331,-0.355694,0.020491,0.325532,0.125767,0.000000,0.000000
-0.713819,0.652164,0.831173,0.045554,0.036321,0.940823,0.333852,0.018444,-0.030559,0.041233,1.621957,-0.254937,-0.002372,-0.042823,-0.078259,-0.106278,0.607605,-0.616738,-0.014452,-0.051401,0.002974,0.600699,0.405915,-0.283729,0.211117,1.532822,0.000000,0.000000,0.691857,-0.360702,0.072164,0.320727,0.141652,0.000000,0.000000
-0.728635,0.671695,0.828687,0.051735,0.035778,0.936220,0.345738,-0.006282,-0.035627,0.050879,1.629786,-0.241519,-0.005252,-0.014123,-0.075170,-0.079813,0.608546,-0.619532,-0.018112,-0.029588,0.001686,0.639982,0.396733,-0.282972,0.232216,1.525197,0.000000,0.000000,0.653089,-0.372138,0.144644,0.304639,0.154266,0.000000,0.000000
-0.745793,0.690568,0.826064,0.051700,0.038518,0.932047,0.356556,-0.036412,-0.043240,0.065575,1.619166,-0.236832,-0.009894,0.008146,-0.080734,-0.072748,0.603978,-0.622269,-0.020762,-0.000926,0.000257,0.676265,0.396030,-0.268777,0.237234,1.519862,0.000000,0.000000,0.618776,-0.388519,0.153129,0.270642,0.156173,0.000000,0.000000
-0.760580,0.708366,0.822940,0.053571,0.042361,0.927081,0.368586,-0.069451,-0.050433,0.082976,1.605237,-0.238750,-0.015404,0.026657,-0.091882,-0.070090,0.607491,-0.624573,-0.024148,0.026383,-0.001067,0.717605,0.401793,-0.251306,0.232019,1.512382,0.000000,0.000000,0.588726,-0.401653,0.157138,0.231846,0.167964,0.000000,0.000000
-0.774117,0.724000,0.820061,0.053055,0.045456,0.921846,0.381208,-0.108113,-0.056078,0.103428,1.582692,-0.245382,-0.021821,0.039394,-0.101573,-0.063944,0.608611,-0.626230,-0.027710,0.057085,-0.002575,0.761250,0.408566,-0.226231,0.217021,1.501511,0.000000,0.000000,0.558872,-0.416716,0.152298,0.186606,0.170545,0.000000,0.000000
-0.785900,0.737542,0.817244,0.053826,0.047869,0.915685,0.395388,-0.148297,-0.061144,0.124639,1.555388,-0.249968,-0.028855,0.048528,-0.111370,-0.052311,0.614225,-0.627155,-0.032240,0.089376,-0.004018,0.806744,0.414954,-0.203207,0.200579,1.495155,0.000000,0.000000,0.533321,-0.425777,0.166921,0.155321,0.159914,0.000000,0.000000
-0.797523,0.750161,0.813602,0.052921,0.048549,0.910423,0.407397,-0.191556,-0.061750,0.141384,1.519060,-0.252698,-0.034366,0.055384,-0.116399,-0.038548,0.621257,-0.627732,-0.035995,0.124142,-0.005619,0.851538,0.424762,-0.177878,0.185692,1.486448,0.000000,0.000000,0.499695,-0.443017,0.203265,0.130344,0.169136,0.000000,0.000000
-0.809596,0.764524,0.809070,0.048301,0.049566,0.905036,0.419666,-0.236451,-0.055924,0.158813,1.473142,-0.257154,-0.038752,0.059730,-0.118859,-0.026038,0.625429,-0.628061,-0.038866,0.144013,-0.006615,0.898573,0.421048,-0.126662,0.158709,1.475681,0.000000,0.000000,0.465118,-0.395000,0.185843,0.079078,0.245073,0.000000,0.000000
-0.824834,0.780099,0.803795,0.042414,0.049396,0.899866,0.431279,-0.276023,-0.049052,0.172076,1.416564,-0.251367,-0.041742,0.066797,-0.121576,-0.014869,0.626148,-0.628852,-0.041607,0.177225,-0.008218,0.939209,0.430086,-0.089839,0.128472,1.460577,0.000000,0.000000,0.450580,-0.368527,0.181298,0.025677,0.342942,0.000000,0.000000
-0.841908,0.798018,0.797748,0.037321,0.048535,0.895120,0.441602,-0.307423,-0.038243,0.181190,1.352923,-0.240922,-0.042227,0.078717,-0.124489,-0.005785,0.625437,-0.630421,-0.044162,0.215822,-0.010083,0.973969,0.441497,-0.063294,0.109176,1.449904,0.000000,0.000000,0.430968,-0.365781,0.182858,-0.022483,0.355134,0.000000,0.000000
-0.860269,0.817501,0.791485,0.031924,0.047847,0.890543,0.451249,-0.333782,-0.026456,0.189097,1.284161,-0.219222,-0.041844,0.093756,-0.127183,0.002481,0.619822,-0.632663,-0.046534,0.251599,-0.011546,1.006218,0.450815,-0.034016,0.090184,1.444952,0.000000,0.000000,0.411898,-0.356277,0.182521,-0.076511,0.351760,0.000000,0.000000
-0.878471,0.838087,0.789219,0.025748,0.046996,0.886913,0.458818,-0.357455,-0.011500,0.199202,1.203108,-0.208070,-0.040777,0.109672,-0.125284,0.012501,0.612311,-0.635142,-0.047993,0.282797,-0.012887,1.035986,0.456293,-0.003223,0.068927,1.441075,0.000000,0.000000,0.394023,-0.350514,0.165319,-0.121568,0.304690,0.000000,0.000000
-0.898334,0.858412,0.793129,0.019503,0.045711,0.883661,0.465482,-0.376393,0.000286,0.206554,1.117523,-0.183942,-0.039465,0.126151,-0.124667,0.022820,0.605365,-0.630279,-0.050054,0.312788,-0.013931,1.062194,0.457617,0.026048,0.048718,1.428420,0.000000,0.000000,0.377434,-0.338642,0.159670,-0.167170,0.271502,0.000000,0.000000
-0.917536,0.879685,0.802794,0.012895,0.045206,0.880810,0.471130,-0.391766,0.013740,0.215332,1.024952,-0.153979,-0.037705,0.142716,-0.122842,0.034001,0.588223,-0.580556,-0.052796,0.339606,-0.014851,1.085702,0.453287,0.056146,0.031007,1.407689,0.000000,0.000000,0.360223,-0.326763,0.153159,-0.211819,0.244078,0.000000,0.000000
-0.937555,0.901164,0.804898,0.005651,0.044409,0.878263,0.476078,-0.402711,0.025277,0.222927,0.923395,-0.114863,-0.035761,0.160219,-0.120817,0.044130,0.560173,-0.495198,-0.055975,0.364519,-0.015698,1.108790,0.450928,0.082652,0.012682,1.391211,0.000000,0.000000,0.345309,-0.319801,0.133887,-0.253513,0.209304,0.000000,0.000000
-0.957357,0.922289,0.798742,0.000361,0.043929,0.876231,0.479884,-0.408840,0.032769,0.227968,0.821852,-0.070058,-0.033964,0.176994,-0.121997,0.044747,0.535897,-0.393098,-0.058567,0.388675,-0.016514,1.126528,0.452423,0.096919,-0.002802,1.385551,0.000000,0.000000,0.334027,-0.319075,0.114908,-0.285636,0.177213,0.000000,0.000000
-0.977064,0.943491,0.813034,-0.005321,0.043905,0.875048,0.482011,-0.412135,0.037802,0.231657,0.711364,-0.021311,-0.032004,0.192575,-0.124847,0.034408,0.512014,-0.271297,-0.059572,0.410854,-0.017108,1.140191,0.453063,0.107339,-0.019034,1.378121,0.000000,0.000000,0.323150,-0.314164,0.094751,-0.325663,0.162211,0.000000,0.000000
-0.998538,0.963764,0.827313,-0.010733,0.044869,0.873489,0.484654,-0.412128,0.036674,0.231257,0.595685,0.029600,-0.030223,0.206710,-0.135427,0.019857,0.488995,-0.148347,-0.061678,0.431320,-0.017588,1.151784,0.452739,0.115166,-0.035063,1.375956,0.000000,0.000000,0.317027,-0.306046,0.076381,-0.373378,0.171288,0.000000,0.000000
-1.019910,0.984353,0.837735,-0.016088,0.044284,0.873382,0.484752,-0.407833,0.038181,0.221096,0.476614,0.090151,-0.025436,0.221916,-0.139699,0.013116,0.462580,-0.029496,-0.062710,0.445682,-0.017996,1.162116,0.453601,0.119817,-0.050173,1.380421,0.000000,0.000000,0.315974,-0.301386,0.058082,-0.427596,0.178239,0.000000,0.000000
-1.040747,1.004312,0.843820,-0.021396,0.043280,0.872580,0.486080,-0.402407,0.044237,0.208790,0.360243,0.132466,-0.019001,0.231108,-0.145205,0.005476,0.450418,0.057160,-0.063317,0.460939,-0.018570,1.170433,0.451068,0.125472,-0.060843,1.377925,0.000000,0.000000,0.313399,-0.303352,0.043741,-0.477414,0.151841,0.000000,0.000000
-1.062795,1.023417,0.846270,-0.027388,0.042224,0.871665,0.487512,-0.394544,0.049269,0.191987,0.246280,0.170959,-0.012287,0.234155,-0.151743,0.004419,0.451212,0.118302,-0.065069,0.476765,-0.018919,1.175536,0.445855,0.130914,-0.070118,1.371635,0.000000,0.000000,0.314251,-0.297037,0.029711,-0.510726,0.121057,0.000000,0.000000
-1.084710,1.043629,0.844991,-0.031361,0.039747,0.871648,0.487511,-0.383975,0.056227,0.179182,0.141269,0.196308,-0.006347,0.239167,-0.159190,-0.001486,0.458879,0.169662,-0.066080,0.488054,-0.018906,1.182437,0.445940,0.138708,-0.080598,1.363866,0.000000,0.000000,0.320099,-0.278253,0.031150,-0.540311,0.140480,0.000000,0.000000
-1.106731,1.063413,0.841053,-0.034397,0.036050,0.872065,0.486846,-0.374199,0.063206,0.168039,0.049487,0.211380,-0.001178,0.246243,-0.163586,-0.007977,0.471723,0.200968,-0.065914,0.505792,-0.019962,1.190093,0.456017,0.137633,-0.092405,1.362716,0.000000,0.000000,0.311143,-0.321484,0.062373,-0.580454,0.142892,0.000000,0.000000
-1.128406,1.084620,0.836737,-0.036896,0.034773,0.873471,0.484230,-0.367815,0.063832,0.163611,-0.016092,0.214730,0.000727,0.253679,-0.165721,-0.014548,0.486034,0.203401,-0.065297,0.504344,-0.019858,1.195699,0.451407,0.142147,-0.101342,1.359481,0.000000,0.000000,0.303761,-0.327171,0.052358,-0.600971,0.133494,0.000000,0.000000
-1.150556,1.105700,0.838076,-0.038603,0.033692,0.875958,0.479658,-0.365549,0.062541,0.162209,-0.017450,0.214249,0.000842,0.256936,-0.165760,-0.016233,0.492439,0.198357,-0.065056,0.502942,-0.019768,1.198038,0.450097,0.142994,-0.105301,1.359304,0.000000,0.000000,0.304748,-0.327138,0.050675,-0.606175,0.133967,0.000000,0.000000
-1.172999,1.126825,0.840067,-0.039413,0.032403,0.880045,0.472141,-0.359929,0.055838,0.161085,-0.017450,0.212985,-0.000161,0.266577,-0.164402,-0.021186,0.511711,0.179408,-0.063935,0.496138,-0.019436,1.204174,0.445139,0.145105,-0.114269,1.359521,0.000000,0.000000,0.309459,-0.325261,0.046901,-0.619320,0.138177,0.000000,0.000000
-1.195247,1.148151,0.842192,-0.039316,0.031076,0.883674,0.465412,-0.352497,0.043626,0.166112,-0.017450,0.211452,-0.003146,0.278876,-0.163016,-0.029440,0.542238,0.153504,-0.062221,0.483331,-0.018934,1.211583,0.435126,0.149510,-0.123276,1.357174,0.000000,0.000000,0.316194,-0.321438,0.040404,-0.635226,0.141872,0.000000,0.000000
-1.217536,1.168915,0.844103,-0.038628,0.029383,0.887554,0.458140,-0.344471,0.028218,0.174869,-0.017450,0.207101,-0.007241,0.288165,-0.160682,-0.035964,0.585090,0.130203,-0.060258,0.467372,-0.018460,1.216915,0.427361,0.150504,-0.132806,1.355551,0.000000,0.000000,0.324789,-0.320408,0.036547,-0.648409,0.148148,0.000000,0.000000
-1.240030,1.189417,0.846407,-0.038577,0.027778,0.891208,0.451098,-0.334959,0.009491,0.186782,-0.017450,0.194994,-0.012208,0.291952,-0.157378,-0.041169,0.645003,0.108083,-0.057836,0.447393,-0.017847,1.218237,0.418421,0.150711,-0.141188,1.358027,0.000000,0.000000,0.335895,-0.315721,0.027564,-0.653778,0.153577,0.000000,0.000000
-1.262792,1.209752,0.847780,-0.037019,0.025866,0.895429,0.442908,-0.324633,-0.008843,0.195559,-0.017450,0.175065,-0.016518,0.292411,-0.153634,-0.046406,0.712114,0.091767,-0.055042,0.427641,-0.017210,1.216201,0.410134,0.149138,-0.145186,1.363521,0.000000,0.000000,0.350219,-0.306175,0.020555,-0.653079,0.154236,0.000000,0.000000
-1.286059,1.229752,0.848630,-0.034508,0.023205,0.899679,0.434567,-0.313262,-0.024329,0.197490,-0.017450,0.149760,-0.019225,0.291410,-0.150868,-0.054194,0.783475,0.083368,-0.051915,0.408805,-0.016685,1.214706,0.407323,0.145594,-0.145000,1.367618,0.000000,0.000000,0.370060,-0.311274,0.031550,-0.651092,0.164528,0.000000,0.000000
-1.309599,1.249773,0.849155,-0.030864,0.020839,0.902925,0.428182,-0.300376,-0.035384,0.191622,-0.017450,0.123429,-0.020105,0.288961,-0.154487,-0.066448,0.853850,0.083777,-0.049817,0.386459,-0.016014,1.211488,0.401235,0.145096,-0.140054,1.366660,0.000000,0.000000,0.387017,-0.312723,0.038549,-0.643201,0.169955,0.000000,0.000000
-1.333188,1.269726,0.849665,-0.026825,0.019014,0.906394,0.421151,-0.285883,-0.047405,0.182159,-0.017450,0.097202,-0.020818,0.284524,-0.158673,-0.077998,0.929150,0.092037,-0.047635,0.362591,-0.015279,1.205504,0.394147,0.140731,-0.132850,1.368548,0.000000,0.000000,0.408431,-0.311052,0.045653,-0.626108,0.172993,0.000000,0.000000
-1.357320,1.289366,0.850112,-0.022643,0.018588,0.910155,0.413231,-0.270091,-0.062465,0.168382,-0.017450,0.068328,-0.021557,0.277851,-0.160871,-0.081175,1.006899,0.101771,-0.045697,0.338832,-0.014547,1.193979,0.388399,0.129491,-0.125682,1.375498,0.000000,0.000000,0.428745,-0.306139,0.048913,-0.603540,0.176455,0.000000,0.000000
-1.382750,1.307653,0.852046,-0.018613,0.018149,0.912653,0.407907,-0.253123,-0.075476,0.142124,-0.002720,0.039263,-0.020386,0.270014,-0.174020,-0.091254,1.086903,0.124903,-0.044871,0.319693,-0.013919,1.179548,0.382248,0.117172,-0.117775,1.377563,0.000000,0.000000,0.450756,-0.305377,0.050002,-0.578543,0.175987,0.000000,0.000000
-1.408146,1.326361,0.855594,-0.014468,0.017693,0.915916,0.400719,-0.236173,-0.089027,0.113370,0.039935,0.015060,-0.019791,0.261072,-0.178151,-0.090355,1.160408,0.124939,-0.043481,0.300736,-0.013319,1.162201,0.380565,0.101642,-0.110301,1.376218,0.000000,0.000000,0.474053,-0.310779,0.043721,-0.555325,0.167837,0.000000,0.000000
-1.433379,1.345801,0.858658,-0.011002,0.016384,0.918541,0.394832,-0.218188,-0.100704,0.091353,0.088836,-0.006677,-0.020250,0.249658,-0.177744,-0.079972,1.235272,0.113223,-0.042107,0.284202,-0.012840,1.142800,0.380278,0.086325,-0.102200,1.381334,0.000000,0.000000,0.500032,-0.334162,0.030751,-0.527017,0.107358,0.000000,0.000000
-1.457571,1.364952,0.860589,-0.006996,0.013874,0.921352,0.388419,-0.199049,-0.106787,0.059844,0.134534,-0.032562,-0.017779,0.237609,-0.182990,-0.086591,1.314301,0.099876,-0.040139,0.267504,-0.011982,1.123144,0.379762,0.070635,-0.088156,1.386837,0.000000,0.000000,0.524306,-0.340453,0.031313,-0.500869,0.060779,0.000000,0.000000
-1.482308,1.383255,0.861277,-0.003408,0.011858,0.924355,0.381334,-0.179116,-0.114280,0.023265,0.172289,-0.084113,-0.014211,0.225219,-0.190611,-0.094947,1.390804,0.091607,-0.038219,0.247596,-0.011004,1.100904,0.376716,0.053619,-0.073692,1.401535,0.000000,0.000000,0.552510,-0.328953,0.045222,-0.471161,0.046283,0.000000,0.000000
-1.505248,1.403915,0.861096,-0.000142,0.010953,0.927936,0.372580,-0.159299,-0.120640,-0.012139,0.207923,-0.149030,-0.010291,0.210179,-0.179087,-0.085694,1.460739,0.061879,-0.035192,0.224555,-0.010131,1.077326,0.376828,0.036743,-0.064510,1.413094,0.000000,0.000000,0.578201,-0.319769,0.057080,-0.442141,0.065396,0.000000,0.000000
-1.527878,1.424692,0.859919,0.003134,0.008951,0.931425,0.363809,-0.139894,-0.125423,-0.038361,0.249115,-0.207990,-0.007579,0.195868,-0.169924,-0.085123,1.530243,0.035021,-0.032018,0.199381,-0.009270,1.053793,0.376951,0.021830,-0.058353,1.412407,0.000000,0.000000,0.601801,-0.308640,0.065194,-0.418137,0.102383,0.000000,0.000000
-1.549838,1.446541,0.857565,0.006717,0.006134,0.934803,0.355049,-0.120071,-0.126971,-0.055050,0.296455,-0.264251,-0.005743,0.180883,-0.159542,-0.085158,1.597101,0.010128,-0.028711,0.168326,-0.008331,1.031586,0.376153,0.011394,-0.051852,1.410423,0.000000,0.000000,0.624552,-0.292338,0.048024,-0.391445,0.125795,0.000000,0.000000
-1.571625,1.468820,0.853814,0.010905,0.002276,0.937867,0.346817,-0.099249,-0.125666,-0.064561,0.347359,-0.327803,-0.004374,0.166212,-0.149640,-0.087523,1.659916,-0.008005,-0.025373,0.139455,-0.007350,1.008447,0.378691,-0.001537,-0.046751,1.410422,0.000000,0.000000,0.650281,-0.278617,0.047448,-0.360202,0.163871,0.000000,0.000000
-1.593702,1.490798,0.849159,0.014883,-0.003279,0.940326,0.339934,-0.077687,-0.120620,-0.072060,0.396807,-0.390882,-0.002452,0.151346,-0.138663,-0.088580,1.714687,-0.020130,-0.022253,0.114123,-0.006615,0.984914,0.385284,-0.018027,-0.044435,1.422616,0.000000,0.000000,0.673261,-0.291275,0.055381,-0.325054,0.165697,0.000000,0.000000
-1.616119,1.511128,0.843436,0.018664,-0.008184,0.945190,0.325883,-0.055001,-0.116513,-0.094569,0.444255,-0.452116,0.001459,0.135213,-0.129632,-0.104862,1.764955,-0.029879,-0.018630,0.081825,-0.005468,0.952870,0.388964,-0.047699,-0.030670,1.440303,0.000000,0.000000,0.701559,-0.290644,0.074497,-0.280138,0.149339,0.000000,0.000000
-1.639261,1.528903,0.836982,0.023133,-0.012415,0.954104,0.298322,-0.032277,-0.115070,-0.137093,0.490331,-0.501769,0.007777,0.121972,-0.126100,-0.149858,1.804380,-0.035939,-0.014464,0.033832,-0.003975,0.914805,0.402019,-0.082784,-0.016224,1.445367,0.000000,0.000000,0.729930,-0.273657,0.047246,-0.239240,0.114367,0.000000,0.000000
-1.659084,1.550321,0.832739,0.027052,-0.017553,0.951786,0.305062,-0.004390,-0.108951,-0.145695,0.509003,-0.534817,0.010251,0.099623,-0.118872,-0.135115,1.826269,-0.034229,-0.013665,0.009950,-0.002970,0.883510,0.393898,-0.093103,-0.006765,1.453614,0.000000,0.000000,0.747613,-0.281093,0.067202,-0.201965,0.125712,0.000000,0.000000
-1.678065,1.568774,0.828867,0.030253,-0.024030,0.953724,0.298192,0.022664,-0.097291,-0.161062,0.526384,-0.563613,0.015145,0.072339,-0.106619,-0.135431,1.843938,-0.039625,-0.011384,-0.015209,-0.001842,0.847104,0.403547,-0.114584,-0.002871,1.466515,0.000000,0.000000,0.772889,-0.277882,0.080203,-0.155678,0.137290,0.000000,0.000000
-1.695997,1.584439,0.825195,0.032446,-0.030785,0.956053,0.289763,0.044185,-0.084046,-0.174558,0.543966,-0.588764,0.020330,0.041633,-0.098350,-0.145846,1.853867,-0.039703,-0.008786,-0.042239,-0.000764,0.806522,0.416834,-0.138233,0.000063,1.483865,0.000000,0.000000,0.801899,-0.272738,0.096600,-0.110781,0.142229,0.000000,0.000000
-1.712085,1.597123,0.821630,0.033026,-0.036244,0.959233,0.278330,0.058097,-0.072008,-0.188312,0.561862,-0.605847,0.025485,0.004729,-0.094343,-0.160657,1.856563,-0.042021,-0.005982,-0.072253,0.000348,0.764189,0.431413,-0.160936,0.003836,1.479892,0.000000,0.000000,0.831528,-0.266603,0.109106,-0.069030,0.148013,0.000000,0.000000
-1.724913,1.607824,0.819856,0.032843,-0.040234,0.962303,0.266976,0.065418,-0.060752,-0.197971,0.581683,-0.617132,0.030007,-0.040045,-0.093375,-0.177360,1.854230,-0.047957,-0.002620,-0.102050,0.001478,0.718317,0.450938,-0.180767,-0.002844,1.487962,0.000000,0.000000,0.857911,-0.259221,0.106598,-0.038408,0.159894,0.000000,0.000000
-1.735271,1.617877,0.820237,0.031547,-0.042893,0.964360,0.259182,0.068161,-0.050650,-0.202965,0.601889,-0.623451,0.033644,-0.092519,-0.093986,-0.189993,1.844894,-0.056416,0.001147,-0.125420,0.002445,0.669928,0.462859,-0.190869,-0.013458,1.487202,0.000000,0.000000,0.880720,-0.257931,0.085074,-0.028003,0.164752,0.000000,0.000000
-1.743733,1.628923,0.820655,0.029689,-0.042625,0.965410,0.255508,0.068793,-0.044515,-0.205674,0.619572,-0.622219,0.036009,-0.151006,-0.094700,-0.195832,1.824912,-0.064365,0.005063,-0.142709,0.003441,0.622027,0.466433,-0.199361,-0.023006,1.477941,0.000000,0.000000,0.906659,-0.267485,0.080990,-0.011660,0.169226,0.000000,0.000000
-1.753343,1.641821,0.820474,0.025953,-0.040050,0.966860,0.250807,0.069250,-0.038018,-0.203330,0.632746,-0.617030,0.037688,-0.211235,-0.096474,-0.201287,1.794093,-0.070613,0.009472,-0.163343,0.004608,0.576406,0.464381,-0.209440,-0.031730,1.463863,0.000000,0.000000,0.931257,-0.279569,0.079661,0.003470,0.166861,0.000000,0.000000
-1.766090,1.657546,0.821372,0.021569,-0.035058,0.968747,0.244614,0.072855,-0.034056,-0.204895,0.639997,-0.609770,0.039352,-0.265949,-0.101354,-0.207326,1.749768,-0.073295,0.013636,-0.189246,0.005916,0.533189,0.458461,-0.214787,-0.043711,1.446899,0.000000,0.000000,0.952358,-0.287509,0.071101,0.014204,0.178371,0.000000,0.000000
-1.782974,1.675631,0.825279,0.017090,-0.029310,0.970319,0.239438,0.082113,-0.032388,-0.209096,0.638587,-0.597773,0.040859,-0.310512,-0.108944,-0.213141,1.694465,-0.073399,0.016895,-0.215041,0.007202,0.495306,0.449506,-0.213995,-0.061178,1.438085,0.000000,0.000000,0.969802,-0.300094,0.060235,0.020919,0.182951,0.000000,0.000000
-1.802584,1.697129,0.834205,0.012616,-0.024125,0.971780,0.234312,0.096762,-0.026119,-0.211870,0.628245,-0.575976,0.043500,-0.346125,-0.111916,-0.215799,1.626158,-0.081738,0.019776,-0.242644,0.008525,0.464454,0.440296,-0.212309,-0.081764,1.435469,0.000000,0.000000,0.986396,-0.312810,0.050544,0.026966,0.183221,0.000000,0.000000
-1.824639,1.719905,0.839036,0.008978,-0.020178,0.972507,0.231825,0.115675,-0.019098,-0.213464,0.613446,-0.540580,0.046354,-0.372530,-0.112586,-0.217347,1.551514,-0.080837,0.021982,-0.265311,0.009617,0.439564,0.434007,-0.201667,-0.105424,1.433886,0.000000,0.000000,1.005253,-0.319294,0.043763,0.032676,0.193781,0.000000,0.000000
-1.848486,1.742169,0.841743,0.005967,-0.017920,0.972686,0.231354,0.137146,-0.013199,-0.213889,0.596643,-0.491473,0.048898,-0.392491,-0.112856,-0.219086,1.471734,-0.067028,0.023671,-0.281667,0.010460,0.421959,0.431175,-0.191982,-0.129246,1.428194,0.000000,0.000000,1.023116,-0.334092,0.039065,0.035901,0.188323,0.000000,0.000000
-1.873116,1.764482,0.844876,0.003346,-0.016041,0.972780,0.231150,0.160855,-0.007546,-0.213617,0.572960,-0.422017,0.051383,-0.407355,-0.113287,-0.220283,1.386704,-0.044969,0.024620,-0.297705,0.011191,0.413009,0.424536,-0.182061,-0.154952,1.430162,0.000000,0.000000,1.042253,-0.345077,0.033679,0.038758,0.173702,0.000000,0.000000
-1.896922,1.786680,0.848088,0.002159,-0.013430,0.972720,0.231582,0.183926,-0.003188,-0.212429,0.553121,-0.339725,0.053312,-0.418686,-0.115125,-0.219693,1.296766,-0.019048,0.024207,-0.317817,0.012178,0.402291,0.439813,-0.182565,-0.190019,1.414795,0.000000,0.000000,1.061489,-0.353662,0.031348,0.041554,0.171682,0.000000,0.000000
-1.921525,1.807418,0.850990,0.000218,-0.010253,0.973240,0.229561,0.203813,-0.000365,-0.210629,0.536137,-0.244838,0.054417,-0.427495,-0.121955,-0.223491,1.205487,0.009832,0.023563,-0.337096,0.012812,0.391442,0.441132,-0.175939,-0.221693,1.393596,0.000000,0.000000,1.078249,-0.358132,0.022520,0.040317,0.182400,0.000000,0.000000
-1.946446,1.827450,0.854241,-0.001983,-0.006467,0.974401,0.224715,0.220752,0.003312,-0.209304,0.517574,-0.152492,0.055477,-0.433638,-0.132634,-0.234895,1.111774,0.041498,0.023963,-0.356517,0.013397,0.380730,0.433918,-0.167219,-0.253265,1.378488,0.000000,0.000000,1.094226,-0.356838,-0.000576,0.043606,0.200281,0.000000,0.000000
-1.971561,1.846152,0.857875,-0.004003,-0.001842,0.976269,0.216515,0.234602,0.008015,-0.208420,0.500303,-0.066884,0.056617,-0.436911,-0.148614,-0.256943,1.020310,0.078303,0.025897,-0.373148,0.014051,0.371444,0.429222,-0.166586,-0.282728,1.387369,0.000000,0.000000,1.109134,-0.345892,-0.005574,0.040220,0.225181,0.000000,0.000000
-1.993935,1.866280,0.862858,-0.006383,0.003281,0.977384,0.211351,0.239827,0.012667,-0.207870,0.503476,0.005175,0.057494,-0.437518,-0.157699,-0.269186,0.915734,0.115166,0.025938,-0.393052,0.014533,0.362157,0.422368,-0.161189,-0.309477,1.390303,0.000000,0.000000,1.120252,-0.343420,-0.018324,0.039582,0.236761,0.000000,0.000000
-2.015958,1.887274,0.867956,-0.009458,0.008833,0.978464,0.206012,0.242927,0.018887,-0.208034,0.509242,0.061452,0.058857,-0.435072,-0.164034,-0.279948,0.804791,0.148083,0.025319,-0.414091,0.015096,0.350591,0.417941,-0.154571,-0.334036,1.387918,0.000000,0.000000,1.127267,-0.345391,-0.044835,0.044359,0.222915,0.000000,0.000000
-2.037463,1.909816,0.872476,-0.011777,0.014434,0.979789,0.199163,0.246450,0.028462,-0.208917,0.517525,0.102894,0.061411,-0.429172,-0.168381,-0.286863,0.694704,0.175776,0.023311,-0.432846,0.015759,0.340456,0.415326,-0.152654,-0.357511,1.388136,0.000000,0.000000,1.133076,-0.342431,-0.059846,0.043357,0.202202,0.000000,0.000000
-2.058931,1.934184,0.862808,-0.013894,0.017999,0.980314,0.196129,0.252871,0.043344,-0.199540,0.529892,0.125423,0.063947,-0.421939,-0.165395,-0.283045,0.584168,0.197742,0.019748,-0.445817,0.016167,0.333582,0.410441,-0.153288,-0.379962,1.383262,0.000000,0.000000,1.139539,-0.340642,-0.069440,0.041851,0.176389,0.000000,0.000000
-2.081676,1.957698,0.859205,-0.015515,0.019784,0.979955,0.197625,0.262047,0.056754,-0.182108,0.545470,0.126938,0.064804,-0.409543,-0.159270,-0.275655,0.467797,0.215533,0.015524,-0.451191,0.016387,0.331743,0.408331,-0.146325,-0.400695,1.371704,0.000000,0.000000,1.145128,-0.343144,-0.080319,0.037024,0.142282,0.000000,0.000000
-2.104771,1.981356,0.857385,-0.017449,0.021938,0.979454,0.199711,0.272335,0.068155,-0.163996,0.562763,0.111762,0.065141,-0.398345,-0.153212,-0.264835,0.357614,0.219202,0.010431,-0.453704,0.016639,0.328837,0.411000,-0.140412,-0.418928,1.369556,0.000000,0.000000,1.146246,-0.339685,-0.091415,0.031691,0.138641,0.000000,0.000000
-2.127013,2.004730,0.859250,-0.019673,0.024773,0.979275,0.200050,0.274759,0.078904,-0.147568,0.597688,0.085568,0.065587,-0.384989,-0.148180,-0.255055,0.248461,0.216311,0.005555,-0.454928,0.016813,0.323612,0.417176,-0.144639,-0.437407,1.382110,0.000000,0.000000,1.143211,-0.326136,-0.096429,0.028814,0.168924,0.000000,0.000000
-2.149635,2.027849,0.862079,-0.020979,0.026862,0.978754,0.202188,0.275856,0.087691,-0.131694,0.640797,0.056881,0.065531,-0.370572,-0.141634,-0.249579,0.149996,0.212364,0.002632,-0.451305,0.016599,0.321917,0.415412,-0.154394,-0.448809,1.383503,0.000000,0.000000,1.138576,-0.316056,-0.100935,0.029804,0.194782,0.000000,0.000000
-2.172376,2.050991,0.864562,-0.021782,0.030056,0.978005,0.205251,0.276884,0.094547,-0.114728,0.684838,0.034599,0.064545,-0.359298,-0.134914,-0.250541,0.068925,0.209702,0.001554,-0.445655,0.016408,0.320557,0.415135,-0.162650,-0.454804,1.386254,0.000000,0.000000,1.132271,-0.311829,-0.109487,0.030890,0.200688,0.000000,0.000000
-2.195384,2.074230,0.868728,-0.021071,0.032911,0.977003,0.209615,0.278052,0.100218,-0.096119,0.733045,0.015237,0.062798,-0.347526,-0.126898,-0.254633,0.002022,0.214364,0.001858,-0.436176,0.016178,0.321229,0.416671,-0.171121,-0.457095,1.388856,0.000000,0.000000,1.125634,-0.308731,-0.119081,0.033293,0.195148,0.000000,0.000000
-2.218464,2.097471,0.869603,-0.019152,0.034817,0.975652,0.215693,0.279039,0.104106,-0.079508,0.779393,0.000804,0.060855,-0.337346,-0.118680,-0.257952,-0.017450,0.223268,0.003133,-0.425611,0.015937,0.323627,0.418347,-0.176908,-0.454912,1.388015,0.000000,0.000000,1.119714,-0.306730,-0.127981,0.036594,0.187454,0.000000,0.000000
-2.241335,2.120813,0.868390,-0.015988,0.035572,0.974041,0.222986,0.280147,0.108275,-0.060608,0.839485,-0.014307,0.058327,-0.325227,-0.108509,-0.258660,-0.017450,0.232376,0.004985,-0.410812,0.015561,0.329101,0.420192,-0.183979,-0.447745,1.385874,0.000000,0.000000,1.113307,-0.306071,-0.136832,0.040950,0.177563,0.000000,0.000000
-2.264382,2.143838,0.866776,-0.012202,0.035723,0.971999,0.231935,0.280920,0.108332,-0.044713,0.906223,-0.027889,0.054760,-0.312357,-0.097462,-0.256898,-0.017450,0.234909,0.006887,-0.392089,0.015066,0.338640,0.422433,-0.191254,-0.436184,1.378965,0.000000,0.000000,1.107697,-0.308820,-0.143920,0.044414,0.161298,0.000000,0.000000
-2.287335,2.166810,0.865013,-0.007890,0.035811,0.969652,0.241722,0.280554,0.103745,-0.033392,0.979070,-0.038635,0.050235,-0.298726,-0.085981,-0.254955,-0.017450,0.225025,0.008742,-0.369128,0.014527,0.350235,0.427425,-0.199015,-0.420691,1.362779,0.000000,0.000000,1.100896,-0.312453,-0.149111,0.048155,0.144863,0.000000,0.000000
-2.310667,2.189331,0.863024,-0.003785,0.035585,0.966917,0.252570,0.278695,0.094250,-0.025568,1.052749,-0.046304,0.044707,-0.285483,-0.073307,-0.257521,-0.017450,0.203997,0.011380,-0.342581,0.013866,0.362905,0.431680,-0.206113,-0.401413,1.346012,0.000000,0.000000,1.092728,-0.316594,-0.151839,0.051798,0.126370,0.000000,0.000000
-2.334241,2.211725,0.860530,-0.000156,0.034993,0.963853,0.264125,0.275661,0.083274,-0.017260,1.123854,-0.051213,0.038854,-0.273114,-0.058414,-0.266019,-0.017450,0.180365,0.015437,-0.315201,0.013123,0.378496,0.429233,-0.212342,-0.378644,1.342939,0.000000,0.000000,1.084436,-0.321685,-0.151802,0.052297,0.100697,0.000000,0.000000
-2.357274,2.234374,0.858206,0.002930,0.034824,0.961193,0.273654,0.269769,0.073196,-0.012221,1.192571,-0.059099,0.034030,-0.260613,-0.044307,-0.274695,-0.017450,0.154522,0.019386,-0.289498,0.012557,0.393836,0.424625,-0.222565,-0.354873,1.350844,0.000000,0.000000,1.075766,-0.318328,-0.129032,0.057611,0.102001,0.000000,0.000000
-2.379809,2.257218,0.856539,0.005639,0.035309,0.958010,0.284496,0.261916,0.062153,-0.005583,1.257966,-0.076434,0.029308,-0.247345,-0.033137,-0.271778,-0.006836,0.127658,0.021047,-0.266711,0.011896,0.408673,0.419992,-0.230216,-0.328654,1.362382,0.000000,0.000000,1.059204,-0.316057,-0.116338,0.066596,0.123989,0.000000,0.000000
-2.402030,2.280285,0.860662,0.007380,0.034866,0.954648,0.295595,0.251964,0.052623,0.003255,1.325838,-0.099503,0.024917,-0.232871,-0.020008,-0.262451,0.027870,0.100057,0.022735,-0.243044,0.011155,0.421708,0.417062,-0.231695,-0.299086,1.369579,0.000000,0.000000,1.037354,-0.327501,-0.109113,0.071021,0.136607,0.000000,0.000000
-2.424234,2.302997,0.864178,0.009008,0.033485,0.951591,0.305405,0.240709,0.046364,0.012322,1.391125,-0.117362,0.021538,-0.218213,-0.007443,-0.252217,0.069134,0.072113,0.024585,-0.223999,0.010640,0.432951,0.416005,-0.229551,-0.275690,1.374527,0.000000,0.000000,1.015635,-0.343898,-0.097982,0.071436,0.133756,0.000000,0.000000
-2.446305,2.325464,0.866380,0.009750,0.030460,0.949455,0.312269,0.226862,0.045891,0.018973,1.455069,-0.132763,0.019897,-0.202726,0.005482,-0.241094,0.109830,0.029908,0.026114,-0.210206,0.010312,0.449022,0.416961,-0.226834,-0.250517,1.384011,0.000000,0.000000,0.992488,-0.357400,-0.081651,0.075486,0.125581,0.000000,0.000000
-2.468116,2.347095,0.868066,0.011719,0.028890,0.947053,0.319560,0.210498,0.044018,0.026444,1.519362,-0.148052,0.017964,-0.185813,0.010897,-0.219419,0.152345,-0.040674,0.023357,-0.196278,0.009806,0.468749,0.415433,-0.225666,-0.222939,1.398049,0.000000,0.000000,0.968436,-0.373526,-0.067840,0.082900,0.110535,0.000000,0.000000
-2.489641,2.368460,0.868595,0.014192,0.028036,0.944273,0.327660,0.192678,0.041638,0.035512,1.580485,-0.165401,0.015897,-0.169924,0.012821,-0.200430,0.199624,-0.130673,0.019905,-0.180507,0.009240,0.490553,0.412441,-0.224071,-0.189619,1.406606,0.000000,0.000000,0.944724,-0.387773,-0.054973,0.090717,0.095878,0.000000,0.000000
-2.510961,2.389776,0.867546,0.017074,0.026988,0.941179,0.336396,0.173647,0.039078,0.045240,1.638677,-0.181108,0.013800,-0.155018,0.013625,-0.179033,0.253889,-0.223285,0.016003,-0.163621,0.008625,0.511916,0.409269,-0.222191,-0.154703,1.412707,0.000000,0.000000,0.918926,-0.399148,-0.037132,0.098577,0.089611,0.000000,0.000000
-2.532797,2.410581,0.864967,0.021081,0.025910,0.938628,0.343311,0.155009,0.036321,0.053603,1.689911,-0.192238,0.011913,-0.141258,0.011398,-0.158875,0.312589,-0.305252,0.012159,-0.148423,0.008057,0.530615,0.410233,-0.228153,-0.127828,1.423048,0.000000,0.000000,0.893789,-0.409496,-0.022274,0.106975,0.088569,0.000000,0.000000
-2.555071,2.431373,0.860717,0.026880,0.025400,0.936255,0.349369,0.135365,0.030000,0.056729,1.735977,-0.206225,0.009956,-0.126211,0.005464,-0.137901,0.377979,-0.383376,0.007792,-0.129899,0.007297,0.551000,0.412816,-0.232632,-0.095277,1.437905,0.000000,0.000000,0.870021,-0.417568,-0.013372,0.114521,0.079262,0.000000,0.000000
-2.576402,2.452877,0.854835,0.033364,0.024677,0.933082,0.357263,0.115455,0.025134,0.062201,1.774641,-0.220838,0.008107,-0.109457,0.001354,-0.108865,0.442402,-0.454031,0.002862,-0.108294,0.006418,0.572093,0.415643,-0.238663,-0.062013,1.450261,0.000000,0.000000,0.847222,-0.424064,0.000218,0.119755,0.076441,0.000000,0.000000
-2.597291,2.474774,0.848199,0.039636,0.024305,0.930159,0.364202,0.093931,0.020750,0.065115,1.802276,-0.231271,0.006648,-0.090222,-0.000614,-0.077971,0.497776,-0.513895,-0.001863,-0.085174,0.005475,0.593487,0.418237,-0.246059,-0.029464,1.458446,0.000000,0.000000,0.824887,-0.427205,0.016932,0.125271,0.085069,0.000000,0.000000
-2.617826,2.496800,0.841285,0.045703,0.024481,0.927075,0.371274,0.070479,0.015720,0.067740,1.818373,-0.240109,0.005086,-0.067799,-0.002035,-0.050736,0.543137,-0.565435,-0.006006,-0.059540,0.004404,0.615228,0.416967,-0.252636,0.005600,1.463454,0.000000,0.000000,0.800842,-0.430789,0.043958,0.127377,0.102669,0.000000,0.000000
-2.638098,2.518752,0.834699,0.051258,0.025046,0.923201,0.380059,0.045926,0.010858,0.074479,1.821546,-0.250345,0.003020,-0.043751,-0.004545,-0.029009,0.577750,-0.609326,-0.009682,-0.034639,0.003260,0.639285,0.411720,-0.251290,0.037477,1.457367,0.000000,0.000000,0.773907,-0.437868,0.062517,0.125081,0.124192,0.000000,0.000000
-2.656996,2.539856,0.830316,0.055831,0.026667,0.917554,0.392767,0.018284,0.005810,0.090816,1.812587,-0.263488,-0.000566,-0.019965,-0.010189,-0.010824,0.595550,-0.616550,-0.013803,-0.006210,0.001992,0.667782,0.404809,-0.239019,0.062175,1.452112,0.000000,0.000000,0.745326,-0.441882,0.074118,0.118512,0.150272,0.000000,0.000000
-2.674611,2.559489,0.827139,0.059409,0.028933,0.911227,0.406569,-0.014627,0.000539,0.110025,1.795520,-0.277712,-0.005272,0.002355,-0.018477,0.007104,0.604039,-0.619576,-0.018695,0.027074,0.000592,0.700052,0.402591,-0.223155,0.077267,1.452607,0.000000,0.000000,0.716126,-0.445808,0.098122,0.111229,0.175367,0.000000,0.000000
-2.692547,2.577379,0.823435,0.063136,0.032062,0.906520,0.416181,-0.048972,-0.007960,0.120667,1.766187,-0.286284,-0.010090,0.021314,-0.032984,0.012298,0.616830,-0.621899,-0.023276,0.058721,-0.000819,0.731909,0.405133,-0.213412,0.086001,1.453363,0.000000,0.000000,0.691870,-0.451247,0.122236,0.094867,0.186682,0.000000,0.000000
-2.708335,2.592749,0.821570,0.064589,0.035360,0.902289,0.424798,-0.092191,-0.012884,0.132089,1.734103,-0.295079,-0.015048,0.035724,-0.048256,0.012700,0.625522,-0.623828,-0.027353,0.087566,-0.002210,0.768912,0.407651,-0.197612,0.085215,1.450397,0.000000,0.000000,0.664111,-0.457008,0.139229,0.067971,0.192420,0.000000,0.000000
-2.723319,2.607375,0.819458,0.063887,0.038692,0.898189,0.433218,-0.138709,-0.013874,0.144925,1.693521,-0.303467,-0.019993,0.045271,-0.062330,0.010540,0.635861,-0.625081,-0.030780,0.115754,-0.003596,0.805022,0.411315,-0.176490,0.077315,1.448686,0.000000,0.000000,0.635648,-0.460936,0.148880,0.034564,0.181899,0.000000,0.000000
-2.739439,2.621508,0.817214,0.061225,0.041166,0.895024,0.439874,-0.186690,-0.014632,0.151952,1.642295,-0.305289,-0.024050,0.053399,-0.073202,0.011352,0.645613,-0.626086,-0.033947,0.143108,-0.005008,0.838508,0.418570,-0.151308,0.063856,1.443962,0.000000,0.000000,0.607508,-0.460327,0.153008,-0.003937,0.169069,0.000000,0.000000
-2.757377,2.636951,0.815640,0.056909,0.042996,0.891293,0.447782,-0.231263,-0.012797,0.158527,1.581302,-0.300111,-0.027237,0.062184,-0.082179,0.017108,0.652743,-0.627147,-0.037505,0.173396,-0.006343,0.870494,0.424624,-0.119868,0.045818,1.433459,0.000000,0.000000,0.583364,-0.456174,0.157633,-0.043068,0.172947,0.000000,0.000000
-2.776893,2.655032,0.816058,0.051060,0.044305,0.886980,0.456833,-0.270384,-0.005313,0.170255,1.509226,-0.291632,-0.029962,0.073322,-0.089262,0.026398,0.655562,-0.628601,-0.041220,0.206845,-0.007771,0.903495,0.427449,-0.080575,0.022943,1.430277,0.000000,0.000000,0.560743,-0.445429,0.162749,-0.084873,0.185171,0.000000,0.000000
-2.797427,2.675561,0.820173,0.044508,0.044623,0.882401,0.466258,-0.302578,0.007983,0.184152,1.429404,-0.281101,-0.031320,0.087428,-0.093573,0.039216,0.653989,-0.630568,-0.044850,0.240211,-0.009212,0.938199,0.431053,-0.045659,0.000966,1.431857,0.000000,0.000000,0.540200,-0.436286,0.168651,-0.127518,0.189245,0.000000,0.000000
-2.819151,2.697778,0.830318,0.037825,0.044618,0.878048,0.474984,-0.328943,0.022900,0.198029,1.341260,-0.266947,-0.031825,0.103985,-0.096706,0.056126,0.650669,-0.632988,-0.048948,0.272355,-0.010579,0.972983,0.431585,-0.012978,-0.017796,1.417574,0.000000,0.000000,0.520996,-0.427872,0.171669,-0.168451,0.188175,0.000000,0.000000
-2.841313,2.720941,0.833109,0.031188,0.044315,0.873548,0.483712,-0.349856,0.038604,0.211717,1.248017,-0.244484,-0.031598,0.121277,-0.098860,0.075341,0.644076,-0.615724,-0.053653,0.303150,-0.011746,1.005087,0.430758,0.025310,-0.032833,1.404978,0.000000,0.000000,0.503330,-0.421002,0.173795,-0.207114,0.185469,0.000000,0.000000
-2.863463,2.744707,0.834960,0.023854,0.043549,0.868473,0.493243,-0.366419,0.056298,0.225653,1.144957,-0.207986,-0.030515,0.140329,-0.100302,0.093088,0.620784,-0.545793,-0.058899,0.334364,-0.012866,1.037867,0.427279,0.059617,-0.050700,1.399390,0.000000,0.000000,0.486801,-0.414346,0.177752,-0.247994,0.187506,0.000000,0.000000
-2.885839,2.768694,0.837029,0.016757,0.043137,0.865018,0.499602,-0.379278,0.071909,0.236883,1.036066,-0.166125,-0.028857,0.158977,-0.100040,0.110013,0.593385,-0.453168,-0.063938,0.359882,-0.013789,1.065577,0.421760,0.080615,-0.068353,1.390801,0.000000,0.000000,0.472021,-0.408194,0.178486,-0.290359,0.203350,0.000000,0.000000
-2.908881,2.792007,0.839102,0.010196,0.042816,0.862624,0.503927,-0.388527,0.082418,0.242900,0.923164,-0.115112,-0.026848,0.177018,-0.103072,0.114394,0.566418,-0.354392,-0.067478,0.383310,-0.014567,1.087350,0.415713,0.101411,-0.084938,1.380106,0.000000,0.000000,0.460389,-0.404926,0.173128,-0.327326,0.204142,0.000000,0.000000
-2.932545,2.814575,0.832719,0.004136,0.043069,0.861077,0.506631,-0.394497,0.087784,0.242128,0.801955,-0.054565,-0.024081,0.194274,-0.110800,0.107575,0.540691,-0.240131,-0.070140,0.404985,-0.015256,1.106801,0.408654,0.117046,-0.099308,1.369638,0.000000,0.000000,0.450716,-0.402741,0.163518,-0.357170,0.175510,0.000000,0.000000
-2.955831,2.837456,0.823083,-0.001738,0.043067,0.859338,0.509588,-0.395566,0.094373,0.239318,0.670959,0.015355,-0.020170,0.211549,-0.121033,0.095732,0.511221,-0.098649,-0.072204,0.424843,-0.015773,1.126847,0.402547,0.124496,-0.110399,1.356677,0.000000,0.000000,0.444035,-0.400914,0.158048,-0.395403,0.173843,0.000000,0.000000
-2.979821,2.860132,0.829259,-0.007898,0.042776,0.858486,0.510990,-0.395142,0.100026,0.232021,0.544311,0.078010,-0.015339,0.226616,-0.131407,0.084815,0.487079,0.018279,-0.073667,0.441199,-0.016217,1.142801,0.399108,0.130679,-0.118795,1.347552,0.000000,0.000000,0.437150,-0.404044,0.150407,-0.428669,0.173406,0.000000,0.000000
-3.003787,2.882028,0.837892,-0.013687,0.042261,0.857972,0.511772,-0.389455,0.104341,0.220183,0.409927,0.146637,-0.009802,0.237025,-0.142266,0.073966,0.472587,0.119637,-0.074645,0.455412,-0.016519,1.157459,0.396622,0.137889,-0.129753,1.337520,0.000000,0.000000,0.434827,-0.398554,0.137425,-0.461584,0.178605,0.000000,0.000000
-3.028150,2.903648,0.841594,-0.020593,0.041224,0.856936,0.513359,-0.382776,0.110260,0.208988,0.276650,0.202741,-0.004025,0.241511,-0.153670,0.064699,0.473884,0.188349,-0.075699,0.470157,-0.016767,1.168888,0.393352,0.145301,-0.140224,1.329802,0.000000,0.000000,0.432974,-0.381844,0.125906,-0.492073,0.193882,0.000000,0.000000
-3.053297,2.925478,0.840327,-0.026669,0.039959,0.856352,0.514153,-0.373597,0.115932,0.196789,0.148696,0.245703,0.001666,0.246564,-0.165807,0.056168,0.480521,0.234930,-0.077086,0.485457,-0.017296,1.178848,0.392619,0.150279,-0.150041,1.324885,0.000000,0.000000,0.432170,-0.378141,0.114661,-0.518222,0.184407,0.000000,0.000000
-3.078883,2.947865,0.837290,-0.031633,0.038522,0.856788,0.513255,-0.368229,0.120109,0.186618,0.042134,0.266649,0.006127,0.254847,-0.177482,0.044865,0.494014,0.251038,-0.078151,0.494746,-0.017499,1.187383,0.391976,0.155513,-0.156993,1.316983,0.000000,0.000000,0.431356,-0.374649,0.105145,-0.539621,0.185484,0.000000,0.000000
-3.103872,2.971111,0.838579,-0.034727,0.037065,0.857821,0.511432,-0.361906,0.121754,0.180872,-0.017450,0.273791,0.008227,0.261962,-0.184287,0.034502,0.506323,0.247610,-0.078452,0.497629,-0.017556,1.195990,0.390570,0.161079,-0.163194,1.308043,0.000000,0.000000,0.435109,-0.375673,0.095303,-0.557095,0.190118,0.000000,0.000000
-3.128418,2.994354,0.837847,-0.036660,0.035418,0.859135,0.509204,-0.357277,0.121708,0.179312,-0.017450,0.273224,0.008922,0.271449,-0.191299,0.022820,0.523289,0.235696,-0.078732,0.498447,-0.017527,1.205168,0.386908,0.165922,-0.169625,1.302295,0.000000,0.000000,0.439921,-0.376338,0.088633,-0.575201,0.190117,0.000000,0.000000
-3.153390,3.017502,0.837601,-0.037998,0.034406,0.861109,0.505830,-0.352034,0.116218,0.182705,-0.017450,0.264930,0.007689,0.285909,-0.201186,0.006245,0.550069,0.216351,-0.079003,0.495981,-0.017329,1.216349,0.378681,0.169951,-0.177940,1.299261,0.000000,0.000000,0.447718,-0.374608,0.084845,-0.598684,0.192009,0.000000,0.000000
-3.178452,3.039852,0.839839,-0.040900,0.033662,0.863066,0.502306,-0.348722,0.106817,0.193857,-0.017450,0.262653,0.004449,0.290944,-0.208069,-0.004300,0.585954,0.204182,-0.078999,0.491066,-0.017075,1.220869,0.369932,0.171974,-0.182895,1.301988,0.000000,0.000000,0.452757,-0.369855,0.082091,-0.613207,0.197008,0.000000,0.000000
-3.203412,3.062100,0.842952,-0.042474,0.031581,0.865622,0.497893,-0.344619,0.092609,0.211828,-0.017450,0.261033,-0.000697,0.293407,-0.213033,-0.012543,0.638725,0.197080,-0.078305,0.483336,-0.016821,1.223280,0.361016,0.172928,-0.185210,1.309354,0.000000,0.000000,0.458019,-0.368330,0.078753,-0.623005,0.200848,0.000000,0.000000
-3.228419,3.084538,0.845841,-0.043042,0.029012,0.868763,0.492500,-0.339119,0.074187,0.233515,-0.017450,0.254300,-0.007161,0.294065,-0.215337,-0.017998,0.706386,0.197241,-0.076399,0.471581,-0.016447,1.222843,0.352294,0.172315,-0.185032,1.316898,0.000000,0.000000,0.461948,-0.365953,0.079251,-0.627433,0.202427,0.000000,0.000000
-3.253663,3.106992,0.848162,-0.042599,0.025922,0.872379,0.486280,-0.332432,0.053866,0.254811,-0.017450,0.240226,-0.013924,0.293261,-0.213706,-0.018753,0.781647,0.201180,-0.073116,0.455533,-0.016094,1.220222,0.345520,0.172268,-0.179954,1.322825,0.000000,0.000000,0.466942,-0.368693,0.079231,-0.622811,0.190916,0.000000,0.000000
-3.279137,3.129329,0.850145,-0.041675,0.020199,0.877928,0.476548,-0.323291,0.040588,0.256975,-0.017450,0.221645,-0.016566,0.291259,-0.202762,-0.017680,0.865267,0.208107,-0.066583,0.430699,-0.015305,1.215243,0.341696,0.176633,-0.169986,1.328219,0.000000,0.000000,0.473581,-0.358900,0.079218,-0.608798,0.178578,0.000000,0.000000
-3.304469,3.151823,0.851042,-0.038969,0.015158,0.883838,0.465920,-0.313681,0.029813,0.251849,-0.017450,0.202855,-0.017703,0.289406,-0.189596,-0.018058,0.947100,0.214187,-0.059331,0.405435,-0.014618,1.209368,0.341100,0.179362,-0.158434,1.334357,0.000000,0.000000,0.481628,-0.346843,0.081343,-0.587952,0.173673,0.000000,0.000000
-3.329805,3.174623,0.851253,-0.034517,0.012521,0.889415,0.455624,-0.302506,0.016668,0.242528,-0.017450,0.181835,-0.018750,0.287671,-0.177586,-0.017332,1.031308,0.217624,-0.052373,0.380587,-0.014066,1.201808,0.341959,0.175166,-0.145598,1.341618,0.000000,0.000000,0.493212,-0.333409,0.083781,-0.562070,0.174346,0.000000,0.000000
-3.355302,3.197615,0.850996,-0.028685,0.012370,0.894125,0.446726,-0.289813,0.000446,0.229463,-0.017450,0.160247,-0.019977,0.285978,-0.167784,-0.013404,1.112763,0.218035,-0.046543,0.359786,-0.013598,1.191420,0.343420,0.164862,-0.132307,1.350089,0.000000,0.000000,0.509360,-0.323791,0.083246,-0.532507,0.176961,0.000000,0.000000
-3.381344,3.220358,0.850533,-0.021827,0.013494,0.898153,0.438933,-0.275161,-0.018493,0.213005,-0.017450,0.137242,-0.021342,0.284684,-0.161151,-0.009290,1.191433,0.216691,-0.041585,0.342864,-0.013182,1.178100,0.346319,0.147507,-0.118232,1.355719,0.000000,0.000000,0.528915,-0.322431,0.080065,-0.501830,0.186683,0.000000,0.000000
-3.408003,3.242642,0.850807,-0.015692,0.012987,0.902447,0.430319,-0.257771,-0.031779,0.180329,-0.017450,0.109653,-0.018986,0.281547,-0.153936,-0.007649,1.269702,0.213547,-0.036470,0.323466,-0.012567,1.161993,0.350098,0.128658,-0.103453,1.368054,0.000000,0.000000,0.549001,-0.313500,0.077271,-0.472472,0.206845,0.000000,0.000000
-3.435465,3.264162,0.852281,-0.010787,0.011846,0.906748,0.421368,-0.239397,-0.043613,0.142252,-0.010657,0.082086,-0.015718,0.274776,-0.147755,-0.008122,1.347763,0.204965,-0.031825,0.303033,-0.011916,1.142699,0.351694,0.111698,-0.087799,1.388275,0.000000,0.000000,0.568088,-0.301078,0.072578,-0.443112,0.227676,0.000000,0.000000
-3.463296,3.285038,0.856897,-0.006529,0.010939,0.911082,0.412028,-0.220574,-0.056183,0.101754,0.036341,0.051128,-0.012857,0.265052,-0.143662,-0.010874,1.426902,0.193795,-0.027756,0.283423,-0.011386,1.119865,0.352544,0.092935,-0.073702,1.400974,0.000000,0.000000,0.587827,-0.292993,0.067771,-0.409468,0.229041,0.000000,0.000000
-3.490902,3.305772,0.860227,-0.002534,0.009953,0.915305,0.402631,-0.201153,-0.067106,0.055391,0.081862,0.002675,-0.008561,0.253067,-0.140357,-0.014565,1.505392,0.178886,-0.024267,0.265244,-0.010902,1.094625,0.358732,0.071432,-0.063513,1.407493,0.000000,0.000000,0.605293,-0.293094,0.064593,-0.376421,0.214823,0.000000,0.000000
-3.518047,3.325969,0.861993,0.001621,0.009306,0.919337,0.393358,-0.181682,-0.077977,-0.006894,0.122717,-0.074337,-0.001596,0.237043,-0.140538,-0.021148,1.588504,0.158819,-0.021302,0.246551,-0.010325,1.065604,0.368211,0.047254,-0.051557,1.413895,0.000000,0.000000,0.620003,-0.298125,0.062627,-0.343057,0.193549,0.000000,0.000000
-3.544345,3.348532,0.862721,0.006496,0.007710,0.923102,0.384423,-0.162853,-0.087495,-0.037014,0.177277,-0.139513,0.000663,0.224199,-0.138512,-0.028818,1.660775,0.143917,-0.018539,0.224770,-0.009609,1.042591,0.374824,0.030807,-0.043406,1.415571,0.000000,0.000000,0.636393,-0.301886,0.060557,-0.311281,0.182614,0.000000,0.000000
-3.569684,3.371573,0.861796,0.011500,0.005112,0.926742,0.375487,-0.144624,-0.094911,-0.055634,0.240510,-0.210497,0.001613,0.209647,-0.135337,-0.038400,1.732278,0.128241,-0.015833,0.197653,-0.008673,1.018982,0.380009,0.016689,-0.034711,1.421107,0.000000,0.000000,0.654736,-0.301560,0.057634,-0.276272,0.176640,0.000000,0.000000
-3.595072,3.393971,0.858939,0.016819,0.001519,0.930527,0.365833,-0.126968,-0.101430,-0.072147,0.307482,-0.279823,0.002419,0.194369,-0.134364,-0.049540,1.798237,0.115468,-0.013577,0.166676,-0.007671,0.995595,0.383855,0.000600,-0.022554,1.431577,0.000000,0.000000,0.674764,-0.297618,0.058243,-0.241159,0.166003,0.000000,0.000000
-3.620298,3.415815,0.854118,0.022466,-0.002352,0.934473,0.355317,-0.107288,-0.107387,-0.083397,0.374952,-0.344656,0.002496,0.177799,-0.134513,-0.060722,1.857876,0.105970,-0.011625,0.133763,-0.006574,0.968905,0.383524,-0.021550,-0.006100,1.439042,0.000000,0.000000,0.696039,-0.292726,0.062002,-0.201974,0.156386,0.000000,0.000000
-3.644622,3.436464,0.848352,0.027895,-0.006205,0.937991,0.345481,-0.085224,-0.111966,-0.100228,0.432653,-0.404199,0.003676,0.157255,-0.134307,-0.068440,1.909662,0.101076,-0.009947,0.102244,-0.005438,0.933512,0.379731,-0.051077,0.009135,1.458693,0.000000,0.000000,0.716104,-0.289497,0.068208,-0.155493,0.153643,0.000000,0.000000
-3.669571,3.456818,0.842781,0.032970,-0.010624,0.941124,0.336284,-0.058182,-0.115468,-0.122315,0.474990,-0.448259,0.005841,0.135838,-0.132916,-0.073820,1.946059,0.103953,-0.008544,0.072581,-0.004242,0.897005,0.378721,-0.081538,0.016537,1.486182,0.000000,0.000000,0.737969,-0.286848,0.073996,-0.113454,0.156954,0.000000,0.000000
-3.694438,3.477032,0.837891,0.037555,-0.016189,0.944191,0.326849,-0.027450,-0.115083,-0.147438,0.504612,-0.484838,0.009391,0.113280,-0.128910,-0.080715,1.967731,0.106226,-0.007638,0.042534,-0.003063,0.859408,0.380636,-0.109436,0.021999,1.503630,0.000000,0.000000,0.763083,-0.284655,0.075981,-0.079828,0.156724,0.000000,0.000000
-3.717765,3.496955,0.833684,0.041929,-0.023117,0.946977,0.317713,0.004067,-0.108798,-0.171210,0.527022,-0.518232,0.014252,0.088159,-0.120840,-0.089900,1.977392,0.108014,-0.007071,0.011567,-0.001817,0.820067,0.390233,-0.138778,0.029426,1.516118,0.000000,0.000000,0.790876,-0.284480,0.079227,-0.045922,0.166481,0.000000,0.000000
-3.737774,3.516830,0.830160,0.045473,-0.031354,0.948435,0.312121,0.032114,-0.094328,-0.181422,0.545699,-0.547732,0.019256,0.057004,-0.105118,-0.096087,1.975265,0.106095,-0.006570,-0.017947,-0.000623,0.781890,0.403645,-0.164676,0.040466,1.523700,0.000000,0.000000,0.819103,-0.287698,0.090433,-0.014811,0.178093,0.000000,0.000000
-3.754962,3.533644,0.827717,0.047908,-0.039463,0.950664,0.303949,0.052646,-0.077634,-0.187817,0.566867,-0.569731,0.024489,0.018765,-0.089596,-0.108958,1.965958,0.098825,-0.005653,-0.048401,0.000539,0.739013,0.414586,-0.181250,0.045180,1.510735,0.000000,0.000000,0.848118,-0.288377,0.095808,0.009146,0.189120,0.000000,0.000000
-3.768687,3.547199,0.830140,0.049501,-0.046326,0.952748,0.296101,0.065240,-0.061083,-0.187744,0.591173,-0.584117,0.028900,-0.028963,-0.078224,-0.123205,1.951309,0.087218,-0.003993,-0.077443,0.001741,0.690331,0.433567,-0.187933,0.040974,1.516761,0.000000,0.000000,0.876998,-0.291767,0.100726,0.027783,0.199277,0.000000,0.000000
-3.779379,3.558415,0.833355,0.049584,-0.051180,0.954704,0.288898,0.070574,-0.046448,-0.184374,0.616270,-0.591836,0.032452,-0.086330,-0.069825,-0.136561,1.930663,0.075654,-0.001220,-0.103359,0.002864,0.640734,0.446975,-0.202230,0.030080,1.516093,0.000000,0.000000,0.901642,-0.297229,0.107095,0.039308,0.206565,0.000000,0.000000
-3.789363,3.569448,0.835259,0.046949,-0.051831,0.957513,0.279783,0.070186,-0.036741,-0.186135,0.638639,-0.594250,0.035624,-0.151128,-0.067287,-0.152662,1.900102,0.060836,0.002855,-0.128182,0.004018,0.587876,0.454986,-0.213115,0.019407,1.512822,0.000000,0.000000,0.924350,-0.300157,0.101674,0.046473,0.202157,0.000000,0.000000
-3.800661,3.582968,0.835948,0.043593,-0.048511,0.959382,0.274466,0.070153,-0.033750,-0.188083,0.657381,-0.595606,0.037051,-0.217024,-0.070367,-0.161506,1.859145,0.041170,0.006829,-0.150722,0.005176,0.532880,0.455258,-0.215200,0.004986,1.504352,0.000000,0.000000,0.945491,-0.307127,0.091153,0.054880,0.191207,0.000000,0.000000
-3.815795,3.599704,0.838250,0.039350,-0.043133,0.961545,0.268370,0.073810,-0.032343,-0.189440,0.670709,-0.594276,0.037970,-0.275922,-0.077829,-0.169770,1.805514,0.018351,0.010629,-0.175278,0.006442,0.482758,0.449569,-0.213827,-0.013818,1.491799,0.000000,0.000000,0.964923,-0.316003,0.078306,0.060839,0.184401,0.000000,0.000000
-3.834664,3.620074,0.845034,0.035069,-0.037322,0.964513,0.259023,0.082663,-0.028883,-0.197112,0.678440,-0.585969,0.040647,-0.324428,-0.085486,-0.180521,1.738440,-0.000610,0.014844,-0.206263,0.007851,0.439491,0.439306,-0.216991,-0.036323,1.471885,0.000000,0.000000,0.985429,-0.324178,0.069978,0.063327,0.191999,0.000000,0.000000
-3.857200,3.642782,0.845891,0.031544,-0.031826,0.966545,0.252551,0.097745,-0.027343,-0.209007,0.677695,-0.566455,0.043673,-0.360855,-0.093819,-0.187615,1.663799,-0.011329,0.017609,-0.234650,0.009159,0.401259,0.429547,-0.206788,-0.057936,1.456973,0.000000,0.000000,1.005245,-0.333932,0.064612,0.066842,0.200605,0.000000,0.000000
-3.882551,3.666699,0.848069,0.028051,-0.029042,0.967194,0.250808,0.118422,-0.022266,-0.210892,0.669060,-0.533661,0.046073,-0.388696,-0.098406,-0.190483,1.581940,-0.014052,0.019443,-0.256852,0.010273,0.370618,0.426670,-0.193000,-0.078871,1.461977,0.000000,0.000000,1.022777,-0.344996,0.063242,0.068555,0.199506,0.000000,0.000000
-3.909646,3.690316,0.850822,0.024556,-0.027290,0.967931,0.248521,0.141894,-0.017074,-0.211042,0.655276,-0.481960,0.048314,-0.410754,-0.102518,-0.196644,1.493371,-0.011165,0.021676,-0.276040,0.011127,0.348593,0.420420,-0.182238,-0.104856,1.480284,0.000000,0.000000,1.040670,-0.347774,0.061216,0.068370,0.191560,0.000000,0.000000
-3.936777,3.714477,0.853948,0.022083,-0.025448,0.968269,0.247629,0.168365,-0.012386,-0.210231,0.632213,-0.404016,0.050279,-0.428134,-0.104713,-0.203278,1.399482,-0.000591,0.023936,-0.294993,0.011989,0.331268,0.436204,-0.189843,-0.142270,1.470142,0.000000,0.000000,1.059343,-0.351626,0.060014,0.066828,0.188741,0.000000,0.000000
-3.964139,3.738072,0.857090,0.019204,-0.024276,0.968414,0.247421,0.193002,-0.007452,-0.209303,0.609215,-0.320235,0.052111,-0.441708,-0.106298,-0.211198,1.303163,0.017685,0.026275,-0.306116,0.012334,0.316100,0.432333,-0.183334,-0.173388,1.456361,0.000000,0.000000,1.076595,-0.352343,0.050783,0.066400,0.193615,0.000000,0.000000
-3.990867,3.760899,0.860045,0.016907,-0.021820,0.969122,0.245032,0.215578,-0.002725,-0.208120,0.586279,-0.228363,0.053536,-0.452718,-0.111625,-0.223275,1.203687,0.042730,0.028580,-0.321818,0.012925,0.299726,0.425741,-0.172857,-0.201698,1.452601,0.000000,0.000000,1.094419,-0.350093,0.040994,0.069406,0.204430,0.000000,0.000000
-4.016765,3.783530,0.863019,0.013936,-0.018772,0.970383,0.240436,0.234999,0.004109,-0.207461,0.562176,-0.133550,0.055403,-0.461424,-0.117271,-0.237895,1.099655,0.071962,0.031199,-0.339237,0.013508,0.283452,0.417701,-0.159401,-0.228951,1.457950,0.000000,0.000000,1.110407,-0.345933,0.028281,0.069724,0.214359,0.000000,0.000000
-4.041342,3.806947,0.866170,0.010306,-0.015371,0.971822,0.234990,0.251247,0.014045,-0.207559,0.537872,-0.048590,0.058152,-0.467458,-0.119277,-0.250462,0.990696,0.102519,0.033491,-0.355632,0.014024,0.267930,0.410775,-0.147128,-0.258073,1.461473,0.000000,0.000000,1.124556,-0.342660,0.016914,0.065307,0.216194,0.000000,0.000000
-4.063810,3.829989,0.871114,0.007259,-0.010694,0.973901,0.226604,0.256508,0.026132,-0.208332,0.540175,0.017613,0.061489,-0.469357,-0.122121,-0.263181,0.871980,0.136024,0.034585,-0.375445,0.014602,0.253197,0.405390,-0.138678,-0.290284,1.459123,0.000000,0.000000,1.139181,-0.340230,0.004565,0.058648,0.213005,0.000000,0.000000
-4.086225,3.853961,0.876323,0.003736,-0.004889,0.976056,0.217431,0.259385,0.039718,-0.209591,0.545980,0.070963,0.065253,-0.467299,-0.126119,-0.273766,0.746380,0.171595,0.033776,-0.398758,0.015284,0.238748,0.400253,-0.132077,-0.323556,1.451798,0.000000,0.000000,1.150764,-0.337395,-0.008757,0.050927,0.214763,0.000000,0.000000
-4.108964,3.878992,0.879848,0.001098,0.001410,0.978099,0.208133,0.264030,0.054313,-0.210787,0.556647,0.108096,0.069245,-0.463734,-0.131423,-0.281281,0.625550,0.202614,0.031131,-0.425012,0.015953,0.227825,0.391183,-0.125536,-0.352894,1.446916,0.000000,0.000000,1.160073,-0.331266,-0.022169,0.044699,0.222928,0.000000,0.000000
-4.132618,3.903910,0.882409,-0.003411,0.008565,0.979985,0.198857,0.267528,0.067939,-0.209941,0.564712,0.116531,0.072927,-0.460684,-0.137847,-0.288955,0.508431,0.231952,0.027971,-0.450347,0.016583,0.215420,0.378873,-0.121888,-0.388000,1.426618,0.000000,0.000000,1.163715,-0.327074,-0.033123,0.035582,0.227192,0.000000,0.000000
-4.156492,3.928566,0.885154,-0.010088,0.016344,0.981370,0.191166,0.268345,0.082556,-0.199586,0.565530,0.113599,0.075774,-0.455904,-0.143144,-0.296489,0.382182,0.250560,0.024060,-0.470943,0.017335,0.199425,0.382832,-0.112856,-0.418743,1.428478,0.000000,0.000000,1.163556,-0.331144,-0.044631,0.023621,0.209821,0.000000,0.000000
-4.180652,3.952285,0.888418,-0.013764,0.021239,0.982104,0.186633,0.269216,0.095342,-0.184881,0.590152,0.097705,0.077326,-0.447454,-0.145739,-0.302731,0.267149,0.265886,0.020213,-0.487605,0.017884,0.187827,0.384254,-0.103185,-0.441462,1.436760,0.000000,0.000000,1.163366,-0.330597,-0.053519,0.012276,0.199368,0.000000,0.000000
-4.205071,3.975698,0.890904,-0.016090,0.025653,0.982459,0.184006,0.270473,0.106473,-0.167156,0.626682,0.073427,0.077740,-0.436755,-0.146971,-0.308762,0.161603,0.277941,0.016646,-0.499211,0.018137,0.180635,0.378679,-0.099818,-0.463658,1.437508,0.000000,0.000000,1.163442,-0.331270,-0.062541,0.001998,0.190793,0.000000,0.000000
-4.229503,3.999213,0.893414,-0.017021,0.030068,0.982580,0.182602,0.271972,0.116584,-0.148183,0.670941,0.047509,0.077431,-0.424353,-0.147891,-0.315321,0.065195,0.285897,0.013253,-0.506101,0.018373,0.177018,0.374430,-0.099274,-0.484249,1.437568,0.000000,0.000000,1.163224,-0.331402,-0.073206,-0.006285,0.184353,0.000000,0.000000
-4.254013,4.023030,0.895876,-0.016811,0.034259,0.982366,0.183031,0.273593,0.125571,-0.128492,0.719385,0.026028,0.076453,-0.411768,-0.148141,-0.321399,-0.014184,0.289071,0.010482,-0.508316,0.018496,0.174391,0.371943,-0.098407,-0.500697,1.436027,0.000000,0.000000,1.161271,-0.330526,-0.084510,-0.011513,0.176450,0.000000,0.000000
-4.278652,4.046924,0.897980,-0.015089,0.038569,0.981955,0.184527,0.275271,0.132748,-0.109632,0.760999,0.013927,0.075146,-0.402494,-0.149468,-0.326216,-0.017450,0.289083,0.009500,-0.506410,0.018403,0.173749,0.368628,-0.099030,-0.509360,1.431924,0.000000,0.000000,1.158601,-0.329864,-0.094727,-0.013819,0.172759,0.000000,0.000000
-4.303060,4.071105,0.899592,-0.011983,0.042687,0.981113,0.188287,0.277546,0.140791,-0.084152,0.821157,0.004026,0.072442,-0.391102,-0.150821,-0.331681,-0.017450,0.287606,0.009169,-0.500620,0.018343,0.174549,0.366428,-0.103443,-0.516376,1.427561,0.000000,0.000000,1.155253,-0.331082,-0.108270,-0.016070,0.167309,0.000000,0.000000
-4.327240,4.095611,0.900649,-0.007753,0.045600,0.980162,0.192726,0.280082,0.150735,-0.056175,0.891061,-0.002277,0.069268,-0.378751,-0.150947,-0.336657,-0.017450,0.281492,0.009274,-0.489503,0.018157,0.179367,0.364846,-0.109666,-0.517228,1.425473,0.000000,0.000000,1.152818,-0.331686,-0.124007,-0.016355,0.158144,0.000000,0.000000
-4.351568,4.120438,0.901244,-0.003357,0.047275,0.978895,0.198793,0.282076,0.159113,-0.033560,0.963192,-0.005900,0.066162,-0.366598,-0.148741,-0.339852,-0.017450,0.270139,0.009675,-0.473125,0.017846,0.189069,0.362678,-0.114427,-0.510768,1.423482,0.000000,0.000000,1.150328,-0.330881,-0.137954,-0.013942,0.143840,0.000000,0.000000
-4.376209,4.145062,0.901375,0.001237,0.048265,0.977300,0.206286,0.283226,0.162730,-0.018023,1.036260,-0.006238,0.062577,-0.354457,-0.145081,-0.341874,-0.017450,0.256321,0.010238,-0.453567,0.017411,0.201419,0.361980,-0.119948,-0.498902,1.416319,0.000000,0.000000,1.145508,-0.327142,-0.149069,-0.010422,0.131789,0.000000,0.000000
-4.401088,4.169164,0.901065,0.006258,0.049041,0.975264,0.215446,0.283493,0.158488,-0.008837,1.113414,-0.006513,0.057451,-0.341597,-0.140157,-0.343137,-0.017450,0.239859,0.010946,-0.430374,0.016852,0.214594,0.363463,-0.127041,-0.481851,1.404369,0.000000,0.000000,1.137507,-0.322139,-0.158800,-0.004461,0.125867,0.000000,0.000000
-4.426014,4.192387,0.900284,0.012282,0.049037,0.972757,0.226247,0.282942,0.146230,-0.003928,1.195526,-0.011483,0.050756,-0.327451,-0.134071,-0.343784,-0.017450,0.218735,0.011745,-0.401549,0.016125,0.228491,0.366490,-0.136472,-0.458574,1.390740,0.000000,0.000000,1.128132,-0.316440,-0.166140,0.006023,0.129315,0.000000,0.000000
-4.451687,4.215518,0.898478,0.016385,0.048576,0.970615,0.235112,0.282145,0.133313,-0.001769,1.267945,-0.015686,0.044600,-0.314335,-0.128315,-0.344236,-0.017450,0.198529,0.012532,-0.376555,0.015475,0.242699,0.368920,-0.145398,-0.437249,1.381505,0.000000,0.000000,1.115824,-0.312319,-0.167818,0.013176,0.135039,0.000000,0.000000
-4.477058,4.238766,0.895985,0.020434,0.045578,0.968459,0.244113,0.281634,0.122585,0.001013,1.340574,-0.023562,0.039176,-0.299709,-0.118866,-0.341531,-0.015556,0.177006,0.013811,-0.351251,0.014755,0.261152,0.371321,-0.156944,-0.408443,1.364636,0.000000,0.000000,1.101198,-0.311395,-0.161856,0.020713,0.139886,0.000000,0.000000
-4.502174,4.262693,0.885847,0.024112,0.041023,0.966335,0.252848,0.281443,0.116092,0.005789,1.411324,-0.032912,0.034806,-0.283874,-0.106273,-0.335424,0.025944,0.153064,0.016118,-0.326527,0.014097,0.279945,0.378252,-0.163851,-0.379354,1.359764,0.000000,0.000000,1.084247,-0.309612,-0.153981,0.030253,0.144486,0.000000,0.000000
-4.527699,4.287333,0.872747,0.027582,0.035426,0.964167,0.261471,0.281359,0.111318,0.009729,1.477243,-0.044260,0.031363,-0.266697,-0.092124,-0.327465,0.076054,0.125601,0.019019,-0.303594,0.013441,0.304022,0.389074,-0.170374,-0.346861,1.372090,0.000000,0.000000,1.066092,-0.307295,-0.142558,0.040541,0.149009,0.000000,0.000000
-4.553095,4.312196,0.866635,0.028008,0.029282,0.962455,0.268400,0.274848,0.111059,0.014883,1.539780,-0.055113,0.028927,-0.247951,-0.075643,-0.316497,0.120350,0.078083,0.021354,-0.278892,0.012445,0.327720,0.377626,-0.164439,-0.303829,1.391979,0.000000,0.000000,1.042230,-0.308352,-0.126103,0.045790,0.156836,0.000000,0.000000
-4.576298,4.336597,0.864783,0.030288,0.026664,0.960063,0.276858,0.260889,0.108232,0.023966,1.608784,-0.066387,0.026015,-0.227147,-0.067873,-0.287277,0.161706,-0.008741,0.017304,-0.260037,0.011775,0.350447,0.372701,-0.163521,-0.265494,1.401880,0.000000,0.000000,1.013687,-0.317406,-0.107099,0.054264,0.157755,0.000000,0.000000
-4.599510,4.360675,0.864695,0.032875,0.025302,0.957525,0.285352,0.245272,0.103391,0.033797,1.674947,-0.077253,0.022976,-0.209361,-0.063458,-0.266249,0.212100,-0.109422,0.013712,-0.241177,0.011198,0.373589,0.376361,-0.169846,-0.229719,1.415501,0.000000,0.000000,0.983291,-0.327256,-0.089809,0.065975,0.157833,0.000000,0.000000
-4.623756,4.384204,0.865586,0.037224,0.024075,0.955078,0.293020,0.231209,0.095171,0.041336,1.734632,-0.085749,0.019904,-0.192593,-0.063702,-0.254607,0.272855,-0.194299,0.011240,-0.218302,0.010407,0.395557,0.376026,-0.175363,-0.193782,1.422204,0.000000,0.000000,0.955011,-0.330379,-0.079014,0.081188,0.153454,0.000000,0.000000
-4.647526,4.407301,0.864502,0.042326,0.022622,0.952686,0.300144,0.215052,0.085792,0.046654,1.793183,-0.097725,0.017098,-0.176274,-0.066242,-0.238249,0.340652,-0.267853,0.008117,-0.195629,0.009569,0.418553,0.376100,-0.184937,-0.156600,1.427181,0.000000,0.000000,0.925408,-0.332144,-0.059566,0.089095,0.155999,0.000000,0.000000
-4.670891,4.429834,0.861643,0.047922,0.021392,0.950135,0.307391,0.197276,0.074196,0.051934,1.846176,-0.109562,0.014442,-0.160236,-0.069177,-0.214344,0.407247,-0.326256,0.004056,-0.173066,0.008643,0.443467,0.375503,-0.189846,-0.118509,1.428442,0.000000,0.000000,0.896053,-0.335859,-0.036054,0.096141,0.158679,0.000000,0.000000
-4.693513,4.452288,0.857507,0.053632,0.020860,0.947157,0.315565,0.177056,0.062858,0.060589,1.892656,-0.119329,0.011961,-0.142820,-0.071510,-0.184644,0.468151,-0.380686,-0.000806,-0.150176,0.007677,0.470243,0.378974,-0.195886,-0.077152,1.433701,0.000000,0.000000,0.865228,-0.344534,-0.013252,0.105588,0.147244,0.000000,0.000000
-4.715001,4.475513,0.853031,0.058710,0.020832,0.944170,0.323514,0.154251,0.055625,0.068405,1.929725,-0.126157,0.010210,-0.123036,-0.070789,-0.153962,0.516874,-0.431149,-0.005313,-0.125712,0.006657,0.496262,0.382261,-0.201849,-0.037517,1.447526,0.000000,0.000000,0.831343,-0.350105,0.009345,0.113342,0.138832,0.000000,0.000000
-4.735755,4.499059,0.851821,0.063364,0.020783,0.940189,0.334063,0.129477,0.048494,0.078656,1.955675,-0.131133,0.008537,-0.100164,-0.067203,-0.123271,0.554429,-0.476213,-0.009324,-0.098040,0.005368,0.525765,0.380228,-0.205399,0.002381,1.454447,0.000000,0.000000,0.793120,-0.354935,0.035582,0.116379,0.143316,0.000000,0.000000
-4.756927,4.521859,0.852968,0.067741,0.021206,0.935634,0.345761,0.103026,0.036624,0.089872,1.967253,-0.134168,0.006387,-0.075040,-0.066067,-0.097650,0.582137,-0.516458,-0.013203,-0.068023,0.004027,0.557868,0.377509,-0.198343,0.036128,1.456239,0.000000,0.000000,0.752996,-0.361036,0.060343,0.115947,0.154594,0.000000,0.000000
-4.778060,4.544294,0.856790,0.072012,0.021961,0.931140,0.356805,0.075596,0.025061,0.101329,1.964152,-0.145088,0.003995,-0.048814,-0.068097,-0.079132,0.603549,-0.550329,-0.016768,-0.039784,0.002642,0.591939,0.378381,-0.193387,0.069920,1.462423,0.000000,0.000000,0.717737,-0.374397,0.087514,0.109724,0.163162,0.000000,0.000000
-4.798777,4.565804,0.863327,0.077022,0.023326,0.927146,0.365957,0.046724,0.010991,0.108938,1.950180,-0.151910,0.001062,-0.022263,-0.074338,-0.067084,0.624312,-0.577296,-0.020424,-0.014905,0.001339,0.628854,0.380260,-0.192537,0.094629,1.464515,0.000000,0.000000,0.677192,-0.387619,0.112772,0.101590,0.166970,0.000000,0.000000
-4.818381,4.586975,0.872409,0.082224,0.025841,0.923909,0.372778,0.015647,-0.002097,0.111240,1.926544,-0.172108,-0.002160,0.002537,-0.083747,-0.062845,0.644476,-0.600426,-0.023698,0.008582,0.000065,0.666947,0.383167,-0.190624,0.112592,1.465575,0.000000,0.000000,0.640116,-0.396386,0.132130,0.088296,0.179269,0.000000,0.000000
-4.836292,4.607732,0.877391,0.087362,0.029669,0.920483,0.379734,-0.018092,-0.012005,0.112886,1.898173,-0.197871,-0.005617,0.024234,-0.096496,-0.063875,0.665120,-0.620186,-0.027048,0.036219,-0.001318,0.704285,0.385416,-0.186532,0.119553,1.460787,0.000000,0.000000,0.605597,-0.399953,0.143680,0.073796,0.187107,0.000000,0.000000
-4.853164,4.623849,0.877299,0.089855,0.033118,0.916719,0.387887,-0.061341,-0.027243,0.121014,1.864336,-0.207414,-0.011417,0.039141,-0.111449,-0.064293,0.681198,-0.624630,-0.031215,0.063017,-0.002739,0.745217,0.390312,-0.174414,0.119996,1.446681,0.000000,0.000000,0.566482,-0.402612,0.158188,0.053716,0.187053,0.000000,0.000000
-4.868358,4.639131,0.876411,0.090383,0.035876,0.913352,0.395388,-0.109102,-0.033374,0.130981,1.821862,-0.219968,-0.016858,0.048391,-0.123477,-0.063861,0.700358,-0.625755,-0.034884,0.088093,-0.004169,0.781998,0.401965,-0.156965,0.117192,1.438262,0.000000,0.000000,0.524854,-0.406683,0.170754,0.027859,0.186926,0.000000,0.000000
-4.883080,4.654714,0.874892,0.088639,0.038290,0.909643,0.404013,-0.157883,-0.032579,0.147573,1.770838,-0.228349,-0.022737,0.054376,-0.133294,-0.061890,0.719171,-0.626202,-0.038279,0.115292,-0.005713,0.815798,0.413725,-0.135116,0.108865,1.429965,0.000000,0.000000,0.481742,-0.410969,0.180252,0.004590,0.174659,0.000000,0.000000
-4.899751,4.671005,0.873324,0.083963,0.038521,0.906073,0.412914,-0.205405,-0.029282,0.154949,1.708441,-0.236329,-0.026821,0.059759,-0.136086,-0.051594,0.733149,-0.621735,-0.041311,0.144299,-0.007237,0.849944,0.421660,-0.111408,0.100389,1.416621,0.000000,0.000000,0.439943,-0.409226,0.185252,-0.022509,0.156525,0.000000,0.000000
-4.918403,4.689330,0.872437,0.078331,0.037596,0.902665,0.421481,-0.247649,-0.020985,0.159527,1.636445,-0.238610,-0.028837,0.067740,-0.134522,-0.038073,0.741311,-0.605167,-0.043986,0.172390,-0.008642,0.887029,0.426853,-0.089235,0.096149,1.403460,0.000000,0.000000,0.400813,-0.395769,0.193582,-0.057542,0.157371,0.000000,0.000000
-4.939487,4.709220,0.872831,0.072863,0.036406,0.899070,0.430162,-0.281903,-0.011505,0.166625,1.555249,-0.234086,-0.030472,0.079935,-0.135465,-0.031898,0.743304,-0.579644,-0.046259,0.201813,-0.010045,0.920642,0.433276,-0.055875,0.085729,1.397440,0.000000,0.000000,0.363958,-0.382643,0.198764,-0.090091,0.162491,0.000000,0.000000
-4.961542,4.731431,0.874199,0.067796,0.035828,0.895169,0.439081,-0.308450,0.001563,0.180744,1.464825,-0.227097,-0.032356,0.095227,-0.137385,-0.022937,0.740415,-0.542017,-0.049563,0.231778,-0.011523,0.955555,0.434883,-0.030551,0.077415,1.384243,0.000000,0.000000,0.330136,-0.374845,0.203677,-0.117368,0.154444,0.000000,0.000000
-4.984564,4.754223,0.876194,0.063034,0.035248,0.891698,0.446832,-0.329288,0.012067,0.190547,1.368284,-0.220101,-0.033086,0.112482,-0.139156,-0.012305,0.733036,-0.488085,-0.053389,0.259882,-0.012707,0.986355,0.437974,-0.007704,0.070303,1.368280,0.000000,0.000000,0.301076,-0.366763,0.209398,-0.142820,0.146001,0.000000,0.000000
-5.008307,4.777800,0.878872,0.058214,0.034510,0.888388,0.454077,-0.345167,0.022810,0.199588,1.264673,-0.201134,-0.032887,0.132170,-0.142643,-0.003957,0.717831,-0.410233,-0.057541,0.280718,-0.013531,1.018427,0.437911,0.027154,0.061935,1.354387,0.000000,0.000000,0.270033,-0.348709,0.171805,-0.176725,0.121647,0.000000,0.000000
-5.032471,4.800749,0.881314,0.053809,0.034030,0.886007,0.459279,-0.358379,0.030065,0.205068,1.158723,-0.173035,-0.032169,0.150598,-0.147628,-0.000318,0.705609,-0.336126,-0.061027,0.309236,-0.014636,1.041714,0.445586,0.043967,0.055553,1.352358,0.000000,0.000000,0.256492,-0.344355,0.190701,-0.208384,0.123058,0.000000,0.000000
-5.056939,4.824536,0.884254,0.048926,0.033704,0.883940,0.463811,-0.367536,0.038152,0.213544,1.044379,-0.133822,-0.031567,0.170638,-0.152078,0.003183,0.684139,-0.248796,-0.064139,0.331141,-0.015480,1.064738,0.446229,0.063645,0.045575,1.346166,0.000000,0.000000,0.238447,-0.336550,0.189273,-0.239508,0.119098,0.000000,0.000000
-5.081585,4.848532,0.886815,0.043672,0.034073,0.882422,0.467186,-0.374287,0.044653,0.222690,0.926904,-0.090815,-0.031137,0.189854,-0.157553,0.004562,0.662944,-0.158064,-0.066791,0.346730,-0.015612,1.083997,0.438844,0.083692,0.043047,1.345505,0.000000,0.000000,0.232408,-0.295029,0.178160,-0.276961,0.210249,0.000000,0.000000
-5.106415,4.871376,0.888977,0.038074,0.033959,0.880147,0.471953,-0.379021,0.050265,0.231950,0.808243,-0.044106,-0.030600,0.206855,-0.162947,0.011070,0.641851,-0.068578,-0.069903,0.365575,-0.016558,1.099793,0.434228,0.097680,0.036300,1.345182,0.000000,0.000000,0.219520,-0.290224,0.168051,-0.306662,0.234868,0.000000,0.000000
-5.131525,4.893847,0.890872,0.031968,0.034161,0.878028,0.476318,-0.381578,0.053965,0.239930,0.686253,0.008096,-0.029911,0.222066,-0.168788,0.020296,0.621411,0.013139,-0.073172,0.383127,-0.017161,1.114295,0.431019,0.111573,0.025603,1.342134,0.000000,0.000000,0.205090,-0.292028,0.160136,-0.336710,0.238161,0.000000,0.000000
-5.157123,4.916044,0.892280,0.025920,0.034346,0.877044,0.478478,-0.381815,0.054561,0.244749,0.559011,0.066744,-0.028892,0.237048,-0.175130,0.027428,0.603479,0.083784,-0.075827,0.398737,-0.017563,1.129680,0.428252,0.126618,0.013418,1.335459,0.000000,0.000000,0.194802,-0.290720,0.149943,-0.367434,0.242823,0.000000,0.000000
-5.182652,4.938064,0.893319,0.020131,0.034379,0.876455,0.479833,-0.379649,0.054237,0.247187,0.431843,0.120145,-0.027151,0.250749,-0.181757,0.032371,0.589854,0.145075,-0.077892,0.410371,-0.017899,1.142733,0.427114,0.137670,0.003361,1.325469,0.000000,0.000000,0.186185,-0.290241,0.141086,-0.395918,0.246472,0.000000,0.000000
-5.208081,4.959564,0.894192,0.015020,0.034301,0.875794,0.481230,-0.374673,0.054173,0.245605,0.302415,0.167767,-0.023988,0.263117,-0.190221,0.035977,0.582031,0.203681,-0.079856,0.420610,-0.018260,1.154470,0.428968,0.147259,-0.005492,1.327128,0.000000,0.000000,0.177312,-0.295163,0.136205,-0.421432,0.244636,0.000000,0.000000
-5.234003,4.980653,0.894682,0.009764,0.034075,0.875345,0.482198,-0.367862,0.052813,0.241631,0.174571,0.210353,-0.020498,0.273686,-0.199774,0.036543,0.580607,0.251470,-0.081336,0.429605,-0.018510,1.165471,0.426189,0.159818,-0.017305,1.324069,0.000000,0.000000,0.169340,-0.299632,0.133452,-0.446949,0.241928,0.000000,0.000000
-5.260130,5.001639,0.894622,0.005101,0.033252,0.875042,0.482876,-0.360685,0.049621,0.241485,0.055276,0.244353,-0.018162,0.282932,-0.208151,0.036850,0.586431,0.274841,-0.082594,0.437370,-0.019019,1.174198,0.422013,0.170964,-0.027779,1.313288,0.000000,0.000000,0.157736,-0.325308,0.123159,-0.468089,0.180064,0.000000,0.000000
-5.286088,5.022838,0.893813,-0.000950,0.032341,0.875181,0.482712,-0.359003,0.045839,0.245966,-0.017450,0.259698,-0.017756,0.286062,-0.210452,0.041017,0.598864,0.268129,-0.083478,0.441188,-0.018991,1.177212,0.421386,0.179131,-0.033389,1.312755,0.000000,0.000000,0.151480,-0.334152,0.118447,-0.485350,0.158469,0.000000,0.000000
-5.311865,5.043719,0.893874,-0.006565,0.028379,0.875706,0.481966,-0.358590,0.045604,0.246716,-0.017450,0.260873,-0.017733,0.286270,-0.210690,0.040289,0.602384,0.265343,-0.083447,0.441612,-0.018957,1.177644,0.421452,0.181007,-0.034211,1.313797,0.000000,0.000000,0.150870,-0.334491,0.118475,-0.487893,0.157640,0.000000,0.000000
-5.337915,5.064331,0.893898,-0.011500,0.024567,0.876901,0.479905,-0.355887,0.044268,0.248815,-0.017450,0.265154,-0.017620,0.286952,-0.210725,0.036612,0.625518,0.245073,-0.082985,0.441901,-0.018748,1.177848,0.418499,0.191307,-0.037904,1.318867,0.000000,0.000000,0.147807,-0.333068,0.115860,-0.501789,0.154937,0.000000,0.000000
-5.363670,5.085582,0.893838,-0.015571,0.021395,0.878730,0.476586,-0.354935,0.043793,0.249129,-0.017450,0.266952,-0.017627,0.287066,-0.210223,0.035664,0.633979,0.237604,-0.082732,0.441311,-0.018703,1.177495,0.417894,0.193454,-0.038547,1.318266,0.000000,0.000000,0.146884,-0.332638,0.114858,-0.505391,0.155016,0.000000,0.000000
-5.389560,5.106511,0.893464,-0.017902,0.016740,0.881720,0.471136,-0.349239,0.041042,0.249919,-0.017450,0.276403,-0.017849,0.288027,-0.207543,0.024909,0.685872,0.200099,-0.080477,0.434990,-0.018428,1.174378,0.416400,0.203495,-0.038659,1.309857,0.000000,0.000000,0.142841,-0.328655,0.107394,-0.519939,0.155396,0.000000,0.000000
-5.415623,5.127987,0.893074,-0.019679,0.013393,0.884800,0.465363,-0.344496,0.038342,0.249618,-0.017450,0.284600,-0.018250,0.288496,-0.204381,0.017429,0.728812,0.172381,-0.078324,0.427024,-0.018124,1.170082,0.414768,0.209950,-0.036431,1.304803,0.000000,0.000000,0.143080,-0.321998,0.102028,-0.527057,0.157735,0.000000,0.000000
-5.440502,5.150594,0.892970,-0.018185,0.014005,0.885868,0.463369,-0.336687,0.034678,0.249019,-0.017450,0.289785,-0.018921,0.289407,-0.205703,0.005153,0.792052,0.140533,-0.076308,0.415464,-0.017780,1.162108,0.411815,0.213671,-0.030447,1.301363,0.000000,0.000000,0.150613,-0.312002,0.099696,-0.531076,0.164035,0.000000,0.000000
-5.466161,5.172229,0.892181,-0.015615,0.011437,0.888240,0.458971,-0.325300,0.028957,0.247098,-0.017450,0.291104,-0.020012,0.291021,-0.210540,-0.013931,0.872718,0.112808,-0.073381,0.398248,-0.017489,1.151718,0.412843,0.217653,-0.020090,1.302786,0.000000,0.000000,0.164478,-0.306019,0.097702,-0.528524,0.165109,0.000000,0.000000
-5.492164,5.194042,0.890856,-0.011281,0.011059,0.890311,0.455079,-0.313539,0.020498,0.242313,-0.017450,0.287943,-0.021349,0.293060,-0.220177,-0.031956,0.946583,0.101275,-0.071258,0.382437,-0.017320,1.140458,0.412448,0.207558,-0.007107,1.310725,0.000000,0.000000,0.184153,-0.301179,0.098279,-0.519546,0.161916,0.000000,0.000000
-5.519145,5.215623,0.888884,-0.005646,0.011942,0.892376,0.451099,-0.298485,0.006061,0.232019,-0.017450,0.275595,-0.022965,0.296322,-0.237816,-0.053335,1.026156,0.103078,-0.069425,0.365940,-0.017018,1.123942,0.413512,0.187475,0.009947,1.321610,0.000000,0.000000,0.214147,-0.295257,0.099039,-0.498995,0.160570,0.000000,0.000000
-5.546348,5.237662,0.883331,0.001255,0.014052,0.894208,0.447430,-0.283725,-0.009600,0.219398,-0.017450,0.264665,-0.024488,0.299243,-0.255090,-0.067394,1.093287,0.110973,-0.068279,0.353266,-0.016705,1.106232,0.417752,0.166833,0.025578,1.331481,0.000000,0.000000,0.243735,-0.294933,0.096159,-0.473362,0.162266,0.000000,0.000000
-5.574100,5.259414,0.875953,0.007528,0.013983,0.896499,0.442760,-0.267930,-0.023132,0.201349,-0.017450,0.250120,-0.024590,0.300979,-0.265927,-0.074132,1.158662,0.116497,-0.066091,0.338955,-0.016284,1.086989,0.423239,0.146557,0.040441,1.341826,0.000000,0.000000,0.273703,-0.298022,0.090750,-0.443851,0.167275,0.000000,0.000000
-5.602447,5.280285,0.867400,0.014007,0.012679,0.899852,0.435787,-0.250731,-0.035230,0.172722,-0.017450,0.233631,-0.022587,0.302151,-0.272050,-0.079658,1.226772,0.117213,-0.062550,0.320852,-0.015659,1.066746,0.432137,0.123832,0.054708,1.360330,0.000000,0.000000,0.305112,-0.303514,0.087442,-0.409639,0.167218,0.000000,0.000000
-5.630661,5.300677,0.859598,0.019904,0.011906,0.904261,0.426350,-0.233147,-0.049127,0.141576,-0.017450,0.217319,-0.020668,0.299631,-0.272070,-0.084770,1.295786,0.110970,-0.058008,0.300124,-0.014946,1.044508,0.440606,0.099685,0.068307,1.387586,0.000000,0.000000,0.336068,-0.308772,0.083877,-0.373342,0.167467,0.000000,0.000000
-5.658266,5.319914,0.853928,0.024525,0.011732,0.907549,0.419066,-0.214773,-0.059431,0.090702,-0.007795,0.153886,-0.013951,0.289533,-0.273756,-0.086887,1.370814,0.092201,-0.054355,0.279791,-0.014170,1.012134,0.443435,0.071355,0.086416,1.409324,0.000000,0.000000,0.365616,-0.312847,0.083611,-0.333473,0.171982,0.000000,0.000000
-5.684494,5.340301,0.850097,0.027830,0.011440,0.911486,0.410230,-0.198590,-0.068656,0.048783,0.040062,0.064790,-0.008742,0.277563,-0.270654,-0.091544,1.440295,0.078014,-0.050110,0.258350,-0.013327,0.980249,0.448288,0.045333,0.098934,1.410908,0.000000,0.000000,0.393491,-0.312455,0.080877,-0.296737,0.175826,0.000000,0.000000
-5.709419,5.361572,0.852713,0.030962,0.010128,0.915307,0.401436,-0.183795,-0.076052,0.017006,0.096674,-0.029658,-0.005058,0.263733,-0.261031,-0.093899,1.506890,0.063401,-0.045281,0.234478,-0.012399,0.950344,0.450677,0.020669,0.111161,1.410167,0.000000,0.000000,0.422463,-0.310821,0.081456,-0.259934,0.159623,0.000000,0.000000
-5.735335,5.382379,0.855486,0.034870,0.008525,0.919059,0.392483,-0.168357,-0.085077,-0.007704,0.155437,-0.117014,-0.003122,0.251396,-0.257338,-0.099378,1.569340,0.058160,-0.040931,0.207040,-0.011354,0.921506,0.453821,0.001537,0.115961,1.415301,0.000000,0.000000,0.450136,-0.310677,0.085797,-0.220455,0.138331,0.000000,0.000000
-5.758278,5.405142,0.856807,0.039703,0.006006,0.923143,0.382354,-0.151898,-0.089112,-0.033232,0.218639,-0.198579,-0.000239,0.234039,-0.236552,-0.101793,1.632270,0.050159,-0.034805,0.176276,-0.010082,0.890842,0.453492,-0.020071,0.125031,1.414158,0.000000,0.000000,0.478474,-0.304778,0.089595,-0.176769,0.134986,0.000000,0.000000
-5.781044,5.425206,0.856415,0.043877,0.003665,0.927562,0.371067,-0.136708,-0.094815,-0.064899,0.279182,-0.276388,0.002994,0.211865,-0.217656,-0.103661,1.694900,0.049511,-0.028991,0.144217,-0.008759,0.849474,0.449728,-0.053835,0.143993,1.407051,0.000000,0.000000,0.504764,-0.297941,0.090192,-0.129951,0.149710,0.000000,0.000000
-5.803810,5.443990,0.854818,0.048749,0.001767,0.931484,0.360496,-0.119326,-0.103115,-0.099651,0.331211,-0.335470,0.005991,0.190219,-0.206362,-0.110074,1.747641,0.060781,-0.024158,0.114999,-0.007436,0.803623,0.447323,-0.097366,0.168199,1.410255,0.000000,0.000000,0.531215,-0.294734,0.091684,-0.078937,0.160450,0.000000,0.000000
-5.826689,5.462811,0.852922,0.052398,0.000427,0.935565,0.349245,-0.099583,-0.111894,-0.136487,0.371531,-0.376214,0.009138,0.166089,-0.193603,-0.116268,1.787631,0.045850,-0.021230,0.087601,-0.006068,0.750132,0.441455,-0.139431,0.193219,1.425331,0.000000,0.000000,0.559715,-0.294817,0.089155,-0.026087,0.158828,0.000000,0.000000
-5.851045,5.479996,0.850587,0.057026,-0.002136,0.938762,0.339808,-0.075627,-0.119983,-0.162073,0.406088,-0.407716,0.010780,0.144265,-0.193720,-0.122914,1.818763,0.076357,-0.018324,0.061494,-0.004496,0.692397,0.445263,-0.184357,0.214769,1.449266,0.000000,0.000000,0.589993,-0.295676,0.091361,0.036583,0.142556,0.000000,0.000000
-5.874341,5.499373,0.849508,0.060842,-0.007120,0.939914,0.335870,-0.047986,-0.117929,-0.166649,0.432520,-0.439119,0.011664,0.120255,-0.184043,-0.118550,1.833045,0.089404,-0.016234,0.046148,-0.003198,0.633934,0.455788,-0.224957,0.223012,1.473082,0.000000,0.000000,0.620797,-0.294804,0.100294,0.097151,0.141314,0.000000,0.000000
-5.896770,5.519811,0.853714,0.064332,-0.011616,0.942528,0.327671,-0.019219,-0.113253,-0.170403,0.455485,-0.473187,0.013027,0.095066,-0.167191,-0.127296,1.829624,0.001077,-0.017382,0.022040,-0.001734,0.574320,0.472169,-0.261993,0.225316,1.475438,0.000000,0.000000,0.651472,-0.287551,0.104389,0.135780,0.182420,0.000000,0.000000
-5.918252,5.538306,0.861511,0.067275,-0.015779,0.944373,0.321535,0.006958,-0.108388,-0.173809,0.472986,-0.494728,0.014518,0.068890,-0.154030,-0.132769,1.823111,-0.020834,-0.016719,0.001565,-0.000578,0.516305,0.479135,-0.294324,0.229469,1.475231,0.000000,0.000000,0.684783,-0.285242,0.129515,0.166633,0.192295,0.000000,0.000000
-5.937356,5.554132,0.872825,0.069935,-0.019494,0.946050,0.315782,0.030521,-0.103771,-0.176776,0.486270,-0.504158,0.015981,0.037391,-0.143645,-0.136698,1.810194,-0.026771,-0.015311,-0.019919,0.000580,0.458213,0.480172,-0.317904,0.233787,1.480491,0.000000,0.000000,0.707092,-0.279942,0.168909,0.191163,0.196856,0.000000,0.000000
-5.952879,5.568317,0.885803,0.069802,-0.021708,0.948489,0.308260,0.047727,-0.096774,-0.180727,0.492638,-0.512491,0.018232,-0.003358,-0.130575,-0.142521,1.789345,-0.040713,-0.012902,-0.053576,0.002164,0.401897,0.481292,-0.317289,0.227267,1.476852,0.000000,0.000000,0.734512,-0.285637,0.110047,0.230309,0.242583,0.000000,0.000000
-5.964746,5.580224,0.891812,0.070937,-0.022604,0.950978,0.300164,0.059301,-0.091087,-0.183657,0.500791,-0.510536,0.020161,-0.048072,-0.122704,-0.147325,1.769307,-0.049514,-0.010440,-0.078967,0.003666,0.350537,0.477782,-0.326455,0.222750,1.471265,0.000000,0.000000,0.760022,-0.295520,0.112407,0.261427,0.250920,0.000000,0.000000
-5.977004,5.591808,0.894399,0.065173,-0.021663,0.954674,0.289622,0.063501,-0.082728,-0.187797,0.499579,-0.502823,0.023011,-0.100883,-0.116257,-0.159306,1.739420,-0.035892,-0.006187,-0.107874,0.005192,0.294530,0.472553,-0.325208,0.207215,1.482322,0.000000,0.000000,0.781137,-0.310460,0.123963,0.286096,0.195063,0.000000,0.000000
-5.991172,5.601486,0.896667,0.059249,-0.018662,0.956992,0.283384,0.067369,-0.081857,-0.188204,0.494363,-0.493544,0.023322,-0.155008,-0.126867,-0.172891,1.699841,-0.035142,-0.003892,-0.135715,0.006610,0.245164,0.463403,-0.312227,0.187364,1.488280,0.000000,0.000000,0.795167,-0.318777,0.127486,0.299949,0.180683,0.000000,0.000000
-6.000518,5.620002,0.898548,0.056199,-0.012957,0.959211,0.276747,0.074185,-0.076415,-0.190761,0.489642,-0.475317,0.025307,-0.209376,-0.108655,-0.172305,1.641747,-0.021057,0.001957,-0.162561,0.007879,0.202415,0.448226,-0.303937,0.167105,1.481494,0.000000,0.000000,0.810499,-0.329500,0.127628,0.313162,0.173477,0.000000,0.000000
-6.017373,5.637817,0.901246,0.049442,-0.007768,0.962367,0.267105,0.083268,-0.072929,-0.192281,0.480100,-0.452638,0.026628,-0.254002,-0.107863,-0.179563,1.572803,-0.021201,0.005688,-0.198223,0.009407,0.166585,0.438183,-0.283749,0.138658,1.468774,0.000000,0.000000,0.823876,-0.346187,0.123127,0.319357,0.157467,0.000000,0.000000
-6.037744,5.657139,0.905691,0.043870,-0.003295,0.965761,0.255675,0.096456,-0.068935,-0.193916,0.469625,-0.429458,0.028131,-0.285958,-0.114114,-0.199380,1.498069,-0.023452,0.010532,-0.235390,0.011138,0.131517,0.442705,-0.267543,0.113736,1.530434,0.000000,0.000000,0.844771,-0.351503,0.112911,0.315156,0.178841,0.000000,0.000000
-6.061589,5.677639,0.911202,0.040835,0.001653,0.966757,0.252411,0.116399,-0.072148,-0.192234,0.457680,-0.395387,0.027130,-0.307590,-0.124189,-0.213130,1.419130,-0.029796,0.012626,-0.259392,0.011866,0.112223,0.426265,-0.255053,0.084862,1.533715,0.000000,0.000000,0.867613,-0.357646,0.107141,0.309675,0.203544,0.000000,0.000000
-6.088001,5.695402,0.916211,0.040850,0.008271,0.969134,0.242987,0.141257,-0.081088,-0.188336,0.444157,-0.324372,0.024063,-0.322690,-0.154543,-0.235232,1.349776,0.015903,0.012183,-0.278715,0.013019,0.081221,0.459138,-0.265904,0.058520,1.570800,0.000000,0.000000,0.901095,-0.359827,0.081470,0.305495,0.200843,0.000000,0.000000
-6.109690,5.719609,0.922750,0.037866,0.011568,0.972325,0.230254,0.161946,-0.068912,-0.192913,0.428393,-0.284855,0.028526,-0.337178,-0.153076,-0.269474,1.243856,-0.062888,0.021344,-0.302246,0.013587,0.051360,0.447961,-0.256896,0.019855,1.570800,0.000000,0.000000,0.934187,-0.357417,0.056647,0.296605,0.184063,0.000000,0.000000
-6.133181,5.740867,0.927642,0.034598,0.013523,0.974000,0.223484,0.181474,-0.061764,-0.195026,0.415525,-0.236398,0.031150,-0.346761,-0.155267,-0.288966,1.162609,-0.049360,0.025547,-0.321843,0.014208,0.035751,0.431713,-0.248737,-0.018754,1.570800,0.000000,0.000000,0.958776,-0.356697,0.045414,0.287977,0.177776,0.000000,0.000000
-6.155488,5.760624,0.932104,0.031134,0.016688,0.976017,0.214808,0.197417,-0.056550,-0.196167,0.410224,-0.190320,0.032991,-0.356708,-0.161775,-0.312285,1.067309,-0.043195,0.029237,-0.347145,0.015226,0.021532,0.435523,-0.257058,-0.068874,1.570800,0.000000,0.000000,0.983381,-0.356729,0.027797,0.275808,0.181531,0.000000,0.000000
-6.175928,5.780519,0.937582,0.027490,0.022624,0.980314,0.194209,0.203382,-0.045134,-0.198958,0.419436,-0.157058,0.037173,-0.364172,-0.175224,-0.342523,0.967745,-0.019391,0.032462,-0.372208,0.015680,-0.002491,0.419115,-0.263098,-0.114633,1.515626,0.000000,0.000000,1.014194,-0.340897,-0.007054,0.261127,0.192247,0.000000,0.000000
-6.197031,5.802134,0.941469,0.025620,0.026864,0.982087,0.184733,0.212755,-0.029594,-0.175057,0.435578,-0.129781,0.037963,-0.368361,-0.182343,-0.356578,0.873406,0.013061,0.032773,-0.394787,0.016329,-0.021618,0.410891,-0.262811,-0.150701,1.468898,0.000000,0.000000,1.039901,-0.332257,-0.026819,0.250373,0.200519,0.000000,0.000000
-6.217788,5.826505,0.944717,0.023999,0.028336,0.982578,0.182104,0.225255,-0.005616,-0.135627,0.456501,-0.093110,0.038493,-0.368248,-0.176871,-0.354286,0.768189,0.038899,0.031082,-0.411343,0.017236,-0.044248,0.435346,-0.258182,-0.180199,1.492592,0.000000,0.000000,1.064130,-0.337579,-0.038926,0.243358,0.198952,0.000000,0.000000
-6.239641,5.851447,0.947451,0.023629,0.027562,0.983519,0.177120,0.240361,0.030991,-0.079960,0.481308,-0.066675,0.040175,-0.362807,-0.169608,-0.351671,0.669942,0.064814,0.029267,-0.424384,0.017581,-0.047915,0.453380,-0.268182,-0.216028,1.518734,0.000000,0.000000,1.086931,-0.332202,-0.057364,0.238093,0.182600,0.000000,0.000000
-6.262827,5.876527,0.950874,0.021913,0.024587,0.983193,0.179576,0.256409,0.063667,-0.039908,0.511210,-0.070543,0.043446,-0.351443,-0.152673,-0.343710,0.548562,0.073182,0.026973,-0.423740,0.016691,-0.025305,0.413119,-0.277622,-0.266771,1.300814,0.000000,0.000000,1.112352,-0.316736,-0.065005,0.230976,0.167645,0.000000,0.000000
-6.286420,5.898257,0.951554,0.021342,0.026098,0.984478,0.172238,0.266609,0.095275,-0.001251,0.554350,-0.087006,0.046894,-0.346879,-0.156263,-0.349570,0.472407,0.122206,0.025356,-0.428342,0.017327,-0.045681,0.427877,-0.271485,-0.294783,1.287549,0.000000,0.000000,1.128685,-0.306986,-0.081238,0.228686,0.167602,0.000000,0.000000
-6.308846,5.918954,0.953822,0.018500,0.026700,0.984745,0.170945,0.271175,0.116772,0.017403,0.615111,-0.100143,0.050360,-0.337062,-0.152331,-0.351288,0.350534,0.159421,0.023257,-0.421667,0.017470,-0.080845,0.457447,-0.258985,-0.350649,1.375850,0.000000,0.000000,1.148437,-0.299895,-0.101314,0.213233,0.179316,0.000000,0.000000
-6.331530,5.939075,0.956381,0.015733,0.032337,0.985111,0.168119,0.273979,0.127263,0.035453,0.667510,-0.129572,0.050533,-0.329243,-0.157069,-0.351986,0.240343,0.180469,0.018292,-0.423422,0.017140,-0.075364,0.440106,-0.306671,-0.399323,1.274542,0.000000,0.000000,1.159214,-0.303724,-0.113633,0.207089,0.189048,0.000000,0.000000
-6.353127,5.960141,0.956389,0.014493,0.034865,0.985003,0.168357,0.282413,0.141512,0.047880,0.711633,-0.126601,0.052952,-0.326456,-0.156593,-0.360452,0.162038,0.201124,0.017550,-0.421638,0.017166,-0.080588,0.437494,-0.314542,-0.407668,1.222203,0.000000,0.000000,1.171356,-0.294559,-0.129090,0.206236,0.181847,0.000000,0.000000
-6.374352,5.982614,0.958851,0.013548,0.039410,0.985582,0.163988,0.288706,0.154334,0.042596,0.757566,-0.130143,0.057800,-0.313133,-0.161502,-0.359492,0.055333,0.265031,0.013468,-0.418004,0.017657,-0.111692,0.496365,-0.318337,-0.383579,1.421196,0.000000,0.000000,1.183918,-0.274687,-0.154307,0.198419,0.173708,0.000000,0.000000
-6.399890,6.006876,0.960742,0.011736,0.042714,0.985663,0.162806,0.293008,0.170572,0.049279,0.799353,-0.133595,0.061717,-0.304283,-0.166540,-0.353196,-0.008044,0.295668,0.009553,-0.410398,0.016768,-0.134356,0.496983,-0.297265,-0.406247,1.503384,0.000000,0.000000,1.188184,-0.260517,-0.172047,0.193540,0.171412,0.000000,0.000000
-6.427268,6.034936,0.964995,0.014629,0.042772,0.985732,0.162136,0.296697,0.197956,0.066348,0.849565,-0.140802,0.067359,-0.291768,-0.155994,-0.370505,-0.017450,0.368483,0.016462,-0.388573,0.015610,-0.138160,0.475855,-0.311184,-0.427329,1.501281,0.000000,0.000000,1.196399,-0.241959,-0.185020,0.191955,0.174863,0.000000,0.000000
-6.447743,6.057364,0.969019,0.036305,0.040083,0.983597,0.172084,0.331937,0.314969,0.290614,0.961117,0.009805,0.065996,-0.260371,-0.153911,-0.390028,-0.017450,0.434323,0.021727,-0.340726,0.013622,-0.103570,0.456137,-0.325670,-0.448961,1.482357,0.000000,0.000000,1.263282,-0.205549,-0.248570,0.165969,0.142698,0.000000,0.000000
-6.469675,6.083538,0.968443,0.030967,0.046176,0.982615,0.177136,0.330113,0.314075,0.260013,0.994582,-0.020570,0.069648,-0.258571,-0.149293,-0.387075,-0.017450,0.420383,0.021769,-0.323831,0.013514,-0.107287,0.456706,-0.331318,-0.456076,1.497010,0.000000,0.000000,1.258467,-0.195767,-0.253582,0.163561,0.131856,0.000000,0.000000
-6.489654,6.105421,0.965819,0.029283,0.050571,0.982230,0.178349,0.326817,0.312194,0.228259,1.056460,-0.054094,0.072697,-0.256650,-0.146811,-0.386254,-0.017450,0.375321,0.020159,-0.305527,0.013021,-0.110637,0.451507,-0.338902,-0.464606,1.491101,0.000000,0.000000,1.250353,-0.188285,-0.269656,0.159951,0.128351,0.000000,0.000000
-6.509055,6.128969,0.961089,0.029497,0.051554,0.982222,0.178080,0.327012,0.313872,0.226896,1.062872,-0.055120,0.073299,-0.256380,-0.145915,-0.385500,-0.017450,0.381237,0.020292,-0.304368,0.012986,-0.110151,0.451580,-0.339344,-0.465135,1.489841,0.000000,0.000000,1.249992,-0.187310,-0.271028,0.159469,0.129089,0.000000,0.000000
-6.526145,6.149395,0.954656,0.032003,0.052963,0.981254,0.182512,0.333649,0.341502,0.236026,1.148818,-0.051826,0.078122,-0.253227,-0.138118,-0.378815,-0.017450,0.437027,0.022170,-0.284584,0.012454,-0.098730,0.461347,-0.346345,-0.466350,1.487649,0.000000,0.000000,1.257785,-0.198479,-0.290811,0.157413,0.049599,0.000000,0.000000
-6.548681,6.167139,0.949884,0.017455,0.055636,0.982123,0.178980,0.308085,0.280225,0.105337,1.214614,-0.127910,0.075788,-0.257197,-0.132965,-0.371311,-0.017450,0.471451,0.023450,-0.276186,0.012743,-0.108492,0.479861,-0.343311,-0.463147,1.470016,0.000000,0.000000,1.226960,-0.190281,-0.284215,0.157692,0.055664,0.000000,0.000000
-6.568940,6.185962,0.944457,0.017433,0.060146,0.981988,0.178266,0.299695,0.257956,0.064329,1.273724,-0.155208,0.074250,-0.257702,-0.137296,-0.374866,-0.017450,0.480539,0.023420,-0.271011,0.012230,-0.105628,0.473361,-0.335436,-0.453612,1.438780,0.000000,0.000000,1.211111,-0.188563,-0.293687,0.154501,0.073551,0.000000,0.000000
-6.590929,6.206488,0.939998,0.017732,0.062740,0.981618,0.179372,0.294540,0.243771,0.039358,1.332003,-0.168458,0.071893,-0.255088,-0.139506,-0.378080,-0.017450,0.483843,0.023801,-0.261543,0.012263,-0.100829,0.486007,-0.322687,-0.443034,1.468490,0.000000,0.000000,1.201936,-0.197211,-0.303835,0.150586,0.069544,0.000000,0.000000
-6.614249,6.226173,0.935962,0.018674,0.064013,0.980910,0.182670,0.291003,0.232784,0.022178,1.386703,-0.178033,0.069035,-0.249744,-0.139943,-0.380888,-0.017450,0.487959,0.024517,-0.249985,0.012180,-0.089454,0.496040,-0.310922,-0.435503,1.509722,0.000000,0.000000,1.192812,-0.203970,-0.309765,0.143920,0.074275,0.000000,0.000000
-6.638740,6.243522,0.932141,0.020888,0.065930,0.979562,0.188880,0.288078,0.219448,0.010382,1.449928,-0.184578,0.063874,-0.241810,-0.142840,-0.387647,-0.017450,0.491325,0.025200,-0.233838,0.011913,-0.051075,0.512368,-0.300583,-0.396303,1.565846,0.000000,0.000000,1.181040,-0.214041,-0.316175,0.140763,0.081781,0.000000,0.000000
-6.665340,6.258971,0.928476,0.027474,0.068990,0.979498,0.187269,0.294997,0.242699,0.055467,1.504823,-0.193834,0.061039,-0.228622,-0.157883,-0.410576,-0.017450,0.473874,0.024799,-0.226213,0.010916,0.009434,0.459685,-0.332103,-0.383573,1.273265,0.000000,0.000000,1.169371,-0.223886,-0.321327,0.140817,0.136204,0.000000,0.000000
-6.691006,6.277148,0.923285,0.030045,0.069594,0.979130,0.188570,0.295127,0.242175,0.058511,1.542676,-0.195090,0.059007,-0.218611,-0.162929,-0.418228,-0.017450,0.467238,0.024664,-0.215418,0.011197,0.033968,0.462043,-0.347274,-0.366849,1.227828,0.000000,0.000000,1.156746,-0.223846,-0.323137,0.136768,0.165817,0.000000,0.000000
-6.714717,6.297688,0.917010,0.031992,0.069255,0.977982,0.194248,0.290502,0.231349,0.052356,1.593577,-0.198912,0.054819,-0.205672,-0.162303,-0.417688,-0.017450,0.464425,0.024536,-0.196747,0.010878,0.064757,0.459458,-0.343800,-0.337376,1.224162,0.000000,0.000000,1.139016,-0.227540,-0.324126,0.133136,0.186945,0.000000,0.000000
-6.737794,6.318217,0.901934,0.033606,0.070775,0.977427,0.196210,0.281648,0.225600,0.050204,1.643834,-0.205225,0.051141,-0.192708,-0.163499,-0.421557,0.000894,0.468989,0.025145,-0.175640,0.010438,0.091599,0.458718,-0.333022,-0.304028,1.256920,0.000000,0.000000,1.126899,-0.241596,-0.324033,0.135622,0.178500,0.000000,0.000000
-6.761808,6.336585,0.886443,0.035148,0.073349,0.976994,0.197148,0.272260,0.225775,0.055277,1.689937,-0.218068,0.048725,-0.178641,-0.170565,-0.425189,0.039062,0.454788,0.023872,-0.159917,0.009959,0.119226,0.456048,-0.321167,-0.271447,1.277309,0.000000,0.000000,1.110156,-0.260354,-0.337595,0.122932,0.176928,0.000000,0.000000
-6.786966,6.352448,0.880259,0.037744,0.077755,0.976610,0.196884,0.264454,0.234446,0.068218,1.732666,-0.239272,0.048027,-0.159772,-0.187441,-0.410607,0.076635,0.390918,0.014789,-0.149495,0.009775,0.148679,0.457121,-0.314250,-0.237148,1.298741,0.000000,0.000000,1.098875,-0.287738,-0.351937,0.112410,0.151615,0.000000,0.000000
-6.804303,6.377284,0.884324,0.041738,0.090619,0.975835,0.194401,0.250271,0.321302,0.167707,1.786932,-0.502977,0.070857,-0.139619,-0.206238,-0.374121,0.109204,0.156772,-0.001361,-0.143407,0.009798,0.182166,0.451426,-0.296158,-0.209333,1.292174,0.000000,0.000000,1.096870,-0.332783,-0.394754,0.101480,0.052250,0.000000,0.000000
-6.822789,6.399166,0.886408,0.044572,0.094778,0.975021,0.195871,0.231777,0.332866,0.193407,1.834844,-0.586967,0.074143,-0.130111,-0.209545,-0.363107,0.161252,0.109880,-0.004720,-0.132717,0.009789,0.212734,0.455385,-0.323898,-0.197397,1.250429,0.000000,0.000000,1.082701,-0.352238,-0.400257,0.099157,0.039197,0.000000,0.000000
-6.840846,6.426782,0.886291,0.047174,0.095645,0.974421,0.197816,0.204299,0.315342,0.194441,1.869215,-0.595449,0.068849,-0.118166,-0.203430,-0.355469,0.216943,0.059231,-0.004428,-0.114111,0.009486,0.246427,0.467790,-0.335800,-0.169443,1.235657,0.000000,0.000000,1.070049,-0.363553,-0.403441,0.093091,0.021120,0.000000,0.000000
-6.864304,6.453160,0.881522,0.058377,0.078196,0.969003,0.226959,0.185864,0.213341,0.095534,1.878045,-0.595151,0.054161,-0.088347,-0.170274,-0.299953,0.285547,-0.053891,-0.005768,-0.076649,0.008385,0.317656,0.496690,-0.323759,-0.113266,1.275160,0.000000,0.000000,1.043380,-0.374194,-0.329719,0.109761,0.005312,0.000000,0.000000
-6.889040,6.472890,0.878245,0.066629,0.076272,0.966723,0.234925,0.171464,0.167427,0.090793,1.886327,-0.593070,0.042313,-0.065008,-0.171053,-0.292650,0.341395,-0.124512,-0.007867,-0.052641,0.007097,0.370738,0.502032,-0.322687,-0.081491,1.279604,0.000000,0.000000,1.018930,-0.386121,-0.312310,0.123295,-0.043233,0.000000,0.000000
-6.909722,6.491438,0.874374,0.071026,0.075895,0.964917,0.241103,0.146470,0.151136,0.086979,1.893770,-0.591840,0.037918,-0.043730,-0.171708,-0.289334,0.385825,-0.184107,-0.009125,-0.025807,0.006086,0.414446,0.504879,-0.326182,-0.043500,1.293491,0.000000,0.000000,0.999508,-0.422331,-0.289284,0.134756,-0.140214,0.000000,0.000000
-6.914048,6.527368,0.870233,0.074004,0.072442,0.952805,0.285372,0.141925,0.237830,0.182592,1.922793,-0.591083,0.046015,-0.028615,-0.123980,-0.174746,0.401914,-0.229570,-0.016139,-0.006587,0.005304,0.503651,0.481475,-0.248618,0.001860,1.302346,0.000000,0.000000,0.945280,-0.501418,-0.207460,0.134555,-0.178545,0.000000,0.000000
-6.932769,6.545396,0.866337,0.074957,0.070081,0.948929,0.298336,0.116094,0.224213,0.197243,1.916787,-0.590823,0.040082,-0.010721,-0.120670,-0.161951,0.424668,-0.257728,-0.017755,0.017050,0.004364,0.547004,0.475071,-0.237004,0.040397,1.323773,0.000000,0.000000,0.897279,-0.510447,-0.171392,0.135513,-0.142382,0.000000,0.000000
-6.949043,6.565822,0.862474,0.076755,0.070271,0.945903,0.307307,0.085648,0.213842,0.211671,1.895276,-0.591598,0.034656,0.008855,-0.121082,-0.159557,0.443635,-0.284632,-0.018588,0.043695,0.002919,0.579455,0.472907,-0.227652,0.088690,1.346193,0.000000,0.000000,0.853881,-0.527761,-0.145523,0.135117,-0.153508,0.000000,0.000000
-6.963109,6.584494,0.859280,0.080538,0.070971,0.943609,0.313174,0.051789,0.196804,0.223619,1.862923,-0.593031,0.027376,0.028294,-0.122639,-0.156417,0.458178,-0.308237,-0.019847,0.072317,0.001445,0.602995,0.463117,-0.234004,0.143253,1.351813,0.000000,0.000000,0.813195,-0.531760,-0.124519,0.140115,-0.200564,0.000000,0.000000
-6.971680,6.605156,0.857224,0.078278,0.069049,0.942512,0.317451,0.006699,0.183973,0.220977,1.817694,-0.595998,0.022842,0.037498,-0.090867,-0.088432,0.450266,-0.296227,-0.023244,0.095103,0.000114,0.623853,0.452178,-0.228343,0.200913,1.348417,0.000000,0.000000,0.764527,-0.544725,-0.096195,0.136804,-0.254712,0.000000,0.000000
-6.985018,6.619183,0.854023,0.074854,0.065203,0.940761,0.324214,-0.035672,0.151487,0.210621,1.768517,-0.598956,0.014005,0.046409,-0.087871,-0.101409,0.454070,-0.273285,-0.020506,0.118217,-0.001108,0.646306,0.450890,-0.219401,0.241227,1.355173,0.000000,0.000000,0.711020,-0.536183,-0.063608,0.135180,-0.231773,0.000000,0.000000
