0.000000,0.000000,0.856617,-0.008756,-0.022909,0.829789,0.557538,-0.206941,0.091444,0.350809,-0.017450,0.143126,-0.019866,0.151695,-0.234742,0.148437,1.169437,0.070945,-0.091490,0.404508,-0.017001,0.938241,0.330052,0.112287,0.277726,1.264330,0.000000,0.000000,0.288410,-0.334639,0.332756,-0.124407,0.134787,0.000000,0.000000
-0.022715,0.009458,0.854308,0.000641,-0.018452,0.847467,0.530526,-0.214282,0.051447,0.303419,0.004608,0.142730,-0.022849,0.151498,-0.244496,0.117265,1.273216,0.027949,-0.084256,0.337290,-0.013559,0.995633,0.267602,0.130224,0.205836,1.393676,0.000000,0.000000,0.374749,-0.376484,0.304825,-0.170487,0.165333,0.000000,0.000000
-0.044876,0.026365,0.857671,0.003376,-0.017101,0.854546,0.519084,-0.206594,0.031100,0.282137,0.040646,0.131492,-0.025190,0.146244,-0.238206,0.115868,1.331116,0.008459,-0.080026,0.307646,-0.012501,0.992186,0.244044,0.122987,0.191371,1.388592,0.000000,0.000000,0.395703,-0.397021,0.310852,-0.179238,0.160199,0.000000,0.000000
-0.066379,0.044596,0.860265,0.006981,-0.013062,0.857556,0.514177,-0.193396,0.010101,0.261177,0.072681,0.101689,-0.027258,0.136074,-0.235605,0.126843,1.391172,-0.010487,-0.077753,0.281792,-0.011364,0.975980,0.242288,0.113383,0.195703,1.445893,0.000000,0.000000,0.414097,-0.414002,0.304288,-0.165245,0.155795,0.000000,0.000000
-0.087837,0.062946,0.861542,0.012364,-0.010750,0.867606,0.496982,-0.179483,-0.014807,0.235073,0.107916,0.035806,-0.028268,0.130520,-0.218324,0.130297,1.460394,-0.039633,-0.071617,0.279973,-0.010870,0.948092,0.264718,0.083649,0.201826,1.481054,0.000000,0.000000,0.450566,-0.406562,0.247960,-0.146838,0.160280,0.000000,0.000000
-0.107065,0.082603,0.862964,0.016343,-0.010652,0.869083,0.494282,-0.163414,-0.024094,0.217752,0.143535,-0.032696,-0.026813,0.120349,-0.202293,0.147864,1.515198,-0.056195,-0.067572,0.272534,-0.010425,0.925887,0.273768,0.056674,0.204336,1.483952,0.000000,0.000000,0.476644,-0.401307,0.236139,-0.129978,0.185861,0.000000,0.000000
-0.124380,0.101906,0.864028,0.019902,-0.013187,0.869807,0.492814,-0.146433,-0.025268,0.213820,0.186792,-0.107003,-0.025766,0.106968,-0.182237,0.165750,1.569309,-0.072510,-0.063080,0.259531,-0.009857,0.905167,0.277432,0.047192,0.213657,1.483780,0.000000,0.000000,0.497300,-0.399215,0.230360,-0.108132,0.198529,0.000000,0.000000
-0.143600,0.119374,0.864027,0.022102,-0.012918,0.874716,0.483960,-0.131307,-0.035803,0.188987,0.219361,-0.158669,-0.023885,0.093240,-0.165402,0.173726,1.616861,-0.087014,-0.058720,0.254468,-0.009524,0.876849,0.295902,0.023268,0.219500,1.481834,0.000000,0.000000,0.519477,-0.389315,0.210448,-0.079411,0.219796,0.000000,0.000000
-0.162641,0.135232,0.862809,0.027454,-0.016762,0.878305,0.477017,-0.115733,-0.043317,0.165863,0.262345,-0.214991,-0.021829,0.080387,-0.155848,0.170416,1.666209,-0.087962,-0.053814,0.248741,-0.009276,0.847133,0.319185,-0.011575,0.235959,1.476482,0.000000,0.000000,0.541635,-0.391594,0.212776,-0.042637,0.254896,0.000000,0.000000
-0.181174,0.155627,0.859911,0.033004,-0.018701,0.881964,0.469787,-0.100793,-0.045730,0.162783,0.320433,-0.283612,-0.021951,0.068710,-0.134915,0.180728,1.712283,-0.100516,-0.048987,0.238490,-0.009203,0.814909,0.339021,-0.044387,0.250578,1.475033,0.000000,0.000000,0.549744,-0.419486,0.235694,-0.007078,0.173939,0.000000,0.000000
-0.203321,0.176149,0.856069,0.038863,-0.023340,0.883797,0.465670,-0.084831,-0.045735,0.160699,0.377436,-0.338408,-0.022060,0.061675,-0.123117,0.181247,1.741603,-0.098902,-0.045161,0.223972,-0.008470,0.791445,0.346944,-0.059372,0.261994,1.472219,0.000000,0.000000,0.551560,-0.429093,0.237161,0.053820,0.149650,0.000000,0.000000
-0.238647,0.186325,0.844549,0.049110,-0.026016,0.933990,0.352951,-0.081074,-0.081733,0.001091,0.498975,-0.431883,-0.005395,0.103548,-0.130925,-0.042350,1.763102,-0.119054,-0.026178,0.104197,-0.004406,0.723404,0.419725,-0.196044,0.289443,1.452037,0.000000,0.000000,0.639050,-0.375972,0.121320,0.092475,0.080817,0.000000,0.000000
-0.260532,0.204754,0.838669,0.053924,-0.028157,0.939105,0.338204,-0.063374,-0.082189,-0.019607,0.546117,-0.473196,-0.002584,0.097697,-0.128818,-0.066111,1.775198,-0.117425,-0.023547,0.059510,-0.002762,0.697065,0.416496,-0.215034,0.303390,1.456063,0.000000,0.000000,0.674881,-0.345596,0.089105,0.127239,0.083887,0.000000,0.000000
-0.281690,0.218339,0.833737,0.059508,-0.030275,0.943290,0.325187,-0.042211,-0.088280,-0.050268,0.577541,-0.507077,0.000554,0.086566,-0.137088,-0.082629,1.783644,-0.129070,-0.023455,0.033950,-0.001732,0.661082,0.422286,-0.249473,0.314675,1.464505,0.000000,0.000000,0.698910,-0.343417,0.091150,0.146885,0.079482,0.000000,0.000000
-0.301067,0.232698,0.829541,0.063787,-0.032912,0.947403,0.311891,-0.019481,-0.089340,-0.075051,0.600367,-0.541393,0.004001,0.071453,-0.139126,-0.102352,1.785831,-0.142017,-0.022229,0.006957,-0.000524,0.618243,0.427797,-0.285298,0.328983,1.471987,0.000000,0.000000,0.722859,-0.343111,0.085917,0.177526,0.082125,0.000000,0.000000
-0.320049,0.246620,0.825454,0.066789,-0.036455,0.950931,0.299902,0.001693,-0.086256,-0.094513,0.621202,-0.571057,0.007672,0.053882,-0.138354,-0.116271,1.778842,-0.162692,-0.021255,-0.019953,0.000790,0.577132,0.433028,-0.320622,0.341534,1.463735,0.000000,0.000000,0.746176,-0.342312,0.083490,0.220857,0.100114,0.000000,0.000000
-0.335913,0.260969,0.821779,0.068936,-0.040413,0.953797,0.289632,0.019410,-0.077405,-0.107302,0.640389,-0.593771,0.011834,0.032632,-0.130843,-0.131341,1.764646,-0.170616,-0.018394,-0.043957,0.001999,0.536470,0.444360,-0.347324,0.349466,1.449870,0.000000,0.000000,0.764654,-0.342550,0.085566,0.256031,0.116096,0.000000,0.000000
-0.349835,0.274611,0.818326,0.071208,-0.042255,0.954504,0.286471,0.035009,-0.072196,-0.116270,0.654884,-0.604197,0.014550,0.005334,-0.131753,-0.143272,1.743955,-0.184988,-0.017046,-0.056324,0.002756,0.502570,0.452778,-0.361506,0.349130,1.444768,0.000000,0.000000,0.782678,-0.342733,0.087355,0.283918,0.121441,0.000000,0.000000
-0.363775,0.287134,0.814498,0.071395,-0.045409,0.955847,0.281421,0.047208,-0.063492,-0.118121,0.671156,-0.613068,0.017109,-0.024049,-0.129090,-0.152557,1.716519,-0.193446,-0.014941,-0.071065,0.003466,0.475288,0.453531,-0.366776,0.341879,1.445094,0.000000,0.000000,0.799877,-0.340676,0.090037,0.303327,0.119088,0.000000,0.000000
-0.376647,0.298798,0.810682,0.070261,-0.047789,0.957021,0.277289,0.056427,-0.054774,-0.117375,0.685441,-0.619137,0.019309,-0.057427,-0.126722,-0.160748,1.684565,-0.197251,-0.012478,-0.086039,0.004168,0.451329,0.447507,-0.363739,0.331625,1.445585,0.000000,0.000000,0.815253,-0.338751,0.092329,0.316000,0.108105,0.000000,0.000000
-0.388748,0.310437,0.806643,0.068246,-0.048656,0.958157,0.273697,0.063163,-0.047959,-0.117065,0.698450,-0.621700,0.021133,-0.093516,-0.124312,-0.166145,1.645771,-0.202268,-0.010037,-0.103739,0.004956,0.428314,0.441668,-0.360925,0.315405,1.450537,0.000000,0.000000,0.827547,-0.342687,0.089552,0.323276,0.094961,0.000000,0.000000
-0.400486,0.323883,0.802309,0.065874,-0.047863,0.959641,0.269183,0.068808,-0.040969,-0.118685,0.710583,-0.620291,0.023411,-0.130136,-0.119330,-0.167738,1.598158,-0.209978,-0.007462,-0.123563,0.005900,0.404036,0.440242,-0.353679,0.297578,1.457443,0.000000,0.000000,0.839153,-0.349488,0.082176,0.329052,0.085991,0.000000,0.000000
-0.414949,0.338255,0.798502,0.060756,-0.047211,0.962053,0.261790,0.074156,-0.030139,-0.114385,0.717531,-0.619853,0.025732,-0.161990,-0.115259,-0.174216,1.549620,-0.214455,-0.004018,-0.149664,0.006975,0.381469,0.439564,-0.346816,0.277866,1.462912,0.000000,0.000000,0.849563,-0.353588,0.074826,0.336063,0.079552,0.000000,0.000000
-0.429350,0.353986,0.799430,0.056512,-0.043249,0.963427,0.258347,0.081169,-0.026997,-0.118065,0.718092,-0.604557,0.027398,-0.193162,-0.114613,-0.182298,1.488492,-0.212675,-0.000907,-0.170837,0.007926,0.359984,0.435141,-0.339703,0.256508,1.461805,0.000000,0.000000,0.862700,-0.354655,0.090713,0.339554,0.078530,0.000000,0.000000
-0.445287,0.371796,0.803434,0.053143,-0.039805,0.963898,0.257859,0.092285,-0.024741,-0.121607,0.714893,-0.578715,0.028933,-0.218335,-0.109452,-0.184195,1.415965,-0.206382,0.001759,-0.188258,0.008625,0.343640,0.429780,-0.330705,0.235658,1.459070,0.000000,0.000000,0.875894,-0.358474,0.101180,0.358865,0.079840,0.000000,0.000000
-0.464538,0.388269,0.810619,0.049838,-0.037773,0.964360,0.257096,0.106367,-0.023500,-0.123907,0.709307,-0.546189,0.030000,-0.236744,-0.110369,-0.190670,1.338444,-0.213501,0.003418,-0.203555,0.009222,0.330739,0.427693,-0.316516,0.212301,1.452312,0.000000,0.000000,0.877049,-0.375184,0.071131,0.351852,0.048319,0.000000,0.000000
-0.484155,0.405495,0.822148,0.048829,-0.033439,0.966314,0.250468,0.121330,-0.025162,-0.136622,0.704350,-0.507028,0.032161,-0.249124,-0.116457,-0.204201,1.264384,-0.211164,0.005160,-0.214291,0.009933,0.318115,0.425840,-0.320512,0.186389,1.437588,0.000000,0.000000,0.889457,-0.371495,0.082330,0.374028,0.001691,0.000000,0.000000
-0.503002,0.424464,0.830676,0.047422,-0.029724,0.967592,0.246239,0.136632,-0.022953,-0.148274,0.696920,-0.461166,0.035307,-0.258966,-0.116101,-0.211159,1.182418,-0.196961,0.006867,-0.227823,0.010478,0.306242,0.425312,-0.320772,0.162778,1.425905,0.000000,0.000000,0.903841,-0.355615,0.083671,0.397010,0.022056,0.000000,0.000000
-0.521356,0.444285,0.833901,0.045772,-0.027300,0.968224,0.244339,0.151849,-0.016974,-0.156668,0.687218,-0.414556,0.038995,-0.265814,-0.109955,-0.211358,1.094104,-0.178949,0.008185,-0.237557,0.010882,0.293026,0.429303,-0.322313,0.141132,1.434740,0.000000,0.000000,0.914362,-0.351612,0.077160,0.406906,0.027554,0.000000,0.000000
-0.540887,0.463023,0.836603,0.043153,-0.024962,0.968599,0.243577,0.166751,-0.013001,-0.162663,0.675233,-0.362293,0.041573,-0.270572,-0.105437,-0.212758,1.000838,-0.152804,0.009103,-0.243856,0.011032,0.283306,0.422603,-0.320065,0.118745,1.415649,0.000000,0.000000,0.922575,-0.349316,0.064780,0.412624,0.025584,0.000000,0.000000
-0.562994,0.478712,0.838924,0.039717,-0.022023,0.969456,0.241025,0.181299,-0.014015,-0.167835,0.659760,-0.300859,0.042325,-0.273203,-0.110463,-0.234762,0.911774,-0.111582,0.012517,-0.251997,0.011450,0.272307,0.422526,-0.321740,0.092814,1.411357,0.000000,0.000000,0.927134,-0.349916,0.054529,0.414561,0.004060,0.000000,0.000000
-0.580530,0.498256,0.824278,0.037740,-0.018972,0.970219,0.238520,0.193575,-0.008328,-0.173745,0.651140,-0.238629,0.045233,-0.277737,-0.103182,-0.227005,0.799722,-0.114918,0.010979,-0.261444,0.011902,0.263289,0.421319,-0.315243,0.073935,1.404905,0.000000,0.000000,0.939415,-0.344849,0.039048,0.423383,0.017379,0.000000,0.000000
-0.599767,0.517059,0.822807,0.034316,-0.016081,0.970544,0.237927,0.205108,-0.003125,-0.177840,0.639715,-0.186068,0.047549,-0.280078,-0.098294,-0.226075,0.698384,-0.100271,0.010524,-0.269111,0.012231,0.254787,0.420802,-0.313289,0.051068,1.398872,0.000000,0.000000,0.942972,-0.348116,0.028932,0.419510,-0.006149,0.000000,0.000000
-0.619373,0.535801,0.835134,0.029756,-0.012353,0.971394,0.235279,0.215192,0.002556,-0.183332,0.626625,-0.134844,0.050166,-0.281000,-0.096285,-0.231902,0.592697,-0.072130,0.010737,-0.277940,0.012619,0.247001,0.424369,-0.310192,0.021726,1.392046,0.000000,0.000000,0.953042,-0.341885,0.007249,0.411455,-0.000895,0.000000,0.000000
-0.638762,0.554167,0.844411,0.025941,-0.009102,0.972049,0.233163,0.224284,0.009239,-0.183317,0.617593,-0.084570,0.052008,-0.279840,-0.094366,-0.239964,0.487581,-0.037155,0.011334,-0.283774,0.012837,0.240072,0.427846,-0.309189,-0.004577,1.382240,0.000000,0.000000,0.962471,-0.338782,-0.008555,0.406242,-0.005437,0.000000,0.000000
-0.657893,0.572716,0.850201,0.022114,-0.006109,0.972473,0.231883,0.232661,0.018454,-0.175447,0.609396,-0.038719,0.053141,-0.277241,-0.090598,-0.249518,0.379293,0.004110,0.012475,-0.288913,0.013096,0.233132,0.431255,-0.308492,-0.029139,1.373579,0.000000,0.000000,0.969801,-0.334700,-0.021805,0.402259,-0.010828,0.000000,0.000000
-0.677056,0.591086,0.852303,0.018799,-0.003646,0.972971,0.230131,0.240486,0.029508,-0.163957,0.602756,0.014028,0.054042,-0.271539,-0.085786,-0.262101,0.267775,0.058797,0.014373,-0.292833,0.013274,0.226541,0.434671,-0.310773,-0.057828,1.358992,0.000000,0.000000,0.975153,-0.326945,-0.034556,0.398924,-0.012869,0.000000,0.000000
-0.695306,0.610340,0.850856,0.015273,-0.001376,0.973225,0.229344,0.246966,0.042657,-0.150619,0.603556,0.083104,0.054865,-0.266088,-0.077302,-0.269601,0.159388,0.122733,0.016271,-0.299582,0.013418,0.222502,0.435329,-0.308827,-0.083704,1.361794,0.000000,0.000000,0.976475,-0.310829,-0.051993,0.406027,-0.014583,0.000000,0.000000
-0.713711,0.628968,0.846626,0.013017,0.001616,0.973984,0.226236,0.252065,0.058277,-0.130859,0.611839,0.115561,0.055577,-0.261836,-0.072098,-0.280811,0.064461,0.177590,0.018109,-0.303759,0.013583,0.215854,0.441860,-0.313142,-0.107799,1.376181,0.000000,0.000000,0.978591,-0.297312,-0.067511,0.410751,-0.012959,0.000000,0.000000
-0.732329,0.647255,0.840998,0.011203,0.004687,0.975129,0.221305,0.255578,0.075505,-0.108713,0.624225,0.126272,0.056740,-0.257554,-0.068797,-0.296391,-0.017450,0.223330,0.020285,-0.306896,0.013642,0.208291,0.449172,-0.319975,-0.129868,1.389264,0.000000,0.000000,0.981767,-0.285499,-0.084057,0.408340,-0.020285,0.000000,0.000000
-0.750715,0.665338,0.842882,0.011061,0.008558,0.975683,0.218739,0.257752,0.082740,-0.095965,0.632649,0.124923,0.056819,-0.256125,-0.069127,-0.301390,-0.017450,0.240673,0.020745,-0.307665,0.013584,0.204711,0.451770,-0.324569,-0.139277,1.391130,0.000000,0.000000,0.984497,-0.282351,-0.092359,0.407406,-0.029289,0.000000,0.000000
-0.768993,0.683856,0.844434,0.012071,0.012446,0.975894,0.217554,0.260974,0.092112,-0.076996,0.646080,0.117712,0.056628,-0.253883,-0.070352,-0.305780,-0.017450,0.261055,0.021101,-0.307544,0.013515,0.200257,0.455402,-0.332405,-0.150398,1.390675,0.000000,0.000000,0.988278,-0.276650,-0.105465,0.407986,-0.036932,0.000000,0.000000
-0.787436,0.702471,0.845576,0.013989,0.015755,0.975832,0.217504,0.265590,0.104261,-0.051019,0.666901,0.101414,0.056214,-0.250695,-0.072156,-0.310277,-0.017450,0.281996,0.021523,-0.305401,0.013415,0.195009,0.459273,-0.343754,-0.162983,1.387983,0.000000,0.000000,0.991644,-0.265693,-0.123422,0.411007,-0.033502,0.000000,0.000000
-0.806239,0.720970,0.846257,0.016511,0.018684,0.975421,0.218933,0.269774,0.113554,-0.029862,0.688706,0.082093,0.055727,-0.247895,-0.073816,-0.313642,-0.017450,0.295827,0.021884,-0.300706,0.013270,0.191228,0.461990,-0.354254,-0.171217,1.386537,0.000000,0.000000,0.993879,-0.254977,-0.138423,0.413349,-0.023609,0.000000,0.000000
-0.825399,0.738896,0.846500,0.020552,0.021659,0.974560,0.222127,0.275756,0.122609,-0.004155,0.723710,0.052318,0.054346,-0.244494,-0.077009,-0.318653,-0.017450,0.307998,0.022300,-0.290637,0.012955,0.187146,0.465333,-0.369692,-0.177114,1.384643,0.000000,0.000000,0.998206,-0.245447,-0.157391,0.417858,-0.019853,0.000000,0.000000
-0.844973,0.756393,0.846026,0.024851,0.022984,0.973660,0.225478,0.282629,0.131282,0.022447,0.770836,0.015919,0.052474,-0.241324,-0.080924,-0.324298,-0.017450,0.317770,0.022858,-0.276965,0.012543,0.184195,0.469323,-0.387907,-0.175929,1.380719,0.000000,0.000000,1.004436,-0.243604,-0.175340,0.423345,-0.043819,0.000000,0.000000
-0.864393,0.774268,0.844902,0.029407,0.023215,0.972450,0.230082,0.288061,0.138597,0.044141,0.819484,-0.015631,0.050905,-0.239225,-0.082459,-0.326929,-0.017450,0.324386,0.023554,-0.265384,0.012280,0.184755,0.471686,-0.400797,-0.167385,1.374635,0.000000,0.000000,1.009008,-0.247467,-0.184758,0.426568,-0.077695,0.000000,0.000000
-0.883548,0.792959,0.843788,0.032307,0.021646,0.971703,0.232985,0.290445,0.147900,0.058807,0.864717,-0.040492,0.051092,-0.237251,-0.079997,-0.325072,-0.017450,0.324778,0.024370,-0.260823,0.012308,0.187326,0.472017,-0.407434,-0.155492,1.367854,0.000000,0.000000,1.007699,-0.248845,-0.185385,0.429569,-0.086881,0.000000,0.000000
-0.902323,0.811830,0.842890,0.035246,0.019565,0.970923,0.235975,0.291437,0.160976,0.073447,0.927480,-0.071149,0.052194,-0.233721,-0.073427,-0.319200,-0.017450,0.317870,0.025402,-0.261203,0.012432,0.198621,0.473416,-0.411840,-0.125654,1.366341,0.000000,0.000000,0.992977,-0.230828,-0.187371,0.438248,0.029158,0.000000,0.000000
-0.921940,0.829796,0.843012,0.037258,0.016759,0.970300,0.238432,0.290980,0.169529,0.080824,0.971339,-0.086321,0.053228,-0.228938,-0.067018,-0.313737,-0.011847,0.306194,0.026266,-0.260674,0.012282,0.206298,0.478113,-0.415904,-0.101407,1.365408,0.000000,0.000000,0.985419,-0.245949,-0.177984,0.460382,0.016938,0.000000,0.000000
-0.940516,0.847311,0.847150,0.037895,0.013025,0.969696,0.241006,0.285205,0.178375,0.085414,1.028026,-0.110998,0.054581,-0.223707,-0.055792,-0.303710,0.029874,0.203493,0.025765,-0.264519,0.012479,0.215366,0.484069,-0.417120,-0.068061,1.352938,0.000000,0.000000,0.968650,-0.278565,-0.152763,0.484324,-0.054943,0.000000,0.000000
-0.958907,0.864345,0.851171,0.038772,0.009839,0.969254,0.242789,0.276592,0.182591,0.083304,1.079497,-0.129813,0.055553,-0.220160,-0.046869,-0.295744,0.085739,0.087365,0.024528,-0.269180,0.012856,0.227136,0.488838,-0.414942,-0.036911,1.357207,0.000000,0.000000,0.948506,-0.301680,-0.131281,0.502780,-0.106220,0.000000,0.000000
-0.977594,0.880611,0.854321,0.042230,0.008372,0.968130,0.246721,0.269012,0.179423,0.081054,1.128443,-0.145909,0.054372,-0.216346,-0.043989,-0.291549,0.150408,-0.005803,0.023208,-0.268119,0.012946,0.242245,0.490153,-0.415904,-0.005054,1.372519,0.000000,0.000000,0.930825,-0.317200,-0.113369,0.517772,-0.130801,0.000000,0.000000
-0.995852,0.896090,0.855986,0.046970,0.007001,0.966589,0.251893,0.260274,0.172684,0.080145,1.182256,-0.161470,0.051798,-0.213045,-0.045290,-0.285842,0.225088,-0.103584,0.021056,-0.263611,0.012776,0.259995,0.485783,-0.417720,0.033964,1.387857,0.000000,0.000000,0.911159,-0.329841,-0.095420,0.534291,-0.136323,0.000000,0.000000
-1.013457,0.911562,0.855839,0.052244,0.004936,0.964657,0.258229,0.251236,0.167057,0.082302,1.234918,-0.185413,0.049204,-0.209116,-0.046685,-0.271852,0.300498,-0.190853,0.018093,-0.256225,0.012472,0.278303,0.477424,-0.421344,0.079093,1.394922,0.000000,0.000000,0.891102,-0.342150,-0.076056,0.548081,-0.131560,0.000000,0.000000
-1.030090,0.926633,0.854333,0.058242,0.003117,0.961738,0.267691,0.240903,0.157636,0.086247,1.289767,-0.210120,0.045323,-0.203543,-0.048242,-0.243369,0.374106,-0.269981,0.013167,-0.243140,0.012042,0.295913,0.467449,-0.425939,0.129920,1.405781,0.000000,0.000000,0.868616,-0.359528,-0.048112,0.560894,-0.132728,0.000000,0.000000
-1.045581,0.942511,0.851931,0.062910,0.001585,0.958243,0.278946,0.228231,0.149235,0.094273,1.339520,-0.234116,0.041217,-0.197111,-0.045656,-0.207119,0.436681,-0.343084,0.008085,-0.224358,0.011490,0.311145,0.456190,-0.424176,0.178853,1.429214,0.000000,0.000000,0.841576,-0.379791,-0.014680,0.577372,-0.157451,0.000000,0.000000
-1.059506,0.959419,0.848371,0.064945,-0.001667,0.954826,0.289977,0.211323,0.149838,0.106397,1.385264,-0.261974,0.039125,-0.190900,-0.033254,-0.172600,0.490119,-0.410724,0.005454,-0.206549,0.010876,0.326895,0.437157,-0.418855,0.237201,1.457737,0.000000,0.000000,0.806217,-0.370653,0.023397,0.575799,-0.070034,0.000000,0.000000
-1.074454,0.975532,0.845227,0.068291,-0.003465,0.951412,0.300232,0.194756,0.145299,0.113585,1.419094,-0.283043,0.036451,-0.180436,-0.025575,-0.140906,0.533102,-0.458562,0.002322,-0.184859,0.009821,0.342492,0.421987,-0.416756,0.297517,1.473854,0.000000,0.000000,0.774452,-0.370018,0.060755,0.581804,-0.024265,0.000000,0.000000
-1.089353,0.991478,0.841892,0.071236,-0.005293,0.947875,0.310533,0.177102,0.140325,0.120357,1.446087,-0.303654,0.033741,-0.168102,-0.018042,-0.115498,0.570214,-0.499691,0.000208,-0.162623,0.008772,0.357150,0.409436,-0.416538,0.363009,1.492481,0.000000,0.000000,0.736654,-0.376288,0.092300,0.598268,-0.022573,0.000000,0.000000
-1.104350,1.007713,0.838525,0.073725,-0.006730,0.944676,0.319540,0.158503,0.135586,0.124361,1.465271,-0.324159,0.031533,-0.154134,-0.011215,-0.095037,0.601647,-0.536837,-0.001314,-0.141079,0.007732,0.372609,0.394903,-0.410783,0.429673,1.507974,0.000000,0.000000,0.700459,-0.372929,0.122395,0.607529,0.013269,0.000000,0.000000
-1.119374,1.023421,0.835061,0.076421,-0.007927,0.940861,0.329968,0.138821,0.128814,0.128289,1.479474,-0.347922,0.028785,-0.138365,-0.005803,-0.075920,0.629350,-0.574391,-0.002960,-0.116931,0.006488,0.386446,0.378563,-0.408626,0.503552,1.522221,0.000000,0.000000,0.654765,-0.379650,0.171829,0.630338,-0.022448,0.000000,0.000000
-1.134352,1.039902,0.832053,0.078484,-0.008766,0.938232,0.336873,0.120108,0.126582,0.125481,1.481833,-0.366250,0.028394,-0.121572,-0.001881,-0.062044,0.649561,-0.603519,-0.004119,-0.102468,0.005627,0.403221,0.367014,-0.411985,0.573105,1.535377,0.000000,0.000000,0.617718,-0.375995,0.190411,0.622615,0.020490,0.000000,0.000000
-1.149614,1.055063,0.830013,0.081400,-0.008572,0.935655,0.343294,0.100105,0.119411,0.122030,1.477765,-0.393460,0.026818,-0.102424,-0.002146,-0.054991,0.663189,-0.608368,-0.005145,-0.080816,0.004416,0.419362,0.361933,-0.421366,0.630305,1.540518,0.000000,0.000000,0.578632,-0.383634,0.207584,0.613960,0.007444,0.000000,0.000000
-1.164579,1.070656,0.828317,0.083699,-0.008180,0.933562,0.348410,0.079874,0.113599,0.117393,1.466323,-0.419242,0.025820,-0.082564,-0.002240,-0.049798,0.671232,-0.610353,-0.005886,-0.058900,0.003349,0.437882,0.360226,-0.427068,0.672277,1.540460,0.000000,0.000000,0.545406,-0.380416,0.211465,0.603822,0.008237,0.000000,0.000000
-1.179146,1.086796,0.826697,0.085845,-0.007704,0.931890,0.352353,0.059090,0.109795,0.110205,1.447320,-0.440032,0.025894,-0.060987,-0.001656,-0.045519,0.675523,-0.612329,-0.006361,-0.036069,0.002187,0.460944,0.360774,-0.429389,0.705630,1.546887,0.000000,0.000000,0.519372,-0.368744,0.211958,0.584944,0.021458,0.000000,0.000000
-1.193527,1.102770,0.825419,0.087933,-0.006839,0.930470,0.355594,0.038368,0.105838,0.101513,1.420222,-0.456844,0.026239,-0.038816,-0.002174,-0.043062,0.675681,-0.614555,-0.006833,-0.013762,0.000958,0.487692,0.363757,-0.428534,0.721713,1.553060,0.000000,0.000000,0.497606,-0.358183,0.210703,0.556681,0.031302,0.000000,0.000000
-1.209742,1.115337,0.824840,0.089087,-0.005206,0.929027,0.359088,0.014952,0.087097,0.091067,1.375963,-0.490265,0.022470,-0.017588,-0.008548,-0.039902,0.671245,-0.616998,-0.008903,0.008697,-0.000356,0.519697,0.365026,-0.419878,0.726395,1.556655,0.000000,0.000000,0.476460,-0.352143,0.202687,0.519559,0.037833,0.000000,0.000000
-1.221219,1.134499,0.824063,0.090056,-0.004298,0.926942,0.364211,-0.002728,0.098968,0.093184,1.344939,-0.464856,0.025465,0.004487,-0.003979,-0.031866,0.663175,-0.619540,-0.009072,0.028524,-0.001451,0.557778,0.374838,-0.405586,0.719915,1.558637,0.000000,0.000000,0.457133,-0.349071,0.199259,0.479220,0.042616,0.000000,0.000000
-1.234411,1.148310,0.823038,0.090285,-0.002583,0.924441,0.370474,-0.023998,0.094613,0.096706,1.295190,-0.460346,0.023084,0.022623,-0.006529,-0.025287,0.658467,-0.621804,-0.010827,0.050663,-0.002785,0.592134,0.386226,-0.394457,0.712462,1.569765,0.000000,0.000000,0.433599,-0.344523,0.200251,0.439197,0.045666,0.000000,0.000000
-1.247857,1.160938,0.822172,0.089214,-0.000751,0.921509,0.377970,-0.046634,0.086505,0.103385,1.239425,-0.461670,0.018821,0.037979,-0.010792,-0.017307,0.652192,-0.623879,-0.013252,0.074661,-0.004147,0.624348,0.401230,-0.389836,0.697767,1.570760,0.000000,0.000000,0.408901,-0.346003,0.210886,0.397246,0.056539,0.000000,0.000000
-1.261148,1.171855,0.821165,0.087748,0.001321,0.918905,0.384593,-0.070336,0.075935,0.107119,1.176407,-0.465942,0.014430,0.049742,-0.018309,-0.011619,0.648199,-0.625548,-0.016145,0.098464,-0.005401,0.651126,0.411583,-0.387160,0.689011,1.570739,0.000000,0.000000,0.384830,-0.343436,0.216761,0.363456,0.072855,0.000000,0.000000
-1.274093,1.183285,0.819715,0.084327,0.003993,0.916561,0.390883,-0.095243,0.068725,0.112861,1.106920,-0.472038,0.010693,0.059159,-0.024960,-0.006914,0.643672,-0.626955,-0.018653,0.123955,-0.006657,0.675945,0.423235,-0.380249,0.677755,1.570702,0.000000,0.000000,0.360416,-0.339294,0.214915,0.332386,0.084461,0.000000,0.000000
-1.287305,1.194238,0.817744,0.080154,0.006498,0.914668,0.396125,-0.119240,0.063017,0.123796,1.030561,-0.500667,0.006532,0.067055,-0.031839,-0.006794,0.640298,-0.628209,-0.020465,0.149772,-0.007938,0.696019,0.434084,-0.373368,0.669882,1.570675,0.000000,0.000000,0.337534,-0.333571,0.209671,0.299368,0.090979,0.000000,0.000000
-1.302020,1.204555,0.815174,0.075479,0.008310,0.912715,0.401478,-0.140914,0.054505,0.130187,0.950357,-0.490382,0.002834,0.074840,-0.038860,-0.005137,0.637934,-0.629410,-0.022592,0.174220,-0.009125,0.714598,0.446572,-0.366422,0.663054,1.570665,0.000000,0.000000,0.318054,-0.328673,0.205660,0.261896,0.103124,0.000000,0.000000
-1.317632,1.215195,0.812059,0.070095,0.009785,0.910752,0.406844,-0.159888,0.046606,0.138758,0.863500,-0.465660,-0.000773,0.082626,-0.046369,-0.005334,0.635414,-0.630663,-0.024552,0.196639,-0.010278,0.733305,0.457360,-0.355037,0.656108,1.570696,0.000000,0.000000,0.296899,-0.327743,0.201717,0.227041,0.087367,0.000000,0.000000
-1.332484,1.227135,0.809876,0.063899,0.010926,0.908414,0.413014,-0.175828,0.043972,0.155934,0.770135,-0.432085,-0.004279,0.090672,-0.050968,-0.002238,0.625295,-0.608428,-0.026507,0.216762,-0.011259,0.752686,0.462649,-0.339430,0.650192,1.570653,0.000000,0.000000,0.276559,-0.322876,0.201632,0.187792,0.073968,0.000000,0.000000
-1.347927,1.239144,0.819771,0.057635,0.011924,0.905281,0.420716,-0.188224,0.040412,0.170445,0.670925,-0.387764,-0.007126,0.099319,-0.055797,0.004531,0.609266,-0.569423,-0.029383,0.237033,-0.012254,0.773604,0.463067,-0.315950,0.646329,1.570615,0.000000,0.000000,0.256268,-0.317591,0.206383,0.149149,0.067845,0.000000,0.000000
-1.363759,1.251552,0.832912,0.051485,0.012616,0.902466,0.427487,-0.197434,0.036875,0.180499,0.570024,-0.331817,-0.008941,0.108738,-0.060479,0.010048,0.591218,-0.524634,-0.032144,0.255043,-0.013133,0.794442,0.463507,-0.289716,0.642418,1.570600,0.000000,0.000000,0.237229,-0.311583,0.208887,0.113489,0.062174,0.000000,0.000000
-1.379658,1.264379,0.842648,0.045292,0.013066,0.900453,0.432391,-0.204553,0.033762,0.187406,0.467660,-0.267110,-0.010023,0.118765,-0.064306,0.011942,0.572527,-0.475259,-0.034137,0.269459,-0.013848,0.814287,0.465185,-0.263833,0.634783,1.570628,0.000000,0.000000,0.219929,-0.304045,0.204311,0.078954,0.051971,0.000000,0.000000
-1.395685,1.276852,0.848899,0.039626,0.012834,0.898740,0.436499,-0.209927,0.031090,0.190997,0.364261,-0.193260,-0.010459,0.129274,-0.067889,0.011691,0.554915,-0.421350,-0.035773,0.283464,-0.014732,0.835287,0.465122,-0.241015,0.625144,1.570594,0.000000,0.000000,0.198400,-0.319045,0.213799,0.045775,0.037150,0.000000,0.000000
-1.411633,1.289932,0.851401,0.034222,0.013025,0.897259,0.439984,-0.213888,0.029143,0.191974,0.262386,-0.116639,-0.010365,0.139774,-0.072083,0.009380,0.538179,-0.365637,-0.037246,0.291325,-0.015060,0.857038,0.461766,-0.217290,0.613794,1.570550,0.000000,0.000000,0.180841,-0.319925,0.215441,0.010235,0.032488,0.000000,0.000000
-1.427676,1.303003,0.850623,0.028953,0.012812,0.896082,0.442759,-0.217301,0.028217,0.189767,0.166064,-0.044621,-0.009571,0.150064,-0.076076,0.004798,0.522907,-0.309573,-0.038229,0.300110,-0.015515,0.878242,0.460197,-0.197046,0.602511,1.570509,0.000000,0.000000,0.164045,-0.324608,0.222609,-0.018700,0.025798,0.000000,0.000000
-1.443864,1.316199,0.846983,0.023923,0.012558,0.894658,0.445935,-0.220383,0.027860,0.187580,0.074543,0.022325,-0.008704,0.160225,-0.081122,0.000500,0.508311,-0.254280,-0.039543,0.309357,-0.016035,0.899574,0.457341,-0.176192,0.590377,1.570466,0.000000,0.000000,0.146991,-0.333215,0.232467,-0.046605,0.006633,0.000000,0.000000
-1.460127,1.329312,0.841394,0.019204,0.011880,0.893725,0.448047,-0.224446,0.027769,0.186133,-0.005232,0.075164,-0.007855,0.169538,-0.085921,-0.001940,0.498260,-0.209551,-0.041031,0.317304,-0.016340,0.918725,0.455035,-0.157794,0.580289,1.570420,0.000000,0.000000,0.131900,-0.337713,0.241274,-0.074864,0.000722,0.000000,0.000000
-1.476691,1.342896,0.842156,0.014704,0.010988,0.893089,0.449506,-0.227221,0.027690,0.187134,-0.017450,0.107873,-0.007860,0.176684,-0.089577,-0.004259,0.492219,-0.179246,-0.042033,0.321196,-0.016336,0.933499,0.452318,-0.142716,0.572261,1.570469,0.000000,0.000000,0.121929,-0.336797,0.245090,-0.097173,0.012261,0.000000,0.000000
-1.493599,1.356760,0.843789,0.011070,0.010066,0.892362,0.451072,-0.229794,0.027578,0.189509,-0.017450,0.137869,-0.008365,0.184100,-0.094346,-0.007508,0.488703,-0.151745,-0.043210,0.325033,-0.016393,0.949822,0.449176,-0.125545,0.562202,1.570547,0.000000,0.000000,0.112338,-0.338382,0.247129,-0.119353,0.024712,0.000000,0.000000
-1.510711,1.370628,0.844945,0.008344,0.008937,0.891771,0.452322,-0.232279,0.026653,0.195587,-0.017450,0.165498,-0.009708,0.191457,-0.101052,-0.015078,0.489689,-0.128800,-0.044183,0.328845,-0.016550,0.967731,0.445723,-0.107826,0.550165,1.570628,0.000000,0.000000,0.103805,-0.342622,0.248350,-0.142486,0.031735,0.000000,0.000000
-1.527578,1.384321,0.845112,0.007851,0.008302,0.890218,0.455392,-0.234234,0.024282,0.207201,-0.017450,0.200169,-0.012450,0.199948,-0.115262,-0.035951,0.499583,-0.108838,-0.045145,0.336107,-0.016733,0.994450,0.443235,-0.078858,0.531238,1.570800,0.000000,0.000000,0.101932,-0.347321,0.247500,-0.175287,0.036760,0.000000,0.000000
-1.545466,1.397654,0.845498,0.007063,0.007093,0.889473,0.456878,-0.235777,0.020045,0.222086,-0.017450,0.230180,-0.016209,0.207928,-0.132227,-0.059304,0.516813,-0.100699,-0.046614,0.342353,-0.016961,1.023135,0.441263,-0.052424,0.510687,1.570800,0.000000,0.000000,0.100487,-0.353716,0.244155,-0.207958,0.038644,0.000000,0.000000
-1.563551,1.411175,0.845843,0.006498,0.005463,0.889239,0.457364,-0.236526,0.016230,0.233262,-0.017450,0.251301,-0.019253,0.214017,-0.145856,-0.077015,0.535223,-0.103204,-0.048031,0.345982,-0.017083,1.045233,0.439345,-0.033558,0.494446,1.570800,0.000000,0.000000,0.098973,-0.359293,0.241901,-0.230399,0.040650,0.000000,0.000000
-1.581962,1.424660,0.846154,0.006228,0.001627,0.890009,0.455898,-0.236704,0.013575,0.241046,-0.017450,0.273749,-0.021708,0.222127,-0.162177,-0.100112,0.563770,-0.113514,-0.049432,0.347171,-0.017073,1.072725,0.435636,-0.009162,0.475842,1.570800,0.000000,0.000000,0.096489,-0.364274,0.239295,-0.255158,0.041994,0.000000,0.000000
-1.600518,1.438442,0.846129,0.006535,-0.002277,0.891192,0.453574,-0.236731,0.011617,0.246041,-0.017450,0.291433,-0.023731,0.232750,-0.181548,-0.128513,0.602733,-0.131319,-0.050946,0.344532,-0.016938,1.105568,0.430462,0.020164,0.456339,1.570800,0.000000,0.000000,0.094057,-0.368215,0.235522,-0.283074,0.040647,0.000000,0.000000
-1.618832,1.452430,0.845694,0.007328,-0.005562,0.892394,0.451163,-0.237370,0.009803,0.248149,-0.017450,0.299516,-0.025279,0.246048,-0.204299,-0.161585,0.651687,-0.149896,-0.052729,0.338606,-0.016796,1.141963,0.424857,0.051075,0.436238,1.570772,0.000000,0.000000,0.094192,-0.369318,0.230175,-0.315384,0.046337,0.000000,0.000000
-1.637280,1.466176,0.844947,0.008701,-0.007787,0.893035,0.449837,-0.238024,0.007897,0.247066,-0.017450,0.299872,-0.025929,0.256539,-0.223357,-0.183656,0.689825,-0.157840,-0.055311,0.334180,-0.016897,1.166294,0.421544,0.068841,0.423716,1.570727,0.000000,0.000000,0.093983,-0.376493,0.225127,-0.335916,0.040747,0.000000,0.000000
-1.655974,1.479941,0.844226,0.010179,-0.008710,0.893233,0.449395,-0.238181,0.004863,0.244008,-0.017450,0.297910,-0.026353,0.265354,-0.241502,-0.196971,0.723103,-0.165461,-0.059220,0.330555,-0.016898,1.184772,0.418970,0.079895,0.414974,1.570659,0.000000,0.000000,0.096228,-0.383317,0.221361,-0.350649,0.034437,0.000000,0.000000
-1.674493,1.494157,0.843964,0.010954,-0.008534,0.892946,0.449950,-0.237658,0.001771,0.240798,-0.017450,0.296947,-0.026717,0.270903,-0.254209,-0.200811,0.746537,-0.170084,-0.062897,0.328482,-0.016783,1.194740,0.417564,0.084951,0.411155,1.570614,0.000000,0.000000,0.099266,-0.384805,0.219322,-0.359827,0.040820,0.000000,0.000000
-1.692671,1.507981,0.843524,0.012254,-0.008433,0.892794,0.450220,-0.236772,-0.002574,0.236161,-0.017450,0.294983,-0.027151,0.276093,-0.267617,-0.200825,0.775717,-0.173602,-0.067471,0.326248,-0.016705,1.204237,0.415735,0.089323,0.409202,1.570567,0.000000,0.000000,0.104810,-0.388057,0.215609,-0.367394,0.053166,0.000000,0.000000
-1.710427,1.521583,0.842972,0.013826,-0.009251,0.893245,0.449262,-0.235699,-0.007033,0.231328,-0.017450,0.293261,-0.027585,0.279846,-0.277552,-0.197199,0.807504,-0.176842,-0.071450,0.322427,-0.016623,1.212013,0.417038,0.091329,0.410794,1.570528,0.000000,0.000000,0.111276,-0.392776,0.210542,-0.370934,0.062451,0.000000,0.000000
-1.727702,1.535255,0.842385,0.015577,-0.010544,0.894097,0.447479,-0.234258,-0.011439,0.226519,-0.017450,0.290513,-0.028019,0.282328,-0.284101,-0.190567,0.844301,-0.181086,-0.074728,0.317158,-0.016494,1.218310,0.421588,0.092858,0.416647,1.570530,0.000000,0.000000,0.119623,-0.397992,0.203669,-0.372266,0.068451,0.000000,0.000000
-1.744510,1.549176,0.841740,0.017775,-0.010017,0.894275,0.447053,-0.232217,-0.017020,0.220567,-0.017450,0.278743,-0.028360,0.282696,-0.289990,-0.179385,0.884132,-0.186412,-0.078302,0.313423,-0.016472,1.221241,0.426351,0.092102,0.426941,1.570541,0.000000,0.000000,0.130697,-0.404542,0.196265,-0.371183,0.070608,0.000000,0.000000
-1.760881,1.562904,0.841110,0.020367,-0.008332,0.893656,0.448213,-0.228890,-0.024872,0.212724,-0.017450,0.230164,-0.027821,0.280102,-0.297661,-0.165685,0.926754,-0.194798,-0.082621,0.313220,-0.016488,1.219162,0.431226,0.086341,0.442622,1.570521,0.000000,0.000000,0.145774,-0.412081,0.190900,-0.365151,0.073942,0.000000,0.000000
-1.776464,1.576430,0.839735,0.023369,-0.007401,0.893114,0.449161,-0.226844,-0.030722,0.207080,-0.017450,0.161614,-0.026545,0.274603,-0.303511,-0.155099,0.968015,-0.207472,-0.085812,0.315073,-0.016552,1.210797,0.437265,0.075935,0.463936,1.570482,0.000000,0.000000,0.160651,-0.416626,0.186507,-0.354023,0.078559,0.000000,0.000000
-1.791281,1.590224,0.842140,0.025750,-0.008817,0.894060,0.447120,-0.226323,-0.033112,0.202248,0.019424,0.092920,-0.024896,0.269440,-0.304342,-0.150707,1.008331,-0.219461,-0.086420,0.312528,-0.016499,1.200743,0.446067,0.064566,0.485594,1.570481,0.000000,0.000000,0.172483,-0.417530,0.182445,-0.339784,0.080575,0.000000,0.000000
-1.805804,1.603723,0.845646,0.029081,-0.011291,0.895943,0.443072,-0.227427,-0.034221,0.200184,0.083576,0.012357,-0.023750,0.264770,-0.303662,-0.151231,1.054304,-0.235120,-0.085636,0.304032,-0.016307,1.188138,0.454566,0.051584,0.511813,1.570517,0.000000,0.000000,0.184766,-0.414275,0.179269,-0.321853,0.086249,0.000000,0.000000
-1.820275,1.616442,0.848204,0.033032,-0.013928,0.898326,0.437865,-0.230130,-0.033774,0.197855,0.159328,-0.065661,-0.022775,0.260448,-0.302678,-0.153522,1.099882,-0.252359,-0.084423,0.292057,-0.016110,1.171386,0.459028,0.037371,0.542493,1.570555,0.000000,0.000000,0.203401,-0.410783,0.179786,-0.295866,0.072462,0.000000,0.000000
-1.835197,1.627545,0.849084,0.037597,-0.015608,0.901405,0.431060,-0.233482,-0.035043,0.185927,0.237661,-0.133216,-0.021195,0.255566,-0.303200,-0.156368,1.143972,-0.269829,-0.083561,0.276892,-0.015675,1.147206,0.463295,0.013967,0.576820,1.570548,0.000000,0.000000,0.222132,-0.399082,0.179080,-0.268261,0.071166,0.000000,0.000000
-1.851032,1.636639,0.848240,0.042622,-0.015897,0.905521,0.421856,-0.236391,-0.042304,0.161642,0.311915,-0.185714,-0.019370,0.249714,-0.306130,-0.160161,1.186355,-0.286434,-0.083261,0.260282,-0.015261,1.114438,0.473192,-0.021343,0.613720,1.570544,0.000000,0.000000,0.242133,-0.385669,0.169945,-0.234168,0.077743,0.000000,0.000000
-1.867521,1.644282,0.845935,0.047936,-0.015065,0.910739,0.409915,-0.237734,-0.057188,0.131194,0.379912,-0.226622,-0.018407,0.242867,-0.310285,-0.165789,1.227733,-0.301119,-0.083000,0.244150,-0.015044,1.070769,0.491335,-0.071340,0.656188,1.570580,0.000000,0.000000,0.268535,-0.383333,0.156269,-0.181664,0.045593,0.000000,0.000000
-1.884124,1.651324,0.842370,0.053224,-0.012235,0.917371,0.394270,-0.237291,-0.080515,0.100749,0.438639,-0.264618,-0.019111,0.235252,-0.315811,-0.176392,1.267814,-0.317261,-0.082411,0.225132,-0.014294,1.006879,0.511921,-0.138196,0.708102,1.570718,0.000000,0.000000,0.293680,-0.362770,0.134731,-0.132006,0.081017,0.000000,0.000000
-1.900043,1.659696,0.839028,0.057529,-0.011134,0.923033,0.380233,-0.232071,-0.098487,0.084477,0.484921,-0.302126,-0.020773,0.225840,-0.313289,-0.178663,1.298399,-0.332978,-0.080778,0.210013,-0.014074,0.939105,0.525203,-0.204499,0.760525,1.570800,0.000000,0.000000,0.308667,-0.370379,0.120446,-0.073169,0.040386,0.000000,0.000000
-1.914521,1.669847,0.836176,0.061788,-0.009916,0.926668,0.370634,-0.221829,-0.110603,0.075103,0.521507,-0.335725,-0.022285,0.213750,-0.307177,-0.172466,1.321798,-0.344013,-0.079316,0.193478,-0.013093,0.870616,0.532459,-0.263658,0.812370,1.570800,0.000000,0.000000,0.326090,-0.361476,0.112907,-0.011322,0.027935,0.000000,0.000000
-1.927732,1.680679,0.834091,0.065575,-0.010104,0.928773,0.364662,-0.208221,-0.115515,0.071625,0.548795,-0.367383,-0.023173,0.198770,-0.295864,-0.157720,1.338128,-0.354493,-0.077713,0.179752,-0.012277,0.806741,0.537411,-0.311794,0.857701,1.570800,0.000000,0.000000,0.339803,-0.358004,0.111527,0.052509,0.021458,0.000000,0.000000
-1.940036,1.691505,0.832590,0.068812,-0.011360,0.930790,0.358839,-0.192621,-0.116180,0.068535,0.569714,-0.397942,-0.023116,0.181789,-0.279527,-0.140050,1.349411,-0.363903,-0.075195,0.165233,-0.011402,0.747583,0.539299,-0.348750,0.895871,1.570800,0.000000,0.000000,0.351847,-0.356061,0.116254,0.117868,0.018850,0.000000,0.000000
-1.951833,1.702238,0.831446,0.071601,-0.012720,0.932136,0.354732,-0.176250,-0.114901,0.066644,0.585465,-0.423998,-0.022854,0.163911,-0.262210,-0.119893,1.354356,-0.369819,-0.072919,0.148834,-0.010361,0.700193,0.535507,-0.364865,0.922361,1.570800,0.000000,0.000000,0.364173,-0.353794,0.132172,0.178116,0.030195,0.000000,0.000000
-1.962882,1.712657,0.830960,0.073855,-0.014379,0.933136,0.351563,-0.158690,-0.111782,0.064333,0.594334,-0.446945,-0.022059,0.143954,-0.244411,-0.099340,1.355967,-0.376881,-0.070730,0.130460,-0.009371,0.654734,0.524068,-0.363436,0.946785,1.570800,0.000000,0.000000,0.367499,-0.351850,0.155636,0.241523,0.050757,0.000000,0.000000
-1.974438,1.722586,0.830320,0.075889,-0.015824,0.934577,0.347213,-0.142056,-0.110237,0.057834,0.602753,-0.465530,-0.020926,0.125696,-0.229939,-0.084367,1.350798,-0.386467,-0.068909,0.109509,-0.008322,0.619646,0.511568,-0.346188,0.954623,1.570800,0.000000,0.000000,0.374434,-0.349714,0.171959,0.291827,0.061095,0.000000,0.000000
-1.986149,1.732252,0.829770,0.077796,-0.016725,0.935735,0.343610,-0.125013,-0.110560,0.048921,0.607873,-0.481318,-0.019840,0.107715,-0.218994,-0.071915,1.341335,-0.401407,-0.067971,0.087971,-0.007284,0.590579,0.495598,-0.319789,0.951863,1.570800,0.000000,0.000000,0.381490,-0.347983,0.187382,0.337796,0.067285,0.000000,0.000000
-1.997898,1.742073,0.829228,0.079631,-0.017261,0.936808,0.340222,-0.107527,-0.111981,0.037807,0.611079,-0.494883,-0.018659,0.089975,-0.209509,-0.061520,1.326596,-0.422262,-0.067311,0.068180,-0.006252,0.565386,0.477731,-0.287399,0.939363,1.570800,0.000000,0.000000,0.391400,-0.347403,0.203883,0.381264,0.068895,0.000000,0.000000
-2.009981,1.751785,0.828645,0.081586,-0.017897,0.938743,0.334341,-0.090196,-0.113867,0.023438,0.613974,-0.505871,-0.017069,0.074323,-0.201660,-0.057345,1.308054,-0.445140,-0.066033,0.048414,-0.005280,0.542345,0.464032,-0.260697,0.919199,1.566442,0.000000,0.000000,0.402961,-0.348392,0.217304,0.419769,0.058441,0.000000,0.000000
-2.022427,1.761823,0.828218,0.083755,-0.018312,0.941517,0.325877,-0.071463,-0.116259,0.004845,0.614723,-0.514554,-0.014947,0.060951,-0.195031,-0.059656,1.285485,-0.467094,-0.063793,0.024484,-0.004146,0.518740,0.457662,-0.239395,0.893453,1.536466,0.000000,0.000000,0.414907,-0.350140,0.227607,0.457410,0.035363,0.000000,0.000000
-2.034132,1.771817,0.827642,0.085528,-0.018906,0.944043,0.317979,-0.054623,-0.117502,-0.013283,0.616577,-0.522484,-0.012599,0.047855,-0.186951,-0.059666,1.258240,-0.482038,-0.061276,0.005085,-0.003103,0.492936,0.453801,-0.224910,0.867483,1.513409,0.000000,0.000000,0.431534,-0.350684,0.234330,0.491297,0.014204,0.000000,0.000000
-2.045229,1.782324,0.827410,0.086919,-0.019459,0.946374,0.310553,-0.037765,-0.117169,-0.029803,0.615317,-0.528791,-0.010115,0.034254,-0.176906,-0.056472,1.227835,-0.493534,-0.058630,-0.013797,-0.002058,0.466638,0.450188,-0.218035,0.842538,1.504871,0.000000,0.000000,0.447611,-0.349115,0.241621,0.525079,0.003720,0.000000,0.000000
-2.055652,1.793010,0.827488,0.087858,-0.020478,0.948423,0.303901,-0.021237,-0.114212,-0.043564,0.612027,-0.533916,-0.007401,0.020282,-0.166060,-0.054387,1.193272,-0.502224,-0.055368,-0.031059,-0.001095,0.438338,0.450035,-0.214320,0.815495,1.499484,0.000000,0.000000,0.462778,-0.346981,0.247660,0.555181,-0.002670,0.000000,0.000000
-2.065524,1.803887,0.827776,0.088278,-0.021619,0.950143,0.298274,-0.005337,-0.109387,-0.055780,0.607073,-0.537198,-0.004431,0.005583,-0.153747,-0.050641,1.154710,-0.507235,-0.051878,-0.046168,-0.000231,0.407998,0.448821,-0.210472,0.787975,1.491852,0.000000,0.000000,0.477410,-0.343982,0.253734,0.581982,-0.012120,0.000000,0.000000
-2.075038,1.814741,0.828259,0.088162,-0.022393,0.951610,0.293539,0.009967,-0.104096,-0.066427,0.599499,-0.539030,-0.001558,-0.009594,-0.141337,-0.046395,1.112793,-0.509309,-0.048402,-0.060824,0.000648,0.377005,0.447006,-0.207766,0.765269,1.491391,0.000000,0.000000,0.491265,-0.338658,0.255895,0.613652,-0.012994,0.000000,0.000000
-2.084512,1.825920,0.829359,0.087011,-0.022924,0.953088,0.289011,0.025561,-0.097486,-0.075311,0.586033,-0.536536,0.001398,-0.024964,-0.128849,-0.044365,1.066157,-0.512697,-0.044390,-0.074847,0.001471,0.343546,0.447332,-0.204292,0.743249,1.507178,0.000000,0.000000,0.504515,-0.332855,0.257504,0.644822,-0.017212,0.000000,0.000000
-2.092025,1.839050,0.830765,0.084477,-0.023457,0.954640,0.284562,0.038736,-0.086782,-0.083018,0.570840,-0.534893,0.005284,-0.040676,-0.109418,-0.046942,1.012721,-0.504747,-0.037395,-0.088970,0.002271,0.309523,0.450061,-0.201589,0.719111,1.521721,0.000000,0.000000,0.517116,-0.326373,0.259155,0.672305,-0.030775,0.000000,0.000000
-2.101710,1.846999,0.831301,0.083225,-0.023070,0.955874,0.280795,0.051031,-0.084862,-0.088271,0.558297,-0.536256,0.006514,-0.056690,-0.109019,-0.045532,0.960545,-0.506466,-0.036878,-0.103812,0.003026,0.278813,0.450108,-0.201864,0.696766,1.515658,0.000000,0.000000,0.529700,-0.324395,0.259832,0.700681,-0.037344,0.000000,0.000000
-2.110368,1.856919,0.832034,0.081099,-0.022308,0.957255,0.276747,0.063428,-0.080756,-0.092339,0.542954,-0.534099,0.008143,-0.072494,-0.105769,-0.046454,0.903280,-0.498197,-0.034991,-0.118826,0.003820,0.245808,0.450943,-0.204408,0.676237,1.503975,0.000000,0.000000,0.538993,-0.320547,0.256474,0.730686,-0.037139,0.000000,0.000000
-2.118407,1.867301,0.832645,0.078619,-0.021981,0.958722,0.272375,0.074938,-0.073877,-0.094340,0.528990,-0.529674,0.010169,-0.087514,-0.099756,-0.048169,0.840541,-0.493381,-0.032134,-0.133551,0.004646,0.211265,0.453199,-0.206907,0.657312,1.501269,0.000000,0.000000,0.548548,-0.314720,0.249387,0.760641,-0.032330,0.000000,0.000000
-2.126159,1.877028,0.832990,0.076089,-0.021490,0.960015,0.268551,0.084840,-0.066746,-0.094315,0.516728,-0.526924,0.011948,-0.102106,-0.095746,-0.048815,0.775046,-0.495435,-0.030005,-0.148325,0.005388,0.178055,0.454694,-0.207452,0.639553,1.500026,0.000000,0.000000,0.558487,-0.310413,0.242000,0.786433,-0.028436,0.000000,0.000000
-2.134805,1.887656,0.833444,0.072836,-0.020926,0.961523,0.264065,0.095585,-0.059643,-0.096865,0.501421,-0.523036,0.014147,-0.113842,-0.091119,-0.056397,0.708144,-0.489064,-0.026621,-0.161619,0.006093,0.143031,0.456959,-0.210611,0.621550,1.495607,0.000000,0.000000,0.567585,-0.306301,0.231919,0.809815,-0.030373,0.000000,0.000000
-2.143961,1.897861,0.833470,0.069681,-0.020384,0.963043,0.259379,0.106150,-0.052901,-0.098815,0.488119,-0.518352,0.016175,-0.123494,-0.088209,-0.068692,0.637713,-0.482584,-0.023066,-0.174718,0.006761,0.107857,0.458686,-0.214284,0.604575,1.491920,0.000000,0.000000,0.578546,-0.301822,0.218853,0.829370,-0.031459,0.000000,0.000000
-2.153579,1.908058,0.838529,0.066220,-0.019475,0.964938,0.253240,0.116254,-0.046028,-0.102035,0.474591,-0.514261,0.018456,-0.131295,-0.086995,-0.086603,0.564657,-0.477447,-0.019284,-0.188244,0.007416,0.072297,0.460105,-0.219655,0.587798,1.491501,0.000000,0.000000,0.590001,-0.294835,0.202131,0.848101,-0.033992,0.000000,0.000000
-2.163561,1.917956,0.844965,0.062872,-0.018138,0.966976,0.246324,0.126222,-0.040015,-0.106919,0.460726,-0.510486,0.020782,-0.137778,-0.087765,-0.106252,0.491271,-0.471158,-0.016089,-0.201857,0.008023,0.036342,0.462851,-0.227755,0.571104,1.488507,0.000000,0.000000,0.601422,-0.288845,0.182125,0.864636,-0.035310,0.000000,0.000000
-2.173575,1.927658,0.849287,0.059518,-0.016562,0.969072,0.238918,0.135858,-0.034312,-0.111568,0.447522,-0.503171,0.023033,-0.143313,-0.088987,-0.125656,0.416831,-0.461029,-0.013437,-0.214598,0.008611,-0.001372,0.465766,-0.239866,0.554800,1.485067,0.000000,0.000000,0.613419,-0.283723,0.160686,0.879350,-0.036363,0.000000,0.000000
-2.183563,1.937574,0.851615,0.055523,-0.014796,0.971128,0.231534,0.144772,-0.028259,-0.115549,0.433605,-0.495350,0.025288,-0.148389,-0.088891,-0.145688,0.339218,-0.448399,-0.010873,-0.226002,0.009168,-0.039822,0.467622,-0.253329,0.536820,1.481900,0.000000,0.000000,0.625533,-0.277753,0.137814,0.891200,-0.037745,0.000000,0.000000
-2.193624,1.947548,0.851669,0.051268,-0.013056,0.973127,0.224108,0.153113,-0.021595,-0.118780,0.419720,-0.488930,0.027587,-0.153134,-0.088063,-0.163879,0.261972,-0.435836,-0.008855,-0.235710,0.009610,-0.078964,0.467527,-0.266878,0.519153,1.476610,0.000000,0.000000,0.637778,-0.271280,0.114738,0.900177,-0.037942,0.000000,0.000000
-2.203438,1.956852,0.849411,0.047600,-0.011186,0.974850,0.217430,0.161113,-0.015567,-0.119486,0.408966,-0.483563,0.029323,-0.158892,-0.088420,-0.179686,0.189006,-0.422095,-0.007710,-0.245377,0.010007,-0.116558,0.466630,-0.281621,0.501417,1.468785,0.000000,0.000000,0.649319,-0.267195,0.093852,0.909046,-0.038436,0.000000,0.000000
-2.213609,1.965667,0.845253,0.044123,-0.009000,0.976417,0.211143,0.169340,-0.011410,-0.119869,0.398527,-0.475748,0.030540,-0.164691,-0.089630,-0.198408,0.119721,-0.412229,-0.006757,-0.253976,0.010420,-0.154550,0.466955,-0.298387,0.486921,1.462456,0.000000,0.000000,0.659496,-0.263003,0.071662,0.918784,-0.038347,0.000000,0.000000
-2.223804,1.974675,0.839380,0.040953,-0.006820,0.977794,0.205415,0.177987,-0.007114,-0.120311,0.388496,-0.467478,0.031840,-0.170663,-0.090002,-0.220171,0.054228,-0.406796,-0.005859,-0.261277,0.010767,-0.193470,0.468694,-0.315966,0.473647,1.459973,0.000000,0.000000,0.670185,-0.259280,0.047900,0.926542,-0.036338,0.000000,0.000000
-2.233870,1.984278,0.832679,0.038033,-0.004966,0.978965,0.200389,0.186565,-0.001058,-0.119708,0.379700,-0.459838,0.033491,-0.176387,-0.089321,-0.238273,-0.004526,-0.399701,-0.005442,-0.266723,0.011047,-0.231116,0.471006,-0.335414,0.460752,1.460622,0.000000,0.000000,0.682351,-0.256642,0.026847,0.931675,-0.035730,0.000000,0.000000
-2.242926,1.993560,0.831476,0.035693,-0.002826,0.980072,0.195390,0.190490,0.004360,-0.118345,0.383455,-0.458540,0.034841,-0.182490,-0.090028,-0.250946,-0.017450,-0.390274,-0.005403,-0.271743,0.011186,-0.265747,0.472015,-0.353346,0.449333,1.459692,0.000000,0.000000,0.694363,-0.255111,0.007546,0.936852,-0.036003,0.000000,0.000000
-2.252990,2.001617,0.831457,0.034089,-0.000559,0.981220,0.189856,0.194397,0.008684,-0.115599,0.390342,-0.459905,0.035694,-0.189140,-0.096261,-0.263879,-0.017450,-0.377659,-0.005678,-0.277410,0.011371,-0.301649,0.471014,-0.371025,0.438742,1.455062,0.000000,0.000000,0.707606,-0.254240,-0.012999,0.940451,-0.034340,0.000000,0.000000
-2.262781,2.010963,0.831129,0.032332,0.001515,0.982207,0.184992,0.198471,0.014346,-0.113146,0.398311,-0.462859,0.036970,-0.196623,-0.099837,-0.277030,-0.017450,-0.372961,-0.005695,-0.283286,0.011596,-0.338796,0.469553,-0.389203,0.428641,1.452660,0.000000,0.000000,0.721903,-0.254343,-0.032963,0.941977,-0.039826,0.000000,0.000000
-2.272548,2.021181,0.830525,0.030734,0.003033,0.983111,0.180384,0.202883,0.021917,-0.111724,0.407294,-0.467119,0.038972,-0.203944,-0.099754,-0.289916,-0.017450,-0.375859,-0.005435,-0.288723,0.011812,-0.375072,0.469558,-0.408596,0.418248,1.454474,0.000000,0.000000,0.735766,-0.253220,-0.052197,0.943856,-0.049244,0.000000,0.000000
-2.282852,2.030990,0.829743,0.029664,0.004234,0.984106,0.175037,0.207779,0.030036,-0.110852,0.417233,-0.471187,0.041269,-0.210311,-0.100567,-0.305231,-0.017450,-0.377763,-0.005130,-0.293130,0.011919,-0.408203,0.468327,-0.427584,0.407847,1.445838,0.000000,0.000000,0.748261,-0.249394,-0.072001,0.945733,-0.052711,0.000000,0.000000
-2.293541,2.040575,0.829013,0.028951,0.005505,0.985004,0.169997,0.212897,0.037263,-0.110977,0.427791,-0.473529,0.043550,-0.216182,-0.103058,-0.318618,-0.017450,-0.374731,-0.004963,-0.297143,0.011974,-0.439344,0.468171,-0.445972,0.398851,1.438413,0.000000,0.000000,0.759916,-0.246382,-0.092472,0.947178,-0.054946,0.000000,0.000000
-2.304436,2.050296,0.828196,0.028620,0.006718,0.985578,0.166648,0.218753,0.043718,-0.109419,0.439628,-0.473795,0.045427,-0.221353,-0.106031,-0.326884,-0.017450,-0.373011,-0.005034,-0.302679,0.012098,-0.466461,0.469612,-0.459900,0.389847,1.436750,0.000000,0.000000,0.770244,-0.246199,-0.109838,0.949663,-0.056959,0.000000,0.000000
-2.315701,2.059945,0.827206,0.028061,0.007646,0.986212,0.162912,0.224893,0.050247,-0.108527,0.452069,-0.472828,0.047506,-0.226168,-0.109851,-0.332240,-0.017450,-0.375439,-0.005419,-0.308896,0.012226,-0.492468,0.470759,-0.473517,0.380102,1.429369,0.000000,0.000000,0.779768,-0.246123,-0.127072,0.952973,-0.058148,0.000000,0.000000
-2.327267,2.069597,0.826111,0.027480,0.008242,0.986922,0.158625,0.230940,0.057180,-0.108917,0.464510,-0.470826,0.049976,-0.229987,-0.114996,-0.333440,-0.017450,-0.380256,-0.006163,-0.315293,0.012355,-0.516576,0.471628,-0.487239,0.371393,1.417653,0.000000,0.000000,0.787946,-0.246218,-0.143379,0.957273,-0.060015,0.000000,0.000000
-2.339128,2.079041,0.824860,0.027127,0.008708,0.987583,0.154491,0.237122,0.063495,-0.110490,0.477399,-0.465552,0.052573,-0.233062,-0.121901,-0.331646,-0.017450,-0.385507,-0.007218,-0.321773,0.012499,-0.539991,0.473429,-0.501489,0.364535,1.408059,0.000000,0.000000,0.794844,-0.246769,-0.159133,0.963258,-0.061731,0.000000,0.000000
-2.351102,2.088559,0.823529,0.026999,0.009135,0.988157,0.150777,0.243233,0.068863,-0.113385,0.490344,-0.457578,0.055202,-0.235771,-0.129299,-0.328446,-0.017450,-0.390268,-0.008339,-0.327780,0.012644,-0.562770,0.476263,-0.515651,0.360761,1.404647,0.000000,0.000000,0.800031,-0.247713,-0.173828,0.971592,-0.060488,0.000000,0.000000
-2.363076,2.098302,0.822200,0.026954,0.009601,0.988568,0.148039,0.249254,0.073075,-0.116785,0.503324,-0.449520,0.057621,-0.238629,-0.135440,-0.326224,-0.017450,-0.395897,-0.009261,-0.332897,0.012757,-0.584527,0.479759,-0.530218,0.360170,1.407555,0.000000,0.000000,0.803683,-0.249648,-0.185890,0.981274,-0.058882,0.000000,0.000000
-2.375192,2.108202,0.820982,0.026794,0.009718,0.988740,0.146904,0.254980,0.076111,-0.119497,0.515499,-0.442064,0.059536,-0.241771,-0.138797,-0.325574,-0.017450,-0.400634,-0.009777,-0.336128,0.012807,-0.601637,0.479682,-0.540936,0.361976,1.406583,0.000000,0.000000,0.805132,-0.252494,-0.192572,0.990778,-0.059614,0.000000,0.000000
-2.387284,2.118106,0.819425,0.027316,0.009884,0.988750,0.146727,0.261149,0.078746,-0.121066,0.528481,-0.433160,0.061168,-0.246398,-0.141498,-0.326082,-0.017450,-0.397968,-0.010084,-0.337957,0.012819,-0.617549,0.477957,-0.551734,0.367302,1.395413,0.000000,0.000000,0.803765,-0.256555,-0.196233,1.003019,-0.061893,0.000000,0.000000
-2.399573,2.128458,0.821465,0.027876,0.009904,0.988584,0.147738,0.268994,0.083227,-0.119351,0.544499,-0.420176,0.062933,-0.252562,-0.142980,-0.330344,0.001726,-0.373799,-0.009367,-0.339272,0.012860,-0.634251,0.478743,-0.564652,0.373284,1.380403,0.000000,0.000000,0.800169,-0.262495,-0.197198,1.016977,-0.063647,0.000000,0.000000
-2.411415,2.138870,0.827493,0.028573,0.009648,0.988162,0.150420,0.276225,0.087684,-0.115515,0.567185,-0.401395,0.064382,-0.260447,-0.142502,-0.337493,0.047538,-0.333098,-0.006950,-0.339398,0.012963,-0.649091,0.483974,-0.578602,0.377988,1.376870,0.000000,0.000000,0.795250,-0.271325,-0.193216,1.031517,-0.068784,0.000000,0.000000
-2.422761,2.149203,0.832325,0.029262,0.008885,0.987563,0.154219,0.280519,0.089963,-0.112807,0.592071,-0.382496,0.065186,-0.267209,-0.141893,-0.338054,0.092926,-0.304765,-0.004917,-0.339605,0.013059,-0.657332,0.492363,-0.590184,0.381812,1.384116,0.000000,0.000000,0.789272,-0.281411,-0.186701,1.042345,-0.074173,0.000000,0.000000
-2.433457,2.160007,0.836231,0.029401,0.007954,0.986873,0.158602,0.281109,0.091189,-0.111543,0.621494,-0.362456,0.065795,-0.273421,-0.140953,-0.331060,0.137106,-0.288252,-0.003737,-0.340680,0.013130,-0.660676,0.499905,-0.596484,0.388279,1.390221,0.000000,0.000000,0.780263,-0.291877,-0.177420,1.052702,-0.076470,0.000000,0.000000
-2.444136,2.171419,0.839502,0.030161,0.006370,0.985944,0.164206,0.280671,0.091288,-0.110489,0.657611,-0.335603,0.066056,-0.279070,-0.137681,-0.319753,0.184943,-0.273983,-0.002452,-0.340667,0.013106,-0.659350,0.504809,-0.596966,0.398357,1.390989,0.000000,0.000000,0.768619,-0.303060,-0.162911,1.064032,-0.077146,0.000000,0.000000
-2.455028,2.183337,0.842020,0.031407,0.004401,0.984766,0.170970,0.280183,0.091738,-0.105989,0.696347,-0.302730,0.065615,-0.282965,-0.131806,-0.306986,0.231654,-0.262079,-0.000897,-0.338806,0.013151,-0.652867,0.509327,-0.595977,0.408865,1.390684,0.000000,0.000000,0.755826,-0.315539,-0.144266,1.076665,-0.078879,0.000000,0.000000
-2.466256,2.195308,0.843752,0.033229,0.002387,0.983342,0.178684,0.280146,0.093062,-0.096134,0.734573,-0.269681,0.064191,-0.284223,-0.124698,-0.294875,0.273782,-0.254442,0.000678,-0.334996,0.013192,-0.641887,0.514931,-0.594800,0.417895,1.393695,0.000000,0.000000,0.741442,-0.328801,-0.124996,1.089908,-0.085850,0.000000,0.000000
-2.477735,2.206893,0.844965,0.035462,0.000775,0.981694,0.187133,0.279788,0.092977,-0.084799,0.773383,-0.237552,0.061761,-0.282878,-0.117927,-0.283709,0.311492,-0.253895,0.001907,-0.328043,0.013175,-0.626019,0.519264,-0.592840,0.425591,1.397885,0.000000,0.000000,0.724734,-0.339980,-0.103597,1.104011,-0.097491,0.000000,0.000000
-2.489082,2.218058,0.845766,0.037803,-0.000311,0.979966,0.195545,0.277657,0.091356,-0.073540,0.813572,-0.206729,0.058604,-0.279296,-0.112013,-0.273207,0.344079,-0.264969,0.002558,-0.318301,0.013073,-0.606119,0.520895,-0.588940,0.432462,1.397287,0.000000,0.000000,0.705764,-0.348567,-0.083192,1.117035,-0.103656,0.000000,0.000000
-2.499921,2.229106,0.846365,0.040128,-0.000783,0.978307,0.203235,0.272796,0.091338,-0.059266,0.855742,-0.175846,0.055248,-0.273956,-0.107328,-0.264615,0.373125,-0.284376,0.002822,-0.307789,0.012932,-0.583883,0.521842,-0.585089,0.439561,1.393815,0.000000,0.000000,0.685156,-0.355989,-0.067527,1.128252,-0.101174,0.000000,0.000000
-2.510208,2.240075,0.846786,0.042275,-0.001067,0.976696,0.210421,0.265397,0.093548,-0.042308,0.899001,-0.141010,0.051976,-0.267109,-0.103701,-0.257961,0.399622,-0.307303,0.002908,-0.296669,0.012789,-0.561045,0.522172,-0.582598,0.446880,1.388441,0.000000,0.000000,0.663603,-0.362977,-0.053682,1.136990,-0.093948,0.000000,0.000000
-2.519993,2.251340,0.847086,0.043956,-0.001372,0.975041,0.217628,0.256249,0.096647,-0.025541,0.940388,-0.105735,0.048927,-0.259277,-0.099445,-0.252431,0.422527,-0.331272,0.003135,-0.284224,0.012653,-0.538535,0.521718,-0.580810,0.456496,1.385588,0.000000,0.000000,0.642722,-0.368557,-0.038681,1.139848,-0.084085,0.000000,0.000000
-2.529150,2.263271,0.847291,0.045530,-0.001922,0.973343,0.224780,0.246356,0.102869,-0.006141,0.979051,-0.079419,0.046497,-0.250161,-0.093097,-0.246354,0.441295,-0.354032,0.003621,-0.270963,0.012455,-0.515839,0.519986,-0.579176,0.468450,1.384072,0.000000,0.000000,0.623310,-0.372435,-0.022248,1.138435,-0.079616,0.000000,0.000000
-2.538090,2.275435,0.847433,0.046882,-0.002969,0.971648,0.231719,0.236037,0.111189,0.013113,1.015082,-0.068484,0.045008,-0.239508,-0.084912,-0.239318,0.455601,-0.375517,0.004275,-0.256452,0.012180,-0.492365,0.516649,-0.578608,0.480165,1.382356,0.000000,0.000000,0.604106,-0.373743,-0.006490,1.133215,-0.077012,0.000000,0.000000
-2.547032,2.287320,0.847702,0.047960,-0.003931,0.969929,0.238583,0.225280,0.117753,0.028710,1.046945,-0.073338,0.043967,-0.228077,-0.076419,-0.230465,0.464686,-0.394052,0.004678,-0.241216,0.011873,-0.469007,0.513442,-0.578026,0.490749,1.385857,0.000000,0.000000,0.585424,-0.371826,0.003683,1.121060,-0.064991,0.000000,0.000000
-2.555976,2.298846,0.848177,0.049047,-0.004532,0.967951,0.246263,0.213569,0.121047,0.041537,1.076541,-0.091748,0.042695,-0.215424,-0.067698,-0.216822,0.469989,-0.411276,0.004356,-0.223368,0.011361,-0.441742,0.506753,-0.572909,0.501273,1.380866,0.000000,0.000000,0.567439,-0.368226,0.011549,1.101893,-0.046525,0.000000,0.000000
-2.565183,2.309814,0.848736,0.050472,-0.004698,0.965782,0.254352,0.201657,0.120316,0.051806,1.102693,-0.117824,0.040847,-0.202120,-0.060519,-0.200643,0.473887,-0.425058,0.003382,-0.204580,0.010752,-0.410728,0.497901,-0.563204,0.511337,1.362050,0.000000,0.000000,0.550172,-0.365313,0.017663,1.079643,-0.021225,0.000000,0.000000
-2.574728,2.320320,0.849234,0.052048,-0.004660,0.963671,0.261931,0.189812,0.116572,0.058750,1.124335,-0.145341,0.038698,-0.188656,-0.055272,-0.185234,0.477529,-0.436784,0.002199,-0.187682,0.010384,-0.381306,0.494775,-0.556100,0.522607,1.368866,0.000000,0.000000,0.533041,-0.365336,0.023944,1.054847,0.001478,0.000000,0.000000
-2.584309,2.330874,0.849729,0.053657,-0.004484,0.961476,0.269562,0.177621,0.111521,0.064470,1.141513,-0.173091,0.036353,-0.174465,-0.050590,-0.168405,0.480158,-0.448534,0.000705,-0.171263,0.010047,-0.350888,0.493215,-0.552830,0.534790,1.400611,0.000000,0.000000,0.514986,-0.365172,0.033267,1.027551,0.020433,0.000000,0.000000
-2.593874,2.341502,0.850251,0.055148,-0.004374,0.959329,0.276816,0.165220,0.106322,0.068879,1.153589,-0.198652,0.034143,-0.159838,-0.045704,-0.151702,0.480655,-0.458575,-0.000706,-0.154378,0.009452,-0.317441,0.484848,-0.548842,0.547601,1.417984,0.000000,0.000000,0.497470,-0.360514,0.044508,1.002288,0.041249,0.000000,0.000000
-2.603486,2.351921,0.850834,0.056443,-0.004359,0.957489,0.282861,0.152206,0.100963,0.070661,1.160916,-0.221709,0.032271,-0.144470,-0.040930,-0.137277,0.478574,-0.467177,-0.001797,-0.137822,0.008822,-0.282716,0.473728,-0.546295,0.559274,1.418889,0.000000,0.000000,0.479445,-0.354417,0.054415,0.978623,0.059977,0.000000,0.000000
-2.613172,2.361737,0.851554,0.057837,-0.004015,0.955929,0.287818,0.138488,0.093679,0.069330,1.163885,-0.241422,0.030304,-0.128490,-0.038044,-0.126305,0.474328,-0.474379,-0.002787,-0.121903,0.008247,-0.248742,0.464318,-0.544237,0.571133,1.423537,0.000000,0.000000,0.460833,-0.348631,0.061677,0.955083,0.076245,0.000000,0.000000
-2.622794,2.371478,0.852500,0.059142,-0.003261,0.954589,0.291977,0.124095,0.084978,0.065753,1.162043,-0.260330,0.028282,-0.111617,-0.036507,-0.118600,0.466985,-0.480522,-0.003593,-0.105931,0.007615,-0.215845,0.455039,-0.540621,0.586558,1.439326,0.000000,0.000000,0.442713,-0.343176,0.068395,0.928883,0.087900,0.000000,0.000000
-2.632433,2.381678,0.853601,0.059979,-0.002516,0.953295,0.296014,0.109861,0.077145,0.062337,1.154557,-0.279220,0.026490,-0.094265,-0.034743,-0.112294,0.456199,-0.485272,-0.004151,-0.091022,0.006943,-0.182915,0.445998,-0.537545,0.601537,1.449306,0.000000,0.000000,0.425127,-0.338190,0.076612,0.900258,0.093775,0.000000,0.000000
-2.642045,2.392175,0.854778,0.060633,-0.002054,0.951802,0.300655,0.096018,0.071051,0.061592,1.141335,-0.295238,0.024743,-0.075871,-0.032444,-0.105359,0.442304,-0.489743,-0.004699,-0.075117,0.006212,-0.149175,0.437638,-0.537224,0.616901,1.451199,0.000000,0.000000,0.406715,-0.331524,0.084088,0.873129,0.103128,0.000000,0.000000
-2.651814,2.402537,0.856054,0.061077,-0.001555,0.950092,0.305930,0.082850,0.065198,0.062092,1.123026,-0.307986,0.022801,-0.057416,-0.030712,-0.097570,0.426186,-0.491702,-0.005486,-0.056907,0.005374,-0.115392,0.427111,-0.536426,0.634370,1.450954,0.000000,0.000000,0.388312,-0.324241,0.089990,0.847604,0.110769,0.000000,0.000000
-2.661653,2.412692,0.857405,0.061207,-0.000749,0.948787,0.309930,0.069131,0.058740,0.059512,1.100017,-0.322983,0.021228,-0.038737,-0.029777,-0.092618,0.407887,-0.492252,-0.006029,-0.038684,0.004469,-0.083373,0.414034,-0.535344,0.655694,1.456791,0.000000,0.000000,0.370189,-0.316162,0.093686,0.819917,0.117498,0.000000,0.000000
-2.671309,2.422519,0.858670,0.061132,0.000243,0.947546,0.313719,0.055208,0.051661,0.055498,1.074206,-0.336718,0.019735,-0.021006,-0.029574,-0.090996,0.389338,-0.492484,-0.006242,-0.020850,0.003603,-0.054372,0.401135,-0.533135,0.676549,1.465235,0.000000,0.000000,0.353741,-0.309714,0.094779,0.788567,0.125679,0.000000,0.000000
-2.680455,2.432204,0.859817,0.060732,0.001217,0.945828,0.318936,0.041293,0.045112,0.054261,1.044563,-0.350879,0.017848,-0.004773,-0.029193,-0.089055,0.371145,-0.490701,-0.006461,-0.002811,0.002685,-0.025503,0.389910,-0.524958,0.695321,1.473261,0.000000,0.000000,0.337219,-0.306311,0.101976,0.756208,0.121493,0.000000,0.000000
-2.689127,2.441791,0.860820,0.059858,0.002076,0.943941,0.324637,0.026957,0.040176,0.055961,1.010019,-0.368838,0.015858,0.010087,-0.028149,-0.084118,0.353147,-0.487345,-0.006968,0.012308,0.001795,0.009419,0.373421,-0.522189,0.722304,1.479702,0.000000,0.000000,0.316553,-0.302956,0.115888,0.729082,0.107862,0.000000,0.000000
-2.697343,2.450686,0.861662,0.059248,0.003200,0.942332,0.329377,0.012331,0.034737,0.057132,0.973453,-0.381797,0.013814,0.023313,-0.028628,-0.081546,0.337822,-0.482866,-0.007461,0.027947,0.000988,0.035080,0.364565,-0.509253,0.747674,1.495523,0.000000,0.000000,0.295423,-0.300934,0.121557,0.705388,0.100875,0.000000,0.000000
-2.704989,2.459447,0.862276,0.058341,0.004136,0.940654,0.334289,-0.003180,0.030700,0.058757,0.933523,-0.387710,0.012131,0.035232,-0.028963,-0.080042,0.324357,-0.476304,-0.007774,0.043804,0.000070,0.062992,0.354504,-0.497845,0.773963,1.502099,0.000000,0.000000,0.274437,-0.299640,0.130496,0.682713,0.093899,0.000000,0.000000
-2.711998,2.468059,0.862644,0.056929,0.004819,0.938360,0.340904,-0.018837,0.028638,0.063742,0.891218,-0.390896,0.010398,0.044939,-0.028512,-0.076305,0.313024,-0.469135,-0.008235,0.059671,-0.000874,0.090387,0.343109,-0.483862,0.801659,1.505558,0.000000,0.000000,0.251758,-0.299549,0.144196,0.658919,0.085325,0.000000,0.000000
-2.718735,2.476152,0.862900,0.055340,0.005567,0.935906,0.347831,-0.034569,0.027107,0.071461,0.846217,-0.392387,0.008306,0.053118,-0.028479,-0.072136,0.302884,-0.463743,-0.008851,0.075975,-0.001824,0.115709,0.332601,-0.471338,0.830400,1.513258,0.000000,0.000000,0.228231,-0.300266,0.157735,0.634508,0.073758,0.000000,0.000000
-2.725393,2.483873,0.863077,0.053350,0.006263,0.933587,0.354302,-0.050291,0.026021,0.080056,0.797744,-0.394902,0.006253,0.060297,-0.028344,-0.068511,0.292704,-0.458363,-0.009364,0.091147,-0.002722,0.139213,0.323521,-0.460018,0.860911,1.530246,0.000000,0.000000,0.204346,-0.300722,0.169971,0.612127,0.058193,0.000000,0.000000
-2.732133,2.491307,0.863130,0.051067,0.006585,0.930880,0.361677,-0.065374,0.025262,0.088656,0.745869,-0.395966,0.004404,0.066820,-0.027935,-0.061506,0.282889,-0.451968,-0.010307,0.105493,-0.003617,0.163236,0.314271,-0.446793,0.893744,1.547667,0.000000,0.000000,0.179008,-0.300439,0.183753,0.590594,0.050881,0.000000,0.000000
-2.739028,2.498682,0.863031,0.048560,0.006804,0.927865,0.369677,-0.079504,0.025141,0.099122,0.691187,-0.392919,0.002512,0.072998,-0.027861,-0.052228,0.273785,-0.446527,-0.011656,0.119706,-0.004510,0.186424,0.306133,-0.430418,0.925359,1.558557,0.000000,0.000000,0.151420,-0.300009,0.198043,0.569277,0.051119,0.000000,0.000000
-2.745849,2.506373,0.862748,0.045980,0.006955,0.924816,0.377561,-0.092739,0.026412,0.109435,0.634115,-0.386529,0.001177,0.079059,-0.027206,-0.040977,0.265720,-0.441294,-0.013161,0.133665,-0.005408,0.208730,0.297820,-0.414615,0.956938,1.566909,0.000000,0.000000,0.124220,-0.299052,0.212906,0.546575,0.053700,0.000000,0.000000
-2.753193,2.513793,0.862290,0.043287,0.006966,0.921898,0.384944,-0.104885,0.026930,0.118537,0.573474,-0.378677,0.000032,0.085085,-0.026519,-0.029533,0.258378,-0.436255,-0.014704,0.147245,-0.006291,0.231274,0.286462,-0.398926,0.990239,1.570450,0.000000,0.000000,0.097591,-0.297594,0.229050,0.524458,0.050762,0.000000,0.000000
-2.761265,2.520916,0.861692,0.040500,0.006935,0.919179,0.391690,-0.115782,0.026161,0.127993,0.510872,-0.370728,-0.001306,0.091311,-0.026637,-0.021647,0.251134,-0.433393,-0.015905,0.160412,-0.007097,0.251768,0.275704,-0.383478,1.023557,1.570567,0.000000,0.000000,0.070289,-0.297851,0.243659,0.505675,0.035046,0.000000,0.000000
-2.769864,2.527982,0.861040,0.037768,0.007062,0.916534,0.398106,-0.125693,0.024863,0.136457,0.445666,-0.361949,-0.002357,0.098137,-0.028499,-0.017739,0.243230,-0.433278,-0.016912,0.173047,-0.007849,0.270963,0.267217,-0.369701,1.055702,1.570396,0.000000,0.000000,0.041538,-0.299003,0.257948,0.486752,0.023304,0.000000,0.000000
-2.778696,2.535233,0.860267,0.035077,0.007220,0.913806,0.404568,-0.134693,0.023890,0.142939,0.379585,-0.349300,-0.002830,0.105311,-0.030817,-0.014166,0.235502,-0.432967,-0.017962,0.184299,-0.008500,0.290912,0.259376,-0.356939,1.087091,1.570204,0.000000,0.000000,0.012913,-0.300195,0.271950,0.468678,0.018889,0.000000,0.000000
-2.787782,2.542738,0.859289,0.032334,0.007332,0.910965,0.411149,-0.142813,0.023317,0.149141,0.313802,-0.333454,-0.003067,0.112481,-0.033049,-0.008848,0.228762,-0.432054,-0.019259,0.194162,-0.009080,0.311545,0.251917,-0.344827,1.117440,1.570041,0.000000,0.000000,-0.014261,-0.299640,0.285563,0.451406,0.017909,0.000000,0.000000
-2.796730,2.549953,0.857870,0.029980,0.007288,0.907923,0.418001,-0.150410,0.022765,0.157419,0.246959,-0.316665,-0.003420,0.118320,-0.036010,-0.004666,0.227805,-0.434672,-0.020563,0.204676,-0.009621,0.332658,0.246248,-0.336328,1.146920,1.569904,0.000000,0.000000,-0.041007,-0.297727,0.299176,0.434451,0.022619,0.000000,0.000000
-2.805088,2.556687,0.856813,0.027183,0.006769,0.904378,0.425811,-0.158357,0.024085,0.167940,0.180299,-0.300139,-0.003487,0.121304,-0.038174,0.000829,0.232219,-0.442039,-0.021844,0.217960,-0.010326,0.351551,0.241052,-0.329101,1.176394,1.569787,0.000000,0.000000,-0.069588,-0.296274,0.313464,0.417799,0.022729,0.000000,0.000000
-2.813542,2.563361,0.854355,0.023816,0.005969,0.900470,0.434224,-0.166418,0.027009,0.178759,0.114197,-0.284886,-0.003082,0.123467,-0.039522,0.008248,0.236457,-0.454190,-0.023145,0.232974,-0.011044,0.368157,0.235257,-0.317381,1.205487,1.569698,0.000000,0.000000,-0.099702,-0.295318,0.326329,0.401602,0.018634,0.000000,0.000000
-2.822336,2.570245,0.851340,0.020341,0.005122,0.897423,0.440673,-0.174192,0.030487,0.185174,0.050780,-0.271936,-0.001960,0.125822,-0.039919,0.014500,0.241363,-0.469121,-0.024022,0.246075,-0.011631,0.384511,0.231617,-0.307606,1.231716,1.569638,0.000000,0.000000,-0.127714,-0.293581,0.334577,0.387902,0.013204,0.000000,0.000000
-2.831335,2.577557,0.848582,0.017483,0.004221,0.894976,0.445752,-0.181311,0.034832,0.187917,-0.009945,-0.262628,-0.000254,0.129332,-0.040709,0.015721,0.248453,-0.483562,-0.024313,0.257780,-0.012138,0.401795,0.229027,-0.302171,1.257815,1.569589,0.000000,0.000000,-0.154860,-0.292212,0.341918,0.377423,0.006092,0.000000,0.000000
-2.840246,2.585438,0.845629,0.014977,0.003379,0.892362,0.451059,-0.188032,0.040942,0.188989,-0.017450,-0.258153,0.001304,0.133376,-0.041970,0.015777,0.256569,-0.496334,-0.024578,0.267659,-0.012558,0.419768,0.226653,-0.297167,1.280702,1.569561,0.000000,0.000000,-0.181037,-0.289175,0.348273,0.368674,-0.000336,0.000000,0.000000
-2.849252,2.593642,0.842549,0.012696,0.002434,0.889398,0.456950,-0.195172,0.049307,0.189352,-0.017450,-0.256686,0.002913,0.138051,-0.043764,0.018408,0.266036,-0.511751,-0.025315,0.278458,-0.012981,0.439047,0.223651,-0.287776,1.302807,1.569536,0.000000,0.000000,-0.207098,-0.286698,0.356854,0.358166,-0.005147,0.000000,0.000000
-2.858516,2.602102,0.841755,0.010804,0.001197,0.886437,0.462721,-0.201975,0.057977,0.191463,-0.017450,-0.256823,0.004296,0.143073,-0.045695,0.023313,0.276340,-0.528282,-0.026404,0.288648,-0.013419,0.459328,0.220719,-0.278380,1.321848,1.569519,0.000000,0.000000,-0.231529,-0.286912,0.368458,0.347211,-0.003414,0.000000,0.000000
-2.868160,2.610934,0.840813,0.009399,0.000082,0.883891,0.467599,-0.208719,0.064511,0.196556,-0.017450,-0.256535,0.005098,0.148536,-0.048234,0.026677,0.287458,-0.544670,-0.027446,0.296601,-0.013694,0.480353,0.219929,-0.273837,1.338278,1.569500,0.000000,0.000000,-0.255399,-0.286694,0.378410,0.338008,0.003257,0.000000,0.000000
-2.877894,2.620083,0.838949,0.010059,-0.002080,0.882088,0.470972,-0.214638,0.070081,0.207447,-0.017450,-0.260527,0.005332,0.156464,-0.053186,0.016880,0.302898,-0.564233,-0.027208,0.303690,-0.013896,0.512421,0.228174,-0.268920,1.349429,1.569508,0.000000,0.000000,-0.272281,-0.289490,0.386272,0.321442,0.040250,0.000000,0.000000
-2.888253,2.628949,0.837633,0.010058,-0.003205,0.880144,0.474589,-0.220566,0.071075,0.219706,-0.017450,-0.262378,0.004868,0.163486,-0.058934,0.014104,0.316673,-0.579907,-0.028151,0.310096,-0.014190,0.537708,0.230278,-0.262887,1.355613,1.569500,0.000000,0.000000,-0.288957,-0.293047,0.392695,0.311166,0.056555,0.000000,0.000000
-2.898524,2.637889,0.836588,0.009539,-0.004164,0.878109,0.478347,-0.226620,0.071286,0.233617,-0.017450,-0.263681,0.004175,0.170114,-0.064513,0.015113,0.329845,-0.594209,-0.029626,0.316435,-0.014425,0.560720,0.228008,-0.254716,1.362719,1.569482,0.000000,0.000000,-0.306557,-0.295316,0.400264,0.303651,0.056953,0.000000,0.000000
-2.908531,2.647064,0.835700,0.008667,-0.004621,0.876055,0.482110,-0.232020,0.072086,0.243298,-0.017450,-0.267720,0.003858,0.176175,-0.069409,0.019292,0.341989,-0.604909,-0.031463,0.322762,-0.014546,0.581988,0.224038,-0.247242,1.370436,1.569455,0.000000,0.000000,-0.324546,-0.296825,0.408356,0.298295,0.057350,0.000000,0.000000
-2.918414,2.656349,0.835073,0.007671,-0.004596,0.874373,0.485172,-0.236468,0.072886,0.247960,-0.017450,-0.271185,0.003840,0.181873,-0.073780,0.023945,0.353568,-0.611826,-0.033366,0.328394,-0.014587,0.599983,0.221590,-0.242556,1.375788,1.569434,0.000000,0.000000,-0.340152,-0.296841,0.413116,0.293756,0.064651,0.000000,0.000000
-2.928467,2.665471,0.834649,0.006582,-0.004538,0.872567,0.488428,-0.240210,0.074086,0.249485,-0.017450,-0.273993,0.004055,0.187085,-0.077645,0.030756,0.364292,-0.615919,-0.035541,0.333997,-0.014779,0.615143,0.220580,-0.237143,1.379561,1.569430,0.000000,0.000000,-0.354912,-0.302056,0.419361,0.290945,0.064454,0.000000,0.000000
-2.938697,2.674477,0.833944,0.005406,-0.004410,0.870618,0.491910,-0.245081,0.075843,0.249591,-0.017450,-0.277566,0.004450,0.192600,-0.081776,0.040118,0.375914,-0.618212,-0.038308,0.340824,-0.014890,0.631547,0.219396,-0.227732,1.381632,1.569423,0.000000,0.000000,-0.371530,-0.310673,0.429867,0.291643,0.055379,0.000000,0.000000
-2.949322,2.683542,0.833304,0.004496,-0.004208,0.869255,0.494325,-0.249517,0.076239,0.249374,-0.017450,-0.279931,0.004634,0.197763,-0.085927,0.046851,0.386672,-0.617732,-0.040776,0.344894,-0.014826,0.645120,0.217725,-0.219271,1.383372,1.569415,0.000000,0.000000,-0.383064,-0.314040,0.435169,0.290769,0.055466,0.000000,0.000000
-2.959822,2.692867,0.832417,0.003937,-0.004274,0.868111,0.496336,-0.253976,0.076415,0.250138,-0.017450,-0.284233,0.004722,0.203661,-0.090072,0.051310,0.398901,-0.612407,-0.043120,0.347908,-0.014748,0.658802,0.215573,-0.212980,1.386227,1.569405,0.000000,0.000000,-0.391099,-0.314953,0.437739,0.288833,0.061820,0.000000,0.000000
-2.970420,2.702244,0.831713,0.003224,-0.004606,0.867377,0.497620,-0.258059,0.076568,0.249377,-0.017450,-0.288715,0.004870,0.209426,-0.092719,0.055032,0.410832,-0.602518,-0.045119,0.350863,-0.014807,0.670538,0.213505,-0.209264,1.389940,1.569392,0.000000,0.000000,-0.396115,-0.317978,0.442321,0.288132,0.060764,0.000000,0.000000
-2.981657,2.711396,0.831467,0.002281,-0.004689,0.867096,0.498114,-0.261658,0.075620,0.246773,-0.017450,-0.288359,0.004921,0.214394,-0.094907,0.059210,0.421196,-0.591830,-0.047036,0.352686,-0.014833,0.679491,0.211545,-0.205241,1.391722,1.569386,0.000000,0.000000,-0.398524,-0.324240,0.444833,0.289851,0.056931,0.000000,0.000000
-2.993154,2.720632,0.831449,0.001611,-0.004442,0.867566,0.497299,-0.264890,0.073848,0.244869,-0.017450,-0.279573,0.004708,0.218733,-0.096499,0.063193,0.430298,-0.581238,-0.048702,0.353811,-0.014791,0.685500,0.210498,-0.201623,1.392398,1.569392,0.000000,0.000000,-0.398803,-0.327315,0.447654,0.291663,0.058804,0.000000,0.000000
-3.004115,2.730236,0.831401,0.001083,-0.003825,0.868990,0.494813,-0.270242,0.071149,0.242329,-0.017450,-0.253138,0.004050,0.225358,-0.096329,0.070750,0.444569,-0.558637,-0.051012,0.353333,-0.014665,0.692684,0.209975,-0.199358,1.393563,1.569383,0.000000,0.000000,-0.397670,-0.330892,0.450037,0.293990,0.066202,0.000000,0.000000
-3.014892,2.739727,0.831366,0.000533,-0.002950,0.870840,0.491558,-0.276225,0.069037,0.235576,-0.017450,-0.218378,0.003464,0.232362,-0.093925,0.078197,0.460208,-0.522490,-0.053184,0.351141,-0.014529,0.698311,0.210474,-0.200506,1.394230,1.569376,0.000000,0.000000,-0.394435,-0.337681,0.450025,0.297289,0.073443,0.000000,0.000000
-3.026047,2.748692,0.833075,0.000196,-0.001992,0.873017,0.487686,-0.281350,0.067374,0.223840,-0.003280,-0.193685,0.003341,0.236999,-0.091623,0.082429,0.477463,-0.483456,-0.054801,0.348867,-0.014393,0.701455,0.211519,-0.203772,1.394348,1.569383,0.000000,0.000000,-0.388806,-0.346922,0.449892,0.303094,0.077056,0.000000,0.000000
-3.037990,2.757234,0.836812,0.000445,-0.001244,0.875393,0.483410,-0.285841,0.064343,0.212656,0.030353,-0.180608,0.002825,0.238930,-0.091449,0.083037,0.501062,-0.445321,-0.056292,0.344956,-0.014184,0.702913,0.212244,-0.207786,1.395106,1.569377,0.000000,0.000000,-0.379584,-0.354758,0.446155,0.310051,0.086148,0.000000,0.000000
-3.050592,2.765607,0.840722,0.001185,-0.000791,0.878027,0.478609,-0.289569,0.059062,0.204802,0.071272,-0.177096,0.001622,0.239025,-0.093392,0.078305,0.531089,-0.404611,-0.057358,0.339779,-0.013924,0.703306,0.213111,-0.215024,1.396840,1.569377,0.000000,0.000000,-0.365993,-0.361741,0.438334,0.317066,0.099623,0.000000,0.000000
-3.063287,2.774198,0.843918,0.002305,-0.000073,0.880829,0.473428,-0.292269,0.052269,0.197694,0.112230,-0.180515,0.000293,0.237692,-0.095010,0.071870,0.564835,-0.358504,-0.057829,0.335738,-0.013792,0.701403,0.214218,-0.223977,1.398242,1.569372,0.000000,0.000000,-0.347048,-0.367882,0.433986,0.323834,0.107454,0.000000,0.000000
-3.076128,2.782947,0.846539,0.003759,0.000510,0.883844,0.467767,-0.293404,0.044212,0.191829,0.153164,-0.190316,-0.001275,0.235167,-0.096231,0.063556,0.602559,-0.302865,-0.057642,0.331797,-0.013691,0.697264,0.215772,-0.232394,1.399277,1.569377,0.000000,0.000000,-0.323414,-0.374534,0.429170,0.331062,0.108336,0.000000,0.000000
-3.089219,2.791641,0.848641,0.005250,0.000936,0.887063,0.461617,-0.292313,0.036115,0.183688,0.190431,-0.201700,-0.002431,0.231318,-0.098085,0.053268,0.642227,-0.239943,-0.056925,0.326882,-0.013496,0.691257,0.218157,-0.239922,1.399875,1.569390,0.000000,0.000000,-0.296507,-0.381277,0.420003,0.340002,0.105368,0.000000,0.000000
-3.102380,2.800268,0.850293,0.006664,0.001201,0.890356,0.455215,-0.288624,0.029067,0.170442,0.220577,-0.211701,-0.002599,0.226154,-0.100766,0.041685,0.681235,-0.179594,-0.055759,0.320377,-0.013256,0.683505,0.220714,-0.248182,1.399705,1.569379,0.000000,0.000000,-0.266631,-0.383055,0.409882,0.350213,0.107028,0.000000,0.000000
-3.115205,2.808946,0.851715,0.008183,0.000965,0.893721,0.448547,-0.282023,0.023002,0.155735,0.245133,-0.222607,-0.002275,0.219659,-0.102894,0.029633,0.720911,-0.125805,-0.053949,0.311508,-0.013030,0.675263,0.223045,-0.257471,1.398488,1.569402,0.000000,0.000000,-0.237529,-0.382501,0.402740,0.363600,0.100171,0.000000,0.000000
-3.127712,2.816955,0.852930,0.009661,0.000230,0.897419,0.441074,-0.272925,0.016712,0.138520,0.262859,-0.239156,-0.001440,0.210574,-0.104311,0.016509,0.764347,-0.073899,-0.051380,0.300555,-0.012828,0.665765,0.226646,-0.269390,1.396046,1.569408,0.000000,0.000000,-0.210682,-0.385380,0.399384,0.379699,0.082326,0.000000,0.000000
-3.140480,2.825320,0.854094,0.010805,-0.000656,0.900455,0.434814,-0.262657,0.010997,0.125065,0.277720,-0.256249,-0.000910,0.201636,-0.106832,0.005012,0.805756,-0.027287,-0.049237,0.287050,-0.012361,0.656194,0.229384,-0.278036,1.390091,1.569417,0.000000,0.000000,-0.185578,-0.385277,0.398549,0.395779,0.089027,0.000000,0.000000
-3.153959,2.832888,0.855040,0.012371,-0.001422,0.903828,0.427714,-0.251105,0.003344,0.113216,0.290548,-0.271238,-0.000937,0.192054,-0.112967,-0.009316,0.847834,0.014612,-0.047536,0.270415,-0.011783,0.646717,0.229551,-0.281590,1.382739,1.569431,0.000000,0.000000,-0.159480,-0.380958,0.394709,0.413714,0.103098,0.000000,0.000000
-3.167878,2.840137,0.855717,0.014406,-0.001867,0.907686,0.419398,-0.238752,-0.005868,0.099579,0.301970,-0.283488,-0.000993,0.182632,-0.119633,-0.023742,0.888836,0.042950,-0.046003,0.251386,-0.011204,0.637216,0.228645,-0.285840,1.373996,1.569428,0.000000,0.000000,-0.133618,-0.376599,0.390667,0.431563,0.106285,0.000000,0.000000
-3.181653,2.847698,0.856177,0.016677,-0.001916,0.911669,0.410582,-0.225695,-0.015344,0.084544,0.311723,-0.294867,-0.000908,0.173316,-0.124613,-0.037305,0.926453,0.053888,-0.044353,0.230151,-0.010563,0.626566,0.228330,-0.293267,1.363896,1.569406,0.000000,0.000000,-0.108064,-0.370217,0.386793,0.449812,0.109112,0.000000,0.000000
-3.195517,2.855420,0.856600,0.018635,-0.001742,0.915350,0.402223,-0.212270,-0.024708,0.068661,0.319226,-0.303101,-0.000695,0.163862,-0.128719,-0.049811,0.958626,0.051710,-0.042915,0.209326,-0.009902,0.614074,0.228180,-0.300526,1.354653,1.569409,0.000000,0.000000,-0.083096,-0.362481,0.383260,0.470506,0.100183,0.000000,0.000000
-3.209349,2.862981,0.857034,0.020499,-0.001866,0.918701,0.394418,-0.197913,-0.033559,0.051728,0.324616,-0.309469,-0.000249,0.153645,-0.132779,-0.061169,0.987431,0.041599,-0.041847,0.189768,-0.009299,0.599528,0.228642,-0.312024,1.344503,1.569407,0.000000,0.000000,-0.057200,-0.356387,0.380947,0.491222,0.086389,0.000000,0.000000
-3.222967,2.870545,0.857432,0.022519,-0.002203,0.922029,0.386459,-0.182371,-0.042049,0.035625,0.327809,-0.315447,0.000130,0.142998,-0.136470,-0.071837,1.013107,0.025156,-0.040944,0.170657,-0.008642,0.582538,0.230324,-0.325275,1.332415,1.569402,0.000000,0.000000,-0.030293,-0.352576,0.376991,0.508330,0.081963,0.000000,0.000000
-3.236614,2.878010,0.857752,0.024648,-0.002464,0.925636,0.377603,-0.166257,-0.050855,0.021085,0.328600,-0.320513,0.000218,0.132659,-0.140574,-0.084359,1.034696,0.008151,-0.039930,0.153187,-0.008013,0.564197,0.231825,-0.334379,1.319423,1.569412,0.000000,0.000000,-0.002640,-0.350631,0.371880,0.526158,0.073127,0.000000,0.000000
-3.250079,2.885743,0.858080,0.026622,-0.002657,0.929435,0.368015,-0.149543,-0.059150,0.007038,0.327246,-0.323993,0.000330,0.122427,-0.143495,-0.096919,1.051439,-0.009747,-0.038613,0.135353,-0.007307,0.545230,0.233728,-0.344597,1.304482,1.569432,0.000000,0.000000,0.026164,-0.347063,0.365246,0.546596,0.061944,0.000000,0.000000
-3.263388,2.893701,0.858427,0.028489,-0.002961,0.933210,0.358188,-0.132011,-0.066638,-0.007381,0.323994,-0.327891,0.000651,0.112307,-0.145098,-0.108406,1.063966,-0.029146,-0.037120,0.116935,-0.006530,0.525702,0.236758,-0.354482,1.286576,1.569473,0.000000,0.000000,0.056082,-0.341430,0.356104,0.568776,0.056863,0.000000,0.000000
-3.276294,2.902400,0.858875,0.029695,-0.004112,0.937194,0.347518,-0.114466,-0.070322,-0.016616,0.321236,-0.332917,0.001011,0.102244,-0.142242,-0.117027,1.071528,-0.055858,-0.034883,0.096370,-0.005710,0.506479,0.244318,-0.366172,1.260960,1.569534,0.000000,0.000000,0.082383,-0.336415,0.345776,0.601270,0.032840,0.000000,0.000000
-3.289028,2.911058,0.859255,0.030998,-0.005580,0.940375,0.338677,-0.096969,-0.072045,-0.023430,0.318597,-0.339177,0.001444,0.092274,-0.139554,-0.124634,1.075011,-0.080408,-0.032794,0.077709,-0.004946,0.487094,0.251455,-0.377039,1.238989,1.569602,0.000000,0.000000,0.106675,-0.330813,0.338232,0.633293,0.014551,0.000000,0.000000
-3.301723,2.919654,0.859671,0.032371,-0.007088,0.942966,0.331236,-0.078831,-0.072701,-0.031857,0.314472,-0.342874,0.002346,0.081479,-0.136802,-0.130260,1.074767,-0.101267,-0.030944,0.060467,-0.004176,0.466491,0.255747,-0.379489,1.219624,1.569701,0.000000,0.000000,0.130924,-0.324573,0.333848,0.660260,0.003689,0.000000,0.000000
-3.314100,2.928263,0.860173,0.033960,-0.008599,0.945432,0.323932,-0.060663,-0.072359,-0.044459,0.308526,-0.343505,0.004088,0.070144,-0.133245,-0.135548,1.071347,-0.117406,-0.028807,0.042972,-0.003391,0.446401,0.259352,-0.378806,1.199055,1.569808,0.000000,0.000000,0.156157,-0.315684,0.331220,0.683396,0.005527,0.000000,0.000000
-3.326319,2.936690,0.860612,0.035490,-0.009655,0.947999,0.316140,-0.042510,-0.072265,-0.058678,0.300940,-0.344727,0.006025,0.058582,-0.130298,-0.142984,1.064219,-0.130572,-0.026362,0.024551,-0.002601,0.426492,0.265560,-0.380120,1.174723,1.569953,0.000000,0.000000,0.182569,-0.305693,0.326411,0.707163,0.014109,0.000000,0.000000
-3.338401,2.945024,0.860926,0.036619,-0.010469,0.950690,0.307795,-0.025295,-0.071927,-0.070731,0.293543,-0.345908,0.007723,0.047271,-0.127085,-0.150607,1.052991,-0.144994,-0.023757,0.006720,-0.001885,0.406260,0.270997,-0.378308,1.150352,1.570107,0.000000,0.000000,0.209047,-0.297955,0.319046,0.731300,0.011424,0.000000,0.000000
-3.350265,2.953212,0.861189,0.037388,-0.011374,0.953335,0.299376,-0.008887,-0.070736,-0.081147,0.286351,-0.346245,0.009409,0.035739,-0.123304,-0.157345,1.038232,-0.163820,-0.021089,-0.011131,-0.001134,0.386041,0.274476,-0.376848,1.125857,1.570263,0.000000,0.000000,0.234235,-0.289686,0.309728,0.756691,0.005536,0.000000,0.000000
-3.361787,2.961053,0.861436,0.037800,-0.012109,0.955925,0.290915,0.006730,-0.069402,-0.092747,0.278010,-0.346537,0.011321,0.023283,-0.120363,-0.165642,1.019898,-0.185947,-0.018287,-0.028794,-0.000320,0.365164,0.276423,-0.373879,1.099815,1.570408,0.000000,0.000000,0.258003,-0.278155,0.298472,0.784142,0.014062,0.000000,0.000000
-3.372473,2.968663,0.861629,0.038004,-0.012574,0.958221,0.283212,0.020695,-0.067760,-0.103480,0.269656,-0.346035,0.013214,0.009812,-0.118381,-0.174591,0.998508,-0.209082,-0.015552,-0.045103,0.000402,0.344292,0.279370,-0.371026,1.074132,1.570575,0.000000,0.000000,0.279321,-0.269202,0.290678,0.810905,0.017215,0.000000,0.000000
-3.382291,2.975963,0.861771,0.038016,-0.012922,0.960395,0.275733,0.033171,-0.065601,-0.113332,0.262057,-0.343553,0.015129,-0.005010,-0.116520,-0.183624,0.973747,-0.230859,-0.012740,-0.061338,0.001066,0.321674,0.284172,-0.374271,1.049896,1.570767,0.000000,0.000000,0.299471,-0.263396,0.285650,0.837713,-0.001610,0.000000,0.000000
-3.391669,2.982879,0.861773,0.037781,-0.012943,0.962565,0.268092,0.044017,-0.063742,-0.122379,0.255444,-0.342055,0.016875,-0.020497,-0.115264,-0.192887,0.945746,-0.244871,-0.010014,-0.076149,0.001806,0.296358,0.288043,-0.380110,1.027168,1.562083,0.000000,0.000000,0.318821,-0.256166,0.277784,0.865507,-0.021084,0.000000,0.000000
-3.400479,2.989978,0.861648,0.037252,-0.012705,0.964552,0.260940,0.053508,-0.061609,-0.129594,0.249874,-0.341326,0.018429,-0.036396,-0.112946,-0.200769,0.913503,-0.257441,-0.007245,-0.089230,0.002464,0.268453,0.291325,-0.390512,1.004436,1.542884,0.000000,0.000000,0.337300,-0.246591,0.267408,0.895201,-0.027854,0.000000,0.000000
-3.408794,2.997332,0.861429,0.036625,-0.012417,0.966354,0.254291,0.062437,-0.058618,-0.133293,0.245100,-0.341412,0.019682,-0.052618,-0.109439,-0.207192,0.876729,-0.274376,-0.004477,-0.101318,0.003137,0.239559,0.295333,-0.402717,0.982447,1.528668,0.000000,0.000000,0.355059,-0.234797,0.253094,0.928185,-0.025997,0.000000,0.000000
-3.417120,3.004531,0.861131,0.035780,-0.012018,0.968129,0.247591,0.070808,-0.055509,-0.135719,0.240558,-0.340933,0.020791,-0.068185,-0.106759,-0.213598,0.838047,-0.287154,-0.002091,-0.112740,0.003721,0.210639,0.299102,-0.412215,0.961817,1.515849,0.000000,0.000000,0.371514,-0.224181,0.236795,0.957429,-0.023393,0.000000,0.000000
-3.425620,3.011621,0.860704,0.034744,-0.011301,0.969825,0.241050,0.079187,-0.053095,-0.138971,0.235635,-0.339029,0.021869,-0.083422,-0.105196,-0.219625,0.795870,-0.293134,-0.000244,-0.124698,0.004328,0.180237,0.304821,-0.422165,0.939749,1.504414,0.000000,0.000000,0.388213,-0.217941,0.225374,0.982357,-0.028694,0.000000,0.000000
-3.434475,3.018750,0.860082,0.033576,-0.010290,0.971412,0.234788,0.087815,-0.051498,-0.141144,0.230587,-0.337715,0.022591,-0.097747,-0.104955,-0.226768,0.750085,-0.293339,0.001308,-0.136953,0.004919,0.149597,0.311128,-0.432755,0.916460,1.502044,0.000000,0.000000,0.404372,-0.212748,0.215713,1.008493,-0.038577,0.000000,0.000000
-3.443733,3.025999,0.859276,0.032123,-0.009144,0.972957,0.228558,0.096676,-0.050129,-0.141162,0.225386,-0.337783,0.022929,-0.110950,-0.105624,-0.236438,0.700490,-0.293163,0.002914,-0.149657,0.005539,0.120050,0.316587,-0.444444,0.895341,1.511070,0.000000,0.000000,0.418621,-0.206945,0.204742,1.036486,-0.046618,0.000000,0.000000
-3.453024,3.033574,0.858412,0.030679,-0.008190,0.974710,0.221205,0.105552,-0.047350,-0.140793,0.220739,-0.338715,0.023563,-0.122608,-0.105639,-0.248106,0.647854,-0.294717,0.004831,-0.162441,0.006173,0.089768,0.322136,-0.461267,0.875925,1.521614,0.000000,0.000000,0.431363,-0.200788,0.189948,1.063644,-0.054176,0.000000,0.000000
-3.461225,3.041106,0.857164,0.029276,-0.006945,0.976601,0.212942,0.111060,-0.043969,-0.143933,0.222931,-0.342887,0.024876,-0.133878,-0.104569,-0.258462,0.591329,-0.295192,0.006484,-0.173953,0.006703,0.056545,0.326139,-0.478248,0.855672,1.517506,0.000000,0.000000,0.445363,-0.193236,0.175340,1.085720,-0.056520,0.000000,0.000000
-3.468582,3.048897,0.855533,0.027398,-0.004779,0.978198,0.205803,0.113780,-0.041297,-0.149044,0.228133,-0.350785,0.026296,-0.145972,-0.103029,-0.265320,0.529936,-0.293855,0.007297,-0.185352,0.007214,0.022005,0.328240,-0.489349,0.835470,1.509043,0.000000,0.000000,0.459168,-0.185830,0.164981,1.105105,-0.056206,0.000000,0.000000
-3.476240,3.056813,0.853640,0.025378,-0.002330,0.979564,0.199513,0.116332,-0.039340,-0.152579,0.233784,-0.359566,0.027313,-0.157576,-0.102281,-0.272823,0.467133,-0.291357,0.007752,-0.197076,0.007727,-0.010212,0.329949,-0.495751,0.815910,1.506779,0.000000,0.000000,0.471898,-0.181015,0.155805,1.124462,-0.062054,0.000000,0.000000
-3.484495,3.064687,0.856694,0.023459,0.000182,0.980857,0.193309,0.119437,-0.037922,-0.154888,0.240481,-0.369497,0.028021,-0.168229,-0.103070,-0.282594,0.403109,-0.285681,0.007951,-0.209502,0.008255,-0.040987,0.331999,-0.501275,0.796467,1.505020,0.000000,0.000000,0.484092,-0.177851,0.145004,1.142747,-0.069112,0.000000,0.000000
-3.492993,3.073048,0.859967,0.021782,0.002479,0.982066,0.187258,0.123032,-0.035818,-0.157537,0.248342,-0.380964,0.028954,-0.177405,-0.103711,-0.289451,0.337594,-0.281006,0.007419,-0.221887,0.008764,-0.071439,0.334350,-0.508401,0.778601,1.500508,0.000000,0.000000,0.495772,-0.174280,0.134873,1.160370,-0.073348,0.000000,0.000000
-3.501780,3.081823,0.861118,0.020423,0.004534,0.983213,0.181260,0.127249,-0.032274,-0.159114,0.257397,-0.394511,0.030099,-0.184917,-0.103885,-0.293881,0.270809,-0.277616,0.006386,-0.233244,0.009232,-0.103015,0.337941,-0.518939,0.763314,1.495518,0.000000,0.000000,0.506539,-0.171446,0.124245,1.179818,-0.077556,0.000000,0.000000
-3.511106,3.090530,0.860217,0.019442,0.006473,0.984275,0.175453,0.132118,-0.027641,-0.157857,0.267463,-0.409349,0.031083,-0.191084,-0.104469,-0.300298,0.205769,-0.272557,0.005461,-0.242750,0.009632,-0.134147,0.340761,-0.530264,0.749145,1.493392,0.000000,0.000000,0.517140,-0.167565,0.112291,1.197171,-0.081001,0.000000,0.000000
-3.520815,3.099022,0.857369,0.018285,0.008515,0.985095,0.170826,0.136786,-0.024037,-0.161460,0.277659,-0.423972,0.032520,-0.196820,-0.105334,-0.307082,0.138720,-0.264462,0.004346,-0.250167,0.009925,-0.163939,0.343370,-0.539464,0.733399,1.491237,0.000000,0.000000,0.529319,-0.164024,0.099897,1.210312,-0.086763,0.000000,0.000000
-3.530832,3.107443,0.852396,0.016518,0.010490,0.985856,0.166446,0.141218,-0.020754,-0.165128,0.287478,-0.438838,0.033896,-0.202338,-0.105163,-0.313150,0.068894,-0.258986,0.003038,-0.257914,0.010194,-0.192758,0.345286,-0.544376,0.717625,1.488860,0.000000,0.000000,0.540954,-0.162676,0.090180,1.220578,-0.095905,0.000000,0.000000
-3.541096,3.115437,0.845546,0.015578,0.012661,0.986302,0.163722,0.146559,-0.019671,-0.166383,0.298548,-0.453107,0.034398,-0.207284,-0.106037,-0.317432,0.002845,-0.256255,0.001253,-0.264446,0.010411,-0.219147,0.347057,-0.546899,0.702935,1.484412,0.000000,0.000000,0.553078,-0.162890,0.081181,1.227690,-0.103070,0.000000,0.000000
-3.551607,3.123397,0.843192,0.014571,0.014944,0.986812,0.160518,0.151491,-0.018798,-0.167482,0.308770,-0.465729,0.034840,-0.212151,-0.107829,-0.323898,-0.017450,-0.253484,0.000161,-0.269732,0.010624,-0.242211,0.350119,-0.550958,0.688547,1.483340,0.000000,0.000000,0.565558,-0.162796,0.072701,1.230514,-0.107376,0.000000,0.000000
-3.562102,3.131768,0.843054,0.013464,0.017130,0.987362,0.156976,0.157012,-0.016700,-0.170602,0.320615,-0.479736,0.035914,-0.218446,-0.109582,-0.334369,-0.017450,-0.251215,-0.000137,-0.275255,0.010825,-0.268866,0.354291,-0.557053,0.671568,1.482185,0.000000,0.000000,0.578912,-0.161798,0.061665,1.235451,-0.113118,0.000000,0.000000
-3.573211,3.139562,0.842469,0.013475,0.018946,0.987786,0.154071,0.163120,-0.014828,-0.172689,0.333537,-0.491396,0.036851,-0.224030,-0.113577,-0.343651,-0.017450,-0.244679,-0.000463,-0.279251,0.010917,-0.291535,0.356043,-0.561327,0.658150,1.476879,0.000000,0.000000,0.591370,-0.159930,0.050345,1.240869,-0.117172,0.000000,0.000000
-3.583500,3.148999,0.841957,0.012754,0.020691,0.988217,0.151117,0.169231,-0.010750,-0.176095,0.346983,-0.503130,0.038589,-0.230273,-0.114045,-0.347662,-0.017450,-0.246348,-0.000816,-0.284242,0.011044,-0.316110,0.357998,-0.565495,0.644956,1.469821,0.000000,0.000000,0.603356,-0.157836,0.035365,1.245317,-0.120795,0.000000,0.000000
-3.594590,3.157346,0.840816,0.013204,0.021784,0.988432,0.149509,0.175869,-0.007356,-0.176439,0.360868,-0.512201,0.039758,-0.235485,-0.117471,-0.349977,-0.017450,-0.246095,-0.001564,-0.288020,0.011139,-0.335060,0.360643,-0.567859,0.634280,1.466134,0.000000,0.000000,0.614448,-0.157574,0.023839,1.248039,-0.119912,0.000000,0.000000
-3.605973,3.165901,0.839469,0.013973,0.023027,0.988503,0.148786,0.183650,-0.004802,-0.175852,0.376798,-0.521757,0.040613,-0.241025,-0.120487,-0.355094,-0.017450,-0.248354,-0.002093,-0.289712,0.011192,-0.353321,0.364249,-0.570825,0.623635,1.463619,0.000000,0.000000,0.627152,-0.159748,0.013994,1.249163,-0.123806,0.000000,0.000000
-3.617538,3.174790,0.838191,0.014824,0.024322,0.988536,0.148276,0.191639,-0.003343,-0.175164,0.393146,-0.527964,0.041241,-0.246498,-0.120385,-0.362073,-0.017450,-0.253717,-0.002108,-0.290727,0.011210,-0.369103,0.367959,-0.573989,0.612623,1.461561,0.000000,0.000000,0.638982,-0.161409,0.004758,1.251763,-0.134760,0.000000,0.000000
-3.629216,3.184220,0.837173,0.015472,0.025220,0.988701,0.146949,0.199249,-0.000363,-0.174930,0.408833,-0.530064,0.042413,-0.250655,-0.118763,-0.364686,-0.017450,-0.259494,-0.002090,-0.292683,0.011239,-0.382305,0.371184,-0.575478,0.601952,1.456745,0.000000,0.000000,0.648687,-0.160964,-0.007132,1.255311,-0.144321,0.000000,0.000000
-3.641071,3.193908,0.836324,0.015897,0.025563,0.988878,0.145651,0.206351,0.003674,-0.177096,0.424009,-0.531126,0.044303,-0.253748,-0.117078,-0.362828,-0.017450,-0.263115,-0.002175,-0.294567,0.011252,-0.392924,0.374150,-0.576375,0.592931,1.450667,0.000000,0.000000,0.656919,-0.159365,-0.018495,1.258645,-0.149163,0.000000,0.000000
-3.653279,3.203306,0.835414,0.016036,0.025244,0.988990,0.144927,0.213338,0.007272,-0.181927,0.439480,-0.530015,0.046565,-0.256577,-0.115368,-0.359829,-0.017450,-0.266205,-0.002261,-0.296116,0.011299,-0.402812,0.379354,-0.578971,0.584976,1.449073,0.000000,0.000000,0.664082,-0.158286,-0.025526,1.262658,-0.153343,0.000000,0.000000
-3.665952,3.212050,0.834260,0.016253,0.024597,0.988927,0.145446,0.220999,0.009203,-0.187656,0.456404,-0.524963,0.048670,-0.259323,-0.114573,-0.356526,-0.017450,-0.271191,-0.002490,-0.296178,0.011204,-0.410120,0.382597,-0.578034,0.576618,1.438824,0.000000,0.000000,0.670538,-0.158224,-0.029509,1.267021,-0.156441,0.000000,0.000000
-3.678322,3.221380,0.833208,0.017035,0.024535,0.988770,0.146433,0.228284,0.010791,-0.191170,0.472321,-0.520353,0.050318,-0.261305,-0.114674,-0.351450,-0.017450,-0.276663,-0.002871,-0.297634,0.011294,-0.416688,0.390567,-0.577871,0.569169,1.439591,0.000000,0.000000,0.675713,-0.160410,-0.032503,1.270060,-0.158525,0.000000,0.000000
-3.690768,3.230944,0.831708,0.017816,0.024018,0.988369,0.149105,0.236348,0.012166,-0.192396,0.489409,-0.514488,0.051572,-0.264566,-0.114091,-0.343189,-0.017450,-0.281669,-0.003405,-0.298670,0.011240,-0.417060,0.398107,-0.571689,0.562392,1.437025,0.000000,0.000000,0.680320,-0.163665,-0.037117,1.272000,-0.157583,0.000000,0.000000
-3.703556,3.240577,0.830807,0.018497,0.023543,0.987779,0.152957,0.242776,0.012194,-0.192522,0.502594,-0.507269,0.052072,-0.267322,-0.112907,-0.338281,-0.017450,-0.275485,-0.003439,-0.298463,0.011162,-0.414328,0.403461,-0.564905,0.558209,1.434351,0.000000,0.000000,0.682982,-0.165874,-0.039217,1.272732,-0.155585,0.000000,0.000000
-3.716732,3.249961,0.829921,0.019488,0.022597,0.987163,0.156907,0.252133,0.011243,-0.193100,0.521821,-0.489334,0.052620,-0.271117,-0.112162,-0.331907,-0.017450,-0.248293,-0.003004,-0.297574,0.011099,-0.407334,0.410380,-0.555643,0.553468,1.429220,0.000000,0.000000,0.686086,-0.169166,-0.039962,1.274316,-0.152578,0.000000,0.000000
-3.729839,3.259619,0.831550,0.020977,0.021467,0.986434,0.161393,0.262117,0.010415,-0.192362,0.542501,-0.460792,0.053078,-0.275022,-0.112748,-0.324434,0.000414,-0.212814,-0.002039,-0.295377,0.011030,-0.396121,0.416793,-0.546001,0.549618,1.422049,0.000000,0.000000,0.688811,-0.173891,-0.038416,1.277115,-0.148555,0.000000,0.000000
-3.742644,3.269672,0.835761,0.023062,0.019877,0.985538,0.166698,0.270735,0.009730,-0.190457,0.563061,-0.429111,0.053223,-0.278024,-0.113661,-0.314232,0.042627,-0.192051,-0.001117,-0.291429,0.010961,-0.382077,0.421630,-0.537763,0.547088,1.411779,0.000000,0.000000,0.690090,-0.178859,-0.033219,1.280705,-0.144772,0.000000,0.000000
-3.755175,3.280148,0.839793,0.024719,0.017892,0.984558,0.172381,0.274714,0.007893,-0.190159,0.592207,-0.396003,0.053097,-0.280157,-0.113515,-0.299092,0.089135,-0.186849,-0.000859,-0.286779,0.010876,-0.366215,0.426370,-0.528536,0.545356,1.403324,0.000000,0.000000,0.690597,-0.183118,-0.027136,1.281687,-0.140481,0.000000,0.000000
-3.767756,3.290511,0.843322,0.026571,0.015927,0.983599,0.177690,0.275400,0.005637,-0.186203,0.629340,-0.359000,0.051997,-0.281132,-0.113180,-0.280437,0.138126,-0.192157,-0.001290,-0.283828,0.010866,-0.349268,0.432574,-0.518103,0.544686,1.406315,0.000000,0.000000,0.689562,-0.186784,-0.021074,1.282067,-0.133164,0.000000,0.000000
-3.780322,3.301469,0.846095,0.028783,0.013867,0.982586,0.183040,0.273726,0.005255,-0.176902,0.671298,-0.317140,0.050275,-0.280526,-0.110893,-0.260623,0.185128,-0.199578,-0.001901,-0.281653,0.010794,-0.329636,0.436492,-0.504515,0.547465,1.413069,0.000000,0.000000,0.686508,-0.189297,-0.014569,1.282156,-0.122957,0.000000,0.000000
-3.793121,3.312321,0.848241,0.031114,0.011982,0.981309,0.189531,0.270137,0.005307,-0.161312,0.717267,-0.268315,0.047191,-0.278374,-0.107068,-0.241574,0.228832,-0.209265,-0.002438,-0.278684,0.010735,-0.303710,0.438247,-0.491084,0.550201,1.415159,0.000000,0.000000,0.683440,-0.194758,-0.001012,1.281890,-0.118479,0.000000,0.000000
-3.806176,3.322604,0.849734,0.033789,0.010761,0.979716,0.197230,0.265337,0.004186,-0.140766,0.763276,-0.219410,0.042515,-0.274523,-0.103665,-0.225741,0.266613,-0.224845,-0.003080,-0.273763,0.010617,-0.274746,0.440417,-0.475053,0.552133,1.414215,0.000000,0.000000,0.679092,-0.203313,0.009367,1.283088,-0.116659,0.000000,0.000000
-3.819138,3.333202,0.850969,0.036813,0.010359,0.977815,0.205951,0.259021,0.001597,-0.121432,0.809482,-0.175673,0.037447,-0.268528,-0.100767,-0.210181,0.300014,-0.246510,-0.004146,-0.266009,0.010434,-0.244228,0.440560,-0.456310,0.553774,1.408495,0.000000,0.000000,0.672717,-0.211361,0.017420,1.283468,-0.113541,0.000000,0.000000
-3.831828,3.344066,0.852039,0.040135,0.010404,0.975767,0.214849,0.250902,-0.002124,-0.105272,0.858121,-0.132046,0.032505,-0.260302,-0.098345,-0.194929,0.331114,-0.271500,-0.005476,-0.256076,0.010295,-0.214036,0.438777,-0.440355,0.556403,1.400767,0.000000,0.000000,0.666000,-0.219774,0.029956,1.281029,-0.114133,0.000000,0.000000
-3.843637,3.355367,0.852831,0.043457,0.010393,0.973875,0.222645,0.240825,-0.001771,-0.086828,0.907183,-0.085295,0.028465,-0.250483,-0.095370,-0.181788,0.357792,-0.295945,-0.006540,-0.246661,0.010178,-0.186159,0.438031,-0.430626,0.561673,1.395716,0.000000,0.000000,0.659162,-0.228376,0.042502,1.275825,-0.112460,0.000000,0.000000
-3.854502,3.367234,0.853494,0.046282,0.010286,0.972108,0.229694,0.228734,0.003850,-0.064539,0.954863,-0.039597,0.025487,-0.239398,-0.091046,-0.171659,0.379415,-0.319806,-0.007008,-0.235876,0.009927,-0.157822,0.434952,-0.421952,0.567602,1.392630,0.000000,0.000000,0.651137,-0.233937,0.052103,1.268378,-0.103566,0.000000,0.000000
-3.864688,3.379326,0.854018,0.048679,0.009824,0.970672,0.235223,0.215326,0.013255,-0.042378,0.999997,-0.008161,0.023912,-0.227076,-0.085786,-0.164048,0.395931,-0.341715,-0.007008,-0.224554,0.009635,-0.132366,0.429282,-0.417759,0.574981,1.390810,0.000000,0.000000,0.642728,-0.235617,0.060552,1.258613,-0.089753,0.000000,0.000000
-3.874578,3.391401,0.854508,0.050621,0.008989,0.969591,0.239269,0.200721,0.023898,-0.023579,1.042666,0.000821,0.023528,-0.213315,-0.079415,-0.158136,0.407376,-0.361277,-0.006575,-0.211625,0.009346,-0.111371,0.422678,-0.419005,0.585666,1.390259,0.000000,0.000000,0.634775,-0.235168,0.069599,1.246348,-0.077683,0.000000,0.000000
-3.884540,3.403413,0.855098,0.052303,0.008205,0.968509,0.243286,0.185314,0.033157,-0.008648,1.082090,-0.011879,0.023630,-0.198152,-0.072247,-0.152377,0.414322,-0.378447,-0.005994,-0.196276,0.008923,-0.093492,0.417430,-0.423374,0.599117,1.393152,0.000000,0.000000,0.627682,-0.234083,0.079205,1.229781,-0.065410,0.000000,0.000000
-3.894779,3.415170,0.855772,0.053948,0.007600,0.966965,0.249021,0.170078,0.038031,0.002580,1.115878,-0.036958,0.023273,-0.182352,-0.065065,-0.143812,0.417755,-0.392888,-0.005832,-0.178786,0.008415,-0.077192,0.411958,-0.428228,0.615030,1.400497,0.000000,0.000000,0.619090,-0.233182,0.089325,1.213060,-0.051575,0.000000,0.000000
-3.905238,3.426801,0.856501,0.055442,0.007129,0.964648,0.257546,0.155065,0.038948,0.014089,1.143296,-0.069182,0.021868,-0.166280,-0.057773,-0.130433,0.418879,-0.405280,-0.006349,-0.159529,0.007755,-0.058373,0.401090,-0.430914,0.637546,1.409522,0.000000,0.000000,0.607125,-0.233254,0.102943,1.195202,-0.037348,0.000000,0.000000
-3.915659,3.438740,0.857188,0.057015,0.006476,0.961614,0.268338,0.140624,0.039832,0.030190,1.164528,-0.107301,0.019731,-0.149684,-0.049853,-0.112874,0.418241,-0.416096,-0.007306,-0.138440,0.007067,-0.036920,0.391068,-0.426135,0.663232,1.422804,0.000000,0.000000,0.593204,-0.237344,0.118413,1.174786,-0.021982,0.000000,0.000000
-3.926379,3.450548,0.857900,0.058686,0.006174,0.958949,0.277372,0.126598,0.040804,0.044138,1.179010,-0.142527,0.017833,-0.132765,-0.044175,-0.097336,0.416018,-0.425876,-0.008391,-0.118186,0.006366,-0.015513,0.382231,-0.422628,0.686504,1.439429,0.000000,0.000000,0.579857,-0.241386,0.131571,1.152310,-0.009575,0.000000,0.000000
-3.937594,3.461747,0.858752,0.060480,0.006601,0.957051,0.283463,0.112265,0.038614,0.050545,1.187335,-0.169823,0.016142,-0.115124,-0.041758,-0.089107,0.412011,-0.433807,-0.009077,-0.099674,0.005709,0.005244,0.373253,-0.424391,0.708041,1.455819,0.000000,0.000000,0.567392,-0.241904,0.139024,1.131171,-0.001686,0.000000,0.000000
-3.948837,3.472768,0.859695,0.062465,0.007230,0.955230,0.289103,0.097697,0.034121,0.052979,1.190460,-0.192307,0.014380,-0.096366,-0.040417,-0.083012,0.405801,-0.440246,-0.009691,-0.081928,0.005081,0.026280,0.362558,-0.428130,0.732308,1.474694,0.000000,0.000000,0.554836,-0.240691,0.143401,1.108686,0.005791,0.000000,0.000000
-3.960095,3.483888,0.860729,0.063968,0.007878,0.953440,0.294615,0.082605,0.029217,0.054287,1.188004,-0.212900,0.012647,-0.076969,-0.038854,-0.075739,0.396592,-0.444403,-0.010442,-0.063758,0.004414,0.047693,0.351279,-0.431349,0.758280,1.497548,0.000000,0.000000,0.543200,-0.241744,0.150150,1.080509,0.015882,0.000000,0.000000
-3.971193,3.495126,0.861794,0.065452,0.008802,0.951599,0.300164,0.067420,0.024764,0.056703,1.180658,-0.234149,0.010808,-0.057583,-0.037717,-0.068194,0.386052,-0.446271,-0.011331,-0.045863,0.003741,0.068169,0.341233,-0.434437,0.784715,1.515725,0.000000,0.000000,0.531179,-0.246256,0.157609,1.050647,0.028466,0.000000,0.000000
-3.981933,3.506073,0.862821,0.067193,0.009861,0.949521,0.306265,0.052389,0.019917,0.060421,1.169141,-0.254492,0.008555,-0.038844,-0.037495,-0.061066,0.375326,-0.446133,-0.012368,-0.028233,0.003091,0.086195,0.332353,-0.441696,0.814634,1.529469,0.000000,0.000000,0.517472,-0.253507,0.164362,1.023287,0.036580,0.000000,0.000000
-3.992152,3.516447,0.863825,0.068728,0.010878,0.947215,0.312956,0.036782,0.014139,0.064997,1.152939,-0.268544,0.005789,-0.021032,-0.037676,-0.053244,0.363538,-0.445189,-0.013599,-0.010209,0.002484,0.103587,0.323729,-0.451660,0.846955,1.542853,0.000000,0.000000,0.502909,-0.262051,0.172078,0.995878,0.039308,0.000000,0.000000
-4.001945,3.526394,0.864832,0.069458,0.012086,0.945004,0.319369,0.019610,0.007920,0.068837,1.131029,-0.279836,0.002984,-0.004451,-0.038187,-0.045944,0.350174,-0.443145,-0.014829,0.008286,0.001777,0.121752,0.314131,-0.457341,0.878101,1.545875,0.000000,0.000000,0.488528,-0.268067,0.178163,0.963603,0.050108,0.000000,0.000000
-4.011294,3.535761,0.865778,0.069524,0.013505,0.942864,0.325565,0.000975,0.001952,0.072079,1.105137,-0.292615,0.000348,0.010057,-0.039289,-0.040551,0.336572,-0.440248,-0.015908,0.027167,0.001046,0.138681,0.304000,-0.457724,0.909047,1.542698,0.000000,0.000000,0.473218,-0.273427,0.181485,0.930223,0.063667,0.000000,0.000000
-4.020060,3.544334,0.866580,0.069121,0.014960,0.940584,0.332114,-0.019015,-0.003126,0.077885,1.075663,-0.303035,-0.002545,0.022381,-0.041000,-0.036563,0.324116,-0.437148,-0.016916,0.046680,0.000293,0.154716,0.292634,-0.455109,0.940480,1.542724,0.000000,0.000000,0.456930,-0.280184,0.184251,0.897611,0.068443,0.000000,0.000000
-4.028106,3.552314,0.867219,0.068257,0.016309,0.938071,0.339260,-0.039997,-0.007081,0.086179,1.042442,-0.310745,-0.005597,0.032516,-0.042640,-0.032640,0.313342,-0.431217,-0.017917,0.065909,-0.000471,0.170146,0.280415,-0.451160,0.972313,1.554262,0.000000,0.000000,0.438738,-0.285728,0.187870,0.866563,0.069529,0.000000,0.000000
-4.035370,3.559711,0.867743,0.067335,0.017481,0.935604,0.346129,-0.061746,-0.010775,0.091789,1.005231,-0.316348,-0.007942,0.041007,-0.044135,-0.029614,0.304171,-0.421118,-0.018799,0.083486,-0.001141,0.184862,0.274868,-0.462419,1.002687,1.569092,0.000000,0.000000,0.418194,-0.292922,0.195569,0.837623,0.069613,0.000000,0.000000
-4.042295,3.566731,0.868090,0.065596,0.018160,0.933103,0.353108,-0.084139,-0.013030,0.096503,0.962052,-0.319396,-0.009558,0.048061,-0.044601,-0.026331,0.294448,-0.413657,-0.019461,0.101456,-0.001937,0.199491,0.266724,-0.466358,1.033596,1.570499,0.000000,0.000000,0.395950,-0.301549,0.206978,0.807572,0.068060,0.000000,0.000000
-4.049496,3.573573,0.868250,0.063390,0.018661,0.930502,0.360276,-0.105277,-0.014504,0.101937,0.913363,-0.322383,-0.010947,0.054171,-0.045272,-0.023402,0.285356,-0.410530,-0.020072,0.117971,-0.002661,0.214398,0.257684,-0.465087,1.063761,1.570420,0.000000,0.000000,0.373763,-0.309906,0.217692,0.774634,0.075873,0.000000,0.000000
-4.056912,3.580900,0.868155,0.061089,0.018960,0.927967,0.367132,-0.124474,-0.014066,0.107160,0.861052,-0.324704,-0.011571,0.060248,-0.045267,-0.019560,0.278332,-0.404942,-0.020694,0.133085,-0.003339,0.228858,0.248819,-0.462450,1.092946,1.570229,0.000000,0.000000,0.350325,-0.316439,0.225475,0.743871,0.086485,0.000000,0.000000
-4.064635,3.588562,0.867879,0.058709,0.019163,0.925386,0.373960,-0.142435,-0.012550,0.111415,0.803775,-0.326238,-0.011510,0.066567,-0.044702,-0.014583,0.272271,-0.396863,-0.021402,0.148011,-0.004043,0.243155,0.242865,-0.465081,1.122016,1.570055,0.000000,0.000000,0.325606,-0.323611,0.236344,0.715423,0.089813,0.000000,0.000000
-4.073144,3.596177,0.867485,0.056796,0.019147,0.922704,0.380822,-0.158251,-0.011345,0.115292,0.742645,-0.323512,-0.011327,0.073683,-0.045091,-0.008619,0.266937,-0.391482,-0.022491,0.163377,-0.004798,0.258838,0.237131,-0.467472,1.150184,1.569897,0.000000,0.000000,0.301098,-0.331786,0.249273,0.688799,0.089251,0.000000,0.000000
-4.081584,3.604675,0.866938,0.054809,0.018798,0.919753,0.388198,-0.171967,-0.006800,0.122928,0.678892,-0.313906,-0.010910,0.081452,-0.044705,-0.002110,0.260891,-0.389217,-0.023445,0.178335,-0.005569,0.275740,0.229164,-0.465377,1.177927,1.569746,0.000000,0.000000,0.275613,-0.341082,0.263187,0.663097,0.085786,0.000000,0.000000
-4.089927,3.614036,0.866189,0.051319,0.018566,0.916552,0.396175,-0.184849,0.000485,0.133967,0.610218,-0.304930,-0.010287,0.088485,-0.042599,0.004481,0.252753,-0.386320,-0.023979,0.191619,-0.006193,0.292182,0.221070,-0.457362,1.203321,1.569624,0.000000,0.000000,0.250268,-0.346630,0.273353,0.632955,0.084793,0.000000,0.000000
-4.099092,3.622799,0.865341,0.048491,0.018485,0.913763,0.402919,-0.195685,0.004716,0.143904,0.539474,-0.298418,-0.010033,0.096126,-0.042257,0.009777,0.246398,-0.381574,-0.024794,0.203883,-0.006826,0.308731,0.213102,-0.452203,1.225968,1.569520,0.000000,0.000000,0.227000,-0.349157,0.281600,0.603139,0.086907,0.000000,0.000000
-4.108673,3.631394,0.864319,0.045870,0.018255,0.910828,0.409824,-0.205249,0.008505,0.155176,0.464684,-0.291993,-0.009808,0.104687,-0.043328,0.014370,0.240443,-0.377513,-0.025855,0.216790,-0.007557,0.326414,0.206778,-0.448799,1.245979,1.569411,0.000000,0.000000,0.200885,-0.357375,0.295094,0.574606,0.080043,0.000000,0.000000
-4.118176,3.640415,0.863237,0.042779,0.018203,0.907555,0.417353,-0.213617,0.013630,0.169122,0.390449,-0.283952,-0.009510,0.113180,-0.045031,0.015865,0.232689,-0.375667,-0.026558,0.230286,-0.008235,0.343066,0.202073,-0.443255,1.263339,1.569344,0.000000,0.000000,0.173276,-0.367058,0.309357,0.550702,0.067422,0.000000,0.000000
-4.127518,3.648976,0.861675,0.039420,0.017999,0.903986,0.425360,-0.221409,0.019476,0.181545,0.313007,-0.273340,-0.008540,0.119284,-0.046716,0.018270,0.230182,-0.377822,-0.027354,0.244345,-0.008880,0.359387,0.197328,-0.435610,1.280137,1.569290,0.000000,0.000000,0.146379,-0.373226,0.319928,0.528213,0.058853,0.000000,0.000000
-4.136695,3.656886,0.859455,0.035567,0.017275,0.900193,0.433692,-0.228713,0.026652,0.190256,0.233279,-0.262069,-0.006541,0.122236,-0.047561,0.023888,0.234368,-0.386026,-0.028384,0.258782,-0.009523,0.375323,0.193133,-0.428493,1.295085,1.569247,0.000000,0.000000,0.118813,-0.377308,0.329025,0.504394,0.057744,0.000000,0.000000
-4.145946,3.665073,0.856893,0.031632,0.016218,0.896310,0.442001,-0.235071,0.035206,0.198462,0.153600,-0.251235,-0.004160,0.125015,-0.047993,0.030666,0.240036,-0.395926,-0.029486,0.272115,-0.010141,0.390611,0.189959,-0.420525,1.308856,1.569212,0.000000,0.000000,0.090549,-0.380872,0.337507,0.479814,0.064440,0.000000,0.000000
-4.155084,3.673711,0.854096,0.027780,0.014957,0.892457,0.450029,-0.240775,0.044620,0.207803,0.078344,-0.237370,-0.001913,0.128001,-0.047848,0.036485,0.246355,-0.404933,-0.030331,0.284674,-0.010776,0.406049,0.187406,-0.411953,1.320706,1.569198,0.000000,0.000000,0.062540,-0.386022,0.347052,0.458789,0.069572,0.000000,0.000000
-4.164371,3.682679,0.851022,0.024043,0.013629,0.888907,0.457252,-0.246389,0.055073,0.215208,0.006321,-0.222515,0.000628,0.131370,-0.047254,0.041975,0.253528,-0.414195,-0.031048,0.296412,-0.011359,0.422958,0.184615,-0.405517,1.331538,1.569177,0.000000,0.000000,0.034425,-0.390970,0.357015,0.439609,0.069000,0.000000,0.000000
-4.174179,3.691711,0.847985,0.021017,0.012433,0.885370,0.464246,-0.251290,0.064634,0.220283,-0.017450,-0.213774,0.002576,0.134978,-0.047849,0.048193,0.261145,-0.424809,-0.032154,0.305860,-0.011736,0.438768,0.183135,-0.402201,1.339701,1.569153,0.000000,0.000000,0.011167,-0.393877,0.364998,0.422077,0.069981,0.000000,0.000000
-4.184385,3.700920,0.844373,0.018340,0.011328,0.882157,0.470462,-0.257965,0.075367,0.227716,-0.017450,-0.206177,0.003994,0.139685,-0.049159,0.056571,0.271280,-0.439373,-0.033762,0.317269,-0.012239,0.457925,0.182789,-0.394697,1.344422,1.569132,0.000000,0.000000,-0.013671,-0.397120,0.372310,0.401013,0.072037,0.000000,0.000000
-4.194703,3.710183,0.840602,0.016403,0.010055,0.879109,0.476232,-0.264076,0.086374,0.230716,-0.017450,-0.203800,0.005637,0.145016,-0.051024,0.063210,0.282632,-0.453094,-0.035301,0.328361,-0.012728,0.475997,0.182910,-0.391456,1.348995,1.569111,0.000000,0.000000,-0.038500,-0.401206,0.378560,0.381325,0.072646,0.000000,0.000000
-4.205264,3.719558,0.836592,0.014891,0.008932,0.876206,0.481623,-0.269758,0.096371,0.232127,-0.017450,-0.204434,0.007201,0.150876,-0.054113,0.067131,0.294821,-0.465442,-0.036789,0.338671,-0.013168,0.494050,0.184062,-0.386475,1.351425,1.569086,0.000000,0.000000,-0.062747,-0.405803,0.383030,0.364589,0.069133,0.000000,0.000000
-4.215921,3.729127,0.832470,0.013444,0.008057,0.873509,0.486555,-0.275162,0.105057,0.234405,-0.017450,-0.207599,0.008515,0.156585,-0.057817,0.071392,0.306823,-0.477001,-0.038500,0.347337,-0.013503,0.512460,0.184984,-0.376399,1.349593,1.569062,0.000000,0.000000,-0.083583,-0.410865,0.387616,0.350046,0.065540,0.000000,0.000000
-4.226971,3.738637,0.828311,0.012505,0.007572,0.870386,0.492153,-0.280183,0.111367,0.239594,-0.017450,-0.211128,0.009293,0.162338,-0.063731,0.077865,0.318937,-0.487729,-0.041148,0.355001,-0.013799,0.530737,0.184696,-0.362925,1.346443,1.569028,0.000000,0.000000,-0.102648,-0.416615,0.394730,0.334824,0.064524,0.000000,0.000000
-4.237961,3.748588,0.824012,0.011759,0.007249,0.867108,0.497929,-0.284911,0.115238,0.250822,-0.017450,-0.213702,0.009364,0.168017,-0.070403,0.086258,0.331167,-0.495989,-0.044381,0.360211,-0.013860,0.548153,0.182015,-0.350023,1.342538,1.568979,0.000000,0.000000,-0.118976,-0.415702,0.400708,0.311962,0.089564,0.000000,0.000000
-4.249322,3.758758,0.819302,0.011134,0.007053,0.864063,0.503212,-0.288973,0.119896,0.255138,-0.017450,-0.218659,0.009841,0.173933,-0.077661,0.097590,0.344268,-0.501345,-0.048398,0.366938,-0.014205,0.566419,0.180365,-0.336050,1.339454,1.568944,0.000000,0.000000,-0.135492,-0.421936,0.406640,0.297181,0.095224,0.000000,0.000000
-4.260869,3.769218,0.814748,0.010584,0.006644,0.861950,0.506839,-0.292751,0.123968,0.256586,-0.017450,-0.225295,0.010431,0.180032,-0.083775,0.108607,0.358011,-0.503614,-0.052274,0.372762,-0.014384,0.583628,0.177760,-0.324050,1.337745,1.568916,0.000000,0.000000,-0.149994,-0.428120,0.410680,0.288624,0.088387,0.000000,0.000000
-4.272237,3.779452,0.812597,0.011718,0.004748,0.859859,0.510375,-0.295345,0.128357,0.262733,-0.017450,-0.236546,0.010835,0.187703,-0.091997,0.106288,0.373215,-0.503009,-0.054801,0.377334,-0.014342,0.607055,0.179270,-0.310455,1.335887,1.568904,0.000000,0.000000,-0.157376,-0.436198,0.408524,0.269240,0.120336,0.000000,0.000000
-4.282642,3.789915,0.811376,0.011553,0.004988,0.857914,0.513639,-0.298292,0.130864,0.262731,-0.017450,-0.242696,0.011241,0.193981,-0.096400,0.107865,0.386057,-0.502271,-0.056823,0.381759,-0.014545,0.622434,0.180700,-0.302227,1.331258,1.568872,0.000000,0.000000,-0.166127,-0.446796,0.408004,0.256556,0.131372,0.000000,0.000000
-4.293283,3.799964,0.810519,0.010980,0.005115,0.856455,0.516080,-0.301672,0.132079,0.262045,-0.017450,-0.247996,0.011519,0.199757,-0.099875,0.110843,0.398188,-0.497365,-0.058940,0.385312,-0.014613,0.634732,0.181157,-0.294712,1.328326,1.568842,0.000000,0.000000,-0.174699,-0.454415,0.406330,0.249759,0.127615,0.000000,0.000000
-4.304314,3.809866,0.809883,0.010462,0.005027,0.855582,0.517537,-0.305091,0.131556,0.261732,-0.017450,-0.252176,0.011521,0.205384,-0.102769,0.113697,0.410093,-0.487428,-0.061035,0.388805,-0.014706,0.644353,0.180692,-0.287003,1.326044,1.568836,0.000000,0.000000,-0.180985,-0.459950,0.405402,0.246711,0.118495,0.000000,0.000000
-4.315902,3.819815,0.809886,0.009790,0.005298,0.855317,0.517985,-0.307689,0.129708,0.260249,-0.017450,-0.250894,0.011344,0.209870,-0.104609,0.116781,0.419631,-0.474950,-0.062794,0.390799,-0.014679,0.650036,0.180057,-0.281349,1.325064,1.568838,0.000000,0.000000,-0.184236,-0.462551,0.403833,0.244702,0.113364,0.000000,0.000000
-4.327785,3.829875,0.810187,0.008949,0.005766,0.855299,0.518026,-0.310164,0.127407,0.256900,-0.017450,-0.246282,0.011151,0.215020,-0.106563,0.120000,0.430622,-0.455845,-0.064862,0.391318,-0.014602,0.655333,0.179186,-0.276513,1.324625,1.568838,0.000000,0.000000,-0.185546,-0.463586,0.400188,0.241258,0.113710,0.000000,0.000000
-4.340112,3.839957,0.810721,0.008132,0.006208,0.855669,0.517422,-0.312223,0.124996,0.250408,-0.017450,-0.237936,0.011062,0.220826,-0.109103,0.121413,0.442967,-0.429475,-0.067064,0.390870,-0.014501,0.659491,0.178180,-0.270380,1.325237,1.568834,0.000000,0.000000,-0.183657,-0.464988,0.394023,0.237602,0.117118,0.000000,0.000000
-4.352879,3.850010,0.811433,0.007389,0.006679,0.856643,0.515813,-0.313604,0.122613,0.239746,-0.017450,-0.227810,0.011227,0.226957,-0.111743,0.121588,0.455704,-0.396940,-0.069229,0.389293,-0.014434,0.662322,0.176945,-0.265612,1.326814,1.568842,0.000000,0.000000,-0.178195,-0.467501,0.387171,0.236137,0.120226,0.000000,0.000000
-4.365669,3.860215,0.812924,0.006988,0.007231,0.858098,0.513387,-0.314456,0.120408,0.225707,-0.011658,-0.219470,0.011609,0.233090,-0.113657,0.121542,0.469933,-0.355740,-0.071275,0.386158,-0.014323,0.663618,0.175957,-0.264036,1.329480,1.568854,0.000000,0.000000,-0.169287,-0.471042,0.381570,0.237204,0.124244,0.000000,0.000000
-4.378298,3.870203,0.816869,0.007569,0.007689,0.860138,0.509948,-0.314657,0.117506,0.211485,0.013263,-0.215781,0.011808,0.236673,-0.114626,0.119891,0.491868,-0.311335,-0.072644,0.381801,-0.014248,0.663036,0.176902,-0.265479,1.333486,1.568872,0.000000,0.000000,-0.158946,-0.475657,0.376381,0.241990,0.122233,0.000000,0.000000
-4.391226,3.880305,0.821428,0.008662,0.008378,0.863632,0.503979,-0.315016,0.111667,0.197408,0.045740,-0.214983,0.011544,0.238673,-0.114617,0.113255,0.518973,-0.267313,-0.072532,0.375526,-0.014035,0.660495,0.180408,-0.271412,1.338236,1.568902,0.000000,0.000000,-0.147495,-0.478329,0.364445,0.255493,0.106578,0.000000,0.000000
-4.404049,3.890433,0.826223,0.010245,0.008254,0.866594,0.498841,-0.314931,0.105724,0.187572,0.084647,-0.215598,0.010894,0.238837,-0.115141,0.101721,0.551644,-0.216203,-0.071385,0.370206,-0.013846,0.657808,0.184322,-0.278839,1.343410,1.568939,0.000000,0.000000,-0.131941,-0.482774,0.356265,0.266805,0.096023,0.000000,0.000000
-4.417224,3.900188,0.830418,0.012392,0.008182,0.869522,0.493671,-0.314073,0.098464,0.176756,0.125020,-0.220081,0.010247,0.237238,-0.117649,0.086724,0.589319,-0.156351,-0.069806,0.364758,-0.013551,0.654365,0.185885,-0.285556,1.349089,1.568954,0.000000,0.000000,-0.112489,-0.483186,0.346632,0.275033,0.108352,0.000000,0.000000
-4.431049,3.909817,0.833816,0.014616,0.008283,0.872678,0.488008,-0.312091,0.089231,0.161752,0.161850,-0.230210,0.009918,0.234196,-0.120012,0.075028,0.628690,-0.097776,-0.068284,0.358144,-0.013275,0.649946,0.187332,-0.291437,1.353947,1.568994,0.000000,0.000000,-0.090385,-0.481553,0.333247,0.287878,0.117610,0.000000,0.000000
-4.445000,3.919776,0.836701,0.016953,0.007965,0.876046,0.481864,-0.308287,0.080407,0.143335,0.196808,-0.244329,0.010181,0.230219,-0.121609,0.064959,0.670133,-0.044962,-0.066354,0.350410,-0.012967,0.645447,0.189801,-0.299576,1.357627,1.569019,0.000000,0.000000,-0.066023,-0.476869,0.319225,0.299345,0.126313,0.000000,0.000000
-4.459047,3.929252,0.839024,0.019967,0.006868,0.880159,0.474210,-0.302625,0.072038,0.120558,0.232855,-0.264728,0.011144,0.224566,-0.124289,0.048854,0.717832,0.007727,-0.063178,0.341222,-0.012631,0.640749,0.191700,-0.311802,1.363802,1.569037,0.000000,0.000000,-0.037414,-0.471600,0.304315,0.310415,0.132154,0.000000,0.000000
-4.473658,3.939193,0.840946,0.023190,0.006267,0.883545,0.467729,-0.295184,0.062303,0.104457,0.266451,-0.283896,0.011161,0.219204,-0.128914,0.035134,0.764475,0.055143,-0.060694,0.330643,-0.012277,0.635404,0.193753,-0.320499,1.366416,1.569054,0.000000,0.000000,-0.010861,-0.465696,0.295927,0.325144,0.139830,0.000000,0.000000
-4.488800,3.947567,0.842301,0.027183,0.005827,0.887283,0.460387,-0.285221,0.049282,0.085733,0.296443,-0.308799,0.011082,0.211031,-0.137860,0.018368,0.816908,0.113975,-0.058306,0.318055,-0.011831,0.630209,0.192643,-0.329040,1.369049,1.569080,0.000000,0.000000,0.016267,-0.460295,0.289468,0.345035,0.150251,0.000000,0.000000
-4.504114,3.956239,0.843489,0.030597,0.005446,0.890288,0.454336,-0.273799,0.037067,0.068829,0.320101,-0.330247,0.010998,0.203387,-0.147780,0.004301,0.863956,0.164048,-0.056432,0.305088,-0.011358,0.624073,0.190828,-0.333245,1.369746,1.569089,0.000000,0.000000,0.038141,-0.454630,0.288718,0.367270,0.150767,0.000000,0.000000
-4.518890,3.964626,0.844533,0.034046,0.005004,0.893341,0.448059,-0.260080,0.025039,0.049645,0.338396,-0.349741,0.011276,0.194197,-0.156504,-0.008147,0.912188,0.199531,-0.054418,0.288124,-0.010755,0.617474,0.189394,-0.339514,1.367816,1.569097,0.000000,0.000000,0.057029,-0.446373,0.292132,0.391457,0.151411,0.000000,0.000000
-4.533025,3.972979,0.845468,0.037283,0.004285,0.896523,0.441405,-0.245282,0.014113,0.030878,0.351559,-0.368313,0.011695,0.184106,-0.161531,-0.017968,0.958986,0.208767,-0.052431,0.267907,-0.010085,0.610590,0.186937,-0.349595,1.364965,1.569071,0.000000,0.000000,0.072772,-0.439562,0.299390,0.416939,0.153180,0.000000,0.000000
-4.546299,3.981860,0.846379,0.040135,0.003423,0.900082,0.433856,-0.229791,0.004249,0.013470,0.361590,-0.386737,0.012115,0.173026,-0.160569,-0.024685,1.003215,0.191711,-0.050221,0.244249,-0.009275,0.601253,0.184437,-0.360408,1.361599,1.569067,0.000000,0.000000,0.087895,-0.432198,0.306230,0.442402,0.153194,0.000000,0.000000
-4.559162,3.991257,0.847284,0.042613,0.002375,0.903902,0.425605,-0.213902,-0.004275,-0.002581,0.369459,-0.403790,0.012591,0.161207,-0.154757,-0.028759,1.042482,0.153081,-0.048088,0.219106,-0.008372,0.590043,0.182370,-0.369506,1.357258,1.569070,0.000000,0.000000,0.104020,-0.422397,0.309642,0.466045,0.154125,0.000000,0.000000
-4.571837,4.001157,0.848196,0.044804,0.001350,0.907648,0.417331,-0.197275,-0.011342,-0.019707,0.375474,-0.417379,0.013482,0.148014,-0.145616,-0.029259,1.077186,0.103536,-0.046178,0.193931,-0.007491,0.578220,0.179178,-0.376499,1.352105,1.569067,0.000000,0.000000,0.122045,-0.411903,0.311840,0.490032,0.154366,0.000000,0.000000
-4.584221,4.011372,0.849061,0.047160,-0.000001,0.910772,0.410208,-0.179983,-0.016247,-0.034876,0.379869,-0.426970,0.014531,0.134239,-0.136515,-0.030698,1.107058,0.056451,-0.044234,0.171836,-0.006645,0.566782,0.175258,-0.381557,1.345346,1.569049,0.000000,0.000000,0.140766,-0.400592,0.313555,0.515129,0.149005,0.000000,0.000000
-4.596854,4.021197,0.849811,0.049880,-0.001348,0.913745,0.403212,-0.162039,-0.021553,-0.049064,0.382598,-0.436072,0.015376,0.120857,-0.130440,-0.036121,1.133533,0.013956,-0.042372,0.151243,-0.005904,0.554456,0.177846,-0.393999,1.333782,1.569046,0.000000,0.000000,0.159426,-0.389956,0.315148,0.542750,0.143020,0.000000,0.000000
-4.608949,4.031824,0.850756,0.052368,-0.002666,0.916859,0.395753,-0.142237,-0.025919,-0.062829,0.380942,-0.443812,0.016342,0.106324,-0.120101,-0.038049,1.156201,-0.038157,-0.039969,0.131353,-0.005200,0.540440,0.182156,-0.404809,1.318610,1.569055,0.000000,0.000000,0.180365,-0.378930,0.312007,0.568725,0.132514,0.000000,0.000000
-4.621674,4.042145,0.851533,0.054628,-0.004543,0.919503,0.389243,-0.122977,-0.029619,-0.072826,0.381502,-0.454874,0.016913,0.093537,-0.112807,-0.043203,1.170622,-0.078942,-0.037677,0.113454,-0.004513,0.525819,0.185996,-0.409318,1.304581,1.569076,0.000000,0.000000,0.203250,-0.368706,0.306829,0.591887,0.120268,0.000000,0.000000
-4.634188,4.052830,0.852488,0.057346,-0.006424,0.921586,0.383862,-0.100772,-0.031921,-0.081949,0.376289,-0.463405,0.017659,0.080717,-0.109583,-0.054558,1.183286,-0.120155,-0.035301,0.097155,-0.003856,0.512822,0.191579,-0.411450,1.288797,1.569095,0.000000,0.000000,0.226902,-0.356759,0.303439,0.618704,0.111319,0.000000,0.000000
-4.646368,4.063441,0.853400,0.059436,-0.008682,0.923687,0.378409,-0.079825,-0.032596,-0.091349,0.372076,-0.470365,0.018791,0.067814,-0.103393,-0.062741,1.189082,-0.153536,-0.032380,0.080337,-0.003227,0.497936,0.197813,-0.414122,1.272503,1.569143,0.000000,0.000000,0.246754,-0.345984,0.307152,0.647114,0.108930,0.000000,0.000000
-4.659242,4.073850,0.854575,0.061774,-0.010951,0.925931,0.372447,-0.056581,-0.034226,-0.101834,0.362370,-0.473227,0.019894,0.055011,-0.098207,-0.072683,1.192721,-0.189775,-0.029291,0.061467,-0.002616,0.483257,0.204443,-0.416247,1.253862,1.569204,0.000000,0.000000,0.263310,-0.334446,0.312029,0.682608,0.099718,0.000000,0.000000
-4.671972,4.083521,0.855507,0.063487,-0.013020,0.928042,0.366794,-0.036315,-0.035766,-0.109256,0.355839,-0.477173,0.020602,0.042040,-0.094543,-0.083632,1.189612,-0.218283,-0.026251,0.042876,-0.001994,0.467717,0.211718,-0.416692,1.235133,1.569281,0.000000,0.000000,0.283040,-0.323127,0.312212,0.716724,0.085255,0.000000,0.000000
-4.683824,4.093924,0.859622,0.064319,-0.015485,0.930570,0.360087,-0.016134,-0.032434,-0.110808,0.345612,-0.478922,0.021546,0.027794,-0.087878,-0.095449,1.182761,-0.251307,-0.021965,0.022527,-0.001274,0.453184,0.222430,-0.413870,1.208706,1.569418,0.000000,0.000000,0.302284,-0.307212,0.307978,0.759257,0.047557,0.000000,0.000000
-4.694425,4.103382,0.864309,0.064727,-0.017700,0.932710,0.354328,0.000124,-0.027715,-0.112270,0.338311,-0.484067,0.022752,0.012271,-0.081622,-0.105370,1.170180,-0.275073,-0.017951,0.004175,-0.000632,0.437421,0.230758,-0.412105,1.186873,1.569544,0.000000,0.000000,0.321516,-0.292389,0.304298,0.793521,0.034929,0.000000,0.000000
-4.704320,4.111811,0.868953,0.064622,-0.019799,0.934607,0.349202,0.014882,-0.023639,-0.118127,0.329113,-0.486141,0.024440,-0.005290,-0.076829,-0.118426,1.154155,-0.296373,-0.013573,-0.012465,-0.000089,0.419440,0.239733,-0.408010,1.165658,1.569701,0.000000,0.000000,0.338981,-0.277963,0.300549,0.826536,0.028088,0.000000,0.000000
-4.713669,4.119368,0.873159,0.064098,-0.021080,0.936584,0.343886,0.027706,-0.021450,-0.126363,0.318971,-0.485392,0.026074,-0.024775,-0.073236,-0.131849,1.134729,-0.317366,-0.009327,-0.029001,0.000452,0.399713,0.248440,-0.404773,1.143514,1.569883,0.000000,0.000000,0.354661,-0.265252,0.296311,0.856504,0.021212,0.000000,0.000000
-4.722224,4.126451,0.877241,0.063387,-0.021554,0.938821,0.337837,0.038778,-0.019511,-0.133858,0.308395,-0.485775,0.027522,-0.046327,-0.070265,-0.144776,1.111682,-0.337686,-0.005248,-0.045554,0.000990,0.378210,0.256854,-0.404037,1.120480,1.570071,0.000000,0.000000,0.370430,-0.255806,0.291645,0.885976,0.013089,0.000000,0.000000
-4.730367,4.133341,0.881285,0.062568,-0.021483,0.941096,0.331607,0.048126,-0.017532,-0.138127,0.300846,-0.486689,0.028546,-0.068015,-0.068859,-0.157837,1.086105,-0.350624,-0.001579,-0.061575,0.001576,0.356810,0.264016,-0.402231,1.097615,1.570276,0.000000,0.000000,0.386680,-0.247375,0.285601,0.916032,0.007925,0.000000,0.000000
-4.738518,4.139797,0.884338,0.061385,-0.021028,0.943092,0.326139,0.056478,-0.017622,-0.142585,0.293314,-0.484256,0.029173,-0.090259,-0.069141,-0.169806,1.055706,-0.360738,0.001340,-0.077576,0.002175,0.335344,0.270203,-0.397466,1.074254,1.570483,0.000000,0.000000,0.401873,-0.238218,0.279868,0.945969,0.004509,0.000000,0.000000
-4.746255,4.146852,0.886523,0.059943,-0.020512,0.944875,0.321244,0.064422,-0.016775,-0.145284,0.286348,-0.482740,0.029782,-0.111723,-0.068776,-0.180722,1.019699,-0.369305,0.004143,-0.093805,0.002760,0.314217,0.275970,-0.391175,1.050183,1.570712,0.000000,0.000000,0.414767,-0.228915,0.273582,0.975198,0.002232,0.000000,0.000000
-4.754439,4.154222,0.887721,0.058124,-0.019808,0.946503,0.316799,0.072313,-0.015857,-0.148149,0.279206,-0.481632,0.030416,-0.131527,-0.068920,-0.193230,0.978479,-0.373717,0.006985,-0.108730,0.003330,0.292955,0.280067,-0.386628,1.025770,1.570800,0.000000,0.000000,0.426922,-0.220168,0.267714,1.004224,0.001035,0.000000,0.000000
-4.762972,4.162053,0.888164,0.056278,-0.018959,0.948112,0.312342,0.080354,-0.014948,-0.152369,0.272060,-0.479122,0.031273,-0.149665,-0.068577,-0.204044,0.932239,-0.378046,0.009357,-0.122984,0.003882,0.271096,0.285612,-0.385965,1.001559,1.570800,0.000000,0.000000,0.439468,-0.214809,0.263887,1.031582,-0.003975,0.000000,0.000000
-4.771658,4.170509,0.888223,0.055010,-0.018094,0.949849,0.307301,0.088937,-0.013280,-0.154919,0.266264,-0.476044,0.032123,-0.165432,-0.067914,-0.211226,0.883354,-0.378449,0.010800,-0.136951,0.004426,0.249990,0.289684,-0.381619,0.977413,1.565096,0.000000,0.000000,0.451902,-0.211271,0.257850,1.055914,-0.009948,0.000000,0.000000
-4.781592,4.179248,0.887334,0.052986,-0.017363,0.951994,0.300995,0.098740,-0.010852,-0.156064,0.257353,-0.472450,0.032943,-0.179747,-0.068475,-0.224931,0.829382,-0.377877,0.012995,-0.151904,0.004995,0.226921,0.293598,-0.376798,0.952776,1.547340,0.000000,0.000000,0.464656,-0.204944,0.249153,1.078295,-0.019282,0.000000,0.000000
-4.791329,4.188231,0.886124,0.051436,-0.016098,0.953603,0.296203,0.108824,-0.009193,-0.155229,0.249926,-0.471768,0.033276,-0.192726,-0.069072,-0.236273,0.771819,-0.373321,0.014369,-0.165823,0.005626,0.204649,0.300142,-0.377106,0.928923,1.547878,0.000000,0.000000,0.481255,-0.201018,0.244274,1.096747,-0.028203,0.000000,0.000000
-4.801069,4.197414,0.884376,0.049701,-0.014631,0.955194,0.291411,0.118391,-0.007676,-0.156353,0.244415,-0.471872,0.033848,-0.204581,-0.069326,-0.247499,0.710632,-0.363079,0.015552,-0.179432,0.006188,0.182378,0.309489,-0.381693,0.904956,1.560453,0.000000,0.000000,0.498479,-0.198374,0.238437,1.111143,-0.037041,0.000000,0.000000
-4.809873,4.205635,0.882942,0.048191,-0.012425,0.957265,0.284898,0.122873,-0.007611,-0.160223,0.250458,-0.477090,0.034474,-0.215701,-0.071627,-0.260993,0.647332,-0.347501,0.016442,-0.193476,0.006722,0.158656,0.316314,-0.387096,0.882032,1.564525,0.000000,0.000000,0.512822,-0.195329,0.228500,1.129123,-0.048835,0.000000,0.000000
-4.818945,4.213892,0.880984,0.046038,-0.009775,0.959717,0.276999,0.126223,-0.007743,-0.164623,0.257426,-0.482840,0.035170,-0.226427,-0.075331,-0.279075,0.578728,-0.327405,0.017500,-0.209691,0.007323,0.132835,0.322230,-0.393264,0.856443,1.560376,0.000000,0.000000,0.524932,-0.192154,0.216493,1.150393,-0.061131,0.000000,0.000000
-4.827870,4.222418,0.878482,0.043861,-0.006893,0.962260,0.268486,0.129042,-0.007491,-0.169944,0.264087,-0.488258,0.036099,-0.235820,-0.078759,-0.298951,0.509914,-0.298576,0.018844,-0.225982,0.007957,0.106002,0.330548,-0.404077,0.832020,1.557345,0.000000,0.000000,0.535712,-0.190903,0.206006,1.167711,-0.072016,0.000000,0.000000
-4.836785,4.231223,0.875798,0.042034,-0.003935,0.964401,0.261051,0.132291,-0.007083,-0.174250,0.271456,-0.494427,0.036946,-0.244033,-0.081599,-0.315999,0.438462,-0.259518,0.019765,-0.240982,0.008603,0.077612,0.338485,-0.414957,0.808856,1.553097,0.000000,0.000000,0.545998,-0.189756,0.196702,1.184574,-0.081033,0.000000,0.000000
-4.846110,4.240307,0.869308,0.040825,-0.000230,0.965973,0.255401,0.136319,-0.007865,-0.175834,0.279911,-0.501793,0.037118,-0.250452,-0.085807,-0.326353,0.367655,-0.215585,0.019284,-0.253187,0.009077,0.050458,0.344151,-0.423289,0.786588,1.545026,0.000000,0.000000,0.555802,-0.191149,0.186571,1.200565,-0.089213,0.000000,0.000000
-4.855814,4.249534,0.864073,0.040545,0.004326,0.967417,0.249883,0.141263,-0.010212,-0.176431,0.289821,-0.508744,0.036815,-0.255283,-0.092841,-0.333489,0.298895,-0.166860,0.017828,-0.262118,0.009475,0.023473,0.347658,-0.431921,0.765745,1.538189,0.000000,0.000000,0.566376,-0.193507,0.169754,1.214488,-0.095148,0.000000,0.000000
-4.865454,4.259054,0.859705,0.039839,0.008423,0.968820,0.244396,0.146064,-0.012028,-0.179464,0.300015,-0.514334,0.037023,-0.259496,-0.099008,-0.338735,0.227864,-0.114102,0.016393,-0.269724,0.009912,-0.004586,0.351338,-0.442075,0.745620,1.533983,0.000000,0.000000,0.577302,-0.194172,0.150768,1.227945,-0.100674,0.000000,0.000000
-4.875383,4.268581,0.855916,0.038669,0.011708,0.970314,0.238451,0.150534,-0.012286,-0.184469,0.310033,-0.518537,0.037942,-0.262859,-0.104241,-0.343051,0.157519,-0.060641,0.015086,-0.276656,0.010301,-0.032973,0.354390,-0.455360,0.724822,1.528881,0.000000,0.000000,0.589517,-0.192697,0.136062,1.243081,-0.109709,0.000000,0.000000
-4.885715,4.278043,0.852414,0.038155,0.014513,0.971711,0.232620,0.155731,-0.011695,-0.187423,0.321328,-0.522307,0.038834,-0.265106,-0.109502,-0.347751,0.092206,-0.008392,0.013963,-0.282166,0.010643,-0.064066,0.364065,-0.460608,0.709248,1.525068,0.000000,0.000000,0.603244,-0.190786,0.121336,1.260057,-0.117017,0.000000,0.000000
-4.896364,4.287745,0.849148,0.036933,0.016390,0.973075,0.226920,0.160759,-0.009267,-0.190182,0.332437,-0.525044,0.040179,-0.267070,-0.113109,-0.350827,0.033640,0.039290,0.013058,-0.290523,0.010923,-0.087671,0.366482,-0.477802,0.690895,1.516076,0.000000,0.000000,0.614395,-0.186773,0.109922,1.271821,-0.122517,0.000000,0.000000
-4.906678,4.297569,0.846239,0.035873,0.017833,0.974416,0.221152,0.165645,-0.005587,-0.193563,0.343385,-0.527015,0.041965,-0.268884,-0.116497,-0.353711,-0.017450,0.082279,0.012263,-0.297363,0.011194,-0.111600,0.372036,-0.493341,0.676109,1.509515,0.000000,0.000000,0.625150,-0.182971,0.096567,1.277217,-0.129379,0.000000,0.000000
-4.916622,4.307646,0.839853,0.034808,0.019162,0.975620,0.215840,0.169514,-0.001952,-0.195934,0.352019,-0.528880,0.043530,-0.270895,-0.119338,-0.355699,-0.017450,0.112263,0.012020,-0.302514,0.011392,-0.132102,0.377882,-0.504993,0.664160,1.507974,0.000000,0.000000,0.633695,-0.180648,0.084377,1.279925,-0.136568,0.000000,0.000000
-4.926533,4.317803,0.834841,0.034787,0.021177,0.976430,0.211956,0.174328,0.001188,-0.195340,0.362027,-0.532241,0.044556,-0.273352,-0.123006,-0.358138,-0.017450,0.139408,0.012002,-0.305456,0.011447,-0.154161,0.381984,-0.516155,0.651730,1.504890,0.000000,0.000000,0.643063,-0.178817,0.069449,1.282147,-0.143164,0.000000,0.000000
-4.936683,4.327559,0.831045,0.035814,0.021881,0.977005,0.209045,0.181009,0.004933,-0.192840,0.375465,-0.535474,0.045554,-0.276261,-0.127823,-0.361379,-0.017450,0.163292,0.012061,-0.307911,0.011480,-0.176592,0.384670,-0.525657,0.640556,1.499468,0.000000,0.000000,0.653811,-0.176472,0.053374,1.285649,-0.146218,0.000000,0.000000
-4.947320,4.337847,0.829657,0.035660,0.023807,0.977447,0.206783,0.187579,0.008085,-0.189782,0.388496,-0.537718,0.046301,-0.279419,-0.132941,-0.364749,-0.017450,0.182634,0.012049,-0.310006,0.011456,-0.197049,0.387678,-0.531105,0.629451,1.494719,0.000000,0.000000,0.663196,-0.174936,0.032726,1.287934,-0.147442,0.000000,0.000000
-4.958203,4.347862,0.829178,0.035866,0.025426,0.977814,0.204810,0.194704,0.010911,-0.186969,0.402634,-0.538918,0.047063,-0.282656,-0.138606,-0.368586,-0.017450,0.198043,0.012003,-0.311129,0.011457,-0.217125,0.391579,-0.535397,0.616657,1.490802,0.000000,0.000000,0.673377,-0.174505,0.009231,1.288062,-0.149925,0.000000,0.000000
-4.969528,4.357843,0.828492,0.036193,0.026454,0.978054,0.203470,0.202243,0.012900,-0.186494,0.417958,-0.537958,0.048032,-0.285486,-0.143438,-0.371798,-0.017450,0.208453,0.012002,-0.311248,0.011474,-0.236322,0.397091,-0.537356,0.604575,1.487420,0.000000,0.000000,0.684974,-0.175084,-0.015323,1.285763,-0.157166,0.000000,0.000000
-4.981340,4.367774,0.828128,0.035710,0.026934,0.978371,0.201964,0.208759,0.014457,-0.188980,0.431840,-0.534117,0.049381,-0.287695,-0.146821,-0.373965,-0.017450,0.212844,0.011981,-0.311558,0.011512,-0.249864,0.400666,-0.543124,0.596141,1.480884,0.000000,0.000000,0.695848,-0.173769,-0.029434,1.286750,-0.158976,0.000000,0.000000
-4.993165,4.377841,0.827665,0.035864,0.027361,0.978607,0.200733,0.215602,0.015999,-0.191490,0.446620,-0.528831,0.050829,-0.289151,-0.149601,-0.375937,-0.017450,0.215144,0.012028,-0.312731,0.011545,-0.261089,0.405492,-0.549898,0.590501,1.471577,0.000000,0.000000,0.704384,-0.172739,-0.045221,1.286691,-0.157232,0.000000,0.000000
-5.004946,4.387941,0.827231,0.035972,0.027332,0.978796,0.199795,0.222660,0.017951,-0.194090,0.461780,-0.521666,0.052483,-0.289985,-0.151577,-0.377447,-0.017450,0.216043,0.012172,-0.312973,0.011481,-0.272125,0.409768,-0.555203,0.584220,1.462771,0.000000,0.000000,0.711982,-0.171973,-0.060083,1.287473,-0.151922,0.000000,0.000000
-5.016587,4.398010,0.826475,0.035973,0.026744,0.978811,0.199801,0.230291,0.019556,-0.198114,0.478484,-0.510760,0.054402,-0.291422,-0.152248,-0.377497,-0.017450,0.211040,0.012290,-0.310331,0.011309,-0.286474,0.413370,-0.555719,0.571467,1.454309,0.000000,0.000000,0.720263,-0.171905,-0.075241,1.287172,-0.140973,0.000000,0.000000
-5.028193,4.408545,0.828864,0.034074,0.025469,0.978833,0.200189,0.236199,0.022167,-0.201379,0.491914,-0.497863,0.056432,-0.293024,-0.150133,-0.374700,-0.000573,0.197794,0.012546,-0.309534,0.011305,-0.296493,0.418399,-0.554159,0.562444,1.447360,0.000000,0.000000,0.725680,-0.172372,-0.083256,1.285681,-0.129916,0.000000,0.000000
-5.039796,4.419242,0.832351,0.032145,0.023802,0.978678,0.201467,0.242338,0.025918,-0.201691,0.505289,-0.480933,0.058365,-0.294416,-0.145541,-0.369555,0.026647,0.156975,0.012652,-0.309825,0.011406,-0.305218,0.425844,-0.551279,0.555382,1.442550,0.000000,0.000000,0.728331,-0.174496,-0.085349,1.285622,-0.119187,0.000000,0.000000
-5.051646,4.430756,0.836295,0.030760,0.022280,0.978203,0.204148,0.248866,0.030940,-0.198044,0.518800,-0.463139,0.060001,-0.295223,-0.139218,-0.363164,0.060866,0.098179,0.012489,-0.309438,0.011374,-0.309502,0.433531,-0.543903,0.549212,1.439496,0.000000,0.000000,0.728157,-0.177200,-0.089400,1.285056,-0.109823,0.000000,0.000000
-5.064356,4.441766,0.840207,0.029602,0.020494,0.977363,0.208481,0.255997,0.033664,-0.193032,0.532603,-0.438427,0.060648,-0.295975,-0.133563,-0.357491,0.100326,0.048306,0.012390,-0.308106,0.011375,-0.308377,0.440935,-0.535753,0.544808,1.441835,0.000000,0.000000,0.726816,-0.178819,-0.091161,1.285210,-0.100760,0.000000,0.000000
-5.077051,4.453021,0.843427,0.029012,0.018115,0.976248,0.213940,0.263917,0.035113,-0.188219,0.547948,-0.408062,0.060930,-0.296558,-0.127557,-0.351481,0.142538,0.003595,0.012583,-0.303933,0.011273,-0.304175,0.447066,-0.528007,0.542703,1.444062,0.000000,0.000000,0.725640,-0.180711,-0.087114,1.286586,-0.087072,0.000000,0.000000
-5.089388,4.464421,0.845718,0.028885,0.014714,0.975264,0.218652,0.269250,0.038362,-0.179921,0.572829,-0.376753,0.061080,-0.296147,-0.120619,-0.344909,0.184944,-0.036624,0.013180,-0.298269,0.011073,-0.297194,0.452169,-0.518676,0.540973,1.442895,0.000000,0.000000,0.724054,-0.182622,-0.081122,1.289653,-0.071915,0.000000,0.000000
-5.101496,4.476196,0.847639,0.030174,0.012107,0.974031,0.224067,0.271048,0.040784,-0.167563,0.610165,-0.344355,0.060047,-0.293109,-0.116065,-0.329013,0.226562,-0.074799,0.011860,-0.291826,0.010861,-0.283605,0.455944,-0.505900,0.539042,1.438859,0.000000,0.000000,0.721849,-0.186128,-0.074505,1.295068,-0.060992,0.000000,0.000000
-5.113832,4.488298,0.849306,0.032502,0.010622,0.972462,0.230537,0.270103,0.040577,-0.152483,0.656896,-0.308875,0.057404,-0.287895,-0.113619,-0.306160,0.266625,-0.113210,0.009062,-0.284453,0.010603,-0.263533,0.457270,-0.489737,0.536513,1.430174,0.000000,0.000000,0.718466,-0.192843,-0.069131,1.299560,-0.058322,0.000000,0.000000
-5.126202,4.500697,0.850572,0.035550,0.009644,0.970606,0.237837,0.267018,0.039287,-0.135453,0.710348,-0.267827,0.053715,-0.280850,-0.111171,-0.282227,0.304274,-0.152013,0.006093,-0.275377,0.010473,-0.240279,0.455138,-0.474336,0.533880,1.423499,0.000000,0.000000,0.714328,-0.201756,-0.058467,1.303680,-0.059635,0.000000,0.000000
-5.138503,4.513058,0.851550,0.038903,0.009133,0.968593,0.245418,0.261925,0.038185,-0.114761,0.767831,-0.222295,0.049047,-0.272018,-0.108705,-0.261420,0.338402,-0.190001,0.003581,-0.266813,0.010407,-0.215917,0.454689,-0.459559,0.532668,1.422396,0.000000,0.000000,0.709175,-0.211304,-0.050836,1.304870,-0.061183,0.000000,0.000000
-5.150569,4.525437,0.852367,0.041568,0.008863,0.966786,0.252028,0.254401,0.038556,-0.093479,0.825391,-0.179110,0.044518,-0.261879,-0.105940,-0.244880,0.366673,-0.225904,0.001657,-0.258137,0.010290,-0.191356,0.451889,-0.445783,0.534106,1.423126,0.000000,0.000000,0.703354,-0.217627,-0.044825,1.303655,-0.063136,0.000000,0.000000
-5.161723,4.538172,0.852972,0.044352,0.008303,0.965089,0.258006,0.244397,0.040067,-0.077481,0.884622,-0.139177,0.041165,-0.249427,-0.102170,-0.229499,0.389686,-0.259800,0.000047,-0.247611,0.010086,-0.167316,0.445574,-0.436826,0.538713,1.421492,0.000000,0.000000,0.696202,-0.220096,-0.034364,1.303701,-0.064341,0.000000,0.000000
-5.172232,4.550424,0.853504,0.047353,0.007954,0.963303,0.264088,0.232448,0.041034,-0.062541,0.944419,-0.099947,0.037743,-0.235448,-0.099188,-0.216375,0.407743,-0.290658,-0.001447,-0.235489,0.009798,-0.145898,0.441823,-0.428740,0.546591,1.421551,0.000000,0.000000,0.689039,-0.222332,-0.026469,1.300169,-0.062869,0.000000,0.000000
-5.181664,4.561476,0.854135,0.049804,0.008064,0.961566,0.269900,0.217244,0.043497,-0.040709,1.004523,-0.053808,0.033500,-0.221303,-0.097232,-0.206888,0.419125,-0.319091,-0.002643,-0.222501,0.009480,-0.127214,0.435338,-0.422286,0.556487,1.425396,0.000000,0.000000,0.681605,-0.225170,-0.016432,1.293149,-0.051996,0.000000,0.000000
-5.191324,4.573804,0.854718,0.051551,0.008155,0.960151,0.274566,0.204346,0.047961,-0.025767,1.053037,-0.020774,0.031215,-0.207373,-0.094291,-0.201338,0.428200,-0.342520,-0.002995,-0.208927,0.009123,-0.112325,0.428280,-0.421636,0.569004,1.425422,0.000000,0.000000,0.673003,-0.224530,-0.008332,1.283790,-0.039828,0.000000,0.000000
-5.200445,4.586102,0.855304,0.053124,0.007918,0.958877,0.278694,0.190327,0.054332,-0.010981,1.099313,0.004404,0.029636,-0.192263,-0.089962,-0.196013,0.433441,-0.362929,-0.003018,-0.194716,0.008749,-0.098802,0.420371,-0.424191,0.586204,1.424853,0.000000,0.000000,0.664791,-0.222492,0.003196,1.270301,-0.022633,0.000000,0.000000
-5.208911,4.599942,0.856023,0.054427,0.007824,0.957494,0.283164,0.175539,0.065754,0.007557,1.140136,-0.018907,0.029649,-0.176417,-0.083143,-0.189991,0.434637,-0.380893,-0.002599,-0.179854,0.008291,-0.086402,0.412333,-0.427229,0.602997,1.427200,0.000000,0.000000,0.656182,-0.220492,0.015865,1.253517,-0.007163,0.000000,0.000000
-5.217649,4.611818,0.856218,0.056738,0.006063,0.955667,0.288869,0.160437,0.069047,0.016681,1.186012,-0.038469,0.028932,-0.160035,-0.075695,-0.180313,0.436660,-0.394570,-0.002573,-0.163013,0.007779,-0.071350,0.405099,-0.430537,0.620719,1.434039,0.000000,0.000000,0.648894,-0.218545,0.029753,1.234177,0.008306,0.000000,0.000000
-5.226520,4.624293,0.856671,0.058191,0.005538,0.953547,0.295518,0.144761,0.070310,0.026078,1.221664,-0.063986,0.027739,-0.144076,-0.069054,-0.168729,0.437440,-0.405876,-0.002980,-0.145707,0.007222,-0.054502,0.396643,-0.432779,0.645683,1.442855,0.000000,0.000000,0.639601,-0.217398,0.043970,1.213012,0.019769,0.000000,0.000000
-5.235878,4.636399,0.856974,0.059908,0.005075,0.951567,0.301507,0.130183,0.068453,0.031539,1.248055,-0.096101,0.026489,-0.128339,-0.063702,-0.157463,0.438573,-0.415316,-0.003562,-0.129453,0.006652,-0.039200,0.390983,-0.439151,0.676348,1.447985,0.000000,0.000000,0.629332,-0.217180,0.058123,1.192446,0.030979,0.000000,0.000000
-5.245911,4.648239,0.857215,0.061348,0.004433,0.950032,0.306031,0.116240,0.066680,0.033863,1.267845,-0.123181,0.025754,-0.111984,-0.058808,-0.146927,0.438498,-0.421744,-0.004098,-0.113781,0.006048,-0.023107,0.383053,-0.438508,0.698434,1.456534,0.000000,0.000000,0.618423,-0.217433,0.067358,1.167098,0.041359,0.000000,0.000000
-5.256526,4.659384,0.857753,0.063036,0.005222,0.947994,0.311939,0.103191,0.063869,0.044946,1.279079,-0.147060,0.023342,-0.095182,-0.057317,-0.136833,0.436918,-0.427833,-0.005340,-0.096683,0.005327,0.000364,0.366846,-0.421626,0.710753,1.467970,0.000000,0.000000,0.605976,-0.221538,0.073774,1.133170,0.045675,0.000000,0.000000
-5.266458,4.671234,0.858490,0.064409,0.006538,0.945614,0.318784,0.090906,0.064037,0.062247,1.281065,-0.173548,0.020672,-0.079060,-0.055802,-0.124665,0.432212,-0.432634,-0.006887,-0.079991,0.004860,0.021532,0.353327,-0.412886,0.729817,1.492783,0.000000,0.000000,0.592579,-0.226484,0.081388,1.099624,0.050481,0.000000,0.000000
-5.275434,4.683370,0.859195,0.065920,0.007901,0.942770,0.326768,0.077394,0.063762,0.081325,1.280393,-0.201211,0.017393,-0.062946,-0.053941,-0.110708,0.426763,-0.436389,-0.008631,-0.059992,0.004280,0.040542,0.341581,-0.413239,0.753658,1.509950,0.000000,0.000000,0.578584,-0.232619,0.093742,1.069719,0.052371,0.000000,0.000000
-5.285300,4.693343,0.859600,0.068017,0.007658,0.940691,0.332288,0.062520,0.053910,0.082544,1.279034,-0.212438,0.014242,-0.046017,-0.053570,-0.101219,0.421353,-0.437685,-0.010032,-0.043638,0.003739,0.060813,0.333894,-0.413480,0.777566,1.510948,0.000000,0.000000,0.566974,-0.239813,0.106877,1.038589,0.056871,0.000000,0.000000
-5.294610,4.703528,0.861472,0.069661,0.008141,0.938038,0.339361,0.046459,0.044465,0.086851,1.272207,-0.229442,0.010543,-0.029088,-0.054209,-0.091889,0.412870,-0.438963,-0.011667,-0.026770,0.003013,0.085308,0.320885,-0.403605,0.811109,1.474402,0.000000,0.000000,0.551448,-0.249104,0.122522,1.009540,0.071509,0.000000,0.000000
-5.303252,4.713702,0.864943,0.071034,0.009452,0.935683,0.345487,0.030410,0.039038,0.094545,1.259589,-0.249273,0.007295,-0.013758,-0.055546,-0.084659,0.403181,-0.438697,-0.013144,-0.008619,0.002387,0.103820,0.309357,-0.400348,0.842721,1.456013,0.000000,0.000000,0.534784,-0.255742,0.130700,0.983295,0.080889,0.000000,0.000000
-5.312226,4.723020,0.868525,0.071014,0.010654,0.933331,0.351761,0.013966,0.034537,0.102705,1.240321,-0.266779,0.004118,-0.000676,-0.057253,-0.078927,0.393017,-0.438575,-0.014472,0.007705,0.001808,0.119991,0.298268,-0.398010,0.875328,1.456885,0.000000,0.000000,0.515105,-0.261612,0.137369,0.954800,0.085422,0.000000,0.000000
-5.320655,4.732100,0.872237,0.070450,0.012828,0.930842,0.358337,-0.003305,0.031178,0.117250,1.214259,-0.290964,-0.000124,0.010239,-0.060431,-0.075504,0.383213,-0.439358,-0.015770,0.023704,0.001187,0.133745,0.285922,-0.397228,0.910185,1.467220,0.000000,0.000000,0.491112,-0.266403,0.143599,0.930000,0.087841,0.000000,0.000000
-5.328317,4.741189,0.876112,0.069469,0.014407,0.928014,0.365727,-0.021543,0.028314,0.129724,1.185713,-0.313691,-0.003935,0.019883,-0.061848,-0.069738,0.373251,-0.438137,-0.017009,0.041120,0.000511,0.147827,0.274896,-0.395223,0.943932,1.477609,0.000000,0.000000,0.467515,-0.271321,0.151744,0.904876,0.090607,0.000000,0.000000
-5.335704,4.749637,0.880279,0.068228,0.015058,0.925686,0.371785,-0.041420,0.024099,0.135054,1.154975,-0.325680,-0.006713,0.029170,-0.061894,-0.062378,0.363323,-0.433166,-0.018200,0.057632,-0.000171,0.163738,0.266408,-0.393059,0.974990,1.477955,0.000000,0.000000,0.446132,-0.278265,0.161434,0.873457,0.091863,0.000000,0.000000
-5.342837,4.757470,0.884403,0.067016,0.015339,0.923453,0.377503,-0.062261,0.018594,0.136861,1.120021,-0.331852,-0.009101,0.038126,-0.061856,-0.055324,0.353403,-0.429519,-0.019318,0.072897,-0.000798,0.180983,0.259937,-0.395389,1.007684,1.496993,0.000000,0.000000,0.423958,-0.284424,0.168481,0.841242,0.090109,0.000000,0.000000
-5.349755,4.765267,0.887880,0.065611,0.015025,0.921513,0.382470,-0.082699,0.015883,0.140046,1.081010,-0.328204,-0.010845,0.046992,-0.060390,-0.048481,0.343522,-0.427855,-0.020048,0.087034,-0.001441,0.197038,0.257070,-0.403432,1.043602,1.549984,0.000000,0.000000,0.401924,-0.289064,0.172167,0.809212,0.087672,0.000000,0.000000
-5.356674,4.773625,0.890708,0.063991,0.015075,0.919345,0.387920,-0.101856,0.016067,0.145118,1.037935,-0.329766,-0.012009,0.055486,-0.059045,-0.042852,0.334871,-0.423303,-0.020658,0.101016,-0.002162,0.211130,0.255600,-0.413776,1.078565,1.568247,0.000000,0.000000,0.379756,-0.294486,0.177346,0.779488,0.083682,0.000000,0.000000
-5.364183,4.781601,0.892782,0.062301,0.015246,0.917219,0.393187,-0.119342,0.015579,0.147489,0.990868,-0.333310,-0.012633,0.063560,-0.058689,-0.038505,0.327739,-0.414533,-0.021367,0.116417,-0.002933,0.224439,0.250080,-0.419759,1.111286,1.570091,0.000000,0.000000,0.357825,-0.298860,0.184457,0.751000,0.081552,0.000000,0.000000
-5.373238,4.788705,0.893786,0.060142,0.015868,0.914833,0.399014,-0.135951,0.009753,0.143049,0.938156,-0.339473,-0.013121,0.070924,-0.060759,-0.033301,0.320658,-0.406813,-0.022793,0.131348,-0.003664,0.237868,0.243867,-0.422917,1.140545,1.570143,0.000000,0.000000,0.334371,-0.305789,0.194600,0.722340,0.077859,0.000000,0.000000
-5.381374,4.797175,0.894616,0.057896,0.016192,0.912153,0.405417,-0.150182,0.010489,0.146334,0.877396,-0.328406,-0.013236,0.078404,-0.061097,-0.026339,0.313624,-0.402756,-0.024024,0.144314,-0.004343,0.253238,0.237586,-0.420170,1.168701,1.570017,0.000000,0.000000,0.309598,-0.314353,0.206560,0.694032,0.068438,0.000000,0.000000
-5.390164,4.805782,0.894902,0.055455,0.016666,0.908708,0.413396,-0.162212,0.010739,0.153211,0.810411,-0.332493,-0.013936,0.086334,-0.062797,-0.020351,0.305417,-0.399117,-0.025439,0.158129,-0.005036,0.269953,0.231354,-0.417481,1.196108,1.569885,0.000000,0.000000,0.283089,-0.321677,0.218996,0.666609,0.060548,0.000000,0.000000
-5.399298,4.815408,0.893934,0.051950,0.016204,0.906237,0.419254,-0.173027,0.013722,0.157686,0.744439,-0.302454,-0.013500,0.096235,-0.061597,-0.014288,0.292312,-0.391313,-0.026177,0.170645,-0.005674,0.284941,0.227112,-0.416322,1.221395,1.569790,0.000000,0.000000,0.256502,-0.325902,0.228675,0.639998,0.056213,0.000000,0.000000
-5.407622,4.825377,0.892909,0.048660,0.016118,0.902884,0.426818,-0.182677,0.018427,0.169343,0.669128,-0.299510,-0.013610,0.106259,-0.061212,-0.011402,0.278154,-0.384639,-0.026617,0.184042,-0.006398,0.299137,0.222829,-0.413579,1.245834,1.569714,0.000000,0.000000,0.227691,-0.330408,0.239474,0.612370,0.055999,0.000000,0.000000
-5.415703,4.836308,0.891046,0.045065,0.015732,0.899316,0.434688,-0.190723,0.026538,0.188710,0.594315,-0.291103,-0.014071,0.117433,-0.059309,-0.007527,0.261050,-0.373097,-0.026861,0.199689,-0.007345,0.309245,0.221623,-0.409251,1.273246,1.569678,0.000000,0.000000,0.190229,-0.345018,0.255629,0.614132,-0.026867,0.000000,0.000000
-5.423942,4.846053,0.888108,0.041053,0.015154,0.895239,0.443432,-0.199468,0.033785,0.200178,0.520106,-0.279810,-0.013071,0.126085,-0.058750,-0.013677,0.247559,-0.362268,-0.025896,0.219953,-0.008184,0.323030,0.223207,-0.409381,1.292521,1.569636,0.000000,0.000000,0.160422,-0.357146,0.268074,0.597433,-0.089078,0.000000,0.000000
-5.433280,4.853344,0.886293,0.037490,0.014863,0.892548,0.449146,-0.207514,0.035802,0.204999,0.443822,-0.255880,-0.012210,0.130189,-0.060528,-0.006424,0.249463,-0.367715,-0.027467,0.235461,-0.008851,0.336694,0.222228,-0.415112,1.312136,1.569609,0.000000,0.000000,0.133902,-0.365488,0.282170,0.578222,-0.119821,0.000000,0.000000
-5.442050,4.861683,0.884350,0.032126,0.014976,0.889420,0.455715,-0.214265,0.038487,0.217847,0.353582,-0.220125,-0.012313,0.132102,-0.059944,0.005791,0.252840,-0.373016,-0.029212,0.247944,-0.008981,0.349378,0.211219,-0.423570,1.337363,1.569530,0.000000,0.000000,0.114798,-0.344139,0.279867,0.520043,0.047875,0.000000,0.000000
-5.449944,4.869871,0.880158,0.027149,0.014394,0.886973,0.460799,-0.221684,0.043138,0.223869,0.277472,-0.187997,-0.010965,0.134038,-0.057674,0.013640,0.257047,-0.372340,-0.029970,0.258388,-0.009966,0.361511,0.206602,-0.424879,1.357512,1.569506,0.000000,0.000000,0.088140,-0.351931,0.282961,0.489465,0.051793,0.000000,0.000000
-5.458282,4.878286,0.874189,0.021976,0.013677,0.883589,0.467547,-0.227647,0.048578,0.232016,0.198655,-0.146540,-0.009908,0.135651,-0.058232,0.018150,0.260523,-0.377305,-0.030862,0.271912,-0.010681,0.372661,0.202950,-0.421167,1.376014,1.569505,0.000000,0.000000,0.062833,-0.358666,0.289791,0.465040,0.041808,0.000000,0.000000
-5.466329,4.887548,0.870060,0.017494,0.012837,0.878800,0.476697,-0.232515,0.054960,0.251465,0.120705,-0.099540,-0.010399,0.137459,-0.060016,0.019749,0.264193,-0.381624,-0.031598,0.285186,-0.011274,0.388697,0.202433,-0.413730,1.385492,1.569488,0.000000,0.000000,0.034855,-0.362670,0.301086,0.439199,0.039023,0.000000,0.000000
-5.475075,4.896751,0.867300,0.013757,0.012062,0.875071,0.483648,-0.236686,0.060069,0.266175,0.048553,-0.050878,-0.010495,0.139992,-0.061282,0.028026,0.269541,-0.386542,-0.033250,0.295730,-0.011706,0.403661,0.202451,-0.409666,1.394070,1.569479,0.000000,0.000000,0.007368,-0.364467,0.310191,0.416536,0.053193,0.000000,0.000000
-5.484146,4.906011,0.864731,0.010233,0.011149,0.871481,0.490196,-0.240618,0.064592,0.281115,-0.017450,-0.004756,-0.010721,0.142895,-0.063149,0.036103,0.275811,-0.392683,-0.035060,0.305714,-0.012206,0.416407,0.204130,-0.402138,1.401958,1.569493,0.000000,0.000000,-0.019092,-0.366590,0.316764,0.394997,0.066521,0.000000,0.000000
-5.493567,4.915326,0.856866,0.007040,0.010545,0.867855,0.496656,-0.243668,0.067851,0.289466,-0.017450,0.023453,-0.011073,0.145409,-0.065787,0.040551,0.280915,-0.392944,-0.036562,0.313009,-0.012569,0.425502,0.206095,-0.393517,1.405842,1.569497,0.000000,0.000000,-0.036694,-0.370592,0.321376,0.379016,0.069267,0.000000,0.000000
-5.503089,4.924496,0.850141,0.004224,0.010099,0.864069,0.503254,-0.247481,0.071947,0.297519,-0.017450,0.052359,-0.011527,0.148459,-0.069536,0.045824,0.287241,-0.389941,-0.038582,0.321722,-0.013008,0.439004,0.205400,-0.383318,1.410164,1.569499,0.000000,0.000000,-0.056338,-0.376128,0.328520,0.358877,0.072660,0.000000,0.000000
-5.512942,4.933413,0.845099,0.001510,0.009352,0.860276,0.509741,-0.251683,0.076056,0.306247,-0.017450,0.077368,-0.012195,0.151656,-0.073458,0.051135,0.293867,-0.388044,-0.040699,0.330292,-0.013434,0.454721,0.202349,-0.372851,1.414836,1.569490,0.000000,0.000000,-0.075447,-0.383202,0.338415,0.339432,0.078425,0.000000,0.000000
-5.523223,4.942540,0.841642,0.000104,0.009130,0.857154,0.514979,-0.255049,0.078635,0.313897,-0.017450,0.097618,-0.013079,0.155292,-0.078700,0.053240,0.301154,-0.391459,-0.042627,0.337280,-0.013762,0.469387,0.201053,-0.364127,1.417330,1.569473,0.000000,0.000000,-0.093111,-0.390636,0.346969,0.321429,0.078937,0.000000,0.000000
-5.533911,4.952070,0.841665,-0.001817,0.008246,0.854692,0.519067,-0.258374,0.081595,0.319342,-0.017450,0.113637,-0.013609,0.159851,-0.083758,0.056293,0.310311,-0.401582,-0.044589,0.340624,-0.013849,0.486359,0.201475,-0.352140,1.418014,1.569467,0.000000,0.000000,-0.112510,-0.395687,0.353813,0.298771,0.084886,0.000000,0.000000
-5.544575,4.961786,0.841843,-0.003380,0.007542,0.852776,0.522211,-0.261820,0.083849,0.321833,-0.017450,0.127033,-0.013897,0.164936,-0.088562,0.060661,0.320638,-0.411564,-0.046696,0.341404,-0.014052,0.502465,0.202921,-0.343846,1.417496,1.569455,0.000000,0.000000,-0.132211,-0.404099,0.359817,0.276549,0.080754,0.000000,0.000000
-5.554894,4.971725,0.841645,-0.004374,0.008239,0.850711,0.525552,-0.265337,0.084498,0.321801,-0.017450,0.136733,-0.014164,0.170265,-0.094216,0.065694,0.331581,-0.414853,-0.049301,0.345073,-0.014247,0.515796,0.201149,-0.334424,1.418084,1.569443,0.000000,0.000000,-0.146840,-0.410969,0.362773,0.259945,0.078329,0.000000,0.000000
-5.563071,4.982260,0.840738,-0.005387,0.010316,0.847038,0.531405,-0.271299,0.086104,0.321433,-0.017450,0.143069,-0.014161,0.176756,-0.100784,0.072136,0.345149,-0.396984,-0.053015,0.351967,-0.014497,0.532502,0.194544,-0.324244,1.419212,1.569417,0.000000,0.000000,-0.164736,-0.423139,0.369578,0.239718,0.078655,0.000000,0.000000
