0.000000,0.000000,0.876567,-0.075198,0.007719,0.833598,0.547175,-0.196171,0.088080,0.354815,-0.017450,-0.114581,-0.010724,0.098120,-0.050263,0.237933,0.470905,-0.158213,-0.075156,0.358709,-0.015138,0.604076,0.367148,-0.267436,0.769978,0.857687,0.000000,0.000000,0.075850,-0.395985,0.390609,0.362861,-0.079121,0.000000,0.000000
-0.012200,-0.016567,0.856946,0.003709,0.002067,0.897097,0.441813,-0.251876,-0.010829,0.160236,0.242315,-0.226046,-0.009169,0.199824,-0.055434,0.073746,0.648159,-0.311999,-0.047014,0.294665,-0.011125,0.508093,0.261419,-0.372618,1.252220,1.554917,0.000000,0.000000,0.137228,-0.368162,0.310856,0.685660,0.022896,0.000000,0.000000
-0.025177,-0.007203,0.856542,0.006034,0.002625,0.902807,0.429996,-0.248370,-0.021002,0.136478,0.273260,-0.254705,-0.008349,0.200977,-0.057941,0.048558,0.686143,-0.317592,-0.042945,0.270040,-0.010128,0.495951,0.242458,-0.380309,1.269217,1.566886,0.000000,0.000000,0.146448,-0.365343,0.310589,0.700768,0.028855,0.000000,0.000000
-0.037263,0.002349,0.856489,0.007568,0.003987,0.908771,0.417208,-0.239211,-0.032564,0.112588,0.289237,-0.281412,-0.007446,0.196003,-0.048443,0.049050,0.730504,-0.333234,-0.039881,0.242324,-0.008990,0.485637,0.234908,-0.390959,1.279915,1.568885,0.000000,0.000000,0.158559,-0.363559,0.308387,0.711579,0.034206,0.000000,0.000000
-0.046782,0.011127,0.856854,0.009123,0.003831,0.911555,0.411059,-0.227644,-0.036478,0.096582,0.296842,-0.300347,-0.006085,0.186039,-0.041142,0.048357,0.781217,-0.343109,-0.037436,0.220166,-0.008104,0.473984,0.236951,-0.393771,1.288932,1.569282,0.000000,0.000000,0.167068,-0.361152,0.312290,0.722454,0.038975,0.000000,0.000000
-0.056548,0.019897,0.857087,0.010451,0.006861,0.914109,0.405275,-0.215326,-0.044947,0.074588,0.298729,-0.307612,-0.004862,0.169632,-0.026102,0.079684,0.837828,-0.340047,-0.038581,0.198706,-0.007471,0.465034,0.222879,-0.402868,1.286221,1.569286,0.000000,0.000000,0.171562,-0.361681,0.321477,0.737288,0.049943,0.000000,0.000000
-0.068156,0.026342,0.857659,0.011810,0.005129,0.914893,0.403490,-0.203041,-0.047957,0.067856,0.302525,-0.311826,-0.004792,0.156154,-0.039683,0.056785,0.870417,-0.346761,-0.038692,0.187146,-0.006848,0.457241,0.220441,-0.401117,1.285031,1.569316,0.000000,0.000000,0.177483,-0.356906,0.325831,0.748979,0.052284,0.000000,0.000000
-0.078557,0.035670,0.857963,0.014050,0.004541,0.917828,0.396703,-0.188942,-0.050387,0.056052,0.309155,-0.316363,-0.003913,0.143001,-0.040593,0.048576,0.902620,-0.350865,-0.037379,0.169004,-0.006187,0.449190,0.218121,-0.402621,1.281691,1.569332,0.000000,0.000000,0.186673,-0.351386,0.327198,0.761960,0.049806,0.000000,0.000000
-0.088748,0.045768,0.858422,0.015394,0.003709,0.920443,0.390557,-0.174252,-0.050512,0.044998,0.313068,-0.324374,-0.002649,0.130531,-0.036470,0.045195,0.931286,-0.352374,-0.035375,0.151818,-0.005549,0.439507,0.217194,-0.405633,1.276655,1.569361,0.000000,0.000000,0.197089,-0.343729,0.327256,0.771411,0.045261,0.000000,0.000000
-0.098804,0.056252,0.859036,0.017010,0.002050,0.922483,0.385658,-0.157439,-0.049129,0.032322,0.314235,-0.331556,-0.000831,0.118240,-0.029323,0.043996,0.959179,-0.351568,-0.032832,0.134871,-0.004924,0.429195,0.216768,-0.410642,1.271095,1.569383,0.000000,0.000000,0.210328,-0.334732,0.330509,0.777963,0.042562,0.000000,0.000000
-0.109168,0.066666,0.859699,0.018725,0.000332,0.924011,0.381908,-0.139244,-0.047691,0.019910,0.311600,-0.339724,0.000996,0.105840,-0.027151,0.034363,0.987244,-0.348533,-0.030227,0.120187,-0.004402,0.417215,0.215301,-0.414234,1.266637,1.569407,0.000000,0.000000,0.224239,-0.325900,0.332039,0.784452,0.044662,0.000000,0.000000
-0.120270,0.076636,0.860414,0.019871,-0.001175,0.926686,0.375308,-0.120504,-0.046979,0.004182,0.306088,-0.347363,0.003182,0.093402,-0.026799,0.019848,1.009516,-0.343706,-0.027214,0.103562,-0.003818,0.404963,0.216781,-0.421739,1.260423,1.569447,0.000000,0.000000,0.239090,-0.316730,0.328151,0.791023,0.046971,0.000000,0.000000
-0.132280,0.086286,0.861100,0.020690,-0.002027,0.928952,0.369617,-0.101571,-0.047585,-0.010422,0.297497,-0.349703,0.004950,0.081097,-0.030235,0.003495,1.026562,-0.345136,-0.025026,0.088299,-0.003303,0.394361,0.220797,-0.426409,1.245867,1.569485,0.000000,0.000000,0.254075,-0.307470,0.319012,0.796415,0.050810,0.000000,0.000000
-0.142718,0.097586,0.861887,0.022444,-0.003780,0.931179,0.363852,-0.081130,-0.045010,-0.021566,0.287618,-0.350707,0.006915,0.067559,-0.021695,0.000523,1.040948,-0.338049,-0.021677,0.071666,-0.002737,0.383578,0.225489,-0.433819,1.232854,1.569560,0.000000,0.000000,0.271165,-0.299917,0.313947,0.800712,0.054309,0.000000,0.000000
-0.152146,0.110513,0.862816,0.023963,-0.006266,0.932269,0.360916,-0.059205,-0.038085,-0.026214,0.275803,-0.354763,0.008917,0.051514,-0.006152,0.004955,1.046885,-0.328705,-0.017630,0.055296,-0.002207,0.375025,0.230668,-0.436023,1.218092,1.569633,0.000000,0.000000,0.285634,-0.292776,0.316631,0.807833,0.050628,0.000000,0.000000
-0.166502,0.115770,0.863671,0.026735,-0.010592,0.933497,0.357429,-0.034650,-0.037866,-0.029948,0.263975,-0.358445,0.009338,0.038823,-0.034249,-0.066649,1.049073,-0.300279,-0.011820,0.040644,-0.001731,0.367455,0.238660,-0.439643,1.200911,1.569726,0.000000,0.000000,0.307682,-0.281226,0.312322,0.811586,0.039653,0.000000,0.000000
-0.177639,0.124952,0.864053,0.027405,-0.011747,0.936397,0.349674,-0.017780,-0.037043,-0.040605,0.254278,-0.361581,0.010966,0.026678,-0.034248,-0.081901,1.041051,-0.290656,-0.008673,0.021369,-0.001159,0.355439,0.245424,-0.449604,1.187121,1.569826,0.000000,0.000000,0.324619,-0.275544,0.305876,0.814606,0.031609,0.000000,0.000000
-0.186881,0.134615,0.864565,0.027613,-0.012805,0.938163,0.344853,-0.001668,-0.033977,-0.047508,0.241915,-0.362068,0.012569,0.013281,-0.029482,-0.086064,1.029664,-0.280865,-0.006214,0.004838,-0.000611,0.344358,0.250827,-0.453086,1.167571,1.569942,0.000000,0.000000,0.339163,-0.270160,0.300559,0.819016,0.025564,0.000000,0.000000
-0.195790,0.143525,0.865034,0.027601,-0.013529,0.938841,0.342976,0.014032,-0.031806,-0.051207,0.228044,-0.357250,0.013536,-0.002578,-0.030747,-0.088209,1.010786,-0.273186,-0.006013,-0.005437,-0.000225,0.330279,0.254084,-0.453518,1.147688,1.570047,0.000000,0.000000,0.350346,-0.262838,0.295957,0.825120,0.024292,0.000000,0.000000
-0.206203,0.149730,0.865961,0.026309,-0.017906,0.940669,0.337829,0.028572,-0.024779,-0.050705,0.217428,-0.356800,0.014995,-0.017717,-0.046865,-0.148686,0.993630,-0.244633,0.001942,-0.017644,0.000237,0.314171,0.267807,-0.452619,1.124872,1.570279,0.000000,0.000000,0.363046,-0.247953,0.286938,0.834628,0.005079,0.000000,0.000000
-0.213791,0.158444,0.866115,0.026077,-0.018888,0.942640,0.332256,0.039459,-0.020225,-0.055080,0.211210,-0.356407,0.016632,-0.033280,-0.044401,-0.164198,0.975150,-0.225077,0.006203,-0.032747,0.000653,0.298629,0.277222,-0.460186,1.107772,1.570450,0.000000,0.000000,0.372859,-0.238981,0.282802,0.853892,-0.007233,0.000000,0.000000
-0.221372,0.166082,0.866193,0.025445,-0.019678,0.943714,0.329194,0.049934,-0.016758,-0.054609,0.203726,-0.357087,0.017328,-0.050522,-0.039151,-0.169146,0.950532,-0.215345,0.009158,-0.045537,0.001092,0.282386,0.286314,-0.469491,1.090579,1.570641,0.000000,0.000000,0.386127,-0.226736,0.289955,0.869923,-0.015177,0.000000,0.000000
-0.227886,0.174268,0.866246,0.024532,-0.020159,0.945145,0.325104,0.059215,-0.012096,-0.055970,0.196699,-0.354996,0.018585,-0.068209,-0.030257,-0.167535,0.920550,-0.194713,0.011828,-0.057160,0.001374,0.263522,0.300307,-0.478571,1.067151,1.570800,0.000000,0.000000,0.396492,-0.231011,0.283894,0.870356,-0.040413,0.000000,0.000000
-0.234913,0.182404,0.865978,0.023734,-0.019783,0.946814,0.320295,0.067920,-0.009062,-0.060777,0.191526,-0.351049,0.019994,-0.085473,-0.026268,-0.167349,0.878044,-0.172591,0.013229,-0.068844,0.001940,0.246274,0.307804,-0.488203,1.050810,1.570800,0.000000,0.000000,0.412093,-0.217294,0.271667,0.904147,0.003087,0.000000,0.000000
-0.249463,0.183547,0.865061,0.022725,-0.018889,0.948829,0.314406,0.077728,-0.019015,-0.064142,0.186151,-0.354588,0.018164,-0.100378,-0.058844,-0.210722,0.840895,-0.231621,0.012514,-0.080379,0.002371,0.224696,0.313065,-0.497228,1.030491,1.570800,0.000000,0.000000,0.431695,-0.203677,0.278642,0.894601,0.046824,0.000000,0.000000
-0.258595,0.190415,0.864151,0.023564,-0.017884,0.950795,0.308405,0.087275,-0.021407,-0.069448,0.185285,-0.357470,0.018426,-0.113245,-0.064408,-0.219101,0.798972,-0.250742,0.012550,-0.094477,0.002730,0.204405,0.315630,-0.507976,1.014194,1.570800,0.000000,0.000000,0.439006,-0.204411,0.274918,0.901627,0.027695,0.000000,0.000000
-0.268146,0.195851,0.862881,0.025320,-0.016634,0.952868,0.301870,0.097112,-0.024909,-0.073614,0.188434,-0.361343,0.018273,-0.127214,-0.071886,-0.190475,0.751481,-0.306412,0.003909,-0.111881,0.003458,0.191505,0.312928,-0.502062,0.988075,1.570800,0.000000,0.000000,0.442770,-0.211760,0.260206,0.919797,0.007096,0.000000,0.000000
-0.274086,0.204697,0.861363,0.022148,-0.014056,0.954658,0.296546,0.099431,-0.023043,-0.075703,0.191792,-0.373498,0.018980,-0.141250,-0.068562,-0.212099,0.706547,-0.293124,0.009063,-0.126568,0.004180,0.169032,0.317489,-0.509469,0.967306,1.570800,0.000000,0.000000,0.445712,-0.210426,0.254337,0.919973,-0.023301,0.000000,0.000000
-0.280593,0.213017,0.859886,0.021125,-0.012531,0.956060,0.292142,0.102872,-0.020774,-0.077248,0.198672,-0.384309,0.019718,-0.154330,-0.067229,-0.224012,0.655115,-0.285833,0.011280,-0.140093,0.004844,0.147441,0.326504,-0.521358,0.949829,1.570800,0.000000,0.000000,0.454127,-0.207482,0.250728,0.922724,-0.036288,0.000000,0.000000
-0.288431,0.220735,0.858281,0.020037,-0.011201,0.958378,0.284578,0.106413,-0.019456,-0.084041,0.206400,-0.391650,0.021016,-0.166688,-0.069618,-0.241659,0.602298,-0.287041,0.013220,-0.155222,0.005414,0.125848,0.336313,-0.533212,0.929721,1.570800,0.000000,0.000000,0.463553,-0.204256,0.238590,0.928804,-0.040068,0.000000,0.000000
-0.296316,0.229398,0.856290,0.018544,-0.009592,0.960181,0.278596,0.110239,-0.017515,-0.089112,0.214720,-0.404319,0.022205,-0.178581,-0.070873,-0.255054,0.547103,-0.285340,0.014330,-0.169196,0.005974,0.103268,0.343964,-0.537921,0.908733,1.570800,0.000000,0.000000,0.472130,-0.203827,0.227014,0.934770,-0.039743,0.000000,0.000000
-0.304264,0.238854,0.854469,0.015743,-0.009306,0.962516,0.270607,0.113512,-0.011132,-0.092699,0.221923,-0.416876,0.024211,-0.189353,-0.067593,-0.265069,0.491258,-0.279456,0.015765,-0.185796,0.006631,0.080330,0.351775,-0.536818,0.885080,1.570800,0.000000,0.000000,0.480403,-0.203638,0.216768,0.939441,-0.037419,0.000000,0.000000
-0.312575,0.247912,0.853342,0.013752,-0.007439,0.964300,0.264352,0.117234,-0.007845,-0.097487,0.229990,-0.428654,0.025645,-0.199136,-0.067577,-0.275683,0.430477,-0.267507,0.016192,-0.201886,0.007277,0.059490,0.361065,-0.538363,0.862619,1.570800,0.000000,0.000000,0.487442,-0.204102,0.212021,0.945540,-0.033086,0.000000,0.000000
-0.321214,0.256932,0.856930,0.012701,-0.005685,0.966103,0.257781,0.121866,-0.004665,-0.100536,0.239783,-0.440798,0.026856,-0.206954,-0.069302,-0.288283,0.368410,-0.254865,0.016295,-0.216290,0.007805,0.039479,0.366779,-0.544289,0.839737,1.570800,0.000000,0.000000,0.493386,-0.203399,0.202348,0.954535,-0.029565,0.000000,0.000000
-0.329813,0.266745,0.858799,0.011707,-0.003900,0.967767,0.251544,0.126729,-0.000766,-0.102760,0.249985,-0.454989,0.028114,-0.213435,-0.070367,-0.298583,0.307014,-0.236740,0.016125,-0.229187,0.008446,0.018259,0.373788,-0.560811,0.817788,1.570800,0.000000,0.000000,0.502379,-0.198888,0.203419,0.961233,-0.041979,0.000000,0.000000
-0.338429,0.276913,0.859146,0.010766,-0.002298,0.969212,0.245983,0.131817,0.003836,-0.105253,0.260716,-0.470642,0.029566,-0.219014,-0.070043,-0.309754,0.244599,-0.204927,0.016589,-0.240069,0.008885,-0.004566,0.383755,-0.569255,0.799345,1.570800,0.000000,0.000000,0.509675,-0.197771,0.197170,0.968355,-0.056324,0.000000,0.000000
-0.347206,0.286653,0.857562,0.009779,-0.001499,0.969919,0.243228,0.137687,0.009422,-0.100091,0.272187,-0.484857,0.030183,-0.223711,-0.068989,-0.312005,0.178117,-0.170895,0.015760,-0.247575,0.009195,-0.025526,0.392797,-0.571629,0.783742,1.570800,0.000000,0.000000,0.515179,-0.199644,0.186927,0.976605,-0.067105,0.000000,0.000000
-0.356522,0.295893,0.854771,0.009080,0.000468,0.971000,0.238907,0.143330,0.012648,-0.101735,0.283727,-0.499432,0.031181,-0.228356,-0.070566,-0.318758,0.115592,-0.127710,0.015355,-0.254622,0.009503,-0.046935,0.400365,-0.579845,0.767992,1.570800,0.000000,0.000000,0.519523,-0.199888,0.175757,0.985527,-0.073063,0.000000,0.000000
-0.366150,0.305358,0.850680,0.008420,0.002695,0.971841,0.235473,0.149033,0.013955,-0.109461,0.296113,-0.515171,0.032634,-0.232564,-0.073281,-0.323015,0.053974,-0.077775,0.014612,-0.258312,0.009604,-0.065812,0.398257,-0.574840,0.747626,1.570800,0.000000,0.000000,0.522687,-0.199371,0.163932,0.994246,-0.075344,0.000000,0.000000
-0.375681,0.315006,0.845534,0.008909,0.005611,0.972613,0.232193,0.155465,0.015038,-0.108293,0.309130,-0.529264,0.032844,-0.235942,-0.077608,-0.327228,-0.002410,-0.035621,0.013590,-0.263946,0.009939,-0.084717,0.399442,-0.576023,0.729284,1.570800,0.000000,0.000000,0.528035,-0.200713,0.156800,1.001788,-0.089579,0.000000,0.000000
-0.385406,0.324320,0.844235,0.007987,0.006708,0.973476,0.228550,0.159939,0.018037,-0.105133,0.317892,-0.537658,0.033220,-0.238477,-0.079706,-0.328717,-0.017450,-0.011188,0.012986,-0.267832,0.010002,-0.096604,0.395708,-0.574466,0.720304,1.561614,0.000000,0.000000,0.530626,-0.198303,0.146193,1.009728,-0.089935,0.000000,0.000000
-0.394445,0.333466,0.844416,0.008567,0.008919,0.973697,0.227512,0.164594,0.019327,-0.103399,0.327093,-0.544600,0.033380,-0.241814,-0.082205,-0.330147,-0.017450,0.009880,0.012640,-0.270337,0.010111,-0.107881,0.393780,-0.575715,0.714047,1.554126,0.000000,0.000000,0.534030,-0.197240,0.140846,1.017967,-0.093791,0.000000,0.000000
-0.403527,0.343108,0.844624,0.007994,0.010800,0.973951,0.226362,0.169793,0.020856,-0.103321,0.337560,-0.551123,0.033878,-0.246237,-0.084687,-0.331040,-0.017450,0.032549,0.012402,-0.272526,0.010267,-0.123039,0.395303,-0.577706,0.706323,1.551925,0.000000,0.000000,0.537316,-0.198911,0.135255,1.024235,-0.104950,0.000000,0.000000
-0.413194,0.353034,0.844923,0.007356,0.013128,0.974144,0.225426,0.175347,0.022415,-0.103152,0.348784,-0.557918,0.034406,-0.250924,-0.087615,-0.332168,-0.017450,0.054907,0.012242,-0.274327,0.010419,-0.139660,0.397644,-0.578893,0.697564,1.553345,0.000000,0.000000,0.540736,-0.201252,0.129041,1.028210,-0.120368,0.000000,0.000000
-0.423708,0.362518,0.844520,0.010026,0.017162,0.973981,0.225755,0.183934,0.021688,-0.100646,0.365805,-0.568891,0.034094,-0.255744,-0.093763,-0.336286,-0.017450,0.077625,0.012070,-0.272523,0.010446,-0.158956,0.397283,-0.582014,0.685397,1.552655,0.000000,0.000000,0.545779,-0.205204,0.112361,1.034449,-0.137919,0.000000,0.000000
-0.435670,0.370719,0.843030,0.002611,0.011768,0.978123,0.207678,0.188787,0.040211,-0.127160,0.380279,-0.576427,0.043172,-0.258749,-0.109908,-0.306421,-0.017450,0.065347,0.005243,-0.295136,0.011560,-0.197744,0.405251,-0.602838,0.664088,1.554665,0.000000,0.000000,0.548104,-0.193999,0.089571,1.040289,-0.146459,0.000000,0.000000
-0.446058,0.380529,0.842912,0.005482,0.015803,0.977363,0.210908,0.194944,0.037418,-0.127192,0.392426,-0.578201,0.042793,-0.263934,-0.106682,-0.329419,-0.017450,0.071830,0.008782,-0.291768,0.011295,-0.206648,0.399951,-0.603474,0.659061,1.548616,0.000000,0.000000,0.550448,-0.197102,0.079471,1.043646,-0.147106,0.000000,0.000000
-0.455641,0.391397,0.842891,0.006823,0.018293,0.976718,0.213637,0.201049,0.035448,-0.128308,0.404778,-0.577618,0.042857,-0.267266,-0.105099,-0.335603,-0.017450,0.077375,0.010081,-0.289065,0.011205,-0.212748,0.396976,-0.600814,0.656608,1.544228,0.000000,0.000000,0.552363,-0.200020,0.066887,1.049340,-0.142175,0.000000,0.000000
-0.464920,0.402958,0.842466,0.009387,0.021283,0.975235,0.219943,0.211020,0.031501,-0.124485,0.424598,-0.575860,0.041919,-0.271430,-0.102267,-0.336270,-0.017450,0.083514,0.011113,-0.280723,0.010986,-0.217874,0.392463,-0.593079,0.654159,1.537565,0.000000,0.000000,0.552811,-0.207797,0.037448,1.065311,-0.124356,0.000000,0.000000
-0.475230,0.413558,0.842005,0.012719,0.024811,0.972921,0.229449,0.222065,0.023662,-0.114459,0.445687,-0.570993,0.038908,-0.274725,-0.101583,-0.335822,-0.017450,0.087947,0.011582,-0.262355,0.010808,-0.220276,0.386065,-0.586838,0.652977,1.529753,0.000000,0.000000,0.559833,-0.209447,0.045772,1.069412,-0.150485,0.000000,0.000000
-0.486070,0.424611,0.841399,0.012221,0.023292,0.971763,0.234488,0.229441,0.024097,-0.110281,0.460552,-0.562151,0.038913,-0.276664,-0.096120,-0.329951,-0.017450,0.087013,0.012207,-0.255042,0.010652,-0.218773,0.388595,-0.572729,0.656902,1.522278,0.000000,0.000000,0.559599,-0.209365,0.031123,1.078132,-0.147545,0.000000,0.000000
-0.497491,0.435310,0.840678,0.010770,0.020735,0.971469,0.236013,0.236360,0.029191,-0.107846,0.474859,-0.546981,0.040577,-0.278317,-0.089730,-0.323031,-0.017450,0.076232,0.012604,-0.252306,0.010737,-0.218573,0.391746,-0.566018,0.655347,1.522810,0.000000,0.000000,0.559302,-0.204432,0.038130,1.083068,-0.159759,0.000000,0.000000
-0.508917,0.447109,0.839540,0.008918,0.016979,0.970701,0.239526,0.243747,0.037180,-0.106768,0.490312,-0.526922,0.043432,-0.279671,-0.078206,-0.311175,-0.017450,0.040208,0.012564,-0.252173,0.010515,-0.213640,0.399411,-0.545633,0.658293,1.518251,0.000000,0.000000,0.552545,-0.204303,0.020303,1.095011,-0.138235,0.000000,0.000000
-0.521300,0.457632,0.839893,0.009220,0.015302,0.969624,0.243949,0.251168,0.037556,-0.104915,0.505038,-0.499988,0.043906,-0.280974,-0.072208,-0.304984,-0.002904,-0.002779,0.011970,-0.251083,0.010438,-0.203882,0.396304,-0.536670,0.657815,1.515203,0.000000,0.000000,0.550326,-0.193079,0.021510,1.117188,-0.110633,0.000000,0.000000
-0.534176,0.467708,0.842802,0.010022,0.013273,0.968148,0.249824,0.259075,0.033489,-0.104125,0.520874,-0.466176,0.043275,-0.282318,-0.067866,-0.300322,0.036646,-0.044175,0.011734,-0.245445,0.010131,-0.194042,0.395008,-0.528747,0.658254,1.510708,0.000000,0.000000,0.546462,-0.191810,0.027217,1.129867,-0.094666,0.000000,0.000000
-0.546358,0.479733,0.845750,0.009000,0.008469,0.966239,0.257351,0.266921,0.035384,-0.099061,0.536840,-0.425865,0.043758,-0.283561,-0.057169,-0.289108,0.083176,-0.084832,0.012363,-0.239542,0.009968,-0.181642,0.399610,-0.514570,0.660743,1.508014,0.000000,0.000000,0.543155,-0.193013,0.044378,1.135930,-0.093322,0.000000,0.000000
-0.558016,0.491967,0.847654,0.007730,0.002136,0.964636,0.263463,0.270210,0.042510,-0.091080,0.562117,-0.385842,0.045211,-0.283214,-0.043241,-0.275135,0.126742,-0.122178,0.013445,-0.235812,0.009835,-0.167899,0.407334,-0.497954,0.666549,1.506543,0.000000,0.000000,0.540466,-0.194490,0.076365,1.137207,-0.113254,0.000000,0.000000
-0.568760,0.505012,0.849358,0.009020,-0.001621,0.963472,0.267651,0.268514,0.049865,-0.083382,0.601583,-0.345807,0.046669,-0.279554,-0.035784,-0.251109,0.167564,-0.156311,0.011935,-0.232535,0.009515,-0.151533,0.413576,-0.479508,0.674638,1.498718,0.000000,0.000000,0.537404,-0.193954,0.092137,1.142279,-0.118551,0.000000,0.000000
-0.579516,0.516804,0.850952,0.012616,-0.003569,0.961731,0.273682,0.262989,0.053791,-0.065088,0.657346,-0.296764,0.044915,-0.274171,-0.034414,-0.225838,0.213724,-0.189055,0.009382,-0.228881,0.009032,-0.126591,0.414649,-0.456849,0.683782,1.487009,0.000000,0.000000,0.529835,-0.190499,0.077327,1.157020,-0.056089,0.000000,0.000000
-0.590883,0.528314,0.852207,0.015391,-0.004664,0.959831,0.280118,0.255243,0.052362,-0.051940,0.711272,-0.250436,0.042034,-0.267221,-0.033770,-0.204874,0.249265,-0.216827,0.007223,-0.216761,0.008723,-0.110228,0.412454,-0.447798,0.688728,1.479562,0.000000,0.000000,0.531570,-0.204708,0.125471,1.150009,-0.129612,0.000000,0.000000
-0.602391,0.540549,0.853178,0.017916,-0.005518,0.958011,0.286118,0.248007,0.052543,-0.037604,0.758115,-0.209586,0.039265,-0.258126,-0.031679,-0.190105,0.274872,-0.241836,0.005959,-0.210076,0.008432,-0.091245,0.408138,-0.436906,0.695063,1.474029,0.000000,0.000000,0.526808,-0.206949,0.131286,1.152491,-0.132775,0.000000,0.000000
-0.613457,0.552933,0.854205,0.020655,-0.005829,0.956164,0.292043,0.238314,0.052928,-0.022457,0.806806,-0.165238,0.036223,-0.246223,-0.029571,-0.175014,0.297064,-0.268648,0.004512,-0.201258,0.008123,-0.072322,0.401690,-0.427750,0.702925,1.469895,0.000000,0.000000,0.518946,-0.206912,0.130284,1.157994,-0.113699,0.000000,0.000000
-0.623718,0.565125,0.855270,0.023368,-0.006094,0.954411,0.297518,0.224994,0.055861,-0.004677,0.859328,-0.121010,0.033371,-0.231723,-0.027028,-0.161975,0.314088,-0.289608,0.003434,-0.190247,0.007705,-0.054159,0.393559,-0.421197,0.714078,1.466430,0.000000,0.000000,0.509081,-0.206822,0.123077,1.171940,-0.067889,0.000000,0.000000
-0.634265,0.576917,0.856060,0.026283,-0.006644,0.953006,0.301737,0.212904,0.058029,0.007365,0.906141,-0.084783,0.031304,-0.216788,-0.025656,-0.152528,0.327996,-0.305327,0.002610,-0.177903,0.007358,-0.040569,0.386376,-0.422705,0.727216,1.463595,0.000000,0.000000,0.502070,-0.207417,0.120747,1.181329,-0.033422,0.000000,0.000000
-0.644387,0.588693,0.857008,0.027684,-0.006849,0.951715,0.305657,0.198687,0.060211,0.016899,0.949078,-0.056125,0.029697,-0.201758,-0.023403,-0.143854,0.333929,-0.318928,0.001982,-0.163737,0.006917,-0.029472,0.377497,-0.423348,0.739313,1.442660,0.000000,0.000000,0.495736,-0.207718,0.126232,1.179574,-0.011578,0.000000,0.000000
-0.654712,0.599760,0.857977,0.029016,-0.006951,0.950392,0.309620,0.183507,0.058604,0.022871,0.986756,-0.050625,0.027741,-0.186097,-0.021325,-0.136272,0.336309,-0.328290,0.001440,-0.148059,0.006515,-0.019997,0.369799,-0.427217,0.752422,1.430202,0.000000,0.000000,0.492074,-0.207979,0.141939,1.164825,-0.010633,0.000000,0.000000
-0.664943,0.610590,0.858788,0.030962,-0.007534,0.948972,0.313746,0.167798,0.055631,0.027482,1.021169,-0.062946,0.025777,-0.168610,-0.018811,-0.128211,0.337738,-0.336915,0.000908,-0.128821,0.005970,-0.012644,0.361818,-0.434608,0.768760,1.425767,0.000000,0.000000,0.492102,-0.213373,0.176190,1.139957,-0.063747,0.000000,0.000000
-0.675217,0.620876,0.860004,0.034248,-0.005278,0.945517,0.323723,0.154749,0.043795,0.034594,1.046301,-0.087516,0.021023,-0.154045,-0.023001,-0.115435,0.337324,-0.346558,-0.001775,-0.104985,0.005078,-0.002754,0.351159,-0.433676,0.784240,1.424268,0.000000,0.000000,0.487249,-0.214318,0.167753,1.130063,-0.053890,0.000000,0.000000
-0.685137,0.632916,0.860087,0.034663,-0.007915,0.944644,0.326164,0.140625,0.045809,0.041038,1.065586,-0.117426,0.020470,-0.137730,-0.014396,-0.105283,0.337970,-0.353827,-0.001291,-0.089493,0.004706,0.008989,0.343513,-0.435108,0.802601,1.441620,0.000000,0.000000,0.480226,-0.210405,0.177018,1.129421,-0.023060,0.000000,0.000000
-0.696100,0.643089,0.861037,0.036080,-0.006799,0.944291,0.327056,0.124298,0.038809,0.035259,1.080447,-0.145998,0.019372,-0.120399,-0.013578,-0.100923,0.334698,-0.359157,-0.001689,-0.080033,0.004253,0.022348,0.330660,-0.432821,0.818905,1.455937,0.000000,0.000000,0.467737,-0.205279,0.172209,1.124345,0.040463,0.000000,0.000000
-0.707384,0.652233,0.861981,0.038318,-0.005091,0.943138,0.330147,0.108881,0.028284,0.035140,1.087460,-0.165298,0.016223,-0.103654,-0.017749,-0.090110,0.331095,-0.369857,-0.004131,-0.066615,0.003741,0.037304,0.317832,-0.432395,0.832898,1.471816,0.000000,0.000000,0.455009,-0.204254,0.174217,1.120144,0.084502,0.000000,0.000000
-0.718749,0.662681,0.862767,0.041488,-0.002657,0.941708,0.333853,0.095579,0.017934,0.038500,1.088695,-0.183378,0.012452,-0.086574,-0.023617,-0.086052,0.332389,-0.378909,-0.005908,-0.050156,0.003189,0.055996,0.303487,-0.434622,0.848564,1.485662,0.000000,0.000000,0.444771,-0.202686,0.175883,1.112174,0.108888,0.000000,0.000000
-0.729491,0.674016,0.863668,0.044000,-0.000439,0.939461,0.339819,0.082273,0.009318,0.045434,1.085402,-0.203555,0.008483,-0.068411,-0.028679,-0.082199,0.327970,-0.388718,-0.007512,-0.029467,0.002442,0.075740,0.286306,-0.435210,0.870515,1.486149,0.000000,0.000000,0.433935,-0.203267,0.178855,1.111872,0.120915,0.000000,0.000000
-0.739317,0.686184,0.864281,0.045326,-0.000394,0.937970,0.343740,0.068606,0.008653,0.053896,1.078063,-0.221555,0.006599,-0.049583,-0.027084,-0.076530,0.318076,-0.392728,-0.007958,-0.014712,0.002146,0.091755,0.281479,-0.443791,0.890038,1.542154,0.000000,0.000000,0.431668,-0.205777,0.181197,1.081322,0.122775,0.000000,0.000000
-0.749098,0.698400,0.864972,0.046307,0.000139,0.936509,0.347571,0.054744,0.007594,0.060956,1.065858,-0.239111,0.004817,-0.031240,-0.025052,-0.069525,0.306318,-0.393590,-0.008532,0.001113,0.001531,0.107464,0.275830,-0.443688,0.903562,1.562062,0.000000,0.000000,0.428084,-0.207169,0.182970,1.056135,0.132652,0.000000,0.000000
-0.759254,0.709487,0.866119,0.046868,0.003088,0.933802,0.354695,0.039698,-0.000840,0.068346,1.044725,-0.251364,0.000623,-0.014819,-0.029948,-0.061771,0.292742,-0.396430,-0.010754,0.024761,0.000628,0.123023,0.266226,-0.440951,0.913681,1.540721,0.000000,0.000000,0.419246,-0.211811,0.190518,1.035722,0.150348,0.000000,0.000000
-0.768019,0.721466,0.866013,0.046403,0.002095,0.933720,0.354977,0.024169,0.004168,0.076758,1.023292,-0.268213,0.000392,0.000814,-0.023827,-0.062470,0.283540,-0.393452,-0.009295,0.034909,0.000299,0.139084,0.259917,-0.436445,0.925971,1.539551,0.000000,0.000000,0.408828,-0.210961,0.195691,1.020954,0.167664,0.000000,0.000000
-0.776872,0.731384,0.866661,0.047252,0.004306,0.931472,0.360706,0.008227,0.000437,0.087911,0.995410,-0.285083,-0.003165,0.014466,-0.027199,-0.062559,0.274214,-0.392433,-0.010084,0.050261,-0.000301,0.155527,0.251279,-0.433097,0.940113,1.548931,0.000000,0.000000,0.395541,-0.212814,0.198910,1.009934,0.182328,0.000000,0.000000
-0.784131,0.740770,0.867152,0.046782,0.005567,0.929655,0.365408,-0.011131,-0.000792,0.098816,0.963700,-0.299808,-0.005907,0.026662,-0.027542,-0.063511,0.261757,-0.388879,-0.010043,0.066449,-0.000979,0.168817,0.243307,-0.431719,0.955626,1.566302,0.000000,0.000000,0.386512,-0.229552,0.241805,0.973228,0.054604,0.000000,0.000000
-0.790980,0.749498,0.867445,0.045833,0.006637,0.928369,0.368763,-0.029424,-0.002149,0.105610,0.931266,-0.305723,-0.007767,0.036171,-0.027584,-0.063972,0.251366,-0.385108,-0.010000,0.078443,-0.001386,0.180947,0.239366,-0.432149,0.971789,1.569981,0.000000,0.000000,0.370461,-0.239611,0.253925,0.972825,0.007692,0.000000,0.000000
-0.797666,0.758003,0.867588,0.044280,0.007377,0.927200,0.371866,-0.048876,-0.003388,0.111596,0.893649,-0.310841,-0.009350,0.045090,-0.026768,-0.063447,0.240639,-0.379999,-0.009908,0.091082,-0.001815,0.190512,0.237613,-0.433257,0.986635,1.570331,0.000000,0.000000,0.353580,-0.246519,0.264478,0.953321,-0.020314,0.000000,0.000000
-0.805006,0.766588,0.867475,0.042685,0.007604,0.925639,0.375915,-0.067150,-0.003964,0.118370,0.851179,-0.317824,-0.010778,0.053939,-0.025864,-0.060301,0.231372,-0.378151,-0.010175,0.106735,-0.002378,0.200737,0.235291,-0.434286,1.003175,1.570278,0.000000,0.000000,0.344466,-0.251007,0.276192,0.900080,-0.008055,0.000000,0.000000
-0.812989,0.775254,0.867205,0.041073,0.008138,0.924208,0.379587,-0.083290,-0.005216,0.123707,0.804174,-0.322417,-0.011946,0.062655,-0.025746,-0.060209,0.224308,-0.373600,-0.010191,0.120392,-0.003016,0.214720,0.229742,-0.429584,1.017730,1.570131,0.000000,0.000000,0.333641,-0.251254,0.277794,0.865136,0.031475,0.000000,0.000000
-0.821336,0.783968,0.866698,0.039511,0.008464,0.921919,0.385268,-0.097327,-0.005610,0.132745,0.752297,-0.321432,-0.013464,0.071203,-0.026087,-0.056377,0.219479,-0.370037,-0.010852,0.133961,-0.003696,0.229055,0.223149,-0.418644,1.032801,1.549324,0.000000,0.000000,0.319558,-0.256884,0.288772,0.839915,0.049333,0.000000,0.000000
-0.830137,0.792455,0.866116,0.037595,0.008951,0.919952,0.390122,-0.110265,-0.007648,0.139414,0.693175,-0.318335,-0.014729,0.079293,-0.026369,-0.049872,0.214383,-0.364576,-0.011910,0.145988,-0.004267,0.242087,0.216604,-0.406190,1.049524,1.519928,0.000000,0.000000,0.303862,-0.263505,0.298550,0.821133,0.068948,0.000000,0.000000
-0.839174,0.801227,0.865430,0.035654,0.009729,0.918199,0.394391,-0.121780,-0.011003,0.141751,0.627476,-0.310861,-0.015257,0.087275,-0.027255,-0.046578,0.210117,-0.355700,-0.012668,0.156647,-0.004716,0.255343,0.211714,-0.396191,1.065931,1.502145,0.000000,0.000000,0.288166,-0.269851,0.307492,0.802720,0.090695,0.000000,0.000000
-0.847569,0.811076,0.864416,0.033312,0.010230,0.916015,0.399628,-0.131671,-0.009779,0.155525,0.559588,-0.308778,-0.016417,0.095224,-0.027187,-0.047451,0.206263,-0.353481,-0.012560,0.168055,-0.005259,0.267752,0.207949,-0.384332,1.084259,1.506709,0.000000,0.000000,0.271106,-0.276594,0.317693,0.783891,0.094676,0.000000,0.000000
-0.856432,0.820376,0.863254,0.030731,0.010574,0.913457,0.405635,-0.141051,-0.008553,0.164674,0.487503,-0.310086,-0.016279,0.103364,-0.028009,-0.048209,0.201608,-0.356979,-0.012650,0.181400,-0.005901,0.279094,0.204129,-0.369431,1.100918,1.511942,0.000000,0.000000,0.251698,-0.284802,0.329650,0.766570,0.083233,0.000000,0.000000
-0.865794,0.827538,0.861599,0.028505,0.010340,0.910362,0.412700,-0.150955,-0.009791,0.165429,0.420794,-0.292852,-0.015437,0.108022,-0.030651,-0.044065,0.206152,-0.362007,-0.013910,0.196771,-0.006588,0.290676,0.202030,-0.355258,1.114111,1.508549,0.000000,0.000000,0.230978,-0.294269,0.344192,0.751873,0.074439,0.000000,0.000000
-0.874820,0.835188,0.859595,0.025153,0.010360,0.906889,0.420491,-0.161023,-0.009220,0.177103,0.349874,-0.276791,-0.015787,0.111007,-0.032916,-0.038396,0.211393,-0.372302,-0.015267,0.213122,-0.007237,0.301959,0.198636,-0.339176,1.125479,1.507727,0.000000,0.000000,0.210735,-0.300123,0.357645,0.735616,0.070495,0.000000,0.000000
-0.883772,0.843643,0.858613,0.021723,0.009645,0.903781,0.427335,-0.169981,-0.006265,0.192464,0.279636,-0.257145,-0.016015,0.114463,-0.033327,-0.033069,0.218192,-0.385326,-0.016117,0.227119,-0.007859,0.314259,0.198865,-0.323600,1.133995,1.513709,0.000000,0.000000,0.191362,-0.305873,0.368795,0.720452,0.066419,0.000000,0.000000
-0.892399,0.852546,0.859476,0.017932,0.008730,0.901254,0.432832,-0.178607,-0.001517,0.205944,0.207137,-0.231563,-0.015401,0.117980,-0.031952,-0.027184,0.225291,-0.397162,-0.016637,0.238245,-0.008403,0.326889,0.202245,-0.310500,1.140950,1.533872,0.000000,0.000000,0.170417,-0.312828,0.374197,0.702894,0.065393,0.000000,0.000000
-0.901120,0.861524,0.858259,0.014357,0.008070,0.898525,0.438613,-0.186067,0.002894,0.219085,0.136764,-0.200224,-0.014903,0.121470,-0.031608,-0.021091,0.232314,-0.406381,-0.017462,0.248838,-0.008964,0.339448,0.204570,-0.301633,1.147486,1.563983,0.000000,0.000000,0.149913,-0.318991,0.380170,0.684512,0.069668,0.000000,0.000000
-0.910209,0.870602,0.855341,0.011701,0.007862,0.895156,0.445531,-0.191646,0.006902,0.226500,0.069228,-0.152718,-0.014135,0.125520,-0.033922,-0.015233,0.240409,-0.410832,-0.018950,0.260703,-0.009537,0.350042,0.205331,-0.298402,1.155468,1.568463,0.000000,0.000000,0.128685,-0.324689,0.391066,0.663071,0.073007,0.000000,0.000000
-0.919227,0.879928,0.850530,0.009650,0.006816,0.892973,0.449955,-0.196525,0.011600,0.232553,0.002928,-0.109505,-0.013082,0.130795,-0.034840,-0.013569,0.250978,-0.418118,-0.019492,0.268477,-0.010033,0.360437,0.207307,-0.295274,1.165312,1.569205,0.000000,0.000000,0.107362,-0.329993,0.401880,0.637097,0.074907,0.000000,0.000000
-0.928845,0.889202,0.849010,0.007763,0.006608,0.890029,0.455791,-0.200668,0.014788,0.237855,-0.017450,-0.079845,-0.012724,0.134748,-0.037978,-0.012647,0.258787,-0.426965,-0.020433,0.275567,-0.010376,0.369309,0.210771,-0.298746,1.172761,1.569308,0.000000,0.000000,0.092899,-0.335540,0.408945,0.620605,0.080642,0.000000,0.000000
-0.938675,0.898635,0.849481,0.005501,0.005768,0.887825,0.460112,-0.206125,0.018194,0.243325,-0.017450,-0.050875,-0.012796,0.139034,-0.039266,-0.006909,0.267309,-0.437949,-0.021583,0.281735,-0.010660,0.378270,0.215373,-0.305067,1.180606,1.569337,0.000000,0.000000,0.078578,-0.341122,0.414328,0.607595,0.090582,0.000000,0.000000
-0.948809,0.908230,0.849715,0.003607,0.004857,0.885295,0.464990,-0.211873,0.021623,0.251352,-0.017450,-0.020263,-0.013453,0.143630,-0.041072,-0.001209,0.276513,-0.449685,-0.022880,0.287881,-0.010929,0.387629,0.219780,-0.308657,1.188057,1.569354,0.000000,0.000000,0.063490,-0.346282,0.418791,0.593977,0.097979,0.000000,0.000000
-0.959438,0.917780,0.849061,0.002972,0.004288,0.882899,0.469534,-0.218605,0.025651,0.258753,-0.017450,0.008042,-0.014080,0.150605,-0.045887,0.002876,0.290488,-0.463638,-0.024768,0.295264,-0.011501,0.402441,0.224301,-0.312869,1.198236,1.569360,0.000000,0.000000,0.041073,-0.353978,0.427410,0.573992,0.080356,0.000000,0.000000
-0.969963,0.927722,0.848653,0.002234,0.003764,0.880713,0.473630,-0.223548,0.029143,0.263074,-0.017450,0.028310,-0.014377,0.156830,-0.050662,0.005518,0.302949,-0.472798,-0.026462,0.299815,-0.011940,0.415393,0.225131,-0.315111,1.208356,1.569357,0.000000,0.000000,0.022970,-0.360336,0.436072,0.558540,0.057961,0.000000,0.000000
-0.980320,0.937732,0.848294,0.001398,0.003296,0.878917,0.476961,-0.228052,0.031881,0.266315,-0.017450,0.042392,-0.014590,0.163085,-0.054953,0.009223,0.315526,-0.479537,-0.028238,0.302715,-0.012133,0.427648,0.223962,-0.314626,1.220386,1.569338,0.000000,0.000000,0.006731,-0.363181,0.442086,0.546237,0.054803,0.000000,0.000000
-0.990752,0.947676,0.847990,0.000300,0.003097,0.877521,0.479528,-0.232893,0.032839,0.270166,-0.017450,0.053887,-0.015192,0.169613,-0.059161,0.013799,0.328727,-0.484432,-0.030208,0.304084,-0.012147,0.439097,0.220873,-0.311330,1.233085,1.569311,0.000000,0.000000,-0.009991,-0.364281,0.443477,0.535926,0.072258,0.000000,0.000000
-1.001265,0.957547,0.847864,-0.001242,0.003358,0.875907,0.482467,-0.237669,0.033103,0.271957,-0.017450,0.062195,-0.015629,0.175641,-0.063527,0.020120,0.341168,-0.486763,-0.032565,0.305745,-0.012311,0.448410,0.216599,-0.307425,1.245088,1.569287,0.000000,0.000000,-0.028512,-0.369645,0.441049,0.525201,0.085876,0.000000,0.000000
-1.012130,0.967482,0.847527,-0.002424,0.003571,0.874490,0.485025,-0.242480,0.032826,0.271725,-0.017450,0.066262,-0.015862,0.181944,-0.068480,0.027261,0.354191,-0.485570,-0.035345,0.309486,-0.012489,0.457317,0.211337,-0.306950,1.260285,1.569253,0.000000,0.000000,-0.040945,-0.373063,0.446877,0.518038,0.095331,0.000000,0.000000
-1.023163,0.977485,0.846979,-0.003179,0.003943,0.873601,0.486616,-0.247294,0.030901,0.271693,-0.017450,0.066712,-0.016345,0.188265,-0.073556,0.032902,0.367204,-0.480464,-0.038067,0.311532,-0.012626,0.465215,0.206916,-0.308858,1.275171,1.569224,0.000000,0.000000,-0.051666,-0.377341,0.450056,0.512713,0.094073,0.000000,0.000000
-1.034325,0.987455,0.846247,-0.003281,0.003409,0.873753,0.486347,-0.251607,0.028854,0.269072,-0.017450,0.068291,-0.016562,0.194862,-0.076899,0.035925,0.380700,-0.473475,-0.039995,0.310694,-0.012621,0.472226,0.204221,-0.311667,1.289963,1.569213,0.000000,0.000000,-0.060425,-0.382118,0.447209,0.509295,0.084915,0.000000,0.000000
-1.045537,0.997587,0.845298,-0.002794,0.002339,0.874666,0.484713,-0.255462,0.026436,0.265547,-0.017450,0.068290,-0.016780,0.202327,-0.078450,0.038099,0.395939,-0.463927,-0.041415,0.308425,-0.012474,0.479401,0.202887,-0.314053,1.305014,1.569215,0.000000,0.000000,-0.065169,-0.386067,0.439831,0.506193,0.074666,0.000000,0.000000
-1.057170,1.007737,0.844798,-0.003410,0.002732,0.875829,0.482601,-0.259288,0.021586,0.259428,-0.017450,0.060394,-0.016920,0.209337,-0.079720,0.041477,0.410578,-0.446936,-0.043114,0.304893,-0.012287,0.483356,0.202394,-0.318470,1.320540,1.569243,0.000000,0.000000,-0.067736,-0.391099,0.430069,0.501702,0.066791,0.000000,0.000000
-1.068996,1.017986,0.844075,-0.003147,0.003604,0.877222,0.480061,-0.261728,0.015203,0.252094,-0.017450,0.046232,-0.016993,0.216155,-0.081410,0.043290,0.424671,-0.422300,-0.044785,0.302030,-0.012114,0.484928,0.201583,-0.322634,1.336656,1.569276,0.000000,0.000000,-0.066615,-0.396018,0.416646,0.497020,0.062603,0.000000,0.000000
-1.081068,1.028301,0.843554,-0.002932,0.006258,0.877467,0.479588,-0.262731,0.007475,0.243765,-0.017450,0.023681,-0.016909,0.221530,-0.086714,0.045678,0.435714,-0.397782,-0.047546,0.302058,-0.012075,0.484850,0.196719,-0.329104,1.352751,1.569288,0.000000,0.000000,-0.063770,-0.402882,0.402156,0.492449,0.060137,0.000000,0.000000
-1.093064,1.038913,0.843524,-0.003442,0.007830,0.878470,0.477721,-0.262018,0.003560,0.222980,-0.017450,-0.008021,-0.014018,0.226664,-0.089822,0.046731,0.446245,-0.364980,-0.049497,0.300128,-0.011973,0.483708,0.191931,-0.341303,1.367174,1.569287,0.000000,0.000000,-0.059498,-0.410267,0.388157,0.488252,0.057773,0.000000,0.000000
-1.104812,1.049337,0.845381,-0.004163,0.008591,0.880517,0.473919,-0.261155,0.000154,0.201530,-0.001175,-0.041675,-0.011186,0.228643,-0.089742,0.045789,0.465595,-0.328693,-0.050147,0.295740,-0.011655,0.482350,0.185564,-0.354491,1.380439,1.569289,0.000000,0.000000,-0.051630,-0.414833,0.373631,0.483825,0.058380,0.000000,0.000000
-1.116309,1.060173,0.848331,-0.004377,0.008725,0.882658,0.469915,-0.260069,-0.002788,0.186087,0.028847,-0.072933,-0.009568,0.228183,-0.088513,0.040760,0.493088,-0.289101,-0.049705,0.291948,-0.011232,0.482854,0.178199,-0.366562,1.394141,1.569290,0.000000,0.000000,-0.032864,-0.409344,0.366396,0.483871,0.070064,0.000000,0.000000
-1.127760,1.070876,0.851089,-0.004796,0.008742,0.884890,0.465693,-0.258557,-0.004186,0.170553,0.059056,-0.103331,-0.007865,0.225228,-0.086275,0.035591,0.526239,-0.243914,-0.048793,0.285091,-0.010853,0.482127,0.173140,-0.377131,1.406421,1.569308,0.000000,0.000000,-0.016834,-0.403629,0.357939,0.482136,0.077670,0.000000,0.000000
-1.139451,1.081398,0.853475,-0.004132,0.008070,0.887125,0.461441,-0.256260,-0.005018,0.155818,0.093268,-0.133053,-0.006331,0.221043,-0.084076,0.030353,0.566603,-0.191021,-0.047700,0.275926,-0.010580,0.480285,0.172166,-0.385910,1.416880,1.569343,0.000000,0.000000,-0.007009,-0.408453,0.344071,0.483908,0.071557,0.000000,0.000000
-1.150924,1.092405,0.855459,-0.002874,0.007059,0.889524,0.456825,-0.253289,-0.005243,0.142794,0.130800,-0.165212,-0.004973,0.215811,-0.080950,0.023786,0.611538,-0.137471,-0.045737,0.263293,-0.010100,0.476144,0.175325,-0.390803,1.424385,1.569401,0.000000,0.000000,0.002267,-0.413368,0.319178,0.481174,0.060212,0.000000,0.000000
-1.162593,1.103403,0.857009,-0.001516,0.005727,0.892273,0.451456,-0.249451,-0.005379,0.129834,0.167290,-0.194853,-0.003614,0.209233,-0.078017,0.014749,0.656454,-0.085146,-0.043016,0.251000,-0.009577,0.472638,0.179966,-0.398746,1.429486,1.569435,0.000000,0.000000,0.019161,-0.411051,0.298728,0.477083,0.054248,0.000000,0.000000
-1.174519,1.114232,0.858179,-0.000080,0.004496,0.895192,0.445657,-0.244335,-0.006605,0.115594,0.200675,-0.217457,-0.002331,0.201179,-0.075527,0.004912,0.701234,-0.034910,-0.040017,0.240465,-0.009141,0.471164,0.182461,-0.411097,1.432981,1.569462,0.000000,0.000000,0.044915,-0.401135,0.294114,0.480110,0.064012,0.000000,0.000000
-1.186882,1.124410,0.858902,0.001927,0.003318,0.897847,0.440291,-0.237461,-0.009630,0.101495,0.230885,-0.235256,-0.001419,0.192007,-0.075697,-0.005010,0.747057,0.018286,-0.037607,0.228842,-0.008773,0.469610,0.183855,-0.418906,1.432755,1.569475,0.000000,0.000000,0.064999,-0.396261,0.286936,0.487719,0.073986,0.000000,0.000000
-1.199833,1.134157,0.859343,0.004112,0.002484,0.900109,0.435638,-0.228393,-0.014185,0.088858,0.257731,-0.250051,-0.000972,0.181929,-0.080885,-0.018529,0.793855,0.076967,-0.035823,0.216738,-0.008347,0.468219,0.183316,-0.423035,1.429186,1.569471,0.000000,0.000000,0.084354,-0.391606,0.281862,0.496014,0.083003,0.000000,0.000000
-1.213243,1.143721,0.859590,0.006041,0.002061,0.902135,0.431406,-0.217548,-0.019571,0.078121,0.277748,-0.264122,-0.000841,0.171569,-0.088410,-0.032115,0.837209,0.124595,-0.034666,0.203913,-0.007905,0.465418,0.182339,-0.426492,1.424821,1.569459,0.000000,0.000000,0.102220,-0.388988,0.276918,0.504930,0.085424,0.000000,0.000000
-1.226685,1.153026,0.859707,0.008256,0.001667,0.904156,0.427119,-0.204667,-0.025470,0.067860,0.292357,-0.276322,-0.000818,0.161034,-0.095493,-0.042612,0.878147,0.151811,-0.034008,0.189955,-0.007395,0.461578,0.181827,-0.431063,1.419735,1.569456,0.000000,0.000000,0.117329,-0.388968,0.273309,0.516948,0.084128,0.000000,0.000000
-1.240116,1.162119,0.859969,0.009731,0.001185,0.906156,0.422829,-0.190671,-0.031435,0.057422,0.300018,-0.286896,-0.000727,0.149874,-0.102028,-0.054360,0.913854,0.157614,-0.033264,0.176258,-0.006857,0.457785,0.181644,-0.436820,1.411724,1.569445,0.000000,0.000000,0.132756,-0.386486,0.276734,0.533462,0.085725,0.000000,0.000000
-1.253120,1.171253,0.860265,0.011094,0.000563,0.908451,0.417843,-0.175297,-0.037350,0.046055,0.302405,-0.300928,-0.000437,0.137900,-0.105600,-0.063745,0.945174,0.143750,-0.032392,0.160337,-0.006236,0.451378,0.181450,-0.443753,1.402729,1.569415,0.000000,0.000000,0.147420,-0.382079,0.280099,0.551070,0.090685,0.000000,0.000000
-1.265878,1.180628,0.860562,0.012673,-0.000432,0.910646,0.412994,-0.158648,-0.042221,0.034312,0.303242,-0.313861,0.000122,0.125737,-0.107295,-0.071322,0.971394,0.118525,-0.031532,0.143293,-0.005537,0.443752,0.180624,-0.448226,1.391886,1.569404,0.000000,0.000000,0.163091,-0.373808,0.281017,0.568032,0.099138,0.000000,0.000000
-1.278580,1.190397,0.860845,0.014335,-0.001575,0.912668,0.408447,-0.140443,-0.045910,0.023288,0.304291,-0.320834,0.000759,0.113495,-0.108379,-0.078275,0.992979,0.088025,-0.030737,0.125754,-0.004821,0.435272,0.180322,-0.449760,1.380974,1.569390,0.000000,0.000000,0.179902,-0.364289,0.282925,0.587171,0.113489,0.000000,0.000000
-1.291116,1.200554,0.861160,0.015719,-0.002635,0.914754,0.403696,-0.121861,-0.048487,0.013201,0.302727,-0.324674,0.001473,0.101439,-0.107814,-0.083156,1.008420,0.053505,-0.029894,0.107610,-0.004187,0.426033,0.182548,-0.449784,1.367175,1.569391,0.000000,0.000000,0.194787,-0.357358,0.288925,0.607009,0.117918,0.000000,0.000000
-1.303903,1.210584,0.861517,0.016743,-0.003503,0.916838,0.398894,-0.102574,-0.051446,0.003683,0.296691,-0.329352,0.002036,0.089035,-0.108093,-0.089862,1.018644,0.016627,-0.029005,0.089637,-0.003565,0.415851,0.186316,-0.451659,1.349404,1.569394,0.000000,0.000000,0.210751,-0.349526,0.297354,0.628557,0.117928,0.000000,0.000000
-1.316985,1.220354,0.861837,0.017819,-0.004423,0.918821,0.394247,-0.083062,-0.054476,-0.004233,0.288674,-0.331877,0.002368,0.076891,-0.109712,-0.097283,1.023536,-0.014289,-0.028297,0.072541,-0.002915,0.405545,0.188947,-0.452364,1.330067,1.569403,0.000000,0.000000,0.227944,-0.338695,0.307193,0.651008,0.122902,0.000000,0.000000
-1.330281,1.229833,0.862082,0.019043,-0.005445,0.920998,0.389064,-0.062768,-0.057278,-0.012116,0.279800,-0.332678,0.002732,0.065019,-0.111836,-0.105866,1.022503,-0.042595,-0.027452,0.054762,-0.002336,0.394816,0.193551,-0.453341,1.309068,1.569423,0.000000,0.000000,0.244609,-0.328953,0.316191,0.674638,0.119897,0.000000,0.000000
-1.343233,1.239497,0.862399,0.019767,-0.006361,0.923371,0.383346,-0.043030,-0.058614,-0.022240,0.268681,-0.332407,0.003761,0.053359,-0.112082,-0.114722,1.014834,-0.070603,-0.025917,0.036827,-0.001707,0.382586,0.201042,-0.453723,1.286433,1.569481,0.000000,0.000000,0.260927,-0.320629,0.317687,0.697599,0.114335,0.000000,0.000000
-1.355492,1.249476,0.862851,0.019887,-0.007465,0.925645,0.377797,-0.023625,-0.057743,-0.033258,0.255359,-0.330325,0.005424,0.041200,-0.109029,-0.122455,1.001986,-0.103471,-0.023522,0.019339,-0.001117,0.368806,0.209533,-0.451963,1.262145,1.569559,0.000000,0.000000,0.277323,-0.313002,0.319023,0.718022,0.096272,0.000000,0.000000
-1.367408,1.259103,0.863257,0.019765,-0.008258,0.927596,0.372971,-0.005460,-0.057104,-0.044452,0.240801,-0.324448,0.007083,0.028579,-0.105710,-0.127963,0.985956,-0.131283,-0.021328,0.003547,-0.000559,0.354341,0.217649,-0.451877,1.237461,1.569658,0.000000,0.000000,0.292769,-0.305806,0.320385,0.735631,0.081171,0.000000,0.000000
-1.378968,1.268100,0.863517,0.019160,-0.008505,0.929767,0.367552,0.011554,-0.057431,-0.055487,0.225220,-0.316693,0.008518,0.014645,-0.103212,-0.136940,0.964975,-0.152454,-0.018567,-0.010890,-0.000026,0.337224,0.226622,-0.454115,1.210632,1.569780,0.000000,0.000000,0.308465,-0.298251,0.319271,0.755131,0.064429,0.000000,0.000000
-1.390049,1.276544,0.863572,0.018391,-0.008508,0.933208,0.358765,0.025999,-0.057398,-0.066829,0.212632,-0.308931,0.010111,0.000677,-0.100706,-0.150481,0.940378,-0.172170,-0.014788,-0.025792,0.000553,0.318910,0.237732,-0.459847,1.181802,1.569949,0.000000,0.000000,0.325771,-0.289028,0.308968,0.774425,0.053244,0.000000,0.000000
-1.400480,1.284618,0.863526,0.017449,-0.008341,0.935812,0.351968,0.039112,-0.057557,-0.078570,0.200512,-0.299843,0.011744,-0.014989,-0.098310,-0.157653,0.912211,-0.195551,-0.012245,-0.041331,0.001179,0.299523,0.249483,-0.462739,1.153058,1.570143,0.000000,0.000000,0.341773,-0.280351,0.295665,0.792414,0.068985,0.000000,0.000000
-1.410064,1.292639,0.863523,0.016227,-0.008198,0.937975,0.346227,0.050781,-0.056999,-0.088179,0.187991,-0.288381,0.013268,-0.031566,-0.095373,-0.163455,0.881244,-0.217116,-0.009787,-0.054681,0.001579,0.280498,0.258551,-0.464316,1.127683,1.570351,0.000000,0.000000,0.353546,-0.274319,0.299049,0.820091,0.018578,0.000000,0.000000
-1.418808,1.300865,0.863362,0.014643,-0.008004,0.940091,0.340515,0.060356,-0.054829,-0.093678,0.178613,-0.280938,0.014580,-0.048380,-0.091364,-0.169992,0.845272,-0.224004,-0.006864,-0.069080,0.002232,0.259678,0.268527,-0.463577,1.101789,1.570585,0.000000,0.000000,0.366335,-0.265930,0.285070,0.841242,0.043207,0.000000,0.000000
-1.427839,1.308722,0.862999,0.013396,-0.007699,0.942071,0.335058,0.069695,-0.053346,-0.096366,0.170898,-0.274558,0.015323,-0.064541,-0.089772,-0.179330,0.807183,-0.229204,-0.004174,-0.081335,0.002701,0.238285,0.279018,-0.469485,1.078355,1.570800,0.000000,0.000000,0.377974,-0.260810,0.278854,0.870784,0.036665,0.000000,0.000000
-1.436903,1.316612,0.862324,0.012062,-0.006949,0.944071,0.329447,0.078620,-0.052650,-0.096323,0.165021,-0.268354,0.015479,-0.080028,-0.088647,-0.190265,0.764821,-0.235019,-0.001411,-0.092431,0.003210,0.215823,0.287949,-0.473986,1.053340,1.570800,0.000000,0.000000,0.390723,-0.255173,0.274818,0.897569,0.019445,0.000000,0.000000
-1.444892,1.324527,0.861420,0.010384,-0.006167,0.946587,0.322222,0.084896,-0.050631,-0.097959,0.164365,-0.265091,0.016226,-0.095643,-0.084028,-0.195845,0.714003,-0.248800,0.001052,-0.104541,0.003752,0.190362,0.298272,-0.475335,1.025712,1.570800,0.000000,0.000000,0.403136,-0.248570,0.273347,0.921601,0.003961,0.000000,0.000000
-1.451863,1.331963,0.860104,0.008506,-0.004298,0.948842,0.315607,0.087644,-0.049911,-0.099916,0.168551,-0.266928,0.016699,-0.112344,-0.080366,-0.201582,0.657821,-0.272932,0.002907,-0.118114,0.004322,0.162112,0.310723,-0.478822,0.999872,1.570800,0.000000,0.000000,0.413398,-0.242386,0.267990,0.945785,-0.003856,0.000000,0.000000
-1.459738,1.339398,0.858514,0.006062,-0.002055,0.951240,0.308386,0.089873,-0.049787,-0.103287,0.173216,-0.270205,0.017249,-0.127597,-0.080038,-0.217915,0.604166,-0.273815,0.005750,-0.132603,0.004886,0.133815,0.321824,-0.487472,0.976708,1.570800,0.000000,0.000000,0.422247,-0.235925,0.258933,0.968892,-0.009856,0.000000,0.000000
-1.467466,1.347785,0.856752,0.003390,0.000479,0.954024,0.299709,0.091900,-0.048720,-0.110364,0.178143,-0.274478,0.018599,-0.141530,-0.078256,-0.237713,0.545439,-0.268648,0.009303,-0.148326,0.005498,0.105784,0.328774,-0.496418,0.953998,1.570800,0.000000,0.000000,0.431633,-0.228021,0.246995,0.990597,-0.016078,0.000000,0.000000
-1.475165,1.356436,0.854849,0.000856,0.003095,0.956747,0.290904,0.093991,-0.047356,-0.119091,0.183415,-0.279007,0.020286,-0.154158,-0.076366,-0.248989,0.480558,-0.266799,0.010754,-0.163725,0.006138,0.076916,0.334333,-0.504893,0.932188,1.570800,0.000000,0.000000,0.440658,-0.220137,0.236984,1.013692,-0.024536,0.000000,0.000000
-1.482928,1.365584,0.856041,-0.001102,0.005715,0.959237,0.282544,0.096513,-0.045691,-0.129998,0.189985,-0.283884,0.022400,-0.165544,-0.074957,-0.256937,0.416580,-0.261570,0.011216,-0.178297,0.006726,0.047813,0.340217,-0.514705,0.911121,1.570800,0.000000,0.000000,0.450700,-0.211736,0.232771,1.036285,-0.039189,0.000000,0.000000
-1.491130,1.375029,0.861717,-0.003514,0.008387,0.961719,0.273888,0.099005,-0.043340,-0.140120,0.196513,-0.290146,0.024573,-0.175810,-0.073605,-0.268889,0.352203,-0.253562,0.012089,-0.191970,0.007269,0.019488,0.343782,-0.522671,0.889764,1.570800,0.000000,0.000000,0.462067,-0.197389,0.230258,1.057911,-0.049729,0.000000,0.000000
-1.499908,1.384454,0.865588,-0.006314,0.010727,0.964107,0.265221,0.101829,-0.040122,-0.146857,0.203426,-0.299194,0.026441,-0.184908,-0.071804,-0.282302,0.283495,-0.237081,0.013016,-0.205469,0.007727,-0.010733,0.349596,-0.529894,0.868011,1.570800,0.000000,0.000000,0.470093,-0.193810,0.220140,1.075774,-0.066184,0.000000,0.000000
-1.508734,1.394054,0.867548,-0.008707,0.013199,0.966193,0.257336,0.105130,-0.037353,-0.152268,0.211089,-0.309696,0.027984,-0.192398,-0.070697,-0.290908,0.212516,-0.214029,0.012901,-0.217858,0.008217,-0.040600,0.355620,-0.539781,0.847791,1.570800,0.000000,0.000000,0.478937,-0.189684,0.213323,1.094175,-0.079454,0.000000,0.000000
-1.517860,1.403757,0.867509,-0.010206,0.016019,0.967694,0.251410,0.109712,-0.035869,-0.154870,0.220821,-0.321997,0.028790,-0.199353,-0.071522,-0.296511,0.142019,-0.181927,0.011995,-0.228100,0.008679,-0.069233,0.361489,-0.547829,0.830120,1.570800,0.000000,0.000000,0.487589,-0.183655,0.208225,1.115302,-0.086291,0.000000,0.000000
-1.527515,1.413700,0.865738,-0.011944,0.017716,0.969397,0.244566,0.114555,-0.032222,-0.157227,0.231279,-0.334607,0.030124,-0.206321,-0.071364,-0.303302,0.081843,-0.141049,0.011941,-0.239194,0.009022,-0.095110,0.364504,-0.549832,0.813753,1.570800,0.000000,0.000000,0.495018,-0.177306,0.202382,1.133101,-0.090752,0.000000,0.000000
-1.537323,1.423157,0.862352,-0.011753,0.019677,0.970615,0.239545,0.120737,-0.030584,-0.162933,0.244667,-0.348660,0.031482,-0.213252,-0.073947,-0.310412,0.025764,-0.099755,0.011493,-0.246207,0.009272,-0.121984,0.366229,-0.556155,0.797119,1.570595,0.000000,0.000000,0.504251,-0.174989,0.197025,1.148743,-0.097682,0.000000,0.000000
-1.547143,1.433109,0.858785,-0.012255,0.021403,0.971911,0.234054,0.126138,-0.028206,-0.168562,0.256719,-0.362308,0.033036,-0.220178,-0.074940,-0.319001,-0.017450,-0.063907,0.011735,-0.253303,0.009596,-0.146972,0.370889,-0.563856,0.778620,1.570800,0.000000,0.000000,0.514111,-0.172974,0.193439,1.160065,-0.106042,0.000000,0.000000
-1.557386,1.442970,0.859023,-0.013396,0.023195,0.973294,0.227995,0.131277,-0.025127,-0.171983,0.267993,-0.376526,0.034431,-0.227020,-0.076944,-0.326671,-0.017450,-0.027887,0.012357,-0.260181,0.009797,-0.171419,0.372600,-0.567252,0.757379,1.570800,0.000000,0.000000,0.524406,-0.169616,0.190473,1.170886,-0.117273,0.000000,0.000000
-1.567787,1.452450,0.859067,-0.014353,0.024939,0.974546,0.222334,0.136711,-0.022167,-0.174371,0.279632,-0.390720,0.035648,-0.233394,-0.080966,-0.330907,-0.017450,0.002545,0.012422,-0.266917,0.010048,-0.196932,0.374244,-0.570975,0.732397,1.565745,0.000000,0.000000,0.534433,-0.166015,0.187757,1.181450,-0.132704,0.000000,0.000000
-1.578375,1.461843,0.858779,-0.014618,0.026736,0.975620,0.217343,0.142931,-0.020111,-0.177847,0.292944,-0.404225,0.036815,-0.239971,-0.086407,-0.334809,-0.017450,0.030383,0.012292,-0.273977,0.010442,-0.222657,0.383039,-0.581055,0.709817,1.570800,0.000000,0.000000,0.543796,-0.163490,0.181498,1.193198,-0.146148,0.000000,0.000000
-1.589347,1.471394,0.858261,-0.014486,0.028959,0.976750,0.211924,0.150104,-0.018855,-0.181674,0.308208,-0.417038,0.037898,-0.247291,-0.093555,-0.339467,-0.017450,0.055967,0.012006,-0.280467,0.010686,-0.249175,0.390889,-0.591920,0.685678,1.570800,0.000000,0.000000,0.555095,-0.159586,0.169395,1.202635,-0.153025,0.000000,0.000000
-1.600123,1.481660,0.857133,-0.014097,0.029847,0.977449,0.208574,0.157865,-0.015926,-0.183415,0.324694,-0.430228,0.039167,-0.254746,-0.098253,-0.341265,-0.017450,0.074290,0.011845,-0.285086,0.010763,-0.272931,0.392430,-0.598102,0.663932,1.564228,0.000000,0.000000,0.565661,-0.155183,0.162624,1.212279,-0.158315,0.000000,0.000000
-1.611015,1.492476,0.856008,-0.013720,0.030956,0.977952,0.206067,0.165875,-0.011907,-0.184346,0.341725,-0.443577,0.040626,-0.262312,-0.101496,-0.341407,-0.017450,0.085900,0.011670,-0.287828,0.010663,-0.292749,0.386008,-0.597532,0.645668,1.530548,0.000000,0.000000,0.576679,-0.149669,0.156788,1.221785,-0.166356,0.000000,0.000000
-1.622006,1.503195,0.854942,-0.012411,0.032198,0.978244,0.204569,0.173703,-0.008703,-0.183864,0.357793,-0.452530,0.041677,-0.267972,-0.104063,-0.341585,-0.017450,0.092860,0.011458,-0.291673,0.010966,-0.309481,0.389355,-0.601825,0.631056,1.533094,0.000000,0.000000,0.584472,-0.148702,0.148790,1.230630,-0.169975,0.000000,0.000000
-1.633467,1.513847,0.853848,-0.011461,0.033044,0.978605,0.202754,0.182026,-0.004509,-0.182878,0.374944,-0.460565,0.042988,-0.273250,-0.106293,-0.341605,-0.017450,0.095647,0.011204,-0.293520,0.011014,-0.324669,0.392279,-0.601109,0.619330,1.537365,0.000000,0.000000,0.591689,-0.146786,0.136989,1.240961,-0.172806,0.000000,0.000000
-1.645101,1.524412,0.852487,-0.010824,0.033480,0.978857,0.201498,0.190567,-0.000567,-0.184900,0.393120,-0.468657,0.044752,-0.279350,-0.107461,-0.340312,-0.017450,0.092069,0.010851,-0.292881,0.010892,-0.338764,0.393857,-0.591306,0.609281,1.524419,0.000000,0.000000,0.597558,-0.143923,0.123803,1.251974,-0.177607,0.000000,0.000000
-1.656963,1.535113,0.851468,-0.011186,0.033516,0.978881,0.201354,0.197731,0.002494,-0.189669,0.408913,-0.472147,0.046768,-0.284804,-0.106450,-0.337214,-0.017450,0.084988,0.010565,-0.293125,0.010801,-0.346183,0.392859,-0.581615,0.602517,1.501531,0.000000,0.000000,0.600964,-0.142057,0.120902,1.260807,-0.186113,0.000000,0.000000
-1.668697,1.546168,0.850441,-0.011594,0.032757,0.978896,0.201381,0.204307,0.006229,-0.194745,0.423757,-0.471345,0.049128,-0.289264,-0.103094,-0.332273,-0.017450,0.078022,0.010537,-0.294947,0.010830,-0.352761,0.392817,-0.571750,0.593123,1.484308,0.000000,0.000000,0.601021,-0.142393,0.123141,1.270482,-0.199330,0.000000,0.000000
-1.680422,1.557132,0.849293,-0.012522,0.031183,0.978949,0.201318,0.210635,0.011535,-0.199267,0.438334,-0.465818,0.051976,-0.293444,-0.098380,-0.326170,-0.017450,0.062934,0.010429,-0.298619,0.010970,-0.357198,0.396214,-0.559818,0.585075,1.470652,0.000000,0.000000,0.598905,-0.141804,0.125056,1.280561,-0.208699,0.000000,0.000000
-1.692325,1.567621,0.847950,-0.014133,0.028947,0.978802,0.202260,0.216416,0.016434,-0.204192,0.451822,-0.454094,0.054875,-0.297577,-0.092641,-0.319268,-0.017450,0.031019,0.009908,-0.302753,0.011108,-0.358535,0.403447,-0.548177,0.577516,1.461767,0.000000,0.000000,0.595943,-0.141572,0.130039,1.287818,-0.215452,0.000000,0.000000
-1.704591,1.577774,0.848568,-0.015204,0.027618,0.978130,0.205592,0.222066,0.017569,-0.207504,0.464191,-0.439576,0.056390,-0.301760,-0.087823,-0.313324,0.000136,-0.011309,0.009186,-0.304846,0.011132,-0.355505,0.409530,-0.535303,0.569904,1.454322,0.000000,0.000000,0.592484,-0.143795,0.137425,1.293273,-0.221750,0.000000,0.000000
-1.717303,1.588126,0.851529,-0.015475,0.027215,0.977124,0.210355,0.228850,0.015540,-0.210241,0.478571,-0.421056,0.056946,-0.306831,-0.083765,-0.307855,0.044100,-0.062909,0.008544,-0.305659,0.011056,-0.347837,0.414413,-0.517835,0.560637,1.444213,0.000000,0.000000,0.586799,-0.147884,0.142771,1.299454,-0.222890,0.000000,0.000000
-1.730522,1.599117,0.854638,-0.016046,0.026654,0.975801,0.216438,0.235909,0.011958,-0.212559,0.493324,-0.398724,0.056953,-0.312405,-0.079842,-0.302286,0.098466,-0.116284,0.008261,-0.303838,0.010978,-0.336428,0.418920,-0.497751,0.551845,1.434612,0.000000,0.000000,0.580402,-0.152304,0.146990,1.303138,-0.217375,0.000000,0.000000
-1.744174,1.610184,0.856714,-0.016913,0.024986,0.974978,0.220245,0.242586,0.011139,-0.211803,0.507301,-0.366487,0.057249,-0.317307,-0.076957,-0.297953,0.153307,-0.164013,0.008290,-0.304259,0.011013,-0.322263,0.423273,-0.478687,0.543269,1.427787,0.000000,0.000000,0.573741,-0.155790,0.153772,1.305030,-0.210594,0.000000,0.000000
-1.757977,1.621734,0.857921,-0.017489,0.022674,0.973903,0.225153,0.250348,0.010615,-0.206242,0.522341,-0.316020,0.056750,-0.320601,-0.074380,-0.286211,0.208614,-0.205112,0.007691,-0.303862,0.011077,-0.303585,0.427136,-0.457977,0.534669,1.421911,0.000000,0.000000,0.565588,-0.158376,0.161713,1.306498,-0.196314,0.000000,0.000000
-1.771138,1.635257,0.858477,-0.017416,0.020840,0.972439,0.231572,0.257236,0.011441,-0.198862,0.535256,-0.269383,0.056053,-0.320308,-0.071171,-0.264581,0.254263,-0.240077,0.006032,-0.298659,0.010987,-0.282319,0.428446,-0.439909,0.527125,1.416256,0.000000,0.000000,0.558038,-0.159768,0.173553,1.308290,-0.187797,0.000000,0.000000
-1.784410,1.648486,0.858434,-0.017170,0.018706,0.970581,0.239431,0.261536,0.011715,-0.185475,0.556528,-0.222156,0.053802,-0.316688,-0.066159,-0.238993,0.293049,-0.278953,0.004094,-0.289514,0.010727,-0.257393,0.429649,-0.421130,0.519055,1.407433,0.000000,0.000000,0.550076,-0.162501,0.182759,1.306651,-0.180347,0.000000,0.000000
-1.797350,1.661423,0.857928,-0.016248,0.016892,0.968184,0.249140,0.260585,0.009271,-0.167175,0.592071,-0.171015,0.049441,-0.310013,-0.059432,-0.210850,0.326301,-0.326697,0.001857,-0.277162,0.010404,-0.225365,0.431775,-0.400043,0.507684,1.395313,0.000000,0.000000,0.541713,-0.168240,0.191757,1.302531,-0.175577,0.000000,0.000000
-1.810789,1.674069,0.857659,-0.015446,0.016418,0.966410,0.256016,0.256121,0.006295,-0.151722,0.630141,-0.130455,0.045247,-0.301119,-0.055222,-0.191061,0.351759,-0.365190,0.000183,-0.266087,0.010112,-0.197880,0.430694,-0.385299,0.499680,1.385508,0.000000,0.000000,0.531294,-0.171862,0.194009,1.297108,-0.165651,0.000000,0.000000
-1.823732,1.686685,0.857457,-0.013859,0.017181,0.964749,0.262243,0.246496,0.003187,-0.132868,0.677418,-0.087116,0.040208,-0.289222,-0.053096,-0.174277,0.374454,-0.403765,-0.001467,-0.253631,0.009781,-0.166196,0.427180,-0.373295,0.488127,1.372733,0.000000,0.000000,0.519941,-0.175190,0.189454,1.285607,-0.139998,0.000000,0.000000
-1.836744,1.699296,0.857102,-0.012620,0.017763,0.963434,0.267060,0.235752,0.001968,-0.114859,0.722816,-0.050714,0.035929,-0.276503,-0.052073,-0.162479,0.393850,-0.433984,-0.002621,-0.242371,0.009544,-0.140014,0.423394,-0.368011,0.480969,1.357603,0.000000,0.000000,0.509359,-0.178548,0.183043,1.270767,-0.116560,0.000000,0.000000
-1.848696,1.712393,0.856747,-0.011853,0.018146,0.961978,0.272265,0.221831,0.004086,-0.094916,0.769908,-0.016805,0.032406,-0.262486,-0.049752,-0.150485,0.406786,-0.461036,-0.003584,-0.230825,0.009293,-0.113487,0.417257,-0.361244,0.479605,1.342574,0.000000,0.000000,0.500870,-0.180192,0.184742,1.258425,-0.100769,0.000000,0.000000
-1.859713,1.726007,0.856377,-0.011545,0.018081,0.960560,0.277245,0.205211,0.010547,-0.074894,0.818805,0.026649,0.030130,-0.247124,-0.045124,-0.140672,0.414544,-0.483280,-0.003884,-0.218180,0.008959,-0.086745,0.409010,-0.354104,0.486550,1.329127,0.000000,0.000000,0.493130,-0.180650,0.190794,1.242371,-0.081572,0.000000,0.000000
-1.871418,1.738689,0.856232,-0.011543,0.018094,0.958746,0.283454,0.189671,0.009949,-0.062038,0.855638,0.027723,0.027472,-0.232021,-0.040741,-0.133951,0.415909,-0.500341,-0.003866,-0.204238,0.008523,-0.065930,0.404128,-0.351314,0.497399,1.323257,0.000000,0.000000,0.485197,-0.183393,0.195654,1.221883,-0.060531,0.000000,0.000000
-1.883131,1.751421,0.856340,-0.012134,0.018592,0.956847,0.289743,0.172017,0.007489,-0.050679,0.890752,0.008749,0.024760,-0.214678,-0.036356,-0.127310,0.411419,-0.518553,-0.003894,-0.187028,0.008027,-0.047281,0.400719,-0.351715,0.509936,1.329093,0.000000,0.000000,0.477220,-0.185840,0.198078,1.196412,-0.038098,0.000000,0.000000
-1.894900,1.764187,0.856557,-0.013072,0.018618,0.955312,0.294723,0.153629,0.005817,-0.042396,0.919816,-0.024441,0.023001,-0.195705,-0.031468,-0.120791,0.401084,-0.535718,-0.003841,-0.169183,0.007414,-0.029757,0.392025,-0.352935,0.522597,1.329958,0.000000,0.000000,0.467854,-0.185561,0.200751,1.170658,-0.013869,0.000000,0.000000
-1.906683,1.777148,0.857068,-0.013712,0.018645,0.953573,0.300272,0.134269,0.003821,-0.034648,0.944889,-0.066156,0.021331,-0.174013,-0.026422,-0.114771,0.384995,-0.546860,-0.003699,-0.147323,0.006669,-0.012680,0.382064,-0.353805,0.537663,1.334482,0.000000,0.000000,0.457335,-0.187513,0.204922,1.142428,0.007716,0.000000,0.000000
-1.918570,1.790694,0.857928,-0.014848,0.019164,0.951521,0.306627,0.115317,0.001067,-0.027768,0.961746,-0.106293,0.019547,-0.151799,-0.021396,-0.107348,0.363065,-0.550910,-0.003693,-0.125273,0.006023,0.002547,0.378786,-0.362250,0.556215,1.358148,0.000000,0.000000,0.446067,-0.191918,0.207261,1.115972,0.023270,0.000000,0.000000
-1.930961,1.804401,0.858892,-0.016059,0.019543,0.949204,0.313643,0.096769,-0.001902,-0.020344,0.971585,-0.143268,0.017519,-0.127882,-0.016517,-0.097740,0.335904,-0.552554,-0.003950,-0.100910,0.005160,0.019713,0.370393,-0.372649,0.583152,1.372264,0.000000,0.000000,0.434523,-0.194337,0.209301,1.090139,0.041023,0.000000,0.000000
-1.944047,1.818271,0.859894,-0.017125,0.020100,0.946698,0.321037,0.079493,-0.006332,-0.013833,0.973518,-0.174994,0.015107,-0.102806,-0.012486,-0.084268,0.306127,-0.547491,-0.004756,-0.076010,0.004173,0.039176,0.354422,-0.380830,0.616182,1.370449,0.000000,0.000000,0.423089,-0.194381,0.213413,1.061725,0.064724,0.000000,0.000000
-1.957333,1.832603,0.860690,-0.018045,0.020694,0.943431,0.330431,0.063805,-0.010786,-0.003711,0.967263,-0.204983,0.011905,-0.077573,-0.008747,-0.066532,0.275998,-0.538947,-0.006075,-0.049841,0.003213,0.059742,0.337933,-0.380597,0.649030,1.378832,0.000000,0.000000,0.410817,-0.196136,0.220888,1.031135,0.089256,0.000000,0.000000
-1.970484,1.847180,0.861269,-0.018716,0.021906,0.940978,0.337239,0.048243,-0.013049,0.005586,0.955597,-0.233710,0.009465,-0.052631,-0.006579,-0.053828,0.246682,-0.531427,-0.007078,-0.024830,0.002350,0.078013,0.330380,-0.386461,0.675317,1.404332,0.000000,0.000000,0.397923,-0.199784,0.223208,1.001169,0.106838,0.000000,0.000000
-1.983762,1.861188,0.861719,-0.018871,0.023795,0.938970,0.342655,0.032194,-0.017101,0.011193,0.941004,-0.256153,0.007146,-0.028439,-0.007605,-0.045552,0.219748,-0.521117,-0.008154,0.001257,0.001407,0.095292,0.327001,-0.391912,0.700456,1.431182,0.000000,0.000000,0.386512,-0.203600,0.219102,0.971464,0.123679,0.000000,0.000000
-1.997216,1.874205,0.861894,-0.018875,0.025794,0.936984,0.347907,0.015370,-0.023569,0.013874,0.923990,-0.268763,0.004658,-0.005747,-0.011336,-0.039541,0.196127,-0.510064,-0.009480,0.025893,0.000374,0.117709,0.311831,-0.407307,0.728267,1.431627,0.000000,0.000000,0.375411,-0.206107,0.216941,0.941803,0.136848,0.000000,0.000000
-2.009354,1.886525,0.861772,-0.019609,0.027506,0.934643,0.353979,-0.003630,-0.027904,0.020507,0.903643,-0.281137,0.002066,0.014177,-0.014450,-0.030757,0.173992,-0.498795,-0.011064,0.050030,-0.000518,0.138039,0.300039,-0.416302,0.762235,1.423973,0.000000,0.000000,0.361067,-0.211461,0.216101,0.910818,0.144561,0.000000,0.000000
-2.019788,1.897995,0.861611,-0.021361,0.029202,0.931660,0.361525,-0.024858,-0.030164,0.031843,0.878682,-0.299851,-0.000803,0.029864,-0.016133,-0.022877,0.152375,-0.483220,-0.012337,0.074181,-0.001451,0.156850,0.292151,-0.420772,0.794171,1.421048,0.000000,0.000000,0.343912,-0.217009,0.215656,0.878653,0.151585,0.000000,0.000000
-2.028816,1.908846,0.861273,-0.024248,0.030480,0.928420,0.369485,-0.048428,-0.030046,0.043693,0.849432,-0.314521,-0.003003,0.042203,-0.015588,-0.017682,0.131096,-0.464821,-0.012917,0.097413,-0.002352,0.175403,0.287081,-0.422425,0.824927,1.430315,0.000000,0.000000,0.326463,-0.221122,0.215514,0.840298,0.155975,0.000000,0.000000
-2.037074,1.919142,0.860605,-0.027713,0.031217,0.925357,0.376793,-0.073516,-0.028512,0.051459,0.816938,-0.321945,-0.003892,0.052553,-0.013412,-0.015472,0.112295,-0.445338,-0.012861,0.118448,-0.003273,0.192808,0.285573,-0.424567,0.857635,1.452813,0.000000,0.000000,0.308004,-0.224496,0.216693,0.799703,0.155314,0.000000,0.000000
-2.044081,1.927584,0.859396,-0.031750,0.031462,0.922704,0.382909,-0.101082,-0.026200,0.056718,0.781713,-0.324756,-0.003985,0.057250,-0.010241,-0.013920,0.104887,-0.427330,-0.012557,0.138482,-0.004232,0.208828,0.284948,-0.428351,0.886481,1.467608,0.000000,0.000000,0.286226,-0.228523,0.217605,0.761060,0.155429,0.000000,0.000000
-2.050375,1.935425,0.857848,-0.035874,0.031474,0.920193,0.388545,-0.130064,-0.021620,0.057772,0.744880,-0.326681,-0.002556,0.058411,-0.006690,-0.011635,0.105480,-0.410033,-0.012277,0.157086,-0.005205,0.226972,0.282672,-0.430164,0.911575,1.464580,0.000000,0.000000,0.263095,-0.232333,0.219553,0.724665,0.154804,0.000000,0.000000
-2.058106,1.943285,0.855861,-0.040528,0.031204,0.917303,0.394891,-0.157020,-0.017428,0.058293,0.701396,-0.325091,-0.001168,0.059409,-0.003961,-0.006571,0.107326,-0.398749,-0.012477,0.176194,-0.006127,0.247331,0.280663,-0.427582,0.934757,1.465575,0.000000,0.000000,0.240653,-0.235647,0.219415,0.687226,0.154806,0.000000,0.000000
-2.066623,1.951900,0.853431,-0.044995,0.030730,0.914032,0.401965,-0.179962,-0.011991,0.065939,0.651267,-0.326668,-0.000824,0.061253,-0.001746,-0.003960,0.111043,-0.396217,-0.012421,0.195939,-0.007074,0.268404,0.280417,-0.423493,0.953249,1.474023,0.000000,0.000000,0.218996,-0.240178,0.220073,0.648348,0.153926,0.000000,0.000000
-2.076381,1.961098,0.850519,-0.049238,0.030055,0.910151,0.410240,-0.200241,-0.006739,0.072949,0.595042,-0.330081,-0.000293,0.064151,-0.000666,-0.000569,0.116894,-0.397149,-0.012678,0.217549,-0.008161,0.291961,0.283081,-0.420880,0.966972,1.485485,0.000000,0.000000,0.195777,-0.250947,0.225174,0.605807,0.138144,0.000000,0.000000
-2.087113,1.971132,0.847084,-0.052965,0.028946,0.905951,0.419058,-0.217092,-0.000938,0.086096,0.540512,-0.326902,-0.000715,0.068352,-0.000638,0.002769,0.125396,-0.401508,-0.013139,0.238949,-0.009198,0.317598,0.288246,-0.418108,0.976781,1.500628,0.000000,0.000000,0.174716,-0.264713,0.230055,0.561528,0.115568,0.000000,0.000000
-2.098726,1.981569,0.843330,-0.055827,0.027867,0.901431,0.428403,-0.231462,0.003794,0.100354,0.485135,-0.318203,-0.001448,0.073653,-0.002746,0.008087,0.136138,-0.406664,-0.014318,0.259928,-0.010125,0.346316,0.292816,-0.414844,0.984555,1.506858,0.000000,0.000000,0.155093,-0.274460,0.229170,0.518125,0.113140,0.000000,0.000000
-2.110771,1.992392,0.851491,-0.058320,0.026942,0.896757,0.437836,-0.244382,0.008721,0.111796,0.426479,-0.308843,-0.001455,0.079385,-0.005919,0.016468,0.147900,-0.406459,-0.016195,0.280896,-0.010988,0.377415,0.297818,-0.413292,0.988729,1.510948,0.000000,0.000000,0.136131,-0.279588,0.224269,0.471835,0.136756,0.000000,0.000000
-2.123029,2.003329,0.858756,-0.060781,0.025892,0.892493,0.446198,-0.256320,0.014229,0.122791,0.367272,-0.298369,-0.001131,0.085253,-0.008771,0.025325,0.160047,-0.404233,-0.018156,0.302257,-0.012046,0.407319,0.304563,-0.411199,0.987009,1.512703,0.000000,0.000000,0.115432,-0.291180,0.221423,0.420438,0.146814,0.000000,0.000000
-2.135685,2.014135,0.863904,-0.062737,0.025071,0.889509,0.451895,-0.267595,0.018449,0.130429,0.309167,-0.284371,-0.000508,0.091663,-0.011617,0.033370,0.173300,-0.407570,-0.020034,0.321270,-0.013066,0.438493,0.313332,-0.411377,0.979604,1.511825,0.000000,0.000000,0.092267,-0.311496,0.220283,0.370383,0.131772,0.000000,0.000000
-2.148479,2.025172,0.866992,-0.064254,0.024577,0.886465,0.457654,-0.277693,0.021768,0.139294,0.253688,-0.269761,-0.000199,0.098345,-0.015626,0.040108,0.187130,-0.415260,-0.022001,0.336101,-0.013759,0.472225,0.321941,-0.410545,0.969303,1.511798,0.000000,0.000000,0.069650,-0.327749,0.218309,0.326268,0.132667,0.000000,0.000000
-2.160879,2.037042,0.868535,-0.066082,0.023960,0.880821,0.468202,-0.286931,0.028723,0.154815,0.199727,-0.256668,0.000066,0.104531,-0.021341,0.050854,0.200250,-0.426761,-0.024883,0.351385,-0.014350,0.510887,0.325183,-0.399246,0.955244,1.511072,0.000000,0.000000,0.050536,-0.333365,0.222919,0.281217,0.153281,0.000000,0.000000
-2.173182,2.049147,0.868394,-0.067353,0.023297,0.876491,0.476115,-0.296239,0.036868,0.165412,0.151817,-0.245340,0.001212,0.111375,-0.026052,0.060482,0.214632,-0.438491,-0.027439,0.365170,-0.015030,0.550298,0.328406,-0.385011,0.940116,1.505469,0.000000,0.000000,0.031466,-0.340957,0.227960,0.240366,0.164986,0.000000,0.000000
-2.185321,2.061517,0.866983,-0.068391,0.022327,0.872543,0.483211,-0.306021,0.045794,0.176725,0.110344,-0.236018,0.002385,0.118937,-0.030013,0.069866,0.230606,-0.449180,-0.029892,0.376539,-0.015668,0.591348,0.332568,-0.368321,0.923136,1.500835,0.000000,0.000000,0.009601,-0.351165,0.230238,0.198995,0.164232,0.000000,0.000000
-2.197185,2.074090,0.864660,-0.069457,0.021234,0.868424,0.490474,-0.316630,0.054627,0.192311,0.076014,-0.231330,0.003158,0.126566,-0.033885,0.079335,0.246904,-0.459047,-0.032430,0.387223,-0.016222,0.633179,0.335712,-0.348927,0.902467,1.496525,0.000000,0.000000,-0.014584,-0.361265,0.233870,0.155385,0.153818,0.000000,0.000000
-2.208711,2.086895,0.861966,-0.070574,0.020101,0.864199,0.497770,-0.327519,0.063485,0.210238,0.049935,-0.229047,0.003768,0.134020,-0.037590,0.088254,0.262847,-0.469948,-0.034881,0.396369,-0.016668,0.674125,0.337145,-0.330065,0.879745,1.490317,0.000000,0.000000,-0.038461,-0.368162,0.238509,0.113710,0.143534,0.000000,0.000000
-2.220423,2.099758,0.859242,-0.071769,0.019197,0.860362,0.504241,-0.338746,0.070917,0.228430,0.031077,-0.227116,0.004181,0.141304,-0.041477,0.098142,0.278700,-0.481710,-0.037546,0.403181,-0.016875,0.713326,0.338244,-0.311577,0.855215,1.481337,0.000000,0.000000,-0.060573,-0.369901,0.239513,0.074205,0.148497,0.000000,0.000000
-2.232294,2.112590,0.856802,-0.072878,0.018248,0.856851,0.510061,-0.350326,0.076934,0.246173,0.020226,-0.225427,0.004405,0.148570,-0.045191,0.108618,0.294729,-0.493814,-0.040305,0.410476,-0.017212,0.751589,0.340681,-0.293171,0.831300,1.473948,0.000000,0.000000,-0.080237,-0.375491,0.241626,0.039444,0.152312,0.000000,0.000000
-2.244127,2.125357,0.854765,-0.073665,0.017368,0.853200,0.516063,-0.362147,0.082251,0.263970,0.017833,-0.225716,0.004493,0.156163,-0.050224,0.116816,0.311336,-0.504890,-0.043153,0.419263,-0.017668,0.788943,0.343668,-0.276620,0.807655,1.467800,0.000000,0.000000,-0.100435,-0.386224,0.245851,0.008767,0.141531,0.000000,0.000000
-2.255854,2.138279,0.853589,-0.074721,0.017002,0.849643,0.521760,-0.373730,0.086636,0.280113,0.023415,-0.226840,0.004415,0.163197,-0.055551,0.124006,0.326709,-0.511006,-0.046034,0.427690,-0.018000,0.822282,0.346705,-0.263565,0.784260,1.462170,0.000000,0.000000,-0.117193,-0.396270,0.250694,-0.017012,0.127149,0.000000,0.000000
-2.268071,2.150956,0.853523,-0.076236,0.016061,0.846823,0.526137,-0.383866,0.091707,0.288511,0.035600,-0.228095,0.004799,0.169625,-0.059490,0.130743,0.340817,-0.512619,-0.048593,0.434415,-0.018150,0.850850,0.349325,-0.253872,0.763511,1.454792,0.000000,0.000000,-0.128768,-0.401832,0.252120,-0.038456,0.121232,0.000000,0.000000
-2.280996,2.163370,0.854289,-0.077945,0.014934,0.844780,0.529195,-0.393556,0.096195,0.291174,0.054589,-0.228814,0.005226,0.176031,-0.062813,0.136819,0.354882,-0.510141,-0.051054,0.440801,-0.018284,0.876265,0.351420,-0.246282,0.744603,1.448592,0.000000,0.000000,-0.136704,-0.406296,0.250545,-0.058263,0.119273,0.000000,0.000000
-2.294293,2.175786,0.855779,-0.079712,0.014412,0.843040,0.531716,-0.403388,0.099274,0.291073,0.082327,-0.229491,0.005234,0.182825,-0.067169,0.140449,0.369594,-0.502739,-0.053630,0.448601,-0.018518,0.900643,0.352499,-0.238389,0.725591,1.441271,0.000000,0.000000,-0.142246,-0.414484,0.246585,-0.078529,0.113938,0.000000,0.000000
-2.307868,2.188339,0.857810,-0.081781,0.013973,0.841888,0.533237,-0.412243,0.100577,0.289293,0.115918,-0.231808,0.004769,0.189504,-0.071053,0.141090,0.383576,-0.487680,-0.055777,0.455139,-0.018747,0.921247,0.352658,-0.231395,0.709180,1.432907,0.000000,0.000000,-0.143750,-0.426216,0.241716,-0.096222,0.099474,0.000000,0.000000
-2.321934,2.201293,0.860195,-0.084749,0.013543,0.841851,0.532842,-0.420353,0.100110,0.286213,0.154118,-0.236986,0.003970,0.195864,-0.072730,0.142318,0.396774,-0.463838,-0.057594,0.457869,-0.018729,0.937522,0.351358,-0.225412,0.695037,1.424696,0.000000,0.000000,-0.140224,-0.434509,0.234734,-0.113101,0.087608,0.000000,0.000000
-2.335143,2.215478,0.862313,-0.087634,0.013356,0.841873,0.532346,-0.427657,0.100845,0.284331,0.200276,-0.248377,0.003007,0.202433,-0.073069,0.137063,0.409639,-0.426875,-0.058176,0.457994,-0.018558,0.951553,0.355917,-0.214406,0.678085,1.414131,0.000000,0.000000,-0.129828,-0.440672,0.227457,-0.133801,0.100572,0.000000,0.000000
-2.348817,2.230421,0.863885,-0.090886,0.012328,0.843113,0.529857,-0.433815,0.102765,0.283644,0.252950,-0.267711,0.002004,0.209307,-0.070142,0.131826,0.422920,-0.374651,-0.057971,0.454233,-0.018469,0.961468,0.357249,-0.204219,0.662579,1.409279,0.000000,0.000000,-0.114922,-0.445950,0.216721,-0.151503,0.111881,0.000000,0.000000
-2.362514,2.245908,0.864340,-0.093840,0.010944,0.844916,0.526490,-0.438179,0.106146,0.284514,0.309756,-0.294358,0.001100,0.213875,-0.065079,0.124178,0.443264,-0.309890,-0.056650,0.447920,-0.018358,0.967327,0.355748,-0.194629,0.651704,1.409346,0.000000,0.000000,-0.094553,-0.450530,0.204877,-0.163490,0.107693,0.000000,0.000000
-2.376915,2.261137,0.863189,-0.096294,0.009832,0.846714,0.523170,-0.441610,0.108407,0.284784,0.368514,-0.334003,0.000347,0.214226,-0.061060,0.113483,0.473679,-0.227605,-0.054873,0.440095,-0.018137,0.969481,0.350532,-0.186190,0.643407,1.408937,0.000000,0.000000,-0.064378,-0.451975,0.192512,-0.174868,0.096482,0.000000,0.000000
-2.391989,2.276414,0.861315,-0.098471,0.009626,0.848460,0.519929,-0.441367,0.107623,0.283921,0.414989,-0.373256,-0.000332,0.210350,-0.059786,0.100907,0.510591,-0.148341,-0.052959,0.432055,-0.017738,0.965328,0.343409,-0.182998,0.638042,1.406498,0.000000,0.000000,-0.028403,-0.446333,0.182791,-0.186565,0.117294,0.000000,0.000000
-2.407664,2.291729,0.858737,-0.099807,0.009824,0.850593,0.516172,-0.437964,0.104381,0.282382,0.455774,-0.409452,-0.001131,0.203189,-0.059479,0.090520,0.553638,-0.075408,-0.051173,0.422835,-0.017428,0.957020,0.338035,-0.183253,0.635958,1.406450,0.000000,0.000000,0.012997,-0.445437,0.172644,-0.191590,0.136729,0.000000,0.000000
-2.424195,2.307084,0.855255,-0.100264,0.010203,0.853373,0.511466,-0.431574,0.098582,0.279825,0.495369,-0.442345,-0.002296,0.193351,-0.058592,0.084921,0.602965,-0.011039,-0.049605,0.411420,-0.017048,0.947258,0.333559,-0.183285,0.635504,1.411387,0.000000,0.000000,0.058520,-0.444924,0.163912,-0.189814,0.141063,0.000000,0.000000
-2.442081,2.321806,0.850703,-0.099834,0.010269,0.856743,0.505885,-0.422398,0.090043,0.274099,0.534993,-0.476522,-0.003558,0.181053,-0.059069,0.079699,0.660738,0.050455,-0.048023,0.397771,-0.016527,0.936931,0.328631,-0.182261,0.634393,1.415561,0.000000,0.000000,0.107503,-0.445031,0.156866,-0.179059,0.134782,0.000000,0.000000
-2.461628,2.335560,0.845396,-0.098405,0.009524,0.861074,0.498775,-0.409421,0.080292,0.258959,0.573094,-0.510026,-0.003916,0.166986,-0.061909,0.071907,0.726265,0.110749,-0.046151,0.381482,-0.015838,0.925697,0.325469,-0.180801,0.634286,1.417245,0.000000,0.000000,0.158617,-0.444972,0.152778,-0.162617,0.127398,0.000000,0.000000
-2.482921,2.349327,0.839327,-0.096627,0.008989,0.865687,0.491089,-0.394098,0.068456,0.239080,0.608854,-0.537459,-0.004204,0.153738,-0.066900,0.066212,0.792706,0.162957,-0.044811,0.364925,-0.015071,0.912402,0.321999,-0.180997,0.633374,1.414614,0.000000,0.000000,0.210837,-0.444244,0.155617,-0.141382,0.132877,0.000000,0.000000
-2.504014,2.362792,0.833184,-0.093514,0.009069,0.871633,0.481071,-0.375958,0.053934,0.214347,0.637415,-0.563577,-0.004178,0.139239,-0.067412,0.063725,0.859617,0.178844,-0.042986,0.343823,-0.014109,0.896970,0.318602,-0.184296,0.632103,1.406470,0.000000,0.000000,0.265208,-0.441902,0.157066,-0.117633,0.153768,0.000000,0.000000
-2.525084,2.376311,0.826770,-0.089656,0.009677,0.878292,0.469543,-0.354663,0.036842,0.185166,0.661151,-0.589495,-0.003882,0.123184,-0.065668,0.062331,0.931921,0.167575,-0.041076,0.316651,-0.012937,0.878764,0.315974,-0.189866,0.628285,1.393162,0.000000,0.000000,0.320395,-0.439766,0.153944,-0.089193,0.174765,0.000000,0.000000
-2.545490,2.390093,0.821075,-0.085554,0.010425,0.884907,0.457724,-0.331728,0.020257,0.156290,0.677307,-0.600514,-0.003574,0.105773,-0.062180,0.061025,1.003251,0.142115,-0.039148,0.288222,-0.011696,0.858156,0.313207,-0.197732,0.624156,1.380425,0.000000,0.000000,0.374132,-0.437500,0.154078,-0.055632,0.182469,0.000000,0.000000
-2.565021,2.403434,0.816436,-0.080407,0.011947,0.891950,0.444766,-0.304633,0.001676,0.125797,0.682777,-0.601629,-0.003415,0.083770,-0.060105,0.053734,1.082180,0.106206,-0.036897,0.256918,-0.010254,0.832494,0.308375,-0.210778,0.622407,1.368810,0.000000,0.000000,0.431984,-0.431099,0.159872,-0.014853,0.186465,0.000000,0.000000
-2.585321,2.418428,0.811247,-0.076457,0.012334,0.898081,0.432957,-0.279067,-0.011668,0.098903,0.691432,-0.601569,-0.002701,0.065327,-0.055891,0.049596,1.142269,0.078721,-0.034766,0.228718,-0.008870,0.804466,0.305693,-0.221943,0.616792,1.365950,0.000000,0.000000,0.483478,-0.422949,0.166942,0.028763,0.187791,0.000000,0.000000
-2.605419,2.432963,0.806898,-0.070629,0.013209,0.905101,0.419082,-0.248373,-0.026097,0.067142,0.692145,-0.601460,-0.001395,0.044944,-0.055409,0.037339,1.206851,0.049517,-0.032337,0.197331,-0.007328,0.770628,0.304144,-0.237202,0.614898,1.363967,0.000000,0.000000,0.535770,-0.414851,0.168844,0.079505,0.188734,0.000000,0.000000
-2.625954,2.448679,0.802586,-0.065554,0.013416,0.910948,0.407059,-0.216867,-0.037261,0.041308,0.690825,-0.601761,-0.000263,0.026186,-0.055525,0.025488,1.259064,0.033800,-0.030021,0.167785,-0.005865,0.733829,0.302903,-0.253280,0.612749,1.362355,0.000000,0.000000,0.584756,-0.406370,0.171449,0.130011,0.191526,0.000000,0.000000
-2.646524,2.465540,0.798510,-0.060796,0.012550,0.916082,0.396157,-0.183342,-0.044284,0.021621,0.686569,-0.602670,0.000830,0.008484,-0.053639,0.014580,1.301648,0.026435,-0.027320,0.138462,-0.004408,0.694632,0.305719,-0.268325,0.609482,1.366987,0.000000,0.000000,0.631410,-0.398581,0.178755,0.180409,0.195160,0.000000,0.000000
-2.667808,2.482822,0.794610,-0.056289,0.010510,0.920989,0.385356,-0.147444,-0.048487,0.005102,0.679193,-0.604322,0.002072,-0.008276,-0.050808,0.003480,1.337084,0.022620,-0.024387,0.108983,-0.002994,0.654351,0.310657,-0.280283,0.603931,1.377232,0.000000,0.000000,0.676875,-0.390662,0.186763,0.230152,0.200725,0.000000,0.000000
-2.689743,2.500079,0.791247,-0.052230,0.007481,0.925469,0.375131,-0.110951,-0.049962,-0.010704,0.668409,-0.606690,0.003869,-0.024618,-0.048341,-0.007531,1.365175,0.018814,-0.021674,0.080984,-0.001677,0.616182,0.314478,-0.286809,0.593172,1.389576,0.000000,0.000000,0.720594,-0.382640,0.195706,0.276679,0.206556,0.000000,0.000000
-2.711074,2.517480,0.788174,-0.048418,0.003397,0.929631,0.365282,-0.075024,-0.046652,-0.026068,0.657328,-0.609695,0.006766,-0.041671,-0.043775,-0.018434,1.387260,0.013829,-0.018579,0.053136,-0.000438,0.580817,0.318954,-0.286389,0.577303,1.394357,0.000000,0.000000,0.765568,-0.373719,0.204946,0.324427,0.216278,0.000000,0.000000
-2.731443,2.533942,0.785379,-0.044998,-0.001408,0.933640,0.355371,-0.041583,-0.040365,-0.040664,0.647033,-0.613064,0.010356,-0.060977,-0.038820,-0.030345,1.405129,0.005615,-0.015268,0.024899,0.000788,0.548334,0.326531,-0.281555,0.558235,1.384444,0.000000,0.000000,0.810675,-0.364282,0.213642,0.372422,0.229046,0.000000,0.000000
-2.750230,2.548521,0.783022,-0.042150,-0.006213,0.937733,0.344735,-0.012721,-0.033067,-0.053849,0.637777,-0.616391,0.014099,-0.084252,-0.035127,-0.043501,1.420450,-0.007838,-0.011972,-0.002418,0.001819,0.518987,0.335676,-0.274692,0.536699,1.372136,0.000000,0.000000,0.854219,-0.354156,0.222536,0.412973,0.240808,0.000000,0.000000
-2.766326,2.561370,0.782301,-0.040437,-0.010287,0.941700,0.333857,0.010502,-0.023677,-0.063861,0.629360,-0.619387,0.017944,-0.113922,-0.031931,-0.058020,1.431190,-0.026015,-0.008328,-0.029445,0.002776,0.491966,0.342915,-0.263886,0.508975,1.370291,0.000000,0.000000,0.897315,-0.342603,0.229591,0.443685,0.253164,0.000000,0.000000
-2.780092,2.572603,0.784135,-0.039871,-0.012837,0.945715,0.322287,0.027532,-0.014035,-0.072264,0.623283,-0.621743,0.021669,-0.149873,-0.031085,-0.074446,1.436243,-0.047075,-0.004474,-0.056911,0.003655,0.466549,0.345746,-0.251748,0.479064,1.373797,0.000000,0.000000,0.939194,-0.330155,0.232184,0.471551,0.261666,0.000000,0.000000
-2.793011,2.582449,0.785983,-0.040749,-0.013217,0.949850,0.309759,0.039080,-0.008103,-0.083261,0.618811,-0.623371,0.024933,-0.190210,-0.035206,-0.093782,1.434414,-0.065387,-0.000651,-0.085133,0.004525,0.441508,0.344325,-0.239788,0.443997,1.379497,0.000000,0.000000,0.976615,-0.320105,0.229723,0.500502,0.250414,0.000000,0.000000
-2.805704,2.592825,0.787954,-0.042670,-0.011693,0.953935,0.296735,0.047628,-0.003600,-0.096175,0.616550,-0.624549,0.028199,-0.232993,-0.042063,-0.114029,1.424660,-0.082989,0.003358,-0.116897,0.005466,0.417458,0.338886,-0.225219,0.402185,1.389783,0.000000,0.000000,1.010463,-0.307139,0.220367,0.516829,0.248997,0.000000,0.000000
-2.818936,2.604466,0.790656,-0.044420,-0.008976,0.957445,0.285034,0.055921,-0.000884,-0.110995,0.616883,-0.625639,0.031402,-0.274887,-0.050627,-0.131078,1.406837,-0.099204,0.006720,-0.149803,0.006524,0.393781,0.334572,-0.208284,0.355067,1.401023,0.000000,0.000000,1.041133,-0.303908,0.210486,0.528672,0.239617,0.000000,0.000000
-2.833251,2.618468,0.795527,-0.046133,-0.005461,0.960105,0.275756,0.065700,0.001399,-0.126268,0.617612,-0.626979,0.034646,-0.313095,-0.057974,-0.143196,1.379673,-0.109573,0.009421,-0.184276,0.007697,0.373107,0.329367,-0.188500,0.307458,1.401428,0.000000,0.000000,1.068997,-0.310407,0.201530,0.535586,0.228565,0.000000,0.000000
-2.849540,2.634183,0.804278,-0.048152,-0.001647,0.962529,0.266864,0.077482,0.004472,-0.140805,0.616642,-0.628733,0.038032,-0.346443,-0.065446,-0.154153,1.343698,-0.113623,0.011808,-0.220905,0.008932,0.357166,0.322772,-0.168180,0.258461,1.392830,0.000000,0.000000,1.095109,-0.319726,0.191274,0.537548,0.223664,0.000000,0.000000
-2.868221,2.649823,0.805173,-0.050031,0.002339,0.965258,0.256453,0.090908,0.006191,-0.157374,0.615984,-0.630785,0.041475,-0.374913,-0.077626,-0.169913,1.300996,-0.111771,0.014276,-0.258233,0.010210,0.343409,0.319834,-0.153712,0.206123,1.382002,0.000000,0.000000,1.120656,-0.327012,0.181774,0.536896,0.221435,0.000000,0.000000
-2.887897,2.665890,0.805593,-0.051417,0.006322,0.967148,0.248880,0.105924,0.004948,-0.174875,0.610348,-0.607327,0.044713,-0.398482,-0.089851,-0.184245,1.252399,-0.103236,0.016260,-0.292524,0.011411,0.331328,0.321680,-0.140925,0.158228,1.369296,0.000000,0.000000,1.144427,-0.335522,0.177266,0.533958,0.223434,0.000000,0.000000
-2.908491,2.682484,0.806364,-0.052788,0.009851,0.968474,0.243260,0.122584,0.002946,-0.191017,0.600406,-0.563182,0.047922,-0.418227,-0.100621,-0.197115,1.196908,-0.090093,0.018039,-0.325435,0.012563,0.319940,0.329795,-0.129071,0.112525,1.373608,0.000000,0.000000,1.166245,-0.345747,0.169214,0.530758,0.228456,0.000000,0.000000
-2.928766,2.701657,0.807526,-0.054059,0.009931,0.967550,0.246629,0.142322,0.005741,-0.191695,0.589514,-0.507150,0.049996,-0.433496,-0.095486,-0.195336,1.134061,-0.075546,0.019152,-0.351553,0.013437,0.314373,0.329162,-0.108937,0.070801,1.376750,0.000000,0.000000,1.184298,-0.362815,0.164834,0.531957,0.233034,0.000000,0.000000
-2.952204,2.718085,0.809121,-0.055922,0.014645,0.969838,0.236795,0.161162,0.004665,-0.206634,0.569226,-0.422820,0.053607,-0.445569,-0.107818,-0.216817,1.067957,-0.064189,0.021947,-0.377896,0.014188,0.309613,0.330558,-0.102036,0.016653,1.377114,0.000000,0.000000,1.202278,-0.360773,0.141518,0.532346,0.229152,0.000000,0.000000
-2.974644,2.736087,0.810993,-0.057419,0.017848,0.971029,0.231272,0.178213,0.007132,-0.214234,0.553312,-0.335699,0.056821,-0.454122,-0.113799,-0.231795,0.999449,-0.053206,0.024096,-0.398456,0.014773,0.305151,0.331520,-0.098526,-0.032602,1.381679,0.000000,0.000000,1.218386,-0.353974,0.119858,0.530469,0.225487,0.000000,0.000000
-2.996486,2.754908,0.794242,-0.059233,0.019638,0.971031,0.230661,0.194588,0.011418,-0.214313,0.539493,-0.248328,0.058905,-0.460150,-0.112482,-0.238518,0.925770,-0.037288,0.025230,-0.408646,0.015110,0.302420,0.335404,-0.096375,-0.077544,1.388564,0.000000,0.000000,1.231565,-0.347948,0.101946,0.527145,0.221270,0.000000,0.000000
-3.017216,2.774529,0.796738,-0.060710,0.021834,0.970716,0.231403,0.209066,0.015791,-0.213451,0.530366,-0.176369,0.060449,-0.464303,-0.108147,-0.239157,0.846530,-0.021306,0.024786,-0.414659,0.015289,0.298741,0.340797,-0.097679,-0.120060,1.391156,0.000000,0.000000,1.240953,-0.341965,0.086890,0.522350,0.216276,0.000000,0.000000
-3.036899,2.796108,0.813139,-0.062366,0.023517,0.970089,0.233421,0.222852,0.022477,-0.212970,0.517551,-0.105989,0.062537,-0.464314,-0.098366,-0.232037,0.760223,-0.003012,0.023173,-0.415485,0.015314,0.299744,0.349091,-0.099694,-0.166099,1.386657,0.000000,0.000000,1.248714,-0.334841,0.072948,0.514072,0.206497,0.000000,0.000000
-3.056143,2.818514,0.827237,-0.063595,0.024992,0.969467,0.235511,0.234268,0.030151,-0.212696,0.515047,-0.050144,0.064758,-0.462302,-0.086922,-0.220858,0.672850,0.010367,0.020521,-0.415648,0.015376,0.302959,0.359525,-0.101217,-0.206196,1.383800,0.000000,0.000000,1.254133,-0.327523,0.058499,0.505844,0.198580,0.000000,0.000000
-3.075572,2.840830,0.838844,-0.064103,0.026549,0.969113,0.236656,0.243554,0.037162,-0.212255,0.521767,-0.004095,0.066543,-0.456883,-0.076446,-0.209349,0.585542,0.020333,0.017432,-0.416020,0.015331,0.308534,0.370848,-0.103443,-0.243532,1.384285,0.000000,0.000000,1.257580,-0.319304,0.042673,0.496343,0.194013,0.000000,0.000000
-3.095413,2.862479,0.847612,-0.063820,0.028079,0.968920,0.237345,0.250339,0.041686,-0.211591,0.539349,0.022453,0.067392,-0.448332,-0.067308,-0.199862,0.502693,0.026187,0.014742,-0.416170,0.015249,0.312085,0.378786,-0.106913,-0.275559,1.382825,0.000000,0.000000,1.259408,-0.312916,0.026515,0.487602,0.192688,0.000000,0.000000
-3.115765,2.883141,0.854348,-0.063038,0.030326,0.968973,0.237059,0.254161,0.043235,-0.210765,0.569415,0.029037,0.067205,-0.436833,-0.060745,-0.194105,0.421067,0.027024,0.012299,-0.415811,0.015126,0.317646,0.379284,-0.109893,-0.305172,1.388199,0.000000,0.000000,1.258521,-0.303887,0.008409,0.480270,0.188176,0.000000,0.000000
-3.136207,2.902843,0.859128,-0.061402,0.033416,0.969277,0.235828,0.254444,0.041877,-0.209873,0.611291,0.017918,0.066147,-0.422571,-0.057969,-0.193021,0.344687,0.020001,0.010024,-0.417423,0.015133,0.322931,0.378044,-0.115441,-0.325383,1.396258,0.000000,0.000000,1.254210,-0.295235,-0.008634,0.474383,0.188398,0.000000,0.000000
-3.156612,2.922661,0.861723,-0.059964,0.034809,0.968616,0.238696,0.252496,0.041117,-0.200034,0.660819,-0.004556,0.063872,-0.406840,-0.052187,-0.190972,0.278113,0.010037,0.008620,-0.414709,0.015111,0.325866,0.377442,-0.122381,-0.336078,1.404245,0.000000,0.000000,1.245640,-0.292046,-0.019616,0.471289,0.193314,0.000000,0.000000
-3.177282,2.942471,0.863053,-0.058926,0.035288,0.967082,0.245019,0.248614,0.038365,-0.186824,0.718619,-0.032876,0.060362,-0.389685,-0.042702,-0.189047,0.219992,0.000067,0.008224,-0.405545,0.014959,0.331569,0.377327,-0.130811,-0.337516,1.410364,0.000000,0.000000,1.233078,-0.290348,-0.026270,0.470145,0.201361,0.000000,0.000000
-3.198201,2.962200,0.863773,-0.057413,0.035651,0.964952,0.253574,0.242816,0.033114,-0.172027,0.782964,-0.061407,0.055716,-0.371748,-0.031904,-0.188476,0.175728,-0.013520,0.008534,-0.391392,0.014639,0.341612,0.377795,-0.141090,-0.330160,1.406387,0.000000,0.000000,1.218208,-0.287336,-0.032712,0.470148,0.217564,0.000000,0.000000
-3.219202,2.981702,0.864530,-0.054789,0.036244,0.962792,0.262139,0.234857,0.026614,-0.155157,0.854948,-0.089575,0.050220,-0.352717,-0.022928,-0.188832,0.147903,-0.034483,0.008820,-0.373193,0.014180,0.352712,0.380848,-0.153210,-0.315576,1.394601,0.000000,0.000000,1.201447,-0.283391,-0.041168,0.476082,0.227786,0.000000,0.000000
-3.240866,3.001372,0.865755,-0.051861,0.037112,0.961130,0.268631,0.226965,0.019793,-0.141954,0.922706,-0.110595,0.045209,-0.335444,-0.017144,-0.193303,0.142935,-0.053368,0.009767,-0.353362,0.013621,0.364363,0.383151,-0.165193,-0.297697,1.385739,0.000000,0.000000,1.183636,-0.276528,-0.049066,0.478006,0.233072,0.000000,0.000000
-3.262311,3.021731,0.867061,-0.048770,0.035807,0.959547,0.274971,0.216258,0.019101,-0.123681,0.997825,-0.133204,0.041207,-0.315418,-0.009810,-0.195210,0.153114,-0.070367,0.011331,-0.328711,0.012876,0.379445,0.379907,-0.174459,-0.272293,1.383699,0.000000,0.000000,1.164817,-0.268549,-0.052713,0.476481,0.239079,0.000000,0.000000
-3.283927,3.042220,0.868054,-0.044961,0.034089,0.957040,0.284413,0.204747,0.019283,-0.099878,1.073938,-0.155838,0.036634,-0.294227,-0.001982,-0.194754,0.174985,-0.089242,0.013197,-0.304976,0.012187,0.395656,0.380177,-0.183197,-0.242847,1.383993,0.000000,0.000000,1.145626,-0.266220,-0.054633,0.478981,0.238220,0.000000,0.000000
-3.305993,3.062489,0.868606,-0.040941,0.032732,0.955011,0.291902,0.191939,0.019088,-0.079784,1.148049,-0.177022,0.032653,-0.272098,0.003014,-0.193079,0.205262,-0.109934,0.014672,-0.282117,0.011496,0.412149,0.382386,-0.191667,-0.207810,1.387332,0.000000,0.000000,1.124844,-0.262378,-0.053941,0.482394,0.239928,0.000000,0.000000
-3.328705,3.082356,0.868527,-0.037292,0.031878,0.954245,0.294973,0.176569,0.020127,-0.066283,1.220793,-0.200393,0.030213,-0.248027,0.003526,-0.192647,0.239831,-0.131644,0.015613,-0.258938,0.010651,0.429111,0.370089,-0.196256,-0.161274,1.401483,0.000000,0.000000,1.100967,-0.252736,-0.053466,0.481878,0.243664,0.000000,0.000000
-3.350501,3.102904,0.867526,-0.033421,0.030729,0.953547,0.297804,0.159836,0.024487,-0.052630,1.292461,-0.227403,0.028819,-0.222170,0.003890,-0.180086,0.271351,-0.160886,0.014396,-0.239184,0.009855,0.445634,0.350085,-0.202783,-0.111411,1.414378,0.000000,0.000000,1.076924,-0.247539,-0.050762,0.477380,0.246360,0.000000,0.000000
-3.371569,3.123517,0.866144,-0.028919,0.030387,0.952698,0.301010,0.142262,0.027811,-0.039711,1.359818,-0.252837,0.027327,-0.196053,0.003200,-0.158585,0.296123,-0.210620,0.010975,-0.222570,0.009356,0.459292,0.347278,-0.218790,-0.067412,1.405930,0.000000,0.000000,1.054086,-0.251116,-0.046197,0.471178,0.258084,0.000000,0.000000
-3.392440,3.144140,0.863907,-0.024644,0.029582,0.950945,0.306954,0.123180,0.031479,-0.023111,1.425992,-0.275417,0.025276,-0.168588,0.003594,-0.130966,0.319359,-0.278860,0.006579,-0.200509,0.008721,0.475291,0.347738,-0.232827,-0.021555,1.389442,0.000000,0.000000,1.028667,-0.256945,-0.037717,0.463696,0.275515,0.000000,0.000000
-3.414240,3.163958,0.860965,-0.020057,0.029631,0.950252,0.309422,0.103059,0.031920,-0.014874,1.483802,-0.292214,0.023673,-0.141395,0.001226,-0.115045,0.343130,-0.345509,0.003508,-0.177584,0.007963,0.491299,0.350698,-0.245384,0.022025,1.374128,0.000000,0.000000,1.002711,-0.258872,-0.029115,0.455988,0.292908,0.000000,0.000000
-3.436015,3.183805,0.857307,-0.013769,0.030372,0.949319,0.312540,0.083196,0.027940,-0.011036,1.534555,-0.305319,0.021616,-0.113726,-0.003006,-0.104009,0.369448,-0.406276,0.000979,-0.153098,0.007172,0.509159,0.353416,-0.258209,0.064954,1.373757,0.000000,0.000000,0.977192,-0.261976,-0.022410,0.447469,0.302883,0.000000,0.000000
-3.457792,3.204120,0.852728,-0.006753,0.031180,0.947560,0.317982,0.063631,0.022508,-0.004082,1.576391,-0.317171,0.018761,-0.085458,-0.007505,-0.089558,0.398041,-0.462676,-0.001952,-0.128703,0.006285,0.535400,0.356540,-0.269768,0.119037,1.385800,0.000000,0.000000,0.952008,-0.267712,-0.015928,0.436911,0.309917,0.000000,0.000000
-3.479103,3.224789,0.847453,0.000580,0.032012,0.945263,0.324734,0.044240,0.018417,0.006521,1.607430,-0.327939,0.015774,-0.057283,-0.011331,-0.073593,0.426613,-0.511651,-0.004888,-0.104437,0.005372,0.561767,0.359994,-0.278967,0.163316,1.407529,0.000000,0.000000,0.926018,-0.276169,-0.010543,0.423805,0.322341,0.000000,0.000000
-3.499512,3.244940,0.841753,0.008198,0.033328,0.942489,0.332470,0.023419,0.013481,0.018836,1.629031,-0.335333,0.012324,-0.029115,-0.016477,-0.060562,0.454000,-0.555251,-0.007709,-0.078212,0.004398,0.590342,0.362316,-0.286600,0.202772,1.435289,0.000000,0.000000,0.898710,-0.287969,-0.003726,0.408688,0.334165,0.000000,0.000000
-3.518960,3.263756,0.836246,0.015273,0.035344,0.939679,0.339885,-0.000791,0.004980,0.028672,1.639455,-0.341548,0.008356,-0.002833,-0.023925,-0.051530,0.477449,-0.592741,-0.010530,-0.052181,0.003414,0.621839,0.363456,-0.289228,0.239518,1.459014,0.000000,0.000000,0.870874,-0.300906,-0.001176,0.391078,0.344297,0.000000,0.000000
-3.537320,3.280410,0.831368,0.021255,0.038017,0.937443,0.345403,-0.030600,-0.007249,0.035382,1.638946,-0.348040,0.003861,0.020191,-0.034490,-0.048463,0.496088,-0.621621,-0.013267,-0.029035,0.002461,0.654616,0.367178,-0.285259,0.269619,1.469838,0.000000,0.000000,0.840490,-0.315435,-0.005229,0.368715,0.356996,0.000000,0.000000
-3.550520,3.295776,0.828620,0.025581,0.041262,0.930032,0.364258,-0.068819,-0.015234,0.066247,1.636882,-0.360520,-0.004421,0.036209,-0.047507,-0.034069,0.505353,-0.626257,-0.018413,0.004611,0.001226,0.694038,0.364263,-0.268024,0.291667,1.474249,0.000000,0.000000,0.803274,-0.336139,0.005519,0.340173,0.359813,0.000000,0.000000
-3.562327,3.309300,0.825780,0.027134,0.043510,0.922708,0.382073,-0.112211,-0.017467,0.099202,1.621450,-0.368367,-0.012415,0.044910,-0.058030,-0.017366,0.515054,-0.627367,-0.023478,0.039855,-0.000127,0.734038,0.364628,-0.247676,0.305022,1.469703,0.000000,0.000000,0.762174,-0.352917,0.018364,0.306470,0.350673,0.000000,0.000000
-3.573666,3.321405,0.822690,0.026378,0.045308,0.915268,0.399418,-0.160031,-0.016254,0.130845,1.595924,-0.368398,-0.020146,0.049086,-0.068301,-0.002024,0.524359,-0.627640,-0.028362,0.075932,-0.001670,0.776828,0.366681,-0.225578,0.312687,1.461290,0.000000,0.000000,0.719040,-0.363667,0.029080,0.266985,0.332831,0.000000,0.000000
-3.585752,3.333395,0.818885,0.023272,0.046374,0.907893,0.415978,-0.209001,-0.011303,0.159264,1.559781,-0.365568,-0.026955,0.050942,-0.077078,0.010780,0.532844,-0.627590,-0.032552,0.112455,-0.003269,0.817965,0.372311,-0.200839,0.307798,1.453129,0.000000,0.000000,0.673962,-0.369189,0.039487,0.224761,0.317006,0.000000,0.000000
-3.599976,3.346087,0.814288,0.018026,0.046304,0.900680,0.431633,-0.256393,-0.002687,0.183382,1.510298,-0.359764,-0.032282,0.053025,-0.084456,0.022780,0.538430,-0.627632,-0.036305,0.150274,-0.005007,0.859527,0.377614,-0.173293,0.297150,1.433846,0.000000,0.000000,0.626494,-0.366294,0.049532,0.181594,0.307730,0.000000,0.000000
-3.616760,3.359941,0.808864,0.011721,0.045623,0.893724,0.446137,-0.298515,0.006650,0.201918,1.448132,-0.349022,-0.036057,0.057590,-0.091177,0.034535,0.540889,-0.628076,-0.039904,0.188681,-0.006739,0.899229,0.383492,-0.147217,0.283209,1.411903,0.000000,0.000000,0.578810,-0.355134,0.058232,0.139031,0.304855,0.000000,0.000000
-3.635039,3.375634,0.801947,0.005124,0.044534,0.887001,0.459586,-0.335280,0.017209,0.216881,1.374863,-0.333263,-0.038305,0.065195,-0.094513,0.049817,0.544038,-0.628910,-0.043392,0.228000,-0.008587,0.936402,0.394508,-0.121196,0.267378,1.394829,0.000000,0.000000,0.530191,-0.350291,0.063806,0.093964,0.304236,0.000000,0.000000
-3.654052,3.393498,0.796672,-0.001401,0.043211,0.881024,0.471092,-0.366090,0.030342,0.229063,1.294783,-0.313382,-0.038637,0.075417,-0.093979,0.067780,0.549128,-0.627695,-0.046629,0.265596,-0.010356,0.970510,0.409922,-0.095147,0.251314,1.384402,0.000000,0.000000,0.483936,-0.352437,0.068394,0.048971,0.297198,0.000000,0.000000
-3.674129,3.412591,0.796811,-0.008084,0.041754,0.875643,0.481082,-0.391482,0.044968,0.238269,1.205531,-0.285348,-0.037301,0.088111,-0.093619,0.085024,0.544223,-0.593995,-0.050588,0.301254,-0.011984,1.003455,0.424015,-0.067994,0.237649,1.373332,0.000000,0.000000,0.441158,-0.350561,0.073532,0.005820,0.282195,0.000000,0.000000
-3.696038,3.432268,0.801802,-0.014748,0.040351,0.870446,0.490386,-0.410299,0.058216,0.245758,1.109232,-0.246078,-0.035494,0.102665,-0.097928,0.101184,0.530260,-0.547215,-0.055927,0.332740,-0.013388,1.034160,0.434283,-0.041368,0.227584,1.373843,0.000000,0.000000,0.401659,-0.344294,0.078295,-0.034523,0.267882,0.000000,0.000000
-3.718564,3.452360,0.811618,-0.021397,0.039409,0.865880,0.498237,-0.424282,0.069515,0.251997,1.005445,-0.199269,-0.033476,0.117980,-0.104013,0.115045,0.511245,-0.485185,-0.061760,0.362192,-0.014647,1.060531,0.437479,-0.018746,0.218135,1.369374,0.000000,0.000000,0.364373,-0.339102,0.081692,-0.073793,0.258610,0.000000,0.000000
-3.740663,3.473257,0.803053,-0.028577,0.038472,0.861772,0.505027,-0.433766,0.081227,0.258455,0.890831,-0.139683,-0.031072,0.134994,-0.108742,0.122429,0.482399,-0.394813,-0.066643,0.391067,-0.015815,1.085171,0.439318,0.001748,0.205949,1.361637,0.000000,0.000000,0.328471,-0.335373,0.082581,-0.115076,0.252690,0.000000,0.000000
-3.762532,3.494335,0.808423,-0.035327,0.037618,0.859032,0.509314,-0.439838,0.091696,0.261522,0.772369,-0.076329,-0.027807,0.151782,-0.112589,0.121688,0.454428,-0.294620,-0.069852,0.415331,-0.016802,1.106942,0.443974,0.017467,0.193182,1.367257,0.000000,0.000000,0.295777,-0.335465,0.080349,-0.154731,0.244339,0.000000,0.000000
-3.784419,3.515193,0.826613,-0.041881,0.037096,0.856925,0.512395,-0.442700,0.100502,0.260887,0.650264,-0.010497,-0.023817,0.167556,-0.117641,0.114217,0.428189,-0.180053,-0.072042,0.436228,-0.017665,1.126704,0.447863,0.030362,0.179758,1.379309,0.000000,0.000000,0.265392,-0.340039,0.079845,-0.189748,0.232734,0.000000,0.000000
-3.806556,3.535520,0.840160,-0.048237,0.036705,0.854596,0.515745,-0.441800,0.108580,0.257102,0.524527,0.054731,-0.018986,0.181845,-0.126556,0.100406,0.401695,-0.060624,-0.073729,0.453688,-0.018270,1.143004,0.443858,0.045835,0.169905,1.380645,0.000000,0.000000,0.237326,-0.344448,0.078740,-0.222473,0.223856,0.000000,0.000000
-3.828789,3.554852,0.848787,-0.054128,0.035934,0.852304,0.518997,-0.436747,0.117812,0.246084,0.395622,0.116236,-0.012077,0.192409,-0.137050,0.086995,0.382508,0.046121,-0.075331,0.468552,-0.018742,1.155529,0.435557,0.060365,0.164872,1.373119,0.000000,0.000000,0.211362,-0.347935,0.079380,-0.255250,0.221298,0.000000,0.000000
-3.851141,3.572894,0.852662,-0.060945,0.034894,0.850036,0.522022,-0.428297,0.129036,0.229153,0.264327,0.170700,-0.003665,0.194630,-0.146952,0.077214,0.379342,0.126012,-0.076810,0.484282,-0.019202,1.163450,0.430238,0.072725,0.159007,1.364672,0.000000,0.000000,0.188114,-0.351349,0.077577,-0.288901,0.222165,0.000000,0.000000
-3.874703,3.591102,0.851767,-0.068174,0.034313,0.848094,0.524319,-0.417695,0.139767,0.211774,0.133368,0.215435,0.004179,0.195839,-0.158673,0.068595,0.378026,0.186221,-0.078771,0.501253,-0.019713,1.166301,0.428916,0.083836,0.150552,1.359009,0.000000,0.000000,0.168945,-0.356155,0.070428,-0.323026,0.220533,0.000000,0.000000
-3.899641,3.609569,0.847512,-0.073881,0.034082,0.845960,0.527003,-0.411024,0.147429,0.199904,0.031935,0.237436,0.009454,0.199117,-0.174389,0.061532,0.381285,0.216639,-0.082321,0.514594,-0.020141,1.166469,0.428287,0.095612,0.142182,1.356674,0.000000,0.000000,0.152204,-0.363815,0.066069,-0.351365,0.217660,0.000000,0.000000
-3.924963,3.629196,0.846015,-0.078909,0.033701,0.844434,0.528743,-0.405712,0.151033,0.195985,-0.017450,0.246848,0.011505,0.202205,-0.185217,0.056582,0.385391,0.226205,-0.084842,0.522121,-0.020380,1.166982,0.428589,0.103997,0.134361,1.355422,0.000000,0.000000,0.142590,-0.370169,0.063942,-0.370818,0.215744,0.000000,0.000000
-3.949919,3.649919,0.848710,-0.081573,0.032360,0.843258,0.530296,-0.398775,0.153644,0.196929,-0.017450,0.252056,0.012246,0.208419,-0.198632,0.045583,0.394589,0.221778,-0.087263,0.530161,-0.020718,1.169125,0.427698,0.113378,0.124908,1.352138,0.000000,0.000000,0.133600,-0.379692,0.062295,-0.393718,0.208703,0.000000,0.000000
-3.973955,3.671637,0.850567,-0.082109,0.031057,0.843419,0.530036,-0.391978,0.151693,0.208922,-0.017450,0.252363,0.010313,0.218255,-0.212511,0.028436,0.410031,0.201715,-0.088955,0.534561,-0.020921,1.171945,0.426883,0.124078,0.114160,1.349831,0.000000,0.000000,0.127102,-0.389631,0.061775,-0.415442,0.195499,0.000000,0.000000
-3.997360,3.693699,0.852183,-0.081592,0.030440,0.844752,0.528024,-0.385361,0.143797,0.231170,-0.017450,0.249255,0.005884,0.232086,-0.227121,0.006137,0.432575,0.169571,-0.090086,0.533319,-0.020867,1.174032,0.428656,0.138081,0.100651,1.356775,0.000000,0.000000,0.122932,-0.398315,0.063151,-0.435094,0.183827,0.000000,0.000000
-4.020802,3.715615,0.853883,-0.080791,0.029840,0.846841,0.524827,-0.379237,0.130630,0.257745,-0.017450,0.239148,0.000098,0.249291,-0.241651,-0.019342,0.461383,0.133210,-0.090599,0.526458,-0.020676,1.174327,0.429915,0.151591,0.085782,1.370153,0.000000,0.000000,0.120721,-0.405300,0.066804,-0.450399,0.179872,0.000000,0.000000
-4.044678,3.737182,0.855094,-0.079109,0.028625,0.849243,0.521257,-0.373312,0.116917,0.278465,-0.017450,0.224081,-0.004875,0.265619,-0.255184,-0.044469,0.497067,0.105371,-0.090696,0.516222,-0.020470,1.172111,0.427646,0.159749,0.074997,1.380412,0.000000,0.000000,0.121972,-0.410833,0.073548,-0.456657,0.182614,0.000000,0.000000
-4.069595,3.757700,0.855910,-0.076438,0.026209,0.852351,0.516689,-0.367040,0.102327,0.292402,-0.017450,0.207485,-0.009149,0.278230,-0.268067,-0.066716,0.548713,0.087592,-0.090834,0.502151,-0.020136,1.165983,0.422706,0.164610,0.070203,1.382814,0.000000,0.000000,0.127085,-0.414614,0.078725,-0.451946,0.190577,0.000000,0.000000
-4.094563,3.777946,0.856743,-0.074023,0.022592,0.857392,0.508812,-0.359471,0.091343,0.293084,-0.017450,0.183405,-0.010632,0.287549,-0.274188,-0.080591,0.617712,0.078145,-0.089717,0.480729,-0.019546,1.154817,0.418510,0.167580,0.072052,1.381352,0.000000,0.000000,0.136095,-0.415354,0.082189,-0.438744,0.202455,0.000000,0.000000
-4.120547,3.797704,0.857339,-0.071473,0.019786,0.862733,0.500192,-0.352072,0.078784,0.286368,-0.017450,0.160117,-0.011555,0.292525,-0.275020,-0.081019,0.691937,0.076827,-0.088570,0.456361,-0.018943,1.140629,0.417130,0.165897,0.076956,1.385153,0.000000,0.000000,0.147585,-0.415920,0.085051,-0.420856,0.210790,0.000000,0.000000
-4.146556,3.817532,0.857720,-0.068475,0.018095,0.868344,0.490880,-0.343659,0.064656,0.276915,-0.017450,0.132486,-0.012363,0.293999,-0.272080,-0.074553,0.771805,0.078641,-0.086616,0.430130,-0.018291,1.122279,0.418103,0.160549,0.083824,1.396005,0.000000,0.000000,0.164597,-0.417089,0.087868,-0.398166,0.214124,0.000000,0.000000
-4.173151,3.837137,0.857814,-0.064487,0.018022,0.873803,0.481648,-0.333590,0.047272,0.264141,-0.017450,0.107012,-0.013540,0.292093,-0.268071,-0.063610,0.856082,0.080758,-0.084296,0.405973,-0.017702,1.100392,0.416592,0.149766,0.094570,1.405926,0.000000,0.000000,0.186209,-0.421881,0.090114,-0.372294,0.216638,0.000000,0.000000
-4.199634,3.856812,0.860715,-0.060091,0.018873,0.879460,0.471787,-0.321543,0.027877,0.249045,0.017373,0.080164,-0.015576,0.286532,-0.259455,-0.047055,0.947273,0.081010,-0.080541,0.381143,-0.016952,1.074550,0.413257,0.131605,0.107841,1.409145,0.000000,0.000000,0.212595,-0.424409,0.091446,-0.345211,0.218281,0.000000,0.000000
-4.225750,3.876512,0.864201,-0.055855,0.019780,0.885111,0.461592,-0.307361,0.010820,0.227899,0.072641,0.050685,-0.016935,0.277120,-0.245585,-0.026685,1.042083,0.075930,-0.075254,0.355768,-0.016087,1.046105,0.411842,0.111087,0.122457,1.410920,0.000000,0.000000,0.242296,-0.426263,0.089828,-0.317515,0.216416,0.000000,0.000000
-4.251575,3.894488,0.866219,-0.051903,0.019061,0.891768,0.449103,-0.290787,0.000076,0.179040,0.119130,-0.018522,-0.011707,0.262312,-0.227460,-0.011848,1.146425,0.059056,-0.068070,0.329953,-0.015149,1.011420,0.415384,0.088064,0.140621,1.412915,0.000000,0.000000,0.278645,-0.422202,0.085724,-0.290510,0.218720,0.000000,0.000000
-4.277069,3.913220,0.866884,-0.047757,0.018620,0.898730,0.435497,-0.273884,-0.012083,0.133708,0.164892,-0.093328,-0.007246,0.248228,-0.208564,-0.005464,1.245625,0.036535,-0.060395,0.304312,-0.014151,0.976436,0.418738,0.064532,0.152747,1.414738,0.000000,0.000000,0.317418,-0.417215,0.083226,-0.262479,0.224012,0.000000,0.000000
-4.301741,3.934191,0.866275,-0.043476,0.018143,0.905198,0.422371,-0.256359,-0.022851,0.109261,0.215611,-0.162860,-0.005821,0.235924,-0.187757,-0.003619,1.335340,0.015307,-0.052489,0.276431,-0.013087,0.945374,0.419144,0.045291,0.158310,1.418545,0.000000,0.000000,0.352863,-0.411025,0.080577,-0.231092,0.234697,0.000000,0.000000
-4.326256,3.955074,0.864128,-0.038529,0.017013,0.911305,0.409572,-0.238202,-0.031753,0.089627,0.269736,-0.237509,-0.004768,0.221984,-0.170047,-0.006907,1.425555,-0.006115,-0.045229,0.246349,-0.011906,0.914892,0.421088,0.025801,0.164283,1.422906,0.000000,0.000000,0.388909,-0.405182,0.078235,-0.196490,0.240688,0.000000,0.000000
-4.350772,3.975666,0.860289,-0.033241,0.015648,0.916897,0.397428,-0.219622,-0.039687,0.071688,0.327478,-0.311188,-0.003889,0.206480,-0.156359,-0.013146,1.513986,-0.024416,-0.038796,0.215136,-0.010624,0.882737,0.426009,0.002939,0.169035,1.426553,0.000000,0.000000,0.427806,-0.397863,0.074806,-0.156882,0.242440,0.000000,0.000000
-4.375063,3.995828,0.854997,-0.027919,0.014690,0.922058,0.385763,-0.200314,-0.047732,0.054493,0.382787,-0.377477,-0.003276,0.189379,-0.146336,-0.021031,1.595659,-0.039227,-0.033476,0.185644,-0.009306,0.847062,0.430746,-0.025761,0.172881,1.425595,0.000000,0.000000,0.469604,-0.389772,0.071369,-0.111683,0.241195,0.000000,0.000000
-4.398435,4.014729,0.848688,-0.022398,0.014108,0.927140,0.373780,-0.179623,-0.055976,0.031917,0.433039,-0.436917,-0.002035,0.168115,-0.139854,-0.030832,1.675522,-0.054248,-0.029040,0.157584,-0.007968,0.801660,0.434952,-0.064145,0.183531,1.428643,0.000000,0.000000,0.513359,-0.383203,0.069918,-0.057986,0.226713,0.000000,0.000000
-4.422152,4.033973,0.842215,-0.017046,0.012907,0.931601,0.362852,-0.155947,-0.061798,0.008506,0.474897,-0.481534,-0.000292,0.146718,-0.134704,-0.038461,1.740876,-0.060658,-0.025455,0.129333,-0.006444,0.755208,0.433891,-0.100849,0.195918,1.440602,0.000000,0.000000,0.554055,-0.374961,0.071323,-0.000198,0.213170,0.000000,0.000000
-4.446565,4.053342,0.835818,-0.011832,0.011357,0.936157,0.351200,-0.127884,-0.066735,-0.016001,0.506609,-0.519193,0.001767,0.125422,-0.130326,-0.047649,1.792302,-0.063623,-0.022402,0.100118,-0.004782,0.704814,0.431426,-0.137965,0.204876,1.451297,0.000000,0.000000,0.594184,-0.363958,0.069843,0.056056,0.216942,0.000000,0.000000
-4.471340,4.073388,0.830071,-0.006930,0.008906,0.940657,0.339172,-0.096460,-0.068411,-0.041420,0.527896,-0.551246,0.004701,0.104649,-0.124053,-0.059425,1.827780,-0.068574,-0.019750,0.070937,-0.003137,0.652126,0.431066,-0.175095,0.208376,1.446471,0.000000,0.000000,0.634066,-0.353873,0.067436,0.106297,0.230246,0.000000,0.000000
-4.496102,4.094090,0.825110,-0.002701,0.004677,0.944471,0.328549,-0.062707,-0.064394,-0.064248,0.541096,-0.578185,0.008590,0.083366,-0.114368,-0.070329,1.848580,-0.074031,-0.017293,0.041545,-0.001503,0.599839,0.432940,-0.204157,0.208502,1.441775,0.000000,0.000000,0.674310,-0.344094,0.069862,0.151831,0.253069,0.000000,0.000000
-4.520030,4.114663,0.820562,0.001445,-0.001132,0.948243,0.317541,-0.028488,-0.054522,-0.083846,0.551125,-0.600392,0.013472,0.061241,-0.101815,-0.083879,1.857560,-0.079371,-0.014555,0.011295,0.000089,0.549515,0.438294,-0.227625,0.212461,1.454436,0.000000,0.000000,0.716967,-0.331829,0.074527,0.194663,0.265015,0.000000,0.000000
-4.541975,4.133915,0.816665,0.005297,-0.007747,0.951222,0.308366,0.002717,-0.041492,-0.096661,0.558685,-0.616476,0.018325,0.035852,-0.088993,-0.095717,1.857375,-0.089126,-0.011878,-0.017712,0.001441,0.502315,0.445875,-0.249710,0.215168,1.452270,0.000000,0.000000,0.756709,-0.325832,0.083180,0.231761,0.261875,0.000000,0.000000
-4.561127,4.150509,0.814547,0.008180,-0.014075,0.953941,0.299553,0.028323,-0.028127,-0.107890,0.564560,-0.622065,0.023304,0.003632,-0.078579,-0.108817,1.851761,-0.100721,-0.008969,-0.045856,0.002806,0.454290,0.456924,-0.264197,0.209862,1.453540,0.000000,0.000000,0.794130,-0.322737,0.091439,0.264684,0.266086,0.000000,0.000000
-4.577480,4.164432,0.817729,0.009314,-0.019374,0.956338,0.291473,0.046316,-0.015744,-0.116045,0.572308,-0.624749,0.027771,-0.037349,-0.071916,-0.122089,1.841801,-0.113508,-0.005821,-0.072693,0.004050,0.411189,0.461382,-0.268034,0.198356,1.456691,0.000000,0.000000,0.829757,-0.317862,0.098745,0.293364,0.280036,0.000000,0.000000
-4.591101,4.176266,0.822649,0.008807,-0.022470,0.958146,0.285261,0.057104,-0.005895,-0.119186,0.582154,-0.625681,0.030937,-0.087551,-0.071028,-0.134417,1.827331,-0.127774,-0.002745,-0.096965,0.005091,0.371913,0.458223,-0.265909,0.180131,1.454737,0.000000,0.000000,0.862981,-0.310859,0.103216,0.315481,0.295628,0.000000,0.000000
-4.602752,4.187862,0.827755,0.006917,-0.022951,0.959401,0.281025,0.062924,0.001521,-0.118280,0.591107,-0.621781,0.032917,-0.144191,-0.072077,-0.144268,1.804522,-0.142489,0.000583,-0.119180,0.005999,0.334555,0.450977,-0.258193,0.158436,1.444987,0.000000,0.000000,0.891660,-0.308989,0.103380,0.327797,0.306461,0.000000,0.000000
-4.616604,4.202655,0.834933,0.004687,-0.022114,0.960343,0.277905,0.070628,0.008007,-0.118635,0.598847,-0.616155,0.034977,-0.196220,-0.070515,-0.153112,1.763531,-0.157626,0.004666,-0.141941,0.007021,0.301152,0.444091,-0.247780,0.135913,1.438809,0.000000,0.000000,0.917852,-0.312176,0.106131,0.337150,0.310069,0.000000,0.000000
-4.631269,4.218927,0.840908,0.000274,-0.018384,0.962019,0.272362,0.077970,0.013525,-0.123882,0.596835,-0.598704,0.037681,-0.250528,-0.070746,-0.164258,1.715057,-0.167966,0.009593,-0.170722,0.008172,0.268664,0.433867,-0.236109,0.110431,1.435835,0.000000,0.000000,0.941971,-0.318012,0.105506,0.342342,0.308901,0.000000,0.000000
-4.651309,4.236310,0.842730,-0.002993,-0.013577,0.963895,0.265918,0.090012,0.012206,-0.137302,0.591922,-0.573068,0.040188,-0.292291,-0.083159,-0.173993,1.657549,-0.159624,0.011372,-0.200494,0.009278,0.241739,0.419525,-0.224213,0.080547,1.425322,0.000000,0.000000,0.964652,-0.322193,0.099231,0.346703,0.308625,0.000000,0.000000
-4.673989,4.255961,0.844333,-0.005625,-0.009109,0.965403,0.260543,0.106759,0.010249,-0.150066,0.583445,-0.535087,0.042678,-0.324805,-0.094119,-0.184435,1.587243,-0.153091,0.013406,-0.228640,0.010332,0.220939,0.404310,-0.208224,0.048165,1.415618,0.000000,0.000000,0.987654,-0.326786,0.090741,0.349038,0.310877,0.000000,0.000000
-4.698000,4.276793,0.846659,-0.007388,-0.004739,0.967074,0.254343,0.125973,0.008085,-0.165426,0.573249,-0.482755,0.045787,-0.350314,-0.103726,-0.196052,1.507890,-0.146603,0.015629,-0.255794,0.011400,0.204347,0.396915,-0.193467,0.012724,1.410472,0.000000,0.000000,1.012376,-0.332272,0.082146,0.351625,0.313137,0.000000,0.000000
-4.723308,4.297911,0.849423,-0.008636,-0.000689,0.969206,0.246100,0.146894,0.007583,-0.181696,0.557781,-0.409176,0.049732,-0.369408,-0.114635,-0.211452,1.424151,-0.137628,0.018075,-0.285818,0.012461,0.191878,0.393715,-0.181960,-0.024617,1.390281,0.000000,0.000000,1.036176,-0.338110,0.073224,0.350263,0.323797,0.000000,0.000000
-4.749235,4.318503,0.852193,-0.009718,0.002673,0.971373,0.237347,0.166285,0.009109,-0.192982,0.545622,-0.328705,0.053309,-0.383987,-0.126019,-0.229592,1.338772,-0.126582,0.020747,-0.315079,0.013437,0.181541,0.393897,-0.177292,-0.061524,1.379723,0.000000,0.000000,1.058640,-0.339243,0.060550,0.346632,0.333890,0.000000,0.000000
-4.775084,4.338854,0.854994,-0.010927,0.006352,0.973434,0.228619,0.184039,0.011627,-0.201688,0.533918,-0.241036,0.056485,-0.396348,-0.138023,-0.250894,1.248390,-0.110092,0.023801,-0.343355,0.014395,0.170047,0.399624,-0.176736,-0.100163,1.400995,0.000000,0.000000,1.081037,-0.336665,0.044501,0.342697,0.330186,0.000000,0.000000
-4.800288,4.359531,0.857871,-0.012150,0.009955,0.975089,0.221258,0.200473,0.016005,-0.205217,0.522536,-0.151431,0.058906,-0.406488,-0.147464,-0.270783,1.152720,-0.089891,0.026571,-0.367333,0.014980,0.162874,0.395016,-0.174742,-0.139015,1.413198,0.000000,0.000000,1.102005,-0.333034,0.030715,0.337980,0.307847,0.000000,0.000000
-4.824765,4.381898,0.860927,-0.014710,0.013225,0.976151,0.216191,0.215208,0.023025,-0.209428,0.508665,-0.076949,0.061924,-0.414036,-0.149660,-0.285583,1.050696,-0.069482,0.029005,-0.385763,0.015344,0.159222,0.380549,-0.167933,-0.177500,1.401752,0.000000,0.000000,1.118405,-0.328036,0.017446,0.330955,0.292515,0.000000,0.000000
-4.848520,4.405668,0.863640,-0.017481,0.015642,0.976894,0.212433,0.228956,0.036193,-0.203425,0.498173,-0.015916,0.064850,-0.418269,-0.145604,-0.295349,0.943353,-0.048749,0.030706,-0.405455,0.016026,0.156093,0.378909,-0.153988,-0.213616,1.410364,0.000000,0.000000,1.133161,-0.324562,0.007827,0.317435,0.294468,0.000000,0.000000
-4.871618,4.430156,0.865806,-0.019132,0.018487,0.977502,0.209243,0.240040,0.051233,-0.194191,0.505161,0.029347,0.067622,-0.419942,-0.139827,-0.301989,0.833875,-0.026894,0.031078,-0.422662,0.016423,0.153840,0.375105,-0.146732,-0.248130,1.404061,0.000000,0.000000,1.145262,-0.319314,0.001801,0.305461,0.302192,0.000000,0.000000
-4.894694,4.454816,0.860870,-0.019620,0.021953,0.977754,0.207679,0.250183,0.063214,-0.183121,0.521599,0.044635,0.069130,-0.417616,-0.134677,-0.302250,0.721720,-0.002478,0.029062,-0.434923,0.016604,0.153732,0.370165,-0.142139,-0.285216,1.386898,0.000000,0.000000,1.156732,-0.314884,-0.009733,0.295491,0.306778,0.000000,0.000000
-4.917864,4.479624,0.849203,-0.019761,0.023928,0.977861,0.206940,0.262143,0.075875,-0.170893,0.543255,0.042059,0.070758,-0.412407,-0.127196,-0.299831,0.605525,0.023846,0.026571,-0.442703,0.016778,0.153684,0.366726,-0.134648,-0.323167,1.373225,0.000000,0.000000,1.168282,-0.307585,-0.022562,0.286851,0.307294,0.000000,0.000000
-4.940013,4.504259,0.848783,-0.019277,0.025293,0.977619,0.207967,0.271744,0.086678,-0.160795,0.578089,0.024866,0.072194,-0.403929,-0.117895,-0.291613,0.485133,0.048973,0.022861,-0.446197,0.016936,0.152393,0.367855,-0.131097,-0.357664,1.366986,0.000000,0.000000,1.177810,-0.301872,-0.026920,0.280279,0.305892,0.000000,0.000000
-4.962103,4.528522,0.853630,-0.022269,0.028862,0.977193,0.209201,0.273822,0.095197,-0.149183,0.620835,0.004195,0.072567,-0.397602,-0.108942,-0.285106,0.364828,0.072952,0.019494,-0.448419,0.017125,0.145770,0.372728,-0.131285,-0.385947,1.368086,0.000000,0.000000,1.179038,-0.301098,-0.029871,0.272475,0.302663,0.000000,0.000000
-4.984859,4.553123,0.855532,-0.025185,0.032774,0.976471,0.211649,0.274274,0.100545,-0.140723,0.668282,-0.017235,0.072436,-0.389102,-0.100331,-0.277595,0.244036,0.100023,0.015991,-0.449588,0.017221,0.141102,0.376077,-0.130100,-0.409347,1.373156,0.000000,0.000000,1.176782,-0.299381,-0.032209,0.264630,0.299435,0.000000,0.000000
-5.008270,4.577374,0.853511,-0.027224,0.036240,0.975445,0.215528,0.274443,0.102834,-0.132863,0.719150,-0.031111,0.071285,-0.378693,-0.092964,-0.268160,0.132474,0.130402,0.012567,-0.449533,0.017214,0.140370,0.372330,-0.128761,-0.427781,1.374007,0.000000,0.000000,1.172854,-0.298579,-0.034678,0.259161,0.291603,0.000000,0.000000
-5.032080,4.601218,0.850036,-0.028069,0.039481,0.974253,0.220190,0.274698,0.102591,-0.124128,0.774628,-0.039193,0.068909,-0.367215,-0.086802,-0.258817,0.030761,0.162479,0.009537,-0.445842,0.017183,0.142930,0.370779,-0.126054,-0.442838,1.384877,0.000000,0.000000,1.166374,-0.298547,-0.042497,0.253500,0.282259,0.000000,0.000000
-5.055745,4.625292,0.850397,-0.027170,0.042186,0.972862,0.225880,0.274896,0.101416,-0.117643,0.819524,-0.044527,0.066901,-0.358347,-0.082220,-0.253297,-0.017450,0.182170,0.008398,-0.441299,0.017029,0.150226,0.366595,-0.125774,-0.447721,1.388482,0.000000,0.000000,1.159982,-0.295823,-0.049052,0.251097,0.278850,0.000000,0.000000
-5.079553,4.649580,0.851009,-0.025006,0.044087,0.971360,0.232144,0.275004,0.099232,-0.111721,0.872803,-0.051930,0.064510,-0.348881,-0.076552,-0.249593,-0.017450,0.198618,0.008621,-0.433932,0.016801,0.161975,0.362685,-0.128423,-0.446428,1.387765,0.000000,0.000000,1.153087,-0.293151,-0.056864,0.250597,0.275997,0.000000,0.000000
-5.103359,4.674279,0.850989,-0.022446,0.045248,0.968311,0.244587,0.275724,0.092691,-0.098249,0.948105,-0.061536,0.058958,-0.337066,-0.065413,-0.241606,-0.017450,0.214620,0.009807,-0.421190,0.016440,0.184152,0.357669,-0.126512,-0.433638,1.391561,0.000000,0.000000,1.145341,-0.295854,-0.064112,0.251671,0.266939,0.000000,0.000000
-5.127831,4.696472,0.851568,-0.015219,0.042599,0.967232,0.249831,0.275687,0.089775,-0.088865,1.037164,-0.077289,0.054584,-0.319911,-0.056931,-0.243177,-0.017450,0.219344,0.012024,-0.395010,0.015401,0.197545,0.345178,-0.144682,-0.422843,1.316653,0.000000,0.000000,1.142354,-0.287528,-0.071149,0.255460,0.262480,0.000000,0.000000
-5.152568,4.719649,0.850941,-0.010518,0.042399,0.964839,0.259187,0.275959,0.083938,-0.079851,1.110102,-0.085353,0.049729,-0.308044,-0.048565,-0.247732,-0.017450,0.219754,0.014653,-0.373668,0.015083,0.211496,0.345525,-0.148416,-0.405556,1.291981,0.000000,0.000000,1.136688,-0.282459,-0.078041,0.254951,0.259490,0.000000,0.000000
-5.177059,4.742484,0.851056,-0.004279,0.040826,0.962080,0.269661,0.276754,0.079286,-0.062935,1.191324,-0.088553,0.043737,-0.294160,-0.039291,-0.250059,-0.017450,0.223826,0.017407,-0.351368,0.014466,0.236005,0.345995,-0.155410,-0.375293,1.269781,0.000000,0.000000,1.128832,-0.277159,-0.083509,0.253948,0.259034,0.000000,0.000000
-5.202558,4.764208,0.851478,0.002433,0.039629,0.959917,0.277458,0.277272,0.068202,-0.051569,1.269303,-0.093334,0.036978,-0.278633,-0.033803,-0.254957,-0.017450,0.221807,0.019797,-0.327703,0.014079,0.259679,0.369530,-0.163012,-0.338747,1.305009,0.000000,0.000000,1.121394,-0.269818,-0.089820,0.249099,0.260319,0.000000,0.000000
-5.226866,4.787684,0.852955,0.006815,0.036893,0.958338,0.283161,0.272741,0.068185,-0.041830,1.344671,-0.104661,0.033552,-0.259812,-0.029512,-0.242777,-0.017450,0.188171,0.018422,-0.302557,0.013002,0.281749,0.373762,-0.179887,-0.304283,1.308548,0.000000,0.000000,1.110004,-0.264686,-0.087050,0.244346,0.263627,0.000000,0.000000
-5.250124,4.810552,0.855068,0.010964,0.034775,0.956715,0.288732,0.263213,0.069526,-0.030419,1.417175,-0.118546,0.030940,-0.240874,-0.026104,-0.223739,-0.010836,0.120730,0.015050,-0.281727,0.012296,0.301803,0.380608,-0.190843,-0.267782,1.322274,0.000000,0.000000,1.094827,-0.264949,-0.085280,0.241825,0.265835,0.000000,0.000000
-5.272365,4.833141,0.860506,0.012843,0.031969,0.955294,0.293642,0.246681,0.077949,-0.015279,1.494111,-0.143932,0.029849,-0.224622,-0.021901,-0.196364,0.042655,0.008870,0.010390,-0.260399,0.011319,0.324931,0.349769,-0.186445,-0.218151,1.360824,0.000000,0.000000,1.073864,-0.262414,-0.084376,0.240296,0.275680,0.000000,0.000000
-5.294928,4.855751,0.864515,0.017414,0.030333,0.953194,0.300331,0.233297,0.081802,-0.001654,1.561025,-0.161978,0.028190,-0.211863,-0.019111,-0.185329,0.113170,-0.079908,0.008856,-0.245590,0.010874,0.348919,0.344919,-0.190807,-0.178139,1.375535,0.000000,0.000000,1.054077,-0.268705,-0.081795,0.238004,0.286521,0.000000,0.000000
-5.316961,4.877044,0.866232,0.023537,0.027690,0.950853,0.307502,0.218713,0.083053,0.010992,1.629674,-0.173646,0.025889,-0.200718,-0.018552,-0.178781,0.194879,-0.157082,0.008147,-0.227387,0.010319,0.374284,0.342892,-0.201629,-0.135505,1.376059,0.000000,0.000000,1.030916,-0.277355,-0.071829,0.239449,0.295553,0.000000,0.000000
-5.337528,4.898375,0.865834,0.031191,0.025039,0.948850,0.313183,0.201898,0.081820,0.013714,1.695941,-0.182574,0.023947,-0.188634,-0.019738,-0.156488,0.275392,-0.213883,0.005136,-0.205509,0.009720,0.397609,0.351162,-0.218140,-0.092513,1.392905,0.000000,0.000000,1.004918,-0.282610,-0.056982,0.242211,0.295117,0.000000,0.000000
-5.357703,4.921097,0.864133,0.037212,0.023168,0.945461,0.322772,0.183978,0.079530,0.020326,1.751676,-0.200679,0.021983,-0.175701,-0.016657,-0.118004,0.341912,-0.256395,0.000464,-0.185618,0.009002,0.424851,0.355706,-0.228733,-0.043181,1.408596,0.000000,0.000000,0.974850,-0.292203,-0.037250,0.243597,0.290049,0.000000,0.000000
-5.379415,4.945333,0.861670,0.039885,0.021457,0.942201,0.331973,0.164677,0.080740,0.027902,1.794732,-0.214710,0.020849,-0.160167,-0.009186,-0.080647,0.392413,-0.297388,-0.003346,-0.168713,0.008218,0.453441,0.349170,-0.219134,-0.000037,1.417393,0.000000,0.000000,0.938657,-0.302901,-0.017023,0.245776,0.281174,0.000000,0.000000
-5.404534,4.966469,0.859000,0.046408,0.024344,0.936911,0.345617,0.146558,0.058134,0.049320,1.818787,-0.234175,0.015115,-0.139605,-0.018978,-0.074245,0.441606,-0.349931,-0.006331,-0.141340,0.007135,0.489931,0.347470,-0.214239,0.033804,1.439607,0.000000,0.000000,0.902609,-0.308217,-0.006099,0.252972,0.256050,0.000000,0.000000
-5.427171,4.987899,0.855967,0.053940,0.025540,0.933327,0.354032,0.127346,0.042713,0.061881,1.836773,-0.242226,0.011099,-0.113314,-0.026191,-0.062030,0.478578,-0.398272,-0.009805,-0.110047,0.005945,0.525066,0.351537,-0.225249,0.069066,1.464804,0.000000,0.000000,0.866793,-0.308638,0.000003,0.262067,0.237623,0.000000,0.000000
-5.448720,5.009233,0.853049,0.059194,0.026228,0.930234,0.361210,0.104997,0.032993,0.071536,1.844261,-0.250873,0.008229,-0.084492,-0.030241,-0.050588,0.501319,-0.440548,-0.012508,-0.078872,0.004640,0.557778,0.355223,-0.233878,0.107276,1.482236,0.000000,0.000000,0.830230,-0.307533,0.004037,0.266617,0.229129,0.000000,0.000000
-5.469356,5.029781,0.854415,0.064886,0.026023,0.927463,0.367322,0.081203,0.023968,0.075574,1.843436,-0.259950,0.005898,-0.053319,-0.033182,-0.038179,0.517547,-0.476228,-0.015185,-0.045672,0.003271,0.586575,0.358920,-0.249267,0.144539,1.489037,0.000000,0.000000,0.793054,-0.304913,0.004089,0.270735,0.236773,0.000000,0.000000
-5.490013,5.050439,0.857609,0.068691,0.027647,0.924342,0.374311,0.055143,0.013426,0.080169,1.829876,-0.269963,0.002993,-0.024149,-0.039514,-0.028589,0.526837,-0.506690,-0.018247,-0.016660,0.001989,0.617337,0.365209,-0.253647,0.173208,1.489222,0.000000,0.000000,0.758623,-0.303483,-0.001594,0.268702,0.245529,0.000000,0.000000
-5.508577,5.070623,0.862426,0.072477,0.030466,0.920450,0.382871,0.026684,0.003615,0.089265,1.807219,-0.274303,-0.000690,0.001956,-0.048704,-0.021725,0.533401,-0.532639,-0.021591,0.011793,0.000699,0.651720,0.374279,-0.252277,0.194160,1.485326,0.000000,0.000000,0.727726,-0.310021,-0.011332,0.256864,0.250006,0.000000,0.000000
-5.523900,5.090561,0.868599,0.075713,0.033941,0.915488,0.393698,-0.005379,-0.002605,0.102161,1.776353,-0.284263,-0.004761,0.023439,-0.057577,-0.013858,0.539472,-0.551606,-0.025073,0.042942,-0.000647,0.688090,0.384295,-0.247985,0.207023,1.483085,0.000000,0.000000,0.697186,-0.317614,-0.015564,0.236318,0.255828,0.000000,0.000000
-5.537865,5.106267,0.875064,0.076585,0.036339,0.910308,0.405159,-0.045506,-0.013196,0.114347,1.740164,-0.285416,-0.010406,0.037768,-0.065938,-0.003141,0.543060,-0.559110,-0.028975,0.074984,-0.002072,0.728794,0.398066,-0.234632,0.208570,1.487379,0.000000,0.000000,0.663392,-0.319977,-0.019406,0.207009,0.263708,0.000000,0.000000
-5.551906,5.118938,0.882451,0.074464,0.037486,0.906280,0.414375,-0.091839,-0.021678,0.121625,1.692573,-0.293990,-0.015670,0.045475,-0.072607,0.003234,0.547619,-0.556866,-0.031877,0.102772,-0.003594,0.772157,0.403794,-0.205976,0.207030,1.465535,0.000000,0.000000,0.625439,-0.317085,-0.029297,0.173585,0.266183,0.000000,0.000000
-5.564989,5.131824,0.886959,0.070004,0.039754,0.901415,0.425406,-0.139687,-0.019745,0.143576,1.635651,-0.300417,-0.021794,0.048576,-0.079036,0.010730,0.551591,-0.548629,-0.034980,0.132484,-0.005059,0.813059,0.401978,-0.175715,0.204575,1.433669,0.000000,0.000000,0.586723,-0.322922,-0.029893,0.137058,0.259928,0.000000,0.000000
-5.579379,5.145797,0.887798,0.062881,0.040355,0.897549,0.434538,-0.185963,-0.011871,0.156809,1.569696,-0.294263,-0.024827,0.051899,-0.079388,0.022241,0.551468,-0.534344,-0.037310,0.158987,-0.006370,0.850448,0.409070,-0.146618,0.195621,1.425904,0.000000,0.000000,0.546193,-0.325010,-0.029657,0.099207,0.245883,0.000000,0.000000
-5.594959,5.162426,0.889213,0.054752,0.040266,0.894179,0.442521,-0.228707,0.002400,0.169104,1.492529,-0.304915,-0.026039,0.058461,-0.076041,0.034174,0.545494,-0.514135,-0.038908,0.186734,-0.007723,0.884555,0.412756,-0.115210,0.187683,1.415718,0.000000,0.000000,0.505200,-0.321199,-0.026039,0.066149,0.222016,0.000000,0.000000
-5.612020,5.181058,0.891682,0.046856,0.039241,0.890787,0.450293,-0.262719,0.017622,0.182014,1.407565,-0.296529,-0.026512,0.069037,-0.071939,0.044307,0.534685,-0.483100,-0.040203,0.215008,-0.009060,0.915356,0.423590,-0.084336,0.180884,1.436683,0.000000,0.000000,0.469535,-0.318775,-0.021534,0.034670,0.200253,0.000000,0.000000
-5.629434,5.201470,0.895189,0.039146,0.038482,0.886111,0.460212,-0.289775,0.033478,0.197408,1.309565,-0.281474,-0.026906,0.082164,-0.069423,0.051809,0.519116,-0.439394,-0.041658,0.245861,-0.010466,0.945331,0.424753,-0.056920,0.176499,1.416197,0.000000,0.000000,0.435261,-0.315446,-0.013715,0.003934,0.181060,0.000000,0.000000
-5.647019,5.222895,0.899046,0.031509,0.036946,0.882294,0.468187,-0.309866,0.050157,0.211672,1.203658,-0.258476,-0.026143,0.096764,-0.065152,0.058076,0.501711,-0.385934,-0.042508,0.272847,-0.011630,0.973128,0.433805,-0.030092,0.169529,1.409324,0.000000,0.000000,0.404188,-0.312108,-0.010671,-0.026034,0.171935,0.000000,0.000000
-5.665685,5.244890,0.903215,0.023456,0.035483,0.879021,0.474883,-0.325258,0.065504,0.225185,1.089308,-0.220221,-0.025121,0.112326,-0.061891,0.062156,0.481695,-0.329499,-0.043199,0.300472,-0.012838,0.998241,0.445407,-0.003756,0.158973,1.410038,0.000000,0.000000,0.376012,-0.307226,-0.011715,-0.057489,0.172584,0.000000,0.000000
-5.687602,5.265590,0.907734,0.016013,0.035587,0.875848,0.481006,-0.338431,0.069010,0.223703,0.963524,-0.186374,-0.022731,0.128089,-0.066950,0.062095,0.460099,-0.264726,-0.045555,0.327819,-0.013998,1.020072,0.453564,0.013999,0.152560,1.401580,0.000000,0.000000,0.351535,-0.304117,-0.012790,-0.087128,0.176483,0.000000,0.000000
-5.707098,5.289721,0.911688,0.010828,0.035598,0.874154,0.484222,-0.345940,0.078401,0.246056,0.849164,-0.118424,-0.025115,0.147097,-0.068395,0.056241,0.438981,-0.184223,-0.045863,0.350316,-0.014912,1.041895,0.466490,0.032128,0.139394,1.401790,0.000000,0.000000,0.334030,-0.303284,-0.020112,-0.116345,0.180647,0.000000,0.000000
-5.728408,5.311656,0.915540,0.004587,0.035359,0.871886,0.488410,-0.351571,0.081637,0.256484,0.721577,-0.055629,-0.025358,0.164185,-0.074181,0.043367,0.419198,-0.111695,-0.045955,0.375054,-0.015831,1.063023,0.474471,0.047848,0.132372,1.398692,0.000000,0.000000,0.318437,-0.303672,-0.028109,-0.151092,0.188392,0.000000,0.000000
-5.749501,5.332833,0.919386,-0.000589,0.035302,0.870368,0.491134,-0.352676,0.083084,0.256201,0.588634,0.006506,-0.022916,0.179812,-0.081550,0.030957,0.405953,-0.034273,-0.046535,0.394029,-0.016592,1.079392,0.479401,0.057533,0.130050,1.389567,0.000000,0.000000,0.305513,-0.304610,-0.030801,-0.188214,0.196748,0.000000,0.000000
-5.771382,5.353205,0.923091,-0.005438,0.035286,0.868612,0.494206,-0.349400,0.082123,0.250932,0.451395,0.076326,-0.019873,0.194219,-0.092077,0.019938,0.397148,0.034258,-0.048228,0.407982,-0.017286,1.094390,0.492948,0.060961,0.127746,1.378053,0.000000,0.000000,0.294247,-0.311799,-0.031676,-0.226763,0.216648,0.000000,0.000000
-5.793908,5.372730,0.927456,-0.009375,0.035210,0.867104,0.496792,-0.342016,0.082803,0.232009,0.310813,0.135202,-0.013238,0.205623,-0.105746,0.009638,0.401041,0.083565,-0.050927,0.421838,-0.017803,1.108796,0.495089,0.079098,0.126335,1.368603,0.000000,0.000000,0.283098,-0.317648,-0.028652,-0.264470,0.245003,0.000000,0.000000
-5.817522,5.392174,0.931273,-0.013984,0.035601,0.865206,0.499955,-0.332935,0.081096,0.217810,0.171986,0.181721,-0.008438,0.214463,-0.122851,-0.004522,0.413854,0.121557,-0.053918,0.434766,-0.018352,1.124548,0.494848,0.093363,0.120540,1.356059,0.000000,0.000000,0.272761,-0.326589,-0.024292,-0.304421,0.257918,0.000000,0.000000
-5.842051,5.412435,0.933424,-0.019288,0.034142,0.863434,0.502936,-0.326176,0.080345,0.214525,0.052290,0.215675,-0.005813,0.224143,-0.137437,-0.014148,0.430643,0.137440,-0.056921,0.442558,-0.018775,1.140180,0.498468,0.110832,0.112788,1.342645,0.000000,0.000000,0.262062,-0.340151,-0.023282,-0.345973,0.254995,0.000000,0.000000
-5.866817,5.432803,0.934970,-0.020879,0.033037,0.862755,0.504109,-0.320233,0.076483,0.213466,-0.017450,0.232250,-0.005303,0.234244,-0.150004,-0.021710,0.448657,0.140115,-0.059745,0.448215,-0.019087,1.153059,0.500358,0.122572,0.106596,1.332009,0.000000,0.000000,0.258067,-0.352152,-0.024183,-0.374108,0.248883,0.000000,0.000000
-5.891765,5.453225,0.935178,-0.023418,0.031616,0.863743,0.502394,-0.316648,0.071821,0.209935,-0.017450,0.241571,-0.004927,0.246062,-0.162744,-0.029470,0.475741,0.134900,-0.062576,0.454533,-0.019247,1.167970,0.498162,0.141290,0.097688,1.325833,0.000000,0.000000,0.254070,-0.362979,-0.028815,-0.405119,0.244594,0.000000,0.000000
-5.915803,5.473695,0.935965,-0.025283,0.031176,0.861570,0.506049,-0.312659,0.069846,0.206131,-0.017450,0.244800,-0.004282,0.255802,-0.180467,-0.037221,0.510189,0.124545,-0.066900,0.455175,-0.019313,1.187095,0.494013,0.161865,0.084211,1.322041,0.000000,0.000000,0.248287,-0.378320,-0.023415,-0.437790,0.240821,0.000000,0.000000
-5.938860,5.494153,0.936805,-0.026096,0.028343,0.860938,0.507249,-0.307776,0.070162,0.207094,-0.017450,0.243456,-0.003847,0.265818,-0.197836,-0.045480,0.558921,0.107839,-0.070882,0.455492,-0.019383,1.206342,0.471682,0.179799,0.070389,1.332987,0.000000,0.000000,0.240391,-0.396609,-0.013633,-0.469251,0.218247,0.000000,0.000000
-5.961984,5.515124,0.936857,-0.025545,0.026768,0.861123,0.507049,-0.305459,0.066697,0.214479,-0.017450,0.247791,-0.005488,0.270670,-0.206194,-0.050254,0.586266,0.097959,-0.072724,0.452951,-0.019223,1.214577,0.463351,0.187916,0.065945,1.340054,0.000000,0.000000,0.236183,-0.402859,-0.006791,-0.480838,0.212821,0.000000,0.000000
-5.985897,5.536078,0.936458,-0.025769,0.025321,0.861619,0.506268,-0.302268,0.058765,0.229317,-0.017450,0.256639,-0.009201,0.277536,-0.219645,-0.059127,0.629093,0.089956,-0.075370,0.446504,-0.018732,1.225020,0.449308,0.201443,0.059177,1.348448,0.000000,0.000000,0.232295,-0.403434,0.004700,-0.497414,0.218194,0.000000,0.000000
-6.009799,5.556796,0.935869,-0.023559,0.023576,0.863552,0.503157,-0.297895,0.050265,0.236994,-0.017450,0.264843,-0.012368,0.284884,-0.230904,-0.061202,0.678440,0.081693,-0.078223,0.437359,-0.018307,1.233846,0.435660,0.214721,0.053091,1.354475,0.000000,0.000000,0.225017,-0.406050,0.017239,-0.507835,0.225103,0.000000,0.000000
-6.033919,5.578686,0.934402,-0.025648,0.021049,0.865996,0.498948,-0.293547,0.041444,0.240588,-0.017450,0.268169,-0.015068,0.292767,-0.239573,-0.061946,0.746409,0.072067,-0.079826,0.424482,-0.017769,1.247369,0.423720,0.237551,0.039975,1.354762,0.000000,0.000000,0.224278,-0.410353,0.023723,-0.522685,0.235676,0.000000,0.000000
-6.057556,5.599693,0.933192,-0.024378,0.018923,0.867976,0.495646,-0.289279,0.033692,0.239958,-0.017450,0.271946,-0.016992,0.297437,-0.246309,-0.058545,0.812932,0.069401,-0.080898,0.413506,-0.017395,1.259418,0.415264,0.248341,0.029469,1.353551,0.000000,0.000000,0.229472,-0.410946,0.027076,-0.530381,0.241103,0.000000,0.000000
-6.080598,5.620636,0.932032,-0.022593,0.018103,0.870060,0.492095,-0.283008,0.024357,0.234641,-0.017450,0.273275,-0.018604,0.298597,-0.252778,-0.050708,0.890634,0.078856,-0.081243,0.400372,-0.017024,1.268503,0.414429,0.254168,0.020981,1.349628,0.000000,0.000000,0.237000,-0.410605,0.032336,-0.527797,0.243328,0.000000,0.000000
-6.104805,5.641509,0.929807,-0.022155,0.016221,0.872667,0.487543,-0.275730,0.013175,0.229858,-0.017450,0.270178,-0.020536,0.298504,-0.258035,-0.047379,0.966965,0.093700,-0.079456,0.388342,-0.016615,1.269447,0.411155,0.267132,0.011202,1.348045,0.000000,0.000000,0.248551,-0.409614,0.030530,-0.519405,0.251504,0.000000,0.000000
-6.128090,5.663126,0.928002,-0.018933,0.015180,0.875644,0.482346,-0.266552,0.002916,0.220443,-0.017450,0.262879,-0.021556,0.296198,-0.254379,-0.035458,1.036814,0.086438,-0.076755,0.373719,-0.016282,1.272405,0.420261,0.275015,0.006131,1.345541,0.000000,0.000000,0.259518,-0.413497,0.030295,-0.501261,0.255658,0.000000,0.000000
-6.152087,5.683514,0.925861,-0.013962,0.013511,0.878534,0.477284,-0.254255,-0.007233,0.201807,-0.017450,0.255051,-0.021037,0.293556,-0.251826,-0.022477,1.119292,0.078436,-0.073479,0.358543,-0.015983,1.271258,0.429237,0.274634,0.004226,1.337830,0.000000,0.000000,0.273726,-0.414631,0.033590,-0.470130,0.249868,0.000000,0.000000
-6.174867,5.705353,0.923436,-0.010618,0.011128,0.881656,0.471642,-0.242721,-0.011101,0.177095,-0.017450,0.247775,-0.018006,0.291601,-0.243948,-0.016403,1.187510,0.031876,-0.070168,0.343400,-0.015600,1.268164,0.440801,0.276809,0.000764,1.335429,0.000000,0.000000,0.290731,-0.412983,0.033580,-0.442418,0.245706,0.000000,0.000000
-6.196764,5.727524,0.920205,-0.008327,0.008519,0.885747,0.464016,-0.230891,-0.012810,0.146763,-0.017450,0.245638,-0.013498,0.287051,-0.220869,-0.001169,1.263594,-0.018172,-0.064893,0.325970,-0.015122,1.256493,0.444536,0.272273,0.008027,1.328175,0.000000,0.000000,0.314782,-0.405679,0.028171,-0.412823,0.245195,0.000000,0.000000
-6.220487,5.748077,0.916377,-0.005844,0.006183,0.889816,0.456240,-0.218241,-0.018126,0.115676,-0.017450,0.239675,-0.009708,0.281904,-0.209317,-0.000392,1.339170,-0.045671,-0.059901,0.307446,-0.014586,1.244266,0.456407,0.265350,0.010857,1.328153,0.000000,0.000000,0.344513,-0.396454,0.022225,-0.382631,0.241449,0.000000,0.000000
-6.244756,5.768187,0.912659,-0.001593,0.005114,0.893410,0.449210,-0.202944,-0.026043,0.082526,-0.017450,0.233090,-0.006159,0.276111,-0.212990,-0.010178,1.412604,-0.060403,-0.056505,0.293189,-0.014184,1.230397,0.475537,0.253696,0.010783,1.333509,0.000000,0.000000,0.377898,-0.387378,0.017914,-0.348127,0.235125,0.000000,0.000000
-6.269036,5.788595,0.908703,0.002048,0.003446,0.896995,0.442023,-0.185555,-0.034058,0.049133,-0.017450,0.214469,-0.002479,0.268289,-0.215208,-0.017079,1.484668,-0.063714,-0.052400,0.279168,-0.013793,1.213397,0.490025,0.239146,0.012030,1.343443,0.000000,0.000000,0.412693,-0.375352,0.014028,-0.310411,0.226033,0.000000,0.000000
-6.292533,5.809634,0.898919,0.004112,0.002351,0.899731,0.436419,-0.168280,-0.041973,0.015936,-0.009325,0.129538,0.001431,0.256625,-0.212786,-0.022337,1.549979,-0.075843,-0.048295,0.264875,-0.013359,1.196640,0.508512,0.224244,0.004220,1.354758,0.000000,0.000000,0.446548,-0.360685,0.007394,-0.269796,0.210810,0.000000,0.000000
-6.316077,5.831405,0.886239,0.006669,0.001384,0.900833,0.434112,-0.151977,-0.050204,-0.004928,0.037850,0.039335,0.003107,0.245042,-0.212054,-0.023999,1.605885,-0.093923,-0.045837,0.253813,-0.012931,1.178166,0.517978,0.213529,-0.001650,1.362079,0.000000,0.000000,0.476342,-0.349857,0.005019,-0.226670,0.196705,0.000000,0.000000
-6.341151,5.851873,0.877377,0.009658,-0.000731,0.903511,0.428455,-0.136156,-0.061003,-0.023796,0.095655,-0.048636,0.003712,0.233051,-0.217382,-0.034554,1.662251,-0.124816,-0.044639,0.233526,-0.012245,1.157240,0.522965,0.201784,-0.003005,1.364357,0.000000,0.000000,0.504357,-0.340649,0.013552,-0.180999,0.186122,0.000000,0.000000
-6.366850,5.871926,0.871302,0.013917,-0.004113,0.905643,0.423792,-0.118852,-0.072525,-0.028969,0.158108,-0.122542,0.001936,0.220649,-0.227057,-0.041733,1.717683,-0.133187,-0.043340,0.208228,-0.011358,1.136899,0.515700,0.179780,-0.003749,1.367250,0.000000,0.000000,0.532130,-0.332087,0.031347,-0.131657,0.167971,0.000000,0.000000
-6.390722,5.888628,0.867093,0.020950,-0.009145,0.906993,0.420525,-0.101321,-0.082093,-0.036547,0.222143,-0.195745,0.000876,0.208294,-0.245752,-0.046097,1.778163,-0.099066,-0.039981,0.180606,-0.010226,1.109350,0.488445,0.155363,0.017012,1.384909,0.000000,0.000000,0.549201,-0.331057,0.061932,-0.062583,0.160959,0.000000,0.000000
-6.411070,5.908414,0.864036,0.024374,-0.012673,0.910686,0.412184,-0.086445,-0.084262,-0.056677,0.272494,-0.251999,0.003329,0.193662,-0.236739,-0.049008,1.820376,-0.103631,-0.035862,0.152499,-0.009144,1.079246,0.485277,0.135282,0.025554,1.391892,0.000000,0.000000,0.570821,-0.335726,0.072973,-0.001679,0.136840,0.000000,0.000000
-6.432703,5.924388,0.860716,0.027050,-0.014642,0.916803,0.398153,-0.073574,-0.095288,-0.095466,0.321796,-0.305431,0.006501,0.175930,-0.231027,-0.062122,1.862076,-0.115310,-0.032660,0.123065,-0.008096,1.034506,0.492068,0.095317,0.041501,1.404101,0.000000,0.000000,0.589008,-0.351630,0.063116,0.087978,-0.057346,0.000000,0.000000
-6.456268,5.941403,0.858745,0.029240,-0.018114,0.922154,0.385291,-0.056223,-0.101836,-0.112238,0.361126,-0.341769,0.007361,0.159667,-0.225752,-0.070369,1.890105,-0.111152,-0.030030,0.090503,-0.006548,0.995547,0.491801,0.066732,0.049218,1.417593,0.000000,0.000000,0.610708,-0.341130,0.063859,0.119076,-0.056543,0.000000,0.000000
-6.478071,5.958279,0.859747,0.037522,-0.021018,0.927790,0.370616,-0.030772,-0.110377,-0.139344,0.400728,-0.369360,0.009240,0.143508,-0.222709,-0.086880,1.921764,-0.128472,-0.028168,0.057260,-0.005150,0.943288,0.498712,0.015781,0.075001,1.423315,0.000000,0.000000,0.640278,-0.319389,0.064548,0.174405,0.029571,0.000000,0.000000
-6.495868,5.980082,0.862069,0.039709,-0.024084,0.932144,0.359098,-0.006463,-0.105469,-0.161412,0.422518,-0.398607,0.013585,0.114642,-0.185593,-0.100509,1.939801,-0.377308,-0.032709,0.034150,-0.004095,0.879344,0.518012,-0.029940,0.103530,1.426760,0.000000,0.000000,0.672205,-0.327102,0.059802,0.228321,0.012987,0.000000,0.000000
-6.514072,5.998002,0.867108,0.044036,-0.027798,0.934867,0.351157,0.016798,-0.102239,-0.176541,0.443029,-0.417440,0.016610,0.088292,-0.170034,-0.111105,1.942827,-0.445160,-0.031974,0.018551,-0.002964,0.821145,0.528999,-0.078121,0.120703,1.425451,0.000000,0.000000,0.711460,-0.297844,0.069017,0.258317,0.175912,0.000000,0.000000
-6.532978,6.012968,0.873552,0.046528,-0.032076,0.936719,0.345490,0.036563,-0.099241,-0.179166,0.462395,-0.433603,0.017722,0.060233,-0.165206,-0.113319,1.927911,-0.457119,-0.031395,0.002111,-0.002261,0.773276,0.543176,-0.101861,0.128191,1.429161,0.000000,0.000000,0.740577,-0.294247,0.080262,0.301559,0.185643,0.000000,0.000000
-6.547385,6.027391,0.884519,0.050033,-0.034999,0.939215,0.337855,0.052899,-0.093894,-0.182063,0.483525,-0.445958,0.019547,0.027495,-0.152886,-0.120678,1.897911,-0.409445,-0.026927,-0.013416,-0.001353,0.719753,0.554195,-0.130984,0.126910,1.444427,0.000000,0.000000,0.766218,-0.283643,0.087659,0.352598,0.178437,0.000000,0.000000
-6.563867,6.039013,0.889635,0.047493,-0.036685,0.942416,0.329016,0.062014,-0.089170,-0.184390,0.497079,-0.453164,0.021159,-0.011108,-0.147776,-0.121779,1.866536,-0.406724,-0.025288,-0.036548,-0.000194,0.664376,0.557578,-0.149521,0.119209,1.458964,0.000000,0.000000,0.785230,-0.278163,0.093910,0.391091,0.171325,0.000000,0.000000
-6.574697,6.051425,0.891977,0.047072,-0.035953,0.945501,0.320187,0.068062,-0.084888,-0.186312,0.510683,-0.446880,0.022736,-0.056551,-0.133123,-0.136524,1.831047,-0.381364,-0.018506,-0.061312,0.001045,0.610725,0.549041,-0.163237,0.109815,1.461510,0.000000,0.000000,0.805136,-0.272250,0.096447,0.427469,0.168212,0.000000,0.000000
-6.585996,6.062590,0.893052,0.043550,-0.034201,0.948935,0.310575,0.071236,-0.080844,-0.188041,0.518254,-0.437310,0.024244,-0.105747,-0.123566,-0.157192,1.788937,-0.333536,-0.010797,-0.093395,0.002575,0.560510,0.529261,-0.156891,0.085138,1.473416,0.000000,0.000000,0.821637,-0.269959,0.098884,0.452170,0.170093,0.000000,0.000000
-6.597045,6.074965,0.893391,0.041436,-0.030670,0.951225,0.304162,0.076425,-0.079102,-0.188876,0.520061,-0.432807,0.024921,-0.153500,-0.118920,-0.165981,1.737820,-0.317311,-0.006185,-0.121364,0.003894,0.520426,0.509416,-0.165943,0.090051,1.460384,0.000000,0.000000,0.830455,-0.275752,0.109475,0.486648,0.166523,0.000000,0.000000
-6.609416,6.090584,0.893301,0.037544,-0.025111,0.954529,0.294676,0.081884,-0.075336,-0.189337,0.517979,-0.421827,0.026093,-0.201211,-0.110712,-0.171336,1.668926,-0.331957,-0.001371,-0.150617,0.005829,0.464308,0.494823,-0.151312,0.078385,1.467661,0.000000,0.000000,0.829199,-0.333844,0.128500,0.548736,-0.173067,0.000000,0.000000
-6.631417,6.104604,0.895764,0.035432,-0.020009,0.956531,0.288778,0.093837,-0.081004,-0.187670,0.518611,-0.403110,0.024301,-0.224989,-0.135739,-0.180385,1.608349,-0.203326,-0.003690,-0.179551,0.007373,0.431147,0.481461,-0.136134,0.051956,1.469795,0.000000,0.000000,0.840776,-0.333540,0.126560,0.570268,-0.236618,0.000000,0.000000
-6.651980,6.123229,0.898637,0.034041,-0.016887,0.957020,0.287520,0.111992,-0.085702,-0.185590,0.525587,-0.369150,0.022686,-0.248512,-0.136703,-0.180710,1.522739,-0.170816,-0.002640,-0.197032,0.008354,0.402019,0.463421,-0.128102,0.029250,1.471214,0.000000,0.000000,0.856366,-0.338193,0.118378,0.584379,-0.224633,0.000000,0.000000
-6.673716,6.143795,0.903273,0.030895,-0.012071,0.957711,0.285813,0.133667,-0.088854,-0.184540,0.515557,-0.333304,0.021471,-0.268742,-0.135249,-0.179760,1.426853,-0.149486,-0.002009,-0.215857,0.009272,0.377599,0.440701,-0.115519,0.009227,1.476722,0.000000,0.000000,0.877860,-0.335896,0.110809,0.587950,-0.207954,0.000000,0.000000
