-0.000359,-0.014831,0.864359,0.027633,-0.027884,-0.709906,-0.703202,0.012326,0.021153,0.093089,0.122019,-0.211036,-0.061640,0.008236,0.022804,-0.084606,0.149840,-0.210651,-0.057086,-0.047877,0.001415,-0.160339,0.308868,-0.889829,1.117542,-0.007675,0.000000,0.000000,-0.056301,-0.298188,0.795013,0.979355,-0.162952,0.000000,0.000000
-0.000359,-0.014831,0.864358,0.027633,-0.027884,-0.709906,-0.703202,0.012334,0.021169,0.093151,0.122131,-0.211205,-0.061685,0.008241,0.022820,-0.084663,0.149972,-0.210823,-0.057123,-0.047906,0.001398,-0.160386,0.308935,-0.890547,1.118211,-0.007904,0.000000,0.000000,-0.056313,-0.298297,0.795600,0.979939,-0.162918,0.000000,0.000000
-0.000359,-0.014831,0.864357,0.027633,-0.027884,-0.709906,-0.703202,0.012340,0.021184,0.093207,0.122233,-0.211357,-0.061726,0.008245,0.022836,-0.084714,0.150089,-0.210977,-0.057157,-0.047932,0.001394,-0.160426,0.308993,-0.891192,1.118812,-0.008111,0.000000,0.000000,-0.056322,-0.298400,0.796128,0.980463,-0.162885,0.000000,0.000000
-0.000359,-0.014831,0.864356,0.027633,-0.027884,-0.709906,-0.703202,0.012347,0.021197,0.093257,0.122327,-0.211494,-0.061762,0.008249,0.022849,-0.084760,0.150196,-0.211117,-0.057187,-0.047957,0.001380,-0.160462,0.309047,-0.891773,1.119353,-0.008295,0.000000,0.000000,-0.056329,-0.298492,0.796603,0.980935,-0.162854,0.000000,0.000000
-0.000359,-0.014831,0.864355,0.027633,-0.027884,-0.709906,-0.703202,0.012353,0.021208,0.093302,0.122410,-0.211619,-0.061796,0.008253,0.022862,-0.084801,0.150294,-0.211244,-0.057214,-0.047977,0.001375,-0.160493,0.309097,-0.892297,1.119840,-0.008463,0.000000,0.000000,-0.056337,-0.298573,0.797031,0.981359,-0.162827,0.000000,0.000000
-0.000346,-0.014709,0.864350,0.027653,-0.027909,-0.709906,-0.703200,0.012357,0.021220,0.093343,0.122487,-0.211732,-0.061826,0.008256,0.022874,-0.084839,0.150382,-0.211360,-0.057238,-0.047997,0.001368,-0.160521,0.309155,-0.892769,1.120277,-0.008615,0.000000,0.000000,-0.056342,-0.298661,0.797417,0.981742,-0.162803,0.000000,0.000000
-0.000327,-0.014513,0.864338,0.027686,-0.027949,-0.709905,-0.703198,0.012362,0.021230,0.093380,0.122556,-0.211834,-0.061852,0.008259,0.022883,-0.084875,0.150462,-0.211464,-0.057260,-0.048013,0.001365,-0.160546,0.309222,-0.893194,1.120667,-0.008751,0.000000,0.000000,-0.056346,-0.298759,0.797764,0.982084,-0.162781,0.000000,0.000000
-0.000311,-0.014338,0.864322,0.027716,-0.027986,-0.709905,-0.703195,0.012365,0.021240,0.093414,0.122619,-0.211926,-0.061875,0.008261,0.022891,-0.084908,0.150535,-0.211558,-0.057281,-0.048029,0.001365,-0.160567,0.309300,-0.893579,1.121019,-0.008875,0.000000,0.000000,-0.056349,-0.298868,0.798077,0.982394,-0.162762,0.000000,0.000000
-0.000292,-0.014167,0.864303,0.027746,-0.028023,-0.709906,-0.703192,0.012369,0.021248,0.093444,0.122677,-0.212010,-0.061896,0.008263,0.022898,-0.084940,0.150601,-0.211644,-0.057299,-0.048043,0.001360,-0.160585,0.309384,-0.893926,1.121336,-0.008986,0.000000,0.000000,-0.056350,-0.298984,0.798360,0.982671,-0.162744,0.000000,0.000000
-0.000276,-0.013993,0.864285,0.027778,-0.028060,-0.709907,-0.703188,0.012372,0.021256,0.093472,0.122729,-0.212086,-0.061915,0.008266,0.022904,-0.084968,0.150660,-0.211722,-0.057315,-0.048055,0.001354,-0.160601,0.309476,-0.894239,1.121621,-0.009086,0.000000,0.000000,-0.056352,-0.299109,0.798615,0.982921,-0.162728,0.000000,0.000000
-0.000266,-0.013809,0.864267,0.027814,-0.028099,-0.709909,-0.703183,0.012375,0.021262,0.093497,0.122777,-0.212156,-0.061932,0.008268,0.022907,-0.084994,0.150714,-0.211792,-0.057330,-0.048066,0.001341,-0.160617,0.309574,-0.894522,1.121877,-0.009176,0.000000,0.000000,-0.056351,-0.299240,0.798846,0.983146,-0.162713,0.000000,0.000000
-0.000259,-0.013604,0.864243,0.027857,-0.028143,-0.709912,-0.703176,0.012377,0.021268,0.093519,0.122820,-0.212218,-0.061947,0.008270,0.022909,-0.085019,0.150763,-0.211855,-0.057344,-0.048077,0.001340,-0.160630,0.309682,-0.894778,1.122107,-0.009258,0.000000,0.000000,-0.056351,-0.299379,0.799054,0.983348,-0.162700,0.000000,0.000000
-0.000246,-0.013279,0.864210,0.027927,-0.028215,-0.709921,-0.703162,0.012380,0.021274,0.093540,0.122859,-0.212275,-0.061960,0.008272,0.022910,-0.085043,0.150808,-0.211913,-0.057356,-0.048083,0.001343,-0.160641,0.309808,-0.895009,1.122312,-0.009332,0.000000,0.000000,-0.056350,-0.299540,0.799242,0.983534,-0.162687,0.000000,0.000000
-0.000230,-0.013102,0.864191,0.027964,-0.028256,-0.709926,-0.703154,0.012382,0.021281,0.093559,0.122895,-0.212326,-0.061971,0.008273,0.022911,-0.085066,0.150850,-0.211965,-0.057369,-0.048090,0.001344,-0.160651,0.309936,-0.895218,1.122502,-0.009399,0.000000,0.000000,-0.056348,-0.299702,0.799415,0.983702,-0.162677,0.000000,0.000000
-0.000191,-0.012800,0.864145,0.028028,-0.028331,-0.709938,-0.703136,0.012385,0.021286,0.093577,0.122928,-0.212373,-0.061981,0.008274,0.022908,-0.085088,0.150887,-0.212013,-0.057381,-0.048095,0.001346,-0.160659,0.310079,-0.895406,1.122671,-0.009460,0.000000,0.000000,-0.056346,-0.299882,0.799572,0.983852,-0.162669,0.000000,0.000000
-0.000183,-0.012636,0.864122,0.028064,-0.028370,-0.709944,-0.703126,0.012387,0.021292,0.093594,0.122958,-0.212415,-0.061989,0.008276,0.022904,-0.085108,0.150923,-0.212056,-0.057392,-0.048099,0.001343,-0.160668,0.310222,-0.895577,1.122822,-0.009514,0.000000,0.000000,-0.056342,-0.300064,0.799713,0.983991,-0.162663,0.000000,0.000000
-0.000163,-0.012322,0.864078,0.028135,-0.028446,-0.709958,-0.703106,0.012389,0.021298,0.093609,0.122987,-0.212454,-0.061997,0.008277,0.022899,-0.085128,0.150956,-0.212096,-0.057402,-0.048100,0.001346,-0.160673,0.310379,-0.895732,1.122961,-0.009562,0.000000,0.000000,-0.056337,-0.300259,0.799843,0.984117,-0.162657,0.000000,0.000000
-0.000140,-0.012025,0.864031,0.028204,-0.028522,-0.709972,-0.703086,0.012391,0.021304,0.093624,0.123013,-0.212489,-0.062002,0.008279,0.022895,-0.085148,0.150985,-0.212132,-0.057412,-0.048101,0.001348,-0.160677,0.310550,-0.895872,1.123085,-0.009609,0.000000,0.000000,-0.056331,-0.300470,0.799962,0.984229,-0.162651,0.000000,0.000000
-0.000117,-0.011729,0.863990,0.028277,-0.028599,-0.709985,-0.703068,0.012394,0.021310,0.093638,0.123040,-0.212521,-0.062007,0.008280,0.022891,-0.085167,0.151014,-0.212166,-0.057422,-0.048100,0.001349,-0.160682,0.310727,-0.896000,1.123196,-0.009649,0.000000,0.000000,-0.056326,-0.300692,0.800071,0.984334,-0.162646,0.000000,0.000000
-0.000096,-0.011536,0.863968,0.028323,-0.028649,-0.709992,-0.703057,0.012397,0.021317,0.093651,0.123065,-0.212549,-0.062011,0.008282,0.022885,-0.085186,0.151040,-0.212196,-0.057431,-0.048098,0.001355,-0.160687,0.310905,-0.896116,1.123296,-0.009685,0.000000,0.000000,-0.056320,-0.300913,0.800170,0.984430,-0.162642,0.000000,0.000000
-0.000087,-0.010984,0.863926,0.028481,-0.028794,-0.710012,-0.703024,0.012400,0.021324,0.093665,0.123090,-0.212574,-0.062013,0.008285,0.022876,-0.085207,0.151065,-0.212224,-0.057440,-0.048095,0.001349,-0.160690,0.311115,-0.896221,1.123387,-0.009720,0.000000,0.000000,-0.056311,-0.301174,0.800263,0.984518,-0.162639,0.000000,0.000000
-0.000079,-0.010881,0.863914,0.028509,-0.028820,-0.710015,-0.703018,0.012402,0.021329,0.093677,0.123115,-0.212597,-0.062016,0.008287,0.022869,-0.085225,0.151088,-0.212250,-0.057448,-0.048092,0.001342,-0.160693,0.311314,-0.896317,1.123471,-0.009753,0.000000,0.000000,-0.056304,-0.301420,0.800347,0.984597,-0.162636,0.000000,0.000000
-0.000078,-0.010372,0.863869,0.028674,-0.028957,-0.710034,-0.702987,0.012406,0.021333,0.093690,0.123140,-0.212616,-0.062018,0.008290,0.022861,-0.085245,0.151112,-0.212275,-0.057457,-0.048088,0.001341,-0.160695,0.311544,-0.896402,1.123542,-0.009783,0.000000,0.000000,-0.056295,-0.301702,0.800426,0.984674,-0.162633,0.000000,0.000000
-0.000083,-0.010212,0.863855,0.028724,-0.028996,-0.710039,-0.702979,0.012410,0.021338,0.093702,0.123166,-0.212634,-0.062021,0.008292,0.022851,-0.085265,0.151133,-0.212297,-0.057465,-0.048084,0.001333,-0.160697,0.311764,-0.896482,1.123606,-0.009811,0.000000,0.000000,-0.056285,-0.301974,0.800496,0.984743,-0.162629,0.000000,0.000000
-0.000071,-0.010046,0.863831,0.028774,-0.029040,-0.710044,-0.702970,0.012414,0.021341,0.093714,0.123190,-0.212648,-0.062025,0.008294,0.022842,-0.085283,0.151153,-0.212317,-0.057473,-0.048080,0.001326,-0.160697,0.311975,-0.896554,1.123664,-0.009836,0.000000,0.000000,-0.056276,-0.302237,0.800559,0.984806,-0.162626,0.000000,0.000000
-0.000006,-0.009061,0.863542,0.032556,-0.032310,-0.711171,-0.701521,0.011379,0.021674,0.093751,0.120676,-0.211785,-0.065299,0.007706,0.022761,-0.087920,0.148644,-0.213908,-0.057813,-0.048460,0.001318,-0.160921,0.314371,-0.897413,1.119632,-0.013805,0.000000,0.000000,-0.055685,-0.305083,0.801247,0.984235,-0.158684,0.000000,0.000000
-0.000006,-0.009061,0.863546,0.032556,-0.032310,-0.711171,-0.701521,0.011231,0.021725,0.093756,0.120306,-0.211655,-0.065773,0.007623,0.022751,-0.088299,0.148280,-0.214137,-0.057863,-0.048516,0.001319,-0.160956,0.314707,-0.897535,1.119056,-0.014375,0.000000,0.000000,-0.055601,-0.305493,0.801348,0.984158,-0.158116,0.000000,0.000000
-0.000006,-0.009061,0.863550,0.032556,-0.032310,-0.711171,-0.701521,0.011098,0.021770,0.093761,0.119972,-0.211535,-0.066200,0.007549,0.022741,-0.088639,0.147951,-0.214342,-0.057908,-0.048568,0.001318,-0.160988,0.315007,-0.897645,1.118542,-0.014889,0.000000,0.000000,-0.055526,-0.305862,0.801439,0.984089,-0.157606,0.000000,0.000000
-0.000000,-0.009015,0.863551,0.032564,-0.032320,-0.711172,-0.701519,0.010978,0.021810,0.093765,0.119669,-0.211426,-0.066585,0.007481,0.022735,-0.088945,0.147654,-0.214527,-0.057949,-0.048613,0.001313,-0.161016,0.315280,-0.897742,1.118080,-0.015349,0.000000,0.000000,-0.055457,-0.306198,0.801521,0.984028,-0.157148,0.000000,0.000000
0.000058,-0.008687,0.863527,0.032615,-0.032392,-0.711180,-0.701506,0.010871,0.021848,0.093769,0.119396,-0.211326,-0.066932,0.007421,0.022729,-0.089221,0.147386,-0.214693,-0.057988,-0.048655,0.001315,-0.161042,0.315548,-0.897830,1.117665,-0.015763,0.000000,0.000000,-0.055397,-0.306528,0.801596,0.983974,-0.156738,0.000000,0.000000
0.000118,-0.008367,0.863504,0.032661,-0.032467,-0.711188,-0.701492,0.010773,0.021884,0.093772,0.119147,-0.211235,-0.067243,0.007368,0.022725,-0.089469,0.147144,-0.214842,-0.058022,-0.048692,0.001320,-0.161066,0.315813,-0.897910,1.117294,-0.016138,0.000000,0.000000,-0.055344,-0.306852,0.801665,0.983924,-0.156366,0.000000,0.000000
0.000167,-0.008035,0.863492,0.032708,-0.032543,-0.711197,-0.701477,0.010685,0.021918,0.093776,0.118923,-0.211152,-0.067521,0.007320,0.022721,-0.089692,0.146926,-0.214977,-0.058053,-0.048725,0.001326,-0.161088,0.316070,-0.897982,1.116962,-0.016474,0.000000,0.000000,-0.055296,-0.307171,0.801728,0.983880,-0.156033,0.000000,0.000000
0.000211,-0.007712,0.863481,0.032754,-0.032620,-0.711206,-0.701462,0.010606,0.021951,0.093780,0.118719,-0.211077,-0.067770,0.007277,0.022717,-0.089893,0.146731,-0.215098,-0.058079,-0.048755,0.001330,-0.161109,0.316326,-0.898048,1.116665,-0.016776,0.000000,0.000000,-0.055253,-0.307482,0.801786,0.983843,-0.155733,0.000000,0.000000
0.000271,-0.007417,0.863451,0.032797,-0.032693,-0.711217,-0.701446,0.010536,0.021982,0.093784,0.118536,-0.211009,-0.067992,0.007239,0.022712,-0.090075,0.146555,-0.215207,-0.058104,-0.048782,0.001335,-0.161127,0.316578,-0.898109,1.116394,-0.017050,0.000000,0.000000,-0.055214,-0.307791,0.801839,0.983811,-0.155464,0.000000,0.000000
0.000332,-0.007124,0.863418,0.032845,-0.032767,-0.711229,-0.701428,0.010473,0.022011,0.093789,0.118370,-0.210947,-0.068191,0.007206,0.022711,-0.090238,0.146397,-0.215305,-0.058126,-0.048805,0.001337,-0.161144,0.316826,-0.898163,1.116152,-0.017296,0.000000,0.000000,-0.055180,-0.308096,0.801886,0.983783,-0.155222,0.000000,0.000000
0.000368,-0.006804,0.863393,0.032907,-0.032839,-0.711241,-0.701410,0.010417,0.022038,0.093793,0.118220,-0.210890,-0.068371,0.007175,0.022709,-0.090384,0.146254,-0.215394,-0.058145,-0.048827,0.001345,-0.161160,0.317070,-0.898213,1.115934,-0.017517,0.000000,0.000000,-0.055150,-0.308402,0.801931,0.983755,-0.155007,0.000000,0.000000
0.000392,-0.006471,0.863372,0.032978,-0.032912,-0.711253,-0.701391,0.010366,0.022061,0.093798,0.118087,-0.210838,-0.068534,0.007149,0.022707,-0.090516,0.146127,-0.215474,-0.058163,-0.048847,0.001349,-0.161174,0.317312,-0.898258,1.115740,-0.017716,0.000000,0.000000,-0.055122,-0.308700,0.801974,0.983730,-0.154811,0.000000,0.000000
0.000417,-0.006130,0.863351,0.033051,-0.032988,-0.711265,-0.701372,0.010321,0.022082,0.093802,0.117966,-0.210791,-0.068683,0.007124,0.022705,-0.090636,0.146013,-0.215546,-0.058179,-0.048863,0.001344,-0.161186,0.317553,-0.898301,1.115565,-0.017896,0.000000,0.000000,-0.055097,-0.308993,0.802015,0.983709,-0.154636,0.000000,0.000000
0.000467,-0.005803,0.863323,0.033118,-0.033066,-0.711276,-0.701354,0.010280,0.022101,0.093806,0.117858,-0.210747,-0.068818,0.007102,0.022705,-0.090743,0.145911,-0.215610,-0.058195,-0.048877,0.001352,-0.161198,0.317791,-0.898341,1.115409,-0.018058,0.000000,0.000000,-0.055076,-0.309286,0.802052,0.983690,-0.154479,0.000000,0.000000
0.000526,-0.005484,0.863297,0.033181,-0.033146,-0.711286,-0.701337,0.010244,0.022118,0.093811,0.117763,-0.210707,-0.068940,0.007084,0.022704,-0.090840,0.145819,-0.215669,-0.058208,-0.048889,0.001354,-0.161208,0.318027,-0.898379,1.115269,-0.018204,0.000000,0.000000,-0.055057,-0.309574,0.802087,0.983672,-0.154338,0.000000,0.000000
0.000578,-0.005161,0.863282,0.033248,-0.033228,-0.711295,-0.701320,0.010212,0.022133,0.093816,0.117677,-0.210670,-0.069051,0.007068,0.022704,-0.090927,0.145738,-0.215722,-0.058219,-0.048900,0.001356,-0.161219,0.318260,-0.898412,1.115143,-0.018334,0.000000,0.000000,-0.055040,-0.309857,0.802120,0.983657,-0.154212,0.000000,0.000000
0.000619,-0.004846,0.863272,0.033316,-0.033309,-0.711303,-0.701305,0.010184,0.022146,0.093821,0.117603,-0.210637,-0.069151,0.007053,0.022702,-0.091005,0.145666,-0.215770,-0.058231,-0.048909,0.001356,-0.161229,0.318494,-0.898444,1.115033,-0.018450,0.000000,0.000000,-0.055025,-0.310138,0.802151,0.983643,-0.154100,0.000000,0.000000
0.000674,-0.004530,0.863260,0.033383,-0.033394,-0.711310,-0.701290,0.010160,0.022159,0.093827,0.117537,-0.210605,-0.069242,0.007040,0.022701,-0.091076,0.145604,-0.215812,-0.058241,-0.048916,0.001355,-0.161237,0.318722,-0.898473,1.114932,-0.018558,0.000000,0.000000,-0.055013,-0.310417,0.802180,0.983630,-0.153997,0.000000,0.000000
0.000736,-0.003997,0.863255,0.033511,-0.033540,-0.711323,-0.701265,0.010139,0.022172,0.093834,0.117483,-0.210576,-0.069323,0.007031,0.022701,-0.091142,0.145552,-0.215851,-0.058251,-0.048921,0.001360,-0.161246,0.318970,-0.898500,1.114839,-0.018655,0.000000,0.000000,-0.055004,-0.310712,0.802209,0.983616,-0.153906,0.000000,0.000000
0.000764,-0.003847,0.863250,0.033545,-0.033583,-0.711325,-0.701259,0.010121,0.022184,0.093841,0.117434,-0.210548,-0.069397,0.007022,0.022700,-0.091200,0.145505,-0.215887,-0.058259,-0.048925,0.001367,-0.161255,0.319201,-0.898525,1.114755,-0.018742,0.000000,0.000000,-0.054995,-0.310991,0.802236,0.983605,-0.153824,0.000000,0.000000
0.000839,-0.003564,0.863234,0.033610,-0.033670,-0.711329,-0.701247,0.010105,0.022194,0.093848,0.117394,-0.210523,-0.069464,0.007016,0.022701,-0.091253,0.145465,-0.215918,-0.058266,-0.048928,0.001364,-0.161263,0.319428,-0.898549,1.114679,-0.018820,0.000000,0.000000,-0.054989,-0.311263,0.802260,0.983592,-0.153750,0.000000,0.000000
0.000908,-0.003267,0.863224,0.033680,-0.033759,-0.711332,-0.701237,0.010091,0.022204,0.093855,0.117361,-0.210500,-0.069525,0.007011,0.022701,-0.091302,0.145432,-0.215947,-0.058273,-0.048928,0.001368,-0.161270,0.319656,-0.898570,1.114610,-0.018892,0.000000,0.000000,-0.054984,-0.311533,0.802284,0.983578,-0.153683,0.000000,0.000000
0.000954,-0.002971,0.863219,0.033757,-0.033846,-0.711333,-0.701228,0.010080,0.022214,0.093862,0.117333,-0.210478,-0.069580,0.007007,0.022703,-0.091347,0.145404,-0.215973,-0.058279,-0.048927,0.001366,-0.161277,0.319876,-0.898589,1.114551,-0.018958,0.000000,0.000000,-0.054980,-0.311802,0.802306,0.983566,-0.153624,0.000000,0.000000
0.001158,-0.001976,0.863092,0.037210,-0.036571,-0.711175,-0.701077,0.009204,0.022770,0.094636,0.115551,-0.210617,-0.071197,0.006484,0.023706,-0.092441,0.143696,-0.217841,-0.058650,-0.048093,0.001367,-0.161738,0.322338,-0.899175,1.108591,-0.024462,0.000000,0.000000,-0.055576,-0.314604,0.802864,0.974271,-0.151770,0.000000,0.000000
0.001158,-0.001976,0.863094,0.037210,-0.036571,-0.711175,-0.701077,0.009104,0.022835,0.094723,0.115346,-0.210630,-0.071381,0.006427,0.023822,-0.092564,0.143498,-0.218052,-0.058694,-0.047998,0.001371,-0.161793,0.322610,-0.899242,1.107923,-0.025083,0.000000,0.000000,-0.055648,-0.314914,0.802927,0.973225,-0.151562,0.000000,0.000000
0.001158,-0.001976,0.863095,0.037210,-0.036571,-0.711175,-0.701077,0.009015,0.022893,0.094802,0.115160,-0.210640,-0.071547,0.006375,0.023926,-0.092675,0.143320,-0.218243,-0.058734,-0.047912,0.001363,-0.161845,0.322853,-0.899303,1.107324,-0.025641,0.000000,0.000000,-0.055713,-0.315189,0.802982,0.972286,-0.151376,0.000000,0.000000
0.001190,-0.001878,0.863083,0.037221,-0.036595,-0.711172,-0.701077,0.008936,0.022945,0.094873,0.114991,-0.210649,-0.071697,0.006330,0.024018,-0.092774,0.143160,-0.218414,-0.058771,-0.047835,0.001361,-0.161891,0.323077,-0.899357,1.106785,-0.026143,0.000000,0.000000,-0.055774,-0.315445,0.803031,0.971443,-0.151208,0.000000,0.000000
0.001240,-0.001575,0.863043,0.037262,-0.036661,-0.711162,-0.701082,0.008863,0.022995,0.094937,0.114838,-0.210657,-0.071830,0.006290,0.024102,-0.092863,0.143018,-0.218568,-0.058806,-0.047765,0.001356,-0.161935,0.323299,-0.899408,1.106300,-0.026594,0.000000,0.000000,-0.055830,-0.315694,0.803074,0.970684,-0.151059,0.000000,0.000000
0.001277,-0.001286,0.862987,0.037303,-0.036721,-0.711151,-0.701089,0.008798,0.023040,0.094995,0.114700,-0.210665,-0.071949,0.006254,0.024173,-0.092943,0.142889,-0.218707,-0.058842,-0.047702,0.001347,-0.161974,0.323513,-0.899454,1.105867,-0.027000,0.000000,0.000000,-0.055881,-0.315937,0.803114,0.970003,-0.150924,0.000000,0.000000
0.001313,-0.001000,0.862906,0.037348,-0.036780,-0.711139,-0.701095,0.008739,0.023081,0.095046,0.114573,-0.210672,-0.072056,0.006223,0.024238,-0.093013,0.142775,-0.218830,-0.058876,-0.047645,0.001348,-0.162011,0.323725,-0.899497,1.105476,-0.027365,0.000000,0.000000,-0.055931,-0.316176,0.803151,0.969390,-0.150804,0.000000,0.000000
0.001341,-0.000713,0.862808,0.037396,-0.036835,-0.711127,-0.701101,0.008687,0.023119,0.095093,0.114458,-0.210680,-0.072152,0.006195,0.024296,-0.093076,0.142674,-0.218943,-0.058909,-0.047593,0.001353,-0.162044,0.323933,-0.899535,1.105123,-0.027696,0.000000,0.000000,-0.055976,-0.316413,0.803184,0.968837,-0.150695,0.000000,0.000000
0.001483,0.000364,0.862243,0.037975,-0.037808,-0.709781,-0.702381,0.008595,0.023253,0.096333,0.114232,-0.215821,-0.074494,0.005797,0.024222,-0.090072,0.143849,-0.222552,-0.062781,-0.046817,0.001325,-0.160883,0.326417,-0.900311,1.098536,-0.037866,0.000000,0.000000,-0.056922,-0.319148,0.803895,0.957263,-0.148796,0.000000,0.000000
0.001483,0.000364,0.862243,0.037975,-0.037808,-0.709781,-0.702381,0.008588,0.023267,0.096447,0.114215,-0.216298,-0.074710,0.005760,0.024215,-0.089797,0.143960,-0.222887,-0.063138,-0.046744,0.001318,-0.160781,0.326636,-0.900385,1.097940,-0.038794,0.000000,0.000000,-0.057014,-0.319388,0.803956,0.956213,-0.148625,0.000000,0.000000
0.001483,0.000364,0.862243,0.037975,-0.037808,-0.709781,-0.702381,0.008584,0.023279,0.096549,0.114201,-0.216730,-0.074904,0.005729,0.024210,-0.089549,0.144060,-0.223190,-0.063460,-0.046676,0.001308,-0.160689,0.326833,-0.900451,1.097406,-0.039632,0.000000,0.000000,-0.057098,-0.319603,0.804010,0.955272,-0.148471,0.000000,0.000000
0.001638,0.000877,0.861489,0.037395,-0.038289,-0.708585,-0.703593,0.009269,0.022789,0.096132,0.115329,-0.226894,-0.076261,0.004724,0.023336,-0.084237,0.148783,-0.230341,-0.065053,-0.047030,0.001276,-0.157504,0.329291,-0.901824,1.090586,-0.054343,0.000000,0.000000,-0.057231,-0.322304,0.805091,0.945705,-0.145840,0.000000,0.000000
0.001638,0.000877,0.861487,0.037395,-0.038289,-0.708585,-0.703593,0.009325,0.022752,0.096101,0.115423,-0.227677,-0.076363,0.004648,0.023270,-0.083837,0.149151,-0.230893,-0.065173,-0.047053,0.001279,-0.157268,0.329469,-0.901930,1.090079,-0.055450,0.000000,0.000000,-0.057245,-0.322503,0.805171,0.944990,-0.145642,0.000000,0.000000
0.001635,0.000888,0.861475,0.037397,-0.038291,-0.708585,-0.703593,0.009376,0.022717,0.096073,0.115511,-0.228384,-0.076455,0.004580,0.023210,-0.083476,0.149485,-0.231393,-0.065282,-0.047074,0.001275,-0.157056,0.329624,-0.902025,1.089626,-0.056447,0.000000,0.000000,-0.057259,-0.322681,0.805240,0.944350,-0.145466,0.000000,0.000000
0.001468,0.001279,0.860486,0.037421,-0.040723,-0.707988,-0.704056,0.009543,0.020465,0.094049,0.114799,-0.241380,-0.081409,0.001726,0.021156,-0.077404,0.155709,-0.241369,-0.065010,-0.050721,0.001343,-0.153930,0.331793,-0.904376,1.082438,-0.067705,0.000000,0.000000,-0.057351,-0.325353,0.806836,0.937426,-0.144170,0.000000,0.000000
0.001468,0.001279,0.860486,0.037421,-0.040723,-0.707988,-0.704056,0.009560,0.020322,0.093921,0.114760,-0.242215,-0.081721,0.001545,0.021024,-0.077021,0.156116,-0.242013,-0.064993,-0.050949,0.001345,-0.153736,0.331919,-0.904525,1.081987,-0.068415,0.000000,0.000000,-0.057359,-0.325521,0.806935,0.936996,-0.144089,0.000000,0.000000
0.001799,0.001258,0.860109,0.037767,-0.043897,-0.708066,-0.703768,0.008640,0.016746,0.090541,0.112318,-0.252832,-0.086741,-0.003045,0.018161,-0.072721,0.162781,-0.252684,-0.064056,-0.056813,0.001523,-0.152857,0.333906,-0.907850,1.074191,-0.072327,0.000000,0.000000,-0.057779,-0.328195,0.809032,0.932733,-0.144089,0.000000,0.000000
0.001799,0.001258,0.860111,0.037767,-0.043897,-0.708066,-0.703768,0.008599,0.016554,0.090359,0.112187,-0.253409,-0.087008,-0.003294,0.018004,-0.072491,0.163153,-0.253269,-0.064004,-0.057126,0.001546,-0.152814,0.334003,-0.908027,1.073779,-0.072534,0.000000,0.000000,-0.057804,-0.328338,0.809142,0.932508,-0.144092,0.000000,0.000000
0.001995,0.001106,0.859758,0.037900,-0.048911,-0.708770,-0.702721,0.005989,0.010263,0.082762,0.106992,-0.259703,-0.084643,-0.010070,0.012682,-0.071339,0.170158,-0.265850,-0.062341,-0.066708,0.001884,-0.156394,0.335850,-0.912557,1.062679,-0.064947,0.000000,0.000000,-0.059426,-0.331240,0.811742,0.931523,-0.144722,0.000000,0.000000
0.002117,0.001126,0.859653,0.037887,-0.052222,-0.709381,-0.701866,0.003606,0.005170,0.075973,0.103585,-0.261880,-0.079391,-0.015667,0.008529,-0.072206,0.176707,-0.275046,-0.061182,-0.073076,0.002181,-0.161341,0.337354,-0.916641,1.054597,-0.057085,0.000000,0.000000,-0.061198,-0.333535,0.813992,0.932377,-0.144725,0.000000,0.000000
0.002202,0.001029,0.859594,0.038070,-0.055032,-0.709856,-0.701161,0.001371,0.000893,0.069740,0.100880,-0.263518,-0.073360,-0.020632,0.005154,-0.073398,0.182518,-0.283219,-0.060240,-0.077856,0.002403,-0.167165,0.338791,-0.920674,1.047444,-0.050090,0.000000,0.000000,-0.062946,-0.335615,0.816131,0.934145,-0.143772,0.000000,0.000000
0.002193,0.001127,0.859591,0.038495,-0.057200,-0.710287,-0.700528,-0.000705,-0.002652,0.063608,0.098701,-0.265608,-0.066544,-0.025048,0.002602,-0.074602,0.187611,-0.291199,-0.059423,-0.081631,0.002591,-0.173934,0.340247,-0.924791,1.040680,-0.043889,0.000000,0.000000,-0.064396,-0.337614,0.818245,0.936757,-0.141824,0.000000,0.000000
0.002267,0.001354,0.859443,0.039141,-0.058846,-0.710719,-0.699917,-0.002641,-0.005150,0.057931,0.097972,-0.268654,-0.059365,-0.028487,0.001098,-0.075703,0.191486,-0.298420,-0.058757,-0.084426,0.002763,-0.180985,0.341580,-0.928575,1.034815,-0.038629,0.000000,0.000000,-0.065218,-0.339359,0.820136,0.939758,-0.139202,0.000000,0.000000
0.002444,0.001668,0.859220,0.040023,-0.060206,-0.710976,-0.699490,-0.004914,-0.007034,0.052557,0.098964,-0.273353,-0.051758,-0.031469,0.000279,-0.076600,0.194533,-0.305503,-0.058196,-0.086439,0.002919,-0.188935,0.342916,-0.932302,1.028736,-0.034005,0.000000,0.000000,-0.065488,-0.341048,0.821955,0.942977,-0.135729,0.000000,0.000000
0.002650,0.002203,0.859078,0.041118,-0.061650,-0.710837,-0.699442,-0.007514,-0.008552,0.048397,0.100792,-0.279171,-0.044927,-0.034146,-0.000142,-0.076894,0.196457,-0.311988,-0.057840,-0.087263,0.003017,-0.197641,0.344241,-0.935764,1.021666,-0.030814,0.000000,0.000000,-0.065341,-0.342602,0.823615,0.945900,-0.131425,0.000000,0.000000
0.002854,0.002511,0.858946,0.042482,-0.063241,-0.710155,-0.699911,-0.010267,-0.009807,0.046297,0.102410,-0.285437,-0.039765,-0.036728,-0.000339,-0.076220,0.197164,-0.317623,-0.057880,-0.086491,0.003085,-0.207148,0.345571,-0.938792,1.012965,-0.029930,0.000000,0.000000,-0.064898,-0.344013,0.825060,0.948170,-0.125865,0.000000,0.000000
0.003064,0.003112,0.858849,0.044107,-0.064879,-0.709025,-0.700806,-0.013150,-0.010782,0.046397,0.103291,-0.292057,-0.036092,-0.039437,-0.000278,-0.074422,0.196738,-0.322753,-0.058350,-0.083953,0.003095,-0.218100,0.346989,-0.941435,1.001990,-0.031570,0.000000,0.000000,-0.064132,-0.345354,0.826334,0.949863,-0.118487,0.000000,0.000000
0.003253,0.003830,0.858697,0.045889,-0.066562,-0.707617,-0.701956,-0.015703,-0.011399,0.048271,0.103088,-0.298107,-0.034009,-0.042034,0.000000,-0.071845,0.195420,-0.326979,-0.058894,-0.080153,0.003094,-0.229199,0.348334,-0.943357,0.989888,-0.035004,0.000000,0.000000,-0.063171,-0.346515,0.827307,0.951034,-0.110764,0.000000,0.000000
0.003646,0.004309,0.858514,0.047689,-0.068324,-0.706119,-0.703173,-0.018052,-0.011868,0.051066,0.101894,-0.304012,-0.032706,-0.044693,0.000363,-0.068721,0.193467,-0.330867,-0.059008,-0.075419,0.003041,-0.240781,0.349666,-0.944740,0.975929,-0.039217,0.000000,0.000000,-0.062117,-0.347627,0.828125,0.952295,-0.103664,0.000000,0.000000
0.003999,0.005175,0.858462,0.049459,-0.070196,-0.704499,-0.704491,-0.019922,-0.012363,0.054039,0.099772,-0.309423,-0.032049,-0.047215,0.000644,-0.065519,0.191200,-0.334323,-0.058002,-0.070180,0.002986,-0.251478,0.350910,-0.945479,0.961066,-0.043162,0.000000,0.000000,-0.061187,-0.348602,0.828773,0.953958,-0.099196,0.000000,0.000000
0.004372,0.006071,0.858499,0.051232,-0.072165,-0.702707,-0.705954,-0.021372,-0.012982,0.057250,0.096691,-0.314508,-0.031978,-0.049697,0.000777,-0.062179,0.188660,-0.337512,-0.055917,-0.064294,0.002881,-0.261444,0.352105,-0.945598,0.944819,-0.046938,0.000000,0.000000,-0.060395,-0.349482,0.829310,0.956158,-0.097232,0.000000,0.000000
0.004736,0.007157,0.858516,0.053008,-0.074215,-0.700925,-0.707380,-0.022507,-0.013665,0.060502,0.092802,-0.319120,-0.032194,-0.052164,0.000782,-0.058780,0.185999,-0.340389,-0.053503,-0.058336,0.002771,-0.270852,0.353227,-0.945104,0.927203,-0.050340,0.000000,0.000000,-0.059814,-0.350319,0.829717,0.958863,-0.096950,0.000000,0.000000
0.005097,0.008116,0.858483,0.054787,-0.076333,-0.699364,-0.708564,-0.023508,-0.014346,0.063410,0.088451,-0.323055,-0.032278,-0.054609,0.000691,-0.055494,0.183422,-0.342862,-0.051781,-0.053175,0.002715,-0.279952,0.354259,-0.944025,0.908517,-0.053044,0.000000,0.000000,-0.059537,-0.351158,0.829951,0.961997,-0.097182,0.000000,0.000000
0.005512,0.009236,0.858406,0.056560,-0.078540,-0.698123,-0.709407,-0.024567,-0.015032,0.065708,0.083901,-0.326210,-0.031992,-0.057041,0.000516,-0.052430,0.181078,-0.344790,-0.051576,-0.049315,0.002704,-0.289009,0.355210,-0.942415,0.888832,-0.054832,0.000000,0.000000,-0.059667,-0.352010,0.829970,0.965499,-0.097409,0.000000,0.000000
0.006054,0.010230,0.858231,0.058333,-0.080850,-0.697103,-0.710006,-0.025754,-0.015751,0.067403,0.079275,-0.328725,-0.031400,-0.059493,0.000287,-0.049578,0.178926,-0.346227,-0.052757,-0.046576,0.002741,-0.298137,0.356070,-0.940325,0.868128,-0.055785,0.000000,0.000000,-0.060234,-0.352892,0.829757,0.969376,-0.097695,0.000000,0.000000
0.006517,0.011532,0.858082,0.060172,-0.083214,-0.696215,-0.710450,-0.027088,-0.016439,0.068529,0.074706,-0.330845,-0.030559,-0.061971,0.000098,-0.046937,0.176821,-0.347400,-0.054680,-0.044687,0.002821,-0.307251,0.356868,-0.937759,0.846593,-0.056050,0.000000,0.000000,-0.061208,-0.353803,0.829287,0.973669,-0.097704,0.000000,0.000000
0.006913,0.012879,0.857924,0.062138,-0.085549,-0.695372,-0.710829,-0.028596,-0.016988,0.069113,0.070530,-0.332966,-0.029522,-0.064451,0.000085,-0.044519,0.174619,-0.348629,-0.056518,-0.043359,0.002943,-0.316204,0.357611,-0.934712,0.824563,-0.055721,0.000000,0.000000,-0.062500,-0.354729,0.828543,0.978344,-0.096781,0.000000,0.000000
0.007379,0.014285,0.857798,0.064259,-0.087846,-0.694605,-0.711111,-0.030290,-0.017322,0.068998,0.066745,-0.335145,-0.028208,-0.066894,0.000323,-0.042398,0.172167,-0.350038,-0.057846,-0.042586,0.003059,-0.324917,0.358312,-0.931186,0.802096,-0.054671,0.000000,0.000000,-0.064082,-0.355656,0.827474,0.983450,-0.094350,0.000000,0.000000
0.007838,0.015888,0.857645,0.066492,-0.090146,-0.693942,-0.711264,-0.032223,-0.017487,0.068114,0.063069,-0.337382,-0.026527,-0.069365,0.000802,-0.040499,0.169314,-0.351602,-0.058851,-0.042364,0.003246,-0.333756,0.358986,-0.926993,0.778009,-0.052715,0.000000,0.000000,-0.066044,-0.356658,0.826011,0.989238,-0.090207,0.000000,0.000000
0.008353,0.017478,0.857433,0.068800,-0.092449,-0.693286,-0.711389,-0.034126,-0.017546,0.066937,0.059901,-0.339444,-0.024894,-0.071569,0.001376,-0.038896,0.166459,-0.353094,-0.059502,-0.042410,0.003403,-0.341627,0.359609,-0.922637,0.755197,-0.050314,0.000000,0.000000,-0.068099,-0.357580,0.824308,0.994896,-0.085174,0.000000,0.000000
0.008706,0.019182,0.857196,0.071149,-0.094754,-0.692518,-0.711603,-0.036175,-0.017580,0.065909,0.056773,-0.341782,-0.023414,-0.073866,0.002015,-0.037090,0.163280,-0.354699,-0.059955,-0.042281,0.003575,-0.349619,0.360248,-0.917453,0.730522,-0.047579,0.000000,0.000000,-0.070413,-0.358555,0.822156,1.001027,-0.079076,0.000000,0.000000
0.009093,0.020957,0.856865,0.073784,-0.097529,-0.691456,-0.711992,-0.039264,-0.017818,0.065678,0.054804,-0.345198,-0.022504,-0.077066,0.002468,-0.034611,0.160683,-0.356927,-0.060255,-0.041631,0.003726,-0.357665,0.361493,-0.907887,0.701587,-0.042031,0.000000,0.000000,-0.073852,-0.360019,0.817963,1.007988,-0.072586,0.000000,0.000000
0.009564,0.023148,0.856526,0.076332,-0.100083,-0.690311,-0.712480,-0.042071,-0.017831,0.066315,0.053570,-0.348647,-0.022506,-0.079873,0.002866,-0.032112,0.158375,-0.359120,-0.060213,-0.041758,0.003853,-0.361428,0.363204,-0.894191,0.674699,-0.034087,0.000000,0.000000,-0.076056,-0.361857,0.812019,1.013115,-0.069492,0.000000,0.000000
0.010140,0.025173,0.856242,0.078801,-0.102477,-0.689137,-0.713007,-0.044213,-0.017692,0.067328,0.051533,-0.351586,-0.022734,-0.081988,0.003298,-0.029547,0.155184,-0.360828,-0.059914,-0.041927,0.004011,-0.362929,0.364914,-0.879260,0.646859,-0.026051,0.000000,0.000000,-0.076927,-0.363695,0.805693,1.017212,-0.066227,0.000000,0.000000
0.010571,0.027485,0.855928,0.081191,-0.104914,-0.687976,-0.713506,-0.046081,-0.017669,0.068251,0.049392,-0.354478,-0.022437,-0.083823,0.003617,-0.027170,0.151936,-0.362478,-0.059429,-0.042398,0.004171,-0.361069,0.366880,-0.861007,0.616508,-0.016580,0.000000,0.000000,-0.076654,-0.365739,0.798360,1.019819,-0.062590,0.000000,0.000000
0.011090,0.029862,0.855627,0.083442,-0.107288,-0.686856,-0.713972,-0.047650,-0.017843,0.068735,0.047347,-0.357395,-0.021035,-0.085400,0.003821,-0.025119,0.148942,-0.364164,-0.058877,-0.042690,0.004337,-0.357614,0.368684,-0.842658,0.584809,-0.009062,0.000000,0.000000,-0.076011,-0.367692,0.791489,1.021632,-0.055740,0.000000,0.000000
0.011594,0.032513,0.855273,0.085619,-0.109625,-0.685737,-0.714434,-0.049020,-0.018168,0.068894,0.045525,-0.360414,-0.018716,-0.086770,0.003933,-0.023318,0.146268,-0.365956,-0.058251,-0.042719,0.004460,-0.353304,0.370264,-0.824794,0.552271,-0.003666,0.000000,0.000000,-0.075422,-0.369510,0.785302,1.023049,-0.045685,0.000000,0.000000
0.011832,0.035426,0.854728,0.087803,-0.111936,-0.684624,-0.714879,-0.050257,-0.018516,0.069075,0.043894,-0.363578,-0.016084,-0.087990,0.004051,-0.021690,0.143797,-0.367852,-0.057356,-0.042427,0.004597,-0.348458,0.371641,-0.807392,0.518896,0.001563,0.000000,0.000000,-0.074678,-0.371219,0.779800,1.023865,-0.033836,0.000000,0.000000
0.012143,0.038476,0.854234,0.090070,-0.114275,-0.683509,-0.715293,-0.051399,-0.018793,0.069678,0.042330,-0.366897,-0.013849,-0.089172,0.004244,-0.020154,0.141345,-0.369818,-0.055950,-0.042312,0.004741,-0.341497,0.373055,-0.787796,0.483344,0.010670,0.000000,0.000000,-0.073092,-0.373063,0.774482,1.023257,-0.022908,0.000000,0.000000
0.012567,0.041504,0.853780,0.092498,-0.116575,-0.682378,-0.715692,-0.052476,-0.018812,0.070997,0.040792,-0.370495,-0.012354,-0.090279,0.004657,-0.018658,0.138714,-0.371858,-0.053771,-0.041675,0.004857,-0.334307,0.374281,-0.768358,0.446415,0.023813,0.000000,0.000000,-0.070751,-0.374818,0.770140,1.021391,-0.012928,0.000000,0.000000
0.012882,0.044714,0.853183,0.095009,-0.118888,-0.681229,-0.716077,-0.053504,-0.018661,0.072986,0.039224,-0.374500,-0.011358,-0.091372,0.005224,-0.017166,0.135837,-0.374065,-0.050782,-0.041021,0.005018,-0.325025,0.375510,-0.746257,0.405647,0.042160,0.000000,0.000000,-0.067426,-0.376710,0.766460,1.017836,-0.003629,0.000000,0.000000
0.013384,0.048258,0.852619,0.097530,-0.121151,-0.680123,-0.716410,-0.054393,-0.018349,0.075280,0.037845,-0.378429,-0.010813,-0.092329,0.005876,-0.015835,0.133200,-0.376258,-0.047506,-0.040263,0.005138,-0.315699,0.376502,-0.725295,0.365259,0.061313,0.000000,0.000000,-0.063993,-0.378448,0.764038,1.013736,0.006137,0.000000,0.000000
0.013869,0.052043,0.852056,0.099974,-0.123354,-0.679114,-0.716654,-0.055114,-0.017962,0.077531,0.036751,-0.381913,-0.010589,-0.093122,0.006509,-0.014737,0.131123,-0.378314,-0.044452,-0.039802,0.005267,-0.306492,0.377289,-0.706252,0.326713,0.078500,0.000000,0.000000,-0.060881,-0.379994,0.762616,1.009771,0.017208,0.000000,0.000000
0.014357,0.055798,0.851357,0.102330,-0.125497,-0.678209,-0.716807,-0.055729,-0.017495,0.079898,0.035852,-0.385280,-0.010419,-0.093787,0.007143,-0.013754,0.129403,-0.380373,-0.041070,-0.039793,0.005390,-0.296268,0.377925,-0.687055,0.285408,0.094840,0.000000,0.000000,-0.057842,-0.381594,0.761773,1.005597,0.031915,0.000000,0.000000
0.014769,0.059585,0.850668,0.104650,-0.127563,-0.677387,-0.716884,-0.056154,-0.016927,0.082179,0.035244,-0.388181,-0.010374,-0.094247,0.007778,-0.012998,0.128193,-0.382191,-0.037666,-0.039497,0.005524,-0.287621,0.378301,-0.671736,0.246945,0.108045,0.000000,0.000000,-0.055151,-0.382909,0.761332,1.001839,0.048506,0.000000,0.000000
0.015209,0.063589,0.849982,0.106915,-0.129610,-0.676644,-0.716884,-0.056456,-0.016329,0.084534,0.034824,-0.390826,-0.010815,-0.094644,0.008403,-0.012407,0.127522,-0.384144,-0.034676,-0.039855,0.005659,-0.276824,0.378638,-0.655068,0.206991,0.121409,0.000000,0.000000,-0.052030,-0.384378,0.761193,0.997463,0.065639,0.000000,0.000000
0.015877,0.067972,0.849309,0.109150,-0.131597,-0.675994,-0.716799,-0.056659,-0.015660,0.086886,0.034615,-0.393073,-0.012212,-0.095110,0.009094,-0.012027,0.127703,-0.386446,-0.033071,-0.040390,0.005805,-0.265705,0.378862,-0.638774,0.168487,0.133522,0.000000,0.000000,-0.048589,-0.385842,0.761474,0.992924,0.081503,0.000000,0.000000
0.016395,0.072383,0.848622,0.111429,-0.133517,-0.675452,-0.716605,-0.056736,-0.014871,0.089160,0.034613,-0.395079,-0.015325,-0.095576,0.009946,-0.011817,0.128496,-0.389017,-0.033564,-0.041024,0.005905,-0.255159,0.379033,-0.623993,0.133417,0.143959,0.000000,0.000000,-0.044854,-0.387153,0.762166,0.988115,0.093956,0.000000,0.000000
0.016866,0.076756,0.847918,0.113728,-0.135369,-0.675010,-0.716312,-0.056703,-0.013903,0.091558,0.034829,-0.397018,-0.020164,-0.096044,0.010994,-0.011746,0.129879,-0.391970,-0.035848,-0.041798,0.006006,-0.244350,0.379136,-0.609620,0.098747,0.153538,0.000000,0.000000,-0.040615,-0.388405,0.763259,0.982760,0.104584,0.000000,0.000000
0.017505,0.081253,0.847145,0.115868,-0.137197,-0.674637,-0.715972,-0.056550,-0.012989,0.093931,0.035278,-0.398261,-0.025338,-0.096620,0.012017,-0.011937,0.132360,-0.395274,-0.039253,-0.042503,0.006125,-0.233222,0.379155,-0.595799,0.065924,0.161373,0.000000,0.000000,-0.036221,-0.389558,0.764607,0.977773,0.114628,0.000000,0.000000
0.018016,0.085729,0.846255,0.117859,-0.138816,-0.674328,-0.715626,-0.057979,-0.012073,0.096054,0.041206,-0.401556,-0.028724,-0.097648,0.013000,-0.012504,0.137133,-0.399232,-0.042667,-0.043292,0.006181,-0.221219,0.379130,-0.581834,0.037398,0.167070,0.000000,0.000000,-0.031931,-0.390641,0.766196,0.973804,0.125289,0.000000,0.000000
0.018515,0.090309,0.845456,0.119591,-0.140452,-0.674055,-0.715277,-0.061328,-0.011228,0.097762,0.053720,-0.407940,-0.029632,-0.099370,0.013837,-0.013751,0.145196,-0.404633,-0.046355,-0.044660,0.006262,-0.205791,0.378999,-0.564354,0.008280,0.171459,0.000000,0.000000,-0.027548,-0.391876,0.768389,0.971124,0.139423,0.000000,0.000000
0.019001,0.094887,0.844881,0.121126,-0.142081,-0.673835,-0.714904,-0.065840,-0.010574,0.098814,0.070320,-0.416026,-0.028123,-0.101655,0.014443,-0.015573,0.155673,-0.410896,-0.050105,-0.046398,0.006337,-0.188990,0.378679,-0.545623,-0.017961,0.173655,0.000000,0.000000,-0.023636,-0.393086,0.771064,0.970177,0.155442,0.000000,0.000000
0.019378,0.099167,0.844695,0.122452,-0.143466,-0.673698,-0.714531,-0.071811,-0.009962,0.100083,0.092445,-0.425132,-0.025010,-0.104418,0.015041,-0.017777,0.169214,-0.417996,-0.053861,-0.048687,0.006396,-0.170223,0.378105,-0.524869,-0.040574,0.173261,0.000000,0.000000,-0.020076,-0.394274,0.775270,0.970328,0.173157,0.000000,0.000000
0.019751,0.103461,0.844392,0.123550,-0.144355,-0.673675,-0.714184,-0.079042,-0.009244,0.102561,0.119732,-0.433324,-0.021500,-0.107211,0.015869,-0.019808,0.184882,-0.424904,-0.056937,-0.051040,0.006458,-0.152420,0.377315,-0.505403,-0.053956,0.169146,0.000000,0.000000,-0.017527,-0.395167,0.782135,0.971071,0.190487,0.000000,0.000000
0.020294,0.107840,0.844488,0.124414,-0.144648,-0.673812,-0.713846,-0.088310,-0.008131,0.107017,0.155790,-0.440925,-0.019348,-0.110230,0.017139,-0.021534,0.204101,-0.431956,-0.059166,-0.051247,0.006425,-0.137201,0.376384,-0.490429,-0.056216,0.158569,0.000000,0.000000,-0.014440,-0.395382,0.789913,0.973061,0.208067,0.000000,0.000000
0.020714,0.112049,0.845261,0.125034,-0.144514,-0.674077,-0.713514,-0.099538,-0.006563,0.113138,0.200103,-0.448312,-0.018134,-0.113461,0.018716,-0.023006,0.226513,-0.439141,-0.060595,-0.049495,0.006295,-0.124276,0.375339,-0.479407,-0.047886,0.142336,0.000000,0.000000,-0.010570,-0.394970,0.797910,0.976141,0.225258,0.000000,0.000000
0.021317,0.116367,0.846407,0.125477,-0.143974,-0.674414,-0.713227,-0.112366,-0.004508,0.120531,0.250063,-0.455425,-0.014207,-0.116707,0.020540,-0.024421,0.251140,-0.446282,-0.061671,-0.046503,0.006092,-0.113661,0.374411,-0.471969,-0.029614,0.124431,0.000000,0.000000,-0.006738,-0.394088,0.805985,0.978323,0.240771,0.000000,0.000000
0.021691,0.120725,0.847955,0.125826,-0.143029,-0.674769,-0.713020,-0.126123,-0.002047,0.128776,0.302292,-0.461936,-0.003155,-0.119652,0.022616,-0.026005,0.276744,-0.453163,-0.062922,-0.042735,0.005860,-0.105956,0.373792,-0.468598,-0.001952,0.109394,0.000000,0.000000,-0.003798,-0.392964,0.813541,0.977060,0.253015,0.000000,0.000000
0.022064,0.125029,0.849591,0.126029,-0.141539,-0.675208,-0.712865,-0.140364,0.000754,0.137857,0.356113,-0.467200,0.019668,-0.122225,0.025090,-0.027987,0.302878,-0.459220,-0.064809,-0.038519,0.005603,-0.101984,0.373701,-0.470309,0.034691,0.098329,0.000000,0.000000,-0.001430,-0.391636,0.819951,0.972087,0.261632,0.000000,0.000000
0.022325,0.129230,0.847713,0.126073,-0.139553,-0.675733,-0.712752,-0.155904,0.004015,0.148283,0.415027,-0.471969,0.053071,-0.124630,0.028023,-0.030350,0.330986,-0.464898,-0.067197,-0.033491,0.005264,-0.101198,0.374121,-0.476958,0.081458,0.089277,0.000000,0.000000,0.000865,-0.390013,0.825512,0.963844,0.267600,0.000000,0.000000
0.022492,0.133711,0.845516,0.126073,-0.137382,-0.676181,-0.712749,-0.171905,0.007332,0.159073,0.473499,-0.476841,0.088191,-0.126625,0.030984,-0.032612,0.358832,-0.470470,-0.069281,-0.027564,0.004868,-0.102795,0.374910,-0.487008,0.135106,0.083861,0.000000,0.000000,0.001885,-0.388279,0.830147,0.951406,0.269894,0.000000,0.000000
0.023145,0.137965,0.843178,0.126150,-0.135333,-0.676391,-0.712929,-0.188141,0.010389,0.169603,0.527929,-0.482480,0.116675,-0.128098,0.033652,-0.034350,0.385304,-0.476603,-0.070288,-0.020525,0.004340,-0.105761,0.376006,-0.498773,0.194443,0.083737,0.000000,0.000000,0.000226,-0.386544,0.834220,0.933155,0.267685,0.000000,0.000000
0.023736,0.142475,0.840702,0.126344,-0.133397,-0.676452,-0.713201,-0.204505,0.013030,0.180342,0.577218,-0.489359,0.134879,-0.129083,0.035941,-0.035582,0.410460,-0.483494,-0.069602,-0.012743,0.003762,-0.110670,0.377359,-0.512540,0.260705,0.092529,0.000000,0.000000,-0.004897,-0.384916,0.838121,0.908710,0.259471,0.000000,0.000000
0.023981,0.147472,0.837969,0.126588,-0.131445,-0.676408,-0.713562,-0.221020,0.015398,0.191494,0.622958,-0.496986,0.146123,-0.129631,0.038065,-0.036461,0.434775,-0.490943,-0.067551,-0.004550,0.003086,-0.118062,0.378926,-0.528944,0.334538,0.108802,0.000000,0.000000,-0.012860,-0.383365,0.841797,0.878398,0.245905,0.000000,0.000000
0.024228,0.152633,0.835279,0.126888,-0.129562,-0.676030,-0.714211,-0.237920,0.017587,0.201963,0.665588,-0.504219,0.152908,-0.129506,0.040095,-0.036736,0.457871,-0.499002,-0.064834,0.004522,0.002267,-0.126708,0.380743,-0.546802,0.414560,0.126490,0.000000,0.000000,-0.023040,-0.381747,0.844770,0.840977,0.229290,0.000000,0.000000
0.024819,0.157939,0.832623,0.127207,-0.127866,-0.675087,-0.715351,-0.254514,0.019411,0.209715,0.702479,-0.509093,0.157001,-0.128405,0.041890,-0.036028,0.477668,-0.507185,-0.062440,0.014462,0.001337,-0.134135,0.382551,-0.562959,0.494241,0.137884,0.000000,0.000000,-0.034460,-0.380205,0.846660,0.797235,0.213125,0.000000,0.000000
0.025476,0.163232,0.829834,0.127539,-0.126334,-0.673384,-0.717166,-0.270993,0.020799,0.213785,0.734005,-0.510604,0.158061,-0.126131,0.043439,-0.034041,0.493968,-0.515522,-0.060715,0.025371,0.000254,-0.139688,0.384404,-0.576925,0.576198,0.140637,0.000000,0.000000,-0.047422,-0.378694,0.848044,0.745805,0.197916,0.000000,0.000000
0.026231,0.168891,0.827109,0.127879,-0.124944,-0.671081,-0.719504,-0.287486,0.021718,0.214948,0.760512,-0.509282,0.155243,-0.122775,0.044707,-0.030945,0.507218,-0.524067,-0.059354,0.036885,-0.000897,-0.143979,0.386342,-0.589552,0.661587,0.137768,0.000000,0.000000,-0.062169,-0.377203,0.849176,0.686977,0.182363,0.000000,0.000000
0.026804,0.175053,0.824646,0.128181,-0.123902,-0.668450,-0.722075,-0.303989,0.021952,0.214745,0.781791,-0.506047,0.150223,-0.118660,0.045442,-0.027166,0.517931,-0.532865,-0.058191,0.047500,-0.002136,-0.140948,0.388088,-0.593551,0.741177,0.135710,0.000000,0.000000,-0.077645,-0.375769,0.849220,0.621961,0.164897,0.000000,0.000000
0.027252,0.181781,0.821881,0.128456,-0.123201,-0.665813,-0.724578,-0.320257,0.021618,0.214761,0.797253,-0.501737,0.145293,-0.114024,0.045673,-0.023176,0.526685,-0.541960,-0.057056,0.058869,-0.003374,-0.137050,0.389857,-0.595960,0.813843,0.131078,0.000000,0.000000,-0.094203,-0.374346,0.848850,0.553953,0.147990,0.000000,0.000000
0.027901,0.188038,0.819078,0.128781,-0.122888,-0.663209,-0.726958,-0.336880,0.020827,0.214991,0.807446,-0.496837,0.141239,-0.109082,0.045468,-0.019240,0.533786,-0.551947,-0.055915,0.071411,-0.004666,-0.133384,0.391719,-0.597675,0.879247,0.120113,0.000000,0.000000,-0.111827,-0.372903,0.847927,0.482112,0.130310,0.000000,0.000000
0.028499,0.194668,0.816322,0.128991,-0.122920,-0.660463,-0.729411,-0.352640,0.019216,0.215237,0.810247,-0.489842,0.137381,-0.103952,0.044622,-0.015109,0.539776,-0.563044,-0.054828,0.085722,-0.005988,-0.127706,0.393546,-0.598113,0.936574,0.105965,0.000000,0.000000,-0.130045,-0.371440,0.846438,0.406806,0.111767,0.000000,0.000000
0.029136,0.201783,0.813708,0.129240,-0.123262,-0.657649,-0.731848,-0.368810,0.017325,0.215575,0.808902,-0.482809,0.133532,-0.098072,0.043317,-0.010626,0.543221,-0.573660,-0.053831,0.101157,-0.007306,-0.122195,0.395422,-0.597465,0.989965,0.089568,0.000000,0.000000,-0.149620,-0.370006,0.844185,0.329517,0.093008,0.000000,0.000000
0.029821,0.209102,0.811299,0.129379,-0.123867,-0.654787,-0.734283,-0.384113,0.014840,0.216963,0.802440,-0.475721,0.129922,-0.091172,0.041299,-0.005557,0.543595,-0.582254,-0.052918,0.117696,-0.008587,-0.117534,0.397349,-0.595776,1.039063,0.077939,0.000000,0.000000,-0.170307,-0.368668,0.841058,0.253983,0.077087,0.000000,0.000000
0.030341,0.216940,0.798941,0.129602,-0.124541,-0.651896,-0.736698,-0.398686,0.013223,0.218763,0.791085,-0.469045,0.126414,-0.081915,0.038969,0.000218,0.537779,-0.587521,-0.051959,0.135907,-0.009845,-0.114644,0.399535,-0.591923,1.084239,0.075599,0.000000,0.000000,-0.192959,-0.367494,0.835762,0.179676,0.066399,0.000000,0.000000
0.030943,0.225095,0.788635,0.129914,-0.125077,-0.649215,-0.738917,-0.411322,0.014068,0.218314,0.773466,-0.461072,0.120843,-0.071922,0.036814,0.006035,0.529855,-0.591914,-0.051068,0.155249,-0.011052,-0.112612,0.401730,-0.586432,1.122687,0.083344,0.000000,0.000000,-0.214868,-0.366492,0.829237,0.106721,0.060527,0.000000,0.000000
0.031657,0.233823,0.784941,0.130249,-0.126041,-0.646668,-0.740925,-0.423322,0.014523,0.216933,0.749387,-0.451564,0.113868,-0.060116,0.034063,0.012243,0.517262,-0.592786,-0.050236,0.176698,-0.012331,-0.110009,0.404685,-0.576139,1.156710,0.098113,0.000000,0.000000,-0.238008,-0.365652,0.818516,0.032938,0.057133,0.000000,0.000000
0.032211,0.242971,0.791531,0.130394,-0.127597,-0.644485,-0.742533,-0.433657,0.012955,0.214240,0.721348,-0.441028,0.105046,-0.048372,0.030590,0.017999,0.503336,-0.589636,-0.049714,0.196733,-0.013520,-0.108092,0.407398,-0.566912,1.187478,0.108410,0.000000,0.000000,-0.260794,-0.365051,0.809527,-0.034778,0.054634,0.000000,0.000000
0.032644,0.252708,0.800547,0.130410,-0.129773,-0.642669,-0.743726,-0.442812,0.009312,0.210283,0.687696,-0.429300,0.094210,-0.036089,0.026250,0.023845,0.487016,-0.582354,-0.049658,0.216769,-0.014627,-0.107993,0.409941,-0.559184,1.218055,0.112225,0.000000,0.000000,-0.285305,-0.364563,0.802103,-0.099465,0.055515,0.000000,0.000000
0.033018,0.262941,0.809768,0.130354,-0.132472,-0.641131,-0.744588,-0.450789,0.003892,0.205373,0.648411,-0.416598,0.082072,-0.022369,0.021194,0.029809,0.465947,-0.569972,-0.049806,0.237415,-0.015667,-0.109690,0.412578,-0.551545,1.247101,0.112647,0.000000,0.000000,-0.312615,-0.364297,0.794894,-0.160158,0.061229,0.000000,0.000000
0.033320,0.273691,0.818705,0.130180,-0.135686,-0.639896,-0.745101,-0.457435,-0.003586,0.199339,0.604841,-0.402165,0.067949,-0.008099,0.015428,0.035204,0.442660,-0.552567,-0.049643,0.257797,-0.016652,-0.111843,0.415330,-0.544160,1.273436,0.110037,0.000000,0.000000,-0.342346,-0.364329,0.788218,-0.215751,0.066232,0.000000,0.000000
0.033435,0.284897,0.826940,0.129826,-0.139402,-0.638995,-0.745251,-0.462828,-0.013443,0.191925,0.558572,-0.385210,0.050906,0.005924,0.008852,0.039269,0.419603,-0.529928,-0.048740,0.276639,-0.017542,-0.113145,0.418109,-0.537359,1.296345,0.104253,0.000000,0.000000,-0.374204,-0.364734,0.782786,-0.264973,0.064207,0.000000,0.000000
0.033553,0.296525,0.834413,0.129094,-0.143875,-0.638356,-0.745075,-0.466772,-0.026389,0.182596,0.509005,-0.364982,0.030000,0.019692,0.000805,0.041907,0.396778,-0.501572,-0.047080,0.293764,-0.018353,-0.113351,0.420880,-0.531300,1.316164,0.093863,0.000000,0.000000,-0.408872,-0.365583,0.779409,-0.307073,0.051794,0.000000,0.000000
0.033378,0.308501,0.841129,0.127964,-0.149023,-0.637956,-0.744601,-0.469424,-0.041907,0.171725,0.456053,-0.342325,0.005708,0.033504,-0.008749,0.043469,0.373462,-0.467663,-0.044817,0.309349,-0.019018,-0.112628,0.423618,-0.525980,1.333288,0.078437,0.000000,0.000000,-0.446437,-0.366951,0.778743,-0.343174,0.032024,0.000000,0.000000
0.033089,0.320741,0.846809,0.126718,-0.154252,-0.637887,-0.743808,-0.470779,-0.058219,0.160501,0.402525,-0.319035,-0.020649,0.047014,-0.018862,0.043963,0.351225,-0.429005,-0.041945,0.322478,-0.019543,-0.110382,0.426246,-0.521324,1.347076,0.059741,0.000000,0.000000,-0.485975,-0.368844,0.781074,-0.374662,0.008888,0.000000,0.000000
0.032837,0.333289,0.851144,0.125675,-0.159006,-0.638268,-0.742655,-0.471086,-0.073202,0.150251,0.353255,-0.297566,-0.047170,0.059355,-0.028110,0.043348,0.332691,-0.387619,-0.038566,0.331917,-0.019872,-0.105916,0.428607,-0.517181,1.356117,0.040682,0.000000,0.000000,-0.524921,-0.371144,0.786079,-0.402408,-0.013749,0.000000,0.000000
0.032578,0.345949,0.854846,0.125192,-0.163253,-0.639658,-0.740617,-0.470818,-0.084229,0.135245,0.305773,-0.275723,-0.080478,0.072315,-0.036061,0.040382,0.313559,-0.339072,-0.033879,0.335206,-0.020013,-0.095580,0.431810,-0.511028,1.357705,0.019235,0.000000,0.000000,-0.571083,-0.375060,0.798167,-0.426108,-0.035401,0.000000,0.000000
0.032207,0.358994,0.857816,0.124766,-0.167558,-0.641424,-0.738196,-0.469723,-0.094631,0.118766,0.258456,-0.253574,-0.118646,0.083514,-0.043923,0.035715,0.299348,-0.286404,-0.027961,0.332303,-0.019927,-0.077161,0.436264,-0.499890,1.349994,-0.004245,0.000000,0.000000,-0.620826,-0.380989,0.819483,-0.449393,-0.061793,0.000000,0.000000
0.031988,0.372364,0.859357,0.124681,-0.169908,-0.643405,-0.735946,-0.469681,-0.102193,0.107896,0.228223,-0.242067,-0.148512,0.088429,-0.047935,0.032390,0.305739,-0.248723,-0.024513,0.333107,-0.019740,-0.071902,0.437430,-0.496370,1.349408,-0.016270,0.000000,0.000000,-0.644847,-0.383417,0.824866,-0.472501,-0.087169,0.000000,0.000000
0.031906,0.386017,0.861246,0.126042,-0.171794,-0.644871,-0.733990,-0.466215,-0.102714,0.103378,0.193171,-0.225212,-0.183199,0.095543,-0.051226,0.031453,0.301889,-0.191943,-0.019478,0.332937,-0.019608,-0.061788,0.438915,-0.491478,1.344616,-0.033870,0.000000,0.000000,-0.678882,-0.386607,0.831925,-0.497412,-0.114725,0.000000,0.000000
0.031786,0.400009,0.862042,0.127078,-0.173015,-0.646844,-0.731786,-0.462815,-0.107376,0.108192,0.168304,-0.214227,-0.198714,0.102246,-0.053223,0.030991,0.301482,-0.137210,-0.019464,0.329190,-0.019364,-0.049718,0.439921,-0.486826,1.334634,-0.041114,0.000000,0.000000,-0.705196,-0.389595,0.837049,-0.518348,-0.128091,0.000000,0.000000
0.031641,0.414557,0.862154,0.128357,-0.174726,-0.649423,-0.728866,-0.458700,-0.116166,0.116672,0.146764,-0.205066,-0.204268,0.111063,-0.054809,0.030435,0.296169,-0.070884,-0.022868,0.309986,-0.018808,0.012294,0.446360,-0.437154,1.278146,-0.022968,0.000000,0.000000,-0.734763,-0.399418,0.852422,-0.548952,-0.127572,0.000000,0.000000
0.031760,0.429290,0.862257,0.130882,-0.173992,-0.653611,-0.724837,-0.455295,-0.119129,0.117286,0.137856,-0.200726,-0.202183,0.114447,-0.051210,0.029316,0.305911,-0.016943,-0.025206,0.295666,-0.018142,0.048283,0.448893,-0.407677,1.241135,-0.005984,0.000000,0.000000,-0.741397,-0.404232,0.847371,-0.575611,-0.128159,0.000000,0.000000
0.031790,0.444202,0.862136,0.133197,-0.172461,-0.657652,-0.721117,-0.451087,-0.120367,0.116859,0.136822,-0.198767,-0.187520,0.114541,-0.046223,0.029320,0.327036,0.033048,-0.021753,0.283571,-0.017627,0.076393,0.450484,-0.384587,1.208611,0.005378,0.000000,0.000000,-0.735026,-0.407169,0.833357,-0.596869,-0.124072,0.000000,0.000000
0.031881,0.459368,0.861663,0.135483,-0.170010,-0.661503,-0.717743,-0.445630,-0.120486,0.116512,0.144455,-0.196339,-0.149675,0.111015,-0.039762,0.032178,0.361110,0.078359,-0.008588,0.273901,-0.017268,0.099417,0.452011,-0.364438,1.178590,0.007555,0.000000,0.000000,-0.713232,-0.408758,0.810822,-0.612617,-0.111005,0.000000,0.000000
0.031969,0.474627,0.860637,0.137890,-0.166626,-0.665401,-0.714467,-0.438991,-0.119453,0.116807,0.161467,-0.193413,-0.089200,0.103457,-0.030913,0.037768,0.408791,0.118488,0.013531,0.266285,-0.017071,0.117929,0.453830,-0.347139,1.150098,0.002521,0.000000,0.000000,-0.675728,-0.408895,0.779032,-0.623305,-0.088168,0.000000,0.000000
0.032131,0.490016,0.858938,0.139392,-0.163985,-0.668926,-0.711490,-0.432817,-0.118744,0.116920,0.183793,-0.191570,-0.033379,0.100949,-0.023818,0.041982,0.445136,0.156593,0.036558,0.257758,-0.017084,0.120443,0.454165,-0.343480,1.135491,-0.010904,0.000000,0.000000,-0.655911,-0.408164,0.771274,-0.614015,-0.068174,0.000000,0.000000
0.032230,0.505770,0.856422,0.139799,-0.160127,-0.672991,-0.708449,-0.423987,-0.119300,0.116148,0.211282,-0.207097,0.018232,0.088759,-0.016480,0.045754,0.507056,0.188525,0.068236,0.243785,-0.016835,0.123923,0.453991,-0.340917,1.116695,-0.029914,0.000000,0.000000,-0.620083,-0.406801,0.760029,-0.598452,-0.038411,0.000000,0.000000
0.032244,0.521531,0.853163,0.139094,-0.156052,-0.676527,-0.706125,-0.414527,-0.120289,0.115243,0.243084,-0.239621,0.041499,0.072376,-0.010726,0.045385,0.583713,0.207389,0.100996,0.231703,-0.016570,0.128029,0.453574,-0.338456,1.094888,-0.042635,0.000000,0.000000,-0.579929,-0.404885,0.744837,-0.575375,-0.015076,0.000000,0.000000
0.031961,0.536738,0.848820,0.137534,-0.151481,-0.679927,-0.704157,-0.403939,-0.121428,0.114247,0.281109,-0.288856,0.049878,0.051012,-0.005749,0.041657,0.677799,0.216622,0.139051,0.220426,-0.016326,0.132944,0.452728,-0.336227,1.068386,-0.051816,0.000000,0.000000,-0.532967,-0.402153,0.725425,-0.543099,0.009131,0.000000,0.000000
0.031461,0.551397,0.843630,0.136001,-0.147650,-0.683199,-0.702098,-0.394305,-0.122469,0.113332,0.320886,-0.342470,0.052469,0.018210,-0.002349,0.035046,0.795908,0.205487,0.175471,0.208272,-0.016006,0.139281,0.451421,-0.335146,1.033485,-0.056133,0.000000,0.000000,-0.482279,-0.399464,0.706578,-0.506018,0.028846,0.000000,0.000000
0.031124,0.565794,0.838323,0.134362,-0.145505,-0.686737,-0.699405,-0.384971,-0.123413,0.112421,0.355087,-0.386269,0.051228,-0.010424,-0.002392,0.027403,0.893354,0.194795,0.201246,0.193051,-0.015519,0.145438,0.449613,-0.336028,0.993203,-0.057392,0.000000,0.000000,-0.438670,-0.397330,0.690063,-0.462488,0.044980,0.000000,0.000000
0.030689,0.579778,0.832913,0.132500,-0.145680,-0.690673,-0.695840,-0.376249,-0.124214,0.111551,0.384224,-0.417521,0.046670,-0.035186,-0.007348,0.018427,0.973203,0.181854,0.213837,0.172484,-0.014789,0.150476,0.446939,-0.339506,0.945754,-0.056376,0.000000,0.000000,-0.403165,-0.395553,0.677852,-0.407719,0.055140,0.000000,0.000000
0.030272,0.593430,0.827454,0.130665,-0.147847,-0.694874,-0.691533,-0.369037,-0.124846,0.110801,0.409419,-0.439739,0.042347,-0.064959,-0.017391,0.006605,1.058776,0.154485,0.216607,0.146531,-0.013761,0.155218,0.443888,-0.344630,0.887860,-0.052312,0.000000,0.000000,-0.371521,-0.394689,0.671027,-0.342876,0.057053,0.000000,0.000000
0.029395,0.606920,0.821627,0.128237,-0.151363,-0.699758,-0.686282,-0.362305,-0.130785,0.105353,0.431094,-0.456676,0.040075,-0.105834,-0.030875,-0.007869,1.160667,0.112037,0.212242,0.134304,-0.012710,0.138754,0.432168,-0.382301,0.836353,-0.041524,0.000000,0.000000,-0.321308,-0.389835,0.634894,-0.277798,0.047318,0.000000,0.000000
0.028274,0.620238,0.815895,0.125751,-0.154449,-0.704908,-0.680762,-0.354411,-0.138441,0.098234,0.449372,-0.472730,0.038765,-0.137707,-0.044760,-0.021608,1.234756,0.084456,0.206567,0.112279,-0.011353,0.113992,0.422258,-0.416902,0.794615,-0.035546,0.000000,0.000000,-0.285635,-0.387585,0.614194,-0.214711,0.051590,0.000000,0.000000
0.027302,0.633440,0.810091,0.123754,-0.156703,-0.710315,-0.674968,-0.345174,-0.145190,0.091729,0.466329,-0.489878,0.038036,-0.169217,-0.058964,-0.034747,1.298037,0.066225,0.198740,0.083961,-0.009588,0.088729,0.414291,-0.448070,0.749634,-0.025319,0.000000,0.000000,-0.248825,-0.386546,0.590825,-0.155740,0.067999,0.000000,0.000000
0.026540,0.647002,0.804400,0.122001,-0.158717,-0.716017,-0.668764,-0.335187,-0.151330,0.085492,0.481011,-0.505902,0.037546,-0.200595,-0.074104,-0.046715,1.352370,0.053405,0.187415,0.052561,-0.007642,0.061992,0.408260,-0.477279,0.701880,-0.010633,0.000000,0.000000,-0.211257,-0.386143,0.562947,-0.099424,0.090830,0.000000,0.000000
0.026103,0.660761,0.798819,0.120413,-0.160297,-0.721456,-0.662802,-0.324386,-0.156623,0.079793,0.494028,-0.520943,0.036955,-0.231704,-0.089581,-0.056603,1.398559,0.041928,0.174152,0.022040,-0.005669,0.033426,0.403545,-0.503339,0.651134,0.007385,0.000000,0.000000,-0.173498,-0.386242,0.531984,-0.047508,0.116291,0.000000,0.000000
0.025788,0.674608,0.793449,0.118967,-0.161290,-0.726082,-0.657752,-0.312850,-0.160639,0.075003,0.505508,-0.535090,0.035998,-0.261457,-0.104184,-0.063766,1.435139,0.028454,0.160760,-0.003914,-0.003860,0.005489,0.399776,-0.523238,0.597458,0.027485,0.000000,0.000000,-0.136752,-0.386712,0.501080,-0.004851,0.141426,0.000000,0.000000
0.025330,0.688514,0.788211,0.117605,-0.161621,-0.729634,-0.653974,-0.300275,-0.163211,0.071343,0.515807,-0.548973,0.034483,-0.290278,-0.118108,-0.068080,1.462420,0.011656,0.147822,-0.025403,-0.002191,-0.022157,0.396582,-0.538540,0.540661,0.052171,0.000000,0.000000,-0.100435,-0.387480,0.471094,0.026115,0.171108,0.000000,0.000000
0.024530,0.702688,0.783702,0.116364,-0.161396,-0.732449,-0.651099,-0.286520,-0.164599,0.068611,0.525023,-0.562755,0.032578,-0.319048,-0.131973,-0.070072,1.481325,-0.007382,0.134030,-0.044487,-0.000599,-0.050759,0.393772,-0.551326,0.480534,0.081885,0.000000,0.000000,-0.063577,-0.388453,0.440939,0.048393,0.206170,0.000000,0.000000
0.023737,0.716813,0.783890,0.115397,-0.160793,-0.734861,-0.648698,-0.272010,-0.165127,0.066596,0.532477,-0.575235,0.030642,-0.346880,-0.144982,-0.071018,1.491120,-0.027607,0.117958,-0.061322,0.000860,-0.077326,0.391241,-0.559393,0.417025,0.111358,0.000000,0.000000,-0.027095,-0.389560,0.411186,0.064916,0.236973,0.000000,0.000000
0.023174,0.731177,0.786303,0.114854,-0.160042,-0.737188,-0.646335,-0.257266,-0.165177,0.065010,0.537529,-0.585137,0.029050,-0.372677,-0.155980,-0.072719,1.491345,-0.047973,0.098014,-0.076663,0.002106,-0.097335,0.388808,-0.558899,0.349646,0.134498,0.000000,0.000000,0.007514,-0.390763,0.383120,0.078523,0.252822,0.000000,0.000000
0.022420,0.745876,0.790939,0.114762,-0.159118,-0.739463,-0.643976,-0.242002,-0.164839,0.063783,0.540482,-0.593348,0.027806,-0.397684,-0.164826,-0.076168,1.481323,-0.070005,0.070265,-0.090882,0.003190,-0.107885,0.385950,-0.545799,0.272861,0.152212,0.000000,0.000000,0.041388,-0.392112,0.355816,0.089612,0.246597,0.000000,0.000000
0.021728,0.760526,0.797672,0.115090,-0.157991,-0.741509,-0.641839,-0.226312,-0.164018,0.063057,0.541282,-0.599961,0.026821,-0.421528,-0.171150,-0.081215,1.460724,-0.093545,0.035774,-0.104524,0.004212,-0.109879,0.382412,-0.522152,0.187707,0.165381,0.000000,0.000000,0.073977,-0.393643,0.330289,0.096688,0.223332,0.000000,0.000000
0.021372,0.775319,0.806066,0.116714,-0.156108,-0.744098,-0.639005,-0.210974,-0.157100,0.057057,0.540524,-0.603280,0.022670,-0.443659,-0.173184,-0.089312,1.430189,-0.116029,0.000414,-0.121268,0.005325,-0.109104,0.378434,-0.495159,0.100863,0.170744,0.000000,0.000000,0.105247,-0.395136,0.307810,0.099579,0.195995,0.000000,0.000000
0.021268,0.790572,0.809910,0.119037,-0.154241,-0.746587,-0.636119,-0.195438,-0.148063,0.049902,0.536859,-0.601582,0.017897,-0.463552,-0.171956,-0.098483,1.390679,-0.134394,-0.029728,-0.142192,0.006583,-0.110018,0.374543,-0.471637,0.017188,0.162760,0.000000,0.000000,0.133465,-0.396659,0.289534,0.100836,0.175598,0.000000,0.000000
0.021183,0.806282,0.811668,0.122240,-0.152583,-0.749278,-0.632739,-0.179690,-0.137291,0.041415,0.529471,-0.595041,0.012815,-0.481260,-0.167970,-0.108970,1.341538,-0.147299,-0.051833,-0.168423,0.007955,-0.114014,0.371004,-0.452679,-0.062371,0.134370,0.000000,0.000000,0.158526,-0.398263,0.274975,0.099730,0.166528,0.000000,0.000000
0.021100,0.822760,0.813837,0.126219,-0.151009,-0.752042,-0.629046,-0.163455,-0.124742,0.031741,0.518408,-0.584032,0.007360,-0.497109,-0.160689,-0.121032,1.280914,-0.155744,-0.068844,-0.199204,0.009418,-0.120110,0.367583,-0.436202,-0.140642,0.087533,0.000000,0.000000,0.181538,-0.399991,0.263109,0.095616,0.163856,0.000000,0.000000
0.021020,0.839932,0.816404,0.130561,-0.149234,-0.754256,-0.625924,-0.146857,-0.111432,0.022811,0.504771,-0.567380,0.001940,-0.509995,-0.149813,-0.131968,1.211917,-0.159650,-0.081635,-0.231315,0.010875,-0.128958,0.364604,-0.425018,-0.212969,0.035889,0.000000,0.000000,0.201582,-0.401649,0.254874,0.090759,0.164737,0.000000,0.000000
0.020984,0.857679,0.819338,0.134855,-0.146930,-0.755317,-0.624277,-0.129123,-0.097824,0.016279,0.489442,-0.543231,-0.003284,-0.519268,-0.135135,-0.139115,1.135477,-0.159239,-0.091706,-0.262164,0.012275,-0.141582,0.362418,-0.422014,-0.278151,-0.007135,0.000000,0.000000,0.218789,-0.403187,0.250202,0.087909,0.166034,0.000000,0.000000
0.021056,0.875923,0.822611,0.138879,-0.143957,-0.755028,-0.624438,-0.109536,-0.083873,0.012523,0.472145,-0.510930,-0.008295,-0.524499,-0.116960,-0.140940,1.051895,-0.153744,-0.098333,-0.292481,0.013616,-0.155793,0.361110,-0.424006,-0.337387,-0.038966,0.000000,0.000000,0.229447,-0.404525,0.250204,0.091020,0.167262,0.000000,0.000000
0.021001,0.894737,0.826039,0.142837,-0.140435,-0.753739,-0.625902,-0.088070,-0.069197,0.010724,0.452065,-0.470820,-0.013302,-0.526064,-0.095927,-0.138259,0.961031,-0.143284,-0.100620,-0.322674,0.014899,-0.172435,0.360383,-0.430767,-0.390121,-0.065530,0.000000,0.000000,0.240463,-0.405803,0.252361,0.093027,0.167937,0.000000,0.000000
0.021283,0.913617,0.829338,0.146198,-0.137098,-0.751830,-0.628158,-0.075879,-0.057747,0.009287,0.456448,-0.442068,-0.015809,-0.529537,-0.079627,-0.130174,0.880510,-0.138076,-0.093379,-0.350576,0.016001,-0.183863,0.359956,-0.435431,-0.435132,-0.088059,0.000000,0.000000,0.244769,-0.406961,0.253782,0.099155,0.166360,0.000000,0.000000
0.021664,0.933317,0.832093,0.150021,-0.134120,-0.749537,-0.630634,-0.053804,-0.047038,0.002366,0.433209,-0.384720,-0.019923,-0.522591,-0.054799,-0.121377,0.769540,-0.117981,-0.092887,-0.381283,0.017232,-0.202412,0.360065,-0.449409,-0.482734,-0.096573,0.000000,0.000000,0.254449,-0.408248,0.258801,0.101359,0.164168,0.000000,0.000000
0.021890,0.953033,0.816386,0.155068,-0.129796,-0.746826,-0.633528,-0.026157,-0.033856,-0.002455,0.394306,-0.308431,-0.020235,-0.512506,-0.029659,-0.111088,0.653184,-0.097302,-0.088319,-0.392225,0.018208,-0.252607,0.365585,-0.522535,-0.503037,-0.089811,0.000000,0.000000,0.265417,-0.409503,0.263273,0.104699,0.165183,0.000000,0.000000
0.022307,0.972758,0.827127,0.160824,-0.125090,-0.742106,-0.638566,-0.005834,-0.016087,0.006770,0.372581,-0.236166,-0.023836,-0.501501,-0.003994,-0.094093,0.536617,-0.077534,-0.078904,-0.400199,0.018693,-0.290108,0.369680,-0.578976,-0.524945,-0.072176,0.000000,0.000000,0.278405,-0.409308,0.260249,0.104589,0.160462,0.000000,0.000000
0.022548,0.992689,0.842387,0.165745,-0.120468,-0.737211,-0.643844,0.013269,0.000857,0.017797,0.355200,-0.160943,-0.029852,-0.488344,0.019154,-0.074417,0.421538,-0.058466,-0.064475,-0.407485,0.019144,-0.324378,0.373176,-0.632069,-0.542809,-0.048752,0.000000,0.000000,0.289614,-0.408638,0.257449,0.105288,0.155024,0.000000,0.000000
0.022661,1.012944,0.853081,0.168587,-0.116296,-0.732900,-0.648777,0.031606,0.014387,0.026500,0.342794,-0.086652,-0.041257,-0.473902,0.036889,-0.054395,0.315773,-0.042387,-0.044541,-0.414591,0.019553,-0.352994,0.375830,-0.680423,-0.558276,-0.025111,0.000000,0.000000,0.298952,-0.407866,0.253937,0.107602,0.152631,0.000000,0.000000
0.022836,1.033120,0.860378,0.169281,-0.112559,-0.729176,-0.653435,0.050364,0.024618,0.032471,0.332854,-0.007406,-0.060327,-0.457272,0.049063,-0.032936,0.213178,-0.028215,-0.017183,-0.422286,0.019882,-0.376056,0.377683,-0.725212,-0.572870,-0.000360,0.000000,0.000000,0.307084,-0.407153,0.249237,0.112205,0.154813,0.000000,0.000000
0.022782,1.053652,0.864344,0.168470,-0.109077,-0.725680,-0.658110,0.069260,0.031993,0.035859,0.324560,0.077246,-0.085789,-0.438636,0.056583,-0.010156,0.113371,-0.016403,0.016251,-0.429772,0.020246,-0.394063,0.378888,-0.767275,-0.585906,0.027902,0.000000,0.000000,0.313973,-0.406576,0.243745,0.118548,0.160254,0.000000,0.000000
0.022386,1.074438,0.865290,0.165994,-0.105963,-0.722684,-0.662530,0.086859,0.036103,0.035186,0.322286,0.159042,-0.115953,-0.419664,0.060450,0.011254,0.024042,-0.009082,0.051634,-0.436292,0.020578,-0.406422,0.379526,-0.804492,-0.597290,0.057668,0.000000,0.000000,0.319685,-0.406033,0.237178,0.124999,0.167494,0.000000,0.000000
0.021839,1.095358,0.864985,0.161712,-0.103331,-0.720463,-0.666413,0.100230,0.036603,0.029912,0.331023,0.222334,-0.146070,-0.403980,0.062005,0.026936,-0.017450,-0.008693,0.081721,-0.440976,0.020781,-0.411579,0.379596,-0.831554,-0.606409,0.084383,0.000000,0.000000,0.323735,-0.405561,0.230209,0.129391,0.174441,0.000000,0.000000
0.021441,1.116162,0.865517,0.154794,-0.101189,-0.719179,-0.669762,0.111368,0.033058,0.017983,0.352981,0.274717,-0.183899,-0.389079,0.061389,0.039260,-0.017450,-0.015331,0.111451,-0.444831,0.020962,-0.409355,0.379188,-0.851399,-0.615893,0.113292,0.000000,0.000000,0.326465,-0.405174,0.221838,0.132900,0.183515,0.000000,0.000000
0.021190,1.136932,0.866388,0.145604,-0.099490,-0.718612,-0.672680,0.120312,0.025577,-0.001324,0.389593,0.319417,-0.231305,-0.373174,0.058174,0.049252,-0.017450,-0.027017,0.142344,-0.448112,0.021154,-0.399439,0.378311,-0.864788,-0.625899,0.146117,0.000000,0.000000,0.327730,-0.404910,0.212061,0.135939,0.195353,0.000000,0.000000
0.020883,1.157436,0.867292,0.135906,-0.098218,-0.718304,-0.675221,0.125934,0.016907,-0.020173,0.435774,0.352511,-0.273164,-0.359358,0.054398,0.055201,-0.017450,-0.042764,0.168114,-0.452304,0.021351,-0.388932,0.377686,-0.868413,-0.629093,0.170540,0.000000,0.000000,0.325673,-0.404991,0.208100,0.136881,0.205345,0.000000,0.000000
0.020521,1.177685,0.867977,0.127509,-0.096949,-0.717389,-0.678009,0.126735,0.011053,-0.022285,0.489636,0.372048,-0.290730,-0.346654,0.052954,0.057245,-0.017450,-0.056120,0.184187,-0.451350,0.021389,-0.374484,0.377176,-0.869666,-0.628989,0.190503,0.000000,0.000000,0.321702,-0.404936,0.205027,0.135152,0.210938,0.000000,0.000000
0.020212,1.197679,0.868676,0.119903,-0.096686,-0.717321,-0.679504,0.121270,0.006151,-0.021403,0.557426,0.375373,-0.286866,-0.335527,0.053609,0.051686,-0.017450,-0.068478,0.190332,-0.448191,0.021314,-0.357735,0.376548,-0.869289,-0.624622,0.201454,0.000000,0.000000,0.316445,-0.404663,0.201843,0.128075,0.207869,0.000000,0.000000
0.020027,1.217521,0.869376,0.112370,-0.097375,-0.718003,-0.679973,0.107556,0.000431,-0.019446,0.647603,0.359562,-0.265709,-0.325499,0.055380,0.038110,-0.017450,-0.081138,0.187446,-0.442907,0.021150,-0.337639,0.375822,-0.866867,-0.616225,0.203714,0.000000,0.000000,0.309754,-0.404144,0.198378,0.115255,0.196476,0.000000,0.000000
0.020032,1.236682,0.869882,0.105618,-0.098470,-0.718982,-0.679863,0.086124,-0.005099,-0.017151,0.750605,0.329986,-0.239020,-0.317475,0.057685,0.021211,-0.017450,-0.093614,0.173305,-0.434705,0.020874,-0.316339,0.374853,-0.861972,-0.603695,0.199891,0.000000,0.000000,0.302583,-0.403223,0.194855,0.098943,0.181098,0.000000,0.000000
0.020290,1.255222,0.870150,0.100337,-0.099465,-0.720022,-0.679417,0.058374,-0.006860,-0.016081,0.858380,0.295824,-0.223366,-0.311192,0.059918,0.005668,-0.017450,-0.106464,0.145594,-0.423329,0.020483,-0.294519,0.373691,-0.853623,-0.586496,0.194788,0.000000,0.000000,0.295439,-0.401778,0.191397,0.081467,0.166521,0.000000,0.000000
0.020700,1.273243,0.870326,0.097747,-0.100604,-0.721261,-0.678312,0.015708,0.002516,-0.016524,0.985635,0.252247,-0.236686,-0.308619,0.062438,-0.007402,-0.011540,-0.118571,0.095670,-0.418537,0.020123,-0.265016,0.370586,-0.820742,-0.564666,0.191343,0.000000,0.000000,0.284635,-0.397048,0.194530,0.063419,0.146142,0.000000,0.000000
0.021094,1.291668,0.870467,0.097349,-0.100035,-0.720859,-0.678880,-0.013646,0.027830,0.017692,1.078700,0.227231,-0.235212,-0.307578,0.068551,-0.015306,0.033168,-0.127909,0.028293,-0.402422,0.019520,-0.243732,0.368967,-0.798607,-0.532025,0.187548,0.000000,0.000000,0.270981,-0.393082,0.203754,0.048104,0.131690,0.000000,0.000000
0.021724,1.309653,0.869241,0.098088,-0.098407,-0.720063,-0.679856,-0.040522,0.060892,0.057047,1.163444,0.202923,-0.231642,-0.307617,0.077575,-0.020575,0.087567,-0.138562,-0.039661,-0.380739,0.018631,-0.224521,0.368349,-0.778795,-0.493348,0.181829,0.000000,0.000000,0.257309,-0.389382,0.214683,0.033383,0.122064,0.000000,0.000000
0.022582,1.327639,0.866490,0.099201,-0.095042,-0.718697,-0.681616,-0.064909,0.094777,0.089265,1.241051,0.174623,-0.224158,-0.306547,0.089108,-0.023207,0.142130,-0.156054,-0.088974,-0.356206,0.017573,-0.206414,0.368231,-0.759316,-0.449702,0.171836,0.000000,0.000000,0.243238,-0.385929,0.228245,0.021292,0.120124,0.000000,0.000000
0.023113,1.345597,0.862315,0.100898,-0.088987,-0.716450,-0.684545,-0.086728,0.129793,0.114245,1.313748,0.139863,-0.211511,-0.303843,0.103454,-0.022296,0.196377,-0.185346,-0.112186,-0.328990,0.016440,-0.189973,0.368407,-0.739560,-0.397965,0.153913,0.000000,0.000000,0.228705,-0.382535,0.245759,0.012845,0.129586,0.000000,0.000000
0.023591,1.363841,0.856566,0.103405,-0.080886,-0.713440,-0.688309,-0.107874,0.168797,0.136870,1.386429,0.097832,-0.194865,-0.299866,0.120164,-0.018463,0.254278,-0.225521,-0.119313,-0.297928,0.015075,-0.174625,0.369069,-0.718053,-0.336367,0.129896,0.000000,0.000000,0.213455,-0.378793,0.266776,0.005380,0.148440,0.000000,0.000000
0.024213,1.382059,0.849853,0.105994,-0.072519,-0.710138,-0.692250,-0.128727,0.205494,0.154902,1.452955,0.052849,-0.174802,-0.294422,0.136037,-0.013771,0.310398,-0.269583,-0.118643,-0.265270,0.013532,-0.159890,0.370208,-0.695533,-0.273202,0.108188,0.000000,0.000000,0.197537,-0.375169,0.288089,-0.003256,0.169824,0.000000,0.000000
0.024932,1.400184,0.842882,0.107974,-0.065645,-0.707054,-0.695778,-0.150630,0.234143,0.166622,1.508770,0.008620,-0.151356,-0.287531,0.148860,-0.010036,0.360272,-0.310784,-0.119213,-0.232422,0.011948,-0.144468,0.371583,-0.672534,-0.215681,0.096402,0.000000,0.000000,0.180073,-0.372095,0.307200,-0.014132,0.186686,0.000000,0.000000
0.025529,1.418193,0.835841,0.109225,-0.060694,-0.704103,-0.699018,-0.175242,0.253041,0.171304,1.554141,-0.036184,-0.119463,-0.278840,0.158747,-0.007316,0.403453,-0.348763,-0.122978,-0.197683,0.010246,-0.127037,0.373156,-0.648030,-0.163267,0.100695,0.000000,0.000000,0.159731,-0.369702,0.324471,-0.025216,0.199351,0.000000,0.000000
0.025698,1.435822,0.828777,0.110094,-0.056741,-0.701076,-0.702248,-0.201936,0.263899,0.170301,1.590013,-0.081616,-0.080153,-0.268526,0.166668,-0.004895,0.440832,-0.385191,-0.126317,-0.161148,0.008456,-0.108697,0.374855,-0.622408,-0.113186,0.117160,0.000000,0.000000,0.136809,-0.367935,0.340863,-0.035943,0.210211,0.000000,0.000000
0.025390,1.453464,0.821735,0.110545,-0.053577,-0.698407,-0.705079,-0.229621,0.268991,0.166078,1.616117,-0.125015,-0.041638,-0.256745,0.172887,-0.002947,0.473324,-0.419600,-0.129155,-0.124540,0.006624,-0.091247,0.376738,-0.598219,-0.065713,0.135234,0.000000,0.000000,0.112318,-0.366636,0.355818,-0.049753,0.216700,0.000000,0.000000
0.024908,1.471054,0.814833,0.110627,-0.050912,-0.696517,-0.707131,-0.256756,0.271212,0.161276,1.631646,-0.163302,-0.013208,-0.243862,0.177564,-0.001736,0.501361,-0.450703,-0.131846,-0.087472,0.004804,-0.079193,0.378743,-0.582953,-0.021562,0.142546,0.000000,0.000000,0.089493,-0.365454,0.364952,-0.070733,0.215559,0.000000,0.000000
0.024581,1.488837,0.807774,0.110100,-0.048653,-0.695727,-0.708149,-0.283671,0.271296,0.155996,1.636252,-0.198269,0.002389,-0.229344,0.180589,-0.001691,0.527006,-0.480623,-0.134631,-0.049856,0.002965,-0.071080,0.380796,-0.576258,0.018483,0.133970,0.000000,0.000000,0.071257,-0.364062,0.369138,-0.104027,0.203865,0.000000,0.000000
0.024307,1.506975,0.800840,0.109105,-0.047030,-0.695711,-0.708429,-0.311189,0.268935,0.149727,1.630765,-0.230934,0.009420,-0.213368,0.181823,-0.002509,0.548738,-0.508613,-0.137357,-0.015399,0.001199,-0.062617,0.382919,-0.568528,0.052833,0.114978,0.000000,0.000000,0.048365,-0.363135,0.375578,-0.140856,0.185328,0.000000,0.000000
0.024213,1.525250,0.798384,0.107906,-0.045999,-0.696089,-0.708309,-0.337771,0.264293,0.143275,1.614293,-0.258487,0.011436,-0.196065,0.181819,-0.003547,0.565869,-0.532841,-0.140021,0.016731,-0.000503,-0.054094,0.385121,-0.560604,0.082777,0.092519,0.000000,0.000000,0.024373,-0.362641,0.384400,-0.181160,0.160823,0.000000,0.000000
0.024021,1.543678,0.799385,0.106934,-0.045575,-0.696419,-0.708159,-0.362639,0.258226,0.137841,1.587303,-0.278395,0.012415,-0.177567,0.181321,-0.004050,0.576828,-0.550699,-0.142578,0.047505,-0.002138,-0.046542,0.387481,-0.552804,0.110391,0.072749,0.000000,0.000000,-0.000740,-0.362591,0.395341,-0.222198,0.131663,0.000000,0.000000
0.023926,1.562285,0.803019,0.106355,-0.045604,-0.696625,-0.708042,-0.386160,0.251089,0.133835,1.548874,-0.287957,0.012374,-0.157784,0.180751,-0.003786,0.581009,-0.562176,-0.145217,0.077181,-0.003695,-0.040304,0.390050,-0.545362,0.136312,0.056358,0.000000,0.000000,-0.027610,-0.363023,0.408140,-0.264713,0.095599,0.000000,0.000000
0.023875,1.581301,0.809415,0.105931,-0.046117,-0.696931,-0.707771,-0.408378,0.242213,0.130873,1.498654,-0.288363,0.010016,-0.136624,0.179720,-0.003096,0.578835,-0.567984,-0.147916,0.104304,-0.005212,-0.034287,0.393103,-0.537150,0.159347,0.040214,0.000000,0.000000,-0.058437,-0.364416,0.425932,-0.307816,0.052936,0.000000,0.000000
0.023819,1.600515,0.818763,0.105450,-0.047446,-0.697352,-0.707340,-0.428423,0.230755,0.128640,1.438046,-0.283198,0.007022,-0.114485,0.177599,-0.002055,0.571166,-0.567163,-0.150204,0.127584,-0.006612,-0.027188,0.396891,-0.526753,0.178601,0.024705,0.000000,0.000000,-0.094486,-0.367379,0.452019,-0.346977,0.009516,0.000000,0.000000
0.023651,1.620260,0.823464,0.104724,-0.049937,-0.697895,-0.706740,-0.445327,0.216017,0.126693,1.368862,-0.276485,0.005417,-0.091699,0.173711,-0.000740,0.558473,-0.558230,-0.151459,0.147582,-0.007899,-0.018117,0.401315,-0.513774,0.193134,0.011399,0.000000,0.000000,-0.134958,-0.371802,0.485235,-0.378255,-0.027775,0.000000,0.000000
0.023420,1.640461,0.825917,0.103692,-0.053709,-0.698501,-0.706017,-0.458662,0.197227,0.124937,1.291115,-0.269344,0.004714,-0.067668,0.167622,0.001657,0.539101,-0.540722,-0.151837,0.166171,-0.009081,-0.007403,0.405938,-0.499662,0.202814,0.001100,0.000000,0.000000,-0.179025,-0.377000,0.521640,-0.401052,-0.054526,0.000000,0.000000
0.022995,1.661264,0.828830,0.102383,-0.058675,-0.699161,-0.705158,-0.468891,0.173941,0.123129,1.202558,-0.259734,0.003689,-0.042046,0.159264,0.005130,0.512720,-0.514796,-0.151257,0.181521,-0.010128,0.006808,0.411142,-0.481913,0.207005,-0.007420,0.000000,0.000000,-0.230189,-0.383758,0.566403,-0.416700,-0.072662,0.000000,0.000000
0.022359,1.682572,0.831956,0.100979,-0.064613,-0.699974,-0.704035,-0.475646,0.147880,0.120137,1.106780,-0.247916,0.003338,-0.016870,0.149423,0.007937,0.483327,-0.481135,-0.148633,0.193743,-0.011059,0.024083,0.416491,-0.461208,0.205519,-0.013933,0.000000,0.000000,-0.284634,-0.391281,0.616582,-0.425660,-0.085432,0.000000,0.000000
0.021463,1.704113,0.835106,0.099646,-0.071282,-0.701041,-0.702518,-0.479428,0.120357,0.114791,1.004032,-0.234018,0.005094,0.006649,0.138592,0.008340,0.454590,-0.439475,-0.142890,0.204302,-0.011831,0.042682,0.421661,-0.439320,0.199817,-0.018900,0.000000,0.000000,-0.340030,-0.398785,0.670110,-0.428382,-0.097848,0.000000,0.000000
0.020542,1.725911,0.838252,0.098329,-0.079332,-0.702534,-0.700346,-0.480478,0.090793,0.105804,0.892902,-0.218152,0.011216,0.028167,0.126030,0.005218,0.426325,-0.388627,-0.132837,0.211610,-0.012437,0.063996,0.426780,-0.414373,0.187769,-0.022181,0.000000,0.000000,-0.398127,-0.406564,0.730655,-0.423494,-0.111851,0.000000,0.000000
0.019626,1.747760,0.826812,0.096977,-0.088566,-0.704359,-0.697589,-0.478551,0.058879,0.093135,0.771796,-0.200009,0.020352,0.048660,0.111403,-0.000446,0.396834,-0.327984,-0.118719,0.217781,-0.012832,0.086289,0.431448,-0.388906,0.170781,-0.023838,0.000000,0.000000,-0.458286,-0.413910,0.795378,-0.411528,-0.125837,0.000000,0.000000
0.018548,1.769782,0.823966,0.095657,-0.097722,-0.706177,-0.694705,-0.473579,0.028266,0.078351,0.648471,-0.180429,0.027371,0.067753,0.096392,-0.006701,0.368802,-0.261095,-0.102761,0.224124,-0.013135,0.107127,0.435493,-0.365509,0.153357,-0.024656,0.000000,0.000000,-0.515879,-0.420048,0.859289,-0.395732,-0.137642,0.000000,0.000000
0.017414,1.791667,0.840094,0.094521,-0.105529,-0.707655,-0.692210,-0.465888,0.002059,0.063394,0.527790,-0.159771,0.027411,0.085478,0.082799,-0.011655,0.344589,-0.190572,-0.087253,0.230990,-0.013370,0.126819,0.439266,-0.343609,0.138194,-0.025081,0.000000,0.000000,-0.568014,-0.424778,0.920242,-0.380048,-0.145671,0.000000,0.000000
0.016333,1.813757,0.852728,0.093740,-0.112217,-0.708843,-0.690045,-0.455050,-0.019921,0.048272,0.403109,-0.136349,0.018314,0.102013,0.070630,-0.015797,0.322545,-0.112037,-0.073961,0.238921,-0.013568,0.145627,0.443165,-0.322441,0.124733,-0.024469,0.000000,0.000000,-0.616933,-0.428351,0.980665,-0.363770,-0.150531,0.000000,0.000000
0.015463,1.836087,0.860902,0.093189,-0.118285,-0.709881,-0.688036,-0.441674,-0.038440,0.032584,0.275921,-0.111376,0.002136,0.117394,0.059542,-0.019521,0.301761,-0.025480,-0.061794,0.247494,-0.013757,0.163695,0.447316,-0.301972,0.111730,-0.022578,0.000000,0.000000,-0.662376,-0.430781,1.040518,-0.345988,-0.153119,0.000000,0.000000
0.015092,1.858647,0.864528,0.093770,-0.121266,-0.710150,-0.687160,-0.429504,-0.045758,0.019539,0.164592,-0.092945,-0.023362,0.126546,0.053503,-0.019209,0.299728,0.053226,-0.048267,0.271357,-0.014153,0.165349,0.449196,-0.298000,0.111414,-0.014169,0.000000,0.000000,-0.678537,-0.431428,1.060049,-0.331723,-0.161462,0.000000,0.000000
0.014979,1.881460,0.864817,0.094395,-0.121734,-0.709596,-0.687564,-0.415732,-0.044321,0.013345,0.062977,-0.075917,-0.050988,0.137611,0.050073,-0.014202,0.300813,0.131642,-0.029163,0.294308,-0.014678,0.166000,0.450866,-0.296483,0.115493,-0.008890,0.000000,0.000000,-0.688928,-0.431626,1.075049,-0.317792,-0.165280,0.000000,0.000000
0.014838,1.904463,0.862713,0.092574,-0.121553,-0.709041,-0.688415,-0.399023,-0.047391,0.004846,-0.017450,-0.055424,-0.074229,0.152372,0.045974,-0.003104,0.300503,0.208679,-0.002127,0.295510,-0.015050,0.181218,0.456996,-0.278805,0.117077,-0.016279,0.000000,0.000000,-0.717877,-0.432389,1.136878,-0.306072,-0.157257,0.000000,0.000000
0.014684,1.927888,0.863772,0.091488,-0.118089,-0.708595,-0.689622,-0.385878,-0.046878,-0.004467,-0.017450,-0.045497,-0.096548,0.162826,0.046471,0.012163,0.315966,0.275832,0.029111,0.298332,-0.015148,0.204419,0.463554,-0.255744,0.113702,-0.021012,0.000000,0.000000,-0.723309,-0.431639,1.167974,-0.301091,-0.153843,0.000000,0.000000
0.014624,1.951639,0.864816,0.090643,-0.113033,-0.708071,-0.691117,-0.373226,-0.044057,-0.012753,-0.017450,-0.040507,-0.118243,0.173627,0.049153,0.028480,0.336015,0.343260,0.061719,0.302968,-0.015286,0.228138,0.470186,-0.234463,0.110985,-0.024383,0.000000,0.000000,-0.716661,-0.430141,1.183364,-0.297176,-0.150784,0.000000,0.000000
0.014607,1.975514,0.865816,0.090168,-0.107699,-0.707450,-0.692666,-0.361556,-0.041031,-0.017936,-0.017450,-0.040421,-0.137410,0.184978,0.051940,0.040866,0.358284,0.408687,0.091081,0.306690,-0.015465,0.250750,0.476979,-0.215497,0.108726,-0.026425,0.000000,0.000000,-0.703795,-0.428245,1.190349,-0.293571,-0.144981,0.000000,0.000000
0.014511,1.998905,0.866741,0.089909,-0.102077,-0.706493,-0.694525,-0.350487,-0.038948,-0.018080,-0.017450,-0.047136,-0.155087,0.197677,0.054118,0.046366,0.386507,0.470506,0.117642,0.308531,-0.015659,0.276688,0.484564,-0.196592,0.103472,-0.026628,0.000000,0.000000,-0.685061,-0.425768,1.190490,-0.290157,-0.132608,0.000000,0.000000
0.014187,2.021707,0.867607,0.090136,-0.095848,-0.705092,-0.696802,-0.340614,-0.037396,-0.012808,-0.017450,-0.059338,-0.170164,0.195310,0.056857,0.043933,0.456932,0.501225,0.140855,0.309004,-0.015885,0.298988,0.491233,-0.182219,0.100096,-0.024681,0.000000,0.000000,-0.660916,-0.423076,1.182711,-0.287738,-0.114356,0.000000,0.000000
0.013799,2.044349,0.868279,0.090368,-0.089617,-0.703472,-0.699235,-0.332029,-0.036625,-0.003579,-0.017450,-0.072780,-0.179110,0.183204,0.058551,0.036152,0.550524,0.509039,0.158802,0.308313,-0.016083,0.315368,0.496315,-0.173758,0.099603,-0.021208,0.000000,0.000000,-0.633578,-0.420418,1.169441,-0.285415,-0.095104,0.000000,0.000000
0.013327,2.067119,0.868462,0.090208,-0.085280,-0.702151,-0.701124,-0.326300,-0.040427,0.003535,-0.017450,-0.081642,-0.178405,0.182210,0.055870,0.027485,0.607099,0.526751,0.169250,0.303530,-0.016232,0.320665,0.497456,-0.172223,0.104582,-0.018705,0.000000,0.000000,-0.619299,-0.419419,1.166000,-0.280160,-0.078295,0.000000,0.000000
0.012925,2.089413,0.868094,0.087855,-0.080085,-0.701248,-0.702936,-0.318217,-0.048254,0.013313,-0.017450,-0.090304,-0.161113,0.166624,0.048125,0.014945,0.709757,0.515984,0.170212,0.292965,-0.016124,0.327083,0.497686,-0.171936,0.112915,-0.016019,0.000000,0.000000,-0.592420,-0.418407,1.159332,-0.275725,-0.059803,0.000000,0.000000
0.012564,2.111053,0.867995,0.087797,-0.075585,-0.699503,-0.705177,-0.312426,-0.054869,0.029363,-0.017450,-0.093842,-0.130801,0.119298,0.037201,-0.000847,0.885771,0.455385,0.159597,0.291347,-0.016147,0.328979,0.496953,-0.180419,0.116184,-0.009170,0.000000,0.000000,-0.546337,-0.414957,1.123889,-0.270407,-0.060384,0.000000,0.000000
0.011799,2.132402,0.867724,0.086758,-0.071609,-0.697537,-0.707663,-0.308023,-0.058647,0.048482,-0.017450,-0.095693,-0.101415,0.091216,0.022660,-0.013119,1.009537,0.416525,0.146611,0.287006,-0.016188,0.319225,0.494450,-0.196417,0.128728,-0.003048,0.000000,0.000000,-0.511463,-0.411990,1.098274,-0.262265,-0.057390,0.000000,0.000000
0.010883,2.152699,0.867182,0.084919,-0.069863,-0.696104,-0.709470,-0.305350,-0.063617,0.064401,-0.017450,-0.097540,-0.070996,0.065749,0.003356,-0.023997,1.119915,0.378449,0.138967,0.279108,-0.016018,0.304395,0.489742,-0.217310,0.143715,0.003877,0.000000,0.000000,-0.480300,-0.409614,1.075053,-0.249509,-0.055342,0.000000,0.000000
0.009947,2.172700,0.866314,0.082418,-0.071261,-0.695123,-0.710587,-0.306495,-0.070524,0.074500,-0.017450,-0.095850,-0.036884,0.039376,-0.023881,-0.035410,1.225371,0.335000,0.141106,0.267635,-0.015714,0.286685,0.482564,-0.242048,0.157635,0.010618,0.000000,0.000000,-0.453403,-0.407851,1.053346,-0.230145,-0.052522,0.000000,0.000000
0.008859,2.192698,0.866874,0.079328,-0.075040,-0.694484,-0.711174,-0.312002,-0.079762,0.080132,0.027869,-0.091656,-0.000075,0.011860,-0.058560,-0.047317,1.329178,0.284330,0.149218,0.252579,-0.015180,0.268309,0.473023,-0.268830,0.168662,0.017490,0.000000,0.000000,-0.430165,-0.406726,1.032770,-0.205609,-0.049962,0.000000,0.000000
0.007683,2.212957,0.866496,0.075397,-0.079661,-0.694441,-0.711141,-0.318835,-0.091241,0.082938,0.094310,-0.092278,0.031905,-0.014982,-0.094577,-0.056669,1.427051,0.231445,0.157994,0.233684,-0.014378,0.250528,0.461959,-0.296200,0.177552,0.027522,0.000000,0.000000,-0.408213,-0.406120,1.011705,-0.178613,-0.053395,0.000000,0.000000
0.006496,2.233496,0.864322,0.070475,-0.083526,-0.695226,-0.710434,-0.322672,-0.104213,0.084745,0.160373,-0.105737,0.053796,-0.040351,-0.125399,-0.060603,1.515996,0.180941,0.163180,0.210877,-0.013397,0.233590,0.450329,-0.324007,0.185779,0.044255,0.000000,0.000000,-0.383951,-0.405833,0.987288,-0.151119,-0.068962,0.000000,0.000000
0.005604,2.253729,0.860955,0.063910,-0.086023,-0.696710,-0.709303,-0.319946,-0.114978,0.089516,0.220689,-0.137798,0.059848,-0.061169,-0.148674,-0.058117,1.592121,0.134999,0.162436,0.172249,-0.012017,0.234411,0.446122,-0.332387,0.183006,0.067148,0.000000,0.000000,-0.368747,-0.406672,0.979232,-0.121804,-0.095649,0.000000,0.000000
0.004927,2.273577,0.856405,0.056475,-0.088076,-0.698795,-0.707630,-0.314066,-0.123614,0.097363,0.280102,-0.185490,0.055551,-0.082344,-0.167010,-0.053196,1.664728,0.087444,0.156810,0.128988,-0.010491,0.237925,0.441869,-0.339401,0.177712,0.099230,0.000000,0.000000,-0.353927,-0.407431,0.970714,-0.088386,-0.138931,0.000000,0.000000
0.004486,2.292733,0.850762,0.049616,-0.089400,-0.701664,-0.705134,-0.307557,-0.129415,0.100894,0.340364,-0.243104,0.048855,-0.110586,-0.179865,-0.045836,1.739454,0.038239,0.150754,0.110592,-0.009243,0.202581,0.427645,-0.389770,0.195029,0.144691,0.000000,0.000000,-0.300614,-0.405695,0.907413,-0.060046,-0.211528,0.000000,0.000000
0.004366,2.311724,0.845005,0.044357,-0.089961,-0.704397,-0.702684,-0.298582,-0.134105,0.097171,0.390194,-0.292670,0.042362,-0.135775,-0.183863,-0.039119,1.794053,-0.000492,0.145631,0.086873,-0.007862,0.168275,0.416527,-0.432254,0.204860,0.171101,0.000000,0.000000,-0.260619,-0.405075,0.856124,-0.035810,-0.258312,0.000000,0.000000
0.004201,2.331114,0.839238,0.041611,-0.089603,-0.706070,-0.701217,-0.287870,-0.136452,0.094594,0.432190,-0.335957,0.039119,-0.163534,-0.177510,-0.030423,1.833927,-0.030406,0.139152,0.061275,-0.006330,0.138523,0.408772,-0.467046,0.201381,0.178356,0.000000,0.000000,-0.222166,-0.404923,0.806004,-0.018466,-0.285131,0.000000,0.000000
0.003736,2.350778,0.833553,0.040373,-0.088493,-0.707162,-0.700329,-0.275045,-0.136969,0.093582,0.466897,-0.376499,0.037359,-0.193225,-0.162526,-0.020679,1.861079,-0.052898,0.129637,0.035895,-0.004758,0.112925,0.403507,-0.496446,0.186492,0.174042,0.000000,0.000000,-0.181941,-0.404735,0.753075,-0.005736,-0.299282,0.000000,0.000000
0.003128,2.370706,0.827878,0.039582,-0.086963,-0.707701,-0.700021,-0.260168,-0.136748,0.093180,0.495833,-0.413685,0.036655,-0.223116,-0.144265,-0.011520,1.877680,-0.070885,0.119497,0.011812,-0.003202,0.084428,0.400043,-0.522764,0.166969,0.164086,0.000000,0.000000,-0.140397,-0.404399,0.698794,0.003028,-0.300924,0.000000,0.000000
0.002433,2.391119,0.822113,0.038324,-0.085345,-0.707707,-0.700285,-0.243530,-0.136758,0.092419,0.520633,-0.446458,0.036836,-0.251789,-0.128052,-0.003511,1.885401,-0.087635,0.112716,-0.009635,-0.001636,0.056561,0.397412,-0.544157,0.141360,0.159359,0.000000,0.000000,-0.098630,-0.403923,0.644711,0.007436,-0.289858,0.000000,0.000000
0.001749,2.411400,0.816328,0.036001,-0.083620,-0.706972,-0.701358,-0.224441,-0.137497,0.090731,0.541398,-0.475053,0.038196,-0.278787,-0.114965,0.005044,1.884352,-0.104405,0.113742,-0.028131,-0.000181,0.036531,0.394714,-0.558712,0.103730,0.168787,0.000000,0.000000,-0.057134,-0.403296,0.590345,0.006451,-0.259444,0.000000,0.000000
0.001400,2.431282,0.811714,0.033175,-0.081679,-0.705552,-0.703153,-0.202945,-0.138426,0.088656,0.557498,-0.499841,0.040529,-0.304762,-0.103085,0.015464,1.873694,-0.119960,0.120894,-0.045289,0.001223,0.021132,0.391876,-0.568554,0.057252,0.186643,0.000000,0.000000,-0.016237,-0.402466,0.536324,0.000639,-0.211072,0.000000,0.000000
0.001217,2.451771,0.813094,0.030472,-0.079632,-0.703947,-0.705117,-0.182302,-0.139080,0.086911,0.573643,-0.521659,0.042881,-0.327747,-0.093564,0.026149,1.852696,-0.133476,0.128048,-0.074727,0.002589,0.009832,0.390097,-0.568327,0.010593,0.200393,0.000000,0.000000,-0.003755,-0.403083,0.522515,0.007528,-0.153320,0.000000,0.000000
0.001005,2.471691,0.818154,0.029517,-0.077749,-0.702563,-0.706745,-0.160956,-0.140483,0.084145,0.584325,-0.537122,0.045561,-0.351396,-0.085469,0.037376,1.822153,-0.144357,0.131652,-0.103911,0.003969,-0.001983,0.388309,-0.564111,-0.037168,0.211631,0.000000,0.000000,0.007349,-0.403376,0.508002,0.013286,-0.101867,0.000000,0.000000
0.000861,2.491861,0.827189,0.030553,-0.076061,-0.701338,-0.708101,-0.139972,-0.141911,0.081253,0.589333,-0.545600,0.048242,-0.374972,-0.078665,0.047709,1.779767,-0.151164,0.128516,-0.128967,0.005163,-0.015200,0.386584,-0.555985,-0.085064,0.216631,0.000000,0.000000,0.022060,-0.402934,0.488050,0.013132,-0.066084,0.000000,0.000000
0.000953,2.512228,0.839151,0.033364,-0.074389,-0.700320,-0.709158,-0.119582,-0.141789,0.077264,0.589196,-0.547922,0.051712,-0.398152,-0.073431,0.056165,1.724916,-0.154043,0.121082,-0.150953,0.006293,-0.029290,0.384915,-0.544310,-0.134645,0.216520,0.000000,0.000000,0.042847,-0.401916,0.463329,0.003777,-0.042059,0.000000,0.000000
0.001369,2.532854,0.841840,0.038015,-0.072247,-0.700164,-0.709300,-0.098042,-0.136004,0.069003,0.580562,-0.538468,0.052733,-0.420006,-0.068977,0.061215,1.657842,-0.153149,0.112123,-0.174259,0.007439,-0.043145,0.383244,-0.529805,-0.185200,0.213241,0.000000,0.000000,0.074829,-0.400290,0.434441,-0.020145,-0.028569,0.000000,0.000000
0.001987,2.553936,0.844880,0.043321,-0.070143,-0.699601,-0.709761,-0.077502,-0.126349,0.063422,0.572849,-0.523970,0.049474,-0.438513,-0.065430,0.064161,1.582452,-0.150676,0.101377,-0.182318,0.008362,-0.047812,0.382234,-0.511230,-0.244547,0.207242,0.000000,0.000000,0.165449,-0.394046,0.352900,-0.090238,-0.036122,0.000000,0.000000
0.002637,2.574978,0.848111,0.048485,-0.067152,-0.698637,-0.710666,-0.057508,-0.113734,0.062167,0.565911,-0.502726,0.042514,-0.452425,-0.062645,0.063742,1.503949,-0.146841,0.089099,-0.197419,0.009223,-0.065757,0.381892,-0.508390,-0.282794,0.190971,0.000000,0.000000,0.203930,-0.389945,0.319927,-0.117788,-0.028176,0.000000,0.000000
0.003362,2.596400,0.851520,0.054136,-0.063972,-0.697688,-0.711483,-0.036730,-0.099270,0.061226,0.556668,-0.473296,0.033515,-0.463637,-0.059392,0.056951,1.416032,-0.141638,0.072896,-0.218541,0.010141,-0.084383,0.381891,-0.503007,-0.316904,0.167919,0.000000,0.000000,0.229639,-0.387081,0.304006,-0.136649,-0.020940,0.000000,0.000000
0.004289,2.618066,0.855057,0.060038,-0.060643,-0.696744,-0.712226,-0.015499,-0.083443,0.060653,0.545370,-0.435692,0.023353,-0.471399,-0.053219,0.044149,1.319928,-0.135646,0.052731,-0.242918,0.011100,-0.102882,0.382398,-0.496715,-0.348047,0.144282,0.000000,0.000000,0.250405,-0.384857,0.296019,-0.151973,-0.015234,0.000000,0.000000
0.005467,2.640066,0.858593,0.065911,-0.057206,-0.695782,-0.712931,0.005241,-0.067102,0.061017,0.533230,-0.391499,0.013263,-0.474921,-0.042763,0.029259,1.220241,-0.129448,0.030977,-0.267884,0.012067,-0.121402,0.383551,-0.493081,-0.374851,0.127546,0.000000,0.000000,0.268320,-0.383024,0.291439,-0.163940,-0.009537,0.000000,0.000000
0.006748,2.662367,0.862086,0.072038,-0.053403,-0.694704,-0.713684,0.026124,-0.049424,0.063334,0.519321,-0.339117,0.004184,-0.474199,-0.027651,0.014384,1.115082,-0.122344,0.007431,-0.292561,0.013037,-0.141612,0.385553,-0.494596,-0.396376,0.119885,0.000000,0.000000,0.284977,-0.381412,0.288227,-0.173334,-0.003413,0.000000,0.000000
0.008018,2.684817,0.865511,0.078442,-0.049270,-0.693583,-0.714396,0.047383,-0.030463,0.066795,0.503321,-0.278518,-0.004242,-0.469322,-0.008334,-0.000376,1.003892,-0.114517,-0.016992,-0.316409,0.013926,-0.164370,0.388454,-0.501659,-0.412424,0.118038,0.000000,0.000000,0.301034,-0.379913,0.285805,-0.180905,0.002336,0.000000,0.000000
0.009249,2.707385,0.868695,0.084443,-0.045307,-0.692618,-0.714911,0.068409,-0.011909,0.069151,0.487155,-0.212452,-0.013397,-0.460504,0.013244,-0.012245,0.888336,-0.105748,-0.037408,-0.339120,0.014798,-0.188836,0.392042,-0.513141,-0.424590,0.119940,0.000000,0.000000,0.316579,-0.378525,0.282886,-0.186289,0.007955,0.000000,0.000000
0.010651,2.729847,0.871670,0.089343,-0.042065,-0.691995,-0.715116,0.088290,0.004272,0.068003,0.473227,-0.143995,-0.024914,-0.448476,0.033880,-0.017985,0.770138,-0.095404,-0.048485,-0.360467,0.015554,-0.213658,0.395987,-0.527299,-0.434917,0.123867,0.000000,0.000000,0.331528,-0.377303,0.278121,-0.189061,0.013881,0.000000,0.000000
0.012019,2.752565,0.874415,0.093526,-0.039690,-0.691685,-0.715018,0.106491,0.018232,0.063088,0.460965,-0.069907,-0.039059,-0.433496,0.051291,-0.014804,0.646166,-0.081950,-0.047464,-0.380526,0.016283,-0.239641,0.400289,-0.544506,-0.442707,0.132294,0.000000,0.000000,0.345918,-0.376240,0.271142,-0.189288,0.020046,0.000000,0.000000
0.013168,2.775401,0.864813,0.097141,-0.037958,-0.691570,-0.714740,0.123544,0.030348,0.054725,0.449709,0.011195,-0.055815,-0.415703,0.064582,-0.003331,0.515207,-0.065604,-0.036119,-0.399323,0.016964,-0.267653,0.405061,-0.565535,-0.447429,0.145211,0.000000,0.000000,0.359875,-0.375322,0.261914,-0.187112,0.026393,0.000000,0.000000
0.013885,2.798544,0.859468,0.099278,-0.036780,-0.691700,-0.714383,0.138957,0.038429,0.042133,0.442782,0.087827,-0.075499,-0.396631,0.072265,0.012669,0.390714,-0.050493,-0.017914,-0.415642,0.017552,-0.293892,0.409722,-0.586904,-0.451515,0.156518,0.000000,0.000000,0.372541,-0.374562,0.250338,-0.182354,0.032915,0.000000,0.000000
0.014374,2.822062,0.859614,0.098903,-0.036196,-0.692166,-0.714013,0.153557,0.040923,0.023971,0.442921,0.153806,-0.099680,-0.376515,0.074473,0.029836,0.275478,-0.038785,0.004004,-0.430161,0.018026,-0.315426,0.413903,-0.605237,-0.458858,0.160812,0.000000,0.000000,0.383866,-0.374082,0.235768,-0.174630,0.039756,0.000000,0.000000
0.014709,2.845842,0.860678,0.094998,-0.036400,-0.693188,-0.713542,0.168247,0.036329,-0.000234,0.449932,0.206526,-0.130710,-0.354461,0.069626,0.047848,0.168997,-0.031269,0.028967,-0.443868,0.018463,-0.329997,0.417193,-0.617960,-0.472130,0.153921,0.000000,0.000000,0.393642,-0.374140,0.217687,-0.162486,0.045635,0.000000,0.000000
0.014834,2.869847,0.860839,0.089032,-0.037806,-0.694144,-0.713308,0.176759,0.025573,-0.022660,0.475327,0.239579,-0.160858,-0.342562,0.059645,0.066637,0.094404,-0.042522,0.055758,-0.462409,0.019004,-0.335150,0.417403,-0.619827,-0.487469,0.146069,0.000000,0.000000,0.396575,-0.374688,0.212047,-0.147025,0.046318,0.000000,0.000000
0.014457,2.894368,0.860861,0.081858,-0.037425,-0.693301,-0.715006,0.194050,0.017810,-0.023520,0.489397,0.276101,-0.186002,-0.310651,0.046102,0.090471,-0.014008,-0.030958,0.087415,-0.464422,0.019260,-0.341853,0.419813,-0.626078,-0.504059,0.126797,0.000000,0.000000,0.404931,-0.375519,0.181873,-0.129201,0.055828,0.000000,0.000000
0.013994,2.918192,0.860137,0.075097,-0.038560,-0.693453,-0.715540,0.199993,0.006765,-0.039428,0.519716,0.291404,-0.206572,-0.294872,0.035342,0.105215,-0.017450,-0.035992,0.111048,-0.466517,0.019420,-0.342313,0.421109,-0.627452,-0.517593,0.118123,0.000000,0.000000,0.409723,-0.376055,0.160821,-0.118815,0.063457,0.000000,0.000000
0.013518,2.941642,0.859652,0.068930,-0.039958,-0.692913,-0.716606,0.200238,-0.010987,-0.062523,0.575702,0.292539,-0.225351,-0.280147,0.023105,0.121414,-0.017450,-0.049833,0.141557,-0.464572,0.019539,-0.337429,0.422371,-0.624663,-0.534520,0.116288,0.000000,0.000000,0.414802,-0.376485,0.133323,-0.109920,0.077428,0.000000,0.000000
0.013315,2.964331,0.861166,0.062637,-0.041630,-0.691888,-0.718077,0.193920,-0.034472,-0.087292,0.653019,0.274727,-0.238897,-0.267746,0.010550,0.136740,-0.017450,-0.069568,0.175462,-0.458394,0.019588,-0.325818,0.423059,-0.615959,-0.552575,0.121674,0.000000,0.000000,0.417617,-0.376722,0.104737,-0.102474,0.095997,0.000000,0.000000
0.013384,2.986733,0.862434,0.056830,-0.043072,-0.690531,-0.719779,0.182813,-0.057234,-0.106138,0.739347,0.247232,-0.249359,-0.257813,0.000968,0.147090,-0.017450,-0.088076,0.203805,-0.448986,0.019511,-0.309597,0.423061,-0.603416,-0.567138,0.129344,0.000000,0.000000,0.417458,-0.376785,0.080603,-0.097666,0.114162,0.000000,0.000000
0.013373,3.009069,0.863455,0.052130,-0.043870,-0.689047,-0.721507,0.168455,-0.073503,-0.115162,0.827204,0.220682,-0.261204,-0.249396,-0.003457,0.149819,-0.017450,-0.099554,0.219776,-0.437169,0.019274,-0.290838,0.422502,-0.589261,-0.575124,0.134009,0.000000,0.000000,0.414796,-0.376721,0.063167,-0.096559,0.128052,0.000000,0.000000
0.013526,3.031270,0.864398,0.048279,-0.044051,-0.687447,-0.723287,0.150987,-0.082863,-0.114027,0.917988,0.198887,-0.279708,-0.241648,-0.001228,0.141631,-0.017450,-0.098922,0.220667,-0.423076,0.018904,-0.267908,0.421235,-0.572398,-0.577075,0.134034,0.000000,0.000000,0.409466,-0.376520,0.052630,-0.099683,0.137393,0.000000,0.000000
0.013545,3.053436,0.865261,0.045139,-0.043775,-0.685677,-0.725185,0.128555,-0.087675,-0.104233,1.023217,0.176942,-0.306991,-0.234014,0.007738,0.122404,-0.017450,-0.087603,0.208394,-0.404569,0.018372,-0.237976,0.418930,-0.550833,-0.573507,0.130603,0.000000,0.000000,0.400201,-0.376140,0.047466,-0.106663,0.144472,0.000000,0.000000
0.014162,3.074543,0.865566,0.043470,-0.042867,-0.683834,-0.727079,0.104401,-0.084292,-0.088042,1.125221,0.155715,-0.333659,-0.228581,0.020755,0.099774,-0.017450,-0.074364,0.186232,-0.383597,0.017700,-0.208139,0.416226,-0.529499,-0.561736,0.124630,0.000000,0.000000,0.388255,-0.375547,0.048817,-0.116364,0.147798,0.000000,0.000000
0.015423,3.095043,0.865194,0.044021,-0.041132,-0.682024,-0.728844,0.079495,-0.069745,-0.068641,1.217776,0.132948,-0.350070,-0.226325,0.034508,0.082809,-0.016049,-0.069808,0.159281,-0.360680,0.016884,-0.183760,0.414026,-0.512197,-0.539531,0.117580,0.000000,0.000000,0.374610,-0.374726,0.055869,-0.127670,0.146849,0.000000,0.000000
0.016964,3.115004,0.866372,0.047705,-0.038425,-0.680279,-0.730389,0.052532,-0.038815,-0.044648,1.306000,0.105030,-0.352503,-0.230207,0.049240,0.075696,0.038413,-0.078442,0.125382,-0.334861,0.015919,-0.167065,0.413042,-0.500464,-0.505103,0.106808,0.000000,0.000000,0.359367,-0.373392,0.068604,-0.142402,0.139208,0.000000,0.000000
0.018597,3.135507,0.866354,0.052689,-0.034509,-0.678480,-0.731914,0.041043,0.000446,-0.021905,1.359908,0.091744,-0.344989,-0.230070,0.062579,0.077973,0.089064,-0.082119,0.091008,-0.303226,0.014765,-0.157402,0.413783,-0.498990,-0.467333,0.097156,0.000000,0.000000,0.353607,-0.372230,0.072397,-0.163239,0.133251,0.000000,0.000000
0.020197,3.155301,0.863505,0.060287,-0.030607,-0.677897,-0.732041,-0.001722,0.045403,-0.022886,1.470357,0.044805,-0.357015,-0.248632,0.083384,0.075672,0.184235,-0.117086,0.047537,-0.277042,0.013528,-0.147889,0.414595,-0.490047,-0.410523,0.081818,0.000000,0.000000,0.328074,-0.369795,0.100024,-0.182165,0.111767,0.000000,0.000000
0.021582,3.175702,0.859078,0.066860,-0.024971,-0.674752,-0.734586,-0.027610,0.100370,0.016167,1.545724,0.011744,-0.320894,-0.255188,0.103312,0.077477,0.254516,-0.145635,0.016514,-0.243751,0.012049,-0.135480,0.416254,-0.481069,-0.352991,0.081759,0.000000,0.000000,0.307464,-0.367774,0.122186,-0.200308,0.100991,0.000000,0.000000
0.023306,3.195952,0.853744,0.072808,-0.018209,-0.671143,-0.737519,-0.050765,0.153777,0.048554,1.610814,-0.018070,-0.278324,-0.254170,0.123334,0.076354,0.311617,-0.179999,-0.006744,-0.205784,0.010357,-0.122633,0.418226,-0.473619,-0.285592,0.097879,0.000000,0.000000,0.286790,-0.366059,0.141069,-0.217049,0.098894,0.000000,0.000000
0.024535,3.216057,0.847646,0.078686,-0.010429,-0.667256,-0.740587,-0.072624,0.206438,0.070347,1.668479,-0.046027,-0.234955,-0.247911,0.143421,0.073723,0.360748,-0.220751,-0.025938,-0.160478,0.008447,-0.112681,0.420287,-0.471382,-0.207767,0.125910,0.000000,0.000000,0.273802,-0.364241,0.148794,-0.240678,0.102563,0.000000,0.000000
0.025355,3.235713,0.841148,0.083917,-0.002843,-0.663547,-0.743408,-0.095939,0.257166,0.092120,1.720606,-0.076076,-0.181752,-0.238463,0.161648,0.070858,0.404118,-0.263861,-0.041146,-0.124983,0.006576,-0.099711,0.422626,-0.457929,-0.125325,0.158389,0.000000,0.000000,0.239289,-0.363087,0.178263,-0.249519,0.104411,0.000000,0.000000
0.025782,3.255143,0.835070,0.087230,0.003266,-0.661568,-0.744787,-0.118365,0.293679,0.100085,1.757590,-0.100705,-0.136743,-0.225886,0.175023,0.067581,0.439420,-0.301820,-0.052674,-0.084497,0.004645,-0.091509,0.424708,-0.453715,-0.049568,0.183001,0.000000,0.000000,0.222822,-0.361505,0.184824,-0.271395,0.103195,0.000000,0.000000
0.025954,3.274886,0.829289,0.088392,0.007586,-0.661329,-0.744831,-0.143752,0.319833,0.103016,1.782794,-0.123959,-0.083375,-0.210268,0.182963,0.063773,0.469674,-0.336945,-0.059756,-0.045722,0.002726,-0.084338,0.426662,-0.448859,0.025521,0.204047,0.000000,0.000000,0.202404,-0.360282,0.190795,-0.289458,0.098224,0.000000,0.000000
0.026166,3.295262,0.824026,0.087762,0.010731,-0.662370,-0.743942,-0.171470,0.337462,0.102220,1.796044,-0.145776,-0.021105,-0.190913,0.185981,0.059546,0.492842,-0.369795,-0.062600,-0.017950,0.000931,-0.070161,0.427617,-0.430095,0.099145,0.226588,0.000000,0.000000,0.161452,-0.361852,0.213486,-0.290453,0.093061,0.000000,0.000000
0.026708,3.315938,0.819260,0.086315,0.013173,-0.664415,-0.742246,-0.198842,0.346120,0.095094,1.796583,-0.163442,0.033350,-0.169127,0.186498,0.055520,0.508923,-0.398068,-0.063598,0.012554,-0.000758,-0.060446,0.428988,-0.420418,0.167558,0.237343,0.000000,0.000000,0.136970,-0.361936,0.223081,-0.303256,0.080605,0.000000,0.000000
0.027219,3.336860,0.816513,0.084718,0.014843,-0.666737,-0.740314,-0.225852,0.349275,0.089683,1.787275,-0.179630,0.075591,-0.145397,0.186143,0.053081,0.517540,-0.419334,-0.065193,0.022645,-0.002234,-0.028231,0.428877,-0.379488,0.212936,0.235027,0.000000,0.000000,0.093097,-0.367394,0.259413,-0.305939,0.064571,0.000000,0.000000
0.027791,3.357838,0.818320,0.083751,0.016789,-0.669769,-0.737641,-0.251627,0.347600,0.083448,1.767889,-0.192729,0.096775,-0.119727,0.187174,0.052261,0.516844,-0.432735,-0.067587,0.045161,-0.003647,-0.016771,0.430099,-0.366997,0.253373,0.193100,0.000000,0.000000,0.071186,-0.367860,0.267679,-0.322610,0.035379,0.000000,0.000000
0.027924,3.378786,0.821943,0.082522,0.018321,-0.673578,-0.734267,-0.277331,0.339925,0.076402,1.736861,-0.203411,0.104118,-0.090249,0.187734,0.052763,0.506308,-0.439373,-0.069660,0.060367,-0.004938,0.005205,0.431791,-0.343242,0.276271,0.124695,0.000000,0.000000,0.043092,-0.370473,0.282419,-0.336777,-0.000761,0.000000,0.000000
0.027852,3.399679,0.827087,0.081158,0.018550,-0.677366,-0.730920,-0.301596,0.326672,0.069611,1.695678,-0.210811,0.101826,-0.060501,0.186517,0.054310,0.490140,-0.438696,-0.071026,0.069241,-0.005947,0.041208,0.434295,-0.307281,0.277788,0.051716,0.000000,0.000000,0.015248,-0.374783,0.302294,-0.352612,-0.039447,0.000000,0.000000
0.027683,3.420302,0.834119,0.079797,0.016708,-0.680323,-0.728364,-0.324280,0.308707,0.065454,1.645167,-0.215313,0.096635,-0.032555,0.182563,0.056658,0.471949,-0.429982,-0.071868,0.083263,-0.006885,0.071172,0.436506,-0.279331,0.273970,-0.008344,0.000000,0.000000,-0.009922,-0.378026,0.314815,-0.368758,-0.075380,0.000000,0.000000
0.027340,3.441241,0.842907,0.078330,0.012014,-0.682262,-0.726801,-0.345856,0.284024,0.063957,1.584442,-0.215650,0.087452,-0.007178,0.174839,0.060285,0.451568,-0.412610,-0.073292,0.097662,-0.007740,0.106231,0.438655,-0.247813,0.253736,-0.047409,0.000000,0.000000,-0.035984,-0.382370,0.326243,-0.385781,-0.106542,0.000000,0.000000
0.026827,3.462491,0.851778,0.076777,0.005147,-0.683599,-0.725790,-0.366071,0.252770,0.062979,1.512790,-0.211930,0.071446,0.016577,0.164034,0.065113,0.427684,-0.387047,-0.074893,0.111618,-0.008523,0.145815,0.440346,-0.213175,0.217910,-0.075695,0.000000,0.000000,-0.062214,-0.387889,0.336829,-0.404659,-0.134958,0.000000,0.000000
0.026272,3.483963,0.854984,0.075246,-0.002902,-0.684423,-0.725186,-0.383488,0.218744,0.062020,1.431550,-0.206509,0.052690,0.038570,0.151270,0.070143,0.402900,-0.354451,-0.074856,0.126624,-0.009287,0.183261,0.441152,-0.180799,0.178246,-0.096248,0.000000,0.000000,-0.088542,-0.393949,0.346544,-0.423177,-0.158711,0.000000,0.000000
0.025299,3.505503,0.858207,0.073865,-0.011313,-0.684815,-0.724876,-0.397637,0.185319,0.061429,1.341259,-0.201828,0.036055,0.058756,0.137301,0.074411,0.379836,-0.315463,-0.071216,0.140120,-0.010010,0.224278,0.440894,-0.144436,0.137286,-0.109877,0.000000,0.000000,-0.117803,-0.402363,0.360882,-0.439289,-0.173773,0.000000,0.000000
0.024189,3.527173,0.861496,0.072483,-0.020494,-0.684801,-0.724826,-0.407953,0.152685,0.061436,1.243743,-0.200165,0.023107,0.076321,0.121979,0.077908,0.359922,-0.270737,-0.063906,0.154929,-0.010693,0.258287,0.439508,-0.114173,0.104396,-0.113372,0.000000,0.000000,-0.149464,-0.411402,0.377200,-0.450056,-0.177857,0.000000,0.000000
0.023114,3.548936,0.864844,0.071038,-0.030703,-0.684308,-0.725075,-0.414776,0.119069,0.061504,1.137342,-0.199768,0.011020,0.091674,0.104818,0.081292,0.341527,-0.219354,-0.053793,0.171931,-0.011368,0.284738,0.437324,-0.090952,0.077131,-0.106855,0.000000,0.000000,-0.182949,-0.420827,0.393987,-0.456687,-0.173170,0.000000,0.000000
0.021980,3.570738,0.868131,0.069762,-0.040730,-0.683312,-0.725644,-0.418090,0.087281,0.061551,1.024067,-0.197605,-0.000490,0.105363,0.087214,0.084257,0.324783,-0.162174,-0.040516,0.190265,-0.012054,0.306461,0.434720,-0.071372,0.055007,-0.096909,0.000000,0.000000,-0.217282,-0.430771,0.412087,-0.460442,-0.164185,0.000000,0.000000
0.021178,3.592447,0.871228,0.068905,-0.049364,-0.681821,-0.726592,-0.417831,0.060429,0.062043,0.906203,-0.190656,-0.011090,0.118000,0.070877,0.086383,0.310221,-0.100409,-0.023489,0.209167,-0.012738,0.326268,0.432105,-0.051785,0.037872,-0.091069,0.000000,0.000000,-0.251338,-0.441046,0.432229,-0.462513,-0.156009,0.000000,0.000000
0.020334,3.614139,0.874126,0.068770,-0.056652,-0.679854,-0.727915,-0.413997,0.039028,0.063828,0.782469,-0.177624,-0.019928,0.129346,0.056829,0.088037,0.297650,-0.032202,-0.005159,0.229001,-0.013447,0.347481,0.429255,-0.029998,0.022967,-0.092090,0.000000,0.000000,-0.284956,-0.451550,0.454338,-0.462856,-0.150220,0.000000,0.000000
0.019668,3.636150,0.876825,0.069043,-0.063307,-0.677415,-0.729613,-0.406988,0.020681,0.067095,0.652477,-0.160088,-0.027443,0.139432,0.044261,0.089492,0.286791,0.042094,0.015071,0.247446,-0.014111,0.364974,0.427256,-0.006756,0.014566,-0.098995,0.000000,0.000000,-0.320354,-0.462254,0.480872,-0.460728,-0.144189,0.000000,0.000000
0.019139,3.658276,0.861503,0.069573,-0.068497,-0.674591,-0.731707,-0.397100,0.005518,0.071089,0.521117,-0.140145,-0.034998,0.145907,0.033710,0.090184,0.287859,0.111557,0.043253,0.268495,-0.014729,0.381178,0.425877,0.015111,0.009228,-0.105694,0.000000,0.000000,-0.352131,-0.471152,0.504988,-0.457848,-0.140292,0.000000,0.000000
0.018914,3.680813,0.860465,0.069702,-0.071887,-0.671460,-0.734245,-0.384771,-0.006829,0.075233,0.393782,-0.120324,-0.043997,0.151862,0.024120,0.090173,0.298729,0.171809,0.086030,0.287840,-0.015325,0.400791,0.424617,0.041842,0.004389,-0.110121,0.000000,0.000000,-0.382713,-0.480225,0.531626,-0.455178,-0.136295,0.000000,0.000000
0.018833,3.703477,0.865208,0.069622,-0.073059,-0.668157,-0.737144,-0.369359,-0.015551,0.079337,0.268012,-0.099787,-0.054942,0.159375,0.016284,0.089644,0.313890,0.227200,0.155899,0.306477,-0.015888,0.423371,0.423616,0.073083,0.000310,-0.111042,0.000000,0.000000,-0.409829,-0.488594,0.558207,-0.453849,-0.134329,0.000000,0.000000
0.018861,3.726629,0.868091,0.069527,-0.072334,-0.664684,-0.740357,-0.351772,-0.020697,0.083668,0.143862,-0.078993,-0.067441,0.168269,0.011146,0.089777,0.331888,0.278386,0.248989,0.325364,-0.016454,0.447434,0.423048,0.107323,-0.002600,-0.109518,0.000000,0.000000,-0.432383,-0.495788,0.582771,-0.453865,-0.135282,0.000000,0.000000
0.018913,3.750117,0.866405,0.069444,-0.070076,-0.660951,-0.743916,-0.334361,-0.022731,0.088469,0.029678,-0.062169,-0.080849,0.178558,0.008029,0.090796,0.352718,0.320195,0.344236,0.343756,-0.016991,0.472740,0.422952,0.144145,-0.005435,-0.105653,0.000000,0.000000,-0.449920,-0.501749,0.604503,-0.455851,-0.137668,0.000000,0.000000
0.018931,3.774139,0.865047,0.069507,-0.066635,-0.656790,-0.747901,-0.321475,-0.021781,0.093691,-0.017450,-0.055352,-0.093040,0.188914,0.005648,0.091293,0.373602,0.346932,0.409450,0.356089,-0.017317,0.506270,0.422410,0.188082,-0.016654,-0.102115,0.000000,0.000000,-0.463759,-0.506902,0.625249,-0.460408,-0.137640,0.000000,0.000000
0.018940,3.798320,0.866232,0.069642,-0.061486,-0.651926,-0.752571,-0.309916,-0.016993,0.100886,-0.017450,-0.057162,-0.108912,0.201874,0.002102,0.089873,0.399712,0.366505,0.454184,0.371347,-0.017694,0.543385,0.421854,0.236033,-0.029971,-0.092717,0.000000,0.000000,-0.470471,-0.510732,0.640315,-0.469301,-0.138743,0.000000,0.000000
0.019032,3.822689,0.867245,0.069705,-0.054502,-0.646350,-0.757894,-0.298788,-0.007954,0.110027,-0.017450,-0.065298,-0.127513,0.217723,-0.000741,0.081949,0.431053,0.378753,0.469317,0.388591,-0.018114,0.584171,0.421622,0.288267,-0.045762,-0.078630,0.000000,0.000000,-0.469482,-0.512797,0.649408,-0.482003,-0.141381,0.000000,0.000000
0.018729,3.846698,0.868003,0.069586,-0.047012,-0.640457,-0.763389,-0.288893,0.002686,0.120682,-0.017450,-0.077243,-0.142705,0.234519,-0.006476,0.074491,0.464717,0.385137,0.472175,0.406058,-0.018582,0.625960,0.421341,0.342240,-0.063790,-0.065841,0.000000,0.000000,-0.462614,-0.513172,0.653620,-0.495826,-0.145312,0.000000,0.000000
0.018408,3.870454,0.868452,0.069315,-0.040009,-0.634716,-0.768590,-0.280777,0.012204,0.132487,-0.017450,-0.090665,-0.147759,0.250878,-0.015645,0.071280,0.498130,0.388525,0.471093,0.422900,-0.019087,0.662506,0.420887,0.392317,-0.080690,-0.059008,0.000000,0.000000,-0.451431,-0.512163,0.653660,-0.508327,-0.150125,0.000000,0.000000
0.017725,3.893787,0.868615,0.069301,-0.032897,-0.628882,-0.773707,-0.273969,0.021220,0.146568,-0.017450,-0.111870,-0.137281,0.261342,-0.026833,0.073110,0.547087,0.378744,0.456922,0.438198,-0.019530,0.700629,0.419683,0.446862,-0.101427,-0.063418,0.000000,0.000000,-0.434763,-0.509750,0.649203,-0.521904,-0.154653,0.000000,0.000000
0.017144,3.917240,0.868505,0.069615,-0.025270,-0.622761,-0.778900,-0.268176,0.030977,0.162316,-0.017450,-0.140142,-0.113941,0.262678,-0.037343,0.073061,0.618033,0.350864,0.411533,0.453127,-0.019983,0.734349,0.418144,0.499654,-0.121746,-0.074257,0.000000,0.000000,-0.412803,-0.505858,0.639562,-0.536446,-0.159020,0.000000,0.000000
0.016490,3.940236,0.868209,0.069813,-0.018499,-0.617042,-0.783610,-0.264264,0.039943,0.177263,-0.017450,-0.160327,-0.085064,0.259176,-0.049409,0.072653,0.693643,0.317852,0.360355,0.465250,-0.020296,0.760615,0.416473,0.545056,-0.139241,-0.087802,0.000000,0.000000,-0.389830,-0.501162,0.628386,-0.548985,-0.163803,0.000000,0.000000
0.016395,3.963700,0.867997,0.069657,-0.013885,-0.612344,-0.787394,-0.262689,0.046450,0.189886,-0.017450,-0.159045,-0.058367,0.251327,-0.063030,0.069989,0.766456,0.288164,0.321083,0.472725,-0.020424,0.777016,0.414934,0.577741,-0.151675,-0.099451,0.000000,0.000000,-0.370503,-0.496506,0.619594,-0.556660,-0.169282,0.000000,0.000000
0.016826,3.987627,0.868171,0.069774,-0.012228,-0.608413,-0.790453,-0.263276,0.049372,0.198497,-0.017450,-0.137511,-0.040246,0.242425,-0.074165,0.066116,0.817572,0.269527,0.301153,0.475681,-0.020436,0.782432,0.413985,0.593999,-0.158061,-0.107234,0.000000,0.000000,-0.359074,-0.493358,0.614806,-0.559706,-0.173785,0.000000,0.000000
0.016508,4.010198,0.868770,0.070002,-0.012767,-0.605096,-0.792966,-0.266789,0.051674,0.213185,-0.017450,-0.079966,-0.009879,0.224105,-0.095438,0.058088,0.904868,0.238864,0.272147,0.478085,-0.020473,0.785364,0.412644,0.614972,-0.166358,-0.120722,0.000000,0.000000,-0.341361,-0.487932,0.607906,-0.562662,-0.181915,0.000000,0.000000
0.014943,4.030147,0.868562,0.068907,-0.014452,-0.603173,-0.794497,-0.273777,0.050156,0.229479,-0.017450,-0.001150,0.023158,0.200705,-0.124431,0.047578,1.009284,0.203591,0.241513,0.476424,-0.020574,0.783697,0.411520,0.631394,-0.172504,-0.134757,0.000000,0.000000,-0.321531,-0.481073,0.601808,-0.561920,-0.192027,0.000000,0.000000
0.013275,4.049933,0.866642,0.065126,-0.016190,-0.603423,-0.794593,-0.283076,0.043056,0.242775,-0.017450,0.067053,0.052155,0.177377,-0.160193,0.035972,1.121825,0.167379,0.211705,0.466755,-0.020614,0.779751,0.411124,0.637663,-0.173473,-0.142841,0.000000,0.000000,-0.300903,-0.472962,0.598997,-0.553141,-0.203024,0.000000,0.000000
0.012443,4.070735,0.862714,0.057349,-0.017830,-0.606400,-0.792889,-0.292507,0.029922,0.246623,-0.017450,0.084591,0.070354,0.161389,-0.199145,0.023732,1.226037,0.137230,0.191311,0.446848,-0.020413,0.776030,0.411932,0.628174,-0.166445,-0.140523,0.000000,0.000000,-0.284161,-0.464886,0.603107,-0.533377,-0.211299,0.000000,0.000000
0.011769,4.090443,0.863142,0.046807,-0.019585,-0.611784,-0.789396,-0.303055,0.014545,0.239158,0.063256,0.059616,0.076417,0.151583,-0.239332,0.010557,1.321606,0.113132,0.180311,0.418447,-0.019949,0.770200,0.413800,0.605335,-0.152254,-0.130472,0.000000,0.000000,-0.271583,-0.457140,0.612644,-0.505155,-0.217246,0.000000,0.000000
0.011289,4.110804,0.862565,0.035721,-0.021257,-0.618692,-0.784534,-0.313511,-0.000713,0.223211,0.169022,0.013720,0.073703,0.143848,-0.276951,-0.000976,1.411476,0.091525,0.170068,0.384180,-0.019251,0.759575,0.416405,0.573774,-0.132205,-0.112619,0.000000,0.000000,-0.259250,-0.449285,0.622579,-0.470977,-0.225287,0.000000,0.000000
0.010675,4.131244,0.859858,0.025928,-0.023130,-0.625905,-0.779125,-0.320189,-0.016554,0.206793,0.260726,-0.032756,0.069438,0.134289,-0.306682,-0.007223,1.492279,0.070625,0.152754,0.348225,-0.018488,0.742596,0.419406,0.537667,-0.107546,-0.086052,0.000000,0.000000,-0.244197,-0.441326,0.628250,-0.433096,-0.239401,0.000000,0.000000
0.009780,4.151080,0.856278,0.017719,-0.025532,-0.634356,-0.772416,-0.320972,-0.033623,0.190386,0.331121,-0.077523,0.066355,0.121268,-0.327475,-0.009312,1.568878,0.048161,0.123674,0.307739,-0.017583,0.717660,0.422709,0.495552,-0.075489,-0.046024,0.000000,0.000000,-0.223351,-0.433220,0.628476,-0.390787,-0.268478,0.000000,0.000000
0.009108,4.169512,0.852265,0.010047,-0.028354,-0.644035,-0.764404,-0.316511,-0.052272,0.173248,0.386780,-0.126054,0.064468,0.105250,-0.340904,-0.008581,1.644069,0.024749,0.086292,0.262716,-0.016482,0.681723,0.426240,0.444580,-0.033135,0.005909,0.000000,0.000000,-0.198027,-0.425305,0.624311,-0.342393,-0.309991,0.000000,0.000000
0.008992,4.187136,0.848176,0.003299,-0.030767,-0.652859,-0.756847,-0.308698,-0.069355,0.157738,0.432052,-0.174426,0.063548,0.086220,-0.346997,-0.003580,1.712934,0.003515,0.046768,0.220202,-0.015283,0.635212,0.429801,0.387863,0.015630,0.060690,0.000000,0.000000,-0.171103,-0.417976,0.614793,-0.289543,-0.346463,0.000000,0.000000
0.009369,4.204459,0.843901,-0.002162,-0.032010,-0.658784,-0.751648,-0.299494,-0.082285,0.145942,0.473962,-0.219867,0.062929,0.063597,-0.346974,0.007438,1.772623,-0.013492,0.009881,0.185815,-0.014100,0.581502,0.433334,0.328624,0.065062,0.110683,0.000000,0.000000,-0.144457,-0.411205,0.598922,-0.232940,-0.359765,0.000000,0.000000
0.009581,4.222116,0.839633,-0.005919,-0.031761,-0.660627,-0.750019,-0.289168,-0.088806,0.140127,0.513046,-0.261325,0.062425,0.036502,-0.340576,0.026105,1.821285,-0.024643,-0.027453,0.162404,-0.013062,0.524892,0.436907,0.269023,0.112848,0.153432,0.000000,0.000000,-0.118785,-0.404853,0.577491,-0.169596,-0.342645,0.000000,0.000000
0.009326,4.239927,0.835356,-0.008331,-0.030491,-0.659832,-0.750748,-0.276575,-0.090469,0.139065,0.548689,-0.301930,0.062574,0.004399,-0.328241,0.049869,1.863140,-0.031410,-0.069508,0.145750,-0.011977,0.462453,0.440498,0.205077,0.163420,0.193778,0.000000,0.000000,-0.092513,-0.398664,0.552103,-0.096814,-0.302330,0.000000,0.000000
0.008767,4.257995,0.831107,-0.010165,-0.028643,-0.658098,-0.752319,-0.262634,-0.089926,0.140229,0.579730,-0.339332,0.063680,-0.029062,-0.313350,0.072041,1.896531,-0.035079,-0.108848,0.133462,-0.010904,0.395997,0.443713,0.138902,0.212818,0.230392,0.000000,0.000000,-0.066803,-0.393171,0.525406,-0.025129,-0.245575,0.000000,0.000000
0.008288,4.275390,0.826694,-0.012119,-0.026649,-0.657198,-0.753149,-0.248067,-0.090315,0.140435,0.607418,-0.373013,0.065894,-0.061715,-0.298414,0.088862,1.921889,-0.037898,-0.136514,0.121359,-0.009679,0.327070,0.445908,0.071673,0.256468,0.263368,0.000000,0.000000,-0.041392,-0.388864,0.497413,0.036423,-0.178201,0.000000,0.000000
0.007954,4.292177,0.822193,-0.014380,-0.024465,-0.657283,-0.753109,-0.232824,-0.092555,0.138633,0.631914,-0.403024,0.069469,-0.093294,-0.283464,0.100315,1.939147,-0.041020,-0.146026,0.107223,-0.008299,0.259975,0.446439,0.006083,0.289083,0.294410,0.000000,0.000000,-0.016175,-0.386069,0.466251,0.084705,-0.092571,0.000000,0.000000
0.007846,4.308633,0.817828,-0.016548,-0.021916,-0.657494,-0.752959,-0.216649,-0.095310,0.136178,0.652865,-0.429825,0.074231,-0.124697,-0.267535,0.108561,1.948187,-0.043835,-0.142020,0.091369,-0.006830,0.198413,0.445182,-0.055757,0.309234,0.324224,0.000000,0.000000,0.009201,-0.384608,0.432334,0.124868,0.011077,0.000000,0.000000
0.007946,4.324886,0.813633,-0.018382,-0.019256,-0.658107,-0.752454,-0.199810,-0.098253,0.133432,0.670457,-0.453130,0.079489,-0.155607,-0.251161,0.113760,1.948519,-0.046040,-0.132234,0.073794,-0.005308,0.144186,0.442460,-0.112490,0.317033,0.350985,0.000000,0.000000,0.034472,-0.384103,0.398686,0.159613,0.113855,0.000000,0.000000
0.008422,4.340866,0.809609,-0.019657,-0.016788,-0.659409,-0.751340,-0.182870,-0.101227,0.130481,0.684902,-0.472483,0.084483,-0.185451,-0.235059,0.116075,1.939502,-0.046973,-0.124485,0.054878,-0.003849,0.097051,0.438899,-0.164064,0.314228,0.371882,0.000000,0.000000,0.058875,-0.384128,0.369134,0.189561,0.195560,0.000000,0.000000
0.008796,4.357048,0.810395,-0.020221,-0.014628,-0.661775,-0.749288,-0.166002,-0.104692,0.126763,0.695880,-0.487866,0.089576,-0.214710,-0.218866,0.115279,1.920421,-0.046032,-0.119466,0.034161,-0.002412,0.056907,0.434866,-0.210612,0.299330,0.386548,0.000000,0.000000,0.081633,-0.384525,0.344935,0.212225,0.251653,0.000000,0.000000
0.009474,4.372815,0.814080,-0.020251,-0.012681,-0.664964,-0.746493,-0.149305,-0.108762,0.122082,0.703315,-0.499184,0.094771,-0.242969,-0.202407,0.112047,1.891694,-0.043499,-0.113604,0.011582,-0.000958,0.024087,0.430658,-0.251518,0.272689,0.396460,0.000000,0.000000,0.102071,-0.385260,0.325010,0.227261,0.290844,0.000000,0.000000
0.010353,4.389087,0.820449,-0.019988,-0.010910,-0.668352,-0.743496,-0.132093,-0.112919,0.116997,0.708219,-0.506622,0.099033,-0.269842,-0.186055,0.107622,1.853156,-0.039649,-0.108200,-0.012247,0.000507,-0.003926,0.426520,-0.288642,0.238766,0.401789,0.000000,0.000000,0.120819,-0.386260,0.308233,0.238020,0.315860,0.000000,0.000000
0.010968,4.405862,0.829995,-0.019660,-0.009274,-0.671310,-0.740858,-0.114402,-0.116411,0.112547,0.711217,-0.509742,0.101030,-0.293877,-0.170944,0.103391,1.805794,-0.035021,-0.105220,-0.035592,0.001886,-0.028700,0.422820,-0.322485,0.203371,0.401796,0.000000,0.000000,0.137707,-0.387406,0.294381,0.247633,0.326437,0.000000,0.000000
0.011723,4.422966,0.842257,-0.018716,-0.007022,-0.674317,-0.738172,-0.095994,-0.113545,0.104236,0.712892,-0.507724,0.095669,-0.314600,-0.155663,0.098083,1.749575,-0.030041,-0.106396,-0.058931,0.003198,-0.052543,0.419921,-0.354312,0.169449,0.395631,0.000000,0.000000,0.153466,-0.388483,0.283557,0.255449,0.318880,0.000000,0.000000
0.012749,4.440332,0.846239,-0.017691,-0.004905,-0.677107,-0.735655,-0.076823,-0.109226,0.095897,0.712236,-0.501159,0.087257,-0.332676,-0.141022,0.092111,1.684005,-0.024505,-0.110805,-0.081366,0.004432,-0.075278,0.417749,-0.384525,0.134629,0.382329,0.000000,0.000000,0.167605,-0.389541,0.275284,0.260822,0.293137,0.000000,0.000000
0.013833,4.457676,0.849883,-0.016253,-0.002917,-0.679711,-0.733295,-0.057601,-0.103822,0.088298,0.709664,-0.490276,0.077274,-0.348108,-0.127498,0.085304,1.609995,-0.017699,-0.115029,-0.103042,0.005625,-0.097521,0.416099,-0.413434,0.100298,0.365170,0.000000,0.000000,0.180568,-0.390580,0.268843,0.264478,0.259685,0.000000,0.000000
0.014892,4.475082,0.853423,-0.014023,-0.000982,-0.682192,-0.731039,-0.039177,-0.096744,0.081523,0.705876,-0.475260,0.066588,-0.360779,-0.115347,0.076986,1.528520,-0.008818,-0.115490,-0.124190,0.006824,-0.120111,0.414882,-0.441581,0.068561,0.348226,0.000000,0.000000,0.192948,-0.391545,0.263420,0.267270,0.230325,0.000000,0.000000
0.015864,4.492399,0.856953,-0.010666,0.000856,-0.684473,-0.728960,-0.022022,-0.087547,0.075868,0.700860,-0.455877,0.055197,-0.370775,-0.104460,0.065555,1.438820,0.001410,-0.111720,-0.144353,0.007936,-0.144436,0.414206,-0.469825,0.040735,0.331390,0.000000,0.000000,0.205091,-0.392285,0.258773,0.268551,0.208538,0.000000,0.000000
0.017042,4.509985,0.860515,-0.006432,0.002631,-0.686571,-0.727029,-0.005496,-0.076404,0.070961,0.694318,-0.431848,0.042737,-0.377955,-0.093500,0.049367,1.339294,0.012958,-0.106026,-0.163559,0.008978,-0.171130,0.414094,-0.499043,0.016210,0.312814,0.000000,0.000000,0.217253,-0.392759,0.254977,0.268166,0.189402,0.000000,0.000000
0.018356,4.527717,0.864052,-0.001854,0.004501,-0.688693,-0.725037,0.010516,-0.064201,0.065965,0.686905,-0.404473,0.030061,-0.381836,-0.081306,0.029339,1.234922,0.027025,-0.098745,-0.182001,0.009973,-0.198216,0.414290,-0.528226,-0.004831,0.295081,0.000000,0.000000,0.229210,-0.392969,0.251731,0.267829,0.172355,0.000000,0.000000
0.019781,4.545611,0.867477,0.002526,0.006613,-0.691031,-0.722791,0.026779,-0.051548,0.059865,0.679101,-0.374332,0.017693,-0.382108,-0.066980,0.007774,1.126824,0.045787,-0.088972,-0.200755,0.010895,-0.224217,0.414515,-0.557017,-0.023465,0.280762,0.000000,0.000000,0.241093,-0.393078,0.248426,0.269321,0.156382,0.000000,0.000000
0.021255,4.563687,0.870713,0.006548,0.009070,-0.693672,-0.720204,0.043476,-0.038340,0.052239,0.671070,-0.340168,0.005849,-0.377627,-0.051066,-0.012978,1.013177,0.072501,-0.073888,-0.219931,0.011815,-0.248237,0.414614,-0.584553,-0.038972,0.272668,0.000000,0.000000,0.252742,-0.393191,0.244289,0.273730,0.141487,0.000000,0.000000
