0.000000,0.000000,0.873360,0.044334,-0.013868,0.692127,0.720279,0.035488,0.011477,-0.060892,0.187227,-0.129561,0.026917,-0.004788,-0.062001,0.090680,0.188700,-0.151592,-0.043612,0.021478,-0.000230,-0.051100,0.198964,-0.610272,1.284900,1.561359,0.000000,0.000000,-0.070901,-0.187172,0.564219,1.276331,0.079399,0.000000,0.000000
-0.000727,-0.002753,0.873415,0.044070,-0.012694,0.693692,0.718810,0.033045,0.010806,-0.062208,0.189256,-0.130428,0.026966,-0.006765,-0.063072,0.089117,0.190266,-0.152015,-0.043629,0.019472,-0.000413,-0.053441,0.198134,-0.611188,1.290053,1.565142,0.000000,0.000000,-0.073054,-0.187458,0.567475,1.280412,0.081174,0.000000,0.000000
-0.001148,-0.004373,0.873349,0.043713,-0.012340,0.694133,0.718412,0.030762,0.010378,-0.062891,0.190829,-0.131206,0.026967,-0.008716,-0.063803,0.087843,0.191509,-0.152127,-0.043590,0.017859,-0.000494,-0.055439,0.197334,-0.611970,1.293172,1.567013,0.000000,0.000000,-0.075109,-0.187868,0.569535,1.282885,0.082511,0.000000,0.000000
-0.001498,-0.005430,0.873253,0.043276,-0.012275,0.694193,0.718382,0.029154,0.010200,-0.063177,0.191666,-0.131880,0.026966,-0.010155,-0.064184,0.087132,0.192115,-0.152050,-0.043552,0.016855,-0.000533,-0.057005,0.196675,-0.612444,1.295225,1.567980,0.000000,0.000000,-0.076738,-0.188256,0.570712,1.284406,0.083704,0.000000,0.000000
-0.001879,-0.006146,0.873159,0.042854,-0.012343,0.694108,0.718488,0.028183,0.010154,-0.063273,0.191993,-0.132435,0.026968,-0.011045,-0.064344,0.086824,0.192237,-0.151888,-0.043531,0.016287,-0.000551,-0.058134,0.196152,-0.612648,1.296615,1.568471,0.000000,0.000000,-0.077894,-0.188578,0.571338,1.285324,0.084729,0.000000,0.000000
-0.002432,-0.006576,0.873135,0.042889,-0.012532,0.693814,0.718767,0.027737,0.010094,-0.063297,0.192205,-0.132682,0.026954,-0.011443,-0.064447,0.086676,0.192272,-0.151756,-0.043529,0.016013,-0.000573,-0.058675,0.195850,-0.612674,1.297272,1.568681,0.000000,0.000000,-0.078513,-0.188799,0.571607,1.285723,0.085013,0.000000,0.000000
-0.003004,-0.006881,0.873084,0.042880,-0.012807,0.693636,0.718934,0.027331,0.010015,-0.063341,0.192432,-0.132939,0.026939,-0.011828,-0.064556,0.086553,0.192348,-0.151597,-0.043533,0.015725,-0.000592,-0.059193,0.195499,-0.612721,1.297884,1.568871,0.000000,0.000000,-0.079159,-0.189085,0.571847,1.286088,0.085136,0.000000,0.000000
-0.003549,-0.007113,0.872963,0.042691,-0.013201,0.693663,0.718912,0.026685,0.009909,-0.063594,0.192736,-0.133531,0.026951,-0.012583,-0.064702,0.086473,0.192721,-0.151285,-0.043551,0.015150,-0.000618,-0.060112,0.194748,-0.613199,1.298837,1.569193,0.000000,0.000000,-0.080363,-0.189738,0.572261,1.286741,0.085263,0.000000,0.000000
-0.004349,-0.007310,0.872894,0.042720,-0.013533,0.693895,0.718681,0.026422,0.009825,-0.063754,0.192885,-0.133823,0.026956,-0.012917,-0.064813,0.086463,0.192991,-0.151126,-0.043579,0.014884,-0.000626,-0.060546,0.194369,-0.613554,1.299224,1.569330,0.000000,0.000000,-0.080885,-0.190114,0.572416,1.287096,0.085210,0.000000,0.000000
-0.005353,-0.007485,0.872843,0.042905,-0.013801,0.694271,0.718302,0.025985,0.009534,-0.064114,0.193242,-0.134360,0.026936,-0.013480,-0.065184,0.086432,0.193654,-0.150790,-0.043672,0.014381,-0.000660,-0.061379,0.193595,-0.614386,1.299884,1.569565,0.000000,0.000000,-0.081754,-0.190978,0.572617,1.287915,0.084838,0.000000,0.000000
-0.006454,-0.007667,0.872768,0.043202,-0.014069,0.695092,0.717484,0.025584,0.008941,-0.064895,0.193528,-0.135039,0.026907,-0.014173,-0.065929,0.086417,0.195035,-0.150308,-0.043876,0.013603,-0.000672,-0.062417,0.192448,-0.615909,1.300542,1.569833,0.000000,0.000000,-0.082754,-0.192220,0.572502,1.289630,0.084271,0.000000,0.000000
-0.007512,-0.007804,0.872632,0.043343,-0.014438,0.695857,0.716725,0.025425,0.008349,-0.065850,0.193587,-0.135755,0.026908,-0.014751,-0.066697,0.086389,0.196714,-0.149977,-0.044091,0.012877,-0.000627,-0.063216,0.191440,-0.617553,1.300823,1.570027,0.000000,0.000000,-0.083394,-0.193387,0.572163,1.291397,0.083468,0.000000,0.000000
-0.008479,-0.007886,0.872431,0.043178,-0.014982,0.696472,0.716127,0.025422,0.008066,-0.066608,0.193565,-0.136545,0.026956,-0.015101,-0.067106,0.086322,0.198005,-0.149900,-0.044198,0.012439,-0.000610,-0.063612,0.190923,-0.618685,1.300678,1.570126,0.000000,0.000000,-0.083522,-0.194219,0.571955,1.292257,0.082406,0.000000,0.000000
-0.009531,-0.008061,0.872204,0.042995,-0.015451,0.697135,0.715483,0.025558,0.007694,-0.068018,0.193260,-0.137977,0.027085,-0.015627,-0.067640,0.086129,0.200073,-0.149912,-0.044327,0.011771,-0.000581,-0.064138,0.190227,-0.620556,1.300203,1.570239,0.000000,0.000000,-0.083496,-0.195604,0.571504,1.293250,0.081002,0.000000,0.000000
-0.010710,-0.008254,0.871969,0.042842,-0.015847,0.697840,0.714796,0.025877,0.007211,-0.070120,0.192504,-0.139893,0.027290,-0.016268,-0.068294,0.085756,0.202664,-0.150022,-0.044467,0.010908,-0.000526,-0.064793,0.189336,-0.623120,1.299481,1.570345,0.000000,0.000000,-0.083349,-0.197529,0.570730,1.294241,0.080038,0.000000,0.000000
-0.012177,-0.008333,0.871813,0.042921,-0.016209,0.698589,0.714051,0.026136,0.006685,-0.071767,0.192129,-0.141249,0.027413,-0.016595,-0.068953,0.085234,0.204481,-0.150208,-0.044580,0.010318,-0.000469,-0.065274,0.188694,-0.625036,1.299295,1.570398,0.000000,0.000000,-0.082941,-0.199110,0.570054,1.294531,0.078690,0.000000,0.000000
-0.013869,-0.008368,0.871647,0.043134,-0.016561,0.699254,0.713379,0.026486,0.005719,-0.073935,0.191992,-0.143115,0.027500,-0.016863,-0.070092,0.084341,0.206837,-0.150587,-0.044762,0.009542,-0.000399,-0.065835,0.187678,-0.627308,1.299481,1.570448,0.000000,0.000000,-0.082213,-0.201304,0.569062,1.294792,0.076538,0.000000,0.000000
-0.015774,-0.008414,0.871495,0.043507,-0.016941,0.699690,0.712919,0.026888,0.004439,-0.075807,0.192193,-0.145077,0.027456,-0.017039,-0.071514,0.083434,0.209270,-0.151150,-0.045015,0.008737,-0.000334,-0.066191,0.186324,-0.628766,1.300157,1.570478,0.000000,0.000000,-0.081652,-0.203337,0.568134,1.295628,0.074786,0.000000,0.000000
-0.017622,-0.008497,0.871291,0.043451,-0.017310,0.700193,0.712420,0.027227,0.003408,-0.077250,0.192218,-0.146812,0.027409,-0.017218,-0.072613,0.082845,0.211102,-0.151719,-0.045226,0.008055,-0.000292,-0.066369,0.185183,-0.629553,1.300695,1.570489,0.000000,0.000000,-0.081229,-0.204831,0.567365,1.296484,0.074529,0.000000,0.000000
-0.019501,-0.008542,0.871008,0.043179,-0.017680,0.700721,0.711908,0.027675,0.002072,-0.079257,0.192042,-0.149484,0.027368,-0.017515,-0.073997,0.082236,0.213412,-0.152622,-0.045503,0.007106,-0.000218,-0.066523,0.183647,-0.630399,1.301241,1.570500,0.000000,0.000000,-0.080580,-0.206785,0.566216,1.297704,0.075754,0.000000,0.000000
-0.021741,-0.008371,0.870816,0.043453,-0.018119,0.700884,0.711720,0.028099,0.000469,-0.080995,0.192643,-0.152061,0.027217,-0.017594,-0.075640,0.081301,0.215690,-0.153773,-0.045793,0.006330,-0.000129,-0.066272,0.182008,-0.630422,1.301852,1.570500,0.000000,0.000000,-0.079552,-0.208514,0.565114,1.299040,0.077247,0.000000,0.000000
-0.024079,-0.008135,0.870578,0.043793,-0.018718,0.701150,0.711421,0.028522,-0.001288,-0.082643,0.193954,-0.154914,0.027015,-0.017565,-0.077420,0.080133,0.218333,-0.155278,-0.046080,0.005548,-0.000066,-0.065669,0.180475,-0.630002,1.302392,1.570496,0.000000,0.000000,-0.078181,-0.209992,0.564120,1.300464,0.078582,0.000000,0.000000
-0.026403,-0.007934,0.870182,0.044130,-0.019635,0.701582,0.710950,0.029124,-0.003323,-0.084713,0.196122,-0.159097,0.026813,-0.017597,-0.079443,0.078554,0.222625,-0.157771,-0.046364,0.004448,0.000039,-0.064588,0.179229,-0.629480,1.302671,1.570489,0.000000,0.000000,-0.076164,-0.211213,0.563168,1.302304,0.079351,0.000000,0.000000
-0.028717,-0.007719,0.869754,0.044480,-0.020602,0.701640,0.710844,0.029784,-0.005234,-0.086899,0.198684,-0.163556,0.026666,-0.017732,-0.081262,0.076746,0.227620,-0.160600,-0.046554,0.003377,0.000170,-0.063178,0.178740,-0.628569,1.302782,1.570481,0.000000,0.000000,-0.073869,-0.211469,0.562653,1.304427,0.081047,0.000000,0.000000
-0.031032,-0.007443,0.869219,0.044823,-0.021653,0.701504,0.710925,0.030629,-0.007307,-0.089560,0.202027,-0.168916,0.026555,-0.018097,-0.083181,0.074405,0.234273,-0.164248,-0.046692,0.002154,0.000317,-0.061195,0.178927,-0.626966,1.302815,1.570473,0.000000,0.000000,-0.070974,-0.210724,0.562608,1.307278,0.084632,0.000000,0.000000
-0.033282,-0.007026,0.868395,0.045603,-0.023388,0.701471,0.710853,0.032203,-0.009393,-0.092847,0.206810,-0.175893,0.026554,-0.018875,-0.085021,0.070866,0.245706,-0.168328,-0.046666,0.000219,0.000524,-0.058134,0.181324,-0.625507,1.303108,1.570473,0.000000,0.000000,-0.066824,-0.207815,0.563366,1.311607,0.088315,0.000000,0.000000
-0.035561,-0.006399,0.867336,0.046424,-0.025339,0.701493,0.710711,0.034293,-0.011001,-0.096194,0.212056,-0.183027,0.026695,-0.020266,-0.086459,0.066725,0.260778,-0.172087,-0.046503,-0.001845,0.000653,-0.054471,0.185411,-0.624185,1.303769,1.570484,0.000000,0.000000,-0.061884,-0.203762,0.564687,1.315643,0.090834,0.000000,0.000000
-0.037841,-0.005534,0.865959,0.047349,-0.027559,0.701654,0.710408,0.036970,-0.012215,-0.099899,0.217682,-0.190060,0.027002,-0.022341,-0.087689,0.061594,0.280184,-0.174723,-0.046217,-0.003781,0.000691,-0.050187,0.190995,-0.622603,1.305345,1.570502,0.000000,0.000000,-0.055493,-0.199390,0.566532,1.317927,0.091539,0.000000,0.000000
-0.039727,-0.004707,0.864030,0.048259,-0.030578,0.701878,0.710002,0.040757,-0.012314,-0.104346,0.223143,-0.196166,0.027737,-0.025538,-0.088421,0.055278,0.306681,-0.173916,-0.045782,-0.006776,0.000705,-0.044703,0.198226,-0.622680,1.306731,1.570531,0.000000,0.000000,-0.048018,-0.195187,0.568215,1.318466,0.091705,0.000000,0.000000
-0.041298,-0.003844,0.864244,0.049151,-0.034096,0.702110,0.709552,0.045335,-0.011205,-0.108954,0.227609,-0.200672,0.028823,-0.030200,-0.088504,0.048485,0.337939,-0.170555,-0.045212,-0.010409,0.000653,-0.038531,0.206178,-0.624495,1.307512,1.570566,0.000000,0.000000,-0.040352,-0.191506,0.569389,1.317728,0.091854,0.000000,0.000000
-0.043738,-0.003596,0.864357,0.051474,-0.038717,0.702522,0.708742,0.051254,-0.010749,-0.112353,0.234048,-0.206301,0.029560,-0.037443,-0.091365,0.031431,0.383247,-0.163832,-0.043742,-0.014831,0.000611,-0.029148,0.215793,-0.629492,1.306841,1.570611,0.000000,0.000000,-0.031185,-0.187965,0.571172,1.314008,0.090984,0.000000,0.000000
-0.046200,-0.003680,0.864557,0.053699,-0.043589,0.703274,0.707547,0.056812,-0.010297,-0.116177,0.240261,-0.211227,0.030365,-0.046128,-0.095363,0.013981,0.432699,-0.158422,-0.042385,-0.019652,0.000592,-0.020082,0.224442,-0.634481,1.307121,1.570644,0.000000,0.000000,-0.022870,-0.185069,0.573056,1.310508,0.088577,0.000000,0.000000
-0.048628,-0.004449,0.864954,0.055751,-0.049084,0.704442,0.705864,0.062513,-0.009199,-0.121905,0.245453,-0.214716,0.031671,-0.057089,-0.100058,-0.001813,0.492225,-0.156459,-0.041413,-0.025551,0.000613,-0.010894,0.232618,-0.638300,1.309643,1.570668,0.000000,0.000000,-0.015050,-0.182581,0.575532,1.308171,0.083142,0.000000,0.000000
-0.049996,-0.005520,0.865653,0.058016,-0.055281,0.705869,0.703794,0.068693,-0.006113,-0.125377,0.250379,-0.215608,0.033186,-0.071170,-0.100004,-0.013703,0.561712,-0.150471,-0.039720,-0.033032,0.000677,-0.000070,0.241837,-0.644663,1.309500,1.570699,0.000000,0.000000,-0.006054,-0.181088,0.579070,1.301232,0.077308,0.000000,0.000000
-0.050922,-0.006988,0.866632,0.060452,-0.061650,0.707311,0.701609,0.074808,-0.002142,-0.126840,0.254833,-0.214448,0.034635,-0.087440,-0.096174,-0.023066,0.635949,-0.141522,-0.037209,-0.040948,0.000769,0.011506,0.251401,-0.652846,1.307176,1.570731,0.000000,0.000000,0.003551,-0.180668,0.583056,1.291068,0.071635,0.000000,0.000000
-0.050281,-0.008894,0.867581,0.062098,-0.066294,0.709765,0.698557,0.078992,0.003338,-0.127038,0.255621,-0.209819,0.036263,-0.104481,-0.086321,-0.024137,0.700916,-0.133942,-0.034367,-0.047890,0.000889,0.020980,0.260915,-0.653795,1.306360,1.570770,0.000000,0.000000,0.011802,-0.181377,0.582441,1.278978,0.065915,0.000000,0.000000
-0.049626,-0.010770,0.868414,0.063356,-0.069853,0.712526,0.695279,0.082381,0.008341,-0.127030,0.253576,-0.203979,0.037717,-0.120103,-0.075784,-0.022732,0.751526,-0.128633,-0.031644,-0.053643,0.000970,0.028669,0.268901,-0.652933,1.306331,1.570800,0.000000,0.000000,0.018330,-0.182377,0.580218,1.268427,0.061733,0.000000,0.000000
-0.048847,-0.012322,0.869170,0.063708,-0.071838,0.716096,0.691366,0.084633,0.012554,-0.127296,0.248421,-0.197802,0.038955,-0.132978,-0.066352,-0.018583,0.780361,-0.130197,-0.029736,-0.057668,0.001039,0.033732,0.274385,-0.650569,1.307414,1.570800,0.000000,0.000000,0.022279,-0.182917,0.576395,1.261675,0.060752,0.000000,0.000000
-0.047701,-0.013094,0.869690,0.063627,-0.072739,0.720727,0.686450,0.086501,0.016767,-0.129375,0.241153,-0.191516,0.040471,-0.144769,-0.056704,-0.010547,0.796760,-0.135532,-0.028632,-0.060691,0.001052,0.037145,0.279745,-0.648030,1.309098,1.570800,0.000000,0.000000,0.025530,-0.184300,0.571454,1.255881,0.060312,0.000000,0.000000
-0.046328,-0.012923,0.869872,0.063453,-0.072980,0.725953,0.680911,0.088422,0.020930,-0.133193,0.232522,-0.185573,0.042237,-0.154158,-0.047109,0.000752,0.801129,-0.141698,-0.028310,-0.063028,0.001064,0.039444,0.285064,-0.645635,1.311150,1.570800,0.000000,0.000000,0.028606,-0.186716,0.565405,1.250387,0.059971,0.000000,0.000000
-0.045060,-0.012053,0.869713,0.062660,-0.070974,0.731186,0.675576,0.089113,0.023714,-0.141703,0.221077,-0.180694,0.044301,-0.160458,-0.038455,0.016802,0.784421,-0.151336,-0.029312,-0.061900,0.000947,0.037873,0.289905,-0.645582,1.312760,1.570800,0.000000,0.000000,0.030703,-0.188886,0.558774,1.247486,0.060406,0.000000,0.000000
-0.043865,-0.010456,0.869721,0.062011,-0.068293,0.737255,0.669288,0.089057,0.024731,-0.153013,0.209816,-0.177409,0.046315,-0.160754,-0.032442,0.035395,0.751690,-0.158123,-0.031554,-0.058850,0.000799,0.033375,0.293049,-0.647984,1.313353,1.570800,0.000000,0.000000,0.031246,-0.190884,0.552322,1.248036,0.060040,0.000000,0.000000
-0.042725,-0.008135,0.869856,0.061440,-0.064563,0.744753,0.661361,0.088379,0.024147,-0.168550,0.197456,-0.174351,0.048557,-0.156189,-0.028697,0.059656,0.703832,-0.161493,-0.035424,-0.054286,0.000640,0.025482,0.294638,-0.653027,1.311957,1.570800,0.000000,0.000000,0.029745,-0.192831,0.545894,1.253267,0.056863,0.000000,0.000000
-0.042089,-0.004984,0.869834,0.060646,-0.060028,0.752955,0.652516,0.086839,0.022266,-0.185161,0.186090,-0.172318,0.050595,-0.148125,-0.028537,0.086487,0.637259,-0.163354,-0.040343,-0.048134,0.000485,0.015228,0.295527,-0.656929,1.310704,1.570800,0.000000,0.000000,0.025851,-0.195191,0.541326,1.259529,0.050806,0.000000,0.000000
-0.041948,-0.001720,0.869582,0.059786,-0.054944,0.761691,0.642832,0.083341,0.018982,-0.203131,0.178404,-0.172458,0.052454,-0.136307,-0.032168,0.115346,0.553715,-0.163105,-0.045996,-0.041589,0.000347,0.003299,0.295582,-0.659710,1.309882,1.570800,0.000000,0.000000,0.020217,-0.198418,0.537996,1.266133,0.042887,0.000000,0.000000
-0.042229,0.001670,0.869319,0.057806,-0.048686,0.772156,0.630923,0.077534,0.015158,-0.224088,0.170446,-0.170397,0.054636,-0.121430,-0.037946,0.148325,0.467207,-0.160978,-0.052371,-0.035098,0.000237,-0.011655,0.294402,-0.663909,1.305835,1.570800,0.000000,0.000000,0.012998,-0.202514,0.533424,1.274252,0.037611,0.000000,0.000000
-0.041682,0.005451,0.869315,0.054812,-0.044060,0.780210,0.621552,0.072658,0.015940,-0.233712,0.162948,-0.168821,0.056235,-0.106677,-0.040921,0.188252,0.385979,-0.157258,-0.058753,-0.021001,-0.000059,-0.026306,0.295963,-0.666603,1.302143,1.570800,0.000000,0.000000,0.005198,-0.203504,0.529715,1.282883,0.033532,0.000000,0.000000
-0.040755,0.009632,0.869545,0.051463,-0.041197,0.787729,0.612485,0.068949,0.020453,-0.237646,0.156597,-0.167818,0.057911,-0.093157,-0.042146,0.233096,0.314377,-0.150081,-0.065253,-0.000090,-0.000649,-0.040167,0.299744,-0.666573,1.299449,1.570800,0.000000,0.000000,-0.003340,-0.201751,0.527141,1.292838,0.030672,0.000000,0.000000
-0.040338,0.013813,0.869475,0.049900,-0.038517,0.795351,0.602863,0.066807,0.023109,-0.239387,0.152537,-0.167786,0.058746,-0.080026,-0.043567,0.265034,0.262598,-0.143222,-0.069837,0.020602,-0.001331,-0.051019,0.303686,-0.660460,1.297110,1.570800,0.000000,0.000000,-0.010685,-0.200140,0.524578,1.301080,0.025662,0.000000,0.000000
-0.040872,0.016616,0.869055,0.049073,-0.034353,0.805480,0.589588,0.062411,0.023018,-0.239991,0.149898,-0.167264,0.058597,-0.068504,-0.049586,0.274065,0.223330,-0.137782,-0.071949,0.033892,-0.001835,-0.061046,0.305174,-0.650773,1.294579,1.570800,0.000000,0.000000,-0.018486,-0.201292,0.522080,1.307785,0.019213,0.000000,0.000000
-0.040678,0.018914,0.868681,0.048665,-0.032277,0.813188,0.579064,0.057082,0.023129,-0.240733,0.154914,-0.171830,0.058575,-0.057742,-0.054736,0.277038,0.193471,-0.134563,-0.072892,0.048882,-0.002361,-0.064900,0.305858,-0.637886,1.293169,1.570800,0.000000,0.000000,-0.027029,-0.201528,0.524955,1.312141,0.015320,0.000000,0.000000
-0.040440,0.021204,0.868088,0.048710,-0.030382,0.820172,0.569229,0.051339,0.022438,-0.241092,0.164903,-0.177986,0.058368,-0.047530,-0.058606,0.277873,0.171689,-0.137593,-0.073218,0.064317,-0.002899,-0.064975,0.308135,-0.624268,1.289245,1.570800,0.000000,0.000000,-0.034728,-0.201308,0.530916,1.313461,0.009945,0.000000,0.000000
-0.040664,0.024052,0.867186,0.050083,-0.028822,0.825838,0.560939,0.046711,0.019340,-0.240037,0.180209,-0.183680,0.057510,-0.035811,-0.061072,0.277194,0.158003,-0.150682,-0.072922,0.081400,-0.003509,-0.059266,0.314359,-0.611146,1.278889,1.570800,0.000000,0.000000,-0.039156,-0.200681,0.539989,1.308469,-0.001333,0.000000,0.000000
-0.041851,0.027511,0.867008,0.052380,-0.027433,0.833296,0.549656,0.042560,0.014950,-0.238051,0.199961,-0.180965,0.056468,-0.022506,-0.065060,0.268975,0.148161,-0.160386,-0.072111,0.095364,-0.004116,-0.050695,0.319492,-0.596529,1.270083,1.570800,0.000000,0.000000,-0.039980,-0.201113,0.548680,1.301115,-0.012613,0.000000,0.000000
-0.043957,0.030700,0.868066,0.055038,-0.025320,0.842511,0.535262,0.037055,0.009258,-0.235439,0.223687,-0.172530,0.055191,-0.008076,-0.072819,0.249113,0.137920,-0.165102,-0.070616,0.104331,-0.004585,-0.041539,0.322026,-0.580541,1.263497,1.570800,0.000000,0.000000,-0.039431,-0.203510,0.557019,1.292930,-0.023097,0.000000,0.000000
-0.046505,0.032901,0.869385,0.058652,-0.021738,0.854210,0.516152,0.028422,0.002897,-0.232626,0.260545,-0.166590,0.053895,0.008601,-0.084957,0.215874,0.126507,-0.169629,-0.068136,0.101541,-0.004689,-0.026878,0.319935,-0.567802,1.255029,1.570800,0.000000,0.000000,-0.037168,-0.209652,0.566768,1.283294,-0.031636,0.000000,0.000000
-0.048632,0.034050,0.870615,0.062491,-0.017694,0.865872,0.496031,0.016906,-0.003801,-0.229757,0.306970,-0.161713,0.052676,0.025303,-0.098849,0.176816,0.115679,-0.173882,-0.065106,0.093321,-0.004460,-0.011418,0.314311,-0.554213,1.247245,1.570800,0.000000,0.000000,-0.034625,-0.217178,0.576965,1.275049,-0.037605,0.000000,0.000000
-0.050005,0.034219,0.871736,0.067001,-0.013406,0.877474,0.474732,0.004134,-0.010145,-0.226903,0.359160,-0.154339,0.051607,0.040142,-0.112618,0.136586,0.108451,-0.178253,-0.062004,0.081826,-0.004053,0.001702,0.304292,-0.539541,1.242930,1.570800,0.000000,0.000000,-0.031701,-0.224382,0.585232,1.271565,-0.038464,0.000000,0.000000
-0.051236,0.033541,0.872681,0.071746,-0.009206,0.887731,0.454645,-0.009380,-0.018132,-0.222677,0.423730,-0.144599,0.049992,0.053105,-0.126419,0.097613,0.105706,-0.182837,-0.059205,0.070983,-0.003593,0.014818,0.294364,-0.527167,1.238264,1.570800,0.000000,0.000000,-0.028899,-0.232255,0.592316,1.265349,-0.039541,0.000000,0.000000
-0.050805,0.032591,0.873269,0.075418,-0.006366,0.894766,0.440074,-0.022501,-0.020518,-0.203742,0.494706,-0.135892,0.047122,0.061157,-0.135428,0.069934,0.106849,-0.186690,-0.057052,0.069691,-0.003357,0.027124,0.288727,-0.516165,1.233363,1.570800,0.000000,0.000000,-0.026828,-0.236941,0.598926,1.256424,-0.041361,0.000000,0.000000
-0.049582,0.030807,0.873760,0.079054,-0.003693,0.900587,0.427410,-0.036398,-0.021769,-0.181744,0.569590,-0.126617,0.043770,0.065707,-0.143327,0.049152,0.112417,-0.189580,-0.055830,0.072891,-0.003363,0.036514,0.283030,-0.509020,1.231228,1.570800,0.000000,0.000000,-0.027163,-0.240429,0.604494,1.250066,-0.043196,0.000000,0.000000
-0.047744,0.028624,0.874065,0.082060,-0.001312,0.906354,0.414473,-0.049599,-0.021559,-0.157456,0.643946,-0.118090,0.040014,0.067781,-0.149765,0.030366,0.120667,-0.192583,-0.054603,0.077027,-0.003432,0.044125,0.277703,-0.504318,1.229885,1.570800,0.000000,0.000000,-0.028131,-0.243275,0.608235,1.244144,-0.044833,0.000000,0.000000
-0.045259,0.026135,0.874091,0.084098,0.000549,0.912365,0.400645,-0.061760,-0.018983,-0.129572,0.718548,-0.110348,0.035841,0.067523,-0.154284,0.011739,0.131817,-0.196344,-0.052943,0.080635,-0.003494,0.050405,0.272788,-0.502502,1.228308,1.570800,0.000000,0.000000,-0.029334,-0.246033,0.609070,1.237764,-0.046177,0.000000,0.000000
-0.042325,0.023141,0.873971,0.085193,0.002433,0.919163,0.384547,-0.074066,-0.015096,-0.102621,0.789654,-0.103728,0.031896,0.065996,-0.157960,-0.007281,0.143024,-0.199781,-0.051003,0.084939,-0.003606,0.054498,0.268093,-0.500829,1.226614,1.570800,0.000000,0.000000,-0.031682,-0.249206,0.610640,1.233506,-0.046001,0.000000,0.000000
-0.039273,0.019929,0.873759,0.085668,0.004250,0.926185,0.367185,-0.085541,-0.010101,-0.077517,0.852485,-0.094127,0.028332,0.063997,-0.161026,-0.026286,0.153505,-0.202653,-0.048902,0.089231,-0.003712,0.057207,0.263777,-0.498767,1.224900,1.570796,0.000000,0.000000,-0.034883,-0.252414,0.613216,1.230689,-0.044740,0.000000,0.000000
-0.035673,0.016714,0.873766,0.084991,0.006821,0.932273,0.351563,-0.094933,-0.004502,-0.056678,0.886647,-0.095581,0.025632,0.059935,-0.163899,-0.044949,0.162273,-0.203303,-0.046751,0.090965,-0.003752,0.057602,0.259002,-0.496262,1.224673,1.570768,0.000000,0.000000,-0.041071,-0.254528,0.611594,1.229615,-0.041475,0.000000,0.000000
-0.032287,0.013947,0.873742,0.083396,0.009256,0.937990,0.336355,-0.101289,0.002495,-0.036571,0.905158,-0.094392,0.023386,0.055376,-0.166121,-0.064256,0.169373,-0.203377,-0.044317,0.092519,-0.003736,0.056233,0.254231,-0.494190,1.224912,1.570729,0.000000,0.000000,-0.048310,-0.255665,0.609923,1.228844,-0.037980,0.000000,0.000000
-0.029092,0.011658,0.873814,0.080407,0.011860,0.943436,0.321438,-0.103692,0.010674,-0.018221,0.905226,-0.091919,0.021822,0.050503,-0.167640,-0.084774,0.172742,-0.202475,-0.041480,0.093726,-0.003692,0.052017,0.249349,-0.493837,1.225424,1.570697,0.000000,0.000000,-0.056339,-0.255511,0.608901,1.228478,-0.034826,0.000000,0.000000
-0.026557,0.009970,0.873870,0.076709,0.014013,0.948476,0.307103,-0.102226,0.019951,-0.001103,0.890443,-0.091999,0.020861,0.045714,-0.167989,-0.107850,0.173866,-0.200567,-0.037956,0.094954,-0.003695,0.046321,0.244211,-0.495965,1.226452,1.570667,0.000000,0.000000,-0.065379,-0.254207,0.608159,1.229973,-0.028696,0.000000,0.000000
-0.024831,0.008547,0.873893,0.072634,0.015706,0.953191,0.293094,-0.096807,0.030211,0.014964,0.861615,-0.090811,0.020452,0.041442,-0.167389,-0.132170,0.173555,-0.198190,-0.034026,0.096274,-0.003658,0.040042,0.239317,-0.499778,1.227855,1.570639,0.000000,0.000000,-0.074782,-0.251916,0.607613,1.232832,-0.020115,0.000000,0.000000
-0.024003,0.006515,0.873930,0.067697,0.017764,0.958147,0.277589,-0.087045,0.040212,0.028986,0.800252,-0.097409,0.020509,0.036989,-0.167644,-0.160345,0.171886,-0.198843,-0.029713,0.095871,-0.003572,0.029346,0.233388,-0.502968,1.228842,1.570619,0.000000,0.000000,-0.083325,-0.249070,0.608945,1.233266,-0.011836,0.000000,0.000000
-0.024173,0.004232,0.873826,0.062819,0.019234,0.962947,0.261565,-0.077351,0.047788,0.043677,0.733547,-0.103902,0.019734,0.034123,-0.167823,-0.187832,0.169228,-0.200415,-0.025537,0.094512,-0.003469,0.018843,0.227842,-0.507495,1.228854,1.570605,0.000000,0.000000,-0.089222,-0.246689,0.608680,1.233041,-0.004009,0.000000,0.000000
-0.025051,0.001456,0.873554,0.057755,0.020107,0.967784,0.244243,-0.069754,0.051840,0.060666,0.667098,-0.113940,0.017460,0.032234,-0.167620,-0.217250,0.166056,-0.202849,-0.021045,0.091905,-0.003270,0.007526,0.221785,-0.516721,1.227759,1.570590,0.000000,0.000000,-0.092462,-0.245358,0.603889,1.233486,0.004675,0.000000,0.000000
-0.025852,-0.001914,0.872900,0.051658,0.019731,0.972060,0.228126,-0.059506,0.055515,0.072464,0.588229,-0.127944,0.016235,0.028405,-0.165561,-0.242734,0.164423,-0.205691,-0.016717,0.087675,-0.003069,-0.006802,0.214855,-0.527920,1.232464,1.570577,0.000000,0.000000,-0.099258,-0.242421,0.604844,1.237716,0.010064,0.000000,0.000000
-0.026922,-0.005520,0.871978,0.045130,0.018420,0.975887,0.212765,-0.046363,0.058848,0.081717,0.499299,-0.141675,0.015458,0.023461,-0.162097,-0.264717,0.164511,-0.209411,-0.012588,0.082483,-0.002813,-0.022362,0.207992,-0.539423,1.240886,1.570568,0.000000,0.000000,-0.108232,-0.237883,0.610171,1.244300,0.013246,0.000000,0.000000
-0.028875,-0.010711,0.870815,0.039522,0.016885,0.979672,0.195947,-0.033722,0.055191,0.093862,0.407727,-0.157410,0.012229,0.018992,-0.161003,-0.287111,0.168697,-0.211420,-0.009016,0.073922,-0.002422,-0.037449,0.202349,-0.553837,1.246311,1.570569,0.000000,0.000000,-0.115014,-0.235006,0.604839,1.246456,0.016760,0.000000,0.000000
-0.030647,-0.017074,0.869535,0.033847,0.015492,0.983149,0.178976,-0.022579,0.049537,0.103194,0.324036,-0.172297,0.009173,0.013212,-0.161570,-0.308640,0.175491,-0.212710,-0.005979,0.064558,-0.001998,-0.051925,0.196807,-0.568558,1.252219,1.570581,0.000000,0.000000,-0.121347,-0.231920,0.598319,1.248966,0.021155,0.000000,0.000000
-0.033444,-0.024307,0.868109,0.028624,0.014546,0.986283,0.161913,-0.010516,0.043860,0.104379,0.252856,-0.179568,0.007642,0.007791,-0.165002,-0.328263,0.185662,-0.214515,-0.003915,0.055483,-0.001638,-0.064733,0.190512,-0.583532,1.260886,1.570579,0.000000,0.000000,-0.126294,-0.228300,0.591599,1.253838,0.027320,0.000000,0.000000
-0.037576,-0.031594,0.866070,0.025230,0.012614,0.989137,0.144261,0.001010,0.038460,0.101079,0.199237,-0.185969,0.006955,0.003863,-0.169169,-0.347532,0.204848,-0.215828,-0.001992,0.046235,-0.001189,-0.074677,0.185305,-0.597906,1.270304,1.570580,0.000000,0.000000,-0.126710,-0.224647,0.582002,1.257542,0.034098,0.000000,0.000000
-0.042780,-0.038905,0.865285,0.022919,0.010084,0.991702,0.126100,0.011782,0.032637,0.094844,0.157001,-0.194984,0.006638,-0.000652,-0.174414,-0.367207,0.233780,-0.218143,-0.000166,0.036349,-0.000744,-0.082834,0.180829,-0.612774,1.280208,1.570574,0.000000,0.000000,-0.123802,-0.220722,0.569792,1.260289,0.041385,0.000000,0.000000
-0.048689,-0.047261,0.867576,0.024493,0.005965,0.994381,0.102817,0.023710,0.027477,0.082079,0.128490,-0.197845,0.007459,-0.004717,-0.182915,-0.382054,0.282821,-0.195620,0.000498,0.023443,-0.000250,-0.087695,0.176253,-0.626783,1.288383,1.570556,0.000000,0.000000,-0.116821,-0.217046,0.555543,1.263847,0.043206,0.000000,0.000000
-0.054938,-0.056511,0.869548,0.026839,0.001416,0.996701,0.076585,0.036061,0.023241,0.065339,0.104876,-0.199239,0.009028,-0.010746,-0.194346,-0.390426,0.339861,-0.170718,-0.000515,0.008700,0.000318,-0.091012,0.173448,-0.643634,1.295315,1.570546,0.000000,0.000000,-0.107621,-0.213489,0.542800,1.266378,0.040266,0.000000,0.000000
-0.059638,-0.066918,0.871348,0.030327,-0.003718,0.998519,0.045025,0.046555,0.020806,0.041922,0.087624,-0.200608,0.011965,-0.019806,-0.208244,-0.389093,0.405809,-0.148243,-0.003725,-0.009511,0.001018,-0.094239,0.173412,-0.668637,1.301806,1.570571,0.000000,0.000000,-0.095469,-0.210013,0.533049,1.267088,0.029600,0.000000,0.000000
-0.060900,-0.077384,0.872638,0.034978,-0.008267,0.999284,0.011846,0.049457,0.019083,0.012898,0.087586,-0.204781,0.015867,-0.034351,-0.220855,-0.375705,0.473434,-0.132413,-0.008569,-0.028985,0.001716,-0.097851,0.174329,-0.693739,1.307403,1.570614,0.000000,0.000000,-0.082171,-0.207167,0.522633,1.270330,0.020768,0.000000,0.000000
-0.061476,-0.086790,0.873705,0.040311,-0.012259,0.998901,-0.020552,0.051250,0.018047,-0.016874,0.090746,-0.206618,0.020053,-0.050957,-0.231483,-0.354078,0.539687,-0.120801,-0.014256,-0.046805,0.002383,-0.101220,0.175380,-0.717974,1.312040,1.570641,0.000000,0.000000,-0.068141,-0.205099,0.512041,1.275341,0.013959,0.000000,0.000000
-0.060538,-0.093675,0.874443,0.044532,-0.014661,0.997626,-0.050448,0.051456,0.017347,-0.042049,0.091976,-0.204923,0.023656,-0.067005,-0.236841,-0.331830,0.589437,-0.111514,-0.018703,-0.059215,0.002936,-0.105617,0.178566,-0.738764,1.311304,1.570687,0.000000,0.000000,-0.053606,-0.208928,0.496358,1.273700,0.022888,0.000000,0.000000
-0.059415,-0.098919,0.875017,0.048675,-0.016325,0.995563,-0.078856,0.051381,0.017196,-0.067776,0.093308,-0.202272,0.027499,-0.083259,-0.237458,-0.303657,0.634008,-0.101722,-0.022986,-0.070139,0.003419,-0.109253,0.183515,-0.758292,1.309552,1.570739,0.000000,0.000000,-0.039379,-0.213028,0.479859,1.273110,0.032028,0.000000,0.000000
-0.058346,-0.101322,0.875355,0.052639,-0.016697,0.992977,-0.104623,0.051073,0.018045,-0.095159,0.094939,-0.198463,0.031888,-0.101401,-0.230482,-0.263294,0.674519,-0.093309,-0.027533,-0.080058,0.003840,-0.110847,0.191916,-0.773743,1.308048,1.570800,0.000000,0.000000,-0.028539,-0.214654,0.464343,1.278723,0.034535,0.000000,0.000000
-0.057800,-0.101918,0.875366,0.055576,-0.015335,0.990136,-0.127700,0.050296,0.018192,-0.117526,0.095726,-0.193504,0.035391,-0.115935,-0.219111,-0.223508,0.699554,-0.091628,-0.031238,-0.085182,0.004079,-0.113992,0.200293,-0.785902,1.306281,1.570800,0.000000,0.000000,-0.020218,-0.215270,0.450643,1.284433,0.040555,0.000000,0.000000
-0.058096,-0.101757,0.875201,0.058081,-0.013106,0.986909,-0.149888,0.049575,0.017603,-0.138900,0.096947,-0.188812,0.038609,-0.127124,-0.204271,-0.183402,0.714085,-0.092349,-0.034472,-0.088184,0.004221,-0.118478,0.208707,-0.797758,1.304335,1.570800,0.000000,0.000000,-0.011932,-0.215788,0.436699,1.289657,0.050406,0.000000,0.000000
-0.058882,-0.099858,0.875100,0.059285,-0.011075,0.982937,-0.173774,0.047783,0.018879,-0.160861,0.096614,-0.185875,0.042330,-0.139094,-0.184399,-0.139077,0.720700,-0.104260,-0.037389,-0.091311,0.004315,-0.124393,0.219137,-0.807964,1.303244,1.570800,0.000000,0.000000,-0.005777,-0.213726,0.424167,1.296049,0.058622,0.000000,0.000000
-0.060800,-0.097388,0.875025,0.059711,-0.009286,0.978682,-0.196292,0.045706,0.021272,-0.181748,0.095920,-0.183831,0.046140,-0.148786,-0.163227,-0.095703,0.717670,-0.119648,-0.040073,-0.092895,0.004306,-0.130739,0.229580,-0.814078,1.301725,1.570800,0.000000,0.000000,-0.000786,-0.211915,0.412699,1.301229,0.065414,0.000000,0.000000
-0.064088,-0.094853,0.875021,0.059059,-0.008027,0.974538,-0.216156,0.043423,0.024739,-0.201176,0.094923,-0.181773,0.049991,-0.153960,-0.140562,-0.052285,0.698092,-0.138188,-0.042507,-0.090869,0.004137,-0.137135,0.239558,-0.812645,1.299378,1.570800,0.000000,0.000000,0.004171,-0.211801,0.401992,1.302770,0.070442,0.000000,0.000000
-0.067609,-0.092708,0.874816,0.056990,-0.006079,0.969985,-0.236312,0.040125,0.026918,-0.221330,0.092255,-0.180727,0.053542,-0.155437,-0.117723,-0.008614,0.659382,-0.159656,-0.044810,-0.087257,0.003951,-0.146623,0.247747,-0.812035,1.296760,1.570800,0.000000,0.000000,0.006389,-0.212218,0.392136,1.305049,0.076610,0.000000,0.000000
-0.071304,-0.091038,0.874486,0.054066,-0.003855,0.964894,-0.256984,0.035990,0.027761,-0.242669,0.088511,-0.180396,0.056853,-0.152897,-0.096630,0.034857,0.606971,-0.182032,-0.047153,-0.083185,0.003807,-0.158542,0.254107,-0.813209,1.294294,1.570800,0.000000,0.000000,0.006253,-0.213021,0.382564,1.308569,0.083901,0.000000,0.000000
-0.076328,-0.088783,0.874776,0.050675,-0.005058,0.961153,-0.271279,0.032413,0.035625,-0.251217,0.083561,-0.181130,0.059882,-0.148106,-0.071673,0.091400,0.549469,-0.193306,-0.050649,-0.068434,0.003327,-0.168597,0.262424,-0.813285,1.291102,1.570800,0.000000,0.000000,0.003879,-0.209476,0.375385,1.308626,0.092541,0.000000,0.000000
-0.081404,-0.086863,0.875165,0.046665,-0.007126,0.957570,-0.284307,0.028561,0.045367,-0.257393,0.076885,-0.181638,0.062846,-0.140727,-0.049806,0.152858,0.481527,-0.199341,-0.055130,-0.050995,0.002667,-0.180202,0.271091,-0.813821,1.287799,1.570800,0.000000,0.000000,-0.000639,-0.205391,0.369903,1.307619,0.100902,0.000000,0.000000
-0.085759,-0.085777,0.875615,0.041320,-0.009967,0.954201,-0.296130,0.023538,0.054853,-0.263253,0.067417,-0.180332,0.065532,-0.131468,-0.036012,0.214759,0.399504,-0.199644,-0.060706,-0.035057,0.002013,-0.194725,0.277587,-0.814046,1.285277,1.570800,0.000000,0.000000,-0.009195,-0.203309,0.368970,1.305677,0.107612,0.000000,0.000000
-0.088899,-0.085741,0.875901,0.035578,-0.012293,0.950599,-0.308132,0.018177,0.061209,-0.267661,0.056800,-0.178439,0.067138,-0.119999,-0.029772,0.264166,0.322072,-0.196338,-0.065405,-0.020717,0.001448,-0.207011,0.281170,-0.812600,1.282286,1.570800,0.000000,0.000000,-0.017000,-0.201613,0.370920,1.301262,0.115826,0.000000,0.000000
-0.089142,-0.087072,0.875594,0.026463,-0.012700,0.944439,-0.327373,0.008499,0.062426,-0.270465,0.036867,-0.169132,0.066897,-0.108907,-0.039016,0.277646,0.244297,-0.192085,-0.067228,-0.018881,0.001238,-0.221336,0.278400,-0.809406,1.278281,1.570800,0.000000,0.000000,-0.027329,-0.205311,0.373722,1.294476,0.125282,0.000000,0.000000
-0.089978,-0.087587,0.875283,0.022206,-0.012357,0.939890,-0.340529,0.003034,0.062580,-0.271722,0.025455,-0.161248,0.066620,-0.100069,-0.046946,0.282909,0.192984,-0.183992,-0.068209,-0.012542,0.001033,-0.232095,0.276813,-0.802904,1.274384,1.570800,0.000000,0.000000,-0.034694,-0.206789,0.379501,1.290432,0.128198,0.000000,0.000000
-0.091541,-0.088159,0.875032,0.019317,-0.012058,0.935857,-0.351644,-0.000985,0.062567,-0.272589,0.017009,-0.154184,0.066446,-0.090332,-0.053454,0.285838,0.148773,-0.178962,-0.068587,-0.002698,0.000727,-0.240399,0.275484,-0.793383,1.270383,1.570800,0.000000,0.000000,-0.041365,-0.208064,0.387356,1.285228,0.128599,0.000000,0.000000
-0.093986,-0.089329,0.874916,0.018932,-0.011466,0.933083,-0.358980,-0.001773,0.061641,-0.272203,0.014998,-0.149953,0.066168,-0.077667,-0.056359,0.285220,0.116729,-0.179372,-0.067931,0.012197,0.000204,-0.242583,0.274269,-0.779703,1.267397,1.570800,0.000000,0.000000,-0.045915,-0.209584,0.397834,1.277169,0.125281,0.000000,0.000000
-0.096682,-0.091111,0.874780,0.020521,-0.009768,0.930823,-0.364763,-0.001075,0.058212,-0.269979,0.024725,-0.148808,0.065429,-0.062702,-0.057294,0.282591,0.095350,-0.182618,-0.066946,0.029357,-0.000419,-0.236816,0.273267,-0.764860,1.262730,1.570800,0.000000,0.000000,-0.047065,-0.210931,0.409189,1.268273,0.118868,0.000000,0.000000
-0.099169,-0.092681,0.874609,0.023096,-0.007576,0.928804,-0.369774,-0.001041,0.052176,-0.266368,0.046355,-0.151440,0.064183,-0.047751,-0.057123,0.279245,0.082500,-0.187445,-0.065992,0.047435,-0.001066,-0.225619,0.272809,-0.750218,1.256396,1.570800,0.000000,0.000000,-0.045987,-0.211702,0.420432,1.259487,0.110592,0.000000,0.000000
-0.101738,-0.095107,0.874506,0.028048,-0.005208,0.923969,-0.381401,0.000717,0.043085,-0.260637,0.078923,-0.154426,0.062320,-0.029452,-0.054801,0.274017,0.076002,-0.190853,-0.064885,0.059360,-0.001571,-0.209335,0.270840,-0.739749,1.250045,1.570800,0.000000,0.000000,-0.041699,-0.215534,0.432318,1.251082,0.100521,0.000000,0.000000
-0.104531,-0.098230,0.873823,0.033789,-0.001694,0.918659,-0.393600,0.002734,0.032290,-0.253884,0.120441,-0.158300,0.060130,-0.008486,-0.052801,0.268661,0.072135,-0.194929,-0.064136,0.069287,-0.001946,-0.188507,0.267348,-0.730545,1.244117,1.570800,0.000000,0.000000,-0.034395,-0.219987,0.444011,1.242573,0.091733,0.000000,0.000000
-0.104896,-0.101670,0.871726,0.038582,0.004856,0.910450,-0.411787,-0.001161,0.018378,-0.246176,0.173522,-0.160498,0.057002,0.013519,-0.059207,0.242636,0.069467,-0.199815,-0.062306,0.068209,-0.001942,-0.164086,0.257089,-0.722764,1.240061,1.570800,0.000000,0.000000,-0.025184,-0.228071,0.454233,1.234541,0.087281,0.000000,0.000000
-0.102578,-0.103000,0.868576,0.042031,0.012226,0.900776,-0.432072,-0.012027,0.003915,-0.238909,0.231332,-0.163311,0.053585,0.030768,-0.070265,0.204526,0.072555,-0.207433,-0.059517,0.059694,-0.001569,-0.140461,0.243228,-0.717462,1.236618,1.570800,0.000000,0.000000,-0.017142,-0.238931,0.465649,1.226051,0.082312,0.000000,0.000000
-0.098630,-0.101673,0.866481,0.044552,0.018937,0.891192,-0.451036,-0.028546,-0.008615,-0.227761,0.293219,-0.168957,0.049736,0.040872,-0.081271,0.166561,0.081559,-0.216895,-0.056542,0.051806,-0.001113,-0.119812,0.229489,-0.714452,1.233715,1.570800,0.000000,0.000000,-0.011799,-0.249140,0.477776,1.217832,0.076671,0.000000,0.000000
-0.095385,-0.099839,0.866431,0.048352,0.023633,0.883888,-0.464591,-0.047069,-0.019332,-0.205740,0.374692,-0.170738,0.044715,0.048553,-0.087576,0.142111,0.091707,-0.224943,-0.054518,0.054411,-0.000918,-0.100302,0.219048,-0.711256,1.232840,1.570800,0.000000,0.000000,-0.004618,-0.254575,0.485001,1.214482,0.074477,0.000000,0.000000
-0.091991,-0.097362,0.866452,0.051628,0.028209,0.876636,-0.477545,-0.064740,-0.029154,-0.180332,0.460560,-0.176185,0.039049,0.054667,-0.093044,0.121668,0.100679,-0.230342,-0.052956,0.059592,-0.000908,-0.082667,0.210654,-0.710246,1.232918,1.570800,0.000000,0.000000,0.002432,-0.258343,0.490643,1.212195,0.072560,0.000000,0.000000
-0.088390,-0.094576,0.866605,0.053984,0.032921,0.869132,-0.490522,-0.079804,-0.038422,-0.153134,0.545124,-0.183582,0.032718,0.059837,-0.099282,0.102031,0.108271,-0.233231,-0.051725,0.063701,-0.000932,-0.067007,0.204172,-0.712120,1.234149,1.570791,0.000000,0.000000,0.008901,-0.261654,0.496028,1.210389,0.070024,0.000000,0.000000
-0.084898,-0.091399,0.866677,0.055423,0.036662,0.861313,-0.503711,-0.093219,-0.045322,-0.127205,0.627610,-0.187149,0.026823,0.063791,-0.104804,0.083631,0.113786,-0.234249,-0.050458,0.068166,-0.000988,-0.054067,0.198165,-0.712916,1.236243,1.570710,0.000000,0.000000,0.014063,-0.263944,0.501040,1.212430,0.064869,0.000000,0.000000
-0.081181,-0.087724,0.866703,0.056215,0.039929,0.853227,-0.516961,-0.104164,-0.050219,-0.102068,0.707258,-0.188446,0.021169,0.066336,-0.110227,0.065869,0.118774,-0.234259,-0.049232,0.072911,-0.001103,-0.043045,0.192110,-0.712877,1.238931,1.570617,0.000000,0.000000,0.017943,-0.265550,0.505843,1.217252,0.057987,0.000000,0.000000
-0.077397,-0.082676,0.867029,0.054573,0.042141,0.843373,-0.532887,-0.113774,-0.049619,-0.067693,0.782076,-0.188709,0.014682,0.065413,-0.115661,0.044663,0.123053,-0.229267,-0.047472,0.076285,-0.001109,-0.035496,0.185834,-0.712898,1.239932,1.570533,0.000000,0.000000,0.020105,-0.266807,0.506828,1.222788,0.052086,0.000000,0.000000
-0.073707,-0.076685,0.867497,0.052067,0.043279,0.833336,-0.548605,-0.120892,-0.044956,-0.033897,0.837012,-0.186635,0.009065,0.061696,-0.120064,0.022667,0.126901,-0.223001,-0.045296,0.079737,-0.001141,-0.031369,0.179433,-0.710803,1.242020,1.570466,0.000000,0.000000,0.019751,-0.267128,0.506110,1.229444,0.049456,0.000000,0.000000
-0.070885,-0.070158,0.867816,0.048534,0.043013,0.822971,-0.564369,-0.125078,-0.036493,-0.003744,0.861731,-0.184092,0.005093,0.056072,-0.122423,-0.000860,0.129105,-0.216098,-0.042321,0.082698,-0.001196,-0.031440,0.172386,-0.703769,1.246539,1.570400,0.000000,0.000000,0.016227,-0.266213,0.503504,1.238219,0.053345,0.000000,0.000000
-0.068890,-0.064079,0.868188,0.044093,0.041755,0.813362,-0.578580,-0.125213,-0.025248,0.022579,0.871057,-0.179219,0.002653,0.049583,-0.123625,-0.024506,0.128714,-0.209578,-0.039000,0.084387,-0.001163,-0.033595,0.167824,-0.701294,1.248608,1.570363,0.000000,0.000000,0.009987,-0.264711,0.506742,1.244723,0.049798,0.000000,0.000000
-0.067518,-0.059068,0.868348,0.039514,0.039821,0.804148,-0.591776,-0.120777,-0.011183,0.046447,0.866019,-0.168235,0.001543,0.043129,-0.123753,-0.048153,0.126912,-0.203992,-0.035394,0.085464,-0.001166,-0.036365,0.165642,-0.702092,1.248432,1.570341,0.000000,0.000000,0.002541,-0.262413,0.514021,1.249314,0.040062,0.000000,0.000000
-0.066393,-0.054517,0.868490,0.035148,0.037572,0.794886,-0.604574,-0.111462,0.004817,0.065739,0.818305,-0.177305,0.002258,0.034678,-0.122917,-0.073932,0.129922,-0.202974,-0.031218,0.082585,-0.001113,-0.040546,0.161427,-0.693343,1.248300,1.570327,0.000000,0.000000,-0.012270,-0.257615,0.525299,1.249706,0.036876,0.000000,0.000000
-0.065696,-0.050903,0.868091,0.030868,0.033771,0.784408,-0.618555,-0.096863,0.019632,0.083749,0.724720,-0.183504,0.003107,0.026253,-0.119731,-0.099663,0.133014,-0.203961,-0.026504,0.078312,-0.001032,-0.047456,0.157708,-0.684274,1.248319,1.570320,0.000000,0.000000,-0.029507,-0.249722,0.541192,1.248790,0.033882,0.000000,0.000000
-0.064708,-0.047428,0.867384,0.025727,0.027451,0.771210,-0.635469,-0.077986,0.030117,0.102359,0.577303,-0.199059,0.003029,0.016737,-0.114005,-0.127288,0.132934,-0.204584,-0.020937,0.071860,-0.000964,-0.061449,0.153678,-0.679082,1.249377,1.570348,0.000000,0.000000,-0.050239,-0.237763,0.565245,1.247419,0.026757,0.000000,0.000000
-0.062512,-0.046144,0.867045,0.021661,0.022752,0.759255,-0.650034,-0.060021,0.033519,0.114366,0.465279,-0.206869,0.002293,0.011777,-0.111915,-0.149723,0.132023,-0.205529,-0.017100,0.064361,-0.000867,-0.070978,0.152725,-0.679087,1.247561,1.570381,0.000000,0.000000,-0.064888,-0.229060,0.580882,1.246984,0.018038,0.000000,0.000000
-0.059815,-0.045405,0.866803,0.017724,0.019026,0.747494,-0.663759,-0.044731,0.033585,0.121471,0.377700,-0.215354,0.001579,0.007957,-0.111933,-0.170846,0.132147,-0.207123,-0.013991,0.055504,-0.000681,-0.078511,0.152797,-0.681859,1.244014,1.570425,0.000000,0.000000,-0.076917,-0.222633,0.591932,1.246935,0.008234,0.000000,0.000000
-0.055647,-0.044359,0.866111,0.014197,0.015318,0.732575,-0.680366,-0.029163,0.028667,0.119948,0.282999,-0.212602,0.001121,0.002947,-0.114143,-0.192042,0.140130,-0.212206,-0.011398,0.045374,-0.000392,-0.090178,0.155086,-0.690126,1.238789,1.570505,0.000000,0.000000,-0.088808,-0.217639,0.601813,1.248527,0.001784,0.000000,0.000000
-0.051208,-0.043313,0.867111,0.011738,0.012099,0.717890,-0.695952,-0.016364,0.023050,0.114555,0.204727,-0.210517,0.001076,-0.002684,-0.117019,-0.209467,0.154460,-0.219203,-0.009502,0.036319,-0.000130,-0.100921,0.157370,-0.698551,1.234897,1.570583,0.000000,0.000000,-0.098189,-0.213328,0.608047,1.250084,-0.000751,0.000000,0.000000
-0.046371,-0.043852,0.869510,0.011166,0.010811,0.703821,-0.710207,-0.004087,0.017023,0.101473,0.149280,-0.207075,0.001959,-0.006302,-0.121821,-0.222040,0.177424,-0.229821,-0.008735,0.027604,0.000122,-0.108212,0.158105,-0.705355,1.233560,1.570641,0.000000,0.000000,-0.102774,-0.210657,0.608708,1.251982,0.003188,0.000000,0.000000
-0.041549,-0.045154,0.870886,0.012105,0.010462,0.689575,-0.724038,0.007278,0.012748,0.081581,0.109364,-0.203617,0.004131,-0.009230,-0.126871,-0.231184,0.208837,-0.235824,-0.008491,0.019285,0.000422,-0.113436,0.159312,-0.710104,1.234188,1.570682,0.000000,0.000000,-0.102428,-0.209078,0.606676,1.254512,0.005254,0.000000,0.000000
-0.036556,-0.047003,0.871772,0.013792,0.010566,0.675052,-0.737566,0.017953,0.009833,0.056396,0.078486,-0.201097,0.007265,-0.013143,-0.132629,-0.238340,0.248889,-0.239027,-0.008674,0.010711,0.000710,-0.117696,0.161095,-0.713722,1.235999,1.570721,0.000000,0.000000,-0.098917,-0.208034,0.602998,1.257523,0.005374,0.000000,0.000000
-0.031364,-0.049164,0.872439,0.017203,0.012231,0.659345,-0.751544,0.029174,0.008246,0.027985,0.057800,-0.194835,0.011069,-0.017939,-0.139486,-0.239945,0.300941,-0.221525,-0.009963,0.000428,0.001120,-0.121165,0.165742,-0.721291,1.239171,1.570781,0.000000,0.000000,-0.091895,-0.207663,0.596930,1.259019,0.006504,0.000000,0.000000
-0.026515,-0.049016,0.872967,0.021341,0.013980,0.642790,-0.765617,0.033302,0.008058,-0.001495,0.055819,-0.195216,0.015283,-0.027661,-0.147221,-0.235243,0.360428,-0.202951,-0.012505,-0.011748,0.001472,-0.123187,0.170791,-0.730987,1.242427,1.570800,0.000000,0.000000,-0.084114,-0.207142,0.590574,1.259002,0.006526,0.000000,0.000000
-0.022599,-0.049170,0.873667,0.027225,0.016015,0.626582,-0.778715,0.036555,0.010919,-0.029506,0.061418,-0.198162,0.019994,-0.040247,-0.153489,-0.218530,0.427126,-0.193196,-0.016744,-0.024480,0.001912,-0.120983,0.176434,-0.742915,1.244798,1.570800,0.000000,0.000000,-0.074885,-0.205799,0.585009,1.255998,0.003649,0.000000,0.000000
-0.019173,-0.049377,0.874182,0.032935,0.019315,0.609463,-0.791895,0.040030,0.013383,-0.055472,0.069354,-0.201196,0.024378,-0.055008,-0.157582,-0.197014,0.495050,-0.201716,-0.021278,-0.036139,0.002284,-0.117196,0.183179,-0.758367,1.247873,1.570800,0.000000,0.000000,-0.064586,-0.204008,0.578943,1.252945,0.002623,0.000000,0.000000
-0.015983,-0.049783,0.874537,0.038217,0.023467,0.591736,-0.804883,0.043779,0.015126,-0.080877,0.078637,-0.204435,0.028609,-0.071408,-0.159760,-0.173400,0.564364,-0.221576,-0.025722,-0.047092,0.002600,-0.112743,0.190023,-0.776527,1.251504,1.570800,0.000000,0.000000,-0.053574,-0.202569,0.572184,1.250088,0.003066,0.000000,0.000000
-0.014646,-0.051016,0.874728,0.042172,0.027818,0.574837,-0.816707,0.047039,0.017539,-0.105261,0.087540,-0.205290,0.032958,-0.087383,-0.156142,-0.148440,0.627022,-0.221378,-0.029087,-0.054264,0.002787,-0.108660,0.195998,-0.791763,1.256217,1.570800,0.000000,0.000000,-0.044262,-0.200016,0.562790,1.248298,0.010283,0.000000,0.000000
-0.014136,-0.052672,0.875017,0.045750,0.031189,0.558761,-0.827479,0.049478,0.021386,-0.127330,0.095103,-0.205804,0.037360,-0.102281,-0.149711,-0.123788,0.672770,-0.215916,-0.031800,-0.059709,0.002935,-0.105725,0.202089,-0.805765,1.259495,1.570800,0.000000,0.000000,-0.036830,-0.197248,0.553332,1.247610,0.016872,0.000000,0.000000
-0.014878,-0.054612,0.875488,0.048764,0.032677,0.544118,-0.836953,0.050479,0.027259,-0.145896,0.099685,-0.205822,0.041714,-0.116020,-0.141507,-0.099089,0.693345,-0.211681,-0.034122,-0.063752,0.003028,-0.104604,0.208736,-0.817741,1.259407,1.570800,0.000000,0.000000,-0.032319,-0.194492,0.544445,1.248571,0.019579,0.000000,0.000000
-0.016416,-0.056996,0.875959,0.050314,0.032729,0.528868,-0.846579,0.049769,0.034584,-0.166882,0.101457,-0.205448,0.046732,-0.129176,-0.131450,-0.066923,0.692379,-0.210141,-0.037422,-0.066046,0.003038,-0.105123,0.216660,-0.828423,1.255848,1.570800,0.000000,0.000000,-0.029850,-0.193088,0.535271,1.249016,0.020542,0.000000,0.000000
-0.018228,-0.060002,0.876346,0.050852,0.032169,0.512961,-0.856300,0.047857,0.041891,-0.189424,0.101331,-0.205170,0.051941,-0.138588,-0.121857,-0.030406,0.669770,-0.206968,-0.041753,-0.067248,0.002995,-0.106716,0.224745,-0.837603,1.249665,1.570800,0.000000,0.000000,-0.028843,-0.193598,0.526230,1.248668,0.020423,0.000000,0.000000
-0.019814,-0.063225,0.876533,0.049420,0.030564,0.497137,-0.865724,0.044184,0.047556,-0.211271,0.097842,-0.203287,0.056560,-0.143048,-0.116505,0.011346,0.616128,-0.206491,-0.047903,-0.065546,0.002846,-0.111570,0.231008,-0.843300,1.245536,1.570800,0.000000,0.000000,-0.031731,-0.196954,0.519314,1.251395,0.019518,0.000000,0.000000
-0.021056,-0.067047,0.876578,0.047602,0.029128,0.482251,-0.874254,0.040606,0.051581,-0.231159,0.094576,-0.201799,0.060474,-0.142923,-0.113211,0.050220,0.550565,-0.201808,-0.053558,-0.063319,0.002756,-0.116154,0.236296,-0.847341,1.243168,1.570800,0.000000,0.000000,-0.036402,-0.201417,0.515303,1.253992,0.017208,0.000000,0.000000
-0.022149,-0.071230,0.876458,0.045321,0.027844,0.469873,-0.881130,0.037519,0.054276,-0.247914,0.092003,-0.200836,0.063603,-0.140738,-0.110044,0.084115,0.480127,-0.193472,-0.057794,-0.060134,0.002639,-0.119139,0.242042,-0.849812,1.242716,1.570800,0.000000,0.000000,-0.043262,-0.206433,0.515828,1.254829,0.011934,0.000000,0.000000
-0.023232,-0.075710,0.876286,0.042901,0.026278,0.460161,-0.886409,0.034714,0.057111,-0.260207,0.089261,-0.200042,0.066077,-0.136432,-0.106632,0.121029,0.405462,-0.184548,-0.061922,-0.054528,0.002422,-0.121606,0.249413,-0.849966,1.243197,1.570800,0.000000,0.000000,-0.053488,-0.211040,0.519273,1.255084,0.006267,0.000000,0.000000
-0.024700,-0.080582,0.876201,0.041029,0.024225,0.453705,-0.889877,0.032691,0.061776,-0.264493,0.086187,-0.199658,0.067747,-0.131329,-0.101575,0.162912,0.332382,-0.177299,-0.065955,-0.043857,0.002020,-0.123712,0.259016,-0.848681,1.244048,1.570800,0.000000,0.000000,-0.065745,-0.213687,0.524338,1.255281,0.001049,0.000000,0.000000
-0.026063,-0.085902,0.876002,0.039106,0.022617,0.447461,-0.893162,0.031437,0.066048,-0.267102,0.084031,-0.200825,0.069019,-0.125996,-0.097555,0.205970,0.268402,-0.166567,-0.070373,-0.031017,0.001468,-0.123650,0.268434,-0.842859,1.249609,1.570800,0.000000,0.000000,-0.080113,-0.218156,0.530532,1.253636,-0.002294,0.000000,0.000000
-0.027294,-0.090605,0.875636,0.036452,0.020982,0.442106,-0.895976,0.029967,0.068797,-0.268841,0.081141,-0.202024,0.069719,-0.119791,-0.094426,0.243157,0.211913,-0.159194,-0.073840,-0.018949,0.000910,-0.122542,0.276310,-0.835241,1.256609,1.570800,0.000000,0.000000,-0.095355,-0.223221,0.536968,1.251611,-0.004950,0.000000,0.000000
-0.028357,-0.094398,0.874971,0.032398,0.019441,0.438475,-0.897949,0.028020,0.068638,-0.269246,0.076971,-0.203193,0.069396,-0.112110,-0.092170,0.267044,0.164367,-0.155414,-0.075343,-0.008805,0.000409,-0.119521,0.281581,-0.825701,1.264722,1.570800,0.000000,0.000000,-0.111620,-0.228675,0.542973,1.249609,-0.007144,0.000000,0.000000
-0.029232,-0.097721,0.874200,0.028026,0.018435,0.434179,-0.900202,0.025976,0.066670,-0.268758,0.072490,-0.203368,0.068509,-0.102802,-0.091097,0.281053,0.121640,-0.152781,-0.075640,0.001056,-0.000121,-0.116785,0.286030,-0.816259,1.273449,1.570800,0.000000,0.000000,-0.129393,-0.235635,0.553024,1.244530,-0.012025,0.000000,0.000000
-0.030094,-0.101345,0.873396,0.023688,0.017736,0.429429,-0.902616,0.024051,0.064016,-0.267888,0.068258,-0.203366,0.067424,-0.092390,-0.091138,0.289431,0.081491,-0.151509,-0.075316,0.010850,-0.000617,-0.113986,0.290419,-0.806582,1.282725,1.570800,0.000000,0.000000,-0.148301,-0.243680,0.566406,1.236854,-0.019099,0.000000,0.000000
-0.030920,-0.105687,0.872840,0.021336,0.018008,0.425188,-0.904674,0.023806,0.062876,-0.267390,0.067653,-0.204905,0.066941,-0.083035,-0.091515,0.286389,0.056777,-0.148866,-0.073959,0.018373,-0.000986,-0.109836,0.291734,-0.787839,1.291419,1.570800,0.000000,0.000000,-0.160213,-0.248649,0.574334,1.232498,-0.019914,0.000000,0.000000
-0.031511,-0.110539,0.872240,0.019034,0.018348,0.420984,-0.906683,0.024164,0.062148,-0.266960,0.068341,-0.206991,0.066641,-0.073505,-0.092451,0.278989,0.036723,-0.149130,-0.072276,0.025071,-0.001384,-0.104901,0.292241,-0.765525,1.300487,1.570800,0.000000,0.000000,-0.171107,-0.252477,0.582467,1.229732,-0.019331,0.000000,0.000000
-0.031192,-0.115788,0.871531,0.016536,0.019092,0.417213,-0.908458,0.025327,0.060651,-0.265965,0.070530,-0.209044,0.066159,-0.062970,-0.094247,0.267838,0.019557,-0.153692,-0.070315,0.031344,-0.001715,-0.099408,0.291697,-0.742581,1.309428,1.570800,0.000000,0.000000,-0.180824,-0.254940,0.591226,1.229866,-0.018548,0.000000,0.000000
-0.029631,-0.122517,0.870887,0.014907,0.021046,0.412453,-0.910614,0.028653,0.058460,-0.264031,0.076974,-0.207316,0.065735,-0.050876,-0.095115,0.254704,0.009131,-0.157980,-0.068221,0.036466,-0.002005,-0.092756,0.290379,-0.719733,1.317189,1.570800,0.000000,0.000000,-0.184536,-0.256621,0.597552,1.231902,-0.018297,0.000000,0.000000
-0.027396,-0.129823,0.870163,0.013634,0.023649,0.407008,-0.913017,0.032450,0.055503,-0.261550,0.089101,-0.204093,0.065346,-0.038261,-0.095355,0.240347,0.004478,-0.161714,-0.066182,0.040531,-0.002214,-0.085335,0.288492,-0.697173,1.324054,1.570800,0.000000,0.000000,-0.183327,-0.258126,0.601620,1.234659,-0.018691,0.000000,0.000000
-0.024589,-0.135820,0.868676,0.011251,0.027615,0.396928,-0.917365,0.032934,0.049130,-0.257750,0.116698,-0.202121,0.064243,-0.023213,-0.098573,0.216429,0.003230,-0.164813,-0.063769,0.037015,-0.002149,-0.076153,0.282241,-0.674044,1.330235,1.570800,0.000000,0.000000,-0.175294,-0.260547,0.602867,1.241706,-0.021541,0.000000,0.000000
-0.022272,-0.141715,0.866575,0.009174,0.031106,0.388149,-0.921026,0.030733,0.044146,-0.244099,0.155449,-0.203361,0.062129,-0.009349,-0.101388,0.193130,0.003074,-0.166739,-0.061451,0.034281,-0.002023,-0.067342,0.275146,-0.652547,1.335899,1.570800,0.000000,0.000000,-0.165366,-0.260972,0.604833,1.250181,-0.024703,0.000000,0.000000
-0.020806,-0.147612,0.867399,0.007540,0.034250,0.380621,-0.924066,0.026379,0.043560,-0.211938,0.208735,-0.207561,0.058314,0.003082,-0.102456,0.172549,0.003706,-0.167433,-0.059181,0.035827,-0.001953,-0.058565,0.267666,-0.632883,1.341385,1.570800,0.000000,0.000000,-0.153471,-0.257210,0.610332,1.259921,-0.026887,0.000000,0.000000
-0.021431,-0.151577,0.868651,0.005169,0.036479,0.374073,-0.926667,0.016722,0.045685,-0.170691,0.271664,-0.206288,0.053624,0.009222,-0.103403,0.152315,0.009276,-0.170284,-0.056767,0.039733,-0.002019,-0.051792,0.259788,-0.616137,1.344886,1.570784,0.000000,0.000000,-0.141848,-0.251496,0.614648,1.267847,-0.025505,0.000000,0.000000
-0.022764,-0.154835,0.869850,0.002205,0.038169,0.367360,-0.929293,0.004162,0.048218,-0.127839,0.338851,-0.202572,0.048415,0.012835,-0.104911,0.131527,0.013301,-0.171715,-0.054307,0.043615,-0.002094,-0.046865,0.251580,-0.601886,1.346994,1.570721,0.000000,0.000000,-0.131001,-0.245597,0.617384,1.273959,-0.021886,0.000000,0.000000
-0.024420,-0.157577,0.871038,0.000073,0.039583,0.357518,-0.933067,-0.010243,0.050941,-0.079588,0.415985,-0.189023,0.042094,0.016248,-0.105407,0.107931,0.017486,-0.173426,-0.051195,0.046973,-0.002161,-0.045311,0.243096,-0.593830,1.345642,1.570668,0.000000,0.000000,-0.119212,-0.239791,0.616613,1.276940,-0.019349,0.000000,0.000000
-0.026515,-0.160348,0.872128,-0.001970,0.040580,0.347301,-0.936873,-0.024163,0.054391,-0.035282,0.487139,-0.175719,0.035927,0.018813,-0.105135,0.085436,0.020711,-0.174418,-0.048048,0.050367,-0.002193,-0.045443,0.235254,-0.588281,1.343555,1.570623,0.000000,0.000000,-0.109011,-0.234315,0.615092,1.279498,-0.018521,0.000000,0.000000
-0.028702,-0.163180,0.872933,-0.003789,0.041254,0.336671,-0.940711,-0.037158,0.058909,0.004046,0.548581,-0.163323,0.030326,0.020926,-0.104179,0.064384,0.023640,-0.175843,-0.044935,0.053790,-0.002231,-0.046941,0.227741,-0.584418,1.340742,1.570580,0.000000,0.000000,-0.101097,-0.229168,0.614266,1.282611,-0.020471,0.000000,0.000000
-0.030889,-0.166252,0.873697,-0.005389,0.041725,0.325227,-0.944700,-0.048754,0.064383,0.039238,0.600002,-0.153375,0.025290,0.022931,-0.102340,0.044430,0.026890,-0.177412,-0.041782,0.057657,-0.002312,-0.050349,0.221889,-0.584002,1.338700,1.570558,0.000000,0.000000,-0.095023,-0.224292,0.615625,1.284056,-0.023094,0.000000,0.000000
-0.033155,-0.169510,0.874356,-0.006737,0.042028,0.313479,-0.948641,-0.058026,0.070380,0.072134,0.642363,-0.143129,0.020516,0.024800,-0.099645,0.025365,0.030462,-0.179113,-0.038573,0.062171,-0.002380,-0.054837,0.217347,-0.585741,1.337119,1.570543,0.000000,0.000000,-0.089882,-0.219360,0.618095,1.284354,-0.025925,0.000000,0.000000
-0.036001,-0.172423,0.874793,-0.008333,0.040898,0.299976,-0.953033,-0.064887,0.075328,0.100335,0.668736,-0.138843,0.016190,0.025252,-0.096395,0.005108,0.032314,-0.181000,-0.035013,0.065201,-0.002444,-0.062429,0.214568,-0.585323,1.334393,1.570547,0.000000,0.000000,-0.087500,-0.213980,0.619731,1.285526,-0.029597,0.000000,0.000000
-0.038691,-0.175323,0.875134,-0.009963,0.039578,0.285259,-0.957581,-0.069167,0.079317,0.127704,0.686080,-0.134739,0.011667,0.025626,-0.092834,-0.017854,0.033817,-0.183236,-0.030998,0.067909,-0.002546,-0.071057,0.212093,-0.586148,1.331158,1.570557,0.000000,0.000000,-0.086069,-0.208769,0.621368,1.286276,-0.032009,0.000000,0.000000
-0.041071,-0.177970,0.875478,-0.011812,0.037965,0.268164,-0.962552,-0.071257,0.081436,0.151552,0.692403,-0.132451,0.007317,0.025951,-0.089645,-0.043682,0.035457,-0.186024,-0.026673,0.070143,-0.002595,-0.080273,0.209640,-0.590554,1.327870,1.570572,0.000000,0.000000,-0.085879,-0.205032,0.622965,1.285493,-0.030993,0.000000,0.000000
-0.043376,-0.180184,0.875926,-0.013804,0.036176,0.250239,-0.967410,-0.070984,0.082046,0.173099,0.683715,-0.133608,0.003109,0.025738,-0.086660,-0.074288,0.037808,-0.188326,-0.021746,0.071153,-0.002603,-0.090398,0.207110,-0.597865,1.324733,1.570590,0.000000,0.000000,-0.087124,-0.202025,0.624156,1.285094,-0.027117,0.000000,0.000000
-0.045377,-0.182305,0.876384,-0.015690,0.034363,0.231839,-0.972020,-0.067653,0.081181,0.192269,0.661290,-0.134841,-0.000896,0.024903,-0.083891,-0.106337,0.041585,-0.190822,-0.016678,0.071225,-0.002540,-0.100310,0.204922,-0.606637,1.321801,1.570617,0.000000,0.000000,-0.089110,-0.199391,0.624909,1.285167,-0.021617,0.000000,0.000000
-0.046336,-0.183680,0.876904,-0.017003,0.032943,0.208379,-0.977345,-0.060145,0.075822,0.202925,0.621196,-0.138972,-0.004236,0.024102,-0.082125,-0.140283,0.051289,-0.194703,-0.011570,0.067667,-0.002351,-0.112582,0.201969,-0.616455,1.319978,1.570643,0.000000,0.000000,-0.091578,-0.197461,0.622688,1.284652,-0.014428,0.000000,0.000000
-0.047424,-0.184288,0.877295,-0.018514,0.031129,0.183862,-0.982285,-0.050331,0.068608,0.211610,0.568930,-0.144114,-0.007488,0.022434,-0.081622,-0.173935,0.062595,-0.198972,-0.006748,0.062527,-0.002129,-0.126210,0.200042,-0.627141,1.318352,1.570680,0.000000,0.000000,-0.094526,-0.195786,0.619947,1.284494,-0.008381,0.000000,0.000000
-0.048915,-0.183564,0.877627,-0.020702,0.028502,0.157155,-0.986945,-0.039609,0.059377,0.218594,0.503216,-0.153827,-0.010717,0.019606,-0.083340,-0.206889,0.073184,-0.202633,-0.002483,0.055280,-0.001840,-0.142474,0.200165,-0.639670,1.317134,1.570738,0.000000,0.000000,-0.098512,-0.194618,0.617200,1.285530,-0.005536,0.000000,0.000000
-0.050083,-0.181607,0.877983,-0.022628,0.024890,0.127413,-0.991279,-0.026089,0.046547,0.217836,0.422432,-0.163661,-0.013181,0.015300,-0.086651,-0.233426,0.086445,-0.205254,0.000575,0.045002,-0.001438,-0.159357,0.198105,-0.652480,1.320718,1.570787,0.000000,0.000000,-0.102098,-0.193153,0.613256,1.288244,-0.001665,0.000000,0.000000
-0.051234,-0.178648,0.878351,-0.024310,0.020832,0.096075,-0.994859,-0.009514,0.031792,0.212197,0.332559,-0.173885,-0.014972,0.009838,-0.091298,-0.255566,0.102694,-0.208081,0.002761,0.033065,-0.000949,-0.176297,0.194358,-0.665485,1.327487,1.570800,0.000000,0.000000,-0.105314,-0.191475,0.608369,1.292005,0.003230,0.000000,0.000000
-0.053319,-0.174707,0.878801,-0.025800,0.016340,0.064805,-0.997431,0.004831,0.017767,0.198101,0.252303,-0.176344,-0.015128,0.003322,-0.096439,-0.273027,0.118309,-0.206655,0.004213,0.020958,-0.000449,-0.187398,0.193075,-0.680195,1.334050,1.570800,0.000000,0.000000,-0.107451,-0.191453,0.600765,1.297134,0.006551,0.000000,0.000000
-0.055227,-0.170532,0.879071,-0.027040,0.013069,0.034761,-0.998944,0.016847,0.006486,0.182674,0.185297,-0.175335,-0.014536,-0.001461,-0.102297,-0.290138,0.133459,-0.205064,0.005493,0.010233,0.000002,-0.196004,0.191303,-0.694128,1.339356,1.570800,0.000000,0.000000,-0.107834,-0.193146,0.591392,1.300265,0.011163,0.000000,0.000000
-0.056810,-0.166645,0.879027,-0.027390,0.011864,0.008018,-0.999522,0.025159,-0.000812,0.167638,0.137546,-0.168018,-0.013277,-0.003396,-0.107398,-0.306440,0.147489,-0.202787,0.006891,0.002531,0.000312,-0.201242,0.189280,-0.705900,1.341817,1.570800,0.000000,0.000000,-0.105293,-0.196972,0.579537,1.298977,0.019029,0.000000,0.000000
-0.057801,-0.162326,0.879199,-0.027626,0.012290,-0.015522,-0.999422,0.032006,-0.006589,0.148988,0.103395,-0.159610,-0.011335,-0.004290,-0.113655,-0.317998,0.166187,-0.197582,0.007373,-0.004461,0.000703,-0.205420,0.189202,-0.714700,1.340795,1.570800,0.000000,0.000000,-0.097942,-0.200533,0.568371,1.295383,0.025010,0.000000,0.000000
-0.058631,-0.157481,0.879624,-0.027855,0.013603,-0.037424,-0.998819,0.037335,-0.011573,0.127362,0.079742,-0.152569,-0.008905,-0.005636,-0.121694,-0.325881,0.191600,-0.191778,0.006922,-0.011521,0.001045,-0.208977,0.190642,-0.721440,1.337315,1.570800,0.000000,0.000000,-0.087240,-0.203692,0.557885,1.290491,0.029395,0.000000,0.000000
-0.061029,-0.151713,0.880513,-0.027959,0.016867,-0.061724,-0.997559,0.038993,-0.016272,0.095555,0.071516,-0.149992,-0.004958,-0.008786,-0.133566,-0.320783,0.233300,-0.175713,0.003663,-0.021091,0.001422,-0.206887,0.189412,-0.728500,1.335623,1.570800,0.000000,0.000000,-0.073042,-0.207882,0.546971,1.286616,0.029031,0.000000,0.000000
-0.062999,-0.145730,0.882806,-0.027530,0.020640,-0.086455,-0.995661,0.039959,-0.019855,0.062141,0.069550,-0.149649,-0.000648,-0.014930,-0.145908,-0.307757,0.286236,-0.156677,-0.000999,-0.031149,0.001878,-0.202917,0.188202,-0.736418,1.333951,1.570800,0.000000,0.000000,-0.057413,-0.211494,0.536001,1.283774,0.028286,0.000000,0.000000
-0.064426,-0.140169,0.883455,-0.026184,0.025435,-0.112064,-0.993030,0.041570,-0.021108,0.026191,0.071179,-0.150172,0.004530,-0.024209,-0.156423,-0.285162,0.351692,-0.128725,-0.006867,-0.042416,0.002390,-0.197319,0.188436,-0.747052,1.330850,1.570800,0.000000,0.000000,-0.038414,-0.213933,0.523805,1.282202,0.029527,0.000000,0.000000
-0.066245,-0.135868,0.883871,-0.024730,0.029853,-0.135791,-0.989979,0.042361,-0.020248,-0.003875,0.072637,-0.146387,0.009307,-0.033730,-0.161210,-0.253971,0.398242,-0.112766,-0.013122,-0.051123,0.002826,-0.192746,0.188883,-0.757300,1.329168,1.570800,0.000000,0.000000,-0.023076,-0.214111,0.513000,1.281033,0.031594,0.000000,0.000000
-0.067702,-0.132284,0.884579,-0.022936,0.034149,-0.158417,-0.986515,0.042940,-0.017687,-0.031827,0.074477,-0.140663,0.014194,-0.044152,-0.162278,-0.216422,0.436771,-0.104381,-0.019731,-0.058414,0.003126,-0.188477,0.189811,-0.768034,1.328362,1.570800,0.000000,0.000000,-0.009188,-0.212387,0.502284,1.280204,0.034168,0.000000,0.000000
-0.068227,-0.129475,0.884822,-0.020523,0.038952,-0.183370,-0.982058,0.043997,-0.012797,-0.060834,0.078073,-0.140292,0.019823,-0.058793,-0.160571,-0.177975,0.494179,-0.101093,-0.025919,-0.067056,0.003458,-0.180463,0.194908,-0.773993,1.322844,1.570800,0.000000,0.000000,0.005993,-0.208238,0.485007,1.278209,0.036404,0.000000,0.000000
-0.068196,-0.127764,0.884682,-0.018160,0.042818,-0.206473,-0.977346,0.044373,-0.006701,-0.086283,0.080831,-0.139311,0.025243,-0.073855,-0.155697,-0.140720,0.543121,-0.101573,-0.031247,-0.073341,0.003630,-0.172329,0.200757,-0.776876,1.316994,1.570800,0.000000,0.000000,0.017703,-0.203937,0.468841,1.276520,0.038232,0.000000,0.000000
-0.067060,-0.126775,0.884883,-0.015540,0.045443,-0.226552,-0.972814,0.044148,0.000771,-0.106348,0.082395,-0.135839,0.030229,-0.085399,-0.146606,-0.103299,0.566628,-0.103594,-0.035653,-0.076111,0.003670,-0.164398,0.206470,-0.775098,1.313212,1.570800,0.000000,0.000000,0.023808,-0.199839,0.456445,1.275616,0.039858,0.000000,0.000000
-0.064847,-0.125882,0.885348,-0.012904,0.046988,-0.245885,-0.968073,0.043501,0.008900,-0.126568,0.083408,-0.132924,0.035425,-0.096154,-0.135072,-0.064771,0.581461,-0.107314,-0.039756,-0.078405,0.003665,-0.157267,0.211652,-0.770902,1.310290,1.570800,0.000000,0.000000,0.028716,-0.195151,0.444596,1.276588,0.043472,0.000000,0.000000
-0.061812,-0.125040,0.885725,-0.010469,0.047786,-0.264933,-0.963025,0.042533,0.016996,-0.147090,0.084102,-0.130919,0.040677,-0.105798,-0.122488,-0.026835,0.590498,-0.111666,-0.043594,-0.080757,0.003636,-0.151116,0.215959,-0.765391,1.307927,1.570800,0.000000,0.000000,0.032836,-0.190535,0.433103,1.278762,0.048508,0.000000,0.000000
-0.058042,-0.124194,0.885944,-0.008526,0.047277,-0.283005,-0.957915,0.040792,0.024234,-0.168259,0.083657,-0.128969,0.045816,-0.112440,-0.109803,0.011506,0.583952,-0.123139,-0.047419,-0.080234,0.003548,-0.149127,0.219192,-0.764233,1.306655,1.570800,0.000000,0.000000,0.033966,-0.188367,0.424184,1.279620,0.050386,0.000000,0.000000
-0.053723,-0.122873,0.886129,-0.007099,0.046047,-0.300699,-0.952580,0.038685,0.030226,-0.189920,0.082914,-0.127453,0.050728,-0.115107,-0.097176,0.049323,0.567857,-0.134960,-0.051105,-0.078241,0.003401,-0.148249,0.221338,-0.763844,1.305991,1.570800,0.000000,0.000000,0.033737,-0.187113,0.415753,1.280027,0.050379,0.000000,0.000000
-0.049081,-0.121140,0.886343,-0.006314,0.043560,-0.317570,-0.947213,0.035873,0.034439,-0.212116,0.081281,-0.125759,0.055270,-0.114745,-0.084779,0.086542,0.543729,-0.147352,-0.054539,-0.074598,0.003221,-0.147841,0.222402,-0.762768,1.305948,1.570800,0.000000,0.000000,0.031339,-0.186203,0.408346,1.280233,0.047614,0.000000,0.000000
-0.043926,-0.119112,0.886576,-0.005408,0.040709,-0.333597,-0.941821,0.032912,0.038164,-0.233578,0.079721,-0.124733,0.059582,-0.112747,-0.072938,0.123884,0.511714,-0.156521,-0.057896,-0.070304,0.003052,-0.148746,0.223808,-0.760169,1.305371,1.570800,0.000000,0.000000,0.028197,-0.186553,0.403853,1.278786,0.044888,0.000000,0.000000
-0.038363,-0.117168,0.886683,-0.004010,0.037673,-0.348126,-0.936682,0.030044,0.042697,-0.251624,0.078063,-0.124329,0.063558,-0.109422,-0.060646,0.163455,0.474089,-0.163173,-0.061250,-0.064259,0.002845,-0.150603,0.226273,-0.756353,1.304375,1.570800,0.000000,0.000000,0.024519,-0.187136,0.401669,1.276101,0.042645,0.000000,0.000000
-0.032730,-0.115930,0.886356,-0.001455,0.033862,-0.359397,-0.932569,0.027110,0.050287,-0.258934,0.073898,-0.124857,0.066482,-0.105435,-0.045928,0.208094,0.434971,-0.163843,-0.064699,-0.049597,0.002344,-0.154671,0.229250,-0.749515,1.305091,1.570800,0.000000,0.000000,0.018270,-0.186174,0.400869,1.271577,0.041082,0.000000,0.000000
-0.027261,-0.114597,0.885883,0.001076,0.029980,-0.370023,-0.928538,0.024247,0.057955,-0.263858,0.068892,-0.124981,0.068940,-0.100336,-0.032809,0.252593,0.393997,-0.162099,-0.068333,-0.032758,0.001729,-0.159853,0.232313,-0.742843,1.306887,1.570800,0.000000,0.000000,0.011013,-0.185355,0.401310,1.266869,0.041292,0.000000,0.000000
-0.024314,-0.112426,0.885345,0.001874,0.023074,-0.386175,-0.922135,0.018350,0.061121,-0.266822,0.057030,-0.118862,0.069718,-0.095343,-0.034529,0.266604,0.347718,-0.156652,-0.070155,-0.026426,0.001374,-0.168625,0.231262,-0.736874,1.309388,1.570800,0.000000,0.000000,0.000357,-0.189849,0.403587,1.262191,0.044628,0.000000,0.000000
-0.022302,-0.110665,0.884610,0.002601,0.015812,-0.403254,-0.914948,0.010985,0.062436,-0.269160,0.041918,-0.110300,0.069820,-0.088631,-0.039410,0.272283,0.297536,-0.150042,-0.071010,-0.022156,0.001193,-0.178522,0.226251,-0.730684,1.315672,1.570800,0.000000,0.000000,-0.011631,-0.194796,0.406947,1.258432,0.049333,0.000000,0.000000
-0.020423,-0.109130,0.883679,0.003315,0.008804,-0.420138,-0.907412,0.003855,0.062610,-0.270884,0.027147,-0.102179,0.069519,-0.080816,-0.043994,0.275102,0.250000,-0.144668,-0.071244,-0.017651,0.001042,-0.187901,0.219024,-0.725159,1.324526,1.570800,0.000000,0.000000,-0.022822,-0.199113,0.410364,1.255657,0.054412,0.000000,0.000000
-0.017668,-0.107511,0.882880,0.002614,0.004642,-0.432257,-0.901735,0.000072,0.060910,-0.270850,0.018878,-0.098631,0.068693,-0.071842,-0.048224,0.276614,0.213659,-0.143193,-0.071353,-0.007576,0.000777,-0.193676,0.215119,-0.717471,1.329451,1.570800,0.000000,0.000000,-0.030276,-0.202535,0.418163,1.252919,0.058721,0.000000,0.000000
-0.014916,-0.105999,0.881978,0.001340,0.002041,-0.443430,-0.896306,-0.002974,0.057687,-0.269734,0.018957,-0.100019,0.067458,-0.062010,-0.051775,0.277201,0.185770,-0.146939,-0.071231,0.004873,0.000372,-0.195857,0.212951,-0.708046,1.331984,1.570800,0.000000,0.000000,-0.035539,-0.206064,0.428270,1.249060,0.062486,0.000000,0.000000
-0.012858,-0.104993,0.881257,-0.000835,0.001864,-0.452935,-0.891541,-0.006367,0.051795,-0.267031,0.033458,-0.108804,0.065542,-0.051332,-0.054059,0.276560,0.169619,-0.157674,-0.070721,0.019820,-0.000109,-0.192990,0.212597,-0.696260,1.331973,1.570800,0.000000,0.000000,-0.038467,-0.210085,0.441197,1.242837,0.065078,0.000000,0.000000
-0.010645,-0.103880,0.882162,-0.003649,0.003253,-0.462816,-0.886441,-0.007878,0.043992,-0.262752,0.055721,-0.115919,0.063381,-0.039917,-0.053980,0.274143,0.162964,-0.166800,-0.069817,0.032189,-0.000561,-0.185372,0.213515,-0.685200,1.330869,1.570800,0.000000,0.000000,-0.038927,-0.213585,0.454453,1.238576,0.065739,0.000000,0.000000
-0.008141,-0.102443,0.884444,-0.006836,0.005421,-0.472860,-0.881094,-0.007011,0.035426,-0.257543,0.080330,-0.119969,0.061222,-0.027478,-0.052349,0.270598,0.160615,-0.173077,-0.068765,0.042400,-0.000974,-0.174637,0.215337,-0.674690,1.329175,1.570800,0.000000,0.000000,-0.037896,-0.216420,0.467875,1.236084,0.065066,0.000000,0.000000
-0.005129,-0.101089,0.886911,-0.011065,0.007915,-0.484391,-0.874746,-0.004454,0.028265,-0.252838,0.106891,-0.124064,0.059635,-0.013393,-0.050162,0.266570,0.159418,-0.177614,-0.067793,0.048665,-0.001237,-0.161050,0.216678,-0.666302,1.328125,1.570800,0.000000,0.000000,-0.035164,-0.219964,0.480608,1.233592,0.063245,0.000000,0.000000
-0.002918,-0.099945,0.888524,-0.015677,0.009915,-0.497230,-0.867420,-0.002310,0.020665,-0.247973,0.134084,-0.128121,0.057833,0.000770,-0.049643,0.257014,0.157865,-0.180597,-0.066418,0.051561,-0.001415,-0.147330,0.216727,-0.658369,1.327341,1.570800,0.000000,0.000000,-0.032377,-0.224197,0.491627,1.232014,0.061550,0.000000,0.000000
-0.003288,-0.100127,0.890154,-0.021165,0.009999,-0.514746,-0.857023,-0.005080,0.009064,-0.241607,0.164948,-0.131591,0.054633,0.013900,-0.055840,0.224568,0.154540,-0.180918,-0.062953,0.045122,-0.001295,-0.135437,0.212190,-0.649852,1.327082,1.570787,0.000000,0.000000,-0.031785,-0.231502,0.499784,1.233145,0.060796,0.000000,0.000000
-0.004914,-0.101748,0.891344,-0.026198,0.009440,-0.533359,-0.845430,-0.011843,-0.004640,-0.234424,0.197375,-0.133759,0.050639,0.024167,-0.064144,0.186400,0.150392,-0.179894,-0.058967,0.033861,-0.000882,-0.125058,0.203512,-0.639571,1.328724,1.570719,0.000000,0.000000,-0.033471,-0.238468,0.506281,1.237201,0.060552,0.000000,0.000000
-0.006583,-0.104968,0.892417,-0.029793,0.009018,-0.549339,-0.835020,-0.019253,-0.015314,-0.219558,0.228763,-0.136164,0.046032,0.030371,-0.069928,0.154468,0.147109,-0.177841,-0.055285,0.026645,-0.000544,-0.116218,0.195231,-0.628725,1.331524,1.570656,0.000000,0.000000,-0.036766,-0.242206,0.511927,1.242814,0.060565,0.000000,0.000000
-0.008052,-0.109005,0.893647,-0.032349,0.009179,-0.562370,-0.826202,-0.025888,-0.022056,-0.200355,0.264369,-0.134620,0.041790,0.033826,-0.072952,0.130224,0.145839,-0.174384,-0.052181,0.026714,-0.000368,-0.110086,0.191858,-0.620666,1.331743,1.570604,0.000000,0.000000,-0.039598,-0.243646,0.516206,1.248201,0.062835,0.000000,0.000000
-0.009500,-0.113183,0.894874,-0.034508,0.009526,-0.574836,-0.817485,-0.031954,-0.026951,-0.178813,0.305113,-0.133249,0.037586,0.036033,-0.074787,0.108985,0.145849,-0.171063,-0.049312,0.029786,-0.000365,-0.104444,0.189487,-0.613752,1.332036,1.570568,0.000000,0.000000,-0.041141,-0.243734,0.519114,1.253495,0.066332,0.000000,0.000000
-0.010848,-0.117249,0.895767,-0.036184,0.010146,-0.587145,-0.808609,-0.038222,-0.030947,-0.154208,0.355880,-0.130893,0.033074,0.037967,-0.075767,0.088512,0.146416,-0.168190,-0.046389,0.034274,-0.000445,-0.098382,0.186304,-0.606954,1.333953,1.570523,0.000000,0.000000,-0.040316,-0.242474,0.520596,1.259094,0.071861,0.000000,0.000000
-0.012080,-0.121782,0.896122,-0.037472,0.010233,-0.599783,-0.799220,-0.043051,-0.032888,-0.130762,0.403499,-0.128960,0.029038,0.038597,-0.076389,0.068321,0.147359,-0.166668,-0.043375,0.038880,-0.000590,-0.094481,0.183896,-0.600690,1.335331,1.570484,0.000000,0.000000,-0.038669,-0.240946,0.521154,1.264351,0.078590,0.000000,0.000000
-0.013455,-0.126319,0.896166,-0.038533,0.010029,-0.612426,-0.789525,-0.045958,-0.032091,-0.108641,0.442833,-0.123320,0.025686,0.038559,-0.077062,0.048344,0.148379,-0.166052,-0.040387,0.043405,-0.000727,-0.092012,0.181969,-0.594580,1.336239,1.570455,0.000000,0.000000,-0.036698,-0.239485,0.521418,1.269226,0.085860,0.000000,0.000000
-0.014921,-0.131064,0.896681,-0.040174,0.007475,-0.623755,-0.780551,-0.047797,-0.030059,-0.094777,0.454232,-0.122642,0.023875,0.036831,-0.080341,0.031617,0.148247,-0.164046,-0.038543,0.046341,-0.000828,-0.092155,0.180685,-0.588791,1.335312,1.570440,0.000000,0.000000,-0.038293,-0.238245,0.524478,1.275296,0.089086,0.000000,0.000000
-0.016269,-0.135464,0.896947,-0.041542,0.005307,-0.635439,-0.771015,-0.048114,-0.027302,-0.079427,0.458658,-0.120764,0.021859,0.035064,-0.083863,0.012683,0.148053,-0.162210,-0.036401,0.049213,-0.000925,-0.092833,0.179897,-0.582035,1.333310,1.570428,0.000000,0.000000,-0.040132,-0.236583,0.527794,1.281575,0.092369,0.000000,0.000000
-0.017309,-0.139830,0.896744,-0.042230,0.003787,-0.648048,-0.760418,-0.046860,-0.024153,-0.060594,0.461230,-0.120485,0.019231,0.033396,-0.086187,-0.009439,0.148261,-0.161349,-0.033450,0.052145,-0.000970,-0.094397,0.180448,-0.574613,1.329660,1.570433,0.000000,0.000000,-0.041192,-0.234063,0.529645,1.286569,0.096559,0.000000,0.000000
-0.018377,-0.143969,0.896856,-0.042326,0.001761,-0.658553,-0.751341,-0.045023,-0.020716,-0.047390,0.448437,-0.122337,0.017699,0.031193,-0.088077,-0.026999,0.147253,-0.159121,-0.031114,0.053846,-0.001042,-0.097080,0.181898,-0.567861,1.327258,1.570441,0.000000,0.000000,-0.045122,-0.231442,0.531410,1.292324,0.099089,0.000000,0.000000
-0.019385,-0.147559,0.896859,-0.042076,-0.000351,-0.667874,-0.743084,-0.041944,-0.016346,-0.036856,0.419440,-0.123546,0.016864,0.028743,-0.089874,-0.043083,0.144927,-0.155559,-0.028991,0.054763,-0.001126,-0.100754,0.184227,-0.560362,1.325759,1.570457,0.000000,0.000000,-0.051809,-0.228247,0.533899,1.299750,0.100607,0.000000,0.000000
-0.020601,-0.150670,0.896189,-0.041505,-0.002170,-0.675961,-0.735765,-0.037324,-0.013208,-0.030269,0.385063,-0.128268,0.016380,0.026092,-0.091442,-0.055927,0.143676,-0.155161,-0.027311,0.054688,-0.001164,-0.104350,0.186650,-0.553793,1.322763,1.570484,0.000000,0.000000,-0.059113,-0.224651,0.534917,1.307661,0.106198,0.000000,0.000000
-0.021921,-0.153444,0.895749,-0.040941,-0.003807,-0.683659,-0.728643,-0.031815,-0.010798,-0.025651,0.344520,-0.131205,0.016033,0.023253,-0.092944,-0.067844,0.143658,-0.154937,-0.025765,0.053764,-0.001208,-0.107965,0.188862,-0.547233,1.320780,1.570506,0.000000,0.000000,-0.066471,-0.220667,0.534868,1.315012,0.112014,0.000000,0.000000
-0.023513,-0.155874,0.895962,-0.040443,-0.005223,-0.690716,-0.721975,-0.026063,-0.009499,-0.024199,0.298010,-0.129650,0.015941,0.020310,-0.094556,-0.078317,0.145170,-0.152856,-0.024502,0.051625,-0.001193,-0.111557,0.190232,-0.541133,1.322013,1.570524,0.000000,0.000000,-0.073255,-0.216447,0.532776,1.320266,0.115763,0.000000,0.000000
-0.024973,-0.157632,0.895837,-0.039483,-0.005599,-0.697028,-0.715935,-0.020787,-0.007625,-0.024792,0.260671,-0.126334,0.016397,0.018034,-0.094834,-0.084755,0.147815,-0.151807,-0.023555,0.049618,-0.001166,-0.113574,0.192036,-0.537083,1.322841,1.570534,0.000000,0.000000,-0.077825,-0.212349,0.530173,1.323586,0.120157,0.000000,0.000000
-0.026286,-0.159107,0.895292,-0.038220,-0.005482,-0.702950,-0.710190,-0.016053,-0.005370,-0.026343,0.231349,-0.124243,0.017122,0.016040,-0.094247,-0.088892,0.151194,-0.151696,-0.022761,0.047789,-0.001125,-0.114740,0.194261,-0.534218,1.323110,1.570549,0.000000,0.000000,-0.081230,-0.208288,0.527447,1.325955,0.125179,0.000000,0.000000
-0.027919,-0.160388,0.894416,-0.036668,-0.005372,-0.708532,-0.704704,-0.011444,-0.003711,-0.028121,0.206524,-0.122780,0.017731,0.013965,-0.093627,-0.092064,0.154733,-0.153302,-0.022101,0.045653,-0.001091,-0.115412,0.196233,-0.532260,1.324882,1.570557,0.000000,0.000000,-0.084759,-0.204994,0.523503,1.328262,0.128419,0.000000,0.000000
-0.029704,-0.161422,0.893390,-0.035341,-0.005215,-0.713209,-0.700040,-0.007060,-0.002642,-0.030549,0.184484,-0.122958,0.018282,0.011904,-0.093288,-0.094027,0.158675,-0.155994,-0.021695,0.043299,-0.001082,-0.115686,0.197972,-0.530531,1.327076,1.570569,0.000000,0.000000,-0.087952,-0.202138,0.519585,1.330260,0.132224,0.000000,0.000000
-0.031701,-0.162248,0.892298,-0.034435,-0.004929,-0.716132,-0.697098,-0.003785,-0.002443,-0.033932,0.168429,-0.125245,0.018766,0.010045,-0.093576,-0.093415,0.162678,-0.159286,-0.021841,0.041119,-0.001057,-0.115167,0.199166,-0.529181,1.328876,1.570573,0.000000,0.000000,-0.089870,-0.200195,0.516911,1.331316,0.137674,0.000000,0.000000
-0.033666,-0.162876,0.891243,-0.033659,-0.004277,-0.719225,-0.693949,-0.000884,-0.002296,-0.037216,0.155777,-0.128647,0.019232,0.008316,-0.093902,-0.092526,0.167757,-0.163154,-0.022037,0.038978,-0.001017,-0.114377,0.200041,-0.527989,1.331749,1.570575,0.000000,0.000000,-0.091075,-0.198314,0.514119,1.332786,0.142565,0.000000,0.000000
-0.035632,-0.163351,0.890500,-0.032968,-0.003443,-0.722399,-0.690681,0.001875,-0.002064,-0.040499,0.144711,-0.133275,0.019712,0.006524,-0.094202,-0.091739,0.174145,-0.167675,-0.022211,0.036680,-0.001012,-0.113465,0.200782,-0.526812,1.335898,1.570574,0.000000,0.000000,-0.091896,-0.196176,0.510740,1.334816,0.146942,0.000000,0.000000
-0.037744,-0.163583,0.890368,-0.032980,-0.002514,-0.724455,-0.688528,0.004234,-0.002503,-0.042710,0.137673,-0.136281,0.019879,0.005097,-0.095037,-0.090679,0.180821,-0.170295,-0.022581,0.034673,-0.000966,-0.112623,0.201692,-0.526043,1.340200,1.570571,0.000000,0.000000,-0.091742,-0.194862,0.507677,1.336861,0.152651,0.000000,0.000000
-0.039727,-0.163820,0.890657,-0.032740,-0.001679,-0.726397,-0.686493,0.006111,-0.003022,-0.044310,0.132400,-0.138362,0.019946,0.003904,-0.095874,-0.089175,0.186474,-0.171467,-0.023034,0.032923,-0.000950,-0.112031,0.202566,-0.525216,1.344385,1.570564,0.000000,0.000000,-0.091428,-0.194090,0.504959,1.338456,0.158040,0.000000,0.000000
-0.041460,-0.164086,0.891110,-0.031988,-0.000951,-0.728225,-0.684591,0.007787,-0.003243,-0.045613,0.127006,-0.139480,0.020051,0.002706,-0.096413,-0.086712,0.190883,-0.171167,-0.023569,0.031241,-0.000919,-0.111821,0.203437,-0.523903,1.348798,1.570559,0.000000,0.000000,-0.091364,-0.193772,0.502214,1.339258,0.162264,0.000000,0.000000
-0.043052,-0.164073,0.891404,-0.031720,0.000232,-0.729723,-0.683007,0.009385,-0.003206,-0.047127,0.123052,-0.140519,0.020258,0.001586,-0.096745,-0.083323,0.195465,-0.170400,-0.024211,0.029735,-0.000908,-0.111538,0.204678,-0.522341,1.353315,1.570552,0.000000,0.000000,-0.091265,-0.193749,0.499247,1.339994,0.165668,0.000000,0.000000
-0.044554,-0.163987,0.891636,-0.031711,0.001590,-0.731046,-0.681589,0.010859,-0.002972,-0.048910,0.120768,-0.141854,0.020563,0.000483,-0.096938,-0.079244,0.200533,-0.169536,-0.024936,0.028391,-0.000862,-0.111103,0.206252,-0.520645,1.357873,1.570545,0.000000,0.000000,-0.091102,-0.193948,0.496090,1.340914,0.168572,0.000000,0.000000
-0.045878,-0.164101,0.891856,-0.031224,0.002057,-0.731943,-0.680647,0.011715,-0.002851,-0.049696,0.118799,-0.142176,0.020697,-0.000476,-0.097032,-0.076120,0.202898,-0.168843,-0.025472,0.027525,-0.000875,-0.110950,0.207212,-0.519245,1.360576,1.570543,0.000000,0.000000,-0.091389,-0.194157,0.493872,1.341714,0.169949,0.000000,0.000000
-0.046945,-0.164148,0.892263,-0.030620,0.002509,-0.732837,-0.679711,0.012696,-0.002583,-0.050322,0.115969,-0.142090,0.020840,-0.001703,-0.096924,-0.071657,0.204687,-0.167596,-0.026170,0.026536,-0.000874,-0.110877,0.208448,-0.517272,1.363403,1.570539,0.000000,0.000000,-0.091793,-0.194501,0.491088,1.342254,0.170955,0.000000,0.000000
-0.047641,-0.164021,0.892784,-0.029862,0.003069,-0.733766,-0.678739,0.013372,-0.002085,-0.050539,0.113804,-0.141856,0.020981,-0.002594,-0.096408,-0.067394,0.205250,-0.166241,-0.026730,0.025954,-0.000878,-0.110807,0.209616,-0.515622,1.364743,1.570536,0.000000,0.000000,-0.091564,-0.194865,0.488971,1.341336,0.170814,0.000000,0.000000
-0.048192,-0.163927,0.893115,-0.029313,0.003496,-0.734529,-0.677934,0.014106,-0.001351,-0.050842,0.111242,-0.141125,0.021193,-0.003557,-0.095543,-0.061626,0.205047,-0.164369,-0.027443,0.025326,-0.000880,-0.110793,0.210941,-0.513116,1.365776,1.570536,0.000000,0.000000,-0.091096,-0.195543,0.486518,1.339741,0.170977,0.000000,0.000000
-0.048646,-0.163833,0.893321,-0.028911,0.003809,-0.735237,-0.677183,0.014718,-0.000648,-0.051311,0.108909,-0.139983,0.021423,-0.004310,-0.094645,-0.055827,0.204089,-0.162464,-0.028151,0.024676,-0.000903,-0.110881,0.211931,-0.510162,1.366444,1.570539,0.000000,0.000000,-0.090726,-0.196440,0.484414,1.338295,0.171967,0.000000,0.000000
-0.048923,-0.163670,0.893560,-0.028714,0.003956,-0.736080,-0.676273,0.015096,-0.000187,-0.051684,0.107438,-0.138878,0.021585,-0.004710,-0.093959,-0.051278,0.202821,-0.160826,-0.028711,0.024305,-0.000909,-0.111206,0.212742,-0.508076,1.366655,1.570540,0.000000,0.000000,-0.090338,-0.197012,0.482853,1.337525,0.172367,0.000000,0.000000
-0.049080,-0.163555,0.893778,-0.028344,0.003891,-0.736976,-0.675313,0.015323,0.000230,-0.052003,0.106003,-0.137616,0.021731,-0.004917,-0.093257,-0.046766,0.200702,-0.158971,-0.029257,0.024079,-0.000913,-0.111785,0.213585,-0.506287,1.366492,1.570542,0.000000,0.000000,-0.089889,-0.197557,0.481283,1.336833,0.172397,0.000000,0.000000
-0.049115,-0.163456,0.893889,-0.027656,0.003470,-0.737957,-0.674272,0.015330,0.000630,-0.052137,0.104231,-0.136214,0.021840,-0.004919,-0.092533,-0.042529,0.197299,-0.156905,-0.029748,0.024016,-0.000919,-0.112626,0.214476,-0.504994,1.365712,1.570548,0.000000,0.000000,-0.089355,-0.198172,0.479767,1.335872,0.172006,0.000000,0.000000
-0.049051,-0.163237,0.893805,-0.027467,0.003316,-0.738492,-0.673694,0.015285,0.000959,-0.052404,0.102955,-0.135021,0.021953,-0.004684,-0.091903,-0.038642,0.193668,-0.154968,-0.030204,0.024078,-0.000938,-0.113457,0.215376,-0.503675,1.364770,1.570555,0.000000,0.000000,-0.088861,-0.198788,0.478301,1.335031,0.172206,0.000000,0.000000
-0.048902,-0.162948,0.893696,-0.027551,0.003288,-0.738805,-0.673348,0.015233,0.001156,-0.052787,0.102557,-0.134361,0.022055,-0.004377,-0.091500,-0.035817,0.191069,-0.153717,-0.030548,0.024173,-0.000944,-0.114024,0.216070,-0.502448,1.364042,1.570559,0.000000,0.000000,-0.088554,-0.199247,0.477229,1.334587,0.173062,0.000000,0.000000
-0.048710,-0.162631,0.893747,-0.027584,0.002999,-0.739583,-0.672493,0.015161,0.001234,-0.053156,0.102419,-0.133841,0.022130,-0.004109,-0.091291,-0.033926,0.189311,-0.152813,-0.030794,0.024200,-0.000939,-0.114405,0.216538,-0.502017,1.363505,1.570562,0.000000,0.000000,-0.088287,-0.199504,0.476595,1.334460,0.173639,0.000000,0.000000
-0.048435,-0.162277,0.893744,-0.027562,0.002664,-0.740215,-0.671800,0.015051,0.001279,-0.053631,0.102388,-0.133322,0.022214,-0.003800,-0.091109,-0.031964,0.187475,-0.151908,-0.031060,0.024219,-0.000937,-0.114773,0.217025,-0.501842,1.362866,1.570566,0.000000,0.000000,-0.087927,-0.199732,0.476020,1.334331,0.174253,0.000000,0.000000
-0.048037,-0.161840,0.893573,-0.027430,0.002303,-0.740488,-0.671506,0.014835,0.001341,-0.054370,0.102580,-0.132896,0.022340,-0.003346,-0.090836,-0.029074,0.184773,-0.150831,-0.031446,0.024271,-0.000942,-0.115116,0.217751,-0.501729,1.361713,1.570572,0.000000,0.000000,-0.087188,-0.199985,0.475431,1.333771,0.175255,0.000000,0.000000
-0.047441,-0.161371,0.893530,-0.027115,0.002098,-0.740378,-0.671641,0.014671,0.001486,-0.054689,0.102883,-0.132812,0.022426,-0.003071,-0.090545,-0.027093,0.182973,-0.150191,-0.031681,0.024264,-0.000933,-0.115102,0.218282,-0.501743,1.360736,1.570577,0.000000,0.000000,-0.086701,-0.200058,0.475254,1.333289,0.176244,0.000000,0.000000
-0.046748,-0.160895,0.893564,-0.026734,0.001954,-0.740056,-0.672011,0.014403,0.001892,-0.054824,0.103584,-0.132919,0.022550,-0.002716,-0.089916,-0.024021,0.180275,-0.149252,-0.032000,0.024174,-0.000928,-0.114707,0.219134,-0.501856,1.358986,1.570584,0.000000,0.000000,-0.086086,-0.200039,0.475301,1.332559,0.178286,0.000000,0.000000
-0.046211,-0.160532,0.893652,-0.026994,0.001651,-0.739842,-0.672237,0.014142,0.002135,-0.054969,0.104681,-0.132751,0.022634,-0.002330,-0.089511,-0.021040,0.177860,-0.148102,-0.032366,0.023911,-0.000892,-0.114146,0.219818,-0.501961,1.357592,1.570589,0.000000,0.000000,-0.085930,-0.199629,0.475143,1.332438,0.179903,0.000000,0.000000
-0.045633,-0.160130,0.893815,-0.027331,0.001325,-0.739770,-0.672303,0.013888,0.002252,-0.055166,0.106112,-0.132380,0.022702,-0.001940,-0.089280,-0.018260,0.175797,-0.146852,-0.032747,0.023527,-0.000864,-0.113518,0.220329,-0.502215,1.356489,1.570595,0.000000,0.000000,-0.086053,-0.198947,0.474792,1.332827,0.181120,0.000000,0.000000
-0.044919,-0.159676,0.894005,-0.027663,0.001064,-0.739900,-0.672147,0.013723,0.002311,-0.055345,0.107300,-0.132016,0.022751,-0.001689,-0.089163,-0.016557,0.174706,-0.146010,-0.032991,0.023229,-0.000851,-0.113108,0.220619,-0.502674,1.355863,1.570598,0.000000,0.000000,-0.086189,-0.198304,0.474419,1.333405,0.181717,0.000000,0.000000
-0.044070,-0.159265,0.894044,-0.027697,0.000808,-0.739680,-0.672389,0.013476,0.002496,-0.055613,0.109151,-0.131493,0.022853,-0.001402,-0.088904,-0.013995,0.173241,-0.144890,-0.033335,0.022770,-0.000839,-0.112470,0.220928,-0.503619,1.354979,1.570604,0.000000,0.000000,-0.086553,-0.197174,0.473846,1.334273,0.182090,0.000000,0.000000
-0.043139,-0.158865,0.894013,-0.027579,0.000570,-0.739249,-0.672867,0.013237,0.002807,-0.055821,0.110912,-0.131101,0.022978,-0.001239,-0.088502,-0.011392,0.171895,-0.143997,-0.033645,0.022328,-0.000839,-0.111806,0.221112,-0.504662,1.354127,1.570609,0.000000,0.000000,-0.087063,-0.195971,0.473378,1.334924,0.181893,0.000000,0.000000
-0.042219,-0.158496,0.894082,-0.027931,0.000481,-0.738558,-0.673611,0.013078,0.003091,-0.055980,0.112916,-0.130631,0.023093,-0.001143,-0.088123,-0.008754,0.171014,-0.143155,-0.033967,0.021902,-0.000830,-0.111132,0.221219,-0.505725,1.353644,1.570614,0.000000,0.000000,-0.087862,-0.194700,0.473295,1.335631,0.181427,0.000000,0.000000
-0.041322,-0.158136,0.894240,-0.028424,0.000359,-0.737972,-0.674232,0.012940,0.003284,-0.056113,0.115249,-0.130087,0.023183,-0.001084,-0.087806,-0.006143,0.170557,-0.142370,-0.034307,0.021522,-0.000829,-0.110495,0.221291,-0.506734,1.353435,1.570618,0.000000,0.000000,-0.088780,-0.193427,0.473458,1.336356,0.181046,0.000000,0.000000
-0.040470,-0.157805,0.894456,-0.029132,0.000187,-0.737621,-0.674587,0.012735,0.003302,-0.056298,0.118779,-0.129252,0.023247,-0.000958,-0.087591,-0.003035,0.170441,-0.141413,-0.034764,0.021206,-0.000819,-0.109858,0.221452,-0.507841,1.353410,1.570622,0.000000,0.000000,-0.089787,-0.191916,0.473722,1.337161,0.181322,0.000000,0.000000
-0.039638,-0.157514,0.894747,-0.029920,-0.000002,-0.737297,-0.674906,0.012553,0.003162,-0.056520,0.121706,-0.128408,0.023274,-0.000824,-0.087580,-0.000998,0.170609,-0.140656,-0.035099,0.021041,-0.000823,-0.109452,0.221629,-0.508489,1.353528,1.570622,0.000000,0.000000,-0.090416,-0.190881,0.473828,1.337537,0.181779,0.000000,0.000000
-0.038811,-0.157262,0.895047,-0.030726,-0.000187,-0.736987,-0.675208,0.012297,0.002845,-0.056933,0.125774,-0.126974,0.023302,-0.000602,-0.087704,0.001350,0.171014,-0.139547,-0.035529,0.020863,-0.000831,-0.108961,0.221956,-0.509131,1.353800,1.570623,0.000000,0.000000,-0.091126,-0.189578,0.473803,1.337733,0.182447,0.000000,0.000000
-0.037943,-0.157024,0.895242,-0.031198,-0.000351,-0.736580,-0.675630,0.012087,0.002668,-0.057238,0.128703,-0.125941,0.023340,-0.000458,-0.087734,0.002943,0.171242,-0.138789,-0.035812,0.020833,-0.000829,-0.108702,0.222268,-0.509500,1.354257,1.570624,0.000000,0.000000,-0.091643,-0.188547,0.473928,1.337791,0.182827,0.000000,0.000000
-0.037098,-0.156812,0.895397,-0.031618,-0.000565,-0.736133,-0.676097,0.011873,0.002525,-0.057560,0.131549,-0.124853,0.023391,-0.000325,-0.087732,0.004523,0.171346,-0.138037,-0.036081,0.020860,-0.000835,-0.108527,0.222650,-0.509877,1.354914,1.570625,0.000000,0.000000,-0.092220,-0.187429,0.474174,1.337805,0.183094,0.000000,0.000000
-0.036298,-0.156619,0.895549,-0.031995,-0.000901,-0.735645,-0.676611,0.011658,0.002369,-0.057954,0.134173,-0.123648,0.023450,-0.000220,-0.087758,0.006157,0.171253,-0.137277,-0.036367,0.020896,-0.000867,-0.108424,0.223105,-0.510416,1.355710,1.570626,0.000000,0.000000,-0.092896,-0.186270,0.474523,1.337792,0.183185,0.000000,0.000000
-0.035472,-0.156444,0.895668,-0.032182,-0.001189,-0.735383,-0.676886,0.011529,0.002312,-0.058254,0.135729,-0.122772,0.023509,-0.000181,-0.087721,0.007247,0.171085,-0.136755,-0.036543,0.020939,-0.000864,-0.108434,0.223449,-0.510911,1.356264,1.570626,0.000000,0.000000,-0.093359,-0.185417,0.474841,1.337773,0.183230,0.000000,0.000000
-0.034666,-0.156263,0.895782,-0.032271,-0.001444,-0.735237,-0.677040,0.011423,0.002320,-0.058588,0.137105,-0.121808,0.023588,-0.000172,-0.087602,0.008336,0.170838,-0.136213,-0.036695,0.021002,-0.000866,-0.108527,0.223843,-0.511547,1.356827,1.570628,0.000000,0.000000,-0.093819,-0.184455,0.475245,1.337744,0.183304,0.000000,0.000000
-0.034051,-0.156046,0.895959,-0.032456,-0.001704,-0.734991,-0.677297,0.011344,0.002319,-0.058870,0.138393,-0.120718,0.023658,-0.000167,-0.087487,0.009440,0.170541,-0.135596,-0.036850,0.021045,-0.000871,-0.108604,0.224227,-0.512192,1.357447,1.570629,0.000000,0.000000,-0.094267,-0.183434,0.475741,1.337735,0.183322,0.000000,0.000000
-0.033482,-0.155842,0.896123,-0.032592,-0.001945,-0.734853,-0.677440,0.011291,0.002327,-0.059103,0.139568,-0.119551,0.023722,-0.000163,-0.087358,0.010503,0.170193,-0.134913,-0.036996,0.021059,-0.000879,-0.108670,0.224638,-0.512816,1.358043,1.570629,0.000000,0.000000,-0.094670,-0.182389,0.476306,1.337723,0.183366,0.000000,0.000000
-0.032924,-0.155654,0.896239,-0.032603,-0.002126,-0.734937,-0.677348,0.011262,0.002391,-0.059289,0.140573,-0.118381,0.023792,-0.000159,-0.087175,0.011428,0.169798,-0.134190,-0.037106,0.021043,-0.000872,-0.108734,0.225146,-0.513386,1.358471,1.570629,0.000000,0.000000,-0.094958,-0.181358,0.476892,1.337676,0.183574,0.000000,0.000000
-0.032413,-0.155371,0.896335,-0.032609,-0.002123,-0.735032,-0.677245,0.011247,0.002544,-0.059388,0.141588,-0.117315,0.023870,-0.000137,-0.086901,0.012274,0.169450,-0.133487,-0.037180,0.021029,-0.000882,-0.108737,0.225751,-0.513922,1.358658,1.570632,0.000000,0.000000,-0.095047,-0.180326,0.477539,1.337547,0.183716,0.000000,0.000000
-0.031917,-0.155060,0.896399,-0.032586,-0.002014,-0.735120,-0.677150,0.011240,0.002791,-0.059382,0.142686,-0.116392,0.023955,-0.000094,-0.086532,0.013080,0.169185,-0.132831,-0.037223,0.021037,-0.000906,-0.108666,0.226451,-0.514437,1.358587,1.570633,0.000000,0.000000,-0.094926,-0.179281,0.478251,1.337319,0.183681,0.000000,0.000000
-0.031390,-0.154802,0.896426,-0.032234,-0.001965,-0.735313,-0.676958,0.011235,0.003159,-0.059210,0.143647,-0.115717,0.024043,-0.000074,-0.086010,0.013894,0.168840,-0.132232,-0.037226,0.021069,-0.000918,-0.108561,0.227110,-0.514869,1.358183,1.570635,0.000000,0.000000,-0.094618,-0.178259,0.479065,1.336880,0.183725,0.000000,0.000000
-0.030955,-0.154509,0.896457,-0.032013,-0.001906,-0.735415,-0.676857,0.011254,0.003573,-0.058892,0.144557,-0.115228,0.024118,-0.000058,-0.085410,0.014719,0.168488,-0.131684,-0.037214,0.021109,-0.000924,-0.108397,0.227712,-0.515216,1.357578,1.570637,0.000000,0.000000,-0.094206,-0.177274,0.479934,1.336398,0.183977,0.000000,0.000000
-0.030690,-0.154160,0.896518,-0.032082,-0.001835,-0.735352,-0.676923,0.011283,0.003761,-0.058659,0.145105,-0.115042,0.024138,-0.000038,-0.085117,0.015165,0.168365,-0.131424,-0.037215,0.021123,-0.000936,-0.108247,0.227971,-0.515348,1.357248,1.570639,0.000000,0.000000,-0.093989,-0.176782,0.480378,1.336269,0.184340,0.000000,0.000000
-0.030483,-0.153824,0.896569,-0.032235,-0.001763,-0.735388,-0.676877,0.011350,0.004072,-0.058116,0.146434,-0.114758,0.024147,0.000042,-0.084579,0.016105,0.168213,-0.130927,-0.037239,0.021149,-0.000960,-0.107935,0.228390,-0.515477,1.356741,1.570641,0.000000,0.000000,-0.093596,-0.175801,0.481147,1.336378,0.185316,0.000000,0.000000
-0.030318,-0.153503,0.896647,-0.032435,-0.001700,-0.735490,-0.676757,0.011410,0.004301,-0.057556,0.147942,-0.114554,0.024132,0.000167,-0.084129,0.017037,0.168143,-0.130464,-0.037287,0.021178,-0.000986,-0.107686,0.228680,-0.515466,1.356495,1.570644,0.000000,0.000000,-0.093281,-0.174860,0.481693,1.336880,0.186380,0.000000,0.000000
-0.030219,-0.153198,0.896786,-0.032691,-0.001693,-0.735770,-0.676440,0.011456,0.004433,-0.057142,0.149554,-0.114289,0.024117,0.000324,-0.083787,0.017925,0.168179,-0.129981,-0.037359,0.021203,-0.001025,-0.107507,0.228835,-0.515345,1.356453,1.570648,0.000000,0.000000,-0.093033,-0.173995,0.481944,1.337671,0.187270,0.000000,0.000000
-0.030121,-0.152891,0.896897,-0.032914,-0.001717,-0.735970,-0.676212,0.011476,0.004459,-0.056993,0.150432,-0.114133,0.024109,0.000415,-0.083648,0.018361,0.168236,-0.129735,-0.037403,0.021210,-0.001039,-0.107432,0.228856,-0.515243,1.356519,1.570649,0.000000,0.000000,-0.092929,-0.173583,0.481953,1.338163,0.187639,0.000000,0.000000
-0.029996,-0.152569,0.896948,-0.033050,-0.001772,-0.735964,-0.676211,0.011519,0.004459,-0.056779,0.152264,-0.113851,0.024091,0.000593,-0.083412,0.019186,0.168386,-0.129311,-0.037492,0.021208,-0.001065,-0.107259,0.228817,-0.514993,1.356794,1.570650,0.000000,0.000000,-0.092768,-0.172831,0.481816,1.339136,0.188181,0.000000,0.000000
-0.029886,-0.152232,0.897026,-0.033162,-0.001873,-0.736000,-0.676166,0.011542,0.004434,-0.056720,0.153200,-0.113709,0.024084,0.000677,-0.083313,0.019577,0.168477,-0.129119,-0.037539,0.021212,-0.001084,-0.107154,0.228762,-0.514800,1.356952,1.570650,0.000000,0.000000,-0.092690,-0.172478,0.481673,1.339627,0.188438,0.000000,0.000000
-0.029772,-0.151887,0.897128,-0.033256,-0.001995,-0.736061,-0.676094,0.011592,0.004342,-0.056691,0.155070,-0.113405,0.024074,0.000828,-0.083152,0.020320,0.168684,-0.128758,-0.037635,0.021240,-0.001121,-0.106902,0.228602,-0.514259,1.357254,1.570648,0.000000,0.000000,-0.092529,-0.171806,0.481269,1.340630,0.189012,0.000000,0.000000
-0.029590,-0.151518,0.897209,-0.033183,-0.002114,-0.736162,-0.675988,0.011615,0.004303,-0.056699,0.155978,-0.113278,0.024075,0.000888,-0.083058,0.020655,0.168781,-0.128609,-0.037671,0.021260,-0.001135,-0.106732,0.228523,-0.513902,1.357272,1.570648,0.000000,0.000000,-0.092405,-0.171490,0.481015,1.341030,0.189281,0.000000,0.000000
-0.029431,-0.151164,0.897221,-0.033100,-0.002262,-0.736227,-0.675920,0.011645,0.004265,-0.056720,0.156881,-0.113174,0.024078,0.000930,-0.082951,0.020986,0.168881,-0.128494,-0.037704,0.021281,-0.001153,-0.106511,0.228451,-0.513444,1.357187,1.570647,0.000000,0.000000,-0.092253,-0.171182,0.480705,1.341373,0.189543,0.000000,0.000000
-0.029327,-0.150833,0.897161,-0.033016,-0.002480,-0.736219,-0.675933,0.011686,0.004216,-0.056743,0.157742,-0.113110,0.024078,0.000946,-0.082853,0.021341,0.168983,-0.128434,-0.037743,0.021284,-0.001164,-0.106243,0.228388,-0.512878,1.357044,1.570646,0.000000,0.000000,-0.092118,-0.170878,0.480360,1.341705,0.189798,0.000000,0.000000
-0.029193,-0.150528,0.897129,-0.032882,-0.002645,-0.736148,-0.676016,0.011783,0.004129,-0.056761,0.159289,-0.113055,0.024077,0.000929,-0.082651,0.022041,0.169161,-0.128383,-0.037813,0.021282,-0.001189,-0.105651,0.228279,-0.511605,1.356634,1.570644,0.000000,0.000000,-0.091865,-0.170312,0.479666,1.342278,0.190419,0.000000,0.000000
-0.029049,-0.150220,0.897111,-0.032729,-0.002772,-0.736043,-0.676137,0.011839,0.004096,-0.056748,0.159990,-0.113064,0.024076,0.000900,-0.082540,0.022385,0.169234,-0.128385,-0.037845,0.021287,-0.001202,-0.105321,0.228235,-0.510899,1.356357,1.570644,0.000000,0.000000,-0.091734,-0.170050,0.479320,1.342512,0.190823,0.000000,0.000000
-0.028969,-0.149889,0.897074,-0.032748,-0.002809,-0.736079,-0.676098,0.011962,0.004029,-0.056683,0.161391,-0.113167,0.024064,0.000836,-0.082329,0.023075,0.169475,-0.128449,-0.037909,0.021295,-0.001219,-0.104630,0.228187,-0.509376,1.355748,1.570643,0.000000,0.000000,-0.091445,-0.169590,0.478618,1.343003,0.191770,0.000000,0.000000
-0.028876,-0.149616,0.897046,-0.032684,-0.002855,-0.736193,-0.675976,0.012023,0.004004,-0.056638,0.162060,-0.113254,0.024058,0.000797,-0.082215,0.023421,0.169614,-0.128501,-0.037938,0.021306,-0.001225,-0.104292,0.228165,-0.508575,1.355420,1.570642,0.000000,0.000000,-0.091285,-0.169380,0.478276,1.343251,0.192285,0.000000,0.000000
-0.028749,-0.149423,0.897050,-0.032449,-0.002918,-0.736452,-0.675704,0.012081,0.004010,-0.056589,0.162658,-0.113370,0.024060,0.000749,-0.082068,0.023776,0.169715,-0.128546,-0.037960,0.021336,-0.001236,-0.103989,0.228124,-0.507727,1.355060,1.570642,0.000000,0.000000,-0.091095,-0.169170,0.477959,1.343491,0.192806,0.000000,0.000000
-0.028681,-0.149201,0.897008,-0.032261,-0.003022,-0.736544,-0.675613,0.012142,0.004023,-0.056538,0.163206,-0.113540,0.024063,0.000695,-0.081908,0.024164,0.169777,-0.128607,-0.037984,0.021376,-0.001246,-0.103681,0.228053,-0.506829,1.354661,1.570641,0.000000,0.000000,-0.090898,-0.168953,0.477702,1.343734,0.193336,0.000000,0.000000
-0.028635,-0.148969,0.896914,-0.032095,-0.003139,-0.736543,-0.675621,0.012205,0.004034,-0.056483,0.163723,-0.113778,0.024063,0.000633,-0.081742,0.024597,0.169808,-0.128698,-0.038013,0.021417,-0.001259,-0.103343,0.227957,-0.505878,1.354218,1.570639,0.000000,0.000000,-0.090707,-0.168721,0.477521,1.343990,0.193876,0.000000,0.000000
-0.028485,-0.148748,0.896802,-0.031765,-0.003154,-0.736494,-0.675690,0.012275,0.004088,-0.056426,0.164184,-0.114116,0.024073,0.000551,-0.081532,0.025084,0.169813,-0.128841,-0.038037,0.021463,-0.001274,-0.102957,0.227835,-0.504966,1.353665,1.570639,0.000000,0.000000,-0.090505,-0.168474,0.477475,1.344184,0.194396,0.000000,0.000000
-0.028338,-0.148548,0.896662,-0.031462,-0.003163,-0.736415,-0.675790,0.012415,0.004249,-0.056288,0.164990,-0.114922,0.024103,0.000363,-0.081051,0.026106,0.169785,-0.129196,-0.038076,0.021559,-0.001312,-0.102140,0.227574,-0.503293,1.352445,1.570640,0.000000,0.000000,-0.090094,-0.167982,0.477623,1.344411,0.195328,0.000000,0.000000
-0.028243,-0.148370,0.896523,-0.031251,-0.003191,-0.736300,-0.675926,0.012482,0.004339,-0.056193,0.165367,-0.115380,0.024115,0.000262,-0.080807,0.026638,0.169757,-0.129396,-0.038097,0.021598,-0.001312,-0.101707,0.227441,-0.502513,1.351812,1.570640,0.000000,0.000000,-0.089880,-0.167743,0.477814,1.344421,0.195737,0.000000,0.000000
-0.028178,-0.148243,0.896369,-0.031112,-0.003195,-0.736176,-0.676067,0.012551,0.004434,-0.056090,0.165749,-0.115902,0.024126,0.000149,-0.080555,0.027214,0.169735,-0.129625,-0.038122,0.021643,-0.001325,-0.101279,0.227277,-0.501752,1.351217,1.570640,0.000000,0.000000,-0.089670,-0.167499,0.478079,1.344382,0.196098,0.000000,0.000000
-0.028119,-0.148169,0.896222,-0.030999,-0.003189,-0.736046,-0.676214,0.012623,0.004531,-0.055992,0.166127,-0.116474,0.024139,0.000021,-0.080303,0.027828,0.169725,-0.129876,-0.038154,0.021702,-0.001336,-0.100889,0.227071,-0.501020,1.350704,1.570640,0.000000,0.000000,-0.089480,-0.167246,0.478391,1.344325,0.196407,0.000000,0.000000
-0.028021,-0.148171,0.896129,-0.030791,-0.003195,-0.736020,-0.676251,0.012687,0.004648,-0.055901,0.166464,-0.117053,0.024156,-0.000112,-0.080029,0.028453,0.169663,-0.130105,-0.038181,0.021777,-0.001350,-0.100590,0.226817,-0.500317,1.350355,1.570640,0.000000,0.000000,-0.089339,-0.166994,0.478739,1.344273,0.196623,0.000000,0.000000
-0.027947,-0.148179,0.896076,-0.030633,-0.003153,-0.735967,-0.676316,0.012802,0.004897,-0.055756,0.167061,-0.118144,0.024200,-0.000371,-0.079486,0.029677,0.169492,-0.130480,-0.038230,0.021936,-0.001370,-0.100200,0.226236,-0.499002,1.350030,1.570638,0.000000,0.000000,-0.089173,-0.166527,0.479436,1.344213,0.196841,0.000000,0.000000
-0.027905,-0.148200,0.896061,-0.030579,-0.003024,-0.735843,-0.676455,0.012861,0.005025,-0.055711,0.167352,-0.118643,0.024227,-0.000498,-0.079219,0.030316,0.169432,-0.130618,-0.038262,0.022015,-0.001380,-0.100112,0.225909,-0.498355,1.350080,1.570637,0.000000,0.000000,-0.089161,-0.166321,0.479765,1.344225,0.196823,0.000000,0.000000
-0.027787,-0.148315,0.895874,-0.030401,-0.003031,-0.736035,-0.676254,0.012949,0.005311,-0.055910,0.167712,-0.119537,0.024333,-0.000757,-0.078677,0.031617,0.169208,-0.130817,-0.038326,0.022219,-0.001394,-0.100217,0.225124,-0.497152,1.350556,1.570634,0.000000,0.000000,-0.089259,-0.165867,0.480443,1.344376,0.196345,0.000000,0.000000
-0.027641,-0.148456,0.895657,-0.030139,-0.003109,-0.736409,-0.675858,0.013024,0.005763,-0.056732,0.167749,-0.120603,0.024580,-0.001095,-0.077910,0.033382,0.168619,-0.130979,-0.038403,0.022560,-0.001422,-0.100811,0.223857,-0.495674,1.351697,1.570628,0.000000,0.000000,-0.089547,-0.165130,0.481428,1.344773,0.194960,0.000000,0.000000
-0.027580,-0.148448,0.895741,-0.029669,-0.003194,-0.735981,-0.676345,0.013065,0.005924,-0.056911,0.167626,-0.120906,0.024650,-0.001220,-0.077644,0.033816,0.168325,-0.130982,-0.038400,0.022660,-0.001434,-0.101029,0.223389,-0.495423,1.352284,1.570626,0.000000,0.000000,-0.089690,-0.164959,0.481864,1.344803,0.194641,0.000000,0.000000
-0.027526,-0.148454,0.895801,-0.029232,-0.003260,-0.735609,-0.676768,0.013165,0.006277,-0.057134,0.167192,-0.121453,0.024772,-0.001480,-0.077072,0.034541,0.167561,-0.130917,-0.038360,0.022874,-0.001465,-0.101497,0.222382,-0.495147,1.353689,1.570622,0.000000,0.000000,-0.090056,-0.164713,0.482894,1.344749,0.194116,0.000000,0.000000
-0.027469,-0.148509,0.895727,-0.028889,-0.003319,-0.735444,-0.676961,0.013246,0.006630,-0.057282,0.166663,-0.121912,0.024882,-0.001721,-0.076512,0.035198,0.166673,-0.130803,-0.038312,0.023102,-0.001489,-0.101939,0.221417,-0.494834,1.354945,1.570619,0.000000,0.000000,-0.090491,-0.164530,0.483886,1.344705,0.193448,0.000000,0.000000
-0.027402,-0.148539,0.895723,-0.028564,-0.003349,-0.735384,-0.677040,0.013277,0.006820,-0.057300,0.166370,-0.122115,0.024931,-0.001828,-0.076223,0.035462,0.166157,-0.130709,-0.038276,0.023229,-0.001502,-0.102170,0.220944,-0.494596,1.355533,1.570616,0.000000,0.000000,-0.090715,-0.164461,0.484341,1.344675,0.193074,0.000000,0.000000
-0.027335,-0.148541,0.895742,-0.028241,-0.003360,-0.735379,-0.677058,0.013323,0.007229,-0.057216,0.165755,-0.122466,0.025016,-0.002009,-0.075628,0.035840,0.165010,-0.130448,-0.038174,0.023505,-0.001523,-0.102665,0.220041,-0.493940,1.356642,1.570610,0.000000,0.000000,-0.091136,-0.164361,0.485131,1.344593,0.192310,0.000000,0.000000
-0.027297,-0.148567,0.895791,-0.027949,-0.003363,-0.735265,-0.677195,0.013375,0.007626,-0.056941,0.165115,-0.122704,0.025066,-0.002165,-0.075064,0.036102,0.163844,-0.130054,-0.038062,0.023772,-0.001537,-0.103118,0.219207,-0.493298,1.357641,1.570604,0.000000,0.000000,-0.091654,-0.164271,0.485962,1.344769,0.191533,0.000000,0.000000
-0.027258,-0.148575,0.895877,-0.027703,-0.003366,-0.735163,-0.677315,0.013405,0.007824,-0.056719,0.164774,-0.122770,0.025078,-0.002239,-0.074787,0.036197,0.163248,-0.129793,-0.038001,0.023907,-0.001546,-0.103344,0.218797,-0.492954,1.358144,1.570601,0.000000,0.000000,-0.091971,-0.164221,0.486410,1.344991,0.191151,0.000000,0.000000
-0.027216,-0.148559,0.895924,-0.027547,-0.003371,-0.735116,-0.677374,0.013477,0.008201,-0.056187,0.164103,-0.122790,0.025082,-0.002383,-0.074265,0.036321,0.162112,-0.129174,-0.037879,0.024170,-0.001562,-0.103807,0.217967,-0.492202,1.359256,1.570594,0.000000,0.000000,-0.092660,-0.164112,0.487295,1.345675,0.190511,0.000000,0.000000
-0.027170,-0.148533,0.896032,-0.027391,-0.003378,-0.734942,-0.677568,0.013519,0.008377,-0.055893,0.163771,-0.122720,0.025076,-0.002459,-0.074016,0.036389,0.161575,-0.128809,-0.037822,0.024297,-0.001573,-0.103999,0.217536,-0.491821,1.359815,1.570591,0.000000,0.000000,-0.093038,-0.164043,0.487746,1.346132,0.190233,0.000000,0.000000
-0.027126,-0.148498,0.896175,-0.027245,-0.003390,-0.734698,-0.677839,0.013568,0.008550,-0.055566,0.163430,-0.122561,0.025064,-0.002548,-0.073768,0.036483,0.161051,-0.128378,-0.037770,0.024428,-0.001578,-0.104142,0.217070,-0.491426,1.360377,1.570587,0.000000,0.000000,-0.093466,-0.163952,0.488229,1.346713,0.189971,0.000000,0.000000
-0.027105,-0.148446,0.896315,-0.027223,-0.003480,-0.734599,-0.677947,0.013622,0.008695,-0.055242,0.163087,-0.122289,0.025046,-0.002645,-0.073546,0.036620,0.160564,-0.127885,-0.037734,0.024562,-0.001586,-0.104244,0.216609,-0.490984,1.360885,1.570583,0.000000,0.000000,-0.093919,-0.163837,0.488709,1.347412,0.189742,0.000000,0.000000
-0.027061,-0.148401,0.896432,-0.027186,-0.003599,-0.734497,-0.678057,0.013679,0.008817,-0.054935,0.162729,-0.121917,0.025025,-0.002753,-0.073352,0.036800,0.160107,-0.127349,-0.037711,0.024691,-0.001592,-0.104300,0.216156,-0.490502,1.361331,1.570579,0.000000,0.000000,-0.094392,-0.163712,0.489182,1.348192,0.189548,0.000000,0.000000
-0.026967,-0.148362,0.896502,-0.027088,-0.003750,-0.734372,-0.678196,0.013737,0.008921,-0.054668,0.162335,-0.121470,0.025006,-0.002876,-0.073167,0.037027,0.159658,-0.126793,-0.037699,0.024809,-0.001601,-0.104305,0.215726,-0.489989,1.361691,1.570576,0.000000,0.000000,-0.094879,-0.163580,0.489640,1.348990,0.189390,0.000000,0.000000
-0.026799,-0.148278,0.896585,-0.026922,-0.003859,-0.734304,-0.678276,0.013786,0.009032,-0.054406,0.161944,-0.120987,0.024989,-0.003002,-0.072969,0.037266,0.159201,-0.126231,-0.037685,0.024932,-0.001608,-0.104273,0.215340,-0.489434,1.361961,1.570572,0.000000,0.000000,-0.095334,-0.163454,0.490055,1.349728,0.189232,0.000000,0.000000
-0.026596,-0.148153,0.896664,-0.026727,-0.003948,-0.734267,-0.678323,0.013816,0.009159,-0.054132,0.161587,-0.120496,0.024976,-0.003127,-0.072746,0.037504,0.158730,-0.125673,-0.037666,0.025067,-0.001608,-0.104214,0.215003,-0.488836,1.362142,1.570568,0.000000,0.000000,-0.095730,-0.163344,0.490413,1.350367,0.189051,0.000000,0.000000
-0.026428,-0.148002,0.896709,-0.026702,-0.004012,-0.734185,-0.678412,0.013837,0.009280,-0.053789,0.161315,-0.120019,0.024952,-0.003239,-0.072525,0.037725,0.158284,-0.125141,-0.037645,0.025171,-0.001615,-0.104099,0.214703,-0.488312,1.362312,1.570564,0.000000,0.000000,-0.096063,-0.163224,0.490673,1.350932,0.188947,0.000000,0.000000
-0.026222,-0.147839,0.896721,-0.026632,-0.004070,-0.734037,-0.678575,0.013852,0.009405,-0.053403,0.161118,-0.119579,0.024920,-0.003345,-0.072294,0.037931,0.157857,-0.124646,-0.037620,0.025255,-0.001616,-0.103942,0.214436,-0.487873,1.362503,1.570561,0.000000,0.000000,-0.096345,-0.163098,0.490852,1.351424,0.188933,0.000000,0.000000
-0.025945,-0.147669,0.896709,-0.026465,-0.004120,-0.733759,-0.678882,0.013862,0.009550,-0.053014,0.160970,-0.119200,0.024894,-0.003454,-0.072037,0.038136,0.157438,-0.124202,-0.037587,0.025332,-0.001610,-0.103759,0.214213,-0.487538,1.362759,1.570559,0.000000,0.000000,-0.096594,-0.162968,0.490973,1.351838,0.189046,0.000000,0.000000
-0.025711,-0.147460,0.896664,-0.026385,-0.004209,-0.733623,-0.679032,0.013868,0.009697,-0.052654,0.160885,-0.118869,0.024872,-0.003562,-0.071775,0.038362,0.157056,-0.123819,-0.037557,0.025396,-0.001604,-0.103568,0.214017,-0.487251,1.363126,1.570555,0.000000,0.000000,-0.096773,-0.162834,0.490993,1.352148,0.189248,0.000000,0.000000
-0.025516,-0.147209,0.896615,-0.026374,-0.004328,-0.733570,-0.679088,0.013861,0.009831,-0.052340,0.160887,-0.118587,0.024856,-0.003667,-0.071527,0.038615,0.156731,-0.123502,-0.037534,0.025441,-0.001594,-0.103374,0.213829,-0.486990,1.363624,1.570553,0.000000,0.000000,-0.096864,-0.162702,0.490894,1.352341,0.189512,0.000000,0.000000
-0.025316,-0.146913,0.896586,-0.026529,-0.004394,-0.733477,-0.679182,0.013837,0.009939,-0.052092,0.161076,-0.118354,0.024843,-0.003754,-0.071302,0.038915,0.156496,-0.123256,-0.037525,0.025472,-0.001573,-0.103170,0.213681,-0.486797,1.364240,1.570549,0.000000,0.000000,-0.096883,-0.162548,0.490689,1.352514,0.189755,0.000000,0.000000
-0.025101,-0.146645,0.896553,-0.026653,-0.004473,-0.733366,-0.679296,0.013792,0.010026,-0.051906,0.161427,-0.118173,0.024836,-0.003832,-0.071097,0.039261,0.156342,-0.123079,-0.037528,0.025486,-0.001564,-0.102948,0.213565,-0.486683,1.364942,1.570546,0.000000,0.000000,-0.096852,-0.162369,0.490395,1.352665,0.189946,0.000000,0.000000
-0.024859,-0.146419,0.896491,-0.026706,-0.004579,-0.733209,-0.679463,0.013730,0.010101,-0.051778,0.161880,-0.118032,0.024835,-0.003916,-0.070899,0.039659,0.156254,-0.122975,-0.037543,0.025478,-0.001556,-0.102700,0.213485,-0.486674,1.365672,1.570544,0.000000,0.000000,-0.096793,-0.162163,0.490047,1.352779,0.190028,0.000000,0.000000
-0.024629,-0.146179,0.896396,-0.026744,-0.004724,-0.733023,-0.679661,0.013655,0.010163,-0.051750,0.162411,-0.117935,0.024847,-0.004014,-0.070712,0.040104,0.156232,-0.122950,-0.037568,0.025456,-0.001545,-0.102434,0.213444,-0.486758,1.366441,1.570542,0.000000,0.000000,-0.096696,-0.161919,0.489681,1.352805,0.189906,0.000000,0.000000
-0.024406,-0.145949,0.896290,-0.026774,-0.004897,-0.732832,-0.679865,0.013572,0.010210,-0.051836,0.162989,-0.117872,0.024876,-0.004130,-0.070538,0.040596,0.156275,-0.123002,-0.037602,0.025425,-0.001531,-0.102159,0.213441,-0.486924,1.367252,1.570540,0.000000,0.000000,-0.096561,-0.161637,0.489310,1.352723,0.189538,0.000000,0.000000
-0.024176,-0.145788,0.896206,-0.026738,-0.005104,-0.732865,-0.679829,0.013491,0.010250,-0.051955,0.163526,-0.117810,0.024907,-0.004265,-0.070373,0.041106,0.156355,-0.123103,-0.037641,0.025389,-0.001508,-0.101878,0.213473,-0.487122,1.367924,1.570537,0.000000,0.000000,-0.096411,-0.161365,0.488993,1.352559,0.189010,0.000000,0.000000
-0.023958,-0.145584,0.896159,-0.026809,-0.005223,-0.732775,-0.679923,0.013414,0.010274,-0.052098,0.164086,-0.117753,0.024940,-0.004412,-0.070215,0.041638,0.156505,-0.123252,-0.037685,0.025342,-0.001496,-0.101566,0.213551,-0.487324,1.368477,1.570535,0.000000,0.000000,-0.096271,-0.161114,0.488713,1.352381,0.188433,0.000000,0.000000
-0.023757,-0.145345,0.896136,-0.027071,-0.005175,-0.732432,-0.680282,0.013343,0.010273,-0.052258,0.164798,-0.117725,0.024968,-0.004560,-0.070066,0.042210,0.156784,-0.123450,-0.037737,0.025287,-0.001481,-0.101201,0.213674,-0.487497,1.368961,1.570532,0.000000,0.000000,-0.096194,-0.160903,0.488439,1.352310,0.187996,0.000000,0.000000
-0.023516,-0.145182,0.896091,-0.027109,-0.005134,-0.732113,-0.680625,0.013268,0.010280,-0.052397,0.165585,-0.117757,0.024996,-0.004716,-0.069896,0.042812,0.157111,-0.123686,-0.037790,0.025241,-0.001482,-0.100802,0.213844,-0.487635,1.369323,1.570530,0.000000,0.000000,-0.096183,-0.160714,0.488227,1.352334,0.187658,0.000000,0.000000
-0.023262,-0.145042,0.896032,-0.027024,-0.005094,-0.731803,-0.680962,0.013195,0.010310,-0.052499,0.166394,-0.117851,0.025025,-0.004879,-0.069690,0.043436,0.157436,-0.123950,-0.037838,0.025210,-0.001470,-0.100377,0.214058,-0.487739,1.369548,1.570528,0.000000,0.000000,-0.096232,-0.160531,0.488099,1.352436,0.187388,0.000000,0.000000
-0.023094,-0.144847,0.895981,-0.027073,-0.005101,-0.731346,-0.681450,0.013135,0.010326,-0.052616,0.167239,-0.117982,0.025052,-0.005046,-0.069487,0.044062,0.157794,-0.124256,-0.037886,0.025197,-0.001470,-0.099924,0.214260,-0.487869,1.369752,1.570527,0.000000,0.000000,-0.096321,-0.160355,0.488050,1.352606,0.187304,0.000000,0.000000
-0.022961,-0.144668,0.895962,-0.027118,-0.005122,-0.730885,-0.681942,0.013084,0.010326,-0.052729,0.168118,-0.118139,0.025075,-0.005216,-0.069293,0.044688,0.158162,-0.124590,-0.037934,0.025193,-0.001470,-0.099447,0.214437,-0.488003,1.369945,1.570526,0.000000,0.000000,-0.096449,-0.160187,0.488058,1.352826,0.187361,0.000000,0.000000
-0.022849,-0.144527,0.895976,-0.027123,-0.005148,-0.730408,-0.682452,0.013036,0.010311,-0.052796,0.169021,-0.118302,0.025086,-0.005379,-0.069103,0.045315,0.158494,-0.124920,-0.037985,0.025185,-0.001468,-0.098935,0.214562,-0.488097,1.370119,1.570524,0.000000,0.000000,-0.096621,-0.160013,0.488083,1.353071,0.187474,0.000000,0.000000
-0.022725,-0.144362,0.895998,-0.027089,-0.005150,-0.729919,-0.682977,0.012948,0.010281,-0.052875,0.170795,-0.118630,0.025102,-0.005667,-0.068729,0.046485,0.159035,-0.125525,-0.038074,0.025187,-0.001475,-0.097924,0.214700,-0.488258,1.370508,1.570522,0.000000,0.000000,-0.096980,-0.159647,0.488151,1.353541,0.187796,0.000000,0.000000
-0.022602,-0.144179,0.896034,-0.027042,-0.005138,-0.729427,-0.683505,0.012909,0.010268,-0.052898,0.171677,-0.118799,0.025108,-0.005795,-0.068539,0.047028,0.159254,-0.125805,-0.038112,0.025204,-0.001479,-0.097431,0.214707,-0.488348,1.370751,1.570521,0.000000,0.000000,-0.097152,-0.159449,0.488191,1.353759,0.188008,0.000000,0.000000
-0.022546,-0.144026,0.896129,-0.027179,-0.005046,-0.729028,-0.683926,0.012860,0.010206,-0.052944,0.173488,-0.119034,0.025112,-0.006013,-0.068193,0.048026,0.159723,-0.126241,-0.038184,0.025252,-0.001481,-0.096479,0.214586,-0.488501,1.371308,1.570517,0.000000,0.000000,-0.097469,-0.159041,0.488124,1.354166,0.188629,0.000000,0.000000
-0.022557,-0.143867,0.896236,-0.027379,-0.005001,-0.728573,-0.684403,0.012841,0.010141,-0.052969,0.174444,-0.119114,0.025105,-0.006104,-0.068052,0.048491,0.159971,-0.126410,-0.038224,0.025277,-0.001484,-0.096010,0.214454,-0.488598,1.371635,1.570516,0.000000,0.000000,-0.097613,-0.158843,0.488023,1.354343,0.189019,0.000000,0.000000
-0.022636,-0.143702,0.896303,-0.027651,-0.005036,-0.728001,-0.684999,0.012798,0.009804,-0.053043,0.177318,-0.119277,0.025050,-0.006321,-0.067811,0.049712,0.160711,-0.126828,-0.038366,0.025301,-0.001500,-0.094663,0.213896,-0.489059,1.372766,1.570510,0.000000,0.000000,-0.097998,-0.158341,0.487610,1.354713,0.190236,0.000000,0.000000
-0.022568,-0.143477,0.896151,-0.027642,-0.005200,-0.727295,-0.685749,0.012888,0.009592,-0.053144,0.178633,-0.119412,0.025024,-0.006601,-0.067701,0.050505,0.161424,-0.127259,-0.038466,0.025046,-0.001511,-0.093626,0.213519,-0.489597,1.373484,1.570507,0.000000,0.000000,-0.098178,-0.158179,0.487510,1.354389,0.191315,0.000000,0.000000
-0.022348,-0.143198,0.895772,-0.027446,-0.005411,-0.726500,-0.686596,0.013512,0.009349,-0.053437,0.179365,-0.119542,0.025032,-0.007601,-0.067475,0.052094,0.163612,-0.128697,-0.038654,0.023935,-0.001493,-0.091271,0.212920,-0.491002,1.374679,1.570500,0.000000,0.000000,-0.098371,-0.158191,0.487833,1.352531,0.193994,0.000000,0.000000
